9b a1 00 00 6e 2c 00 00 46 03 01 00 fb 05 00 00 

00 00 
01 03 01 00 
01 03 02 00 
03 02 00 00 03 00 
01 03 04 00 
01 03 05 00 
03 02 01 00 06 00 
03 02 02 00 07 00 01 03 08 00 03 02 03 00 09 00 03 02 04 00 0a 00 03 02 05 00 0b 00 03 02 06 00 0c 00 01 03 0d 00 03 02 07 00 0e 00 03 02 08 00 0f 00 03 02 09 00 10 00 03 02 0a 00 11 00 03 02 0b 00 12 00 01 03 13 00 03 02 01 00 14 00 01 03 15 00 03 02 01 00 16 00 01 03 17 00 03 02 0c 00 18 00 03 02 0d 00 19 00 03 02 0c 00 1a 00 03 02 0e 00 1b 00 03 02 0f 00 1c 00 03 02 10 00 1d 00 03 02 11 00 1e 00 02 07 00 1f 00 03 2c 12 00 20 00 03 02 13 00 21 00 03 02 14 00 22 00 03 02 14 00 23 00 03 02 0c 00 24 00 03 02 14 00 25 00 03 02 0c 00 26 00 03 02 0c 00 27 00 03 02 15 00 28 00 03 02 0c 00 29 00 01 03 2a 00 01 03 2b 00 03 2c 16 00 2c 00 03 60 ff ff 2d 00 03 19 38 00 2e 00 04 10 02 17 00 2f 00 05 12 01 01 18 00 30 00 03 02 19 00 31 00 03 0d 1a 00 32 00 03 14 1b 00 33 00 03 01 1c 00 34 00 01 00 34 00 01 04 35 00 03 0d 1a 00 36 00 03 14 1d 00 37 00 03 01 1e 00 38 00 01 00 38 00 03 01 1f 00 39 00 01 00 39 00 03 01 20 00 3a 00 01 00 3a 00 01 04 3b 00 05 12 01 01 21 00 3c 00 03 0d 1a 00 3d 00 03 14 22 00 3e 00 03 01 23 00 3f 00 01 00 3f 00 03 01 24 00 40 00 01 00 40 00 03 01 25 00 41 00 01 00 41 00 01 04 42 00 03 0d 1a 00 43 00 03 14 26 00 44 00 03 01 27 00 45 00 01 00 45 00 03 01 28 00 46 00 01 00 46 00 03 01 29 00 47 00 01 00 47 00 01 04 48 00 03 0d 1a 00 49 00 03 14 2a 00 4a 00 03 01 2b 00 4b 00 01 00 4b 00 03 01 2c 00 4c 00 01 00 4c 00 01 04 4d 00 09 63 00 00 00 00 00 00 00 00 4e 00 04 10 03 2d 00 4f 00 01 03 50 00 01 03 51 00 03 19 39 00 52 00 04 10 02 17 00 53 00 03 02 19 00 54 00 03 02 2e 00 55 00 03 01 2f 00 56 00 01 00 56 00 03 01 30 00 57 00 01 00 57 00 03 01 31 00 58 00 01 00 58 00 01 04 59 00 03 02 2e 00 5a 00 03 01 32 00 5b 00 01 00 5b 00 03 01 33 00 5c 00 01 00 5c 00 03 01 34 00 5d 00 01 00 5d 00 01 04 5e 00 03 02 2e 00 5f 00 03 01 35 00 60 00 01 00 60 00 03 01 36 00 61 00 01 00 61 00 03 01 37 00 62 00 01 00 62 00 01 04 63 00 03 02 2e 00 64 00 03 01 38 00 65 00 01 00 65 00 03 01 39 00 66 00 01 00 66 00 03 01 3a 00 67 00 01 00 67 00 01 04 68 00 03 02 2e 00 69 00 03 01 3b 00 6a 00 01 00 6a 00 03 01 3c 00 6b 00 01 00 6b 00 01 04 6c 00 03 02 2e 00 6d 00 03 01 3d 00 6e 00 01 00 6e 00 03 01 3e 00 6f 00 01 00 6f 00 01 04 70 00 03 02 2e 00 71 00 03 01 3f 00 72 00 01 00 72 00 03 01 40 00 73 00 01 00 73 00 03 01 41 00 74 00 01 00 74 00 01 04 75 00 03 02 2e 00 76 00 03 01 42 00 77 00 01 00 77 00 03 01 43 00 78 00 01 00 78 00 03 01 44 00 79 00 01 00 79 00 01 04 7a 00 03 02 2e 00 7b 00 03 01 45 00 7c 00 01 00 7c 00 03 01 46 00 7d 00 01 00 7d 00 03 01 47 00 7e 00 01 00 7e 00 01 04 7f 00 03 02 2e 00 80 00 03 01 48 00 81 00 01 00 81 00 03 01 49 00 82 00 01 00 82 00 03 01 4a 00 83 00 01 00 83 00 01 04 84 00 03 02 4b 00 85 00 09 63 8a 02 00 00 a0 02 f0 01 86 00 04 10 02 4c 00 87 00 03 0d 1a 00 88 00 03 14 4d 00 89 00 03 01 4e 00 8a 00 01 00 8a 00 03 01 4f 00 8b 00 01 00 8b 00 01 04 8c 00 03 02 50 00 8d 00 03 02 2e 00 8e 00 03 01 51 00 8f 00 01 00 8f 00 03 01 52 00 90 00 01 00 90 00 03 01 53 00 91 00 01 00 91 00 01 04 92 00 03 02 2e 00 93 00 03 01 54 00 94 00 01 00 94 00 03 01 55 00 95 00 01 00 95 00 03 01 56 00 96 00 01 00 96 00 01 04 97 00 03 02 2e 00 98 00 03 01 57 00 99 00 01 00 99 00 03 01 58 00 9a 00 01 00 9a 00 01 04 9b 00 04 10 02 59 00 9c 00 03 0d 1a 00 9d 00 03 14 5a 00 9e 00 03 01 5b 00 9f 00 01 00 9f 00 03 01 5c 00 a0 00 01 00 a0 00 03 01 5d 00 a1 00 01 00 a1 00 01 04 a2 00 03 02 2e 00 a3 00 03 01 5e 00 a4 00 01 00 a4 00 03 01 5f 00 a5 00 01 00 a5 00 03 01 60 00 a6 00 01 00 a6 00 01 04 a7 00 03 02 2e 00 a8 00 03 01 61 00 a9 00 01 00 a9 00 03 01 62 00 aa 00 01 00 aa 00 01 04 ab 00 03 02 2e 00 ac 00 03 01 63 00 ad 00 01 00 ad 00 01 04 ae 00 03 15 64 00 af 00 03 01 65 00 b0 00 01 00 b0 00 01 04 b1 00 02 17 00 b2 00 09 63 00 00 00 00 00 00 00 00 b3 00 04 10 02 17 00 b4 00 05 12 01 01 18 00 b5 00 01 03 b6 00 03 0d 1a 00 b7 00 03 14 66 00 b8 00 03 01 67 00 b9 00 01 00 b9 00 03 01 68 00 ba 00 01 00 ba 00 01 04 bb 00 03 02 2e 00 bc 00 03 01 69 00 bd 00 01 00 bd 00 03 01 6a 00 be 00 01 00 be 00 01 04 bf 00 05 12 01 01 21 00 c0 00 03 02 2e 00 c1 00 03 01 6b 00 c2 00 01 00 c2 00 03 01 6c 00 c3 00 01 00 c3 00 01 04 c4 00 03 02 2e 00 c5 00 03 01 6d 00 c6 00 01 00 c6 00 03 01 6e 00 c7 00 01 00 c7 00 01 04 c8 00 03 02 2e 00 c9 00 03 01 6f 00 ca 00 01 00 ca 00 03 01 70 00 cb 00 01 00 cb 00 01 04 cc 00 05 12 01 01 71 00 cd 00 03 0d 1a 00 ce 00 03 14 72 00 cf 00 03 01 73 00 d0 00 01 00 d0 00 03 01 74 00 d1 00 01 00 d1 00 03 01 75 00 d2 00 01 00 d2 00 01 04 d3 00 03 02 2e 00 d4 00 03 01 76 00 d5 00 01 00 d5 00 03 01 77 00 d6 00 01 00 d6 00 01 04 d7 00 03 02 2e 00 d8 00 03 01 78 00 d9 00 01 00 d9 00 03 01 79 00 da 00 01 00 da 00 01 04 db 00 03 02 2e 00 dc 00 03 01 7a 00 dd 00 01 00 dd 00 03 01 7b 00 de 00 01 00 de 00 01 04 df 00 01 03 e0 00 03 02 7c 00 e1 00 05 12 01 01 ff ff e2 00 03 02 7d 00 e3 00 03 02 7e 00 e4 00 09 63 00 00 00 00 00 00 00 00 e5 00 04 10 03 2d 00 e6 00 01 03 e7 00 01 03 e8 00 04 10 02 7f 00 e9 00 05 12 01 01 21 00 ea 00 03 02 80 00 eb 00 03 02 19 00 ec 00 03 0d 1a 00 ed 00 03 14 81 00 ee 00 03 01 82 00 ef 00 01 00 ef 00 01 04 f0 00 05 12 01 01 71 00 f1 00 03 0d 1a 00 f2 00 03 14 83 00 f3 00 03 01 84 00 f4 00 01 00 f4 00 03 01 85 00 f5 00 01 00 f5 00 03 01 86 00 f6 00 01 00 f6 00 01 04 f7 00 05 12 01 01 21 00 f8 00 03 02 2e 00 f9 00 03 01 87 00 fa 00 01 00 fa 00 03 01 88 00 fb 00 01 00 fb 00 01 04 fc 00 03 02 2e 00 fd 00 03 01 89 00 fe 00 01 00 fe 00 03 01 8a 00 ff 00 01 00 ff 00 01 04 00 01 03 02 2e 00 01 01 03 01 8b 00 02 01 01 00 02 01 01 04 03 01 03 02 2e 00 04 01 03 01 8c 00 05 01 01 00 05 01 03 01 8d 00 06 01 01 00 06 01 03 01 8e 00 07 01 01 00 07 01 01 04 08 01 03 02 2e 00 09 01 03 01 8f 00 0a 01 01 00 0a 01 03 01 90 00 0b 01 01 00 0b 01 03 01 91 00 0c 01 01 00 0c 01 01 04 0d 01 03 02 2e 00 0e 01 03 01 92 00 0f 01 01 00 0f 01 03 01 93 00 10 01 01 00 10 01 03 01 94 00 11 01 01 00 11 01 01 04 12 01 03 02 2e 00 13 01 03 01 95 00 14 01 01 00 14 01 01 04 15 01 03 02 2e 00 16 01 03 01 96 00 17 01 01 00 17 01 03 01 97 00 18 01 01 00 18 01 01 04 19 01 03 02 2e 00 1a 01 03 01 98 00 1b 01 01 00 1b 01 03 01 99 00 1c 01 01 00 1c 01 01 04 1d 01 03 02 2e 00 1e 01 03 01 9a 00 1f 01 01 00 1f 01 03 01 9b 00 20 01 01 00 20 01 01 04 21 01 03 02 2e 00 22 01 03 01 9c 00 23 01 01 00 23 01 03 01 9d 00 24 01 01 00 24 01 01 04 25 01 03 02 2e 00 26 01 03 01 9e 00 27 01 01 00 27 01 03 01 9f 00 28 01 01 00 28 01 03 01 a0 00 29 01 01 00 29 01 01 04 2a 01 03 02 2e 00 2b 01 03 01 a1 00 2c 01 01 00 2c 01 03 01 a2 00 2d 01 01 00 2d 01 01 04 2e 01 03 02 2e 00 2f 01 03 01 a3 00 30 01 01 00 30 01 03 01 a4 00 31 01 01 00 31 01 03 01 a5 00 32 01 01 00 32 01 01 04 33 01 03 02 2e 00 34 01 03 01 a6 00 35 01 01 00 35 01 03 01 a7 00 36 01 01 00 36 01 03 01 a8 00 37 01 01 00 37 01 01 04 38 01 03 0d 1a 00 39 01 03 14 a9 00 3a 01 03 01 aa 00 3b 01 01 00 3b 01 01 04 3c 01 05 12 01 01 ab 00 3d 01 03 0d 1a 00 3e 01 03 14 ac 00 3f 01 03 01 ad 00 40 01 01 00 40 01 01 04 41 01 03 02 2e 00 42 01 03 01 ae 00 43 01 01 00 43 01 03 01 af 00 44 01 01 00 44 01 01 04 45 01 03 02 2e 00 46 01 03 01 b0 00 47 01 01 00 47 01 03 01 b1 00 48 01 01 00 48 01 03 01 b2 00 49 01 01 00 49 01 01 04 4a 01 05 12 01 01 ff ff 4b 01 01 03 4c 01 01 03 4d 01 01 03 4e 01 03 02 7d 00 4f 01 03 02 7e 00 50 01 09 63 00 00 00 00 00 00 00 00 51 01 04 10 03 2d 00 52 01 01 03 53 01 01 03 54 01 03 19 3d 00 55 01 04 10 01 b3 00 56 01 03 02 80 00 57 01 03 02 19 00 58 01 03 0d b4 00 59 01 03 01 b5 00 5a 01 01 00 5a 01 01 04 5b 01 05 12 01 01 b6 00 5c 01 03 0d b7 00 5d 01 03 01 b8 00 5e 01 01 00 5e 01 01 04 5f 01 05 12 01 01 ff ff 60 01 05 12 01 01 b9 00 61 01 03 0d 1a 00 62 01 03 14 ba 00 63 01 03 01 bb 00 64 01 01 00 64 01 03 01 bc 00 65 01 01 00 65 01 01 04 66 01 03 0d b7 00 67 01 03 01 bd 00 68 01 01 00 68 01 01 04 69 01 05 12 01 01 be 00 6a 01 03 02 2e 00 6b 01 03 01 bf 00 6c 01 01 00 6c 01 01 04 6d 01 03 02 2e 00 6e 01 03 01 c0 00 6f 01 01 00 6f 01 03 01 c1 00 70 01 01 00 70 01 01 04 71 01 03 02 2e 00 72 01 03 01 c2 00 73 01 01 00 73 01 03 01 c3 00 74 01 01 00 74 01 01 04 75 01 03 02 2e 00 76 01 03 01 c4 00 77 01 01 00 77 01 03 01 c5 00 78 01 01 00 78 01 01 04 79 01 05 12 01 01 b9 00 7a 01 03 0d 1a 00 7b 01 03 14 c6 00 7c 01 03 01 c7 00 7d 01 01 00 7d 01 01 04 7e 01 03 0d b4 00 7f 01 03 01 c8 00 80 01 01 00 80 01 01 04 81 01 05 12 01 01 be 00 82 01 03 02 2e 00 83 01 03 01 c9 00 84 01 01 00 84 01 03 01 ca 00 85 01 01 00 85 01 01 04 86 01 03 02 2e 00 87 01 03 01 cb 00 88 01 01 00 88 01 03 01 cc 00 89 01 01 00 89 01 01 04 8a 01 05 12 01 01 b9 00 8b 01 03 0d 1a 00 8c 01 03 14 cd 00 8d 01 03 01 ce 00 8e 01 01 00 8e 01 03 01 cf 00 8f 01 01 00 8f 01 01 04 90 01 01 03 91 01 01 03 92 01 01 03 93 01 03 02 d0 00 94 01 01 03 95 01 03 19 40 00 96 01 03 02 19 00 97 01 03 0d 1a 00 98 01 03 14 d1 00 99 01 03 01 d2 00 9a 01 01 00 9a 01 01 04 9b 01 03 02 d3 00 9c 01 03 60 d4 00 9d 01 05 12 01 01 ff ff 9e 01 03 15 d5 00 9f 01 04 38 03 d6 00 a0 01 09 63 f4 01 00 00 20 03 58 02 a1 01 04 10 02 d7 00 a2 01 04 38 01 d8 00 a3 01 01 03 a4 01 03 02 2e 00 a5 01 03 01 d9 00 a6 01 01 00 a6 01 03 01 da 00 a7 01 01 00 a7 01 01 04 a8 01 04 10 02 db 00 a9 01 03 02 2e 00 aa 01 03 01 dc 00 ab 01 01 00 ab 01 03 01 dd 00 ac 01 01 00 ac 01 01 04 ad 01 04 10 02 de 00 ae 01 03 02 2e 00 af 01 03 01 df 00 b0 01 01 00 b0 01 03 01 e0 00 b1 01 01 00 b1 01 01 04 b2 01 03 15 d5 00 b3 01 04 38 03 d6 00 b4 01 04 10 02 e1 00 b5 01 04 38 01 d8 00 b6 01 01 03 b7 01 03 02 2e 00 b8 01 03 01 e2 00 b9 01 01 00 b9 01 03 01 e3 00 ba 01 01 00 ba 01 01 04 bb 01 03 15 d5 00 bc 01 04 38 03 d6 00 bd 01 04 10 02 e4 00 be 01 04 38 01 d8 00 bf 01 01 03 c0 01 03 02 2e 00 c1 01 03 01 e5 00 c2 01 01 00 c2 01 03 01 e6 00 c3 01 01 00 c3 01 03 01 e7 00 c4 01 01 00 c4 01 01 04 c5 01 03 15 d5 00 c6 01 04 38 03 d6 00 c7 01 04 10 02 e8 00 c8 01 04 38 01 d8 00 c9 01 01 03 ca 01 03 02 2e 00 cb 01 03 01 e9 00 cc 01 01 00 cc 01 01 04 cd 01 03 15 d5 00 ce 01 04 38 03 d6 00 cf 01 04 10 02 ea 00 d0 01 04 38 01 d8 00 d1 01 01 03 d2 01 03 02 2e 00 d3 01 03 01 eb 00 d4 01 01 00 d4 01 03 01 ec 00 d5 01 01 00 d5 01 01 04 d6 01 03 19 37 00 d7 01 04 10 02 ed 00 d8 01 03 0d 1a 00 d9 01 03 14 ee 00 da 01 03 01 ef 00 db 01 01 00 db 01 01 04 dc 01 03 0d 1a 00 dd 01 03 14 f0 00 de 01 03 01 f1 00 df 01 01 00 df 01 03 01 f2 00 e0 01 01 00 e0 01 01 04 e1 01 03 02 2e 00 e2 01 03 01 f3 00 e3 01 01 00 e3 01 01 04 e4 01 03 02 2e 00 e5 01 03 01 f4 00 e6 01 01 00 e6 01 03 01 f5 00 e7 01 01 00 e7 01 03 01 f6 00 e8 01 01 00 e8 01 01 04 e9 01 03 02 2e 00 ea 01 03 01 f7 00 eb 01 01 00 eb 01 03 01 f8 00 ec 01 01 00 ec 01 01 04 ed 01 04 10 02 f9 00 ee 01 03 0d 1a 00 ef 01 03 14 fa 00 f0 01 03 01 fb 00 f1 01 01 00 f1 01 01 04 f2 01 04 10 02 ed 00 f3 01 03 0d 1a 00 f4 01 03 14 fc 00 f5 01 03 01 fd 00 f6 01 01 00 f6 01 03 01 fe 00 f7 01 01 00 f7 01 01 04 f8 01 03 02 2e 00 f9 01 03 01 ff 00 fa 01 01 00 fa 01 03 01 00 01 fb 01 01 00 fb 01 03 01 01 01 fc 01 01 00 fc 01 01 04 fd 01 03 02 2e 00 fe 01 03 01 02 01 ff 01 01 00 ff 01 03 01 03 01 00 02 01 00 00 02 03 01 04 01 01 02 01 00 01 02 01 04 02 02 04 10 02 f9 00 03 02 03 0d 1a 00 04 02 03 14 05 01 05 02 03 01 06 01 06 02 01 00 06 02 03 01 07 01 07 02 01 00 07 02 01 04 08 02 03 0d 1a 00 09 02 03 14 08 01 0a 02 03 01 09 01 0b 02 01 00 0b 02 03 01 0a 01 0c 02 01 00 0c 02 01 04 0d 02 03 02 50 00 0e 02 03 02 2e 00 0f 02 03 01 0b 01 10 02 01 00 10 02 03 01 0c 01 11 02 01 00 11 02 03 01 0d 01 12 02 01 00 12 02 01 04 13 02 03 02 2e 00 14 02 03 01 0e 01 15 02 01 00 15 02 01 04 16 02 03 02 2e 00 17 02 03 01 0f 01 18 02 01 00 18 02 03 01 10 01 19 02 01 00 19 02 03 01 11 01 1a 02 01 00 1a 02 01 04 1b 02 03 02 2e 00 1c 02 03 01 12 01 1d 02 01 00 1d 02 03 01 13 01 1e 02 01 00 1e 02 03 01 14 01 1f 02 01 00 1f 02 01 04 20 02 03 02 2e 00 21 02 03 01 15 01 22 02 01 00 22 02 03 01 16 01 23 02 01 00 23 02 03 01 17 01 24 02 01 00 24 02 01 04 25 02 03 02 2e 00 26 02 03 01 18 01 27 02 01 00 27 02 03 01 19 01 28 02 01 00 28 02 03 01 1a 01 29 02 01 00 29 02 01 04 2a 02 04 10 02 ed 00 2b 02 03 0d 1a 00 2c 02 03 14 1b 01 2d 02 03 01 1c 01 2e 02 01 00 2e 02 03 01 1d 01 2f 02 01 00 2f 02 03 01 1e 01 30 02 01 00 30 02 01 04 31 02 03 0d 1a 00 32 02 03 14 1f 01 33 02 03 01 20 01 34 02 01 00 34 02 03 01 21 01 35 02 01 00 35 02 03 01 22 01 36 02 01 00 36 02 01 04 37 02 04 10 02 f9 00 38 02 03 0d 1a 00 39 02 03 14 23 01 3a 02 03 01 24 01 3b 02 01 00 3b 02 03 01 25 01 3c 02 01 00 3c 02 03 01 26 01 3d 02 01 00 3d 02 01 04 3e 02 03 02 2e 00 3f 02 03 01 27 01 40 02 01 00 40 02 03 01 28 01 41 02 01 00 41 02 03 01 29 01 42 02 01 00 42 02 01 04 43 02 03 02 2e 00 44 02 03 01 2a 01 45 02 01 00 45 02 03 01 2b 01 46 02 01 00 46 02 03 01 2c 01 47 02 01 00 47 02 01 04 48 02 03 02 2e 00 49 02 03 01 2d 01 4a 02 01 00 4a 02 03 01 2e 01 4b 02 01 00 4b 02 03 01 2f 01 4c 02 01 00 4c 02 01 04 4d 02 03 02 2e 00 4e 02 03 01 30 01 4f 02 01 00 4f 02 03 01 31 01 50 02 01 00 50 02 03 01 32 01 51 02 01 00 51 02 01 04 52 02 03 02 2e 00 53 02 03 01 33 01 54 02 01 00 54 02 03 01 34 01 55 02 01 00 55 02 03 01 35 01 56 02 01 00 56 02 01 04 57 02 04 10 02 ed 00 58 02 03 0d 1a 00 59 02 03 14 36 01 5a 02 03 01 37 01 5b 02 01 00 5b 02 03 01 38 01 5c 02 01 00 5c 02 01 04 5d 02 03 0d 1a 00 5e 02 03 14 39 01 5f 02 03 01 3a 01 60 02 01 00 60 02 03 01 3b 01 61 02 01 00 61 02 03 01 3c 01 62 02 01 00 62 02 01 04 63 02 03 0d 1a 00 64 02 03 14 3d 01 65 02 03 01 3e 01 66 02 01 00 66 02 03 01 3f 01 67 02 01 00 67 02 03 01 40 01 68 02 01 00 68 02 01 04 69 02 03 02 2e 00 6a 02 03 01 41 01 6b 02 01 00 6b 02 03 01 42 01 6c 02 01 00 6c 02 03 01 43 01 6d 02 01 00 6d 02 01 04 6e 02 04 10 02 44 01 6f 02 03 02 2e 00 70 02 03 01 45 01 71 02 01 00 71 02 03 01 46 01 72 02 01 00 72 02 01 04 73 02 03 0d 1a 00 74 02 03 14 47 01 75 02 03 01 48 01 76 02 01 00 76 02 03 01 49 01 77 02 01 00 77 02 03 01 4a 01 78 02 01 00 78 02 01 04 79 02 03 0d 1a 00 7a 02 03 14 4b 01 7b 02 03 01 4c 01 7c 02 01 00 7c 02 03 01 4d 01 7d 02 01 00 7d 02 03 01 4e 01 7e 02 01 00 7e 02 01 04 7f 02 03 0d 1a 00 80 02 03 14 4f 01 81 02 03 01 50 01 82 02 01 00 82 02 03 01 51 01 83 02 01 00 83 02 03 01 52 01 84 02 01 00 84 02 01 04 85 02 03 0d 1a 00 86 02 03 14 53 01 87 02 03 01 54 01 88 02 01 00 88 02 03 01 55 01 89 02 01 00 89 02 01 04 8a 02 03 0d 1a 00 8b 02 03 14 56 01 8c 02 03 01 57 01 8d 02 01 00 8d 02 03 01 58 01 8e 02 01 00 8e 02 03 01 59 01 8f 02 01 00 8f 02 01 04 90 02 04 10 02 5a 01 91 02 03 0d 1a 00 92 02 03 14 5b 01 93 02 03 01 5c 01 94 02 01 00 94 02 03 01 5d 01 95 02 01 00 95 02 01 04 96 02 03 02 5e 01 97 02 03 02 2e 00 98 02 03 01 5f 01 99 02 01 00 99 02 03 01 60 01 9a 02 01 00 9a 02 01 04 9b 02 03 02 2e 00 9c 02 03 01 61 01 9d 02 01 00 9d 02 03 01 62 01 9e 02 01 00 9e 02 01 04 9f 02 03 02 2e 00 a0 02 03 01 63 01 a1 02 01 00 a1 02 03 01 64 01 a2 02 01 00 a2 02 03 01 65 01 a3 02 01 00 a3 02 01 04 a4 02 03 02 2e 00 a5 02 03 01 66 01 a6 02 01 00 a6 02 03 01 67 01 a7 02 01 00 a7 02 03 01 68 01 a8 02 01 00 a8 02 01 04 a9 02 03 02 2e 00 aa 02 03 01 69 01 ab 02 01 00 ab 02 03 01 6a 01 ac 02 01 00 ac 02 03 01 6b 01 ad 02 01 00 ad 02 01 04 ae 02 04 10 02 44 01 af 02 03 0d 1a 00 b0 02 03 14 6c 01 b1 02 03 01 6d 01 b2 02 01 00 b2 02 03 01 6e 01 b3 02 01 00 b3 02 03 01 6f 01 b4 02 01 00 b4 02 01 04 b5 02 03 0d 1a 00 b6 02 03 14 70 01 b7 02 03 01 71 01 b8 02 01 00 b8 02 03 01 72 01 b9 02 01 00 b9 02 03 01 73 01 ba 02 01 00 ba 02 01 04 bb 02 03 0d 1a 00 bc 02 03 14 74 01 bd 02 03 01 75 01 be 02 01 00 be 02 03 01 76 01 bf 02 01 00 bf 02 03 01 77 01 c0 02 01 00 c0 02 01 04 c1 02 04 10 02 5a 01 c2 02 03 0d 1a 00 c3 02 03 14 78 01 c4 02 03 01 79 01 c5 02 01 00 c5 02 03 01 7a 01 c6 02 01 00 c6 02 03 01 7b 01 c7 02 01 00 c7 02 01 04 c8 02 03 02 2e 00 c9 02 03 01 7c 01 ca 02 01 00 ca 02 03 01 7d 01 cb 02 01 00 cb 02 03 01 7e 01 cc 02 
01 00 cc 02 
01 04 cd 02 
03 02 2e 00 ce 02 
03 01 7f 01 cf 02 
01 00 cf 02 
03 01 80 01 d0 02 01 00 d0 02 01 04 d1 02 03 02 2e 00 d2 02 03 01 81 01 d3 02 01 00 d3 02 03 01 82 01 d4 02 01 00 d4 02 01 04 d5 02 03 02 2e 00 d6 02 03 01 83 01 d7 02 01 00 d7 02 03 01 84 01 d8 02 01 00 d8 02 03 01 85 01 d9 02 01 00 d9 02 01 04 da 02 04 10 02 44 01 db 02 03 0d 1a 00 dc 02 03 14 86 01 dd 02 03 01 87 01 de 02 01 00 de 02 03 01 88 01 df 02 01 00 df 02 03 01 89 01 e0 02 01 00 e0 02 01 04 e1 02 03 0d 1a 00 e2 02 03 14 8a 01 e3 02 03 01 8b 01 e4 02 01 00 e4 02 03 01 8c 01 e5 02 01 00 e5 02 03 01 8d 01 e6 02 01 00 e6 02 01 04 e7 02 04 10 02 5a 01 e8 02 03 0d 1a 00 e9 02 03 14 8e 01 ea 02 03 01 8f 01 eb 02 01 00 eb 02 03 01 90 01 ec 02 01 00 ec 02 03 01 91 01 ed 02 01 00 ed 02 01 04 ee 02 03 0d 1a 00 ef 02 03 14 92 01 f0 02 03 01 93 01 f1 02 01 00 f1 02 03 01 94 01 f2 02 01 00 f2 02 03 01 95 01 f3 02 01 00 f3 02 01 04 f4 02 03 02 2e 00 f5 02 03 01 96 01 f6 02 01 00 f6 02 03 01 97 01 f7 02 01 00 f7 02 01 04 f8 02 03 02 2e 00 f9 02 03 01 98 01 fa 02 01 00 fa 02 03 01 99 01 fb 02 01 00 fb 02 01 04 fc 02 04 10 02 9a 01 fd 02 03 0d 1a 00 fe 02 03 14 9b 01 ff 02 03 01 9c 01 00 03 01 00 00 03 01 04 01 03 03 02 2e 00 02 03 03 01 9d 01 03 03 01 00 03 03 03 01 9e 01 04 03 01 00 04 03 01 04 05 03 03 02 2e 00 06 03 03 01 9f 01 07 03 01 00 07 03 03 01 a0 01 08 03 01 00 08 03 03 01 a1 01 09 03 01 00 09 03 01 04 0a 03 03 02 2e 00 0b 03 03 01 a2 01 0c 03 01 00 0c 03 03 01 a3 01 0d 03 01 00 0d 03 01 04 0e 03 03 02 2e 00 0f 03 03 01 a4 01 10 03 01 00 10 03 03 01 a5 01 11 03 01 00 11 03 03 01 a6 01 12 03 01 00 12 03 01 04 13 03 04 10 02 44 01 14 03 03 0d 1a 00 15 03 03 14 a7 01 16 03 03 01 a8 01 17 03 01 00 17 03 03 01 a9 01 18 03 01 00 18 03 03 01 aa 01 19 03 01 00 19 03 01 04 1a 03 03 0d 1a 00 1b 03 03 14 ab 01 1c 03 03 01 ac 01 1d 03 01 00 1d 03 03 01 ad 01 1e 03 01 00 1e 03 03 01 ae 01 1f 03 01 00 1f 03 01 04 20 03 03 0d 1a 00 21 03 03 14 af 01 22 03 03 01 b0 01 23 03 01 00 23 03 03 01 b1 01 24 03 01 00 24 03 03 01 b2 01 25 03 01 00 25 03 01 04 26 03 04 10 02 5a 01 27 03 03 0d 1a 00 28 03 03 14 b3 01 29 03 03 01 b4 01 2a 03 01 00 2a 03 03 01 b5 01 2b 03 01 00 2b 03 01 04 2c 03 03 02 2e 00 2d 03 03 01 b6 01 2e 03 01 00 2e 03 03 01 b7 01 2f 03 01 00 2f 03 03 01 b8 01 30 03 01 00 30 03 01 04 31 03 03 15 d5 00 32 03 04 38 03 d6 00 33 03 04 10 02 b9 01 34 03 04 38 01 d8 00 35 03 03 02 2e 00 36 03 03 01 ba 01 37 03 01 00 37 03 03 01 bb 01 38 03 01 00 38 03 03 01 bc 01 39 03 01 00 39 03 01 04 3a 03 03 02 2e 00 3b 03 03 01 bd 01 3c 03 01 00 3c 03 03 01 be 01 3d 03 01 00 3d 03 03 01 bf 01 3e 03 01 00 3e 03 01 04 3f 03 04 10 02 c0 01 40 03 03 0d 1a 00 41 03 03 14 c1 01 42 03 03 01 c2 01 43 03 01 00 43 03 03 01 c3 01 44 03 01 00 44 03 01 04 45 03 04 10 02 b9 01 46 03 03 0d 1a 00 47 03 03 14 c4 01 48 03 03 01 c5 01 49 03 01 00 49 03 03 01 c6 01 4a 03 01 00 4a 03 01 04 4b 03 03 02 2e 00 4c 03 03 01 c7 01 4d 03 01 00 4d 03 01 04 4e 03 03 02 2e 00 4f 03 03 01 c8 01 50 03 01 00 50 03 03 01 c9 01 51 03 01 00 51 03 03 01 ca 01 52 03 01 00 52 03 01 04 53 03 03 02 2e 00 54 03 03 01 cb 01 55 03 01 00 55 03 03 01 cc 01 56 03 01 00 56 03 03 01 cd 01 57 03 01 00 57 03 01 04 58 03 04 10 02 c0 01 59 03 03 0d 1a 00 5a 03 03 14 ce 01 5b 03 03 01 cf 01 5c 03 01 00 5c 03 03 01 d0 01 5d 03 01 00 5d 03 03 01 d1 01 5e 03 01 00 5e 03 01 04 5f 03 03 0d 1a 00 60 03 03 14 d2 01 61 03 03 01 d3 01 62 03 01 00 62 03 03 01 d4 01 63 03 01 00 63 03 03 01 d5 01 64 03 01 00 64 03 01 04 65 03 04 10 02 b9 01 66 03 03 0d 1a 00 67 03 03 14 d6 01 68 03 03 01 d7 01 69 03 01 00 69 03 03 01 d8 01 6a 03 01 00 6a 03 03 01 d9 01 6b 03 01 00 6b 03 01 04 6c 03 03 0d 1a 00 6d 03 03 14 da 01 6e 03 03 01 db 01 6f 03 01 00 6f 03 03 01 dc 01 70 03 01 00 70 03 03 01 dd 01 71 03 01 00 71 03 01 04 72 03 04 10 02 c0 01 73 03 03 0d 1a 00 74 03 03 14 de 01 75 03 03 01 df 01 76 03 01 00 76 03 03 01 e0 01 77 03 01 00 77 03 03 01 e1 01 78 03 01 00 78 03 01 04 79 03 04 10 02 b9 01 7a 03 03 0d 1a 00 7b 03 03 14 e2 01 7c 03 03 01 e3 01 7d 03 01 00 7d 03 03 01 e4 01 7e 03 01 00 7e 03 03 01 e5 01 7f 03 01 00 7f 03 01 04 80 03 03 0d 1a 00 81 03 03 14 e6 01 82 03 03 01 e7 01 83 03 01 00 83 03 03 01 e8 01 84 03 01 00 84 03 01 04 85 03 03 02 2e 00 86 03 03 01 e9 01 87 03 01 00 87 03 03 01 ea 01 88 03 01 00 88 03 01 04 89 03 03 15 d5 00 8a 03 04 38 03 d6 00 8b 03 04 10 02 eb 01 8c 03 04 38 01 d8 00 8d 03 03 02 2e 00 8e 03 03 01 ec 01 8f 03 01 00 8f 03 03 01 ed 01 90 03 01 00 90 03 03 01 ee 01 91 03 01 00 91 03 01 04 92 03 04 10 02 ef 01 93 03 03 0d 1a 00 94 03 03 14 f0 01 95 03 03 01 f1 01 96 03 01 00 96 03 03 01 f2 01 97 03 01 00 97 03 01 04 98 03 03 0d 1a 00 99 03 03 14 f3 01 9a 03 03 01 f4 01 9b 03 01 00 9b 03 03 01 f5 01 9c 03 01 00 9c 03 03 01 f6 01 9d 03 01 00 9d 03 01 04 9e 03 03 0d 1a 00 9f 03 03 14 f7 01 a0 03 03 01 f8 01 a1 03 01 00 a1 03 03 01 f9 01 a2 03 01 00 a2 03 03 01 fa 01 a3 03 01 00 a3 03 01 04 a4 03 04 10 02 eb 01 a5 03 03 0d 1a 00 a6 03 03 14 fb 01 a7 03 03 01 fc 01 a8 03 01 00 a8 03 03 01 fd 01 a9 03 01 00 a9 03 03 01 fe 01 aa 03 01 00 aa 03 01 04 ab 03 03 0d 1a 00 ac 03 03 14 ff 01 ad 03 03 01 00 02 ae 03 01 00 ae 03 03 01 01 02 af 03 01 00 af 03 01 04 b0 03 04 10 02 ef 01 b1 03 03 0d 1a 00 b2 03 03 14 02 02 b3 03 03 01 03 02 b4 03 01 00 b4 03 03 01 04 02 b5 03 01 00 b5 03 03 01 05 02 b6 03 01 00 b6 03 01 04 b7 03 04 10 01 eb 01 b8 03 03 0d 1a 00 b9 03 03 14 06 02 ba 03 03 01 07 02 bb 03 01 00 bb 03 03 01 08 02 bc 03 01 00 bc 03 03 01 09 02 bd 03 01 00 bd 03 01 04 be 03 03 15 d5 00 bf 03 04 38 03 d6 00 c0 03 04 10 02 0a 02 c1 03 04 38 01 d8 00 c2 03 03 02 2e 00 c3 03 03 01 0b 02 c4 03 01 00 c4 03 03 01 0c 02 c5 03 01 00 c5 03 03 01 0d 02 c6 03 01 00 c6 03 01 04 c7 03 04 10 02 0e 02 c8 03 03 02 2e 00 c9 03 03 01 0f 02 ca 03 01 00 ca 03 03 01 10 02 cb 03 01 00 cb 03 03 01 11 02 cc 03 01 00 cc 03 01 04 cd 03 03 02 2e 00 ce 03 03 01 12 02 cf 03 01 00 cf 03 01 04 d0 03 03 02 2e 00 d1 03 03 01 13 02 d2 03 01 00 d2 03 03 01 14 02 d3 03 01 00 d3 03 03 01 15 02 d4 03 01 00 d4 03 01 04 d5 03 03 02 2e 00 d6 03 03 01 16 02 d7 03 01 00 d7 03 03 01 17 02 d8 03 01 00 d8 03 03 01 18 02 d9 03 01 00 d9 03 01 04 da 03 03 15 19 02 db 03 04 10 02 1a 02 dc 03 03 0d 1a 00 dd 03 03 14 1b 02 de 03 03 01 1c 02 df 03 01 00 df 03 03 01 1d 02 e0 03 01 00 e0 03 03 01 1e 02 e1 03 01 00 e1 03 01 04 e2 03 03 02 2e 00 e3 03 03 01 1f 02 e4 03 01 00 e4 03 03 01 20 02 e5 03 01 00 e5 03 03 01 94 00 e6 03 01 00 e6 03 01 04 e7 03 03 02 2e 00 e8 03 03 01 21 02 e9 03 01 00 e9 03 03 01 22 02 ea 03 01 00 ea 03 01 04 eb 03 03 02 2e 00 ec 03 03 01 23 02 ed 03 01 00 ed 03 03 01 24 02 ee 03 01 00 ee 03 03 01 25 02 ef 03 01 00 ef 03 01 04 f0 03 03 02 2e 00 f1 03 03 01 26 02 f2 03 01 00 f2 03 03 01 27 02 f3 03 01 00 f3 03 01 04 f4 03 03 02 2e 00 f5 03 03 01 28 02 f6 03 01 00 f6 03 03 01 29 02 f7 03 01 00 f7 03 01 04 f8 03 03 02 2e 00 f9 03 03 01 2a 02 fa 03 01 00 fa 03 03 01 2b 02 fb 03 01 00 fb 03 03 01 2c 02 fc 03 01 00 fc 03 01 04 fd 03 04 10 02 2d 02 fe 03 03 0d 1a 00 ff 03 03 14 2e 02 00 04 03 01 2f 02 01 04 01 00 01 04 03 01 30 02 02 04 01 00 02 04 03 01 31 02 03 04 01 00 03 04 01 04 04 04 04 10 02 1a 02 05 04 03 0d 1a 00 06 04 03 14 32 02 07 04 03 01 33 02 08 04 01 00 08 04 03 01 34 02 09 04 01 00 09 04 03 01 35 02 0a 04 01 00 0a 04 01 04 0b 04 03 02 2e 00 0c 04 03 01 36 02 0d 04 01 00 0d 04 03 01 37 02 0e 04 01 00 0e 04 03 01 38 02 0f 04 01 00 0f 04 01 04 10 04 03 02 2e 00 11 04 03 01 39 02 12 04 01 00 12 04 03 01 3a 02 13 04 01 00 13 04 01 04 14 04 03 02 2e 00 15 04 03 01 3b 02 16 04 01 00 16 04 03 01 3c 02 17 04 01 00 17 04 01 04 18 04 04 10 02 2d 02 19 04 03 0d 1a 00 1a 04 03 14 3d 02 1b 04 03 01 3e 02 1c 04 01 00 1c 04 03 01 3f 02 1d 04 01 00 1d 04 03 01 40 02 1e 04 01 00 1e 04 01 04 1f 04 04 10 02 1a 02 20 04 03 0d 1a 00 21 04 03 14 41 02 22 04 03 01 42 02 23 04 01 00 23 04 03 01 43 02 24 04 01 00 24 04 01 04 25 04 03 0d 1a 00 26 04 03 14 44 02 27 04 03 01 45 02 28 04 01 00 28 04 03 01 46 02 29 04 01 00 29 04 03 01 47 02 2a 04 01 00 2a 04 01 04 2b 04 03 02 2e 00 2c 04 03 01 48 02 2d 04 01 00 2d 04 03 01 49 02 2e 04 01 00 2e 04 01 04 2f 04 03 02 2e 00 30 04 03 01 4a 02 31 04 01 00 31 04 03 01 4b 02 32 04 01 00 32 04 03 01 4c 02 33 04 01 00 33 04 01 04 34 04 03 02 2e 00 35 04 03 01 4d 02 36 04 01 00 36 04 03 01 4e 02 37 04 01 00 37 04 01 04 38 04 03 02 2e 00 39 04 03 01 4f 02 3a 04 01 00 3a 04 03 01 50 02 3b 04 01 00 3b 04 03 01 51 02 3c 04 01 00 3c 04 01 04 3d 04 03 02 2e 00 3e 04 03 01 52 02 3f 04 01 00 3f 04 03 01 53 02 40 04 01 00 40 04 03 01 54 02 41 04 01 00 41 04 01 04 42 04 04 10 02 2d 02 43 04 03 02 2e 00 44 04 03 01 55 02 45 04 01 00 45 04 03 01 56 02 46 04 01 00 46 04 03 01 57 02 47 04 01 00 47 04 01 04 48 04 04 10 02 1a 02 49 04 03 0d 1a 00 4a 04 03 14 58 02 4b 04 03 01 59 02 4c 04 01 00 4c 04 03 01 5a 02 4d 04 01 00 4d 04 01 04 4e 04 04 10 02 2d 02 4f 04 03 0d 1a 00 50 04 03 14 5b 02 51 04 03 01 5c 02 52 04 01 00 52 04 03 01 5d 02 53 04 01 00 53 04 03 01 5e 02 54 04 01 00 54 04 01 04 55 04 03 0d 1a 00 56 04 03 14 5f 02 57 04 03 01 60 02 58 04 01 00 58 04 03 01 61 02 59 04 01 00 59 04 03 01 62 02 5a 04 01 00 5a 04 01 04 5b 04 03 0d 1a 00 5c 04 03 14 63 02 5d 04 03 01 64 02 5e 04 01 00 5e 04 03 01 65 02 5f 04 01 00 5f 04 03 01 66 02 60 04 01 00 60 04 01 04 61 04 04 10 02 1a 02 62 04 03 0d 1a 00 63 04 03 14 67 02 64 04 03 01 68 02 65 04 01 00 65 04 03 01 69 02 66 04 01 00 66 04 03 01 6a 02 67 04 01 00 67 04 01 04 68 04 04 10 02 6b 02 69 04 03 0d 1a 00 6a 04 03 14 6c 02 6b 04 03 01 6d 02 6c 04 01 00 6c 04 03 01 6e 02 6d 04 01 00 6d 04 03 01 6f 02 6e 04 01 00 6e 04 01 04 6f 04 03 02 70 02 70 04 03 02 2e 00 71 04 03 01 71 02 72 04 01 00 72 04 03 01 72 02 73 04 01 00 73 04 03 01 73 02 74 04 01 00 74 04 01 04 75 04 03 02 2e 00 76 04 03 01 74 02 77 04 01 00 77 04 03 01 75 02 78 04 01 00 78 04 01 04 79 04 03 02 2e 00 7a 04 03 01 76 02 7b 04 01 00 7b 04 03 01 77 02 7c 04 01 00 7c 04 03 01 78 02 7d 04 01 00 7d 04 01 04 7e 04 04 10 02 2d 02 7f 04 03 0d 1a 00 80 04 03 14 79 02 81 04 03 01 7a 02 82 04 01 00 82 04 03 01 7b 02 83 04 01 00 83 04 03 01 7c 02 84 04 01 00 84 04 01 04 85 04 03 0d 1a 00 86 04 03 14 7d 02 87 04 03 01 7e 02 88 04 01 00 88 04 03 01 7f 02 89 04 01 00 89 04 03 01 80 02 8a 04 01 00 8a 04 01 04 8b 04 03 0d 1a 00 8c 04 03 14 81 02 8d 04 03 01 82 02 8e 04 01 00 8e 04 03 01 83 02 8f 04 01 00 8f 04 03 01 84 02 90 04 01 00 90 04 01 04 91 04 04 10 02 1a 02 92 04 03 0d 1a 00 93 04 03 14 85 02 94 04 03 01 86 02 95 04 01 00 95 04 03 01 87 02 96 04 01 00 96 04 03 01 88 02 97 04 01 00 97 04 01 04 98 04 03 0d 1a 00 99 04 03 14 89 02 9a 04 03 01 8a 02 9b 04 01 00 9b 04 03 01 8b 02 9c 04 01 00 9c 04 03 01 8c 02 9d 04 01 00 9d 04 01 04 9e 04 03 02 2e 00 9f 04 03 01 8d 02 a0 04 01 00 a0 04 03 01 8e 02 a1 04 01 00 a1 04 03 01 8f 02 a2 04 01 00 a2 04 01 04 a3 04 03 02 2e 00 a4 04 03 01 90 02 a5 04 01 00 a5 04 03 01 91 02 a6 04 01 00 a6 04 01 04 a7 04 03 02 2e 00 a8 04 03 01 92 02 a9 04 01 00 a9 04 03 01 93 02 aa 04 01 00 aa 04 01 04 ab 04 04 10 02 2d 02 ac 04 03 0d 1a 00 ad 04 03 14 94 02 ae 04 03 01 95 02 af 04 01 00 af 04 03 01 96 02 b0 04 01 00 b0 04 03 01 97 02 b1 04 01 00 b1 04 01 04 b2 04 03 0d 1a 00 b3 04 03 14 98 02 b4 04 03 01 99 02 b5 04 01 00 b5 04 03 01 9a 02 b6 04 01 00 b6 04 03 01 9b 02 b7 04 01 00 b7 04 01 04 b8 04 03 0d 1a 00 b9 04 03 14 9c 02 ba 04 03 01 9d 02 bb 04 01 00 bb 04 03 01 9e 02 bc 04 01 00 bc 04 03 01 9f 02 bd 04 01 00 bd 04 01 04 be 04 04 10 02 1a 02 bf 04 03 0d 1a 00 c0 04 03 14 a0 02 c1 04 03 01 a1 02 c2 04 01 00 c2 04 03 01 a2 02 c3 04 01 00 c3 04 03 01 a3 02 c4 04 01 00 c4 04 01 04 c5 04 03 0d 1a 00 c6 04 03 14 a4 02 c7 04 03 01 a5 02 c8 04 01 00 c8 04 03 01 a6 02 c9 04 01 00 c9 04 03 01 a7 02 ca 04 01 00 ca 04 01 04 cb 04 03 02 2e 00 cc 04 03 01 a8 02 cd 04 01 00 cd 04 03 01 a9 02 ce 04 01 00 ce 04 03 01 aa 02 cf 04 01 00 cf 04 01 04 d0 04 03 02 2e 00 d1 04 03 01 ab 02 d2 04 01 00 d2 04 03 01 ac 02 d3 04 01 00 d3 04 01 04 d4 04 03 02 2e 00 d5 04 03 01 ad 02 d6 04 01 00 d6 04 03 01 ae 02 d7 04 01 00 d7 04 03 01 af 02 d8 04 01 00 d8 04 01 04 d9 04 03 0d 1a 00 da 04 03 14 b0 02 db 04 03 01 b1 02 dc 04 01 00 dc 04 03 01 b2 02 dd 04 01 00 dd 04 03 01 b3 02 de 04 01 00 de 04 01 04 df 04 04 10 02 2d 02 e0 04 03 0d 1a 00 e1 04 03 14 b4 02 e2 04 03 01 b5 02 e3 04 01 00 e3 04 03 01 b6 02 e4 04 01 00 e4 04 03 01 b7 02 e5 04 01 00 e5 04 01 04 e6 04 04 10 02 6b 02 e7 04 03 0d 1a 00 e8 04 03 14 b8 02 e9 04 03 01 b9 02 ea 04 01 00 ea 04 03 01 ba 02 eb 04 01 00 eb 04 03 01 bb 02 ec 04 01 00 ec 04 01 04 ed 04 03 0d 1a 00 ee 04 03 14 bc 02 ef 04 03 01 bd 02 f0 04 01 00 f0 04 03 01 be 02 f1 04 01 00 f1 04 03 01 bf 02 f2 04 01 00 f2 04 01 04 f3 04 03 0d 1a 00 f4 04 03 14 c0 02 f5 04 03 01 c1 02 f6 04 01 00 f6 04 03 01 c2 02 f7 04 01 00 f7 04 03 01 c3 02 f8 04 01 00 f8 04 01 04 f9 04 04 10 02 c4 02 fa 04 03 0d 1a 00 fb 04 03 14 c5 02 fc 04 03 01 c6 02 fd 04 01 00 fd 04 03 01 c7 02 fe 04 01 00 fe 04 03 01 c8 02 ff 04 01 00 ff 04 01 04 00 05 03 0d 1a 00 01 05 03 14 c9 02 02 05 03 01 ca 02 03 05 01 00 03 05 03 01 cb 02 04 05 01 00 04 05 03 01 cc 02 05 05 01 00 05 05 01 04 06 05 01 03 07 05 03 02 d3 00 08 05 03 02 cd 02 09 05 04 38 01 d6 00 0a 05 04 10 02 c4 02 0b 05 04 38 01 d8 00 0c 05 01 03 0d 05 03 02 ce 02 0e 05 03 02 19 00 0f 05 
04 10 02 1a 02 10 05 
03 0d cf 02 11 05 
03 14 d0 02 12 05 
03 01 d1 02 13 05 
01 00 13 05 
03 01 d2 02 14 05 01 00 14 05 01 04 15 05 03 02 d3 02 16 05 03 02 2e 00 17 05 03 01 d4 02 18 05 01 00 18 05 03 01 d5 02 19 05 01 00 19 05 01 04 1a 05 03 02 2e 00 1b 05 03 01 d6 02 1c 05 01 00 1c 05 03 01 d7 02 1d 05 01 00 1d 05 03 01 d8 02 1e 05 01 00 1e 05 01 04 1f 05 03 02 2e 00 20 05 03 01 d9 02 21 05 01 00 21 05 03 01 da 02 22 05 01 00 22 05 03 01 db 02 23 05 01 00 23 05 01 04 24 05 03 02 2e 00 25 05 03 01 dc 02 26 05 01 00 26 05 03 01 dd 02 27 05 01 00 27 05 03 01 de 02 28 05 01 00 28 05 01 04 29 05 03 02 2e 00 2a 05 03 01 df 02 2b 05 01 00 2b 05 03 01 e0 02 2c 05 01 00 2c 05 01 04 2d 05 03 02 2e 00 2e 05 03 01 e1 02 2f 05 01 00 2f 05 03 01 e2 02 30 05 01 00 30 05 03 01 e3 02 31 05 01 00 31 05 01 04 32 05 03 02 2e 00 33 05 03 01 e4 02 34 05 01 00 34 05 03 01 e5 02 35 05 01 00 35 05 03 01 e6 02 36 05 01 00 36 05 01 04 37 05 03 02 2e 00 38 05 03 01 e7 02 39 05 01 00 39 05 03 01 e8 02 3a 05 01 00 3a 05 03 01 e9 02 3b 05 01 00 3b 05 01 04 3c 05 03 02 2e 00 3d 05 03 01 ea 02 3e 05 01 00 3e 05 03 01 eb 02 3f 05 01 00 3f 05 01 04 40 05 03 02 2e 00 41 05 03 01 ec 02 42 05 01 00 42 05 03 01 ed 02 43 05 01 00 43 05 01 04 44 05 03 0d cf 02 45 05 03 14 ee 02 46 05 03 01 ef 02 47 05 01 00 47 05 03 01 f0 02 48 05 01 00 48 05 01 04 49 05 04 10 02 2d 02 4a 05 03 0d cf 02 4b 05 03 14 f1 02 4c 05 03 01 f2 02 4d 05 01 00 4d 05 03 01 f3 02 4e 05 01 00 4e 05 03 01 f4 02 4f 05 01 00 4f 05 01 04 50 05 03 0d cf 02 51 05 03 14 f5 02 52 05 03 01 f6 02 53 05 01 00 53 05 03 01 f7 02 54 05 01 00 54 05 01 04 55 05 03 0d cf 02 56 05 03 14 f8 02 57 05 03 01 f9 02 58 05 01 00 58 05 03 01 fa 02 59 05 01 00 59 05 03 01 fb 02 5a 05 01 00 5a 05 01 04 5b 05 04 10 02 1a 02 5c 05 03 0d cf 02 5d 05 03 14 fc 02 5e 05 03 01 fd 02 5f 05 01 00 5f 05 03 01 fe 02 60 05 01 00 60 05 01 04 61 05 03 02 2e 00 62 05 03 01 ff 02 63 05 01 00 63 05 03 01 00 03 64 05 01 00 64 05 01 04 65 05 03 02 2e 00 66 05 03 01 01 03 67 05 01 00 67 05 03 01 02 03 68 05 01 00 68 05 03 01 03 03 69 05 01 00 69 05 01 04 6a 05 03 02 7c 00 6b 05 04 10 02 2d 02 6c 05 03 0d cf 02 6d 05 03 14 04 03 6e 05 03 01 05 03 6f 05 01 00 6f 05 03 01 06 03 70 05 01 00 70 05 01 04 71 05 03 0d cf 02 72 05 03 14 07 03 73 05 03 01 08 03 74 05 01 00 74 05 03 01 09 03 75 05 01 00 75 05 01 04 76 05 03 60 ff ff 77 05 09 63 00 00 00 00 00 00 00 00 78 05 04 10 02 b3 00 79 05 03 15 0a 03 7a 05 05 12 00 01 0b 03 7b 05 08 50 00 ff 00 20 03 00 00 7c 05 01 03 7d 05 03 02 0c 03 7e 05 03 02 2e 00 7f 05 03 01 0d 03 80 05 01 00 80 05 03 01 0e 03 81 05 01 00 81 05 03 01 0f 03 82 05 01 00 82 05 01 04 83 05 03 02 2e 00 84 05 03 01 10 03 85 05 01 00 85 05 03 01 11 03 86 05 01 00 86 05 03 01 12 03 87 05 01 00 87 05 01 04 88 05 03 02 2e 00 89 05 03 01 13 03 8a 05 01 00 8a 05 03 01 14 03 8b 05 01 00 8b 05 03 01 15 03 8c 05 01 00 8c 05 01 04 8d 05 04 10 02 b3 00 8e 05 03 0d b7 00 8f 05 03 01 16 03 90 05 01 00 90 05 01 04 91 05 03 19 40 00 92 05 03 02 d3 00 93 05 03 02 cd 02 94 05 03 15 d5 00 95 05 04 38 02 d6 00 96 05 04 38 01 d8 00 97 05 03 02 2e 00 98 05 03 01 17 03 99 05 01 00 99 05 01 04 9a 05 03 02 2e 00 9b 05 03 01 18 03 9c 05 01 00 9c 05 03 01 19 03 9d 05 01 00 9d 05 03 01 1a 03 9e 05 01 00 9e 05 01 04 9f 05 04 10 02 b3 00 a0 05 03 02 2e 00 a1 05 03 01 1b 03 a2 05 01 00 a2 05 03 01 1c 03 a3 05 01 00 a3 05 01 04 a4 05 03 02 2e 00 a5 05 03 01 1d 03 a6 05 01 00 a6 05 03 01 1e 03 a7 05 01 00 a7 05 01 04 a8 05 03 02 2e 00 a9 05 03 01 1f 03 aa 05 01 00 aa 05 03 01 20 03 ab 05 01 00 ab 05 01 04 ac 05 03 60 d4 00 ad 05 09 63 f4 01 00 00 20 03 58 02 ae 05 04 10 01 0e 02 af 05 03 0d cf 02 b0 05 03 14 21 03 b1 05 03 01 22 03 b2 05 01 00 b2 05 03 01 23 03 b3 05 01 00 b3 05 01 04 b4 05 04 10 01 24 03 b5 05 03 0d cf 02 b6 05 03 14 25 03 b7 05 03 01 26 03 b8 05 01 00 b8 05 03 01 27 03 b9 05 01 00 b9 05 01 04 ba 05 03 02 5e 01 bb 05 03 02 2e 00 bc 05 03 01 28 03 bd 05 01 00 bd 05 03 01 29 03 be 05 01 00 be 05 01 04 bf 05 03 02 2e 00 c0 05 03 01 2a 03 c1 05 01 00 c1 05 03 01 2b 03 c2 05 01 00 c2 05 03 01 2c 03 c3 05 01 00 c3 05 01 04 c4 05 03 19 37 00 c5 05 03 0d cf 02 c6 05 03 14 2d 03 c7 05 03 01 2e 03 c8 05 01 00 c8 05 03 01 2f 03 c9 05 01 00 c9 05 03 01 30 03 ca 05 01 00 ca 05 01 04 cb 05 03 02 2e 00 cc 05 03 01 31 03 cd 05 01 00 cd 05 03 01 32 03 ce 05 01 00 ce 05 01 04 cf 05 03 02 2e 00 d0 05 03 01 33 03 d1 05 01 00 d1 05 03 01 34 03 d2 05 01 00 d2 05 01 04 d3 05 04 10 01 0e 02 d4 05 03 0d cf 02 d5 05 03 14 35 03 d6 05 03 01 36 03 d7 05 01 00 d7 05 03 01 37 03 d8 05 01 00 d8 05 03 01 38 03 d9 05 01 00 d9 05 01 04 da 05 04 10 01 24 03 db 05 03 0d cf 02 dc 05 03 14 39 03 dd 05 03 01 3a 03 de 05 01 00 de 05 03 01 3b 03 df 05 01 00 df 05 01 04 e0 05 03 02 70 02 e1 05 03 02 2e 00 e2 05 03 01 3c 03 e3 05 01 00 e3 05 03 01 3d 03 e4 05 01 00 e4 05 03 01 3e 03 e5 05 01 00 e5 05 01 04 e6 05 04 10 01 0a 02 e7 05 03 02 2e 00 e8 05 03 01 3f 03 e9 05 01 00 e9 05 03 01 40 03 ea 05 01 00 ea 05 03 01 41 03 eb 05 01 00 eb 05 01 04 ec 05 03 02 2e 00 ed 05 03 01 42 03 ee 05 01 00 ee 05 03 01 43 03 ef 05 01 00 ef 05 03 01 44 03 f0 05 01 00 f0 05 01 04 f1 05 03 02 7c 00 f2 05 02 17 00 f3 05 03 60 ff ff f4 05 01 03 f5 05 09 63 00 00 00 00 00 00 00 00 f6 05 04 10 03 2d 00 f7 05 03 19 e2 ff f8 05 01 03 f9 05 07 06 c4 19 f5 eb 01 ff fa 05 04 1a 00 45 03 fb 05 01 1f 00 a7 00 3b 96 82 96 40 90 ed 8e 6d 83 47 83 4e 83 58 83 67 83 89 83 58 83 65 81 5b 83 57 81 40 31 30 54 48 83 41 83 6a 83 6f 81 5b 83 54 83 8a 81 5b 00 3b 2d 2d 2d 2d 2d 2d 2d 2d 2d 2d 2d 2d 2d 2d 2d 2d 2d 2d 2d 2d 2d 2d 2d 2d 2d 2d 2d 2d 2d 2d 2d 2d 2d 2d 2d 2d 2d 2d 2d 2d 2d 2d 2d 2d 2d 2d 2d 2d 2d 2d 2d 2d 2d 2d 2d 2d 2d 2d 2d 2d 00 3b 81 96 83 7b 83 43 83 58 82 a0 82 e8 00 3b 4e 99 7a 81 58 8e 71 00 3b 4e 97 e6 93 de 00 3b 4e 82 ad 82 e9 82 dd 00 3b 4e 8b 55 83 8c 83 69 00 3b 81 96 88 c8 89 ba 81 41 83 82 83 75 83 4c 83 83 83 89 00 3b 4e 8f 97 82 50 00 3b 4e 8f 97 82 51 00 3b 4e 8f 97 8e 71 8a 77 90 b6 82 50 00 3b 4e 8f 97 8e 71 8a 77 90 b6 82 51 00 3b 3b 3b 3b 3b 3b 3b 3b 3b 3b 3b 3b 3b 3b 3b 3b 3b 3b 3b 3b 3b 3b 3b 3b 3b 3b 3b 3b 3b 3b 3b 3b 3b 3b 3b 3b 3b 00 3b 83 74 83 40 83 43 83 8b 82 cc 93 aa 82 c9 93 fc 82 ea 82 e9 90 97 8c 60 81 40 8a 4a 8e 6e 00 3b 3d 3d 3d 3d 3d 3d 3d 3d 3d 3d 3d 3d 3d 3d 3d 3d 3d 3d 3d 3d 3d 3d 3d 3d 3d 3d 3d 3d 3d 3d 3d 3d 3d 3d 3d 3d 3d 3d 3d 3d 3d 3d 3d 3d 3d 3d 3d 3d 3d 00 3b 53 43 45 4e 45 2d 4e 4f 81 46 4f 50 30 31 58 58 81 69 83 74 83 40 83 43 83 8b 96 bc 81 6a 00 3b 2d 2d 2d 2d 2d 2d 2d 2d 2d 2d 2d 2d 2d 2d 2d 2d 2d 2d 2d 2d 2d 2d 2d 2d 2d 2d 2d 2d 2d 2d 2d 2d 2d 2d 2d 2d 2d 2d 2d 2d 2d 2d 2d 2d 2d 2d 2d 2d 2d 00 3b 83 89 83 78 83 8b 00 83 49 81 5b 83 76 83 6a 83 93 83 4f 00 3b 53 49 4e 2d 4e 4f 81 46 4f 50 30 31 00 3b 00 3b 83 74 83 40 83 43 83 8b 82 cc 93 aa 82 c9 93 fc 82 ea 82 e9 90 97 8c 60 81 40 8f 49 97 b9 00 88 e2 82 b3 82 ea 82 bd 81 67 88 fa 96 f1 81 68 82 cc e3 a9 81 40 82 50 00 42 47 32 31 30 31 00 53 30 31 30 44 00 3b 81 a1 83 81 83 62 83 5a 81 5b 83 57 8a 4a 8e 6e 81 40 23 4d 45 53 53 54 41 52 54 00 99 7a 81 58 8e 71 00 56 41 30 31 30 38 30 39 00 81 75 82 b1 82 f1 82 c9 82 bf 82 cd 81 63 81 63 83 58 83 43 81 5b 83 67 83 8a 83 62 83 76 82 b1 82 c6 81 41 8e b5 90 a3 99 7a 81 58 8e 71 82 c5 82 b7 81 76 00 56 41 30 31 30 38 31 30 00 81 75 83 81 83 62 83 63 83 40 81 5b 82 bd 82 bf 82 c6 82 cc 90 ed 82 a2 82 cc 8c e3 81 41 8e 84 82 cd 92 6e 8f e3 82 c9 96 df 82 c1 82 c4 81 41 00 81 40 96 82 95 a8 82 cc 91 7c 93 a2 94 43 96 b1 82 c9 93 96 82 bd 82 e8 82 c8 82 aa 82 e7 81 41 8d 91 8d db 8b b3 93 b1 8a 77 89 80 82 c9 00 81 40 95 9c 8a 77 82 b5 82 c4 81 41 8a 4f 8c f0 8a af 82 c9 82 c8 82 e9 82 bd 82 df 82 cc 95 d7 8b ad 82 f0 82 b5 82 c4 82 a2 82 dc 82 b7 81 76 00 53 30 31 30 4a 00 56 41 30 31 30 38 31 31 00 81 75 82 c5 82 e0 81 41 89 bd 82 be 82 a9 8d c5 8b df 81 63 81 63 89 bd 82 f0 82 b5 82 c4 82 c4 82 e0 83 47 83 62 83 60 82 c8 83 4c 83 82 83 60 82 c9 00 81 40 82 c8 82 c1 82 c4 82 ab 82 bf 82 e1 82 c1 82 c4 81 63 81 63 82 f1 82 a3 81 63 81 63 82 ad 81 63 81 63 82 a2 82 e2 82 e7 82 b5 82 a2 83 67 83 52 00 81 40 82 aa 81 41 82 d0 82 ad 82 d0 82 ad e1 75 82 a2 82 c4 82 ab 82 bf 82 e1 82 a4 82 cc 81 63 81 63 81 76 00 56 41 30 31 30 38 31 32 00 81 75 83 4b 83 7d 83 93 82 b5 82 c4 82 c4 82 e0 81 41 83 47 83 62 83 60 82 c8 89 74 82 c5 83 70 83 93 83 65 83 42 82 aa 82 ae 82 b5 82 e3 82 ae 82 b5 82 e3 00 81 40 82 c9 94 47 82 ea 82 c4 82 ab 82 bf 82 e1 82 c1 82 c4 81 63 81 63 00 81 40 82 c7 82 a4 82 b5 82 c4 82 a2 82 a2 82 a9 81 41 82 ed 82 a9 82 e7 82 c8 82 ad 82 c8 82 c1 82 bf 82 e1 82 a4 81 63 81 63 81 76 00 56 41 30 31 30 38 31 33 00 81 75 82 bb 81 41 82 bb 82 f1 82 c8 99 7a 81 58 8e 71 82 cc 81 63 81 63 83 93 81 63 81 63 92 70 82 b8 82 a9 82 b5 82 a2 8e 70 82 f0 81 63 81 63 00 81 40 82 bd 82 c1 82 d5 82 e8 82 c6 8a 79 82 b5 82 f1 82 c5 82 ad 82 be 82 b3 82 a2 82 cb 81 63 81 63 81 76 00 53 30 30 30 00 3b 81 a1 96 bc 91 4f 82 cd 95 5c 8e a6 82 b5 82 c8 82 a2 81 40 3e 83 69 83 8c 81 5b 83 56 83 87 83 93 00 94 de 8f 97 82 cc 8e 88 91 cc 82 e2 8e 64 91 90 81 41 95 5c 8f ee 82 a9 82 e7 88 ec 82 ea 82 e9 90 46 8d 81 82 cd 95 a2 82 a2 89 42 82 b5 82 e6 82 a4 00 82 aa 82 c8 82 ad 81 41 82 bb 82 ea 82 e7 82 cd 94 db 89 9e 82 c8 82 ad 92 6a 92 42 82 cc 8e 8b 90 fc 82 f0 8e e4 82 ab 95 74 82 af 82 c4 82 b5 82 dc 00 82 c1 82 c4 82 a2 82 bd 81 42 00 82 bb 82 ea 82 cd 81 41 93 78 8f 64 82 c8 82 e9 92 b2 8b b3 82 c9 82 e6 82 c1 82 c4 8e 4e 82 b5 91 b1 82 af 82 bd 92 73 91 d4 82 aa 81 41 92 6d 8a 6f 00 93 49 82 c8 8b 4c 89 af 88 c8 8f e3 82 c9 90 5b 82 ad 91 4e 82 e2 82 a9 82 c9 81 41 94 de 8f 97 82 cc 93 f7 91 cc 82 c9 8d 8f 82 dd 82 c2 82 af 82 e7 00 82 ea 82 c4 82 a2 82 bd 82 a9 82 e7 82 be 81 42 00 82 bb 82 a4 82 a2 82 c1 82 bd 8a b4 8a 6f 82 cd 81 41 8e c0 8d db 82 c9 94 de 8f 97 82 cc 8e 88 91 cc 82 cc 89 9c 92 ea 82 c5 90 ab 8a b4 82 c6 82 b5 82 c4 00 8e c0 91 cc 89 bb 82 b5 81 41 82 b6 82 ad 82 b6 82 ad 82 c6 e1 75 82 ad 90 b6 8f 9d 82 cc 82 e6 82 a4 82 c9 81 41 94 de 8f 97 82 cc 95 71 8a b4 82 c5 82 a2 00 82 e2 82 e7 82 b5 82 a2 95 94 95 aa 82 f0 8f ed 82 c9 8e 68 8c 83 82 b5 91 b1 82 af 82 c4 82 a2 82 bd 81 42 00 82 bb 82 cc 82 e6 82 a4 82 c8 94 f7 94 4d 82 c6 e1 75 82 ab 82 f0 97 7d 82 a6 8d 9e 82 e0 82 a4 82 c6 89 e4 96 9d 82 b5 81 41 82 bb 82 cc 82 bd 82 d1 82 c9 00 94 de 8f 97 82 aa 83 73 83 93 83 4e 90 46 82 cc 90 4f 82 a9 82 e7 90 e2 82 a6 82 b8 98 52 82 e7 82 b5 82 c4 82 b5 82 dc 82 a4 94 59 82 dc 82 b5 82 b0 82 c8 00 93 66 91 a7 82 cd 81 41 82 d9 82 c6 82 f1 82 c7 90 f6 82 df 82 e9 82 e6 82 a4 82 c8 9a 62 82 ac 90 ba 82 c6 95 cf 82 ed 82 e7 82 c8 82 a9 82 c1 82 bd 81 42 00 94 de 8f 97 82 cc 8e f6 8b c6 82 f0 88 ea 8e 9e 8a d4 8e e3 8e f3 82 af 82 e9 92 6a 8e 71 92 42 82 c9 82 c6 82 c1 82 c4 82 cd 81 41 82 e0 82 cd 82 e2 00 8e f6 8b c6 82 c7 82 b1 82 eb 82 c5 82 cd 82 c8 82 a2 81 42 00 82 bd 82 be 82 c5 82 b3 82 a6 81 41 8e a9 95 aa 82 bd 82 bf 82 cc 96 da 82 cc 91 4f 82 c5 8b b3 95 da 82 f0 90 55 82 e9 82 a4 82 cc 82 cd 81 41 00 8a 77 89 80 88 ea 82 c6 82 a2 82 ed 82 ea 82 e9 94 fc 96 65 82 c6 83 58 83 5e 83 43 83 8b 82 f0 8e 9d 82 c1 82 bd 94 fc 8f ad 8f 97 82 c5 82 a0 82 e9 81 42 00 82 bb 82 f1 82 c8 94 fc 8f ad 8f 97 82 aa 81 41 93 b5 82 f0 8f 81 82 dc 82 b9 81 41 8b ea 96 e3 82 c6 82 a4 82 c1 82 c6 82 e8 82 b5 82 bd 82 e6 82 a4 82 c8 00 95 5c 8f ee 82 cc 8a d4 82 f0 82 a2 82 c1 82 bd 82 e8 82 ab 82 bd 82 e8 82 b5 82 c8 82 aa 82 e7 81 41 8c be 97 74 82 cc 8d 87 8a d4 8d 87 8a d4 82 c9 81 41 00 8a c3 82 ad 8e bc 82 c1 82 bd 93 66 91 a7 82 f0 98 52 82 e7 82 b5 91 b1 82 af 82 c4 82 a2 82 e9 82 cc 82 be 81 42 00 82 e6 82 ad 8c a9 82 ea 82 ce 90 a7 95 9e 82 cc 83 7e 83 6a 83 58 83 4a 81 5b 83 67 82 e0 92 ca 8f ed 82 cc 8f e4 82 c5 82 cd 82 c8 82 ad 81 41 8f ad 82 b5 00 82 c5 82 e0 8f e3 91 cc 82 f0 8c 58 82 af 82 c4 82 b5 82 dc 82 a6 82 ce 81 41 83 58 83 4a 81 5b 83 67 82 cc 90 9e 82 a9 82 e7 82 bb 82 cc 89 9c 82 c9 90 f6 00 82 de 89 ba 92 85 82 aa 94 60 82 a2 82 c4 82 a2 82 dc 82 a2 82 bb 82 a4 82 c8 82 d9 82 c7 95 73 8e a9 91 52 82 c9 92 5a 82 a2 81 42 00 8e c0 8d db 82 c9 89 bd 90 6c 82 a9 82 cc 90 b6 93 6b 82 cd 81 41 99 7a 81 58 8e 71 82 aa 92 e1 82 a2 88 ca 92 75 82 c5 94 c2 8f 91 82 b7 82 e9 93 78 82 c9 00 92 57 82 a2 83 73 83 93 83 4e 90 46 82 cc 89 ba 92 85 82 aa 83 58 83 4a 81 5b 83 67 82 cc 90 9e 82 a9 82 e7 82 bf 82 e7 82 bf 82 e7 82 c6 8c a9 82 a6 89 42 00 82 ea 82 b7 82 e9 97 6c 82 f0 81 41 82 bb 82 cc 96 da 82 c9 8f c4 82 ab 95 74 82 af 82 c4 82 a2 82 bd 81 42 00 93 af 8e 9e 82 c9 81 41 82 b1 82 f1 82 c8 94 fc 8f ad 8f 97 82 aa 90 67 82 c9 82 c2 82 af 82 c4 82 a2 82 e9 89 ba 92 85 82 c6 82 cd 8e 76 82 a6 82 c8 82 a2 00 82 bb 82 cc 95 7a 92 6e 82 cc 94 96 82 b3 82 c6 8f ac 82 b3 82 b3 82 c9 81 41 97 f2 8f ee 82 cc 95 a6 82 ab 8f e3 82 aa 82 e8 82 f0 97 7d 82 a6 82 e9 82 b1 00 82 c6 82 aa 82 c5 82 ab 82 c8 82 a9 82 c1 82 bd 81 42 00 3b 81 96 83 41 83 62 83 76 95 5c 8e a6 00 45 31 35 41 00 56 41 30 31 38 30 30 37 00 81 75 81 63 81 63 82 e2 82 9f 83 93 81 41 83 5f 83 81 81 63 81 63 82 c1 81 63 81 63 00 81 40 99 7a 81 58 8e 71 82 cc 83 70 83 93 83 65 83 42 81 41 8c a9 82 a6 82 bf 82 e1 82 c1 82 c4 82 e9 81 63 81 63 82 c1 81 63 81 63 81 76 00 3b 40 53 45 4c 4f 4f 50 20 56 31 31 00 82 e0 82 c1 82 c6 82 e0 8b df 82 ad 82 c5 94 de 8f 97 82 cc 89 ba 92 85 82 f0 8b c3 8e 8b 82 b5 82 c4 82 a2 82 bd 90 b6 93 6b 82 c9 82 cd 81 41 94 96 82 a2 00 95 7a 92 6e 82 cc 82 b7 82 ae 89 ba 82 a9 82 e7 82 ad 82 c1 82 ab 82 e8 82 c6 95 82 82 ab 8f 6f 82 e9 81 41 88 fa e0 ce 82 c8 8a 84 82 ea 96 da 82 cc 83 56 00 83 8b 83 47 83 62 83 67 82 dc 82 c5 82 aa 8c a9 82 a6 82 c4 82 a2 82 bd 81 42 00 99 7a 81 58 8e 71 82 aa 95 73 97 70 88 d3 82 c9 91 be 91 da 82 f0 82 e6 82 b6 82 e7 82 b9 82 e9 82 bd 82 d1 82 c9 81 41 89 ba 92 85 82 cc 95 7a 92 6e 82 cd 00 94 de 8f 97 82 cc 89 41 95 94 82 c9 92 a3 82 e8 95 74 82 ab 81 41 82 e6 82 e8 82 a2 82 c1 82 bb 82 a4 82 bb 82 cc 8c 60 82 f0 95 82 82 ab 97 a7 82 bd 82 b9 00 82 c4 82 b5 82 dc 82 a4 81 42 00 8f 5f 82 e7 82 a9 82 c8 95 7a 92 6e 82 aa 82 b5 82 c1 82 c6 82 e8 82 c6 94 47 82 ea 8e 6e 82 df 82 bd 93 f7 e5 fc 82 c9 97 8d 82 dd 82 c2 82 ad 8a b4 8a 6f 00 82 aa 81 41 94 de 8f 97 82 cc 94 77 8b d8 82 f0 91 96 82 e8 94 b2 82 af 82 e9 81 42 00 45 31 35 43 00 56 41 30 31 38 30 30 38 00 81 75 81 63 81 63 82 a0 81 41 82 a0 82 9f 81 63 81 63 83 93 81 41 83 5f 83 81 81 63 81 63 83 41 83 5c 83 52 82 aa 81 63 81 63 83 93 81 63 81 63 00 81 40 99 7a 81 58 8e 71 82 cc 92 70 82 b8 82 a9 82 b5 82 a2 83 67 83 52 82 aa 81 63 81 63 83 47 83 62 83 60 82 c8 83 4a 83 5e 83 60 82 aa 95 aa 82 a9 82 c1 00 81 40 82 bf 82 e1 82 a4 82 ad 82 e7 82 a2 83 70 83 93 83 65 83 42 82 c9 90 48 82 a2 8d 9e 82 f1 82 b6 82 e1 82 c1 82 c4 82 e9 81 63 81 63 81 76 00 88 a4 82 e7 82 b5 82 a2 90 4f 82 a9 82 e7 93 66 91 a7 82 c6 94 f7 94 4d 82 f0 93 66 82 ab 8f 6f 82 b5 82 c8 82 aa 82 e7 81 41 e3 b5 92 70 82 c6 89 f5 00 8a b4 82 aa 82 c8 82 a2 8c f0 82 ba 82 c9 82 c8 82 c1 82 bd 82 e6 82 a4 82 c8 8c be 97 74 82 f0 81 41 8d 41 82 cc 89 9c 82 a9 82 e7 89 9f 82 b5 8f 6f 00 82 b5 82 c4 82 b5 82 dc 82 a4 99 7a 81 58 8e 71 81 42 00 82 b1 82 cc 82 dc 82 dc 90 94 95 aa 82 e0 8c 6f 89 df 82 b5 82 c4 82 b5 82 dc 82 a6 82 ce 81 41 82 a0 82 e7 82 ea 82 e0 82 c8 82 a2 92 73 91 d4 82 f0 00 94 98 82 af 8f 6f 82 b7 8e a9 95 aa 82 f0 97 7d 82 a6 82 ab 82 ea 82 c8 82 ad 82 c8 82 e9 81 5c 00 8e bc 82 c1 82 bd 94 f7 94 4d 82 c9 e1 83 82 ea 8e 6e 82 df 82 bd 93 aa 82 cc 89 9c 82 c5 82 bb 82 a4 94 de 8f 97 82 aa 8e 76 82 c1 82 bd 82 c6 82 ab 81 5c 00 4b 36 31 00 8b b3 8e ba 92 86 82 c9 8e f6 8b c6 82 cc 8f 49 97 b9 82 f0 8d 90 82 b0 82 e9 83 60 83 83 83 43 83 80 82 cc 89 b9 82 aa 8b bf 82 a2 82 bd 81 42 00 56 41 30 31 38 30 30 39 00 81 75 81 63 81 63 82 a0 81 41 82 a0 83 93 81 63 81 63 82 c1 81 41 82 bb 81 41 82 bb 82 ea 82 b6 82 e1 81 41 83 93 81 63 81 63 00 81 40 8d a1 93 fa 82 cc 8e f6 8b c6 82 cd 82 b1 82 b1 82 dc 82 c5 81 41 82 cb 81 63 81 63 81 48 81 76 00 99 7a 81 58 8e 71 82 cd 81 41 82 cd 82 c1 82 c6 8a e7 82 f0 8f e3 82 b0 81 41 82 e2 82 e2 8d 51 82 c4 82 bd 82 e6 82 a4 82 c9 8d 95 94 c2 82 c9 8c fc 00 82 af 82 c4 82 a2 82 bd 90 67 91 cc 82 f0 90 b6 93 6b 92 42 82 cc 95 fb 82 d6 8c fc 82 af 81 41 8e 70 90 a8 82 f0 90 b3 82 b7 81 42 00 82 bb 82 cc 8e 9e 81 41 92 5a 82 b7 82 ac 82 e9 83 58 83 4a 81 5b 83 67 82 cc 89 9c 82 c5 82 cd 81 41 82 ad 82 bf 82 e3 82 e8 81 63 81 63 82 c6 00 82 a2 82 a4 96 a8 82 aa 94 53 82 c2 82 a2 82 bd 82 e6 82 a4 82 c8 89 b9 82 aa 98 52 82 ea 8e 6e 82 df 82 c4 82 a2 82 bd 81 42 00 93 af 8e 9e 82 c9 81 41 8a 84 82 ea 96 da 82 cc 83 56 83 8b 83 47 83 62 83 67 82 a9 82 e7 95 82 82 ab 8f 6f 82 c4 82 ad 82 e9 81 41 95 7a 92 6e 82 cc 00 92 57 82 a2 83 73 83 93 83 4e 82 f0 94 5a 82 a2 83 73 83 93 83 4e 90 46 82 c9 95 cf 90 46 82 b3 82 b9 82 e9 90 f5 82 dd 81 5c 00 8e a9 82 e7 82 cc 90 67 91 cc 82 cc 89 9c 82 a9 82 e7 88 ec 82 ea 82 c4 82 ad 82 e9 82 b1 82 ea 82 e7 82 cc 88 fa e0 ce 82 c8 92 9b 8c f3 82 f0 81 41 00 99 7a 81 58 8e 71 82 cd 82 c7 82 a4 82 c9 82 a9 8c e5 82 e7 82 ea 82 b8 82 c9 8e f6 8b c6 82 f0 8f 49 82 a6 82 bd 81 42 00 53 30 31 30 50 00 56 41 30 31 38 30 31 30 00 81 75 81 63 81 63 82 a6 81 41 82 a6 82 c1 82 c6 81 63 81 63 83 65 83 4c 83 58 83 67 82 cc 82 50 82 58 82 4f 83 79 81 5b 83 57 82 dc 82 c5 82 f0 00 81 40 89 db 91 e8 82 c9 82 b5 82 dc 82 b7 81 63 81 63 82 c1 81 63 81 63 83 93 81 63 81 63 82 a3 81 63 81 63 82 c2 81 41 8e 9f 82 cc 8e f6 8b c6 82 cc 00 81 40 8e 9e 82 c9 81 63 81 63 92 f1 8f 6f 82 b5 82 c4 82 ad 82 be 82 b3 82 a2 81 63 81 63 82 cb 81 63 81 63 81 76 00 82 c7 82 a4 82 c9 82 a9 82 bb 82 ea 82 be 82 af 82 f0 8c be 82 a2 8f 49 82 ed 82 e9 82 c6 81 41 99 7a 81 58 8e 71 82 cd 82 bb 82 cc 8f ea 82 a9 82 e7 00 93 a6 82 b0 82 e9 82 e6 82 a4 82 c9 97 a7 82 bf 8b 8e 82 c1 82 c4 82 a2 82 ad 81 42 00 8b b3 8e ba 93 e0 82 cd 81 41 82 dc 82 be 99 7a 81 58 8e 71 82 cc 94 ad 82 b5 82 bd 89 90 8d 81 82 cc 97 5d 89 43 82 aa 8e 63 82 e8 81 41 90 b6 93 6b 00 92 42 82 cd 90 ba 82 e0 8f 6f 82 b3 82 b8 82 c9 90 c8 82 c9 92 85 82 a2 82 bd 82 dc 82 dc 82 be 81 42 00 94 de 8f 97 82 cc 8e 63 82 b5 82 bd 89 db 91 e8 82 cc 93 e0 97 65 82 f0 8a 6f 82 a6 82 c4 82 a2 82 e9 90 b6 93 6b 82 cd 81 41 88 ea 90 6c 82 e0 00 82 a2 82 c8 82 a9 82 c1 82 bd 81 42 00 3b 40 53 45 4c 4f 4f 50 00 3b 81 96 83 74 83 46 81 5b 83 68 83 41 83 45 83 67 00 3b 23 46 41 44 45 4f 55 54 09 30 09 30 09 38 30 30 09 36 30 30 09 33 30 09 30 09 53 57 57 4b 00 42 47 32 31 30 32 00 3b 23 47 52 4f 56 45 52 4c 41 50 31 09 42 47 30 38 30 32 09 31 30 09 30 09 53 57 57 4b 00 56 41 30 31 38 30 31 31 00 81 75 81 63 81 63 83 93 81 41 82 ad 81 63 81 63 82 ed 81 41 8e 84 81 63 81 63 82 c7 82 a4 82 b5 82 bf 82 e1 82 c1 82 bd 82 cc 81 63 81 63 81 48 81 76 00 56 41 30 31 38 30 31 32 00 81 75 81 63 81 63 8d c5 8b df 81 41 82 b8 82 c1 82 c6 82 b1 82 f1 82 c8 8a b4 82 b6 82 c5 81 63 81 63 82 b7 82 ae 82 c9 83 47 83 62 83 60 82 c8 00 81 40 83 4c 83 82 83 60 82 c9 82 c8 82 c1 82 c4 82 ab 82 bf 82 e1 82 c1 82 c4 81 63 81 63 83 41 83 5c 83 52 82 aa 81 63 81 63 82 f1 82 a3 81 63 81 63 00 81 40 82 ad 82 bf 82 e3 82 ad 82 bf 82 e3 82 b5 82 c4 81 63 81 63 82 ab 82 bf 82 e1 82 a4 81 63 81 63 81 76 00 91 be 91 da 82 f0 82 e6 82 b6 82 e7 82 b9 82 c8 82 aa 82 e7 81 41 99 7a 81 58 8e 71 82 cd 92 4e 82 e0 82 a2 82 c8 82 a2 98 4c 89 ba 82 f0 00 82 e4 82 c1 82 ad 82 e8 82 c6 95 e0 82 a2 82 c4 82 a2 82 bd 81 42 00 90 b3 8b 60 82 cc 82 bd 82 df 82 c9 8e d7 88 ab 82 c8 91 b6 8d dd 82 c6 90 ed 82 a4 81 41 00 96 82 96 40 90 ed 8e 6d 83 58 83 43 81 5b 83 67 83 8a 83 62 83 76 81 5c 00 82 bb 82 ea 82 aa 81 41 94 de 8f 97 82 cc 8e 9d 82 c2 81 41 82 e0 82 a4 88 ea 82 c2 82 cc 8e 70 82 c5 82 a0 82 e9 81 42 00 92 b7 82 a2 8a d4 82 cc 90 ed 82 a2 82 c9 82 d0 82 c6 82 dc 82 b8 82 cc 8f 49 8e 7e 95 84 82 f0 91 c5 82 c1 82 bd 94 de 8f 97 82 cd 81 41 00 88 d9 90 a2 8a 45 82 a9 82 e7 96 df 82 e8 81 41 8c b3 81 58 95 d7 8a 77 82 c9 97 e3 82 f1 82 c5 82 a2 82 bd 82 b1 82 cc 8a 77 89 80 81 41 00 8d 91 8d db 8b b3 93 b1 8a 77 89 80 82 c9 95 9c 8a 77 82 b5 82 c4 82 a2 82 bd 81 42 00 8d 91 8d db 8a d6 8c 57 89 c8 82 c9 8f 8a 91 ae 82 b5 81 41 8a 4f 8c f0 8a af 82 f0 96 da 8e 77 82 b7 94 de 8f 97 82 cc 90 ac 90 d1 82 cd 81 41 00 82 b5 82 ce 82 e7 82 ad 82 cc 83 75 83 89 83 93 83 4e 82 c8 82 c7 8a d6 8c 57 82 c8 82 a2 82 a9 82 cc 94 40 82 ad 81 41 82 b7 82 ae 82 c9 00 8e f1 90 c8 82 c6 82 c8 82 c1 82 c4 82 a2 82 bd 81 42 00 82 bb 82 b5 82 c4 81 41 82 bb 82 cc 97 44 8f 47 82 c8 93 aa 94 5d 82 f0 8c a9 8d 9e 82 dc 82 ea 81 41 8c e3 94 79 82 cc 8a 77 89 80 90 b6 82 bd 82 bf 00 82 cc 93 c1 95 ca 8d 75 8e 74 82 c6 82 b5 82 c4 81 41 8d a1 82 c5 82 cd 8f 54 82 c9 90 94 93 78 82 d9 82 c7 8b b3 95 da 82 f0 8e b7 82 c1 82 c4 82 a2 00 82 e9 81 42 00 93 96 91 52 81 41 94 de 8f 97 82 cc 94 fc 96 65 82 f0 92 6d 82 e7 82 c8 82 a2 8a 77 89 80 90 b6 82 c8 82 c7 88 ea 90 6c 82 e0 82 a2 82 c8 82 a2 81 42 00 94 de 8f 97 82 cc 8e f3 82 af 8e 9d 82 c2 93 c1 95 ca 8e f6 8b c6 82 d6 82 cc 8e 51 89 c1 94 7b 97 a6 82 cd 81 41 82 a2 82 c2 82 e0 90 94 8f 5c 94 7b 00 82 c9 8f e3 82 c1 82 c4 82 a8 82 e8 81 41 82 dc 82 b3 82 c9 81 67 83 76 83 89 83 60 83 69 83 60 83 50 83 62 83 67 81 68 82 c6 82 a2 82 a6 82 bd 81 42 00 82 bb 82 cc 82 d9 82 c6 82 f1 82 c7 82 cd 81 41 8a 77 89 80 88 ea 82 cc 89 c2 97 f7 82 c8 97 65 8e 70 82 f0 8c d6 82 e9 94 de 8f 97 82 cc 8e 70 82 f0 00 82 b6 82 c1 82 ad 82 e8 82 c6 94 71 82 dd 82 bd 82 a2 82 c6 82 a2 82 a4 93 ae 8b 40 82 a9 82 e7 97 88 82 e9 82 e0 82 cc 82 be 82 c1 82 bd 81 42 00 82 bb 82 b5 82 c4 82 bb 82 cc 90 6c 8b 43 82 c9 82 cd 81 41 88 ea 95 94 82 cc 92 6a 8e 71 90 b6 93 6b 82 c9 8d 4c 82 dc 82 c1 82 c4 82 a2 82 e9 00 82 a0 82 e9 89 5c 82 aa 89 c1 82 ed 82 e8 81 41 8d c5 8b df 82 cd 82 b3 82 e7 82 c9 89 df 94 4d 8b 43 96 a1 82 c6 82 c8 82 c1 82 c4 82 a2 82 e9 81 42 00 82 bb 82 cc 89 5c 82 b1 82 bb 82 aa 81 41 94 de 8f 97 82 aa 8e f6 8b c6 82 c9 92 86 82 c9 8c a9 82 b9 82 bd 81 41 92 70 82 b6 82 e7 82 a2 82 c6 00 89 90 82 df 82 a9 82 b5 82 b3 82 c9 96 9e 82 bf 82 bd 8e 70 81 5c 00 95 73 8e a9 91 52 82 c8 82 d9 82 c7 82 cc 92 5a 82 a2 83 58 83 4a 81 5b 83 67 82 a9 82 e7 89 ba 92 85 82 f0 94 60 82 a9 82 b9 81 41 8f ed 82 c9 00 8c be 97 74 82 e2 93 66 91 a7 82 c9 8a c3 82 a2 82 e0 82 cc 82 f0 90 f6 82 dc 82 b9 82 c4 82 a2 82 e9 82 bb 82 cc 8e 70 82 b1 82 bb 82 aa 81 41 00 92 6a 8e 71 92 42 82 cc 89 b2 97 7e 82 f0 91 7e 82 ab 97 a7 82 c4 82 c4 82 a2 82 bd 82 cc 82 be 81 42 00 99 7a 81 58 8e 71 8e a9 90 67 82 e0 81 41 82 bb 82 f1 82 c8 89 5c 82 cc 82 b1 82 c6 82 f0 92 6d 82 e7 82 c8 82 a2 82 ed 82 af 82 c5 82 cd 00 82 c8 82 a9 82 c1 82 bd 81 42 00 82 de 82 b5 82 eb 81 41 92 6a 8e 71 92 42 82 aa 82 bb 82 cc 82 e6 82 a4 82 c8 96 da 82 c5 8e a9 95 aa 82 f0 92 ad 82 df 82 c4 82 a2 82 e9 82 b1 82 c6 00 82 c9 81 41 82 c7 82 b1 82 a9 89 78 82 d1 82 f0 8a b4 82 b6 82 c4 82 b3 82 a6 82 a2 82 e9 82 b1 82 c6 82 c9 81 41 8c cb 98 66 82 a2 82 f0 8a 6f 82 a6 00 82 c4 82 a2 82 bd 81 42 00 82 bb 82 ea 82 cd 81 41 94 de 8f 97 82 aa 92 b7 82 a2 8a d4 90 ed 82 c1 82 c4 82 a2 82 bd 91 8a 8e e8 82 c9 82 e6 82 c1 82 c4 97 5e 82 a6 82 e7 82 ea 00 82 bd 92 70 90 4a 82 cc 92 86 82 c5 81 41 94 de 8f 97 8e a9 90 67 82 aa 8a b4 82 b6 82 c4 82 b5 82 dc 82 c1 82 c4 82 a2 82 bd 8a b4 8a 6f 82 c6 93 af 00 82 b6 82 be 82 c1 82 bd 82 a9 82 e7 82 be 81 42 00 56 41 30 31 38 30 31 33 00 81 75 82 bb 82 f1 82 c8 81 63 81 63 82 bb 82 f1 82 c8 83 52 83 67 81 41 82 c8 82 a2 81 63 81 63 81 76 00 53 30 31 30 4e 00 56 41 30 31 38 30 31 34 00 81 75 8e 84 82 cd 82 e0 82 a4 81 41 83 81 83 62 83 63 83 40 81 5b 82 c6 82 cd 81 63 81 63 83 93 81 41 82 ad 81 63 81 63 82 a3 81 76 00 8b 77 93 47 82 cc 96 bc 91 4f 82 f0 8c fb 82 c9 82 b5 82 c4 81 41 82 a9 82 c2 82 c4 82 cc 96 c4 97 7e 82 c9 82 dc 82 dd 82 ea 82 bd 8e a9 95 aa 82 cc 00 8e 70 82 f0 8c 9c 96 bd 82 c9 8f c1 82 b5 95 a5 82 a8 82 a4 82 c6 82 b7 82 e9 99 7a 81 58 8e 71 81 42 00 82 be 82 aa 81 41 93 e0 91 da 82 f0 93 60 82 c1 82 c4 97 8e 82 bf 82 c4 82 e4 82 ad 88 ea 97 b1 82 cc 8e b4 82 cd 81 41 82 bb 82 cc 94 fc 96 65 82 cc 00 89 9c 82 c9 90 f6 82 de 88 fa 82 e7 82 c8 e1 75 82 ab 82 a9 82 e7 88 ec 82 ea 8f 6f 82 bd 96 a8 82 cc 82 e6 82 a4 82 c9 81 41 82 bb 82 f1 82 c8 94 de 00 8f 97 8e a9 90 67 82 f0 9a 7d 8f ce 82 c1 82 c4 82 a2 82 bd 81 42 00 42 47 32 31 30 34 00 92 6a 00 81 75 82 a4 81 41 82 a4 82 ed 82 a0 82 a0 82 a0 81 49 81 48 82 bd 81 41 8f 95 82 af 82 c4 81 63 81 63 81 49 81 76 00 53 30 34 30 41 00 96 82 95 a8 00 81 75 83 4f 83 51 83 51 83 51 81 63 81 63 81 49 81 76 00 53 30 31 30 42 00 56 41 30 31 38 30 31 35 00 81 75 91 d2 82 bf 82 c8 82 b3 82 a2 81 49 96 82 8a 45 82 a9 82 e7 82 b3 82 dc 82 e6 82 a2 8f 6f 82 c4 82 ab 82 bd 96 82 95 a8 92 42 81 49 00 81 40 82 b1 82 ea 88 c8 8f e3 82 bb 82 cc 90 6c 82 c9 8b df 8a f1 82 e7 82 c8 82 a2 82 c5 81 49 81 76 00 81 75 83 4f 83 4f 83 8b 83 8b 83 8b 81 63 81 63 81 49 81 48 81 76 00 53 30 31 30 41 00 88 c5 82 c9 96 9e 82 bf 82 bd 8a 77 89 80 93 e0 82 cc 88 ea 8a 70 81 5c 00 82 bb 82 b1 82 c9 8e 70 82 f0 8c bb 82 b5 81 41 8a 77 89 80 90 b6 82 f0 8f 50 82 a8 82 a4 82 c6 82 b7 82 e9 96 82 95 a8 82 cc 91 4f 82 c9 81 41 00 8e b5 90 a3 99 7a 81 58 8e 71 82 cd 97 a7 82 bf 82 cd 82 be 82 a9 82 c1 82 c4 82 a2 82 bd 81 42 00 82 a9 82 c2 82 c4 82 cc 93 47 82 c5 82 a0 82 e9 83 81 83 62 83 63 83 40 81 5b 81 45 83 6e 83 43 83 93 83 50 83 8b 82 aa 92 6e 8f e3 82 c9 95 fa 82 c1 82 c4 00 82 a2 82 bd 96 82 95 a8 82 cc 88 ea 95 94 82 cd 81 41 96 a2 82 be 90 6c 8a d4 8a 45 82 c9 90 f6 95 9a 82 b5 82 c4 82 a2 82 bd 81 42 00 8a 6c 95 a8 82 f0 8f 50 82 a8 82 a4 82 c6 82 b5 82 c4 8e 70 82 f0 8c bb 82 b7 82 bb 82 f1 82 c8 96 82 95 a8 82 f0 91 7c 93 a2 82 b7 82 e9 82 cc 82 aa 81 41 00 96 82 96 40 90 ed 8e 6d 82 c6 82 b5 82 c4 82 cc 81 41 8d a1 82 cc 94 de 8f 97 82 cc 94 43 96 b1 82 be 82 c1 82 bd 81 42 00 56 41 30 31 38 30 31 36 00 81 75 82 b1 82 b1 82 cd 94 43 82 b9 82 c4 81 41 91 81 82 ad 93 a6 82 b0 82 c4 82 ad 82 be 82 b3 82 a2 81 49 81 76 00 81 75 82 a6 81 63 81 63 81 48 82 a0 81 41 82 a0 82 a0 81 63 81 63 81 49 81 76 00 8e a9 95 aa 82 c6 96 82 95 a8 82 cc 8a d4 82 c9 8a 84 82 c1 82 c4 93 fc 82 c1 82 bd 8f ad 8f 97 82 c9 91 a3 82 b3 82 ea 81 41 8d 51 82 c4 82 c4 00 82 b1 82 cc 8f ea 82 a9 82 e7 93 a6 82 b0 8b 8e 82 c1 82 c4 82 a2 82 ad 8a 77 89 80 90 b6 81 42 00 82 bb 82 cc 92 6a 82 aa 96 b3 8e 96 82 c9 82 b1 82 cc 8f ea 82 a9 82 e7 97 a7 82 bf 8b 8e 82 c1 82 bd 82 b1 82 c6 82 f0 8a 6d 94 46 82 b5 82 bd 00 99 7a 81 58 8e 71 82 cd 81 41 99 7a 82 c6 82 b5 82 bd 93 b5 82 f0 96 82 95 a8 82 cc 95 fb 82 d6 8c fc 82 af 82 e9 81 42 00 56 41 30 31 38 30 31 37 00 81 75 8d a1 82 b7 82 ae 81 41 96 82 8a 45 82 c9 8a d2 82 b5 82 c4 82 a0 82 b0 82 dc 82 b7 82 a9 82 e7 81 49 00 81 40 82 a2 82 ab 82 dc 82 b7 81 63 81 63 81 49 81 76 00 3b 45 30 31 00 56 41 30 31 38 30 31 38 00 81 75 83 58 83 43 81 5b 83 67 81 45 83 7d 83 57 83 4a 83 8b 81 63 81 63 83 5a 83 93 83 5a 81 5b 83 56 83 87 83 93 81 49 81 76 00 3b 83 74 83 89 83 62 83 56 83 85 00 43 5f 45 30 31 00 4b 33 31 00 53 47 47 47 47 00 45 30 31 41 00 4f 46 46 00 99 7a 81 58 8e 71 82 cc 8c fb 82 a9 82 e7 94 ad 82 b9 82 e7 82 ea 82 bd 97 cd 8b ad 82 a2 8c be 97 74 82 c6 8b a4 82 c9 81 41 94 de 8f 97 82 cc 00 90 67 91 cc 82 f0 92 57 82 ad 90 b4 82 e7 82 a9 82 c8 8c f5 82 e8 82 aa 95 ef 82 dd 8d 9e 82 f1 82 c5 82 a2 82 ad 81 42 00 45 30 31 42 00 8e b5 90 a3 99 7a 81 58 8e 71 82 f0 83 58 83 43 81 5b 83 67 83 8a 83 62 83 76 82 d6 82 c6 90 b6 82 dc 82 ea 95 cf 82 ed 82 e7 82 b9 82 e9 00 81 77 90 b9 97 dc 90 ce 81 78 82 cc 96 82 97 cd 82 cc e0 8a 82 df 82 ab 82 be 81 42 00 45 30 31 43 00 82 bb 82 cc 90 b9 82 c8 82 e9 8c f5 82 cc 89 51 82 cc 92 86 82 c5 81 41 8e b5 90 a3 99 7a 81 58 8e 71 82 cd 82 bb 82 cc 8e 70 82 f0 00 89 c2 97 f7 82 c8 90 ed 8e 6d 82 d6 82 c6 88 da 82 b5 91 d6 82 a6 82 e9 81 42 00 45 30 31 44 00 90 67 82 c9 93 5a 82 c1 82 c4 82 a2 82 bd 90 a7 95 9e 82 cd 8c f5 82 cc 97 b1 82 c6 82 c8 82 c1 82 c4 8f f6 94 ad 82 b5 81 41 82 e2 82 aa 82 c4 00 90 ed 82 a4 82 bd 82 df 82 cc 88 df 82 c6 82 c8 82 c1 82 c4 8e c0 91 cc 89 bb 82 b5 92 bc 82 b7 81 42 00 45 30 31 45 00 82 a2 82 c2 82 e0 82 c8 82 e7 81 41 82 bb 82 ea 82 e7 82 cc 89 df 92 f6 82 cd 8c 8b 8a 45 82 c6 82 a2 82 a4 8c f5 82 cc 96 9a 82 c9 82 e6 82 c1 82 c4 00 8c b5 8f 64 82 c9 8e e7 82 e7 82 ea 81 41 90 94 95 62 82 e0 8c 6f 82 bd 82 c8 82 a2 82 a4 82 bf 82 c9 94 de 8f 97 82 f0 90 b3 8b 60 82 cc 96 82 96 40 00 90 ed 8e 6d 82 d6 82 c6 90 b6 82 dc 82 ea 95 cf 82 ed 82 e7 82 b9 82 e9 82 cd 82 b8 82 be 82 c1 82 bd 81 42 00 45 30 31 46 00 82 be 82 aa 81 41 88 d9 95 cf 82 cd 93 cb 91 52 8b 4e 82 b1 82 c1 82 bd 81 42 00 45 30 31 47 00 99 7a 81 58 8e 71 8e a9 90 67 82 e0 81 41 82 b7 82 ae 82 c9 82 bb 82 ea 82 c9 8b 43 95 74 82 a2 82 bd 81 42 00 95 cf 90 67 82 cc 83 76 83 8d 83 5a 83 58 82 aa 81 41 82 a2 82 c2 82 e0 82 c6 82 cd 94 f7 96 ad 82 c9 8b b6 82 c1 82 c4 82 a2 82 e9 82 b1 82 c6 82 f0 81 42 00 45 30 31 48 00 56 41 30 31 38 30 31 39 00 81 75 81 63 81 63 82 a6 81 63 81 63 82 c1 81 48 81 76 00 56 41 30 31 38 30 32 30 00 81 75 81 63 81 63 82 c8 81 41 89 bd 81 63 81 63 82 c1 81 63 81 63 81 48 00 81 40 82 c7 82 a4 82 b5 82 bd 82 cc 81 41 82 b1 82 ea 81 63 81 63 81 76 00 83 58 83 43 81 5b 83 67 83 8a 83 62 83 76 82 d6 82 cc 95 cf 90 67 82 aa 8f 49 82 ed 82 e7 82 c8 82 a2 81 42 00 82 bb 82 ea 82 c7 82 b1 82 eb 82 a9 81 41 95 cf 90 67 82 cc 89 df 92 f6 82 cd 8f 99 81 58 82 c9 8c b8 91 ac 82 b5 81 41 82 e2 82 aa 82 c4 00 99 7a 81 58 8e 71 82 f0 8c f5 82 cc 96 9a 82 cc 92 86 82 c9 95 f8 82 a6 82 bd 82 dc 82 dc 82 d9 82 c6 82 f1 82 c7 92 e2 8e 7e 82 b5 82 c4 00 82 b5 82 dc 82 c1 82 bd 81 42 00 82 bb 82 b5 82 c4 81 41 82 bb 82 ea 82 c6 88 f8 82 ab 8a b7 82 a6 82 e9 82 a9 82 cc 82 e6 82 a4 82 c9 81 41 94 de 8f 97 82 cc 90 67 91 cc 82 c9 00 e1 83 82 ea 82 e9 82 e6 82 a4 82 c8 8a b4 8a 6f 82 aa 91 96 82 c1 82 bd 81 42 00 45 30 31 49 00 56 41 30 31 38 30 32 31 00 81 75 81 63 81 63 83 93 81 41 82 ad 81 63 81 63 82 a3 81 63 81 63 83 93 81 63 81 63 81 49 81 48 81 76 00 56 41 30 31 38 30 32 32 00 81 75 81 63 81 63 83 93 82 c1 81 41 82 a0 81 41 82 a0 82 9f 81 63 81 63 83 93 81 63 81 63 82 e2 81 41 82 9f 81 63 81 63 00 81 40 82 c8 81 41 89 bd 81 63 81 63 82 b1 82 ea 81 63 81 63 82 a5 81 63 81 63 81 48 81 76 00 90 b9 97 dc 90 ce 82 cc 95 fa 82 c2 e1 bf 82 a2 e0 8a 82 df 82 ab 82 cc 92 86 81 41 92 57 82 a2 83 73 83 93 83 4e 90 46 82 cc 8f ac 82 b3 82 c8 89 ba 92 85 00 82 be 82 af 82 f0 8e 63 82 b5 82 bd 8e 70 82 cc 82 dc 82 dc 81 41 99 7a 81 58 8e 71 82 cd 93 cb 91 52 82 bb 82 cc 90 ae 82 c1 82 bd 94 fc 96 65 82 f0 94 59 00 82 dc 82 b5 82 b0 82 c9 98 63 82 df 8e 6e 82 df 82 bd 81 42 00 90 4f 82 a9 82 e7 82 cd 93 72 90 d8 82 ea 93 72 90 d8 82 ea 82 c9 9a 62 82 ae 82 e6 82 a4 82 c8 90 ba 82 aa 98 52 82 ea 81 41 93 e0 91 da 82 a9 82 e7 00 8e f1 8b d8 82 c9 82 a9 82 af 82 c4 8a c3 82 ad 82 c6 82 eb 82 af 82 e9 82 e6 82 a4 82 c8 82 a2 82 e2 82 e7 82 b5 82 a2 8a b4 8a 6f 82 aa 96 9e 82 bd 00 82 b3 82 ea 82 c4 82 a2 82 ad 82 cc 82 f0 81 41 99 7a 81 58 8e 71 82 cd 8a b4 82 b6 82 c4 82 a2 82 bd 81 42 00 56 41 30 31 38 30 32 33 00 81 75 82 e2 81 41 83 93 81 63 81 63 82 a3 81 63 81 63 82 c1 82 ad 82 a3 81 63 81 63 83 93 81 63 81 63 00 81 40 82 a9 81 41 90 67 91 cc 82 aa 81 63 81 63 94 4d 82 a2 81 63 81 63 82 cc 82 a7 81 63 81 63 82 f1 82 a3 81 63 81 63 81 76 00 56 41 30 31 38 30 32 34 00 81 75 91 be 91 da 82 e2 81 63 81 63 83 93 81 41 82 a8 81 41 82 a8 95 a0 82 cc 89 9c 82 aa 81 63 81 63 82 f1 82 a3 81 63 81 63 00 81 40 94 4d 82 ad 82 c4 81 63 81 63 82 a5 81 63 81 63 83 93 81 41 82 a0 81 41 82 a0 82 9f 81 63 81 63 82 a0 81 41 83 93 81 63 81 63 81 76 00 82 bb 82 ea 82 cd 81 41 8e b5 90 a3 99 7a 81 58 8e 71 82 cc 90 67 91 cc 82 cc 90 63 81 41 8f ac 82 b3 82 ad 94 96 82 a2 89 ba 92 85 82 c9 82 a9 82 eb 00 82 a4 82 b6 82 c4 95 a2 82 ed 82 ea 82 bd 9b 5a 93 f7 82 cc 81 41 82 bb 82 cc 89 9c 82 c9 8d 8f 82 dd 8d 9e 82 dc 82 ea 82 bd 88 fa 82 e7 82 c8 8b 4c 00 89 af 82 c9 82 e6 82 c1 82 c4 88 f8 82 ab 8b 4e 82 b1 82 b3 82 ea 82 c4 82 a2 82 bd 81 42 00 94 de 8f 97 82 aa 83 58 83 43 81 5b 83 67 83 8a 83 62 83 76 82 c9 95 cf 90 67 82 b7 82 e9 82 c6 82 a2 82 a4 82 b1 82 c6 81 5c 00 82 bb 82 ea 82 cd 82 c2 82 dc 82 e8 81 41 83 81 83 62 83 63 83 40 81 5b 82 c9 82 e6 82 c1 82 c4 82 e0 82 bd 82 e7 82 b3 82 ea 82 bd 90 94 81 58 82 cc 00 97 bd 90 4a 82 cc 8b 4c 89 af 81 41 8e 4e 82 b5 91 b1 82 af 82 bd 92 73 91 d4 82 cc 90 94 81 58 82 c6 81 41 94 db 89 9e 82 c8 82 b5 82 c9 8c 8b 82 d1 00 82 c2 82 a2 82 c4 82 a2 82 bd 81 42 00 8c 83 82 b5 82 a2 90 ed 82 a2 82 cc 96 96 82 c9 94 73 82 ea 81 41 82 a0 82 e9 8e 9e 82 cd 8a f5 82 dc 82 ed 82 b5 82 a2 96 82 95 a8 82 c9 94 c6 82 b3 00 82 ea 81 41 82 a0 82 e9 8e 9e 82 cd 89 ba 94 da 82 bd 8e 8b 90 fc 82 c9 82 a0 82 e7 82 ea 82 e0 82 c8 82 a2 8e 70 82 f0 8e 4e 82 b3 82 ea 81 41 82 a0 00 82 e9 8e 9e 82 cd 8e a9 82 e7 93 f7 97 7e 82 f0 8b 81 82 df 91 b1 82 af 82 bd 93 fa 81 58 81 5c 00 99 7a 81 58 8e 71 82 aa 95 cf 90 67 82 cc 8e f4 95 b6 82 f0 8f a5 82 a6 82 bd 93 72 92 5b 81 41 82 bb 82 ea 82 e7 82 cc 8b 4c 89 af 82 cc 91 53 82 c4 00 82 aa 81 41 96 b3 88 d3 8e af 82 cc 82 a4 82 bf 82 c9 90 67 91 cc 82 cc 8d d7 96 45 82 cc 8b f7 81 58 82 c9 82 dc 82 c5 91 4e 96 be 82 c9 8c c4 82 d1 00 8b 4e 82 b1 82 b3 82 ea 82 bd 81 42 00 82 bb 82 b5 82 c4 81 41 92 70 90 4a 82 cc 90 94 81 58 82 c9 94 ed 8b 73 82 cc 89 78 82 d1 82 f0 8a b4 82 b6 82 c4 82 b5 82 dc 82 c1 82 c4 82 a2 82 bd 00 94 de 8f 97 82 cc 90 67 91 cc 82 c9 81 41 82 a0 82 cc 8e 9e 82 c6 93 af 82 b6 88 fa 82 e7 82 c8 94 bd 89 9e 82 f0 88 f8 82 ab 8b 4e 82 b1 82 b5 82 c4 00 82 a2 82 bd 82 cc 82 be 81 42 00 56 41 30 31 38 30 32 35 00 81 75 82 a0 81 41 82 f1 82 a3 81 63 81 63 82 ad 81 63 81 63 82 a3 83 93 81 63 81 63 00 81 40 82 c8 81 41 82 c8 82 9f 82 c9 81 63 81 63 82 a1 81 63 81 63 83 52 83 8c 81 63 81 63 82 a5 81 63 81 63 83 41 83 5c 83 52 82 aa 81 63 81 63 00 81 40 99 7a 81 58 8e 71 82 cc 83 41 83 5c 83 52 82 aa 81 63 81 63 82 b6 82 e3 82 ad 82 b6 82 e3 82 ad 81 63 81 63 82 b5 82 bf 82 e1 82 a4 81 63 81 63 81 76 00 56 41 30 31 38 30 32 36 00 81 75 82 b1 81 41 82 b1 82 f1 82 c8 82 cc 81 63 81 63 83 5f 83 81 81 63 81 63 82 a5 81 63 81 63 00 81 40 82 b1 82 ea 82 b6 82 e1 81 63 81 63 83 93 82 c1 81 63 81 63 82 ad 82 a3 81 63 81 63 83 93 81 41 95 cf 90 67 82 b5 82 c4 81 63 81 63 00 81 40 90 ed 82 a6 82 c8 82 a2 81 63 81 63 82 c1 81 63 81 63 81 76 00 56 41 30 31 38 30 32 37 00 81 75 82 a0 81 41 82 a0 81 41 82 a0 82 a0 81 63 81 63 82 9f 81 63 81 63 83 93 81 49 00 81 40 82 e2 81 41 82 a0 81 41 83 5f 83 81 81 41 8e a1 82 dc 82 c1 82 c4 81 63 81 63 81 41 82 a8 81 41 82 a8 82 cb 82 aa 82 a2 81 63 81 63 00 81 40 82 a0 82 9f 81 63 81 63 83 93 81 63 81 63 82 a3 81 41 82 ad 82 a3 81 63 81 63 82 a3 82 a4 81 63 81 63 83 93 81 49 81 76 00 82 bd 82 be 82 c5 82 b3 82 a6 95 71 8a b4 82 c9 82 c8 82 e8 82 b7 82 ac 82 c4 82 a2 82 c4 81 41 92 6a 8e 71 92 42 82 cc 91 4f 82 c5 8b b3 95 da 82 f0 00 8e b7 82 c1 82 c4 82 a2 82 e9 82 be 82 af 82 c5 e1 75 82 a2 82 c4 82 b5 82 dc 82 a4 82 d9 82 c7 82 c9 88 fa 94 4d 82 c9 90 4e 82 b3 82 ea 82 c4 82 a2 00 82 e9 81 41 8e b5 90 a3 99 7a 81 58 8e 71 82 cc 94 fc 82 b5 82 ad 82 b5 82 c8 82 e2 82 a9 82 c8 8e 88 91 cc 81 42 00 82 bb 82 cc 8f 5f 94 a7 82 cc 89 ba 82 c9 90 f6 82 de 88 fa 94 4d 82 f0 8e a9 82 e7 82 cc 8b 4c 89 af 82 c9 82 e6 82 c1 82 c4 8e 68 8c 83 82 b3 82 ea 00 82 c4 82 b5 82 dc 82 a2 81 41 89 ba 92 85 82 cc 89 9c 82 c9 89 42 82 ea 82 bd 99 7a 81 58 8e 71 82 cc 9b 5a 93 f7 82 a9 82 e7 82 cd 81 41 8d a1 82 c9 00 82 e0 93 a7 96 be 82 c8 94 53 89 74 82 aa 88 ec 82 ea 8f 6f 82 bb 82 a4 82 c6 82 b5 82 c4 82 a2 82 bd 81 42 00 82 c9 82 e0 82 a9 82 a9 82 ed 82 e7 82 b8 81 41 95 cf 90 67 82 cd 92 98 82 b5 82 ad 8c b8 91 ac 82 b5 82 bd 82 dc 82 dc 82 c5 81 41 96 a2 82 be 00 94 de 8f 97 82 cc 8c 60 82 cc 82 e6 82 a2 93 fb 96 5b 82 f0 95 ef 82 de 88 df 82 e2 81 41 8f ac 82 b3 82 c8 89 ba 92 85 82 f0 95 a2 82 c1 82 c4 00 82 ad 82 ea 82 e9 83 58 83 4a 81 5b 83 67 82 cd 8e 70 82 f0 8c bb 82 bb 82 a4 82 c6 82 b5 82 c8 82 a2 81 42 00 88 a4 82 e7 82 b5 82 a2 94 af 8f fc 82 e8 82 e2 81 41 82 b5 82 c8 82 e2 82 a9 82 c8 8e 6c 8e 88 82 f0 95 ef 82 de 83 8d 83 93 83 4f 83 4f 83 8d 81 5b 00 83 75 82 c6 83 6a 81 5b 83 5c 83 62 83 4e 83 58 81 41 83 6e 83 43 83 71 81 5b 83 8b 82 cd 8e c0 91 cc 89 bb 82 b5 82 c4 82 a2 82 e9 82 e0 82 cc 82 cc 81 41 00 8a cc 90 53 82 c8 95 94 95 aa 82 f0 95 a2 82 a4 95 94 95 aa 82 cd 88 ea 8c fc 82 c9 8e c0 91 cc 89 bb 82 b5 82 c8 82 a2 82 cc 82 be 81 42 00 e1 bf 82 a2 8c f5 82 cc 92 86 82 c5 81 41 99 7a 81 58 8e 71 82 cc 9b 5a 8a b4 82 c9 90 6b 82 a6 82 e9 8e 88 91 cc 82 c6 89 90 82 df 82 a9 82 b5 82 ad 00 89 ce 8f c6 82 e9 94 a7 82 cd 81 41 82 bb 82 cc 8e 70 82 f0 8e 4e 82 b5 91 b1 82 af 82 e9 8a 69 8d 44 82 c9 82 c8 82 c1 82 c4 82 b5 82 dc 82 c1 82 c4 00 82 a2 82 e9 81 42 00 56 41 30 31 38 30 32 38 00 81 75 81 63 81 63 83 93 82 a3 81 63 81 63 82 c1 82 ad 81 63 81 63 83 93 81 41 82 c7 81 41 82 c7 82 a4 82 b5 82 c4 81 63 81 63 81 48 00 81 40 95 cf 90 67 82 aa 81 63 81 63 83 93 81 63 81 63 8e 7e 82 dc 82 c1 82 bf 82 e1 82 c1 82 c4 82 e9 81 63 81 63 82 c1 81 63 81 63 81 76 00 56 41 30 31 38 30 32 39 00 81 75 99 7a 81 58 8e 71 82 cc 92 70 82 b8 82 a9 82 b5 82 a2 83 67 83 52 82 aa 81 63 81 63 82 c1 81 63 81 63 00 81 40 93 fb 8e f1 82 c6 83 70 83 93 83 65 83 42 82 aa 8c a9 82 a6 82 bf 82 e1 82 c1 82 bd 82 dc 82 dc 82 c9 82 c8 82 c1 82 c4 81 63 81 63 00 81 40 83 93 81 41 82 ad 81 63 81 63 82 b1 81 41 82 b1 82 f1 82 c8 82 cc 81 63 81 63 83 5f 83 81 82 a5 81 63 81 63 81 76 00 56 41 30 31 38 30 33 30 00 81 75 81 63 81 63 83 93 81 41 82 e2 82 9f 81 63 81 63 83 93 81 63 81 63 82 b1 81 41 82 b1 82 cc 82 dc 82 dc 82 b6 82 e1 81 63 81 63 00 81 40 99 7a 81 58 8e 71 82 cc 81 41 82 a2 81 41 82 a2 82 e2 82 e7 82 b5 82 ad 82 c8 82 c1 82 bf 82 e1 82 c1 82 c4 82 e9 83 67 83 52 81 63 81 63 00 81 40 82 ba 82 f1 82 d4 8c a9 82 a6 82 bf 82 e1 82 a4 81 63 81 63 82 a3 81 63 81 63 81 76 00 82 bb 82 cc 95 71 8a b4 82 c8 95 94 95 aa 82 f0 82 a9 82 eb 82 a4 82 b6 82 c4 89 42 82 b7 82 be 82 af 82 cc 8f ac 82 b3 82 b3 82 b5 82 a9 82 c8 82 a2 00 89 ba 92 85 82 cc 82 dd 82 f0 90 67 82 c9 82 c2 82 af 82 bd 8e 70 82 c5 81 41 99 7a 81 58 8e 71 82 cd 8e 88 91 cc 82 f0 82 ad 82 cb 82 e7 82 b9 82 c8 00 82 aa 82 e7 9a 62 82 ae 82 b1 82 c6 82 b5 82 a9 82 c5 82 ab 82 c8 82 a9 82 c1 82 bd 81 42 00 45 30 31 4a 00 8f ac 82 b3 82 c8 89 ca 8e c0 82 cc 82 e6 82 a4 82 c8 93 fb 8e f1 82 cd 81 41 89 f5 8a b4 82 c9 8d 52 82 a6 82 b8 82 c9 82 a2 82 e2 82 e7 82 b5 82 ad 00 93 cb 8b 4e 82 b5 8e 6e 82 df 81 41 89 ba 92 85 82 c9 82 cd 82 a4 82 c1 82 b7 82 e7 82 c6 90 f5 82 dd 82 aa 9f f8 82 f1 82 c5 82 ad 82 e9 81 42 00 56 41 30 31 38 30 33 31 00 81 75 81 63 81 63 83 93 82 a3 81 63 81 63 82 ad 82 a3 81 41 83 93 81 63 81 63 81 49 00 81 40 82 a0 81 41 82 a0 82 9f 81 41 83 93 81 41 93 fb 8e f1 82 aa 81 63 81 63 83 93 81 41 82 b1 82 f1 82 c8 82 c9 82 a2 82 e2 82 e7 82 b5 82 ad 00 81 40 96 75 82 c1 82 c4 82 ab 82 bf 82 e1 82 c1 82 c4 81 63 81 63 82 e9 81 63 81 63 82 a3 81 63 81 63 81 76 00 56 41 30 31 38 30 33 32 00 81 75 82 a0 81 41 82 a0 82 9f 81 63 81 63 83 93 81 41 83 5f 83 81 81 63 81 63 82 a5 82 a6 81 63 81 63 81 49 00 81 40 83 41 83 5c 83 52 82 cc 89 9c 82 aa 82 ad 82 bf 82 e3 82 ad 82 bf 82 e3 82 a2 82 c1 82 c4 81 63 81 63 83 93 81 41 82 a3 81 63 81 63 00 81 40 83 70 83 93 83 65 83 42 81 63 81 63 94 47 82 ea 82 c4 82 ab 82 bf 82 e1 82 a4 81 63 81 63 82 a3 81 63 81 63 81 76 00 56 41 30 31 38 30 33 33 00 81 75 81 63 81 63 82 e2 81 41 82 a0 83 93 81 63 81 63 82 c1 81 41 82 c7 81 41 82 c7 82 a4 82 b5 82 c4 81 41 82 b1 82 f1 82 c8 81 63 81 63 00 81 40 95 cf 90 67 82 b5 82 c4 82 e9 8d c5 92 86 82 c9 81 63 81 63 83 93 81 41 82 c7 82 a4 82 b5 82 c4 82 b1 82 f1 82 c8 83 47 83 62 83 60 82 c8 00 81 40 8a b4 8a 6f 82 aa 81 63 81 63 82 c1 81 63 81 63 8f 50 82 c1 82 c4 82 ab 82 bf 82 e1 82 a4 82 cc 82 a7 81 63 81 63 81 76 00 56 41 30 31 38 30 33 34 00 81 75 82 a0 81 41 82 9f 81 41 83 93 81 63 81 63 83 5f 83 81 81 63 81 63 82 a5 81 63 81 63 82 b1 82 f1 82 c8 82 cc 81 63 81 63 00 81 40 82 b1 82 f1 82 c8 82 a2 82 e2 82 e7 82 b5 82 a2 82 cc 81 63 81 63 8a b4 82 b6 82 bf 82 e1 81 63 81 63 83 5f 83 81 81 63 81 63 81 49 81 76 00 56 41 30 31 38 30 33 35 00 81 75 82 e0 81 41 82 e0 82 a4 83 81 83 62 83 63 83 40 81 5b 82 cd 81 63 81 63 83 93 81 63 81 63 82 ad 81 63 81 63 00 81 40 82 b1 82 b1 82 c9 82 cd 82 a2 82 c8 82 a2 82 f1 82 be 82 a9 82 e7 81 63 81 63 82 c1 81 63 81 63 82 a3 83 93 81 63 81 63 82 a0 81 41 00 81 40 82 a0 82 f1 82 c8 83 52 83 67 81 41 82 e0 82 a4 8e 76 82 a2 8f 6f 82 b3 82 c8 82 ad 82 c4 82 a2 82 a2 82 cc 81 63 81 63 82 c9 81 63 81 63 81 76 00 45 30 31 4b 00 56 41 30 31 38 30 33 36 00 81 75 82 a0 81 41 82 cd 82 9f 81 63 81 63 82 a0 81 41 82 a0 82 a0 81 63 81 63 83 93 81 49 00 81 40 82 f1 81 41 82 ad 82 a3 81 63 81 63 82 a3 81 63 81 63 83 93 81 41 82 d0 81 41 82 a0 81 41 82 a0 82 a0 82 9f 81 63 81 63 83 93 81 49 81 76 00 3b 40 53 45 4c 4f 4f 50 20 56 31 32 00 95 cf 90 67 82 cc 93 72 92 86 82 c9 8f 50 82 c1 82 c4 82 ad 82 e9 88 fa 82 e7 82 c8 8a b4 8a 6f 82 cc 88 d3 96 a1 82 aa 81 41 00 99 7a 81 58 8e 71 82 c9 82 e0 94 96 81 58 95 aa 82 a9 82 c1 82 c4 82 a2 82 bd 81 42 00 82 be 82 a9 82 e7 82 b1 82 bb 81 41 82 b1 82 cc 82 a2 82 e2 82 e7 82 b5 82 a2 e1 83 82 ea 82 c9 82 b1 82 cc 90 67 82 f0 96 7c 98 4d 82 b3 82 ea 81 41 00 97 ac 82 b3 82 ea 82 c4 82 b5 82 dc 82 a4 82 b1 82 c6 82 c8 82 c7 8f 6f 97 88 82 c8 82 a9 82 c1 82 bd 81 42 00 8e a9 95 aa 82 cc 90 67 91 cc 82 c9 8e 9f 81 58 82 c6 95 82 82 a9 82 d1 8f e3 82 aa 82 e9 88 fa e0 ce 82 c8 94 bd 89 9e 82 f0 8e a9 8a 6f 82 b5 82 c8 00 82 aa 82 e7 81 41 94 de 8f 97 82 cd 82 bb 82 ea 82 f0 97 7d 82 a6 8d 9e 82 de 82 bd 82 df 82 c9 8c 9c 96 bd 82 c9 90 67 91 cc 82 c6 90 53 82 f0 82 e6 00 82 b6 82 e7 82 b9 91 b1 82 af 82 e9 81 42 00 82 bb 82 b5 82 c4 89 bd 82 e6 82 e8 81 41 82 b1 82 cc 82 dc 82 dc 95 cf 90 67 82 aa 8a ae 90 ac 82 b5 82 c8 82 a2 8f f3 91 d4 82 c5 82 cd 93 9e 92 ea 00 90 ed 82 a4 82 b1 82 c6 82 c8 82 c7 8f 6f 97 88 82 b8 81 41 96 da 82 cc 91 4f 82 cc 96 82 95 a8 82 c9 91 ce 82 b5 82 c4 96 b3 96 68 94 f5 82 c8 8e 70 00 82 f0 8e 4e 82 b5 82 c4 82 b5 82 dc 82 a4 82 be 82 af 82 be 82 c1 82 bd 81 42 00 81 67 83 58 83 43 81 5b 83 67 83 8a 83 62 83 76 81 68 82 c9 82 c8 82 ea 82 c8 82 af 82 ea 82 ce 81 41 82 bb 82 b1 82 c9 82 a2 82 e9 82 cc 82 cd 00 82 bd 82 be 82 cc 82 a9 8e e3 82 a2 81 77 8e b5 90 a3 99 7a 81 58 8e 71 81 78 82 c6 82 a2 82 a4 8f ad 8f 97 82 c9 89 df 82 ac 82 c8 82 a2 82 cc 00 82 be 81 42 00 56 41 30 31 38 30 33 37 00 81 75 82 a8 81 41 82 a8 82 cb 82 aa 82 a2 81 63 81 63 82 c1 81 63 81 63 82 ad 81 63 81 63 82 e0 81 41 82 e0 82 a4 8e a1 82 dc 82 c1 82 c4 81 63 81 63 00 81 40 99 7a 81 58 8e 71 82 cc 81 63 81 63 83 93 81 41 92 70 82 b8 82 a9 82 b5 82 a2 83 67 83 52 82 cc 81 63 81 63 82 a0 81 41 83 93 81 41 82 a3 81 63 81 63 00 81 40 82 ad 82 bf 82 e3 82 ad 82 bf 82 e3 82 b5 82 bd 8a b4 8a 6f 81 63 81 63 82 a3 81 63 81 63 83 93 81 41 82 a0 82 9f 81 63 81 63 83 93 81 63 81 63 81 76 00 56 41 30 31 38 30 33 38 00 81 75 82 a2 81 41 82 a2 82 e2 82 e7 82 b5 82 a2 82 cc 82 aa 81 63 81 63 83 93 81 63 81 63 8e a1 82 dc 82 c1 82 c4 82 ad 82 ea 82 c8 82 a2 82 c6 81 63 81 63 00 81 40 82 a0 81 63 81 63 82 c1 81 63 81 63 83 93 81 63 81 63 8e 84 81 63 81 63 83 58 83 43 81 5b 83 67 83 8a 83 62 83 76 82 c9 82 c8 82 c1 82 c4 81 41 00 81 40 90 ed 82 a6 82 c8 82 a2 81 63 81 63 82 c1 81 63 81 63 82 a1 81 63 81 63 81 76 00 56 41 30 31 38 30 33 39 00 81 75 82 a8 81 41 82 a8 82 cb 82 aa 82 a2 81 63 81 63 83 4e 83 43 81 5b 83 93 83 4f 83 8d 83 8a 83 41 82 cc 97 cd 82 f0 81 63 81 63 82 c1 81 63 81 63 00 81 40 83 93 81 41 82 a3 82 a4 81 63 81 63 82 ad 81 63 81 63 8e d7 88 ab 82 f0 93 a2 82 c2 82 bd 82 df 82 cc 97 cd 82 f0 81 63 81 63 00 81 40 91 f7 82 e7 82 b9 82 c8 82 a2 82 c5 81 63 81 63 82 a5 81 63 81 63 81 76 00 56 41 30 31 38 30 34 30 00 81 75 82 b9 81 41 90 b9 97 dc 90 ce 82 cc 8c f5 82 cc 92 86 82 c5 81 63 81 63 83 93 82 a3 81 63 81 63 82 ad 82 a3 81 63 81 63 83 93 81 63 81 63 81 49 00 81 40 8e 84 82 f0 81 63 81 63 83 58 83 43 81 5b 83 67 83 8a 83 62 83 76 82 c9 82 c1 81 63 81 63 82 b5 82 c4 81 63 81 63 00 81 40 82 f1 81 41 82 a0 81 41 82 a0 81 41 83 93 81 63 81 63 82 a0 81 41 82 a0 82 9f 81 41 82 cd 82 9f 81 63 81 63 82 a0 82 9f 81 63 81 63 83 93 81 49 81 76 00 82 b5 82 a9 82 b5 81 41 99 7a 81 58 8e 71 82 aa 8c f5 82 cc 96 9a 82 cc 92 86 82 c5 82 e0 82 aa 82 af 82 ce 82 e0 82 aa 82 ad 82 d9 82 c7 81 41 00 82 bb 82 ea 82 f0 9a 7d 8f ce 82 a4 82 a9 82 cc 82 e6 82 a4 82 c9 81 41 94 de 8f 97 82 cc 90 67 91 cc 82 cc 89 9c 82 c9 90 f6 82 de 9b 5a 94 4d 82 cd 00 82 bb 82 cc e1 75 82 ab 82 f0 98 49 82 ed 82 c9 82 b7 82 e9 81 42 00 93 b5 82 f0 8f 81 82 dc 82 b9 81 41 96 6a 82 f0 8f e3 8b 43 82 b3 82 b9 82 c4 81 41 90 4f 82 f0 8a 9a 82 dd 82 b5 82 df 82 c8 82 aa 82 e7 81 41 00 82 bb 82 f1 82 c8 e1 75 82 ab 82 c9 8c 9c 96 bd 82 c9 8d 52 82 a4 99 7a 81 58 8e 71 81 42 00 82 be 82 aa 81 41 82 bb 82 cc 94 96 82 ad 8f ac 82 b3 82 c8 89 ba 92 85 82 cc 89 ba 82 c5 82 cd 81 41 93 a0 82 af 82 d3 82 e2 82 af 82 bd 89 41 90 4f 00 82 a9 82 e7 88 fa 89 74 82 aa 97 65 8e cd 82 c8 82 ad 81 41 82 be 82 e7 82 b5 82 c8 82 ad 88 ec 82 ea 82 c4 82 ad 82 e9 81 42 00 82 bb 82 b5 82 c4 81 41 99 7a 81 58 8e 71 82 aa 91 be 91 da 82 f0 82 e6 82 b6 82 e7 82 b9 82 e9 82 be 82 af 82 c5 81 41 90 d4 82 ad 8e ee 82 ea 8f e3 00 82 aa 82 c1 82 c4 94 8d 82 ab 8f 6f 82 b5 82 c9 82 c8 82 c1 82 bd 8f ac 82 b3 82 ad 95 71 8a b4 82 c8 95 94 95 aa 82 f0 8e 68 8c 83 82 b5 82 c4 82 b5 00 82 dc 82 a4 81 42 00 56 41 30 31 38 30 34 31 00 81 75 82 a0 81 41 82 a0 81 41 82 a0 82 9f 83 93 81 63 81 63 81 49 82 e2 81 41 83 93 81 41 83 5f 83 81 82 a5 81 63 81 63 81 49 00 81 40 83 4e 81 63 81 63 83 4e 83 8a 83 67 83 8a 83 58 82 aa 81 63 81 63 82 c1 81 63 81 63 83 93 81 41 89 bd 82 e0 82 b5 82 c4 82 c8 82 a2 82 cc 82 c9 81 41 00 81 40 82 de 81 63 81 63 94 8d 82 ab 8f 6f 82 b5 82 c9 82 c8 82 c1 82 c4 82 ab 82 bf 82 e1 82 a4 81 63 81 63 82 c1 81 63 81 63 81 49 81 76 00 56 41 30 31 38 30 34 32 00 81 75 81 63 81 63 82 bb 81 41 82 bb 82 b1 81 63 81 63 83 5f 83 81 81 63 81 63 82 c1 81 63 81 63 82 bb 82 b1 82 cd 81 63 81 63 83 93 81 63 81 63 00 81 40 83 4e 83 8a 83 67 83 8a 83 58 82 cd 81 63 81 63 99 7a 81 58 8e 71 82 cc 88 ea 94 d4 8a b4 82 b6 82 bf 82 e1 82 a4 83 47 83 62 83 60 82 c8 00 81 40 83 67 83 52 82 be 82 a9 82 e7 81 63 81 63 82 c1 81 63 81 63 83 93 82 a3 81 63 81 63 83 5f 83 81 82 c8 82 cc 81 63 81 63 82 a7 81 63 81 63 81 49 81 76 00 56 41 30 31 38 30 34 33 00 81 75 82 a0 82 c1 81 41 82 a0 82 9f 82 9f 81 63 83 93 82 c1 81 41 82 b1 82 b7 82 ea 82 bf 82 e1 82 a4 81 63 81 63 83 70 83 93 83 65 83 42 82 c9 83 4e 83 8a 00 81 40 83 67 83 8a 83 58 81 63 81 63 94 8d 82 ab 8f 6f 82 b5 82 cc 83 4e 83 8a 83 67 83 8a 83 58 82 b1 82 b7 82 ea 82 bf 82 e1 82 c1 82 c4 81 63 81 63 00 81 40 83 93 81 41 82 a0 81 41 82 a0 82 9f 81 63 81 63 83 93 81 41 83 5f 83 81 81 63 81 63 82 a5 81 63 81 63 81 49 81 76 00 56 41 30 31 38 30 34 34 00 81 75 82 a0 81 41 82 d3 82 a0 81 63 81 63 83 93 81 41 83 5f 83 81 81 41 83 5f 83 81 81 41 82 b1 82 ea 88 c8 8f e3 83 47 83 62 83 60 82 c8 89 74 81 63 81 63 00 81 40 82 a0 82 d3 82 ea 82 c4 82 ab 82 bf 82 e1 81 63 81 63 82 e2 81 41 82 e2 81 63 81 63 82 a0 82 9f 82 c1 81 41 82 a0 81 41 82 a0 82 9f 83 93 81 41 00 81 40 83 5f 83 81 82 a5 81 63 81 63 82 c1 81 63 81 49 81 76 00 93 a0 82 af 82 ab 82 c1 82 bd 82 bb 82 cc 90 67 91 cc 82 cc 92 86 82 c5 82 e0 81 41 82 e0 82 c1 82 c6 82 e0 95 71 8a b4 82 c5 82 a2 82 e2 82 e7 82 b5 82 a2 00 95 94 95 aa 82 f0 94 8d 82 ab 94 8d 82 aa 82 b3 82 ea 81 41 8c 83 82 b5 82 a2 90 ab 8a b4 82 c9 9a 62 82 ae 99 7a 81 58 8e 71 81 42 00 83 4b 83 7d 83 93 82 c5 82 ab 82 c8 82 ad 82 c8 82 c1 82 bd 94 de 8f 97 82 cd 81 41 8e 76 82 ed 82 b8 82 bb 82 cc 8d d7 82 a2 8e 77 82 c5 89 ba 92 85 82 cc 00 83 4e 83 8d 83 62 83 60 82 a0 82 bd 82 e8 82 f0 89 9f 82 b3 82 a6 82 c4 82 b5 82 dc 82 c1 82 bd 81 42 00 45 30 31 58 00 56 41 30 31 38 30 34 35 00 81 75 82 d0 82 9f 82 c1 81 41 82 a0 81 41 82 d3 82 9f 81 41 82 a0 82 a0 81 63 81 63 83 93 81 49 81 76 00 82 bb 82 ea 82 cd 8c 8b 89 ca 93 49 82 c9 81 41 8e a9 95 aa 82 cc 90 67 91 cc 82 cc 92 86 82 c5 82 e0 82 c1 82 c6 82 e0 8a b4 82 b6 82 c4 82 b5 82 dc 00 82 a4 95 94 95 aa 82 f0 8e a9 82 e7 82 cc 8e e8 82 c5 8e 68 8c 83 82 b5 82 c4 82 b5 82 dc 82 c1 82 bd 82 be 82 af 82 be 82 c1 82 bd 81 42 00 93 64 8b 43 82 cc 82 e6 82 a4 82 c8 8a b4 8a 6f 82 aa 81 41 99 7a 81 58 8e 71 82 cc 8f 81 82 dd 82 ab 82 c1 82 bd 9b 5a 93 f7 82 cc 89 9c 82 a9 82 e7 00 93 aa 82 cc 90 e6 82 dc 82 c5 82 f0 82 a0 82 c1 82 c6 82 a2 82 a4 8a d4 82 c9 8b ec 82 af 94 b2 82 af 81 41 82 bb 82 cc 8d d7 82 a2 8d 98 82 f0 95 73 00 8e a9 91 52 82 c9 82 ad 82 cb 82 e7 82 b9 82 c4 82 b5 82 dc 82 a4 81 42 00 82 bb 82 cc 94 8f 8e 71 82 c9 81 41 82 a9 82 eb 82 a4 82 b6 82 c4 82 bb 82 cc 94 96 82 a2 95 7a 92 6e 82 c9 89 9f 82 b5 82 c6 82 c7 82 df 82 e7 82 ea 00 82 c4 82 a2 82 bd 91 e5 97 ca 82 cc 88 a4 89 74 82 aa 94 f2 96 97 82 c6 82 c8 82 c1 82 c4 88 ec 82 ea 82 a9 82 a6 82 c1 82 bd 81 42 00 91 e5 97 ca 82 cc 94 53 89 74 82 cc 8e b4 82 aa 8e 6c 95 fb 82 c9 94 f2 82 d1 8e 55 82 e8 81 41 92 f6 82 e6 82 ad 88 f8 82 ab 92 f7 82 dc 82 c1 82 bd 00 93 e0 91 da 82 f0 9f b5 82 cc 82 e6 82 a4 82 c9 82 cd 82 b5 82 bd 82 c8 82 ad 93 48 82 c1 82 c4 81 41 8c f5 82 cc 92 86 82 d6 8e 55 97 90 82 b5 82 c4 00 82 a2 82 ad 81 42 00 56 41 30 31 38 30 34 36 00 81 75 82 a0 81 41 82 a0 82 9f 81 63 81 63 83 93 81 41 82 e2 81 41 82 a0 81 63 81 63 83 93 81 63 81 63 82 c1 81 49 00 81 40 82 f1 82 a3 81 63 81 63 82 ad 81 63 81 63 82 a3 83 93 81 63 81 63 82 db 82 bd 82 db 82 bd 97 8e 82 bf 82 c4 82 e9 81 63 81 63 81 49 00 81 40 83 70 83 93 83 65 83 42 82 a9 82 e7 83 47 83 62 83 60 82 c8 89 74 81 63 81 63 82 a0 82 d3 82 ea 82 bf 82 e1 82 c1 82 c4 82 e9 81 63 81 63 81 76 00 56 41 30 31 38 30 34 37 00 81 75 82 a0 81 41 82 a0 83 93 81 41 82 e2 81 63 81 63 83 93 81 63 81 63 83 5f 83 81 81 63 81 63 82 a5 81 63 81 63 81 49 00 81 40 82 c6 82 dc 82 e7 82 c8 82 a2 81 63 81 63 82 c1 81 63 81 63 83 4e 83 8a 83 67 83 8a 83 58 8a b4 82 b6 89 df 82 ac 82 bf 82 e1 82 c1 82 c4 81 41 00 81 40 99 7a 81 58 8e 71 82 cc 83 47 83 62 83 60 82 c8 89 74 82 aa 82 a2 82 c1 82 cf 82 a2 8f 6f 82 bf 82 e1 82 a4 81 63 81 63 82 a3 81 63 81 63 81 49 81 76 00 56 41 30 31 38 30 34 38 00 81 75 82 a8 81 41 82 a8 82 cb 82 aa 82 a2 81 63 81 63 82 e0 82 a4 81 41 82 a0 82 d3 82 ea 82 c8 82 a2 82 c5 82 a5 81 63 81 63 81 49 00 81 40 92 70 82 b8 82 a9 82 b5 82 ad 82 c4 81 63 81 63 83 93 81 41 83 47 83 62 83 60 82 c8 89 74 81 63 81 63 82 c1 81 63 81 63 82 e0 81 41 82 e0 82 a4 00 81 40 82 b1 82 ea 88 c8 8f e3 81 63 81 63 8f 6f 82 bf 82 e1 81 41 83 5f 83 81 81 63 81 63 82 a5 81 63 81 63 81 49 81 76 00 56 41 30 31 38 30 34 39 00 81 75 82 a0 83 93 81 41 82 a0 82 9f 81 63 81 63 82 a0 81 41 82 9f 83 93 82 c1 81 63 81 63 82 ad 82 a3 83 93 81 63 81 63 82 c1 81 49 00 81 40 82 a0 81 41 82 e2 82 9f 81 63 81 63 82 a0 81 41 82 a0 82 a0 81 63 81 63 82 a0 82 9f 83 93 81 63 81 63 82 c1 81 63 81 63 81 49 81 76 00 82 bb 82 ea 82 c5 82 e0 90 b3 8b 60 82 f0 8e e7 82 e9 82 bd 82 df 82 c9 82 bb 82 cc 90 67 82 f0 93 8a 82 b0 8f 6f 82 bb 82 a4 82 c6 82 b7 82 e9 00 99 7a 81 58 8e 71 82 cc 88 d3 8e 75 82 f0 8c a9 8e cc 82 c4 82 c4 82 a2 82 c8 82 a2 82 a9 82 cc 82 e6 82 a4 82 c9 81 41 95 cf 90 67 82 cc 8e f4 95 b6 82 cd 00 82 e4 82 c1 82 ad 82 e8 82 c6 90 69 8d 73 82 b5 82 c4 82 a2 82 ad 81 42 00 45 30 31 4d 00 8b c9 92 5b 82 c9 8d ac 82 dd 8d 87 82 c1 82 bd 89 f1 90 fc 8f f3 8b b5 82 cc 92 86 82 c5 82 c7 82 a4 82 c9 82 a9 95 60 89 e6 82 b5 82 e6 82 a4 82 c6 00 82 b7 82 e9 83 75 83 89 83 45 83 55 82 cc 82 e6 82 a4 82 c9 81 41 8e 63 82 b3 82 ea 82 bd 83 58 83 43 81 5b 83 67 83 8a 83 62 83 76 82 cc 88 df 82 cc 00 82 a4 82 bf 81 41 8f e3 94 bc 90 67 82 f0 95 a2 82 a4 95 94 95 aa 82 aa 8f 99 81 58 82 c9 8e c0 91 cc 89 bb 82 b5 8e 6e 82 df 82 bd 81 42 00 82 e2 82 aa 82 c4 81 41 96 63 82 e7 82 f1 82 be 8c a8 8c fb 82 f0 8e 9d 82 c2 91 b3 82 c6 89 c2 88 a4 82 e7 82 b5 82 a2 83 8a 83 7b 83 93 81 41 00 83 5a 81 5b 83 89 81 5b 95 9e 82 c9 82 e6 82 ad 8e 97 82 bd 8b dd 82 f0 8e 9d 82 c1 82 bd 88 d3 8f a0 82 cc 83 52 83 58 83 60 83 85 81 5b 83 80 82 aa 81 41 00 98 49 82 ed 82 c9 82 c8 82 c1 82 c4 82 a2 82 bd 94 de 8f 97 82 cc 93 fb 96 5b 82 f0 95 a2 82 c1 82 c4 82 a2 82 c1 82 bd 81 42 00 45 30 31 4c 00 56 41 30 31 38 30 35 30 00 81 75 81 63 81 63 83 93 81 41 82 ad 81 63 81 63 82 a3 81 41 83 93 81 63 81 63 00 81 40 82 e2 81 41 82 e2 82 c1 82 c6 8b b9 82 aa 81 63 81 63 89 42 82 ea 82 c4 82 ad 82 ea 82 e9 81 63 81 63 81 76 00 56 41 30 31 38 30 35 31 00 81 75 81 63 81 63 82 a6 81 41 82 a5 81 48 00 81 40 82 a0 81 41 82 a0 81 41 82 d0 82 a0 82 9f 81 63 81 63 83 93 81 49 82 e2 81 41 83 93 81 41 83 5f 83 81 81 63 81 63 82 a5 81 63 81 63 81 49 81 76 00 82 be 82 aa 82 bb 82 cc 82 b1 82 c6 82 aa 81 41 8b 70 82 c1 82 c4 8b 77 82 c6 82 c8 82 e9 81 42 00 99 7a 81 58 8e 71 82 cc 8b b9 82 f0 95 a2 82 c1 82 bd 83 52 83 58 83 60 83 85 81 5b 83 80 82 cc 97 a0 92 6e 82 aa 81 41 82 a2 82 e2 82 e7 82 b5 82 ad 00 96 75 82 c1 82 bd 82 dc 82 dc 82 cc 94 de 8f 97 82 cc 93 fb 8e f1 82 c9 82 b1 82 b7 82 ea 81 41 94 db 89 9e 82 c8 82 ad 8e 68 8c 83 82 f0 97 5e 82 a6 00 82 c4 82 b5 82 dc 82 c1 82 bd 82 cc 82 be 81 42 00 82 dc 82 e9 82 c5 90 eb 82 c1 82 c4 95 71 8a b4 82 c9 82 c8 82 c1 82 bd 93 fb 8e f1 82 f0 97 90 96 5c 82 c9 93 45 82 dc 82 ea 82 bd 82 e6 82 a4 82 c8 00 8e 68 8c 83 82 f0 97 81 82 d1 82 c4 81 41 99 7a 81 58 8e 71 82 cd 82 e6 82 e8 82 a2 82 c1 82 bb 82 a4 90 67 91 cc 82 f0 82 ad 82 cb 82 e7 82 b9 82 c4 00 96 e3 82 a6 82 c4 82 b5 82 dc 82 a4 81 42 00 56 41 30 31 38 30 35 32 00 81 75 82 a0 81 41 82 a0 82 9f 81 41 82 a0 81 63 81 63 83 93 81 41 82 bf 81 41 93 fb 8e f1 82 aa 81 63 81 63 82 c1 81 63 81 63 00 81 40 82 a2 82 e2 82 e7 82 b5 82 ad 96 75 82 c1 82 bf 82 e1 82 c1 82 c4 82 e9 99 7a 81 58 8e 71 82 cc 93 fb 8e f1 82 aa 81 63 81 63 83 93 81 63 81 63 00 81 40 82 b1 81 41 82 b1 82 b7 82 ea 82 bf 82 e1 82 c1 82 c4 81 63 81 63 8a b4 82 b6 82 c4 82 ab 82 bf 82 e1 82 a4 81 63 81 63 82 a3 81 63 81 63 81 49 81 76 00 56 41 30 31 38 30 35 33 00 81 75 82 e2 81 41 82 e2 82 9f 81 63 81 63 83 93 81 41 82 e0 82 a4 81 63 81 63 82 c7 82 a4 82 b7 82 ea 82 ce 82 a2 82 a2 82 cc 81 63 81 63 82 a7 81 63 81 63 00 81 40 83 41 83 5c 83 52 82 e0 81 63 81 63 82 ad 82 a3 81 41 83 93 81 41 82 a3 81 63 81 63 82 ad 81 63 81 63 93 fb 8e f1 82 e0 81 63 81 63 00 81 40 8a b4 82 b6 89 df 82 ac 82 bf 82 e1 82 c1 82 c4 81 63 81 63 82 e0 81 41 91 cf 82 a6 82 e7 82 ea 82 c8 82 a2 81 63 81 63 82 c1 81 63 81 63 81 76 00 56 41 30 31 38 30 35 34 00 81 75 83 93 81 63 81 63 82 c1 82 ad 82 a3 81 63 81 63 82 a4 83 93 82 c1 81 63 81 63 82 a0 81 41 82 a0 82 9f 81 63 81 63 83 93 81 49 00 81 40 82 e2 82 9f 83 93 81 41 82 e8 81 41 99 7a 81 58 8e 71 82 cc 83 41 83 5c 83 52 81 41 82 d0 82 ad 82 d0 82 ad 82 b5 82 c4 82 e9 82 a3 81 41 00 81 40 82 a0 81 63 81 63 82 a0 82 9f 81 41 83 93 81 63 81 63 82 e2 82 c1 81 63 81 63 82 a0 82 9f 81 41 82 a0 82 a0 83 93 81 63 81 63 81 49 81 76 00 56 41 30 31 38 30 35 35 00 81 75 82 d0 81 41 82 a0 82 c1 82 9f 81 41 82 e2 81 63 81 63 83 93 81 63 81 63 82 c1 81 63 81 63 81 49 82 e0 81 41 83 5f 83 81 82 a5 82 c1 81 63 81 63 81 49 00 81 40 82 a8 90 4b 82 e0 81 63 81 63 82 c1 81 63 81 63 82 d5 82 e9 82 d5 82 e9 90 6b 82 a6 82 bf 82 e1 82 c1 82 c4 81 63 81 63 00 81 40 82 c6 82 dc 82 e7 82 c8 82 ad 82 c8 82 c1 82 c4 82 ab 82 bf 82 e1 82 a4 81 63 81 63 82 c1 81 63 81 63 81 49 81 76 00 56 41 30 31 38 30 35 36 00 81 75 82 a0 81 41 82 a0 83 93 81 63 81 63 82 c1 81 63 81 63 82 a0 81 63 81 63 82 a0 82 d3 82 ea 82 c4 82 ad 82 e9 81 63 81 63 82 c1 81 63 81 63 81 49 00 81 40 99 7a 81 58 8e 71 82 cc 83 47 83 62 83 60 82 c8 88 a4 89 74 82 c1 81 63 81 63 83 93 81 63 81 63 82 a2 81 41 82 a2 82 c1 82 cf 82 a2 81 63 81 63 00 81 40 83 70 83 93 83 65 83 42 82 a9 82 e7 81 63 81 63 90 f5 82 dd 8f 6f 82 b5 82 c4 82 ab 82 bf 82 e1 82 a4 82 cc 81 63 81 63 82 a7 81 63 81 63 81 49 81 76 00 56 41 30 31 38 30 35 37 00 81 75 81 63 81 63 83 93 82 a3 81 63 81 63 82 ad 82 a3 83 93 81 41 82 a0 81 41 83 93 81 41 83 5f 83 81 81 63 81 63 82 a6 82 a5 81 63 81 63 81 49 00 81 40 83 47 83 62 83 60 82 c8 90 ba 82 e0 81 63 81 63 82 c1 81 63 81 63 82 a8 81 41 97 7d 82 a6 82 e7 82 ea 82 c8 82 a2 81 63 81 63 00 81 40 88 a4 89 74 82 c6 93 af 82 b6 82 ad 82 e7 82 a2 81 63 81 63 82 c5 82 c4 82 ab 82 bf 82 e1 82 a4 81 63 81 63 82 c1 81 49 81 76 00 56 41 30 31 38 30 35 38 00 81 75 82 a0 81 41 82 a0 82 c1 81 63 81 63 82 d0 82 a0 82 9f 81 63 81 63 82 a0 82 c1 81 63 81 63 82 a0 82 a0 83 93 81 63 81 63 81 49 00 81 40 82 e2 82 9f 81 63 81 63 82 a0 81 63 81 63 82 a0 82 a0 81 63 81 63 83 93 81 63 81 63 81 49 81 76 00 95 cf 90 67 82 cc 8d c5 92 86 81 41 8e a9 82 e7 82 cc 90 67 91 cc 82 cc 88 fa 82 e7 82 c8 94 bd 89 9e 82 c9 81 41 82 e0 82 cd 82 e2 90 e2 92 b8 90 a1 91 4f 00 82 c9 82 dc 82 c5 92 c7 82 a2 8b 6c 82 df 82 e7 82 ea 82 bd 8e b5 90 a3 99 7a 81 58 8e 71 81 42 00 45 30 31 50 00 82 bb 82 ea 82 c5 82 e0 82 c7 82 a4 82 c9 82 a9 91 cf 82 a6 91 b1 82 af 81 41 82 e6 82 a4 82 e2 82 ad 83 58 83 43 81 5b 83 67 83 8a 83 62 83 76 82 cc 00 83 52 83 58 83 60 83 85 81 5b 83 80 82 cc 8d c5 8c e3 82 cc 95 94 95 aa 82 c5 82 a0 82 e9 83 7e 83 6a 83 58 83 4a 81 5b 83 67 82 aa 81 41 00 82 d0 82 e7 82 d0 82 e7 82 c6 96 7c 82 e8 82 c8 82 aa 82 e7 82 e4 82 c1 82 ad 82 e8 82 c6 8e c0 91 cc 89 bb 82 b5 8e 6e 82 df 82 bd 81 42 00 45 30 31 4e 00 56 41 30 31 38 30 35 39 00 81 75 81 63 81 63 82 a4 81 41 83 93 82 ad 82 a3 81 63 81 63 83 93 81 41 82 e2 81 41 82 e2 82 c1 82 c6 81 63 81 63 83 93 81 63 81 63 00 81 40 83 58 83 4a 81 5b 83 67 82 aa 81 63 81 63 8c bb 82 ed 82 ea 82 c4 82 ad 82 ea 82 bd 81 63 81 63 82 c1 81 63 81 63 82 cc 81 63 81 63 81 76 00 56 41 30 31 38 30 36 30 00 81 75 82 b1 81 41 82 b1 82 ea 82 c5 81 63 81 63 83 93 81 41 82 d1 82 b5 82 e5 82 d1 82 b5 82 e5 82 c9 82 c8 82 c1 82 bf 82 e1 82 c1 82 bd 92 70 82 b8 00 81 40 82 a9 82 b5 82 a2 83 70 83 93 83 65 83 42 82 e0 81 63 81 63 82 f1 82 a3 81 41 82 ad 81 63 81 63 83 93 81 63 81 63 89 42 82 ea 82 c4 82 ad 82 ea 00 81 40 82 e9 81 63 81 63 82 c1 81 63 81 63 81 76 00 56 41 30 31 38 30 36 31 00 81 75 81 63 81 63 83 93 82 a3 81 63 81 63 82 ad 81 63 81 63 83 93 81 41 82 c5 81 41 82 c5 82 e0 81 63 81 63 83 93 81 63 81 63 00 81 40 95 cf 90 67 82 b7 82 e9 82 bd 82 d1 82 c9 82 b1 82 f1 82 c8 82 c9 83 47 83 62 83 60 82 c9 8a b4 82 b6 82 bf 82 e1 82 c1 82 c4 82 bd 82 e7 81 63 81 63 00 81 40 82 b1 82 ea 82 a9 82 e7 81 63 81 63 82 c7 81 41 82 c7 82 a4 82 b5 82 bd 82 e7 82 a2 82 a2 82 cc 81 63 81 63 82 a7 81 63 81 63 81 48 81 76 00 56 41 30 31 38 30 36 32 00 81 75 82 a0 81 41 82 a0 81 41 82 a0 82 9f 81 63 81 63 82 a0 81 41 82 a0 81 63 81 63 83 93 81 49 00 81 40 82 e2 81 63 81 63 82 c1 81 63 81 63 83 93 81 41 83 5f 83 81 82 a5 81 41 82 dc 81 41 82 dc 82 be 81 63 81 63 83 41 83 5c 83 52 82 aa 00 81 40 8a b4 82 b6 82 bf 82 e1 82 a4 82 cc 81 63 81 63 8e a1 82 dc 82 e7 82 c8 82 a2 81 63 81 63 82 cc 81 63 81 63 82 a7 81 63 81 63 81 49 81 76 00 56 41 30 31 38 30 36 33 00 81 75 82 b1 81 41 82 b1 82 cc 82 dc 82 dc 82 b6 82 e1 81 63 81 63 83 58 83 43 81 5b 83 67 83 8a 83 62 83 76 82 c9 82 c8 82 c1 82 c4 82 e0 81 63 81 63 00 81 40 83 93 81 63 81 63 82 bf 81 41 82 bf 82 e1 82 f1 82 c6 81 63 81 63 90 ed 82 a6 82 c8 82 a2 81 63 81 63 82 c1 81 63 81 63 81 76 00 56 41 30 31 38 30 36 34 00 81 75 83 41 83 5c 83 52 82 f0 82 ad 82 bf 82 e3 82 ad 82 bf 82 e3 82 b3 82 b9 82 c4 81 63 81 63 83 47 83 62 83 60 82 c8 89 74 82 c5 83 70 83 93 83 65 83 42 00 81 40 82 f0 82 ae 82 b5 82 e5 82 ae 82 b5 82 e5 82 c9 82 b3 82 b9 82 bd 82 dc 82 dc 82 c8 82 f1 82 c4 81 63 81 63 82 e0 81 41 82 e0 82 b5 81 63 81 63 00 81 40 83 93 81 63 81 63 92 4e 82 a9 82 c9 81 63 81 63 82 bb 82 f1 82 c8 83 67 83 52 8c a9 82 e7 82 ea 82 bf 82 e1 82 c1 82 bd 82 e7 81 63 81 63 81 76 00 56 41 30 31 38 30 36 35 00 81 75 81 63 81 63 83 93 81 41 82 a6 81 41 82 a6 81 63 81 63 81 48 00 81 40 82 a0 81 41 82 a0 82 9f 81 63 81 63 83 93 81 41 82 e2 81 41 82 a0 81 41 82 a0 82 a0 81 63 81 63 83 93 81 63 81 63 81 49 00 81 40 83 5f 83 81 81 63 81 63 82 a5 81 63 81 63 81 49 81 76 00 45 30 31 52 00 8e b5 90 a3 99 7a 81 58 8e 71 82 aa 95 cf 90 67 82 cc 8e f4 95 b6 82 f0 8f a5 82 a6 81 41 82 e6 82 a4 82 e2 82 ad 83 58 83 43 81 5b 83 67 83 8a 83 62 00 83 76 82 c6 82 b5 82 c4 82 cc 8e 70 82 f0 8a ae 90 ac 82 b3 82 b9 82 e6 82 a4 82 c6 82 b5 82 c4 82 a2 82 e9 82 dc 82 c5 82 cc 8a d4 82 c9 81 41 00 88 ea 91 cc 82 c7 82 cc 82 ad 82 e7 82 a2 82 cc 8e 9e 8a d4 82 aa 8c 6f 89 df 82 b5 82 c4 82 b5 82 dc 82 c1 82 bd 82 cc 82 a9 81 42 00 45 30 31 51 00 82 a2 82 c2 82 e0 82 c8 82 e7 95 cf 90 67 82 cc 93 72 92 86 82 cc 96 b3 96 68 94 f5 82 c8 8e 70 82 f0 93 47 82 a9 82 e7 8e e7 82 c1 82 c4 82 ad 82 ea 00 82 e9 81 41 82 bb 82 b5 82 c4 8d a1 93 fa 82 e0 82 b1 82 b1 82 dc 82 c5 94 de 8f 97 82 cc 90 67 82 f0 95 a2 82 c1 82 c4 82 ad 82 ea 82 c4 82 a2 82 bd 00 90 b9 97 dc 90 ce 82 cc 8c f5 81 42 00 82 bb 82 cc 8c f5 82 cc 96 9a 82 cd 81 41 82 b7 82 c5 82 c9 e0 8a 82 df 82 ab 82 f0 8e b8 82 c1 82 c4 82 a2 82 bd 81 5c 00 82 bb 82 cc 82 b1 82 c6 82 c9 83 58 83 43 81 5b 83 67 83 8a 83 62 83 76 82 aa 8b 43 95 74 82 a2 82 bd 82 cc 82 cd 81 41 82 e6 82 a4 82 e2 82 ad 83 58 00 83 4a 81 5b 83 67 82 aa 8e c0 91 cc 89 bb 82 b5 81 41 91 bd 8f ad 82 c8 82 e8 82 c6 82 e0 8e fc 88 cd 82 f0 8e 66 82 a4 97 5d 97 54 82 aa 90 b6 82 dc 00 82 ea 82 bd 8e 9e 82 be 82 c1 82 bd 81 42 00 94 de 8f 97 82 d9 82 c7 82 cc 97 f0 90 ed 82 cc 96 82 96 40 90 ed 8e 6d 82 aa 82 bb 82 ea 82 c9 8b 43 95 74 82 a9 82 c8 82 a2 82 d9 82 c7 81 41 82 bb 00 82 cc 90 67 82 f0 8f 50 82 c1 82 bd 89 f5 8a b4 82 cd 81 41 94 de 8f 97 82 cc 88 d3 8e af 82 b7 82 e7 82 e0 e1 83 82 ea 82 b3 82 b9 82 c4 82 a2 82 bd 00 82 cc 82 be 81 42 00 4b 31 30 00 45 30 31 54 00 56 41 30 31 38 30 36 36 00 81 75 82 a0 81 41 82 a0 82 a0 81 41 83 93 81 41 83 5f 83 81 81 63 81 63 82 a5 81 63 81 63 81 49 00 81 40 82 bb 81 41 82 bb 82 f1 82 c8 83 67 83 52 82 c9 81 63 81 63 90 47 8e e8 81 63 81 63 82 a2 82 e2 82 e7 82 b5 82 a2 93 cb 8b 4e 82 cc 82 c2 82 a2 82 bd 00 81 40 90 47 8e e8 81 63 81 63 83 93 81 41 82 cb 82 b6 82 b1 82 f1 82 b6 82 e1 81 63 81 63 83 5f 83 81 82 a5 82 a5 81 63 81 63 82 c1 81 49 81 76 00 95 cf 90 67 93 72 92 86 82 cc 83 58 83 43 81 5b 83 67 83 8a 83 62 83 76 82 f0 8e e7 82 e9 90 b9 97 dc 90 ce 82 cc 8c f5 82 aa 8e b8 82 ed 82 ea 82 ea 00 82 ce 81 41 94 de 8f 97 82 cc 90 c6 8e e3 82 c8 8e 70 82 cd 93 96 91 52 96 82 95 a8 82 cc 91 4f 82 c9 8e 4e 82 b3 82 ea 82 e9 82 dc 82 dc 82 c9 82 c8 00 83 58 83 43 81 5b 83 67 83 8a 83 62 83 76 82 f0 91 5f 82 a4 96 82 95 a8 82 aa 81 41 82 bb 82 f1 82 c8 8e 70 82 f0 96 d9 82 c1 82 c4 8c a9 93 a6 82 b7 00 82 cd 82 b8 82 cd 82 c8 82 a9 82 c1 82 bd 81 42 00 82 a4 82 cb 82 a4 82 cb 82 c6 82 cc 82 bd 82 a4 82 c2 88 fa e0 ce 82 c8 90 47 8e e8 82 f0 90 4c 82 ce 82 b5 81 41 83 58 83 43 81 5b 83 67 83 8a 83 62 00 83 76 82 cc 8d b6 8e e8 82 f0 97 8d 82 df 8e e6 82 c1 82 c4 88 f8 8a f1 82 b9 82 e9 82 c6 81 41 95 ca 82 cc 90 47 8e e8 82 f0 94 de 8f 97 82 cc 93 a0 00 82 af 82 ab 82 c1 82 bd 8c d2 8a d4 82 d6 82 c6 94 45 82 d1 8d 9e 82 dc 82 b9 82 bd 82 cc 82 be 81 42 00 82 a2 82 e2 82 e7 82 b5 82 a2 94 53 89 74 82 c9 82 e6 82 c1 82 c4 82 ca 82 e9 82 ca 82 e9 82 b5 82 c4 82 a2 82 e9 91 be 91 da 82 cc 8c 84 8a d4 82 c9 00 82 cb 82 b6 93 fc 82 ea 82 e7 82 ea 82 bd 90 47 8e e8 81 42 00 82 bb 82 cc 81 41 92 6a 90 ab 8a ed 82 c9 8d 93 8e 97 82 b5 82 bd 90 e6 92 5b 95 94 82 aa 81 41 97 65 8e cd 82 c8 82 ad 83 58 83 43 81 5b 83 67 83 8a 00 83 62 83 76 82 cc 95 71 8a b4 82 c9 82 c8 82 c1 82 bd 95 94 95 aa 82 d6 82 c6 8e 43 82 e8 82 c2 82 af 82 e7 82 ea 82 c4 82 a2 82 ad 81 42 00 94 e9 95 94 82 cc 9b 5a 93 f7 82 aa 8b f3 8b 43 82 c9 90 47 82 ea 82 c4 82 a2 82 e9 82 be 82 af 82 c5 8a b4 82 b6 82 c4 82 b5 82 dc 82 a4 82 e6 82 a4 00 82 c8 8f f3 91 d4 82 cc 83 58 83 43 81 5b 83 67 83 8a 83 62 83 76 82 cd 81 41 82 bd 82 bf 82 dc 82 bf 83 41 83 4e 83 81 90 a1 91 4f 82 cc 9a 62 82 ac 00 90 ba 82 f0 8f e3 82 b0 82 c8 82 aa 82 e7 90 67 91 cc 82 f0 82 e6 82 b6 82 e7 82 b9 82 c4 82 b5 82 dc 82 c1 82 bd 81 42 00 45 30 31 53 00 56 41 30 31 38 30 36 37 00 81 75 82 a0 81 41 82 a0 81 63 81 63 82 d0 82 9f 81 63 81 63 82 a0 81 63 81 63 82 a0 81 41 82 a0 82 a0 83 93 81 63 81 63 83 5f 81 41 83 5f 83 81 82 a5 81 49 00 81 40 99 7a 81 58 8e 71 82 cc 81 63 81 63 82 d1 82 b5 82 e5 82 d1 82 b5 82 e5 82 c9 82 c8 82 c1 82 bf 82 e1 82 c1 82 c4 82 e9 83 70 83 93 83 65 83 42 82 c9 00 81 40 82 bb 82 f1 82 c8 82 cc 82 b1 82 b7 82 e8 82 c2 82 af 82 bf 82 e1 81 63 81 63 82 e2 82 9f 81 63 81 63 83 93 81 49 81 76 00 56 41 30 31 38 30 36 38 00 81 75 82 a8 81 41 82 a8 82 cb 82 aa 82 a2 81 63 81 63 82 e2 82 df 82 c4 81 41 82 bb 82 f1 82 c8 82 cc 82 b3 82 ea 82 bd 82 e7 81 63 81 63 83 93 81 41 00 81 40 82 e8 81 41 99 7a 81 58 8e 71 81 63 81 63 95 cf 90 67 82 b5 82 c8 82 aa 82 e7 81 41 83 43 81 41 83 43 82 c1 82 bf 82 e1 82 a4 82 a9 82 e7 81 41 00 81 40 82 a0 81 41 82 a0 82 9f 81 41 82 a0 81 41 82 a0 82 a0 81 63 81 63 82 a3 81 63 81 63 83 93 81 49 81 76 00 83 58 83 43 81 5b 83 67 83 8a 83 62 83 76 82 cc 94 df 92 c9 82 c8 8d a7 8a e8 82 cd 81 41 90 47 8e e8 95 5c 96 ca 82 cc 94 53 89 74 82 c6 94 de 8f 97 82 cc 00 90 82 82 e7 82 b7 88 a4 89 74 82 aa 8d ac 82 b4 82 e8 8d 87 82 a4 82 a2 82 e2 82 e7 82 b5 82 a2 89 b9 82 c9 8d ac 82 b6 82 c1 82 c4 81 41 82 a9 82 ab 8f c1 00 82 b3 82 ea 82 c4 82 a2 82 ad 81 42 00 90 47 8e e8 95 5c 96 ca 82 a9 82 e7 82 cd 81 41 94 5e 82 aa 8b c3 8c c5 82 b5 82 bd 83 43 83 7b 82 cc 82 e6 82 a4 82 c8 93 cb 8b 4e 82 aa 00 95 73 8b 4b 91 a5 82 c9 8a e7 82 f0 8f 6f 82 b5 82 c4 82 a2 82 bd 81 42 00 82 bb 82 ea 82 e7 82 f0 82 ae 82 e8 82 ae 82 e8 82 c6 89 9f 82 b5 82 c2 82 af 82 e7 82 ea 82 e9 82 dc 82 dc 82 cc 83 58 83 43 81 5b 83 67 83 8a 83 62 83 76 00 82 cd 81 41 82 c7 82 a4 82 c9 82 a9 82 bb 82 cc 8e 68 8c 83 82 a9 82 e7 93 a6 82 ea 82 e6 82 a4 82 c6 82 e0 82 aa 82 ad 81 42 00 56 41 30 31 38 30 36 39 00 81 75 82 b1 81 41 82 b1 82 f1 82 c8 81 63 81 63 83 93 81 63 81 63 96 82 95 a8 82 cc 90 47 8e e8 82 c9 81 63 81 63 83 41 83 5c 83 52 82 f0 e4 72 82 df 00 81 40 89 f1 82 b3 82 ea 82 e9 82 e6 82 a4 82 c9 82 b1 82 b7 82 e7 82 ea 82 bf 82 e1 82 c1 82 c4 81 63 81 63 82 d3 81 41 91 be 91 da 82 c9 82 dc 82 c5 00 81 40 83 43 83 7b 82 aa 93 96 82 bd 82 c1 82 c4 81 63 81 63 8a b4 82 b6 82 c4 82 ab 82 bf 82 e1 82 a4 81 63 81 63 82 c1 81 63 81 63 81 49 81 76 00 56 41 30 31 38 30 37 30 00 81 75 82 a0 82 a3 81 63 81 63 82 c1 82 ad 82 a3 81 41 82 a4 82 c1 83 93 81 63 81 63 82 a0 81 63 81 63 82 9f 83 93 81 63 81 63 81 49 00 81 40 82 e2 81 41 83 93 81 63 81 63 82 bf 81 63 81 63 97 cd 82 aa 81 63 81 63 93 fc 82 e7 82 c8 82 a2 81 63 81 63 82 c1 81 63 81 63 81 76 00 56 41 30 31 38 30 37 31 00 81 75 82 e2 81 41 82 e2 82 9f 82 c1 81 63 81 63 82 a8 90 4b 81 41 93 ae 82 a2 82 bf 82 e1 83 5f 83 81 81 63 81 63 82 c1 81 63 81 63 81 49 00 81 40 99 7a 81 58 8e 71 82 cc 95 fb 82 a9 82 e7 83 43 83 7b 82 c9 83 41 83 5c 83 52 82 f0 82 b1 82 b7 82 e8 82 c2 82 af 82 bf 82 e1 82 a4 82 e6 82 a4 00 81 40 82 c9 82 b5 82 bf 82 e1 81 63 81 63 83 5f 83 81 81 63 81 63 82 a5 81 63 81 63 81 49 81 76 00 82 b5 82 a9 82 b5 81 41 8e 71 8b 7b 82 cc 89 9c 82 c9 82 dc 82 c5 90 f5 82 dd 82 c2 82 a2 82 c4 82 b5 82 dc 82 c1 82 bd 92 b2 8b b3 82 cc 8b 4c 89 af 00 82 aa 81 41 83 58 83 43 81 5b 83 67 83 8a 83 62 83 76 82 cc 90 67 91 cc 82 f0 8f 9f 8e e8 82 c9 93 cb 82 ab 93 ae 82 a9 82 b5 82 bd 81 42 00 83 58 83 43 81 5b 83 67 83 8a 83 62 83 76 82 cd 82 dc 82 e9 82 c5 8e a9 82 e7 89 f5 8a 79 82 f0 8b 81 82 df 82 e9 82 e6 82 a4 82 c9 81 41 88 fa e0 ce 00 82 c9 8d 98 82 f0 93 cb 82 ab 8f 6f 82 b5 82 c8 82 aa 82 e7 81 41 89 ba 92 85 89 7a 82 b5 82 cc 9b 5a 93 f7 82 f0 89 bd 93 78 82 e0 90 47 8e e8 82 cc 00 90 e6 92 5b 82 e2 95 5c 96 ca 82 c9 89 9f 82 b5 82 c2 82 af 8e 6e 82 df 82 c4 82 b5 82 dc 82 c1 82 bd 82 cc 82 be 81 42 00 89 ba 92 85 82 cc 94 96 82 a2 95 7a 92 6e 82 c9 92 a3 82 e8 95 74 82 a2 82 bd 81 41 89 41 90 4f 82 cc e5 fc 82 e2 94 8d 82 ab 8f 6f 82 b5 82 c9 82 c8 00 82 c1 82 bd 83 4e 83 8a 83 67 83 8a 83 58 81 42 00 82 bb 82 ea 82 e7 82 f0 8d 64 82 ad 92 65 97 cd 82 cc 82 a0 82 e9 93 cb 8b 4e 95 a8 82 c9 89 9f 82 b5 82 c2 82 af 81 41 82 ae 82 b6 82 e3 82 ae 82 b6 82 e3 00 82 c6 94 53 89 74 82 f0 8e 43 82 e8 8d 87 82 ed 82 b9 82 c8 82 aa 82 e7 81 41 97 78 82 e8 8e 71 82 cc 82 e6 82 a4 82 c9 8d 98 82 f0 90 6b 82 ed 82 b9 81 41 00 82 a8 90 4b 82 f0 89 bd 93 78 82 e0 91 4f 8c e3 82 d6 93 cb 82 ab 8f 6f 82 b7 83 58 83 43 81 5b 83 67 83 8a 83 62 83 76 81 42 00 96 a2 82 be 95 cf 90 67 82 aa 8a ae 91 53 82 c9 8f 49 82 ed 82 e7 82 c8 82 a2 92 86 81 41 90 b3 8b 60 82 cc 96 82 96 40 90 ed 8e 6d 82 d6 82 c6 8e 70 00 82 f0 95 cf 82 a6 82 e9 93 72 92 86 82 c9 8e a9 82 e7 82 aa 8e 4e 82 b7 92 73 91 d4 82 f0 81 41 83 58 83 43 81 5b 83 67 83 8a 83 62 83 76 8e a9 90 67 00 82 e0 82 e0 82 cd 82 e2 97 7d 82 a6 82 e6 82 a4 82 aa 82 c8 82 ad 82 c8 82 c1 82 c4 82 a2 82 bd 81 42 00 90 f3 82 dc 82 b5 82 a2 96 c4 82 cc 94 40 82 ab 88 fa 82 e7 82 c8 8d 73 88 d7 82 f0 8e 4e 82 b5 82 c8 82 aa 82 e7 82 e0 81 41 82 c7 82 b1 82 a9 92 70 00 82 b6 82 e7 82 a2 82 f0 8a dc 82 f1 82 be 95 5c 8f ee 82 f0 95 82 82 a9 82 d7 82 c8 82 aa 82 e7 81 41 83 58 83 43 81 5b 83 67 83 8a 83 62 83 76 82 cd 00 82 a0 82 c1 82 c6 82 a2 82 a4 8a d4 82 c9 90 e2 92 b8 82 c9 8d db 82 c9 82 dc 82 c5 8f e3 82 e8 8b 6c 82 df 82 c4 82 a2 82 ad 81 42 00 56 41 30 31 38 30 37 32 00 81 75 82 d0 82 a0 82 9f 81 63 81 63 82 a0 81 41 82 a0 81 41 82 e2 81 41 82 a0 82 a0 81 41 82 a0 82 a0 81 63 81 63 83 93 81 49 00 81 40 82 a0 81 41 82 f1 82 a3 81 63 81 63 82 c1 82 ad 81 63 81 63 82 a3 81 63 81 63 83 93 81 63 81 63 83 93 81 49 81 76 00 56 41 30 31 38 30 37 33 00 81 75 82 f1 82 a3 81 63 81 63 83 93 81 41 82 e0 81 41 82 e0 82 a4 81 63 81 63 83 5f 81 41 83 5f 83 81 82 a5 82 a6 82 a6 81 63 81 63 81 49 00 81 40 83 41 83 5c 83 52 82 aa 82 ae 82 bf 82 e3 82 ae 82 bf 82 e3 82 c5 81 63 81 63 83 4e 83 8a 83 67 83 8a 83 58 82 e0 81 63 81 63 82 d5 82 ad 82 c1 82 c4 00 81 40 82 c8 82 c1 82 c4 82 c4 81 63 81 63 82 e0 81 41 83 4b 83 7d 83 93 82 c5 82 ab 82 c8 82 a2 81 63 81 63 82 cc 82 a7 81 63 81 63 81 49 81 76 00 56 41 30 31 38 30 37 34 00 81 75 82 b1 81 41 82 b1 82 f1 82 c8 82 c9 83 47 83 62 83 60 82 c9 82 c8 82 c1 82 c4 81 63 81 63 8a b4 82 b6 82 e2 82 b7 82 ad 82 c8 82 c1 82 bf 82 e1 00 81 40 82 c1 82 c4 82 e9 81 41 99 7a 81 58 8e 71 82 cc 82 a2 82 e2 82 e7 82 b5 82 a2 83 41 83 5c 83 52 81 63 81 63 82 bb 82 f1 82 c8 82 c9 82 b3 82 ea 00 81 40 82 bd 82 e7 81 63 81 63 83 93 81 41 82 a3 82 ad 81 63 81 63 82 a3 81 63 81 63 82 e0 81 41 83 43 81 41 83 43 82 c1 82 bf 82 e1 82 a4 81 49 81 76 00 56 41 30 31 38 30 37 35 00 81 75 82 b9 81 41 90 b3 8b 60 82 cc 96 82 96 40 90 ed 8e 6d 82 c9 81 63 81 63 83 93 81 41 82 a3 81 63 81 63 82 ad 82 a3 81 63 81 63 83 93 81 49 00 81 40 83 58 83 43 81 5b 83 67 83 8a 83 62 83 76 82 c9 81 41 95 cf 90 67 82 b5 82 c4 82 e9 8d c5 92 86 82 c8 82 cc 82 c9 81 63 81 63 00 81 40 82 c8 82 cc 82 c9 81 63 81 63 83 43 82 c1 82 bf 82 e1 82 a4 82 c8 82 f1 82 c4 81 63 81 63 83 5f 81 41 83 5f 83 81 82 c8 82 cc 81 49 81 76 00 56 41 30 31 38 30 37 36 00 81 75 82 a0 81 41 82 a0 82 9f 81 63 81 63 82 a0 81 41 82 d0 81 41 82 a0 81 41 82 cd 82 a0 81 41 82 a0 82 a0 81 63 81 63 83 93 81 49 00 81 40 82 e2 81 41 82 a0 81 41 82 a0 82 a0 81 63 81 63 83 93 81 41 82 e0 81 41 82 e0 82 a4 81 41 83 5f 83 81 82 a5 82 a5 81 63 81 63 81 49 00 81 40 82 e0 81 63 81 63 82 e8 81 41 99 7a 81 58 8e 71 81 63 81 63 83 43 82 c1 82 bf 82 e1 82 a4 82 cc 81 63 81 63 82 a7 81 63 81 63 81 49 81 76 00 45 30 31 56 00 56 41 30 31 38 30 37 37 00 81 75 82 a0 81 41 82 cd 81 63 81 63 82 a0 82 9f 81 63 81 63 82 c1 81 63 81 63 82 a0 81 63 81 63 82 a0 81 41 82 a0 82 a0 83 93 81 49 00 81 40 82 a0 82 c1 81 41 82 e2 82 9f 83 93 81 41 83 5f 81 41 83 5f 83 81 81 41 8f 6f 82 bf 82 e1 82 a4 81 49 83 47 83 62 83 60 82 c8 81 63 81 63 00 81 40 99 7a 81 58 8e 71 82 cc 83 47 83 62 83 60 82 c8 88 a4 89 74 81 41 82 a2 82 c1 82 cf 82 a2 8f 6f 82 bf 82 e1 82 a4 82 a3 82 c1 81 63 81 63 81 49 81 76 00 3b 40 53 45 4c 4f 4f 50 20 56 31 34 00 82 b5 82 c8 82 e2 82 a9 82 c8 8e 88 91 cc 82 f0 82 d4 82 e9 82 d4 82 e9 82 c6 90 6b 82 ed 82 b9 82 c8 82 aa 82 e7 81 41 83 41 83 4e 83 81 90 a1 91 4f 00 82 cc 83 58 83 43 81 5b 83 67 83 8a 83 62 83 76 82 cc 94 e9 90 4f 82 cc 89 9c 82 a9 82 e7 81 41 8d a1 82 dc 82 c5 82 c9 82 c8 82 a2 82 d9 82 c7 82 cc 00 91 e5 97 ca 82 cc 88 a4 89 74 82 aa 88 ec 82 ea 8f 6f 82 b7 81 42 00 82 dc 82 e9 82 c5 8e b8 8b d6 82 b5 82 bd 82 a9 82 cc 82 e6 82 a4 82 c8 94 f2 96 97 82 c6 96 7a 97 ac 82 aa 81 41 89 ba 92 85 89 7a 82 b5 82 c9 82 e0 00 82 a9 82 a9 82 ed 82 e7 82 b8 8c 83 82 b5 82 ad 82 d4 82 bf 82 dc 82 af 82 e7 82 ea 82 c4 82 a2 82 ad 81 42 00 82 b7 82 e9 82 c6 81 41 82 b1 82 cc 83 58 83 43 81 5b 83 67 83 8a 83 62 83 76 82 cc 88 a4 89 74 82 f0 97 81 82 d1 82 bd 90 47 8e e8 82 cd 81 41 95 5c 00 96 ca 82 cc 93 cb 8b 4e 82 f0 95 cf 8c 60 82 b3 82 b9 82 c4 95 ac 96 e5 8f f3 82 c9 82 b7 82 da 82 df 82 c4 81 41 93 48 82 e8 97 8e 82 bf 82 e9 82 b1 00 82 cc 89 b3 8f 97 82 cc 91 cc 89 74 82 f0 82 b7 82 b7 82 e8 8e 6e 82 df 82 bd 81 42 00 56 41 30 31 38 30 37 38 00 81 75 82 e2 81 41 82 e2 82 9f 81 63 81 63 82 a0 81 41 83 93 81 63 81 63 81 49 82 b1 81 41 82 b1 82 cc 90 47 8e e8 81 63 81 63 82 a3 81 63 81 63 00 81 40 83 70 83 93 83 65 83 42 82 a9 82 e7 98 52 82 ea 82 bf 82 e1 82 c1 82 c4 82 e9 99 7a 81 58 8e 71 82 cc 83 47 83 62 83 60 82 c8 89 74 81 63 81 63 00 81 40 82 bf 82 e3 82 a4 82 bf 82 e3 82 a4 8b 7a 82 c1 82 c4 82 e9 81 63 81 63 82 cc 82 a7 81 63 81 63 81 48 81 76 00 56 41 30 31 38 30 37 39 00 81 75 83 5f 81 41 83 5f 83 81 82 a5 81 63 81 63 81 49 82 bb 82 f1 82 c8 92 70 82 b8 82 a9 82 b5 82 a2 89 74 81 63 81 63 82 c1 81 41 00 81 40 82 e8 81 41 99 7a 81 58 8e 71 82 cc 83 47 83 62 83 60 82 c8 88 a4 89 74 81 63 81 63 82 bb 82 f1 82 c8 82 c9 82 bf 82 e3 82 a4 82 bf 82 e3 82 a4 00 81 40 8b 7a 82 c1 82 bf 82 e1 83 5f 83 81 81 41 83 5f 83 81 82 a5 82 a5 81 63 81 63 81 49 81 76 00 56 41 30 31 38 30 38 30 00 81 75 82 a0 82 9f 81 41 82 e2 82 9f 81 41 82 a0 82 a0 81 41 83 93 81 63 81 63 81 49 82 bb 81 41 82 bb 82 f1 82 c8 82 c9 8b 7a 82 ed 82 ea 82 bf 82 e1 82 a4 00 81 40 82 c6 81 63 81 63 82 f1 82 ad 81 63 81 63 82 a3 81 49 81 63 81 63 83 4e 81 41 83 4e 83 8a 83 67 83 8a 83 58 82 e0 8e 68 8c 83 82 b3 82 ea 82 bf 82 e1 00 81 40 82 c1 82 c4 81 63 81 63 82 e0 81 41 82 e0 82 c1 82 c6 83 77 83 93 82 c9 82 c8 82 c1 82 bf 82 e1 82 a4 82 a9 82 e7 82 9f 81 63 81 63 81 49 81 76 00 56 41 30 31 38 30 38 31 00 81 75 82 e2 82 9f 81 41 82 a0 83 93 81 63 81 63 82 c1 81 63 81 63 82 a8 81 41 82 a8 82 cb 82 aa 82 a2 81 63 81 63 82 e0 82 a4 81 63 81 63 00 81 40 82 e2 82 df 82 c4 82 a5 81 63 81 63 81 49 82 b1 81 63 81 63 82 b1 82 ea 88 c8 8f e3 82 cd 83 5f 83 81 81 63 81 63 82 c1 81 63 81 63 81 49 00 81 40 99 7a 81 58 8e 71 82 c1 81 63 81 63 82 e0 81 63 81 63 83 43 82 c1 82 bf 82 e1 82 a2 81 63 81 63 82 bb 81 63 81 63 82 a7 81 63 81 63 81 49 81 76 00 56 41 30 31 38 30 38 32 00 81 75 82 a0 81 41 82 a0 81 63 81 63 82 c1 81 63 81 63 83 93 82 ad 82 a3 82 c1 81 63 81 63 82 a4 81 41 82 a3 83 93 81 49 00 81 40 82 e0 81 63 81 63 83 5f 83 81 81 41 82 a0 81 41 82 a0 82 a0 82 a0 81 63 81 63 82 9f 81 63 81 63 82 a0 82 9f 81 41 83 93 81 49 00 81 40 82 d0 81 41 82 a0 81 41 82 a0 82 a0 81 41 82 a0 81 41 82 a0 81 41 82 a0 82 9f 81 63 81 63 83 93 81 63 81 63 81 49 81 76 00 82 c6 82 df 82 c7 82 c8 82 ad 88 ec 82 ea 81 41 95 ac 82 ab 8f 6f 82 b5 91 b1 82 af 82 e9 88 a4 89 74 82 f0 82 b7 82 b7 82 e7 82 ea 82 c8 82 aa 82 e7 81 41 00 83 58 83 43 81 5b 83 67 83 8a 83 62 83 76 82 cd 91 53 90 67 82 f0 89 90 82 df 82 a9 82 b5 82 ad 8d 67 92 aa 82 b3 82 b9 81 41 8d d7 82 a2 8d 98 82 f0 00 82 ad 82 cb 82 e7 82 b9 82 c4 8c 83 82 b5 82 ad 96 e3 82 a6 82 e9 81 42 00 91 c1 89 74 82 c6 8a be 82 c9 82 dc 82 dd 82 ea 82 bd 90 4f 82 cd 8b ea 82 b5 82 b0 82 c9 8a 4a 82 a9 82 ea 82 bd 82 dc 82 dc 82 c5 81 41 8d 41 82 cc 00 89 9c 82 a9 82 e7 82 cd 94 59 82 dc 82 b5 82 b0 82 c8 9a 62 82 ac 90 ba 82 aa 98 52 82 ea 91 b1 82 af 82 e9 81 42 00 9a 62 82 ac 90 ba 82 cc 83 73 83 62 83 60 82 c6 83 65 83 93 83 56 83 87 83 93 82 cd 82 b3 82 e7 82 c9 91 ac 82 ad 81 41 8d 82 82 ad 82 c8 82 e8 81 41 00 82 e0 82 cd 82 e2 8a ac 82 a6 82 e9 82 b1 82 c6 82 c8 82 c7 82 dc 82 dc 82 c8 82 e7 82 c8 82 a2 8f f3 91 d4 82 be 81 42 00 56 41 30 31 38 30 38 33 00 81 75 82 e2 81 41 82 a0 81 63 81 63 82 a0 82 9f 83 93 81 63 81 63 81 49 82 a0 81 41 82 a0 81 41 82 a0 82 c1 81 41 83 5f 81 41 83 5f 83 81 82 a5 82 c1 81 41 00 81 40 99 7a 81 58 8e 71 81 63 81 63 95 cf 90 67 92 86 82 c9 8a b4 82 b6 82 c4 81 63 81 63 83 70 83 93 83 65 83 42 82 e0 81 41 83 41 83 5c 83 52 82 cc 00 81 40 92 86 82 e0 81 63 81 63 82 ae 82 b5 82 e5 82 ae 82 b5 82 e5 82 c9 82 b5 82 bf 82 e1 82 c1 82 c4 82 a5 81 63 81 63 81 76 00 56 41 30 31 38 30 38 34 00 81 75 83 93 81 41 82 ad 82 a3 81 63 81 63 83 93 81 41 82 b6 81 41 8e a9 95 aa 82 c5 81 63 81 63 90 47 8e e8 82 c9 83 41 83 5c 83 52 82 f0 82 b1 82 b7 00 81 40 82 e8 82 c2 82 af 82 c4 81 63 81 63 82 c1 81 41 83 47 83 62 83 60 82 c8 89 74 81 63 81 63 82 bf 82 e3 82 c1 82 bf 82 e3 82 c1 82 c4 8b 7a 82 ed 00 81 40 82 ea 82 bf 82 e1 82 c1 82 c4 81 63 81 63 83 4e 83 8a 83 67 83 8a 83 58 81 63 81 63 8a b4 82 b6 82 bf 82 e1 82 a4 82 a3 81 63 81 63 81 49 81 76 00 56 41 30 31 38 30 38 35 00 81 75 82 b1 81 41 82 b1 82 f1 82 c8 82 cc 82 c5 83 43 82 c1 82 bf 82 e1 82 a4 82 c8 82 f1 82 c4 81 41 83 5f 83 81 81 63 81 63 82 a5 81 49 00 81 40 83 5f 83 81 82 c8 82 cc 82 c9 81 63 81 63 82 c1 81 63 81 63 8a b4 82 b6 82 bd 82 ad 82 c8 82 f1 82 c4 81 63 81 63 82 c8 82 a2 82 cc 82 c9 81 63 81 63 00 81 40 82 c5 82 e0 81 41 82 e0 82 a4 83 4b 83 7d 83 93 82 c5 82 ab 82 c8 82 a2 81 63 81 63 82 c1 81 63 81 63 81 49 81 76 00 56 41 30 31 38 30 38 36 00 81 75 82 a0 81 41 82 a0 82 a0 81 41 82 a0 81 41 83 93 81 41 83 5f 83 81 81 63 81 63 82 a5 81 63 81 63 81 49 00 81 40 82 dc 81 41 82 dc 82 bd 81 63 81 63 83 47 83 62 83 60 82 c8 89 74 82 aa 82 c1 81 63 81 63 82 a0 81 41 88 ec 82 ea 82 c4 82 ab 82 bf 82 e1 82 a2 00 81 40 82 bb 82 a4 81 63 81 63 81 49 81 76 00 56 41 30 31 38 30 38 37 00 81 75 82 e2 81 41 82 a0 82 a0 81 41 82 a0 81 63 81 63 83 93 81 49 00 81 40 82 e0 81 41 82 b1 82 ea 88 c8 8f e3 8f 6f 82 bf 82 e1 81 63 81 63 83 5f 83 81 81 63 81 63 82 a5 81 63 81 63 81 49 00 81 40 8f 6f 82 c8 82 a2 82 c5 81 41 88 ec 82 ea 82 c4 82 b1 82 c8 82 a2 82 c5 81 63 81 63 82 a5 81 63 81 63 81 49 81 76 00 90 e2 92 b8 82 d6 82 cc 8a b4 8a 6f 82 c6 81 41 88 a4 89 74 82 f0 95 fa 94 41 82 cc 82 e6 82 a4 82 c9 95 ac 82 ab 8f 6f 82 b7 8a b4 8a 6f 82 aa 81 41 00 83 58 83 43 81 5b 83 67 83 8a 83 62 83 76 82 cc 82 a2 82 e2 82 e7 82 b5 82 a2 95 94 95 aa 82 a9 82 e7 93 af 8e 9e 82 c9 97 4e 82 ab 8f e3 82 aa 82 c1 00 82 c4 82 ad 82 e9 81 42 00 89 ba 92 85 89 7a 82 b5 82 cc 94 e9 93 f7 82 f0 90 47 8e e8 82 c9 82 b1 82 b7 82 e8 82 c2 82 af 82 e9 8d 98 82 cc 93 ae 82 ab 82 cd 82 b3 82 e7 82 c9 00 88 fa e0 ce 82 c9 81 41 8c 83 82 b5 82 ad 82 c8 82 c1 82 c4 82 e4 82 ad 81 42 00 8c f5 82 c9 95 ef 82 dc 82 ea 82 bd 90 b3 8b 60 82 cc 90 ed 8e 6d 82 cd 81 41 82 e6 82 a4 82 e2 82 ad 8e c0 91 cc 89 bb 82 f0 8f 49 82 a6 82 bd 96 82 00 96 40 82 cc 88 df 82 f0 90 67 82 c9 93 5a 82 c1 82 bd 8e 70 82 cc 82 dc 82 dc 81 41 82 e0 82 cd 82 e2 88 a4 89 74 82 f0 82 be 82 e7 82 b5 82 c8 82 ad 00 90 82 82 e7 82 b5 82 c8 82 aa 82 e7 83 43 83 4c 8a e7 82 f0 8e 4e 82 b7 82 b5 82 a9 82 c5 82 ab 82 c8 82 a9 82 c1 82 bd 81 42 00 56 41 30 31 38 30 38 38 00 81 75 82 a0 81 41 82 a0 82 9f 81 63 81 63 82 c1 81 63 81 63 82 d0 82 9f 81 41 82 a0 82 a0 81 63 81 63 83 93 81 63 81 63 81 49 00 81 40 82 e2 81 41 82 a0 81 41 82 a0 82 a0 81 41 83 43 81 41 83 43 82 c1 82 bf 82 e1 82 a4 81 63 81 63 82 c1 81 63 81 63 81 49 00 81 40 99 7a 81 58 8e 71 81 63 81 63 82 e0 81 41 83 5f 83 81 81 41 83 43 82 c1 82 bf 82 e1 82 a4 81 63 81 63 82 c1 81 63 81 63 81 49 81 76 00 56 41 30 31 38 30 38 39 00 81 75 82 a0 81 41 82 a0 81 41 82 a0 81 41 82 dc 81 41 82 dc 82 bd 81 41 82 dc 82 bd 8f 6f 82 bf 82 e1 82 a4 81 63 81 63 81 49 99 7a 81 58 8e 71 81 41 00 81 40 83 43 81 41 83 43 82 ab 82 c8 82 aa 82 e7 81 63 81 63 83 47 83 62 83 60 82 c8 89 74 82 c1 81 63 81 63 82 a2 82 c1 82 cf 82 a2 81 41 83 49 83 56 83 62 00 81 40 83 52 82 dd 82 bd 82 a2 82 c9 81 63 81 63 82 d5 82 b5 82 e3 82 c1 82 c4 81 63 81 63 8f 6f 82 b5 82 bf 82 e1 82 a4 82 a3 81 63 81 63 81 49 81 76 00 56 41 30 31 38 30 39 30 00 81 75 82 a0 81 41 82 a0 82 9f 81 41 82 e2 81 41 82 a0 81 41 82 a0 82 a0 81 63 81 63 82 a0 81 41 82 9f 81 63 81 63 83 93 81 49 00 81 40 82 a0 82 c1 81 63 81 63 82 a0 82 9f 81 63 81 63 82 e2 81 63 81 63 82 9f 81 63 81 63 83 5f 83 81 81 63 81 63 82 a5 81 63 81 63 81 49 00 81 40 82 a0 81 41 82 a0 81 63 81 63 82 f1 82 a3 81 63 81 63 82 ad 82 a3 83 93 81 63 81 63 82 a0 82 9f 81 41 82 a0 83 93 81 63 81 63 82 c1 81 49 81 76 00 56 41 30 31 38 30 39 31 00 81 75 82 a0 81 41 82 a0 81 41 82 a0 82 9f 81 63 81 63 82 e2 81 41 82 a0 82 9f 83 93 81 63 81 63 81 49 00 81 40 8f 6f 82 bf 82 e1 82 a4 81 41 83 47 83 62 83 60 82 c8 89 74 81 41 83 49 83 56 83 62 83 52 82 dd 82 bd 82 a2 82 c9 82 a2 82 c1 82 cf 82 a2 81 41 00 81 40 82 d2 82 e3 82 d2 82 e3 82 a3 82 c1 82 c4 81 41 8f 6f 82 bf 82 e1 82 c1 82 c4 82 e9 82 a3 81 63 81 63 81 49 81 76 00 56 41 30 31 38 30 39 32 00 81 75 82 e2 81 41 83 93 81 63 81 63 82 c1 81 63 81 63 82 a0 82 a0 81 63 81 63 83 93 81 63 81 63 81 49 00 81 40 83 43 81 63 81 63 83 43 82 c1 82 bf 82 e1 82 a4 82 c1 81 63 81 63 81 49 83 47 83 62 83 60 82 c8 89 74 95 ac 82 ab 8f 6f 82 b5 82 c8 82 aa 82 e7 81 41 00 81 40 99 7a 81 58 8e 71 81 63 81 63 82 e0 81 63 81 63 83 43 82 c1 82 bf 82 e1 82 a4 81 63 81 63 82 c1 81 63 81 63 81 49 81 76 00 45 30 31 57 00 56 41 30 31 38 30 39 33 00 81 75 82 a0 81 41 82 a0 82 9f 81 63 81 63 83 93 81 41 82 e0 81 41 83 5f 83 81 81 63 81 63 82 a5 82 a5 81 63 81 63 81 49 00 81 40 82 a0 81 63 81 63 82 c1 81 63 81 63 83 43 81 41 83 43 82 ad 81 63 81 63 82 a3 81 63 81 63 81 49 00 81 40 82 f1 82 ad 81 41 82 a4 82 a3 81 63 81 63 83 93 82 c1 81 49 81 63 81 63 82 a0 81 63 81 63 82 9f 83 93 81 63 81 63 82 c1 81 63 81 63 81 49 81 76 00 56 41 30 31 38 30 39 34 00 81 75 82 a0 81 41 82 a0 82 9f 81 63 81 63 82 a0 82 a0 81 41 82 a0 82 9f 81 63 81 63 83 93 81 63 81 63 81 49 00 81 40 82 cd 82 a0 82 9f 81 63 81 63 82 a0 81 63 81 63 83 93 81 63 81 63 81 49 82 a0 81 41 82 a0 81 41 82 a0 81 41 82 a0 82 a0 81 63 81 63 81 49 00 81 40 82 a0 81 41 82 a0 82 9f 81 63 81 63 82 a0 81 63 81 63 82 a0 82 9f 81 63 81 63 82 c1 81 63 81 63 81 49 81 76 00 3b 23 47 52 4f 56 45 52 4c 41 50 31 09 57 48 49 54 45 09 32 30 09 30 09 53 57 57 4b 00 3b 23 47 52 4f 56 45 52 4c 41 50 31 09 45 30 31 09 31 30 09 30 09 53 57 57 4b 00 83 58 83 43 81 5b 83 67 83 8a 83 62 83 76 00 56 41 30 31 38 30 39 35 00 81 75 82 a0 81 41 82 a0 81 63 81 63 83 93 81 63 81 63 82 c1 81 63 81 63 81 49 82 a0 81 63 81 63 82 c1 82 ad 82 a3 81 63 81 63 82 a3 81 63 81 63 00 81 40 83 93 81 63 81 63 82 a3 81 63 81 63 82 a3 83 93 81 63 81 63 81 49 81 76 00 3b 40 53 45 4c 4f 4f 50 20 56 31 36 00 83 58 83 43 81 5b 83 67 83 8a 83 62 83 76 82 aa 82 a0 82 e7 82 ea 82 e0 82 c8 82 a2 8e 70 82 f0 8e 4e 82 b5 82 c8 82 aa 82 e7 90 e2 92 b8 82 b7 82 e9 00 82 c6 93 af 8e 9e 82 c9 81 41 82 bb 82 cc 95 cf 90 67 82 cc 83 76 83 8d 83 5a 83 58 82 aa 8a ae 91 53 82 c9 8f 49 97 b9 82 b7 82 e9 81 42 00 90 67 91 cc 92 86 82 c9 96 9e 82 bd 82 b3 82 ea 82 bd 89 f5 8a 79 82 aa 93 b5 82 a9 82 e7 82 b1 82 da 82 ea 97 8e 82 bf 82 bd 82 a9 82 cc 82 e6 82 a4 00 82 c9 81 41 93 a7 96 be 82 c8 8e b4 82 aa 83 58 83 43 81 5b 83 67 83 8a 83 62 83 76 82 cc 92 b7 82 ad 88 a4 82 e7 82 b5 82 a2 e1 ca 96 d1 82 f0 94 47 00 82 e7 82 b5 82 c4 82 a2 82 e9 81 42 00 8a 4f 93 49 82 c8 97 76 88 f6 82 cd 89 bd 82 e0 82 c8 82 a2 82 c6 82 a2 82 a4 82 cc 82 c9 81 41 95 cf 90 67 93 72 92 86 82 c9 82 bd 82 be 8e a9 82 e7 00 82 cc 91 d9 93 e0 82 a9 82 e7 90 ab 8a b4 82 f0 88 ec 82 ea 82 b3 82 b9 81 41 82 a0 82 b0 82 ad 82 c9 82 cd 8e a9 95 aa 82 a9 82 e7 90 47 8e e8 82 c9 00 92 70 95 94 82 f0 8e 43 82 e8 82 c2 82 af 82 c4 82 b5 82 dc 82 a4 82 c6 82 a2 82 a4 8f 58 91 d4 81 42 00 8e a9 95 aa 82 cc 90 67 91 cc 82 aa 82 a2 82 a9 82 c9 82 a2 82 e2 82 e7 82 b5 82 ad e7 5e 82 af 82 e7 82 ea 82 c4 82 b5 82 dc 82 c1 82 c4 82 a2 82 e9 00 82 cc 82 a9 82 c6 82 a2 82 a4 8e 96 8e c0 82 f0 93 cb 82 ab 82 c2 82 af 82 e7 82 ea 81 41 83 58 83 43 81 5b 83 67 83 8a 83 62 83 76 82 cd 82 bb 82 cc 81 41 00 82 c7 82 f1 82 c8 92 6a 82 f0 82 e0 96 a3 97 b9 82 b7 82 e9 91 e5 82 ab 82 c8 93 b5 82 f0 8f 81 82 dc 82 b9 82 c4 82 a2 82 bd 81 42 00 91 a7 82 e0 90 e2 82 a6 90 e2 82 a6 82 c9 8c a8 82 f0 8f ac 8d 8f 82 dd 82 c9 90 6b 82 ed 82 b9 81 41 8c f5 82 aa 8e 55 82 c1 82 bd 8a 58 8a 70 82 cc 00 88 ea 8a 70 82 c9 81 41 82 c7 82 a4 82 c9 82 a9 97 a7 82 c1 82 c4 82 a2 82 e9 82 cc 82 aa 82 e2 82 c1 82 c6 82 cc 8f f3 91 d4 82 be 81 42 00 82 b7 82 c5 82 c9 83 43 82 c1 82 c4 82 b5 82 dc 82 c1 82 bd 8c e3 82 be 82 c6 82 a2 82 a4 82 cc 82 c9 81 41 82 bb 82 cc 94 e9 90 4f 82 cd 82 dc 82 be 00 89 f5 8a 79 82 f0 97 7e 82 b7 82 e9 82 a9 82 cc 82 e6 82 a4 82 c9 e1 75 82 ab 81 41 89 ca 8f 60 82 f0 8d 69 82 c1 82 bd 89 ca 8e c0 82 cc 82 e6 82 a4 00 82 c9 88 a4 89 74 82 f0 93 48 82 e7 82 b9 91 b1 82 af 82 c4 82 a2 82 e9 81 42 00 8b c9 92 5b 82 c9 92 5a 82 a2 83 58 83 4a 81 5b 83 67 82 a9 82 e7 94 60 82 ad 94 fc 8b 72 82 cd 81 41 93 e0 91 da 82 a9 82 e7 83 6e 83 43 83 71 81 5b 00 83 8b 82 cc 90 e6 82 dc 82 c5 82 aa 88 a4 89 74 82 c9 82 e6 82 c1 82 c4 82 d1 82 b5 82 e5 82 d1 82 b5 82 e5 82 c9 94 47 82 ea 81 41 89 ba 92 85 82 cd 00 93 a7 82 af 82 c4 81 41 90 d4 82 ad 8e ee 82 ea 82 bd 9b 5a 93 f7 82 f0 95 a2 82 a2 89 42 82 b5 90 d8 82 ea 82 c4 82 a2 82 c8 82 a2 81 42 00 82 c9 82 e0 82 a9 82 a9 82 ed 82 e7 82 b8 81 41 8f ad 82 b5 82 c5 82 e0 93 ae 82 ad 82 c6 95 71 8a b4 82 c9 82 c8 82 c1 82 bd 82 dc 82 dc 82 cc 95 94 95 aa 00 82 aa 82 dc 82 bd e1 75 82 ab 8f 6f 82 b7 82 cc 82 aa 95 7c 82 a2 82 cc 82 a9 81 41 83 58 83 43 81 5b 83 67 83 8a 83 62 83 76 82 cd 93 66 91 a7 82 f0 8b 6c 00 82 dc 82 e7 82 b9 82 c8 82 aa 82 e7 82 bb 82 cc 8f ea 82 c9 97 a7 82 bf 90 73 82 ad 82 b5 82 bd 82 dc 82 dc 82 be 81 42 00 82 a2 82 e2 82 e7 82 b5 82 ad 96 75 82 c1 82 bd 82 dc 82 dc 82 cc 93 fb 8e f1 82 cd 81 41 83 5a 81 5b 83 89 81 5b 95 9e 82 cc 8c 60 82 f0 96 cd 82 b5 82 bd 00 83 67 83 62 83 76 83 58 82 cc 8f e3 82 a9 82 e7 82 c5 82 e0 95 aa 82 a9 82 e9 82 d9 82 c7 82 c9 82 d2 82 ad 82 f1 82 c6 90 eb 82 c1 82 c4 82 a2 82 e9 81 42 00 82 bb 82 b5 82 c4 81 41 8e 96 8e c0 83 58 83 43 81 5b 83 67 83 8a 83 62 83 76 82 cc 82 a2 82 e2 82 e7 82 b5 82 a2 95 94 95 aa 82 cd 81 41 82 dc 82 be 00 82 cb 82 bf 82 cb 82 bf 82 c6 94 de 8f 97 82 f0 89 d5 82 de 82 cc 82 f0 8e 7e 82 df 82 c4 82 cd 82 a2 82 c8 82 a9 82 c1 82 bd 81 42 00 56 41 30 31 38 30 39 36 00 81 75 82 a0 81 41 83 93 81 41 82 a3 81 63 81 63 82 c1 82 ad 81 63 81 63 82 a3 83 93 81 63 81 63 00 81 40 82 f1 82 a3 81 63 81 63 83 93 81 63 81 63 82 a3 82 a4 83 93 81 63 81 63 81 49 81 76 00 56 41 30 31 38 30 39 37 00 81 75 81 63 81 63 83 93 81 41 82 ad 82 a3 81 63 81 63 82 a3 81 63 81 63 82 a0 81 41 82 e2 81 41 83 93 81 41 83 5f 81 41 83 5f 83 81 81 63 81 63 82 c1 81 49 00 81 40 83 43 82 c1 82 bf 82 e1 82 c1 82 bd 82 cc 82 c9 81 63 81 63 82 dc 81 41 82 dc 82 be 83 41 83 5c 83 52 82 e2 81 63 81 63 83 93 82 a3 81 63 81 63 00 81 40 82 bf 81 41 93 fb 8e f1 82 aa 81 63 81 63 8a b4 82 b6 82 bf 82 e1 82 c1 82 c4 82 e9 81 63 81 63 81 49 81 76 00 56 41 30 31 38 30 39 38 00 81 75 8d 98 82 aa 82 aa 82 ad 82 aa 82 ad 82 b5 82 c4 81 63 81 63 82 c1 81 41 82 a0 81 41 8b 72 82 aa 81 63 81 63 90 6b 82 a6 82 c4 81 63 81 63 00 81 40 83 93 82 a3 81 63 81 63 82 c1 82 ad 81 63 81 63 83 93 81 41 82 bf 82 e1 82 f1 82 c6 81 63 81 63 97 a7 82 c4 82 c8 82 a2 82 c1 81 63 81 63 81 49 81 76 00 56 41 30 31 38 30 39 39 00 81 75 82 c7 81 41 82 c7 82 a4 82 b5 82 c4 82 a5 81 63 81 63 81 48 82 e0 82 a4 83 43 82 c1 82 bf 82 e1 82 c1 82 bd 82 cc 82 c9 81 63 81 63 00 81 40 82 c7 82 a4 82 b5 82 c4 82 a2 82 e2 82 e7 82 b5 82 a2 8a b4 8a 6f 82 aa 81 41 8e a1 82 dc 82 c1 82 c4 82 ad 82 ea 82 c8 82 a2 82 cc 81 63 81 63 81 48 00 81 40 82 a3 82 a4 81 63 81 63 83 93 81 41 82 a8 81 41 82 a8 82 cb 82 aa 82 a2 81 63 81 63 8e a1 82 dc 82 c1 82 c4 81 63 81 63 82 a5 81 63 81 63 81 49 81 76 00 56 41 30 31 38 31 30 30 00 81 75 83 93 81 41 82 ad 82 a3 81 63 81 63 82 a4 81 41 83 93 81 41 82 a0 81 41 82 a0 82 9f 81 41 82 a0 82 a0 81 63 81 63 83 93 81 49 00 81 40 82 cd 82 9f 81 63 81 63 82 f1 82 a3 81 63 81 63 83 93 81 41 82 a4 81 41 82 ad 82 a3 81 63 81 63 82 a4 82 a4 83 93 81 49 81 76 00 89 9f 82 b5 8a f1 82 b9 91 b1 82 af 82 e9 88 fa 82 e7 82 c8 e1 75 82 ab 82 c9 8d 52 82 a2 82 c8 82 aa 82 e7 81 41 8c 9c 96 bd 82 c9 96 82 95 a8 82 c6 00 91 ce 9b b3 82 b5 82 e6 82 a4 82 c6 82 b7 82 e9 83 58 83 43 81 5b 83 67 83 8a 83 62 83 76 81 42 00 96 82 95 a8 82 f0 8c a9 90 98 82 a6 82 e9 8f 81 82 f1 82 be 93 b5 82 cd 81 41 91 cf 82 a6 93 ef 82 a2 89 f5 8a b4 82 c9 97 68 82 e7 82 df 82 a2 82 c4 00 82 cd 82 a2 82 e9 82 e0 82 cc 82 cc 81 41 8c 88 82 b5 82 c4 82 ad 82 b7 82 de 82 b1 82 c6 82 c8 82 ad 81 41 90 b3 8b 60 82 cc 88 d3 8e 75 82 f0 95 db 00 82 bf 91 b1 82 af 82 c4 82 a2 82 e9 81 42 00 56 41 30 31 38 31 30 31 00 81 75 81 63 81 63 83 93 81 41 82 ad 81 41 82 bd 81 41 82 bd 82 c6 82 a6 81 63 81 63 8a b4 82 b6 82 bf 82 e1 82 c1 82 c4 82 e9 82 dc 82 dc 82 c5 82 e0 81 41 00 81 40 90 ed 82 ed 82 c8 82 a2 82 c6 81 63 81 63 82 c1 81 41 83 93 81 41 82 ad 81 41 82 a4 81 41 82 a3 81 63 81 63 83 93 81 49 81 76 00 56 41 30 31 38 31 30 32 00 81 75 81 63 81 63 82 a6 81 41 82 a6 82 a6 82 a5 82 a2 82 c1 81 63 81 63 81 49 00 81 40 83 4e 81 41 83 4e 83 8c 83 62 83 5a 83 93 83 67 81 63 81 63 82 f1 81 41 82 ad 82 a3 81 41 83 6e 81 41 83 6e 81 5b 83 50 83 93 81 63 82 c1 81 49 81 76 00 53 31 35 00 43 31 31 00 3b 2a 83 4a 83 62 83 67 83 43 83 93 00 96 da e1 bf 82 f0 8b 4e 82 b1 82 b5 82 bb 82 a4 82 c8 82 d9 82 c7 82 cc 89 f5 8a b4 82 cc 92 86 81 41 90 94 81 58 82 cc 8e d7 88 ab 82 c8 96 82 95 a8 00 92 42 82 f0 91 92 82 c1 82 c4 82 ab 82 bd 95 4b 8e 45 82 cc 8b 5a 82 f0 93 72 90 d8 82 ea 82 aa 82 bf 82 c9 8b a9 82 d1 82 c8 82 aa 82 e7 81 41 88 d3 00 8e af 82 f0 90 ed 82 a2 82 c9 8f 57 92 86 82 b3 82 b9 82 e9 81 42 00 83 6e 81 5b 83 50 83 93 82 f0 93 cb 82 ab 8f 6f 82 b7 82 bd 82 df 82 c9 89 ba 95 a0 95 94 82 c9 97 cd 82 f0 8d 9e 82 df 82 e9 82 be 82 af 82 c5 81 41 00 82 dc 82 bd 82 a2 82 e2 82 e7 82 b5 82 a2 95 94 95 aa 82 aa 8e 68 8c 83 82 b3 82 ea 81 41 88 a4 89 74 82 f0 95 ac 82 ab 8f 6f 82 b5 82 c4 82 b5 82 dc 00 82 a2 82 bb 82 a4 82 be 82 c1 82 bd 81 42 00 82 b5 82 a9 82 b5 81 41 83 58 83 43 81 5b 83 67 83 8a 83 62 83 76 82 cd 90 6b 82 a6 82 e9 8e 6c 8e 88 82 f0 97 7d 82 a6 8d 9e 82 dd 82 c8 82 aa 82 e7 00 96 82 97 cd 82 f0 8d 69 82 e8 8f 6f 82 b5 81 41 88 fa 82 e7 82 c8 e1 75 82 ab 82 f0 90 55 82 e8 95 a5 82 a4 82 e6 82 a4 82 c9 82 b5 82 c4 81 41 96 82 00 95 a8 82 c9 8c fc 82 a9 82 c1 82 c4 83 6e 81 5b 83 50 83 93 82 f0 88 ea 91 4d 82 b5 82 bd 81 42 00 81 75 83 4f 83 51 83 51 83 46 83 46 83 46 81 49 81 48 81 76 00 82 bb 82 cc 8f 75 8a d4 81 41 e0 8a 82 df 82 ab 82 aa 96 7a 82 c1 82 bd 81 42 00 93 56 8e 67 82 cc 92 66 8d df 82 cc 94 40 82 ad 82 c9 e7 9e 82 c1 82 bd 8c f5 82 cd 81 41 8a f4 8f 64 82 e0 82 cc 97 d6 82 c6 82 c8 82 c1 82 c4 00 96 82 95 a8 82 f0 8b b2 82 dd 8d 9e 82 dd 81 41 82 bb 82 cc 8d 5c 90 ac 97 76 91 66 82 f0 8c b4 8f 89 82 cc 8f f3 91 d4 82 d6 82 c6 95 aa 89 f0 00 82 b5 82 c8 82 aa 82 e7 8b 50 82 ab 82 f0 91 9d 82 b5 82 c4 82 a2 82 ad 81 42 00 82 e2 82 aa 82 c4 8b 50 82 ab 82 cd 96 b3 90 94 82 cc 96 41 82 c6 82 c8 82 c1 82 c4 8f aa 88 c5 82 d6 82 c6 97 6e 82 af 82 c4 82 e4 82 ab 81 41 00 82 bb 82 cc 8c e3 82 c9 82 cd 90 c3 8e e2 88 c8 8a 4f 82 cc 89 bd 82 e0 82 cc 82 e0 8e 63 82 c1 82 c4 82 a2 82 c8 82 a9 82 c1 82 bd 81 42 00 92 66 96 96 96 82 82 f0 8f e3 82 b0 82 e9 89 c9 82 b7 82 e7 97 5e 82 a6 82 b8 81 41 83 58 83 43 81 5b 83 67 83 8a 83 62 83 76 82 cc 83 6e 81 5b 83 50 00 83 93 82 cd 90 6f 82 e0 8e 63 82 b3 82 b8 82 c9 96 82 95 a8 82 cc 8f f2 89 bb 82 f0 8f 49 82 a6 82 bd 81 42 00 90 67 91 cc 82 cc 8e a9 97 52 82 f0 94 bc 82 ce 92 44 82 ed 82 ea 82 c8 82 aa 82 e7 82 e0 81 41 8f 97 90 5f 8b df 89 71 92 63 90 8f 88 ea 82 cc 00 8e e8 97 fb 82 cd 81 41 82 bb 82 cc 8f 6e 92 42 82 b5 82 bd 8b 5a 82 c5 94 43 96 b1 82 f0 90 8b 8d 73 82 b5 82 bd 81 42 00 56 41 30 31 38 31 30 33 00 81 75 81 63 81 63 82 ad 81 41 82 a3 81 63 81 63 83 93 81 41 82 c7 81 41 82 c7 82 a4 82 c9 82 a9 81 63 81 63 93 7c 82 b9 82 bd 81 63 81 63 00 81 40 83 93 81 41 82 ad 81 41 82 a3 82 a4 81 63 81 63 82 a3 81 63 81 63 83 93 81 63 81 63 81 76 00 45 30 31 59 00 56 41 30 31 38 31 30 34 00 81 75 82 a0 81 41 82 a0 82 9f 81 63 81 63 82 a0 81 41 82 e2 81 41 82 a0 81 41 82 a0 82 a0 81 41 82 e2 81 63 81 63 83 93 81 49 00 81 40 82 a0 81 41 82 ad 82 a3 81 63 81 63 82 a3 81 41 83 93 81 41 82 a4 82 a4 81 63 81 63 82 ad 81 41 82 a0 82 9f 81 63 81 63 83 93 81 49 81 76 00 82 be 82 aa 81 41 96 82 95 a8 82 f0 93 7c 82 b5 82 bd 88 c0 93 67 8a b4 82 a9 82 e7 8b d9 92 a3 82 f0 8a c9 82 df 82 bd 83 58 83 43 81 5b 83 67 00 83 8a 83 62 83 76 82 c9 81 41 8d c4 82 d1 88 fa e0 ce 82 c8 93 c5 89 e5 82 aa 8a 9a 82 dd 82 a9 82 a9 82 c1 82 bd 81 42 00 90 ed 82 a2 82 aa 8f 49 82 ed 82 c1 82 c4 82 e0 8f ae 81 41 82 d1 82 e8 82 d1 82 e8 82 c6 95 73 8b 4b 91 a5 82 c9 93 64 97 ac 82 f0 97 ac 82 b3 82 ea 00 82 c4 82 a2 82 e9 82 a9 82 cc 82 e6 82 a4 82 c9 81 41 83 58 83 43 81 5b 83 67 83 8a 83 62 83 76 82 cc 90 67 91 cc 82 cc 90 63 82 a9 82 e7 82 cd 81 41 00 82 a2 82 e2 82 e7 82 b5 82 a2 e1 83 82 ea 82 aa 98 52 82 ea 8f 6f 82 b5 91 b1 82 af 82 c4 82 a2 82 bd 82 cc 82 be 81 42 00 56 41 30 31 38 31 30 35 00 81 75 82 e2 81 41 82 e2 82 9f 82 a0 81 63 81 63 83 93 81 63 81 63 81 49 00 81 40 83 5f 83 81 82 a6 81 63 81 63 82 a5 81 41 82 dc 81 41 82 dc 82 bd 81 63 81 63 82 a0 82 d3 82 ea 82 bf 82 e1 82 a4 81 63 81 63 82 a3 81 49 00 81 40 83 47 83 62 83 60 82 c8 89 74 81 63 81 63 82 c1 81 63 81 63 82 dc 82 bd 81 63 81 63 82 a0 81 41 82 a0 82 a0 81 41 82 a0 81 63 81 63 83 93 81 49 81 76 00 82 bb 82 f1 82 c8 8f f3 91 d4 82 c9 91 cf 82 a6 82 ab 82 ea 82 b8 82 c9 81 41 83 58 83 43 81 5b 83 67 83 8a 83 62 83 76 82 aa 8e 76 82 ed 82 b8 00 95 47 82 f0 90 dc 82 e9 81 42 00 82 b7 82 e9 82 c6 82 bb 82 cc 8f 75 8a d4 81 41 82 d0 82 e8 82 d0 82 e8 82 c6 89 ce 8f c6 82 e8 82 a9 82 a6 82 c1 82 bd 83 73 83 93 83 4e 90 46 82 cc 00 9b 5a 93 f7 82 cc 89 9c 82 a9 82 e7 81 41 8d c4 82 d1 91 e5 97 ca 82 cc 88 a4 89 74 82 aa 88 ec 82 ea 8f 6f 82 b5 82 bd 81 42 00 56 41 30 31 38 31 30 36 00 81 75 82 a0 81 41 82 a0 81 41 82 a0 82 9f 81 41 83 5f 81 41 83 5f 83 81 81 41 82 e0 81 63 81 63 83 5f 83 81 82 a5 81 63 81 63 00 81 40 83 70 83 93 83 65 83 42 81 63 81 63 82 ae 82 b5 82 e5 82 ae 82 b5 82 e5 82 c8 82 cc 81 63 81 63 82 a7 81 63 81 63 82 c1 81 63 81 63 00 81 40 82 e2 82 df 81 63 81 63 82 c4 81 41 82 e0 81 41 82 e2 82 df 81 63 81 63 82 a8 81 41 82 a8 82 cb 82 aa 82 a1 81 63 81 63 82 c1 81 63 81 63 81 76 00 56 41 30 31 38 31 30 37 00 81 75 82 a0 81 41 82 d0 81 41 82 9f 82 a0 81 41 82 a0 82 a0 81 63 81 63 82 e2 81 41 82 a0 81 41 82 a0 82 a0 81 63 81 63 83 93 81 49 00 81 40 82 f1 82 a3 81 41 82 ad 81 41 82 a4 81 41 82 a4 82 a3 81 63 81 63 83 93 81 41 82 a0 81 41 82 a0 82 9f 81 63 81 63 82 a0 81 41 83 93 81 49 81 76 00 92 6e 96 ca 82 c9 82 d6 82 bd 82 e8 82 b1 82 dd 81 41 8e b8 8b d6 82 b5 82 c4 82 b5 82 dc 82 c1 82 bd 82 a9 82 cc 82 e6 82 a4 82 c9 8c d2 8a d4 82 a9 00 82 e7 94 53 89 74 82 f0 8e 54 82 ab 8e 55 82 e7 82 b5 82 c4 81 41 82 bb 82 cc 89 d8 9a f8 82 c8 8e 88 91 cc 82 f0 82 d1 82 ad 82 d1 82 ad 82 c1 82 c6 00 e1 7a 9d b9 82 b3 82 b9 82 e9 83 58 83 43 81 5b 83 67 83 8a 83 62 83 76 81 42 00 82 ed 82 c8 82 ed 82 c8 82 c6 89 ca 8e c0 90 46 82 cc 90 4f 82 f0 90 6b 82 ed 82 b9 81 41 93 b5 82 f0 8f 81 82 dc 82 b9 82 c8 82 aa 82 e7 81 41 00 83 58 83 43 81 5b 83 67 83 8a 83 62 83 76 82 cd 82 b3 82 e7 82 c9 8f 50 82 a2 82 a9 82 a9 82 e9 82 b6 82 ad 82 b6 82 ad 82 c6 82 b5 82 bd e1 75 82 ab 82 c9 00 90 67 82 f0 88 cf 82 cb 82 c2 82 c2 81 41 8b 95 8b f3 82 f0 8c a9 82 c2 82 df 82 e9 82 b5 82 a9 82 c5 82 ab 82 c8 82 a9 82 c1 82 bd 81 42 00 82 b1 82 ea 82 a9 82 e7 94 de 8f 97 82 cc 90 67 82 c9 8d 7e 82 e8 82 a9 82 a9 82 e9 92 70 90 4a 82 c6 e3 b5 92 70 82 f0 97 5c 8a b4 82 b5 82 c4 82 a2 00 82 bd 82 cc 82 a9 81 41 82 bb 82 cc 93 b5 82 cd 82 c7 82 b1 82 a9 94 ed 8b 73 93 49 82 c8 89 78 8a 79 82 cc 90 46 8d 87 82 a2 82 f0 91 d1 82 d1 82 c4 00 82 a2 82 bd 81 5c 00 45 30 32 00 4f 50 30 31 00
