%line%,%seq%,%effect%,%music%,%bg%,%cg%,%ov%,%truename%,%name%,%voice%,%st0_name%,%st0_face%,%st1_name%,%st1_face%,%pageflag%,%text%
10000 ,@02min000_op,,,,,,,,,,,,,,
10400 ,,<hide><s_fade time=""1500"" type=""panel"" param=""type=0"">,2,1051,,,,,,,,,,,
10500 ,,,,,,,,,,,,,,,　それからしばらく、みなとの来訪はなくて……。
10600 ,,,,,,,,,,,,,,,　次に二人がやってきたのは、珍しく休日のことだった。
10690 ,,<!ef_af001_reverse>,,9000,,,,,,,,,,,
10700 ,,<!ef_af001_normal><m_fade fadeout=""2000"" fadin=""1500"">,1,1011,,,,,,,,,,,
10800 ,,,,,,,弘明,弘明,,,,,,,「なんだか、久しぶりだね」
10900 ,,,,,,,みなと,みなと,02min108_001.wav,,,"minato,private",85,,「うん……そうだね……」
11000 ,,,,,,,弘明,弘明,,,,minato,85,,「寂しかった？」
11100 ,,,,,,,みなと,みなと,02min108_002.wav,,,minato,6,,「うっ、ううんっ……！　そんなこと……ないよ……」
11200 ,,,,,,,みらい,みらい,01mir108_001.wav,"mirai,private",17,minato,6,,「そぉー？　夜なんか、『お兄ちゃん、お兄ちゃん』って泣いてたじゃない」
11300 ,,,,,,,みなと,みなと,02min108_003.wav,mirai,17,minato,15,,「泣いてないよぉっ……！　うぅ……」
11400 ,,,,,,,,,,mirai,17,minato,15,,　みらいちゃんが、慌てるみなとの隣で小さく笑う。
11500 ,,,,,,,みらい,みらい,01mir108_002.wav,mirai,85,minato,15,,「ほら、それよりみなと。あれ、わたさないとダメでしょっ」
11600 ,,,,,,,みなと,みなと,02min108_004.wav,mirai,85,minato,0,,「あ、うん……」
11700 ,,,,,,,,,,,,,,,
11800 ,,,,,,,,,,,,minato,85,,　みなとがおずおずと差し出したのは、分厚くて高級そうな手さげのビニール袋。
11900 ,,,,,,,弘明,弘明,,,,minato,85,,「……えっ、なに？」
12000 ,,,,,,,みなと,みなと,02min108_005.wav,,,minato,1,,「あっ、えっとね、ママが、お兄ちゃんにおたんじょうびのプレゼントだって……」
12100 ,,,,,,,弘明,弘明,,,,minato,1,,「誕生日？　いや、俺は先月なんだけど……」
12200 ,,,,,,,みなと,みなと,02min108_006.wav,,,minato,12,,「う、うん、知ってるけど……ボクたちを見ててくれたお礼に、って……」
12300 ,,,,,,,弘明,弘明,,,,minato,12,,「ああ、そういうことか……。別に、そんなん気にしなくていいのになぁ」
12400 ,,,,,,,,,,,,minato,12,,　俺は袋を受け取りながら、しみじみとつぶやく。俺の、偽らざる本音だ。
12500 ,,,,,,,,,,,,minato,12,,　しかしこうしてお礼の菓子折が届けられるというのは、その依頼も終わったことを意味する訳で……。なんだか、素直には喜べないな。
12600 ,,,,,,,みなと,みなと,02min055_019.wav,,,minato,8,,「あ……」
12700 ,,,,,,,,,,,,minato,8,,　みなとが俺の気持ちを敏感に察してか、少し気まずそうな顔をした。
12800 ,,,,,,,弘明,弘明,,,,minato,8,,「あ、いや……持ってきてくれてありがとな、みなと」
12900 ,,,,,,,,,,,,minato,8,,　俺は笑顔で、ケーキの袋を手にする。そのとき、ふと見覚えのあるマークが目に入った。
13000 ,,,,,,,弘明,弘明,,,,minato,8,,「あっ、これ……叔父さんのお店のなんだな」
13100 ,,,,,,,みなと,みなと,02min108_008.wav,,,minato,1,,「あっ、うん」
13200 ,,,,,,,みらい,みらい,01mir108_003.wav,mirai,0,minato,1,,「へぇ……そうなの？」
13400 ,,,,,,,みなと,みなと,02min109_004.wav,mirai,0,minato,85,,「ほら……お姉ちゃん。ここに、パパのホテルの名前が書いてあるよ」
13600 ,,,,,,,みらい,みらい,01mir108_004.wav,mirai,1,minato,85,,「あ、ホントだ……。だったら、きっとおいしいねっ」
13700 ,,,,,,,弘明,弘明,,mirai,1,minato,85,,「そうだね」
13800 ,,,,,,,,,,mirai,1,minato,85,,　まあ、叔父さんはシェフであってパティシエじゃないから、このケーキは叔父さん自ら作ったものではなさそうだけど……。
13900 ,,,,,,,,,,mirai,1,minato,85,,　それでも、普段なら縁がなさそうな高級店のケーキが食べられるってのは嬉しいことだ。
14000 ,,,,,,,弘明,弘明,,mirai,1,minato,85,,「なんか、短い間だったのに悪いよなぁ……。叔父さんと彩夏さんに、ありがとうって言っといて」
14100 ,,,,,,,みなと,みなと,02min108_010.wav,mirai,1,minato,5,,「うん……」
14200 ,,,,,,,みらい,みらい,01mir108_005.wav,mirai,8,,,,「それよりっ、ねぇ……はやくそれたべよっ！」
14300 ,,,,,,,,,,mirai,8,,,,　頭の中がすっかりケーキモードのみらいちゃんは、もう待ちきれないといった様子で俺をせかす。
14400 ,,,,,,,弘明,弘明,,mirai,8,,,,「そうだね。食べようか、ケーキ」
14500 ,,,,,,,みらい,みらい,01mir108_006.wav,mirai,85,,,,「あ、のみものもほしいっ」
14600 ,,,,,,,弘明,弘明,,mirai,85,,,,「んっ、ジュース？」
14700 ,,,,,,,みらい,みらい,01mir108_007.wav,mirai,5,,,,「ジュースとケーキはあんまり合わないでしょっ。あたし、紅茶がいい」
14800 ,,,,,,,弘明,弘明,,mirai,5,,,,「えっ、紅茶？　うーん、紅茶は置いてないなあ……」
14900 ,,,,,,,みらい,みらい,01mir108_008.wav,mirai,2,,,,「ええっ、ないの？」
15000 ,,,,,,,弘明,弘明,,mirai,2,,,,「うん……。コーヒーなら、インスタントのがあるんだけど」
15100 ,,,,,,,みらい,みらい,01mir108_009.wav,mirai,0,,,,「じゃあ、それでいいわ」
15200 ,,,,,,,弘明,弘明,,mirai,0,,,,「みなとも、飲むか？」
15300 ,,,,,,,みなと,みなと,02min108_011.wav,minato,12,,,,「うん……」
15400 ,,,,,,,弘明,弘明,,minato,12,,,,「ＯＫ、じゃちょっと待っててくれよ」
15500 ,,<!ef_move>,,1031,,,,,,,,,,,
15600 ,,,,,,,,,,,,,,,　俺はキッチンに向かい、準備を始める。
15700 ,,,,,,,,,,,,,,,　湯を沸かしつつ、コーヒーの瓶を取り出していると……リビングから、みなとがおずおずと声をかけてきた。
15800 ,,,,,,,みなと,みなと,02min108_012.wav,,,minato,8,,「あっ、えっと……お兄ちゃん……」
15900 ,,,,,,,弘明,弘明,,,,minato,8,,「んっ、どうした、みなと」
16000 ,,,,,,,みなと,みなと,02min108_013.wav,,,minato,12,,「えっと……ミルク、ある……？」
16100 ,,,,,,,弘明,弘明,,,,minato,12,,「ミルク……？　ああ、コーヒーに入れるのか」
16200 ,,,,,,,みなと,みなと,02min108_014.wav,,,minato,6,,「うん……」
16300 ,,,,,,,弘明,弘明,,,,minato,6,,「確か……牛乳だったら、冷蔵庫に入ってたような気がする」
16400 ,,,,,,,みらい,みらい,01mir108_010.wav,mirai,5,minato,12,,「それ、賞味期限だいじょうぶなのっ！？」
16500 ,,,,,,,弘明,弘明,,mirai,5,minato,12,,「ああ、この前買ったばかりだから、大丈夫だよ」
16600 ,,,,,,,みなと,みなと,02min108_015.wav,mirai,5,minato,85,,「じゃ、お兄ちゃん……それ、もらっていい？」
16700 ,,,,,,,弘明,弘明,,mirai,5,minato,85,,「ああ、いいよ」
16800 ,,,,,,,,,,,,,,,　俺は３つのカップにコーヒーを用意すると、みなとのカップにミルクをたっぷりと注いだ。
16900 ,,,,,,,,,,,,,,,　みらいちゃんは、何も言わないけど……まあ、スティックシュガーを多めにつけてあげようかな。
17000 ,,<!ef_move_r>,,1011,,,,,,,,,,,
17100 ,,,,,,,弘明,弘明,,,,,,,「お待たせ。ケーキは、好きなの選んでいいからね」
17200 ,,,,,,,,,,,,,,,　俺はコーヒーを配りながら、二人に好きなケーキを選ばせた。
17300 ,,,,,,,,,,,,,,,　二人は、楽しそうにケーキを選び始める。それぞれがじっくりと吟味して選んだケーキを、俺は皿に取り分けた。
17400 ,,,,,,,みらい,みらい,01mir036_006.wav,mirai,85,,,,「うふふっ……」
17500 ,,,,,,,,,,mirai,85,,,,　みらいちゃんが、幸せそうにケーキを食べ始める。みなともそれを見て、ショートケーキのイチゴを口に運んだ。
17600 ,,,,,,,みなと,みなと,02min108_016.wav,mirai,85,minato,85,,「んっ……。あ、おいしいね……」
17700 ,,,,,,,みらい,みらい,01mir108_011.wav,mirai,1,minato,85,,「うん、おいしーっ」
17800 ,,,,,,,,,,mirai,1,minato,85,,　あっという間にひとつを食べ終えたみらいちゃんが、早くも次のケーキを物色し始める。
17900 ,,,,,,,弘明,弘明,,mirai,1,minato,85,,「ふふっ……美味しいからってたくさん食べると、お肉ついちゃうよ？」
18000 ,,,,,,,みらい,みらい,01mir108_012.wav,mirai,5,minato,85,,「いいのっ！　入るところは別なんだからっ！」
18100 ,,,,,,,,,,mirai,5,minato,85,,　みらいちゃんはひとしきり悩んでから、今度はチョコレートケーキを皿へと移す。
18200 ,,,,,,,弘明,弘明,,mirai,5,minato,85,,「ほら、みなとも今のうちに選んどかないと、お姉ちゃんに全部食べられちゃうぞ？」
18300 ,,,,,,,みらい,みらい,01mir108_013.wav,mirai,84,minato,85,,「全部は食べないわよっ！」
18400 ,,,,,,,弘明,弘明,,mirai,84,minato,85,,「ほんと……？　まあとにかくみなと、選んで」
18600 ,,,,,,,みなと,みなと,02min108_017.wav,,,minato,12,,「あっ、うん……えっと……」
18700 ,,,,,,,,,,,,minato,12,,　ケーキを選ぼうと、みなとが身を乗り出したその時。
18800 ,,<se file=""cup.wav"" vol=""-300"">,,,,,,,,,,minato,12,,　何かがコーヒーカップに引っかかり、みなとは自分のコーヒーを派手にこぼしてしまった。
18900 ,,,,,,,みなと,みなと,02min108_018.wav,,,minato,15,,「あっ！？　わっ、ああっ……！」
19000 ,,,,,,,弘明,弘明,,,,minato,15,,「あっ……！？」
19100 ,,,,,,,みらい,みらい,01mir108_014.wav,mirai,15,minato,15,,「ちょっとみなと、なにやってるのよっ……！」
19200 ,,,,,,,,,,mirai,15,minato,15,,　俺は急いで立ち上がり、みなとの身体に布巾を当てる。
19300 ,,,,,,,弘明,弘明,,mirai,15,minato,15,,「大丈夫か、みなと！？」
19400 ,,,,,,,,,,mirai,15,minato,15,,　みなとは、コクコクと首をたてに振る。冷たい牛乳が多くカフェオレ状態にあったおかげで、火傷するようなことは免れたようだ。
19500 ,,,,,,,みなと,みなと,02min108_019.wav,mirai,15,minato,82,,「ご、ごめんなさい……」
19600 ,,,,,,,弘明,弘明,,mirai,15,minato,82,,「いいよ、大丈夫。それより、洋服……」
19700 ,,,,,,,みらい,みらい,01mir108_015.wav,mirai,8,minato,82,,「それ、シミになる前にせんたくしないと」
19800 ,,,,,,,弘明,弘明,,mirai,8,minato,82,,「みなと、着替えはあるか？」
19900 ,,,,,,,みなと,みなと,02min091_004.wav,mirai,8,minato,8,,「えっ？　う、ううん……」
20000 ,,,,,,,,,,,,,,,　みなとは、涙目になって首を振る。あいにく俺の部屋にも、みなとが着られそうな服はない。
20100 ,,,,,,,,,,,,,,,　いや……ないことはないが、ちょっと出すに出せない代物だ。
20200 ,,,,,,,弘明,弘明,,,,,,,「困ったな……ウチに、みなとが着られそうな服はないし……」
20300 ,,,,,,,みらい,みらい,01mir108_016.wav,mirai,14,,,,「しょうがないわね……。あたしが、家まで行って取ってくるわよ」
20400 ,,,,,,,弘明,弘明,,mirai,14,,,,「えっ、みらいちゃんが……？」
20500 ,,,,,,,みらい,みらい,01mir108_017.wav,mirai,5,,,,「だって、はだかで帰るわけにもいかないでしょ？　お兄ちゃんの服は、大きすぎると思うし」
20600 ,,,,,,,弘明,弘明,,mirai,5,,,,「うん、まあ……。いいの？　みらいちゃん」
20700 ,,,,,,,みらい,みらい,01mir108_018.wav,mirai,85,,,,「ちょっと走れば、すぐに取ってこられるわよっ。みなと、まってて」
20800 ,,,,,,,みなと,みなと,02min108_020.wav,,,minato,8,,「あ、うん……」
20900 ,,,,,,,,,,,,,,,　言うが早いか、みらいちゃんは玄関に向かって駆け出していく。
20990 ,,<se file=""door_entrance_close.wav"" vol=""-1200"">,,,,,,,,,,,,,
21000 ,,<wait time=""500"">,,,,,弘明,弘明,,,,,,,「みらいちゃん……なんだかんだ言って、優しいよね」
21100 ,,,,,,,みなと,みなと,02min108_021.wav,,,minato,85,,「うん…………」
21200 ,,,,,,,,,,,,minato,85,,　俺はみなとの身体に残ったコーヒーを拭き取りつつ、ふと思い立った。
21300 ,,,,,,,弘明,弘明,,,,minato,85,,「そうだ、みなと。コーヒーに濡れたままなのもなんだから、風呂に入るか？」
21400 ,,,,,,,みなと,みなと,02min108_022.wav,,,minato,2,,「えっ……？」
21500 ,,,,,,,弘明,弘明,,,,minato,2,,「風呂というか、シャワーだけどな。コーヒー、身体にもかかっちゃっただろ？」
21600 ,,,,,,,みなと,みなと,02min108_023.wav,,,minato,6,,「…………うん……」
21700 ,,,,,,,,,,,,minato,6,,　みなとは少し迷ってから、うなずいた。
21800 ,,,,,,,弘明,弘明,,,,minato,6,,「じゃ、みなと……こっちだよ」
22100 ,@02min001_ev01,,,,,,,,,,,,,,
22900 ,,<!ef_timepass>,1,1041,,,,,,,,,,,
23000 ,,,,,,,弘明,弘明,,,,,,,「それじゃ、みなと。タオルはここに置いとくからな。あとは一人でも、大丈夫だろう？」
23100 ,,,,,,,みなと,みなと,02min066_001.wav,"minato,private",5,,,,「あっ、えっと……」
23200 ,,,,,,,,,,minato,5,,,,　みなとは、なにやら言いにくそうな様子で、俺の顔を見た。
23300 ,,,,,,,弘明,弘明,,minato,5,,,,「んっ、どうした？」
23400 ,,,,,,,みなと,みなと,02min066_002.wav,minato,8,,,,「あっ、えっと……お兄ちゃんちのおふろ、変わってるし……入りかた、よくわかんないから……」
23500 ,,,,,,,弘明,弘明,,minato,8,,,,「変わってる……か。なるほど、ははは」
23600 ,,,,,,,,,,minato,8,,,,　俺の部屋の風呂は、ユニットバスになっている。普通のアパートより広めではあるけど、他には何の変哲もない、ありふれたユニットバスだと思う。
23700 ,,,,,,,,,,minato,8,,,,　でもみなとのように、普通の家庭にあるようなタイプしか知らないと……確かにユニットバスは、変わって見えるかも知れないな。
23800 ,,,,1031,,,,,,,,,,,
23900 ,,,,,,,弘明,弘明,,,,,,,「みなとは、ユニットバスの風呂には入ったことなかったっけ？」
24000 ,,,,,,,みなと,みなと,02min066_003.wav,minato,5,,,,「うん…………。あ、あと、それにね……」
24100 ,,,,,,,弘明,弘明,,minato,5,,,,「ん？」
24200 ,,,,,,,みなと,みなと,02min066_004.wav,minato,14,,,,「ひ、ひとりで入るのも……ちょっといやかも……」
24300 ,,,,,,,,,,minato,14,,,,　そう言ってみなとは、おどおどと目を反らす。
24400 ,,,,,,,,,,minato,14,,,,　なるほど、みなとらしい話だ……と心の中で苦笑しながら、俺はみなとの肩に手を置いた。
24500 ,,,,,,,弘明,弘明,,minato,14,,,,「いつもは、みらいちゃんと一緒に入ってるのか？」
24600 ,,,,,,,みなと,みなと,02min066_005.wav,minato,0,,,,「えっ？　ううん……さいきんは、お姉ちゃんとあんまり入らないけど……」
24700 ,,,,,,,弘明,弘明,,minato,0,,,,「じゃあ、叔父さんと？」
24800 ,,,,,,,みなと,みなと,02min066_006.wav,minato,8,,,,「パパは、帰りがおそいこと多いから……。いつもは、ママといっしょに入ってるの……」
24900 ,,,,,,,弘明,弘明,,minato,8,,,,「なるほど……彩夏さんとね」
25000 ,,,,,,,,,,minato,8,,,,　思わず、彩夏さんの裸体を想像する。スレンダーで、あまり胸も大きくなくて……。いやいや、今はそうじゃない。
25100 ,,,,,,,弘明,弘明,,minato,8,,,,「うーん……。一人で入るのがイヤだったら、俺も風呂に付き添ってあげようか」
25200 ,,,,,,,みなと,みなと,02min066_007.wav,minato,6,,,,「えっ……？」
25300 ,,,,,,,,,,minato,6,,,,　みなとは俺の顔を見上げたあと、なんだか恥ずかしそうにうつむいてしまう。
25400 ,,,,,,,弘明,弘明,,minato,6,,,,「別に、俺も一緒に入る訳じゃないから。ユニットバスの使い方……っても普通のシャワーと変わらないけど、教えてあげるよ」
25500 ,,,,,,,みなと,みなと,02min066_009.wav,minato,6,,,,「う、うん……」
25600 ,,,,,,,弘明,弘明,,minato,6,,,,「それじゃ……ウチに脱衣所はないから、ここで脱いでくれな。濡れた服は、その辺に置いとけばいいから」
25700 ,,,,,,,みなと,みなと,02min066_010.wav,minato,6,,,,「うん……」
25800 ,,,,,,,,,,,,,,,　みなとは俺に背を向け、ややためらいがちに服を脱いでいく。
26000 ,,<m_fade fadeout=""2000"" fadein=""1500"">,12,,,,,,,,,,,,
26100 ,,<wait time=""1500"">,,,,,みなと,みなと,02min066_011.wav,"minato,naked",8,,,,「ん、しょ……」
26200 ,,<s_fade time=""1200"">,,,,,,,,minato,8,,,,　次第にあらわになってくるみなとの身体は、女の子のように華奢で……とても同性とは思えないほど、可愛らしさを感じてしまった。
26300 ,,,,,,,弘明,弘明,,minato,8,,,,「えっと……おっ、俺、先に入ってシャワーの温度調節してるからな」
26400 ,,,,,,,みなと,みなと,02min066_012.wav,minato,6,,,,「あ、うん……」
26500 ,,,,,,,,,,minato,6,,,,　なぜだか慌ててしまった俺は、妙に説明くさい言葉を発して、みなとより先にバスルームへと移動した。
26700 ,,<se_loop file=""shower.wav"" fadein=""1500"" id=""1"">,,1041,,,,,,,,,,,
26800 ,,<wait time=""1000"">,,,,,,,,,,,,,　シャワーのお湯をしばらく出して、温かくなったことを確認。ここで少し多めに水を出して、俺が使う時よりぬるめのお湯に調整する。
26900 ,,,,,,,弘明,弘明,,,,,,,「まぁ、こんなもんかな……」
27000 ,,,,,,,,,,,,,,,　よし、これで準備は万全。……だけど、みなとはなかなかやってこない。
27100 ,,,,,,,弘明,弘明,,,,,,,「おい、みなと？」
27200 ,,,,,,,,,,,,,,,　バスルームから顔を出し、玄関前をのぞいてみると……床にちょこんと正座したみなとが、コーヒーに濡れた服をいそいそとたたんでいた。
27300 ,,,,,,,弘明,弘明,,,,,,,「みなと……それ洗うんだから、そんなキレイにたたむことないぞ……」
27500 ,,<voice_volume vol=""-300"">,,,,,みなと,みなと,02min066_013.wav,,,,,,「あっ、うん……。いま、行くね……」
27700 ,*mem,,,,,,,,,,,,,,
27790 ,,<se_stop id=""1"" fadeout=""4000""><se_loop file=""shower.wav"" id=""2"" fadein=""500"" vol=""-1000"">,12,,110111,,,,,,,,,,
27800 ,,,,,110111,,,,,,,,,,　全裸になったみなとが、俺の指示でバスタブの中に入った。
27900 ,,,,,110111,,みなと,みなと,02min066_015.wav,,,,,,「お兄ちゃん……」
28000 ,,,,,110111,,弘明,弘明,,,,,,,「……ん？」
28100 ,,,,,110111,,,,,,,,,,　みなとは、さっきからずっともじもじしている。
28200 ,,,,,110111,,弘明,弘明,,,,,,,「どうした、みなと」
28300 ,,,,,110111,,みなと,みなと,02min066_016.wav,,,,,,「あっ、ううん……」
28400 ,,,,,110111,,,,,,,,,,　まだちょっと緊張した様子のみなとに、シャワーのお湯を足元から当てていく。
28500 ,,,,,110111,,弘明,弘明,,,,,,,「ほら、足のとこもコーヒーかかってるだろ？　」
28600 ,,,,,110111,,,,,,,,,,　そう言って俺が身をかがめると、みなとの局部がふと視界の隅に入った。
28700 ,,,,,110111,,弘明,弘明,,,,,,,「なんだ、みなと。可愛いチ○チンしてるな」
28800 ,,,,,110111,,みなと,みなと,02min066_018.wav,,,,,,「やっ、やぁぁんっ……！」
28900 ,,,,,110111,,,,,,,,,,　みなとは、慌てて両手でその可愛らしいペニスを隠した。
29000 ,,,,,110111,,弘明,弘明,,,,,,,「どうした、そんなに恥ずかしがらなくてもいいだろ？　男同士なんだし」
29100 ,,,,,110111,,みなと,みなと,02min066_019.wav,,,,,,「う、うん……」
29200 ,,,,,110111,,,,,,,,,,　おそるおそる、みなとが手を下ろしていく。再び、幼いチ○チンがあらわになった。
29300 ,,,,,110111,,弘明,弘明,,,,,,,「そういや、チ○チンはちゃんと中も洗ってるか？」
29400 ,,,,,110111,,みなと,みなと,02min066_020.wav,,,,,,「えっ？　中……って……？」
29500 ,,,,,110111,,弘明,弘明,,,,,,,「チ○チンの皮を剥いて、洗ってるかってこと」
29600 ,,,,,110111,,みなと,みなと,02min066_021.wav,,,,,,「おち○ちんの、かわ……？」
29700 ,,,,,110111,,,,,,,,,,　みなとは、きょとんとした顔で俺を見つめている。
29800 ,,,,,110111,,,,,,,,,,　学校で習ってたかと思ったけど……そういう知識は、どうやら持ってないみたいだな。
29900 ,,,,,110111,,弘明,弘明,,,,,,,「チ○チンは、子供のうちは皮がかぶってるものなんだ。大人になると剥けるんだよ。……まあ、剥けきってない人もいるけどさ」
30000 ,,,,,110111,,,,,,,,,,　例えば、俺とかな……という言葉は、言わないでおくことにした。
30100 ,,,,,110111,,みなと,みなと,02min066_022.wav,,,,,,「えっ、そうなの……？」
30200 ,,,,,110111,,弘明,弘明,,,,,,,「ほら、パパのチ○チン、見たことあるだろ？　あんな感じだよ」
30300 ,,,,,110111,,,,,,,,,,　みなとは記憶をたぐるような思案顔になって、それから、コクッと納得したようにうなずいた。
30400 ,,,,,110111,,弘明,弘明,,,,,,,「みなとも皮を剥けば、パパや俺と同じようになってるんだぞ」
30500 ,,,,,110111,,みなと,みなと,02min066_025.wav,,,,,,「えっ、ほんと……？」
30600 ,,,,,110111,,弘明,弘明,,,,,,,「ああ。無理して剥いちゃダメだけど、剥いて中を洗うことも大事なんだよ」
30700 ,,,,,110111,,みなと,みなと,02min066_026.wav,,,,,,「そっか……」
30800 ,,,,,110111,,,,,,,,,,　しみじみとつぶやいたみなとは、それからふと顔を上げた。
30900 ,,,,,110111,,みなと,みなと,02min066_027.wav,,,,,,「ボク……おち○ちん、むいてみよっかな……」
31000 ,,,,,110111,,弘明,弘明,,,,,,,「えっ？」
31200 ,,,,,110111,,みなと,みなと,02min066_028.wav,,,,,,「でも……やっぱり、こわいね……」
31400 ,,,,,110111,,弘明,弘明,,,,,,,「だったら、俺が剥いてやろうか」
31500 ,,,,,110111,,みなと,みなと,02min066_029.wav,,,,,,「えっ……？」
31600 ,,,,,110111,,,,,,,,,,　ちょっとした、冗談のつもりだったけど……
31700 ,,,,,110111,,みなと,みなと,02min066_030.wav,,,,,,「うん……お兄ちゃん……むいて……」
31800 ,,,,,110111,,弘明,弘明,,,,,,,「えっ？　あっ……ああ」
31900 ,,,,,110111,,,,,,,,,,　予想外のみなとの返事に戸惑ってしまい、妙に上ずった声を出してしまう。
32000 ,,,,,110111,,みなと,みなと,02min066_031.wav,,,,,,「お兄ちゃん……？」
32100 ,,,,,110111,,弘明,弘明,,,,,,,「いや、すまん……。じゃあ、剥いてあげるからな」
32200 ,,,,,110111,,みなと,みなと,02min066_032.wav,,,,,,「う、うん……」
32800 ,,,,,110111,,,,,,,,,,　俺は一度深呼吸して、みなとのペニスに手を伸ばした。
32900 ,,,,,110111,,みなと,みなと,02min066_035.wav,,,,,,「あ……」
33000 ,,,,,110111,,弘明,弘明,,,,,,,「ほら、みなと……このくにくにと柔らかいのが皮の部分な。引っ張ると結構伸びるだろ？」
33100 ,,,,,110111,,みなと,みなと,02min066_036.wav,,,,,,「や、やぁん……いたずらしないで……」
33200 ,,,,,110111,,弘明,弘明,,,,,,,「んっ？　剥いてくれって言ったのは、みなとだろ？」
33300 ,,,,,110111,,みなと,みなと,02min066_037.wav,,,,,,「そ、そうだけど……」
33400 ,,,,,110111,,,,,,,,,,　まだ幼くてもやはり他人に性器を弄られると感じるのか、みなとは時折その身を震わせている。
33500 ,,,,,110111,,弘明,弘明,,,,,,,「それじゃ、剥くからな……。こうやって、ゆっくりと皮を下ろしてやるんだ」
33600 ,,,,,110111,,みなと,みなと,02min066_038.wav,,,,,,「ふぁ……んんっ……」
33700 ,,,,,110111,,弘明,弘明,,,,,,,「大丈夫か？　痛くないか？」
33800 ,,,,,110111,,みなと,みなと,02min066_039.wav,,,,,,「う、うん……痛くないよ……」
33900 ,,,,,110111,,弘明,弘明,,,,,,,「よし、それじゃ、続けるぞ……ほら、先端が見えてきた」
34000 ,,,,,110111,,みなと,みなと,02min066_040.wav,,,,,,「ほ、ほんとだ……なんか、赤い……」
34100 ,,,,,110111,,,,,,,,,,　みなとは俺の手に包まれた自分のペニスを凝視し、熱い吐息をその口からこぼしている。
34200 ,,,,,110111,,みなと,みなと,02min066_041.wav,,,,,,「んっ…………あんっ？」
34300 ,,,,,110111,,,,,,,,,,　ぷるんっとチ○チンが揺れ、また元の皮かぶり状態に戻っていた。
34400 ,,,,,110111,,みなと,みなと,02min066_042.wav,,,,,,「あっ、もどっちゃった……」
34500 ,,,,,110111,,弘明,弘明,,,,,,,「大丈夫、また剥くだけだよ」
34600 ,,,,,110111,,みなと,みなと,02min066_043.wav,,,,,,「う、うん……」
34700 ,,,,,110111,,弘明,弘明,,,,,,,「今度は自分で剥いてみるか？」
34800 ,,,,,110111,,,,,,,,,,　みなとは、フルフルと首を横に振る。
34900 ,,,,,110111,,みなと,みなと,02min066_044.wav,,,,,,「ボク……お兄ちゃんといっしょじゃないと、怖くてむけないよ……」
35000 ,,,,,110111,,弘明,弘明,,,,,,,「じゃ、二人で一緒に剥こうな？　みなと……」
35100 ,,,,,110111,,みなと,みなと,02min066_045.wav,,,,,,「うん……」
35200 ,,,,,110111,,,,,,,,,,　俺が再び置いた指の上に、みなとも指を添える。
35300 ,,,,,110111,,弘明,弘明,,,,,,,「こうしてチ○チンを軽くつまんで、奥にゆっくり……」
35400 ,,,,,110111,,みなと,みなと,02min066_046.wav,,,,,,「んっ……」
35500 ,,,,,110111,,弘明,弘明,,,,,,,「痛かったら、すぐにいえよ？」
35600 ,,,,,110111,,みなと,みなと,02min066_047.wav,,,,,,「うん……」
35700 ,,,,,110111,,,,,,,,,,　二人でつまんだ包皮は、ゆっくりと下ろされていき、その外気に触れなれていない未成熟な亀頭をあらわにした。
35800 ,,,,,110111,,みなと,みなと,02min066_048.wav,,,,,,「んっ……あんっ！」
35900 ,,,,,110111,,弘明,弘明,,,,,,,「痛くないか？　みなと……」
36000 ,,,,,110111,,みなと,みなと,02min066_049.wav,,,,,,「んんっ……まだ、ちょっとつっぱった感じしてるかも……」
36100 ,,,,,110111,,弘明,弘明,,,,,,,「じきに慣れてくると思うけど、今は無理するなよ」
36200 ,,,,,110111,,みなと,みなと,02min066_050.wav,,,,,,「うん……」
36300 ,,,,,110111,,,,,,,,,,　みなとのペニスを、じっくりと見てみた。
36400 ,,,,,110111,,,,,,,,,,　みなとの亀頭は小ぶりながらも、ちゃんと先が割れて尿道口があって、カリ首が張り出しているといった……大人のそれと同じ特徴を、しっかり備えていた。
36500 ,,,,,110111,,弘明,弘明,,,,,,,「やっぱり子供でも、形は一緒なんだな……」
36600 ,,,,,110111,,みなと,みなと,02min066_051.wav,,,,,,「あう……あんまり見ないでよぉ……」
36700 ,,,,,110111,,弘明,弘明,,,,,,,「それじゃ洗うか、みなと」
36800 ,,,,,110111,,みなと,みなと,02min066_052.wav,,,,,,「洗う、って…………ええっ、ボクのおち○ちん！？」
36900 ,,,,,110111,,弘明,弘明,,,,,,,「そうだよ」
37000 ,,,,,110111,,みなと,みなと,02min066_053.wav,,,,,,「ボ、ボク、自分で洗えるよぉっ……！」
37100 ,,,,,110111,,弘明,弘明,,,,,,,「まだ剥いたばっかりだから、下手に洗って傷つけちゃうかも知れないぞ？」
37200 ,,,,,110111,,みなと,みなと,02min066_054.wav,,,,,,「あう……」
37300 ,,,,,110111,,,,,,,,,,　みなとは納得したようで、恥ずかしそうに言葉を続けた。
37400 ,,,,,110111,,みなと,みなと,02min066_055.wav,,,,,,「えっと……それじゃ、お兄ちゃん……ボクのおち○ちん、洗って……」
37500 ,,,,,110111,,弘明,弘明,,,,,,,「ああ、洗ってあげるよ」
37600 ,,,,,110111,,,,,,,,,,　俺はボディソープを手のひらに取り、両手で泡立てる。
37700 ,,,,,110111,,みなと,みなと,02min066_056.wav,,,,,,「えっ、お兄ちゃん……お兄ちゃんの手で、あらうの……？」
37800 ,,,,,110111,,弘明,弘明,,,,,,,「そうだよ。タオルだと、まだ刺激が強すぎるかと思ってな」
37900 ,,,,,110111,,みなと,みなと,02min066_057.wav,,,,,,「う、うん……」
38000 ,,,,,110111,,,,,,,,,,　みなとはまだ不安なようで、おずおずと上目遣いに尋ねてきた。
38100 ,,,,,110111,,みなと,みなと,02min066_058.wav,,,,,,「お兄ちゃんの手で……おち○ちん、さわるんだよね……？」
38200 ,,,,,110111,,弘明,弘明,,,,,,,「そりゃそうだ。そうじゃないと、洗えないからな」
38300 ,,,,,110111,,みなと,みなと,02min066_059.wav,,,,,,「あうう…………でも……」
38400 ,,,,,110111,,弘明,弘明,,,,,,,「普段は皮に覆われてるんだから、チ○チンの中はちゃんとキレイにしておかないとな」
38500 ,,,,,110111,,みなと,みなと,02min066_060.wav,,,,,,「うん……」
38600 ,,,,,110111,,,,,,,,,,　亀頭に触れただけで、みなとの身体はビクンと震えた。
38700 ,,,,,110111,,みなと,みなと,02min066_061.wav,,,,,,「んっ……あんっ！」
38800 ,,,,,110111,,弘明,弘明,,,,,,,「わわっ！？」
38900 ,,,,,110111,,,,,,,,,,　みなとがまるで女の子のような可愛い声をあげるから、俺も思わずビックリしてしまう。
39000 ,,,,,110111,,弘明,弘明,,,,,,,「み、みなと……？　大丈夫だよな……？」
39100 ,,,,,110111,,みなと,みなと,02min066_062.wav,,,,,,「うん……だ、だいじょうぶだよ……」
39200 ,,,,,110111,,,,,,,,,,　みなとも恥ずかしかったのか、顔を真っ赤にしてうつむいてしまった。
39300 ,,,,,110111,,弘明,弘明,,,,,,,「えっと……そ、それじゃ、続けるからな……」
39400 ,,,,,110111,,みなと,みなと,02min066_063.wav,,,,,,「うん……」
39500 ,,,,,110111,,,,,,,,,,　俺の声も震えている。
39700 ,,,,,110112,,みなと,みなと,02min066_064.wav,,,,,,「ん……んんっ……んっ、あ……」
39800 ,,,,,110112,,,,,,,,,,　みなとが声を押し殺している。
39900 ,,,,,110112,,,,,,,,,,　その様子は痴漢されて身悶えてる女の子の様で、こちらもおのずと興奮してきてしまう。
40000 ,,,,,110112,,みなと,みなと,02min066_065.wav,,,,,,「はっ……あぁ……んふっ……」
40100 ,,,,,110112,,弘明,弘明,,,,,,,「大丈夫か、みなと……？」
40200 ,,,,,110112,,,,,,,,,,　もう一度聞くが、みなとのペニスを弄るのを止める気はすでになかった。
40300 ,,,,,110112,,みなと,みなと,02min066_066.wav,,,,,,「んっ、くふっ……だ、だいじょ……ぶ……んんっ……」
40400 ,,,,,110112,,,,,,,,,,　みなとのその声と、鼻腔をくすぐるミルクのような体臭で、思考にもやがかかったように俺は一心不乱にみなとのペニスをくりゅくりゅと優しく弄り回す。
40500 ,,,,,110112,,みなと,みなと,02min066_067.wav,,,,,,「ふっ……んんっ……おにいちゃ……ん……」
40600 ,,,,,110112,,,,,,,,,,　やがて、俺の指先は、みなとのペニスが変化していくのを感じ取っていた。
40800 ,,,,,110113,,みなと,みなと,02min066_068.wav,,,,,,「あっ、んんっ、そんなにしたら……ボク……」
40900 ,,,,,110113,,,,,,,,,,　泣きべそをかきそうな顔で、俺を見つめる。
41000 ,,,,,110113,,弘明,弘明,,,,,,,「みなと……チ○チン、勃起しちゃったな」
41100 ,,,,,110113,,みなと,みなと,02min066_069.wav,,,,,,「おち○ちん、ぼっき……？」
41200 ,,,,,110113,,弘明,弘明,,,,,,,「チ○チンに刺激が与えられて、おっきくなることだよ」
41300 ,,,,,110113,,,,,,,,,,　自分の身体の変化に戸惑いを隠せない様子のみなと。俺は優しく微笑んでフォローしてやることにした。
41400 ,,,,,110113,,弘明,弘明,,,,,,,「朝起きた時とか、チ○チンおっきくなってないか？」
41500 ,,,,,110113,,みなと,みなと,02min066_070.wav,,,,,,「あさ……？　うんと……よくわかんない……」
41600 ,,,,,110113,,弘明,弘明,,,,,,,「そっか。まあいいや。ともかく、チ○チンが勃起するのはおかしいことじゃないからな。むしろ、健康な証拠だよ」
41700 ,,,,,110113,,みなと,みなと,02min066_071.wav,,,,,,「そうなんだ……」
41800 ,,,,,110113,,弘明,弘明,,,,,,,「ああ。だから……もっとおっきくしちゃっていいんだぞ……」
41900 ,,,,,110113,,,,,,,,,,　そう言ってみなとのチ○チンをさらにしごく。
42000 ,,,,,110113,,,,,,,,,,　俺の手の動きは、もう「洗う」という当初の目的からは外れ、みなとに快感を与えることをその旨としていた。
42200 ,,,,,110114,,みなと,みなと,02min066_072.wav,,,,,,「んんんっ、あんっ……」
42300 ,,,,,110114,,,,,,,,,,　ピンクの亀頭を指先で優しくさするたび、みなとの身体がビクン、ビクンと震える。
42400 ,,,,,110114,,みなと,みなと,02min066_073.wav,,,,,,「ふぁ……あっ、あ……おち○ちん、ヘンだよぉ……あたま、ぼーってなる……」
42500 ,,,,,110114,,,,,,,,,,　みなとが、俺の袖をキュッとつかんだ。
42600 ,,,,,110114,,弘明,弘明,,,,,,,「みなと……」
42700 ,,,,,110114,,,,,,,,,,　同性の性器をさわっているとか……そんな嫌悪感は、全く生まれなかった。むしろ、まだ触れてはいけないんじゃないかという禁忌……それを犯しているという興奮の方が、ずっと大きい。
42800 ,,,,,110114,,みなと,みなと,02min066_074.wav,,,,,,「な、なにこれ……お兄ちゃん、おち○ちんがヘンだよぉ……」
42900 ,,,,,110114,,弘明,弘明,,,,,,,「気持ち良くないか……？」
43000 ,,,,,110114,,みなと,みなと,02min066_075.wav,,,,,,「んっ、うんと……えっと……」
43100 ,,,,,110114,,,,,,,,,,　みなとの反応を見ると、勃起や自慰行為はおろか……おそらくはセックスのことまで、はっきりとは知らないんだろう。
43200 ,,,,,110114,,,,,,,,,,　何も知らないみなとに、俺がエッチなことを少しずつ教えていく……その様子を想像して、一瞬言いようのない興奮を覚えた。
43300 ,,,,,110114,,みなと,みなと,02min066_076.wav,,,,,,「お兄ちゃん……？」
43400 ,,,,,110114,,弘明,弘明,,,,,,,「みなと、イヤだったら言うんだぞ……」
43500 ,,,,,110114,,みなと,みなと,02min066_077.wav,,,,,,「ううん……」
43600 ,,,,,110114,,,,,,,,,,　みなとは首を振って、うるんだ瞳を俺に向ける。
43700 ,,,,,110114,,みなと,みなと,02min066_078.wav,,,,,,「お兄ちゃんだったら、ぜんぜんイヤじゃないよ……」
43800 ,,,,,110114,,弘明,弘明,,,,,,,「みなと……」
43900 ,,,,,110114,,,,,,,,,,　みなとの肩に、そっと手を置く。その肌は、驚くほど柔らかく、滑らかだった。
44000 ,,,,,110114,,,,,,,,,,　俺はそのままみなとの柔らかい肌を、全身くまなく撫で回したい衝動に駆られる。
44100 ,,,,,110114,,,,,,,,,,　わずかにふくらんだ乳首、ぷっくりとしたおなか、なだらかに丸いおしり……そのどれもが、女の子のように可愛らしかった。
44200 ,,,,,110114,,みなと,みなと,02min066_079.wav,,,,,,「お兄ちゃん……ボクのおち○ちん、どうなっちゃうの……？」
44300 ,,,,,110114,,,,,,,,,,　俺のペニスは、ズボンの下で勃起しきっていた。
44400 ,,,,,110114,,,,,,,,,,　はっきりと自覚できた。俺は……みなとの裸体に、明らかに興奮している。
44500 ,,,,,110114,,,,,,,,,,　それを誤魔化すように、さらに強い刺激をみなとの幼い亀頭に与え、その華奢な身体を跳ねさせた。
44600 ,,,,,110114,,みなと,みなと,02min066_080.wav,,,,,,「んぁ、んっ、んんっ……お兄ちゃん……」
44700 ,,,,,110114,,弘明,弘明,,,,,,,「みなと……気持ちいいか……？」
44800 ,,,,,110114,,みなと,みなと,02min066_081.wav,,,,,,「う、うん……からだが、ふわふわぁって、する……」
44900 ,,,,,110114,,,,,,,,,,　再び、俺の指が動き始める。みなとの亀頭に愛撫を続ける。
45000 ,,,,,110114,,みなと,みなと,02min066_082.wav,,,,,,「んっ、あうっ、んん……」
45100 ,,,,,110114,,,,,,,,,,　懸命に硬くなろうとヒクリヒクリと震える可愛らしいペニス。
45200 ,,,,,110114,,,,,,,,,,　その動きが指先に伝わってくることで俺の興奮がさらに増していく。
45300 ,,,,,110114,,みなと,みなと,02min066_083.wav,,,,,,「ふぁっ、んぁぁんっ！　あ……なにか来たよぉ……おち○ちん、きゅんってしてきた……」
45400 ,,,,,110114,,弘明,弘明,,,,,,,「イキそうなんだな……」
45500 ,,,,,110114,,みなと,みなと,02min066_084.wav,,,,,,「んぁっ、あんっ、んんっ……いっ、イキそう……？　“イキそう”、ってなに……？」
45600 ,,,,,110114,,弘明,弘明,,,,,,,「チ○チンが最高に気持ちよくなって、精液が出ることだよ。『イッちゃう』とも言うんだ」
45700 ,,,,,110114,,みなと,みなと,02min066_085.wav,,,,,,「んっ、んんっ……ボク、イッちゃうの……？」
45800 ,,,,,110114,,弘明,弘明,,,,,,,「そうだ。イッちゃっていいぞ、みなと」
45900 ,,,,,110114,,,,,,,,,,　俺は鈴口の割れ目に、そっと指先を入り込ませる。
46000 ,,,,,110114,,みなと,みなと,02min066_086.wav,,,,,,「んぁぁんっ！　あっ、んぁ……あっ、あぅぅんっ、お、おしっこみたいなの、きたよぉ……」
46100 ,,,,,110114,,,,,,,,,,　みなとは目を閉じて、こみあげる射精感をこらえようとしている。
46200 ,,,,,110114,,,,,,,,,,　でも、もはやそれは手遅れで、俺の手の下でみなとの柔らかな袋が、キュッと縮まるのが見て取れた。
46300 ,,,,,110114,,みなと,みなと,02min066_087.wav,,,,,,「ボク、イッちゃう……！」
46400 ,,,,,110114,,,,,,,,,,　みなとの、精通……初めての射精を、俺のこの手で感じたい……。
46500 ,,,,,110114,,弘明,弘明,,,,,,,「みなと……そのまま楽にして、俺に身体を任せて……」
46600 ,,,,,110114,,みなと,みなと,02min066_088.wav,,,,,,「うん……んんんっ、ああっ！　ああっ、んっ、んんんっ！　あっ、あ……」
46700 ,,,,,110114,,,,,,,,,,　とくとくと湧き出てくるカウパーを亀頭にまぶし、更に愛撫を続けていく。みなとは、カウパーが多い体質なのかも知れない。
46800 ,,,,,110114,,みなと,みなと,02min066_089.wav,,,,,,「んああっ、あうっ……」
46900 ,,,,,110114,,,,,,,,,,　みなとは俺にその身を預け、背をのけぞらせる。俺はその瞬間、亀頭の先端を少し強めに爪弾いた。
47000 ,,,,,110114,,みなと,みなと,02min066_090.wav,,,,,,「やっ、んぁぁっ！　ああっ、ん……んあああぁぁぁ……っ！！」
47300 ,,<!ef_shasei>,,,110115,,,,,,,,,,　みなとの小さなペニスが上下に震え、ひゅくっひゅくっと白い液体が鈴口からこぼれ出る。
47400 ,,,,,110115,,,,,,,,,,　俺はその熱い粘液を指先で弄り、言いようもない達成感のようなものを感じていた。
47500 ,,,,,110115,,みなと,みなと,02min066_091.wav,,,,,,「はぁ、はぁ……はぁ……」
47600 ,,,,,110115,,,,,,,,,,　みなとは、小さく震えながら初めて味わう性的な快感を、処理しきれず困っているかのようにも見えた。
47700 ,,,,,110115,,弘明,弘明,,,,,,,「まだ出る量は、少ないみたいだな……」
47800 ,,,,,110115,,,,,,,,,,　指先についた精液を確認するように見ると、みなとも気がついてそれに目を向け、目を丸くした。
47900 ,,,,,110115,,みなと,みなと,02min066_092.wav,,,,,,「ふっ、ふぇぇ……なにこれ……」
48000 ,,,,,110115,,,,,,,,,,　初めて射精した自分の精液を見て、涙目を俺に向ける。
48100 ,,,,,110115,,みなと,みなと,02min066_093.wav,,,,,,「ボク、びょうきなの……？　おち○ちん、びょうきになっちゃったの……！？」
48200 ,,,,,110115,,弘明,弘明,,,,,,,「それは『精液』だよ。習わなかったか？」
48300 ,,,,,110115,,みなと,みなと,02min066_094.wav,,,,,,「せいえき……。あ、学校で、ちょっとならったかも……。精子のこと……？」
48400 ,,,,,110115,,弘明,弘明,,,,,,,「そうだ、精子だ」
48500 ,,,,,110115,,みなと,みなと,02min066_095.wav,,,,,,「精子……」
48600 ,,,,,110115,,,,,,,,,,　自分が出したものとはまだ信じられない様子で、放心したようにそれを眺めるみなと。
48700 ,,,,,110115,,弘明,弘明,,,,,,,「精液は、俺だって出るんだぞ」
48800 ,,,,,110115,,みなと,みなと,02min066_096.wav,,,,,,「ほんと？　お兄ちゃんも出るの……？」
48900 ,,,,,110115,,弘明,弘明,,,,,,,「ああ、出るよ」
49000 ,,,,,110115,,みなと,みなと,02min066_097.wav,,,,,,「あ、あの、だったら、ボク……お兄ちゃんが精子出すとこ、見たい……」
49100 ,,,,,110115,,,,,,,,,,　そう言ってみなとは、俺のペニスを熱く見つめる。
49200 ,,,,,110115,,弘明,弘明,,,,,,,「そ、それはまた今度な、みなと」
49300 ,,,,,110115,,みなと,みなと,02min066_098.wav,,,,,,「あう……」
49400 ,,,,,110115,,,,,,,,,,　俺はみなとの濡れた頭に手を置くと、優しく微笑みかけた。
49500 ,,<se_stop id=""2"" fadeout=""3000"">,,,110115,,,,,,,,,,
49700 ,$event_return,,,,110115,,,,,,,,,,
49790 ,,<se_loop id=""3"" file=""shower.wav"" fadein=""500"">,,,110115,,,,,,,,,,
49800 ,,<s_fade time=""1000""><m_fade fadeout=""4000"">,0,1041,,,,,,,,,,,
49900 ,,<voice_volume vol=""-800"">,,,,,みらい,みらい,01mir066_001.wav,,,,,,「ほら、みなと！　きがえもってきたあげたわよっ！　……あれ、みなと？　ちょっと、どこーっ？」
50000 ,,,,,,,,,,,,,,,　着替えを取って戻ってきた、みらいちゃんの声が聞こえてきた。
50100 ,,,,,,,みなと,みなと,02min066_099.wav,"minato,naked",15,,,,「わっ、お姉ちゃんっ！？」
50200 ,,,,,,,弘明,弘明,,minato,15,,,,「……っとと、早く洗って出ないとな」
50300 ,,,,,,,みなと,みなと,02min066_100.wav,minato,8,,,,「うん……」
50400 ,,,,,,,,,,minato,8,,,,　みなとが、ちらちらと俺の顔を見ている。
50500 ,,,,,,,みなと,みなと,02min066_101.wav,minato,5,,,,「まだ……もうすこし、入っていたかったな……お兄ちゃんとおふろ……」
50600 ,,,,,,,弘明,弘明,,minato,5,,,,「……ん？」
50700 ,,,,,,,,,,minato,5,,,,　俺はみなとがなんてつぶやいたのか聞き返したかったが、みらいちゃんの怒気が混じった声に阻まれてしまった。
50900 ,,<voice_volume vol=""-500"">,,,,,みらい,みらい,01mir066_002.wav,minato,5,,,,「みなと、お兄ちゃん、どこよーっ！？　おふろ入ってるのーっ？」
51000 ,,,,,,,弘明,弘明,,minato,5,,,,「あっ、そ、そうっ！　もうすぐ上がるから、着替えそこに置いといて！」
51100 ,,<se_stop id=""3"" fadeout=""2000"">,,,,,,,,,,,,,
51400 ,,<s_fade time=""2500"">,,9000,,,,,,,,,,,
51500 ,,<s_fade time=""1500"" type=""panel"" param=""type=0""><voice_volume vol=""-1000"">,1,1011,,,,,,,,,,,
51600 ,,,,,,,,,,,,,,,　みらいちゃんが家から持ってきたのは、学園の制服だった。
51700 ,,,,,,,みらい,みらい,01mir066_003.wav,"mirai,private",4,,,,「……なんだ、二人でおふろ入ってたのね」
51800 ,,,,,,,弘明,弘明,,mirai,4,,,,「ま、まあ、男同士だからな」
52000 ,,,,,,,みなと,みなと,02min066_102.wav,mirai,4,"minato,uniform",6,,「う、うん、おとこどうしだから……」
52100 ,,,,,,,みらい,みらい,01mir066_004.wav,mirai,5,minato,6,,「…………？」
52200 ,,,,,,,,,,mirai,5,minato,6,,　みらいちゃんは、怪訝な顔を俺たちに向ける。
52300 ,,,,,,,みなと,みなと,02min066_103.wav,mirai,5,minato,12,,「で、でも、お姉ちゃん……せいふくしか、なかったの……？」
52400 ,,,,,,,みらい,みらい,01mir066_005.wav,mirai,85,minato,12,,「ママがいなかったから、みなとの服がどこにしまってあるかわかんなかったのよ。あたしの服なら、いくらでも出せるんだけど……みなと、女の子の服着る？」
52500 ,,,,,,,みなと,みなと,02min066_104.wav,mirai,85,minato,15,,「えっ、あっ……それは……」
52600 ,,,,,,,みらい,みらい,01mir066_006.wav,mirai,1,minato,15,,「みなとが着ても、にあいそうだけどね」
52800 ,,,,,,,みらい,みらい,01mir066_007.wav,mirai,51,minato,15,,「ところでさ……おふろ、ふたりで入ってたの……？」
52900 ,,,,,,,弘明,弘明,,mirai,51,minato,15,,「あっ、その、まあ……な」
53000 ,,,,,,,みらい,みらい,01mir066_008.wav,mirai,14,minato,15,,「まあ、そんなことだろうと思ったけど。どうせ、みなとが『ひとりで入るのこわい』って言い出したんでしょ？」
53100 ,,,,,,,みなと,みなと,02min066_105.wav,mirai,14,minato,5,,「あう……」
53200 ,,,,,,,弘明,弘明,,mirai,14,minato,5,,「さすがはお姉ちゃん、ご名答だな」
53300 ,,,,,,,みらい,みらい,01mir066_009.wav,mirai,17,minato,5,,「あたし、双子の姉なのよ？　弟の考えることぐらい、すぐわかるわ」
53500 ,,,,,,,みらい,みらい,01mir066_010.wav,mirai,5,minato,5,,「ほんとにもう、しょうがないんだから。みなとは」
53600 ,,,,,,,みなと,みなと,02min066_106.wav,mirai,5,minato,82,,「ごめんなさい……」
53700 ,,,,,,,弘明,弘明,,mirai,5,minato,82,,「もう済んだことでしょ。みらいちゃんも、あんまり言わないでよ」
53800 ,,,,,,,みらい,みらい,01mir066_011.wav,mirai,51,minato,82,,「んもう……お兄ちゃんって、みなとには甘いんだからっ」
53900 ,,,,,,,弘明,弘明,,mirai,51,minato,82,,「そんなことないって。……なあ、みなと」
54000 ,,,,,,,みなと,みなと,02min066_107.wav,mirai,51,minato,3,,「あぅ…………」
54100 ,,<s_fade time=""1500"" type=""panel"" param=""type=3"">,,9000,,,,,,,,,,,
54400 ,@02min002,,,,,,,,,,,,,,
54700 ,,<wait time=""1000""><s_fade time=""1500"" type=""panel"" param=""type=2"">,1,1032,,,,,,,,,,,
54800 ,,,,,,,,,,,,,,,　それから、時間は過ぎ……二人が帰る時刻になった。
54900 ,,,,,,,弘明,弘明,,,,,,,「今日はありがとな。みなと」
55100 ,,,,,,,みなと,みなと,02min087_001.wav,,,"minato,uniform",8,,「うん……」
55300 ,,,,,,,みらい,みらい,01mir087_001.wav,"mirai,private",5,minato,8,,「ちょっとぉ、あたしには……？」
55400 ,,,,,,,弘明,弘明,,mirai,5,minato,8,,「みらいちゃんも、ありがとね」
55500 ,,,,,,,みらい,みらい,01mir087_002.wav,mirai,14,minato,8,,「んもう、なんだか取ってつけた感じ……」
55600 ,,,,,,,弘明,弘明,,mirai,14,minato,8,,「そんなことないって」
55700 ,,,,,,,みなと,みなと,02min087_002.wav,mirai,14,minato,82,,「お、お兄ちゃん……また会えるよね……？」
55800 ,,,,,,,,,,mirai,14,minato,82,,　玄関のノブに手をかけていたみなとが振り返って、涙目で聞いた。
55900 ,,,,,,,弘明,弘明,,mirai,14,minato,82,,「……ん？」
56000 ,,,,,,,みなと,みなと,02min087_003.wav,mirai,14,minato,5,,「えっ、あっ……あ、あのっ、その……」
56100 ,,,,,,,みらい,みらい,01mir087_003.wav,mirai,15,minato,5,,「ちょっと、みなとっ……！」
56200 ,,,,,,,弘明,弘明,,mirai,15,minato,5,,「ど、どうしたの？」
56300 ,,,,,,,みらい,みらい,01mir087_004.wav,mirai,8,minato,5,,「あっ、ううん、なんでもないのっ。また休みの日に来ればいいじゃない。そうよねっ？」
56400 ,,,,,,,みなと,みなと,02min087_004.wav,mirai,8,minato,3,,「う、うん……」
56600 ,,<se file=""door_entrance_open.wav"" fadeout=""1000"" vol=""-1000"">,,,,,,,,mirai,8,minato,3,,　みらいちゃんは話を切って、玄関のドアを開ける。ドアの向こうには、赤くくすんだ色の空が広がっていた。
56700 ,,,,,,,弘明,弘明,,mirai,8,minato,3,,「もう遅いし……家まで送っていこうか？」
56800 ,,,,,,,みなと,みなと,02min087_005.wav,mirai,8,minato,12,,「あっ、だいじょうぶだよ……。お姉ちゃんもいるし」
56900 ,,,,,,,弘明,弘明,,mirai,8,minato,12,,「そっか……みらいちゃんがいたら、安心だな」
57000 ,,,,,,,みらい,みらい,01mir087_005.wav,mirai,5,minato,12,,「ちょっと……なによそれっ！」
57100 ,,,,,,,弘明,弘明,,mirai,5,minato,12,,「あははははは」
57200 ,,,,,,,,,,mirai,5,minato,12,,　靴の位置を修正していたみなとが、ゆっくりと顔を上げる。
57300 ,,,,,,,みなと,みなと,02min087_006.wav,mirai,5,minato,85,,「それじゃ……またね。お兄ちゃん」
57400 ,,,,,,,みらい,みらい,01mir087_006.wav,mirai,1,minato,85,,「ばいばいっ」
57500 ,,,,,,,弘明,弘明,,mirai,1,minato,85,,「ああ、またね」
57600 ,,<hide><!ef_daypass>,0,9000,,,,,,,,,,,
58100 ,@02min003,,,,,,,,,,,,,,
58400 ,"$gosub minato_morning,min003_m",,,,,,,,,,,,,,
58500 ,*min003_m,,,,,,,,,,,,,,
58800 ,,<s_fade time=""1500"" type=""panel"" param=""type=2""><!ef_door_entrance_open>,1,1031,,,,,,,,,,,
58900 ,,,,,,,みなと,みなと,02min165_003.wav,"minato,uniform",85,,,,「お兄ちゃん……」
59000 ,,,,,,,弘明,弘明,,"minato,uniform",85,,,,「ああ、みなと。こっちだよ」
59100 ,,,,,,,みなと,みなと,02min165_004.wav,"minato,uniform",1,,,,「うん……」
59300 ,,,,1011,,,,,,,,,,,
59400 ,,,,,,,みなと,みなと,02min088_001.wav,"minato,uniform",8,,,,「えっと、あの…………」
59500 ,,,,,,,弘明,弘明,,minato,8,,,,「うん？」
59700 ,,,,,,,みなと,みなと,02min088_002.wav,minato,5,,,,「この前の、おふろでの…………」
59800 ,,,,,,,弘明,弘明,,minato,5,,,,「えっ？」
59900 ,,,,,,,みなと,みなと,02min088_003.wav,minato,6,,,,「おち○ちん……いじってくれたの……」
60000 ,,,,,,,弘明,弘明,,minato,6,,,,「あ、ああ……」
60100 ,,,,,,,みなと,みなと,02min088_004.wav,minato,8,,,,「あれ……もういちど教えて……？」
60200 ,,,,,,,,,,minato,8,,,,　突然そんなことを言われて、俺は迷ってしまう。みなとのような小さい子に、またあんなことをしていいんだろうか……。
60300 ,,,,,,,弘明,弘明,,minato,8,,,,「えっとな、みなと……」
60400 ,,,,,,,みなと,みなと,02min088_005.wav,minato,85,,,,「うん」
60500 ,,<m_fade fadeout=""3000"" fadein=""2000"">,12,,,,弘明,弘明,,minato,85,,,,「自分で自分のチ○チンいじるのをね……『オナニー』って言うんだ」
60600 ,,,,,,,みなと,みなと,02min088_006.wav,minato,0,,,,「おなにー……？」
60700 ,,,,,,,,,,minato,0,,,,　みなとが、きょとんとした顔で俺に聞き返す。
60800 ,,,,,,,弘明,弘明,,minato,0,,,,「そうだ。みなとぐらいの年から、そろそろ覚え始めるんだぞ」
60900 ,,,,,,,,,,minato,0,,,,　そう言ってから、『ちょっと早い気もするかな……』という気もしたけど、面倒だから訂正することはしなかった。
61000 ,,,,,,,みなと,みなと,02min088_007.wav,minato,4,,,,「そうなんだ……」
61100 ,,,,,,,,,,minato,4,,,,　みなとは、感心したようにうなずく。
61200 ,,,,,,,弘明,弘明,,minato,4,,,,「これから、やってみるか……？」
61300 ,,,,,,,みなと,みなと,02min088_008.wav,minato,2,,,,「えっ……！？」
61400 ,,,,,,,弘明,弘明,,minato,2,,,,「オナニー、俺が教えてあげようか」
61500 ,,,,,,,,,,minato,6,,,,　みなとは、うつむいて思案している。
61600 ,,,,,,,みなと,みなと,02min088_009.wav,minato,6,,,,「う、うん……お兄ちゃん……」
61700 ,,,,,,,みなと,みなと,02min088_010.wav,minato,60,,,,「ボクに、おなにー……教えて……？」
61800 ,,<s_fade time=""1500"">,,9000,,,,,,,,,,,
62100 ,@02min004_ev02,,,,,,,,,,,,,,
62700 ,,<m_fade fadeout=""2000"" fadein=""1500"">,11,1011,110211,,,,,,,,,,
62800 ,*mem,,,,110211,,,,,,,,,,
62900 ,,,11,1011,110211,,,,,,,,,,　みなとの勃起したチ○チンに、俺のペニスを重ねる。
63000 ,,,,,110211,,みなと,みなと,02min067_001.wav,,,,,,「わわっ、お兄ちゃん……！？」
63100 ,,,,,110211,,,,,,,,,,　こうしてみると、やっぱりサイズの差は歴然だ。まあ、年齢差を考えれば当然のことだけど……。
63200 ,,,,,110211,,みなと,みなと,02min067_002.wav,,,,,,「すごい……お兄ちゃんの、おっきい……」
63300 ,,,,,110211,,,,,,,,,,　感心したように言うみなとの頭を撫でる。
63400 ,,,,,110211,,弘明,弘明,,,,,,,「そんなに大きい訳じゃないよ、俺のも」
63500 ,,,,,110211,,みなと,みなと,02min067_003.wav,,,,,,「そうなの……？」
63600 ,,,,,110211,,弘明,弘明,,,,,,,「ああ。身体の大きさの差を考えれば、こんなもんだよ」
63700 ,,,,,110211,,みなと,みなと,02min067_004.wav,,,,,,「う、うん、そうかな……。でも、やっぱりお兄ちゃんのおっきいよ……。どきどきするもん……」
63800 ,,,,,110211,,,,,,,,,,　言葉どおりにドキドキしているようで、みなとの勃起したチ○チンがヒクリヒクリと震えていた。
63900 ,,,,,110211,,,,,,,,,,　俺はそのみなとのチ○チンに、そっと手を伸ばす。
64000 ,,,,,110211,,みなと,みなと,02min067_005.wav,,,,,,「あ……お兄ちゃん……」
64100 ,,,,,110211,,,,,,,,,,　みなとのチ○チンは、勃起しきっても皮は剥けきっていない。
64200 ,,,,,110211,,,,,,,,,,　俺はみなとのカリの上にかぶさっている、柔らかい皮をふにふにとつまんだ。
64300 ,,,,,110211,,みなと,みなと,02min067_006.wav,,,,,,「あんっ……やぁぁ、おち○ちんの皮であそばないでよぉ……」
64400 ,,,,,110211,,弘明,弘明,,,,,,,「遊んでるんじゃないよ。みなとのチ○チンの皮、けっこう余ってるなと思ってさ」
64500 ,,,,,110211,,みなと,みなと,02min067_007.wav,,,,,,「ボク……お兄ちゃんと違って、いつもおち○ちんむけてないよ……」
64600 ,,,,,110211,,弘明,弘明,,,,,,,「みなとの年なら当然だよ。気にしなくていいから」
64700 ,,,,,110211,,みなと,みなと,02min067_008.wav,,,,,,「ほんと？」
64800 ,,,,,110211,,弘明,弘明,,,,,,,「ああ。……だいたい、大人でも７割ぐらいはかぶってるらしいぞ？」
64900 ,,,,,110211,,みなと,みなと,02min067_009.wav,,,,,,「そうなんだ……」
65000 ,,,,,110211,,,,,,,,,,　妙な講釈を垂れつつ、俺はみなとのペニスに手をかけた。
65100 ,,,,,110211,,弘明,弘明,,,,,,,「みなと、あれからチ○チン剥いたりしてるか？」
65200 ,,,,,110211,,みなと,みなと,02min067_010.wav,,,,,,「えっ？　あ、う……ううん……」
65300 ,,,,,110211,,,,,,,,,,　俺のヒザの上で、みなとは恥ずかしそうにうつむく。綺麗に刈り揃えられた髪の毛が揺れて、真っ白い肌のうなじがチラリと見えた。
65400 ,,,,,110211,,みなと,みなと,02min067_011.wav,,,,,,「だって……ボク、ひとりでおち○ちんむくの、こわいし……」
65500 ,,,,,110211,,,,,,,,,,　うつむいた陰にかろうじて見える頬は真っ赤に染まっていて、それがまた俺の興奮を煽ってしまう。
65600 ,,,,,110211,,弘明,弘明,,,,,,,「俺とだったら、いいのか……？」
65700 ,,,,,110211,,みなと,みなと,02min067_012.wav,,,,,,「えっ……」
65800 ,,,,,110211,,,,,,,,,,　みなとは俺の言葉にはっとしたように顔を上げて、少し照れてうなずいた。
65900 ,,,,,110211,,みなと,みなと,02min067_013.wav,,,,,,「う、うん……。お兄ちゃんとなら、むいてもいい……」
66000 ,,,,,110211,,弘明,弘明,,,,,,,「そっか、じゃあ、また一緒に剥こうな」
66100 ,,,,,110211,,,,,,,,,,　みなとのペニスをいじるのは、これが２度目。最初より、ずっと抵抗感がなくなっている。
66200 ,,,,,110211,,,,,,,,,,　……みなとも、俺も。
66300 ,,,,,110211,,みなと,みなと,02min067_014.wav,,,,,,「んっ……」
66400 ,,,,,110211,,,,,,,,,,　俺の指先に力が込められると、みなとが少しだけ、身体を強ばらせた。
66500 ,,,,,110211,,弘明,弘明,,,,,,,「力を抜くんだぞ」
66600 ,,,,,110211,,みなと,みなと,02min067_015.wav,,,,,,「うん……やさしくむいてね……」
66700 ,,,,,110211,,弘明,弘明,,,,,,,「ああ」
66800 ,,,,,110211,,,,,,,,,,　俺はつまんだ包皮を、クッと後ろに引いた。包皮の先端が下がっていき、初々しいピンクの亀頭があらわになってくる。
66900 ,,,,,110211,,みなと,みなと,02min067_016.wav,,,,,,「んぁんっ！　あっ、んん……」
67000 ,,,,,110211,,,,,,,,,,　みなとのチ○チンは、思ったより簡単につるんと剥ける。１回目よりも、抵抗はだいぶ少なかった。
67100 ,,,,,110211,,弘明,弘明,,,,,,,「剥けたな……みなと」
67200 ,,,,,110211,,みなと,みなと,02min067_017.wav,,,,,,「うん……」
67300 ,,,,,110211,,,,,,,,,,　俺もみなとも、すっかり呼吸は荒くなっていて、俺は興奮しているのが俺だけではないことを知った。
67400 ,,,,,110211,,みなと,みなと,02min067_018.wav,,,,,,「あ……」
67500 ,,,,,110211,,,,,,,,,,　外気にさらされたみなとのペニスはひくひくと脈打って、更に大きくなっていく。
67600 ,,,,,110211,,弘明,弘明,,,,,,,「みなとのチ○チン、皮を剥いたら更に勃起してきたぞ」
67700 ,,,,,110211,,みなと,みなと,02min067_019.wav,,,,,,「あうう……」
67800 ,,,,,110211,,,,,,,,,,　耳まで真っ赤にして恥ずかしがるみなと。
67900 ,,,,,110211,,,,,,,,,,　そんなみなとの様子を見ているとどんどん興奮が増してしまい、みなとに対する欲求がそれに比例して大きくなっていく。
68000 ,,,,,110211,,,,,,,,,,　みなとは男の子だ。それは分かっている。
68100 ,,,,,110211,,,,,,,,,,　みなとはかわいい。それも分かっていた。
68200 ,,,,,110211,,,,,,,,,,　そして、もう自分のみなとへの欲求は隠しようがないくらいになっていることも、俺は分かってしまっていた。
68300 ,,,,,110211,,,,,,,,,,　だから……。
68400 ,,,,,110211,,弘明,弘明,,,,,,,「みなと……」
68500 ,,,,,110211,,,,,,,,,,　俺は……その言葉を口にした。
68600 ,,,,,110211,,弘明,弘明,,,,,,,「また……この前みたいに、気持ちよくしてあげようか」
68700 ,,,,,110211,,みなと,みなと,02min067_020.wav,,,,,,「えっ……？」
68800 ,,,,,110211,,,,,,,,,,　みなとは少し驚いた様子で息をのみ、そしてゆっくりとうなずく。
68900 ,,,,,110211,,みなと,みなと,02min067_021.wav,,,,,,「う、うん……。お兄ちゃん、きもちよく……して」
69000 ,,,,,110211,,弘明,弘明,,,,,,,「それじゃみなと……こうして、チ○チンを手で軽く握って」
69100 ,,,,,110211,,,,,,,,,,　俺はみなとの手を取って、自分のペニスを握らせた。
69200 ,,,,,110211,,弘明,弘明,,,,,,,「チ○チンの先っぽ、自分でこすってみるんだ」
69300 ,,,,,110211,,みなと,みなと,02min067_022.wav,,,,,,「えっ、えっ……？」
69400 ,,,,,110211,,弘明,弘明,,,,,,,「それがオナニーだよ」
69500 ,,,,,110211,,みなと,みなと,02min067_023.wav,,,,,,「おなにー……」
69600 ,,,,,110211,,弘明,弘明,,,,,,,「一緒にこすってあげるよ……」
69700 ,,,,,110211,,みなと,みなと,02min067_024.wav,,,,,,「お、お兄ちゃん？」
69800 ,,,,,110211,,弘明,弘明,,,,,,,「こっちは俺のチ○チンを握ってな」
69900 ,,,,,110211,,みなと,みなと,02min067_025.wav,,,,,,「…………うん▼」
70000 ,,,,,110211,,,,,,,,,,　みなとの手を持ってゆっくりと上下させてやる。
70100 ,,,,,110211,,弘明,弘明,,,,,,,「わかるか？　こうやってチ○チンをこすって刺激を与えていくんだ」
70200 ,,,,,110211,,みなと,みなと,02min067_026.wav,,,,,,「うん、お兄ちゃん……んっ、んんっ……。あ、おち○ちんが、なんだかふぁぁって……」
70300 ,,,,,110211,,,,,,,,,,　みなとの息がどんどん荒く、熱くなっていくのが分かり、俺はだんだんとその手の動きを早めていった。
70400 ,,,,,110211,,みなと,みなと,02min067_027.wav,,,,,,「んっ、ん……お兄ちゃん……ふぁっ、あっ！」
70500 ,,,,,110211,,弘明,弘明,,,,,,,「いいぞ、みなと。我慢しなくていいから……」
70600 ,,,,,110211,,みなと,みなと,02min067_028.wav,,,,,,「でも、でも……んぁっ！」
70700 ,,,,,110211,,,,,,,,,,　刺激が強まるたびに、俺のペニスをつかむ手にもギュッと力がこもり、その刺激で、さらにみなとに与える刺激も強くなっていく。
70800 ,,,,,110211,,みなと,みなと,02min067_029.wav,,,,,,「ああんっ……！　おしっこにちかいの、きた……これ、精子……精子なんだよね？　精子が、おち○ちんから出ちゃうんだよね……！？」
70900 ,,,,,110211,,弘明,弘明,,,,,,,「そうだ……チ○チンが最高に気持ちよくなると、精液がぴゅるぴゅるって出るんだ」
71000 ,,,,,110211,,みなと,みなと,02min067_030.wav,,,,,,「ボク、もう出ちゃいそう……んっ、あんんっ、んんっ……イッちゃう……精子、出ちゃう……」
71100 ,,,,,110211,,,,,,,,,,　初心者らしい敏感さで、早くも限界を訴えるみなと。
71200 ,,,,,110211,,,,,,,,,,　俺はその訴えに応えて、より強く、より早く、その幼いペニスをしごき上げてやる。
71300 ,,,,,110211,,弘明,弘明,,,,,,,「みなと……気持ちいいか……？」
71400 ,,,,,110211,,みなと,みなと,02min067_031.wav,,,,,,「う、うんっ、おにいちゃ……お兄ちゃんっ、きもちいっ……よぉっ！」
71500 ,,,,,110211,,,,,,,,,,　みなとも動かし方のコツをつかんできたのか、俺のサポートがなくてもかなり激しくその手を上下に動かしてきている。
71600 ,,,,,110211,,みなと,みなと,02min067_032.wav,,,,,,「んっ、あうっ、んぁぁんっ！　お、お兄ちゃん……ボク、イッちゃうよぉっ！　あっ、ああっ……」
71700 ,,,,,110211,,弘明,弘明,,,,,,,「いいぞ、イッていいぞ、みなと……っ！」
71800 ,,,,,110211,,みなと,みなと,02min067_033.wav,,,,,,「あっ、あああぁぁぁ……っ！！」
72100 ,,<!ef_shasei>,,,110212,,,,,,,,,,　俺のペニスの上で、みなとのチ○チンがひくひくと震える。
72200 ,,,,,110212,,,,,,,,,,　さすがに精通して間もないからか、精液はそれほど飛ぶこともなく、俺のペニスの上でトプリとこぼれ落ちるように噴出した。
72300 ,,,,,110212,,みなと,みなと,02min067_034.wav,,,,,,「あ……ふぁぁ……お兄ちゃん……」
72400 ,,,,,110212,,,,,,,,,,　思ったよりずっと早く、みなとは射精してしまった。
72500 ,,,,,110212,,みなと,みなと,02min067_035.wav,,,,,,「んぁ……あふ……」
72600 ,,,,,110212,,,,,,,,,,　放心状態に近いみなとに、俺は声をかける。
72700 ,,,,,110212,,弘明,弘明,,,,,,,「みなと、気持ちよかったか……？」
72800 ,,,,,110212,,みなと,みなと,02min067_036.wav,,,,,,「ふぁ……きもちいい……。ボク、こんなにきもちいいこと、知らなかったよぉ……」
72900 ,,,,,110212,,みなと,みなと,02min067_037.wav,,,,,,「はぁ……ふぅ……」
73000 ,,,,,110212,,,,,,,,,,　ようやく息が整ったという感じのみなとに声をかけた。
73100 ,,,,,110212,,弘明,弘明,,,,,,,「なあ、みなと……」
73200 ,,,,,110212,,みなと,みなと,02min067_038.wav,,,,,,「えっ……？」
73300 ,,,,,110212,,弘明,弘明,,,,,,,「俺の方は、まだイッてないから……」
73400 ,,,,,110212,,みなと,みなと,02min067_039.wav,,,,,,「あ……」
73500 ,,,,,110212,,,,,,,,,,　みなとは、まだガチガチに勃起したままになっている俺のペニスに気づく。
73600 ,,,,,110212,,みなと,みなと,02min067_040.wav,,,,,,「やっぱり、ボクのおち○ちんとぜんぜんちがう……。お兄ちゃんの、すごくかたくて、あついね……」
73700 ,,,,,110212,,,,,,,,,,　そう言って亀頭からカリ首、そしてサオの部分まで……みなとは小さな手で、俺のペニスをおそるおそる触れていく。
73800 ,,,,,110212,,弘明,弘明,,,,,,,「さっき、俺がしたのと同じように……こすってみて」
73900 ,,,,,110212,,みなと,みなと,02min067_041.wav,,,,,,「えっ、ボクが……？」
74000 ,,,,,110212,,弘明,弘明,,,,,,,「ああ。みなとの手で、俺のチ○チンをこすってくれ」
74100 ,,,,,110212,,みなと,みなと,02min067_042.wav,,,,,,「えっ、えっと……いいの……？」
74200 ,,,,,110212,,弘明,弘明,,,,,,,「俺は、みなとに気持ちよくしてもらいたいんだ」
74300 ,,,,,110212,,みなと,みなと,02min067_043.wav,,,,,,「うん……。ボクも、お兄ちゃんにきもちよくなってほしい……」
74400 ,,,,,110212,,,,,,,,,,　みなとは小さくうなずくと、股下のペニスに両手をかける。
74500 ,,,,,110212,,みなと,みなと,02min067_044.wav,,,,,,「が、がんばるけど……うまくできなかったら、ごめんね……？」
74600 ,,,,,110212,,,,,,,,,,　俺のペニスをおそるおそる両手ではさみ、ゆっくりとしごき始めた。
74700 ,,,,,110212,,弘明,弘明,,,,,,,「んんっ……いいぞ、みなと」
74800 ,,,,,110212,,みなと,みなと,02min067_045.wav,,,,,,「んっと……もっと、つよくした方がいい？」
74900 ,,,,,110212,,弘明,弘明,,,,,,,「そうだな……少しずつ、強くしていってみてくれ」
75000 ,,,,,110212,,みなと,みなと,02min067_046.wav,,,,,,「うん……。んっ、んんっ……！」
75100 ,,,,,110212,,弘明,弘明,,,,,,,「あ、いや、あんま強くしないでくれ……」
75200 ,,,,,110212,,,,,,,,,,　加減がうまくできない俺の包皮がカリ首まで戻ってしまっていた。
75300 ,,,,,110212,,みなと,みなと,02min067_047.wav,,,,,,「あれ……？　お兄ちゃんも、おち○ちんの皮がもどっちゃうの……？」
75400 ,,,,,110212,,弘明,弘明,,,,,,,「ま、まあな……」
75500 ,,,,,110212,,みなと,みなと,02min067_048.wav,,,,,,「でも、あんまりもどらないね……。ボクみたいに、ぜんぶはかぶらないんだ……」
75600 ,,,,,110212,,,,,,,,,,　みなとは、カリにせき止められた包皮をふにふにといじる。
75700 ,,,,,110212,,弘明,弘明,,,,,,,「それは剥いちゃっていいから」
75800 ,,,,,110212,,みなと,みなと,02min067_049.wav,,,,,,「う、うん……」
75900 ,,,,,110212,,弘明,弘明,,,,,,,「チ○チンの先……『亀頭』って言うんだけど、そこをやさしくこすってみて」
76000 ,,,,,110212,,みなと,みなと,02min067_050.wav,,,,,,「えっと……こう、かな……？」
76100 ,,,,,110212,,弘明,弘明,,,,,,,「うん……そうだ、みなと。んうっ」
76200 ,,,,,110212,,みなと,みなと,02min067_051.wav,,,,,,「あ……ここ、かんじるんだね……。お兄ちゃん」
76300 ,,,,,110212,,,,,,,,,,　みなとは俺の顔色をうかがいながら、一生懸命俺が気持ちよくなるように、その柔らかな手で亀頭をこすっていく。
76400 ,,,,,110212,,みなと,みなと,02min067_052.wav,,,,,,「んっ……んっ……」
76500 ,,,,,110212,,,,,,,,,,　しばらくみなとの尿道に残っていたのか、鈴口から薄い精液が少しずつ流れ出してきたのが見えた。
76600 ,,,,,110212,,弘明,弘明,,,,,,,「みなとの精液、俺のチ○チンに塗り広げて……ローション代わりにするんだ」
76700 ,,,,,110212,,みなと,みなと,02min067_053.wav,,,,,,「えっと……」
76800 ,,,,,110212,,弘明,弘明,,,,,,,「ああ、ローションじゃ分かりにくいか……ええと、滑りやすくするためにみなとの精液を塗ってみてくれ」
76900 ,,,,,110212,,みなと,みなと,02min067_054.wav,,,,,,「ボクの精子……いいの？」
77000 ,,,,,110212,,弘明,弘明,,,,,,,「ああ」
77100 ,,,,,110212,,みなと,みなと,02min067_055.wav,,,,,,「う、うん……やってみる」
77200 ,,,,,110212,,,,,,,,,,　みなとは自分のペニスに手をやると、そこから溢れてる精液を指先ですくう。
77300 ,,,,,110212,,みなと,みなと,02min067_056.wav,,,,,,「ふぁっ……」
77400 ,,,,,110212,,弘明,弘明,,,,,,,「自分で触って感じちゃったか？」
77500 ,,,,,110212,,みなと,みなと,02min067_057.wav,,,,,,「う、うん、ちょっと……ぴりってきた……」
77600 ,,,,,110212,,弘明,弘明,,,,,,,「じゃあ、それを塗りつけてくれ……」
77700 ,,,,,110212,,みなと,みなと,02min067_058.wav,,,,,,「うん……」
77800 ,,,,,110212,,,,,,,,,,　ぴとっとみなとの指先が触れ、俺の亀頭にみなとのぬるぬるの精液が塗りつけられていった。
77900 ,,,,,110212,,みなと,みなと,02min067_059.wav,,,,,,「こするね……」
78000 ,,,,,110212,,弘明,弘明,,,,,,,「ああ」
78100 ,,,,,110212,,,,,,,,,,　みなとのぷにっとした手の感触に、ぬるっとした精液の感触がプラスされて、俺のペニスがこすり上げられていく。
78200 ,,,,,110212,,弘明,弘明,,,,,,,「ううっ、あああ……」
78300 ,,,,,110212,,,,,,,,,,　やはり潤滑の度合いが高いと、快感も違う。
78400 ,,,,,110212,,みなと,みなと,02min067_060.wav,,,,,,「お兄ちゃん、きもちいい？　ボク、お兄ちゃんのおち○ちん、ちゃんときもちよくしてあげられてるかな……？」
78500 ,,,,,110212,,弘明,弘明,,,,,,,「ああ、いいよ。とっても……」
78600 ,,,,,110212,,,,,,,,,,　みなとのペニスも再び勃起して、ひくひくと脈打っている。
78700 ,,,,,110212,,弘明,弘明,,,,,,,「また大きくなってきたな、みなとのチ○チン」
78800 ,,,,,110212,,みなと,みなと,02min067_061.wav,,,,,,「だ、だって……お兄ちゃんのおち○ちんこすってたら、ふぁぁってきぶんになってきちゃったから……」
78900 ,,,,,110212,,弘明,弘明,,,,,,,「じゃあ、みなとももう一度気持ちよくなろうな」
79000 ,,,,,110212,,みなと,みなと,02min067_062.wav,,,,,,「あ……お兄ちゃん……▼」
79100 ,,,,,110212,,,,,,,,,,　小さな包茎チ○チンを、俺のペニスにぴったりと密着させた。
79200 ,,,,,110212,,みなと,みなと,02min067_063.wav,,,,,,「やっぱり、ぜんぜん大きさちがうね……。お兄ちゃんのおち○ちん、おっきくてかっこいい……」
79300 ,,,,,110212,,弘明,弘明,,,,,,,「みなとのは、小さくて可愛いぞ」
79400 ,,,,,110212,,みなと,みなと,02min067_064.wav,,,,,,「あうう……はずかしいよぉ……」
79500 ,,,,,110212,,,,,,,,,,　俺はみなとの小さなペニスに手をあてがう。
79600 ,,,,,110212,,弘明,弘明,,,,,,,「ほら、俺も手伝ってやるからな」
79700 ,,,,,110212,,,,,,,,,,　かすかに露出している亀頭の先端に指を置いて、粘膜を優しく愛撫した。
79800 ,,,,,110212,,みなと,みなと,02min067_065.wav,,,,,,「んっ、んぁぁんっ！　あ、ああ、あ……おち○ちんのさきっぽ、こすられると……ぴりぴりくるよぉ……！」
79900 ,,,,,110212,,,,,,,,,,　まるで、クリトリスを愛撫しているかのような気持ちになる。
80000 ,,,,,110212,,みなと,みなと,02min067_066.wav,,,,,,「あっ、ああっ、ああんっ！　おち○ちん、きもちいい……」
80100 ,,,,,110212,,弘明,弘明,,,,,,,「ほら、手がおろそかになってるぞ。俺のチ○チン、もっとこすって」
80200 ,,,,,110212,,みなと,みなと,02min067_067.wav,,,,,,「あっ、ごめんなさい……。んっ、んくっ、んんっ……」
80300 ,,,,,110212,,,,,,,,,,　みなとはまるで女の子のような声を上げながら、俺と自分のペニスをこすり続ける。
80400 ,,,,,110212,,みなと,みなと,02min067_068.wav,,,,,,「んっ、んんんっ、ああんっ！　ん、んあ……ああ……」
80500 ,,,,,110212,,弘明,弘明,,,,,,,「うっ、ううっ……みなと……」
80600 ,,,,,110212,,みなと,みなと,02min067_069.wav,,,,,,「お兄ちゃん、きもちいいよぉ……」
80700 ,,,,,110212,,弘明,弘明,,,,,,,「みなと……俺も気持ちいいぞ……」
80800 ,,,,,110212,,みなと,みなと,02min067_070.wav,,,,,,「あっ、あ、あん……こうやって、いっしょにこすってると……なんだか、ボクのおち○ちんが、こんなに大きくなったみたい……」
80900 ,,,,,110212,,,,,,,,,,　みなとは俺のペニスを自分のもののように一心不乱にこすっていた。
81000 ,,,,,110212,,,,,,,,,,　俺もお返しとばかりに、みなとのペニスを優しく弄ってやる。
81100 ,,,,,110212,,みなと,みなと,02min067_071.wav,,,,,,「あふっ……あっ、あっ、はぁっ……あんっ」
81200 ,,,,,110212,,,,,,,,,,　想像外の心地よさを感じて、ふと見ると、みなとの柔らかい袋が、俺のペニスの付け根を優しく圧迫していた。
81300 ,,,,,110212,,弘明,弘明,,,,,,,「みなとの袋も……んっ、気持ちいいな」
81400 ,,,,,110212,,みなと,みなと,02min067_072.wav,,,,,,「ふぇ……？　あ、いやぁ……あっ、あんっ」
81500 ,,,,,110212,,弘明,弘明,,,,,,,「ふふっ、かわいいぞ、みなと……」
81600 ,,,,,110212,,みなと,みなと,02min067_073.wav,,,,,,「ふわっ……ボク、ボク……んっ、んんんっ……んぁっ！」
81700 ,,,,,110212,,,,,,,,,,　可愛いという言葉に反応したのか、みなとのあえぎがより一層大きくなり、それに伴ってみなとの握る俺のペニスにも強い刺激が加わった。
81800 ,,,,,110212,,弘明,弘明,,,,,,,「みなと……みなとっ！」
81900 ,,,,,110212,,みなと,みなと,02min067_074.wav,,,,,,「んんんっ、んぁんっ！」
82000 ,,,,,110212,,弘明,弘明,,,,,,,「うううっ……ああ……！」
82100 ,,,,,110212,,みなと,みなと,02min067_075.wav,,,,,,「んんぅぅっ！　んあ、んん、らめぇ……ああっ、んっ、あうっ……んんああぁぁぁぁ……っ！！！」
82400 ,,<!ef_shasei>,,,110213,,弘明,弘明,,,,,,,「んん……ああ……」
82500 ,,,,,110213,,,,,,,,,,　俺は、テーブルに向けて大量の精液を噴き出した。
82600 ,,,,,110213,,みなと,みなと,02min067_076.wav,,,,,,「あんんっ……お兄ちゃん、すごい……あんなに精子がとんでる……」
82700 ,,,,,110213,,,,,,,,,,　みなとの射精は、少し湧き出るぐらいのものだった。ただ精液は出なくても、ペニスはヒクヒクと脈打っている。
82800 ,,,,,110213,,みなと,みなと,02min067_077.wav,,,,,,「お兄ちゃんの精子……あったかいね……」
82900 ,,,,,110213,,,,,,,,,,　みなとは手にかかった俺の精液を、ゆっくりと顔の近くまで持っていく。
83000 ,,,,,110213,,みなと,みなと,02min067_078.wav,,,,,,「くんくん……精子って、こんなにおいするんだ……」
83100 ,,,,,110213,,弘明,弘明,,,,,,,「み、みなと、嫌じゃないか……？」
83200 ,,,,,110213,,,,,,,,,,　みなとは一瞬きょとんとしたかと思うと、ニコッと微笑んだ。
83300 ,,,,,110213,,みなと,みなと,02min067_079.wav,,,,,,「ボク、このにおい好き……。お兄ちゃんの精子のにおい、好きになっちゃった……」
83400 ,,,,,110213,,,,,,,,,,　とろんとした瞳でみなとはそんなことを言う。
83500 ,,,,,110213,,弘明,弘明,,,,,,,「みなと……」
83600 ,,,,,110213,,みなと,みなと,02min067_080.wav,,,,,,「あ……お兄ちゃん……」
83700 ,,,,,110213,,,,,,,,,,　俺はそんなみなとに、さらに沸きあがる愛しさと、少しばかりの後悔を感じて、後ろから優しく抱きしめた。
83800 ,$event_return,,,,110213,,,,,,,,,,
83900 ,,<m_fade fadeout=""2000"">,0,,110213,,,,,,,,,,
84000 ,,<s_fade time=""2500"">,,9000,,,,,,,,,,,
84200 ,,<s_fade time=""1500"" type=""panel"" param=""type=0"">,1,1011,,,,,,,,,,,
84300 ,,,,,,,弘明,弘明,,,,,,,「みなと……あんまり、オナニーやりすぎちゃダメだぞ」
84400 ,,,,,,,みなと,みなと,02min067_081.wav,"minato,uniform",6,,,,「うん……。ボク、まだひとりでおち○ちんむくのこわいし……」
84500 ,,,,,,,,,,minato,6,,,,　みなとは恥ずかしそうにうつむくと、それから俺を見上げた。
84600 ,,,,,,,みなと,みなと,02min067_082.wav,minato,60,,,,「それじゃ……またね、お兄ちゃん」
84700 ,,<hide><!ef_daypass>,0,9000,,,,,,,,,,,
85000 ,@02min005,,,,,,,,,,,,,,
85400 ,"$gosub minato_morning,min005_m",,,,,,,,,,,,,,
85500 ,*min005_m,,,,,,,,,,,,,,
85600 ,"$gosub minato_come,min005_c",,,,,,,,,,,,,,
85700 ,*min005_c,,,,,,,,,,,,,,
85900 ,,,1,1011,,,,,,,,,,,
86000 ,,,,,,,みなと,みなと,02min085_001.wav,"minato,uniform",8,,,,「ね、ねぇ、お兄ちゃん……精子出るのって……おかしくないんだよね……？」
86100 ,,,,,,,弘明,弘明,,minato,8,,,,「ああ、もちろんだよ」
86200 ,,,,,,,,,,minato,8,,,,　俺はしっかりとうなずいて、言葉を続ける。
86300 ,,,,,,,弘明,弘明,,minato,8,,,,「学園で習っただろう？　男としては、当然のことなんだぞ。みなとが、赤ちゃん作れるようになったってコトでもあるな」
86400 ,,,,,,,みなと,みなと,02min085_002.wav,minato,2,,,,「えっ、ボク、赤ちゃんつくれるの……？」
86500 ,,,,,,,弘明,弘明,,minato,2,,,,「そうだよ。まだ精液は薄いみたいだけど、まあ作れないことはないだろうな」
86600 ,,,,,,,みなと,みなと,02min085_003.wav,minato,5,,,,「そっか……」
86700 ,,,,,,,,,,minato,5,,,,　しばらくうつむいていたみなとは、俺の顔を見上げた。そして耳まで真っ赤になって、俺を見つめる。
86800 ,,,,,,,みなと,みなと,02min085_004.wav,minato,8,,,,「だったら……お、お兄ちゃん、あのね……」
86900 ,,,,,,,弘明,弘明,,minato,8,,,,「……ん？」
87000 ,,<m_fade fadeout=""3000"" fadein=""2000"">,12,,,,みなと,みなと,02min085_005.wav,minato,6,,,,「ボクと、赤ちゃん……つくろ……？」
87100 ,,,,,,,弘明,弘明,,minato,6,,,,「えっ……ええっ！？」
87200 ,,,,,,,,,,minato,6,,,,　みなとの思わぬ言葉には、さすがに俺もビックリしてしまった。
87300 ,,,,,,,弘明,弘明,,minato,6,,,,「い、いやその、そういう意味じゃなくて……みなとは男だから、女の子と、赤ちゃんが作れるようになったってことだ」
87400 ,,,,,,,,,,minato,6,,,,　俺の慌てふためく説明を聞いて、みなとは大きく肩を落とす。
87500 ,,,,,,,みなと,みなと,02min085_006.wav,minato,82,,,,「あう…………」
87600 ,,,,,,,みなと,みなと,02min085_007.wav,minato,3,,,,「ボク……お兄ちゃんとは、赤ちゃんつくれないんだ……」
87700 ,,,,,,,弘明,弘明,,minato,3,,,,「そ、そうだよ。男と女じゃないと、赤ちゃんは作れないんだ。保健の授業とかで習わなかったか？　みなとのパパとママだって、男の人と女の人だろ……？」
87800 ,,,,,,,みなと,みなと,02min085_008.wav,minato,3,,,,「うん……」
88000 ,,,,,,,,,,minato,3,,,,　みなとは、本当に残念そうにうなだれる。そんな純粋なみなとが、とっても愛おしくて……俺はみなとを静かに抱き寄せると、頬にそっとキスをした。
88100 ,,,,,,,みなと,みなと,02min085_009.wav,minato,2,,,,「あ……」
88200 ,,,,,,,弘明,弘明,,minato,2,,,,「その代わり、俺がみなとをたくさん愛してあげるからな」
88300 ,,,,,,,みなと,みなと,02min085_010.wav,minato,6,,,,「あんっ……お兄ちゃん……」
88400 ,,,,,,,,,,minato,6,,,,　みなとを抱きしめる腕に、力を込める。
88500 ,,,,,,,みなと,みなと,02min085_011.wav,minato,8,,,,「お、お兄ちゃん……」
88600 ,,,,,,,弘明,弘明,,minato,8,,,,「……ん？」
88700 ,,,,,,,みなと,みなと,02min085_012.wav,minato,5,,,,「え、えっと……ほっぺじゃなくて……ボ、ボク……」
88800 ,,,,,,,,,,minato,5,,,,　俺は静かにうなずくと、みなとの唇にキスをした。
88900 ,,,,,,,みなと,みなと,02min085_013.wav,minato,60,,,,「あ……」
89000 ,,,,,,,,,,minato,60,,,,　みなとの唇は、ものすごく柔らかかった。キスの瞬間、かすかな息が唇にかかって少しむずがゆさを感じる。
89100 ,,,,,,,みなと,みなと,02min085_014.wav,minato,81,,,,「んっ……んちゅっ……」
89200 ,,,,,,,,,,minato,81,,,,　俺は軽く数回、唇を触れあわせるだけで離した。
89300 ,,,,,,,みなと,みなと,02min085_015.wav,minato,8,,,,「んっ……お兄ちゃん……好き……だいすき……だいすきぃっ……！」
89400 ,,,,,,,,,,minato,8,,,,　感情を抑えきれなくなったのか、みなとが俺に抱きついてくる。俺はその小さな身体を抱きしめて応え、つぶやくように言った。
89500 ,,,,,,,弘明,弘明,,minato,8,,,,「ああ……俺も好きだよ、みなと」
89600 ,,,,,,,みなと,みなと,02min085_016.wav,minato,60,,,,「あ……うれしい……」
89700 ,,,,,,,みなと,みなと,02min085_017.wav,minato,1,,,,「ボク……お兄ちゃんがだいすき……」
89800 ,,,,,,,弘明,弘明,,minato,1,,,,「俺も……みなとが好きだよ」
89900 ,,,,,,,みなと,みなと,02min085_018.wav,minato,8,,,,「お兄ちゃん……ボクを……およめさんにして……？」
90000 ,,,,,,,,,,minato,8,,,,　俺は一瞬だけ面食らったけど、すぐにみなとを抱き寄せる。
90100 ,,,,,,,弘明,弘明,,minato,8,,,,「……まずは、恋人からだろ？」
90200 ,,,,,,,みなと,みなと,02min085_019.wav,minato,4,,,,「こいびと……？」
90300 ,,,,,,,弘明,弘明,,minato,4,,,,「物事には順序があるからな。まず、恋人から始めて……それから、結婚するんだ」
90400 ,,,,,,,みなと,みなと,02min085_020.wav,minato,85,,,,「うん……」
90600 ,,,,,,,みなと,みなと,02min085_021.wav,minato,8,,,,「ボク、お兄ちゃんのこいびとになれるかな……？」
90700 ,,,,,,,弘明,弘明,,minato,8,,,,「もう立派な恋人だよ、みなと」
90800 ,,,,,,,みなと,みなと,02min085_022.wav,minato,81,,,,「うれしい……。んんっ……んちゅっ……」
90900 ,,,,,,,弘明,弘明,,minato,81,,,,「んっ……みなと…………」
91000 ,,,,,,,みなと,みなと,02min085_023.wav,minato,81,,,,「んちゅっ、ちゅっ……んんっ、ちゅるっ、はむっ、ぷはっ……ふぁぁ……お兄ちゃん……」
91100 ,,,,,,,弘明,弘明,,minato,81,,,,「みなと……エッチなキスだね……」
91200 ,,,,,,,みなと,みなと,02min085_024.wav,minato,6,,,,「そんなぁ……だって、ボクむちゅうで……」
91300 ,,,,,,,弘明,弘明,,minato,6,,,,「みなとのキスがエッチだから、俺、すっごくドキドキしちゃったよ」
91400 ,,,,,,,みなと,みなと,02min085_025.wav,minato,8,,,,「ボクもね、からだがあつくて……おち○ちん、むずむずするの……」
91500 ,,,,,,,,,,minato,8,,,,　愛しい存在の前に、性別など関係なかった。俺はただ、目の前のみなとを、ただいとおしいとだけ思った。
91600 ,,,,,,,弘明,弘明,,minato,8,,,,「えっと、最後まで……していいか？」
91700 ,,,,,,,みなと,みなと,02min085_026.wav,minato,60,,,,「う、うん……いいよ……」
91800 ,,,,,,,みなと,みなと,02min085_027.wav,minato,6,,,,「はずかしいけど……ボク、がまんするね……」
91900 ,,,,,,,弘明,弘明,,minato,6,,,,「我慢するぐらいだったら……無理にとは言わないぞ？」
92000 ,,,,,,,みなと,みなと,02min085_028.wav,minato,12,,,,「ううん……。恥ずかしいのは、ボク、お兄ちゃんが好きだから……だから恥ずかしいの……」
92100 ,,,,,,,みなと,みなと,02min085_029.wav,minato,60,,,,「お兄ちゃんと……えっ、えっちは……したい……」
92200 ,,<s_fade time=""1500"">,,9000,,,,,,,,,,,
92600 ,@02min006_ev03,,,,,,,,,,,,,,
93000 ,,<m_fade fadeout=""2000"" fadein=""1500"">,11,1021,110311,,,,,,,,,,
93100 ,*mem,,,,,,,,,,,,,,
93200 ,,,11,1021,110311,,弘明,弘明,,,,,,,「……おしり、上げてみて」
93300 ,,,,,110311,,みなと,みなと,02min068_001.wav,,,,,,「んっ……。これでいい……？　お兄ちゃん……」
93400 ,,,,,110311,,,,,,,,,,　みなとは、俺の指示通りにくいっとおしりを突き上げる。
93500 ,,,,,110311,,弘明,弘明,,,,,,,「いいよ、みなと。……うん、すっごく可愛いおしりだ……」
93600 ,,,,,110311,,みなと,みなと,02min068_002.wav,,,,,,「あうう……お兄ちゃん、そんなにじろじろ見ないでよぉ……」
93700 ,,,,,110311,,,,,,,,,,　恥ずかしがって縮こまるみなと。その仕草は、どう見ても女の子を脱がせてるようにしか見えない。
93800 ,,,,,110311,,,,,,,,,,　小さなおしりの穴、ぷくっとしたタマタマの袋、キュッと盛り上がった袋の付け根……その全てが、俺の目の前で隠す物なくさらされていた。
93900 ,,,,,110311,,弘明,弘明,,,,,,,「みなと……チ○チンもすっかり勃起してるな」
94000 ,,,,,110311,,みなと,みなと,02min068_003.wav,,,,,,「やっ、やんっ……はずかしいよぉ……うしろからおち○ちん、見ないで……」
94100 ,,,,,110311,,弘明,弘明,,,,,,,「こっちからだと、全部見えるぞ。みなとのチ○チンも、タマタマの袋も」
94200 ,,,,,110311,,みなと,みなと,02min068_004.wav,,,,,,「あっ、ああんっ、見ちゃだめぇ……！」
94300 ,,,,,110311,,,,,,,,,,　みなとは後ろを振り返り、手をわたわたとさせる。しかし俺は構わず、みなとのおしりに顔を近づけていった。
94400 ,,,,,110311,,,,,,,,,,　近づくにつれ、みなとの小さくて丸っこい身体から甘い香りが感じられる。俺が今までに嗅いだことのない、甘くとろけるような香りだった。
94500 ,,,,,110311,,みなと,みなと,02min068_005.wav,,,,,,「あっ、あう……」
94600 ,,,,,110311,,弘明,弘明,,,,,,,「大丈夫。みなとの全部、俺に見せてくれ」
94700 ,,,,,110311,,,,,,,,,,　俺は更に、おしりに密着するほど顔を近づけた。鼻先をかすめる空気にも、湿り気が混じってくる。そしてあの甘い香りは、より一層強くなった。
94800 ,,,,,110311,,みなと,みなと,02min068_006.wav,,,,,,「あん……お兄ちゃん……」
94900 ,,,,,110311,,,,,,,,,,　みなとのおしりのすぐ前に来る。俺の劣情を刺激し、興奮させる『性器』が、そこにあった。
95000 ,,,,,110311,,弘明,弘明,,,,,,,「みなと……」
95100 ,,,,,110311,,,,,,,,,,　俺は幼いすぼまりに、舌でそっと触れる。
95200 ,,,,,110311,,みなと,みなと,02min068_007.wav,,,,,,「ひゃ……あんっ！？　お、お兄ちゃん？　おしりになにかした……？」
95300 ,,,,,110311,,弘明,弘明,,,,,,,「ああ。みなとのおしりの穴を舐めた」
95400 ,,,,,110311,,みなと,みなと,02min068_008.wav,,,,,,「えっ、ええぇぇっ！？　やぁっ、そんな……きたないよぉっ……！」
95500 ,,,,,110311,,弘明,弘明,,,,,,,「大丈夫だよ。みなとのは、全然汚くないよ……」
95600 ,,,,,110311,,みなと,みなと,02min068_009.wav,,,,,,「やっ、やんっ……でもぉ……」
95700 ,,,,,110311,,,,,,,,,,　俺は、みなとのアヌスを凝視した。おしりの肌色とは違って、そこは薄いピンクになっている。
95800 ,,,,,110311,,みなと,みなと,02min068_010.wav,,,,,,「そんな、また……おしりのあな、なめるの？」
95900 ,,,,,110311,,弘明,弘明,,,,,,,「イヤか……？」
96000 ,,,,,110311,,みなと,みなと,02min068_011.wav,,,,,,「えっと、あっ、その…………はずかしいよぉ……」
96100 ,,,,,110311,,弘明,弘明,,,,,,,「大丈夫、俺に任せて。気持ちよくしてあげるから……」
96200 ,,,,,110311,,みなと,みなと,02min068_012.wav,,,,,,「んっ……ああんっ！　ふぁ、あ……あう……」
96300 ,,,,,110311,,,,,,,,,,　俺が口付けるとみなとは身を震わせ、アヌスにもキュッと力がこもる。俺は構わずにそのすぼまりを舌先でねぶった。
96400 ,,,,,110311,,弘明,弘明,,,,,,,「ん……んんっ、んちゅっ」
96500 ,,,,,110311,,みなと,みなと,02min068_013.wav,,,,,,「やぁぁ……おしり、そんなになめないでぇ……。んんっ、あぅっ！　ああっ、あっ……」
96600 ,,,,,110311,,,,,,,,,,　舌先には、アヌスのヒダが感じられる。その一本一本を伸ばすように、みなとのアヌスを円状に舐め広げた。
96700 ,,,,,110311,,みなと,みなと,02min068_014.wav,,,,,,「んんんっ、あうっ……！　んぁぁっ、あっ……」
96800 ,,,,,110311,,,,,,,,,,　最初は抵抗していたみなとにも、艶のある声が混じりつつある。
96900 ,,,,,110311,,弘明,弘明,,,,,,,「みなと……おしり、気持ちいいか？」
97000 ,,,,,110311,,みなと,みなと,02min068_015.wav,,,,,,「んっ、んくっ……よくわかんな……んぁんっ！」
97100 ,,,,,110311,,,,,,,,,,　舐め続けていると、みなとの声が弱く、柔らかくなる。
97200 ,,,,,110311,,,,,,,,,,　そして気が付けば、みなとの勃起したペニスからは透明の液体がしたたっていた。
97400 ,,,,,110312,,弘明,弘明,,,,,,,「みなとの身体は、『気持ちいい』って言ってるな。みなとのチ○チンから、こんなにカウパーが出てきたぞ」
97500 ,,,,,110312,,みなと,みなと,02min068_016.wav,,,,,,「あっ……あんっ！　ふぁぁ……この前みたいに、おち○ちんのおしるが止まらないよぉ……」
97600 ,,,,,110312,,,,,,,,,,　とても男の子とは思えない艶のある声で、淫らな叫びを上げるみなと。その声だけでも、俺の情欲をたかぶらせるには充分だ。
97700 ,,,,,110312,,弘明,弘明,,,,,,,「もっともっと、舐めてあげるからな……んんっ」
97800 ,,,,,110312,,みなと,みなと,02min068_017.wav,,,,,,「ふぅんんっ……あうっ！　ああっ、ん……やっ、やぁ……お兄ちゃんの舌が、おしりの中に……」
97900 ,,,,,110312,,,,,,,,,,　みなとの身体から、次第に力が抜けていく。俺は一度アヌスから舌を離すと、おしりの割れ目に沿って一気に舐め上げた。
98000 ,,,,,110312,,みなと,みなと,02min068_018.wav,,,,,,「あああっ……んんっ！　ふぁ……んぁ……」
98100 ,,,,,110312,,,,,,,,,,　おしりの谷間を数回往復させたのち、今度は舌先を上から下に舐め下ろしていった。
98200 ,,,,,110312,,みなと,みなと,02min068_019.wav,,,,,,「んんっ、ふぁっ、ああ……ボク、おしり……ぜんぶなめられてる……」
98300 ,,,,,110312,,,,,,,,,,　おしりの谷間の中央、アヌスのキュッとしたへこみを過ぎると……肌の張りに少しテンションのある、袋の付け根部分に到達する。
98400 ,,,,,110312,,弘明,弘明,,,,,,,「ここ……袋の付け根のトコ、ちょっと突っ張ってて、感触もいいな……」
98500 ,,,,,110312,,みなと,みなと,02min068_020.wav,,,,,,「あっ、ああんっ！　あうう……そんなとこ、なめちゃイヤだよぉ…………」
98600 ,,,,,110312,,,,,,,,,,　そう言ってみなとは身をよじらせるけど、愛撫によって力の抜けた身体では悩ましく腰をくねらせるだけだった。
98700 ,,,,,110312,,弘明,弘明,,,,,,,「んっ、みなと……」
98800 ,,,,,110312,,みなと,みなと,02min068_021.wav,,,,,,「やっ、そこ、タマタマだよぉ……ああっ、んんっ！」
98900 ,,,,,110312,,,,,,,,,,　俺は更に下へと舐め進め、ぷるぷるとしたプリンのような袋を舐め転がし、舌先でその中の小さなタマタマをつつく。
99000 ,,,,,110312,,みなと,みなと,02min068_022.wav,,,,,,「んあっ、あうぅ……タマタマいやぁ……ボクのタマタマ、なめないで……」
99100 ,,,,,110312,,弘明,弘明,,,,,,,「みなと、ちっちゃなタマタマかわいいぞ……んちゅっ、ちゅるっ」
99200 ,,,,,110312,,みなと,みなと,02min068_023.wav,,,,,,「ふぁ、んぁっ！　やぁ、タマタマ吸っちゃいやぁ……！」
99400 ,,,,,110313,,みなと,みなと,02min068_024.wav,,,,,,「ふぁっ、んぁ……ボク、お兄ちゃんにいっぱいなめなめされて……あぅぅ、はずかしい……」
99600 ,,,,,110313,,,,,,,,,,　みなとは震える声で、そう訴えるけど、その身体からは抵抗の意思は何一つ感じられない。
99700 ,,,,,110313,,弘明,弘明,,,,,,,「やっぱり、みなとってカウパーが多いな」
99800 ,,,,,110313,,みなと,みなと,02min068_025.wav,,,,,,「やぁぁん……ボク、そうなの……？」
99900 ,,,,,110313,,弘明,弘明,,,,,,,「ああ、まるで愛液みたいだ」
100000 ,,,,,110313,,,,,,,,,,　みなとが出したたくさんのカウパーを、みなとのアヌスに塗り広げる。
100100 ,,,,,110313,,みなと,みなと,02min068_026.wav,,,,,,「あんっ……お兄ちゃん……？」
100200 ,,,,,110313,,弘明,弘明,,,,,,,「みなとのおしり、もっと気持ちよくしてあげる……。身体の力を抜くんだぞ」
100300 ,,,,,110313,,みなと,みなと,02min068_027.wav,,,,,,「ええっ……？　んんんっ、ああっ！」
100400 ,,,,,110313,,,,,,,,,,　みなとの小さなアヌスに当てた人差し指を、ゆっくり、ゆっくりと挿入していった。
100500 ,,,,,110313,,みなと,みなと,02min068_028.wav,,,,,,「んあっ……あああぁぁっ！！　あっ、ああ……あ……」
100600 ,,,,,110313,,弘明,弘明,,,,,,,「みなと、もっともっとおしりの力を抜いて」
100700 ,,,,,110313,,みなと,みなと,02min068_029.wav,,,,,,「やぁぁんっ、ゆび？　お兄ちゃん、指入れてるのぉ……？」
100800 ,,,,,110313,,弘明,弘明,,,,,,,「そうだよ。みなとのおしりの中に、少しずつ指を入れてる」
100900 ,,,,,110313,,,,,,,,,,　カウパーの潤滑で、指の挿入は思ったよりスムーズだった。俺は爪でみなとの粘膜を傷つけないよう注意して、更に奥へと挿入していく。
101000 ,,,,,110313,,みなと,みなと,02min068_030.wav,,,,,,「ああん、入ってくるよぉ……んんっ、んっ……」
101100 ,,,,,110313,,,,,,,,,,　俺は人差し指の第二関節ほどで挿入を止め、みなとのアヌスが遺物感に慣れるのを待つ。
101200 ,,,,,110313,,みなと,みなと,02min068_031.wav,,,,,,「ふぁぁ……お兄ちゃんのゆび、おしりの中に入ってる……」
101300 ,,,,,110313,,弘明,弘明,,,,,,,「変な感じか……？」
101400 ,,,,,110313,,みなと,みなと,02min068_032.wav,,,,,,「う、ううん……なんだか、からだがふわってするよ……。おち○ちん、いじってもらったときみたいに……」
101500 ,,,,,110313,,,,,,,,,,　みなとは、元からその素質があったのだろうか。アヌスに指を入れられて、早くも熱い吐息をこぼし始めていた。
101600 ,,,,,110313,,弘明,弘明,,,,,,,「柔らかくて……あったかいな……みなとのおしりの中……」
101700 ,,,,,110313,,みなと,みなと,02min068_033.wav,,,,,,「あっ、ああ……お兄ちゃんのゆび、入ってくる……。なんだか、あついよぉ……」
101800 ,,,,,110313,,弘明,弘明,,,,,,,「気持ちいい……？」
101900 ,,,,,110313,,みなと,みなと,02min068_034.wav,,,,,,「うん……おしり、きもちいいかも……」
102000 ,,,,,110313,,弘明,弘明,,,,,,,「じゃ、ゆっくり前後に動かすからな……」
102200 ,,,,,110312,,みなと,みなと,02min068_035.wav,,,,,,「んっ、あっ……ああっ！　ふぁっ、あうっ、んんっ……」
102300 ,,,,,110312,,,,,,,,,,　指先のを繰り返すうち、みなとのアヌスはだいぶ柔らかくほぐれてきていた。
102400 ,,,,,110312,,弘明,弘明,,,,,,,「みなとのおしりの中、柔らかい……。あ、ここはコリコリしてるな……」
102500 ,,,,,110312,,みなと,みなと,02min068_036.wav,,,,,,「ふあっ！？　んぁんっ！　やっ、やぁっ、そこ……」
102600 ,,,,,110312,,弘明,弘明,,,,,,,「ここ、感じるのか？」
102700 ,,,,,110312,,みなと,みなと,02min068_037.wav,,,,,,「ふぇ……？　う、うん……そうかも……。んっ、んんんぅっ！」
102800 ,,,,,110312,,,,,,,,,,　みなとの応答は微妙に鈍くなってきていて、意識が薄皮一枚向こう側にいる感じがする。
102900 ,,,,,110312,,,,,,,,,,　きっと、これならもう……。
103000 ,,,,,110312,,弘明,弘明,,,,,,,「みなと……。みなとのおしりに、俺のチ○チン……入れていいか……？」
103100 ,,,,,110312,,みなと,みなと,02min068_038.wav,,,,,,「えっ……？」
103200 ,,,,,110312,,弘明,弘明,,,,,,,「俺、みなとと……もっとエッチなことしたい……」
103300 ,,,,,110312,,みなと,みなと,02min068_039.wav,,,,,,「もっと、えっちなこと……って……？」
103400 ,,,,,110312,,弘明,弘明,,,,,,,「あ、っと…………セックス……」
103500 ,,,,,110312,,みなと,みなと,02min068_040.wav,,,,,,「えっと……セックスって、赤ちゃんつくるときの……」
103600 ,,,,,110312,,弘明,弘明,,,,,,,「あ、ああ……」
103700 ,,,,,110312,,みなと,みなと,02min068_041.wav,,,,,,「ボク、男の子だけど……お兄ちゃんとえっち、できるの？」
103800 ,,,,,110312,,弘明,弘明,,,,,,,「ああ……。愛し合っていれば、できるよ」
103900 ,,,,,110312,,,,,,,,,,　俺がみなとの瞳を見つめながら言うと、みなとは静かにうなずいた。
104000 ,,,,,110312,,みなと,みなと,02min068_042.wav,,,,,,「ボク、お兄ちゃんが大好き……。お兄ちゃんは、ボクのこと……好き？」
104100 ,,,,,110312,,弘明,弘明,,,,,,,「さっきも言ったろ……？　俺はみなとを、愛してる」
104200 ,,,,,110312,,みなと,みなと,02min068_043.wav,,,,,,「ありがと……。ボク、お兄ちゃんと。もっとえっちなこと……。せっ、せっくす……したいな……」
104300 ,,,,,110312,,弘明,弘明,,,,,,,「みなと……」
104400 ,,,,,110312,,,,,,,,,,　俺はズボンの中から勃起しきっていたペニスを取り出すと、みなとのアヌスに挿入すべく立ち上がった。
104500 ,,,,,110312,,みなと,みなと,02min068_044.wav,,,,,,「あっ、あっ、ちょっと待って……」
104600 ,,,,,110312,,弘明,弘明,,,,,,,「……ん？」
104700 ,,,,,110312,,みなと,みなと,02min068_045.wav,,,,,,「ボク……お兄ちゃんのかお見ながらがいい……。ダメ……？」
104800 ,,,,,110312,,弘明,弘明,,,,,,,「ああ、いいよ」
104900 ,,,,,110312,,,,,,,,,,　俺はみなとの身体を起こして抱き合うように向かい合うと、みなとのアヌスにそっと亀頭をあてる。
105000 ,,,,,110312,,弘明,弘明,,,,,,,「いくぞ、みなと……身体の力を抜いて、息を吐いて……」
105100 ,,,,,110312,,みなと,みなと,02min068_046.wav,,,,,,「うん…………」
105290 ,,<m_fade fadeout=""2000"" fadein=""1500"">,10,,110321,,,,,,,,,,
105300 ,,,,,110321,,みなと,みなと,02min068_047.wav,,,,,,「んんっ……ああぁぁぁぁっ……！」
105400 ,,,,,110321,,,,,,,,,,　アヌスに塗ったカウパー……みなとの愛液の潤滑を得て、俺の亀頭はにゅるんとアヌスの中に入り込んだ。しかしカリ首が入りきったところで、ペニスはキツい締めつけに襲われる。
105500 ,,,,,110321,,みなと,みなと,02min068_048.wav,,,,,,「あっ、あうっ、んんっ……んぁぁぁぁっ！　おしり、おしりに入ってるよぉっ……！」
105600 ,,,,,110321,,,,,,,,,,　みなとが声を上げるたび、アヌスがキュッキュッとキツく締まる。予想外なそのキツさに、思わず俺も声が漏れた。
105700 ,,,,,110321,,弘明,弘明,,,,,,,「うっ、うぁぁぁっ……！　みなと、もっと身体の力を抜いて……」
105800 ,,,,,110321,,みなと,みなと,02min068_049.wav,,,,,,「だ、だって……んあっ、んっ、ああっ！　からだの自由が、きかないよぉ……」
105900 ,,,,,110321,,,,,,,,,,　俺はペニスの挿入を止めると、みなとの身体を優しく包むように抱きしめる。
106000 ,,,,,110321,,みなと,みなと,02min068_050.wav,,,,,,「んっ、ううっ…………んんっ、あ……」
106100 ,,,,,110321,,弘明,弘明,,,,,,,「みなと……大丈夫か……？」
106200 ,,,,,110321,,みなと,みなと,02min068_051.wav,,,,,,「う、うん……」
106300 ,,,,,110321,,,,,,,,,,　抱きしめられて安心したのか、アヌスの締めつけが一瞬ゆるむ。その機を逃さず、俺は腰を突き出した。
106400 ,,,,,110321,,みなと,みなと,02min068_052.wav,,,,,,「んっ、んぁぅっ！　あっ、あぁ……ゆびより、ふとくて……あついよぉ……んぁぁんっ！」
106500 ,,,,,110321,,弘明,弘明,,,,,,,「俺も……みなとの中……熱く……感じてる……」
106600 ,,,,,110321,,みなと,みなと,02min068_053.wav,,,,,,「んっ、んんっ……お兄ちゃん……んんっ、ああっ！　んんんっ、あっ、あっ、あう……」
106700 ,,,,,110321,,,,,,,,,,　俺は少しずつペニスを奥へと挿入していった。みなとのアヌスが、俺のサオを苦しいほどに締め上げる。
106800 ,,,,,110321,,みなと,みなと,02min068_054.wav,,,,,,「あ……あ……おにいちゃ……おにいちゃぁん……」
106900 ,,,,,110321,,,,,,,,,,　俺はみなとの頬に手をやり、目を合わせて微笑み合う。
107000 ,,,,,110321,,弘明,弘明,,,,,,,「ゆっくり、引き抜くからな……」
107100 ,,,,,110321,,みなと,みなと,02min068_055.wav,,,,,,「うん……。んあああっ！　あっ、あ……あんっ！」
107200 ,,,,,110321,,,,,,,,,,　ペニスの引き抜きは、思ったより、みなとは、苦しさに大きな声をあげた。
107300 ,,,,,110321,,みなと,みなと,02min068_056.wav,,,,,,「ふぁ……おしり、じんじんする……」
107400 ,,,,,110321,,弘明,弘明,,,,,,,「大丈夫そうか？　……耐えられるか？」
107500 ,,,,,110321,,みなと,みなと,02min068_057.wav,,,,,,「うん……。大好きなお兄ちゃんのおち○ちん……だもん……」
107600 ,,,,,110321,,弘明,弘明,,,,,,,「そうか……」
107700 ,,,,,110321,,みなと,みなと,02min068_058.wav,,,,,,「んっ、んんんっ、ああん……また、入ってくる……。ああっ！　んんっ、んっ、ふぁぁ……」
107800 ,,,,,110321,,,,,,,,,,　みなとが苦しまないよう慎重に小刻みに腰を動かし、その場所を解きほぐす。
107900 ,,,,,110321,,みなと,みなと,02min068_059.wav,,,,,,「おち○ちんのうらがわ、ふわっとして……きもちいいよぉ……」
108000 ,,,,,110321,,弘明,弘明,,,,,,,「俺もすごく気持ちいいよ、みなと……」
108100 ,,,,,110321,,みなと,みなと,02min068_060.wav,,,,,,「お兄ちゃん……」
108200 ,,,,,110321,,,,,,,,,,　つながったまま見つめあう俺とみなと。こうしているだけで、胸のうちから愛しさがあふれ出てくるようだ。
108300 ,,,,,110321,,みなと,みなと,02min068_061.wav,,,,,,「ボク、お兄ちゃんのこいびとだよね……。こいびとになれたんだよね……？」
108400 ,,,,,110321,,弘明,弘明,,,,,,,「ああ、みなとは俺の恋人だよ」
108500 ,,,,,110321,,,,,,,,,,　上半身を折り曲げようとしたけど、みなとの唇までは届かない。代わりに俺は、みなとの唇をそっと人差し指で触れた。
108600 ,,,,,110321,,みなと,みなと,02min068_062.wav,,,,,,「あ……お兄ちゃん……」
108700 ,,,,,110321,,弘明,弘明,,,,,,,「みなと……」
108800 ,,,,,110321,,,,,,,,,,　最初は、静かにゆっくりと。そして、徐々にストロークを早くしていく。
108900 ,,,,,110321,,みなと,みなと,02min068_063.wav,,,,,,「んんんっ、あうっ！　あああっ、んん……」
109000 ,,,,,110321,,弘明,弘明,,,,,,,「んっ……みなと、どうだ？」
109100 ,,,,,110321,,みなと,みなと,02min068_064.wav,,,,,,「ふぁっ、ああんっ！　おしり、ひっぱられる感じ……これ、きもちいいかも……」
109200 ,,,,,110321,,弘明,弘明,,,,,,,「もっと早くしていいか……？」
109300 ,,,,,110321,,みなと,みなと,02min068_065.wav,,,,,,「う、うん……きて……」
109400 ,,,,,110321,,弘明,弘明,,,,,,,「みなと……んんっ」
109500 ,,,,,110321,,みなと,みなと,02min068_066.wav,,,,,,「んっ、んああっ……！　あんんっ……んんっ……！」
109600 ,,,,,110321,,弘明,弘明,,,,,,,「ううっ、ああ……チ○チンが、とろけそうだよ……」
109700 ,,,,,110321,,みなと,みなと,02min068_067.wav,,,,,,「ボクも、おなかの奥がじんじんしてきた……ふあっ、ああっ……きもちいい……」
109800 ,,,,,110321,,,,,,,,,,　ずっちゅずっちゅという淫らな水音と共に絡み合う俺とみなとの嬌声が部屋中に響いていく。
109900 ,,,,,110321,,,,,,,,,,　みなとの顔は快感に歪められ、口元からは透明の唾液がこぼれだしていた。
110000 ,,,,,110321,,みなと,みなと,02min068_068.wav,,,,,,「あっ、ふぁっ……おにいちゃっ……あっあっ！」
110100 ,,,,,110321,,,,,,,,,,　みなとのアヌスの内壁を、引っかき回すように出し入れする。
110200 ,,,,,110321,,,,,,,,,,　ペニスを締め付けるあまりの快感と、みなとのその表情の前に、俺はもう自分の動きをセーブすることができずにいた。
110300 ,,,,,110321,,みなと,みなと,02min068_069.wav,,,,,,「ふぁっ、ああっ、おにいちゃ……あっ、ああんっ！」
110400 ,,,,,110321,,,,,,,,,,　しかし、俺の乱暴な突き入れすらもみなとは受け入れ、それを快感に換えてあえぎ、そうしてさらに増幅された快感を俺に返してくる。
110500 ,,,,,110321,,,,,,,,,,　二人の肉のぶつかり合いは、その速度をゆるませる事なく高まりあっていき、もはや臨界点に達しようとしていた。
110600 ,,,,,110321,,弘明,弘明,,,,,,,「みなとっ……俺っ、もう……」
110700 ,,,,,110321,,みなと,みなと,02min068_070.wav,,,,,,「お、お兄ちゃんっ、ボクも……なにかくるよぉ……。からだが、浮いたみたい……」
110800 ,,,,,110321,,弘明,弘明,,,,,,,「ううっ、ああっ……みなと……ううっ！！」
110900 ,,,,,110321,,みなと,みなと,02min068_071.wav,,,,,,「んっ、あうっ、あんんっ……ふぁ、あっ、ああっ！　んっ、あうっ、あっ……んあああぁぁぁぁ……っ！！」
111200 ,,<!ef_shasei>,,,110322,,,,,,,,,,　俺のペニスが、みなとの体内でビクビクと跳ねる。
111300 ,,,,,110322,,みなと,みなと,02min068_072.wav,,,,,,「あんっ、んん……おしりのなか……お兄ちゃんの精子、出てる……」
111400 ,,,,,110322,,,,,,,,,,　みなとは陶酔した表情で、そんなことを言う。
111500 ,,,,,110322,,,,,,,,,,　みなとだから、妊娠するようなことはないにしろ……みなとのことを考えると、射精の瞬間にペニスをグッと引き抜くのは、アヌスに負担がかかるような気がしてできなかった。
111600 ,,,,,110322,,みなと,みなと,02min068_073.wav,,,,,,「あ……んん……んっ……」
111700 ,,,,,110322,,,,,,,,,,　ベッドに突っ伏したみなとが、半ばまぶたを閉じた目で俺を見つめた。
111800 ,,,,,110322,,,,,,,,,,　愛しいものを見る潤んだ瞳。
111900 ,,,,,110322,,,,,,,,,,　完全に脱力しきっていて、もうピクリとも動けないけれど、目だけは俺を見ていたい。そんな瞳だ。
112000 ,,,,,110322,,弘明,弘明,,,,,,,「ああ……うぁ……」
112100 ,,,,,110322,,,,,,,,,,　俺にとっても、強烈な快感だった。全身が脱力してしまい、身体を動かすことすら億劫に感じる。
112200 ,,,,,110322,,みなと,みなと,02min068_074.wav,,,,,,「お兄ちゃん……」
112300 ,,,,,110322,,,,,,,,,,　みなとが、そっと手を差し出してきた。俺はその手をしっかり握り返すと、胸元に引き寄せる。
112400 ,,,,,110322,,みなと,みなと,02min068_075.wav,,,,,,「あ……」
112500 ,,,,,110322,,弘明,弘明,,,,,,,「みなと……んっ」
112600 ,,,,,110322,,みなと,みなと,02min068_076.wav,,,,,,「あん……んちゅっ、ちゅっ……」
112700 ,,,,,110322,,,,,,,,,,　俺たちは余韻にひたりながら、ただ口づけを交わしていた。
112800 ,$event_return,,,,,,,,,,,,,,
112900 ,,<hide><!ef_daypass>,0,9000,,,,,,,,,,,
113500 ,@02min007,,,,,,,,,,,,,,
113900 ,,<hide><s_fade time=""1500"" type=""panel"" param=""type=0"">,2,1051,,,,,,,,,,,
114150 ,,,,,,,,,,,,,,,　みなとと初めてＨをしてしまってから、３日ほどが過ぎていた。あれから、妙に気恥ずかしさが出てしまって特に連絡は取り合っていない。
114160 ,,<!ef_mail>,,,,,,,,,,,,,　そして今日、みなとから久しぶりのメールが届いた。
114170 ,,,,,,,,,,,,,,,『今日、お部屋に行っていいかな…』
114180 ,,,,,,,,,,,,,,,　俺はすぐさま、もちろんいいよ、とレスを返す。
114190 ,,,,,,,,,,,,,,,　しばらくすると、制服姿のみなとがやってきた。
114600 ,,<!ef_timepass><!ef_door_entrance_open>,1,1011,,,,,,,,,,,
114700 ,,,,,,,みなと,みなと,02min093_001.wav,"minato,uniform",8,,,,「お、お兄ちゃん……」
114800 ,,,,,,,弘明,弘明,,minato,8,,,,「ああ、みなと。いらっしゃい」
114900 ,,,,,,,,,,minato,8,,,,　そう言いつつみなとの肩に手を置こうとすると、避けられてしまった。今日は、みなとがいつも以上によそよそしい。
115000 ,,,,,,,弘明,弘明,,minato,8,,,,「……みなと？」
115100 ,,,,,,,みなと,みなと,02min093_002.wav,minato,2,,,,「ひゃうっ！？」
115200 ,,,,,,,弘明,弘明,,minato,2,,,,「そんなに驚くなよ」
115300 ,,,,,,,,,,minato,2,,,,　俺が距離を縮めると、みなとは明らかに警戒した。
115400 ,,,,,,,みなと,みなと,02min093_003.wav,minato,8,,,,「んっ…………」
115500 ,,,,,,,弘明,弘明,,minato,8,,,,「みなと……？」
115600 ,,,,,,,,,,minato,8,,,,　俺、ひょっとして嫌われた……！？
115700 ,,,,,,,みなと,みなと,02min093_004.wav,minato,15,,,,「ちっ、ちがうの……」
115800 ,,,,,,,みなと,みなと,02min093_005.wav,minato,6,,,,「こっ、この前のことを、思い出すと……は、はずかしくて……」
115900 ,,,,,,,,,,minato,6,,,,　みなとは、どもりながら顔を真っ赤にした。
116000 ,,,,,,,弘明,弘明,,minato,6,,,,「なんだ……そうだったか」
116100 ,,,,,,,,,,minato,6,,,,　嫌われた訳じゃないとわかって、俺は胸をなで下ろす。
116200 ,,,,,,,弘明,弘明,,minato,6,,,,「みなと」
116300 ,,,,,,,みなと,みなと,02min093_006.wav,minato,2,,,,「あっ……」
116400 ,,,,,,,,,,minato,2,,,,　俺はちょっと強引に、みなとの隣に座った。
116500 ,,,,,,,弘明,弘明,,minato,2,,,,「逃げないで、みなと」
116600 ,,,,,,,みなと,みなと,02min093_007.wav,minato,8,,,,「お兄ちゃん……」
116700 ,,,,,,,弘明,弘明,,minato,8,,,,「さっきは嫌われたかと思って、ハラハラしたよ」
116800 ,,,,,,,みなと,みなと,02min093_008.wav,minato,15,,,,「そんな……！　ボクは、お兄ちゃんをきらったりなんかしないよぉ……！」
116900 ,,,,,,,みなと,みなと,02min093_009.wav,minato,82,,,,「ぜったい、しないのに……」
117000 ,,,,,,,弘明,弘明,,minato,82,,,,「あ……勘違いしてごめんな、みなと」
117100 ,,,,,,,みなと,みなと,02min093_010.wav,minato,60,,,,「ううん……」
117200 ,,,,,,,,,,minato,60,,,,　俺はみなとを抱き寄せると、その唇にそっとキスをした。
117300 ,,,,,,,みなと,みなと,02min093_011.wav,minato,81,,,,「んっ、んちゅっ……んぁ……」
117400 ,,,,,,,弘明,弘明,,minato,81,,,,「みなと」
117500 ,,,,,,,みなと,みなと,02min093_012.wav,minato,60,,,,「ボク、すっごくうれしいよ……」
117600 ,,,,,,,みなと,みなと,02min093_013.wav,minato,60,,,,「お兄ちゃん、だいすき……」
117700 ,,,,,,,,,,minato,60,,,,　俺はまたみなとの身体を引き寄せて、しっかりと抱きしめる。その日は時間が来るまで、何度も唇を重ね続けたのだった。
117800 ,,<hide><!ef_daypass>,0,9000,,,,,,,,,,,
118100 ,@02min008,,,,,,,,,,,,,,
118400 ,,<hide><s_fade time=""1500"" type=""panel"" param=""type=0"">,2,3031,,,,,,,,,,,
118500 ,,,,,,,弘明,弘明,,,,,,,「……んんっ？」
118600 ,,,,,,,,,,,,,,,　クライアントとの打ち合わせで、外に出た帰り道……俺は偶然、下校途中のみなとに出会った。
118700 ,,,,,,,,,,,,,,,　みなとの隣には、友達とおぼしき男の子がいる。その子と楽しそうに話していたみなとは、俺に気付くと嬉しそうな声を挙げた。
118800 ,,<m_fade fadeout=""2000"" fadein=""1500"">,1,,,,,,,,,,,,
118900 ,,,,,,,みなと,みなと,02min084_001.wav,,,"minato,uniform",1,,「あっ、お兄ちゃん……！」
119000 ,,,,,,,つばさ,つばさ,05tsu084_001.wav,,,"minato,uniform",1,,「えっ……？」
119100 ,,,,,,,,,,,,,,,
119200 ,,,,,,,,,,,,,,,　みなとは、笑顔でこっちに駆けてくる。
119300 ,,,,,,,弘明,弘明,,,,minato,85,,「よう、みなと。いま帰りか？」
119400 ,,,,,,,みなと,みなと,02min084_002.wav,,,minato,5,,「うん……。今日はクラブがあって、お兄ちゃんのお部屋に行けなかったの……」
119500 ,,,,,,,弘明,弘明,,,,minato,5,,「いいんだよ。俺だって、打ち合わせをしていま帰ってきたところなんだから」
119600 ,,,,,,,みなと,みなと,02min164_041.wav,,,minato,85,,「うん……お兄ちゃん……」
119700 ,,,,,,,みなと,みなと,02min084_003.wav,,,minato,60,,「……また、お部屋に行くね」
119800 ,,,,,,,弘明,弘明,,,,minato,60,,「ああ、待ってるよ」
119900 ,,,,,,,つばさ,つばさ,05tsu084_002.wav,"tsubasa,uniform",72,minato,60,,「……………………」
120000 ,,,,,,,弘明,弘明,,tsubasa,72,minato,60,,「あ、その子は友達か？」
120100 ,,,,,,,,,,tsubasa,72,minato,60,,　俺は、みなとと一緒に歩いていた男の子に目をやる。
120200 ,,,,,,,,,,tsubasa,72,minato,60,,　少し陽に焼けた肌と、短い髪……いかにも元気で快活そうな雰囲気の、みなととは正反対ってタイプの子だ。
120300 ,,,,,,,みなと,みなと,02min084_004.wav,tsubasa,72,minato,1,,「あっ、うん。ボクと同じクラスの、つばさくん」
120400 ,,,,,,,つばさ,つばさ,05tsu084_003.wav,tsubasa,72,minato,1,,「………………」
120500 ,,,,,,,弘明,弘明,,tsubasa,72,,,,「そっか、よろしくな」
120600 ,,,,,,,,,,tsubasa,72,,,,　俺は握手しようとその子に近づいて、ふと気付く。
120700 ,,,,,,,,,,tsubasa,72,,,,　その子は、ちょっと変わったシューズを履いていた。交差する靴ひものラインが、普通なら中央にあるところ……その靴は身体の外側、すなわち小指の方にずれている。
120800 ,,,,,,,,,,tsubasa,72,,,,　ボールを蹴る際に、靴ひもなどが邪魔にならないよう設計された……サッカー用のシューズだ。
120900 ,,,,,,,,,,tsubasa,72,,,,　ということは、この子……。
121000 ,,,,,,,弘明,弘明,,tsubasa,72,,,,「んっと、君は……サッカー、するのかい？」
121100 ,,,,,,,つばさ,つばさ,05tsu084_004.wav,tsubasa,84,,,,「えっ？　あ、ああ……」
121200 ,,,,,,,みなと,みなと,02min084_005.wav,minato,85,,,,「うん、つばさくんはサッカー部だよ」
121300 ,,,,,,,弘明,弘明,,minato,85,,,,「そっか、なるほどな」
121400 ,,,,,,,みなと,みなと,02min084_006.wav,minato,1,,,,「すごいね、お兄ちゃん。なんでわかったの……？」
121500 ,,,,,,,弘明,弘明,,minato,1,,,,「いや……まあ、なんとなくだ。なんとなく」
121600 ,,,,,,,,,,tsubasa,51,,,,　俺は、つばさという子の前に歩み寄る。
121700 ,,,,,,,弘明,弘明,,tsubasa,51,,,,「つばさくんか。よろしくな」
121800 ,,,,,,,つばさ,つばさ,05tsu084_005.wav,tsubasa,51,,,,「……………………」
121900 ,,,,,,,みなと,みなと,02min084_007.wav,tsubasa,51,,,,「つばさくん……？」
122000 ,,,,,,,つばさ,つばさ,05tsu084_006.wav,tsubasa,51,,,,「よろしく……」
122100 ,,,,,,,,,,tsubasa,51,,,,　この子……つばさくんは、下を向いたままぶっきらぼうに言う。
122200 ,,,,,,,弘明,弘明,,tsubasa,51,,,,「君、サッカー部なんだよね」
122300 ,,,,,,,つばさ,つばさ,05tsu084_007.wav,tsubasa,51,,,,「そうだよ……」
122400 ,,,,,,,弘明,弘明,,tsubasa,51,,,,「そっか、やっぱりなあ……。ふふっ」
122500 ,,,,,,,,,,tsubasa,51,,,,　名前が『つばさ』で、サッカー部員ときたか……。こいつはわかりやすいな……フフフ……。
122600 ,,,,,,,つばさ,つばさ,05tsu084_008.wav,tsubasa,83,,,,「な、なんだよ……きもちわるいな……」
122700 ,,,,,,,弘明,弘明,,tsubasa,83,,,,「……あっ、いや、別に。なんでもないよ」
122800 ,,,,,,,,,,tsubasa,83,,,,　俺は照れ隠しもあって、つばさくんの頭にポンと手を置いた。
122900 ,,,,,,,つばさ,つばさ,05tsu084_009.wav,tsubasa,13,,,,「ちょっ……さわんなよっ！」
123000 ,,,,,,,弘明,弘明,,tsubasa,13,,,,「わわっ……！？」
123100 ,,,,,,,,,,tsubasa,13,,,,　軽く、親愛の情でも示そうかと思ってやったことなんだけど……この子には予想以上に嫌がられてしまった。
123200 ,,,,,,,弘明,弘明,,tsubasa,13,,,,「あ、ああ……ごめん」
123400 ,,,,,,,つばさ,つばさ,05tsu084_010.wav,tsubasa,72,,,,「……………………」
123500 ,,,,,,,,,,tsubasa,72,,,,　つばさくんは、キッと俺を＜睨＝にら＞む。
123600 ,,,,,,,みなと,みなと,02min084_008.wav,tsubasa,72,minato,8,,「つばさくん、どうしたの……？」
123700 ,,,,,,,つばさ,つばさ,05tsu084_011.wav,tsubasa,51,minato,8,,「別に、どうもしてないよっ」
123800 ,,,,,,,,,,tsubasa,51,minato,8,,　つばさくんはみなとの制服のすそを引くと、耳元で小さく聞いた。
123900 ,,,,,,,つばさ,つばさ,05tsu084_012.wav,tsubasa,4,minato,8,,「みなと……。この人、なに？」
124000 ,,,,,,,みなと,みなと,02min084_009.wav,tsubasa,4,minato,0,,「えっ？　ボクの、イトコのお兄ちゃんだけど……」
124100 ,,,,,,,つばさ,つばさ,05tsu084_013.wav,tsubasa,5,minato,0,,「イトコぉ……？」
124200 ,,,,,,,みなと,みなと,02min084_010.wav,tsubasa,5,minato,85,,「うん、そうだよ。……ねっ、お兄ちゃんっ」
124300 ,,,,,,,弘明,弘明,,tsubasa,5,minato,85,,「ああ」
124400 ,,,,,,,,,,tsubasa,5,minato,85,,　そう言って俺の腕をにぎってきたみなとを、俺はそのままスッと抱き寄せる。
124500 ,,,,,,,つばさ,つばさ,05tsu084_014.wav,tsubasa,72,minato,85,,「むっ…………」
124600 ,,,,,,,みなと,みなと,02min084_011.wav,tsubasa,72,minato,6,,「あんっ、もう…………ここじゃ、だめぇ……」
124700 ,,,,,,,弘明,弘明,,tsubasa,72,minato,6,,「じゃあ……明日は空いてるから、家で待ってるぞ」
124800 ,,,,,,,みなと,みなと,02min118_059.wav,tsubasa,72,minato,60,,「うん……」
125000 ,,,,,,,つばさ,つばさ,,tsubasa,72,minato,60,,「……………………」
125100 ,,,,,,,,,,tsubasa,72,minato,60,,　抱き寄せていたみなとを解放すると、つばさくんにまた睨まれた。
125200 ,,,,,,,,,,tsubasa,72,minato,60,,　……やっぱり俺、この子に嫌われてる？
125300 ,,,,,,,弘明,弘明,,tsubasa,72,minato,60,,「え、えっと…………じゃあ俺、行くよ」
125400 ,,,,,,,,,,tsubasa,72,minato,60,,　なんだか微妙に居づらさを感じた俺は、手を振ってみなとに別れを告げる。
125500 ,,,,,,,みなと,みなと,02min084_012.wav,tsubasa,72,minato,1,,「うん。ばいばい、お兄ちゃん」
125600 ,,,,,,,弘明,弘明,,tsubasa,72,minato,1,,「ああ、またな。みなと」
125700 ,,,,,,,弘明,弘明,,tsubasa,72,minato,1,,「えっと…………つばさくんも、またな」
125900 ,,,,,,,つばさ,つばさ,05tsu084_015.wav,tsubasa,72,minato,1,,「………………」
126000 ,,,,,,,つばさ,つばさ,05tsu084_016.wav,tsubasa,51,minato,1,,「みなと、行こうぜ」
126100 ,,,,,,,みなと,みなと,02min084_013.wav,blank,0,minato,15,,「あっ、うん……まって、つばさくん……！」
126200 ,,,,,,,,,,,,,,,
126300 ,,,,,,,,,,,,,,,　二人は、路地の向こうへと足早に歩いていった。
126400 ,,,,,,,弘明,弘明,,,,,,,「………………」
126500 ,,,,,,,,,,,,,,,　俺は二人の背中を眺めつつ、なんだか釈然としない気持ちが残る。
126600 ,,,,,,,,,,,,,,,　なにか俺、あの子に嫌われることしたかなあ……。
126700 ,,<hide><!ef_daypass>,0,9000,,,,,,,,,,,
127000 ,@02min009,,,,,,,,,,,,,,みなと_最初の選択肢前
127400 ,,<hide><s_fade time=""1500"" type=""panel"" param=""type=0"">,2,1051,,,,,,,,,,,
127500 ,,,,,,,,,,,,,,,　仕事のペースが微妙に下がってきた、昼下がり。
127700 ,,<!ef_mail>,,,,,弘明,弘明,,,,,,,「……っと、メールだ」
127800 ,,,,,,,,,,,,,,,　俺はすぐさま、メーラーをチェックする。差出人は、みなとからだった。
127900 ,,,,,,,弘明,弘明,,,,,,,「うーんと……『あそびに行っていい？』って、もちろんＯＫに決まってるじゃないか。俺たちは恋人なんだからな」
128000 ,,,,,,,,,,,,,,,　俺はつぶやいた内容をそのまま、みなとに返信する。
128100 ,,,,,,,,,,,,,,,　すると、すぐに『はずかしいよぉ・・・』なんて可愛らしい返事が帰ってきた。
128200 ,,,,,,,弘明,弘明,,,,,,,「ふふふ……昨日は打ち合わせで会えなかったし、今日はあんなことやこんなことをいっぱいしよう……。ぬふふ……」
128600 ,,<s_fade time=""1500"" type=""panel"" param=""type=3"">,,9000,,,,,,,,,,,
128700 ,,<wait time=""1000""><s_fade time=""1500"" type=""panel"" param=""type=2""><se file=""door_entrance_open.wav"" vol=""-1500"">,1,1011,,,,,,,,,,,
128800 ,,<voice_volume vol=""-1200"">,,,,,みなと,みなと,02min165_001.wav,,,,,,「お兄ちゃん、こんにちは……」
128900 ,,,,,,,弘明,弘明,,,,,,,「ああ、みなと。待ってたよ」
129000 ,,,,,,,,,,,,,,,　俺は冷房の効いたリビングにみなとを迎え入れると、冷蔵庫の扉を開けた。
129100 ,,,,,,,弘明,弘明,,,,,,,「みなと、外は暑かっただろう？　ジュース飲むか？」
129200 ,,,,,,,みなと,みなと,02min110_006.wav,"minato,uniform",85,,,,「うん……。ありがとう、お兄ちゃん」
129300 ,,,,,,,,,,minato,85,,,,　みなとは笑顔でうなずいて、テーブルの前に座る。
129400 ,,,,,,,,,,minato,85,,,,　俺は冷蔵庫の中に顔をつっこみながら、みなとに声をかけた。
129500 ,,,,,,,弘明,弘明,,minato,85,,,,「そういや、昨日のあの子だけどさ……」
129600 ,,,,,,,みなと,みなと,02min081_002.wav,minato,0,,,,「えっ？」
129700 ,,,,,,,みなと,みなと,02min084_007.wav,minato,0,,,,「つばさくん……？」
129800 ,,,,,,,弘明,弘明,,minato,0,,,,「そう。……俺、なんだかあの子に嫌われちゃってるみたいだなあ」
129900 ,,,,,,,みなと,みなと,02min053_003.wav,minato,8,,,,「えっ、そんなことないよぉ……」
130000 ,,,,,,,,,,minato,8,,,,　みなとは困ったような表情を浮かべ、おろおろと俺の方に振り返った。
130100 ,,,,,,,弘明,弘明,,minato,8,,,,「ああ、いや、いいんだ。別に、気にしてる訳じゃないから」
130200 ,,,,,,,,,,minato,8,,,,　俺はジュースの缶を２本取り出すと、みなとの方に歩いていく。
130300 ,,,,,,,,,,minato,8,,,,　そして、みなとの身体をそっと抱きしめた。
130400 ,,,,,,,みなと,みなと,02min056_074.wav,minato,6,,,,「んっ……お兄ちゃん……」
130500 ,,,,,,,,,,minato,6,,,,　みなとは、俺の腕の中で静かに目を閉じる。
130600 ,,,,,,,,,,minato,6,,,,　そのとき、こっそりと……みなとの露出した背中に、冷えたジュースの缶を軽く当ててみた。
130700 ,,,,,,,みなと,みなと,02min061_015.wav,minato,15,,,,「ひゃっ！？　やっ、あんっ、んんっ……！」
130800 ,,,,,,,,,,minato,15,,,,　みなとは驚いて、腕の中でビクンと身体を震わせる。俺はジュースの缶をクッションの上に軟着陸させると、謝罪代わりに強く抱きしめた。
130900 ,,,,,,,みなと,みなと,02min065_012.wav,minato,14,,,,「あっ、あんっ……！　もう、お兄ちゃん……」
131000 ,,,,,,,弘明,弘明,,minato,14,,,,「ははは……ごめんごめん」
131100 ,,,,,,,,,,minato,14,,,,　俺は悪戯を謝りつつ、みなとに切り出した。
131200 ,,,,,,,弘明,弘明,,minato,14,,,,「なぁ、みなと。あのさ……」
131700 ,@02min010_f01,,,,,,,,,,,,,,
131800 ,"$gosub minato_free,min010_f",,,,,,,,,,,,,,
131900 ,*min010_f,,,,,,,,,,,,,,
132000 ,"$gosub minato_gohome,min010_g",,,,,,,,,,,,,,
132100 ,*min010_g,,,,,,,,,,,,,,
132300 ,@02min011,,,,,,,,,,,,,,
132500 ,"$gosub minato_morning,min011_m",,,,,,,,,,,,,,
132600 ,*min011_m,,,,,,,,,,,,,,
132700 ,,<s_fade time=""1500"" type=""panel"" param=""type=2"">,5,2011,,,,,,,,,,,
132800 ,,,,,,,みなと,みなと,02min111_001.wav,,,"minato,uniform",0,,「あっ、つばさくん……」
132900 ,,,,,,,つばさ,つばさ,05tsu111_001.wav,"tsubasa,uniform",0,minato,0,,「んっ、なんだ？　みなと」
133000 ,,,,,,,みなと,みなと,02min111_002.wav,tsubasa,0,minato,0,,「これから、部活……？」
133100 ,,,,,,,つばさ,つばさ,05tsu111_002.wav,tsubasa,1,minato,0,,「ああ。もうすぐ、試合も近いからな」
133200 ,,,,,,,みなと,みなと,02min111_003.wav,tsubasa,1,minato,1,,「あ、そうだったね……。サッカー部、がんばってね……」
133300 ,,,,,,,つばさ,つばさ,05tsu111_003.wav,tsubasa,4,minato,1,,「んっ、ありがと。……で、みなと。なにか、俺に聞きたかったんじゃないのか？」
133400 ,,,,,,,みなと,みなと,02min111_004.wav,tsubasa,4,minato,5,,「えっ？　うん……」
133500 ,,,,,,,つばさ,つばさ,05tsu111_004.wav,tsubasa,0,minato,5,,「ほら、遠慮せずに言ってくれよ」
133600 ,,,,,,,みなと,みなと,02min111_005.wav,tsubasa,0,minato,6,,「あ、うん……えっとね……？　つばさくんは、オナニーって……したことある……？」
133700 ,,,,,,,つばさ,つばさ,05tsu111_005.wav,tsubasa,15,minato,6,,「ぶはっ！？　おっ、オナニー……！？」
133800 ,,,,,,,みなと,みなと,02min111_006.wav,tsubasa,15,minato,8,,「あ、あるの……？」
133900 ,,,,,,,つばさ,つばさ,05tsu111_006.wav,tsubasa,84,minato,8,,「い、いや、それはさ…………。ていうか、なんでそんなコト聞くんだよ……」
134000 ,,,,,,,みなと,みなと,02min111_007.wav,tsubasa,84,minato,15,,「あっ、ううん……。なんとなく、聞いてみたくなっただけ……」
134100 ,,,,,,,つばさ,つばさ,05tsu111_007.wav,tsubasa,4,minato,15,,「ふぅん……。あっ、まさか……あいつに、変なこと吹き込まれたんじゃないだろうな！？」
134200 ,,,,,,,みなと,みなと,02min111_008.wav,tsubasa,4,minato,0,,「えっ？」
134300 ,,,,,,,つばさ,つばさ,05tsu111_008.wav,tsubasa,5,minato,0,,「あいつだよ。イトコ……だったっけ？　あいつ！」
134400 ,,,,,,,みなと,みなと,02min111_009.wav,tsubasa,5,minato,0,,「お兄ちゃんのこと……？」
134500 ,,,,,,,つばさ,つばさ,05tsu111_009.wav,tsubasa,15,minato,0,,「そうだよ。あいつが、みなとに変なこと教えて…………あっ、実際に変なコトされてるんじゃないのか！？　大丈夫か！？」
134600 ,,,,,,,みなと,みなと,02min111_010.wav,tsubasa,15,minato,12,,「だっ、だいじょうぶだよぉ、つばさくん……」
134700 ,,,,,,,みなと,みなと,02min111_011.wav,tsubasa,15,minato,60,,「お兄ちゃん、すっごくやさしいし……。ボク、お兄ちゃん大好きだもん……」
134800 ,,,,,,,つばさ,つばさ,05tsu111_010.wav,tsubasa,3,minato,60,,「くっ…………」
134900 ,,,,,,,みなと,みなと,02min111_012.wav,tsubasa,3,minato,0,,「…………？」
135000 ,,,,,,,みなと,みなと,02min111_013.wav,tsubasa,3,minato,1,,「あ、そうだ。お兄ちゃんね、むかし、つばさくんみたいにサッカーやってたんだよ……？」
135100 ,,,,,,,つばさ,つばさ,05tsu111_011.wav,tsubasa,5,minato,1,,「えっ？　あいつが、サッカー……？」
135200 ,,,,,,,みなと,みなと,02min111_014.wav,tsubasa,5,minato,85,,「うん。今でも、テレビでサッカーの試合見たりするよ……」
135300 ,,,,,,,つばさ,つばさ,05tsu111_012.wav,tsubasa,51,minato,85,,「ふぅん……」
135400 ,,,,,,,みなと,みなと,02min111_015.wav,tsubasa,51,minato,85,,「つばさくん、こんど、お兄ちゃんとサッカーのお話ししてみたらどう？」
135500 ,,,,,,,つばさ,つばさ,05tsu111_013.wav,tsubasa,13,minato,85,,「なっ、なんで俺が、あいつなんかと……」
135600 ,,,,,,,みなと,みなと,02min111_016.wav,tsubasa,13,minato,8,,「だって、ボクはサッカーのことよく知らないから、お兄ちゃんとあんまりそういうお話できないもん……。つばさくんなら、お話しできていいなあって……」
135700 ,,,,,,,つばさ,つばさ,05tsu111_014.wav,tsubasa,51,minato,8,,「いいよ、そんなの……。…………んんっ？　みなと、廊下から呼ばれてるぞ？」
135800 ,,,,,,,みなと,みなと,02min111_017.wav,tsubasa,51,minato,2,,「あっ、けいとくんが呼んでる……」
135900 ,,,,,,,みなと,みなと,02min111_018.wav,tsubasa,51,minato,5,,「あ……ボク、今日はクラブはお休みするって、けいとくんに言うの忘れてた……」
136000 ,,,,,,,つばさ,つばさ,05tsu111_015.wav,tsubasa,5,minato,5,,「休み？」
136200 ,,,,,,,つばさ,つばさ,05tsu111_016.wav,tsubasa,8,minato,5,,「……休んで……あいつんち……行くのか……？」
136300 ,,,,,,,みなと,みなと,02min111_019.wav,tsubasa,8,minato,0,,「えっ？」
136400 ,,,,,,,つばさ,つばさ,05tsu111_017.wav,tsubasa,14,minato,0,,「なっ、なんでもないよっ！　俺、部活行くから！　それじゃな、みなと！」
136500 ,,,,,,,みなと,みなと,02min111_020.wav,blank,0,minato,8,,「うっ、うん……ばいばい、つばさくん……」
136700 ,,,,,,,,,,,,,,,
136800 ,,,,,,,みなと,みなと,02min111_021.wav,,,minato,12,,「あっ、ごめんね、けいとくん。ボク、今日はクラブお休みするから……」
136900 ,,<s_fade time=""1500"" type=""panel"" param=""type=3"">,,9000,,,,,,,,,,,
137200 ,@02min012_f02,,,,,,,,,,,,,,
137300 ,"$gosub minato_come,min012_c",,,,,,,,,,,,,,
137400 ,*min012_c,,,,,,,,,,,,,,
137500 ,,,1,1011,,,,,,,,,,,
137600 ,"$gosub minato_free,min012_f",,,,,,,,,,,,,,
137700 ,*min012_f,,,,,,,,,,,,,,
137800 ,"$gosub minato_gohome,min012_g",,,,,,,,,,,,,,
137900 ,*min012_g,,,,,,,,,,,,,,
138100 ,@02min013,,,,,,,,,,,,,,
138400 ,"$gosub minato_morning,min013_m",,,,,,,,,,,,,,
138500 ,*min013_m,,,,,,,,,,,,,,
138600 ,,<s_fade time=""1500"" type=""panel"" param=""type=2"">,5,2011,,,,,,,,,,,
138700 ,,,,,,,みなと,みなと,02min016_001.wav,,,"minato,uniform",3,,「ふぅ……運動会かぁ……」
138800 ,,,,,,,つばさ,つばさ,05tsu016_001.wav,"tsubasa,uniform",5,minato,3,,「どうしたみなと、元気ないな」
138900 ,,,,,,,みなと,みなと,02min016_002.wav,tsubasa,5,minato,8,,「あっ、うん……運動会が近いなあって……」
139000 ,,,,,,,つばさ,つばさ,05tsu016_002.wav,tsubasa,1,minato,8,,「なんだ、そういうことか」
139100 ,,,,,,,みなと,みなと,02min016_003.wav,tsubasa,1,minato,5,,「つばさくんはいいよ、体育はとくいだもん……」
139200 ,,,,,,,つばさ,つばさ,05tsu016_003.wav,tsubasa,14,minato,5,,「そうでもないよ。にがてな競技だってたくさんあるよ、俺」
139300 ,,,,,,,みなと,みなと,02min016_004.wav,tsubasa,14,minato,0,,「そうなの？　つばさくん」
139400 ,,,,,,,つばさ,つばさ,05tsu016_004.wav,tsubasa,5,minato,0,,「ああ、そうだよ。だいたい球技はサッカー以外、とくいじゃないし」
139500 ,,,,,,,みなと,みなと,02min016_005.wav,tsubasa,5,minato,4,,「へぇ……そうなんだ。つばさくん、なんでもできると思ってたよ」
139600 ,,,,,,,つばさ,つばさ,05tsu016_005.wav,tsubasa,6,minato,4,,「そうでもないよ、俺は……」
139700 ,,,,,,,みなと,みなと,02min016_006.wav,tsubasa,6,minato,5,,「でもさ、とくいじゃないって言ったって、ボクたちよりずっとうまいよね……」
139800 ,,,,,,,つばさ,つばさ,05tsu016_006.wav,tsubasa,8,minato,5,,「それは……そ、それより、なあ……みなと……」
139900 ,,,,,,,みなと,みなと,02min016_007.wav,tsubasa,8,minato,0,,「ん、なぁに、つばさくん」
140000 ,,,,,,,つばさ,つばさ,05tsu016_007.wav,tsubasa,0,minato,0,,「運動会にむけて、お、俺といっしょに……トレーニングしてみるか……？」
140100 ,,,,,,,みなと,みなと,02min016_008.wav,tsubasa,0,minato,0,,「トレーニング？」
140200 ,,,,,,,つばさ,つばさ,05tsu016_008.wav,tsubasa,1,minato,0,,「ああ、ちょっと走って体力つけたりとかさ……。あと効果的なストレッチとか、いろいろおしえてあげられるぜ」
140300 ,,,,,,,みなと,みなと,02min016_009.wav,tsubasa,1,minato,8,,「うん……ありがとう。でも……」
140400 ,,,,,,,つばさ,つばさ,05tsu016_009.wav,tsubasa,15,minato,8,,「あっ、い、いやならいいんだよ、べつに」
140500 ,,,,,,,みなと,みなと,02min016_010.wav,tsubasa,15,minato,12,,「ううん、イヤなんじゃないよ……。ごめんね、ボクちょっと用事があるから……」
140600 ,,,,,,,つばさ,つばさ,05tsu016_010.wav,tsubasa,8,minato,12,,「そ、そっか。うん、用事か」
140700 ,,,,,,,みなと,みなと,02min016_011.wav,tsubasa,8,minato,85,,「ごめんね、またさそってね」
140800 ,,,,,,,つばさ,つばさ,05tsu016_011.wav,tsubasa,0,minato,85,,「ああ、いつでもおしえてやるよ」
140900 ,,,,,,,みなと,みなと,02min016_012.wav,tsubasa,0,minato,1,,「ありがと……。じゃあね、つばさくん」
141000 ,,,,,,,つばさ,つばさ,05tsu016_012.wav,tsubasa,1,minato,1,,「またな。みなと」
141200 ,,,,,,,つばさ,つばさ,05tsu016_013.wav,tsubasa,1,blank,0,,「…………」
141390 ,,,,,,,,,,tsubasa,1,,,,
141400 ,,<wait time=""1000"">,,,,,つばさ,つばさ,05tsu016_014.wav,tsubasa,3,,,,「……………………」
141490 ,,<s_fade time=""1500"" type=""panel"" param=""type=3"">,,9000,,,,,,,,,,,
141700 ,@02min014_f03,,,,,,,,,,,,,,
141800 ,"$gosub minato_come,min014_c",,,,,,,,,,,,,,
141900 ,*min014_c,,,,,,,,,,,,,,
142000 ,,,1,1011,,,,,,,,,,,
142100 ,"$gosub minato_free,min014_f",,,,,,,,,,,,,,
142200 ,*min014_f,,,,,,,,,,,,,,
142300 ,"$gosub minato_gohome,min014_g",,,,,,,,,,,,,,
142400 ,*min014_g,,,,,,,,,,,,,,
142600 ,@02min015,,,,,,,,,,,,,,
142900 ,"$gosub minato_morning,min015_m",,,,,,,,,,,,,,
143000 ,*min015_m,,,,,,,,,,,,,,
143100 ,,<s_fade time=""1500"" type=""panel"" param=""type=2"">,5,2011,,,,,,,,,,,
143200 ,,,,,,,みなと,みなと,02min077_001.wav,,,"minato,uniform",0,,「んしょっ、と」
143300 ,,,,,,,つばさ,つばさ,05tsu077_001.wav,"tsubasa,uniform",4,minato,0,,「みなと、帰るのか？」
143400 ,,,,,,,みなと,みなと,02min077_002.wav,tsubasa,4,minato,12,,「あっ、うん……」
143500 ,,,,,,,つばさ,つばさ,05tsu077_002.wav,tsubasa,5,minato,12,,「クラブは……」
143600 ,,,,,,,みなと,みなと,02min077_003.wav,tsubasa,5,minato,5,,「あ、今日はおやすみするの……」
143700 ,,,,,,,つばさ,つばさ,05tsu077_003.wav,tsubasa,8,minato,5,,「………………」
143800 ,,,,,,,みなと,みなと,02min077_004.wav,tsubasa,8,minato,1,,「それじゃね、つばさくん」
143900 ,,,,,,,つばさ,つばさ,05tsu077_004.wav,tsubasa,1,minato,1,,「ああ、じゃあな。みなと」
144100 ,,,,,,,,,,tsubasa,1,blank,0,,
144200 ,,,,,,,つばさ,つばさ,05tsu077_005.wav,tsubasa,14,,,,「……………………」
144300 ,,,,,,,つばさ,つばさ,05tsu077_006.wav,tsubasa,72,,,,（みなと……いつも、どこ行ってんだろ……）
144400 ,,,,,,,つばさ,つばさ,05tsu077_007.wav,tsubasa,72,,,,（………………）
144600 ,,<s_fade time=""1500"" type=""panel"" param=""type=3"">,0,9000,,,,,,,,,,,
144700 ,,<s_fade time=""1500"" type=""panel"" param=""type=2"">,1,3031,,,,,,,,,,,
144800 ,,,,,,,みなと,みなと,02min077_005.wav,,,minato,1,,「～～～～～～♪」
145100 ,,<!ef_af001_normal>,0,9000,,,,,,,,,,,
145200 ,,<!ef_af001_reverse>,8,3031,,,,,,,,,,,
145300 ,,,,,,,つばさ,つばさ,05tsu077_008.wav,tsubasa,72,,,,「……………………」
145400 ,,,,,,,つばさ,つばさ,05tsu077_009.wav,tsubasa,4,,,,「みなと……あの部屋に入ってった……」
145500 ,,,,,,,つばさ,つばさ,05tsu077_010.wav,tsubasa,5,,,,「ここ、みなとの家じゃない……」
145600 ,,,,,,,つばさ,つばさ,05tsu077_011.wav,tsubasa,13,,,,「……あっ、まさか、この前のあいつん＜家＝ち＞！？」
145700 ,,,,,,,つばさ,つばさ,05tsu077_012.wav,tsubasa,84,,,,「くそっ……みなと、中でなにやってんだろ……」
145900 ,,,,,,,つばさ,つばさ,05tsu077_013.wav,tsubasa,72,,,,「……………………」
146000 ,,,,,,,つばさ,つばさ,05tsu077_014.wav,tsubasa,4,,,,「あっ、この電柱……」
146400 ,,<!ef_af001_normal>,,9000,,,,,,,,,,,
146500 ,,<!ef_af001_reverse><se file=""door_entrance_open.wav"" vol=""-1000"">,1,1011,,,,,,,,,,,
146600 ,,,,,,,みなと,みなと,02min077_006.wav,,,minato,60,,「お兄ちゃん……こんにちは……」
146700 ,,,,,,,弘明,弘明,,,,minato,60,,「ああ、みなと。外は暑かっただろ？」
146800 ,,,,,,,みなと,みなと,02min077_007.wav,,,minato,1,,「ううん、ボクは気にならなかったよ」
146900 ,,,,,,,弘明,弘明,,,,minato,1,,「でも身体は、すごく熱くなってるぞ？」
147000 ,,<m_fade fadeout=""2000"" fadein=""1500"">,12,,,,,,,,,,,,
147100 ,,<s_fade time=""2000"">,,1021,,,,,,,,,,,　俺はみなとを引き寄せると、柔らかい頬に頬ずりした。
147200 ,,,,,,,みなと,みなと,02min077_008.wav,,,minato,6,,「ひゃんっ、お兄ちゃんのほっぺた、つめたいよ……」
147300 ,,,,,,,弘明,弘明,,,,minato,6,,「俺はエアコンかかってる部屋に、一日中いるからな……。みなとの身体、冷やしてあげるよ」
147400 ,,,,,,,,,,,,minato,6,,　俺はみなとの身体を抱きしめ、頬や腕、ももなど……露出している肌と肌を、こするようにふれあわせる。
147500 ,,,,,,,みなと,みなと,02min077_009.wav,,,minato,6,,「あん、あんっ、つめたいよぉっ……」
147600 ,,,,,,,弘明,弘明,,,,minato,6,,「みなとの身体、あったかくて柔らかい……」
147700 ,,,,,,,みなと,みなと,02min077_010.wav,,,minato,60,,「あん、お兄ちゃん……」
147800 ,,,,,,,弘明,弘明,,,,minato,60,,「みなと……」
148000 ,,,,,,,みなと,みなと,02min077_011.wav,,,minato,81,,「んっ…………」
148200 ,,,,,,,,,,,,,,,
148300 ,,<m_fade fadeout=""3000""><voice_volume vol=""-1500"">,0,,,,つばさ,声,05tsu077_015.wav,,,,,,「わっ、わわっ……みなとーっ！！」
148500 ,,"<se file=""fall.wav""><se file=""body_fall_ext.wav"" vol=""-1000""><shake target=""sc"" time=""1000,1000"" x=""120,500,0"" y=""120,250,0"" edge=""0"">",,,,,,,,,,,,,
148600 ,,,,,,,,,,,,,,,
148700 ,,,,,,,みなと,みなと,02min077_012.wav,,,minato,15,,「きゃっ！？」
148800 ,,,,,,,弘明,弘明,,,,minato,15,,「な、なんだ……いったい！？」
148900 ,,,,,,,,,,,,,,,　俺はとっさに窓を開けると、道路に寝ている……いや、落ちている少年を発見した。
149100 ,,<voice_volume vol=""-2000"">,,,,,つばさ,声,05tsu077_016.wav,,,,,,「いたたた……」
149200 ,,,,,,,,,,,,,,,　少年は電柱の真下で、しりもちをついている。
149300 ,,,,,,,みなと,みなと,02min077_013.wav,,,minato,2,,「えっ……つばさくん！？」
149400 ,,,,,,,弘明,弘明,,,,minato,2,,「つばさって…………ああ、この前のあの子か！」
149500 ,,,,,,,,,,,,minato,2,,　落ちている子をよく見ると、確かにあの少年だった。
149600 ,,,,,,,弘明,弘明,,,,minato,2,,「と、とにかく、様子を見に行こう」
149700 ,,,,,,,みなと,みなと,02min077_014.wav,,,minato,8,,「うん……」
149990 ,,<s_fade time=""2500"">,,9000,,,,,,,,,,,
150000 ,,<wait time=""500""><s_fade time=""1500"" type=""panel"" param=""type=1"">,1,1011,,,,,,,,,,,
150100 ,,,,,,,みなと,みなと,02min077_015.wav,minato,8,,,,「つばさくん……だいじょうぶ……？」
150200 ,,,,,,,つばさ,つばさ,05tsu077_017.wav,tsubasa,6,,,,「あ、ああ…………」
150300 ,,,,,,,弘明,弘明,,tsubasa,6,,,,「どうやら出血もないみたいだし、無事なのが不思議なくらいだな」
150400 ,,,,,,,つばさ,つばさ,05tsu077_018.wav,tsubasa,5,,,,「……………………」
150500 ,,,,,,,,,,tsubasa,5,,,,　道路に落ちていた子……つばさくんは、視線を落としつつ俺をチラチラと見る。
150600 ,,,,,,,つばさ,つばさ,05tsu077_019.wav,tsubasa,3,,,,「あ……ありがと……」
150700 ,,,,,,,,,,tsubasa,3,,,,　この前みたいに俺をにらむかと思ったけど、今日はしおらしく御礼を言ってきた。
150800 ,,,,,,,弘明,弘明,,tsubasa,3,,,,「いや……大事に至らなかったようで、良かったよ」
150900 ,,,,,,,,,,tsubasa,3,,,,　俺が微笑むと、つばさくんは恥ずかしそうに視線を反らした。
151000 ,,,,,,,みなと,みなと,02min077_016.wav,tsubasa,3,minato,8,,「つばさくん……。電柱にのぼろうとして、なにしようとしてたの……？」
151100 ,,,,,,,つばさ,つばさ,05tsu077_020.wav,tsubasa,15,minato,8,,「えっ！？　その……それは……」
151200 ,,,,,,,,,,tsubasa,15,minato,8,,　つばさくんは、何か言いよどんでいる。
151300 ,,,,,,,みなと,みなと,02min084_007.wav,tsubasa,15,minato,0,,「つばさくん……？」
151400 ,,,,,,,つばさ,つばさ,05tsu077_021.wav,tsubasa,84,minato,0,,「ちょ、ちょっと足を引っかけて……ころんだだけだよっ！」
151500 ,,,,,,,,,,tsubasa,84,minato,0,,　しどろもどろのつばさくんが発したのは、明らかに嘘っぽい言い訳。
151600 ,,,,,,,,,,tsubasa,84,minato,0,,　まあ、状況から察するに、電柱を上ろうとして落ちたんだろうなあ……。
151700 ,,,,,,,,,,tsubasa,84,minato,0,,　ということは、俺の部屋をのぞこうとしてたのか？　若いのに古典的っていうか、ベタベタっていうか……。
151800 ,,,,,,,,,,tsubasa,84,minato,0,,　俺は心の中で苦笑しつつ、つばさくんに向き直った。
151900 ,,,,,,,弘明,弘明,,tsubasa,84,,,,「えっと……つばさくん。キミさ……」
152000 ,,,,,,,つばさ,つばさ,05tsu077_022.wav,tsubasa,83,,,,「きもちわるいから、よびすてにしてくれよっ」
152100 ,,,,,,,弘明,弘明,,tsubasa,83,,,,「あ、ああ……。えーと、つばさ？」
152200 ,,,,,,,つばさ,つばさ,05tsu077_023.wav,tsubasa,5,,,,「なんだよ……」
152300 ,,,,,,,弘明,弘明,,tsubasa,5,,,,「君はサッカーをやってるんだろ？　足を骨折でもしたら、どうするつもりだったんだ」
152400 ,,,,,,,つばさ,つばさ,05tsu077_024.wav,tsubasa,3,,,,「う…………」
152500 ,,,,,,,みなと,みなと,02min077_017.wav,tsubasa,3,minato,4,,「そうだよ、つばさくん。もうすぐ運動会もあるんだし……」
152600 ,,,,,,,つばさ,つばさ,05tsu077_025.wav,tsubasa,3,minato,4,,「う、うん……ごめん…………」
152700 ,,,,,,,,,,tsubasa,3,minato,4,,　みなとからも注意されると、つばさは悪戯をとがめられた子供のようにうなだれる。
152800 ,,,,,,,,,,tsubasa,3,minato,4,,　どういう訳か、俺を敵視してるみたいだけど……どうやら、思ったよりは素直な子みたいだな。
152900 ,,,,,,,弘明,弘明,,tsubasa,3,minato,4,,「つばさく……んっと、つばさ。頭から落ちたりはしてないかい？」
153000 ,,,,,,,つばさ,つばさ,05tsu077_026.wav,tsubasa,84,minato,4,,「そ、そんな変な落ち方はしてないっ！　ただ、しりから落ちただけだよ……！」
153100 ,,,,,,,みなと,みなと,02min077_018.wav,tsubasa,84,minato,0,,「落ちた、って……？　転んだんじゃないの……？」
153200 ,,,,,,,つばさ,つばさ,05tsu077_027.wav,tsubasa,15,minato,0,,「あっ……！」
153300 ,,,,,,,,,,tsubasa,15,minato,0,,　つばさが、しまったという顔になる。うかつなところもあって、なかなかに可愛らしい。
153400 ,,,,,,,弘明,弘明,,tsubasa,15,minato,0,,「そうかそうか。……とにかく、ちょっと確認するぞ。暴れるなよ？」
153500 ,,,,,,,,,,,,,,,　俺はつばさの後ろに回ると、半ズボンの上からおしりを指で押し始めた。
153600 ,,,,,,,つばさ,つばさ,05tsu077_028.wav,tsubasa,13,,,,「えっ……？　やっ、んぁぁっ！　なにするんだよっ……！？」
153700 ,,,,,,,弘明,弘明,,tsubasa,13,,,,「どの辺りを打ったか、確認してるんだ。軽く押してるだけだけど、痛かったら言えよ？」
153800 ,,,,,,,つばさ,つばさ,05tsu077_029.wav,tsubasa,83,,,,「んっ、んんっ…………んああっ！」
153900 ,,,,,,,,,,tsubasa,83,,,,　少しずつ位置をずらして押していくと、つばさのおしりがキュッ、キュッと動くポイントがある。
154000 ,,,,,,,つばさ,つばさ,05tsu074_019.wav,tsubasa,41,,,,「んあっ……！」
154100 ,,,,,,,弘明,弘明,,tsubasa,41,,,,「んっ、ここか？　打ったところは。とりあえず、腫れてはいないみたいだけど……」
154200 ,,,,,,,つばさ,つばさ,05tsu074_006.wav,tsubasa,3,,,,「ん…………」
154600 ,$menu_begin,,,,,,,,,,,,,,
↓,"$menu_item 0,湿布を貼ってあげようか？,02min_015a",,,,,,,,,,,,,,
↓,"$menu_item 1,男の子だし、大丈夫だよな,02min_015b",,,,,,,,,,,,,,
↓,$menu_end,,,,,,,,,,,,,,
154700 ,,,,,,,,,,,,,,,
154800 ,*02min_015a,,,,,,,,,,,,,,
155090 ,"$fadd %tsubasa,1",,,,,,,,,,,,,,
155100 ,,,,,,,弘明,弘明,,tsubasa,3,,,,「もし痛みがあるようだったら、湿布貼ってあげようか？」
155200 ,,,,,,,つばさ,つばさ,05tsu077_031.wav,tsubasa,84,,,,「えっ、シップ……？」
155300 ,,,,,,,弘明,弘明,,tsubasa,84,,,,「そうだよ。ちょっとおしり出してみて」
155400 ,,,,,,,つばさ,つばさ,05tsu077_032.wav,tsubasa,13,,,,「ちょっ……おしり出せって、なにかんがえてるんだよっ、ヘンタイ！」
155500 ,,,,,,,弘明,弘明,,tsubasa,13,,,,「……男どうしだろ？　変態も何もないだろう……」
155600 ,,,,,,,つばさ,つばさ,05tsu077_033.wav,tsubasa,6,,,,「あ……う……」
155700 ,,,,,,,,,,tsubasa,6,,,,　顔を真っ赤にしたつばさは、途端に静かになる。おしりを出せって言われて、照れてるんだろうか……。
155800 ,,,,,,,つばさ,つばさ,05tsu077_034.wav,tsubasa,5,,,,「いいよ、それならシップくれっ！　自分ではるっ！」
155900 ,,,,,,,弘明,弘明,,tsubasa,5,,,,「ふぅ……態度デカいなあ……」
156000 ,,,,,,,みなと,みなと,02min077_019.wav,minato,8,,,,「つばさくん……お兄ちゃんに、しっぷ貼ってもらったら……？」
156100 ,,,,,,,つばさ,つばさ,05tsu077_035.wav,tsubasa,83,,,,「いいんだよっ、いたくないから！」
156200 ,,,,,,,弘明,弘明,,tsubasa,83,,,,「痛いなら痛いって正直に言うんだよ？　やせ我慢は良くないぞ？」
156400 ,,,,,,,つばさ,つばさ,05tsu077_036.wav,tsubasa,84,,,,「してないよ……！」
156500 ,,,,,,,弘明,弘明,,tsubasa,84,,,,「とりあえず、親御さんに連絡とかは……しといた方がいいのかなあ」
156600 ,,,,,,,つばさ,つばさ,05tsu077_037.wav,tsubasa,13,,,,「いっ、いいよっ！　別にっ！」
156700 ,,,,,,,弘明,弘明,,tsubasa,13,,,,「いや、しかしだな……」
156800 ,,,,,,,つばさ,つばさ,05tsu077_038.wav,tsubasa,7,,,,「あああっ……もうっ！」
156900 ,,,,,,,,,,tsubasa,7,,,,　つばさは爆発して、カバンを手に取った。
157100 ,$go 02min_015end,,,,,,,,,,,,,,
157200 ,,,,,,,,,,,,,,,
157300 ,*02min_015b,,,,,,,,,,,,,,
157500 ,,,,,,,弘明,弘明,,tsubasa,3,,,,「まあつばさも男の子だし、大丈夫だよな」
157700 ,,,,,,,つばさ,つばさ,,tsubasa,51,,,,「………………」
157800 ,,,,,,,,,,tsubasa,51,,,,　つばさは俺をジトッとした目で見ると、カバンを手に取った。
158000 ,$go 02min_015end,,,,,,,,,,,,,,
158100 ,,,,,,,,,,,,,,,
158200 ,*02min_015end,,,,,,,,,,,,,,
158400 ,,,,,,,つばさ,つばさ,05tsu077_039.wav,tsubasa,7,,,,「俺、帰るっ！」
158500 ,,,,,,,弘明,弘明,,tsubasa,7,,,,「あ……なんなら、家まで送ってってあげようか？」
158600 ,,,,,,,つばさ,つばさ,05tsu077_040.wav,tsubasa,13,,,,「いいよっ！」
158700 ,,,,,,,,,,,,,,,　つばさは俺の手を振り切ると、つかつかと玄関に向かって歩いていく。
158800 ,,<se file=""door_entrance_close.wav"" vol=""-1000"">,,,,,みなと,みなと,02min092_011.wav,,,minato,8,,「あ、つばさくんっ！　行っちゃった……」
158900 ,,,,,,,弘明,弘明,,,,minato,8,,「みなと、ついていってあげるといいよ。みなとなら、変に意固地になったりしないと思うし」
159000 ,,,,,,,みなと,みなと,02min077_020.wav,,,minato,85,,「あっ、うん……」
159100 ,,,,,,,みなと,みなと,02min077_021.wav,,,minato,15,,「つばさくん、待ってーっ」
159200 ,,,,,,,,,,,,,,,　みなともカバンを手に取り、つばさを追いかけて出ていく。
159300 ,,<se file=""door_entrance_close.wav"" vol=""-1500"">,,,,,弘明,弘明,,,,,,,「ふぅ…………」
159400 ,,,,,,,,,,,,,,,　俺は小さく息をつくと、やりかけの仕事を思い出してデスクに向かったのだった。
159580 ,,<m_fade fadeout=""2000"">,0,,,,,,,,,,,,
159590 ,,<s_fade time=""1500"">,,9000,,,,,,,,,,,
159599 ,,<wait time=""1000""><s_fade time=""1500"">,2,1053,,,,,,,,,,,
159600 ,,,,,,,,,,,,,,,　それから、夜……みなとからメールが届いた。
159700 ,,,,,,,,,,,,,,,　つばさは、あれから無事家に帰ったらしい。ちょっと心配だったけど、何事もなくて良かったよ。
159800 ,,,,,,,弘明,弘明,,,,,,,「しかし……なんだか、憎めない子だったな。ふふっ」
159900 ,,<hide><!ef_daypass>,0,9000,,,,,,,,,,,
160200 ,,<hide><s_fade time=""1500"" type=""panel"" param=""type=0"">,5,2031,,,,,,,,,,,
160300 ,,,,,,,みなと,みなと,02min077_022.wav,,,"minato,uniform",85,,「つばさくん、おはよう」
160400 ,,,,,,,つばさ,つばさ,05tsu077_041.wav,"tsubasa,uniform",5,minato,85,,「あ……みなと……」
160500 ,,,,,,,みなと,みなと,02min077_023.wav,tsubasa,5,minato,8,,「つばさくん、おしり、だいじょうぶ……？」
160600 ,,,,,,,つばさ,つばさ,05tsu077_042.wav,tsubasa,6,minato,8,,「あ、ああ……」
160800 ,,,,,,,みなと,みなと,,tsubasa,6,minato,8,,「………………」
161000 ,,,,,,,つばさ,つばさ,,tsubasa,6,minato,8,,「………………」
161100 ,,,,,,,みなと,みなと,02min077_024.wav,tsubasa,6,minato,8,,「ホントにだいじょうぶなの？　おしり……」
161200 ,,,,,,,つばさ,つばさ,05tsu077_043.wav,tsubasa,15,minato,8,,「そっ、そんなにおしりおしり言うなよっ！」
161300 ,,,,,,,,,,,,,,,
161400 ,,,,,,,まりん,まりん,04mar077_001.wav,"marin,uniform",1,,,,「なになにー、つばさちんのおしりがどーしたのー？」
161500 ,,,,,,,みらい,みらい,01mir077_001.wav,"mirai,uniform",5,,,,「んもう、朝からうるさいわねー。つばさは」
161700 ,,,,,,,やちよ,やちよ,03yac077_001.wav,"yatiyo,uniform",6,,,,（つ、つばさくんのおしりが大丈夫って、どういうことなのかしら……。やぁぁんっ、あやしいわっ！）
161900 ,,,,,,,つばさ,つばさ,05tsu077_044.wav,tsubasa,84,,,,「な、なんでもないよ……！」
162000 ,,,,,,,まりん,まりん,04mar077_002.wav,tsubasa,84,marin,1,,「なんでもなくないよー。しんぱいになるじゃーん」
162100 ,,,,,,,つばさ,つばさ,05tsu077_045.wav,tsubasa,51,marin,1,,「その顔、ぜったい心配してないだろ……」
162200 ,,,,,,,,,,,,,,,
162300 ,,,,,,,みらい,みらい,01mir077_002.wav,mirai,4,,,,「で、つばさのおしりがどうしたってのよ？」
162400 ,,,,,,,みなと,みなと,02min077_025.wav,mirai,4,minato,0,,「えっとね、つばさくんがきのう、おしりを……」
162500 ,,,,,,,つばさ,つばさ,05tsu077_046.wav,tsubasa,15,minato,0,,「わっ、わわっ！　みなと……！」
162600 ,,,,,,,みなと,みなと,02min077_026.wav,tsubasa,15,minato,6,,「ふぁんっ！？　ふわふわ……」
162700 ,,,,,,,,,,,,,,,
162800 ,,,,,,,みらい,みらい,01mir077_003.wav,mirai,14,,,,「んもう……何がしたいのよ、あんたたち……」
162900 ,,,,,,,やちよ,やちよ,03yac077_002.wav,yatiyo,15,,,,（つばさくんは、みなとくんにおしりのことで秘密にしておきたいことがあるのね……！　やぁぁんっ、いよいよ怪しいわっ！）
163000 ,,,,,,,つばさ,つばさ,05tsu077_047.wav,tsubasa,1,,,,「みみみっ、みなと！　俺さ、宿題の漢字ドリルまだやってないんだよ。ちょっと写させて！」
163100 ,,,,,,,みなと,みなと,02min077_027.wav,minato,15,,,,「ふぁぁんっ、ふあふあ……」
163300 ,,,,,,,,,,,,,,,
163400 ,,,,,,,みらい,みらい,01mir077_004.wav,mirai,51,,,,「ありゃー、ぜったいなにかあるね……」
163500 ,,,,,,,まりん,まりん,04mar077_003.wav,marin,1,,,,「にゅふふっ、ハランのよかーんっ」
163600 ,,,,,,,やちよ,やちよ,03yac077_003.wav,yatiyo,1,,,,（ひょっとして、二人はもう……。きゃああっ、はるか先輩に報告しなくちゃっ！）
163700 ,,<s_fade time=""1500"" type=""panel"" param=""type=3"">,,9000,,,,,,,,,,,
164000 ,@02min016_f04,,,,,,,,,,,,,,
164100 ,"$gosub minato_come,min016_c",,,,,,,,,,,,,,
164200 ,*min016_c,,,,,,,,,,,,,,
164300 ,,,1,1011,,,,,,,,,,,
164400 ,"$gosub minato_free,min016_f",,,,,,,,,,,,,,
164500 ,*min016_f,,,,,,,,,,,,,,
164600 ,"$gosub minato_gohome,min016_g",,,,,,,,,,,,,,
164700 ,*min016_g,,,,,,,,,,,,,,
164900 ,@02min017,,,,,,,,,,,,,,
165200 ,"$gosub minato_morning,min017_m",,,,,,,,,,,,,,
165300 ,*min017_m,,,,,,,,,,,,,,
165400 ,,<s_fade time=""1500"" type=""panel"" param=""type=2"">,5,2011,,,,,,,,,,,
165500 ,,,,,,,みなと,みなと,02min017_001.wav,,,"minato,uniform",8,,「あっ、つばさくん……」
165600 ,,,,,,,つばさ,つばさ,05tsu017_001.wav,"tsubasa,uniform",0,minato,8,,「んっ、どうした？　みなと」
165700 ,,,,,,,みなと,みなと,02min017_002.wav,tsubasa,0,minato,4,,「あのね……つばさくんって、学生服もってる……？」
165800 ,,,,,,,つばさ,つばさ,05tsu017_002.wav,tsubasa,4,minato,4,,「ああ、応援団でつかうのか？」
165900 ,,,,,,,みなと,みなと,02min017_003.wav,tsubasa,4,minato,5,,「うん……。ボク、お姉ちゃんしかいないから、おうちに学生服なんてないし……」
166000 ,,,,,,,つばさ,つばさ,05tsu017_003.wav,tsubasa,5,minato,5,,「俺もひとりっ子だから、ウチにはないと思うけどなあ……」
166100 ,,,,,,,みなと,みなと,02min017_004.wav,tsubasa,5,minato,8,,「あっ、そうだったよね……。ごめん……」
166200 ,,,,,,,つばさ,つばさ,05tsu017_004.wav,tsubasa,0,minato,8,,「あ、でもオヤジに聞けば、どっかから借りてこられるんじゃないかな。今日かえったら、聞いてみるよ」
166300 ,,,,,,,みなと,みなと,02min017_005.wav,tsubasa,0,minato,85,,「えっ、いいの……？」
166400 ,,,,,,,つばさ,つばさ,05tsu017_005.wav,tsubasa,1,minato,85,,「あたりまえだろ。それぐらいなんてことないって」
166500 ,,,,,,,みなと,みなと,02min017_006.wav,tsubasa,1,minato,1,,「ありがとう、つばさくんっ……！」
166600 ,,,,,,,つばさ,つばさ,05tsu017_006.wav,tsubasa,6,minato,1,,「あ、ああ……」
166700 ,,,,,,,みなと,みなと,02min017_007.wav,tsubasa,6,minato,14,,「でもみんなひどいよぉ……。ボクがいない時に、応援団の役をボクに決めちゃうんだもん……」
166800 ,,,,,,,つばさ,つばさ,05tsu017_007.wav,tsubasa,14,minato,14,,「まあ、みんな応援団はあんまりやりたがらないからな……」
166900 ,,,,,,,みなと,みなと,02min017_008.wav,tsubasa,14,minato,3,,「あうう……。ボク、応援団なんてつとまるかなぁ……」
167000 ,,,,,,,つばさ,つばさ,05tsu017_008.wav,tsubasa,0,minato,3,,「大丈夫だって。俺も手助けするから」
167100 ,,,,,,,みなと,みなと,02min017_009.wav,tsubasa,0,minato,5,,「うん……」
167200 ,,,,,,,つばさ,つばさ,05tsu017_009.wav,tsubasa,51,minato,5,,「ふぅ……そんなことなら、俺も応援団に立候補すればよかったなぁ……」
167300 ,,,,,,,みなと,みなと,02min017_010.wav,tsubasa,51,minato,0,,「えっ……？」
167400 ,,,,,,,つばさ,つばさ,05tsu017_010.wav,tsubasa,1,minato,0,,「あ、いや、こっちの話。なんでもないよ」
167500 ,,,,,,,みなと,みなと,02min017_011.wav,tsubasa,1,minato,1,,「うん……。じゃあ……よろしくね、学生服」
167600 ,,,,,,,つばさ,つばさ,05tsu017_011.wav,tsubasa,0,minato,1,,「ああ、まかせとけって。ぜったい用意するから！」
167700 ,,,,,,,みなと,みなと,02min017_012.wav,tsubasa,0,minato,12,,「そんな、そこまでがんばらなくてもいいよぉ……」
167800 ,,,,,,,つばさ,つばさ,05tsu017_012.wav,tsubasa,4,minato,12,,「いや、俺がみなとのために、ぜったい手に入れてくるよ！」
167900 ,,,,,,,みなと,みなと,02min017_013.wav,tsubasa,4,minato,6,,「う、うん……。ありがとね、つばさくん……」
168000 ,,<s_fade time=""1500"" type=""panel"" param=""type=3"">,,9000,,,,,,,,,,,
168300 ,@02min018,,,,,,,,,,,,,,
168600 ,"$gosub minato_come,min018_c",,,,,,,,,,,,,,
168700 ,*min018_c,,,,,,,,,,,,,,
168800 ,,,1,1011,,,,,,,,,,,
168900 ,,,,,,,みなと,みなと,02min018_001.wav,"minato,uniform",8,,,,「ねぇ、お兄ちゃん……」
169000 ,,,,,,,弘明,弘明,,minato,8,,,,「なんだ、どうした？　みなと」
169100 ,,,,,,,みなと,みなと,02min018_002.wav,minato,4,,,,「お兄ちゃんって、むかしの学生服って持ってる……？」
169200 ,,,,,,,弘明,弘明,,minato,4,,,,「学生服……？　学ランのことか？」
169300 ,,,,,,,みなと,みなと,02min018_003.wav,minato,4,,,,「うん……」
169400 ,,,,,,,弘明,弘明,,minato,4,,,,「うーん、学ランは持ってないなあ……」
169500 ,,,,,,,みなと,みなと,02min018_004.wav,minato,3,,,,「そっか……」
169600 ,,,,,,,弘明,弘明,,minato,3,,,,「みなと、学ランなんて何に使うんだ？」
169700 ,,,,,,,みなと,みなと,02min018_005.wav,minato,8,,,,「あっ、えっとね、こんどのお休みの日にね……運動会があるの……」
169800 ,,,,,,,弘明,弘明,,minato,8,,,,「へぇ、運動会。……なるほど、応援合戦とかで使うんだな？」
169900 ,,,,,,,みなと,みなと,02min018_006.wav,minato,5,,,,「うん……ボク、応援団になっちゃって……」
170000 ,,,,,,,弘明,弘明,,minato,5,,,,「そっか……。ゴメンな、学ランなんて着てたのだいぶ前だから、さすがにもう残ってないよ」
170100 ,,,,,,,みなと,みなと,02min018_007.wav,minato,12,,,,「あっ、ううん、いいの……」
170200 ,,,,,,,弘明,弘明,,minato,12,,,,「知り合いにも聞いてみようか？」
170300 ,,,,,,,みなと,みなと,02min018_008.wav,minato,8,,,,「ううん、ホントにいいの。それよりも……えっと……」
170400 ,,,,,,,,,,minato,8,,,,　みなとは、何かを言い出そうともじもじしている。こういう時のみなとの真意は、実にわかりやすい。
170500 ,,,,,,,みなと,みなと,02min018_009.wav,minato,6,,,,「えっと……あの……」
170900 ,$menu_begin,,,,,,,,,,,,,,
↓,"$menu_item 0,運動会、見に来て欲しいんだろ？,02min018a",,,,,,,,,,,,,,
↓,"$menu_item 1,ごめんな、最近忙しくてさ……,02min018b",,,,,,,,,,,,,,
↓,$menu_end,,,,,,,,,,,,,,
171000 ,,,,,,,,,,,,,,,
171100 ,,,,,,,,,,,,,,,
171200 ,,,,,,,,,,,,,,,
171300 ,,,,,,,,,,,,,,,
171400 ,*02min018a,,,,,,,,,,,,,,
171600 ,"$fset %minato,1",,,,,,,,,,,,,,
171700 ,,,,,,,弘明,弘明,,minato,6,,,,「……運動会、俺に見に来て欲しいんだろ？」
171800 ,,,,,,,みなと,みなと,02min018_010.wav,minato,15,,,,「えっ！？　あ、あう……その……」
171900 ,,,,,,,弘明,弘明,,minato,15,,,,「でも、親じゃない俺でも見に行けるのか？　みなとんトコの運動会って」
172000 ,,,,,,,みなと,みなと,02min018_011.wav,minato,12,,,,「あ、うん……。しんせきの人も、見に来たりしてるみたいだから……」
172100 ,,,,,,,弘明,弘明,,minato,12,,,,「じゃあ大丈夫だな。俺はイトコだから、立派な親戚だし」
172200 ,,,,,,,みなと,みなと,02min018_012.wav,minato,85,,,,「うん」
172300 ,,,,,,,,,,minato,85,,,,　みなとは笑顔でうなずいて俺の腕を抱き、頭を預けてきた。
172400 ,,,,,,,みなと,みなと,02min018_013.wav,minato,1,,,,「ボクのおともだちの子もね、しんせきの人だって言って、かていきょうしの先生に見に来てもらうんだって」
172500 ,,,,,,,弘明,弘明,,minato,1,,,,「へぇ……家庭教師に。よほど来て欲しいんだなあ」
172600 ,,,,,,,みなと,みなと,02min018_014.wav,minato,60,,,,「うん……。かていきょうしの先生のことが……好きみたい」
172700 ,,,,,,,弘明,弘明,,minato,60,,,,「そっか……うまくいくといいな」
172800 ,,,,,,,,,,minato,60,,,,　俺はみなとの身体を正面に引き寄せると、両腕で優しく抱いた。
172900 ,,,,,,,弘明,弘明,,minato,60,,,,「俺たちみたいにな」
173000 ,,,,,,,みなと,みなと,02min018_015.wav,minato,6,,,,「やんっ……お兄ちゃん……」
173100 ,,,,,,,弘明,弘明,,minato,6,,,,「でもなあ……ちょっと仕事が押してるから、次の休みは確実に行けるかまだわかんないんだよなあ……」
173200 ,,,,,,,みなと,みなと,02min018_016.wav,minato,8,,,,「あっ、無理しないでね……お兄ちゃん」
173300 ,,,,,,,弘明,弘明,,minato,8,,,,「ああ、それはわかってるよ」
173400 ,,,,,,,,,,minato,8,,,,　俺はみなとに余計な心配させないように、さりげなく話題を変える。
173500 ,,,,,,,弘明,弘明,,minato,8,,,,「……それにしても、みなとに応援団なんて似合わない感じだな」
173600 ,,,,,,,みなと,みなと,02min018_017.wav,minato,14,,,,「あう……ボクだってそう思うよぉ……」
173700 ,,,,,,,弘明,弘明,,minato,14,,,,「でもみなとの学ラン姿を想像すると……うん、きっとすっごく可愛いだろうな」
173800 ,,,,,,,みなと,みなと,02min018_018.wav,minato,12,,,,「そ、そうかな……」
173900 ,,,,,,,弘明,弘明,,minato,12,,,,「うん、ミスマッチなところがいい」
174000 ,,,,,,,みなと,みなと,02min018_019.wav,minato,5,,,,「それって、ほめてるの……？」
174100 ,,,,,,,弘明,弘明,,minato,5,,,,「褒めてるって」
174200 ,,,,,,,,,,minato,5,,,,　そう言って俺はみなとの頬をぷにぷにとつつき、それから優しくつまんでみた。
174300 ,,,,,,,みなと,みなと,02min018_020.wav,minato,6,,,,「あんっ……もう、お兄ちゃん……」
174400 ,,,,,,,弘明,弘明,,minato,6,,,,「柔らかいな。つきたてのおもちみたいだ」
174500 ,,,,,,,,,,minato,6,,,,　みなとなら、応援団よりむしろチアリーダーだろ……と思ったことは、言わないでおくことにした。
174800 ,,<!ef_timepass>,,1032,,,,,,,,,,,　それから俺たちは、エッチをせず……運動会やら、学園の話やらで一日が終わった。
175000 ,,,,,,,みなと,みなと,02min165_011.wav,minato,1,,,,「それじゃ……またね、お兄ちゃん」
175100 ,,,,,,,弘明,弘明,,minato,1,,,,「ああ、またな。運動会、楽しみにしてるよ」
175200 ,,,,,,,みなと,みなと,02min064_007.wav,minato,85,,,,「うん……」
175300 ,,,,,,,弘明,弘明,,minato,85,,,,「みなとの応援姿、すっごく楽しみだよ。カメラ持っていって、バシバシ撮りまくろうかな」
175400 ,,,,,,,みなと,みなと,02min062_038.wav,minato,6,,,,「そんなこといわれると、はずかしいよぉ……」
175500 ,,,,,,,弘明,弘明,,minato,6,,,,「ははははっ」
175700 ,,,,,,,みなと,みなと,02min165_010.wav,minato,1,,,,「ばいばい、お兄ちゃん」
175800 ,,,,,,,弘明,弘明,,minato,1,,,,「またな、みなと」
175900 ,,<hide><!ef_daypass>,0,9000,,,,,,,,,,,
176100 ,$go 02min019a,,,,,,,,,,,,,,
176200 ,,,,,,,,,,,,,,,
176300 ,*02min018b,,,,,,,,,,,,,,
176500 ,,,,,,,弘明,弘明,,minato,6,,,,「うーん……ごめんな。最近、仕事が忙しくてさ……」
176600 ,,,,,,,みなと,みなと,02min118_058.wav,minato,8,,,,「えっ……？」
176700 ,,,,,,,弘明,弘明,,minato,8,,,,「みなとの運動会、俺はちょっと行けそうにないよ。ごめん」
176800 ,,,,,,,みなと,みなと,02min066_016.wav,minato,12,,,,「あっ、ううん……」
176900 ,,,,,,,弘明,弘明,,minato,12,,,,「ごめんな。そのぶん、これからたくさん愛してあげるからな」
177000 ,,,,,,,,,,minato,12,,,,　俺はみなとを引き寄せると、胸の中にギュッと抱きしめた。
177100 ,,,,,,,みなと,みなと,02min069_062.wav,minato,6,,,,「あんっ……」
177200 ,,,,,,,弘明,弘明,,minato,6,,,,「それじゃみなと、今日は……」
177300 ,$go 02min019b_f05,,,,,,,,,,,,,,
177500 ,,,,,,,,,,,,,,,
177600 ,,,,,,,,,,,,,,,
177700 ,,,,,,,,,,,,,,,
177900 ,@02min019a,,,,,,,,,,,,,,
178200 ,,<hide><s_fade time=""1500"" type=""panel"" param=""type=0"">,4,2031,,,,,,,,,,,
178300 ,,,,,,,,,,,,,,,　そして迎えた、運動会当日……俺は、みなとが通う学園へとやってきた。
178400 ,,,,,,,,,,,,,,,　心配された空は、見事に晴れ渡っている。
178500 ,,,,,,,弘明,弘明,,,,,,,「そういや、この暑い時期に運動会なんてやっても大丈夫なのかな……。ぶっ倒れる子が続出しそうな気もするけど……」
178600 ,,,,,,,,,,,,,,,　そんな微妙な疑問を抱きつつ、俺は保護者入場受付の列に並んだ。
178700 ,,,,,,,,,,,,,,,　みなとから聞いた話によると……運動会の入場に際しては、事前の観覧登録と身分証明書による本人確認が必要になるらしい。招かれざる客は、完全シャットアウトって訳だ。
178800 ,,,,,,,,,,,,,,,　ずいぶんとガードの堅いことだけど、まあいろいろと事件が起きている世の中だから……それも仕方のないことなんだろうなあ。
178900 ,,,,,,,,,,,,,,,　俺はあらかじめみなとから受け取っていた招待状を係の人に渡し、ここ数年身分証明書としか使っていない運転免許証を見せた。
179000 ,,,,,,,,,,,,,,,　決して後ろめたいことをしている訳じゃないのに、妙に緊張してしまう。そんな俺の勝手な緊張をいぶかしむことなく、受付の人は入場許可のリボンを笑顔で手渡してくれた。
179200 ,,<!ef_move>,,2022,,,,,,,,,,,
179300 ,,,,,,,,,,,,,,,　都市部でよく見るウレタンだか何だかの校庭とは違い、ここはちゃんと土のグラウンドになっている。この辺りの地域だと、結構珍しいかも知れない。
179400 ,,,,,,,,,,,,,,,　そしてふと上を見上げれば、運動会のお約束とも言える万国旗がはためいていた。
179500 ,,,,,,,弘明,弘明,,,,,,,「昔も今も、こういったとこは変わらないみたいだな……って、んんっ？」
179600 ,,,,,,,,,,,,,,,　頭上に連なる、万国旗の中……よく見ると、ソ連の旗が混じっている。
179700 ,,,,,,,弘明,弘明,,,,,,,「なるほど……年代物か……」
179800 ,,,,,,,,,,,,,,,　俺は微妙な哀愁を感じながら、みなとを探してグラウンドを歩いていった。
180000 ,,,,,,,みらい,みらい,01mir115_001.wav,"mirai,hachimaki",85,,,,「あっ、お兄ちゃん」
180100 ,,,,,,,弘明,弘明,,mirai,85,,,,「ああ、みらいちゃん。みらいちゃんのクラス、ここなんだね」
180200 ,,,,,,,みらい,みらい,01mir115_002.wav,mirai,0,,,,「そうよ、みなともいるわよ。……ほら、みなと」
180400 ,,,,,,,みなと,みなと,02min115_001.wav,,,"minato,gakuran",0,,「えっ、なぁに？　お姉ちゃん」
180500 ,,,,,,,,,,,,minato,0,,　みらいちゃんに呼ばれて、学ラン姿のみなとが出てきた。
180600 ,,,,,,,弘明,弘明,,,,minato,0,,「よっ、みなと。運動会、来たよ」
180700 ,,,,,,,みなと,みなと,02min115_002.wav,,,minato,6,,「あっ、お兄ちゃん……」
180800 ,,,,,,,,,,,,minato,6,,　みなとは、俺を見ると恥ずかしそうに縮こまってしまう。
180900 ,,,,,,,,,,,,minato,6,,　その学ラン姿は、似合ってる……とは、イマイチ言えない。でもなんていうか、ミスマッチの妙というか……。それが逆に、すごく可愛らしい。
181000 ,,,,,,,弘明,弘明,,,,minato,6,,「みなと……それ、かわいいな……」
181100 ,,,,,,,みなと,みなと,02min115_003.wav,,,minato,15,,「えっ、ええっ……？　そうかな……」
181200 ,,,,,,,弘明,弘明,,,,minato,15,,「ああ、すごく可愛いよ」
181300 ,,,,,,,みなと,みなと,02min115_004.wav,,,minato,8,,「あう……」
181400 ,,,,,,,弘明,弘明,,,,minato,8,,「なんだか、嬉しくなさそうだな」
181500 ,,,,,,,みなと,みなと,02min115_005.wav,,,minato,82,,「だって……学生服着たら、大人っぽくなるかなって思ってたのに……」
181600 ,,,,,,,みなと,みなと,02min115_006.wav,,,minato,3,,「みんな、ボクを見て『かわいい』しか言ってくれないの……」
181700 ,,,,,,,,,,,,minato,3,,　だって、実際可愛いからしょうがないじゃないか……とは、言わなかった。
181800 ,,,,,,,,,,,,minato,3,,　ああ、今すぐ思いっきり抱きしめたい……そんな風に良からぬことを考えていると、俺はふと良いアイデアを思いついた。
181900 ,,,,,,,弘明,弘明,,,,minato,3,,「あ……みなと、トイレってどこかな？」
182000 ,,,,,,,みなと,みなと,02min115_007.wav,,,minato,0,,「あっ、えっとね……あそこにある赤いギザギザ屋根の、ちっちゃな建物だよ。お兄ちゃん」
182100 ,,,,,,,弘明,弘明,,,,minato,0,,「できれば、案内してほしいんだけどな……」
182200 ,,,,,,,みなと,みなと,02min115_008.wav,,,minato,2,,「ええっ……？」
182400 ,,,,,,,弘明,弘明,,,,minato,2,,「な、みなと。案内してよ」
182500 ,,,,,,,みなと,みなと,02min115_009.wav,,,minato,8,,「う、うん……えっと……」
182600 ,,,,,,,,,,,,minato,8,,　みなとは同じ応援係っぽいクラスメイトに何かを話しかけて、スペースの中から出てきた。
182700 ,,,,,,,みなと,みなと,02min115_010.wav,,,minato,85,,「お兄ちゃん、こっち……だよ……」
182800 ,,,,,,,弘明,弘明,,,,minato,85,,「ありがと、みなと」
182900 ,,<m_fade fadeout=""1500"">,0,,,,,,,,,minato,85,,
183100 ,$go 02min020_ev04,,,,,,,,,,,,,,
183200 ,@02min019a_sub,,,,,,,,,,,,,,
183600 ,,<!ef_timepass>,4,2022,,,,,,,,,,,
183700 ,,,,,,,やちよ,放送,03yac115_001.wav,,,,,,「集合の連絡をします。紅白対抗リレーに出場する選手は、入場門前に集まって下さい」
183800 ,,,,,,,,,,,,,,,　俺たちが戻ってきた頃……運動会はもう終盤のようで、花形競技らしい対抗リレーの選手招集が行われていた。
183900 ,,,,,,,,,,,,,,,　俺はみなとたちのクラスが配置された場所に戻り、様子を見守る。
184000 ,,,,,,,つばさ,つばさ,05tsu115_001.wav,"tsubasa,hachimaki",0,,,,「それじゃ、みなと。行ってくるよ」
184200 ,,,,,,,みなと,みなと,02min115_011.wav,"tsubasa,hachimaki",0,"minato,hachimaki",1,,「がんばってね、つばさくん」
184300 ,,,,,,,つばさ,つばさ,05tsu115_002.wav,tsubasa,2,minato,1,,「あれっ……みなと、学生服は？」
184400 ,,,,,,,みなと,みなと,02min115_012.wav,tsubasa,2,minato,12,,「えっ！？　あっ、えっと……汗かいてよごれそうだったから、脱いだの……。ボクのじゃないし……」
184500 ,,,,,,,つばさ,つばさ,05tsu115_003.wav,tsubasa,5,minato,12,,「そんなの、気にすることないって」
184600 ,,,,,,,みなと,みなと,02min115_013.wav,tsubasa,5,minato,15,,「でっ、でもっ、やっぱり借り物だからっ」
184700 ,,,,,,,つばさ,つばさ,05tsu115_004.wav,tsubasa,14,minato,15,,「俺……みなとの汗なら、気にしないのに……」
184800 ,,,,,,,みなと,みなと,02min115_014.wav,tsubasa,14,minato,0,,「えっ？」
184900 ,,,,,,,つばさ,つばさ,05tsu115_005.wav,tsubasa,1,minato,0,,「あっ、うっ、ううん、なんでもないよ」
185000 ,,,,,,,つばさ,つばさ,05tsu115_006.wav,tsubasa,0,minato,0,,「それじゃ、行ってくる」
185100 ,,,,,,,みなと,みなと,02min115_015.wav,tsubasa,0,minato,85,,「がんばってね」
185200 ,,,,,,,つばさ,つばさ,05tsu115_007.wav,tsubasa,4,minato,85,,「ああ。今年は、必ず勝つよ。……行くぞ、氷川！」
185300 ,,,,,,,まりん,褐色の女の子,04mar115_001.wav,tsubasa,4,"marin,hachimaki",1,,「あいあいさーっ！」
185400 ,,,,,,,,,,,,,,,　つばさと元気そうな女の子が、みんなの声援を受けながらクラスのスペースを出て行った。つばさは第３走者、そして褐色の女の子が第４走者……すなわちアンカーとして、スタンバイする。
185500 ,,<!ef_timepass>,,,,,,,,,,,,,
185600 ,,,,,,,みなと,みなと,02min115_016.wav,minato,4,,,,「ごくっ……」
185700 ,,,,,,,,,,minato,4,,,,　いよいよ、リレーの第１走者がスタートラインに並ぶ。紅組ｖｓ白組、サシでガチな勝負のようだ。
185790 ,,<se file=""pistle.wav"">,,,,,,,,,,,,,
185800 ,,<se_loop file=""kansei_loop.wav"" fadein=""1000"">,,,,,,,,,,,,,　スタートのピストルが鳴り、ランナーが飛び出した。まわりから、一斉に歓声が起きる。
185900 ,,,,,,,つばさ,つばさ,05tsu115_008.wav,tsubasa,84,,,,「くそっ……だんだん離されてるな……」
186000 ,,,,,,,,,,tsubasa,84,,,,　白組のランナーは、少しずつ紅組に離されていった。そもそもの身体能力が違うのか、時間が経てば経つほどその差が開いていく。
186100 ,,,,,,,,,,,,,,,
186200 ,,,,,,,みなと,みなと,02min115_017.wav,minato,15,,,,「がんばってーっ！　白組がんばってーっ！！」
186300 ,,<!ef_timepass>,,,,,,,,,,,,,　しかし第２走者の踏ん張りで、少しずつ追いついてきた。その差、２メートルから３メートル。
186400 ,,,,,,,みなと,みなと,02min115_018.wav,minato,8,,,,「つぎ……つばさくんだよね」
186500 ,,,,,,,みらい,みらい,01mir115_003.wav,minato,8,"mirai,hachimaki",85,,「つばさなら、ぜったい追い抜けるわよっ」
186600 ,,,,,,,みなと,みなと,02min115_019.wav,minato,1,"mirai,hachimaki",85,,「うん……。つばさくん、がんばってーっ！！」
186700 ,,,,,,,,,,,,,,,
186800 ,,,,,,,,,,,,,,,　紅組が、先にバトンを渡した。つばさもランナーの到着を見て走り出し、バトンを受け取ろうとする。しかしタイミングが合わなかったのか、つばさの手になかなかバトンが渡らなかった。
186900 ,,,,,,,つばさ,つばさ,05tsu115_009.wav,tsubasa,84,,,,「くッ……」
187000 ,,,,,,,,,,tsubasa,84,,,,　窮余の策か、つばさは後ろを振り向いてバトンを受け取った。そして一気にダッシュを駆けようと、前方を向いたその時。
187100 ,,,,,,,つばさ,つばさ,05tsu115_010.wav,tsubasa,15,,,,「わっ……わぁぁっ……！」
187200 ,,<!ef_body_fall_ext><m_fade fadeout=""2000"" fadein=""1500"">,8,,,,,,,,,,,,
187300 ,,,,,,,,,,,,,,,　バトンを渡し終えた紅組のランナーと、正面から交錯してしまう。つばさの身体は宙を舞い、派手に転倒した。
187400 ,,,,,,,みなと,みなと,02min115_020.wav,minato,2,,,,「つばさくんっ……！？」
187500 ,,,,,,,弘明,弘明,,minato,2,,,,「あれは、進路妨害じゃないのか！？　前のランナー……まさか……ッ！」
187600 ,,,,,,,,,,,,,,,
187700 ,,,,,,,つばさ,つばさ,05tsu115_011.wav,tsubasa,7,,,,「くっ…………うおおおぉぉっ……！」
187800 ,,,,,,,,,,tsubasa,7,,,,　大人の俺がそんなことを考えているうちに、つばさはすぐさま起きあがった。状況を悲観する前に、文句を言う前に、つばさは前を見て走り出していた。
187900 ,,,,,,,,,,,,,,,　見たところ、擦り傷のようなものはないのが救いだった。電柱の時といい、つばさは頑丈なのかも知れない。
188000 ,,,,,,,まりん,褐色の女の子,04mar115_002.wav,marin,5,,,,「つばさちんっ……つばさちんっ……！」
188100 ,,,,,,,つばさ,つばさ,05tsu115_012.wav,tsubasa,83,,,,「くっ……氷川、たのむ……！」
188400 ,,<m_fade fadeout=""2500""><se_stop id=""env_se"" fadeout=""2500"">,0,,,,,,,tsubasa,83,,,,
188500 ,,<s_fade time=""2000"">,,9000,,,,,,,,,,,
188600 ,,<wait time=""2500""><m_fade fadein=""2000"">,"4,-1700",,,,,,,,,,,,
188700 ,,<s_fade time=""1500"">,,2022,,,,,,,,,,,
188800 ,,,,,,,,,,,,,,,　つばさと、褐色の女の子の頑張りは、届かなかった。
188900 ,,,,,,,,,,,,,,,　アンカーの女の子は、絶望的に離れた紅組との距離を驚くほど縮めた。つばさもアクシデントに見舞われたとはいえ、決して悪い走りをしていなかったように思う。
189000 ,,,,,,,,,,,,,,,　それでも……つばさの転倒による差を詰めることは、かなわなかった。
189200 ,,<m_fade voltime=""1500"">,"4,0",,,,つばさ,つばさ,05tsu115_013.wav,tsubasa,3,,,,「……………………」
189300 ,,,,,,,つばさ,つばさ,05tsu115_014.wav,tsubasa,3,,,,「ごめん…………」
189400 ,,,,,,,みなと,みなと,02min115_021.wav,tsubasa,3,minato,8,,「つばさくん……」
189500 ,,,,,,,みらい,みらい,01mir115_004.wav,tsubasa,3,mirai,7,,「なんでつばさがあやまるのよっ！」
189600 ,,,,,,,みなと,みなと,02min115_022.wav,tsubasa,3,minato,4,,「そうだよ……。つばさくん、すごくがんばったよ……」
189700 ,,,,,,,つばさ,つばさ,05tsu115_015.wav,tsubasa,3,minato,4,,「いや……俺が転ばなけりゃ……俺と氷川で、紅組は絶対に抜けてたんだ……」
189800 ,,,,,,,みなと,みなと,02min115_023.wav,tsubasa,3,minato,82,,「………………」
189900 ,,,,,,,,,,,,,,,　俺も、近寄ってかける言葉がなかった。
190000 ,,,,,,,,,,,,,,,　中央では放送部員によって運動会のラストを締めるフォークダンスのアナウンスが行われ、人が集まり始めている。
190100 ,,,,,,,みらい,みらい,01mir115_005.wav,,,mirai,8,,「あ……行かなきゃ……」
190200 ,,,,,,,つばさ,つばさ,05tsu115_016.wav,tsubasa,41,,,,「……んッ！　ごめん、俺、ちょっとフォークダンスはやめとくよ……」
190300 ,,,,,,,みなと,みなと,02min115_024.wav,tsubasa,41,minato,2,,「つばさくん、足……！？」
190400 ,,,,,,,,,,tsubasa,41,minato,2,,　つばさはさっきの転倒で痛めたのか、少し足を引きずっていた。
190500 ,,,,,,,みらい,みらい,01mir115_006.wav,tsubasa,41,mirai,15,,「ちょっとつばさ、だいじょうぶ！？　保健室行った方がいいんじゃないのっ！？」
190600 ,,,,,,,つばさ,つばさ,05tsu115_017.wav,tsubasa,84,mirai,15,,「いいよ、ちょっとひねっただけだから……」
190700 ,,,,,,,みなと,みなと,02min115_025.wav,tsubasa,84,minato,8,,「つばさくん、ボクが保健室つれていってあげるね……」
190800 ,,,,,,,つばさ,つばさ,05tsu115_018.wav,tsubasa,83,minato,8,,「だからいいって、自分で歩けるから……」
190900 ,,,,,,,みなと,みなと,02min115_026.wav,tsubasa,83,minato,4,,「だめ」
191000 ,,,,,,,つばさ,つばさ,05tsu115_019.wav,tsubasa,5,minato,4,,「みなと……？」
191100 ,,,,,,,みなと,みなと,02min115_027.wav,tsubasa,5,minato,4,,「つばさくんは、サッカー部の試合だってあるんだよ？　もし、いま無理してひどくなっちゃったら……試合まで出られなくなっちゃうよ……」
191200 ,,,,,,,つばさ,つばさ,05tsu115_020.wav,tsubasa,3,minato,4,,「………………」
191300 ,,,,,,,みなと,みなと,02min115_028.wav,tsubasa,3,minato,85,,「ねっ、つばさくん。ボクの肩につかまって……保健室に行こっ」
191400 ,,,,,,,つばさ,つばさ,05tsu115_021.wav,tsubasa,8,minato,85,,「みなと……」
191500 ,,,,,,,,,,tsubasa,8,minato,85,,　みなとが、つばさの横に立つ。そして、そっとつばさの腕を自分の肩にかけた。
191600 ,,,,,,,,,,tsubasa,8,minato,85,,　担任の教師でもないのに、しゃしゃり出るのはちょっと気が引けるけど……。でも、みなとじゃつばさを支えるには頼りなさそうだしな……。
192000 ,$menu_begin,,,,,,,,,,,,,,
↓,"$menu_item 0,ここはみなとに任せるか,02min019aa",,,,,,,,,,,,,,
↓,"$menu_item 1,俺が運んであげるよ,02min019ab",,,,,,,,,,,,,,
↓,$menu_end,,,,,,,,,,,,,,
192100 ,,,,,,,,,,,,,,,
192200 ,*02min019aa,,,,,,,,,,,,,,
192400 ,,,,,,,,,,,,,,,　うーん……俺は教員じゃないし、部外者が変に出るのも問題がありそうだしなあ……。
192500 ,,,,,,,,,,,,,,,　ここは、みなとに任せた方が良さそうだ。もし危なくなったら、俺が加勢に入ろう。
192600 ,,,,,,,みなと,みなと,02min115_029.wav,,,minato,0,,「つばさくん……。んっ、と」
192700 ,,,,,,,つばさ,つばさ,05tsu115_022.wav,tsubasa,41,minato,0,,「みなと……ゴメン……」
192800 ,,,,,,,みなと,みなと,02min115_030.wav,tsubasa,41,minato,85,,「うん？　ううん、別にいいよ……」
192900 ,,,,,,,,,,,,,,,
193000 ,,,,,,,みらい,みらい,01mir115_007.wav,mirai,5,,,,「みなと……ひとりでだいじょうぶ？」
193100 ,,,,,,,みなと,みなと,02min115_031.wav,mirai,5,minato,1,,「うん、だいじょうぶだよ。お姉ちゃんは、安心してフォークダンス行ってきて」
193200 ,,,,,,,みらい,みらい,01mir115_008.wav,mirai,8,minato,1,,「うん……」
193300 ,,,,,,,,,,,,,,,
193400 ,,,,,,,みなと,みなと,02min115_032.wav,,,minato,85,,「それじゃ、つばさくん」
193500 ,,,,,,,つばさ,つばさ,05tsu115_023.wav,tsubasa,41,minato,85,,「うん……。んんっ」
193600 ,,,,,,,,,,tsubasa,41,minato,85,,　みなとが、少しよろけながらもつばさの肩を支えて歩く。
193700 ,,,,,,,,,,,,,,,　俺は少し距離を取りつつも、何かあったらすぐに駆けつけられるよう、二人の後ろに続いた。
193900 ,$go 02min019aend,,,,,,,,,,,,,,
194000 ,,,,,,,,,,,,,,,
194100 ,*02min019ab,,,,,,,,,,,,,,
194300 ,"$fadd %tsubasa,1",,,,,,,,,,,,,,
194400 ,,,,,,,弘明,弘明,,tsubasa,8,minato,85,,「待って、みなと」
194500 ,,,,,,,みなと,みなと,02min115_033.wav,tsubasa,4,minato,2,,「あっ、お兄ちゃん」
194600 ,,,,,,,弘明,弘明,,tsubasa,4,minato,2,,「保健室まで、俺がつばさを運んであげるよ」
194700 ,,,,,,,つばさ,つばさ,05tsu115_024.wav,tsubasa,2,,,,「えっ……？」
194800 ,,,,,,,つばさ,つばさ,05tsu115_025.wav,tsubasa,83,,,,「そんなっ、いいよっ……！」
194900 ,,,,,,,弘明,弘明,,tsubasa,83,,,,「強がるなよ。悪化する前に、早く保健室に行こう」
195000 ,,,,,,,つばさ,つばさ,05tsu115_026.wav,tsubasa,6,,,,「………………」
195100 ,,,,,,,みなと,みなと,02min115_034.wav,minato,1,,,,「お兄ちゃん……ありがと」
195200 ,,,,,,,弘明,弘明,,minato,1,,,,「いいんだよ。……ほら、つばさ。じっとしてろよ」
195300 ,,,,,,,つばさ,つばさ,05tsu115_027.wav,tsubasa,15,,,,「えっ？　……ひゃああっ！？」
195400 ,,,,,,,,,,tsubasa,15,,,,　俺は、つばさを一気にお姫様だっこで抱え上げる。
195500 ,,,,,,,つばさ,つばさ,05tsu115_028.wav,tsubasa,13,,,,「恥ずかしいだろっ……！　おろせっ、おろしてよっ……！」
195600 ,,,,,,,弘明,弘明,,tsubasa,13,,,,「つばさ……お前、意外に軽いな……。あと、思ったより華奢だ」
195700 ,,,,,,,つばさ,つばさ,05tsu115_029.wav,tsubasa,83,,,,「そっ、そんなのかんけいないだろっ！　おろせって……！」
195800 ,,,,,,,弘明,弘明,,tsubasa,83,,,,「こうして運ぶのが、俺にとっても一番楽なんだよ。ほら行くぞ、つばさ」
195900 ,,,,,,,つばさ,つばさ,05tsu115_030.wav,tsubasa,6,,,,「みんな見てる……見てるってばっ！」
196000 ,,,,,,,弘明,弘明,,tsubasa,6,,,,「衆目なんか気にするな。それより治療の方が……お前の身体の方が大事だ」
196100 ,,,,,,,つばさ,つばさ,05tsu115_031.wav,tsubasa,6,,,,「……………………」
196200 ,,,,,,,,,,,,,,,　俺が走り出そうとした、その時……。
196300 ,,,,,,,やちよ,メガネの女の子,03yac115_002.wav,,,"yatiyo,hachimaki",6,,「えっ？　なにあれ……！　きゃああっ、かっこいいっ……！」
196400 ,,,,,,,弘明,弘明,,,,yatiyo,6,,「…………な、なんだ……？」
196500 ,,,,,,,やちよ,メガネの女の子,03yac115_003.wav,,,yatiyo,15,,「やぁぁんっ、なんで私いまデジカメ持ってないんだろ……。ああんっ、はるか先輩っ！　はるかせんぱーいっ！　すごく萌えるカップリングが発生してますーっ！！」
196700 ,,,,,,,,,,,,,,,
196800 ,,,,,,,弘明,弘明,,,,,,,「な、なにが……どうしたんだ……？」
196900 ,,,,,,,みなと,みなと,02min115_035.wav,,,minato,12,,「あ、えっと……気にしないで…………」
197200 ,$go 02min019aend,,,,,,,,,,,,,,
197300 ,,,,,,,,,,,,,,,
197400 ,*02min019aend,,,,,,,,,,,,,,
197700 ,,<!ef_timepass>,,,,,,,,,,,,,　俺は保健室の中までは入らず、外で待っていた。
197800 ,,,,,,,,,,,,,,,　しばらくして、みなとだけが保健室から出てくる。俺は駆け寄って、声をかけた。
197900 ,,,,,,,弘明,弘明,,,,,,,「……みなと」
198000 ,,,,,,,みなと,みなと,02min115_036.wav,minato,85,,,,「あっ、お兄ちゃん……？」
198100 ,,,,,,,弘明,弘明,,minato,85,,,,「つばさ、どうだった？」
198200 ,,,,,,,みなと,みなと,02min115_037.wav,minato,8,,,,「あっ、うん……。たぶん、軽いねんざだって……」
198300 ,,,,,,,弘明,弘明,,minato,8,,,,「そうか……。まあ、あれだけ派手に転んだにしては軽いケガみたいで、良かったのかな」
198400 ,,,,,,,みなと,みなと,02min115_038.wav,minato,5,,,,「うん……」
198500 ,,,,,,,弘明,弘明,,minato,5,,,,「運動会って、もう終わりか？」
198600 ,,,,,,,みなと,みなと,02min115_039.wav,minato,0,,,,「うん。もうあと閉会式で、終わりだけど……」
198700 ,,,,,,,弘明,弘明,,minato,0,,,,「終わったら、帰りはどうするんだ？」
198800 ,,,,,,,みなと,みなと,02min115_040.wav,minato,8,,,,「あっ、えっと…………保健室で、つばさくんといっしょにいていい？」
198900 ,,,,,,,弘明,弘明,,minato,8,,,,「ああ、いいよ。もちろん」
199000 ,,,,,,,,,,minato,8,,,,　俺は笑顔で、みなとの頭に手を置いた。みなとの優しい心を、嬉しく思う。
199100 ,,,,,,,弘明,弘明,,minato,8,,,,「それじゃな、みなと。俺は先に帰ってるよ」
199200 ,,,,,,,みなと,みなと,02min115_041.wav,minato,1,,,,「うん。ばいばい、お兄ちゃん」
199300 ,,,,,,,,,,minato,1,,,,　俺はなんだかすがすがしい気分で、そして少しだけ寂しい気分で、学校を後にした。
199400 ,,<hide><!ef_daypass>,0,9000,,,,,,,,,,,
199590 ,"$fset %min_menupos,1",,,,,,,,,,,,,,
199600 ,$go 02min021,,,,,,,,,,,,,,
199800 ,,,,,,,,,,,,,,,
199900 ,,,,,,,,,,,,,,,
200000 ,,,,,,,,,,,,,,,
200200 ,@02min019b_f05,,,,,,,,,,,,,,
200300 ,"$gosub minato_free,min019b_f",,,,,,,,,,,,,,
200400 ,*min019b_f,,,,,,,,,,,,,,
200490 ,"$fset %min_menupos,1",,,,,,,,,,,,,,
200500 ,"$gosub minato_gohome,min019b_g",,,,,,,,,,,,,,
200600 ,*min019b_g,,,,,,,,,,,,,,
200700 ,"$gosub minato_gohome,min019b_m",,,,,,,,,,,,,,
200800 ,*min019b_m,,,,,,,,,,,,,,
200900 ,$go 02min022_f06,,,,,,,,,,,,,,
201100 ,,,,,,,,,,,,,,,
201200 ,,,,,,,,,,,,,,,
201300 ,,,,,,,,,,,,,,,
201500 ,@02min020_ev04,,,,,,,,,,,,,,
202200 ,,<!ef_timepass>,,2022,,,,,,,,,,,
202300 ,,,12,,,,,,,,,,,,　案内の途中、人気がなくなったところで、俺はみなとを呼んだ。
202400 ,,,,,,,弘明,弘明,,,,,,,「みなと……」
202600 ,,,,,,,みなと,みなと,02min069_001.wav,"minato,gakuran",2,,,,「えっ、お兄ちゃん……！？　きゃんっ！」
202700 ,,,,,,,,,,minato,2,,,,　俺は、みなとの身体を優しく抱きしめる。
202800 ,,,,,,,弘明,弘明,,minato,2,,,,「今日は、応援頑張ってたみたいだからな……身体も、すごく火照ってる」
202900 ,,,,,,,みなと,みなと,02min069_002.wav,minato,6,,,,「やん……」
203000 ,,,,,,,,,,minato,6,,,,　俺がみなとの胸に顔を近づけると、みなとは身をよじって逃げようとした。
203100 ,,,,,,,みなと,みなと,02min069_003.wav,minato,15,,,,「だっ、だめだよぉ……今日はいっぱいうごいて、たくさん汗かいたから……」
203200 ,,,,,,,弘明,弘明,,minato,15,,,,「そうだな。みなとの身体、すごく熱い」
203300 ,,,,,,,,,,minato,15,,,,　逃げるみなとを抱きしめ、その胸に頬をぴっとりと付けた。
203400 ,,,,,,,みなと,みなと,02min069_004.wav,minato,6,,,,「やぁんっ……だめ、だめぇ……」
203500 ,,,,,,,弘明,弘明,,minato,6,,,,「みなと……」
203700 ,*mem,,,,,,,,,,,,,,
203800 ,,,12,,110411,,みなと,みなと,02min069_005.wav,,,,,,「んあっ、あぁん……。お、お兄ちゃん、こんなとこで……だめだよぉっ……」
203900 ,,,,,110411,,弘明,弘明,,,,,,,「大丈夫だよ。ここは校庭から直接見えないし、みんな競技に注目してるからさ」
204000 ,,,,,110411,,みなと,みなと,02min069_006.wav,,,,,,「でも……あぁぁっ、んんっ……あんっ！」
204100 ,,,,,110411,,,,,,,,,,　俺は強引に体操服をめくり、みなとのぷくっとしたおっぱいにしゃぶりつく。
204200 ,,,,,110411,,弘明,弘明,,,,,,,「みなとのおっぱい、柔らかい……。んんっ、ちゅっ……」
204300 ,,,,,110411,,みなと,みなと,02min069_007.wav,,,,,,「ふぁ……んぁんっ！　やぁ、そんなにおっぱい吸っちゃ……あうっ！　あぁん……」
204400 ,,,,,110411,,,,,,,,,,　舌先で薄いピンクの乳輪をなぞり、そして乳首の真上で舌を立たせ、軽く奥へと押し込む。
204500 ,,,,,110411,,みなと,みなと,02min069_008.wav,,,,,,「んんっ……あっ、んぁっ……ふぁ、あぁんっ……」
204600 ,,,,,110411,,,,,,,,,,　みなとはやや声を押し殺しながら、身体を揺すって申し訳程度の抵抗をした。
204700 ,,,,,110411,,みなと,みなと,02min069_009.wav,,,,,,「ほ、ほんとにダメだよぉ……。運動会のとちゅうだし、おうちにかえってから……」
204800 ,,,,,110411,,弘明,弘明,,,,,,,「俺はもう我慢できないよ。みなとのいい匂い、こんなにしてるのに……」
204900 ,,,,,110411,,みなと,みなと,02min069_010.wav,,,,,,「やっ、やぁぁ……えっちはお兄ちゃんのおうちで、おふろに入ってからぁ……！　んんっ、あぅんっ！」
205000 ,,,,,110411,,,,,,,,,,　俺はそんなみなとの言葉も構わずに、みなとのとろける様な汗の匂いの立つ肌に唇を這わせ、舌先で乳首の突起を弾く。
205100 ,,,,,110411,,みなと,みなと,02min069_011.wav,,,,,,「んっ……あぁぁんっ！　ああ……おっぱい、そんなにしちゃやぁ……」
205200 ,,,,,110411,,,,,,,,,,　みなとは電気ショックでも受けたように身体をのけぞらせて、快感のあえぎをもらした。
205300 ,,,,,110411,,弘明,弘明,,,,,,,「おっぱい舐められて感じるなんて……女の子みたいだな」
205400 ,,,,,110411,,みなと,みなと,02min069_012.wav,,,,,,「だって……あううっ、んんっ！」
205500 ,,,,,110411,,弘明,弘明,,,,,,,「乳首も、ぷにぷにだ……んちゅっ、んっ……甘い味がする……」
205600 ,,,,,110411,,みなと,みなと,02min069_013.wav,,,,,,「ええっ……！？　そんな、ボクおっぱい出ないのに……んんんっ、あん……」
205700 ,,,,,110411,,弘明,弘明,,,,,,,「ミルクは出なくても、みなとのおっぱいは舐めるとすっごく甘いんだよ」
205800 ,,,,,110411,,,,,,,,,,　俺は唇をすぼめると、みなとの乳首を強めに吸い上げた。
205900 ,,,,,110411,,みなと,みなと,02min069_014.wav,,,,,,「んぁぁんっ！　あっ、あぅ……そんなに吸っちゃイヤだよぉ……」
206000 ,,,,,110411,,弘明,弘明,,,,,,,「みなとって、おっぱいいじられるの弱いよな。乳首、感じるか……？」
206100 ,,,,,110411,,みなと,みなと,02min069_015.wav,,,,,,「んんっ、あうっ……お兄ちゃんにおっぱいちゅっちゅってしてもらうと……あたま、ぼーってなるの……。ふぁぁんっ、ああ……」
206200 ,,,,,110411,,弘明,弘明,,,,,,,「それじゃ、もっと舐めてあげるよ」
206300 ,,,,,110411,,みなと,みなと,02min069_016.wav,,,,,,「あっ、あんんっ！　んんんっ、ああ……お兄ちゃぁん……おっぱいだめぇ……」
206400 ,,,,,110411,,,,,,,,,,　みなとの乳首が、俺の愛撫に反応してだんだんと固く勃ってくる。
206500 ,,,,,110411,,,,,,,,,,　俺はそのまま舌先で、そのコリコリとした突起をねぶり上げた。
206700 ,,,,,110412,,みなと,みなと,02min069_017.wav,,,,,,「あっ……んぁっ、ふぁ……ぁぁ……お兄ちゃん……」
206800 ,,,,,110412,,,,,,,,,,　みなとの乳首はキュッと勃ち上がって、更に舐めやすくなる。
206900 ,,,,,110412,,弘明,弘明,,,,,,,「みなと……乳首、勃ってきたな……」
207000 ,,,,,110412,,,,,,,,,,　俺は舌をチロチロと左右に素早く動かし、みなとの可愛い乳首をパンチボールのように激しく小刻みに揺らした。
207100 ,,,,,110412,,みなと,みなと,02min069_018.wav,,,,,,「んっ、んぅぅっ……！　おっぱいの先、なんだかキュンってなってきた……。あっ、ああっ！　んあっ、んんんっ……」
207200 ,,,,,110412,,,,,,,,,,　みなとはすっかり抵抗する気は失せている様で、そのリズムに身体を委ねて吐息をこぼしている。
207300 ,,,,,110412,,弘明,弘明,,,,,,,「んっ、んちゅるっ……みなとのおっぱい、もっと甘くなってきた……」
207400 ,,,,,110412,,みなと,みなと,02min069_019.wav,,,,,,「ふあっ、ああんっ……そんな……うそだよぉ……」
207500 ,,,,,110412,,弘明,弘明,,,,,,,「ちゅるちゅる吸うと、とっても甘いぞ……？　んんっ、ちゅっ……」
207600 ,,,,,110412,,みなと,みなと,02min069_020.wav,,,,,,「んっ、んぁぁんっ！　ふぁぁっ、ああ……」
207700 ,,,,,110412,,,,,,,,,,　強い刺激を与える度にみなとの身体は魚のように跳ねた。その反応がまた愛しくてさらなる刺激を与えたくなってくる。
207800 ,,,,,110412,,弘明,弘明,,,,,,,「んっ……」
207900 ,,,,,110412,,,,,,,,,,　俺は舌を目いっぱい広げると、胸全体をじっくり舐め回した。
208000 ,,,,,110412,,弘明,弘明,,,,,,,「んんっ、ん……みなとの肌、しょっぱいかと思ったけど……全然そんなことないな。むしろ、こっちも甘い……」
208100 ,,,,,110412,,みなと,みなと,02min069_021.wav,,,,,,「んあああんっ！　あうっ、ああ……やぁ、そんなになめなめしないでよぉ……」
208200 ,,,,,110412,,弘明,弘明,,,,,,,「ちゅっ、じゅるっ……んんんっ、んっ……」
208300 ,,,,,110412,,みなと,みなと,02min069_022.wav,,,,,,「ふぁっ……んぁぁぁんっ！　あっ、んぁ……」
208400 ,,,,,110412,,弘明,弘明,,,,,,,「ちゅっ……かわいいぞ、みなと……」
208500 ,,,,,110412,,みなと,みなと,02min069_023.wav,,,,,,「あっ、あぁん……」
208600 ,,,,,110412,,弘明,弘明,,,,,,,「なぁ……挿れてもいいか？」
208700 ,,,,,110412,,みなと,みなと,02min069_024.wav,,,,,,「ふぇ……？　……え、えええええっ！？」
208800 ,,,,,110412,,弘明,弘明,,,,,,,「わわっ、大声出すなっ……」
208900 ,,,,,110412,,,,,,,,,,　慌ててみなとの口を押さえる。
209000 ,,,,,110412,,みなと,みなと,02min069_025.wav,,,,,,「ご、ごめんなさい……で、でも……こんなとこじゃ、だれかに見つかっちゃうよぉ……」
209100 ,,,,,110412,,弘明,弘明,,,,,,,「しかしだな……どこか、見つかりにくそうな……」
209200 ,,,,,110412,,,,,,,,,,　と、目の前の体育倉庫の入り口に目が止まった。
209300 ,,,,,110412,,弘明,弘明,,,,,,,「ん……？　この倉庫、鍵が開いてるな」
209400 ,,,,,110412,,,,,,,,,,　運動会に使う器具でも搬出したのか、体育倉庫の鍵はかかっていなかった。
209500 ,,,,,110412,,,,,,,,,,　なんだ。こういうのは閉まってるもんだとハナから選択肢からはずしてたな。
209600 ,,,,,110412,,,,,,,,,,　最初からこの中でやってればよかった。
209700 ,,,,,110412,,弘明,弘明,,,,,,,「みなと、この倉庫の中に入ろう」
209800 ,,,,,110412,,みなと,みなと,02min069_026.wav,,,,,,「ええっ……！？」
209900 ,,,,,110412,,弘明,弘明,,,,,,,「倉庫の中だったら、見つかりにくいだろ？」
210000 ,,,,,110412,,みなと,みなと,02min069_027.wav,,,,,,「でも……」
210100 ,,,,,110412,,弘明,弘明,,,,,,,「ほら、早く。みなと……」
210200 ,,,,,110412,,,,,,,,,,　俺はためらうみなとの手を引き、体育倉庫の扉を開けた。
210400 ,,,,9000,,,,,,,,,,,　体育倉庫の中は、思っていたほど息苦しい空間ではなかった。この倉庫自体、そこそこ新しいものらしいというのもあるかも知れない。
210500 ,,,,,,,,,,,,,,,　俺は倉庫の片隅に跳び箱を見つけると、その上にみなとを寝かせた。そしてやや汗ばんだ片足を持ち上げると、とろとろのアヌスに亀頭をあてがう。
210690 ,,<m_fade fadeout=""2000"" fadein=""1500"">,10,,110421,,,,,,,,,,
210700 ,,,,,110421,,弘明,弘明,,,,,,,「みなと、もう我慢できないからな……挿れるぞ……」
210800 ,,,,,110421,,みなと,みなと,02min069_028.wav,minato,0,,,,「んんっ……んぁぁっ！　あ……あ……入ってくるよぉ……」
210900 ,,,,,110421,,,,,,,,,,　さっきの愛撫で充分にほぐれていたみなとのアヌスは、俺のペニスをすんなりと受け入れた。
211000 ,,,,,110421,,みなと,みなと,02min069_029.wav,minato,0,,,,「ああっ、うっ、あううっ……お兄ちゃん……ああんっ……」
211100 ,,,,,110421,,,,,,,,,,　みなとは跳び箱の上で身をよじりながら、ペニスを受け入れる快感に悶えている。
211200 ,,,,,110421,,みなと,みなと,02min069_030.wav,minato,0,,,,「んぁぁっ、おしり、ひろがる……。おち○ちん、おっきいよぉ……」
211300 ,,,,,110421,,弘明,弘明,,,,,,,「もうずいぶんすんなり入るようになったな……」
211400 ,,,,,110421,,みなと,みなと,02min069_031.wav,minato,0,,,,「だって、お兄ちゃんがいっぱいいじるから……」
211500 ,,,,,110421,,弘明,弘明,,,,,,,「ああ、そうだな……」
211600 ,,,,,110421,,みなと,みなと,02min069_032.wav,minato,0,,,,「ふぁっ、あっ、あんっ……お兄ちゃんのおち○ちん、深いとこまで……きた……」
211700 ,,,,,110421,,弘明,弘明,,,,,,,「みなと、動くぞ……」
211800 ,,,,,110421,,,,,,,,,,　俺はそっと腰を引き、そしてまたゆっくりと突き入れた。
211900 ,,,,,110421,,,,,,,,,,　ゆっくり、みなとのアヌスが更にほぐれるのを待って、徐々にストロークのスピードを上げていく。
212000 ,,,,,110421,,みなと,みなと,02min069_033.wav,minato,0,,,,「あっ、ううっ……んんんっ、あうっ！　おち○ちん、ボクのおしりの中でうごいてるのわかるよ……。あっ、んあっ、あっ……！」
212100 ,,,,,110421,,,,,,,,,,　ゆっくりと腰を動かしながら、俺は空いた手でみなとのペニスを愛撫し始める。
212200 ,,,,,110421,,,,,,,,,,　包皮の上から、コリコリと鈴口をいじり……そのまま細いサオに沿ってするすると撫で進み、小さな袋をふにふにとつまむ。
212300 ,,,,,110421,,みなと,みなと,02min069_034.wav,minato,0,,,,「やっ、んんんっ……おち○ちん、そんなにいじっちゃイヤぁ……」
212400 ,,,,,110421,,弘明,弘明,,,,,,,「ほんとに嫌か？　チ○チン気持ちよくないか？」
212500 ,,,,,110421,,みなと,みなと,02min069_035.wav,minato,0,,,,「ふぁっ、あっ、きもちいい……きもちよすぎるから……うぁっ……」
212600 ,,,,,110421,,弘明,弘明,,,,,,,「もっとしてあげるからな……」
212700 ,,,,,110421,,みなと,みなと,02min069_036.wav,minato,0,,,,「あっ、ふぁぁっ……あああんっ……んんっ！」
212800 ,,,,,110421,,弘明,弘明,,,,,,,「んっ、みなと……んん……」
212900 ,,,,,110421,,,,,,,,,,　俺はみなとの身体に顔を近づけ、大きく息を吸った。
213000 ,,,,,110421,,みなと,みなと,02min069_037.wav,minato,0,,,,「んっ……ふぇっ？　ちょっ、ちょっと、お兄ちゃん……！？」
213100 ,,,,,110421,,,,,,,,,,　この倉庫も新しいとはいえ、体育倉庫らしい＜据＝す＞えた匂いがしない訳でもない。
213200 ,,,,,110421,,,,,,,,,,　それなら、みなとの身体から立ちのぼる甘い香りを嗅いでいる方がずっと心地よい気分だった。
213300 ,,,,,110421,,弘明,弘明,,,,,,,「んっ、んんっ、ああ……みなとの身体、甘くていい匂いだ……」
213400 ,,,,,110421,,みなと,みなと,02min069_038.wav,minato,0,,,,「あっ、やぁぁんっ、ダメだよぉっ……！　今日、ボクうごいてばっかりだから……」
213500 ,,,,,110421,,弘明,弘明,,,,,,,「だから、いつもより甘い香りが強いな……」
213600 ,,,,,110421,,,,,,,,,,　このみなとの香りが俺を強く惹きつける。それはまるで媚薬を思わせた。
213700 ,,,,,110421,,みなと,みなと,02min069_039.wav,minato,0,,,,「だ、だめぇっ……体操服のにおい、かいじゃダメぇ……！」
213800 ,,,,,110421,,弘明,弘明,,,,,,,「俺はこのみなとの香り、大好きだぞ……」
213900 ,,,,,110421,,みなと,みなと,02min069_040.wav,minato,0,,,,「で、でもぉ……あ、ああんっ！」
214000 ,,,,,110421,,,,,,,,,,　頬から首に、一筋の汗が伝った。シャツも首から胸にかけて、汗でぐっしょりと湿っているのがわかる。
214100 ,,,,,110421,,弘明,弘明,,,,,,,「ふぁ、ああ、ああ……みなと……」
214200 ,,,,,110421,,,,,,,,,,　暑い。
214300 ,,,,,110421,,,,,,,,,,　しかしその暑さが、逆に甘美な空間を作り出していた。
214400 ,,,,,110421,,みなと,みなと,02min069_041.wav,minato,0,,,,「はあぁっ、んんっ、あうんっ！　あうっ、ああ……ボク、あたまがぼーっとしてきて……ああ……」
214500 ,,,,,110421,,弘明,弘明,,,,,,,「俺も……みなとのことしか、考えられなくなる……」
214600 ,,,,,110421,,みなと,みなと,02min069_042.wav,minato,0,,,,「あっ、ふぁぁっ、あっ……お兄ちゃん……」
214700 ,,,,,110421,,弘明,弘明,,,,,,,「みなと……好きだよ……」
214800 ,,,,,110421,,みなと,みなと,02min069_043.wav,minato,0,,,,「んっ、うん、うんっ……！　ボクも、だいすき……おにいちゃん……すき……すきぃ……」
214900 ,,,,,110421,,,,,,,,,,　うわごとのように繰り返すみなとの口に、俺は唇を寄せる。
215000 ,,,,,110421,,みなと,みなと,02min069_044.wav,minato,0,,,,「んっ、んんんっ、んちゅるっ……ふぁ……お兄ちゃん……」
215100 ,,,,,110421,,弘明,弘明,,,,,,,「んんっ、みなと……」
215200 ,,,,,110421,,みなと,みなと,02min069_045.wav,minato,0,,,,「んちゅっ、ちゅるっ……お兄ちゃん、ボクのどがかわいたのぉ……。もっと、のませて……んじゅっ、んちゅるっ……」
215300 ,,,,,110421,,,,,,,,,,　この暑さと快感で、みなとのスイッチが入ってしまったのか……みなとは俺の舌を、唾液を、むさぼるように吸い始める。
215400 ,,,,,110421,,みなと,みなと,02min069_046.wav,minato,0,,,,「ちゅっ、んっ、んちゅるっ……あむ……おにぃちゃぁん……んんっ、ちゅるっ……」
215500 ,,,,,110421,,弘明,弘明,,,,,,,「んっ、んっ……ちゅっ……」
215600 ,,,,,110421,,,,,,,,,,　普段とは全く違うみなとの乱れた姿を見て、俺は激しく興奮していた。ペニスがビクビクと脈打って、さらに硬度を増していく。
215700 ,,,,,110421,,みなと,みなと,02min069_047.wav,minato,0,,,,「ふぁっ、んっ、んああっ……！　お兄ちゃんのおち○ちん、おしりの中でおっきくなってきたよ……」
215800 ,,,,,110421,,弘明,弘明,,,,,,,「ああ、俺のチ○チンも、みなとのことがもっと欲しいって言ってるんだ」
215900 ,,,,,110421,,,,,,,,,,　そして、みなとのアヌスも俺のペニスをもっと欲しがるようにビクビクと蠢いている。
216000 ,,,,,110421,,みなと,みなと,02min069_048.wav,minato,0,,,,「んっ、んああっ！　あうっ、んくぅっ、んん……おしり、ぐちょぐちょして、あつい……あついよぉ……」
216100 ,,,,,110421,,弘明,弘明,,,,,,,「すごいぞ……熱くてとろけそうだ……」
216200 ,,,,,110421,,みなと,みなと,02min069_049.wav,minato,0,,,,「んんんっ、あううっ！　ああ……ふぁぁ……」
216300 ,,,,,110421,,みなと,みなと,02min069_050.wav,minato,0,,,,「おち○ちんも、おしりも、きもちよすぎて……もうどっちがどっちだか、わかんなくなっちゃった……」
216400 ,,,,,110421,,弘明,弘明,,,,,,,「みなと……早く、するぞ……」
216500 ,,,,,110421,,みなと,みなと,02min069_051.wav,minato,0,,,,「うん、お兄ちゃん……あっ、んぁぁっ！　んんっ、あっ、ふぁっ……」
216600 ,,,,,110421,,,,,,,,,,　俺は腰の動きを早めていく。
216700 ,,,,,110421,,,,,,,,,,　暑い倉庫の中に汗の匂いと肉のぶつかり合う音が満たされていった。
216800 ,,,,,110421,,みなと,みなと,02min069_052.wav,minato,0,,,,「んっ、んああっ！　あっ、んっ、んんっ……あっ、あんっ、ああんっ！」
216900 ,,,,,110421,,,,,,,,,,　むせかえるような暑さと湿気の中で、俺も限界を迎えていた。
217000 ,,,,,110421,,弘明,弘明,,,,,,,「うっ、あああっ……みなと……！」
217100 ,,,,,110421,,みなと,みなと,02min069_053.wav,minato,0,,,,「んんんっ、あああっ！　お兄ちゃんっ……！　イッちゃう、ボクもうイッちゃうよぉ……！」
217200 ,,,,,110421,,弘明,弘明,,,,,,,「ああっ……出る……！」
217300 ,,,,,110421,,みなと,みなと,02min069_054.wav,minato,0,,,,「あっ、お兄ちゃん……学生服よごしちゃいけないから、外に出しちゃダメぇ……！」
217400 ,,,,,110421,,弘明,弘明,,,,,,,「えっ……？」
217500 ,,,,,110421,,みなと,みなと,02min069_055.wav,minato,0,,,,「あっ、んんっ……お兄ちゃんの精子、ボクのおしりの中に、全部出して……」
217600 ,,,,,110421,,弘明,弘明,,,,,,,「あ、ああ……みなと……出すよっ……！！」
217700 ,,,,,110421,,みなと,みなと,02min069_056.wav,minato,0,,,,「あぁっ、んんっ、あうっ！　あっ、ああっ、ボクも出ちゃう……イッちゃう……んんっ、んあああぁぁぁっ……！」
218000 ,,<!ef_shasei>,,,110422,,,,,,,,,,　ペニスが爆発したかのように、その先から熱い塊が一気に放出された。
218100 ,,,,,110422,,,,,,,,,,　射精の瞬間、俺の身体が大きく震える。みなとは白くて狭い長方形のフィールドで、身体を小刻みに震わせて快感を受け止めていた。
218200 ,,,,,110422,,みなと,みなと,02min069_057.wav,minato,0,,,,「ふあっ、ああ……んんっ、ああっ……あ……」
218300 ,,,,,110422,,,,,,,,,,　俺の手の中でみなとのペニスもビクビクと震え、精液を迸らせていた。
218400 ,,,,,110422,,弘明,弘明,,,,,,,「はぁ…………みなと、精液飛び出るようになったな」
218500 ,,,,,110422,,みなと,みなと,02min069_058.wav,minato,0,,,,「えっ……？　これ、ボクの精子？　ああっ、つばさくんの学生服にかかっちゃった……！」
218600 ,,,,,110422,,,,,,,,,,　確かにみなとから放出された白い粘液は、学生服の黒い布地にはっきりとしたコントラストを描いている。
218700 ,,,,,110422,,みなと,みなと,02min069_059.wav,minato,0,,,,「あっ、あ……精子、ふかなきゃ……！」
218800 ,,,,,110422,,弘明,弘明,,,,,,,「これぐらいなら大丈夫だよ。量も少ないし、俺がちゃんと拭いてあげるから」
218900 ,,,,,110422,,,,,,,,,,　俺はそう言って、みなとの熱く火照った頬から首筋、そしてうなじにかけて、そっと指を滑らせた。
219000 ,,,,,110422,,みなと,みなと,02min069_060.wav,minato,0,,,,「んぁんっ……」
219100 ,,,,,110422,,,,,,,,,,　うなじの辺りはしっとりと湿っていて、また指先にまとわりつくほどの熱気がこもっている。
219200 ,,,,,110422,,,,,,,,,,　俺はそのまま髪の毛の生え際を、そっと撫でてみた。細くしなやかな髪の毛が豊かにたわみ、指先にも心地いい。
219300 ,,,,,110422,,弘明,弘明,,,,,,,「みなとの髪の毛、柔らかいな……。女の子みたいだ……」
219400 ,,,,,110422,,,,,,,,,,　俺が思わずそう口走ると、みなとは少し暗い顔をして視線を落とす。
219500 ,,,,,110422,,弘明,弘明,,,,,,,「あっ、ごめんな、みなと……」
219600 ,,,,,110422,,みなと,みなと,02min069_061.wav,minato,0,,,,「ううん、わかってるから……だいじょうぶだよ……」
219700 ,,,,,110422,,,,,,,,,,　寂しげに微笑むみなとの顔に、俺は唇を寄せた。
219800 ,,,,,110422,,弘明,弘明,,,,,,,「みなと…………んっ」
219900 ,,,,,110422,,みなと,みなと,02min069_062.wav,minato,0,,,,「あんっ……」
220000 ,,,,,110422,,,,,,,,,,　柔らかなみなとのくちびるをついばむように口づけを交わす。
220100 ,,,,,110422,,,,,,,,,,　そんな寂しげな顔をすることはないんだって気持ちを、みなとに分かってもらいたくて、俺は何度も何度もその行為を繰り返した。
220200 ,$event_return,,,,110422,,,,,,,,,,
220300 ,,<m_fade fadeout=""2000"">,0,,110422,,,,,,,,,,
220400 ,,<s_fade time=""2500"">,,9000,,,,,,,,,,,
220600 ,,<wait time=""500""><m_fade fadein=""1500"">,"4,-1500",,,,,,,,,,,,
220700 ,,,,,,,,,,,,,,,　俺は周囲の様子を慎重に見定めると、みなとと倉庫を出た。
221000 ,,<m_fade voltime=""2000"">,"4,0",2022,,,弘明,弘明,,,,,,,「ふぁぁ、外は涼しいな……」
221100 ,,,,,,,,,,,,,,,　あれだけ暑いと思っていた外の気温も、サウナに近かった倉庫との差で随分と涼しく感じる。
221300 ,,,,,,,みなと,みなと,02min069_063.wav,"minato,gakuran",82,,,,「あうぅ……またたくさん汗かいちゃった……」
221400 ,,,,,,,弘明,弘明,,minato,82,,,,「今日は運動会だから、たくさん汗をかいて当然だろ？」
221500 ,,,,,,,みなと,みなと,02min069_064.wav,minato,14,,,,「そうだけど……でも……」
221600 ,,,,,,,弘明,弘明,,minato,14,,,,「帰りは、また俺の家に寄り道してくか？　ウチでシャワー浴びればいいよ」
221700 ,,,,,,,みなと,みなと,02min069_065.wav,minato,8,,,,「う、うん……」
221800 ,,,,,,,,,,minato,8,,,,　みなとが、心配そうな顔で俺を見上げる。
221900 ,,,,,,,みなと,みなと,02min069_066.wav,minato,6,,,,「お、お兄ちゃん……シャワーあびたら、また……」
222000 ,,,,,,,弘明,弘明,,minato,6,,,,「今日は疲れたからなー。風呂に入ったら寝たいかも」
222100 ,,,,,,,みなと,みなと,02min069_067.wav,minato,85,,,,「あっ、う、うん……そうだね……」
222200 ,,,,,,,弘明,弘明,,minato,85,,,,「……なんてな、うそうそ。またたくさんエッチしてあげるよ」
222300 ,,,,,,,,,,minato,85,,,,　俺はみなとの身体に抱きついて、短パンの上から股間を揉みしだく。
222400 ,,,,,,,みなと,みなと,02min069_068.wav,minato,15,,,,「やっ、やぁん、はなれてぇっ……またおち○ちんが、ぼっきしちゃうよぉっ……！」
222500 ,,,,,,,弘明,弘明,,minato,15,,,,「勃起したら、また体育倉庫入るか？」
222600 ,,,,,,,みなと,みなと,02min069_069.wav,minato,6,,,,「やっ、ああん、もうダメだってばぁ……！」
222800 ,$go 02min019a_sub,,,,,,,,,,,,,,
223000 ,,,,,,,,,,,,,,,
223100 ,,,,,,,,,,,,,,,
223200 ,,,,,,,,,,,,,,,
223400 ,@02min021,,,,,,,,,,,,,,
223700 ,"$gosub minato_morning,min021_m",,,,,,,,,,,,,,
223800 ,*min021_m,,,,,,,,,,,,,,
223900 ,,<s_fade time=""1500"" type=""panel"" param=""type=2"">,5,2011,,,,,,,,,,,
224000 ,,,,,,,みなと,みなと,02min092_001.wav,,,"minato,uniform",1,,「つばさくん……これ、ありがとね……」
224100 ,,,,,,,つばさ,つばさ,05tsu092_001.wav,"tsubasa,uniform",0,minato,1,,「ああ、学ランか。もう、わざわざクリーニングなんて出さなくてもよかったのに」
224200 ,,,,,,,みなと,みなと,02min092_002.wav,tsubasa,0,minato,0,,「あっ、ううん……借りたんだから、ちゃんとして返さないと……」
224300 ,,,,,,,つばさ,つばさ,05tsu092_002.wav,tsubasa,1,minato,0,,「そんなとこまで、気にしなくていいのに……。みなとはマジメだなあ」
224400 ,,,,,,,みなと,みなと,02min092_003.wav,tsubasa,1,minato,8,,「で、でも、よごれてるといけないし……」
224500 ,,,,,,,つばさ,つばさ,05tsu092_003.wav,tsubasa,0,minato,8,,「っても、応援のときにちょっと着ただけだろ？　そんなによごれないって」
224600 ,,,,,,,みなと,みなと,02min092_004.wav,tsubasa,0,minato,12,,「えっ！？　あっ、う、うん……そうだよね……」
224800 ,,,,,,,みなと,みなと,02min092_005.wav,tsubasa,0,minato,3,,（ふぇぇ、ボクの精子がついちゃったからクリーニングしたなんて、言えないよぉ……）
224900 ,,,,,,,つばさ,つばさ,05tsu092_004.wav,tsubasa,5,minato,3,,「…………？」
225000 ,,,,,,,みなと,みなと,02min092_006.wav,tsubasa,5,minato,12,,「あっ、あはは……」
225100 ,,,,,,,つばさ,つばさ,05tsu092_005.wav,tsubasa,6,minato,12,,「それより、みなと……。学ラン着てたみなとはさ、その……すごく……」
225200 ,,,,,,,みなと,みなと,02min092_007.wav,tsubasa,6,minato,0,,「えっ？」
225300 ,,,,,,,つばさ,つばさ,05tsu092_006.wav,tsubasa,83,minato,0,,「かわぃ……かっ…………」
225400 ,,,,,,,つばさ,つばさ,05tsu092_007.wav,tsubasa,1,minato,0,,「んっ、んんっ！　カッコよかったよ」
225500 ,,,,,,,みなと,みなと,02min092_008.wav,tsubasa,1,minato,8,,「そう……？　ボク、ぜんぜん似合ってなかったんじゃないかな……」
225600 ,,,,,,,つばさ,つばさ,05tsu092_008.wav,tsubasa,15,minato,8,,「いや、そんなことないって！　似合ってた。うん、すごく似合ってたよ」
225700 ,,,,,,,みなと,みなと,02min092_009.wav,tsubasa,15,minato,5,,「そうかなぁ……」
225800 ,,,,,,,,,,,,,,,
225900 ,,,,,,,まりん,まりん,04mar092_001.wav,,,"marin,uniform",1,,「そーだよ、みなとちん、すっごくかわいかったよーっ！」
226000 ,,,,,,,つばさ,つばさ,05tsu092_009.wav,tsubasa,2,,,,「わわっ……！？」
226090 ,,,,,,,,,,,,,,,
226100 ,,,,,,,みなと,みなと,02min092_010.wav,minato,6,,,,「あんっ……まりんちゃん……」
226200 ,,,,,,,まりん,まりん,04mar092_002.wav,minato,6,marin,17,,「あんまりかわいいから、まりこ、思わずおもちかえりしたかったさー」
226300 ,,,,,,,つばさ,つばさ,05tsu092_010.wav,tsubasa,13,marin,17,,「なっ……なに言ってんだよ、氷川！」
226400 ,,,,,,,まりん,まりん,04mar092_003.wav,tsubasa,13,marin,0,,「つばさちんも、そーおもうでしょー？」
226500 ,,,,,,,つばさ,つばさ,05tsu092_011.wav,tsubasa,15,marin,0,,「そっ、それは……もうっ、しらないよっ！」
226700 ,,,,,,,,,,blank,0,marin,0,,
226800 ,,,,,,,みなと,みなと,02min092_011.wav,minato,8,marin,0,,「あっ、つばさくん……！　行っちゃった……」
226900 ,,,,,,,まりん,まりん,04mar092_004.wav,minato,8,marin,1,,「にゅふふー。てれかくしなのさー、あれは」
227000 ,,,,,,,みなと,みなと,02min092_012.wav,minato,0,marin,1,,「てれかくし……？」
227100 ,,,,,,,やちよ,やちよ,03yac092_001.wav,minato,0,"yatiyo,uniform",12,,「うん。つばさくんって、みなとくんにはガード甘々だから……。早く気付いてあげてね、みなとくん」
227200 ,,,,,,,みなと,みなと,02min092_013.wav,minato,0,yatiyo,12,,「…………？」
227300 ,,<s_fade time=""1500"" type=""panel"" param=""type=3"">,,9000,,,,,,,,,,,
227600 ,@02min022_f06,,,,,,,,,,,,,,
227900 ,"$gosub minato_come,min022_c",,,,,,,,,,,,,,
228000 ,*min022_c,,,,,,,,,,,,,,
228100 ,,,1,1011,,,,,,,,,,,
228200 ,"$gosub minato_free,min022_f",,,,,,,,,,,,,,
228300 ,*min022_f,,,,,,,,,,,,,,
228400 ,"$gosub minato_gohome,min022_g",,,,,,,,,,,,,,
228500 ,*min022_g,,,,,,,,,,,,,,
228700 ,@02min023,,,,,,,,,,,,,,
229000 ,"$gosub minato_morning,min023_m",,,,,,,,,,,,,,
229100 ,*min023_m,,,,,,,,,,,,,,
229200 ,,<s_fade time=""1500"" type=""panel"" param=""type=2"">,5,2011,,,,,,,,,,,
229300 ,,,,,,,みなと,みなと,02min079_001.wav,,,"minato,uniform",0,,「つばさくん……これから、サッカー部の練習？」
229400 ,,,,,,,つばさ,つばさ,05tsu079_001.wav,"tsubasa,uniform",0,minato,0,,「ああ、そうだよ」
229500 ,,,,,,,みなと,みなと,02min079_002.wav,tsubasa,0,minato,85,,「もうすぐ、試合だもんね……。がんばってね、つばさくん」
229600 ,,,,,,,つばさ,つばさ,05tsu079_002.wav,tsubasa,1,minato,85,,「ありがと、がんばるよ。……じゃあな、みなと」
229700 ,,,,,,,みなと,みなと,02min079_003.wav,tsubasa,1,minato,1,,「うん、ばいばい……」
229800 ,,,,,,,,,,,,,,,
229900 ,,,,,,,みなと,みなと,02min079_004.wav,minato,85,,,,（さてと……。ボクも、お兄ちゃんのお部屋に行こっかな……）
230000 ,,,,,,,みらい,みらい,01mir079_001.wav,"mirai,uniform",14,,,,「ふぅ……どうしようかしら……」
230100 ,,,,,,,やちよ,やちよ,03yac079_001.wav,"yatiyo,uniform",3,,,,「そうだね……」
230200 ,,,,,,,まりん,まりん,04mar079_001.wav,"marin,uniform",5,,,,「うーん、こまったにゃぁ……」
230300 ,,,,,,,,,,,,,,,
230400 ,,,,,,,みなと,みなと,02min079_005.wav,,,minato,0,,「あれっ……？　お姉ちゃんたち、どうしたの……？」
230500 ,,,,,,,やちよ,やちよ,03yac079_002.wav,yatiyo,0,,,,「ああ、みなとくん」
230600 ,,,,,,,まりん,まりん,04mar079_002.wav,yatiyo,0,marin,1,,「あっ、そうだっ！　にゅふふ……あれ、みなとちんにやってもらう、ってのはどぉ？」
230700 ,,,,,,,みらい,みらい,01mir079_002.wav,mirai,1,marin,1,,「あ、いいわね。それ賛成」
230800 ,,,,,,,やちよ,やちよ,03yac079_003.wav,mirai,1,yatiyo,2,,「ええっ！？　そんな……いいの……？」
230900 ,,,,,,,みらい,みらい,01mir079_003.wav,mirai,17,yatiyo,2,,「いいのいいの。みなとなら似合うわよ、きっと」
231000 ,,,,,,,やちよ,やちよ,03yac079_004.wav,mirai,17,yatiyo,1,,「たしかに、似合いそうだけど……。ううん。むしろ、きっとすごく似合うわ……」
231100 ,,,,,,,,,,,,,,,
231200 ,,,,,,,まりん,まりん,04mar079_003.wav,marin,1,,,,「じゃあ、みなとちんにけってーいっ！」
231300 ,,,,,,,みなと,みなと,02min079_006.wav,minato,2,,,,「えっ？　えっと、なにが……なにがボクに、決定なの……？」
231400 ,,,,,,,やちよ,やちよ,03yac079_005.wav,minato,2,yatiyo,1,,「あのっ、えっとね、みなとくんに、頼みたいことがあるんだけど……」
231500 ,,,,,,,みなと,みなと,02min079_007.wav,minato,0,yatiyo,1,,「うん……なぁに？」
231600 ,,,,,,,まりん,まりん,04mar079_004.wav,minato,0,marin,0,,「こんど、サッカー部の試合があるっしょー？」
231700 ,,,,,,,みなと,みなと,02min079_008.wav,minato,85,marin,0,,「あっ、うん……つばさくんも出るんだよね」
231800 ,,,,,,,みらい,みらい,01mir079_004.wav,minato,85,mirai,4,,「そうそう。それに、クラスでおうえんに行くんだけど……チアリーダーやる子のひとりがね、急に来られなくなっちゃったのよ」
231900 ,,,,,,,やちよ,やちよ,03yac079_006.wav,minato,85,yatiyo,12,,「それで、代わりにやってくれる子を探してるんだけど……」
232000 ,,,,,,,まりん,まりん,04mar079_005.wav,minato,85,marin,17,,「まぁ、ぶっちゃけてゆーと」
232100 ,,,,,,,みらい,みらい,01mir079_005.wav,minato,85,mirai,1,,「みなと、あんたがチアリーダーやってくんない？」
232200 ,,,,,,,みなと,みなと,02min079_009.wav,minato,2,mirai,1,,「えっ…………えええっ！？」
232300 ,,,,,,,みなと,みなと,02min079_010.wav,minato,15,mirai,1,,「そんな……だってボク、男の子だよぉ……」
232400 ,,,,,,,みらい,みらい,01mir079_006.wav,minato,15,mirai,85,,「だいじょうぶよ。チアリーダーの服を着たら、わかんないから」
232500 ,,,,,,,みなと,みなと,02min079_011.wav,minato,8,mirai,85,,「で、でもぉ……」
232600 ,,,,,,,みらい,みらい,01mir079_007.wav,minato,8,mirai,51,,「なに、イヤなの！？」
232700 ,,,,,,,みなと,みなと,02min079_012.wav,minato,82,mirai,51,,「あぅぅ……」
232800 ,,,,,,,やちよ,やちよ,03yac079_007.wav,minato,82,yatiyo,5,,「みらいちゃん、あんまり強く言っちゃダメだよ……」
232900 ,,,,,,,まりん,まりん,04mar079_006.wav,minato,82,marin,0,,「ねっ、おねがい……みなとちん」
233000 ,,,,,,,みなと,みなと,02min079_013.wav,minato,5,marin,0,,「えっ、えっと………………うん……」
233100 ,,,,,,,まりん,まりん,04mar079_007.wav,minato,5,marin,1,,「ホント！？　やってくれる？」
233200 ,,,,,,,みらい,みらい,01mir079_008.wav,minato,5,mirai,0,,「じゃあみなと、くわしいことはまたこんど話すから……おねがいねっ」
233300 ,,,,,,,みなと,みなと,02min079_014.wav,minato,14,mirai,0,,「う、うん…………」
233400 ,,,,,,,まりん,まりん,04mar079_008.wav,minato,14,marin,1,,「たすかったよっ、みなとちん！」
233500 ,,,,,,,やちよ,やちよ,03yac079_008.wav,minato,14,yatiyo,5,,「ごめんね……押しつけちゃって……」
233600 ,,,,,,,みなと,みなと,02min079_015.wav,minato,12,yatiyo,5,,「うっ、ううん……」
233690 ,,,,,,,,,,,,,,,
233700 ,,,,,,,みなと,みなと,02min079_016.wav,minato,3,,,,（ふぇぇ、どうしよう……大変なことになっちゃったよぉ……）
233800 ,,<s_fade time=""1500"" type=""panel"" param=""type=3"">,,9000,,,,,,,,,,,
234100 ,@02min024_f07,,,,,,,,,,,,,,
234200 ,"$gosub minato_come,min024_c",,,,,,,,,,,,,,
234300 ,*min024_c,,,,,,,,,,,,,,
234400 ,,,1,1011,,,,,,,,,,,
234500 ,"$gosub minato_free,min024_f",,,,,,,,,,,,,,
234600 ,*min024_f,,,,,,,,,,,,,,
234700 ,"$gosub minato_gohome,min024_g",,,,,,,,,,,,,,
234800 ,*min024_g,,,,,,,,,,,,,,
235000 ,@02min025,,,,,,,,,,,,,,
235600 ,,<s_fade time=""1500"" type=""panel"" param=""type=0"">,2,3031,,,,,,,,,,,
235700 ,,,,,,,つばさ,つばさ,05tsu081_001.wav,"tsubasa,uniform",84,,,,「あっ…………」
235800 ,,,,,,,弘明,弘明,,tsubasa,84,,,,「……ん？」
235900 ,,,,,,,,,,tsubasa,84,,,,　クライアントとの打ち合わせで、外に出た帰り……俺はつばさと、ばったり出会った。
236000 ,,,,,,,,,,tsubasa,84,,,,　つばさは、ネットに入れたボールを手に持っている。ちょうど、練習の帰り……といったところだろうか。
236100 ,,,,,,,つばさ,つばさ,05tsu081_002.wav,tsubasa,6,,,,「っ…………」
236200 ,,,,,,,弘明,弘明,,tsubasa,6,,,,「よっ、つばさ」
236300 ,,,,,,,つばさ,つばさ,05tsu081_003.wav,tsubasa,83,,,,「なっ、なんだよ……」
236400 ,,,,,,,,,,tsubasa,83,,,,　つばさは、俺から逃げるように後ずさった。
236600 ,"$fset %jump%,%minato",,,,,,,,,,,,,,
236700 ,$jump_begin,,,,,,,,,,,,,,
↓,"$jump_item 0,運動会行ってない,min025b",,,,,,,,,,,,,,
↓,"$jump_item 1,運動会行った,min025a",,,,,,,,,,,,,,
↓,$jump_end,,,,,,,,,,,,,,
236800 ,*min025a,,,,,,,,,,,,,,
237000 ,,,,,,,弘明,弘明,,tsubasa,83,,,,「なあ……足、もう大丈夫か？」
237100 ,,,,,,,つばさ,つばさ,05tsu081_004.wav,tsubasa,6,,,,「あ、ああ……。別に、なんともないよ」
237200 ,,,,,,,,,,tsubasa,6,,,,　つばさはケガした足を少し後ろに引きつつ、強がったように言う。
237300 ,,,,,,,弘明,弘明,,tsubasa,6,,,,「……そうか。ま、無理すんなよ」
237400 ,,,,,,,つばさ,つばさ,05tsu081_005.wav,tsubasa,6,,,,「うん……」
237500 ,,,,,,,弘明,弘明,,tsubasa,6,,,,「なあ、つばさ。ボール、ちょっと貸してみて」
237600 ,$go min025end,,,,,,,,,,,,,,
237800 ,*min025b,,,,,,,,,,,,,,
238000 ,,,,,,,弘明,弘明,,tsubasa,83,,,,「なあ、つばさ。ボール、ちょっと貸してみて」
238100 ,*min025end,,,,,,,,,,,,,,
238200 ,,,,,,,つばさ,つばさ,05tsu081_006.wav,tsubasa,4,,,,「えっ？」
238300 ,,,,,,,弘明,弘明,,tsubasa,4,,,,「そのボールだよ。ポーンと、軽く投げてみてよ」
238400 ,,,,,,,,,,tsubasa,4,,,,　俺はできる限りフレンドリーに言ったつもりだったけど、つばさは警戒の目で俺を見ている。
238500 ,,,,,,,弘明,弘明,,tsubasa,4,,,,「大丈夫だって。別に取って逃げたりしないから」
238600 ,,,,,,,つばさ,つばさ,05tsu081_002.wav,tsubasa,84,,,,「………………」
238700 ,,,,,,,,,,tsubasa,84,,,,　つばさはいつもの調子で俺をジトッと＜睨＝にら＞んだあと、仕方ないといった様子で小さく息をついた。
238800 ,,,,,,,つばさ,つばさ,05tsu081_007.wav,tsubasa,5,,,,「しょうがないな…………ほらっ」
238900 ,,,,,,,弘明,弘明,,tsubasa,5,,,,「……っ、とと」
239000 ,,,,,,,,,,tsubasa,5,,,,　つばさがちょっと乱暴に投げてよこしたボールを、俺は反射的に振り上げた右足の内側で小さくトラップした。
239100 ,,,,,,,,,,tsubasa,5,,,,　そうしてボールの勢いを殺し、真下へと落とす。そこにすぐさま右足を下ろして、ボールを地面に固定した。
239200 ,,,,,,,つばさ,つばさ,05tsu081_008.wav,tsubasa,2,,,,「へぇ……。あんた、なかなかやるじゃないか」
239300 ,,,,,,,弘明,弘明,,tsubasa,2,,,,「別に。やれないよ、全然」
239400 ,,,,,,,つばさ,つばさ,05tsu081_009.wav,tsubasa,72,,,,「素人が、そんなにうまくトラップできるわけないだろ……。あんた、結構サッカーやってただろ」
239500 ,,,,,,,弘明,弘明,,tsubasa,72,,,,「うん、まあ、昔……ちょっとな。ちょっとだけ、やってたんだ」
239600 ,,,,,,,,,,tsubasa,72,,,,　俺は軽く肩をすくめて、答えをうやむやにする。
239700 ,,,,,,,,,,tsubasa,72,,,,　まあ、サッカー部には入ってたけど、ずっと補欠で……レギュラーになんてなったことはないから、“ちょっと”という表現は間違っていないと思う。
239900 ,,,,,,,つばさ,つばさ,05tsu081_010.wav,tsubasa,72,,,,「ふーん……」
240000 ,,,,,,,,,,tsubasa,72,,,,　納得したのかそうでないのか、つばさは相変わらずの冷めた視線で、俺に向かってつかつかと歩み寄ってくる。
240100 ,,,,,,,,,,tsubasa,72,,,,　俺の足下にあるボールを奪いにきたんだというのは、雰囲気でわかった。俺も思わず、笑みがこぼれる。
240200 ,,,,,,,弘明,弘明,,tsubasa,72,,,,「おっ、なんだ？　やる気か？」
240300 ,,,,,,,つばさ,つばさ,05tsu081_011.wav,tsubasa,0,,,,「…………ああ」
240400 ,,,,,,,弘明,弘明,,tsubasa,0,,,,「よーし。勝負だ、つばさ。そう簡単には渡さんぞ？」
240500 ,,,,,,,,,,tsubasa,0,,,,　俺の言葉も終わらないうちに、つばさが一気に間合いを詰めてきた。そして鋭いダッシュで、不意打ちを仕掛けてくる。
240600 ,,,,,,,弘明,弘明,,tsubasa,0,,,,「よっ、と……！　甘いぞ、こっちだ、こっち！」
240700 ,,,,,,,つばさ,つばさ,05tsu081_012.wav,tsubasa,7,,,,「……っ！　くそっ……！」
240800 ,,,,,,,,,,,,,,,　意地悪するつもりなんてのは、全くなかった。
240900 ,,,,,,,,,,,,,,,　それこそ、数回競り合ったらすぐにボールを返すつもりだったけど……つばさと足先を戦わせるうち、俺もつい熱くなってしまっていた。
241000 ,,,,,,,つばさ,つばさ,05tsu075_009.wav,tsubasa,13,,,,「ッ……！」
241100 ,,,,,,,弘明,弘明,,tsubasa,13,,,,「まだまだ……よっ、とと、とっ！」
241200 ,,,,,,,,,,,,,,,　実際、俺は『サッカー経験者』の末席にギリギリ引っかかるようなレベルで、上手くともなんともない。
241300 ,,,,,,,,,,,,,,,　それでも俺とつばさの体格差を考えれば、俺が格段に有利な訳で……。それでもつばさは、俺のキープするボールを何度も奪いかけた。
241400 ,,,,,,,,,,,,,,,　みなとと同い年であろうつばさの年齢を考えれば、なるほど確かに、キャプテンにふさわしい実力の持ち主のようだ。
241600 ,,,,,,,つばさ,つばさ,05tsu081_013.wav,tsubasa,83,,,,「はぁっ、ふうっ……」
241700 ,,,,,,,,,,tsubasa,83,,,,　つばさは競り合いをあきらめると、肩を上下に揺らしながら俺を見た。
241800 ,,,,,,,,,,tsubasa,83,,,,　その口元には、今まで俺に見せたことがない……爽やかな笑顔が浮かんでいる。
241900 ,,,,,,,つばさ,つばさ,05tsu081_014.wav,tsubasa,1,,,,「最初は、口だけかと思ったけど……やるな、あんた……」
242000 ,,,,,,,,,,tsubasa,1,,,,　俺も上がりかけた息をひそかに整えつつ、つばさを挑発するように言い返した。
242100 ,,,,,,,弘明,弘明,,tsubasa,1,,,,「どうした、司令塔の名が泣くぞ」
242200 ,,,,,,,つばさ,つばさ,05tsu081_015.wav,tsubasa,5,,,,「……司令塔？」
242300 ,,,,,,,,,,tsubasa,5,,,,　つばさの反撃を期待して言ったんだけど……逆にきょとんとした顔をされて、俺は拍子抜けする。
242400 ,,,,,,,弘明,弘明,,tsubasa,5,,,,「い、いや……つばさってさ、チームのキャプテンだよな？」
242500 ,,,,,,,つばさ,つばさ,05tsu081_016.wav,tsubasa,84,,,,「あ、ああ、そうだけど……なんで知ってんの？」
242600 ,,,,,,,弘明,弘明,,tsubasa,84,,,,「ふふふ……やっぱりな。お前はチームの中心選手で、司令塔としてゲームメイクするミッドフィルダー。……背番号は、ズバリ１０！」
242700 ,,,,,,,つばさ,つばさ,05tsu081_017.wav,tsubasa,51,,,,「………………」
242800 ,,,,,,,つばさ,つばさ,05tsu081_018.wav,tsubasa,14,,,,「いや……ちがうけど…………」
243000 ,,<se file=""shock.wav"">,,,,,弘明,弘明,,tsubasa,14,,,,「…………なぬッ！？」
243100 ,,,,,,,つばさ,つばさ,05tsu081_019.wav,tsubasa,5,,,,「なにをかんちがいしてるか知らないけど……俺、ディフェンダーだよ？」
243200 ,,,,,,,弘明,弘明,,tsubasa,5,,,,「えっ？　お前……『つばさ』って名前なのに、ディフェンダーなの！？」
243300 ,,,,,,,つばさ,つばさ,05tsu081_020.wav,tsubasa,84,,,,「な、なんだよ……いいじゃないか」
243400 ,,,,,,,,,,tsubasa,84,,,,　そんなバカな、『つばさ』なのにディフェンダーなんて……ありえない！！
243500 ,,,,,,,弘明,弘明,,tsubasa,84,,,,「だってつばさって言えば、トップ下のミッドフィルダーだろ！？　背番号１０だろ！？　ドライブシュートの１本も打てて、当たり前だろ！？」
243600 ,,,,,,,つばさ,つばさ,05tsu081_021.wav,tsubasa,83,,,,「は、はぁ……？」
243700 ,,,,,,,弘明,弘明,,tsubasa,83,,,,「むぅ。俺たちの世代じゃ、サッカーやるヤツはバイブルのようにむさぼり読んでたものだが……。これがジェネレーションギャップというものか……」
243800 ,,,,,,,,,,tsubasa,83,,,,　俺は微妙なショックを受けつつも、はたと気が付いた。
243900 ,,,,,,,弘明,弘明,,tsubasa,83,,,,「ああそうか、アレだろ。ディフェンダーっても、ちょっと前に流行ったリベロ」
244000 ,,,,,,,つばさ,つばさ,05tsu081_022.wav,tsubasa,14,,,,「ちがうよ」
244100 ,,,,,,,弘明,弘明,,tsubasa,14,,,,「じゃアレだ、サイドバックからグワーッと攻撃参加。ブラジル代表のあの選手みたいな」
244200 ,,,,,,,つばさ,つばさ,05tsu081_023.wav,tsubasa,5,,,,「ちがうって。そんなこと、そうそうやれないよ……」
244300 ,,,,,,,,,,tsubasa,5,,,,　つばさは呆れたように息をつくと、それから俺を見据えて言った。
244400 ,,,,,,,つばさ,つばさ,05tsu081_024.wav,tsubasa,4,,,,「そもそも、俺のポジションはセンターバック。プレスの指示とか、ラインの上げ下げとか、試合中はずっといそがしいの。試合が終わった時には、声もかれてるし」
244500 ,,,,,,,弘明,弘明,,tsubasa,4,,,,「なんだ……地味だなあ……」
244600 ,,,,,,,つばさ,つばさ,05tsu081_025.wav,tsubasa,84,,,,「地味っていうな！　ディフェンスは大事なんだぞ……」
244700 ,,,,,,,,,,tsubasa,84,,,,　つばさはまた、俺をキッと睨む。
244800 ,,,,,,,弘明,弘明,,tsubasa,84,,,,「ごめんごめん、そんな怖い目で見るなよ。ほら、ボール返すよ。……よっと！！」
244900 ,,,,,,,,,,tsubasa,84,,,,　俺は思いっきり強く足を引いて見せて、それからぽーんと柔らかいボールを返す。強いボールが来ると思ったつばさがバランスを崩すのを見て、俺は笑顔で親指を立ててみせた。つばさは、悔しそうに俺を睨んでいる。
245000 ,,,,,,,弘明,弘明,,tsubasa,84,,,,「こんど会うときまでに、必殺シュートのひとつぐらい習得しとけよな。地平線の向こうから、ネット突き破るぐらいの」
245100 ,,,,,,,つばさ,つばさ,05tsu081_026.wav,tsubasa,15,,,,「ムチャ言うなっ！」
245200 ,,,,,,,弘明,弘明,,tsubasa,15,,,,「はははっ……じゃあな、つばさ。試合、頑張れよ」
245300 ,,,,,,,つばさ,つばさ,05tsu081_027.wav,tsubasa,5,,,,「あ、ああ……」
245400 ,,,,,,,,,,tsubasa,5,,,,　俺はつばさと別れて、家に向かう。途中、後ろを振り返らず、背中越しに軽く手を振った。
245600 ,,,,,,,つばさ,つばさ,05tsu081_028.wav,tsubasa,84,,,,「なんだよ、あいつ…………」
245800 ,,,,,,,つばさ,つばさ,05tsu081_029.wav,tsubasa,6,,,,「……………………」
245990 ,,<s_fade time=""1500"" type=""panel"" param=""type=3"">,0,9000,,,,,,,,,,,
246000 ,,<s_fade time=""1500"" type=""panel"" param=""type=2"">,1,1011,,,,,,,,,,,
246100 ,,,,,,,みなと,みなと,02min081_001.wav,"minato,uniform",85,,,,「お兄ちゃん、こんにちは……」
246200 ,,,,,,,弘明,弘明,,minato,85,,,,「おう、みなと」
246300 ,,,,,,,,,,minato,85,,,,　俺が家に帰り着いてから、しばらくしてみなとがやってきた。
246400 ,,,,,,,,,,minato,85,,,,　俺はみなとに冷えたジュースを出しつつ、さっきつばさと会ったことを話す。
246500 ,,,,,,,弘明,弘明,,minato,85,,,,「そういやさっき、近くでつばさに会ったぞ？」
246600 ,,,,,,,みなと,みなと,02min081_002.wav,minato,0,,,,「えっ……？」
246700 ,,,,,,,弘明,弘明,,minato,0,,,,「どうやら、練習の帰りみたいだったけど」
246800 ,,,,,,,みなと,みなと,02min081_003.wav,minato,5,,,,「れんしゅうの帰り……？」
246900 ,,,,,,,弘明,弘明,,minato,5,,,,「どうした、みなと」
247000 ,,,,,,,,,,minato,5,,,,　少し怪訝な顔をしたみなとを見て、俺も思わず聞き返した。
247100 ,,,,,,,みなと,みなと,02min081_004.wav,minato,4,,,,「帰りって、おかしいなぁ……。サッカー部、まだれんしゅうやってる時間のはずだよ……？」
247200 ,,,,,,,弘明,弘明,,minato,4,,,,「えっ？」
247300 ,,,,,,,,,,minato,4,,,,　どういうことだろう。サッカー部の練習が終わってないのに、つばさが帰ってるってことは……。
247600 ,,,,,,,みなと,みなと,02min081_005.wav,minato,8,,,,「うーん……」
247700 ,,,,,,,,,,minato,8,,,,　何かを思案していたみなとが、ふとつぶやくように漏らした。
247800 ,,,,,,,みなと,みなと,02min081_006.wav,minato,5,,,,「つばさくん、いろいろなやんでたみたいだったから……。今日はお休みしたのか、早引きしたのかも」
247900 ,,,,,,,弘明,弘明,,minato,5,,,,「悩んでた……？」
248000 ,,,,,,,みなと,みなと,02min081_007.wav,minato,8,,,,「つばさくんから、聞いたわけじゃないんだけど……」
248200 ,,,,,,,みなと,みなと,02min081_008.wav,minato,8,,,,「つばさくんが、自分にもみんなにも、きびしくて……上級生から、反発されてるんだって……」
248300 ,,,,,,,弘明,弘明,,minato,8,,,,「そっか……」
248400 ,,,,,,,弘明,弘明,,minato,8,,,,「なるほど、年下のヤツに仕切られるのが気にくわないんだな。今も昔も、そういうヤツはいるもんだなあ」
248500 ,,,,,,,,,,minato,8,,,,　俺は、小さく息をついた。
248600 ,,,,,,,,,,minato,8,,,,　これは休みとか早引きとかじゃなく……もっと深刻な問題なのかも知れないな。
248700 ,,,,,,,弘明,弘明,,minato,8,,,,「そういや……みなとは、いじめられたりとかしてないだろうな？」
248800 ,,,,,,,みなと,みなと,02min081_009.wav,minato,85,,,,「えっ？　ううん、ボクはぜんぜん……。つばさくんがいっしょにいてくれてたし……」
248900 ,,,,,,,弘明,弘明,,minato,85,,,,「そっか……」
249000 ,,,,,,,,,,minato,85,,,,　なるほど、ずっとつばさがナイト役だったって訳か。仕方がないとはいえ、微妙にプチ嫉妬。
249100 ,,,,,,,弘明,弘明,,minato,85,,,,「くそっ……みなとが学園に行ってるとき、俺はみなとと一緒にいられないしなあ」
249200 ,,,,,,,,,,minato,85,,,,　俺は恨みの声を上げながら、みなとの身体に抱きついた。
249300 ,,,,,,,みなと,みなと,02min081_010.wav,minato,6,,,,「あっ、あんっ……お兄ちゃんっ……！」
249400 ,,,,,,,弘明,弘明,,minato,6,,,,「みなと、今日はいっぱいエッチなコトしちゃうぞ……」
249700 ,@02min026_f08,,,,,,,,,,,,,,
249800 ,"$gosub minato_free,min026_f",,,,,,,,,,,,,,
249900 ,*min026_f,,,,,,,,,,,,,,
250000 ,"$gosub minato_gohome,min026_g",,,,,,,,,,,,,,
250100 ,*min026_g,,,,,,,,,,,,,,
250300 ,@02min029,,,,,,,,,,,,,,
250600 ,,<hide><s_fade time=""1500"" type=""panel"" param=""type=0"">,5,2031,,,,,,,,,,,
250700 ,,,,,,,みらい,みらい,01mir090_001.wav,"mirai,uniform",8,,,,「ねぇ……みなと」
250800 ,,,,,,,みなと,みなと,02min090_001.wav,mirai,8,"minato,uniform",0,,「なぁに……お姉ちゃん」
250900 ,,,,,,,みらい,みらい,01mir090_002.wav,mirai,4,minato,0,,「さいきん、みなと……あんまりクラブ出てないんだって？」
251000 ,,,,,,,みなと,みなと,02min090_002.wav,mirai,4,minato,15,,「えっ……！？」
251100 ,,,,,,,みなと,みなと,02min090_003.wav,mirai,4,minato,8,,「えっと……あ……その……」
251200 ,,,,,,,みらい,みらい,01mir090_003.wav,mirai,5,minato,8,,「でも、家には早く帰ってきてないよね……？」
251300 ,,,,,,,みなと,みなと,02min090_004.wav,mirai,5,minato,82,,「あ……う…………」
251400 ,,,,,,,みらい,みらい,01mir090_004.wav,mirai,8,minato,82,,「どこか……よりみちしてるの……？」
251500 ,,,,,,,みなと,みなと,02min090_005.wav,mirai,8,minato,3,,「んっ…………と……」
251600 ,,,,,,,みらい,みらい,01mir090_005.wav,mirai,8,minato,3,,「………………」
251700 ,,,,,,,みらい,みらい,01mir090_006.wav,mirai,85,minato,3,,「まあ、いいわ。危ないところじゃなかったらいいの」
251800 ,,,,,,,みらい,みらい,01mir090_007.wav,mirai,0,minato,3,,「行きましょ、みなと」
251900 ,,,,,,,みなと,みなと,02min090_006.wav,mirai,0,minato,5,,「う、うん…………」
252000 ,,<s_fade time=""1500"" type=""panel"" param=""type=3"">,,9000,,,,,,,,,,,
252300 ,@02min030,,,,,,,,,,,,,,
252600 ,,<s_fade time=""1500"" type=""panel"" param=""type=2"">,5,2011,,,,,,,,,,,
252700 ,,,,,,,みなと,みなと,02min080_001.wav,,,"minato,uniform",85,,「あっ、つばさくん……」
252800 ,,,,,,,つばさ,つばさ,05tsu080_001.wav,"tsubasa,uniform",0,minato,85,,「んっ、なんだ？　みなと」
252900 ,,,,,,,みなと,みなと,02min080_002.wav,tsubasa,0,minato,6,,「えっ、えっとね、ボク……」
253000 ,,,,,,,つばさ,つばさ,05tsu080_002.wav,tsubasa,5,minato,6,,「…………？」
253100 ,,,,,,,みなと,みなと,02min080_003.wav,tsubasa,5,minato,12,,「あっ、ううん……えっと……運動会でねんざした足は、もう大丈夫なの……？」
253200 ,,,,,,,つばさ,つばさ,05tsu080_003.wav,tsubasa,1,minato,12,,「ああ、大丈夫だよ」
253300 ,,,,,,,みなと,みなと,02min080_004.wav,tsubasa,1,minato,1,,「そっか、良かった……」
253400 ,,,,,,,つばさ,つばさ,05tsu080_004.wav,tsubasa,0,minato,1,,「じゃ俺、練習行くから」
253500 ,,,,,,,みなと,みなと,02min080_005.wav,tsubasa,0,minato,85,,「うん……。がんばってね……」
253600 ,,,,,,,つばさ,つばさ,05tsu080_005.wav,tsubasa,0,minato,85,,「ありがと。じゃあな」
253700 ,,,,,,,みなと,みなと,02min080_006.wav,blank,0,minato,12,,「ばいばい……」
253800 ,,,,,,,,,,,,minato,12,,
253900 ,,,,,,,みなと,みなと,02min080_007.wav,,,minato,3,,（ふぇ……やっぱり、チアリーダーになるなんて言えない……）
254000 ,,<s_fade time=""1500"" type=""panel"" param=""type=3"">,0,9000,,,,,,,,,,,
254300 ,@02min031,,,,,,,,,,,,,,
254600 ,,<s_fade time=""1500"" type=""panel"" param=""type=2"">,2,3031,,,,,,,,,,,
254700 ,,,,,,,,,,,,,,,　仕事でちょっと外に出た帰り、俺はまたもやつばさと出会った。
254800 ,,,,,,,弘明,弘明,,,,,,,「おう、つばさじゃないか」
254900 ,,,,,,,つばさ,つばさ,05tsu082_001.wav,"tsubasa,uniform",6,,,,「あ…………」
255000 ,,,,,,,,,,tsubasa,6,,,,　つばさも、俺の姿に気付いた。でもこの前のように、逃げたりはしない。
255100 ,,,,,,,弘明,弘明,,tsubasa,6,,,,「練習からの帰りか？」
255200 ,,,,,,,つばさ,つばさ,05tsu082_002.wav,tsubasa,5,,,,「う、うん…………」
255300 ,,,,,,,弘明,弘明,,tsubasa,5,,,,「みなとが心配してたぞ」
255400 ,,,,,,,つばさ,つばさ,05tsu082_003.wav,tsubasa,8,,,,「………………」
255500 ,,,,,,,弘明,弘明,,tsubasa,8,,,,「いろいろ、悩んでるらしいな」
255600 ,,,,,,,つばさ,つばさ,05tsu082_004.wav,tsubasa,84,,,,「べっ、べつに……そんなことないよ……」
255700 ,,,,,,,弘明,弘明,,tsubasa,84,,,,「俺は万年補欠でレギュラーになったこともないし、皆をまとめるポジションに立ったこともないけど……」
255800 ,,,,,,,弘明,弘明,,tsubasa,84,,,,「まあ補欠のベテランから言わせてもらえば、一人で全部背負い込みすぎなんだよ。キャプテンが」
255900 ,,,,,,,つばさ,つばさ,05tsu082_005.wav,tsubasa,5,,,,「えっ……？」
256000 ,,,,,,,弘明,弘明,,tsubasa,5,,,,「俺のチームのキャプテンも、マジメな性格の下級生でさ。つばさと同じようなことで悩んでたよ」
256100 ,,,,,,,弘明,弘明,,tsubasa,5,,,,「仲間を信じられなくなるってのが、一番良くない。嫌いな奴でも信じろってのは難しい話だが、もっと気楽に考えてもいいと思うぞ、つばさ」
256200 ,,,,,,,つばさ,つばさ,05tsu082_006.wav,tsubasa,3,,,,「………………」
256400 ,,,,,,,つばさ,つばさ,05tsu082_007.wav,tsubasa,3,,,,「うん…………」
256600 ,,,,,,,弘明,弘明,,tsubasa,3,,,,「つばさだけが苦しんでる訳じゃないんだ。不満に思ってるヤツだって、みんなそれぞれに悩んだりしてるんだよ、きっと」
256700 ,,,,,,,つばさ,つばさ,05tsu082_008.wav,tsubasa,4,,,,「……………………」
256800 ,,,,,,,弘明,弘明,,tsubasa,4,,,,「補欠の気持ちなら、いくらでもアドバイスしてやれるよ。つらい時に話せる相手がいるってだけで、気は楽だろ？」
256900 ,,,,,,,つばさ,つばさ,05tsu082_009.wav,tsubasa,6,,,,「う、うん…………」
257000 ,,,,,,,つばさ,つばさ,05tsu082_010.wav,tsubasa,4,,,,「……………………」
257100 ,,,,,,,弘明,弘明,,tsubasa,4,,,,「んっ、な、なんだ？」
257200 ,,,,,,,つばさ,つばさ,05tsu082_011.wav,tsubasa,6,,,,「あ、ううん…………な、なんでもない……」
257300 ,,,,,,,弘明,弘明,,tsubasa,6,,,,「お前がしおらしいと、なんか気持ち悪いな……」
257400 ,,,,,,,つばさ,つばさ,05tsu082_012.wav,tsubasa,83,,,,「きもちわるいって……なんだよっ！」
257500 ,,,,,,,弘明,弘明,,tsubasa,83,,,,「それくらい元気があるなら、大丈夫だ」
257600 ,,,,,,,弘明,弘明,,tsubasa,83,,,,「その方が、つばさらしいぞ」
257700 ,,,,,,,つばさ,つばさ,05tsu082_013.wav,tsubasa,4,,,,「俺らしい……」
257800 ,,,,,,,弘明,弘明,,tsubasa,4,,,,「なあ、つばさ。試合って、いつなんだ？」
257900 ,,,,,,,つばさ,つばさ,05tsu082_014.wav,tsubasa,2,,,,「えっ？」
258000 ,,,,,,,つばさ,つばさ,05tsu082_015.wav,tsubasa,84,,,,「あ、明日だよ……」
258100 ,,,,,,,弘明,弘明,,tsubasa,84,,,,「なんだ、明日だったか。そんなすぐだとは、思ってもなかったよ」
258200 ,,,,,,,つばさ,つばさ,05tsu082_016.wav,tsubasa,6,,,,「………………」
258300 ,,,,,,,,,,tsubasa,6,,,,　つばさは俺の顔を見上げたあと、すっと下を向いてしまった。
258700 ,$menu_begin,,,,,,,,,,,,,,
↓,"$menu_item 0,俺も、見に行っていいか？,02min031a",,,,,,,,,,,,,,
↓,"$menu_item 1,明日は用事があるんだよなあ……,02min031b",,,,,,,,,,,,,,
↓,$menu_end,,,,,,,,,,,,,,
258800 ,,,,,,,,,,,,,,,
258900 ,*02min031a,,,,,,,,,,,,,,
259100 ,"$fadd %tsubasa,1",,,,,,,,,,,,,,
259200 ,,,,,,,弘明,弘明,,tsubasa,6,,,,「なあ……つばさ。明日の試合、俺も見に行っていいか？」
259300 ,,,,,,,つばさ,つばさ,05tsu082_017.wav,tsubasa,2,,,,「……えっ？」
259360 ,,,,,,,弘明,弘明,,tsubasa,2,,,,「それ、部外者だって見に行けるんだよな？」
259370 ,,,,,,,,,,tsubasa,41,,,,　つばさはためらいがちに、小さくうなずいた。そして、時間と場所を教えてくれる。
259380 ,,,,,,,弘明,弘明,,tsubasa,41,,,,「そうか、学園のグラウンドか。ありがと。見に行くよ」
259390 ,,,,,,,,,,tsubasa,41,,,,　俺はつばさに手を振ると、家に向かって歩き出す。
259400 ,,,,,,,つばさ,つばさ,05tsu082_018.wav,tsubasa,51,,,,「じゃ、じゃあ……」
259500 ,,,,,,,弘明,弘明,,tsubasa,51,,,,「おう、じゃあな。明日はテキトーに頑張れよ」
259600 ,,,,,,,つばさ,つばさ,05tsu082_019.wav,tsubasa,84,,,,「ああ……」
259690 ,,,,,,,,,,tsubasa,84,,,,　俺はつばさと別れ、路地を進んだ。
259700 ,,,,,,,つばさ,つばさ,05tsu082_020.wav,tsubasa,6,,,,「……………………」
259800 ,,<hide><!ef_daypass>,0,9000,,,,,,,,,,,
260000 ,$go 02min032a,,,,,,,,,,,,,,
260100 ,,,,,,,,,,,,,,,
260200 ,*02min031b,,,,,,,,,,,,,,
260400 ,,,,,,,弘明,弘明,,tsubasa,6,,,,「そうか、明日か……。明日は用事があるんだよなあ……」
260500 ,,,,,,,つばさ,つばさ,05tsu082_021.wav,tsubasa,13,,,,「別にいいよっ！　見に来なくても」
260600 ,,,,,,,つばさ,つばさ,05tsu082_022.wav,tsubasa,3,,,,「………………」
260790 ,,,,,,,,,,tsubasa,3,,,,　俺は小さく謝ると、つばさに別れの言葉を告げる。
260799 ,,,,,,,弘明,弘明,,tsubasa,3,,,,「それじゃあな」
260800 ,,,,,,,つばさ,つばさ,05tsu082_023.wav,tsubasa,8,,,,「ああ」
260890 ,,,,,,,,,,tsubasa,8,,,,　路地を歩いていこうとする俺の背中に、つばさが声をかけた。
260900 ,,,,,,,つばさ,つばさ,05tsu082_024.wav,tsubasa,83,,,,「あんまり……みなとにひどいことするなよっ！」
261000 ,,,,,,,弘明,弘明,,,,,,,「ああ、わかってるよ」
261100 ,,,,,,,弘明,弘明,,,,,,,「……って、ええっ！？」
261200 ,,<s_fade time=""1500"" type=""panel"" param=""type=3"">,,9000,,,,,,,,,,,
261500 ,$go 02min032b_f09,,,,,,,,,,,,,,
261600 ,,,,,,,,,,,,,,,
261700 ,,,,,,,,,,,,,,,
261900 ,@02min032a,,,,,,,,,,,,,,
262200 ,,<hide><s_fade time=""1500"" type=""panel"" param=""type=0"">,4,2021,,,,,,,,,,,
262300 ,,,,,,,,,,,,,,,　翌日、俺はみなとたちの学園にやってきた。試合の為に運動場だけが開放されているので、運動会ほどの厳しいチェックはない。俺は校門をくぐると、人だかりがある方へと向かった。
262400 ,,,,,,,弘明,弘明,,,,,,,「おお、結構来てるもんなんだなぁ……」
262500 ,,,,,,,みらい,みらい,01mir083_001.wav,"mirai,private",0,,,,「あっ、お兄ちゃんっ」
262600 ,,,,,,,弘明,弘明,,mirai,0,,,,「ああ、みらいちゃん。みなと……いる？」
262700 ,,,,,,,みらい,みらい,01mir083_002.wav,mirai,17,,,,「みなと……？　ふふっ、いるわよぉ……」
262800 ,,,,,,,みらい,みらい,01mir083_003.wav,mirai,1,,,,「ほらっ、みなとっ！　お兄ちゃん来たわよっ！」
263000 ,,,,,,,みなと,みなと,02min083_001.wav,,,"minato,cheer",2,,「お……お兄ちゃん…………」
263100 ,,,,,,,弘明,弘明,,,,minato,2,,「えっ……み、みなと！？」
263200 ,,,,,,,,,,,,minato,2,,　俺は、思わず声を失う。みなとは、チアリーダーの格好をしていた。
263300 ,,,,,,,,,,,,minato,2,,　前に、みなとなら応援団じゃなくてチアリーダーの方が似合うだろ、と思ったことはあるけど……。まさか、本当にチアリーダーの格好になるなんて……。
263400 ,,,,,,,みなと,みなと,02min083_002.wav,,,minato,6,,「あ、あう……」
263500 ,,,,,,,弘明,弘明,,,,minato,6,,「えっと、みなと……その……」
263600 ,,,,,,,,,,,,minato,6,,　似合ってる……。すげー似合ってるんだけど、そう言っていいもんなんだろうか……。
263700 ,,,,,,,みなと,みなと,02min083_003.wav,,,minato,6,,「あうう……はずかしいよぉ……」
263800 ,,,,,,,みらい,みらい,01mir083_004.wav,mirai,5,minato,6,,「んもう、しゃんとしなさいっ！」
263900 ,,,,,,,みなと,みなと,02min083_004.wav,mirai,5,minato,5,,「でもぉ……」
264000 ,,,,,,,弘明,弘明,,mirai,5,minato,5,,「いや、まあ……すごく可愛いよ……」
264100 ,,,,,,,みなと,みなと,02min083_005.wav,mirai,5,minato,8,,「ほんと……？」
264200 ,,,,,,,弘明,弘明,,mirai,5,minato,8,,「ああ、ホントに」
264300 ,,,,,,,みなと,みなと,02min083_006.wav,mirai,5,minato,85,,「お兄ちゃんが、そう言ってくれるなら……」
264400 ,,,,,,,弘明,弘明,,mirai,5,minato,85,,「うん。女の子より可愛いよ」
264500 ,,,,,,,みらい,みらい,01mir083_005.wav,mirai,51,minato,85,,「んっ…………」
264600 ,,,,,,,弘明,弘明,,mirai,51,minato,85,,「あ…………いや、なんだ。女の子に負けないくらい、可愛いよ」
264700 ,,,,,,,みらい,みらい,01mir083_006.wav,mirai,17,minato,85,,「つばさが見たら、どれだけおどろくかしらねっ」
264800 ,,,,,,,みなと,みなと,02min083_007.wav,mirai,17,minato,6,,「あぅぅ……。ボク……かくれてる……」
264900 ,,,,,,,みらい,みらい,01mir083_007.wav,mirai,85,minato,6,,「まあ、しょうがないわね。好きにしたら」
265000 ,,,,,,,,,,,,,,,　みらいちゃんはしょげかえるみなとを連れて、女の子の集団に戻っていった。俺はウォーミングアップをしていたつばさを見つけると、他の選手の邪魔にならないよう気をつけて近付いていく。
265100 ,,,,,,,弘明,弘明,,,,,,,「よっ、つばさ」
265200 ,,,,,,,つばさ,つばさ,05tsu083_001.wav,"tsubasa,soccer",2,,,,「あ…………」
265300 ,,,,,,,弘明,弘明,,tsubasa,2,,,,「調子はいいか？」
265400 ,,,,,,,つばさ,つばさ,05tsu083_002.wav,tsubasa,6,,,,「うん……」
265500 ,,,,,,,弘明,弘明,,tsubasa,6,,,,「まあ、トーナメントじゃないんだ。リラックスしていけよ」
265600 ,,,,,,,つばさ,つばさ,05tsu083_003.wav,tsubasa,84,,,,「そんなの、言われなくてもわかってるよっ」
265700 ,,,,,,,弘明,弘明,,tsubasa,84,,,,「その意気だ」
265800 ,,,,,,,,,,tsubasa,84,,,,　そのときだった。少し離れたところから、元気な声が聞こえてくる。
265900 ,,<voice_volume vol=""-1000"">,,,,,みらい＠みなと＠やちよ＠まりん＠つばさ,チアリーダー,01mir083_008.wav＠02min083_008.wav＠03yac083_001.wav＠04mar083_001.wav＠05tsu083_004.wav＠ext083_e01.wav,,,,,,「ファイトーっ、ゴー！」
266000 ,,,,,,,みなと,みなと,02min083_009.wav,,,minato,6,,「ファ、ファイトーっ」
266100 ,,,,,,,,,,,,minato,6,,　チアリーダーによる、試合前の応援が始まったらしい。つばさも、チアリーダーの中に混じるみなとの姿に気が付いたようだ。
266200 ,,,,,,,,,,,,,,,
266300 ,,,,,,,つばさ,つばさ,05tsu083_005.wav,tsubasa,5,,,,「…………ん？」
266400 ,,,,,,,つばさ,つばさ,05tsu083_006.wav,tsubasa,2,,,,「なっ…………みなと！？」
266500 ,,,,,,,みなと,みなと,02min083_010.wav,tsubasa,2,minato,15,,「あう……つばさくん……」
266600 ,,,,,,,つばさ,つばさ,05tsu083_007.wav,tsubasa,6,minato,15,,「み、みなと……」
266800 ,,<voice_volume vol=""-1000"">,,,,,みらい＠みなと＠やちよ＠まりん＠つばさ,チアリーダー,01mir083_008.wav＠02min083_008.wav＠03yac083_001.wav＠04mar083_001.wav＠05tsu083_004.wav＠ext083_e01.wav,,,,,,「ファイトーっ、ゴー！」
267000 ,,,,,,,みなと,みなと,02min083_012.wav,,,minato,6,,「ファ、ファイトーっ」
267100 ,,,,,,,,,,,,minato,6,,　チアリーダーによる、元気な応援が続く。みなとが足を上げると、女物のスコートがバッチリ見えていた。
267200 ,,,,,,,,,,,,,,,
267300 ,,,,,,,まりん,褐色の女の子,04mar083_003.wav,"marin,private",1,,,,「やーんっ、みなとちんカワイイーっ！」
267400 ,,,,,,,みらい,みらい,01mir083_010.wav,mirai,14,,,,「ほんと……弟とは思えないわ……」
267500 ,,,,,,,やちよ,メガネの女の子,03yac083_003.wav,"yatiyo,private",4,,,,「女装も完璧……。むしろ他の女の子より可愛くなるなんて……みなとくん、おそろしい子……」
267600 ,,,,,,,みなと,みなと,02min083_013.wav,minato,3,,,,「はっ、はうう……はずかしいよぉ……」
267700 ,,,,,,,,,,,,,,,　みらいちゃんたちだけでなく、相手チームの選手たちも、みなとを指さして盛り上がっている。どうやら、みなとが本当は男の子というのは知らないようだ。
267800 ,,,,,,,,,,,,,,,　それにつられて、つばさと同じチーム……つまりはみなとと同じ学園の男子までもが、『あんなかわいい子、うちの学園にいたか？』なんて話で盛り上がっていた。
267900 ,,,,,,,,,,,,,,,　それからしばらくして、主審がコートの中央に立ち、選手たちもそこに集められる。まるで高校野球のように整列して礼をしたあと、グラウンドに散った。
268000 ,,,,,,,弘明,弘明,,,,,,,「つばさー、必殺シュートだーっ！　今こそ、修行の成果を見せてやれーッ！！」
268100 ,,,,,,,つばさ,つばさ,05tsu083_009.wav,tsubasa,84,,,,「あのバカ…………はずかしいな、もう……」
268200 ,,,,,,,,,,,,,,,
268300 ,,,,,,,,,,,,,,,　そのとき……ふと気付くと、隣でみなとが涙目になっていた。
268400 ,,,,,,,みなと,みなと,02min083_014.wav,minato,82,,,,「ふぇ……」
268500 ,,,,,,,,,,minato,82,,,,　みなとは、何か恥ずかしそうにもじもじとしている。
268600 ,,,,,,,弘明,弘明,,minato,82,,,,「……んっ、どうした、みなと？」
268700 ,,,,,,,みなと,みなと,02min083_015.wav,minato,15,,,,「あっ、う、うん、なんでもないよっ」
268800 ,,,,,,,,,,minato,15,,,,　みなとはいつも以上におどおどしつつ、しきりに股間を気にしている様子だった。
268900 ,,,,,,,みなと,みなと,02min083_016.wav,minato,6,,,,「えっと、あ、あの、ボク……トイレ行ってくるねっ！」
269000 ,,,,,,,,,,,,,,,
269400 ,"$cmp %tsubasa,>=,2",,,,,,,,,,,,,,
269500 ,"$fset %jump%,%cmp_flag%",,,,,,,,,,,,,,
269600 ,$jump_begin,,,,,,,,,,,,,,
↓,"$jump_item 0,みなとルートへ,02min032aa",,,,,,,,,,,,,,
↓,"$jump_item 1,つばさルートメニューへ,02min032menu",,,,,,,,,,,,,,
↓,$jump_end,,,,,,,,,,,,,,
269700 ,*02min032menu,,,,,,,,,,,,,,
269800 ,$menu_begin,,,,,,,,,,,,,,
↓,"$menu_item 0,みなとの後を追う,02min032aa",,,,,,,,,,,,,,
↓,"$menu_item 1,つばさの試合に集中する,02min032ab",,,,,,,,,,,,,,
↓,$menu_end,,,,,,,,,,,,,,
269900 ,,,,,,,,,,,,,,,
270000 ,*02min032aa,,,,,,,,,,,,,,
270200 ,,<m_fade voltime=""1500"">,"4,-1000",,,,,,,,,,,,　俺はみなとの行動をいぶかしんで、その後を追った。みなとは校庭の隅に隠れると、スカートをめくって股間をそっとさわっていた。
270300 ,,,,,,,みなと,みなと,02min083_017.wav,minato,15,,,,「やっ、あっ、お兄ちゃん……！？」
270400 ,,,,,,,弘明,弘明,,minato,15,,,,「そうか。チアリーダー姿で、パンツや足をみんなに見られたから……興奮して勃起しちゃったな？」
270500 ,,,,,,,みなと,みなと,02min083_018.wav,minato,6,,,,「あぅ……」
270600 ,,,,,,,弘明,弘明,,minato,6,,,,「パンツをみんなに見られて、可愛いって言われて……それでチ○チン勃っちゃうなんて、みなとはヘンタイだなあ」
270700 ,,,,,,,みなと,みなと,02min083_019.wav,minato,3,,,,「ふぇぇん……」
270800 ,,,,,,,,,,minato,3,,,,　俺は、泣き顔のみなとをそっと引き寄せる。
270900 ,,,,,,,みなと,みなと,02min083_020.wav,minato,82,,,,「お兄ちゃん……」
271000 ,,,,,,,弘明,弘明,,minato,82,,,,「その勃起をおさめるには、ここで精液を出すしかないな。いま抜いとかないと、後半の試合中、いつ勃起しちゃうかわからないぞ？」
271100 ,,,,,,,みなと,みなと,02min083_021.wav,minato,5,,,,「あっ、あう……そうだけど……」
271200 ,,,,,,,弘明,弘明,,minato,5,,,,「でもこの辺りじゃ、人に見つかる可能性があるな……。どこか、目立たなくていいところは……」
271300 ,,,,,,,,,,minato,5,,,,　俺は、きょろきょろと辺りを見回す。
271400 ,,,,,,,弘明,弘明,,minato,5,,,,「そうだ、みなと。あのすべり台に行こう」
271500 ,,,,,,,,,,minato,5,,,,　俺は校庭の端っこにある、ジャングルジムやらすべり台やらがひとつになっている複合遊具を指さした。あのすべり台なら、向きがグラウンドと逆になっていて全く見えない。
271600 ,,,,,,,弘明,弘明,,minato,5,,,,「あそこなら、グラウンドからは見えないぞ」
271700 ,,,,,,,みなと,みなと,02min083_022.wav,minato,8,,,,「でも……」
271800 ,,,,,,,,,,minato,8,,,,　俺は少し強引にみなとの手を取ると、大きなすべり台に向かった。
272000 ,$go 02min033_ev05,,,,,,,,,,,,,,
272100 ,,,,,,,,,,,,,,,
272200 ,*02min032ab,,,,,,,,,,,,,,
272400 ,,,,,,,,,,,,,,,　どこかに走っていくみなとの背中を見ていると、試合開始のホイッスルが鳴った。
272500 ,,<se file=""whistle.wav"" vol=""-500"">,,,,,,,,,,,,,　俺は慌てて、グラウンドに視線を戻す。
272700 ,$go 03tsu001,,,,,,,,,,,,,,
272800 ,,,,,,,,,,,,,,,
272900 ,,,,,,,,,,,,,,,
273100 ,@02min032b_f09,,,,,,,,,,,,,,
273200 ,"$gosub minato_come,min032b_c",,,,,,,,,,,,,,
273300 ,*min032b_c,,,,,,,,,,,,,,
273400 ,,,1,1011,,,,,,,,,,,
273500 ,"$gosub minato_free,min032b_f",,,,,,,,,,,,,,
273600 ,*min032b_f,,,,,,,,,,,,,,
273700 ,"$gosub minato_gohome,min032b_g",,,,,,,,,,,,,,
273800 ,*min032b_g,,,,,,,,,,,,,,
273900 ,$go 02min035_f10,,,,,,,,,,,,,,
274000 ,,,,,,,,,,,,,,,
274100 ,,,,,,,,,,,,,,,
274300 ,@02min033_ev05,,,,,,,,,,,,,,
275500 ,,<!ef_timepass><m_fade fadeout=""2000"" fadein=""1500"">,11,2021,110511,,,,,,,,,,
275600 ,*mem,,,,110511,,,,,,,,,,
275700 ,"$menu_begin ,mem_only",,,,110511,,,,,,,,,,
↓,"$menu_item 0,自分で剥いてみて,02min033a",,,,110511,,,,,,,,,,
↓,"$menu_item 1,俺が剥いてあげる,02min033b",,,,110511,,,,,,,,,,
↓,$menu_end,,,,110511,,,,,,,,,,
276000 ,,,11,2021,110511,,みなと,みなと,02min070_001.wav,,,,,,「あんっ……お兄ちゃん……」
276100 ,,,,,110511,,弘明,弘明,,,,,,,「みなと、みんなの前じゃ言えなかったけど……チアリーダー姿、すっごく可愛いよ」
276200 ,,,,,110511,,みなと,みなと,02min070_002.wav,,,,,,「あう……ほんと？」
276300 ,,,,,110511,,弘明,弘明,,,,,,,「ああ。もう可愛すぎて、抱きつきたくなるぐらい」
276400 ,,,,,110511,,みなと,みなと,02min070_003.wav,,,,,,「お兄ちゃんにそう言ってもらえると、うれしい……」
276500 ,,,,,110511,,,,,,,,,,　みなとがそう言って頬を赤くすると、その皮に包まれたチ○チンもヒクリと震えた。
276600 ,,,,,110511,,弘明,弘明,,,,,,,「みなと……んっ」
276700 ,,,,,110511,,みなと,みなと,02min070_004.wav,,,,,,「あんっ、お兄ちゃ……んんっ、ちゅっ」
276800 ,,,,,110511,,,,,,,,,,　我慢しきれなくなったみなとに覆いかぶさるようにして、その柔らかな唇を奪う。
276900 ,,,,,110511,,みなと,みなと,02min070_005.wav,,,,,,「ちゅっ……んんっ、んちゅ……ふぁっ！？　あっ、おっ、お兄ちゃん……んんっ！」
277000 ,,,,,110511,,,,,,,,,,　みなとのぷにぷにとした唇をついばみながら、手を股間に持っていき、指先でくにくにと包皮の感触を楽しむ。チ○チンの勃起で亀頭の当たりは突っ張ってきていた。
277100 ,,,,,110511,,弘明,弘明,,,,,,,「みなとのチ○チンえっちだな。早く欲しいって言ってるみたいだ」
277200 ,,,,,110511,,みなと,みなと,02min070_006.wav,,,,,,「あっあっ……そ、そんなこと……んっんぁっ！」
277300 ,,,,,110511,,弘明,弘明,,,,,,,「そんなこと……ある、だろ？　こんなにしちゃって」
277400 ,,,,,110511,,みなと,みなと,02min070_007.wav,,,,,,「ふぁぁぁっ！　あぁっ！　んぁぁっ！」
277500 ,,,,,110511,,,,,,,,,,　俺が手のひらですっぽりと包み込むようにしてみなとの幼いチ○チンを握ると、それは手の中で反発するかのようにドクンドクンと跳ね上がる。
277600 ,,,,,110511,,みなと,みなと,02min070_008.wav,,,,,,「あんっ、あぅっ！」
277700 ,,,,,110511,,,,,,,,,,　みなとのチ○チンを手のひらでちょっとキツめに包む。手のひらに伝わってくる熱い脈動が、また心地いい。
277800 ,,,,,110511,,みなと,みなと,02min070_009.wav,,,,,,「んあっ、あんっ……そんなにおち○ちんおさえつけられたら、くるしいよぉ……！」
277900 ,,,,,110511,,,,,,,,,,　その目の端には涙がたまり始めていたけど、その半閉じのまぶた、肌の赤くなり加減、唾液混じりに開いた口元、そのどれをとっても、快感にあえいでいることは確かなようだ。
278000 ,,,,,110511,,みなと,みなと,02min070_010.wav,,,,,,「あっ、ああっ！　お兄ちゃん、おち○ちんおさえちゃダメぇっ……！」
278100 ,,,,,110511,,,,,,,,,,　みなとは首を大きく振って、哀願をする。
278200 ,,,,,110511,,みなと,みなと,02min070_011.wav,,,,,,「んっ……おち○ちんくるしいよぉ……。お兄ちゃん……手をはなして……」
278300 ,,,,,110511,,弘明,弘明,,,,,,,「ああ、わかった。離してあげるよ」
278400 ,,,,,110511,,みなと,みなと,02min070_012.wav,,,,,,「あっ……」
278500 ,,,,,110511,,,,,,,,,,　俺が股間から手を離すと……みなとの可愛いチ○チンは、ビクンと大きく震えて、さらに大きく勃起したようだ。
278600 ,,,,,110511,,,,,,,,,,　俺はみなとの股間に顔を近づけると、少しだけ露出している亀頭の粘膜に、ちょんと鼻先をつけた。
278700 ,,,,,110511,,みなと,みなと,02min070_013.wav,,,,,,「きゃんっ！？」
278800 ,,,,,110511,,弘明,弘明,,,,,,,「今日いちにち、女の子のパンツに包まれてたチ○チンだから……女の子の匂いがする」
278900 ,,,,,110511,,みなと,みなと,02min070_014.wav,,,,,,「ええっ、うそっ！？」
279000 ,,,,,110511,,弘明,弘明,,,,,,,「ホントだよ」
279100 ,,,,,110511,,みなと,みなと,02min070_015.wav,,,,,,「あううぅぅ……」
279200 ,,,,,110511,,,,,,,,,,　みなとが恥ずかしがってうつむくと、小さなチ○チンはまたそれに合わせたかのようにピクンと震える。
279300 ,,,,,110511,,,,,,,,,,　さっきより勃起しているせいか、その包皮はパツンパツンに張っていて、ちょっと痛そうだ。
279400 ,,,,,110511,,弘明,弘明,,,,,,,「でもみなとのチ○チン、まだ皮がかぶってるな」
279500 ,,,,,110511,,みなと,みなと,02min070_016.wav,,,,,,「うん……だってボクのおち○ちん、ぼっきしても手でやらないとむけないもん……」
279600 ,,,,,110511,,弘明,弘明,,,,,,,「よし、それじゃ……」
280000 ,"$menu_begin ,mem_no",,,,,,,,,,,,,,
↓,"$menu_item 0,自分で剥いてみて,02min033a",,,,,,,,,,,,,,
↓,"$menu_item 1,俺が剥いてあげる,02min033b",,,,,,,,,,,,,,
↓,$menu_end,,,,,,,,,,,,,,
280100 ,,,,,,,,,,,,,,,エラー行
280200 ,,,,,,,,,,,,,,,エラー行
280300 ,*02min033a,,,,,,,,,,,,,,
280500 ,,,,,110511,,弘明,弘明,,,,,,,「みなと……チ○チン、自分で剥いてみて」
280600 ,,,,,110511,,みなと,みなと,02min070_017.wav,,,,,,「ええっ、ボクが……！？」
280700 ,,,,,110511,,,,,,,,,,　みなとは驚いた顔で、俺を見た。
280800 ,,,,,110511,,みなと,みなと,02min070_018.wav,,,,,,「ボク……ひとりでむくの、こわいよ……」
280900 ,,,,,110511,,弘明,弘明,,,,,,,「大丈夫、俺がしっかり見ててあげるから」
281000 ,,,,,110511,,みなと,みなと,02min070_019.wav,,,,,,「それ、もっと恥ずかしいよぉ……」
281100 ,,,,,110511,,,,,,,,,,　もじもじとしながら、恨めしそうな目で俺を見るみなと。俺はその顔に微笑みかけた。
281200 ,,,,,110511,,弘明,弘明,,,,,,,「前にも、一緒に剥いただろ？　簡単だよ」
281300 ,,,,,110511,,みなと,みなと,02min070_020.wav,,,,,,「うん……」
281400 ,,,,,110511,,,,,,,,,,　みなとは、自分のペニスにそっと手をかけ、確認するようにもう一度俺を見る。
281500 ,,,,,110511,,弘明,弘明,,,,,,,「そのまま、指を手前に引いて……」
281600 ,,,,,110511,,みなと,みなと,02min070_021.wav,,,,,,「ん……んぁ……」
281700 ,,,,,110511,,みなと,みなと,02min070_022.wav,,,,,,「あっ……あぅぅんっ！」
281900 ,,,,,110512,,,,,,,,,,　皮がつるんと剥け、亀頭の下のカサの部分にしわを刻んだ。
282000 ,,,,,110512,,みなと,みなと,02min070_023.wav,,,,,,「ふぁ、んぁ……」
282100 ,,,,,110512,,弘明,弘明,,,,,,,「キレイに剥けたぞ、みなと」
282200 ,,,,,110512,,みなと,みなと,02min070_024.wav,,,,,,「うん……」
282300 ,,,,,110512,,,,,,,,,,　可愛らしいピンクの亀頭があらわになっていた。
282400 ,,,,,110512,,弘明,弘明,,,,,,,「かわいいなみなとのチ○チン。えっちな色してる……」
282500 ,,,,,110512,,みなと,みなと,02min070_025.wav,,,,,,「やだよ、お兄ちゃん……はずかしい……」
282600 ,,,,,110512,,弘明,弘明,,,,,,,「ほめてるんだよ」
282700 ,,,,,110512,,みなと,みなと,02min070_026.wav,,,,,,「で、でもぉ……」
282800 ,,,,,110512,,,,,,,,,,　みなとが恥ずかしがるとまたチ○チンはピクンと震え、その反動でかさの下に収まっていた皮が動き出してしまう。
282900 ,,,,,110512,,みなと,みなと,02min070_027.wav,,,,,,「んっ、あっ……？　あんっ！」
283100 ,,,,,110513,,,,,,,,,,　ふと見ると、みなとのペニスは、また元の包茎ペニスに戻っていた。
283200 ,,,,,110513,,みなと,みなと,02min070_028.wav,,,,,,「あ……やっぱり、おち○ちんの皮もどっちゃう……」
283300 ,,,,,110513,,弘明,弘明,,,,,,,「最初のうちは仕方ないよ」
283400 ,,,,,110513,,みなと,みなと,02min070_029.wav,,,,,,「そうなの……？」
283500 ,,,,,110513,,弘明,弘明,,,,,,,「ああ。俺も剥けはじめはそんな感じだったぞ？」
283600 ,,,,,110513,,みなと,みなと,02min070_030.wav,,,,,,「そっか……」
283700 ,,,,,110513,,,,,,,,,,　妙に真剣な顔でうなずくみなとが微笑ましい。
283800 ,,,,,110513,,弘明,弘明,,,,,,,「もう一度、ゆっくり剥いてみるんだ」
283900 ,,,,,110513,,みなと,みなと,02min070_031.wav,,,,,,「うん……」
284000 ,,,,,110513,,,,,,,,,,　さっきはみなとの手に隠れて剥けきる瞬間がよく見えなかったので、今度はそれを逃さないように、しっかりと見つめ様と顔をみなとの股間に近づける。
284100 ,,,,,110513,,みなと,みなと,02min070_032.wav,,,,,,「あっ、んぁ……お兄ちゃんに、そんなちかくでおち○ちん見られてると……ああんっ……」
284200 ,,,,,110513,,弘明,弘明,,,,,,,「みなとのチ○チン、ひくひく揺れてるな……。んっ、ちょっと大きくなってきたぞ。至近距離で見られて、感じたか？」
284300 ,,,,,110513,,みなと,みなと,02min070_033.wav,,,,,,「んっ、あうっ、だって……そんなちかくに、お兄ちゃんのかおがあるんだもん……」
284400 ,,,,,110513,,,,,,,,,,　もうちょっと口を突き出せば、みなとのペニスをくわえられる距離にある。
284500 ,,,,,110513,,弘明,弘明,,,,,,,「さっきより、ちょっとチ○チン大きくなってるから……皮を剥くのも、ゆっくり丁寧にな」
284600 ,,,,,110513,,みなと,みなと,02min070_034.wav,,,,,,「んっ、ああっ……おち○ちんの皮、ちょっとつっぱる……！」
284700 ,,,,,110513,,弘明,弘明,,,,,,,「みなと、急がなくていいぞ。無理するなよ」
284800 ,,,,,110513,,,,,,,,,,　俺はみなとの亀頭に手を伸ばすと、皮を揉みほぐすように、指先でくにくにとつまんだ。
284900 ,,,,,110513,,みなと,みなと,02min070_035.wav,,,,,,「んっ、あああっ……お兄ちゃん……」
285000 ,,,,,110513,,弘明,弘明,,,,,,,「少しだけ手伝ってあげるよ」
285100 ,,,,,110513,,みなと,みなと,02min070_036.wav,,,,,,「う、うん……。ふぁっ、あ……」
285300 ,,,,,110512,,みなと,みなと,02min070_037.wav,,,,,,「んぁっ、あ……おち○ちん、むけた……」
285400 ,,,,,110512,,弘明,弘明,,,,,,,「よかったな、みなと」
285500 ,,,,,110512,,みなと,みなと,02min070_038.wav,,,,,,「ありがとう、お兄ちゃん……」
285600 ,,,,,110512,,,,,,,,,,　俺の顔は自然とみなとの顔に近づいていき、そっと唇を重ねる。
285700 ,,,,,110512,,みなと,みなと,02min070_039.wav,,,,,,「んちゅっ……▼」
285800 ,,,,,110512,,,,,,,,,,　口づけを済ませると、みなとは俺を見て微笑んでから、目をそらして小さなため息をついた。
285900 ,,,,,110512,,みなと,みなと,02min070_040.wav,,,,,,「やっぱりボク、お兄ちゃんがいないとダメかも……」
286000 ,,,,,110512,,弘明,弘明,,,,,,,「いいぞ。俺が、いつも一緒にいてあげるから」
286100 ,,,,,110512,,みなと,みなと,02min070_041.wav,,,,,,「ん……お兄ちゃん……▼」
286200 ,,,,,110512,,弘明,弘明,,,,,,,「みなと……このまま、自分でチ○チンいじってごらん」
286300 ,,,,,110512,,みなと,みなと,02min070_042.wav,,,,,,「おなにー、するの……？」
286400 ,,,,,110512,,弘明,弘明,,,,,,,「そうだ。オナニー、見せてくれるか？」
286500 ,,,,,110512,,みなと,みなと,02min070_043.wav,,,,,,「うん……。お兄ちゃん……ボクのオナニー、見ててね……」
286600 ,,,,,110512,,,,,,,,,,　みなとは恐る恐るチ○チンに手をあてがうと、ゆっくりとその手を上下に動かし始める。
286700 ,,,,,110512,,みなと,みなと,02min070_044.wav,,,,,,「ふぁ、んぁぁ……お兄ちゃんに、見られてる……お兄ちゃんに見られながら、オナニーしてる……」
286800 ,,,,,110512,,弘明,弘明,,,,,,,「カウパーが出てきたな、みなと」
286900 ,,,,,110512,,みなと,みなと,02min070_045.wav,,,,,,「うん……おち○ちんの先っぽから、ぬるぬるしたおツユが……出てきたよ……」
287000 ,,,,,110512,,弘明,弘明,,,,,,,「それをチ○チンに広げてこすると、もっと気持ちいいぞ」
287100 ,,,,,110512,,みなと,みなと,02min070_046.wav,,,,,,「んっ、と、こう……？　んんんっ、ああっ！　あ……ほんとだ、ぬるぬるしてきもちいい……」
287200 ,,,,,110512,,弘明,弘明,,,,,,,「みなとは、カウパーが多いからな。女の子みたいに、とろとろ湧き出てくるし」
287300 ,,,,,110512,,みなと,みなと,02min070_047.wav,,,,,,「そ、それって……へんなのかな……」
287400 ,,,,,110512,,弘明,弘明,,,,,,,「いや、全然変じゃないよ」
287500 ,,,,,110512,,,,,,,,,,　みなとはとくとくと湧き出るカウパーを、指先ですくい、両手でチ○チン全体に擦りつけていく。
287600 ,,,,,110512,,みなと,みなと,02min070_048.wav,,,,,,「んんんっ、あ、あう……ああんっ、んくっ、ああ……おち○ちんの先っぽ、じんじんしてきもちいい……」
287700 ,,,,,110512,,弘明,弘明,,,,,,,「そのまま、少しずつ強くしていってみて」
287800 ,,,,,110512,,みなと,みなと,02min070_049.wav,,,,,,「うん……。んっ、ふぁっ……あっ、んんっ……」
287900 ,,,,,110512,,弘明,弘明,,,,,,,「少しずつ……強く、早く…………気持ちいいか？」
288000 ,,,,,110512,,みなと,みなと,02min070_050.wav,,,,,,「お兄ちゃん……。おち○ちんが、ふわってなってきた……。んっ、あぁっ！」
288100 ,,,,,110512,,,,,,,,,,　催眠術のように朦朧としながら俺の言葉を受け入れていくみなと。
288200 ,,,,,110512,,,,,,,,,,　そのスピードはどんどん速くなっていき、やがてみなとの袋がきゅぅぅっと縮こまっていくのが見えた。
288300 ,,,,,110512,,みなと,みなと,02min070_051.wav,,,,,,「んっ、んんっ！　ふぁっ、あ……ボク、イッちゃう……」
288400 ,,,,,110512,,弘明,弘明,,,,,,,「イッていいぞ、みなと。イクところを、俺に見せてくれ」
288500 ,,,,,110512,,みなと,みなと,02min070_052.wav,,,,,,「うん……。あっ、あうっ！　んんんっ、んっ、あうっ……んんんっ、あっ、んああああぁぁぁぁっ……！！」
288800 ,,<!ef_shasei>,,,110514,,,,,,,,,,　みなとの身体が大きく跳ねて、その瞬間みなとの精液が亀頭の先からびゅくんと放出する。
288900 ,,,,,110514,,みなと,みなと,02min070_053.wav,,,,,,「ふぁ……あっ、んぁ……」
289000 ,,,,,110514,,,,,,,,,,　飛び散った精液は量こそはそれほどではないものの、そのいくつかは間近で見ていた俺の頬を濡らした。
289100 ,,,,,110514,,みなと,みなと,02min070_054.wav,,,,,,「はぁ、はぁ……お兄ちゃん、ごめんなさい……」
289200 ,,,,,110514,,弘明,弘明,,,,,,,「んっ、なんで謝るんだ？」
289300 ,,,,,110514,,みなと,みなと,02min070_055.wav,,,,,,「だ、だって、お兄ちゃんの顔に……精子、ついちゃってる……」
289400 ,,,,,110514,,弘明,弘明,,,,,,,「んん……ああ、これか……」
289500 ,,,,,110514,,,,,,,,,,　俺は熱い液体を感じる頬に手をやってそのぬるりとしたものを指先ですくい取り、そのままぱくっと指先を舐める。
289600 ,,,,,110514,,弘明,弘明,,,,,,,「うん、みなとの味がする……」
289700 ,,,,,110514,,みなと,みなと,02min070_056.wav,,,,,,「お、お兄ちゃんっ！？　やだ、それなめちゃやだぁっ！」
289800 ,,,,,110514,,弘明,弘明,,,,,,,「なんでだ？　全然平気だぞ」
289900 ,,,,,110514,,みなと,みなと,02min070_057.wav,,,,,,「でも、でも……」
290000 ,,,,,110514,,弘明,弘明,,,,,,,「そんなことより、みなと……」
290100 ,,,,,110514,,,,,,,,,,　みなとがうつむきかけた顔をあげた。
290200 ,,,,,110514,,弘明,弘明,,,,,,,「今度は俺も……みなとと一緒に気持ちよくなりたいな」
290300 ,,,,,110514,,みなと,みなと,02min070_058.wav,,,,,,「お兄ちゃん……」
290400 ,,,,,110514,,弘明,弘明,,,,,,,「みなとのチ○チンも、まだ勃起してるみたいだしな……」
290500 ,,,,,110514,,,,,,,,,,　精液にぬらぬらと光る幼いチ○チンを握って軽くしごいてやると、それは嬉しそうにビクビクと反応する。
290600 ,,,,,110514,,みなと,みなと,02min070_059.wav,,,,,,「あっ……ボク……」
290700 ,,,,,110514,,弘明,弘明,,,,,,,「な？」
290800 ,,,,,110514,,みなと,みなと,02min070_060.wav,,,,,,「うん、お兄ちゃん……▼」
291000 ,$go 02min033end,,,,,,,,,,,,,,
291100 ,,,,,,,,,,,,,,,
291200 ,*02min033b,,,,,,,,,,,,,,
291400 ,,,,,110511,,弘明,弘明,,,,,,,「それじゃ、みなと。また、俺が剥いてあげるよ」
291500 ,,,,,110511,,みなと,みなと,02min070_061.wav,,,,,,「うん……。お兄ちゃん、おち○ちんむいて……」
291600 ,,,,,110511,,,,,,,,,,　俺は皮に覆われたみなとのチ○チンに再び手をやって、亀頭の部分を皮ごと軽くつまむ。
291700 ,,,,,110511,,みなと,みなと,02min070_062.wav,,,,,,「ふぁっ……」
291800 ,,,,,110511,,弘明,弘明,,,,,,,「じゃあ、剥くぞ……？」
291900 ,,,,,110511,,みなと,みなと,02min070_063.wav,,,,,,「う、うん……」
292100 ,,,,,110515,,みなと,みなと,02min070_064.wav,,,,,,「んっ、んんっ……あ……おち○ちんの先っぽ、見えてきた……」
292200 ,,,,,110515,,みなと,みなと,02min070_065.wav,,,,,,「あっ……んぁんっ！　あ……ふぁぁ……おち○ちん、むけたね……」
292300 ,,,,,110515,,,,,,,,,,　皮の口を上に向け、まっすぐに剥けるように角度を調整しながら下ろしていくと、皮はツルンと下りて、そのやらしいピンク色の亀頭をさらけ出した。
292400 ,,,,,110515,,弘明,弘明,,,,,,,「ほら、剥けたぞ、みなと」
292500 ,,,,,110515,,みなと,みなと,02min070_066.wav,,,,,,「うん…………ちょっと、すーすーする……」
292600 ,,,,,110515,,弘明,弘明,,,,,,,「かわいいなみなとのチ○チン。えっちな色してる……」
292700 ,,,,,110515,,みなと,みなと,02min070_067.wav,,,,,,「やだよ、お兄ちゃん……はずかしい……」
292800 ,,,,,110515,,弘明,弘明,,,,,,,「ほめてるんだよ」
292900 ,,,,,110515,,みなと,みなと,02min070_068.wav,,,,,,「で、でもぉ……」
293000 ,,,,,110515,,,,,,,,,,　みなとが恥ずかしがるとまたチ○チンはピクンと震え、その反動でかさの下に収まっていた皮が動き出してしまう。
293100 ,,,,,110515,,みなと,みなと,02min070_069.wav,,,,,,「んっ、んあっ……？　あんっ！」
293300 ,,,,,110516,,,,,,,,,,　みなとのペニスは、また元の包茎ペニスに戻っていた。
293400 ,,,,,110516,,みなと,みなと,02min070_070.wav,,,,,,「あ……やっぱり、おち○ちんの皮もどっちゃう……」
293500 ,,,,,110516,,弘明,弘明,,,,,,,「最初のうちは仕方ないよ」
293600 ,,,,,110516,,みなと,みなと,02min070_071.wav,,,,,,「そうなの……？」
293700 ,,,,,110516,,弘明,弘明,,,,,,,「ああ。俺も剥けはじめはそんな感じだったぞ？」
293800 ,,,,,110516,,みなと,みなと,02min070_072.wav,,,,,,「そっか……」
293900 ,,,,,110516,,,,,,,,,,　妙に真剣な顔でうなずくみなとが微笑ましい。
294000 ,,,,,110516,,みなと,みなと,02min070_073.wav,,,,,,「じゃあ、なんどもむけば、もどらなくなるのかな……」
294100 ,,,,,110516,,弘明,弘明,,,,,,,「そうだな。個人差はあると思うけど……」
294200 ,,,,,110516,,,,,,,,,,　と素で答えてから、みなとの言葉の真意はそれじゃないことに気がつく。
294300 ,,,,,110516,,弘明,弘明,,,,,,,「……もう一度、剥いて欲しいか？」
294400 ,,,,,110516,,みなと,みなと,02min070_074.wav,,,,,,「う、うん……」
294500 ,,,,,110516,,弘明,弘明,,,,,,,「ああ、わかったよ」
294600 ,,,,,110516,,,,,,,,,,　俺はみなとの股間に顔を寄せて、その包皮に指先を添えた。
294700 ,,,,,110516,,みなと,みなと,02min070_075.wav,,,,,,「ふぁ……そんな近くで……」
294800 ,,,,,110516,,弘明,弘明,,,,,,,「今度は戻らないようにしっかり剥いてやるからな……」
294900 ,,,,,110516,,みなと,みなと,02min070_076.wav,,,,,,「う、うん……。ふぁっ、あっ……また、おち○ちんの皮が広がって……んんっ、あんっ！」
295100 ,,,,,110515,,みなと,みなと,02min070_077.wav,,,,,,「あっ……んぁ……」
295200 ,,,,,110515,,弘明,弘明,,,,,,,「剥けたぞ、みなと……」
295300 ,,,,,110515,,みなと,みなと,02min070_078.wav,,,,,,「うん……。おち○ちんがむけるしゅんかん、ぷりんって、おち○ちんが出てくるのが……きもちいい……」
295400 ,,,,,110515,,弘明,弘明,,,,,,,「剥きたてのチ○チンに、もっと気持ちいいことをしてあげるよ」
295500 ,,,,,110515,,みなと,みなと,02min070_079.wav,,,,,,「えっ……？　あっ……ああんっ！」
295600 ,,,,,110515,,,,,,,,,,　剥き下ろした包皮を放さずに、そのまま上下に動かす。
295700 ,,,,,110515,,みなと,みなと,02min070_080.wav,,,,,,「お、お兄ちゃんっ……あっ、ふぁぁっ……！」
295800 ,,,,,110515,,弘明,弘明,,,,,,,「どうだ、気持ちいいだろう？」
295900 ,,,,,110515,,みなと,みなと,02min070_081.wav,,,,,,「うん……んぁっ、あっ！　おち○ちん、きもちいいよぉ……」
296000 ,,,,,110515,,弘明,弘明,,,,,,,「もうちょっと強くしてみようか」
296100 ,,,,,110515,,みなと,みなと,02min070_082.wav,,,,,,「んぁっ、あんっ！　ふぁっ、はっ、あっ……おち○ちんの付け根、きゅうんって……する……」
296200 ,,,,,110515,,,,,,,,,,　みなとのこぼす熱い吐息が俺を興奮させ、より熱心にその行為を続けさせた。
296300 ,,,,,110515,,弘明,弘明,,,,,,,「カウパーが出てきたな、みなと」
296400 ,,,,,110515,,みなと,みなと,02min070_083.wav,,,,,,「うん……おち○ちんの先っぽから、ぬるぬるしたおツユ……出てきてる……」
296500 ,,,,,110515,,,,,,,,,,　俺はそれを指先ですくうと、みなとのチ○チン全体に塗り広げてから、擦り上げを再開する。
296600 ,,,,,110515,,みなと,みなと,02min070_084.wav,,,,,,「あっ、ふぁんっ！　はぁっ、あぁっ……ぬるぬるしてきもちいい……」
296700 ,,,,,110515,,弘明,弘明,,,,,,,「みなとは、カウパーが多いからな。女の子みたいに、とろとろ湧き出てくるし」
296800 ,,,,,110515,,みなと,みなと,02min070_085.wav,,,,,,「そ、それって……へんなのかな……」
296900 ,,,,,110515,,弘明,弘明,,,,,,,「いや、全然変じゃないよ」
297000 ,,,,,110515,,みなと,みなと,02min070_086.wav,,,,,,「んんんっ、あっ、あう……ああんっ、んくっ、ああ……おち○ちんの先っぽ、じんじんしてきもちいい……」
297100 ,,,,,110515,,,,,,,,,,　陶然とした様子でそう言うみなとの声に、だんだんと指先に込める力を強めていく。
297200 ,,,,,110515,,弘明,弘明,,,,,,,「……どうだ、みなと。気持ちいいか？」
297300 ,,,,,110515,,みなと,みなと,02min070_087.wav,,,,,,「お兄ちゃん……お兄ちゃん……あっ、んぁっ！」
297400 ,,,,,110515,,,,,,,,,,　徐々に強く、徐々に早く……俺は、もっと強くしたい衝動をこらえて、ゆっくりとゆっくりとレベルを上げていった。
297500 ,,,,,110515,,みなと,みなと,02min070_088.wav,,,,,,「ふぁっ、あっ、ああっ！　んっ、ううっ、んぁ……」
297600 ,,,,,110515,,,,,,,,,,　ガタガタとすべり台が揺れ、みなとがあえぎ声と共に、口の端から唾液をこぼす。
297700 ,,,,,110515,,,,,,,,,,　それがかなりのスピードに達した時、みなとのタマタマがきゅうっと縮こまっていくのが見えた。
297800 ,,,,,110515,,みなと,みなと,02min070_089.wav,,,,,,「んっ、んんっ、ふぁ、んぁ……ボク、イッちゃうっ、イッちゃう……っ！」
297900 ,,,,,110515,,弘明,弘明,,,,,,,「イッていいぞ、みなと。イクところを、俺に見せてくれ」
298000 ,,,,,110515,,みなと,みなと,02min070_090.wav,,,,,,「んっ、あうっ、ああっ！　お兄ちゃんに、おち○ちんこすられて……ああんっ！　精子、出ちゃうよぉ……！　あっ、ああっ、んああああぁぁぁぁっ……！！」
298200 ,,<!ef_shasei>,,,110517,,,,,,,,,,　みなとの身体が大きく跳ねて、その瞬間みなとの精液が亀頭の先からびゅくんと放出する。
298400 ,,,,,110517,,みなと,みなと,02min070_053.wav,,,,,,「ふぁ……あっ、んぁ……」
298500 ,,,,,110517,,,,,,,,,,　飛び散った精液は量こそはそれほどではないものの、そのいくつかは間近で見ていた俺の頬を濡らした。
298700 ,,,,,110517,,みなと,みなと,02min070_054.wav,,,,,,「はぁ、はぁ……お兄ちゃん、ごめんなさい……」
298800 ,,,,,110517,,弘明,弘明,,,,,,,「んっ、なんで謝るんだ？」
299000 ,,,,,110517,,みなと,みなと,02min070_055.wav,,,,,,「だ、だって、お兄ちゃんの顔に……精子、ついちゃってる……」
299100 ,,,,,110517,,弘明,弘明,,,,,,,「んん……ああ、これか……」
299200 ,,,,,110517,,,,,,,,,,　俺は熱い液体を感じる頬に手をやってそのぬるりとしたものを指先ですくい取り、そのままぱくっと指先を舐める。
299300 ,,,,,110517,,弘明,弘明,,,,,,,「うん、みなとの味がする……」
299500 ,,,,,110517,,みなと,みなと,02min070_056.wav,,,,,,「お、お兄ちゃんっ！？　やだ、それなめちゃやだぁっ！」
299600 ,,,,,110517,,弘明,弘明,,,,,,,「なんだよ、みなとも俺の舐めてただろう？」
299800 ,,,,,110517,,みなと,みなと,02min070_057.wav,,,,,,「でも、でも……」
299900 ,,,,,110517,,弘明,弘明,,,,,,,「そんなことより、みなと……」
300000 ,,,,,110517,,,,,,,,,,　みなとがうつむきかけた顔をあげた。
300100 ,,,,,110517,,弘明,弘明,,,,,,,「今度は俺も……みなとと一緒に気持ちよくなりたいな」
300300 ,,,,,110517,,みなと,みなと,02min070_058.wav,,,,,,「お兄ちゃん……」
300400 ,,,,,110517,,弘明,弘明,,,,,,,「みなとのチ○チンも、まだ勃起してるみたいだしな……」
300500 ,,,,,110517,,,,,,,,,,　精液にぬらぬらと光る幼いチ○チンを握って軽くしごいてやると、それは嬉しそうにビクビクと反応する。
300700 ,,,,,110517,,みなと,みなと,02min070_059.wav,,,,,,「あっ……ボク……」
300800 ,,,,,110517,,弘明,弘明,,,,,,,「な？」
301000 ,,,,,110517,,みなと,みなと,02min070_060.wav,,,,,,「うん、お兄ちゃん……▼」
301100 ,$go 02min033end,,,,,,,,,,,,,,
301200 ,,,,,,,,,,,,,,,
301300 ,*02min033end,,,,,,,,,,,,,,
301790 ,,<m_fade fadeout=""2000"" fadein=""1500"">,10,,110521,,,,,,,,,,
301800 ,,,,,110521,,みなと,みなと,02min070_091.wav,,,,,,「ああっ……お兄ちゃんっ……おち○ちん、入ってくる……んぁぁっ！」
301900 ,,,,,110521,,,,,,,,,,　俺はみなとと入れ替わってすべり台の中に寝そべり、みなとに勃起したチ○チンに腰を下ろすように指示した。
302000 ,,,,,110521,,,,,,,,,,　周りからは、みなとだけがすべり台のところに座ってるように見えるかもしれない。
302100 ,,,,,110521,,弘明,弘明,,,,,,,「下からみなとのあえぐ顔も、勃起したチ○チンがスカートを押し上げてるのも、全部見えるよ」
302200 ,,,,,110521,,みなと,みなと,02min070_092.wav,,,,,,「やっ、やぁ……はずかしい……。あっ、んぁぁっ！」
302300 ,,,,,110521,,,,,,,,,,　恥ずかしがってうつむこうとする瞬間、ぐいぐいと腰を突き上げて、それをさせないようにする。
302400 ,,,,,110521,,みなと,みなと,02min070_093.wav,,,,,,「ふぁっ、んっ、ああっ……」
302500 ,,,,,110521,,弘明,弘明,,,,,,,「よさそうだな……俺も……んっ、気持ちいいよ」
302600 ,,,,,110521,,,,,,,,,,　ギシギシと激しくきしむすべり台だけど、実は俺の方からはそこまで動けない体勢。
302700 ,,,,,110521,,,,,,,,,,　すなわち、みなと自身が腰を動かして、すべり台をきしませているわけだ。
302800 ,,,,,110521,,みなと,みなと,02min070_094.wav,,,,,,「お兄ちゃん……お兄ちゃぁん……！」
302900 ,,,,,110521,,弘明,弘明,,,,,,,「みなと……あんまり声、出したら……バレちゃうぞ……」
303000 ,,,,,110521,,みなと,みなと,02min070_095.wav,,,,,,「でもっ、ボク……ああっ！　きもちよすぎて、がまんできないよぉ……。んんっ、あっ、んぁっ！！」
303100 ,,,,,110521,,,,,,,,,,　どうやらみなとは自分でも止められないようで、さらに腰の動きを強めてくる。
303200 ,,,,,110521,,,,,,,,,,　みなとの括約筋も激しく蠢き、俺のチ○チンから精液を搾り出そうとしていた。
303300 ,,,,,110521,,,,,,,,,,　こんなに早くイかされてはたまらない。俺は両手を暴れるみなとの腰にやって、押さえつけるようにして奥まで突き入れた。
303400 ,,,,,110521,,みなと,みなと,02min070_096.wav,,,,,,「ひぁっ！？　あっ、あぁぁ……んっ、ふぁぁ……」
303500 ,,,,,110521,,,,,,,,,,　広いみなとのアヌスの中を、ゆっくりと腰を動かしてかき回す。
303600 ,,,,,110521,,弘明,弘明,,,,,,,「ちゃんと二人で気持ちよく……な？」
303700 ,,,,,110521,,みなと,みなと,02min070_097.wav,,,,,,「うん……お、お兄ちゃんが……おなかのなか……かきまぜてるよぉ……んっ、ふぁぁんっ……」
303800 ,,,,,110521,,,,,,,,,,　みなとの感じる顔を見上げると、その手前でひらりとシャツが揺らめき、その奥の乳首が寂しそうに勃起してるのが見えた。
303900 ,,,,,110521,,弘明,弘明,,,,,,,「シャツの下で乳首も立ってるな。こっちもいじってあげる……」
304000 ,,,,,110521,,みなと,みなと,02min070_098.wav,,,,,,「あっ、ああっ……おっぱい、くりくりすると……あんっ、ああっ！　おち○ちんも、いっしょにきゅうんってなるよぉ……」
304100 ,,,,,110521,,,,,,,,,,　腰をゆっくりと動かしながら、シャツの下から手を差し入れて乳首をコリコリと爪弾く。
304200 ,,,,,110521,,,,,,,,,,　その快感でアヌスに力がこもり、俺のチ○チンが快感の悲鳴をあげた。
304300 ,,,,,110521,,,,,,,,,,　一度ペースダウンしたものの、もうこらえ切れそうにない。みなとの方も懸命にこみ上げる快感をこらえているようだ。
304400 ,,,,,110521,,弘明,弘明,,,,,,,「みなと……スピード上げるぞ」
304500 ,,,,,110521,,みなと,みなと,02min070_099.wav,,,,,,「う、うん……お兄ちゃんのおち○ちんで、ボクのおしり……ぐりぐりって、きもちよくして……」
304600 ,,,,,110521,,,,,,,,,,　くいくいと腰をリズムよく突き上げていくと、みなともそれに合わせて腰を動かし始める。
304700 ,,,,,110521,,,,,,,,,,　はじめこそタイミングが合わなかったが、だんだんと二人の動きが合うようになっていき、だんだんと二人の動きが激しくなっていく。
304800 ,,,,,110521,,みなと,みなと,02min070_100.wav,,,,,,「あっ、あっ、んぁぁっ！　お兄ちゃんっ……！」
304900 ,,,,,110521,,弘明,弘明,,,,,,,「みなとっ……そう、上手いぞ、みなと……」
305000 ,,,,,110521,,みなと,みなと,02min070_101.wav,,,,,,「ボク……いま、お兄ちゃんといっしょ……いっしょに、きもちよくなってる……んぁっ！」
305100 ,,,,,110521,,弘明,弘明,,,,,,,「ああ、一緒だよ、みなと…………くぅっ」
305200 ,,,,,110521,,,,,,,,,,　二人の動きも、二人の呼吸も、二人の鼓動も一つになっていく。そんな実感がある。
305300 ,,,,,110521,,,,,,,,,,　そして、俺は熱い塊がこみ上げてくるのを感じていた。きっと今、みなともそれを感じている。
305400 ,,,,,110521,,みなと,みなと,02min070_102.wav,,,,,,「お兄ちゃん、ボク、もう、ダメぇ……。また精子が、出ちゃいそう……」
305500 ,,,,,110521,,弘明,弘明,,,,,,,「俺もだ、みなと……」
305600 ,,,,,110521,,みなと,みなと,02min070_103.wav,,,,,,「んっ、ああぁぁっ、お兄ちゃんっ！　あっ、ああっ、んんんっ、あうっ！　おち○ちん、きゅうって……またイッちゃう……精子出ちゃう……あっ、あうっ、んんんっ、あうっ、んああぁぁぁぁ……っ！！！」
305900 ,,<!ef_shasei>,,,110522,,みなと,みなと,02min070_104.wav,,,,,,「あっ、んぁぁぁっ！　んんんっ、あう……んぁ……」
306000 ,,,,,110522,,弘明,弘明,,,,,,,「ああ……みなと……」
306100 ,,,,,110522,,,,,,,,,,　俺のペニスがビクビクと痙攣し、みなとのアヌスの中に大量の精子を放った。
306200 ,,,,,110522,,,,,,,,,,　それと同時に、みなとのペニスも痙攣して、そのスカートを内側から汚している。
306300 ,,,,,110522,,みなと,みなと,02min070_105.wav,,,,,,「んんっ、あん…………ふぁぁ……」
306400 ,,,,,110522,,,,,,,,,,　みなとは脱力して俺にそのまま覆いかぶさってきた。
306500 ,,,,,110522,,,,,,,,,,　俺はその頬を両手で挟みこんで、小さな唇に自分の唇を押し当てる。
306600 ,,,,,110522,,みなと,みなと,02min070_106.wav,,,,,,「んっ……お兄ちゃん……ちゅっ、んちゅ……」
306700 ,,,,,110522,,弘明,弘明,,,,,,,「ちゅっ、んんっ…………みなと……」
306800 ,,,,,110522,,みなと,みなと,02min070_107.wav,,,,,,「ふぁ……だいすき……」
306900 ,$event_return,,,,110522,,,,,,,,,,
307200 ,,<m_fade fadeout=""2000"">,0,,110522,,,,,,,,,,
307300 ,,<s_fade time=""2500"">,,9000,,,,,,,,,,,
307400 ,,<s_fade time=""1500"" type=""panel"" param=""type=0""><m_fade fadein=""1500"">,"4,-1500",2021,,,,,,,,,,,
307500 ,,,,,,,つばさ,つばさ,05tsu070_001.wav,"tsubasa,soccer",5,,,,「みなと……弘明さん……いつの間にかいなくなって……どこ行ったんだ……」
307600 ,,,,,,,つばさ,つばさ,05tsu070_002.wav,tsubasa,13,,,,「んんっ、何か声が……。……ああっ！？」
307700 ,,,,,,,,,,,,,,,
307800 ,,<m_fade fadeout=""2000"" fadein=""1500"">,12,,,,みなと,みなと,02min070_108.wav,"minato,cheer",81,,,,「お兄ちゃぁん……ちゅっ、んちゅっ……」
307900 ,,,,,,,弘明,弘明,,minato,81,,,,「んっ、んんっ……みなと……」
308000 ,,,,,,,,,,,,,,,
308100 ,,,,,,,つばさ,つばさ,05tsu070_003.wav,minato,81,tsubasa,83,,（みなと……）
308200 ,,,,,,,みなと,みなと,02min070_109.wav,minato,81,tsubasa,83,,「ちゅっ……ちゅっ、んんっ……ちゅるっ、あむっ……」
308300 ,,,,,,,つばさ,つばさ,05tsu070_004.wav,minato,81,tsubasa,15,,（うわぁ……みなと……すごくエッチだ…………）
308400 ,,,,,,,,,,,,,,,
308500 ,,,,,,,みなと,みなと,02min070_110.wav,minato,8,,,,「あんっ……。もう、はやくもどらないと、そろそろハーフタイムだよぉ……」
308600 ,,,,,,,弘明,弘明,,minato,8,,,,「ああ……そうだな。行くか、みなと」
308700 ,,,,,,,みなと,みなと,02min070_111.wav,minato,60,,,,「うんっ」
308800 ,,,,,,,,,,,,,,,
308900 ,,,,,,,つばさ,つばさ,05tsu070_005.wav,,,tsubasa,15,,（わっ、わわっ、こっちに来る！？　逃げなきゃ！）
309000 ,,,,,,,,,,,,,,,
309100 ,,<m_fade fadeout=""2000"" fadein=""1500"">,"4,-1500",,,,みなと,みなと,02min070_112.wav,minato,0,,,,「んっ……？」
309200 ,,,,,,,弘明,弘明,,minato,0,,,,「どうした、みなと？」
309300 ,,,,,,,みなと,みなと,02min070_113.wav,minato,1,,,,「ううん、気のせいだったみたい……」
309400 ,,,,,,,弘明,弘明,,minato,1,,,,「そっか、早く戻るぞ」
309500 ,,,,,,,みなと,みなと,02min070_114.wav,minato,85,,,,「うん」
309690 ,,<s_fade time=""2000"">,,9000,,,,,,,,,,,
309700 ,,<wait time=""500""><m_fade voltime=""2000"">,"4,0",2021,,,,,,,,,,,　戻った時には、１－０だった。後半を逃げ切った。
309800 ,,,,,,,みなと,みなと,02min070_115.wav,,,minato,1,,「つばさくん、おめでとう」
309900 ,,,,,,,つばさ,つばさ,05tsu070_006.wav,tsubasa,6,minato,1,,「えっ！？　あ、ああ……ありがとな」
310000 ,,,,,,,みなと,みなと,02min070_116.wav,tsubasa,6,minato,0,,「…………？」
310100 ,,,,,,,,,,tsubasa,6,minato,0,,　つばさは心ここにあらずといった風で、気の抜けた相づちを打つ。
310200 ,,,,,,,みらい,みらい,01mir070_001.wav,tsubasa,6,mirai,51,,「なによっ、みなとに見とれてるんじゃないの？」
310300 ,,,,,,,つばさ,つばさ,05tsu070_007.wav,tsubasa,84,mirai,51,,「ちっ……ちがうよっ！」
310400 ,,,,,,,弘明,弘明,,tsubasa,84,,,,「つばさ、よくやったな」
310600 ,,,,,,,つばさ,つばさ,05tsu070_008.wav,tsubasa,3,,,,「……………………」
310700 ,,,,,,,弘明,弘明,,tsubasa,3,,,,「……つばさ？」
310800 ,,,,,,,つばさ,つばさ,05tsu070_009.wav,tsubasa,5,,,,「あ、ありがと……」
310900 ,,,,,,,弘明,弘明,,tsubasa,5,,,,「ああ……」
311000 ,,,,,,,つばさ,つばさ,05tsu070_010.wav,tsubasa,8,,,,「俺、クールストレッチがあるから……」
311100 ,,,,,,,弘明,弘明,,tsubasa,8,,,,「あ、ああ……身体のケアもしっかりな」
311200 ,,,,,,,つばさ,つばさ,05tsu070_011.wav,tsubasa,8,,,,「うん……それじゃ」
311300 ,,,,,,,,,,,,,,,　つばさは歩いていった。
311400 ,,,,,,,みなと,みなと,02min070_117.wav,minato,8,,,,「つばさくん、なにかあったのかな……」
311500 ,,,,,,,弘明,弘明,,minato,8,,,,「さあ……」
311700 ,,<hide><!ef_daypass>,0,9000,,,,,,,,,,,
312000 ,@02min034,,,,,,,,,,,,,,
312600 ,,<hide><s_fade time=""1500"" type=""panel"" param=""type=0"">,5,2011,,,,,,,,,,,
312700 ,,,,,,,つばさ,つばさ,05tsu078_001.wav,"tsubasa,uniform",3,,,,「……………………」
312800 ,,,,,,,みなと,みなと,02min078_001.wav,tsubasa,3,"minato,uniform",1,,「つばさくん、きのうの試合、すごくカッコよかったよ……」
312900 ,,,,,,,つばさ,つばさ,05tsu078_002.wav,tsubasa,8,minato,1,,「あ、ああ……」
313000 ,,,,,,,みなと,みなと,02min078_002.wav,tsubasa,8,minato,8,,「……どうしたの？」
313100 ,,,,,,,つばさ,つばさ,05tsu078_003.wav,tsubasa,5,minato,8,,「なんでもないよ」
313200 ,,,,,,,みなと,みなと,02min078_003.wav,tsubasa,5,minato,8,,「でも……」
313300 ,,,,,,,つばさ,つばさ,05tsu078_004.wav,tsubasa,7,minato,0,,「なんでもないったら……！」
313400 ,,,,,,,みなと,みなと,02min078_004.wav,tsubasa,7,minato,15,,「あっ、う、うん……ごめんね…………」
313600 ,,,,,,,,,,,,,,,
313700 ,,,,,,,つばさ,つばさ,05tsu078_005.wav,tsubasa,4,,,,（……………………）
313800 ,,,,,,,つばさ,つばさ,05tsu078_006.wav,tsubasa,3,,,,（みなと……あのとき、弘明さんと……）
313900 ,,,,,,,つばさ,つばさ,05tsu078_007.wav,tsubasa,51,,,,（……くそっ）
314000 ,,,,,,,つばさ,つばさ,05tsu078_008.wav,tsubasa,51,,,,（みなと……あんなにえっちなキスしてた…………）
314100 ,,,,,,,つばさ,つばさ,05tsu078_009.wav,tsubasa,6,,,,（あっ…………？）
314200 ,,,,,,,つばさ,つばさ,05tsu078_010.wav,tsubasa,6,,,,（俺……みなとに、嫉妬してる……？）
314300 ,,,,,,,つばさ,つばさ,05tsu078_011.wav,tsubasa,3,,,,「弘明さん…………」
314400 ,,<s_fade time=""1500"" type=""panel"" param=""type=3"">,,9000,,,,,,,,,,,
314500 ,"$gosub minato_come,min034_c",,,,,,,,,,,,,,
314600 ,*min034_c,,,,,,,,,,,,,,
314700 ,,,1,1011,,,,,,,,,,,
314800 ,"$gosub minato_free,min034_f",,,,,,,,,,,,,,
314900 ,*min034_f,,,,,,,,,,,,,,
315000 ,"$gosub minato_gohome,min034_g",,,,,,,,,,,,,,
315100 ,*min034_g,,,,,,,,,,,,,,
315200 ,$go 02min036,,,,,,,,,,,,,,
315500 ,,,,,,,,,,,,,,,
315600 ,,,,,,,,,,,,,,,
315700 ,,,,,,,,,,,,,,,
315900 ,@02min035_f10,,,,,,,,,,,,,,
316000 ,"$gosub minato_morning,min035_m",,,,,,,,,,,,,,
316100 ,*min035_m,,,,,,,,,,,,,,
316200 ,"$gosub minato_come,min035_c",,,,,,,,,,,,,,
316300 ,*min035_c,,,,,,,,,,,,,,
316400 ,,,1,1011,,,,,,,,,,,
316500 ,"$gosub minato_free,min035_f",,,,,,,,,,,,,,
316600 ,*min035_f,,,,,,,,,,,,,,
316700 ,"$gosub minato_gohome,min035_g",,,,,,,,,,,,,,
316800 ,*min035_g,,,,,,,,,,,,,,
317000 ,,,,,,,,,,,,,,,
317200 ,@02min036,,,,,,,,,,,,,,みなと、フリーＨ拒否
317600 ,,<hide><s_fade time=""1500"" type=""panel"" param=""type=0"">,2,1051,,,,,,,,,,,
317700 ,,,,,,,弘明,弘明,,,,,,,「んっ……今日は、来ないのかな。みなと」
317800 ,,,,,,,,,,,,,,,　俺は椅子から立ち上がり、ストレッチついでに背後の時計を見た。そろそろ、いつもならみなとがやってくる時間になろうとしている。
317900 ,,,,,,,弘明,弘明,,,,,,,「来られないなら、メールが来そうなもんだけど……」
318000 ,,,,,,,,,,,,,,,　デスクの前で立ち上がったままマウスに手をやって、メーラーの受信ボタンを何度か押してみる。でも、新着メールの受信はなかった。
318100 ,,,,,,,弘明,弘明,,,,,,,「こっちから……出してみるか」
318200 ,,,,,,,,,,,,,,,　俺はそのまま椅子に座り、みなとにメールを打つ。
318300 ,,,,,,,弘明,弘明,,,,,,,「うーん…………」
318400 ,,,,,,,,,,,,,,,　しばらく待ってみたが、返事は来ない。仕方なく、俺は仕事を再開した。
318600 ,,<!ef_timepass><!ef_mail>,,,,,,,,,,,,,　どれくらい、時間が経っていただろう。不意に、メーラーの着信音が俺の集中を阻害した。
318700 ,,,,,,,,,,,,,,,　メールの差出人は、みなと。俺はすぐさま、その中身に目を通す。
318800 ,,,,,,,,,,,,,,,『ごめんなさい。いそがしくて、行けなかったの・・』
318900 ,,,,,,,弘明,弘明,,,,,,,「まあ、そういう日もあるよな…………」
319000 ,,,,,,,,,,,,,,,　俺は小さく息をつくと、再びモニタの中の仕事に意識を落とし込んでいった。
319100 ,,<hide><!ef_daypass>,0,9000,,,,,,,,,,,
319600 ,@02min037,,,,,,,,,,,,,,
320100 ,,<hide><s_fade time=""1500"" type=""panel"" param=""type=0"">,5,2011,,,,,,,,,,,
320200 ,,,,,,,みなと,みなと,02min091_001.wav,"mirai,uniform",3,"minato,uniform",5,,「お姉ちゃん……」
320300 ,,,,,,,みらい,みらい,01mir101_001.wav,mirai,8,minato,5,,「うん……わかってる。今から言うわよ」
320400 ,,,,,,,みらい,みらい,01mir101_002.wav,mirai,41,minato,5,,「ふぅ…………」
320500 ,,,,,,,,,,,,,,,
320600 ,,,,,,,みらい,みらい,01mir101_003.wav,mirai,4,,,,「えっと……まりんちゃん、やっちー。ちょっといい……？　あと、つばさも……」
320700 ,,,,,,,まりん,まりん,04mar091_001.wav,"marin,uniform",5,,,,「にゅにゅ……？」
320800 ,,,,,,,やちよ,やちよ,03yac091_001.wav,"yatiyo,uniform",2,,,,「どうしたの、みらいちゃん」
320900 ,,,,,,,つばさ,つばさ,05tsu091_001.wav,"tsubasa,uniform",0,,,,「んっ、呼んだか……？」
321000 ,,<m_fade fadeout=""6000"">,0,,,,みらい,みらい,01mir101_004.wav,mirai,8,,,,「えっと、あのね……。とつぜん、なんだけど……その……」
321100 ,,,,,,,みらい,みらい,01mir101_005.wav,mirai,3,,,,「あたしたち、引っ越しすることになったの……」
321200 ,,,,,,,やちよ,やちよ,03yac091_002.wav,yatiyo,15,,,,「えっ……ええええっ……！？」
321300 ,,,,,,,まりん,まりん,04mar091_002.wav,marin,53,,,,「ふぇぇっ、ひっこしっ！？」
321400 ,,,,,,,つばさ,つばさ,05tsu091_002.wav,tsubasa,83,,,,「ほ、本当か、みなと！？」
321500 ,,,,,,,みなと,みなと,02min091_002.wav,minato,3,,,,「うん…………」
321590 ,,<m_fade fadein=""1500"">,9,,,,,,,minato,3,,,,
321600 ,,,,,,,みらい,みらい,01mir101_006.wav,mirai,8,,,,「パパがね、新しくできるホテルのレストランに、来てほしいって呼ばれたの……。それでね、家族で、そのホテルのあるとこへ引っ越すことになって……」
321700 ,,,,,,,まりん,まりん,04mar091_003.wav,mirai,8,marin,5,,「そのホテルって、どこにあるの……？」
321800 ,,,,,,,みらい,みらい,01mir101_007.wav,mirai,3,marin,5,,「九州……」
321900 ,,,,,,,やちよ,やちよ,03yac091_003.wav,mirai,3,yatiyo,15,,「えええっ……！？」
322000 ,,,,,,,まりん,まりん,04mar091_004.wav,mirai,3,marin,2,,「きゅーしゅーって、南の方の……？」
322100 ,,,,,,,みらい,みらい,01mir101_008.wav,mirai,3,marin,2,,「うん……飛行機で、行くんだって……」
322200 ,,,,,,,まりん,まりん,04mar091_005.wav,mirai,3,marin,3,,「そんなぁぁ、すっごくとおいよぉ……。みらいちゃんと、会えなくなっちゃう……」
322300 ,,,,,,,みらい,みらい,01mir101_009.wav,mirai,41,marin,3,,「ごめんね……」
322400 ,,,,,,,つばさ,つばさ,05tsu091_003.wav,mirai,41,tsubasa,8,,「桜川があやまることじゃないだろ……」
322500 ,,,,,,,やちよ,やちよ,03yac091_004.wav,mirai,41,yatiyo,4,,「みらいちゃん……お引っ越しは、いつなの……？」
322600 ,,,,,,,みらい,みらい,01mir101_010.wav,mirai,8,yatiyo,4,,「うん、もうちょっとしたら……。学園には、今週いっぱいまで通うことになるから……」
322700 ,,,,,,,まりん,まりん,04mar091_006.wav,mirai,8,marin,2,,「こんしゅー……って、あとちょっとじゃないっ」
322800 ,,,,,,,みなと,みなと,02min091_003.wav,minato,8,marin,2,,「みんなには、もっと早く伝えたかったけど……言いづらくて……」
322900 ,,,,,,,つばさ,つばさ,05tsu091_004.wav,minato,8,tsubasa,3,,「っ…………」
323000 ,,,,,,,みらい,みらい,01mir101_014.wav,mirai,0,tsubasa,3,,「とにかく。そんなわけだから、あと少しだけど、よろしくねっ」
323100 ,,,,,,,やちよ,やちよ,03yac091_005.wav,mirai,0,yatiyo,3,,「うん……」
323200 ,,,,,,,まりん,まりん,04mar091_007.wav,mirai,0,marin,3,,「みらいちゃ……ふぇぇ……」
323300 ,,,,,,,みらい,みらい,01mir101_015.wav,mirai,85,marin,3,,「んもう……まりんちゃん、そんな顔しないでよっ。向こう行っても、毎日メール送るしっ」
323400 ,,,,,,,まりん,まりん,04mar091_008.wav,mirai,85,marin,3,,「うん…………」
323800 ,,<!ef_timepass>,,,,,,,,,,,,,
323900 ,,,,,,,つばさ,つばさ,05tsu091_005.wav,tsubasa,4,,,,「みなと……あいつには……言ったのか？」
324000 ,,,,,,,みなと,みなと,02min091_004.wav,tsubasa,4,minato,5,,「えっ？　うっ、ううん……」
324100 ,,,,,,,つばさ,つばさ,05tsu091_006.wav,tsubasa,3,minato,5,,「………………」
324200 ,,,,,,,つばさ,つばさ,05tsu091_007.wav,tsubasa,8,minato,5,,「言いにくいのは、わかるけど……」
324300 ,,,,,,,みなと,みなと,02min091_005.wav,tsubasa,8,minato,5,,「………………」
324400 ,,,,,,,みなと,みなと,02min091_006.wav,tsubasa,8,minato,3,,「うん……。お兄ちゃんには、いつか、言うよ……」
324500 ,,,,,,,つばさ,つばさ,05tsu091_008.wav,tsubasa,5,minato,3,,「みなと…………」
324600 ,,<s_fade time=""2000"">,,9000,,,,,,,,,,,
325100 ,@02min038,,,,,,,,,,,,,,
325400 ,,<s_fade time=""2000"">,9,2031,,,,,,,,,,,
325500 ,,,,,,,みらい,みらい,01mir132_001.wav,"mirai,uniform",8,"minato,uniform",5,,「みなと……お兄ちゃんのところ、行かないの？」
325600 ,,,,,,,みなと,みなと,02min132_001.wav,mirai,8,minato,5,,「行かないよ……」
325700 ,,,,,,,みらい,みらい,01mir132_002.wav,mirai,41,minato,5,,「もう、あんまり日にちがないよ……？」
325800 ,,,,,,,みなと,みなと,02min132_002.wav,mirai,41,minato,82,,「…………もう、いいの……」
325900 ,,,,,,,みらい,みらい,01mir132_003.wav,mirai,5,minato,82,,「でも、みなとっ……！」
326000 ,,,,,,,みなと,みなと,02min132_003.wav,mirai,5,minato,3,,「だって……だって！　ううっ……」
326200 ,,,,,,,みらい,みらい,01mir132_004.wav,mirai,15,blank,0,,「あっ、みなと……！」
326300 ,,,,,,,,,,,,,,,
326400 ,,,,,,,つばさ,つばさ,05tsu132_001.wav,"tsubasa,uniform",4,,,,「ん……？」
326500 ,,,,,,,つばさ,つばさ,05tsu132_002.wav,tsubasa,2,,,,「お、おい、みなと……！？」
326600 ,,,,,,,みらい,みらい,01mir132_005.wav,tsubasa,2,mirai,4,,「つばさ…………」
326700 ,,,,,,,みらい,みらい,01mir132_006.wav,tsubasa,2,mirai,4,,「………………」
326800 ,,,,,,,みらい,みらい,01mir132_007.wav,tsubasa,2,mirai,8,,「ごめん、つばさ……」
326900 ,,,,,,,つばさ,つばさ,05tsu132_003.wav,tsubasa,8,mirai,8,,「いや……」
327000 ,,,,,,,つばさ,つばさ,05tsu132_004.wav,tsubasa,8,mirai,8,,「別に、桜川が悪いってわけじゃないだろ……」
327100 ,,,,,,,みらい,みらい,01mir132_008.wav,tsubasa,8,mirai,8,,「………………」
327200 ,,,,,,,つばさ,つばさ,05tsu132_005.wav,tsubasa,5,mirai,8,,「誰にも、どうしようもないじゃないか。家族で……引っ越しなんだから……」
327300 ,,,,,,,みらい,みらい,01mir132_009.wav,tsubasa,5,mirai,3,,「うん…………」
327400 ,,,,,,,みらい,みらい,01mir132_010.wav,tsubasa,5,mirai,3,,「でも……みなとは…………」
327500 ,,,,,,,つばさ,つばさ,05tsu132_006.wav,tsubasa,3,mirai,3,,「……………………」
327600 ,,,,,,,つばさ,つばさ,05tsu132_007.wav,tsubasa,3,mirai,3,,「みなと…………」
327900 ,,<s_fade time=""1500"" type=""panel"" param=""type=3"">,,9000,,,,,,,,,,,
328000 ,,<s_fade time=""1500"" type=""panel"" param=""type=2"">,,1051,,,,,,,,,,,
328100 ,,<!ef_door_entrance_chime>,,,,,弘明,弘明,,,,,,,「……んっ？」
328200 ,,,,,,,,,,,,,,,　午後、玄関のチャイムが鳴った。しかしチャイムが鳴るってことは、みなとじゃない。俺は落胆の息をつきつつ、玄関へと向かった。
328400 ,,,,1101,,,,,,,,,,,
328500 ,,<!ef_door_entrance_open>,,,,,つばさ,つばさ,05tsu132_008.wav,tsubasa,3,,,,「…………」
328600 ,,,,,,,弘明,弘明,,tsubasa,3,,,,「つばさ……！？」
328700 ,,,,,,,つばさ,つばさ,05tsu132_009.wav,tsubasa,8,,,,「あっ、あの……」
328800 ,,,,,,,弘明,弘明,,tsubasa,8,,,,「と、とりあえず入れよ」
328900 ,,,,,,,つばさ,つばさ,05tsu132_010.wav,tsubasa,14,,,,「うん…………」
329100 ,,<!ef_timepass>,,1011,,,,,,,,,,,
329200 ,,,,,,,弘明,弘明,,,,,,,「俺の部屋は久しぶり……じゃないか。つばさがケツを打ったとき以来だろ」
329300 ,,,,,,,つばさ,つばさ,05tsu132_011.wav,tsubasa,8,,,,「そうだな……」
329400 ,,,,,,,,,,tsubasa,8,,,,　つばさはそれだけ言って、うつむいてしまう。いつもと違って、反応が悪い。
329500 ,,,,,,,つばさ,つばさ,05tsu132_012.wav,tsubasa,14,,,,「あのさ……」
329600 ,,,,,,,弘明,弘明,,tsubasa,14,,,,「んっ、なんだ？」
329700 ,,,,,,,つばさ,つばさ,05tsu132_013.wav,tsubasa,3,,,,「みなとが、引っ越し……するんだよ」
329800 ,,,,,,,弘明,弘明,,tsubasa,3,,,,「……は？」
329900 ,,,,,,,つばさ,つばさ,05tsu132_014.wav,tsubasa,13,,,,「だから！　みなとが、引っ越すんだ……」
330000 ,,,,,,,弘明,弘明,,tsubasa,13,,,,「いきなり何を言い出すかと思えば……つまらない冗談だなあ」
330100 ,,,,,,,つばさ,つばさ,05tsu132_015.wav,tsubasa,41,,,,「じょうだんじゃないよっ！　ホントに……ホントに、みなとは引っ越すんだ……！」
330200 ,,,,,,,,,,tsubasa,41,,,,　つばさは、悲痛な面持ちで言う。ただならないその様子に、俺もようやくそれが冗談でないと悟ることができた。
330300 ,,,,,,,弘明,弘明,,tsubasa,41,,,,「……本当か、それは」
330400 ,,,,,,,つばさ,つばさ,05tsu132_016.wav,tsubasa,3,,,,「おじさんかおばさんに、直接聞いてみればいいじゃないか……」
330500 ,,,,,,,弘明,弘明,,tsubasa,3,,,,「そ、そうだな…………」
330600 ,,,,,,,つばさ,つばさ,05tsu132_017.wav,tsubasa,8,,,,「それじゃ……俺はこれで、帰るから……」
330700 ,,,,,,,,,,tsubasa,8,,,,　突然のことに、言葉をかけられなかった。帰っていくつばさを、引き留められない。
330800 ,,,,,,,弘明,弘明,,tsubasa,8,,,,「えっと……ありがとな、つばさ」
330900 ,,,,,,,つばさ,つばさ,05tsu132_018.wav,tsubasa,41,,,,「……………………」
331000 ,,,,,,,,,,,,,,,　俺は、小さなその背中に短い礼を言うのが精一杯だった。
331100 ,"$cmp %minato,==,1",,,,,,,,,,,,,,
331200 ,"$fset %jump%,%cmp_flag%",,,,,,,,,,,,,,
331300 ,$jump_begin,,,,,,,,,,,,,,
↓,"$jump_item 0,ノーマルエンド,02min039_normal",,,,,,,,,,,,,,
↓,"$jump_item 1,トゥルーエンド,02min038a",,,,,,,,,,,,,,
↓,$jump_end,,,,,,,,,,,,,,
↓,,,,,,,,,,,,,,,
331400 ,*02min038a,,,,,,,,,,,,,,
331600 ,,<!ef_timepass>,,1052,,,,,,,,,,,
332106 ,,,,,,,,,,,,,,,　それから俺は、みなとのママ……彩夏さんに連絡を取った。引っ越しが本当であることを確認し、またそれに関わるいろんな話を聞く。
332107 ,,,,,,,,,,,,,,,　そもそも、みらいちゃんとみなとが俺の家にやってくるようになったのも、実は彩夏さんが引っ越しの準備で家を空けがちになったかららしい。
332108 ,,,,,,,弘明,弘明,,,,,,,（すると、引っ越しがあったからこそ、みらいちゃんたちがウチに寄り道して……。俺と、みなとは……）
332109 ,,,,,,,,,,,,,,,　さまざまな考えが、頭の中をめぐる。みなとは、引っ越しを知っていたんだろうか？　だからこそ、俺に気持ちを打ち明けて……。
332110 ,,,,,,,,,,,,,,,　いずれにしろ、最初から別れが前提になっていたということには変わりない。引っ越しがなければ、二人が俺の家に寄り道することはなかったんだから……。
332111 ,,,,,,,弘明,弘明,,,,,,,「はは……は……」
332112 ,,,,,,,,,,,,,,,　渇いた笑いが口から漏れ、全身の力が抜ける。
332113 ,,,,,,,,,,,,,,,　でも俺はすぐに首を振ると、身体を奮い起こした。
332114 ,,,,,,,,,,,,,,,　とにかく、このまま何もせず別れるってことにはなりたくない。俺はすぐさま、みなとにメールを打った。
332115 ,,,,,,,,,,,,,,,　みなとの性格なら、直接話すより、メールの方が本心を聞き出しやすい……そう思ったから。
332116 ,,,,,,,,,,,,,,,　ひょっとすると、返事は来ないかも知れない。もしそうなっても落胆しないよう自分に言い聞かせながら、俺は送信ボタンを押す。
332117 ,,,,,,,弘明,弘明,,,,,,,「……………………」
332118 ,,<!ef_mail>,,,,,,,,,,,,,　返信を待つわずかな時間が、永遠のようにも感じられた。しばらくしてからメールの着信音が鳴って、ようやく人心地がつく。
332119 ,,,,,,,,,,,,,,,『ごめんなさい、お兄ちゃん…』
332120 ,,,,,,,,,,,,,,,　返信は、短い内容だった。俺は、謝ることなんてないよ、引っ越しのことは言ってくれればよかったのに、とすぐにレスを返す。
332129 ,,<!ef_mail>,,,,,,,,,,,,,
332130 ,,<wait time=""1000"">,,,,,,,,,,,,,『お兄ちゃんと別れるのいやだったから、今まで言えなくて…』
332140 ,,,,,,,,,,,,,,,　みなとは、前からひっこしを知ってたの？
332149 ,,<!ef_mail>,,,,,,,,,,,,,
332150 ,,<wait time=""1000"">,,,,,,,,,,,,,『うん…。ごめんなさい、なかなか言い出せなくて』
332159 ,,,,,,,,,,,,,,,
332160 ,,,,,,,,,,,,,,,　いや、いいんだよ。それより、みらいちゃんとケンカはしてない？
332169 ,,<!ef_mail>,,,,,,,,,,,,,
332170 ,,<wait time=""1000"">,,,,,,,,,,,,,『うん、してないよ。大丈夫』
332180 ,,,,,,,弘明,弘明,,,,,,,「そっか…………。んっ？」
332190 ,,<!ef_keitai>,,,,,,,,,,,,,　カタカタと返信を打ち込んでいる時、不意に携帯が鳴った。発信元を見て、思わず声が詰まるほどに驚く。
332200 ,,,,,,,,,,,,,,,　……みらいちゃんだ。
332400 ,,<se_stop id=""1""><!ef_operate>,,,,,みらい,みらい,01mir132_011.wav,,,,,,「もしもし。あー、お兄ちゃん？」
332500 ,,,,,,,弘明,弘明,,,,,,,「みらいちゃん……？」
332600 ,,,,,,,みらい,みらい,01mir132_012.wav,,,,,,「いま、みなととメールやってるでしょ」
332700 ,,,,,,,弘明,弘明,,,,,,,「う、うん……」
332800 ,,,,,,,みらい,みらい,01mir132_013.wav,,,,,,「さっきからみなとがずっと、ポチポチポチポチやってるんだもん。もう、まどろっこしくて見てらんないっ」
332900 ,,,,,,,みらい,みらい,01mir132_014.wav,,,,,,「だからあたしが、ちょくせつ話させてあげるっ！　……ちょっと、みなとっ。みーなとーっ！」
333000 ,,,,,,,弘明,弘明,,,,,,,「ええっ！？　ちょっ、ちょっと、みらいちゃん……？」
333100 ,,<voice_volume vol=""-1200"">,,,,,みなと,電話の向こう,02min132_004.wav,,,,,,「ふぇっ？　なに……お姉ちゃん」
333300 ,,<voice_volume vol=""-1200"">,,,,,みらい,電話の向こう,01mir132_015.wav,,,,,,「いいからっ。早く出なさいよっ、みなと」
333500 ,,<voice_volume vol=""-1200"">,,,,,みなと,電話の向こう,02min132_005.wav,,,,,,「う、うん……」
333700 ,,,,,,,みなと,みなと,02min132_006.wav,,,,,,「えっと……もしもし……」
333800 ,,,,,,,弘明,弘明,,,,,,,「みなと……？」
333900 ,,,,,,,みなと,みなと,02min132_007.wav,,,,,,「えっ……お兄ちゃんっ……！？」
334000 ,,<voice_volume vol=""-1200"">,,,,,みなと,電話の向こう,02min132_008.wav,,,,,,「ちょっ、ちょっとお姉ちゃんっ！　これっ……！」
334200 ,,<voice_volume vol=""-1200"">,,,,,みらい,電話の向こう,01mir132_016.wav,,,,,,「いいのいいの。あたしは１階でママたちとテレビ見てるから、ゆっくり話しなさいっ」
334400 ,,<voice_volume vol=""-1200"">,,,,,みなと,電話の向こう,02min132_009.wav,,,,,,「お姉ちゃんっ……！　あ……」
334600 ,,,,,,,みなと,みなと,02min132_010.wav,,,,,,「えっと…………お兄ちゃん……」
334700 ,,,,,,,弘明,弘明,,,,,,,「みなと……」
334800 ,,,,,,,,,,,,,,,　俺もみなとも、突然の差し向かいに言葉が出てこない。
334900 ,,,,,,,みなと,みなと,02min132_011.wav,,,,,,「ごめんね、お兄ちゃん……」
335000 ,,,,,,,弘明,弘明,,,,,,,「謝ることなんかないって」
335100 ,,,,,,,弘明,弘明,,,,,,,「それより、もう引っ越しは近いんだろ……？」
335200 ,,,,,,,みなと,みなと,02min132_012.wav,,,,,,「うん……今週の日曜日に……」
335300 ,,,,,,,弘明,弘明,,,,,,,「そっか……」
335400 ,,,,,,,弘明,弘明,,,,,,,「その前の日……土曜日は、空いてるのか？」
335500 ,,,,,,,みなと,みなと,02min132_013.wav,,,,,,「えっ？　うん、おやすみだけど……」
335600 ,,,,,,,弘明,弘明,,,,,,,「そうか……。だったら、俺とどこか出かけないか？」
335700 ,,,,,,,みなと,みなと,02min132_014.wav,,,,,,「ええっ？」
335800 ,,,,,,,弘明,弘明,,,,,,,「どこか行きたいところはないか？　どこでも連れてってあげるぞ」
335900 ,,,,,,,みなと,みなと,02min132_015.wav,,,,,,「あ……えっとね……」
336000 ,,,,,,,みなと,みなと,02min132_016.wav,,,,,,「ボク……お兄ちゃんのお部屋に行きたい……」
336100 ,,,,,,,弘明,弘明,,,,,,,「えっ、俺の部屋……？」
336200 ,,,,,,,みなと,みなと,02min132_017.wav,,,,,,「うん……」
336300 ,,,,,,,弘明,弘明,,,,,,,「俺の部屋なんて、いつも来てたじゃないか」
336400 ,,,,,,,みなと,みなと,02min132_018.wav,,,,,,「あっ、えっと……」
336500 ,,,,,,,みなと,みなと,02min132_019.wav,,,,,,「ボクね、お兄ちゃんのおよめさんになって……お兄ちゃんのお部屋に、住みたかったの……」
336600 ,,,,,,,弘明,弘明,,,,,,,「みなと…………」
336700 ,,,,,,,弘明,弘明,,,,,,,「よし、じゃあそれで行こう」
336800 ,,,,,,,みなと,みなと,02min132_020.wav,,,,,,「えっ？」
336900 ,,,,,,,弘明,弘明,,,,,,,「みなとは、俺のお嫁さんだ。二人で、一日だけ新婚生活をやってみよう」
337000 ,,,,,,,みなと,みなと,02min132_021.wav,,,,,,「しんこんせいかつ……」
337100 ,,,,,,,弘明,弘明,,,,,,,「どうだ、みなと？」
337200 ,,,,,,,みなと,みなと,02min132_022.wav,,,,,,「う、うんっ！　ボク、その日だけお兄ちゃんのおよめさんになる……」
337300 ,,,,,,,みなと,みなと,02min132_023.wav,,,,,,「ボク……すごく楽しみ……」
337400 ,,,,,,,弘明,弘明,,,,,,,「俺もだよ、みなと」
337500 ,,,,,,,みなと,みなと,02min132_024.wav,,,,,,「それじゃ、お兄ちゃん……今度のおやすみの日、お兄ちゃんのお部屋に行くね……」
337700 ,,,,,,,弘明,弘明,,,,,,,「ああ、待ってるよ」
337790 ,,<hide><!ef_daypass>,0,9000,,,,,,,,,,,
337900 ,$go 02min040,,,,,,,,,,,,,,
338100 ,@02min039_normal,,,,,,,,,,,,,,
338600 ,,<hide><s_fade wa time=""4000""><m_fade fadeout=""2500"">,0,9000,,,,,,,,,,,
338800 ,,<hide><wait time=""5000""><s_fade time=""1500"" type=""panel"" param=""type=0"">,2,1052,,,,,,,,,,,
338900 ,,<wait time=""1000"">,,,,,,,,,,,,,　みなとたちは、遠くへ引っ越していった。
339000 ,,,,,,,,,,,,,,,　聞けば、結構前から引っ越しは決まっていたらしい。
339060 ,,,,,,,弘明,弘明,,,,,,,「今日は……火曜日……。土曜まで、いち、にぃ……」
339070 ,,,,,,,,,,,,,,,　みなととの電話は、週に１回、土曜日の夜と限定していた。それ以外は、メールでやりとりをする。だからメールの頻度は、以前より格段に上がっていた。
339080 ,,,,,,,弘明,弘明,,,,,,,「みなとの返信……まだかな……」
339090 ,,,,,,,,,,,,,,,　俺はそうつぶやきながら、みなとからのメールを何度も読み返し、また俺が送ったメールの内容を確かめた。仕事用のメールフォルダには未読メールがいくつかたまっていたけど、見向きもしなかった。
339100 ,,,,,,,,,,,,,,,　出勤に縛られることはない。そこが、自由業の強みだ。なんなら、平日にだって会いに行ける。
339200 ,,,,,,,,,,,,,,,　……俺は、自分にそう何度も言い聞かせた。
339300 ,,,,,,,弘明,弘明,,,,,,,「そうだ……」
339400 ,,,,,,,,,,,,,,,　誰にも、どうしようもなかった。誰が悪い訳でもない。
339500 ,,,,,,,,,,,,,,,　なんのことはない。今までより、会う頻度が減るだけだ。
339600 ,,,,,,,,,,,,,,,　……ただ、それだけのことなのに。
339700 ,,,,,,,,,,,,,,,　この空虚な気持ちは、なんなんだろう。
340260 ,,,,,,,,,,,,,,,　気がつけば、日暮れも近い時間だった。遅れている仕事は、全然仕上がっていない。
340270 ,,,,,,,,,,,,,,,　ふと、玄関の方で物音がする。多分、つばさだろう。
340280 ,,,,,,,弘明,弘明,,,,,,,「……………………」
340290 ,,,,,,,,,,,,,,,　つばさとわかっても、俺は椅子から立ち上がる気にはなれなかった。じきに、足音が玄関から遠ざかっていく。
340300 ,,,,,,,,,,,,,,,　俺はただ、虚ろな気持ちでメールソフトの送受信ボタンを連打することしかできなかった。
340480 ,$request_disable,,,,,,,,,,,,,,
340490 ,,<hide><s_fade time=""1200"">,,,,,,,,,,,,,
340500 ,$exit normal,,,,,,,,,,,,,,
340600 ,,,,,,,,,,,,,,,
340800 ,@02min040,,,,,,,,,,,,,,
341100 ,,<hide><s_fade time=""1500"" type=""panel"" param=""type=0"">,1,1031,,,,,,,,,,,
341190 ,,<hide><!ef_door_entrance_open>,,,,,,,,,,,,,
341200 ,,<wait time=""300"">,,,,,みなと,みなと,02min130_001.wav,"minato,private",8,,,,「お兄ちゃん……」
341300 ,,,,,,,,,,minato,8,,,,　約束の日……みなとは、時間通りにあらわれた。
341400 ,,,,,,,弘明,弘明,,minato,8,,,,「いらっしゃい、俺の小さなお嫁さん」
341500 ,,,,,,,みなと,みなと,02min130_002.wav,minato,60,,,,「うん…………」
341600 ,,,,,,,,,,minato,60,,,,　俺たちは、出会ってからこれまでのことなど……二人でいろいろなことを話した。そして話が一区切りつくと、みなとがおずおずと提案する。
341800 ,,,,,,,みなと,みなと,02min130_003.wav,minato,85,,,,「おっ、お兄ちゃん……」
341900 ,,,,,,,弘明,弘明,,minato,85,,,,「んっ？」
342000 ,,,,,,,みなと,みなと,02min130_004.wav,minato,1,,,,「晩ごはんは……ボクが作るね」
342100 ,,,,,,,弘明,弘明,,minato,1,,,,「そっか……新婚さんだもんなあ、俺たち」
342200 ,,,,,,,みなと,みなと,02min130_005.wav,minato,60,,,,「うんっ」
342300 ,,,,,,,弘明,弘明,,minato,60,,,,「愛妻料理、楽しみだな…………って、ああっ」
342400 ,,,,,,,みなと,みなと,02min130_006.wav,minato,0,,,,「んっ、どうしたの……？」
342500 ,,,,,,,弘明,弘明,,minato,0,,,,「冷蔵庫の中、ほとんど空っぽだ……。買いに行かなきゃ、食材がないぞ……」
342600 ,,,,,,,,,,minato,0,,,,　俺が肩を落とすと、みなとはむしろ嬉しそうに言葉を継いだ。
342700 ,,,,,,,みなと,みなと,02min130_007.wav,minato,85,,,,「買いに行けばいいよ……」
342800 ,,,,,,,弘明,弘明,,minato,85,,,,「じゃあ二人でスーパーにでも行くか、みなと」
342900 ,,,,,,,みなと,みなと,02min130_008.wav,minato,1,,,,「うんっ」
343000 ,,,,,,,,,,minato,1,,,,　俺は、壁の時計を見る。
343100 ,,,,,,,弘明,弘明,,minato,1,,,,「ちょっと早いけど。夕飯の買い物に行くか、みなと」
343200 ,,,,,,,みなと,みなと,02min130_009.wav,minato,60,,,,「二人で晩ごはんのお買いものなんて、本当にけっこんしたみたい……。うふふふっ」
343300 ,,,,,,,,,,minato,60,,,,　みなとは上機嫌で、準備を始めた。
343600 ,"$fset %jump%,%jyosou",,,,,,,,,,,,,,
343700 ,$jump_begin,,,,,,,,,,,,,,
↓,"$jump_item 0,私服,02min040b",,,,,,,,,,,,,,
↓,"$jump_item 1,女装,02min040a",,,,,,,,,,,,,,
↓,$jump_end,,,,,,,,,,,,,,
343800 ,,,,,,,,,,,,,,,
343900 ,,,,,,,,,,,,,,,
344000 ,*02min040a,,,,,,,,,,,,,,
344200 ,,,,,,,みなと,みなと,02min130_010.wav,minato,85,,,,「あっ、そうだ。お兄ちゃん、ボク、着替え……もってきたんだけど……」
344300 ,,,,,,,弘明,弘明,,minato,85,,,,「……着替え？」
344400 ,,,,,,,みなと,みなと,02min130_011.wav,minato,1,,,,「うん……。お兄ちゃんは、どっちの服がいいかなって思って……」
344500 ,,,,,,,,,,minato,1,,,,　そう言ってみなとは、俺が以前買ってあげた女の子の服を取り出した。
344600 ,,,,,,,みなと,みなと,02min130_012.wav,minato,60,,,,「お兄ちゃん……どっちの服がいい……？」
345000 ,$menu_begin,,,,,,,,,,,,,,
↓,"$menu_item 0,男の子の服でいい,02min040aa",,,,,,,,,,,,,,
↓,"$menu_item 1,女の子の服がいい,02min040ab",,,,,,,,,,,,,,
↓,$menu_end,,,,,,,,,,,,,,
345100 ,,,,,,,,,,,,,,,
345200 ,*02min040aa,,,,,,,,,,,,,,
345400 ,,,,,,,弘明,弘明,,minato,60,,,,「男の子の服で……いつもの服のままで、いいよ」
345500 ,,,,,,,みなと,みなと,02min130_013.wav,minato,8,,,,「いいの……？」
345600 ,,,,,,,弘明,弘明,,minato,8,,,,「ああ。着てる服とかは関係ない。俺は、みなと自身が好きなんだ」
345700 ,,,,,,,みなと,みなと,02min130_014.wav,minato,85,,,,「お兄ちゃん…………」
345800 ,,,,,,,みなと,みなと,02min130_015.wav,minato,1,,,,「じゃあ、このままの服で行くね……」
345900 ,,,,,,,弘明,弘明,,minato,1,,,,「ああ」
346000 ,,,,,,,弘明,弘明,,minato,1,,,,「それじゃ、行くか。みなと」
346090 ,,,,,,,,みなと,02min130_026.wav,minato,85,,,,「うんっ」
346400 ,$go 02min040end,,,,,,,,,,,,,,
346500 ,,,,,,,,,,,,,,,
346600 ,*02min040ab,,,,,,,,,,,,,,
346800 ,,,,,,,弘明,弘明,,minato,60,,,,「じゃあ……女の子の服、着てくれるかな」
346900 ,,,,,,,みなと,みなと,02min130_016.wav,minato,1,,,,「うん、いいよ」
347000 ,,,,,,,弘明,弘明,,minato,1,,,,「しかし……用意周到だな、みなと」
347100 ,,,,,,,みなと,みなと,02min130_017.wav,minato,60,,,,「んふっ。お兄ちゃんの好きそうなことくらい……わかるよ」
347200 ,,,,,,,みなと,みなと,02min130_018.wav,minato,85,,,,「それに、ボク……この服、すっごく好きだし……」
347300 ,,,,,,,みなと,みなと,02min130_019.wav,minato,1,,,,「お兄ちゃんとの思い出がいっぱい詰まったこの服、大好きだよ」
347400 ,,,,,,,,,,minato,1,,,,　みなとはそう言って服を広げ、着替えを始めようとする。
347500 ,,,,,,,みなと,みなと,02min130_020.wav,minato,15,,,,「あんっ、でものぞいちゃダメぇっ……！」
347600 ,,,,,,,弘明,弘明,,minato,15,,,,「えっ、着替えるトコ見せてくれないの……！？」
347700 ,,,,,,,みなと,みなと,02min130_021.wav,minato,6,,,,「ダメだよぉっ。はずかしいもん……」
347800 ,,,,,,,みなと,みなと,02min130_022.wav,minato,6,,,,「ほらお兄ちゃん、着替えるまで向こうの部屋行ってて……」
347900 ,,,,,,,,,,,,,,,　俺はみなとに押し出されて、玄関前に出る。仕方なく、そこでみなとが着替えるのを待った。
348100 ,,<!ef_timepass>,,,,,,,,,,,,,
348200 ,,,,,,,みなと,みなと,02min130_023.wav,"minato,female",85,,,,「お兄ちゃん、おまたせ……」
348300 ,,,,,,,弘明,弘明,,minato,85,,,,「うん……やっぱり、何度見ても可愛いな。その服」
348400 ,,,,,,,みなと,みなと,02min130_024.wav,minato,14,,,,「服をほめられても、うれしくないよぉ……」
348500 ,,,,,,,弘明,弘明,,minato,14,,,,「ごめんごめん。みなとが着てるからこそ、可愛いんだよ」
348600 ,,,,,,,みなと,みなと,02min130_025.wav,minato,8,,,,「ホントかなあ……」
348700 ,,,,,,,弘明,弘明,,minato,8,,,,「ホントだって」
348800 ,,,,,,,弘明,弘明,,minato,8,,,,「それじゃ、行くか。みなと」
348890 ,,,,,,,みなと,みなと,02min130_026.wav,minato,1,,,,「うんっ」
349200 ,$go 02min040end,,,,,,,,,,,,,,
349300 ,,,,,,,,,,,,,,,
349400 ,*02min040b,,,,,,,,,,,,,,
349600 ,,,,,,,弘明,弘明,,minato,60,,,,「それじゃ、行くか。みなと」
349800 ,,,,,,,みなと,みなと,02min130_026.wav,minato,1,,,,「うんっ」
349890 ,*02min040end,,,,,,,,,,,,,,
350000 ,,<s_fade time=""1500"" type=""panel"" param=""type=3"">,,9000,,,,,,,,,,,
350100 ,,<wait time=""1000""><s_fade time=""1500"" type=""panel"" param=""type=2"">,,3021,,,,,,,,,,,
350200 ,,,,,,,みなと,みなと,02min130_027.wav,minato,0,,,,「今まで、なんども買い物に来たところだけど……。なんだか、いつもとちがう感じがする……」
350300 ,,,,,,,弘明,弘明,,minato,0,,,,「そうか……？」
350400 ,,,,,,,みなと,みなと,02min130_028.wav,minato,85,,,,「うん。だって、およめさんとしてここに来るのは初めてだもん……」
350500 ,,,,,,,,,,,,,,,　俺たちは手近なスーパーに入り、食材を見て回る。料理の心得がほとんどない俺は、みなとに全てを任せた。
350600 ,,,,,,,,,,,,,,,　みなとの指示でいろいろ買い込み、会計を済ませると俺たちはスーパーを後にする。
350700 ,,<!ef_timepass>,,,,,みなと,みなと,02min130_029.wav,minato,6,,,,「んしょっ、と……」
350800 ,,,,,,,弘明,弘明,,minato,6,,,,「みなと……。ほら、それは俺が持つよ」
350900 ,,,,,,,,,,minato,6,,,,　俺は、みなとが重そうにしている袋をサッと取り上げた。
351000 ,,,,,,,みなと,みなと,02min130_030.wav,minato,2,,,,「あ…………」
351100 ,,,,,,,弘明,弘明,,minato,2,,,,「みなとは、こっちを持ってくれ」
351200 ,,,,,,,みなと,みなと,02min130_031.wav,minato,85,,,,「あ……うん……」
351300 ,,,,,,,みなと,みなと,02min130_032.wav,minato,1,,,,「ありがとね、お兄ちゃん……」
351690 ,,<s_fade time=""1500"" type=""panel"" param=""type=3"">,,9000,,,,,,,,,,,
351700 ,,<wait time=""1000""><s_fade time=""1500"" type=""panel"" param=""type=2"">,1,3032,,,,,,,,,,,
351800 ,,,,,,,みなと,みなと,02min130_033.wav,minato,12,,,,「けっこう、おそくなっちゃったね……」
351900 ,,,,,,,弘明,弘明,,minato,12,,,,「ああ……」
352000 ,,,,,,,,,,minato,12,,,,　俺が荷物を右手に、みなとが荷物を左手に持つ。空いた方の腕で、俺たちは自然に手をつないでいた。
352100 ,,,,,,,みなと,みなと,02min130_034.wav,minato,60,,,,「えへっ。しんこんさんって、こんな感じなのかな……」
352200 ,,,,,,,弘明,弘明,,minato,60,,,,「ふふっ、そうだなあ」
352300 ,,,,,,,みなと,みなと,02min130_035.wav,minato,1,,,,「何を作ってあげようかなって考えながらね、お買いものするのって……。うふふっ、すごく幸せだね……」
352400 ,,,,,,,弘明,弘明,,minato,1,,,,「みなと……」
352500 ,,,,,,,みなと,みなと,02min130_036.wav,minato,3,,,,「今日だけじゃなくて、ボク、毎日お兄ちゃんとお買いものに行きたいよ……」
352600 ,,,,,,,みなと,みなと,02min130_037.wav,minato,5,,,,「あっ……」
352700 ,,,,,,,弘明,弘明,,minato,1,,,,「…………」
352800 ,,,,,,,,,,minato,1,,,,　俺が言葉に迷っていると、みなとは明るい笑顔を作って俺の手を引いた。
352900 ,,,,,,,みなと,みなと,02min130_038.wav,minato,1,,,,「行こっ、お兄ちゃん。パパからおしえてもらった、おいしいごはん作ってあげるねっ」
353000 ,,,,,,,弘明,弘明,,minato,1,,,,「ああ、楽しみにしてるよ」
353100 ,,,,,,,,,,minato,1,,,,　そのとき、遠くからかすかに雷鳴が聞こえてきた。ふと見れば、空には黒い雲が広がってきている。
353200 ,,,,,,,弘明,弘明,,minato,1,,,,「あ……こりゃ、夕立が来るかな……」
353300 ,,,,,,,みなと,みなと,02min130_039.wav,minato,5,,,,「降りそうだね……雨……」
353400 ,,,,,,,弘明,弘明,,minato,8,,,,「今のうちに帰るか」
353500 ,,,,,,,みなと,みなと,02min130_040.wav,minato,85,,,,「うん」
353700 ,,<s_fade time=""1500"" type=""panel"" param=""type=3"">,,9000,,,,,,,,,,,
353800 ,,<wait time=""1000""><s_fade time=""1500"" type=""panel"" param=""type=2"">,,1013,,,,,,,,,,,
353900 ,,,1,,,,,,,,,,,,　みなとが夕食を作っている間、俺は手持ちぶさたにテレビを見たりパソコンをいじったりしていた。そのとき俺はふと思い出して、みらいちゃんに昨日のお礼も兼ねたメールを送る。
354100 ,,<!ef_mail>,,,,,,,,,,,,,　返信には、『みなととごゆっくりっ！　ばーかっ！』とあった。なんだかんだいって、弟のことが心配なんだろう。
354200 ,,,,,,,,,,,,,,,　俺は好意あふれる苦笑をしつつ、みなとの外泊を許可してくれた彩夏さんにもよろしくと返信を送った。
354300 ,,,,,,,みなと,みなと,02min130_041.wav,minato,1,,,,「おまたせ、お兄ちゃん。ごはん、できたよ」
354400 ,,,,,,,弘明,弘明,,minato,1,,,,「ああ、ありがと。……おおおっ！？」
354500 ,,,,,,,,,,minato,1,,,,　みなとに呼ばれて振り向いたとき、俺は思わず声を上げてしまった。テーブルの上には、今までこの部屋では見たことがないような手の込んだ料理が並んでいる。
354600 ,,,,,,,,,,minato,1,,,,　料理自体は、決して豪華じゃない。食材に高価なものはないし、よくある普通の家庭料理だと思う。でも、それをこの部屋の設備でみなとが作ったということに……俺は感慨にも似た驚きを抱いていた。
354700 ,,,,,,,弘明,弘明,,minato,1,,,,「すごいな、みなと……。これ、お金取れるぞ」
354800 ,,,,,,,みなと,みなと,02min130_042.wav,minato,8,,,,「ボク、お金なんかいらないよぉ……」
354900 ,,,,,,,弘明,弘明,,minato,8,,,,「違う違う。プロが作った料理みたいだってことだよ」
355000 ,,,,,,,みなと,みなと,02min130_043.wav,minato,85,,,,「パパに、いろいろ教えてもらったから……」
355100 ,,,,,,,,,,minato,85,,,,　なるほど、父親ゆずりの才能ってところか……。しかし、叔父さんの専門であるフランス料理っぽいものは、さすがに見あたらないなあ。
355200 ,,,,,,,,,,minato,85,,,,　まあ、ウチの貧弱な台所じゃフレンチなんて作れないと思うけどさ……。
355300 ,,,,,,,弘明,弘明,,minato,85,,,,「そいじゃ、いただきまーす」
355400 ,,,,,,,みなと,みなと,02min130_044.wav,minato,1,,,,「たくさん作ったから、いっぱい食べてね……」
355500 ,,,,,,,弘明,弘明,,minato,1,,,,「おお……この味噌汁、美味いな……」
355600 ,,,,,,,みなと,みなと,02min130_045.wav,minato,60,,,,「ふふっ、ありがと……。ボク、味噌汁がいちばん得意なんだ」
355700 ,,,,,,,弘明,弘明,,minato,60,,,,「うん、最高だよ、これ。マジでうまい」
355800 ,,,,,,,みなと,みなと,02min130_046.wav,minato,85,,,,「お兄ちゃん、ごはんのおかわり、いる？」
355900 ,,,,,,,弘明,弘明,,minato,85,,,,「ああ、頼む」
356000 ,,,,,,,みなと,みなと,02min130_047.wav,minato,60,,,,「うん……。っと、はい」
356100 ,,<!ef_timepass>,,,,,,,,,,,,,　それから俺は、みなとの手料理を全て平らげていた。今までで、最高に幸せな食事だったように思う。
356200 ,,,,,,,弘明,弘明,,,,,,,「……ごちそうさま、みなと」
356300 ,,,,,,,みなと,みなと,02min130_048.wav,minato,85,,,,「おそまつさま……。うふふっ」
356400 ,,,,,,,弘明,弘明,,minato,85,,,,「みなと……俺が食べてるところ、じっと見てたよな」
356500 ,,,,,,,みなと,みなと,02min130_049.wav,minato,1,,,,「えっ……？　だって、おいしそうに食べてくれるんだもん……。すっごくうれしいよ……」
356600 ,,,,,,,弘明,弘明,,minato,1,,,,「実際に、ものすごく美味しかったぞ」
356700 ,,,,,,,みなと,みなと,02min130_050.wav,minato,60,,,,「ほんと？　良かった……」
356800 ,,,,,,,弘明,弘明,,minato,60,,,,「みなとは、ホントに最高のお嫁さんだ」
356900 ,,,,,,,,,,minato,60,,,,　俺は、テーブルを拭き終えて立ち上がろうとしたみなとを抱き寄せた。
357000 ,,,,,,,みなと,みなと,02min130_051.wav,minato,15,,,,「ああんっ……もう、ボクこれからお皿洗うのに……」
357100 ,,,,,,,弘明,弘明,,minato,15,,,,「それは後でいいよ、後で」
357200 ,,,,,,,みなと,みなと,02min130_052.wav,minato,6,,,,「やっ、あんっ……ダメだよぉっ……。もう、ダメぇ……」
357300 ,,,,,,,,,,minato,6,,,,　みなとは、俺に抱かれながら四肢をばたつかせる。
357400 ,,,,,,,みなと,みなと,02min130_053.wav,minato,14,,,,「お兄ちゃんは、先におふろ入ってて……」
357500 ,,,,,,,弘明,弘明,,minato,14,,,,「風呂……？」
357600 ,,,,,,,みなと,みなと,02min130_054.wav,minato,85,,,,「うん。ボク、その間にお皿洗ってかたづけるから」
357700 ,,,,,,,弘明,弘明,,minato,85,,,,「いいよ別に、そのままにしといても」
357800 ,,,,,,,みなと,みなと,02min130_055.wav,minato,8,,,,「ダメだよぉ、ちゃんと洗わなきゃ」
357900 ,,,,,,,弘明,弘明,,minato,8,,,,「でもな、みなと……俺は、少しでもみなとと……」
358000 ,,,,,,,,,,minato,8,,,,　そこまで言いかけて、俺は口ごもる。みなとと過ごせる時間が減る、とは言えなかった。
358100 ,,,,,,,みなと,みなと,02min130_056.wav,minato,1,,,,「ねっ、お兄ちゃん」
358200 ,,,,,,,弘明,弘明,,minato,1,,,,「ああ、わかったよ。風呂に入るから」
358300 ,,,,,,,みなと,みなと,02min130_057.wav,minato,85,,,,「うん」
358400 ,,,,,,,弘明,弘明,,minato,85,,,,「じゃあ、風呂の中で待ってるからな。片づけが終わったら、入ってきていいぞ？」
358500 ,,,,,,,みなと,みなと,02min130_058.wav,minato,15,,,,「やぁんっ、えっち……」
358600 ,,,,,,,弘明,弘明,,minato,15,,,,「新婚って、そんなもんだろ？」
358700 ,,,,,,,みなと,みなと,02min130_059.wav,minato,0,,,,「そうなの……？」
358800 ,,,,,,,弘明,弘明,,minato,0,,,,「少なくとも、俺とみなととの新婚生活は、そんな感じにしたいって思ってるかな」
358900 ,,,,,,,みなと,みなと,02min130_060.wav,minato,6,,,,「もう……えっち…………」
359100 ,,<m_fade fadeout=""4000"">,0,,,,,,,minato,6,,,,
359200 ,,<!ef_timepass>,,1041,,,,,,,,,,,
359300 ,,,,,,,弘明,弘明,,,,,,,「ふぅ…………」
359400 ,,,,,,,,,,,,,,,　少しぬるめの湯が満たされた湯船の中で、俺は大きく息をつく。みなとと過ごすのは、これで最後……。これからは、もう簡単に会えなくなる……。
359500 ,,,,,,,,,,,,,,,　だからこそ、この一瞬一瞬を大切にしないとな……。
359600 ,,,,,,,弘明,弘明,,,,,,,「……………………」
359700 ,,,,,,,弘明,弘明,,,,,,,「それにしても、みなと……遅いな……」
359800 ,,,,,,,,,,,,,,,　俺は扉の前に立ってみる。皿を片づけているような音はしない。
359900 ,,,,,,,,,,,,,,,　どうしたんだろうと思い、そっと扉を開けてみた。
360100 ,,<s_fade time=""2000"">,,1033,,,,,,,,,,,
360200 ,,,9,,,,みなと,みなと,02min130_061.wav,minato,5,,,,「……………………」
360300 ,,,,,,,,,,minato,5,,,,　みなとは流しの前で踏み台に載って、まだ皿洗いを続けていた。……その手は、止まっている。
360400 ,,,,,,,みなと,みなと,02min130_062.wav,minato,82,,,,「お兄ちゃん……」
360500 ,,,,,,,,,,minato,82,,,,　みなとが寂しそうにつぶやいて、まばたきをした。その拍子に、一粒の涙がこぼれ落ちる。
360600 ,,,,,,,みなと,みなと,02min130_063.wav,minato,3,,,,「あ…………」
360700 ,,,,,,,,,,minato,3,,,,　それが引き金となったのか、みなとは声を押し殺して泣き始めた。
360800 ,,,,,,,みなと,みなと,02min130_064.wav,minato,3,,,,「うっ、うう……おにぃ、ちゃ……お兄ちゃん……」
360900 ,,,,,,,弘明,弘明,,minato,3,,,,（みなと…………）
361100 ,,<s_fade time=""2000"">,,1041,,,,,,,,,,,
361200 ,,,,,,,,,,,,,,,　俺は今にでも飛び出していって抱きしめたくなる気持ちを抑え、そっとバスルームに戻る。そして、風呂場の中からわざと大きな声でみなとを呼んだ。
361300 ,,,,,,,弘明,弘明,,,,,,,「みなとーっ、まだかー？」
361500 ,,<voice_volume vol=""-1500""><m_fade fadeout=""4000"" fadein=""2500"">,1,,,,みなと,みなと,02min130_065.wav,,,,,,（あっ……わわっ……！）
361600 ,,,,,,,弘明,弘明,,,,,,,「もう、上がっちゃうぞ？」
361800 ,,<voice_volume vol=""-1200"">,,,,,みなと,みなと,02min130_066.wav,,,,,,「う、うんっ！　もう少しで終わるよっ。ボク、お兄ちゃんが上がったらおふろ入るから……」
361900 ,,,,,,,弘明,弘明,,,,,,,「……………………」
362000 ,,,,,,,弘明,弘明,,,,,,,「そうか、じゃ上がるから、着替え……そこの引き出しに入ってる着替え、何でもいいから適当に出しとして」
362200 ,,<voice_volume vol=""-1200"">,,,,,みなと,みなと,02min130_067.wav,,,,,,「うっ、うんっ！」
362400 ,,<!ef_timepass>,,1033,,,,,,,,,,,
362500 ,,,,,,,,,,,,,,,　俺は風呂を出ると、みなとが用意していてくれたシャツを着た。踏み台から降りたみなとが、おずおずと俺の顔を見る。
362600 ,,,,,,,みなと,みなと,02min130_068.wav,minato,12,,,,「ご、ごめんね。ボク、洗うのに時間かかっちゃって……」
362700 ,,,,,,,弘明,弘明,,minato,12,,,,「……いや、いいんだ」
362800 ,,,,,,,,,,minato,12,,,,　俺は、涙の跡がかすかに残っているみなとをギュッと抱きしめた。
362900 ,,,,,,,みなと,みなと,02min130_069.wav,minato,2,,,,「ひゃっ……お兄ちゃん……？」
363000 ,,,,,,,弘明,弘明,,minato,2,,,,「いいんだ。いいんだよ…………」
363100 ,,,,,,,みなと,みなと,02min130_070.wav,minato,8,,,,「おにぃ……ちゃん……？」
363200 ,,,,,,,弘明,弘明,,minato,8,,,,「みなと…………」
363300 ,,,,,,,,,,minato,8,,,,　涙が出そうになったので、それをごまかそうとして、俺はついみなとをきつく抱きしめてしまう。
363400 ,,,,,,,みなと,みなと,02min130_071.wav,minato,6,,,,「んっ、ああんっ……くるしいよ……」
363500 ,,,,,,,弘明,弘明,,minato,6,,,,「あっ、ごめん……」
363600 ,,,,,,,,,,minato,6,,,,　俺はみなとの身体を離すと、ヒザを曲げてしゃがみ、みなとの視線に高さを合わせた。
363700 ,,,,,,,みなと,みなと,02min130_072.wav,minato,0,,,,「お兄ちゃん……？」
363800 ,,,,,,,弘明,弘明,,minato,0,,,,「みなと……好きだ」
363900 ,,,,,,,みなと,みなと,02min130_073.wav,minato,60,,,,「えっ？　やぁん……」
364000 ,,,,,,,みなと,みなと,02min130_074.wav,minato,85,,,,「ボクも……お兄ちゃんが好きだよ……」
364200 ,,,,,,,弘明,弘明,,minato,85,,,,「みなと……俺、みなとをたくさん愛したい。ベッドに……今すぐベッドに行こう」
364300 ,,,,,,,みなと,みなと,02min130_075.wav,minato,15,,,,「やっ、ああんっ……ボクもおふろ入らせてぇ……！」
364400 ,,,,,,,弘明,弘明,,minato,15,,,,「いいよ……入らなくて」
364500 ,,,,,,,みなと,みなと,02min130_076.wav,minato,6,,,,「やだよぉっ、からだ洗わせてよぉ……」
364600 ,,,,,,,弘明,弘明,,minato,6,,,,「みなとの甘い匂い、たくさん嗅ぎたいから……このままいっぱいエッチしよう」
364700 ,,,,,,,みなと,みなと,02min130_077.wav,minato,6,,,,「やっ、やぁぁんっ……」
364790 ,,<m_fade fadeout=""4000"" fadein=""3000"">,10,,,,,,,minato,6,,,,
365000 ,@02min041_ev06,,,,,,,,,,,,,,
365400 ,,<se_loop id=""env_se"" file=""rain_soft.wav"" fadein=""1500"" vol=""-2000""><s_fade time=""2500"">,10,1023,,,,,,,,,,,
365500 ,,<wait time=""500"">,,,,,弘明,弘明,,,,,,,「みなと……」
365600 ,,,,,,,,,,,,,,,　静かな寝室には、雨音だけが響いていた。
365700 ,,,,,,,,,,,,,,,　俺はみなとをベッドの前で降ろすと、身体を引き寄せる。
365900 ,,,,,,,みなと,みなと,02min118_001.wav,minato,60,,,,「あ…………」
366000 ,,,,,,,,,,minato,60,,,,　そして、小さな唇にそっとキスをした。
366100 ,,,,,,,みなと,みなと,02min118_002.wav,minato,81,,,,「んっ…………」
366200 ,,,,,,,,,,minato,81,,,,　みなとの柔らかい唇に、何度も触れる。
366300 ,,,,,,,弘明,弘明,,minato,81,,,,「みなと……いいか……？」
366400 ,,,,,,,みなと,みなと,02min054_017.wav,minato,85,,,,「うん……」
366500 ,,,,,,,,,,minato,85,,,,　みなとは小さくうなずいて、それから俺の顔を見上げた。
366600 ,,,,,,,みなと,みなと,02min118_003.wav,minato,8,,,,「お兄ちゃん……」
366700 ,,,,,,,弘明,弘明,,minato,8,,,,「んっ？」
366800 ,,,,,,,,,,minato,8,,,,　みなとが、真っ赤な顔で俺を見つめる。
366900 ,,,,,,,みなと,みなと,02min118_004.wav,minato,6,,,,「えっ、えっとね……お兄ちゃんの精子、いっぱいほしい……」
367000 ,,,,,,,,,,minato,6,,,,　俺はみなとの頬に手を当てると、耳にかかる髪をそっとかき上げた。
367100 ,,,,,,,弘明,弘明,,minato,6,,,,「ああ、いっぱいしてあげるよ。でもね……」
367200 ,,,,,,,弘明,弘明,,minato,6,,,,「みなとは俺のお嫁さんになったんだから、おま○この中で精液出すと、妊娠しちゃうかも知れないぞ？」
367300 ,,,,,,,みなと,みなと,02min118_005.wav,minato,8,,,,「えっ？　ボク、お兄ちゃんとは赤ちゃん作れないんじゃないの……？」
367400 ,,,,,,,弘明,弘明,,minato,8,,,,「みなとは、いま俺の何になってるんだっけ？」
367500 ,,,,,,,みなと,みなと,02min118_006.wav,minato,8,,,,「およめさん……。ボク、お兄ちゃんのおよめさん……」
367600 ,,,,,,,弘明,弘明,,minato,8,,,,「お嫁さんのおま○こに、中出ししたら……赤ちゃんできちゃうのは、当然だろ……？」
367700 ,,,,,,,,,,minato,8,,,,　ぽーっとした顔でそれを聞いたみなとは、うつむきながら恥ずかしそうに言った。
367800 ,,,,,,,みなと,みなと,02min059_005.wav,minato,5,,,,「あのね……あの……」
367900 ,,,,,,,弘明,弘明,,minato,5,,,,「んっ……？」
368000 ,,,,,,,みなと,みなと,02min118_007.wav,minato,82,,,,「ボク……お兄ちゃんとの赤ちゃん、ほしいよ……」
368100 ,,,,,,,みなと,みなと,02min118_008.wav,minato,3,,,,「だからお兄ちゃん、ボクのおま○こに精子出して……」
368200 ,,,,,,,弘明,弘明,,minato,3,,,,「いいのか？　できちゃっても」
368300 ,,,,,,,みなと,みなと,02min118_009.wav,minato,60,,,,「うん……。ボクのおま○この中で、精子いっぱい出して……。赤ちゃんがぜったいにできちゃうぐらい、たくさん精子ちょうだい……」
368400 ,,,,,,,,,,,,,,,　俺は静かにうなずくと、ゆっくり優しくみなとの服を脱がしていった。
368700 ,,,,,,,みなと,みなと,02min118_010.wav,"minato,naked",85,,,,「お兄ちゃん……」
368800 ,,,,,,,弘明,弘明,,minato,85,,,,「みなと……大好きだよ」
368900 ,,,,,,,みなと,みなと,02min118_011.wav,minato,1,,,,「ボクも……お兄ちゃんが大好き……」
369000 ,,,,,,,,,,minato,1,,,,　みなとは俺の身体に抱きついて、ピッタリと密着した。あたたかい体温が、しっかりと伝わってくる。
369100 ,,,,,,,,,,minato,1,,,,　俺はみなとを抱きしめながら、頭を優しく撫で続けた。
369200 ,,,,,,,弘明,弘明,,minato,1,,,,「なぁ……みなと」
369300 ,,,,,,,みなと,みなと,02min118_012.wav,minato,60,,,,「なぁに？」
369400 ,,,,,,,弘明,弘明,,minato,60,,,,「勃起したみなとのチ○チン、俺のモモに当たってる」
369500 ,,,,,,,みなと,みなと,02min118_013.wav,minato,15,,,,「えっ？　やっ、やぁん……」
369600 ,,,,,,,弘明,弘明,,minato,15,,,,「あったかくてコリコリしたのが当たって、気持ちいいぞ」
369700 ,,,,,,,みなと,みなと,02min118_014.wav,minato,6,,,,「そ、そんなこと言わないでよぉ……！　はぅぅ……」
369800 ,,,,,,,弘明,弘明,,minato,6,,,,「抱きついてるだけなのに、こんなにチ○チン勃起させちゃって……」
369900 ,,,,,,,みなと,みなと,02min118_015.wav,minato,6,,,,「だってぇ……これからお兄ちゃんと赤ちゃん作るって思うと、すっごくドキドキするんだもん……」
370000 ,,,,,,,弘明,弘明,,minato,6,,,,「そんなにドキドキするか？」
370100 ,,,,,,,みなと,みなと,02min118_016.wav,minato,60,,,,「うん……。今までのえっちと、ぜんぜんちがうよ……。ドキドキして、ぽわぁってして……。お兄ちゃん、いっぱいきもちよくしてね……」
370200 ,,,,,,,弘明,弘明,,minato,60,,,,「ああ……」
370300 ,,,,,,,みなと,みなと,02min118_017.wav,minato,81,,,,「んっ、おにぃちゃぁん……」
370400 ,,,,,,,,,,minato,81,,,,　キュッと唇を突き出したみなとに、キスをする。
370500 ,,,,,,,弘明,弘明,,minato,81,,,,「みなと……。んっ、んんっ……」
370600 ,,,,,,,みなと,みなと,02min118_018.wav,minato,81,,,,「ちゅっ、んちゅっ……ふぁ、あむ……ちゅるっ、ちゅちゅっ……ふぁ……ちゅるっ、ちゅぴっ……」
370700 ,,,,,,,弘明,弘明,,minato,81,,,,「んんっ……いつもより激しいな、みなと……」
370800 ,,,,,,,みなと,みなと,02min118_019.wav,minato,1,,,,「およめさんのキスって、こういうのでしょ……？」
370900 ,,,,,,,弘明,弘明,,minato,1,,,,「それ、どこで仕入れてきた知識だ……」
371000 ,,,,,,,,,,minato,1,,,,　俺は、みなとのおしりに手を伸ばした。
371100 ,,,,,,,みなと,みなと,02min118_020.wav,minato,15,,,,「んっ……んぁんっ！」
371200 ,,,,,,,,,,minato,15,,,,　みなとの小さなアヌス……いや、おま○こは、もうトロトロに濡れそぼっていた。
371300 ,,,,,,,みなと,みなと,02min118_021.wav,minato,6,,,,「あっ……ああんっ！　おしり……」
371400 ,,,,,,,弘明,弘明,,minato,6,,,,「みなと、ここはおま○こだろ……？」
371500 ,,,,,,,みなと,みなと,02min118_022.wav,minato,82,,,,「あ、うん……おま○こ……。ボクのおま○こ、あんまりいじっちゃイヤ……」
371600 ,,,,,,,弘明,弘明,,minato,82,,,,「今まで、たくさんいじってきたじゃないか」
371700 ,,,,,,,みなと,みなと,02min118_023.wav,minato,3,,,,「およめさんになって、おま○こをいじってもらうのは……初めてだもん……」
371800 ,,,,,,,弘明,弘明,,minato,3,,,,「ああ……そうだったな」
371900 ,,,,,,,,,,minato,3,,,,　俺はみなとのおま○こに指を当て、優しく広げるように愛撫する。
372000 ,,,,,,,みなと,みなと,02min118_024.wav,minato,6,,,,「あっ、ふぁぁっ！　お兄ちゃんのゆび、きもちいい……おま○こ、くりくりって……あああっ！」
372100 ,,,,,,,,,,minato,6,,,,　俺はみなとの身体を離すと、切なそうに勃起しきったチ○チンの前にしゃがみ込んだ。
372200 ,,,,,,,弘明,弘明,,minato,6,,,,「こっちも、みなとのかわいいおま○こだよ」
372300 ,,,,,,,,,,minato,6,,,,　そして皮のかぶったチ○チンの根元で、ぷっくりとふくらんだフクロをペロッと舐める。
372400 ,,,,,,,みなと,みなと,02min113_001.wav,minato,6,,,,「んっ、ふぅっ……んんんんっ、あっ、あうっ！」
372500 ,,,,,,,弘明,弘明,,minato,6,,,,「んっ、ちゅるっ……ぴちゅっ、ちゅっ……」
372600 ,,,,,,,,,,minato,6,,,,　フクロの付け根からチ○チンの付け根まで、フクロの中央を舌先でたどる。それから左側、右側と、フクロ全体を唾液で濡らすように広げた舌で舐めまわした。
372700 ,,,,,,,みなと,みなと,02min113_003.wav,minato,82,,,,「んっ、あぁんっ！　お兄ちゃん……ふぁっ、んんっ、ああんっ！」
372800 ,,,,,,,,,,minato,82,,,,　それから口を開け、唇でフクロをそっと噛み噛みする。中にコリコリとした感触を発見すると、俺は唇を離して、みなとのタマタマを優しくキスするように吸う。
372900 ,,,,,,,みなと,みなと,02min118_025.wav,minato,3,,,,「んっ、ああっ、あうっ……！　タマタマ、きもちいい……。ボクのふくろおま○こ……もっとなめて……」
373000 ,,,,,,,弘明,弘明,,minato,3,,,,「んんっ、ちゅるっ、ぺろっ……はむ……」
373100 ,,,,,,,みなと,みなと,02min118_026.wav,minato,6,,,,「ふぁっ、んんんっ！　きもちよすぎて、もう立ってられないよぉ……」
373200 ,,,,,,,弘明,弘明,,minato,6,,,,「おっと……」
373300 ,,,,,,,,,,minato,6,,,,　俺はふらついたみなとの身体をしっかりと抱きとめると、そのままみなとを抱え上げてベッドに座った。
373400 ,,,,,,,弘明,弘明,,minato,6,,,,「挿れるぞ、みなと……」
373500 ,,,,,,,みなと,みなと,02min118_027.wav,minato,82,,,,「うん……。おち○ちん、ボクのおま○こにちょうだい……」
373600 ,,,,,,,,,,minato,82,,,,　俺はペニスの先をみなとのおま○こに当て、みなとの身体を降ろしていった。
373800 ,*mem,,,,,,,,,,,,,,
373890 ,,<se_stop id=""env_se"" fadeout=""3000"">,10,,110621,,,,,,,,,,
373900 ,,,,,110621,,みなと,みなと,02min118_028.wav,,,,,,「んんっ……んあああっ！」
374000 ,,,,,110621,,,,,,,,,,　俺はみなとの身体を抱きしめたまま、おま○この中にゆっくりとペニスを挿入していく。
374100 ,,,,,110621,,,,,,,,,,　今まで、何度も挿入してきたみなとのここだけど……今日は、ずっと締まりが強かった。
374200 ,,,,,110621,,弘明,弘明,,,,,,,「んんっ、いつもよりキツいな……みなとのおま○こ……」
374300 ,,,,,110621,,みなと,みなと,02min118_029.wav,,,,,,「そ、そうだよぉ……。だってボク、おま○こにおち○ちん入れてもらうのは……初めてだよ……？」
374400 ,,,,,110621,,弘明,弘明,,,,,,,「そうだった……みなとは処女だったな」
374500 ,,,,,110621,,みなと,みなと,02min118_030.wav,,,,,,「うん……」
374600 ,,,,,110621,,弘明,弘明,,,,,,,「みなとの処女膜、俺が破っちゃった……」
374700 ,,,,,110621,,,,,,,,,,　そう言って俺がみなとの頬にキスすると、みなとは少し潤んだ目で優しく笑った。
374800 ,,,,,110621,,みなと,みなと,02min118_031.wav,,,,,,「えへっ、あんまり痛くなくて、良かった……」
374900 ,,,,,110621,,弘明,弘明,,,,,,,「ああ……優しくするからな……」
375000 ,,,,,110621,,,,,,,,,,　ペニスが最奥まで達したところで、みなとの身体をゆっくりと持ち上げ、再び腰を突き上げる。
375100 ,,,,,110621,,みなと,みなと,02min118_032.wav,,,,,,「んんっ、ああっ……あっ、あっ、ああ……」
375200 ,,,,,110621,,弘明,弘明,,,,,,,「俺のチ○チンの根元まで、みなとのおま○こに入ってるぞ……」
375300 ,,,,,110621,,みなと,みなと,02min118_033.wav,,,,,,「うんっ、うんっ……すごいよ……。お兄ちゃんのおち○ちんが、ボクのおなかの中、いっぱいなの……」
375400 ,,,,,110621,,,,,,,,,,　みなとは俺にしがみつきながら、可愛い声を漏らす。俺はみなとの身体を抱きしめ、少しずつ突き上げのペースを上げていった。
375500 ,,,,,110621,,みなと,みなと,02min118_034.wav,,,,,,「んっ、あっ、ああっ！　あうっ、んんっ、あっ……！」
375600 ,,,,,110621,,弘明,弘明,,,,,,,「みなとのおま○こ、柔らかくてあったかくて、すごく気持ちいいよ……」
375700 ,,,,,110621,,みなと,みなと,02min118_035.wav,,,,,,「ボクも、すっごくきもちいい……。おま○この入り口がね、きゅうんってして……」
375800 ,,,,,110621,,弘明,弘明,,,,,,,「ここか……？　みなと」
375900 ,,,,,110621,,みなと,みなと,02min118_036.wav,,,,,,「ああっ、ああんっ！　ふぁぁんっ、いりぐちはダメぇ……おま○この入り口、ぐりぐりしちゃだめぇ……！」
376000 ,,,,,110621,,弘明,弘明,,,,,,,「おま○この奥は……どうかな」
376100 ,,,,,110621,,みなと,みなと,02min118_037.wav,,,,,,「あっ、あっ、ふぁっ！　おち○ちんのでっぱったところが、ボクのおま○こをごりごりって、こすってる……」
376200 ,,,,,110621,,,,,,,,,,　みなとは俺の胸の中に顔をうずめ、快感に耐えていた。火照ったみなとの身体からは、甘い匂いが立ちのぼる。
376300 ,,,,,110621,,弘明,弘明,,,,,,,「みなと……んんっ、すうっ……ああ……」
376400 ,,,,,110621,,,,,,,,,,　俺はみなとの香りを楽しみつつ、柔らかい背中を撫でさすった。
376500 ,,,,,110621,,弘明,弘明,,,,,,,「背中、ぷにぷにしてて気持ちいいな……」
376600 ,,,,,110621,,みなと,みなと,02min064_035.wav,,,,,,「あっ、んんっ……あんんっ、お兄ちゃん……」
376700 ,,,,,110621,,,,,,,,,,　女の子のようにきめ細かいみなとの肌を楽しみながら、俺は更に突き上げを続ける。
376800 ,,,,,110621,,みなと,みなと,02min113_002.wav,,,,,,「んあっ、んっ、んんっ！　あっ、あああっ、ああんっ……」
376900 ,,,,,110621,,,,,,,,,,　みなとのチ○チンからはとろとろとカウパーがあふれ、俺たちのおなかが触れあうたびにくちゅくちゅと淫猥な音を立てていた。
377100 ,,,,,110622,,みなと,みなと,02min118_038.wav,,,,,,「んっ、んんっ、あうっ！　ああっ、んっ、ああ……お兄ちゃんのおち○ちん、やっぱりきもちいいよぉ……」
377200 ,,,,,110622,,,,,,,,,,　みなとは俺の耳元で、艶のある声を漏らしている。
377300 ,,,,,110622,,,,,,,,,,　俺はみなとのチ○チンをつまむと、優しく愛撫を始めた。
377400 ,,,,,110622,,みなと,みなと,02min064_045.wav,,,,,,「あっ、ふぁぁっ、おち○ちん……さわらないで……」
377500 ,,,,,110622,,弘明,弘明,,,,,,,「ぬるぬるだな……。おなかの間で、くちゅくちゅと音を立ててるぞ」
377600 ,,,,,110622,,みなと,みなと,02min068_068.wav,,,,,,「あっ、ふぁぁっ……おにいちゃ……あっ、あっ！」
377700 ,,,,,110622,,,,,,,,,,　皮から露出している亀頭の先端を指の腹でこすると、みなとはビクビクと身体を震わせた。
377800 ,,,,,110622,,みなと,みなと,02min118_039.wav,,,,,,「んっ、ふぁっ、んんんっ、あうっ！　あっ、あっ、あ……」
377900 ,,,,,110622,,弘明,弘明,,,,,,,「すごいな、カウパーがぴゅるぴゅるあふれ出てきた」
378000 ,,,,,110622,,みなと,みなと,02min055_050.wav,,,,,,「だっ、だって……だってぇ……。んあっ、あっ、んんっ！」
378100 ,,,,,110622,,,,,,,,,,　みなとは愛液のようなカウパーを噴き上げながら、涙目で俺に訴える。
378200 ,,,,,110622,,みなと,みなと,02min118_040.wav,,,,,,「お兄ちゃん……ボク、イッちゃうっ！　精子が……出ちゃうよぉっ！」
378300 ,,,,,110622,,弘明,弘明,,,,,,,「もう少し、我慢して……。もっともっと、気持ち良くしてあげるから……」
378400 ,,,,,110622,,,,,,,,,,　俺はみなとのおでこに何度もキスをしつつ、腰の動きを強めた。亀頭のカリが、みなとのおま○こを激しくえぐる。
378500 ,,,,,110622,,みなと,みなと,02min118_041.wav,,,,,,「あっ、あっ、ふぁぁっ……！　んんんっ、あうっ……。おま○こ、きもちいい……」
378600 ,,,,,110622,,弘明,弘明,,,,,,,「うん、俺も……みなとのおま○こ、すっごく気持ちいいよ……」
378700 ,,,,,110622,,,,,,,,,,　みなとは夢見心地の顔で、俺を見上げる。
378800 ,,,,,110622,,みなと,みなと,02min118_042.wav,,,,,,「お兄ちゃんのおち○ちんが、ボクのおま○この奥まで入ってるの……。あああっ、んんっ！」
378900 ,,,,,110622,,,,,,,,,,　今までにないような激しい快感に、俺も射精の限界が近づいていた。
379000 ,,,,,110622,,みなと,みなと,02min118_043.wav,,,,,,「あっ、あうっ、んんっ！　ボク、もう……」
379100 ,,,,,110622,,弘明,弘明,,,,,,,「うん、ああ……俺も、出すよ……」
379200 ,,,,,110622,,みなと,みなと,02min118_044.wav,,,,,,「はやく、ボクのおま○こに精子ちょうだい……。お兄ちゃんの精子、おま○こにたくさん出して……！」
379300 ,,,,,110622,,弘明,弘明,,,,,,,「あっ、ああ……みなと……！」
379400 ,,,,,110622,,,,,,,,,,　俺は腰を高く突きあげ、ペニスの根元までみなとのおま○この中に挿入する。
379500 ,,,,,110622,,みなと,みなと,02min113_003.wav,,,,,,「んっ、あぁんっ！　お兄ちゃん……ふぁっ、んんっ、ああんっ！」
379600 ,,,,,110622,,弘明,弘明,,,,,,,「みなと……いくぞ……！」
379700 ,,,,,110622,,みなと,みなと,02min113_004.wav,,,,,,「あんっ！　ああっ、あっ、んんっ……ふぁぁっ、んっ、あうんっ！　ひうっ、んっ……」
379800 ,,,,,110622,,みなと,みなと,02min118_045.wav,,,,,,「んんっ、あうっ、んんんっ！　あっ、あっ、ああ……もうダメ、らめぇぇ……ああっ、あっ、んんんっ、あうっ！　あ、あっ、ああっ、んあああぁぁぁ……っっ！！！」
380100 ,,<!ef_shasei>,,,110623,,,,,,,,,,　俺はみなとの最奥で、ありったけの精液を放った。そしてみなとも、薄い精液を俺たちのおなかに噴き上げる。
380200 ,,,,,110623,,みなと,みなと,02min118_046.wav,,,,,,「はあっ、ああっ……ああ……」
380300 ,,,,,110623,,,,,,,,,,　みなとの熱い精液が、俺の腹をつたって落ちた。俺は最後の一滴まで注ぎ込もうと、みなとの身体を抱きしめる。
380400 ,,,,,110623,,みなと,みなと,02min118_047.wav,,,,,,「ふぁ……ボクのおま○この中で、お兄ちゃんの精子……いっぱい出てる……」
380500 ,,,,,110623,,弘明,弘明,,,,,,,「うん……全部、みなとの中に出したよ……」
380600 ,,,,,110623,,,,,,,,,,　絶頂の後も、みなとのおしりはひくひくと震えていた。俺の精液を少しでも多く搾り取るかのように、なまめかしく締めつけている。
380700 ,,,,,110623,,みなと,みなと,02min118_048.wav,,,,,,「あっ、あ……おま○こ、ひくひくうごいてる……きもちいいよぉ……」
380800 ,,,,,110623,,弘明,弘明,,,,,,,「うん……ギュッ、ギュッて、俺のチ○チンを締めつけてるよ……」
380900 ,,,,,110623,,,,,,,,,,　やがて精液を充分に得たと判断したのか、みなとのおま○こは俺のペニスを排出するような動きに変わっていった。俺がゆっくり引き抜いていくと、みなとは快感の余韻に小さく震えていた。
381000 ,,,,,110623,,みなと,みなと,02min118_049.wav,,,,,,「んんんっ……」
381100 ,,,,,110623,,,,,,,,,,　そのまま、俺たちは向かい合わせで抱き合う。セックスの火照りが、少しずつクールダウンしていった。
381200 ,,,,,110623,,みなと,みなと,02min118_050.wav,,,,,,「ふぁ……ボク、ホントに赤ちゃんできちゃうかも……」
381300 ,,,,,110623,,弘明,弘明,,,,,,,「赤ちゃん作るために、みなとのおま○こに中出ししたんだぞ……？」
381400 ,,,,,110623,,みなと,みなと,02min118_051.wav,,,,,,「うん…………」
381500 ,,,,,110623,,,,,,,,,,　みなとはゆっくりとうなずいて、それから俺の胸の中で、ゆっくりと目を閉じていった。
381700 ,,,,,110631,,,,,,,,,,　俺はみなとと抱き合ったまま、静かに身体を横へと倒した。
381800 ,,,,,110631,,,,,,,,,,　汗で少し湿ったみなとの髪を、俺は優しく撫で続ける。
381900 ,,,,,110631,,みなと,みなと,02min118_052.wav,,,,,,「お兄ちゃん……ボク、すっごくしあわせ……」
382000 ,,,,,110631,,,,,,,,,,　みなとは、俺の耳元で静かにつぶやいた。
382100 ,,,,,110631,,みなと,みなと,02min118_053.wav,,,,,,「お兄ちゃんのおよめさんになるって、こんなにしあわせなことだったんだね……」
382200 ,,,,,110631,,弘明,弘明,,,,,,,「みなと……」
382300 ,,,,,110631,,弘明,弘明,,,,,,,「俺はみなとを……本当にお嫁さんにするからな……」
382400 ,,,,,110631,,みなと,みなと,02min118_054.wav,,,,,,「うん……いつか、かならず……」
382500 ,,,,,110631,,みなと,みなと,02min118_055.wav,,,,,,「ボクと、けっこんしてね……。お兄ちゃん……」
382600 ,,,,,110631,,,,,,,,,,　俺がしっかりとうなずいた、そのとき……。
382700 ,,,,,110631,,みなと,みなと,02min118_056.wav,,,,,,「あっ、あんっ」
382800 ,,,,,110631,,,,,,,,,,　中出しをした精液が、みなとのおま○こからどろりと流れ出てきた。
382900 ,,,,,110631,,みなと,みなと,02min118_057.wav,,,,,,「あっ、だめぇっ！　お兄ちゃんの精子、出ちゃだめっ！　ボクのおなかの中で赤ちゃんできるまで、精子出ちゃだめぇっ……！」
383000 ,,,,,110631,,,,,,,,,,　みなとは慌てておしりを押さえ、精液の流出を止めようとする。
383100 ,,,,,110631,,弘明,弘明,,,,,,,「精子が出ないように、俺もおま○こを押さえててあげようか」
383200 ,,,,,110631,,みなと,みなと,02min118_058.wav,,,,,,「えっ……？」
383300 ,,,,,110631,,,,,,,,,,　みなとは俺を見つめ、微笑みながらうなずいた。
383400 ,,,,,110631,,みなと,みなと,02min118_059.wav,,,,,,「うん……」
383600 ,,,,,110632,,,,,,,,,,　俺はみなとのおしりに手を回し、そこにある小さなくぼみに指先を当てた。
383700 ,,,,,110632,,みなと,みなと,02min118_060.wav,,,,,,「んっ、ああっ……」
383800 ,,,,,110632,,弘明,弘明,,,,,,,「大丈夫。精液、あんまり出てないよ」
383900 ,,,,,110632,,みなと,みなと,02min118_061.wav,,,,,,「ありがと……お兄ちゃん……」
384000 ,,,,,110632,,,,,,,,,,　俺はみなとのおしりに指を当てたまま、その小さな身体をギュッと抱きしめる。近づいてきた唇に、自然とキスをした。
384100 ,,,,,110632,,みなと,みなと,02min118_062.wav,,,,,,「ちゅっ、んちゅっ……お兄ちゃん、すきぃ……だいすきぃ……」
384200 ,,,,,110632,,弘明,弘明,,,,,,,「んっ、んちゅっ……みなと……」
384300 ,,,,,110632,,,,,,,,,,　みなとのおしりに指を当てている間、俺たちは何度もキスを交わした。
384400 ,,,,,110632,,,,,,,,,,　唇を離し、互いの名前を呼び、目を見つめ……それからまた、何度も唇が重なる。
384500 ,,,,,110632,,弘明,弘明,,,,,,,「んっ、ちゅっ……みなとのおま○こ、あったかいな」
384600 ,,,,,110632,,みなと,みなと,02min118_063.wav,,,,,,「お兄ちゃんのおっきなおち○ちんが、たくさん出たり入ったりしたから……」
384700 ,,,,,110632,,,,,,,,,,　みなとが恥ずかしそうに身を縮めると、おしりもキュッと可愛らしく縮こまった。
384800 ,,,,,110632,,弘明,弘明,,,,,,,「そろそろ……俺の精子が、みなとの卵子と受精してる頃かな……」
384900 ,,,,,110632,,みなと,みなと,02min118_064.wav,,,,,,「じゅせい……？」
385000 ,,,,,110632,,弘明,弘明,,,,,,,「精子と卵子がくっついて、赤ちゃんができることだよ」
385100 ,,,,,110632,,,,,,,,,,　俺の説明に、みなとは納得したようにうなずく。
385200 ,,,,,110632,,みなと,みなと,02min118_065.wav,,,,,,「お兄ちゃん、ボクのおま○この中にいっぱい精子出してくれたから……」
385300 ,,,,,110632,,みなと,みなと,02min118_066.wav,,,,,,「もう、ぜったいに赤ちゃんできちゃうね……」
385400 ,,,,,110632,,,,,,,,,,　みなとはそうつぶやいて、おなかの上に手を置いた。俺もその上に、そっと手を重ねる。
385500 ,,,,,110632,,,,,,,,,,　そして二人の重なった手で、小さなおなかを優しく撫でさすった。みなとの幸せそうな笑顔が、俺は本当に愛おしかった。
385600 ,,,,,110632,,みなと,みなと,02min118_067.wav,,,,,,「お兄ちゃん……ボクたちの赤ちゃんの名前、どんなのがいいかな……」
385700 ,,,,,110632,,弘明,弘明,,,,,,,「んっ？　そうだな、産まれるまでには決めないとな」
385800 ,,,,,110632,,みなと,みなと,02min118_068.wav,,,,,,「うふふっ▼　赤ちゃん、おとこのこかな、おんなのこかな……」
385900 ,,,,,110632,,弘明,弘明,,,,,,,「みなととお姉ちゃんみたいに、双子かも知れないぞ」
386000 ,,,,,110632,,みなと,みなと,02min118_069.wav,,,,,,「あ、それはうれしいけど……でも二人も赤ちゃん育てるの、たいへんだよぉ……」
386100 ,,,,,110632,,,,,,,,,,　俺の胸の中で、みなとが笑った。
386200 ,,,,,110632,,,,,,,,,,　この世で一番大切にしたいと思える、心から愛おしい笑顔だった。
386300 ,$event_return,,,,,,,,,,,,,,
386700 ,@02min042,,,,,,,,,,,,,,
387000 ,,<s_fade time=""2500"">,10,9000,,,,,,,,,,,
387100 ,,<wait time=""3000""><s_fade time=""2500"">,,1023,110641,,,,,,,,,,　それから、だいぶ時間が経った気がした。
387200 ,,,,,110641,,弘明,弘明,,,,,,,「雨……上がったみたいだな」
387300 ,,,,,110641,,,,,,,,,,　俺は少し身体を起こし、ベッドの上にある小さな窓を開けた。
387400 ,,,,,110641,,,,,,,,,,　鈍く月色に輝くみなとの髪が、夜風を受けて静かに揺れる。
387500 ,,,,,110641,,弘明,弘明,,,,,,,「涼しいな……」
387600 ,,,,,110641,,みなと,みなと,02min131_001.wav,minato,0,,,,「うん…………」
387700 ,,,,,110641,,,,,,,,,,　雨で空気の汚れが洗い流されたのか、窓から見上げる夜空は綺麗に澄んでいた。離れた国道を走る車の音が、心地よいノイズとなって聞こえてくる。
387800 ,,,,,110641,,,,,,,,,,　俺たちは肩を寄せ合い、小さな窓から星がまたたく夜空を見上げていた。ときおり入ってくる風で、さっきの汗が気持ちよく引いていく。
387900 ,,,,,110641,,みなと,みなと,02min131_002.wav,minato,0,,,,「お兄ちゃん……」
388000 ,,,,,110641,,,,,,,,,,　みなとが、シーツの中で身体を寄せてくる。
388100 ,,,,,110641,,,,,,,,,,　俺はその小さい身体に腕を回して、ぴったりと抱き寄せた。
388200 ,,,,,110641,,みなと,みなと,02min131_003.wav,minato,0,,,,「ボクね、昨日…………夢を、見たの」
388300 ,,,,,110641,,弘明,弘明,,,,,,,「夢……？」
388400 ,,,,,110641,,みなと,みなと,02min131_004.wav,minato,0,,,,「うん……」
388500 ,,,,,110641,,弘明,弘明,,,,,,,「どんな夢だ……？」
388600 ,,,,,110641,,,,,,,,,,　みなとは、しばらくおいてから口を開く。
388700 ,,,,,110641,,みなと,みなと,02min131_005.wav,minato,0,,,,「えっとね、お兄ちゃんとね……」
388800 ,,,,,110641,,,,,,,,,,　でもまた、そこで口をつぐんでしまった。
388900 ,,,,,110641,,みなと,みなと,02min131_006.wav,minato,0,,,,「えへっ、やっぱりナイショ……」
389000 ,,,,,110641,,弘明,弘明,,,,,,,「もう……なんだよ……」
389100 ,,,,,110641,,,,,,,,,,　俺はみなとを軽くこづきつつ、それ以上は聞かなかった。
389200 ,,,,,110641,,,,,,,,,,　二人で、狭い夜空を見上げる。また、ゆるやかな風が入ってきた。みなとの、綺麗に切り揃えられた髪がしなやかに揺れる。
389300 ,,,,,110641,,みなと,みなと,02min131_007.wav,minato,0,,,,「こんど、会うときは……海、行こうね……」
389400 ,,,,,110641,,弘明,弘明,,,,,,,「ああ」
389500 ,,,,,110641,,みなと,みなと,02min131_008.wav,minato,0,,,,「山にも……行こうね」
389600 ,,,,,110641,,弘明,弘明,,,,,,,「ああ……」
389700 ,,,,,110641,,みなと,みなと,02min131_009.wav,minato,0,,,,「あと、公園に行って……お買い物に行って……」
389800 ,,,,,110641,,弘明,弘明,,,,,,,「……………………」
389900 ,,,,,110641,,みなと,みなと,02min131_010.wav,minato,0,,,,「今日みたいに……ごはんも、作ってあげるから……」
390000 ,,,,,110641,,みなと,みなと,02min131_011.wav,minato,0,,,,「だから……だから……」
390100 ,,,,,110641,,,,,,,,,,　俺は、無言で小さな身体を抱き寄せた。みなとの肌は、ほんのりと温かい。
390200 ,,,,,110641,,みなと,みなと,02min131_012.wav,minato,0,,,,「ごめんね……」
390300 ,,,,,110641,,弘明,弘明,,,,,,,「みなとが謝ることなんてないよ……」
390400 ,,,,,110641,,,,,,,,,,　少し、強い風が吹き抜けた。カーテンが音もなく揺れる。
390700 ,,,,,110641,,,,,,,,,,　俺は、みなとを懐深くに抱き寄せる。
390900 ,,,,,110641,,弘明,弘明,,,,,,,「寒くないか？」
391000 ,,,,,110641,,みなと,みなと,02min131_014.wav,minato,0,,,,「ううん、ぜんぜん……。お兄ちゃんが、いるから……」
391100 ,,,,,110641,,みなと,みなと,02min131_015.wav,minato,0,,,,「ありがとう……お兄ちゃん……」
391200 ,,,,,110641,,,,,,,,,,　それから静かに目を閉じ、安らかな寝息を立てるまで……俺は、小さな恋人をずっと見つめ続けていた。
391500 ,,<m_fade fadeout=""3000"">,0,,110641,,,,,,,,,,
391600 ,,<hide><s_fade wa time=""3500"">,,9000,,,,,,,,,,,
391700 ,,<hide><wait time=""2000""><s_fade time=""3500"">,,1021,,,,,,,,,,,
391800 ,,,,,,,弘明,弘明,,,,,,,「…………ん？」
391900 ,,,,,,,,,,,,,,,「んっ、ああ……。くそっ、俺も寝ちまったのか……」
392000 ,,,,,,,弘明,弘明,,,,,,,　朝までずっとみなとを眺めていようと思ってたけど、どうやら途中で力尽きて寝てしまったらしい。
392100 ,,,,,,,,,,,,,,,「んっ、みなと………………」
392200 ,,,,,,,弘明,弘明,,,,,,,「みなと………………」
392300 ,,,,,,,弘明,弘明,,,,,,,「………………………………」
392400 ,,,9,,,,弘明,弘明,,,,,,,「…………みなと！？」
392500 ,,,,,,,,,,,,,,,　起き抜けの不確かな意識は、一気に覚めてしまった。隣でシーツにくるまって寝ていたはずの、みなとの姿がどこにもない。
392600 ,,,,,,,弘明,弘明,,,,,,,「みなと…………！！！」
392700 ,,,,,,,,,,,,,,,　俺は慌ててベッドから飛び起きて、みなとの姿を探す。
392900 ,,,,1011,,,,,,,,,,,
392990 ,,<wait time=""500"">,,1041,,,,,,,,,,,
393000 ,,<wait time=""500"">,,1031,,,,,,,,,,,
393100 ,,,,,,,,,,,,,,,　みなとは、リビングにもいなかった。台所にも、風呂場にもいない。
393200 ,,,,,,,,,,,,,,,　台所では皿が整理され、また洗濯物がきれいにたたまれていた。テーブルには朝食が用意してあり、温めて食べるだけの状態になっている。
393300 ,,,,,,,弘明,弘明,,,,,,,「みなと……そんな、まさか……」
393400 ,,,,,,,,,,,,,,,　そのとき、玄関の向こうで物音がした。俺は急いで玄関に向かい、勢いよく開け放つ。
393700 ,,<!ef_door_entrance_open><m_fade fadeout=""4000"">,,,,,弘明,弘明,,,,,,,「みなと……っ！？」
393800 ,,<m_fade fadeout=""3000"">,0,,,,つばさ,つばさ,05tsu131_001.wav,"tsubasa,private",2,,,,「…………えっ」
393900 ,,,,,,,つばさ,つばさ,05tsu131_002.wav,tsubasa,15,,,,「わっ、わわわっ……！？」
394000 ,,,,,,,弘明,弘明,,tsubasa,15,,,,「つ、つばさ……！？」
394100 ,,,,,,,つばさ,つばさ,05tsu131_003.wav,tsubasa,13,,,,「まっ、前っ！　前っ！　なっ、何かはけよっ！」
394200 ,,,,,,,弘明,弘明,,tsubasa,13,,,,「…………えっ？」
394300 ,,,,,,,弘明,弘明,,tsubasa,13,,,,「うぁぁぁっ…………！！」
394400 ,,,,,,,,,,tsubasa,13,,,,　つばさに言われて、俺は全裸であることに気付いた。昨日みなととエッチをして、そのままだったのを忘れていた。
394500 ,,,,,,,弘明,弘明,,,,,,,「すっ、すまんっ！」
394800 ,,<!ef_timepass>,,1011,,,,,,,,,,,
394900 ,,,,,,,つばさ,つばさ,05tsu131_004.wav,tsubasa,6,,,,「……………………」
395000 ,,,,,,,弘明,弘明,,tsubasa,6,,,,「いや、あの……なんつーか……すまん……」
395100 ,,,,,,,つばさ,つばさ,05tsu131_005.wav,tsubasa,6,,,,「う、ううん……別に……その…………」
395200 ,,,,,,,つばさ,つばさ,05tsu131_006.wav,tsubasa,5,,,,「あのさ、弘明さん……昨日は、みなとと…………」
395300 ,,,,,,,つばさ,つばさ,05tsu131_007.wav,tsubasa,8,,,,「………………」
395400 ,,<m_fade fadeout=""2000"" fadein=""1000"">,9,,,,弘明,弘明,,tsubasa,8,,,,「えっ、えっと、みなとは……もう、行っちゃったのか……？」
395500 ,,,,,,,つばさ,つばさ,05tsu131_008.wav,tsubasa,3,,,,「１１時の飛行機だって、言ってた……」
395600 ,,,,,,,弘明,弘明,,tsubasa,3,,,,「１１時…………」
395700 ,,,,,,,,,,tsubasa,3,,,,　俺は壁の時計を見た。時刻は１０時過ぎ。みなとは、まだ飛行機には乗っていないはずだ。……でも、この家からじゃ今から空港に向かったところで、もう間に合わない。
395800 ,,,,,,,弘明,弘明,,tsubasa,3,,,,「くっ…………」
395900 ,,,,,,,,,,tsubasa,3,,,,　俺は携帯を取り、みなとに電話をかけた。しかし電源が切ってあるのか、留守録サービスに回されてしまう。
396000 ,,,,,,,弘明,弘明,,tsubasa,3,,,,「くそっ……」
396100 ,,,,,,,,,,tsubasa,3,,,,　みなとは、まだ近くにいる。でも。会いに行けないのがもどかしい。
396200 ,,,,,,,,,,tsubasa,3,,,,　そんな俺の姿を見ていたつばさが、小さくつぶやいた。
396300 ,,,,,,,つばさ,つばさ,05tsu131_009.wav,tsubasa,41,,,,「やっぱり……みなとじゃないと……」
396400 ,,,,,,,弘明,弘明,,tsubasa,41,,,,「……えっ？」
396500 ,,,,,,,つばさ,つばさ,05tsu131_010.wav,tsubasa,41,,,,「俺じゃ……ダメだよな……」
396600 ,,,,,,,弘明,弘明,,tsubasa,41,,,,「つばさ…………」
396700 ,,,,,,,つばさ,つばさ,05tsu131_011.wav,tsubasa,15,,,,「俺、もう帰るからっ！　じゃ、じゃあなっ！」
396880 ,,,,,,,,,,,,,,,
396890 ,,<wait time=""300"">,,1031,,,,,,,,,,,
396900 ,,,,,,,弘明,弘明,,,,,,,「あ…………」
397000 ,,,,,,,,,,,,,,,後を追った俺は、玄関で立ち止まる。廊下には、ネットに入ったサッカーボールが……だいぶ新品に近そうな、綺麗なサッカーボールが落ちていた。
397100 ,,,,,,,弘明,弘明,,,,,,,「つばさ…………」
397200 ,,<hide><!ef_daypass>,0,9000,,,,,,,,,,,
397500 ,@02min043_true,,,,,,,,,,,,,,
397900 ,,<hide><wait time=""3000""><s_fade time=""4000"">,0,1051,,,,,,,,,,,
398000 ,,,,,,,,,,,,,,,　それから俺は、無為の数日を過ごした。
398100 ,,,,,,,,,,,,,,,　みなととたまに電話で話し、メールのやりとりをするだけという、気の抜けた日々……。
398190 ,,,,,,,,,,,,,,,　たまにつばさが家に来てくれたけど、軽く話をして別れるだけで、特に何もすることはなかった。
398400 ,,<hide><s_fade wa time=""2500"">,,9000,,,,,,,,,,,
398500 ,,<hide><wait time=""2000"">,8,1011,,,,,,,,,,,
398600 ,,,,,,,,,,,,,,,　そんなある日。俺の部屋に、突然黒い服を着た屈強な男たちが押し入ってきた。あまりに突然すぎて、俺は何も対処ができなかった。
398700 ,,,,,,,黒服,黒服,10kro129_001.wav,,,,,,「失礼致します」
398800 ,,<!ef_tackle><s_fade time=""600"" param=""file=af/gra_v1.af&range=-64"">,,9000,,,弘明,弘明,,,,,,,「なっ……なんだ！？」
398980 ,,,,,,,黒服,黒服,,,,,,,「暴れられると困りますので、どうかしばらくご辛抱下さい」
398990 ,,,,,,,弘明,弘明,,,,,,,「わっ……わわっ！？　ふぐっ……！」
399008 ,,,,,,,,,,,,,,,　俺は訳がわからないまま猿ぐつわを噛まされ、大きな麻袋に入れられてしまう。
399009 ,,,,,,,弘明,弘明,,,,,,,（ちょ、ちょっと……いったいどうなってるんだ！？）
399010 ,,,,,,,,,,,,,,,　近くから、何やらガチャガチャと大きな音がする。どうやら、ものすごい数の男たちが続々と家財道具を運び出しているらしい。
399020 ,,,,,,,弘明,弘明,,,,,,,（なんだよこれって……強盗団か！？　おっ、おいっ！　くそっ……！）
399030 ,,,,,,,,,,,,,,,　俺が身をよじって暴れると、身体を押さえ込んでいた男が耳元で小さくささやいた。
399040 ,,,,,,,黒服,黒服,,,,,,,「仕方ありません……失礼致します」
399050 ,,,,,,,,,,,,,,,　その言葉と同時に、ロープのようなもので俺の身体が縛り上げられる。
399060 ,,,,,,,弘明,弘明,,,,,,,（んっ、んんっ……んーーっ！！！）
399070 ,,,,,,,,,,,,,,,　もう、身体の自由は効かない。俺はそのまま担ぎ出されて、車らしきものに積み込まれてしまう。
399080 ,,,,,,,弘明,弘明,,,,,,,（お、おい……待ってくれよ……。マジかよ……）
399090 ,,,,,,,,,,,,,,,　車はすぐに発進し、俺の頭はパニックに陥る。ただ意外なことに、少し走っただけで車からはすぐに降ろされた。
399100 ,,,,,,,,,,,,,,,　俺は再び担ぎ上げられ、ウチと同じく安っぽそうにカンカンと音を立てる階段をのぼったあと、袋の中からようやく解放されたのだった。
399200 ,,<s_fade time=""2400"" type=""rotate"" param=""round=1080&zoom=r"">,,1011,,,,,,,,,,,
399300 ,,"<!ef_body_fall_int><shake target=""sc"" time=""500,500"" x=""20,250,0"" y=""60,50,0"" edge=""0"">",,,,,弘明,弘明,,,,,,,「えっ…………」
399390 ,,,,,,,,,,,,,,,　俺は、絶句して辺りを見回した。俺は俺の部屋からどこかへと連れ去られたはずが、再び同じ自分の部屋にいる。
399399 ,,,,,,,弘明,弘明,,,,,,,「そんな……いったい……」
399400 ,,,,,,,,,,,,,,,　ここはまぎれもなく、俺の部屋……のはずなんだけど、なにか引っかかる妙な違和感があった。
399500 ,,,,,,,黒服,黒服,10kro129_002.wav,,,,,,「失礼致しました。なにとぞ御容赦を」
399590 ,,,,,,,,,,,,,,,　黒服の男が＜慇懃＝いんぎん＞に頭を下げたのを見て、俺もようやく言葉が出てくる。
399600 ,,,,,,,弘明,弘明,,,,,,,「こ、これはいったいどういう……！！」
399700 ,,,,,,,つばさ,つばさ,05tsu129_001.wav,"tsubasa,private",84,,,,「えっと……」
399800 ,,,,,,,弘明,弘明,,tsubasa,84,,,,「……つばさ！？」
399890 ,,,,,,,,,,tsubasa,84,,,,　黒服の男たちの間から出てきたのは、つばさだった。つばさは少し気まずそうに俺を見ると、黒服に手で合図を送る。
399900 ,,,,,,,,,,tsubasa,84,,,,　それを受けた黒服たちは、つばさに一礼をすると機敏な動作で部屋を出て行った。
400000 ,,,,,,,つばさ,つばさ,05tsu129_002.wav,tsubasa,1,,,,「どうやら、乱暴に連れて来ちゃったようで……ごめん」
400100 ,,,,,,,弘明,弘明,,tsubasa,1,,,,「つばさ、いったいどういうコトなんだ……！？　俺、突然どこかへ連れ去られて……。かと思ったら、やっぱりまだ俺の部屋で！」
400190 ,,,,,,,,,,tsubasa,1,,,,　一気にまくし立てる俺を見て、つばさはバツが悪そうな顔で説明した。
400200 ,,,,,,,つばさ,つばさ,05tsu129_003.wav,tsubasa,4,,,,「ここは、ウチの敷地だよ……。港の、埋め立て地」
400300 ,,,,,,,弘明,弘明,,tsubasa,4,,,,「えっ、埋め立て地……！？」
400400 ,,,,1021,,,,,,,,,,,
400500 ,,,,,,,,,,,,,,,　俺は寝室へ走り、窓の外を見た。そして、あまりのことに再び絶句する。
400600 ,,,,,,,,,,,,,,,　住宅が建ち並んでいたはずのそこは、見渡す限りの海が広がっていた。
400700 ,,,,,,,弘明,弘明,,,,,,,「なっ……そんな…………」
400800 ,,,,1011,,,,,,,,,,,
400900 ,,,,,,,つばさ,つばさ,05tsu129_004.wav,tsubasa,8,,,,「ごめん……ちょっと予定がくるって、急いでたから……」
401000 ,,,,,,,弘明,弘明,,tsubasa,8,,,,「予定って、なにが……」
401100 ,,,,,,,つばさ,つばさ,05tsu129_005.wav,tsubasa,5,,,,「それは……みなとが……」
401200 ,,,,,,,弘明,弘明,,tsubasa,5,,,,「みなとが……？」
401300 ,,<m_fade fadeout=""2000"">,0,,,,,,,,,,,,
401400 ,,<wait time=""1000""><s_fade time=""1200"">,,,,,,,,,,"minato,private",8,,
401500 ,,<wait time=""500"">,,,,,みなと,みなと,02min129_001.wav,,,"minato,private",8,,「……あっ、えっと……お兄ちゃん……」
401600 ,,,,,,,弘明,弘明,,,,minato,8,,「みなと！？」
401700 ,,,3,,,,,,,,,minato,8,,　つばさのうしろから、おずおずと顔を出したのは……この前引っ越していったはずの、みなとだった。
401800 ,,,,,,,弘明,弘明,,,,minato,8,,「みなとが、どうして……ここに……」
401900 ,,,,,,,みなと,みなと,02min129_002.wav,,,minato,6,,「えっと、あの…………」
401990 ,,,,,,,,,,,,minato,6,,　みなとはもじもじとしながら、俺とつばさを交互に見る。それを見たつばさが、みなとに優しい微笑みを投げかけた。
402000 ,,,,,,,つばさ,つばさ,05tsu129_006.wav,tsubasa,5,,,,「ほら、もう……みなと！」
402090 ,,"<shake id=""1"" target=""st1"" time=""500,700"" x=""40,300,90"" y=""15,400,180"" type=""0"">",,,,,,,,,,minato,15,,
402100 ,,<!ef_tackle>,,,,,みなと,みなと,02min129_003.wav,,,minato,15,,「あんっ……！」
402200 ,,<stop id=""1"">,,,,,,,,,,minato,15,,　つばさが、みなとの背中を勢いよく押す。よたよたと近づいてくるみなとを、俺はしっかりと受け止めた。
402300 ,,,,,,,弘明,弘明,,,,minato,15,,「……っと」
402400 ,,,,,,,みなと,みなと,02min129_004.wav,,,minato,60,,「お兄ちゃん…………」
402500 ,,,,,,,弘明,弘明,,,,minato,60,,「みなと…………」
402600 ,,,,,,,,,,,,minato,60,,　俺は、みなとの身体を力いっぱいに抱きしめる。腕の中のみなとが振り返って、つばさを見た。
402700 ,,,,,,,みなと,みなと,02min129_005.wav,,,minato,85,,「本当にありがとね……つばさくん」
402800 ,,,,,,,つばさ,つばさ,05tsu129_007.wav,tsubasa,6,minato,85,,「い、いいよ……」
402850 ,,,,,,,,,,tsubasa,6,minato,85,,　つばさは、顔を赤くしてあらぬ方向を向いてしまう。そして腕の中のみなとが、俺に事の次第を説明してくれた。
402860 ,,,,,,,,,,tsubasa,6,minato,85,,　つばさはみなとが引っ越して以降、俺とみなとが一緒に暮らせるように、ずっと尽力してくれていたこと。
402870 ,,,,,,,,,,tsubasa,6,minato,85,,　何度かの交渉の末にみなとの叔父さんを説得し、セキュリティの行き届いた住居の確保と、俺が保護者になることを条件に、みなとをこっちの学園へ通えるようにしてくれたこと……。
402880 ,,,,,,,弘明,弘明,,tsubasa,6,minato,85,,「つばさ……」
402890 ,,,,,,,,,,tsubasa,6,minato,85,,　みなとの説明を少し恥ずかしそうに聞いていたつばさは、何か吹っ切れたような笑顔を浮かべる。そして、爽やかな顔で俺たちに向き直った。
402900 ,,,,,,,つばさ,つばさ,05tsu129_008.wav,tsubasa,4,minato,85,,「じゃあ……あとは、二人でゆっくりな」
403000 ,,,,,,,つばさ,つばさ,05tsu129_009.wav,tsubasa,14,minato,85,,「俺んちはこっから１００メートルぐらい離れてるし、安心して声を上げていいから」
403100 ,,,,,,,みなと,みなと,02min129_006.wav,tsubasa,14,minato,15,,「つ、つばさくんっ……！」
403200 ,,,,,,,つばさ,つばさ,05tsu129_010.wav,tsubasa,1,minato,15,,「ふふっ……じゃあな」
403300 ,,,,,,,,,,blank,0,minato,15,,
403400 ,,,,,,,弘明,弘明,,,,,,,「あっ、待ってくれ……つばさ」
403500 ,,,,,,,,,,,,,,,　俺は、出て行こうとするつばさを呼び止めた。
403700 ,,,,,,,つばさ,つばさ,05tsu129_011.wav,tsubasa,51,,,,「なんだよ……」
403800 ,,,,,,,弘明,弘明,,tsubasa,51,,,,「つばさが、全部やってくれたんだな……。なんて感謝していいか、わかんないけど……」
403890 ,,,,,,,,,,tsubasa,51,,,,　俺はつばさの目を見つめ、言葉に心からの気持ちを込める。
403900 ,,,,,,,弘明,弘明,,tsubasa,51,,,,「つばさ……本当にありがとう」
404000 ,,,,,,,つばさ,つばさ,05tsu129_012.wav,tsubasa,6,,,,「…………」
404100 ,,,,,,,つばさ,つばさ,05tsu129_013.wav,tsubasa,1,,,,「いっ、いいんだよっ、もう……！」
404200 ,,<s_fade time=""1000"">,,,,,,,,,,,,,
404300 ,,<wait time=""500""><se file=""door_entrance_close.wav"" vol=""-1000"">,,,,,,,,,,,,,　つばさは大袈裟に声を出して、部屋を出て行った。
404400 ,,,,,,,,,,,,,,,　部屋には、俺とみなとの二人きりになった。まわりからは、何も音が聞こえない。俺たち二人だけの、静かな空間だった。
404500 ,,,,,,,弘明,弘明,,,,,,,「みなと……」
404600 ,,,,,,,みなと,みなと,02min129_007.wav,minato,8,,,,「おにぃちゃぁん……ぐすっ、ひっく……」
404700 ,,,,,,,,,,minato,8,,,,　みなとの目に、涙が浮かぶ。俺は、みなとを思いっきり抱きしめた。
404900 ,,,,,120111,,,,,,,,,,
405000 ,,,,,120111,,みなと,みなと,02min129_008.wav,minato,0,,,,「おにいちゃぁんっ……！！」
405080 ,,,,,120111,,,,,,,,,,　俺は、目から涙がこぼれそうなみなとを、思いっきり抱きしめた。
405090 ,,,,,120111,,弘明,弘明,,,,,,,「みなと……こんなにすぐ会えるなんて、夢みたいだ」
405190 ,,,,,120111,,,,,,,,,,　みなとが目を閉じるのを見て、俺はそっと唇を近づける。
405200 ,,,,,120111,,みなと,みなと,02min129_010.wav,minato,0,,,,「ちゅっ……」
405290 ,,,,,120111,,,,,,,,,,　唇を離すと、そっとおでこをこすり合わせた。
405300 ,,,,,120111,,弘明,弘明,,,,,,,「みなと……この家は、つばさが用意したのか？」
405400 ,,,,,120111,,みなと,みなと,02min129_011.wav,minato,0,,,,「うん……。つばさくんが、つばさくんのパパにたのんで、おんなじように作ってくれたの……」
405500 ,,,,,120111,,弘明,弘明,,,,,,,「それだったら、わざわざあのボロマンションと同じにしなくても良かったんじゃ……」
405600 ,,,,,120111,,みなと,みなと,02min129_012.wav,minato,0,,,,「だって、ボク……お兄ちゃんのお部屋で、いっしょに暮らしたかったんだもん……」
405690 ,,,,,120111,,,,,,,,,,「そうか……。ふふっ、そうか」
405700 ,,,,,120111,,,,,,,,,,　みなとらしい慎ましさに、俺は本当に気持ちのいい苦笑を浮かべた。
405800 ,,,,,120111,,弘明,弘明,,,,,,,「そうだな……これからは、ここで一緒に暮らしていこう。みなと」
405900 ,,,,,120111,,みなと,みなと,02min129_013.wav,minato,0,,,,「うんっ……」
406000 ,,,,,120111,,みなと,みなと,02min129_014.wav,minato,0,,,,「もう、よりみちじゃないんだよね……。ここが、ボクとお兄ちゃんの部屋だから……」
406100 ,,,,,120111,,弘明,弘明,,,,,,,「ああ、そうだ。みなと」
406190 ,,,,,120111,,,,,,,,,,　俺はみなとの左手を引き寄せると、まだ何もついていない薬指にそっとキスをする。
406200 ,,,,,120111,,弘明,弘明,,,,,,,「みなとは、俺のお嫁さんだ」
406300 ,,,,,120111,,みなと,みなと,02min129_015.wav,minato,0,,,,「うんっ……！」
406400 ,,,,,120111,,,,,,,,,,　みなとが、満面の笑顔で俺を見た。
406500 ,,,,,120111,,みなと,みなと,02min129_016.wav,minato,0,,,,「これから……本当のしんこんせいかつ、始まるね……。お兄ちゃん……」
406600 ,,,,,120111,,弘明,弘明,,,,,,,「ああ」
406690 ,,,,,120111,,,,,,,,,,　俺は力強くうなずいて、愛しい人を抱きしめる。
406700 ,,,,,120111,,みなと,みなと,02min129_017.wav,minato,0,,,,「これから……ずっとずっと、いっしょだよ……」
407100 ,"$fset %minato_hlm,1",,,,,,,,,,,,,,
407180 ,$request_disable,,,,,,,,,,,,,,
407190 ,,<hide><s_fade time=""1200"">,,,120111,,,,,,,,,,
407200 ,$exit minato,,,,,,,,,,,,,,
407300 ,,,,,,,,,,,,,,,
407400 ,,,,,,,,,,,,,,,
407500 ,,,,,,,,,,,,,,,
407600 ,,,,,,,,,,,,,,,
407700 ,,,,,,,,,,,,,,,
407800 ,,,,,,,,,,,,,,,
407900 ,,,,,,,,,,,,,,,
408000 ,,,,,,,,,,,,,,,
408200 ,&minato_come,,,,,,,,,,,,,,
408300 ,"$frand %jump%,7",,,,,,,,,,,,,,
408400 ,$jump_begin,,,,,,,,,,,,,,
↓,"$jump_item 0,みなと来訪１,02min_ex_come1",,,,,,,,,,,,,,
↓,"$jump_item 1,みなと来訪２,02min_ex_come2",,,,,,,,,,,,,,
↓,"$jump_item 2,みなと来訪３,02min_ex_come3",,,,,,,,,,,,,,
↓,"$jump_item 3,みなと来訪４,02min_ex_come4",,,,,,,,,,,,,,
↓,"$jump_item 4,みなと来訪５,02min_ex_come5",,,,,,,,,,,,,,
↓,"$jump_item 5,みなと来訪６,02min_ex_come6",,,,,,,,,,,,,,
↓,"$jump_item 6,みなと来訪７,02min_ex_come7",,,,,,,,,,,,,,
↓,$jump_end,,,,,,,,,,,,,,
408500 ,,,,,,,,,,,,,,,
408600 ,*02min_ex_come1,,,,,,,,,,,,,,
409000 ,,<s_fade time=""1500"" type=""panel"" param=""type=2""><!ef_door_entrance_open>,1,1031,,,,,,,,,,,
409100 ,,,,,,,みなと,みなと,02min013_001.wav,"minato,uniform",1,,,,「お兄ちゃん、こんにちは……」
409200 ,,,,,,,弘明,弘明,,minato,1,,,,「みーなとっ」
409300 ,,,,,,,みなと,みなと,02min013_002.wav,minato,15,,,,「あん、くっついちゃダメだよぉ……。ハンカチで汗ふくまで待って……」
409400 ,,,,,,,弘明,弘明,,minato,15,,,,「いいからいいから」
409500 ,,,,,,,みなと,みなと,02min013_003.wav,minato,6,,,,「あんんっ、お兄ちゃん……」
409600 ,,,,9000,,,,,,,,,,,
409800 ,$return,,,,,,,,,,,,,,
409900 ,,,,,,,,,,,,,,,
410000 ,,,,,,,,,,,,,,,
410200 ,*02min_ex_come2,,,,,,,,,,,,,,
410600 ,,<s_fade time=""1500"" type=""panel"" param=""type=2""><!ef_door_entrance_open>,1,1031,,,,,,,,,,,
410700 ,,,,,,,みなと,みなと,02min014_001.wav,"minato,uniform",0,,,,「お兄ちゃん、いる……？」
410800 ,,,,,,,弘明,弘明,,minato,0,,,,「ああ、みなと。いらっしゃい」
410900 ,,,,,,,みなと,みなと,02min014_002.wav,minato,1,,,,「うん、おじゃまします……」
411000 ,,,,,,,弘明,弘明,,minato,1,,,,「なんだ、他人行儀にしなくていいって言ってるだろ」
411100 ,,,,,,,みなと,みなと,02min014_003.wav,minato,3,,,,「うん……ごめんなさい……」
411200 ,,,,,,,弘明,弘明,,minato,3,,,,「いや……だから謝らなくていいってば」
411300 ,,,,9000,,,,,,,,,,,
411500 ,$return,,,,,,,,,,,,,,
411600 ,,,,,,,,,,,,,,,
411700 ,,,,,,,,,,,,,,,
411900 ,*02min_ex_come3,,,,,,,,,,,,,,
412300 ,,<s_fade time=""1500"" type=""panel"" param=""type=2""><!ef_door_entrance_open>,1,1031,,,,,,,,,,,
412400 ,,,,,,,みなと,みなと,02min015_001.wav,"minato,uniform",0,,,,「お兄ちゃん……」
412500 ,,,,,,,弘明,弘明,,minato,0,,,,「ああ、みなと。待ってたよ」
412600 ,,,,,,,みなと,みなと,02min015_002.wav,minato,1,,,,「ボクも……お兄ちゃんにはやく会いたかったよ……」
412700 ,,,,,,,弘明,弘明,,minato,1,,,,「今日も、たくさんエッチしよっか」
412800 ,,,,,,,みなと,みなと,02min015_003.wav,minato,6,,,,「やぁん……」
412900 ,,,,9000,,,,,,,,,,,
413200 ,$return,,,,,,,,,,,,,,
413300 ,,,,,,,,,,,,,,,
413400 ,*02min_ex_come4,,,,,,,,,,,,,,
413800 ,,<s_fade time=""1500"" type=""panel"" param=""type=2""><!ef_door_entrance_open>,1,1031,,,,,,,,,,,
413900 ,,,,,,,みなと,みなと,02min165_002.wav,"minato,uniform",85,,,,「あそびに来たよ、お兄ちゃん……」
414000 ,,,,,,,弘明,弘明,,"minato,uniform",85,,,,「待ってたよ、みなと」
414100 ,,,,,,,みなと,みなと,02min070_060.wav,"minato,uniform",1,,,,「うん、お兄ちゃん……」
414200 ,,,,9000,,,,,,,,,,,
414500 ,$return,,,,,,,,,,,,,,
414600 ,,,,,,,,,,,,,,,
414800 ,*02min_ex_come5,,,,,,,,,,,,,,
415200 ,,<s_fade time=""1500"" type=""panel"" param=""type=2""><!ef_door_entrance_open>,1,1031,,,,,,,,,,,
415300 ,,,,,,,みなと,みなと,02min165_003.wav,"minato,uniform",0,,,,「お兄ちゃん……」
415400 ,,,,,,,弘明,弘明,,"minato,uniform",0,,,,「いらっしゃい、みなと。ほら、こっちに来て」
415500 ,,,,,,,みなと,みなと,02min165_004.wav,"minato,uniform",60,,,,「うん……」
415600 ,,,,9000,,,,,,,,,,,
415900 ,$return,,,,,,,,,,,,,,
416000 ,,,,,,,,,,,,,,,
416200 ,*02min_ex_come6,,,,,,,,,,,,,,
416600 ,,<s_fade time=""1500"" type=""panel"" param=""type=2""><!ef_door_entrance_open>,1,1031,,,,,,,,,,,
416700 ,,,,,,,みなと,みなと,02min165_005.wav,"minato,uniform",85,,,,「こんにちは、お兄ちゃん」
416800 ,,,,,,,弘明,弘明,,"minato,uniform",85,,,,「ああ、みなと」
416900 ,,,,,,,みなと,みなと,02min165_006.wav,"minato,uniform",1,,,,「うんっ」
417000 ,,,,9000,,,,,,,,,,,
417300 ,$return,,,,,,,,,,,,,,
417400 ,,,,,,,,,,,,,,,
417600 ,*02min_ex_come7,,,,,,,,,,,,,,
418000 ,,<s_fade time=""1500"" type=""panel"" param=""type=2""><!ef_door_entrance_open>,1,1031,,,,,,,,,,,
418100 ,,,,,,,みなと,みなと,02min165_001.wav,"minato,uniform",0,,,,「お兄ちゃん、こんにちは……」
418200 ,,,,,,,弘明,弘明,,"minato,uniform",0,,,,「よっ、みなと」
418400 ,,,,,,,みなと,みなと,02min165_004.wav,"minato,uniform",85,,,,「うん……」
418500 ,,,,9000,,,,,,,,,,,
418800 ,$return,,,,,,,,,,,,,,
418900 ,,,,,,,,,,,,,,,
419000 ,,,,,,,,,,,,,,,
419100 ,&minato_gohome,,,,,,,,,,,,,,
419200 ,,<hide><!ef_daypass>,0,9000,,,,,,,,,,,
419300 ,$return,,,,,,,,,,,,,,
423900 ,,,,,,,,,,,,,,,
424000 ,,,,,,,,,,,,,,,
424100 ,,,,,,,,,,,,,,,
424101 ,&minato_morning,,,,,,,,,,,,,,
424300 ,"$frand %jump%,8",,,,,,,,,,,,,,
424400 ,$jump_begin,,,,,,,,,,,,,,
↓,"$jump_item 0,みなと朝１,02min_ex_morning1",,,,,,,,,,,,,,
↓,"$jump_item 1,みなと朝２,02min_ex_morning2",,,,,,,,,,,,,,
↓,"$jump_item 2,みなと朝３,02min_ex_morning3",,,,,,,,,,,,,,
↓,"$jump_item 3,みなと朝４,02min_ex_morning4",,,,,,,,,,,,,,
↓,"$jump_item 4,みなと朝５,02min_ex_morning5",,,,,,,,,,,,,,
↓,"$jump_item 5,みなと朝６,02min_ex_morning6",,,,,,,,,,,,,,
↓,"$jump_item 6,みなと朝７,02min_ex_morning7",,,,,,,,,,,,,,
↓,"$jump_item 7,みなと朝８,02min_ex_morning8",,,,,,,,,,,,,,
↓,$jump_end,,,,,,,,,,,,,,
424500 ,,,,,,,,,,,,,,,
424600 ,*02min_ex_morning1,,,,,,,,,,,,,,
424900 ,,<hide><s_fade time=""1500"" type=""panel"" param=""type=0"">,5,2031,,,,,,,,,,,
425000 ,,,,,,,つばさ,つばさ,05tsu010_001.wav,"tsubasa,uniform",1,,,,「よっ、みなと」
425100 ,,,,,,,みなと,みなと,02min010_001.wav,"tsubasa,uniform",1,"minato,uniform",0,,「あ、つばさくん。おはよう」
425200 ,,,,,,,つばさ,つばさ,05tsu010_002.wav,tsubasa,0,minato,0,,「みなと、はやく行こうぜ」
425300 ,,,,,,,みなと,みなと,02min010_002.wav,tsubasa,0,minato,2,,「あっ、うん、まって……」
425400 ,,<s_fade time=""1500"" type=""panel"" param=""type=3"">,,9000,,,,,,,,,,,
425600 ,$return,,,,,,,,,,,,,,
425700 ,,,,,,,,,,,,,,,
425800 ,,,,,,,,,,,,,,,
426000 ,*02min_ex_morning2,,,,,,,,,,,,,,
426300 ,,<hide><s_fade time=""1500"" type=""panel"" param=""type=0"">,5,2031,,,,,,,,,,,
426400 ,,,,,,,みなと,みなと,02min011_001.wav,,,"minato,uniform",1,,「つばさくん、おはよう」
426500 ,,,,,,,つばさ,つばさ,05tsu011_001.wav,"tsubasa,uniform",0,minato,1,,「ああ、おはよっ」
426600 ,,,,,,,みなと,みなと,02min011_002.wav,tsubasa,0,minato,0,,「今日はちょっとおそくなっちゃった。もうすぐ、朝の会はじまっちゃうよ……？」
426700 ,,,,,,,つばさ,つばさ,05tsu011_002.wav,tsubasa,14,minato,0,,「そうだな、いそがないと」
426800 ,,,,,,,みなと,みなと,02min011_003.wav,tsubasa,14,minato,4,,「うん」
426900 ,,<s_fade time=""1500"" type=""panel"" param=""type=3"">,,9000,,,,,,,,,,,
427100 ,$return,,,,,,,,,,,,,,
427200 ,,,,,,,,,,,,,,,
427300 ,,,,,,,,,,,,,,,
427500 ,*02min_ex_morning3,,,,,,,,,,,,,,
427800 ,,<hide><s_fade time=""1500"" type=""panel"" param=""type=0"">,5,2031,,,,,,,,,,,
427900 ,,,,,,,つばさ,つばさ,05tsu012_001.wav,"tsubasa,uniform",1,,,,「おはよー、みなと」
428000 ,,,,,,,みなと,みなと,02min012_001.wav,tsubasa,1,"minato,uniform",85,,「うん、おはよう……」
428100 ,,,,,,,つばさ,つばさ,05tsu012_002.wav,tsubasa,0,minato,85,,「あのさ、今日の日直、みなとじゃなかったっけ？」
428200 ,,,,,,,みなと,みなと,02min012_002.wav,tsubasa,0,minato,8,,「えっ……？　ボク、まだだと思うけど……」
428300 ,,,,,,,つばさ,つばさ,05tsu012_003.wav,tsubasa,5,minato,8,,「そうだったっけ？　覚えてないや」
428400 ,,,,,,,みなと,みなと,02min012_003.wav,tsubasa,5,minato,82,,「あう……しんぱいになっちゃったよぉ……」
428500 ,,<s_fade time=""1500"" type=""panel"" param=""type=3"">,,9000,,,,,,,,,,,
428800 ,$return,,,,,,,,,,,,,,
428900 ,,,,,,,,,,,,,,,
429000 ,,,,,,,,,,,,,,,
429001 ,*02min_ex_morning4,,,,,,,,,,,,,,
429004 ,,<hide><s_fade time=""1500"" type=""panel"" param=""type=0"">,5,2031,,,,,,,,,,,
429005 ,,,,,,,みなと,みなと,02min165_012.wav,,,"minato,uniform",85,,「おはよう、つばさくん」
429006 ,,,,,,,つばさ,つばさ,05tsu154_002.wav,"tsubasa,uniform",0,"minato,uniform",85,,「みなと、おはよう」
429007 ,,<s_fade time=""1500"" type=""panel"" param=""type=3"">,,9000,,,,,,,,,,,
429008 ,$return,,,,,,,,,,,,,,
429011 ,*02min_ex_morning5,,,,,,,,,,,,,,
429014 ,,<hide><s_fade time=""1500"" type=""panel"" param=""type=0"">,5,2031,,,,,,,,,,,
429015 ,,,,,,,つばさ,つばさ,05tsu154_001.wav,"tsubasa,uniform",0,,,,「よっ、みなと」
429016 ,,,,,,,みなと,みなと,02min165_013.wav,"tsubasa,uniform",0,"minato,uniform",85,,「つばさくん、おはよう」
429017 ,,<s_fade time=""1500"" type=""panel"" param=""type=3"">,,9000,,,,,,,,,,,
429018 ,$return,,,,,,,,,,,,,,
429021 ,*02min_ex_morning6,,,,,,,,,,,,,,
429024 ,,<hide><s_fade time=""1500"" type=""panel"" param=""type=0"">,5,2031,,,,,,,,,,,
429025 ,,,,,,,つばさ,つばさ,05tsu154_001.wav,"tsubasa,uniform",1,,,,「よっ、みなと」
429026 ,,,,,,,みなと,みなと,02min165_013.wav,"tsubasa,uniform",1,"minato,uniform",1,,「つばさくん、おはよう」
429027 ,,,,,,,つばさ,つばさ,05tsu154_004.wav,tsubasa,0,"minato,uniform",1,,「みなと、教室行こうぜ」
429028 ,,,,,,,みなと,みなと,02min165_016.wav,tsubasa,0,minato,85,,「うん、そうだね」
429029 ,,<s_fade time=""1500"" type=""panel"" param=""type=3"">,,9000,,,,,,,,,,,
429030 ,$return,,,,,,,,,,,,,,
429033 ,*02min_ex_morning7,,,,,,,,,,,,,,
429036 ,,<hide><s_fade time=""1500"" type=""panel"" param=""type=0"">,5,2031,,,,,,,,,,,
429037 ,,,,,,,つばさ,つばさ,05tsu154_003.wav,"tsubasa,uniform",1,,,,「おはよっ、みなと。今日もいい天気だな」
429038 ,,,,,,,みなと,みなと,02min165_015.wav,"tsubasa,uniform",1,"minato,uniform",1,,「うんっ」
429039 ,,<s_fade time=""1500"" type=""panel"" param=""type=3"">,,9000,,,,,,,,,,,
429040 ,$return,,,,,,,,,,,,,,
429043 ,*02min_ex_morning8,,,,,,,,,,,,,,
429046 ,,<hide><s_fade time=""1500"" type=""panel"" param=""type=0"">,5,2031,,,,,,,,,,,
429047 ,,,,,,,つばさ,つばさ,05tsu154_002.wav,"tsubasa,uniform",0,,,,「みなと、おはよう」
429048 ,,,,,,,みなと,みなと,02min165_012.wav,"tsubasa,uniform",0,"minato,uniform",85,,「おはよう、つばさくん」
429049 ,,,,,,,つばさ,つばさ,05tsu154_005.wav,tsubasa,5,"minato,uniform",85,,「えっと……今日は朝のテストだっけ？　急がなきゃ」
429050 ,,,,,,,みなと,みなと,02min165_014.wav,tsubasa,5,minato,1,,「うん、そうだね」
429051 ,,<s_fade time=""1500"" type=""panel"" param=""type=3"">,,9000,,,,,,,,,,,
429052 ,$return,,,,,,,,,,,,,,
429068 ,,,,,,,,,,,,,,,
429069 ,,,,,,,,,,,,,,,
429070 ,,,,,,,,,,,,,,,
429070 ,,,,,,,,,,,,,,,
429080 ,,,,,,,,,,,,,,,
429081 ,,,,,,,,,,,,,,,
429200 ,,,,,,,,,,,,,,,
429201 ,,,,,,,,,,,,,,,
429400 ,,,,,,,,,,,,,,,
429500 ,,,,,,,,,,,,,,,
429600 ,,,,,,,,,,,,,,,
429700 ,,,,,,,,,,,,,,,
429800 ,&minato_free,,,,,,,,,,,,,,
429801 ,"$fset %jump%,%min_menupos",,,,,,,,,,,,,,
429802 ,$jump_begin,,,,,,,,,,,,,,
↓,"$jump_item 0,f05まで,menu1",,,,,,,,,,,,,,
↓,"$jump_item 1,f06以降,menu2",,,,,,,,,,,,,,
↓,$jump_end,,,,,,,,,,,,,,
429806 ,,,,,,,,,,,,,,,
429807 ,*menu1,,,,,,,,,,,,,,
429808 ,,,1,1011,,,,,,minato,↓,,,,　んーと、何がいいかな……
429809 ,$menu_begin,,,,,,,,,,,,,,
↓,"$menu_item 0,みなとのち○こをいじってあげる,ev10011,%ev10011",,,,,,,,,,,,,,
↓,"$menu_item 1,ずんずん騎乗位,ev10021,%ev10021",,,,,,,,,,,,,,
↓,"$menu_item 2,フェラしてくれる？,ev10031,%ev10031",,,,,,,,,,,,,,
↓,"$menu_item 3,お風呂でエッチに洗ってあげる,ev10041,%ev10041",,,,,,,,,,,,,,
↓,"$menu_item 4,正しいおしっこのやり方は,ev10061,%ev10061",,,,,,,,,,,,,,
↓,"$menu_item 5,みなとにフェラチオしてあげる,ev10071,%ev10071",,,,,,,,,,,,,,
↓,$menu_end,,,,,,,,,,,,,,
429816 ,,,,,,,,,,,,,,,エラー行
429818 ,*menu2,,,,,,,,,,,,,,
429819 ,,,1,1011,,,,,,minato,↓,,,,　さて、今日は……
429820 ,$menu_begin,,,,,,,,,,,,,,
↓,"$menu_item 0,女の子の服に興味はないかい？,ev10051,%ev10051",,,,,,,,,,,,,,
↓,"$menu_item 1,旧スク水と水抜き穴の親密な関係,ev10081,%ev10081",,,,,,,,,,,,,,
↓,"$menu_item 2,臨海公園に出かけよう,ev10091,%ev10091",,,,,,,,,,,,,,
↓,"$menu_item 3,全国ブリーフ振興会推奨,ev10101,%ev10101",,,,,,,,,,,,,,
↓,"$menu_item 4,違うサイズ同士の６９,ev10111,%ev10111",,,,,,,,,,,,,,
↓,"$menu_item 5,女の子の服で出かけよう,ev10121,%ev10121",,,,,,,,,,,,,,
↓,"$menu_item 6,世界一、裸エプロンの似合う男の子,ev10131,%ev10131",,,,,,,,,,,,,,
↓,"$menu_item 7,ネコさんだ～いすき！,ev10141,%ev10141",,,,,,,,,,,,,,
↓,"$menu_item 8,みなとの精液増量大作戦,ev10151,%ev10151",,,,,,,,,,,,,,
↓,"$menu_item 9,みなとの女装は夜ひらく,ev10161,%ev10161",,,,,,,,,,,,,,
↓,"$menu_item 10,どし☆どし☆ふんどし！,ev10171,%ev10171",,,,,,,,,,,,,,
↓,"$menu_item 11,ザ・おしりローターデート,ev10181,%ev10181",,,,,,,,,,,,,,
↓,$menu_end,,,,,,,,,,,,,,
429833 ,,,,,,,,,,,,,,,エラー行
429835 ,,,,,,,,,,,,,,,
429900 ,,,,,,,,,,,,,,,
430000 ,,,,,,,,,,,,,,,
430100 ,,,,,,,,,,,,,,,
430200 ,,,,,,,,,,,,,,,
430300 ,*ev10011,,,,,,,,,,,,,,
430900 ,,,1,1011,,,,,,"minato,uniform",↓,,,,
431000 ,,,,,,,弘明,弘明,,"minato,uniform",↓,,,,「なあ、みなと」
431100 ,,,,,,,みなと,みなと,02min051_001.wav,"minato,uniform",0,,,,「……えっ？」
431200 ,,,,,,,,,,minato,0,,,,　俺は突然みなとの肩に手を回して、胸元へと引き寄せた。
431300 ,,,,,,,みなと,みなと,02min051_002.wav,minato,2,,,,「ひゃっ……」
431400 ,,,,,,,,,,minato,2,,,,　みなとは俺の顔を横目で見つつ、落ち着かない様子で視線をさまよわせている。
431500 ,,,,,,,みなと,みなと,02min051_003.wav,minato,6,,,,「ダ、ダメだよぉ……お兄ちゃん……ボク……」
431600 ,,,,,,,弘明,弘明,,minato,6,,,,「ん、どうしたんだ？」
431700 ,,,,,,,みなと,みなと,02min051_004.wav,minato,5,,,,「えっと……」
431800 ,,,,,,,弘明,弘明,,minato,5,,,,「俺とこうしてくっつくのは、イヤか？」
431900 ,,,,,,,みなと,みなと,02min051_005.wav,minato,15,,,,「ひゃんっ！？」
432000 ,,,,,,,,,,minato,15,,,,　俺はおどけて、みなとの身体を更にきつく抱き寄せてみる。しなやかな髪がふわっと揺れて、甘い香りが漂ってきた。
432100 ,,,,,,,弘明,弘明,,minato,15,,,,「みなとってさ、いい匂いがするよな」
432200 ,,,,,,,みなと,みなと,02min051_006.wav,minato,8,,,,「えっ、えええっ……！？」
432300 ,,,,,,,,,,minato,8,,,,　ちょっと恥ずかしがらせてみようとして、軽く言っただけなんだけど……。みなとは、思ったより激しいリアクションを返してきた。
432400 ,,,,,,,弘明,弘明,,minato,8,,,,「どうした、みなと……？」
432500 ,,,,,,,みなと,みなと,02min051_007.wav,minato,5,,,,「あ、あの、ボク……へんなにおい、してない……？」
432600 ,,,,,,,弘明,弘明,,minato,5,,,,「変な匂い……？　いや、いい匂いしかしないよ。シャンプーの香りとか……」
432700 ,,,,,,,みなと,みなと,02min051_008.wav,minato,12,,,,「ほっ、よかった……」
432800 ,,,,,,,,,,minato,12,,,,　みなとは、安心したようにホッと息をつく。
432900 ,,,,,,,,,,minato,12,,,,　いったい、どうしたんだろう。なにかを気にしてる……というか、隠してるって感じかな。
433000 ,,,,,,,弘明,弘明,,minato,12,,,,「なあ、みなと……なんで匂いなんか気にしてるんだ？」
433100 ,,,,,,,みなと,みなと,02min051_009.wav,minato,15,,,,「ひゅぇっ！？　あっ、あうっ……それは……えっと……」
433200 ,,,,,,,弘明,弘明,,minato,15,,,,「俺に何か、隠してるんじゃないか……？」
433300 ,,,,,,,みなと,みなと,02min051_010.wav,minato,82,,,,「えっ、えっと……ふぇぇ……」
433400 ,,,,,,,,,,minato,82,,,,　答えに窮したみなとが泣き顔になったので、俺は慌ててフォローを入れる。
433500 ,,,,,,,弘明,弘明,,minato,82,,,,「い、いや、別に追求しようって訳じゃないんだ。ただ、どういうコトなのか気になってさ」
433600 ,,,,,,,,,,minato,82,,,,　みなとはいっぺん俺の顔を見上げた後、恥ずかしそうにうつむいて……それから、ぼそぼそとしゃべり始めた。
433700 ,,<m_fade fadeout=""2500"" fadein=""1500"">,12,,,,みなと,みなと,02min051_011.wav,minato,3,,,,「あ、あのね……。ボク、学校で……お、おち○ちん、いじっちゃったの……」
433800 ,,,,,,,弘明,弘明,,minato,3,,,,「……チ○チンをいじった？」
433900 ,,,,,,,みなと,みなと,02min051_012.wav,minato,5,,,,「うん……。じゅぎょう中、この前お兄ちゃんにしてもらったことを思い出しちゃって……。そしたら、おち○ちんがむずむずしてきて……」
434000 ,,,,,,,みなと,みなと,02min051_013.wav,minato,5,,,,「それで休みじかんにね、おトイレに入って……おち○ちん、こしこししてたの……」
434100 ,,,,,,,弘明,弘明,,minato,5,,,,「ほほう、トイレでオナニーしてたのか」
434200 ,,,,,,,みなと,みなと,02min051_014.wav,minato,82,,,,「だから……おち○ちんのにおい、してるかなって思って……」
434300 ,,,,,,,弘明,弘明,,minato,82,,,,「なるほど、それで匂いを気にしてたんだな。はははっ」
434400 ,,,,,,,みなと,みなと,02min051_015.wav,minato,3,,,,「あぅぅ……」
434500 ,,,,,,,,,,minato,3,,,,　俺が笑うと、みなとはまた目に涙をためる。
434600 ,,,,,,,弘明,弘明,,minato,3,,,,「お、おい、泣くなって。……大丈夫だよ。男がオナニーしたくなるのは、別に悪いコトじゃないからな。むしろ自然なことだよ」
434700 ,,,,,,,みなと,みなと,02min051_016.wav,minato,8,,,,「そうなの……？」
434800 ,,,,,,,弘明,弘明,,minato,8,,,,「まあ学校でオナニーするってのは、さすがに大胆と言えるけどな」
434900 ,,,,,,,みなと,みなと,02min051_017.wav,minato,82,,,,「あう……」
435000 ,,,,,,,弘明,弘明,,minato,82,,,,「で、どうだった？　ちゃんと気持ちよくなれたか？」
435100 ,,,,,,,みなと,みなと,02min051_018.wav,minato,5,,,,「えっ……？　ううん、とちゅうでやめたの……。休みじかんも、短かったし……」
435200 ,,,,,,,弘明,弘明,,minato,5,,,,「そっか、不完全燃焼だったんだな」
435300 ,,,,,,,,,,minato,5,,,,　俺がそう言って笑うと、みなとは耳まで真っ赤にしてうつむいてしまった。
435400 ,,,,,,,弘明,弘明,,minato,5,,,,「じゃあ……ひとりでやってイケなかったんなら、俺がここでイカせてあげようか」
435500 ,,,,,,,みなと,みなと,02min051_019.wav,minato,8,,,,「えっ……？」
435600 ,,,,,,,,,,minato,8,,,,　そう言ってみなとのズボンに手をかけると、みなとは身をよじらせて抵抗する。
435700 ,,,,,,,みなと,みなと,02min051_020.wav,minato,15,,,,「やっ、あっ、ああん、だめぇ……お兄ちゃん、ズボンぬがしちゃやだよぉ……」
435800 ,,,,,,,弘明,弘明,,minato,15,,,,「だってみなと、学校じゃ最後までイケなかったんだろ……？」
435900 ,,,,,,,みなと,みなと,02min051_021.wav,minato,5,,,,「そ、そうだけど……」
436000 ,,,,,,,弘明,弘明,,minato,5,,,,「だったら、俺が最後までイカせてあげるよ」
436100 ,,,,,,,みなと,みなと,02min051_022.wav,minato,6,,,,「で、でもぉ……」
436200 ,,,,,,,弘明,弘明,,minato,6,,,,「ほら……力を抜いて、みなと」
436300 ,,,,,,,,,,minato,6,,,,　俺が耳元でそうささやくと、みなとは観念したかのようにしおらしくなった。
436500 ,*mem_ev01,,,,,,,,,,,,,,
436600 ,,,12,1011,100111,,,,,,,,,,
436700 ,,,,,100111,,みなと,みなと,02min051_023.wav,minato,0,,,,「お兄ちゃん……」
436800 ,,,,,100111,,,,,,,,,,　みなとをテーブルの上に腰かけさせて、両足を開く。みなとは終始、恥ずかしそうに俺の顔をチラチラと見ていた。
436900 ,,,,,100111,,弘明,弘明,,,,,,,「もうちょっと、すそを持ち上げて」
437000 ,,,,,100111,,みなと,みなと,02min051_024.wav,minato,0,,,,「こう……？」
437100 ,,,,,100111,,,,,,,,,,　おずおずと上着が持ち上げられ、みなとのぷっくりとしたおなかがあらわになる。
437200 ,,,,,100111,,,,,,,,,,　俺はおへその辺りに指をのばすと、柔らかいおなかの肉を軽くつついてみた。
437300 ,,,,,100111,,弘明,弘明,,,,,,,「おなか、ぷにぷにだな。みなと」
437400 ,,,,,100111,,みなと,みなと,02min051_025.wav,minato,0,,,,「やんっ……」
437500 ,,,,,100111,,,,,,,,,,　みなとの股間では、可愛らしい包茎ペニスがひくひくと脈打っている。
437600 ,,,,,100111,,弘明,弘明,,,,,,,「やっぱり可愛いチ○チンだな。どれどれ……」
437700 ,,,,,100111,,,,,,,,,,　俺はその小さなチ○チンに顔を寄せて、スンスンと鼻を鳴らしてみた。
437800 ,,,,,100111,,みなと,みなと,02min051_026.wav,minato,0,,,,「やぁぁんっ……おち○ちんのにおい、かいじゃイヤだよぉ……」
437900 ,,,,,100111,,,,,,,,,,　みなとの可愛いチ○チンから漂うのは、まるで女の子を思わせる甘く幼い香り。そこにはかすかにおしっこの匂いも混じっていて、俺を激しく興奮させた。
438000 ,,,,,100111,,弘明,弘明,,,,,,,「なんていうか……男の子とは思えない匂いだな。甘い、ミルクみたいな香りがする」
438100 ,,,,,100111,,みなと,みなと,02min051_027.wav,minato,0,,,,「やぁぁん……」
438200 ,,,,,100111,,弘明,弘明,,,,,,,「とにかくだ、みなと。オナニーする時は、焦ったりしてちゃダメだぞ。リラックスしてやらなきゃ」
438300 ,,,,,100111,,みなと,みなと,02min051_028.wav,minato,0,,,,「うん……」
438400 ,,,,,100111,,弘明,弘明,,,,,,,「さわり方もな、ただ力任せにするんじゃなくて……自分の気持ちいいところを、探すように……」
438500 ,,,,,100111,,みなと,みなと,02min051_029.wav,minato,0,,,,「んっ……あんっ！　ふぁぁ……」
438600 ,,,,,100111,,,,,,,,,,　俺の指が亀頭の先っぽに触れると、みなとは敏感に反応した。
438700 ,,,,,100111,,弘明,弘明,,,,,,,「みなとはまだ皮が剥けてないから、亀頭をさわるのも優しくな」
438800 ,,,,,100111,,みなと,みなと,02min051_030.wav,minato,0,,,,「うん…………んんっ、ふぁぁっ！　んぁ、ふぁ……」
438900 ,,,,,100111,,,,,,,,,,　みなとは快感から耐えるように腰を引っ込め、皮かぶりのペニスをひくひくと震わせている。
439000 ,,,,,100111,,弘明,弘明,,,,,,,「ほらほら、チ○チン引っ込めちゃダメだ」
439100 ,,,,,100111,,みなと,みなと,02min051_031.wav,minato,0,,,,「だって……」
439200 ,,,,,100111,,弘明,弘明,,,,,,,「俺がまた皮を剥いてあげるから、もうちょっと腰を前に出して」
439300 ,,,,,100111,,みなと,みなと,02min051_032.wav,minato,0,,,,「えっ？　お兄ちゃんが、むいてくれるの……？」
439400 ,,,,,100111,,弘明,弘明,,,,,,,「ひとりでやるのは、まだ怖いだろ？」
439500 ,,,,,100111,,みなと,みなと,02min051_033.wav,minato,0,,,,「うん……」
439600 ,,,,,100111,,,,,,,,,,　俺は親指と人差し指、そして中指も添えて、みなとのペニスを優しくつまむ。
439700 ,,,,,100111,,弘明,弘明,,,,,,,「前にも言ったように、皮を剥く時もゆっくりと……。もし痛かったら、無理するなよ。いずれ自然に剥けるようになるから」
439800 ,,,,,100111,,みなと,みなと,02min051_034.wav,minato,0,,,,「うん…………あぅんっ、あんっ！」
439900 ,,,,,100111,,,,,,,,,,　みなとの包皮は、やっぱりまだ少しだけ抵抗があったけど……皮の先がカリ首を過ぎると、あとはそこから一気につるんと剥けた。
440100 ,,,,,100112,,みなと,みなと,02min051_035.wav,minato,0,,,,「あっ、んあ……おち○ちん、むけちゃった……」
440200 ,,,,,100112,,弘明,弘明,,,,,,,「痛くないか？　みなと」
440300 ,,,,,100112,,みなと,みなと,02min051_036.wav,minato,0,,,,「ううん、だいじょうぶ……」
440400 ,,,,,100112,,,,,,,,,,　俺はみなとの露出した亀頭に、指の腹をそっと当てる。
440500 ,,,,,100112,,みなと,みなと,02min051_037.wav,minato,0,,,,「ひゃんっ！？　あっ、んん……」
440600 ,,,,,100112,,,,,,,,,,　みなとはたったそれだけで、身体をビクンと震わせた。そして、潤んだ目で俺を見つめる。
440700 ,,,,,100112,,弘明,弘明,,,,,,,「やっぱり、亀頭はすごい感度だな」
440800 ,,,,,100112,,みなと,みなと,02min051_038.wav,minato,0,,,,「す、すごいよ……お兄ちゃんにさわってもらったら、びりびりってなった……」
440900 ,,,,,100112,,,,,,,,,,　みなとの亀頭は、皮に包まれていた為か軽く湿っている。俺はその外気に触れ慣れていない粘膜を、ゆっくりやさしく撫で回した。
441000 ,,,,,100112,,みなと,みなと,02min051_039.wav,minato,0,,,,「あっ、んんっ、あうっ……あっ、あっ、お兄ちゃん……すごいよぉ……」
441100 ,,,,,100112,,弘明,弘明,,,,,,,「気持ちいいか？　みなと」
441200 ,,,,,100112,,みなと,みなと,02min051_040.wav,minato,0,,,,「うん……おなかの下が、きゅうってなるよぉ……」
441300 ,,,,,100112,,弘明,弘明,,,,,,,「よしよし……。じゃあ、次のレッスンだな」
441400 ,,,,,100112,,,,,,,,,,　俺は亀頭から指を離すと、今度はみなとの細いサオに手をのばした。
441500 ,,,,,100112,,弘明,弘明,,,,,,,「サオもしごくと、気持ちいいんだよ。こうして、ちょっとだけ強めににぎって……」
441600 ,,,,,100112,,みなと,みなと,02min051_041.wav,minato,0,,,,「あぁっ、んんっ！　ホントだ……きもちいい……」
441700 ,,,,,100112,,,,,,,,,,　柔らかい皮の下で固くなった陰茎を、優しくしごき続けた。
441800 ,,,,,100112,,みなと,みなと,02min051_042.wav,minato,0,,,,「あっ、ああっ……お兄ちゃん、おち○ちんいじるのじょうず……」
441900 ,,,,,100112,,弘明,弘明,,,,,,,「まあ、それなりに経験も積んでるからな」
442000 ,,,,,100112,,みなと,みなと,02min051_043.wav,minato,0,,,,「お兄ちゃんも……こういう風にしてるんだ…………あっ、ふわっ！」
442100 ,,,,,100112,,,,,,,,,,　俺は空いている方の手で、みなとのフクロにも指をのばした。
442200 ,,,,,100112,,,,,,,,,,　みなとのぷにぷにと柔らかいフクロを優しく手のひらに包み、その中にある小さなタマを探し当てる。
442300 ,,,,,100112,,みなと,みなと,02min051_044.wav,minato,0,,,,「あっ、んんっ、あんっ！　やぁんっ、タマタマ……ああっ、んっ！」
442400 ,,,,,100112,,弘明,弘明,,,,,,,「軽くコリコリすると……どうだ、気持ちいいか？」
442500 ,,,,,100112,,みなと,みなと,02min051_045.wav,minato,0,,,,「うん……なんだか、からだがふわってなる……」
442600 ,,,,,100112,,弘明,弘明,,,,,,,「よし……それじゃ、両方同時にしてあげるからな」
442700 ,,,,,100112,,みなと,みなと,02min051_046.wav,minato,0,,,,「同時……？　あっ、ひゃうんっ！　あんっ、あっ、あ……ふぁぁっ……！」
442800 ,,,,,100112,,,,,,,,,,　俺はぷるぷるのフクロを優しく揉みほぐしながら、サオの部分をほんの少しだけ強めに握る。
442900 ,,,,,100112,,弘明,弘明,,,,,,,「カウパーも、いっぱい出てきたな……」
443000 ,,,,,100112,,みなと,みなと,02min051_047.wav,minato,0,,,,「うん……うぁうっ！　きもちいい……あんっ、んぁっ、んぁんっ！　もっと……ふぁっ、あう……」
443100 ,,,,,100112,,弘明,弘明,,,,,,,「んっ、もっと……？」
443200 ,,,,,100112,,みなと,みなと,02min051_048.wav,minato,0,,,,「も、もうちょっと強くして……ほしいの……」
443300 ,,,,,100112,,弘明,弘明,,,,,,,「ああ、わかったよ」
443400 ,,,,,100112,,,,,,,,,,　俺はみなとのリクエストに応えて、サオの方の刺激をもう少し強めに、そして上下の動きも徐々に早めていく。
443500 ,,,,,100112,,,,,,,,,,　みなとが可愛らしくあえぐ声も、次第に大きくなっていった。
443600 ,,,,,100112,,みなと,みなと,02min051_049.wav,minato,0,,,,「ふぁっ、んんっ、あぅっ……！　お兄ちゃん、お兄ちゃん……」
443700 ,,,,,100112,,弘明,弘明,,,,,,,「みなと、かわいいぞ……」
443800 ,,,,,100112,,みなと,みなと,02min051_050.wav,minato,0,,,,「お兄ちゃん……ボク……んっ、んぁっ、んんっ！」
443900 ,,,,,100112,,,,,,,,,,　限界が近い様子のみなとは、焦点の合わない目で熱い息を吐き続けている。
444000 ,,,,,100112,,みなと,みなと,02min051_051.wav,minato,0,,,,「んっ、ああっ、あんんっ、ああっ！　出る……出ちゃうよ、お兄ちゃん……っ！！」
444100 ,,,,,100112,,弘明,弘明,,,,,,,「出してもいいぞ、みなと……」
444200 ,,,,,100112,,,,,,,,,,　俺はみなとのカウパーを指ですくって、亀頭に塗り広げた。あたたかく火照った粘膜が格段に潤滑さを増し、更に愛撫のスピードが上がる。
444300 ,,,,,100112,,みなと,みなと,02min051_052.wav,minato,0,,,,「あっ、んああっ……イッちゃうよぉ……」
444400 ,,,,,100112,,,,,,,,,,　みなとの亀頭をいじる指先に、力を込める。亀頭の頂点をひと撫でするとチ○チンとフクロがキュッと縮こまり、カリに沿って撫でるとみなとは身体を横に震わせた。
444500 ,,,,,100112,,みなと,みなと,02min051_053.wav,minato,0,,,,「んあっ、んんっ、ああんっ！　んっ……いい……おち○ちん、きもちいい……あっ、あっ、んっ、あああぁぁぁ……っ！！！」
444800 ,,<!ef_shasei>,,,100113,,,,,,,,,,　一瞬、みなとのチ○チンがグッと硬くなり、それからビクッと数回震えた。そして、薄い精液を噴き上げる。
444900 ,,,,,100113,,,,,,,,,,　俺はみなとのか弱い射精を手に受けつつも、更に精液を導くようにしてサオをしごき続けた。
445000 ,,,,,100113,,みなと,みなと,02min051_054.wav,minato,0,,,,「ふぁっ、あ……お兄ちゃん……もう……んあっ、ふぁぁぁ……」
445100 ,,,,,100113,,弘明,弘明,,,,,,,「ここから、更に刺激を与えれば……もうちょっと出るんだぞ、みなと」
445200 ,,,,,100113,,みなと,みなと,02min051_055.wav,minato,0,,,,「んっ、うあっ！　ふぁぁんっ！」
445300 ,,,,,100113,,みなと,みなと,02min051_056.wav,minato,0,,,,「ひぁっ、あぁ……ホントに、また精子が出たね……。はぁ、はぁ……」
445400 ,$event_return,,,,100113,,,,,,,,,,
445500 ,,,,,100113,,,,,,,,,,　みなとは荒い息を吐きながら、とくとくと残りの精液をあふれさせるチ○チンを見つめている。
445700 ,,,,,100113,,みなと,みなと,02min051_057.wav,minato,0,,,,「ふぁ……おにいちゃん……」
445800 ,,,,,100113,,,,,,,,,,　それから上気した顔で俺を見つめて、恥ずかしそうに股間を閉じた。
446000 ,,,,1011,,,,,,,,,,,
446100 ,,,,,,,みなと,みなと,02min051_058.wav,"minato,uniform",8,,,,「ごめんなさい……精子、お兄ちゃんにもちょっとかかっちゃった……」
446200 ,,,,,,,弘明,弘明,,minato,8,,,,「そんなの気にしなくていいよ、みなと」
446300 ,,,,,,,,,,minato,8,,,,　俺はティッシュの箱に手をのばして、数枚を引き抜いた。
446400 ,,,,,,,弘明,弘明,,minato,8,,,,「昼にオナニー途中で止めたからか、いっぱい出たな。少しずつ、精液の量も増えていってるのかな？」
446500 ,,,,,,,みなと,みなと,02min051_059.wav,minato,6,,,,「あう……」
446600 ,,,,,,,,,,minato,6,,,,　みなとは、顔を真っ赤にしてうつむく。
446700 ,,,,,,,弘明,弘明,,minato,6,,,,「気持ちよかったか？」
446800 ,,,,,,,みなと,みなと,02min051_060.wav,minato,60,,,,「うん……すごくきもちよかったよ……」
446900 ,,,,,,,弘明,弘明,,minato,60,,,,「だからと言って、学校でオナニーばっかりするようになっちゃダメだぞ？」
447100 ,,,,,,,,,,minato,60,,,,　俺はそう笑いながらティッシュを取って、みなとのチ○チンを拭き始める。
447200 ,,,,,,,みなと,みなと,02min051_061.wav,minato,15,,,,「あっ、ボクがおち○ちんふくよぉ……」
447300 ,,,,,,,弘明,弘明,,minato,15,,,,「いいよいいよ、俺が拭いてあげる」
447500 ,,,,,,,みなと,みなと,02min051_062.wav,minato,6,,,,「あんっ……んっ、んぁんっ」
447600 ,,,,,,,,,,minato,6,,,,　ティッシュが亀頭をこするたびにみなとは吐息を漏らし、可愛いチ○チンがひくひくと震えていた。
447700 ,,,,,,,みなと,みなと,02min051_063.wav,minato,82,,,,「あう……やっぱり恥ずかしい……」
447800 ,,,,,,,弘明,弘明,,minato,82,,,,「そうか？　こんなに可愛いのに。ぷるぷるー」
447900 ,,,,,,,みなと,みなと,02min051_064.wav,minato,8,,,,「お兄ちゃん、楽しそうだね……」
448100 ,,,,9000,,,,,,,,,,,
448200 ,"$fset %ev10011,0",,,,,,,,,,,,,,
448300 ,"$fset %ev10021,1",,,,,,,,,,,,,,
448400 ,"$fset %ev10041,1",,,,,,,,,,,,,,
448700 ,$return,,,,,,,,,,,,,,
448800 ,,,,,,,,,,,,,,,
448900 ,,,,,,,,,,,,,,,
449100 ,*ev10021,,,,,,,,,,,,,,
449400 ,,,1,1011,,,弘明,弘明,,"minato,uniform",↓,,,,「なんか……あんまり、いい番組ないな」
449500 ,,,,,,,みなと,みなと,02min052_001.wav,"minato,uniform",0,,,,「そう……？」
449600 ,,,,,,,,,,minato,0,,,,　午後の昼下がり、俺はみなとと並んでテレビを見ている。
449700 ,,,,,,,,,,minato,0,,,,　このまったりとした時間を埋める、バラエティ番組の再放送……ありがちなことにＣＭの引きがやたらと過剰で、俺はすっかり興ざめしてしまっていた。
449800 ,,,,,,,弘明,弘明,,minato,0,,,,「なあ……みなと」
449900 ,,,,,,,,,,minato,0,,,,　テレビに飽きた俺は、隣に座るみなとにちょっかいをかけてみる。
450000 ,,,,,,,みなと,みなと,02min052_002.wav,minato,15,,,,「やっ、あんっ……。なに、お兄ちゃん……？」
450100 ,,,,,,,弘明,弘明,,minato,15,,,,「みなとのほっぺたって、ホントふにふにだよな」
450200 ,,,,,,,みなと,みなと,02min052_003.wav,minato,5,,,,「やぁん、もう……」
450300 ,,,,,,,,,,minato,5,,,,　みなとが特に抵抗しないので、俺はそのまま頬を撫で続ける。産毛のさりさりとした感触が、指先にとても心地いい。
450400 ,,,,,,,みなと,みなと,02min052_004.wav,minato,14,,,,「お兄ちゃん、テレビ見られないよぉ……」
450500 ,,,,,,,弘明,弘明,,minato,14,,,,「いいぞ、みなとは気にせずテレビ見てて。俺は勝手に、ほっぺたふにふにしてるから」
450600 ,,,,,,,みなと,みなと,02min052_005.wav,minato,8,,,,「やぁぁ……気になっちゃう……」
450700 ,,,,,,,,,,minato,8,,,,　みなとは抗議の声を上げるけど、やはり無抵抗のままなので、調子に乗ってどんどん張りのある肌をつつく。
450800 ,,,,,,,弘明,弘明,,minato,8,,,,「こっち……唇もぷるぷるだ」
450900 ,,,,,,,,,,minato,8,,,,　俺は指先を口の方へ滑らせると、みなとの柔らかい唇をつついた。
451000 ,,<m_fade fadeout=""2500"" fadein=""1500"">,12,,,,みなと,みなと,02min052_006.wav,minato,6,,,,「んっ……あん……」
451100 ,,,,,,,,,,minato,6,,,,　みなとは、エスカレートする俺のちょっかいにも全く抵抗しない。ただ唇をもぞもぞさせながら、俺の顔……唇の辺りを、チラチラと見上げている。
451200 ,,,,,,,みなと,みなと,02min052_007.wav,minato,5,,,,「ん…………」
451300 ,,,,,,,弘明,弘明,,minato,5,,,,「……なあ、みなと」
451400 ,,,,,,,みなと,みなと,02min052_008.wav,minato,8,,,,「ふぇっ？」
451500 ,,,,,,,弘明,弘明,,minato,8,,,,「キスして欲しいのか？」
451600 ,,,,,,,みなと,みなと,02min052_009.wav,minato,15,,,,「えっ、えええっ！？　そ、そんなこと、ないよぉ……」
451700 ,,,,,,,弘明,弘明,,minato,15,,,,「ふふっ……みなとの顔は正直だから、すぐわかるぞ」
451800 ,,,,,,,,,,minato,15,,,,　俺は首を折り曲げると、みなとの小さな唇にそっとキスをする。
451900 ,,,,,,,みなと,みなと,02min052_010.wav,minato,81,,,,「んっ……」
452000 ,,,,,,,,,,minato,81,,,,　唇が触れた瞬間、みなとの身体の力が抜ける。俺はみなとを近くに抱き寄せると、更に唇を重ねた。
452100 ,,,,,,,みなと,みなと,02min052_011.wav,minato,81,,,,「あんっ……ちゅっ……お兄ちゃん……」
452200 ,,,,,,,弘明,弘明,,minato,81,,,,「んっ……ん……」
452300 ,,,,,,,みなと,みなと,02min052_012.wav,minato,81,,,,「ちゅっ、んんっ……んちゅっ、ん……」
452400 ,,,,,,,,,,minato,81,,,,　何度も唇をつけては離す、軽いキスの繰り返し。
452500 ,,,,,,,,,,minato,81,,,,　小鳥がエサをついばむようなその行為を、俺たちは飽きることなく続けていく。
452600 ,,,,,,,みなと,みなと,02min052_013.wav,minato,81,,,,「んっ、ちゅっ……あんっ……？」
452700 ,,,,,,,,,,minato,81,,,,　俺は、いったん唇を離した。ちょうど、ダラダラ流れていたＣＭが終わる。
452800 ,,,,,,,弘明,弘明,,minato,81,,,,「みなと……テレビ、始まったぞ」
452900 ,,,,,,,みなと,みなと,02min052_014.wav,minato,60,,,,「ううん、テレビはもういいの……。ボク、まだお兄ちゃんとちゅっしてたい……」
453000 ,,,,,,,,,,minato,60,,,,　みなとはうるんだ目で甘くつぶやくと、俺の目を見つめて言う。
453100 ,,,,,,,みなと,みなと,02min052_015.wav,minato,60,,,,「お兄ちゃん……もっと、ちゅっしていい……？」
453200 ,,,,,,,弘明,弘明,,minato,60,,,,「ああ、いいよ」
453300 ,,,,,,,,,,minato,81,,,,　みなとの唇が、静かに近づいてきた。重なった瞬間、みなとを愛おしいという気持ちで心が満たされる。
453400 ,,,,,,,みなと,みなと,02min052_016.wav,minato,81,,,,「ちゅっ、んちゅっ……おにいちゃん……」
453500 ,,,,,,,弘明,弘明,,minato,81,,,,「みなと…………ちゅ……んんっ」
453600 ,,,,,,,みなと,みなと,02min052_017.wav,minato,81,,,,「んっ、んんっ……ふぁっ、あう……んんんっ、ちゅっ……」
453700 ,,,,,,,弘明,弘明,,minato,81,,,,「みなとの唇は、甘い味がするな……んっ」
453800 ,,,,,,,みなと,みなと,02min052_018.wav,minato,81,,,,「そ、そうなの……？　あんっ……ちゅっ、んんっ」
453900 ,,,,,,,,,,minato,81,,,,　俺はゆっくりと唇を離して、みなとの瞳を見つめた。
454100 ,,,,,,,みなと,みなと,02min052_019.wav,minato,8,,,,「お兄ちゃん……」
454200 ,,,,,,,,,,minato,8,,,,　みなとも、じっと俺を見つめている。
454300 ,,,,,,,弘明,弘明,,minato,8,,,,「みなと……」
454400 ,,,,,,,,,,minato,8,,,,　俺はみなとのズボンに手を伸ばし、ボタンを外す。そして、素早くおしりに指を滑り込ませた。
454500 ,,,,,,,みなと,みなと,02min052_020.wav,minato,15,,,,「ひゃっ！？　あっ、ああんっ……お兄ちゃん、ダメだよぉ……」
454600 ,,,,,,,弘明,弘明,,minato,15,,,,「みなとのおしり、すごく熱くなってる……」
454700 ,,,,,,,みなと,みなと,02min052_021.wav,minato,6,,,,「だって……あんっ！　ふぁっ、あん……んぁ……」
454800 ,,,,,,,,,,minato,6,,,,　パンツの中でみなとのアヌスに触れると、そこはもう熱くほぐれていた。ぴっちりとしたおしりに閉じこめられた俺の中指は、そこに熱と湿り気を感じ取る。
454900 ,,,,,,,弘明,弘明,,minato,6,,,,「みなと、すんなり指が入っちゃうな」
455000 ,,,,,,,みなと,みなと,02min052_022.wav,minato,82,,,,「やっ、あん……おしりにゆび入れちゃ、ダメぇ……」
455100 ,,,,,,,,,,minato,82,,,,　俺はみなとのアヌスを撫でるようにして優しく愛撫しつつ、キスを繰り返した。唇を密着させ、みなとの唾液を強く吸い込む。
455200 ,,,,,,,みなと,みなと,02min052_023.wav,minato,81,,,,「んっ、ちゅるっ……んっ、あむっ、んっ……ちゅるっ、ちゅっ……」
455300 ,,,,,,,,,,minato,81,,,,　唇を離すと、唾液の糸がたわんで切れる。
455400 ,,,,,,,弘明,弘明,,minato,81,,,,「みなと……挿れたい……。いいか？」
455500 ,,,,,,,みなと,みなと,02min052_024.wav,minato,60,,,,「うん……」
455600 ,,,,,,,,,,,,,,,　みなとは小さくうなずくと、おずおずとズボンに手を掛けた。
455700 ,,,,,,,弘明,弘明,,,,,,,「ズボンを脱いで、俺の上にまたがって……」
455900 ,,<m_fade fadeout=""2000"" fadein=""1500"">,10,1011,100211,,,,,,,,,,
456000 ,*mem_ev02,,,,100211,,,,,,,,,,
456100 ,,,10,1011,100211,,,,,,,,,,
456200 ,,,,,100211,,みなと,みなと,02min052_025.wav,minato,0,,,,「こ、これで……いい？」
456300 ,,,,,100211,,弘明,弘明,,,,,,,「ああ、そのまま……」
456400 ,,,,,100211,,みなと,みなと,02min052_026.wav,minato,0,,,,「んっ、ふぁぁ……お兄ちゃんのおち○ちんが、当たってる……」
456500 ,,,,,100211,,弘明,弘明,,,,,,,「このまま入れるぞ。ゆっくり、降ろすからな……」
456600 ,,,,,100211,,みなと,みなと,02min052_027.wav,minato,0,,,,「うん……。んっ、ふぁぁぁ……っ！」
456700 ,,,,,100211,,,,,,,,,,　みなとのアヌスに、ゆっくり亀頭が埋没していく。俺は一気に全部入ってしまわないよう、みなとの身体をしっかり支えて少しずつ降ろしていった。
456800 ,,,,,100211,,みなと,みなと,02min052_028.wav,minato,0,,,,「んぁっ、ああっ……お兄ちゃんのおち○ちん、おしりの奥まで入ってくる……」
456900 ,,,,,100211,,,,,,,,,,　俺の亀頭が、ゆっくりとみなとのおしりの中をかき分けていく。
457000 ,,,,,100211,,,,,,,,,,　ペニスの先が奥へ進むごとにみなとの身体が震え、甘い声を漏らしていた。
457100 ,,,,,100211,,弘明,弘明,,,,,,,「もうすぐ全部入るぞ、みなと……」
457200 ,,,,,100211,,みなと,みなと,02min052_029.wav,minato,0,,,,「うん……ああああっ！　ああ……あ……」
457300 ,,,,,100211,,,,,,,,,,　そのままゆっくりとみなとの腰が落ちていき、ついにはみなとのおしりが、ぺたんと俺のモモの付け根に密着する。
457400 ,,,,,100211,,,,,,,,,,　少し頭を起こして結合部を見てみると、俺のサオの部分が全てみなとの中に入り込んでいた。
457500 ,,,,,100211,,みなと,みなと,02min052_030.wav,minato,0,,,,「んんっ、あっ……ふぁぁん……。ぜんぶ、入っちゃった……」
457600 ,,,,,100211,,弘明,弘明,,,,,,,「しばらく、このままで……みなとのおしりを、俺のチ○チンに慣れさせるからな」
457700 ,,,,,100211,,みなと,みなと,02min052_031.wav,minato,0,,,,「うん……」
457800 ,,,,,100211,,,,,,,,,,　俺のペニスをおしりの中に入れたまま、みなとは落ち着かない様子だった。
457900 ,,,,,100211,,,,,,,,,,　みなとのアヌスは生き物のようにキュッキュッと動いて、俺のペニスの根元を締め付けてくる。
458000 ,,,,,100211,,弘明,弘明,,,,,,,「みなと……俺のチ○チン、どんな感じがする？」
458100 ,,,,,100211,,みなと,みなと,02min052_032.wav,minato,0,,,,「ええっ？　あっ、あう……い、言わなきゃダメ……？」
458200 ,,,,,100211,,,,,,,,,,　みなとは真っ赤にして、俺の顔をうかがった。
458300 ,,,,,100211,,弘明,弘明,,,,,,,「教えて欲しいな、みなと」
458400 ,,,,,100211,,みなと,みなと,02min052_033.wav,minato,0,,,,「あう…………えっ、えっとね、おなかの奥が、ぱんぱんになって……おしりが、むずむずするの……」
458500 ,,,,,100211,,弘明,弘明,,,,,,,「そうだな。みなとのおしりの穴、ひくひく動いてるのがわかるぞ」
458600 ,,,,,100211,,みなと,みなと,02min052_034.wav,minato,0,,,,「やっ、やぁぁんっ……」
458700 ,,,,,100211,,,,,,,,,,　みなとは、両手で顔を覆って恥ずかしがる。
458800 ,,,,,100211,,みなと,みなと,02min052_035.wav,minato,0,,,,「うう……はずかしいよぉ……」
458900 ,,,,,100211,,弘明,弘明,,,,,,,「でも、俺と話してると少しは楽になっただろう？」
459000 ,,,,,100211,,みなと,みなと,02min052_036.wav,minato,0,,,,「あ……」
459100 ,,,,,100211,,,,,,,,,,　みなとはハッと気付いた顔になって、それから俺の目を見つめた。
459200 ,,,,,100211,,みなと,みなと,02min052_037.wav,minato,0,,,,「うん……。お兄ちゃん、ありがとう……」
459300 ,,,,,100211,,,,,,,,,,　俺はみなとの身体を支える手に力を込めると、自分が動きやすいように、少しだけ持ち上げる。ワキの辺りのぷにぷに感が、指先にも心地よかった。
459400 ,,,,,100211,,弘明,弘明,,,,,,,「みなと、動くぞ……」
459500 ,,,,,100211,,,,,,,,,,　最初は、みなとの小さなアヌスをほぐすように、ゆっくりと前後左右に腰をくゆらせながら、優しく突き上げてみる。
459600 ,,,,,100211,,みなと,みなと,02min052_038.wav,minato,0,,,,「んっ、あうっ！　ああんっ……あっ、ふぁ……」
459700 ,,,,,100211,,,,,,,,,,　みなとの顔が、少しずつ快感にとろけていく。俺はその優しい突き上げを、ゆっくり何度も繰り返した。
459800 ,,,,,100211,,弘明,弘明,,,,,,,「痛くないか？　みなと」
459900 ,,,,,100211,,みなと,みなと,02min052_039.wav,minato,0,,,,「うん、大丈夫……おしり、きもちいいよ……」
460000 ,,,,,100211,,弘明,弘明,,,,,,,「どういう感じで、気持ちいい？」
460100 ,,,,,100211,,みなと,みなと,02min052_040.wav,minato,0,,,,「えっ、えっとね……お兄ちゃんのおち○ちんが、ボクのおしりの中から、するーって抜けてくとき……すっごくきもちいいの……」
460200 ,,,,,100211,,弘明,弘明,,,,,,,「そうか……。それじゃみなと、もっとゆっくり、快感を味わえるように抜いてあげるからな」
460300 ,,,,,100211,,,,,,,,,,　俺は一度高く上へ突き上げたあと、みなとの身体を持って、腰をゆっくり引き下げていく。
460400 ,,,,,100211,,みなと,みなと,02min052_041.wav,minato,0,,,,「あっ、んああっ……！　ああ……おち○ちんが、おしりの中から出てくの……きもちいいよぉ……」
460500 ,,,,,100211,,,,,,,,,,　みなとが、艶っぽい声を上げる。アヌスは引き抜く時に気持ちいいっていうけど、どうやらそれは本当みたいだ。
460600 ,,,,,100211,,弘明,弘明,,,,,,,「そろそろ……少し強くしてもいい？」
460700 ,,,,,100211,,みなと,みなと,02min052_042.wav,minato,0,,,,「えっ……？　う、うん……いいよ……」
460800 ,,,,,100211,,,,,,,,,,　アヌスも充分にほぐれたところで、俺は角度を変えてみなとの中をつつきまわしてみる。
460900 ,,,,,100211,,みなと,みなと,02min052_043.wav,minato,0,,,,「んんっ……あっ、ああっ！　前のほうはダメ……おち○ちんのうらっかわ、こすらないでぇ……！」
461000 ,,,,,100211,,弘明,弘明,,,,,,,「ここ……気持ちいいのか？」
461100 ,,,,,100211,,みなと,みなと,02min052_044.wav,minato,0,,,,「んあっ、んぁぅっ！　そこ、そこはダメだよぉ……。あっ、んんっ、ああんっ！」
461200 ,,,,,100211,,,,,,,,,,　どうやら俺の亀頭が、みなとの快感エリアを捉えたらしい。
461300 ,,,,,100211,,みなと,みなと,02min052_045.wav,minato,0,,,,「あっ、ああっ、やぁぁっ……！　あんっ、ああっ、お兄ちゃん……」
461400 ,,,,,100211,,,,,,,,,,　突き上げるたび、みなとのあえぎ声がどんどん大きくなる。
461500 ,,,,,100211,,,,,,,,,,　俺はみなとの声が大きくなるポイントを丹念に探りつつ、熱いアヌスへの突き上げを繰り返した。
461600 ,,,,,100211,,みなと,みなと,02min052_046.wav,minato,0,,,,「ふぁっ、あっ……お兄ちゃん……ああっ、んっ、ああんっ！　ああ……」
461700 ,,,,,100211,,,,,,,,,,　上下に揺れるみなとの袋が、ぺちぺちと俺の下腹部に当たる。
461800 ,,,,,100211,,みなと,みなと,02min052_047.wav,minato,0,,,,「そんなに……ひぁっ！　あっ、んああっ……！」
461900 ,,,,,100211,,弘明,弘明,,,,,,,「みなと……おしりの穴、すごく喜んでるみたいだぞ……？」
462000 ,,,,,100211,,みなと,みなと,02min052_048.wav,minato,0,,,,「そんな……あ、あうっ！　ふっ、ふぁぁんっ！」
462100 ,,,,,100211,,,,,,,,,,　みなとの内側を亀頭がこすり上げるたび、みなとの身体は大きく揺らぎ、快感の声を上げる。
462200 ,,,,,100211,,みなと,みなと,02min052_049.wav,minato,0,,,,「んっ、あうっ、んんっ……」
462300 ,,,,,100211,,弘明,弘明,,,,,,,「みなと、ギリギリまで我慢して……」
462400 ,,,,,100211,,みなと,みなと,02min052_050.wav,minato,0,,,,「う、うん……。あっ、んっ、ああっ……！　あっ、あうっ、んぁぁっ……！」
462500 ,,,,,100211,,,,,,,,,,　ひと突きひと突き角度を変えながら、俺はむさぼるように突き上げを続けた。
462600 ,,,,,100211,,みなと,みなと,02min052_051.wav,minato,0,,,,「もう、だめぇ……ボク、いっちゃうよぉ……。精子、がまんできない……」
462700 ,,,,,100211,,弘明,弘明,,,,,,,「もうちょっと、我慢して……」
462800 ,,,,,100211,,みなと,みなと,02min052_052.wav,minato,0,,,,「そんな、もう……んんんっ、あうっ……！　あっ、ああっ、おち○ちん、ビクビクって……ああんっ、精子、出ちゃう……あっ、んんっ、ふああぁぁぁぁっ！！」
463100 ,,<!ef_shasei>,,,100212,,,,,,,,,,　みなとの身体が、小刻みに震える。そしてアヌスがキュッと締まると同時に、みなとの小さなペニスからぴゅるぴゅると精液が噴き出した。
463200 ,,,,,100212,,みなと,みなと,02min052_053.wav,minato,0,,,,「ふぁ……ああ……」
463300 ,,,,,100212,,,,,,,,,,　みなとの幼い精液が、俺の腹に垂れてくる。
463400 ,,,,,100212,,弘明,弘明,,,,,,,「みなと、イッちゃったな……」
463500 ,,,,,100212,,みなと,みなと,02min052_054.wav,minato,0,,,,「あ……あ……ごめんなさい……ボク……」
463600 ,,,,,100212,,,,,,,,,,　みなとはちょっとおぼつかなくなった舌で、俺に謝った。
463700 ,,,,,100212,,弘明,弘明,,,,,,,「いいよ、みなと。イッた顔、すごく可愛かったし」
463800 ,,,,,100212,,みなと,みなと,02min052_055.wav,minato,0,,,,「やぁぁっ……」
463900 ,,,,,100212,,,,,,,,,,　真っ赤な顔で恥ずかしがるみなとに、俺は少し腰を浮かせて、まだアヌスの中に勃起したチ○チンが入っていることをアピールする。
464100 ,,,,,100212,,弘明,弘明,,,,,,,「俺がまだイッてないから……いいか？」
464200 ,,,,,100212,,みなと,みなと,02min052_056.wav,minato,0,,,,「うん……ボクのおしりの中で、もっときもちよくなって……お兄ちゃん……」
464300 ,,,,,100212,,,,,,,,,,　いじましいみなとの台詞に微笑みを返すと、俺の目にふとみなとの可愛らしい乳首が目に留まった。
464400 ,,,,,100212,,,,,,,,,,　俺はその薄桃色の突起に指をのばし、そっと指の腹で撫でる。
464500 ,,,,,100212,,弘明,弘明,,,,,,,「みなと……乳首、すごく固くなってるな」
464600 ,,,,,100212,,みなと,みなと,02min052_057.wav,minato,0,,,,「やっ、あっ、ああんっ……おっぱい、くりくりしちゃイヤだよぉ……」
464700 ,,,,,100212,,弘明,弘明,,,,,,,「すごいぞ、乳首の感度も女の子みたいだ……」
464800 ,,,,,100212,,みなと,みなと,02min052_058.wav,minato,0,,,,「ふぁ、んぁっ、あんっ……おっぱい、おっぱいらめぇ……ボク、おかしくなっちゃう……」
464900 ,,,,,100212,,弘明,弘明,,,,,,,「いいよ……意識が飛ぶぐらい気持ちよくなって、みなと」
465000 ,,,,,100212,,みなと,みなと,02min052_059.wav,minato,0,,,,「んぁぁぁぁっ！　ふぁ、ああ……お兄ちゃんにおっぱいくりくりされると、すっごくきもちいいの……」
465100 ,,,,,100212,,弘明,弘明,,,,,,,「おち○ちんとおっぱい、どっちが気持ちいい？」
465200 ,,,,,100212,,みなと,みなと,02min052_060.wav,minato,0,,,,「ふぇ……？　そんなの、きめらんないよぉ……。お兄ちゃんに、おち○ちんこしこししてもらうのも、おっぱいくりくりしてもらうのも……ボク、どっちもすきぃ……」
465300 ,,,,,100212,,弘明,弘明,,,,,,,「……俺に、チ○チン挿れてもらうのは？」
465400 ,,,,,100212,,,,,,,,,,　俺はみなとにそう問いかけると、ひときわ高くペニスを突き上げた。
465500 ,,,,,100212,,みなと,みなと,02min052_061.wav,minato,0,,,,「ふぁぁぁんっ！　ふぁ、ああ……おしりにおち○ちん入れてもらうの、ボク、いちばんすき……」
465600 ,,,,,100212,,,,,,,,,,　小刻みに震えるみなとは、うつろな表情で俺を見つめた。
465700 ,,,,,100212,,みなと,みなと,02min052_062.wav,minato,0,,,,「だいすき、おにいちゃぁん……」
465800 ,,,,,100212,,弘明,弘明,,,,,,,「うん、みなと……俺も大好きだよ」
465900 ,,,,,100212,,みなと,みなと,02min052_063.wav,minato,0,,,,「あう……うれしい……」
466000 ,,,,,100212,,,,,,,,,,　俺はみなとの身体をしっかりとつかむと、限界まで腰を高く跳ね上げられる。
466100 ,,,,,100212,,みなと,みなと,02min052_064.wav,minato,0,,,,「あっ、ふぁぁっ、んんっ、あうっ……あっ、ああっ、また……またイッちゃうよぉ……！」
466200 ,,,,,100212,,弘明,弘明,,,,,,,「俺も、もうすぐイキそうだ……。おしりの中に出すぞ、みなと」
466300 ,,,,,100212,,みなと,みなと,02min052_065.wav,minato,0,,,,「あっ、んっ、ああんっ……！　出して……。お兄ちゃんの精子、おしりの中にびゅーってしてぇ……！」
466400 ,,,,,100212,,弘明,弘明,,,,,,,「みなとも、精液たくさん出すんだ……！」
466500 ,,,,,100212,,みなと,みなと,02min052_066.wav,minato,0,,,,「う、うん……ボク、また精子出しちゃう……。お兄ちゃんのおなかの上に、精子出しちゃうよぉっ……！」
466600 ,,,,,100212,,弘明,弘明,,,,,,,「うっ、あああっ！　みなと……！」
466700 ,,,,,100212,,みなと,みなと,02min052_067.wav,minato,0,,,,「ふぁ、んぁ、ああんっ！　お兄ちゃん、ボクまたイッちゃう……」
466800 ,,,,,100212,,弘明,弘明,,,,,,,「俺も、出る……ううっ、ああっ……！」
466900 ,,,,,100212,,みなと,みなと,02min052_068.wav,minato,0,,,,「おにいちゃ……あっ、んんっ、あうっ！　ふあっ、んんっ、んあああぁぁぁっ！」
467200 ,,<!ef_shasei>,,,100213,,,,,,,,,,　みなとの身体を押さえつけて、一番奥まで腰を突き上げる。みなとの熱いアヌスの中に、ありったけの精液を解き放つ。
467300 ,,,,,100213,,,,,,,,,,　同時にみなとのチ○チンも大きく震えて、再び精液をまき散らしていた。
467400 ,,,,,100213,,弘明,弘明,,,,,,,「みなと……！」
467500 ,,,,,100213,,みなと,みなと,02min052_069.wav,minato,0,,,,「ふぁ…………んぁ……」
467600 ,,,,,100213,,,,,,,,,,　俺のペニスはどくどくとその身を振るわせ、みなとの体内に大量の精液をとめどなく注ぎ込んでいった。
467700 ,,,,,100213,,みなと,みなと,02min052_070.wav,minato,0,,,,「ああ……ボクのおなかの中、お兄ちゃんの精子でいっぱい……」
467800 ,,,,,100213,,,,,,,,,,　みなとは陶酔したような表情で、自分のおなかに手をやる。
467900 ,,,,,100213,,弘明,弘明,,,,,,,「俺のおなかの上も、みなとの精子でいっぱいだ」
468000 ,,,,,100213,,みなと,みなと,02min052_071.wav,minato,0,,,,「あう……ごめんなさい……」
468100 ,,,,,100213,,弘明,弘明,,,,,,,「ふふっ……」
468200 ,,,,,100213,,,,,,,,,,　２度も射精をしたみなとのチ○チンは、俺の腹の上で透明な粘液にまみれ、ぴくん、ぴくんと脈打っている。
468300 ,,,,,100213,,みなと,みなと,02min052_072.wav,minato,0,,,,「ふぁ…………」
468400 ,,,,,100213,,,,,,,,,,　ふっと脱力したみなとは、とさっと俺の胸に倒れてきた。
468500 ,,,,,100213,,弘明,弘明,,,,,,,「みなと……とってもエッチで、可愛かったぞ」
468600 ,,,,,100213,,みなと,みなと,02min052_073.wav,minato,0,,,,「やぁぁ……はずかしいよぉ……」
468700 ,,,,,100213,,,,,,,,,,　勃起が鎮まった俺のペニスは、みなとのおしりに押し出されてきゅぽんと抜けた。
468800 ,,,,,100213,,みなと,みなと,02min052_074.wav,minato,0,,,,「あんっ……おち○ちん、抜けちゃった……」
468900 ,,,,,100213,,弘明,弘明,,,,,,,「おしり、俺が拭いてあげようか」
469000 ,,,,,100213,,みなと,みなと,02min052_075.wav,minato,0,,,,「いいよぉ……ボク、自分でふくから……」
469100 ,,,,,100213,,弘明,弘明,,,,,,,「遠慮しなくていいって」
469200 ,,,,,100213,,みなと,みなと,02min052_076.wav,minato,0,,,,「え、えんりょとかじゃなくて……はずかしいから……」
469300 ,,,,,100213,,弘明,弘明,,,,,,,「その恥ずかしがるみなとがかわいいから、拭きたいんだよ」
469400 ,,,,,100213,,みなと,みなと,02min052_077.wav,minato,0,,,,「お兄ちゃん……もう……」
469500 ,,<m_fade fadeout=""2000"">,0,,100213,,,,,,,,,,
469600 ,,<s_fade time=""2500"">,,9000,,,,,,,,,,,
469700 ,$event_return,,,,,,,,,,,,,,
469800 ,"$fset %ev10021,0",,,,,,,,,,,,,,
469900 ,"$fset %ev10101,1",,,,,,,,,,,,,,
470100 ,$return,,,,,,,,,,,,,,
470200 ,,,,,,,,,,,,,,,
470300 ,,,,,,,,,,,,,,,
470500 ,*ev10031,,,,,,,,,,,,,,
471200 ,,,1,1011,,,弘明,弘明,,"minato,uniform",↓,,,,「ほら、みなと。ここ来るか」
471300 ,,,,,,,みなと,みなと,02min053_001.wav,minato,85,,,,「……うん」
471400 ,,,,,,,,,,minato,85,,,,　俺は片腕を広げて、みなとを呼ぶ。
471500 ,,,,,,,,,,minato,85,,,,　みなとはそこに、ちょこんと座ってきた。
471600 ,,,,,,,弘明,弘明,,minato,85,,,,「もうちょっと近くに来ても、いいんだぞ？」
471700 ,,,,,,,みなと,みなと,02min053_002.wav,minato,6,,,,「あ、うん……」
471800 ,,,,,,,,,,minato,6,,,,　俺が促すと、みなとはおずおずと身体を寄せてきた。
471900 ,,,,,,,,,,minato,6,,,,　みなとも、自分から甘えてくることはほとんどないけど……俺が誘えば、控えめながら甘えてくる。
472000 ,,,,,,,弘明,弘明,,minato,6,,,,「みなとは、いつも遠慮がちだなあ」
472100 ,,,,,,,みなと,みなと,02min053_003.wav,minato,12,,,,「えっ、そんなことないよぉ……」
472200 ,,,,,,,弘明,弘明,,minato,12,,,,「もっとワガママになってもいいんだぞ？」
472300 ,,,,,,,みなと,みなと,02min053_004.wav,minato,8,,,,「ワガママに……、って……」
472400 ,,,,,,,,,,minato,8,,,,　みなとは、少し困ったような表情になる。俺はみなとの肩に手を乗せて引き寄せると、俺の身体にぐいっと密着させた。
472500 ,,,,,,,みなと,みなと,02min053_005.wav,minato,15,,,,「わわっ……お兄ちゃん……」
472600 ,,,,,,,弘明,弘明,,minato,15,,,,「本当は、これくらいくっつきたいんじゃないのか？」
472700 ,,,,,,,みなと,みなと,02min053_006.wav,minato,15,,,,「え、えっと……その……」
472800 ,,,,,,,弘明,弘明,,minato,15,,,,「俺は、これぐらいくっつきたいんだけどな」
472900 ,,,,,,,みなと,みなと,02min053_007.wav,minato,60,,,,「…………うん、ボクも……」
473000 ,,,,,,,,,,minato,60,,,,　みなとは控えめにつぶやいて、そっと目を閉じる。
473100 ,,,,,,,,,,minato,60,,,,　俺は、みなとを再び抱き直した。みなとが今ここにいると実感できる肌の温かさと、甘い身体の香り。
473200 ,,,,,,,,,,minato,60,,,,　それを受けて、俺の股間がムクムクと反応していってしまう。
473600 ,,<m_fade fadeout=""2500"" fadein=""1500"">,12,,,,みなと,みなと,02min053_009.wav,minato,0,,,,「あ……お兄ちゃんのおち○ちん……」
473700 ,,,,,,,,,,minato,0,,,,　みなとが、勃起している俺のペニスに気づいた。
473800 ,,,,,,,弘明,弘明,,minato,0,,,,「あっ、いや……これは、だな……」
473900 ,,,,,,,みなと,みなと,02min053_010.wav,minato,8,,,,「おっきく、なってるの……？」
474000 ,,,,,,,弘明,弘明,,minato,8,,,,「う、うん……まあ、そうだ」
474100 ,,,,,,,,,,minato,8,,,,　今の雰囲気で勃起してしまってるのがなんとなく恥ずかしくて、俺は少し口ごもってしまう。
474200 ,,,,,,,みなと,みなと,02min053_011.wav,minato,6,,,,「い、いいよ……おっきくなってても……。お兄ちゃんのおち○ちん……す、好き……だし……」
474300 ,,,,,,,弘明,弘明,,minato,6,,,,「好き、なのか……？」
474400 ,,,,,,,みなと,みなと,02min053_012.wav,minato,60,,,,「うん……」
474500 ,,,,,,,,,,minato,60,,,,　みなとは、頬を赤らめてうなずいた。
474600 ,,,,,,,,,,minato,60,,,,　俺のチ○チンが好き……ということは、フェラチオを頼んでも、やってくれそうだな……。
474700 ,,,,,,,弘明,弘明,,minato,60,,,,「なあ、みなと。舐めてみるか……？」
474800 ,,,,,,,みなと,みなと,02min053_013.wav,minato,2,,,,「えっ？　なめる、って……」
474900 ,,,,,,,弘明,弘明,,minato,2,,,,「俺のチ○チンを、口でしゃぶるんだよ。『フェラチオ』って言うんだけど」
475000 ,,,,,,,みなと,みなと,02min053_014.wav,minato,6,,,,「ふぇらちお……。おくちで、おち○ちんを……」
475100 ,,,,,,,弘明,弘明,,minato,6,,,,「そうだ。やってみるか？」
475200 ,,,,,,,,,,minato,6,,,,　みなとはコクリと少しノドを鳴らしてから、俺の目を見て答える。
475300 ,,,,,,,みなと,みなと,02min053_015.wav,minato,60,,,,「うん……。ボク、お兄ちゃんのおち○ちん、なめてみたい……」
475400 ,,,,,,,弘明,弘明,,minato,60,,,,「だったら、ベッドに行こうか」
475500 ,,,,,,,みなと,みなと,02min053_016.wav,minato,60,,,,「うん……」
475690 ,,,,1021,,,,,,,,,,,
475700 ,,,,,,,,,,,,,,,　俺はベッドに腰かけると、みなとの前でファスナーを下ろした。
475900 ,,<m_fade fadeout=""2500"" fadein=""1500"">,11,1021,,,,,,,,,,,
476000 ,*mem_ev03,,,,,,,,,,,,,,
476100 ,"$menu_begin ,mem_only",,,,,,,,,,,,,,
↓,"$menu_item 0,みなとの口の中に出す,ev10031a",,,,,,,,,,,,,,
↓,"$menu_item 1,みなとの顔に出す,ev10031b",,,,,,,,,,,,,,
↓,$menu_end,,,,,,,,,,,,,,
↓,,,11,1021,100311,,,,,,,,,,
476200 ,,,,,100311,,みなと,みなと,02min053_017.wav,minato,0,,,,「うわぁ……お兄ちゃんのおち○ちん、やっぱりおっきいね……」
476300 ,,,,,100311,,,,,,,,,,　俺のペニスを手にしたみなとは、感心したようにつぶやく。
476400 ,,,,,100311,,弘明,弘明,,,,,,,「みなとから見れば、だろ……？　俺のはきっと平均的だって」
476500 ,,,,,100311,,みなと,みなと,02min053_018.wav,minato,0,,,,「そうなんだ……。んんっ？」
476600 ,,,,,100311,,,,,,,,,,　亀頭をじっと見つめていたみなとがふと気づき、そして無邪気な顔で言った。
476700 ,,,,,100311,,みなと,みなと,02min053_019.wav,minato,0,,,,「あれ……？　この前みたいに、おち○ちんがぜんぶ出てないね……」
476800 ,,,,,100311,,弘明,弘明,,,,,,,「えっ……？」
476900 ,,,,,100311,,,,,,,,,,　さっきズボンの中から出した時に、剥けてるか確認したつもりだったけど……。俺のペニスはいつの間にか、カリの上まで少し皮が戻っていた。
477000 ,,,,,100311,,弘明,弘明,,,,,,,「あっ、いや……今は、ちょっと皮が戻ってるな」
477100 ,,,,,100311,,,,,,,,,,　一応、勃起時でも通常時でも剥けてはいるんだけど、気を抜くと少しカリがかぶるぐらいには余ってるんだよな……。
477200 ,,,,,100311,,弘明,弘明,,,,,,,「ちょっと待ってて………………あ」
477300 ,,,,,100311,,,,,,,,,,　俺はカリを覆う皮を戻そうとして、ふと思いつく。
477400 ,,,,,100311,,弘明,弘明,,,,,,,「みなと、ついでだから……俺の皮、剥いてみるか？」
477500 ,,,,,100311,,みなと,みなと,02min053_020.wav,minato,0,,,,「えっ、ボクが？　お兄ちゃんのおち○ちんを……？」
477600 ,,,,,100311,,,,,,,,,,　みなとはちょっと驚いた顔で、俺を見上げた。
477700 ,,,,,100311,,みなと,みなと,02min053_021.wav,minato,0,,,,「えっと……いいの……？」
477800 ,,,,,100311,,弘明,弘明,,,,,,,「ああ、ほんのちょっとかぶってるの、戻すだけだからさ」
477900 ,,,,,100311,,,,,,,,,,　みなとは視線をペニスに戻し、小さくうなずく。
478000 ,,,,,100311,,,,,,,,,,　その視線にさらされたせいか、これからのフェラチオ期待してか、俺のペニスはヒクッと震えた。
478100 ,,,,,100311,,弘明,弘明,,,,,,,「いつも俺が、みなとのチ○チンを剥いてやるように……そっとな」
478200 ,,,,,100311,,みなと,みなと,02min053_022.wav,minato,0,,,,「うん、お兄ちゃん……」
478300 ,,,,,100311,,,,,,,,,,　みなとは俺のペニスにおずおずと手を寄せると、カリ首からサオの根元にかけてそっと指を置いた。
478400 ,,,,,100311,,弘明,弘明,,,,,,,「そのまま、奥に皮を動かして……」
478500 ,,,,,100311,,みなと,みなと,02min053_023.wav,minato,0,,,,「うん……」
478600 ,,,,,100311,,,,,,,,,,　みなとが、くっと指先に力を込める。
478700 ,,,,,100311,,,,,,,,,,　俺のペニスはみなとのチ○チンとは違い、カリ先に皮が乗っかっているだけだから……みなとが少し力を込めるだけで、皮は簡単にぺろっと剥ける。
478800 ,,,,,100311,,みなと,みなと,02min053_024.wav,minato,0,,,,「あっ、すぐにむけちゃった……」
478900 ,,,,,100311,,,,,,,,,,　みなとは、少し残念がるようにつぶやいた。それから、露出した亀頭をしげしげと眺めている。
479000 ,,,,,100311,,みなと,みなと,02min053_025.wav,minato,0,,,,「やっぱり、ボクのとぜんぜんちがうね……」
479100 ,,,,,100311,,弘明,弘明,,,,,,,「まあ、一応……大人だからな」
479200 ,,,,,100311,,みなと,みなと,02min053_026.wav,minato,0,,,,「お兄ちゃんのおち○ちん、おっきくてかっこいい……」
479300 ,,,,,100311,,,,,,,,,,　赤く張った亀頭に、みなとの上気した顔が近づいてくる。そして、熱い吐息が感じられた。
479400 ,,,,,100311,,みなと,みなと,02min053_027.wav,minato,0,,,,「くんくん……いいにおいがするね……。おとなのおち○ちんだ……」
479500 ,,,,,100311,,,,,,,,,,　みなとは俺のペニスの匂いを嗅いで、うっとりとしている。
479600 ,,,,,100311,,弘明,弘明,,,,,,,「お、おい、みなと……！？」
479700 ,,,,,100311,,みなと,みなと,02min053_028.wav,minato,0,,,,「あう……お兄ちゃんのおち○ちんのにおい、かいでるとね……あたまがぼーっとしてきて、えっちな気分になってくるよ……」
479800 ,,,,,100311,,,,,,,,,,　そう言ってみなとは、とろんとした目を俺に向けた。
479900 ,,,,,100311,,みなと,みなと,02min053_029.wav,minato,0,,,,「お兄ちゃんのおち○ちん……なめていい……？」
480000 ,,,,,100311,,弘明,弘明,,,,,,,「ああ……」
480100 ,,,,,100311,,,,,,,,,,　俺はみなとの頭にそっと手を乗せると、唇がペニスに触れるまで静かに引き寄せた。
480300 ,,,,,100312,,,,,,,,,,　少しだけ開いた口から、舌が突き出される。みなとの顔がゆっくりと俺のペニスに近づいて、舌の先端が亀頭に触れた。
480400 ,,,,,100312,,みなと,みなと,02min053_030.wav,minato,0,,,,「ぺろっ……んちゅっ……ん……ちゅるっ……」
480500 ,,,,,100312,,,,,,,,,,　みなとは亀頭の先端を軽く舐めて、それからもう一度、ゆっくりと舐める。
480600 ,,,,,100312,,,,,,,,,,　そしてその次には、ためらうことなく亀頭を一気に頬張っていた。
480700 ,,,,,100312,,みなと,みなと,02min053_031.wav,minato,0,,,,「んむっ、あむっ……んんっ、んちゅっ、ちゅるっ……」
480800 ,,,,,100312,,,,,,,,,,　小さくて生暖かい舌の感触がした直後、後頭部がしびれそうなほどの激しい快感が、俺の脊髄を駆けのぼっていく。
480900 ,,,,,100312,,弘明,弘明,,,,,,,「おおおっ、ああ……」
481000 ,,,,,100312,,,,,,,,,,　初めて体験する、フェラチオという性行為……その予想外の気持ちよさに、思わず俺も声があがった。
481100 ,,,,,100312,,みなと,みなと,02min053_032.wav,minato,0,,,,「あむっ、んんっ、ぷはっ……やっぱり、おっきいよぉ……」
481200 ,,,,,100312,,,,,,,,,,　みなとは一旦ペニスから口を離すと、俺を見上げて微笑んだ。
481300 ,,,,,100312,,みなと,みなと,02min053_033.wav,minato,0,,,,「それに、すごくあついね……」
481400 ,,,,,100312,,弘明,弘明,,,,,,,「みなとの口も、すごく熱いぞ……？」
481500 ,,,,,100312,,みなと,みなと,02min053_034.wav,minato,0,,,,「えっ？　ボクのおくちの中、そんなにあついのかな……」
481600 ,,,,,100312,,弘明,弘明,,,,,,,「ああ、あったかくて気持ちいいよ」
481700 ,,,,,100312,,みなと,みなと,02min053_035.wav,minato,0,,,,「そうなんだ。じゃあ、つづけるね……。んっ、ちゅっ、ちゅるっ……んんんっ、んっ、んふっ……」
481800 ,,,,,100312,,,,,,,,,,　再びペニスに口をつけ、懸命に舐め上げる。
481900 ,,,,,100312,,,,,,,,,,　俺のペニスはカウパーとみなとの唾液で、ぬらぬらとした淫らに輝いていた。
482000 ,,,,,100312,,みなと,みなと,02min053_036.wav,minato,0,,,,「んっ、ちゅるっ……んんんっ、あむっ、んっ……ぴちゅっ、んっ、ちゅるるっ……ふぁむっ、んっ」
482100 ,,,,,100312,,弘明,弘明,,,,,,,「そうだ、みなと……いいぞ……」
482200 ,,,,,100312,,,,,,,,,,　俺がみなとの柔らかな髪を撫でると、みなとはペニスを頬張ったまま心地よさそうに目を細める。
482300 ,,,,,100312,,,,,,,,,,　やがて、みなとは張り出したカリと、その付け根にも舌を這わせてきた。
482400 ,,,,,100312,,みなと,みなと,02min053_037.wav,minato,0,,,,「んっ、んちゅっ……ここ、さっきまで皮でかくれてたから、ちょっとしめってるね……んちゅっ……」
482500 ,,,,,100312,,弘明,弘明,,,,,,,「あんまり、そういうトコまで舐めなくていいぞ……？」
482600 ,,,,,100312,,みなと,みなと,02min053_038.wav,minato,0,,,,「ううん……えっちなにおいがして、すき……」
482700 ,,,,,100312,,,,,,,,,,　みなとの、情熱的な奉仕が続く。
482800 ,,,,,100312,,みなと,みなと,02min053_039.wav,minato,0,,,,「わっ……おち○ちん、急にかたくなってきたよ……？」
482900 ,,,,,100312,,弘明,弘明,,,,,,,「みなとがそんなこと言うから、興奮してきちゃったよ……」
483000 ,,,,,100312,,,,,,,,,,　俺のペニスからカウパーが流れ出てきたのを見て、みなとが聞いた。
483100 ,,,,,100312,,みなと,みなと,02min053_040.wav,minato,0,,,,「精子、出ちゃうの……？」
483200 ,,,,,100312,,弘明,弘明,,,,,,,「ああ、もうすぐ出そうだよ……」
483300 ,,,,,100312,,みなと,みなと,02min053_041.wav,minato,0,,,,「んんっ、ちゅっ……お兄ちゃん、いっぱい精子出して……。ボクのお口で、いっぱいきもちよくなって……」
483400 ,,,,,100312,,,,,,,,,,　みなとはそうつぶやきながら、再びペニスに柔らかな唇を押し当てる。今までおずおずと支えていただけの手をしっかりと固定して、おもむろにペニスの半ばまでを幼い口でくわえ込んだ。
483500 ,,,,,100312,,みなと,みなと,02min053_042.wav,minato,0,,,,「はむっ……んんっ、ちゅぷっ……んんっ、あむっ、んんっ……あむ……ふぁむ……」
483600 ,,,,,100312,,弘明,弘明,,,,,,,「うあっ、ううっ……！」
483700 ,,,,,100312,,,,,,,,,,　くわえ込んだみなとの口が前後し始め、みなとの柔らかな唇や舌が敏感になりすぎたペニスを容赦なくこすり上げていく。
483800 ,,,,,100312,,みなと,みなと,02min053_043.wav,minato,0,,,,「ふぁんっ……あむ、んちゅっ、んくっ……ぴちゅっ、ちゆっ、ちゅるるっ、ちゅぷっ……」
483900 ,,,,,100312,,,,,,,,,,　みなとはその頭を前後させるたびに進入の角度を変え、あらゆる角度から俺のペニスを攻め立てた。
484000 ,,,,,100312,,,,,,,,,,　ビクビクとペニスが震え、キュウっと睾丸が押さえつけられる感覚に襲われる。
484100 ,,,,,100312,,弘明,弘明,,,,,,,「うっ、ああっ……！　みなと、そんなにしたら……！」
484500 ,"$menu_begin ,mem_no",,,,,,,,,,,,,,
↓,"$menu_item 0,みなとの口の中に出す,ev10031a",,,,,,,,,,,,,,
↓,"$menu_item 1,みなとの顔に出す,ev10031b",,,,,,,,,,,,,,
↓,$menu_end,,,,,,,,,,,,,,
484600 ,,,,,,,,,,,,,,,エラー行
484700 ,,,,,,,,,,,,,,,エラー行
484800 ,*ev10031a,,,,,,,,,,,,,,
485000 ,,,,,100312,,みなと,みなと,02min053_044.wav,minato,0,,,,「んっ、んむっ……はむっ、ちゅるっ……ちゅっ、ちゅるるっ、ちゅっ……」
485100 ,,,,,100312,,みなと,みなと,02min053_045.wav,minato,0,,,,「ふぁ、あ……お兄ちゃんのおち○ちん、ぶるぶるってなった……ぴちゅっ、ちゅるっ、ちゅっ……んっ……」
485200 ,,,,,100312,,弘明,弘明,,,,,,,「うっ、ああ……出るっ……！」
485500 ,,<!ef_shasei>,,,100313,,みなと,みなと,02min053_046.wav,minato,0,,,,「んっ、んぐっ……！？　んんっ、んっ……」
485600 ,,,,,100313,,,,,,,,,,　全身のしびれが、亀頭の先から一気に開放されたような快感。
485700 ,,,,,100313,,,,,,,,,,　俺は無意識にみなとの頭を押さえて、そのすべてを出し切るまで、みなとの口の中から出ようとはしなかった。
485800 ,,,,,100313,,みなと,みなと,02min053_047.wav,minato,0,,,,「んんっ……んっ、んんっ……」
485900 ,,,,,100313,,弘明,弘明,,,,,,,「はぁはぁ……はぁ…………あっ、す、すまん、みなと！　大丈夫か？」
486000 ,,,,,100313,,みなと,みなと,02min053_048.wav,minato,0,,,,「んっ……んんんっ……」
486100 ,,,,,100313,,,,,,,,,,　みなとは手を振って、大丈夫だというゼスチャーをする。そのまま顔を上に向けて、口の中のものをこぼさないようにしていた。
486200 ,,,,,100313,,,,,,,,,,　どうやら、そのまま飲み込むつもりらしい。
486300 ,,,,,100313,,弘明,弘明,,,,,,,「おい、みなと、無理しなくていいぞ！？」
486400 ,,,,,100313,,みなと,みなと,02min053_049.wav,minato,0,,,,「ん……んんんっ……」
486500 ,,,,,100313,,,,,,,,,,　みなとは首を振って、それを拒否する。
486600 ,,,,,100313,,みなと,みなと,02min053_050.wav,minato,0,,,,「んっ、んくっ……んぐっ、ん……」
486700 ,,,,,100313,,,,,,,,,,　コクリコクリとみなとのノドが震え、口の中の精液が少しずつ飲み込まれていく。
486800 ,,,,,100313,,みなと,みなと,02min053_051.wav,minato,0,,,,「んんっ、ぷはっ…………はぁっ……ん……」
486900 ,,,,,100313,,弘明,弘明,,,,,,,「いや……飲むことなかったのに……」
487000 ,,,,,100313,,みなと,みなと,02min053_052.wav,minato,0,,,,「ううん、いいの……。ボク、お兄ちゃんの精子ぜんぶ飲みたかったから……」
487100 ,,,,,100313,,,,,,,,,,　みなとは数回ぱくぱくと口を動かすと、精液の残り香を楽しむように息を吸った。
487200 ,,,,,100313,,みなと,みなと,02min053_053.wav,minato,0,,,,「んんっ……ボクのおくちの中、お兄ちゃんの精子のにおいでいっぱい……」
487600 ,,,,,100313,,,,,,,,,,　みなとは、少し恥ずかしそうに微笑んだ。その表情から無理をして言っている訳じゃないってことがわかる。
487700 ,,,,,100313,,みなと,みなと,02min053_055.wav,minato,0,,,,「でも、すごく多かったよ、お兄ちゃんの精子……。ボクなんかより、ずっと多いね……」
487800 ,,,,,100313,,弘明,弘明,,,,,,,「これからみなとも、多くなっていくよ」
487900 ,,,,,100313,,みなと,みなと,02min053_056.wav,minato,0,,,,「ほんと……？」
488000 ,,,,,100313,,弘明,弘明,,,,,,,「ああ」
488100 ,$event_return,,,,100313,,,,,,,,,,
488200 ,,<m_fade fadeout=""2000"">,0,,100313,,,,,,,,,,
488300 ,,<s_fade time=""2500"">,,9000,,,,,,,,,,,
488500 ,$go ev10031end,,,,,,,,,,,,,,
488600 ,,,,,,,,,,,,,,,
488700 ,*ev10031b,,,,,,,,,,,,,,
488900 ,,,,,100312,,みなと,みなと,02min053_057.wav,minato,0,,,,「んっ、んむっ……はむっ、ちゅるっ……ちゅっ、ちゅるるっ、ちゅっ……」
489000 ,,,,,100312,,みなと,みなと,02min053_058.wav,minato,0,,,,「ふぁ、あ……お兄ちゃんのおち○ちん、ぶるぶるってなった……ぴちゅっ、ちゅるっ、ちゅっ……んっ……」
489100 ,,,,,100312,,弘明,弘明,,,,,,,「うっ、ああ……出るっ……！」
489200 ,,,,,100312,,,,,,,,,,　みなとの頭を押さえると、俺はとっさにペニスを引き抜いた。
489300 ,,,,,100312,,みなと,みなと,02min053_059.wav,minato,0,,,,「あんっ！」
489400 ,,,,,100312,,弘明,弘明,,,,,,,「ううっ……あああっ……！」
489700 ,,<!ef_shasei>,,,100314,,みなと,みなと,02min053_060.wav,minato,0,,,,「んっ、んんっ……！」
489800 ,,,,,100314,,,,,,,,,,　みなとは、顔いっぱいに俺の精液を受ける。
489900 ,,,,,100314,,,,,,,,,,　びしゃびしゃと音を立てながら、精液はみなとの頬や髪に当たり、そして重力にしたがって下に垂れていく。
490000 ,,,,,100314,,みなと,みなと,02min053_061.wav,minato,0,,,,「ふわ……お兄ちゃんの精子、いっぱい……」
490100 ,,,,,100314,,弘明,弘明,,,,,,,「大丈夫か？　目に入ったりしなかったか？」
490200 ,,,,,100314,,みなと,みなと,02min053_062.wav,minato,0,,,,「うん、だいじょうぶ……」
490300 ,,,,,100314,,弘明,弘明,,,,,,,「いま、拭いてあげるからな」
490400 ,,,,,100314,,,,,,,,,,　あらかた拭き終わると、俺はそのまま吸い込まれるように、みなとの唇に自分の唇を重ねた。
490500 ,$event_return,,,,100314,,,,,,,,,,
490600 ,,<m_fade fadeout=""2000"">,0,,100314,,,,,,,,,,
490700 ,,<s_fade time=""2500"">,,9000,,,,,,,,,,,
490900 ,$go ev10031end,,,,,,,,,,,,,,
491000 ,,,,,,,,,,,,,,,
491100 ,*ev10031end,,,,,,,,,,,,,,
491300 ,"$fset %ev10031,0",,,,,,,,,,,,,,
491500 ,"$fset %ev10061,1",,,,,,,,,,,,,,
491600 ,"$fset %ev10071,1",,,,,,,,,,,,,,
491700 ,$return,,,,,,,,,,,,,,
491800 ,,,,,,,,,,,,,,,
492000 ,*ev10041,,,,,,,,,,,,,,
492500 ,,,1,1011,,,弘明,弘明,,"minato,uniform",↓,,,,「しかし、今日も暑いな……」
492600 ,,,,,,,みなと,みなと,02min004_001.wav,"minato,uniform",0,,,,「うん……そうだね。お兄ちゃん」
492700 ,,,,,,,,,,minato,0,,,,　電気代の節約で夏場でもエアコンを滅多に入れない俺だが、みなとはみらいちゃんと違って文句ひとつ言わない。
492800 ,,,,,,,,,,minato,0,,,,　姉と違って、人間ができてるというか……。でもひょっとして、我慢してるんじゃないかって逆に気になったりもする。
492900 ,,,,,,,弘明,弘明,,minato,0,,,,「みなと、暑くないか？　暑かったら、エアコン付けてもいいけど……」
493000 ,,,,,,,みなと,みなと,02min004_002.wav,minato,12,,,,「ううん、そんなことないよ。ボク、へいきだよ」
493100 ,,,,,,,弘明,弘明,,minato,12,,,,「そっか。ならいいんだけど」
493200 ,,,,,,,,,,minato,12,,,,　とは言っても、みなとは健気に我慢するタイプだからなぁ……。
493300 ,,,,,,,みなと,みなと,02min004_003.wav,minato,8,,,,「……ほんとだよ、お兄ちゃん。ボク、あついって思ってないから」
493400 ,,,,,,,,,,minato,8,,,,　みなとが俺の心を察したのか、心配そうに俺の顔をのぞき込んでくる。
493500 ,,,,,,,,,,minato,8,,,,　俺はみなとの手を引くと、テーブルの前で並んで座った。
493600 ,,,,,,,みなと,みなと,02min004_004.wav,minato,2,,,,「わっ……」
493700 ,,,,,,,弘明,弘明,,minato,2,,,,「一緒にテレビでも見るか。くっついてると……暑いかも知れないけどさ」
493800 ,,,,,,,みなと,みなと,02min004_005.wav,minato,60,,,,「ううん……。ボク、お兄ちゃんとならずっとくっついていられるよ……」
493900 ,,,,,,,,,,minato,60,,,,　みなとは俺の身体に寄り添って、腕にそっと頭を預けてくる。その頭をわしゃわしゃと撫でてやると、みなとは嬉しそうに笑顔を向けた。
494000 ,,,,,,,弘明,弘明,,minato,60,,,,「そういや……その制服って、涼しそうだよな」
494100 ,,,,,,,みなと,みなと,02min004_006.wav,minato,5,,,,「えっ、そうでもないよ……？　けっこうべたべたするし……」
494200 ,,,,,,,弘明,弘明,,minato,5,,,,「ふぅん、ベタベタ……か。どれどれ？」
494300 ,,,,,,,,,,minato,5,,,,　俺はみなとの背中にそっと手を回し、脇の広く開いたところから胸の中へと指を滑り込ませる。
494400 ,,,,,,,みなと,みなと,02min004_007.wav,minato,15,,,,「ひゃうっ！？　ああんっ、お兄ちゃん……おっぱいのとこ、手いれたらダメだよぉっ……！」
494500 ,,,,,,,弘明,弘明,,minato,15,,,,「なるほど、確かにちょっとベタついてるかもなあ……。でもこの湿った肌も、これはこれでなかなか……」
494600 ,,,,,,,みなと,みなと,02min004_008.wav,minato,82,,,,「あっ、んっ、んんっ……おっぱい、ダメぇ……っ！」
494700 ,,,,,,,,,,minato,82,,,,　みなとは、俺のじゃれつき……というか愛撫に、身体をねじりながら悶える。
494800 ,,,,,,,みなと,みなと,02min004_009.wav,minato,6,,,,「ふぁっ、ああっ……だから、ダメだってばぁ……」
494900 ,,,,,,,,,,minato,6,,,,　湿った乳首を撫で回す俺を、涙目で見つめるみなと。その首筋を伝う一筋の汗を見て、俺はふと思いついた。
495000 ,,,,,,,弘明,弘明,,minato,6,,,,「ああ、そうだな……まだ昼間だけど、ひとっぷろ浴びるか」
495100 ,,,,,,,みなと,みなと,02min004_010.wav,minato,8,,,,「おふろ？」
495200 ,,,,,,,弘明,弘明,,minato,8,,,,「そうだ。冷たいシャワーで、汗を流そうかと思ってな。みなとも一緒に入らないか？」
495300 ,,,,,,,みなと,みなと,02min004_011.wav,minato,15,,,,「えっ、いっしょに……？」
495400 ,,,,,,,,,,minato,15,,,,　みなとはちょっと驚いた様子で、俺の顔を見上げた。
495500 ,,,,,,,弘明,弘明,,minato,15,,,,「ベタベタした身体も、洗ったらサッパリするぞ？　着替えは俺のを着ればいいし、また洗いっこでもしようよ」
495600 ,,,,,,,,,,minato,6,,,,　みなとはしばらく悩んでから……小さくコクンとうなずいて、照れた顔を俺に向けた。
495700 ,,<m_fade fadeout=""1500"">,0,,,,,,,minato,6,,,,
496000 ,,<!ef_timepass>,11,1041,,,,,,,,,,,
496100 ,,,,,,,弘明,弘明,,,,,,,「ほら、早く来いよ」
496300 ,,,,,,,みなと,みなと,02min004_012.wav,"minato,naked",8,,,,「あ……うん……」
496400 ,,,,,,,弘明,弘明,,minato,8,,,,「なんだ、恥ずかしがってるのか？」
496500 ,,,,,,,みなと,みなと,02min004_013.wav,minato,6,,,,「うん……はずかしいよぉ……」
496600 ,,,,,,,弘明,弘明,,minato,6,,,,「男同士、気にしなくていいんだぞ」
496700 ,,,,,,,みなと,みなと,02min004_014.wav,minato,5,,,,「でもぉ……」
496800 ,,,,,,,弘明,弘明,,minato,5,,,,「みなと……ほら、洗ってあげるよ」
496900 ,,,,,,,,,,minato,5,,,,　俺はそう言いながらボディソープを手に取り、ゴシゴシと泡立て始める。
497000 ,,,,,,,みなと,みなと,02min004_015.wav,minato,8,,,,「えっ……タオルは、つかわないの？」
497100 ,,,,,,,弘明,弘明,,minato,8,,,,「直接、手で洗いっこしようと思ってな」
497200 ,,,,,,,みなと,みなと,02min004_016.wav,minato,15,,,,「ええっ？　そんなの、えっ、えっちだよぉ…………ひゃっ！？」
497400 ,*mem_ev04,,,,,,,,,,,,,,
497500 ,,,11,1041,100411,,,,,,,,,,
497600 ,,,,,100411,,みなと,みなと,02min004_017.wav,minato,0,,,,「あっ、あんっ……お兄ちゃぁん……」
497700 ,,,,,100411,,,,,,,,,,　俺はみなとを胸元に抱き寄せると、ボディソープの泡にまみれた手で小さなおしりをまさぐる。
497800 ,,,,,100411,,みなと,みなと,02min004_018.wav,minato,0,,,,「んっ、ふわ……あんんっ、くすぐったいよぉ……」
497900 ,,,,,100411,,,,,,,,,,　手のひらが、するすると柔らかい肌を滑っていく。俺はみなとのおしりの谷間から袋のウラまで、何度も指先を往復させた。
498000 ,,,,,100411,,みなと,みなと,02min004_019.wav,minato,0,,,,「んくっ、あうっ……あっ、あっ、お兄ちゃん……洗い方が、えっちだよぉ……」
498100 ,,,,,100411,,弘明,弘明,,,,,,,「でも、ここはしっかり洗わないとダメだろ？」
498200 ,,,,,100411,,みなと,みなと,02min004_020.wav,minato,0,,,,「んんっ……そうだけど……」
498300 ,,,,,100411,,,,,,,,,,　俺は手のひらでみなとの小さな袋を包み込み、優しく揉みほぐす。
498400 ,,,,,100411,,,,,,,,,,　柔らかいみなとの袋はほぐすほどに伸び、それでいてぷるぷるとした弾力も全く失わなかった。
498500 ,,,,,100411,,みなと,みなと,02min004_021.wav,minato,0,,,,「あああっ、んんん……タマタマ、そんなにくりくりしちゃやだ……」
498600 ,,,,,100411,,弘明,弘明,,,,,,,「ちっちゃくて可愛いな、みなとのタマタマは」
498700 ,,,,,100411,,みなと,みなと,02min004_022.wav,minato,0,,,,「はぁぁんっ、やぁんっ……」
498800 ,,,,,100411,,,,,,,,,,　袋の中の小さなタマを、指先で探り当てて……みなとに痛みを与えないように、ごく優しく愛撫する。
498900 ,,,,,100411,,みなと,みなと,02min004_023.wav,minato,0,,,,「やっ、あっ……コリコリ、したら……ああんっ！　あっ、あうっ……」
499000 ,,,,,100411,,弘明,弘明,,,,,,,「ここで、みなとの精子が作られてるんだからな……。たくさん出るように、よくマッサージしておこうな」
499100 ,,,,,100411,,みなと,みなと,02min004_024.wav,minato,0,,,,「あんっ、ほんと……？　タマタマくりくりしたら、たくさん精子出るの……？」
499200 ,,,,,100411,,弘明,弘明,,,,,,,「うん…………多分」
499300 ,,,,,100411,,みなと,みなと,02min004_025.wav,minato,0,,,,「あぅぅっ、お兄ちゃんうそつきだよぉ…………んにゅっ！？　あむむっ、んっ……」
499400 ,,,,,100411,,弘明,弘明,,,,,,,「んんっ……んちゅっ」
499500 ,,,,,100411,,,,,,,,,,　俺は、拗ねるみなとの口を唇でふさいだ。そのまま舌を突き入れ、みなとの小さな舌と絡ませる。
499600 ,,,,,100411,,みなと,みなと,02min004_026.wav,minato,0,,,,「んっ、んちゅっ、あむっ……ぷはっ……おにいちゃぁん……」
499700 ,,,,,100411,,,,,,,,,,　唇を離すと、みなとはトロンとした目を俺に向ける。
499800 ,,,,,100411,,,,,,,,,,　俺は袋から指を離して、再びみなとのおしりの谷間を滑らせた。
499900 ,,,,,100411,,みなと,みなと,02min004_027.wav,minato,0,,,,「あんっ……また、おしり……」
500000 ,,,,,100411,,,,,,,,,,　袋の付け根の、ちょっと後ろ……キュッとへこんだおしりの穴の上で、俺の指先が止まる。
500100 ,,,,,100411,,みなと,みなと,02min004_028.wav,minato,0,,,,「んきゅっ……！？」
500200 ,,,,,100411,,,,,,,,,,　みなとが、可愛らしい声をあげて反応する。そして恥ずかしいような、困ったような顔で俺を見つめた。
500300 ,,,,,100411,,弘明,弘明,,,,,,,「ここも……俺がしっかり洗ってあげるよ」
500400 ,,,,,100411,,みなと,みなと,02min004_029.wav,minato,0,,,,「やあっ、そこは……あんんっ、自分で洗うよぉ……」
500500 ,,,,,100411,,弘明,弘明,,,,,,,「いーのいーの。遠慮するなって」
500600 ,,,,,100411,,みなと,みなと,02min004_030.wav,minato,0,,,,「ち、ちがうよぉ……ああっ、んんっ！」
500700 ,,,,,100411,,,,,,,,,,　ボディソープの滑りを借りて、俺の指先がみなとのアヌスににゅるんと入り込む。
500800 ,,,,,100411,,みなと,みなと,02min004_031.wav,minato,0,,,,「あっ、ああっ……！　お兄ちゃんのゆび、入ってきてるよぉ……」
500900 ,,,,,100411,,,,,,,,,,　最初に比べてだいぶほぐれてきたとはいえ、みなとのアヌスは俺の指をまだまだキツく締めつけてくる。
501000 ,,,,,100411,,,,,,,,,,　俺は人差し指の第二関節まで入れたところで挿入をいったん止め、中に入った指をゆっくりと回転させた。
501100 ,,,,,100411,,みなと,みなと,02min004_032.wav,minato,0,,,,「んんっ、あっ、あんんっ……お兄ちゃん、ゆびうごかしちゃやだぁっ……」
501200 ,,,,,100411,,弘明,弘明,,,,,,,「なに言ってるんだ、しっかり洗わないといけないだろ？」
501300 ,,,,,100411,,みなと,みなと,02min004_033.wav,minato,0,,,,「そんな……んんっ、あぅぅんっ！　あっ、あっ……」
501400 ,,,,,100411,,,,,,,,,,　快感に悶えるみなとが、俺の身体に抱きついてくる。
501500 ,,,,,100411,,,,,,,,,,　みなとの熱い身体から立ちのぼるかすかな蒸気が、俺の鼻先を撫でていった。
501600 ,,,,,100411,,弘明,弘明,,,,,,,「んっ、みなと……」
501700 ,,,,,100411,,,,,,,,,,　俺はみなとの肩に唇を寄せると、熱くなった肌に優しくキスをする。そのまま鎖骨に沿って、ちろちろと舌を這わせた。
501800 ,,,,,100411,,みなと,みなと,02min004_034.wav,minato,0,,,,「あぅぅん……お兄ちゃん……」
501900 ,,,,,100411,,,,,,,,,,　ふと見れば、みなとのチ○チンはすっかり勃起してしまっていた。
502000 ,,,,,100411,,弘明,弘明,,,,,,,「みなと……チ○チンおっきくしてるな」
502100 ,,,,,100411,,みなと,みなと,02min004_035.wav,minato,0,,,,「だ、だって、お兄ちゃんが……おしりをいじるから……」
502200 ,,,,,100411,,弘明,弘明,,,,,,,「おしりの穴をいじられて、そんなに気持ち良かったか？」
502300 ,,,,,100411,,みなと,みなと,02min004_036.wav,minato,0,,,,「ち、ちがうよぉっ……！」
502400 ,,,,,100411,,,,,,,,,,　顔を真っ赤にして否定するみなとの耳元で、俺は悪戯っぽくささやく。
502500 ,,,,,100411,,弘明,弘明,,,,,,,「二人で風呂に入るからには……こういうの、期待してただろ……？」
502600 ,,,,,100411,,みなと,みなと,02min004_037.wav,minato,0,,,,「んっ、んんっ……そんなこと、ない……よぉ……」
502700 ,,,,,100411,,弘明,弘明,,,,,,,「俺しかいないんだから、正直に言っていいぞ？」
502800 ,,,,,100411,,みなと,みなと,02min004_038.wav,minato,0,,,,「あ、あう……えっと……お兄ちゃんと、えっちなことはしたかったけど……」
502900 ,,,,,100411,,弘明,弘明,,,,,,,「よーし……正直な子には、ご褒美だ」
503000 ,,,,,100411,,みなと,みなと,02min004_039.wav,minato,0,,,,「やっ、あんっ……！？」
503100 ,,,,,100411,,,,,,,,,,　俺はみなとのアヌスに入れた指を、素早く抜き差しする。
503200 ,,,,,100411,,みなと,みなと,02min004_040.wav,minato,0,,,,「あっ、んっ、んぁうっ、んんっ……！　やっ、お、お兄ちゃん……おしり……！」
503300 ,,,,,100411,,弘明,弘明,,,,,,,「もうだいぶ柔らかくなってきたな。俺の指がすんなり奥まで入っちゃうよ」
503400 ,,,,,100411,,みなと,みなと,02min004_041.wav,minato,0,,,,「んんっ、あんっ！　あっ、あっ、んんっ……」
503500 ,,,,,100411,,,,,,,,,,　アヌスへの刺激と連動するかのように、小さなペニスがひくひくと脈打つ。
503600 ,,,,,100411,,弘明,弘明,,,,,,,「かわいいな……。みなとのチ○チン、ひくひくしてる」
503700 ,,,,,100411,,みなと,みなと,02min004_042.wav,minato,0,,,,「やっ、んんっ……」
503800 ,,,,,100411,,,,,,,,,,　俺は片方の手で、みなとの袋をそっとまさぐった。
503900 ,,,,,100411,,みなと,みなと,02min004_043.wav,minato,0,,,,「あっ、んんんっ……おしりと、タマタマ……きもちいいよぉ…………」
504000 ,,,,,100411,,,,,,,,,,　みなとのほぐれた袋を揉み、撫でまわし……それから指先で、小さな睾丸の位置を探った。
504100 ,,,,,100411,,弘明,弘明,,,,,,,「みなと、タマが上にあがって来てるな……。イキそうか？」
504200 ,,,,,100411,,みなと,みなと,02min004_044.wav,minato,0,,,,「う、うん……ボク、もうイッちゃう……」
504300 ,,,,,100411,,弘明,弘明,,,,,,,「おしりでイカせてあげるよ、みなと」
504400 ,,,,,100411,,,,,,,,,,　俺はみなとのアヌスから指を抜くと、ボディソープをたっぷりと塗り……更に中指を添えて、２本の指をアヌスにあてた。
504500 ,,,,,100411,,弘明,弘明,,,,,,,「おしりの力、抜くんだぞ……」
504600 ,,,,,100411,,みなと,みなと,02min004_045.wav,minato,0,,,,「ひっ、ひぅぅっ……！　おしり、おしりがひろがるよぉ……！　んんんっ、あうっ！　あっ、ああっ、んんっ……」
504700 ,,,,,100411,,,,,,,,,,　２本の指を、ゆっくりと埋没させていく。みなとの小さいアヌスは、痛いほどに俺の指を締めつけてきた。
504800 ,,,,,100411,,弘明,弘明,,,,,,,「もっと力抜いて、みなと……」
504900 ,,,,,100411,,みなと,みなと,02min004_046.wav,minato,0,,,,「あっ、あっ、そんなの……できないよぉ……」
505000 ,,,,,100411,,,,,,,,,,　第一関節、第二関節……。俺はときおりインターバルを取りながら、ゆっくりと挿入していく。
505100 ,,,,,100411,,みなと,みなと,02min004_047.wav,minato,0,,,,「ふぁ……あ……はいってくる……」
505200 ,,,,,100411,,,,,,,,,,　やがて、指の付け根まで全てが埋没しきる。体内深くまで入り込んだ指先には、みなとの熱い体温が感じられた。
505300 ,,,,,100411,,みなと,みなと,02min004_048.wav,minato,0,,,,「んぁっ、ふぁ……もう、ボクぅ……」
505400 ,,,,,100411,,弘明,弘明,,,,,,,「おしりの中、あったかいな……みなと……」
505500 ,,,,,100411,,みなと,みなと,02min004_049.wav,minato,0,,,,「ら、らめぇ……そんなの言っちゃ、イヤらよぉっ……」
505600 ,,,,,100411,,,,,,,,,,　快感でろれつの回らなくなってきたみなとは、目の端に涙をためながら俺を見つめる。
505700 ,,,,,100411,,みなと,みなと,02min004_050.wav,minato,0,,,,「あっ、んっ……ひゃぁぅっ！　あっ、ああっ、そこ……らめらってばぁ……」
505800 ,,,,,100411,,弘明,弘明,,,,,,,「んっ？　ここ、気持ちいいのか？」
505900 ,,,,,100411,,,,,,,,,,　おしりの中でぐりぐりと動かしていた俺の指先が、みなとの弱いスポットを探り当てたらしく……みなとは、大きな声をあげて震えた。
506000 ,,,,,100411,,みなと,みなと,02min004_051.wav,minato,0,,,,「んぁぁぁぁっ！　あっ、あああっ、んん……そこは、らめぇ……」
506100 ,,,,,100411,,弘明,弘明,,,,,,,「このコリコリしたとこ……みなとの弱点なんだな。もっともっと、気持ちよくしてあげるよ」
506200 ,,,,,100411,,みなと,みなと,02min004_052.wav,minato,0,,,,「あっ、うぁぁっ、あああんっ！　そこ、きもちよすぎて、もう……あああっ！」
506300 ,,,,,100411,,,,,,,,,,　みなとのチ○チンも、ビクンビクンと大きく振れ始める。
506400 ,,,,,100411,,みなと,みなと,02min004_053.wav,minato,0,,,,「んんっ、あうっ！　んふぅっ……イッひゃう……おにぃらん、イッちゃう……」
506500 ,,,,,100411,,弘明,弘明,,,,,,,「いいぞ、身体を楽にして……精液を思いっきり出すんだ」
506600 ,,,,,100411,,みなと,みなと,02min004_054.wav,minato,0,,,,「うん……。あああっ！　精子、精子れちゃうよぉ……やっ、あっ、あああっ！」
506700 ,,,,,100411,,弘明,弘明,,,,,,,「みなと……思いっきりイッていいぞ」
506800 ,,,,,100411,,,,,,,,,,　コリコリしたみなとのスポットを、爪の先でごく軽く引っかいた。直後、みなとの身体が弓なりに大きく跳ねる。
506900 ,,,,,100411,,みなと,みなと,02min004_055.wav,minato,0,,,,「んんんっ、あああっ！　おにいひゃ……おにいひゃん……らめぇ、せいし、れちゃぅ……ああっ、あっ、んあああぁぁぁぁぁ……っ！！！」
507200 ,,<!ef_shasei>,,,100412,,,,,,,,,,　一瞬、アヌスがグッと開いたかと思ったら、次の瞬間、ギュッと締めつけられる。それからすぐにみなとの身体が震えて、小さなペニスが精液を噴き上げた。
507300 ,,,,,100412,,みなと,みなと,02min004_056.wav,minato,0,,,,「ああっ、あっ……んん……あぁぁ……」
507400 ,,,,,100412,,,,,,,,,,　みなとの精液は、俺の腹や胸にも降り注いだ。思わずハッとするほど、みなとの精液は熱かった。
507500 ,,,,,100412,,みなと,みなと,02min004_057.wav,minato,0,,,,「おにぃ……ひゃ……」
507600 ,,,,,100412,,,,,,,,,,　みなとは俺の胸の中で、くたっと脱力した。強い快感の余韻にひたりながら、肩で息をしている。
507700 ,,,,,100412,,弘明,弘明,,,,,,,「みなと……おしり、気持ちよかったか……？」
507800 ,,,,,100412,,みなと,みなと,02min004_058.wav,minato,0,,,,「う、うん……」
507900 ,,,,,100412,,弘明,弘明,,,,,,,「待ってろ。冷たいシャワーで、身体を冷やしてやるからな」
508000 ,,,,,100412,,みなと,みなと,02min004_059.wav,minato,0,,,,「ううん、いいよ……」
508100 ,,,,,100412,,,,,,,,,,　どうしてだと聞く俺に、みなとはニコッと微笑んだ。
508200 ,,,,,100412,,みなと,みなと,02min004_060.wav,minato,0,,,,「だって……お兄ちゃんのからだ、つめたくてきもちいいから……」
508300 ,,,,,100412,,,,,,,,,,　そういって、汗で冷えた俺の身体にぴっとりと抱きついてくる。
508400 ,,,,,100412,,弘明,弘明,,,,,,,「わわっ、ちょっと待て、俺はまだ身体洗ってないから……」
508500 ,,,,,100412,,みなと,みなと,02min004_061.wav,minato,0,,,,「ううん、いいよ……お兄ちゃんのにおい、いっぱいするもん……」
508600 ,,,,,100412,,,,,,,,,,　そう言って俺の胸板に頬ずりすると、みなとはそっと目を閉じる。
508700 ,,,,,100412,,弘明,弘明,,,,,,,「みなと……」
508800 ,,,,,100412,,,,,,,,,,　熱く火照ったみなとの身体を、俺は二人の体温が同じになるまで抱きしめ続けたのだった。
508900 ,$event_return,,,,,,,,,,,,,,
509000 ,,<m_fade fadeout=""2000"">,0,,100412,,,,,,,,,,
509100 ,,<s_fade time=""2500"">,,9000,,,,,,,,,,,
509300 ,"$fset %ev10041,0",,,,,,,,,,,,,,
509400 ,"$fset %ev10151,1",,,,,,,,,,,,,,
509600 ,$return,,,,,,,,,,,,,,
509700 ,,,,,,,,,,,,,,,
509800 ,,,,,,,,,,,,,,,
510000 ,*ev10051,,,,,,,,,,,,,,
510800 ,,,1,1011,,,弘明,弘明,,"minato,uniform",↓,,,,「うーん、いい天気だな」
510900 ,,,,,,,,,,"minato,uniform",↓,,,,　俺は立ち上がって、窓の外を見ながら大きく伸びをする。
511000 ,,,,,,,,,,"minato,uniform",↓,,,,　天頂から澄んだ青空が広がり、ビルの向こうには入道雲が見える。予報によると、多少の夕立はあってもこのまま週末まで天気が崩れることはないらしい。
511100 ,,,,,,,弘明,弘明,,"minato,uniform",↓,,,,「そうだな、たまには外に出るかな」
511200 ,,,,,,,,,,"minato,uniform",↓,,,,　俺はみなとの方を振り返ると、みなとに週末の予定を聞いた。
511300 ,,,,,,,弘明,弘明,,"minato,uniform",↓,,,,「みなと、今度の週末、空いてるか……？」
511400 ,,,,,,,みなと,みなと,02min054_001.wav,"minato,uniform",0,,,,「えっ、こんどの……？　うん、ボクなんにもないよ……」
511500 ,,,,,,,弘明,弘明,,minato,0,,,,「よーし、だったらちょっと出かけてみようか」
511600 ,,,,,,,,,,minato,0,,,,　俺はみなとの隣に歩み寄り、すっと座る。
511700 ,,,,,,,みなと,みなと,02min054_002.wav,minato,85,,,,「出かけるって、どこに行くの……？」
511800 ,,,,,,,弘明,弘明,,minato,85,,,,「そうだな、特に行き先はないけど……街をブラつくとかだけでも良さそうだな。テキトーに店とか入ってさ」
511900 ,,,,,,,みなと,みなと,02min054_003.wav,minato,1,,,,「うん」
512000 ,,,,,,,,,,minato,1,,,,　みなとは嬉しそうにうなずくと、ほんの少しだけ俺の方に身体を寄せた。
512100 ,,,,,,,みなと,みなと,02min054_004.wav,minato,60,,,,「お兄ちゃんとおかいもの……ボク、すっごくたのしみ……」
512200 ,,,,,,,みなと,みなと,02min054_005.wav,minato,8,,,,「あっ、お兄ちゃん……おかいものしか、しないよね……？」
512300 ,,,,,,,弘明,弘明,,minato,8,,,,「ああ、もちろんだよ」
512400 ,,,,,,,,,,minato,8,,,,　どうやらみなとは、俺がエッチないたずらをしないか心配らしい。……まあ、なかなか鋭いところを突いているとは思うけど。
512500 ,,,,,,,弘明,弘明,,minato,8,,,,「そうだな、服を買ってあげようか。すっごく可愛いやつ」
512600 ,,,,,,,みなと,みなと,02min054_006.wav,minato,12,,,,「えっ？　そんな、そこまではいいよぉ……。ボク、お兄ちゃんといっしょだったら、それでじゅうぶんだもん……」
512700 ,,,,,,,弘明,弘明,,minato,12,,,,「まあまあ、遠慮するなって。今はギャラが入って、懐が暖かいんだから」
512800 ,,,,,,,みなと,みなと,02min054_007.wav,minato,6,,,,「うん……」
512900 ,,,,,,,,,,minato,6,,,,　俺は、いぶかるみなとの肩を抱き、グッと抱き寄せた。
513000 ,,,,,,,みなと,みなと,02min054_008.wav,minato,15,,,,「きゃんっ！？」
513100 ,,,,,,,,,,minato,15,,,,　みなとの切り揃えられた髪が、目の前でふわっと揺れる。
513200 ,,,,,,,弘明,弘明,,minato,15,,,,「それじゃ、今度の週末はショッピングに決定だな。てゆーか、デートかな？」
513300 ,,,,,,,みなと,みなと,02min054_009.wav,minato,60,,,,「うん……お兄ちゃん……」
513500 ,,<hide><!ef_daypass>,0,9000,,,,,,,,,,,
513600 ,,<hide><s_fade time=""1500"" type=""panel"" param=""type=0"">,1,1101,,,,,,,,,,,
513700 ,,,,,,,,,,,,,,,　みなとと約束をしたその日、予報通りに良く晴れていた。ギラギラの太陽が照りつける訳でもない、いつもよりずっと過ごしやすい週末。
513800 ,,,,,,,弘明,弘明,,,,,,,「ふぅ、これぐらいの方が助かるな……」
513900 ,,,,,,,,,,,,,,,　俺は青空を見上げながら、廊下でみなとを待つ。約束の時間までまだ余裕はあるけど、たまたま早く準備ができてしまったので何気なく外に出ていた。
514100 ,,,,,,,みなと,みなと,02min054_010.wav,"minato,private",2,,,,「あ、お兄ちゃん……」
514200 ,,,,,,,,,,minato,2,,,,　すると廊下の向こうから、みなとがやってきた。みなとは俺を見つけると、慌て気味に走り寄ってくる。
514300 ,,,,,,,みなと,みなと,02min054_011.wav,minato,8,,,,「おくれて、ごめんなさい……」
514400 ,,,,,,,弘明,弘明,,minato,8,,,,「いや……まだ約束１０分前だぞ。俺はただ、外に出てただけなんだからさ」
514500 ,,,,,,,みなと,みなと,02min054_012.wav,minato,85,,,,「うん……」
514600 ,,,,,,,,,,minato,85,,,,　俺はみなとの頭にポンと手を置くと、階段に向けて歩き始める。
514700 ,,,,,,,弘明,弘明,,minato,85,,,,「さあ、行こうか。みなと」
514800 ,,,,,,,みなと,みなと,02min054_013.wav,minato,1,,,,「うん」
514900 ,,,,,,,,,,minato,1,,,,　笑顔でうなずいたみなとは、俺の横に並ぶ。
515000 ,,,,,,,弘明,弘明,,minato,1,,,,「時間に律儀なみなとのおかげで、今日は１０分長く一緒にいられそうだな」
515100 ,,,,,,,みなと,みなと,02min054_014.wav,minato,60,,,,「うん……お兄ちゃん」
515200 ,,,,,,,,,,minato,60,,,,　俺が差し出した手のひらの、人差し指から薬指にかけての３本を、みなとが小さな手でキュッと握る。
515300 ,,,,,,,,,,minato,60,,,,　柔らかい太陽の陽射しとみなとの健気な微笑みに、俺の頬も自然とゆるんでいた。
515500 ,,<s_fade time=""1500"" type=""panel"" param=""type=3"">,0,9000,,,,,,,,,,,
515600 ,,<s_fade time=""1500"" type=""panel"" param=""type=2"">,6,3021,,,,,,,,,,,
515700 ,,,,,,,,,,,,,,,　俺たちは、駅前の商店街にやってきた。ここはたまにテレビでも紹介されたりする、地元でもそこそこ人気のスポットだ。
515800 ,,,,,,,弘明,弘明,,,,,,,「みなと、好きな店を見ていいんだぞ？」
515900 ,,,,,,,みなと,みなと,02min054_015.wav,minato,60,,,,「ううん……」
516000 ,,,,,,,,,,minato,60,,,,　みなとは俺の手を握り返すと、幸せそうに微笑んだ。
516100 ,,,,,,,みなと,みなと,02min054_016.wav,minato,1,,,,「ボク、お兄ちゃんといっしょにいるだけで、すごくたのしいよ……」
516200 ,,,,,,,弘明,弘明,,minato,1,,,,「いじらしいことを言うなあ、みなとは」
516300 ,,,,,,,,,,minato,1,,,,　俺はみなとを引き寄せると、その手を引いて歩き出した。
516400 ,,,,,,,弘明,弘明,,minato,1,,,,「まあ、とりあえず歩くか。気になった店があったら、言ってくれよ？」
516500 ,,,,,,,みなと,みなと,02min054_017.wav,minato,85,,,,「うん……」
516600 ,,,,,,,,,,,,,,,　俺たちは、少し人通りの多い商店街を並んで歩いた。みなとの歩幅に合わせて、俺はゆっくりとしたペースを保つ。
516700 ,,,,,,,みなと,みなと,02min054_018.wav,minato,0,,,,「いろんなお店があるね……」
516800 ,,,,,,,弘明,弘明,,minato,0,,,,「そうだな」
516900 ,,,,,,,,,,minato,0,,,,　しばらくして、ふと見慣れない店を発見する。
517000 ,,,,,,,弘明,弘明,,minato,0,,,,「うん？　なにやら、新しく開店したらしいブティックがあるな」
517100 ,,,,,,,みなと,みなと,02min054_019.wav,minato,4,,,,「えっと……あれって、服のお店……？」
517200 ,,,,,,,弘明,弘明,,minato,4,,,,「そうだな。ちょうどいい、みなと、入ってみるか」
517300 ,,,,,,,みなと,みなと,02min054_020.wav,minato,2,,,,「ええっ？　でもあそこ、高そうだよぉ……」
517400 ,,,,,,,弘明,弘明,,minato,2,,,,「そんなの気にしない。言っただろ？　今の俺は、懐が暖かいの。だからみなとに、可愛い服を買ってあげるよ」
517500 ,,,,,,,みなと,みなと,02min054_021.wav,minato,8,,,,「う、うん……」
517600 ,,,,,,,,,,,,,,,　俺はみなとの手を引き、そのブティックへと入っていった。
517790 ,,,,9000,,,,,,,,,,,
517800 ,,,,,,,弘明,弘明,,,,,,,「おっ。これは良さそうだな……。みなと、これを試着してみようか」
517900 ,,,,,,,みなと,みなと,02min054_022.wav,,,,,,「えっ、これ……！？」
518000 ,,,,,,,弘明,弘明,,,,,,,「こういうの、イヤだったか？」
518100 ,,,,,,,みなと,みなと,02min054_023.wav,,,,,,「うっ、ううん……そんなことないけど……ボクが着ても、いいのかな……」
518200 ,,,,,,,弘明,弘明,,,,,,,「ダイジョーブ、変に思われたりしないって」
518300 ,,,,,,,みなと,みなと,02min054_024.wav,,,,,,「うん……。じゃあお兄ちゃん、ちょっとまっててね……」
518400 ,,,,,,,,,,,,,,,
518500 ,,,,,,,,,,,,,,,　俺が選んだ洋服を手に、みなとが試着室へと入っていく。
518600 ,,,,,,,,,,,,,,,　しばらくして……俺は試着室の中から、か弱い声に呼ばれた。
518900 ,,,,,,,みなと,みなと,02min054_025.wav,,,,,,「お、お兄ちゃん……」
519000 ,,,,,,,弘明,弘明,,,,,,,「んっ、着終わったか？」
519200 ,,,,,,,みなと,みなと,02min054_026.wav,,,,,,「こ、これ、着かたわかんないよぉ……」
519300 ,,,,,,,弘明,弘明,,,,,,,「ええっ？　いや、俺も女物の服は全然わかんないんだけど……」
519500 ,,,,,,,みなと,みなと,02min054_027.wav,,,,,,「ふぇぇ……」
519600 ,,,,,,,弘明,弘明,,,,,,,「ま、待ってろ、俺が入って着せてあげるからな」
519700 ,,,,,,,,,,,,,,,　周りに人がいないことを確認してから、俺は試着室に入った。そしてみなとと四苦八苦しながら、服をなんとか着せ終える。
519900 ,,<m_fade fadeout=""2000"" fadein=""1500"">,12,,100511,,,,,,,,,,
520000 ,*mem_ev05,,,,100511,,,,,,,,,,
520100 ,,,12,9000,100511,,,,,,,,,,
520200 ,,,,,100511,,みなと,みなと,02min054_028.wav,minato,0,,,,「お兄ちゃん……」
520300 ,,,,,100511,,弘明,弘明,,,,,,,「うん、これでいいだろう。なんとか着られたな」
520400 ,,,,,100511,,,,,,,,,,　試着室の中には、女物の服を着た……『どう見ても女の子』の、みなとがいた。
520500 ,,,,,100511,,,,,,,,,,　上着は女の子だけど、下着は男の子のまま……そのミスマッチが、またほどよい倒錯感をかもし出している。
520600 ,,,,,100511,,弘明,弘明,,,,,,,「ところでみなと、着せてる時から、気になってたんだけど……」
520700 ,,,,,100511,,みなと,みなと,02min054_029.wav,minato,0,,,,「えっ？」
520800 ,,,,,100511,,弘明,弘明,,,,,,,「みなと……チ○チン、勃起させてるだろ」
520900 ,,,,,100511,,みなと,みなと,02min054_030.wav,minato,0,,,,「あう……」
521000 ,,,,,100511,,,,,,,,,,　試着している途中、もじもじと股間を隠すみなとが気になっていた。
521100 ,,,,,100511,,弘明,弘明,,,,,,,「女の子の服着ただけで、興奮しちゃったんだな？」
521200 ,,,,,100511,,みなと,みなと,02min054_031.wav,minato,0,,,,「ち、ちがうよぉ……」
521300 ,,,,,100511,,弘明,弘明,,,,,,,「だったらなんで、チ○チンがこんなになってるんだ？」
521400 ,,,,,100511,,,,,,,,,,　俺は、この景色の中でもっとも浮いているパーツ……つまりは唯一の男物であるみなとのブリーフに指をかけると、勃起したチ○チンを露出させる。
521500 ,,,,,100511,,みなと,みなと,02min054_032.wav,minato,0,,,,「だっ、だめだよぉ、こんなとこで……」
521600 ,,,,,100511,,弘明,弘明,,,,,,,「大丈夫だって、バレないよ。……みなとが声を出さなければね」
521700 ,,,,,100511,,,,,,,,,,　そう言って悪戯っぽく笑うと、みなとは顔を真っ赤にしてうつむいた。
521800 ,,,,,100511,,弘明,弘明,,,,,,,「みなと……」
521900 ,,,,,100511,,みなと,みなと,02min054_033.wav,minato,0,,,,「んっ……んんんっ……！」
522000 ,,,,,100511,,,,,,,,,,　俺はそっと手を伸ばし、小さな亀頭の先端を軽くつま＜弾＝び＞いてみた。みなとの身体がビクッと震え、目に涙をためる。
522100 ,,,,,100511,,みなと,みなと,02min054_034.wav,minato,0,,,,「あっ、あっ……お兄ちゃん……だめだってばぁ……」
522200 ,,,,,100511,,弘明,弘明,,,,,,,「でもさ、いつもよりドキドキして、感じちゃわない？」
522300 ,,,,,100511,,みなと,みなと,02min054_035.wav,minato,0,,,,「う、うん……」
522400 ,,,,,100511,,,,,,,,,,　みなとは小さくうなずくと、潤んだ目で俺を見上げる。
522500 ,,,,,100511,,,,,,,,,,　俺はその顔に唇を近づけ、そっとキスをした。
522600 ,,,,,100511,,みなと,みなと,02min054_036.wav,minato,0,,,,「んっ……お兄ちゃん……」
522700 ,,,,,100511,,弘明,弘明,,,,,,,「みなと……んんっ……」
522800 ,,,,,100511,,みなと,みなと,02min054_037.wav,minato,0,,,,「ちゅっ、ちゅっ……んんっ……」
522900 ,,,,,100511,,,,,,,,,,　俺は唇を離すと、亀頭への愛撫を再開する。露出した亀頭の先端を指の腹で撫でながら、皮の先を少しずつ奥へと降ろしていく。
523000 ,,,,,100511,,みなと,みなと,02min054_038.wav,minato,0,,,,「んあっ……んっ、んふっ……あ、あ……」
523100 ,,,,,100511,,,,,,,,,,　俺は、そこで包皮を最後まで剥くことはしなかった。鈴口にじんわりと湧いたカウパーを指先にからめると、皮と亀頭の間に指を滑り込ませる。
523200 ,,,,,100511,,みなと,みなと,02min054_039.wav,minato,0,,,,「んっ、んああっ……！」
523300 ,,,,,100511,,弘明,弘明,,,,,,,「ほらほら。変な声をあげたら、店員や他の客にバレちゃうぞ？」
523400 ,,,,,100511,,みなと,みなと,02min054_040.wav,minato,0,,,,「だ、だって…………あう……」
523500 ,,,,,100511,,,,,,,,,,　みなとはまた涙目で見上げるけど、俺はそのままチ○チンへの愛撫を続けた。
523600 ,,,,,100511,,みなと,みなと,02min054_041.wav,minato,0,,,,「んっ、んくっ……んふっ、あぅぅ……。お、おち○ちん……ひくひくしてきたよぉ……」
523700 ,,,,,100511,,,,,,,,,,　みなとのチ○チンが小さく脈打つたび、カウパーもとぷっ、とぷっと湧き出てくる。
523900 ,,,,,100512,,みなと,みなと,02min054_042.wav,minato,0,,,,「ふぁ、んぁ……お兄ちゃん……」
524000 ,,,,,100512,,,,,,,,,,　熱い吐息と共に切なげな声が、みなとの口からこぼれる。
524100 ,,,,,100512,,みなと,みなと,02min054_043.wav,minato,0,,,,「お兄ちゃん……おち○ちんの皮の中に、ゆび入れちゃダメだよぉ……。ボク、声が出ちゃう……」
524200 ,,,,,100512,,弘明,弘明,,,,,,,「頑張って我慢して、みなと」
524300 ,,,,,100512,,みなと,みなと,02min054_044.wav,minato,0,,,,「あう……んっ、んんんんっ……」
524400 ,,,,,100512,,,,,,,,,,　みなとが声を押し殺して、快感に耐える。
524500 ,,,,,100512,,みなと,みなと,02min054_045.wav,minato,0,,,,「あっ……あ……」
524600 ,,,,,100512,,,,,,,,,,　あふれ出すカウパーをみなとの亀頭の先に塗りつけ、指先で少し強めにこすり上げると、みなとの身体が大きくビクンと震えた。
524700 ,,,,,100512,,みなと,みなと,02min054_046.wav,minato,0,,,,「ああぁぁんっ……！」
524800 ,,,,,100512,,,,,,,,,,　さすがにビックリした俺は、しばらく愛撫を止めて外の様子をうかがう。幸運にも、さっきの声は気付かれなかったみたいだ。
524900 ,,,,,100512,,みなと,みなと,02min054_047.wav,minato,0,,,,「お……お兄ちゃん……」
525000 ,,,,,100512,,弘明,弘明,,,,,,,「大丈夫、聞かれてないよ」
525100 ,,,,,100512,,みなと,みなと,02min054_048.wav,minato,0,,,,「よかった……」
525200 ,,,,,100512,,,,,,,,,,　みなとが、ほっと息をつく。
525300 ,,,,,100512,,,,,,,,,,　さっき服を選びながら、ここはちょっと店内ＢＧＭがうるさいよなあ……と思ってたけど、思わぬ方向で役に立ったみたいだ。
525400 ,,,,,100512,,みなと,みなと,02min054_049.wav,minato,0,,,,「お、お兄ちゃん……まだ、つづけるの……？」
525500 ,,,,,100512,,弘明,弘明,,,,,,,「もちろんだよ。みなとだって、最後まで出したいだろう？」
525600 ,,,,,100512,,みなと,みなと,02min054_050.wav,minato,0,,,,「あう……」
525700 ,,,,,100512,,,,,,,,,,　俺はみなとの包皮を少しだけ戻し、あまり刺激を与えすぎよう包皮の上から亀頭を優しくこする。
525800 ,,,,,100512,,みなと,みなと,02min054_051.wav,minato,0,,,,「ふっ、んん……んんんん……」
525900 ,,,,,100512,,,,,,,,,,　みなとは、必死に声を抑えようとする。
526100 ,,,,,100512,,みなと,みなと,02min054_052.wav,minato,0,,,,「はぁ、ああ……あう……」
526300 ,,,,,100512,,みなと,みなと,02min054_053.wav,minato,0,,,,「精子出ちゃう……服、よごしちゃうよぉ……」
526400 ,,,,,100512,,弘明,弘明,,,,,,,「それなら大丈夫だ、みなと」
526500 ,,,,,100512,,,,,,,,,,　俺はコンドームの包みを取り出すと、みなとにそれを見せた。
526600 ,,,,,100512,,みなと,みなと,02min054_054.wav,minato,0,,,,「えっ……なに……？」
526700 ,,,,,100512,,弘明,弘明,,,,,,,「コンドームだよ。授業で習わなかったか？」
526800 ,,,,,100512,,みなと,みなと,02min054_055.wav,minato,0,,,,「そういえば……見た気がする……」
526900 ,,,,,100512,,弘明,弘明,,,,,,,「ほら、これがあれば大丈夫だよ」
527000 ,,,,,100512,,みなと,みなと,02min054_056.wav,minato,0,,,,「えっ？　これ……どうするの……？」
527100 ,,,,,100512,,,,,,,,,,　俺はまだ事態が飲み込めていないみなとの目の前でコンドームの封を開けて、中の薄いゴムを取り出す。
527200 ,,,,,100512,,弘明,弘明,,,,,,,「みなと、じっとしてるんだぞ」
527300 ,,,,,100512,,みなと,みなと,02min054_057.wav,minato,0,,,,「あっ……んぁんっ？」
527500 ,,,,,100513,,,,,,,,,,　俺はコンドームの薄い皮膜は、みなとの勃起したチ○チンをすんなりと包み込む。
527600 ,,,,,100513,,弘明,弘明,,,,,,,「さすがにサイズがゆるいようだけど、精子を受け止めるには問題なさそうだな」
527700 ,,,,,100513,,,,,,,,,,　みなとは初めての装着感に戸惑っているのか、コンドームに包まれたペニスを不思議そうに眺め、落ちつかなげに身体を揺すらせていた。
527800 ,,,,,100513,,みなと,みなと,02min054_058.wav,minato,0,,,,「なにか、へんなかんじ……。これ、さきっぽゆるゆるだけど、いいの……？」
527900 ,,,,,100513,,弘明,弘明,,,,,,,「ああ、これでいいんだよ。精液が出ても、この余ってる中に溜まるという訳だ」
528000 ,,,,,100513,,みなと,みなと,02min054_059.wav,minato,0,,,,「あ……そっか……」
528100 ,,,,,100513,,,,,,,,,,　俺は感心しているみなとの首筋にそっと唇を這わせながら、コンドームが被さったチ○チンに手をやって、優しくまさぐる。
528200 ,,,,,100513,,みなと,みなと,02min054_060.wav,minato,0,,,,「あんっ……んんっ、んんんっ……」
528300 ,,,,,100513,,,,,,,,,,　このコンドームはローション塗布タイプなので、表面は最初からぬめっとしている。だからゴム越しでも、愛撫はやりやすかった。
528400 ,,,,,100513,,みなと,みなと,02min054_061.wav,minato,0,,,,「ん、んん……あっ、ああっ、ん……」
528600 ,,,,,100514,,,,,,,,,,　ローションの滑りを楽しみながら上下にこすると、みなとは悩ましげな声をこぼした。
528700 ,,,,,100514,,みなと,みなと,02min054_062.wav,minato,0,,,,「んっ、んふぅっ……んん、ああん……」
528800 ,,,,,100514,,,,,,,,,,　コンドーム装着の所要時間で少しだけ萎えていたみなとのチ○チンは、亀頭を少し撫でるだけですぐに復活する。
528900 ,,,,,100514,,弘明,弘明,,,,,,,「ほら、声を出しちゃだめだろ」
529000 ,,,,,100514,,みなと,みなと,02min054_063.wav,minato,0,,,,「う、うん……でも……ふぁ……っ」
529100 ,,,,,100514,,,,,,,,,,　声を出しちゃダメだと言いつつも、俺はだんだんとその刺激を強めていく。
529200 ,,,,,100514,,みなと,みなと,02min054_064.wav,minato,0,,,,「あぅ……あ、んんっ」
529300 ,,,,,100514,,,,,,,,,,　もたらされる快感と、声を出してはいけないという自制心の狭間で、みなとの腰は俺の手から逃れようと引け腰になってきた。
529400 ,,,,,100514,,弘明,弘明,,,,,,,「ほら、逃げちゃダメだよ。みなと」
529500 ,,,,,100514,,みなと,みなと,02min054_065.wav,minato,0,,,,「だ、だって、声が……ふぁ……ああんっ」
529600 ,,,,,100514,,,,,,,,,,　俺は抱きかかえるようにしてみなとの腰を引き寄せ、さらに力を強めて刺激を与える。
529700 ,,,,,100514,,みなと,みなと,02min054_066.wav,minato,0,,,,「んあっ、ふぁぁんっ……んんっ、ふぁっ……もう、ボク……」
529800 ,,,,,100514,,弘明,弘明,,,,,,,「みなと、たくさん出していいぞ。コンドームの中に、いっぱい精液出すんだ……」
529900 ,,,,,100514,,みなと,みなと,02min054_067.wav,minato,0,,,,「うっ、うん……。あっ、ふぁぁんっ！」
530000 ,,,,,100514,,弘明,弘明,,,,,,,「もうイキそうだな……？　ゴムの中に思いっきり出しちゃっていいぞ」
530100 ,,,,,100514,,,,,,,,,,　少し強めに、つまみ上げるようにして亀頭をこすると、みなとの身体が大きく震え始めた。
530200 ,,,,,100514,,みなと,みなと,02min054_068.wav,minato,0,,,,「んっ、ふぅぅっ……！　ふぁ、んぁ……んっ、んんっ……んんんんんっ……！！」
530500 ,,<!ef_shasei>,,,100515,,,,,,,,,,　みなとは声を押し殺して、ビクビクと震えながら俺にしがみつく。
530600 ,,,,,100515,,,,,,,,,,　コンドームの中には、トクトクと噴き出したみなとの精液がたまっていった。
530700 ,,,,,100515,,みなと,みなと,02min054_069.wav,minato,0,,,,「はぁっ、はぁっ……お兄ちゃん……」
530800 ,,,,,100515,,弘明,弘明,,,,,,,「ほら、みなと。コンドームの先っぽにいっぱい精子がたまったぞ」
530900 ,,,,,100515,,みなと,みなと,02min054_070.wav,minato,0,,,,「ふぁ……ほんとだ……」
531000 ,,,,,100515,,,,,,,,,,　みなとは、感心したようにコンドームを見つめる。
531100 ,,,,,100515,,みなと,みなと,02min054_071.wav,minato,0,,,,「なんか、ヘンな感じ……」
531200 ,$event_return,,,,100515,,,,,,,,,,
531300 ,,,,,100515,,弘明,弘明,,,,,,,「それじゃ、外すからな」
531400 ,,,,,100515,,みなと,みなと,02min054_072.wav,minato,0,,,,「うん……」
531600 ,,<m_fade fadeout=""2000"">,0,,100515,,,,,,,,,,
531700 ,,<s_fade time=""2500"">,,9000,,,,,,,,,,,
531800 ,,<s_fade time=""1500"" type=""panel"" param=""type=0"">,1,3021,,,,,,,,,,,
531900 ,,,,,,,,,,,,,,,　俺は服の会計を済まし、ブティックを出た。路上ではみなとが、服の入ったビニール袋を持って複雑な顔で俺を見ている。
532000 ,,,,,,,弘明,弘明,,,,,,,「しかし、出るとき試着室の真ん前に店員がいたのはびっくりしたな……。一瞬、バレたかと思ったよ」
532100 ,,,,,,,みなと,みなと,02min054_073.wav,minato,6,,,,「うん……すごい不思議そうな顔してた」
532200 ,,,,,,,,,,minato,6,,,,　さすがに、あの店にはしばらく近寄れないな。まあ、ブティックなんてまず行く機会がないからいいけど……。
532400 ,,<s_fade time=""1500"" type=""panel"" param=""type=3"">,,9000,,,,,,,,,,,
532500 ,,<s_fade time=""1500"" type=""panel"" param=""type=2"">,,3032,,,,,,,,,,,
532600 ,,,,,,,,,,,,,,,　俺たちは、商店街を出て家に向かう。夏だから陽は長いけど、もうこれくらいの時間になると暑さのピークもだいぶ過ぎていた。
532700 ,,,,,,,みなと,みなと,02min054_074.wav,minato,8,,,,「ん…………」
532800 ,,,,,,,弘明,弘明,,minato,8,,,,「みなと、楽しくなかったか……？」
532900 ,,,,,,,みなと,みなと,02min054_075.wav,minato,12,,,,「ううん、そんなことなかったよ……！　ボク、すっごくたのしかった……」
533000 ,,,,,,,弘明,弘明,,minato,12,,,,「そっか。みなとに喜んでもらえると、俺も嬉しいよ」
533100 ,,,,,,,みなと,みなと,02min054_076.wav,minato,5,,,,「楽しかったから……もう終わっちゃうんだなって……思ってたの」
533200 ,,,,,,,,,,minato,5,,,,　そう言って寂しげに視線を落とすみなとの頭に、俺はポンと手を乗せる。
533300 ,,,,,,,弘明,弘明,,minato,5,,,,「また、何度でも行けばいいんだからさ」
533400 ,,,,,,,みなと,みなと,02min054_077.wav,minato,3,,,,「お兄ちゃん……」
533500 ,,,,,,,弘明,弘明,,minato,3,,,,「ん……？」
533600 ,,,,,,,みなと,みなと,02min054_078.wav,minato,60,,,,「お兄ちゃん、ありがと……。だいすき……」
533700 ,,,,,,,,,,minato,60,,,,　珍しくみなとが自分から、俺の手を握ってくる。
533800 ,,,,,,,みなと,みなと,02min054_079.wav,minato,2,,,,「えっ……？」
533900 ,,,,,,,,,,minato,2,,,,　そのとき……みなとは俺の手に握られていた、ゴム状のモノに気付いた。
534000 ,,,,,,,みなと,みなと,02min054_080.wav,minato,8,,,,「えっ、なにそれ……？　お兄ちゃん……」
534100 ,,,,,,,弘明,弘明,,minato,8,,,,「んっ、覚えてないか？　さっき、チ○チンに付けたじゃないか」
534200 ,,,,,,,みなと,みなと,02min054_081.wav,minato,15,,,,「あっ、ああっ……！」
534300 ,,,,,,,,,,minato,15,,,,　さっき、みなとの精液を受け止めたコンドーム……俺がまだ持ってるとは思わなかったのか、みなとは口をぱくぱくさせて驚いている。
534400 ,,,,,,,みなと,みなと,02min054_082.wav,minato,2,,,,「うそっ、お兄ちゃん……！？」
534500 ,,,,,,,弘明,弘明,,minato,2,,,,「んー、こうやって集められてると、みなとの濃度がよくわかるかと思ったんだけどなあ……」
534600 ,,,,,,,,,,minato,2,,,,　コンドーム自体に薄く色がついているので、濃度とかはイマイチよくわからない。ただ、白く濁った精子があまり多くないことは、陽に透かしてみればわかる。
534700 ,,,,,,,弘明,弘明,,minato,2,,,,「うーむ、ゴムが透明だったらもっとよくわかったのになあ……」
534800 ,,,,,,,みなと,みなと,02min054_083.wav,minato,8,,,,「な、なにが……？」
534900 ,,,,,,,弘明,弘明,,minato,8,,,,「みなとの精液には、精子がどれだけ含まれてるのかなって」
535000 ,,,,,,,みなと,みなと,02min054_084.wav,minato,6,,,,「やぁぁんっ、そんなの調べないでよぉ……！」
535100 ,,,,,,,,,,minato,6,,,,　みなとは、顔を真っ赤にして抗議する。
535200 ,,,,,,,みなと,みなと,02min054_085.wav,minato,15,,,,「お兄ちゃんっ、はやくすててよぉ……」
535300 ,,,,,,,弘明,弘明,,minato,15,,,,「道ばたに捨てちゃダメだろ。ゴミはちゃんと持ち帰らなきゃ」
535400 ,,,,,,,みなと,みなと,02min054_086.wav,minato,3,,,,「あう……」
535500 ,,,,,,,,,,minato,3,,,,　俺はコンドームを口の近くに持っていくと、わざとらしく声を上げた。
535600 ,,,,,,,弘明,弘明,,minato,3,,,,「あー、のどが渇いた。これほどいて、みなとの精液飲もっかな……」
535700 ,,,,,,,みなと,みなと,02min054_087.wav,minato,6,,,,「やっ、やめて、やめてぇっ……！」
535800 ,,,,,,,,,,minato,6,,,,　みなとは涙目になって、俺のシャツをくいくいと引っ張る。
535900 ,,,,,,,,,,minato,6,,,,　俺はみなとの肩に手を置いて抱き寄せると、目の前に、コンドームを差し出した。
536000 ,,,,,,,みなと,みなと,02min054_088.wav,minato,2,,,,「あ……」
536200 ,,,,,,,弘明,弘明,,minato,2,,,,「みなとも、飲む？」
536300 ,,,,,,,みなと,みなと,02min054_089.wav,minato,15,,,,「やぁぁん……！」
536400 ,,,,,,,,,,,,,,,　そうして俺は、帰宅する道すがら……精液入りのコンドームをネタに、みなとをたっぷり愛してあげたのだった。
536500 ,,,,,,,みなと,みなと,02min054_090.wav,minato,82,,,,「あぅぅ……お兄ちゃんがいじめる……」
536600 ,,,,,,,弘明,弘明,,minato,82,,,,「よしよし▼」
536700 ,,,,9000,,,,,,,,,,,
536780 ,"$fset %jyosou,1",,,,,,,,,,,,,,
536790 ,"$fset %min_log1,1",,,,,,,,,,,,,,
536800 ,"$fset %ev10051,0",,,,,,,,,,,,,,
536900 ,"$fset %ev10181,1",,,,,,,,,,,,,,
537000 ,"$fset %ev10121,1",,,,,,,,,,,,,,
537200 ,$return,,,,,,,,,,,,,,
537300 ,,,,,,,,,,,,,,,
537400 ,,,,,,,,,,,,,,,
537600 ,*ev10061,,,,,,,,,,,,,,
538400 ,,,1,1011,,,,,,"minato,uniform",↓,,,,　ふと、みなとが立ち上がった。
538500 ,,,,,,,みなと,みなと,02min055_001.wav,"minato,uniform",5,,,,「んっ……」
538600 ,,,,,,,弘明,弘明,,minato,5,,,,「……どうした、みなと？」
538700 ,,,,,,,みなと,みなと,02min055_002.wav,minato,12,,,,「あ……ボク、ちょっとおしっこ行ってくるね」
538800 ,,,,,,,,,,minato,12,,,,　みなとは俺から視線を外し、もじもじしながら言う。
538900 ,,,,,,,弘明,弘明,,minato,12,,,,「なんだ、トイレか？　そんなの恥ずかしがることないだろ」
539000 ,,,,,,,みなと,みなと,02min055_003.wav,minato,6,,,,「ううん、はずかしいよぉ……」
539100 ,,,,,,,,,,,,,,,　そのとき、ふと俺は先日テレビで見たことを思い出して、トイレに向かおうとするみなとを呼び止めた。
539200 ,,,,,,,弘明,弘明,,,,,,,「ああ……そういやさ、みなと」
539300 ,,,,,,,みなと,みなと,02min055_004.wav,minato,8,,,,「んっ、なに……？」
539400 ,,,,,,,弘明,弘明,,minato,8,,,,「みなとってさ、おしっこの時……立ってやってるの？　座ってやってるの？」
539500 ,,,,,,,,,,minato,8,,,,　俺は立ってやるのが普通だと思っていたんだけど、最近は洋式便所で座ってやる派が増えてきているらしい。
539600 ,,,,,,,みなと,みなと,02min055_005.wav,minato,0,,,,「えっ、おしっこ……？　ボク、すわってやってるよ」
539700 ,,,,,,,弘明,弘明,,minato,0,,,,「なんで？」
539800 ,,,,,,,みなと,みなと,02min055_006.wav,minato,5,,,,「ボク、立っておしっこするの、あんまりうまくできないから……」
539900 ,,,,,,,,,,minato,5,,,,　それを気にしていたのか、みなとは声のトーンを落としてうつむいた。
540000 ,,,,,,,みなと,みなと,02min055_007.wav,minato,82,,,,「どうしても……まわりにとびちっちゃうの……」
540100 ,,,,,,,弘明,弘明,,minato,82,,,,「だったら、俺が教えてあげようか」
540200 ,,,,,,,みなと,みなと,02min055_008.wav,minato,0,,,,「えっ……？」
540300 ,,,,,,,弘明,弘明,,minato,0,,,,「まわりに飛び散るってのは、やり方がまずいかも知れないぞ？　俺が一度見てあげるよ」
540400 ,,,,,,,みなと,みなと,02min055_009.wav,minato,12,,,,「うん……」
540600 ,,<!ef_timepass><m_fade fadeout=""2000"" fadein=""1500"">,12,,100611,,,,,,,,,,
540700 ,*mem_ev06,,,,100611,,,,,,,,,,
540800 ,,,12,9000,100611,,,,,,,,,,　俺たちは二人でトイレに入ると、みなとの後ろに立ってファスナーを下ろさせる。
540900 ,,,,,100611,,,,,,,,,,　そしてあらわになったみなとの小さなチ○チンを、俺はキュッと握った。
541000 ,,,,,100611,,みなと,みなと,02min055_010.wav,minato,0,,,,「ひゃっ！？　お兄ちゃん……」
541100 ,,,,,100611,,弘明,弘明,,,,,,,「ほら、チ○チンはこう、しっかり持って」
541200 ,,,,,100611,,みなと,みなと,02min055_011.wav,minato,0,,,,「うん……」
541300 ,,,,,100611,,,,,,,,,,　みなとは真っ赤な顔で俺に振り返った後、また便器の方に向き直した。
541400 ,,,,,100611,,弘明,弘明,,,,,,,「それじゃおしっこ、このまま出してみて」
541500 ,,,,,100611,,みなと,みなと,02min055_012.wav,minato,0,,,,「んんっ……」
541600 ,,,,,100611,,,,,,,,,,　みなとはおしっこを出すべく、下半身に力を込めてみる。
541700 ,,,,,100611,,みなと,みなと,02min055_013.wav,minato,0,,,,「んっ、んんっ……」
541800 ,,,,,100611,,弘明,弘明,,,,,,,「出ないか？」
541900 ,,,,,100611,,みなと,みなと,02min055_014.wav,minato,0,,,,「やっぱり……はずかしいし……」
542000 ,,,,,100611,,弘明,弘明,,,,,,,「恥ずかしいって……俺の前じゃ、そんなの気にしなくていいんだよ」
542100 ,,,,,100611,,みなと,みなと,02min055_015.wav,minato,0,,,,「うん……」
542200 ,,,,,100611,,,,,,,,,,　みなとは納得したような、してないような声を俺に返す。
542300 ,,,,,100611,,みなと,みなと,02min055_016.wav,minato,0,,,,「んん……んっ……」
542400 ,,,,,100611,,弘明,弘明,,,,,,,「まだちょっと、緊張してるみたいだな」
542500 ,,,,,100611,,みなと,みなと,02min055_017.wav,minato,0,,,,「そ、そんなこと…………ひゃぁっ！？」
542600 ,,,,,100611,,,,,,,,,,　俺は、脈絡なくみなとのおしりを撫で上げてみた。
542700 ,,,,,100611,,みなと,みなと,02min055_018.wav,minato,0,,,,「も、もうっ……お兄ちゃん、びっくりするよぉ……」
542800 ,,,,,100611,,弘明,弘明,,,,,,,「いや……出そう出そうって、思い込みすぎてるみたいだったからさ」
542900 ,,,,,100611,,みなと,みなと,02min055_019.wav,minato,0,,,,「あ……」
543000 ,,,,,100611,,弘明,弘明,,,,,,,「普段のおしっこは、そんな風に思ってないだろ？」
543100 ,,,,,100611,,みなと,みなと,02min055_020.wav,minato,0,,,,「あ……そうだね……」
543200 ,,,,,100611,,,,,,,,,,　身体の緊張がほぐされたのか、みなとのチ○チンがふるふると震え始めた。
543300 ,,,,,100611,,みなと,みなと,02min055_021.wav,minato,0,,,,「んっ、ふぁぁ……おしっこ……出そう……」
543400 ,,,,,100611,,,,,,,,,,　みなとの身体がぴくっと動いた直後、小さなチ○チンから温かい液体がほとばしる。
543600 ,,,,,100612,,みなと,みなと,02min055_022.wav,minato,0,,,,「んっ、んぁぁぁっ……」
543700 ,,,,,100612,,,,,,,,,,　みなとの包茎チ○チンから、おしっこが勢いよく放出される。
543800 ,,,,,100612,,,,,,,,,,　俺は、注がれるおしっこの行き先を見ていた。おしっこは綺麗な放物線を描いて便器に着水し、ちゃぽちゃぽと小さな音を立てている。
543900 ,,,,,100612,,みなと,みなと,02min055_023.wav,minato,0,,,,「ふぁ……」
544000 ,,,,,100612,,,,,,,,,,　指先には、包皮の中を通るみなとのおしっこの奔流が伝わってくる。
544100 ,,,,,100612,,弘明,弘明,,,,,,,「みなと……おしっこが流れてるの、俺の指に伝わってくるぞ」
544200 ,,,,,100612,,みなと,みなと,02min055_024.wav,minato,0,,,,「やっ、やぁぁっ……」
544300 ,,,,,100612,,,,,,,,,,　俺が耳元でそう教えると、みなとは顔を振って恥ずかしがっていた。
544400 ,,,,,100612,,みなと,みなと,02min055_025.wav,minato,0,,,,「あ、あ……おしっこ、とまらない……たくさん出てる……」
544500 ,,,,,100612,,弘明,弘明,,,,,,,「今まで、我慢してたのか？」
544600 ,,,,,100612,,みなと,みなと,02min055_026.wav,minato,0,,,,「うん……ちょっと……」
544700 ,,,,,100612,,弘明,弘明,,,,,,,「おしっこ我慢するのは、身体に良くないぞ？　これからは、遠慮なく行くんだよ」
544800 ,,,,,100612,,みなと,みなと,02min055_027.wav,minato,0,,,,「うん……」
544900 ,,,,,100612,,弘明,弘明,,,,,,,「あとできれば、おしっこの前には俺に一声かけるようにな」
545000 ,,,,,100612,,みなと,みなと,02min055_028.wav,minato,0,,,,「えっ……？」
545100 ,,,,,100612,,弘明,弘明,,,,,,,「こうやって俺が、みなとのチ○チン持っておしっこさせてあげるからさ」
545200 ,,,,,100612,,みなと,みなと,02min055_029.wav,minato,0,,,,「あう……そんなの、いつもはやだよぉ……」
545300 ,,,,,100612,,弘明,弘明,,,,,,,「いつもじゃなかったらいいのか？　たまになら、いいってコトだな」
545400 ,,,,,100612,,,,,,,,,,　俺が冗談でそう言ってみると、みなとは真に受けたのか、
545500 ,,,,,100612,,みなと,みなと,02min055_030.wav,minato,0,,,,「うん……たまになら、お兄ちゃんにおち○ちん持ってもらって……おしっこしてもいいよ……」
545600 ,,,,,100612,,,,,,,,,,　と、照れくさそうに答えていた。
545700 ,,,,,100612,,みなと,みなと,02min055_031.wav,minato,0,,,,「んんっ……」
545800 ,,,,,100612,,,,,,,,,,　しばらくするとみなとの身体が小さく震え、おしっこが止まった。
546000 ,,,,,100611,,弘明,弘明,,,,,,,「なっ？　おしっこちゃんとできただろ？」
546100 ,,,,,100611,,みなと,みなと,02min055_032.wav,minato,0,,,,「うん……」
546200 ,,,,,100611,,,,,,,,,,　みなとは、少し嬉しそうな笑みを俺に向ける。
546300 ,,,,,100611,,弘明,弘明,,,,,,,「さて、おしっこが終わったら……チ○チン拭かないとな」
546400 ,,,,,100611,,みなと,みなと,02min055_033.wav,minato,0,,,,「ええっ……！？」
546500 ,,,,,100611,,,,,,,,,,　みなとは驚いた顔で俺を見て、それから恥ずかしそうに縮こまった。
546600 ,,,,,100611,,みなと,みなと,02min055_034.wav,minato,0,,,,「いっ、いいよ、おち○ちんふかなくても……！」
546700 ,,,,,100611,,弘明,弘明,,,,,,,「でも、チ○チンはキレイにしとかないとダメなんだぞ？」
546800 ,,,,,100611,,,,,,,,,,　俺はそう言いながらトイレットペーパーを少し巻き取ると、みなとのチ○チンの先端に当てる。
547000 ,,,,,100613,,みなと,みなと,02min055_035.wav,minato,0,,,,「んっ……」
547100 ,,,,,100613,,,,,,,,,,　亀頭に当てたトイレットペーパーには、みなとのおしっこがかすかににじみ込む。
547200 ,,,,,100613,,弘明,弘明,,,,,,,「おしっこ、しみてきたぞ」
547300 ,,,,,100613,,みなと,みなと,02min055_036.wav,minato,0,,,,「あうう……言わないでよぉ……」
547400 ,,,,,100613,,,,,,,,,,　俺は指を動かして、おしっこを更に紙へと染み込ませる。
547500 ,,,,,100613,,弘明,弘明,,,,,,,「んー、おしっこの色とか匂いは、どうなのかな」
547600 ,,,,,100613,,,,,,,,,,　俺がみなとのチ○チンを拭いたペーパーをじっくり見ようとすると、みなとは予想以上に暴れて抵抗した。
547700 ,,,,,100613,,みなと,みなと,02min055_037.wav,minato,0,,,,「見ちゃだめぇ、においかいじゃだめぇ……！　早くすてて、すててよぉっ……！」
547800 ,,,,,100613,,弘明,弘明,,,,,,,「わかった、わかったよ、みなと。冗談だってば」
547900 ,,,,,100613,,,,,,,,,,　俺はみなとの頭をぐりぐりと撫でながら、ペーパーを丸めて便器の中に放り込む。
548000 ,,,,,100613,,,,,,,,,,　そしてまた新しいペーパーを引き出すと、再びみなとのチ○チンを指でつまんだ。
548100 ,,,,,100613,,弘明,弘明,,,,,,,「みなと、チ○チンの中も拭いてあげようか」
548200 ,,,,,100613,,みなと,みなと,02min055_038.wav,minato,0,,,,「えっ、中……？」
548300 ,,,,,100613,,弘明,弘明,,,,,,,「チ○チンの皮を剥いて、しっかり拭いてあげるよ」
548400 ,,,,,100613,,みなと,みなと,02min055_039.wav,minato,0,,,,「そっ、そんな……そこまでしなくてもいいよぉ……」
548500 ,,,,,100613,,,,,,,,,,　身体をくねらせて恥ずかしがるみなとに、俺は少し声のトーンを落として言った。
548600 ,,,,,100613,,弘明,弘明,,,,,,,「な、みなと」
548700 ,,,,,100613,,みなと,みなと,02min055_040.wav,minato,0,,,,「んっ……あんっ……」
548800 ,,,,,100613,,,,,,,,,,　俺がみなとの耳元に息を吹きかけるように言うと、みなとは急におとなしくなって、体重を俺に預けてくる。
548900 ,,,,,100613,,みなと,みなと,02min055_041.wav,minato,0,,,,「ふぁ……あっ……あ……」
549100 ,,,,,100614,,,,,,,,,,　優しく包皮をつまむと、みなとのチ○チンはたちまち上を向き始め、ヒクヒクと快感を期待して身を震わせた。
549200 ,,,,,100614,,弘明,弘明,,,,,,,「なんだ……みなとのチ○チン、勃起してきちゃったぞ」
549300 ,,,,,100614,,みなと,みなと,02min055_042.wav,minato,0,,,,「あう……」
549400 ,,,,,100614,,,,,,,,,,　俺の言葉に、みなとは顔を真っ赤にしてうつむいてしまう。
549500 ,,,,,100614,,みなと,みなと,02min055_043.wav,minato,0,,,,「だ、だって……お兄ちゃんが、ボクのおち○ちんをいじるから……」
549600 ,,,,,100614,,弘明,弘明,,,,,,,「皮を剥くんだから、仕方ないだろ？」
549700 ,,,,,100614,,みなと,みなと,02min055_044.wav,minato,0,,,,「でもぉ……」
549800 ,,,,,100614,,弘明,弘明,,,,,,,「俺は、おしっこ拭いてあげようとしただけだよ？　みなとは、それだけでチ○チン勃起させちゃうんだ」
549900 ,,,,,100614,,みなと,みなと,02min055_045.wav,minato,0,,,,「あうう……」
550000 ,,,,,100614,,,,,,,,,,　みなとは少し涙を浮かべて、俺にちょっと恨めしそうな顔を向ける。
550100 ,,,,,100614,,弘明,弘明,,,,,,,「みなとは、エッチでかわいいな……」
550200 ,,,,,100614,,みなと,みなと,02min055_046.wav,minato,0,,,,「もう、お兄ちゃん…………あっ」
550300 ,,,,,100614,,,,,,,,,,　少しだけその包皮を剥いて、指の腹で亀頭の先を優しくなでてやると、みなとは少しのけぞって目をつむる。
550400 ,,,,,100614,,弘明,弘明,,,,,,,「チ○チンの先っぽ、気持ちいいか……？」
550500 ,,,,,100614,,みなと,みなと,02min055_047.wav,minato,0,,,,「ふぁっ、あっ、うん……きもちいい……」
550600 ,,,,,100614,,,,,,,,,,　みなとの甘い匂いに加えて、少しだけおしっこの香りが蒸気に混じる。
550700 ,,,,,100614,,弘明,弘明,,,,,,,「みなと、チ○チンからちょっとだけおしっこの匂いがするな……いい匂いだ」
550800 ,,,,,100614,,みなと,みなと,02min055_048.wav,minato,0,,,,「やっ、やぁぁっ！　ボクのおしっこのにおい、かいじゃいやぁ……」
550900 ,,,,,100614,,,,,,,,,,　俺は少しずつ包皮を剥きおろしながら、親指と中指でカリの部分をくりくりとつまんだ。
551000 ,,,,,100614,,みなと,みなと,02min055_049.wav,minato,0,,,,「あっ、んんんっ、あうっ！　んぁっ、あっ、あ……」
551100 ,,,,,100614,,弘明,弘明,,,,,,,「おしっこじゃないのも混ざってきたな、みなと」
551200 ,,,,,100614,,みなと,みなと,02min055_050.wav,minato,0,,,,「だ、だって……だって……んあっ……あっ、んんんっ」
551300 ,,,,,100614,,,,,,,,,,　みなとは恥ずかしそうに身をよじりながら、うわごとのように俺を呼んだ。
551400 ,,,,,100614,,みなと,みなと,02min055_051.wav,minato,0,,,,「お兄ちゃん……お兄ちゃん……んあっ……あぅっ！」
551500 ,,,,,100614,,,,,,,,,,　俺はみなとのチ○チンを包み込むように握って、前後にしごき上げていく。
551600 ,,,,,100614,,弘明,弘明,,,,,,,「とろとろのカウパー、出てきた……。みなとのチ○チン、気持ちよさそうだ」
551700 ,,,,,100614,,みなと,みなと,02min055_052.wav,minato,0,,,,「うん……んっ、んんんっ！　ふあっ、んっ、あう……」
551800 ,,,,,100614,,,,,,,,,,　俺のペニスも、それを見てすっかり硬くなっていた。勃起して盛り上がっているのが背中に当たるのか、みなとは喘ぎ声の合間にそれをつぶやく。
551900 ,,,,,100614,,みなと,みなと,02min055_053.wav,minato,0,,,,「んあっ、あっ……お兄ちゃんのおち○ちんも……かたくなって……ふぁっ……」
552000 ,,,,,100614,,弘明,弘明,,,,,,,「それは、みなとが可愛いからだよ」
552100 ,,,,,100614,,みなと,みなと,02min055_054.wav,minato,0,,,,「ああっ……あっ……んんんっ……んぅっ」
552200 ,,,,,100614,,,,,,,,,,　「かわいい」という言葉に反応したのか、みなとの全身が感度を増したようにビクビクと震え出す。
552300 ,,,,,100614,,みなと,みなと,02min055_055.wav,minato,0,,,,「んっ、あんんっ、ボク……イッちゃう……。精子、出しちゃう……」
552400 ,,,,,100614,,弘明,弘明,,,,,,,「いいぞ、みなと。そのままトイレの中に、全部出しちゃっても……」
552500 ,,,,,100614,,みなと,みなと,02min055_056.wav,minato,0,,,,「あっ、ああっ、んんんっ、あうっ……！　ああっ、あん……」
552600 ,,,,,100614,,,,,,,,,,　俺はさらに激しく手を滑らせ、腰を突き出してみなとのチ○チンを刺激した。
552700 ,,,,,100614,,みなと,みなと,02min055_057.wav,minato,0,,,,「ふぁ……んっ、あうっ、ああっ！　あっ、あっ、お兄ちゃん……ああんっ、んあああぁぁぁぁっ……！！」
553000 ,,<!ef_shasei>,,,100615,,,,,,,,,,　みなとは、精液をぴゅるぴゅると便器の中に降り注がせる。その射精はさっきのおしっこと比べてだいぶおとなしく、子供らしい。
553200 ,,,,,100615,,みなと,みなと,02min055_058.wav,minato,0,,,,「ふぁぁぁ……精子、おトイレに出しちゃった……」
553300 ,,,,,100615,,,,,,,,,,　みなとは俺の腕の中で、くたっと脱力する。熱く火照った身体の甘い匂いが、薄い精液の匂いやおしっこの香りと混ざっていた。
553400 ,,,,,100615,,,,,,,,,,　俺はまたペーパーをカラカラと巻き取り、精液にまみれたみなとのチ○チンを優しく拭いてあげたのだった。
553500 ,$event_return,,,,,,,,,,,,,,
553600 ,,<m_fade fadeout=""2000"">,0,,100615,,,,,,,,,,
553700 ,,<s_fade time=""2500"">,,9000,,,,,,,,,,,
553900 ,"$fset %ev10061,0",,,,,,,,,,,,,,
554000 ,"$fset %ev10091,1",,,,,,,,,,,,,,
554200 ,$return,,,,,,,,,,,,,,
554300 ,,,,,,,,,,,,,,,
554400 ,,,,,,,,,,,,,,,
554600 ,*ev10071,,,,,,,,,,,,,,
555200 ,,,1,1011,,,弘明,弘明,,"minato,uniform",↓,,,,「なあ、みなと」
555300 ,,,,,,,,,,"minato,uniform",↓,,,,　俺はみなとの背後から抱きついて、その小さな身体を包むように覆いかぶさる。
555400 ,,,,,,,みなと,みなと,02min005_001.wav,"minato,uniform",6,,,,「あん……なぁに、お兄ちゃん」
555500 ,,,,,,,,,,minato,6,,,,　そのままみなとの身体を更に抱きしめてから、耳元でそっとささやいた。
555600 ,,,,,,,弘明,弘明,,minato,6,,,,「この前は、みなとが俺のチ○チン舐めてくれたから……今度は俺が舐めてあげようか」
555700 ,,,,,,,みなと,みなと,02min005_002.wav,minato,2,,,,「えっ、お兄ちゃんが……？　ええええっ……！？」
555800 ,,,,,,,弘明,弘明,,minato,2,,,,「イヤか……？　前はみなとに気持ちよくしてもらったから、次は俺が気持ちよくしてあげたいなと思ってさ」
555900 ,,,,,,,みなと,みなと,02min005_003.wav,minato,8,,,,「あ、う……でも、それは……」
556000 ,,,,,,,弘明,弘明,,minato,8,,,,「なっ、みなと」
556100 ,,,,,,,,,,minato,8,,,,　俺が優しく言い聞かせるような、柔らかい声を出すと……みなとはしばらく迷ってから、静かにうなずいた。
556200 ,,,,,,,みなと,みなと,02min005_004.wav,minato,5,,,,「う、うん……いいよ……」
556300 ,,<m_fade fadeout=""2000"" fadein=""1500"">,11,1051,,,,,,,,,,,
556400 ,,,,,,,弘明,弘明,,,,,,,「それじゃみなと、そこの椅子に座って」
556500 ,, ,,,,,,,,,,,,,　みなとはややためらいを残しながらも、俺の指示には素直に従った。
556600 ,,,,,,,みなと,みなと,02min005_005.wav,minato,6,,,,「あう……お兄ちゃんに、おち○ちんペロペロしてもらうなんて……すごくどきどきするよ……」
556700 ,,,,,,,弘明,弘明,,minato,6,,,,「ああ、俺もドキドキしてる。……ズボン、脱がすからな」
556800 ,,,,,,,みなと,みなと,02min005_006.wav,minato,6,,,,「うん……」
556900 ,,,,,,,,,,minato,6,,,,　俺は制服をまくり、ベルトを外すと……みなとのズボンに、そっと指をかけた。
557100 ,*mem_ev07,,,,,,,,,,,,,,
557200 ,,,11,1051,100711,,,,,,,,,,
557300 ,,,,,100711,,みなと,みなと,02min005_007.wav,minato,0,,,,「んっ、お兄ちゃん……」
557400 ,,,,,100711,,,,,,,,,,　俺はすぐさま、引かれるようにみなとの股間へと顔を近づけていった。そこは女の子っぽく甘い性臭が感じられるだけで、不快な匂いなどは一切しない。
557500 ,,,,,100711,,みなと,みなと,02min005_008.wav,minato,0,,,,「ふぁっ……お兄ちゃんの、息がかかる…………あぅんっ！」
557600 ,,,,,100711,,,,,,,,,,　俺の舌先が露出した亀頭に触れると、みなとは小さく声をあげた。いつも愛撫される時に出す声とはまた違う、柔らかい声だった。
557700 ,,,,,100711,,みなと,みなと,02min005_009.wav,minato,0,,,,「すご、い……おち○ちん、びりびりするよぉ……。あっ、んんっ！」
557800 ,,,,,100711,,弘明,弘明,,,,,,,「んっ……みなと……んちゅっ……」
557900 ,,,,,100711,,みなと,みなと,02min005_010.wav,minato,0,,,,「あっ、ああっ……！　んっ、んくっ……あ……」
558000 ,,,,,100711,,,,,,,,,,　俺はみなとの幼いペニスを求め、更に舌を這わせた。舌先を左右に素早く動かして、亀頭の割れ目を少しずつほぐしていく。
558100 ,,,,,100711,,みなと,みなと,02min005_011.wav,minato,0,,,,「あっ、ふぁぁっ……んんっ！　先っぽ、すごい……ああんっ、あっ、あううっ！」
558200 ,,,,,100711,,,,,,,,,,　そして、包皮も徐々に柔らかくなってくると……俺は鈴口と包皮のわずかな空間に、そっと舌を突き入れた。
558300 ,,,,,100711,,みなと,みなと,02min005_012.wav,minato,0,,,,「あっ、ああっ……お兄ちゃんの舌が……おち○ちんの中に、入ってくるよぉ……！」
558400 ,,,,,100711,,,,,,,,,,　割り入った舌先に、ごくかすかな、みなとの味を感じ取る。しかしそれを不快だとは全く思わず、むしろもっと味わいたくて、舌を更に奥へと滑り込ませた。
558500 ,,,,,100711,,みなと,みなと,02min005_013.wav,minato,0,,,,「んあっ、ふぁぁん……んああっ！　お兄ちゃんの舌が……おち○ちんの奥まで、入っちゃうっ……！」
558600 ,,,,,100711,,,,,,,,,,　舌が包皮の最奥に達すると、みなとのカリに沿ってそのまま上へと動かす。
558700 ,,,,,100711,,みなと,みなと,02min005_014.wav,minato,0,,,,「あっ、んぁうっ！　お……お兄ちゃんの舌、おち○ちんの中をまわってる……ああっ、あぅんっ……」
558800 ,,,,,100711,,弘明,弘明,,,,,,,「んっ、んんっ……ちゅるっ……」
558900 ,,,,,100711,,みなと,みなと,02min005_015.wav,minato,0,,,,「ふぁっ、んんっ、あうっ！　ふあ……すごい……おち○ちん、じんじんする……んあっ！」
559000 ,,,,,100711,,,,,,,,,,　俺は途中で一度舌を抜くと、みなとの顔を見上げて言った。
559100 ,,,,,100711,,弘明,弘明,,,,,,,「みなと……チ○チンの皮、剥くぞ……？」
559200 ,,,,,100711,,みなと,みなと,02min005_016.wav,minato,0,,,,「う、うん……いいよ……」
559300 ,,,,,100711,,弘明,弘明,,,,,,,「動くなよ？　今日は、このまま舌で剥いてあげるからな」
559400 ,,,,,100711,,みなと,みなと,02min005_017.wav,minato,0,,,,「えっ、お兄ちゃんの舌で……おち○ちんむいてくれるの？」
559500 ,,,,,100711,,弘明,弘明,,,,,,,「そうだよ。痛くないようにな」
559600 ,,,,,100711,,,,,,,,,,　俺はたっぷりと唾液を絡めた舌を突き出しながら、みなとのペニスに顔を寄せていく。
559700 ,,,,,100711,,みなと,みなと,02min005_018.wav,minato,0,,,,「あっ、お兄ちゃん…………んあっ、ふぁぁんっ！」
559800 ,,,,,100711,,,,,,,,,,　すぼめた舌が、再び包皮の中に滑り込む。俺はそのまま、カリ首に沿って舌先をぐるっと一回転させた。
559900 ,,,,,100711,,みなと,みなと,02min005_019.wav,minato,0,,,,「んっ、んぁ……おち○ちんの中、まわって……んああぁぁぁんっ！！」
560100 ,,,,,100712,,,,,,,,,,　するとみなとの包皮は、ぺろんと剥けて……初々しいピンク色の亀頭が、あらわになった。
560200 ,,,,,100712,,みなと,みなと,02min005_020.wav,minato,0,,,,「ふぁ、んぁ……おち○ちん……むけちゃった……」
560300 ,,,,,100712,,,,,,,,,,　みなとは、包皮を剥いた時の快感に酔いしれているのか……少しよだれを垂らしながら、うわごとのようにつぶやいた。
560400 ,,,,,100712,,弘明,弘明,,,,,,,「みなと……皮の中は、ピンクの可愛いチ○チンだな」
560500 ,,,,,100712,,,,,,,,,,　俺は包皮を剥いた亀頭に顔を寄せると、その粘膜に軽くキスをする。
560600 ,,,,,100712,,みなと,みなと,02min005_021.wav,minato,0,,,,「あんっ、お兄ちゃん……あんまりにおいとか、かがないでね……？」
560700 ,,,,,100712,,弘明,弘明,,,,,,,「嗅いでも、いい匂いしかしないぞ？」
560800 ,,,,,100712,,みなと,みなと,02min005_022.wav,minato,0,,,,「やだぁぁっ……！　かがないでって、言ってるのに……」
560900 ,,,,,100712,,,,,,,,,,　包皮に覆われていたそこは、ほどよく蒸れていて……みなとのエッチな匂いを、いっそう際だたせていた。
561000 ,,,,,100712,,弘明,弘明,,,,,,,「それじゃみなと……チ○チン、舐めるからな」
561100 ,,,,,100712,,みなと,みなと,02min005_023.wav,minato,0,,,,「うん……おち○ちんむいたのはあんまり慣れてないから、やさしくしてね……」
561200 ,,,,,100712,,弘明,弘明,,,,,,,「もちろんだよ。優しく舐めてあげる……んちゅっ、ちゅるっ」
561300 ,,,,,100712,,みなと,みなと,02min005_024.wav,minato,0,,,,「んっ……あああんっ！　んああっ、あっ……ああ……やっぱり、おち○ちんむくとすごいよぉ……」
561400 ,,,,,100712,,,,,,,,,,　刺激に慣れていないピンクの粘膜に、俺はそっと舌を這わせる。
561500 ,,,,,100712,,,,,,,,,,　唾液をたっぷりまぶしながら、最初は優しく舐めるだけを繰り返して……そして次第に、唇を交えた激しい愛撫へと移行していった。
561600 ,,,,,100712,,みなと,みなと,02min005_025.wav,minato,0,,,,「ふぁっ、んぁぁんっ！　あうっ、んくぅんっ……おち○ちんの先っぽ、すっごくきもちいい……ああんっ！」
561700 ,,,,,100712,,,,,,,,,,　裏スジから、尿道口……そして亀頭の先端へと舐め上げていくと、みなとの身体がぶるっと震えた。
561800 ,,,,,100712,,みなと,みなと,02min005_026.wav,minato,0,,,,「ひゃあぁぁぁんっ！　あ……あ……」
561900 ,,,,,100712,,,,,,,,,,　激しい快感に、みなとは涙目になる。同様にペニスからも、じわじわとカウパーがあふれてきていた。
562000 ,,,,,100712,,みなと,みなと,02min005_027.wav,minato,0,,,,「ふぁ……おち○ちん、なめてもらうと……こんなにきもちいいんだ……」
562100 ,,,,,100712,,弘明,弘明,,,,,,,「もっともっと、気持ちよくしてあげるからな」
562200 ,,,,,100712,,みなと,みなと,02min005_028.wav,minato,0,,,,「うん……。ボク、お兄ちゃんにおち○ちんなめてもらって、すごくうれしいよ……。んっ、ふぁっ、んああ……おにいちゃぁん……」
562300 ,,,,,100712,,弘明,弘明,,,,,,,「んっ、んちゅっ……みなと、カウパーもだいぶあふれて来たな……ちゅるっ、じゅるっ……」
562400 ,,,,,100712,,みなと,みなと,02min005_029.wav,minato,0,,,,「ふあっ、んんっ！　お兄ちゃんが……ボクのおち○ちんのおしる、のんでる……」
562500 ,,,,,100712,,弘明,弘明,,,,,,,「トロトロして、おいしいぞ……。じゅっ、ちゅるっ……んくっ……」
562600 ,,,,,100712,,みなと,みなと,02min005_030.wav,minato,0,,,,「あっ、あっ、ああっ！　んんっ、あうっ……ああ……おしる、止まんない……」
562700 ,,,,,100712,,弘明,弘明,,,,,,,「んっ、んじゅるっ……ぷはっ……」
562800 ,,,,,100712,,,,,,,,,,　俺はいったんペニスから唇を離すと、口中のカウパーを全て飲み込む。そして、ぷくっとした可愛いみなとの袋に舌を伸ばした。
562900 ,,,,,100712,,みなと,みなと,02min005_031.wav,minato,0,,,,「あっ、んああっ！？　そっ、そこは……タマタマも、なめるのぉ……？」
563100 ,,,,,100712,,みなと,みなと,02min005_032.wav,minato,0,,,,「んんっ、んぁんっ！　ふぁぁ……タマタマなめてもらうの、ほんとにきもちいい……」
563200 ,,,,,100712,,,,,,,,,,　俺はみなとの袋全体を大きく開けた唇で包み、口内で優しく舐め回す。
563300 ,,,,,100712,,,,,,,,,,　みなとの股間にある男の子の袋はとても柔らかく、まるでぷくっと膨らんだマシュマロを舐め溶かしているかのような感覚だった。
563400 ,,,,,100712,,みなと,みなと,02min005_033.wav,minato,0,,,,「あっ、ああっ……タマタマ、なめてもらうと……おち○ちん、せつなくなるよぉ……んっ、ああっ、んぁぅっ！」
563500 ,,,,,100712,,弘明,弘明,,,,,,,「チ○チン、舐めて欲しいか？」
563600 ,,,,,100712,,みなと,みなと,02min005_034.wav,minato,0,,,,「う、うん……おち○ちん、むずむずしてくるのぉ……。なめて、お兄ちゃん……」
563700 ,,,,,100712,,弘明,弘明,,,,,,,「ふふ……それはもう少し、他をいじってからな」
563800 ,,,,,100712,,,,,,,,,,　俺はみなとの袋をつまんで持ち上げると、その付け根に舌を這わせる。
563900 ,,,,,100712,,みなと,みなと,02min005_035.wav,minato,0,,,,「ああっ？　やぁっ、そっちじゃないよぉ……。そこ、くすぐったい……あっ、んんんっ！」
564000 ,,,,,100712,,,,,,,,,,　袋の付け根は少し湿っていて、甘い匂いもわずかに強かった。それがまた俺の劣情を刺激し、激しい愛撫へと駆り立てていく。
564100 ,,,,,100712,,みなと,みなと,02min005_036.wav,minato,0,,,,「あっ、んぁっ、ああっ、お兄ちゃん……そんなとこ、なめちゃダメだってば……！」
564200 ,,,,,100712,,弘明,弘明,,,,,,,「みなとの袋の裏、ぷるぷるしてて可愛いな。……んちゅっ」
564300 ,,,,,100712,,みなと,みなと,02min005_037.wav,minato,0,,,,「やぁぁんっ！　ボクのタマタマのうら、そんなに見ないで……あんんっ、あんっ！」
564400 ,,,,,100712,,,,,,,,,,　今度はおしりの谷間に舌を突き入れると、そのまま袋の付け根まで何度も舐め上げた。
564500 ,,,,,100712,,みなと,みなと,02min005_038.wav,minato,0,,,,「あっ、ああっ、んんっ……あんっ、んんんっ、やぁだぁ……お兄ちゃん……」
564600 ,,,,,100712,,,,,,,,,,　特に袋の付け根部分からアヌスへとつながる、ちょっと盛り上がった所が特に感じるようで……俺はそこを、重点的に愛撫し続ける。
564700 ,,,,,100712,,みなと,みなと,02min005_039.wav,minato,0,,,,「んああっ、んぅぅんっ！　あ、あ……お兄ちゃん、そこはきもちよすぎるよぉ……あっ、ああんっ……！」
564800 ,,,,,100712,,弘明,弘明,,,,,,,「ここ……みなとの新しい弱点を発見だな」
564900 ,,,,,100712,,,,,,,,,,　俺はその弱点を指先でふにふにとつまみながら、みなとの顔を見上げた。
565000 ,,,,,100712,,みなと,みなと,02min005_040.wav,minato,0,,,,「んっ、あう……お兄ちゃん……いじわるしないでよぉ……」
565100 ,,,,,100712,,,,,,,,,,　真っ赤にする顔の手前で、みなとのペニスはひくひくと快感を表現しながら脈打っている。
565200 ,,,,,100712,,弘明,弘明,,,,,,,「ごめんごめん……。それじゃ、チ○チン舐めてイカせてあげるからな。みなと」
565300 ,,,,,100712,,みなと,みなと,02min005_041.wav,minato,0,,,,「うん……お兄ちゃん……」
565400 ,,,,,100712,,,,,,,,,,　俺は再びピンクの亀頭に舌を伸ばすと、標高の低いカリに沿って舌先を動かしていく。
565500 ,,,,,100712,,みなと,みなと,02min005_042.wav,minato,0,,,,「くぅぅんっ、ああんっ……ふぁっ、あっ、あうっ、んああんっ！」
565600 ,,,,,100712,,,,,,,,,,　みなとは、上半身をふるふると震わせる。絶え間なくもたらされる快感から、射精に至ってしまうのを必死に耐えているようだった。
565700 ,,,,,100712,,みなと,みなと,02min005_043.wav,minato,0,,,,「あっ、やぁっ、んんんっ、あう……やっぱり、もうダメぇ……イッちゃうよぉ……。あっ、ああっ、んぁっ！　あ……あ……」
565800 ,,,,,100712,,弘明,弘明,,,,,,,「このままイッていいんだぞ、みなと」
565900 ,,,,,100712,,みなと,みなと,02min005_044.wav,minato,0,,,,「そ、そんな、お兄ちゃんに、精子かかっちゃうよぉ……！」
566000 ,,,,,100712,,弘明,弘明,,,,,,,「気にしなくていいぞ。俺が全部飲んであげるよ、みなとの精液」
566100 ,,,,,100712,,みなと,みなと,02min005_045.wav,minato,0,,,,「やぁぁんっ、そんなのダメだよぉっ……！」
566200 ,,,,,100712,,弘明,弘明,,,,,,,「みなとだって、俺の精液舐めたりするだろ？　俺も、みなとのを舐めてあげたいんだ」
566300 ,,,,,100712,,みなと,みなと,02min005_046.wav,minato,0,,,,「でも……んっ、あんんっ！」
566400 ,,,,,100712,,弘明,弘明,,,,,,,「ほらほら、もう限界じゃないのか？　んちゅっ、ちゅるっ……」
566500 ,,,,,100712,,,,,,,,,,　俺はみなとのペニスを口の中に頬張ると、その中で舌をモゴモゴと動かした。
566600 ,,,,,100712,,みなと,みなと,02min005_047.wav,minato,0,,,,「あっ、んぁぁぁっ！　ああっ、んんっ、あうっ……やぁぁ……ほんとに出ちゃうよぉ……」
566700 ,,,,,100712,,弘明,弘明,,,,,,,「んっ、みなと、出ひていいろ……。ちゅっ、んちゅっ、んんっ……」
566800 ,,,,,100712,,みなと,みなと,02min005_048.wav,minato,0,,,,「ふぁっ、あぅんっ、出ちゃう……！」
566900 ,,,,,100712,,,,,,,,,,　口の中でみなとの亀頭が熱くなったかと思うと、直後にグッと膨らんだ。
567000 ,,,,,100712,,みなと,みなと,02min005_049.wav,minato,0,,,,「あああっ、んんっ！　あっ、ああっ、ボク、イッちゃうよぉ……！　んんっ、んぁんっ、んああああぁぁぁぁっ……！！」
567300 ,,<!ef_shasei>,,,100713,,,,,,,,,,　みなとの射精を、俺は口の中で受け止める。相手がみなとだと思うと、嫌悪感は全く浮かんでこなかった。
567400 ,,,,,100713,,みなと,みなと,02min005_050.wav,minato,0,,,,「んぁ……ふわ……」
567500 ,,,,,100713,,,,,,,,,,　みなとは小刻みに身体を震わせて、射精後の快感に浸っているようだった。口中のペニスが、ゆっくりと小さくなっていく。
567600 ,,,,,100713,,みなと,みなと,02min005_051.wav,minato,0,,,,「ふぁぁ……おにぃちゃぁん……」
567700 ,,,,,100713,,弘明,弘明,,,,,,,「んっ、みなと……」
567800 ,,,,,100713,,,,,,,,,,　俺は、みなとの精液の感触を、舌で確かめる。それは薄くてちょっとだけとろみがあるだけの、愛液に近い感じだった。
567900 ,,,,,100713,,弘明,弘明,,,,,,,「うん……みなとの精液って、やっぱり薄いんだな……」
568000 ,,,,,100713,,みなと,みなと,02min005_052.wav,minato,0,,,,「あっ、ダメ、ダメだよぉっ……。ボクの精子、はやくぺって出して……」
568100 ,,,,,100713,,弘明,弘明,,,,,,,「……ん、なんで？」
568200 ,,,,,100713,,みなと,みなと,02min005_053.wav,minato,0,,,,「だって……きたないよぉ……」
568300 ,,,,,100713,,弘明,弘明,,,,,,,「汚くないって、みなとのは。飛び散った精液、舐めてキレイにしてあげようか」
568400 ,,,,,100713,,みなと,みなと,02min005_054.wav,minato,0,,,,「あんっ……いいよぉ、ボクじぶんでふくから……！」
568500 ,,,,,100713,,,,,,,,,,　俺を引きはがそうとするみなとの手を抑え、射精後のペニスや、そのまわりに飛び散った精液をそっと舐め取ってみる。
568600 ,,,,,100713,,弘明,弘明,,,,,,,「うん……なんだろ。みなとの精液、変わった味がするな」
568700 ,,,,,100713,,みなと,みなと,02min005_055.wav,minato,0,,,,「えええっ、うそっ！？」
568800 ,,,,,100713,,弘明,弘明,,,,,,,「あんまり精液って感じがしないな。色もだいぶ透明だし、まるで女の子の愛液みたいだ」
568900 ,,,,,100713,,みなと,みなと,02min005_056.wav,minato,0,,,,「あう……だってボク、精子出るようになったの……ついこの前だよぉ……」
569000 ,,,,,100713,,弘明,弘明,,,,,,,「するとまだまだ、ここは本格的に稼働してないってことかな」
569100 ,,,,,100713,,みなと,みなと,02min005_057.wav,minato,0,,,,「あんっ！？　やぁんっ、タマタマもんじゃダメぇ……」
569200 ,,,,,100713,,,,,,,,,,　俺はみなとの袋を指で優しく揉みしだき、その中にある小さなタマを探してふにふにとまさぐった。
569300 ,,,,,100713,,みなと,みなと,02min005_058.wav,minato,0,,,,「あっ、んっ、ああっ！　タマタマ……んんんっ、あんっ……あっ、んぁ……」
569400 ,,,,,100713,,弘明,弘明,,,,,,,「たくさん精子が出るように、ここをよく揉んでおこうか」
569500 ,,,,,100713,,みなと,みなと,02min005_059.wav,minato,0,,,,「んぁぁんっ、そんなことしたら……またおち○ちんが、おっきくなっちゃうぅっ……！」
569600 ,,,,,100713,,弘明,弘明,,,,,,,「そうなったら、また俺がチ○チン舐めてあげるよ」
569700 ,,,,,100713,,みなと,みなと,02min005_060.wav,minato,0,,,,「やっ、やぁんっ、お兄ちゃんのえっちぃ……！」
569800 ,,,,,100713,,,,,,,,,,　俺は笑顔でみなとの哀願をいなしつつ、ぷにぷにと柔らかい袋の感触を味わい続けたのだった。
569900 ,$event_return,,,,,,,,,,,,,,
570000 ,,<m_fade fadeout=""2000"">,0,,100713,,,,,,,,,,
570100 ,,<s_fade time=""2500"">,,9000,,,,,,,,,,,
570300 ,"$fset %ev10071,0",,,,,,,,,,,,,,
570400 ,"$fset %ev10111,1",,,,,,,,,,,,,,
570600 ,$return,,,,,,,,,,,,,,
570700 ,,,,,,,,,,,,,,,
570800 ,,,,,,,,,,,,,,,
571000 ,*ev10081,,,,,,,,,,,,,,
571600 ,,,1,1011,,,弘明,弘明,,"minato,uniform",↓,,,,「……なあ、みなと」
571700 ,,,,,,,みなと,みなと,02min056_001.wav,"minato,uniform",85,,,,「なぁに？　お兄ちゃん」
571800 ,,,,,,,弘明,弘明,,minato,85,,,,「暑くないか？」
571900 ,,,,,,,みなと,みなと,02min056_002.wav,minato,0,,,,「……えっ？」
572000 ,,,,,,,,,,minato,0,,,,　脈絡のない質問に、みなとがきょとんとして俺を見つめる。
572100 ,,,,,,,弘明,弘明,,minato,0,,,,「いや、暑いだろ？」
572200 ,,,,,,,みなと,みなと,02min056_003.wav,minato,12,,,,「う、うん……。あついと思うけど、ボクはそんなに……」
572300 ,,,,,,,弘明,弘明,,minato,12,,,,「そーかそーか、暑いか！　みなと、ここにちょうどいい着替えがあるぞ？」
572400 ,,,,,,,,,,minato,12,,,,　俺はみなとの言葉をさえぎって、紺色の化学繊維を手渡した。
572500 ,,,,,,,弘明,弘明,,minato,12,,,,「ほら、これだ。これに着替えたら、きっと涼しくなること間違いなし」
572600 ,,,,,,,みなと,みなと,02min056_004.wav,minato,0,,,,「すずしくなるの……？」
572700 ,,,,,,,,,,minato,0,,,,　みなとは、俺から受け取った着替え……スクール水着を広げて、再びきょとんとした顔になる。
572800 ,,,,,,,みなと,みなと,02min056_005.wav,minato,8,,,,「えっと、これ……水着？　おんなのこの……」
572900 ,,,,,,,弘明,弘明,,minato,8,,,,「そうだ。しかも、水抜き穴のある旧式タイプ！　みなとは見たことないだろうが、俺の世代はこれが主流だったんだぞ」
573000 ,,,,,,,みなと,みなと,02min056_006.wav,minato,2,,,,「へぇぇ～」
573100 ,,,,,,,弘明,弘明,,minato,2,,,,「……みなと、感心してないで、着るの」
573200 ,,,,,,,みなと,みなと,02min056_007.wav,minato,15,,,,「えっ、ボクが？　だってボク、おとこのこだよ……？」
573300 ,,,,,,,弘明,弘明,,minato,15,,,,「男の子でも、みなとにはこれが絶対よく似合うからさ」
573400 ,,,,,,,みなと,みなと,02min056_008.wav,minato,6,,,,「そ、そうかな……」
573500 ,,,,,,,,,,minato,6,,,,　俺の言葉を受けて、みなとはまんざらでもなさそうに恥じらう。
573600 ,,,,,,,,,,minato,6,,,,　よし、ここはちょっと強引にでも進めちゃった方がいいな……。
573700 ,,,,,,,弘明,弘明,,minato,6,,,,「……それじゃみなと、まずは裸になって」
573800 ,,,,,,,みなと,みなと,02min056_009.wav,minato,2,,,,「ええっ、はだか……？」
573900 ,,,,,,,弘明,弘明,,minato,2,,,,「そうだよ。みなとだって、教室で水着に着替える時は裸になるだろ……？」
574000 ,,,,,,,みなと,みなと,02min056_010.wav,minato,6,,,,「それはそうだけど……タオルでおち○ちんかくしたり、家から着て行ったりするよぉ……」
574100 ,,,,,,,弘明,弘明,,minato,6,,,,「ここには俺しかいないから、チ○チン見られても平気だよ」
574200 ,,,,,,,みなと,みなと,02min056_011.wav,minato,5,,,,「うん……そうだけど……」
574300 ,,,,,,,弘明,弘明,,minato,5,,,,「じゃあ着替えるのは、こっちの部屋で……な？」
574400 ,,,,,,,,,,minato,5,,,,　俺はみなとの手を引き、寝室へと移動した。
574600 ,,<m_fade fadeout=""2500"" fadein=""1500"">,12,1021,,,,,,,,,,,
574700 ,,,,,,,,,,,,,,,　リビングと違って静かな寝室に入るとみなとも落ち着いたのか、制服に手をかける。
574800 ,,,,,,,弘明,弘明,,,,,,,「じーっ」
574900 ,,,,,,,みなと,みなと,02min056_012.wav,minato,8,,,,「ぬ、ぬいでるとこ……お兄ちゃん、ぜんぶ見るの……？」
575000 ,,,,,,,弘明,弘明,,minato,8,,,,「もちろん▼」
575100 ,,,,,,,,,,minato,8,,,,　みなとは脱いだ衣服をひとつひとつ丁寧にたたみながら、いそいそと着替えを始めた。
575290 ,,<!ef_timepass>,,,,,,,,,,,,,
575300 ,,,,,,,みなと,みなと,02min056_013.wav,"minato,naked",6,,,,「お、お兄ちゃん……ぬいだよ……」
575400 ,,,,,,,弘明,弘明,,minato,6,,,,「………………」
575500 ,,,,,,,みなと,みなと,02min056_014.wav,minato,8,,,,「……なっ、なに？」
575600 ,,,,,,,弘明,弘明,,minato,8,,,,「こここっ、このまま、押し倒しちゃってイイ？」
575700 ,,,,,,,みなと,みなと,02min056_015.wav,minato,15,,,,「やぁぁっ、お兄ちゃん、目がこわいよぉっ……」
575800 ,,,,,,,弘明,弘明,,minato,15,,,,「本当に押し倒しちゃうからな」
575900 ,,,,,,,みなと,みなと,02min056_016.wav,minato,6,,,,「あぅぅ……」
576000 ,,,,,,,,,,minato,6,,,,　みなとは抵抗することもなく、むしろ押し倒されるのを待つかのように、もじもじとうつむいていた。
576100 ,,,,,,,弘明,弘明,,minato,6,,,,「みなと……俺が押し倒すって言っても、嫌がりはしないんだな」
576200 ,,,,,,,みなと,みなと,02min056_017.wav,minato,6,,,,「あぅ……」
576300 ,,,,,,,,,,minato,6,,,,　みなとは小さくうめいて、それから俺の顔をチラチラと見上げる。そして最後は真っ赤な顔で、床に視線を落としながら言葉を継いだ。
576400 ,,,,,,,みなと,みなと,02min056_018.wav,minato,8,,,,「だっ、だって……ボク、お兄ちゃんのこと……すきだもん……」
576500 ,,,,,,,弘明,弘明,,minato,8,,,,「……ふぇっ？」
576600 ,,,,,,,,,,minato,8,,,,　みなとの思わぬ言葉に、俺は拍子の抜けた声を出してしまう。
576700 ,,,,,,,みなと,みなと,02min056_019.wav,minato,60,,,,「お兄ちゃん、えっちはやさしくしてくれるし……。お、お兄ちゃんなら……ボク、なにされてもいいよ……」
576800 ,,,,,,,弘明,弘明,,minato,60,,,,「みなと……」
576900 ,,,,,,,,,,minato,60,,,,　さっきの押し倒すというのは、みなとを恥ずかしがらせる冗談のつもりだったけど……そういういじらしい言葉を聞くと、本当に押し倒したくなってくる。
577000 ,,,,,,,弘明,弘明,,minato,60,,,,「みなとがあんまり可愛いコトから、ホントーに押し倒しちゃおっかな……」
577100 ,,,,,,,みなと,みなと,02min056_020.wav,minato,15,,,,「ちょっ……んぁんっ、お兄ちゃん！？」
577200 ,,,,,,,,,,minato,15,,,,　ギュッと抱きしめると、みなとはわたわたと言った。
577300 ,,,,,,,みなと,みなと,02min056_021.wav,minato,8,,,,「で、でもっ、さっき、水着って……」
577400 ,,,,,,,弘明,弘明,,minato,8,,,,「あ、スクール水着。忘れてた」
577500 ,,,,,,,,,,minato,8,,,,　ポンと手を叩き、俺は床に落ちていたスクール水着を再び手に取る。
577600 ,,,,,,,弘明,弘明,,minato,8,,,,「押し倒すのは、この水着を着てからだな」
577700 ,,,,,,,みなと,みなと,02min056_022.wav,minato,6,,,,「あぅぅ……」
577800 ,,,,,,,,,,minato,6,,,,　俺は意気揚々と水着を広げて、みなとの前に差し出した。
577900 ,,,,,,,弘明,弘明,,minato,6,,,,「えっと、俺も正しい着方を知ってる訳じゃないんだけど……まずはここに、足を入れて」
578000 ,,,,,,,みなと,みなと,02min056_023.wav,minato,5,,,,「うん……。んしょっ、と」
578100 ,,,,,,,,,,minato,5,,,,　みなとが片足を上げると、可愛らしいチ○チンがぷるんと揺れる。
578200 ,,,,,,,,,,minato,5,,,,　俺は理性で欲望を必死に抑えながら、次の作業を続けた。
578300 ,,,,,,,弘明,弘明,,minato,5,,,,「よし、そのまま水着を上にあげるからな」
578400 ,,,,,,,みなと,みなと,02min056_024.wav,minato,6,,,,「んっ……」
578500 ,,,,,,,,,,,,,,,　みなとが水着の中に足を通したところで、おなかから胸にかけて水着を引き上げていく。
578600 ,,,,,,,,,,,,,,,　みなとの白い裸体が、少しずつ紺色の生地に包まれていった。
578700 ,,,,,,,弘明,弘明,,,,,,,「ここ、最後に腕を通して。……よし、できたぞ」
578800 ,,,,,,,,,,,,,,,　なんとか、みなとにスクール水着を着せることができた。
578900 ,,,,,,,弘明,弘明,,,,,,,「うんうん、みなと……水着姿も、やっぱり可愛い……なっ！！」
579100 ,,<m_fade fadeout=""2000"" fadein=""1500""><!ef_tackle>,11,,100811,,,,,,,,,,
579200 ,*mem_ev08,,,,100811,,,,,,,,,,
579300 ,,,11,1021,100811,,みなと,みなと,02min056_025.wav,minato,0,,,,「きゃあんっ！？」
579400 ,,,,,100811,,,,,,,,,,　すぐさまみなとに飛びついて、後ろのベッドに押し倒す。
579500 ,,,,,100811,,みなと,みなと,02min056_026.wav,minato,0,,,,「やっ、んんんっ、あうっ……！　おっ、お兄ちゃん……！？」
579600 ,,,,,100811,,弘明,弘明,,,,,,,「さっき、押し倒すって言っただろ……？」
579700 ,,,,,100811,,,,,,,,,,　俺はみなとの身体をベッドに押さえつけると、水着の生地の上から柔らかい身体をさわさわと撫で回した。
579800 ,,,,,100811,,みなと,みなと,02min056_027.wav,minato,0,,,,「んんっ、んふぅっ……あぅっ、んんっ……」
579900 ,,,,,100811,,弘明,弘明,,,,,,,「ああ、もう理性飛びそうだ……。みなと……ちゅっ」
580000 ,,,,,100811,,みなと,みなと,02min056_028.wav,minato,0,,,,「んっ、んんんっ……！　あっ、んぁんっ！」
580100 ,,,,,100811,,,,,,,,,,　俺はみなとの下腹部にぷくっと浮き上がった膨らみを、ペロペロと舐める。
580200 ,,,,,100811,,,,,,,,,,　当て布がある股間部分は、当然ながら厚い。それだけに、強く吸い込むようにしなければ刺激が伝わりそうもなかった。
580300 ,,,,,100811,,弘明,弘明,,,,,,,「んっ、んん……ぺろっ、あむ……」
580400 ,,,,,100811,,,,,,,,,,　ナイロン独特の味に混じって、みなとの柔らかい香りが口中に広がっていく。
580500 ,,,,,100811,,みなと,みなと,02min056_029.wav,minato,0,,,,「んんんっ、あうっ！　水着の上から……あんんっ、タマタマ……なめないで……」
580600 ,,,,,100811,,弘明,弘明,,,,,,,「みなとのタマタマ、柔らかくて最高だよ」
580700 ,,,,,100811,,みなと,みなと,02min056_030.wav,minato,0,,,,「やぁぁ……。ああんっ、んっ、んんっ！」
580800 ,,,,,100811,,,,,,,,,,　みなとの股間に顔をうずめ、勃起してきていることを頬で確認すると、俺は水着越しの柔らかなおなかに指を這わせた。
580900 ,,,,,100811,,弘明,弘明,,,,,,,「昔のスクール水着はな、こういうこともできるんだぞ……」
581000 ,,,,,100811,,みなと,みなと,02min056_031.wav,minato,0,,,,「ふぇっ……？」
581100 ,,,,,100811,,,,,,,,,,　俺は水抜き穴に指を差し入れ、みなとの勃起したチ○チンを中から引き出してみせる。
581300 ,,,,,100812,,みなと,みなと,02min056_032.wav,minato,0,,,,「んぁんっ！？　ボ、ボクのおち○ちんが……こんなところから……」
581400 ,,,,,100812,,,,,,,,,,　みなとは水着から引き出されたチ○チンを見て、目を白黒させている。
581500 ,,,,,100812,,弘明,弘明,,,,,,,「すごいな……。みなとの勃起したチ○チン、こんなに水着からはみ出てるぞ」
581600 ,,,,,100812,,みなと,みなと,02min056_033.wav,minato,0,,,,「あぅぅ、出したのはお兄ちゃんだよぉっ……」
581700 ,,,,,100812,,弘明,弘明,,,,,,,「でも、こんなに勃起させてるのはみなとだろ？」
581800 ,,,,,100812,,みなと,みなと,02min056_034.wav,minato,0,,,,「そ、それも……お兄ちゃんが、タマタマやおち○ちんいじるから……」
581900 ,,,,,100812,,弘明,弘明,,,,,,,「そっか……。じゃあ、俺が責任持って小さくしてあげるな」
582000 ,,,,,100812,,,,,,,,,,　そう言って俺は亀頭の先端をつまみ、ピンクの粘膜をこすり始める。
582100 ,,,,,100812,,みなと,みなと,02min056_035.wav,minato,0,,,,「んっ、あんんっ！　んんんっ、あうっ！」
582200 ,,,,,100812,,弘明,弘明,,,,,,,「みなと、すごくエッチな顔してるぞ……」
582300 ,,,,,100812,,みなと,みなと,02min056_036.wav,minato,0,,,,「あぅぅ……。だって、だって……」
582400 ,,,,,100812,,弘明,弘明,,,,,,,「感じちゃうか……？」
582500 ,,,,,100812,,みなと,みなと,02min056_037.wav,minato,0,,,,「うん……」
582600 ,,,,,100812,,,,,,,,,,　みなとは、とろけそうな表情でうなずいた。
582700 ,,,,,100812,,みなと,みなと,02min056_038.wav,minato,0,,,,「おち○ちんのいちばん先っぽ、さわられると……おち○ちんが、きゅんってなる……」
582800 ,,,,,100812,,弘明,弘明,,,,,,,「亀頭の中でも、先っぽが一番気持ちいいからな……」
582900 ,,,,,100812,,,,,,,,,,　俺は指の腹を亀頭の先端に載せ、素早く前後に動かした。
583000 ,,,,,100812,,みなと,みなと,02min056_039.wav,minato,0,,,,「んっ、あああっ！　ああっ、あ、あ……おち○ちんのかんかくが……なくなるよぉ……。んんんっ、あうっ！」
583100 ,,,,,100812,,,,,,,,,,　みなとの身体が、ビクビクと痙攣するように震える。俺が指の動きを止めると、震えはゆるやかになって止まった。
583200 ,,,,,100812,,みなと,みなと,02min056_040.wav,minato,0,,,,「んんんっ……ああっ、んんぅっ……！」
583300 ,,,,,100812,,,,,,,,,,　鋭い快感から解放されたみなとが、熱い息を吐いた。鈴口からあふれ出るカウパーが、ペニスのサオをつつっと流れていく。
583400 ,,,,,100812,,弘明,弘明,,,,,,,「みなとのカウパーは、いつもたっぷりだな」
583500 ,,,,,100812,,みなと,みなと,02min056_041.wav,minato,0,,,,「それは……お兄ちゃんが、きもちよくさせてくれるから……」
583600 ,,,,,100812,,弘明,弘明,,,,,,,「じゃあ、気持ちよくしてあげたご褒美に……これ、もらっていいか？」
583700 ,,,,,100812,,,,,,,,,,　俺は水着から飛び出たチ○チンに顔を近づけると、鈴口に唇を当ててカウパーを吸い上げた。
583800 ,,,,,100812,,みなと,みなと,02min056_042.wav,minato,0,,,,「ああっ、んぁぁぁっ！　ああっ、あ……お兄ちゃん、おち○ちんのおしる、吸っちゃイヤぁ……！」
583900 ,,,,,100812,,弘明,弘明,,,,,,,「んんっ、じゅる……んん……。おいしいぞ、みなとのおツユ」
584000 ,,,,,100812,,みなと,みなと,02min056_043.wav,minato,0,,,,「ふぁ、ああ……ボクの、おち○ちん……吸っちゃダメぇ……ふぁぁん……」
584100 ,,,,,100812,,弘明,弘明,,,,,,,「んんっ、んっ……みなとのカウパー、もっと飲ませてくれ……」
584200 ,,,,,100812,,,,,,,,,,　俺はみなとのペニスを手で押さえると、今度は鈴口に強く唇を当て、尿道の中に残ったカウパーも吸い上げた。
584300 ,,,,,100812,,みなと,みなと,02min056_044.wav,minato,0,,,,「やっ、あっ、んぁぁっ！　ああっ、あう……おち○ちんの中まで、吸われてる……あっ、ああっ……」
584400 ,,,,,100812,,弘明,弘明,,,,,,,「ちゅるっ、んんん……んっ、んちゅるっ……」
584500 ,,,,,100812,,みなと,みなと,02min056_045.wav,minato,0,,,,「ふぁ……んんっ、ああ……。おち○ちんのおツユ……ぜんぶ、お兄ちゃんに吸われちゃう……」
584600 ,,,,,100812,,,,,,,,,,　口中に吸い上げたみなとのカウパーを、俺は少しずつ飲み干していく。それはだいぶサラサラとしていて、精液らしい香りもほとんどなかった。
584700 ,,,,,100812,,弘明,弘明,,,,,,,「んんっ……美味しかったよ、みなとのおツユ」
584800 ,,,,,100812,,みなと,みなと,02min056_046.wav,minato,0,,,,「あう……ボクのおしる、ぜんぶお兄ちゃんにのまれちゃった……」
584900 ,,,,,100812,,弘明,弘明,,,,,,,「いや、これじゃまだまだ足りない感じだ……。みなとのエッチなおツユ、もっと出してもらおうかな」
585000 ,,,,,100812,,みなと,みなと,02min056_047.wav,minato,0,,,,「ええっ……？」
585100 ,,,,,100812,,,,,,,,,,　俺は再びみなとの袋に舌を這わせると、ペニスの付け根や袋の裏側の付け根にも指を当てて、優しく撫で回す
585200 ,,,,,100812,,,,,,,,,,　水着の生地越しに感じるみなとの袋は、俺の唾液とみなとのカウパーでしっとり湿っていた。
585300 ,,,,,100812,,弘明,弘明,,,,,,,「ここをマッサージすると、またカウパーがたっぷり出るようになるかな？」
585400 ,,,,,100812,,みなと,みなと,02min056_048.wav,minato,0,,,,「んぁっ、あっ、んぁぁっ！　そんなの……しらないよぉ……」
585500 ,,,,,100812,,弘明,弘明,,,,,,,「じゃあ、試してみよう……」
585600 ,,,,,100812,,,,,,,,,,　ぷっくりとふくらんだ袋の部分に鼻を埋め込ませ、その柔らかさと匂いを直接感じ取る。
585700 ,,,,,100812,,みなと,みなと,02min056_049.wav,minato,0,,,,「んあっ、んんっ……お兄ちゃん、タマタマにお鼻くっつけないで……！」
585800 ,,,,,100812,,弘明,弘明,,,,,,,「うーん、水着だから空気は良く通るはずなのに……新品の水着の匂いしかしない」
585900 ,,,,,100812,,みなと,みなと,02min056_050.wav,minato,0,,,,「ほっ……」
586000 ,,,,,100812,,弘明,弘明,,,,,,,「まあ、この化繊の匂いは、それはそれでなかなか興奮するものだけどな」
586100 ,,,,,100812,,みなと,みなと,02min056_051.wav,minato,0,,,,「あぅぅっ、お兄ちゃんヘンタイっぽい……」
586200 ,,,,,100812,,弘明,弘明,,,,,,,「みなとがかわいすぎるから、俺もヘンタイになっちゃうんだよ……」
586300 ,,,,,100812,,みなと,みなと,02min056_052.wav,minato,0,,,,「お兄ちゃん……んんっ！？　ふぁんっ、あっ……」
586400 ,,,,,100812,,,,,,,,,,　俺は予告もなしに、舌と手でみなとの袋と亀頭を同時に愛撫する。
586500 ,,,,,100812,,,,,,,,,,　ときおり、袋とアヌスの間を強めに押すと、みなとの身体はイルカのように飛び跳ねた。
586600 ,,,,,100812,,みなと,みなと,02min056_053.wav,minato,0,,,,「んぁ、んんん……あうっ、ああんっ！　んぁ、ふぁ……ボク……」
586700 ,,,,,100812,,弘明,弘明,,,,,,,「そろそろ、カウパーじゃなくて精液が出ちゃいそうか……？」
586800 ,,,,,100812,,みなと,みなと,02min056_054.wav,minato,0,,,,「うん……精子、出そう……おち○ちんの根っこに、なにか来たよ……」
586900 ,,,,,100812,,弘明,弘明,,,,,,,「そのまま、少しだけ我慢して……チ○チンの根っこにたくさん溜まった感じがしたら、一気に噴き上げるんだ」
587000 ,,,,,100812,,みなと,みなと,02min056_055.wav,minato,0,,,,「う、うん……ボク、がまんするね……んっ、んんっ！　んぁっ、ふぁ……」
587100 ,,,,,100812,,,,,,,,,,　俺はカウパーでぬらぬらと光るみなとの亀頭に口づけると、鈴口に舌を這わせ、中からあふれ出るカウパーを余すことなく吸い取る。
587200 ,,,,,100812,,みなと,みなと,02min056_056.wav,minato,0,,,,「あっ、ふぁっ、んんんっ、あぅぅ……タマタマ、水着でこすれて……。ああんっ！」
587300 ,,,,,100812,,,,,,,,,,　ビクビクと震えるみなとの身体を逃がさないようにしながら、その水着に包まれた身体を貪っていく。
587400 ,,,,,100812,,みなと,みなと,02min056_057.wav,minato,0,,,,「んくっ、あうっ……あああっ、ああ……」
587500 ,,,,,100812,,弘明,弘明,,,,,,,「んちゅっ、ぺろっ……みなとのタマタマが、袋の上にあがってきたな……。もう限界か……？」
587600 ,,,,,100812,,みなと,みなと,02min056_058.wav,minato,0,,,,「う、うん……。ボク、もうがまんできないかも……」
587700 ,,,,,100812,,,,,,,,,,　俺はカウパーでぬらぬらと光るみなとの亀頭に口づけると、鈴口に舌を這わせ、中からあふれ出るカウパーを吸い取っていく。
587800 ,,,,,100812,,みなと,みなと,02min056_059.wav,minato,0,,,,「あっ、あっ……おち○ちん、きもちいい……」
587900 ,,,,,100812,,,,,,,,,,　吸い取っても吸い取っても、カウパーは次から次へとあふれ出していた。
588000 ,,,,,100812,,弘明,弘明,,,,,,,「またカウパーが、あふれてきた……射精が近いんだな？」
588100 ,,,,,100812,,みなと,みなと,02min056_060.wav,minato,0,,,,「うん……んっ、んああぁぁっ！　ボク……おち○ちん、もうダメ……精子、出ちゃう……」
588200 ,,,,,100812,,弘明,弘明,,,,,,,「みなと、出していいぞ……。力を抜いて、一気に解放するんだ」
588300 ,,,,,100812,,みなと,みなと,02min056_061.wav,minato,0,,,,「あっ、あっ、ああっ！　んんっ、あうっ、あっ、あ……精子、出ちゃうよぉっ……！」
588400 ,,,,,100812,,,,,,,,,,　みなとの下腹部が、ビクッと震えた瞬間……射精をこらえていたペニスが、グッと膨張した。
588500 ,,,,,100812,,みなと,みなと,02min056_062.wav,minato,0,,,,「んんっ、あうっ、んんんっ！　出る……イッちゃう……んんんっ、ああっ！　あうっ、んんっ、んあああぁぁぁ……っ！！」
588800 ,,<!ef_shasei>,,,100813,,,,,,,,,,　みなとのペニスが大きく震え、こらえていた精液を噴き上げる。
588900 ,,,,,100813,,みなと,みなと,02min056_063.wav,minato,0,,,,「んあっ、ああっ……んんんんっ、あうっ……」
589000 ,,,,,100813,,,,,,,,,,　水抜きから飛び出しているペニスは、水着の生地に挟まれて窮屈そうにビクビクと震えていた。
589100 ,,,,,100813,,弘明,弘明,,,,,,,「みなとのチ○チン、こんなに震えて……」
589200 ,,,,,100813,,,,,,,,,,　スクール水着の上に降り注いだみなとの精液は、粘性の低いカウパーなどが繊維に染み込み、水着の上には白い精子がぽつぽつと取り残されている。
589300 ,,,,,100813,,弘明,弘明,,,,,,,「こう見ると……やっぱり、みなとの精液はちょっと薄いんだな」
589400 ,,,,,100813,,みなと,みなと,02min056_064.wav,minato,0,,,,「ふぇ……？」
589500 ,,,,,100813,,弘明,弘明,,,,,,,「ふふっ……もっともっと、タマタマをいじってあげなきゃなってコトだよ」
589600 ,,,,,100813,,みなと,みなと,02min056_065.wav,minato,0,,,,「んあっ……あぅんっ！　あっ、あん……ボク、精子出したばっかりなのに……タマタマくりくりしたら、またおち○ちんおっきくなっちゃうよぉ……」
589700 ,,,,,100813,,弘明,弘明,,,,,,,「そうなったら、もう１回チ○チン気持ちよくしてあげるよ」
589800 ,,,,,100813,,みなと,みなと,02min056_066.wav,minato,0,,,,「あぅ……」
589900 ,,,,,100813,,,,,,,,,,　俺がみなとの袋をもてあそんでいると、小さくなったペニスがヒクッと１回震えて……尿道に残っていたものだろうか、ひとかたまりの精液がとろっと流れ出てきた。
590000 ,,,,,100813,,弘明,弘明,,,,,,,「んっ……？　ちゅっ、んちゅるっ」
590100 ,,,,,100813,,みなと,みなと,02min056_067.wav,minato,0,,,,「やっ……あんっ！」
590200 ,,,,,100813,,,,,,,,,,　俺は鈴口に唇をつけ、その精液を急いで吸い上げる。そして、みなとの顔に唇を近づけていった。
590300 ,,,,,100813,,弘明,弘明,,,,,,,「みなと……んんっ」
590400 ,,,,,100813,,みなと,みなと,02min056_068.wav,minato,0,,,,「あん、お兄ちゃん……ちゅっ、んちゅっ……」
590500 ,,,,,100813,,,,,,,,,,　舌先でみなとの唇を開け、口中に精液を流し込む。
590600 ,,,,,100813,,みなと,みなと,02min056_069.wav,minato,0,,,,「んあ……ボクの、精子……」
590700 ,,,,,100813,,弘明,弘明,,,,,,,「みなと、飲み込むなよ……。舌の上に残して、上あごにこすりつけて……精子の固まりを、舌に塗り広げるんだ」
590800 ,,,,,100813,,みなと,みなと,02min056_070.wav,minato,0,,,,「んっ、んんっ……こう……？」
590900 ,,,,,100813,,弘明,弘明,,,,,,,「そしたら舌を出して、みなと……」
591000 ,,,,,100813,,みなと,みなと,02min056_071.wav,minato,0,,,,「んっ、お兄ちゃん……」
591100 ,,,,,100813,,,,,,,,,,　みなとがそっと突き出した舌に、俺は自分の舌を絡めていく。みなとの幼い精子にまみれた二人の舌が、淫靡に絡み合った。
591200 ,,,,,100813,,みなと,みなと,02min056_072.wav,minato,0,,,,「んんっ、んっ……ちゅっ、ちゅるるっ……」
591300 ,,,,,100813,,弘明,弘明,,,,,,,「みなとの精子で、舌がぬるぬるだ……。んんっ、んっ」
591400 ,,,,,100813,,みなと,みなと,02min056_073.wav,minato,0,,,,「ふぁ……ボクたち、精子なめあってる……んんっ、ちゅる……」
591500 ,,,,,100813,,弘明,弘明,,,,,,,「ちゅる……ちゅ……みなと……」
591600 ,,,,,100813,,みなと,みなと,02min056_074.wav,minato,0,,,,「んっ、お兄ちゃん……」
591700 ,$event_return,,,,,,,,,,,,,,
591800 ,,<m_fade fadeout=""2000"">,0,,100813,,,,,,,,,,
591900 ,,<s_fade time=""2500"">,,9000,,,,,,,,,,,
592090 ,"$fset %min_log2,1",,,,,,,,,,,,,,
592100 ,"$fset %ev10081,0",,,,,,,,,,,,,,
592200 ,"$fset %ev10131,1",,,,,,,,,,,,,,
592400 ,$return,,,,,,,,,,,,,,
592500 ,,,,,,,,,,,,,,,
592600 ,,,,,,,,,,,,,,,
592800 ,*ev10091,,,,,,,,,,,,,,
593700 ,,,1,1011,,,みなと,みなと,02min057_001.wav,"minato,uniform",2,,,,「あっ、お兄ちゃん。テレビ見て……」
593800 ,,,,,,,弘明,弘明,,"minato,uniform",2,,,,「んっ、なんだ……？」
593900 ,,,,,,,,,,"minato,uniform",2,,,,　つけっぱなしにしていたテレビを見てみると、ほど近い臨海公園が生放送で中継されている。
594000 ,,,,,,,,,,"minato,uniform",2,,,,　まあ臨海公園がテレビのネタになるのはよくあることだから、驚きはしないけど……みなとは、そこで紹介されていたジェラートの露店が気になるようだった。
594100 ,,,,,,,みなと,みなと,02min057_002.wav,minato,1,,,,「へぇ……。ジェラートって、いろんな味があるんだね……わぁ……」
594200 ,,,,,,,,,,minato,1,,,,　みなとの視線は、テレビに釘付けになっている。露店のジェラートに、興味津々の様子だ。
594300 ,,,,,,,弘明,弘明,,minato,1,,,,「……今から、それ食いに行ってみるか？」
594400 ,,,,,,,みなと,みなと,02min057_003.wav,minato,0,,,,「えっ、いまから？」
594500 ,,,,,,,弘明,弘明,,minato,0,,,,「それ、生中継なんだろ？　どうせ明日からは人も増えるだろうし、今のうちがいいかなと思ってさ」
594600 ,,,,,,,みなと,みなと,02min057_004.wav,minato,85,,,,「あ、そうだね……」
594700 ,,,,,,,,,,minato,85,,,,　みなとは納得したようにうなずくと、俺の顔を見上げた。
594800 ,,,,,,,みなと,みなと,02min057_005.wav,minato,8,,,,「いいの？　お兄ちゃん……」
594900 ,,,,,,,弘明,弘明,,minato,8,,,,「もちろんだよ、みなと。一緒にジェラート食べようぜ」
595000 ,,,,,,,みなと,みなと,02min057_006.wav,minato,1,,,,「うん……！」
595100 ,,,,,,,,,,minato,1,,,,　みなとが、キュッと俺の手を握る。
595200 ,,,,,,,,,,minato,1,,,,　俺はその小さな手を引いて、家を出た。
595400 ,,<s_fade time=""1500"" type=""panel"" param=""type=3"">,0,9000,,,,,,,,,,,
595500 ,,<wait time=""1000""><s_fade time=""1500"" type=""panel"" param=""type=2"">,7,3041,,,,,,,,,,,
595600 ,,,,,,,弘明,弘明,,,,,,,「ふう、さすがに暑いな……」
595700 ,,,,,,,みなと,みなと,02min057_007.wav,"minato,private",12,,,,「うん……」
595800 ,,,,,,,,,,minato,12,,,,　勢いよく家を出てきたものの……１０分と保たぬうち、俺は夏の陽射しにノックアウトされかかっていた。
595900 ,,,,,,,,,,minato,12,,,,　いくら海が目の前とはいえ、日中のこの時間はさすがに気温が高い。
596000 ,,,,,,,弘明,弘明,,minato,12,,,,「ふう、帽子でもかぶって来りゃ良かったな……。みなとは、大丈夫か？」
596100 ,,,,,,,みなと,みなと,02min057_008.wav,minato,85,,,,「うん、ボクはだいじょうぶだよ……」
596200 ,,,,,,,弘明,弘明,,minato,85,,,,「そうか。あと少しだからな。……まあ、苦労した方がジェラートも美味いってもんだ」
596300 ,,,,,,,みなと,みなと,02min057_009.wav,minato,1,,,,「そうだね……ふふっ」
596400 ,,,,,,,,,,minato,1,,,,　いつもより上機嫌なみなとは俺の手を強く握り、俺を先導するように先を歩く。
596500 ,,,,,,,みなと,みなと,02min057_010.wav,minato,0,,,,「あっ、あれかな……？」
596600 ,,,,,,,,,,,,,,,　みなとが、広場のすみにジェラートの露店を見つける。
596700 ,,,,,,,,,,,,,,,　周りにはまだテレビクルーが残っているけど、みんなジェラートを美味しそうに舐めているところを見ると、中継はもう終了しているようだ。
596800 ,,,,,,,弘明,弘明,,,,,,,「ふむ……みんな美味そうに食ってるなぁ……」
596900 ,,,,,,,,,,,,,,,　俺はその露店に近づいて、看板に出ているメニューをながめた。
597000 ,,,,,,,弘明,弘明,,,,,,,「ミルク、チョコ、イチゴに抹茶……いろいろあるな。みなと、なにがいい？」
597100 ,,,,,,,みなと,みなと,02min057_011.wav,minato,1,,,,「えっとね……ボクは……」
597200 ,,,,,,,,,,minato,1,,,,　みなとは、楽しそうにメニュー表を上から順々に見ていっている。
597300 ,,,,,,,弘明,弘明,,minato,1,,,,「なんでも、好きなのを選んでいいからな…………って、なにッ！？」
597400 ,,,,,,,,,,minato,1,,,,　その中に……予想外というか、理解の範疇を越えた文字が踊っていた。
597500 ,,,,,,,弘明,弘明,,minato,1,,,,「これ、『ドリアン』って……マジか！？」
597600 ,,,,,,,みなと,みなと,02min057_012.wav,minato,0,,,,「どりあん……？」
597700 ,,,,,,,オヤジ,オヤジ,08oya057_001.wav,minato,0,,,,「おう、兄さん。お目が高いね。このドリアンジェラートは、ちょいとそこいらじゃ売ってないよ」
597800 ,,,,,,,,,,minato,0,,,,　そ、そりゃそうだろうさ……。そんなゲテモノジェラート、ネタ以外に好きこのんで食べるヤツがいるかよ……。
597900 ,,,,,,,みなと,みなと,02min057_013.wav,minato,85,,,,「ふぅん、めずらしいんだ……。それじゃボク、そのドリアンっていうのにしようかな」
598000 ,,,,,,,弘明,弘明,,minato,85,,,,「い゛っ！？　マ、マジか！？」
598100 ,,,,,,,,,,minato,85,,,,　みなとの好奇心の声に、俺は思わず飛び退ってしまう。
598200 ,,,,,,,弘明,弘明,,minato,85,,,,「みなと、それだけはやめとけ。フツーのにしといた方がいいぞ」
598300 ,,,,,,,みなと,みなと,02min057_014.wav,minato,8,,,,「ええっ……」
598400 ,,,,,,,弘明,弘明,,minato,8,,,,「そりゃ、あれだ……子供にはわからない味っていうか……」
598500 ,,,,,,,みなと,みなと,02min057_015.wav,minato,1,,,,「じゃあ、お兄ちゃんがドリアンねっ」
598600 ,,,,,,,弘明,弘明,,minato,1,,,,「…………え゛っ」
598700 ,,,,,,,,,,minato,1,,,,　みなとの純粋な笑顔は、俺に拒否を許してくれそうにない。
598800 ,,,,,,,オヤジ,オヤジ,08oya057_002.wav,minato,1,,,,「まあ全部食べきる勇気がないなら、半分ずつ盛ったハーフ＆ハーフってのもあるよ」
598900 ,,,,,,,,,,minato,1,,,,　露店のオヤジが、しわがれた声で言う。
599000 ,,,,,,,みなと,みなと,02min057_016.wav,minato,85,,,,「ううん、いいの。ボク、お兄ちゃんととりかえっこしてなめるから」
599100 ,,,,,,,オヤジ,オヤジ,08oya057_003.wav,minato,85,,,,「そうかいそうかい。じゃあ、なんにするかね」
599200 ,,,,,,,みなと,みなと,02min057_017.wav,minato,85,,,,「えっと、お兄ちゃんが、ドリアンで……。ボクは、いちごにするっ」
599300 ,,,,,,,オヤジ,オヤジ,08oya057_004.wav,minato,85,,,,「へぃ、まいど」
599400 ,,,,,,,,,,,,,,,　見た目としてはコテでセメント塗ってる方が似合うんじゃないかというオヤジが、ジェラートを慣れた手つきで盛りつけていく。
599500 ,,,,,,,オヤジ,オヤジ,08oya057_005.wav,,,,,,「へぃ、お待ち」
599600 ,,,,,,,,,,,,,,,　全くジェラート屋とは思えない口調で、店のオヤジがみなとにイチゴのジェラートを差し出した。
599700 ,,,,,,,,,,,,,,,　そして俺には、ドリアンのジェラートを……何やら不敵な笑みをたたえながら、差し出してくる。
599800 ,,,,,,,オヤジ,オヤジ,08oya057_006.wav,,,,,,「ふふふ……兄さんも、お待ち」
599900 ,,,,,,,弘明,弘明,,,,,,,「ああ、どうも……」
600000 ,,,,,,,,,,,,,,,　俺は２つ分の代金を支払うと、じっとそのブツを眺める。ドリアン……ドリアンか……。
600100 ,,,,,,,みなと,みなと,02min057_018.wav,minato,1,,,,「んっ、んんっ……おいしい……」
600200 ,,,,,,,,,,minato,1,,,,　イチゴのジェラートを舐めるみなとが、幸せそうに微笑む。それを見て俺も嬉しくなったが、目の前のジェラートが発する微妙なドリアン臭に、全てがかき消された。
600300 ,,,,,,,みなと,みなと,02min057_019.wav,minato,0,,,,「お兄ちゃんは、なめないの……？」
600400 ,,,,,,,弘明,弘明,,minato,0,,,,「あ、ああ……」
600500 ,,,,,,,,,,minato,0,,,,　ええいっ、ままよっ！
600600 ,,<m_fade fadeout=""1500"">,0,,,,,,,minato,0,,,,
600700 ,,<s_fade type=""rotate"" time=""2000"" param=""round=1440&zoom=b&rotate=b""><m_fade fadein=""1000"">,8,9000,,,,,,,,,,,　思い切って顔を近づけると、強烈なドリアニック・スメルが、俺の意識を過去へと連れ去っていく。
600900 ,,,,,,,,,,,,,,,　前にドリアンと接する機会があったのは、大学生の時だった。東南アジアのどこだったかに行ってきた後輩が、完熟ドリアンを土産で持ってきやがったんだ……。
601000 ,,,,,,,,,,,,,,,　密閉容器に入れてただけでろくに冷蔵もしてなかったドリアンは、すでに完熟を通り越してじゅくじゅくで……見た目も形容しがたき混沌と化してたな。しかし、よく検疫通ったなあれ……。
601100 ,,,,,,,,,,,,,,,　ああ……あの時は、ガス漏れと勘違いされて通報もされたっけ。学生課の人にもすげー怒られたよ……。ふぅ……。
601300 ,,<m_fade fadeout=""2500"">,0,,,,,,,,,,,,
601400 ,,<wait time=""500"">,,,,,,,,,,,,,
601500 ,,<s_fade type=""shadeoff"" time=""2500"" param=""type=r"">,,3041,,,,,,,,,,,
601600 ,,<wait time=""500"">,7,,,,みなと,みなと,02min057_020.wav,minato,0,,,,「お兄ちゃん、ドリアンおいしかった？」
601700 ,,,,,,,弘明,弘明,,minato,0,,,,「あ、ああ……すっごく……そらもう、すっごくおいしかったよ……。ははは……」
601800 ,,,,,,,,,,minato,0,,,,　ジェラートを食べ終えた俺たちは、そのまま公園を気の向くままに歩いていた。そして辺りを適当に回りながら、ボチボチ帰ろうかと思ったその時……。
601900 ,,,,,,,みなと,みなと,02min057_021.wav,minato,5,,,,「あ……」
602000 ,,,,,,,弘明,弘明,,minato,5,,,,「どうした？」
602100 ,,,,,,,みなと,みなと,02min057_022.wav,minato,12,,,,「ボク……ト、トイレ……行きたいな……」
602200 ,,,,,,,弘明,弘明,,minato,12,,,,「トイレ？　ジェラート食べて、おなか壊したか？」
602300 ,,,,,,,みなと,みなと,02min057_023.wav,minato,15,,,,「ちがうよぉっ……！　お、おしっこの方だよぉ……」
602400 ,,,,,,,,,,minato,15,,,,　みなとは内股でもじもじとしながら、切なそうな目で俺を見上げる。
602500 ,,,,,,,弘明,弘明,,minato,15,,,,「えーと、公衆トイレなら……あっちかな」
602600 ,,,,,,,,,,minato,15,,,,　俺は、公園の外れにある小さな建物を指さした。
602700 ,,,,,,,みなと,みなと,02min057_024.wav,minato,6,,,,「うん……ちょっと、行ってくるね」
602800 ,,,,,,,,,,,,,,,　みなとが、駆け足でトイレに入っていく。俺は特に尿意を催してないので、外のベンチで待つことにした。
602900 ,,,,,,,,,,,,,,,　ベンチに腰かけながら、俺は携帯電話を開く。みなとを待っている間、軽くメールチェックでもしようかと思ったら……みなとがもう、トイレから出てきた。
603000 ,,,,,,,みなと,みなと,02min057_025.wav,minato,8,,,,「お、お兄ちゃん……」
603100 ,,,,,,,弘明,弘明,,minato,8,,,,「ん、どうした？　漏らしちゃったか？」
603200 ,,,,,,,みなと,みなと,02min057_026.wav,minato,5,,,,「ちがうよぉ……あのね、お、おトイレがね……」
603300 ,,,,,,,弘明,弘明,,minato,5,,,,「……ん？」
603400 ,,,,,,,みなと,みなと,02min057_027.wav,minato,82,,,,「おしっこするとこ、高いのばっかりで……おち○ちん、とどかないの……」
603500 ,,,,,,,,,,minato,82,,,,　ああ……なるほど。そこのトイレは、床まで伸びてる小用便器がないのか。
603600 ,,,,,,,弘明,弘明,,minato,82,,,,「だったら、おっきい方でしたらいいんじゃないか？」
603700 ,,,,,,,みなと,みなと,02min057_028.wav,minato,3,,,,「『こしょうちゅう』で、ドア閉まってるの……」
603800 ,,,,,,,,,,minato,3,,,,　なるほど、公園のスミにある公衆トイレだし、メンテも行き届いてないのかも知れないな。みなとにとっては、弱り目に祟り目といったところか。
603900 ,,,,,,,みなと,みなと,02min057_029.wav,minato,6,,,,「あっ、んんっ……」
604000 ,,,,,,,弘明,弘明,,minato,6,,,,「おっと、もう漏らしちゃいそうだな……。わかった、俺が手伝ってあげるから」
604100 ,,,,,,,,,,,,,,,　俺はベンチから立ち上がると、公衆トイレに向かった。そして、入り口でふと＜衝立＝ついたて＞を見つけて、ちょっとしたことを思いつく。
604200 ,,,,,,,,,,,,,,,　トイレの中を覗いて誰もいないのを確認すると、俺はその衝立をこっそり入り口に出しておいた。
604400 ,,<!ef_timepass><m_fade fadeout=""2000"" fadein=""1500"">,12,,100911,,,,,,,,,,
604490 ,*mem_ev09,,,,,,,,,,,,,,
604500 ,,,12,9000,100911,,弘明,弘明,,,,,,,「よーしみなと、これなら大丈夫だろ？」
604700 ,,,,,100911,,みなと,みなと,02min057_030.wav,minato,0,,,,「ひゃああんっ、お、お兄ちゃん……！？」
604800 ,,,,,100911,,,,,,,,,,　俺はみなとを抱え上げると、便器の前でがばっと足を開かせる。
604900 ,,,,,100911,,みなと,みなと,02min057_031.wav,minato,0,,,,「おっ、お兄ちゃん、こんなかっこ……だれか来ちゃったら、やだよぉ……」
605000 ,,,,,100911,,,,,,,,,,　涙目になって哀願するみなとに、俺はあやすようにして説明した。
605100 ,,,,,100911,,弘明,弘明,,,,,,,「大丈夫、誰も来ないよ。入り口に、清掃中の衝立を出してきたから」
605200 ,,,,,100911,,みなと,みなと,02min057_032.wav,minato,0,,,,「でもぉ……」
605300 ,,,,,100911,,弘明,弘明,,,,,,,「ほら、みなと。早くおしっこしないと、漏らしちゃうぞ？」
605400 ,,,,,100911,,みなと,みなと,02min057_033.wav,minato,0,,,,「あっ、んんっ……」
605500 ,,,,,100911,,,,,,,,,,　みなとは少し身体に力を込めてから、切なそうに身体をよじらせる。
605600 ,,,,,100911,,みなと,みなと,02min057_034.wav,minato,0,,,,「あう……。びっくりしたから、おしっこ出なくなっちゃったよぉ……」
605700 ,,,,,100911,,弘明,弘明,,,,,,,「なんだ、おしっこ引っこんじゃったのか？」
605800 ,,,,,100911,,,,,,,,,,　俺はみなとの股間をのぞき込みながら、抱きかかえた身体を軽く揺すってみる。
605900 ,,,,,100911,,みなと,みなと,02min057_035.wav,minato,0,,,,「やっ、ああんっ……」
606000 ,,,,,100911,,弘明,弘明,,,,,,,「みなと、おしっこ出そうになった？」
606100 ,,,,,100911,,みなと,みなと,02min057_036.wav,minato,0,,,,「ううん……ぜんぜん……」
606200 ,,,,,100911,,,,,,,,,,　効果は皆無だったようだが、剥き出しのチ○チンがぷるぷると揺れる様は、なんとも可愛らしかった。
606300 ,,,,,100911,,弘明,弘明,,,,,,,「みなとのチ○チン、ぷるぷる震えて可愛いな。ほら、ぷるぷるぷる」
606400 ,,,,,100911,,みなと,みなと,02min057_037.wav,minato,0,,,,「やぁぁんっ……お兄ちゃん、あそばないでよぉ……」
606500 ,,,,,100911,,,,,,,,,,　俺はみなとのぷるぷるち○こを充分に堪能してから、耳元でそっとささやいた。
606600 ,,,,,100911,,弘明,弘明,,,,,,,「じゃあ、ここでえっちなことしてみようか」
606700 ,,,,,100911,,みなと,みなと,02min057_038.wav,minato,0,,,,「ふぇっ？　こ、ここで……！？」
606800 ,,,,,100911,,弘明,弘明,,,,,,,「ほら、みなと……わかるだろ……」
606900 ,,,,,100911,,みなと,みなと,02min057_039.wav,minato,0,,,,「あ……お兄ちゃんのおち○ちん……」
607000 ,,,,,100911,,,,,,,,,,　すでに硬くなってきていたチ○チンを、ズボン越しにみなとのおしりへとこすりつける。
607100 ,,,,,100911,,弘明,弘明,,,,,,,「ここでするのは、嫌か……？」
607200 ,,,,,100911,,みなと,みなと,02min057_040.wav,minato,0,,,,「う、ううん……そうじゃないけど……」
607300 ,,,,,100911,,弘明,弘明,,,,,,,「みなともしたいだろ？　ほら、みなとのチ○チンもだんだん……」
607500 ,,,,,100912,,みなと,みなと,02min057_041.wav,minato,0,,,,「あっ、ああっ……」
607600 ,,,,,100912,,弘明,弘明,,,,,,,「ほら……こんなに勃起してる」
607700 ,,,,,100912,,みなと,みなと,02min057_042.wav,minato,0,,,,「あぅぅ……だって……」
607800 ,,,,,100912,,弘明,弘明,,,,,,,「えっちするって聞いて、期待しちゃったか？」
607900 ,,,,,100912,,みなと,みなと,02min057_043.wav,minato,0,,,,「…………うぅ」
608000 ,,,,,100912,,弘明,弘明,,,,,,,「しかし、勃起するとおしっこは出なくなっちゃうもんだからな……」
608100 ,,,,,100912,,みなと,みなと,02min057_044.wav,minato,0,,,,「ええっ……！？」
608200 ,,,,,100912,,弘明,弘明,,,,,,,「こりゃ勃起を鎮めないと、おしっこは出てくれないかも知れないぞ」
608300 ,,,,,100912,,みなと,みなと,02min057_045.wav,minato,0,,,,「ふぇぇ……」
608400 ,,,,,100912,,,,,,,,,,　みなとは困ったような声を上げて、俺に助けを求めるような視線を送った。
608500 ,,,,,100912,,弘明,弘明,,,,,,,「まあ……勃起したチ○チンを元に戻すには、やっぱり一発ヌくのが一番だろ」
608600 ,,,,,100912,,みなと,みなと,02min057_046.wav,minato,0,,,,「いっぱつぬく、って……？」
608700 ,,,,,100912,,弘明,弘明,,,,,,,「みなとの精液を、ぴゅるぴゅるって出すんだよ。そしたらチ○チンはしぼんでいくぞ。俺とＨしたあとは、いつもそうだろ？」
608800 ,,,,,100912,,みなと,みなと,02min057_047.wav,minato,0,,,,「あぅ、そんな……」
608900 ,,,,,100912,,,,,,,,,,　みなとは少し不安そうに、自分の勃起したチ○チンを見つめている。
609000 ,,,,,100912,,みなと,みなと,02min057_048.wav,minato,0,,,,「精子出さないと、おち○ちんちっちゃくならないの……？」
609100 ,,,,,100912,,弘明,弘明,,,,,,,「まあ、それが手っ取り早い方法だよな」
609200 ,,,,,100912,,,,,,,,,,　俺は核心には触れず、うやむやに答えておく。
609300 ,,,,,100912,,みなと,みなと,02min057_049.wav,minato,0,,,,「そ、それじゃお兄ちゃん、おねがい……。ボクの精子、出して……」
609400 ,,,,,100912,,弘明,弘明,,,,,,,「それはいいけど……みなとのチ○チンいじろうにも、今は両手がふさがってるぞ？」
609500 ,,,,,100912,,,,,,,,,,　少しおどけた口調で、俺はそう切り返す。
609600 ,,,,,100912,,みなと,みなと,02min057_050.wav,minato,0,,,,「あう……」
609700 ,,,,,100912,,,,,,,,,,　みなとが、『だったら降ろしてからおち○ちんいじって』なんて冷静なことを言い出す前に、俺はすぐさま言葉を続けた。
609800 ,,,,,100912,,弘明,弘明,,,,,,,「この体勢だと……みなとのおしりになら、俺のチ○チン入れられるなあ」
609900 ,,,,,100912,,みなと,みなと,02min057_051.wav,minato,0,,,,「えっ……？」
610000 ,,,,,100912,,弘明,弘明,,,,,,,「おしりで気持ちよくなって、それで精液出すこともできるな」
610100 ,,,,,100912,,みなと,みなと,02min057_052.wav,minato,0,,,,「あ……」
610200 ,,,,,100912,,,,,,,,,,　みなとは少し困った様子で数秒置いてから、こくんとうなずく。
610300 ,,,,,100912,,みなと,みなと,02min057_053.wav,minato,0,,,,「う、うん、いいよ……。ボクをおしりで、きもちよくして……。それで、精子出させて……」
610500 ,,,,,100913,,,,,,,,,,　俺はなんとか手を回し、ズボンのファスナーからペニスを露出させる。
610600 ,,,,,100913,,みなと,みなと,02min057_054.wav,minato,0,,,,「あんっ……。お兄ちゃんのおち○ちん、おしりとタマタマに当たってる……」
610700 ,,,,,100913,,,,,,,,,,　みなとのおしりの谷間は、しっとり湿っていて熱かった。
610800 ,,,,,100913,,弘明,弘明,,,,,,,「みなとのおしり、すごく熱くなってるな」
610900 ,,,,,100913,,みなと,みなと,02min057_055.wav,minato,0,,,,「お兄ちゃんのおち○ちんもだよ……」
611100 ,,,,,100913,,,,,,,,,,　俺はみなとの身体を前後に揺らし、おしりの谷間でペニスをこすった。俺の顔のすぐ横にはみなとのキレイなワキもあって、そこから甘い香りが漂ってくる。
611200 ,,,,,100913,,みなと,みなと,02min057_056.wav,minato,0,,,,「あっ、んあっ……ああんっ！　おち○ちん、かたいよぉ……んあぁぁっ！」
611300 ,,,,,100913,,弘明,弘明,,,,,,,「今日は、暑かったからかな……。みなとのおしりも、ふにふにして柔らかいぞ」
611400 ,,,,,100913,,みなと,みなと,02min057_057.wav,minato,0,,,,「やっ、あうっ！　そんな……かんけいないよぉ……」
611500 ,,,,,100913,,,,,,,,,,　みなとももう欲しくてたまらないのか、おしりを揺らしている。
611600 ,,,,,100913,,みなと,みなと,02min057_058.wav,minato,0,,,,「んっ、んぅんっ……あん……」
611700 ,,,,,100913,,弘明,弘明,,,,,,,「これなら、もう大丈夫だな……。挿れるぞ、みなと」
611800 ,,,,,100913,,みなと,みなと,02min057_059.wav,minato,0,,,,「うん……」
611900 ,,,,,100913,,,,,,,,,,　俺はそそり立ったペニスをみなとのアヌスに差し入れようと、亀頭の先でその場所を探った。
612000 ,,,,,100913,,みなと,みなと,02min057_060.wav,minato,0,,,,「んっ……？　あ……」
612100 ,,,,,100913,,,,,,,,,,　しかしこの体勢ではペニスの先がアヌスに固定できず、なかなか挿れられない。
612200 ,,,,,100913,,みなと,みなと,02min057_061.wav,minato,0,,,,「お兄ちゃん……」
612300 ,,,,,100913,,弘明,弘明,,,,,,,「えっ……？」
612400 ,,,,,100913,,,,,,,,,,　みなとが後ろ手に腕を伸ばし、俺のペニスをそっとつかむ。
612500 ,,,,,100913,,みなと,みなと,02min057_062.wav,minato,0,,,,「ほら、ボクのおしりの穴……ここだよ……」
612600 ,,,,,100913,,,,,,,,,,　そして俺の亀頭を、アヌスのくぼみに固定した。
612700 ,,,,,100913,,弘明,弘明,,,,,,,「あ、ああ……。みなと、挿れるぞ」
612800 ,,,,,100913,,みなと,みなと,02min057_063.wav,minato,0,,,,「うん…………ふあっ、んぁぁぁっ！」
612990 ,,<m_fade fadeout=""2000"" fadein=""1500"">,10,,100914,,,,,,,,,,
613000 ,,,,,100914,,,,,,,,,,　亀頭のカリがみなとのアヌスを押し広げ、奥へと入っていく。
613100 ,,,,,100914,,みなと,みなと,02min057_064.wav,minato,0,,,,「あっ、あっ、んあっ！　お兄ちゃんのおち○ちん、入ってくる……！」
613200 ,,,,,100914,,,,,,,,,,　俺はみなとを抱えている手を下げるだけで、みなと本人の自重により俺のペニスはどんどん奥へと入っていった。
613300 ,,,,,100914,,みなと,みなと,02min057_065.wav,minato,0,,,,「んっ、ああっ……おしりの、奥まで……んんんっ、あうっ！　あ……ああ……」
613400 ,,,,,100914,,弘明,弘明,,,,,,,「みなと……あんまり大きい声出すと、人がやってきちゃうぞ」
613500 ,,,,,100914,,みなと,みなと,02min057_066.wav,minato,0,,,,「でも、でもぉ……んああっ、あんっ！　お兄ちゃんのおち○ちん、きもちいいから……声、出ちゃうよぉ……」
613600 ,,,,,100914,,,,,,,,,,　ズンズンと入り込んでいくペニスの動きにあわせて、みなとのあえぎ声が公衆便所のタイルに響いている。
613800 ,,,,,100914,,弘明,弘明,,,,,,,「みなと……みなとのおしり、すごく気持ちいいぞ……」
613900 ,,,,,100914,,みなと,みなと,02min057_067.wav,minato,0,,,,「お兄ちゃん……お兄ちゃん……おち○ちん……うあぁっ、きもちっ、ひうっ……いっ、いいよぉっ！」
614000 ,,,,,100914,,,,,,,,,,　みなとの熱いおしりの中を、俺の亀頭が縦横無尽にかき回す。
614100 ,,,,,100914,,,,,,,,,,　同じくらい熱いみなとの肌からは、ジェラートの残り香なのか、イチゴにも似た甘い香りが漂ってくる。
614200 ,,,,,100914,,みなと,みなと,02min057_068.wav,minato,0,,,,「お兄ちゃ……あっ！　はうっ、ああっ、あっ、んんんっ！」
614300 ,,,,,100914,,弘明,弘明,,,,,,,「みなと……ああ……」
614400 ,,,,,100914,,みなと,みなと,02min057_069.wav,minato,0,,,,「お兄ちゃん……ボク、イッちゃいそう……精子、出ちゃうよぉ……」
614500 ,,,,,100914,,弘明,弘明,,,,,,,「大丈夫だ、そのまま前の便器に……出して……」
614600 ,,,,,100914,,みなと,みなと,02min057_070.wav,minato,0,,,,「う、うん……んんんっ、ああっ！　あっ、んっ、あああっ……」
614700 ,,,,,100914,,,,,,,,,,　出す場所が確保できて安心したのか、みなとの腰の動きは快感に従順に、さらに激しくなってきた。
614800 ,,,,,100914,,弘明,弘明,,,,,,,「うう……俺も、イクぞ、みなと……」
614900 ,,,,,100914,,みなと,みなと,02min057_071.wav,minato,0,,,,「うっ、うああっ！　あうっ、んんんっ……おにぃ、お兄ちゃ……」
615000 ,,,,,100914,,弘明,弘明,,,,,,,「ああっ……二人で、外に……」
615100 ,,,,,100914,,みなと,みなと,02min057_072.wav,minato,0,,,,「んっ、んんっ、あうっ！　んあっ、んっ、んんっ、ああ……あっ、うぁんっ、んあああぁぁぁっ……！！」
615400 ,,<!ef_shasei>,,,100915,,,,,,,,,,　射精の瞬間、俺はみなとのアヌスからペニスを引き抜く。
615500 ,,,,,100915,,,,,,,,,,　ぴゅるぴゅると噴き出した二人の精液が便器の中に降り注き、そして混じり合った。
615600 ,,,,,100915,,みなと,みなと,02min057_073.wav,minato,0,,,,「んああ……ボクとお兄ちゃんの精子、トイレにいっぱい……」
615700 ,,,,,100915,,,,,,,,,,　便器の中を、白い粘液がゆっくり垂れていく。俺たちは、その様子をしばらくながめていた。
615800 ,,,,,100915,,みなと,みなと,02min057_074.wav,minato,0,,,,「あのね、お兄ちゃん……」
615900 ,,,,,100915,,弘明,弘明,,,,,,,「……ん？」
616000 ,,,,,100915,,みなと,みなと,02min057_075.wav,minato,0,,,,「お兄ちゃんがね、びゅるびゅるって精子出してるとき……ボクのタマタマに、お兄ちゃんのおち○ちんがくっついててね……」
616100 ,,,,,100915,,みなと,みなと,02min057_076.wav,minato,0,,,,「すごかったよ……。ボクのタマタマに、びくびくって、お兄ちゃんの精子出てるのがつたわってきたの……」
616200 ,,,,,100915,,,,,,,,,,　恥ずかしそうに……でもなんだか嬉しそうに、みなとは言う。
616300 ,,,,,100915,,みなと,みなと,02min057_077.wav,minato,0,,,,「あんなにすごいいきおいの精子……いつもは、ボクのおしりの中に出てるんだね……」
616500 ,,,,,100915,,弘明,弘明,,,,,,,「みなと……」
616600 ,,,,,100915,,みなと,みなと,02min057_078.wav,minato,0,,,,「んっ、お兄ちゃぁん……」
616700 ,,,,,100915,,,,,,,,,,　うっとりとした顔のみなとが、後ろを振り向いてキスを要求する。俺は首をかがめて、みなとと唇を重ねた。
616800 ,,,,,100915,,みなと,みなと,02min057_079.wav,minato,0,,,,「ふぁっ、んちゅ……ちゅっ、んんっ……お兄ちゃん……」
616900 ,,,,,100915,,,,,,,,,,　みなとの唇は、熱く湿っていた。俺は舌先でみなとの唇をこじ開け、いつもより粘度の高い唾液を吸う。
617000 ,,,,,100915,,みなと,みなと,02min057_080.wav,minato,0,,,,「んっ、んちゅるっ……ああん、お兄ちゃん、そんなに吸わないで……んじゅっ、んん、あむ……」
617100 ,,,,,100915,,,,,,,,,,　そのまましばらくキスを続けていると、みなとが何かに気付いて小さな声をあげた。
617200 ,,,,,100915,,みなと,みなと,02min057_081.wav,minato,0,,,,「あっ？　んぁ……あ……おっ、おしっこ……きた……」
617300 ,,,,,100915,,,,,,,,,,　勃起から戻ったみなとのチ○チンがぷるっと震え、尿意を主張していた。
617400 ,,,,,100915,,,,,,,,,,　俺は身体の向きを調節し、みなとのチ○チンを便器の方向に合わせた。ほどなくして、みなとの脱力する声と共に薄黄色い液体がほとばしり始める。
617600 ,,,,,100916,,みなと,みなと,02min057_082.wav,minato,0,,,,「ふぁ……あ、あ……おしっこ……出てる……」
617700 ,,,,,100916,,,,,,,,,,　みなとのチ○チンが、しゅるるるる……と小さな音を立て、おしっこを排出する。
617800 ,,,,,100916,,みなと,みなと,02min057_083.wav,minato,0,,,,「ああ……ボクとお兄ちゃんの精子にかかっちゃう……」
617900 ,,,,,100916,,,,,,,,,,　みなとは、流れていく精液を見て残念そうにつぶやいている。
618000 ,,,,,100916,,,,,,,,,,　みなとがおしっこを出し切ると、俺はみなとをそっと床へと降ろした。
618100 ,,,,,100916,,みなと,みなと,02min057_084.wav,minato,0,,,,「あ、お兄ちゃん、だいじょうぶ？　ボク、重くなかった……？」
618200 ,,,,,100916,,弘明,弘明,,,,,,,「ん、全然。すっごく軽かったぞ」
618300 ,,,,,100916,,,,,,,,,,　俺がみなとの頭を抱き寄せて、便器から離すと、センサーが反応して便器に水が流れた。
618400 ,,,,,100916,,,,,,,,,,　俺たち二人の精液は絡み合い、全て排水溝の中へと消えていった。
618500 ,$event_return,,,,,,,,,,,,,,
618600 ,,<m_fade fadeout=""2000"">,0,,100916,,,,,,,,,,
618700 ,,<s_fade time=""2500"">,,9000,,,,,,,,,,,
618900 ,"$fset %ev10091,0",,,,,,,,,,,,,,
618970 ,"$cmp %min_log2,==,1",,,,,,,,,,,,,,
618980 ,$false,,,,,,,,,,,,,,
↓,"$fset %ev10081,1",,,,,,,,,,,,,,
619100 ,$return,,,,,,,,,,,,,,
619200 ,,,,,,,,,,,,,,,
619300 ,,,,,,,,,,,,,,,
619500 ,*ev10101,,,,,,,,,,,,,,
620100 ,*mem_ev10,,,,,,,,,,,,,,
620200 ,"$menu_begin ,mem_only",,,,,,,,,,,,,,
↓,"$menu_item 0,みなとは、男の子だよ,ev10101a",,,,,,,,,,,,,,
↓,"$menu_item 1,みなとは、女の子だよ,ev10101b",,,,,,,,,,,,,,
↓,$menu_end,,,,,,,,,,,,,,
620380 ,,,1,1011,,,弘明,弘明,,minato,↓,,,,「さあみなと、制服を脱いで……」
620390 ,,,,,,,,,,minato,↓,,,,　みなとは小さくうなずき、制服に手をかけた。
620400 ,,,,,,,弘明,弘明,,"minato,uniform",↓,,,,「でもな、パンツは脱がなくていいぞ」
620500 ,,,,,,,みなと,みなと,02min058_001.wav,"minato,uniform",0,,,,「えっ……？」
620600 ,,,,,,,弘明,弘明,,minato,0,,,,「今日は、そのままでエッチをするからな」
620700 ,,,,,,,みなと,みなと,02min058_002.wav,minato,8,,,,「そのまま、って……パンツはいたままでってこと……？」
620800 ,,,,,,,弘明,弘明,,minato,8,,,,「そうだ」
620900 ,,,,,,,,,,,,,,,　いささか腑に落ちないらしく、頭にいくつもの疑問符を浮かべたまま、みなとは服を脱いでいく。
621000 ,,,,1021,,,みなと,みなと,02min058_003.wav,,,,,,「きゃあんっ！？」
621100 ,,,,,,,,,,,,,,,　俺は、みなとがブリーフ一枚になると同時に、素早くベッドへ押し倒した。
621300 ,,<m_fade fadeout=""2000"" fadein=""1500"">,10,1021,101011,,,,,,,,,,
621400 ,,,,,101011,,みなと,みなと,02min058_004.wav,minato,0,,,,「きゃんっ！　お、お兄ちゃん……！？」
621500 ,,,,,101011,,弘明,弘明,,,,,,,「みなと……んんっ」
621600 ,,,,,101011,,,,,,,,,,　そしてそのまま、一気にみなとの唇をふさぐ。
621700 ,,,,,101011,,みなと,みなと,02min058_005.wav,minato,0,,,,「あん……んっ、んちゅっ……んちゅるっ……」
621800 ,,,,,101011,,,,,,,,,,　俺はみなとの小さくて柔らかい唇を、何度も吸った。
621900 ,,,,,101011,,みなと,みなと,02min058_006.wav,minato,0,,,,「んっ、んっ、んんっ……ぷはっ…………あぅ……」
622000 ,,,,,101011,,,,,,,,,,　ようやく唇を解放されたみなとは、真っ赤な顔で俺を見つめる。
622100 ,,,,,101011,,みなと,みなと,02min058_007.wav,minato,0,,,,「お兄ちゃん、ごういんすぎだよぉ……。ボク、お兄ちゃんとだったら、にげたりしないのに……」
622200 ,,,,,101011,,弘明,弘明,,,,,,,「みなとが可愛いから、つい、な」
622300 ,,,,,101011,,,,,,,,,,　そういって俺は笑うと、また少し強引にみなとと唇を重ねる。
622400 ,,,,,101011,,みなと,みなと,02min058_008.wav,minato,0,,,,「あっ、んんっ、ちゅるっ……ちゅっ、んむっ、あんっ……」
622500 ,,,,,101011,,,,,,,,,,　柔らかな唇を割って俺の舌を侵入させ、みなとの幼くて小さい舌に絡ませる。
622600 ,,,,,101011,,みなと,みなと,02min058_009.wav,minato,0,,,,「んっ、ちゅ……んちゅっ、ちゅっ……んんっ……」
622700 ,,,,,101011,,,,,,,,,,　顔の角度を何度も変えながら、唾液の交換を繰り返す。それから俺はおもむろにペニスを取り出すと、みなとの股間にそっと当てた。
622800 ,,,,,101011,,弘明,弘明,,,,,,,「みなと……挿れるぞ」
622900 ,,,,,101011,,みなと,みなと,02min058_010.wav,minato,0,,,,「えっ……？　」
623100 ,,,,,101012,,,,,,,,,,　俺はみなとのブリーフのワレメを広げると、そこに勃起しきったペニスを突き入れる。
623200 ,,,,,101012,,みなと,みなと,02min058_011.wav,minato,0,,,,「あっ、あぁぁんっ！？　お兄ちゃん……！？」
623300 ,,,,,101012,,,,,,,,,,　みなとは驚いた表情で、俺の顔を見た。
623400 ,,,,,101012,,弘明,弘明,,,,,,,「今日はブリーフをおま○こみたいにして、女の子のようにエッチしてあげるよ」
623500 ,,,,,101012,,みなと,みなと,02min058_012.wav,minato,0,,,,「えっ、そんな……あっ、はぁぁっ……」
623600 ,,,,,101012,,,,,,,,,,　ブリーフの柔らかな生地の間を抜けると、亀頭はみなとの体温を直に感じ取った。
623700 ,,,,,101012,,みなと,みなと,02min058_013.wav,minato,0,,,,「あっ、んんっ……あんんっ、ああ……」
623800 ,,,,,101012,,,,,,,,,,　俺はそのまま、腰を前後に動かし始める。勃起しきったペニスが、みなとの柔らかい下腹部や、チ○チンや、袋を、ぐちゅぐちゅと犯していた。
623900 ,,,,,101012,,みなと,みなと,02min058_014.wav,minato,0,,,,「んあっ、ああっ、あんっ！　あ……おにぃ、ちゃ……すごい、よぉ……」
624000 ,,,,,101012,,,,,,,,,,　みなとの悩ましげな表情を見ていると、さらなる情欲がわいてきて、なんだかレイプしているような倒錯的な気分になってしまう。
624100 ,,,,,101012,,みなと,みなと,02min058_015.wav,minato,0,,,,「んああっ、あんんっ！　あっ、ああっ、んん……」
624200 ,,,,,101012,,,,,,,,,,　最初、ローションを使った方が良かったかな……と思ったけど、その心配はすぐに解消された。
624300 ,,,,,101012,,,,,,,,,,　俺とみなとのこすれあう部分は粘性のある液体に包まれ、すぐにぬるぬると滑りやすくなっていく。
624400 ,,,,,101012,,弘明,弘明,,,,,,,「んっ、んんっ……これ……カウパーか？」
624500 ,,,,,101012,,,,,,,,,,　みなとのチ○チンが、まるで女の子の愛液みたいにカウパーを湧き出させていた。
624600 ,,,,,101012,,弘明,弘明,,,,,,,「みなとは、カウパーが多いもんな」
624700 ,,,,,101012,,みなと,みなと,02min058_016.wav,minato,0,,,,「んっ、あうっ……かうぱー……おおい、って……？」
624800 ,,,,,101012,,弘明,弘明,,,,,,,「気持ちよくなると、すぐチ○チンからぴゅるぴゅる噴き出しちゃうってコト」
624900 ,,,,,101012,,みなと,みなと,02min058_017.wav,minato,0,,,,「やぁぁっ……ボク、そんなことないよぉ……」
625000 ,,,,,101012,,弘明,弘明,,,,,,,「じゃあ、パンツの中のこのぬるぬるはなんだ？」
625100 ,,,,,101012,,,,,,,,,,　俺はブリーフの中に手を突っ込むと、粘液にまみれた２本のペニスをぐちゅぐちゅとからめた。
625200 ,,,,,101012,,みなと,みなと,02min058_018.wav,minato,0,,,,「やっ、あぁぁんっ！　あ、あう……これは……」
625300 ,,,,,101012,,弘明,弘明,,,,,,,「みなとのチ○チンからぴゅるぴゅる出てきた、カウパーだろ？」
625400 ,,,,,101012,,みなと,みなと,02min058_019.wav,minato,0,,,,「う、うん……」
625500 ,,,,,101012,,,,,,,,,,　みなとは、観念したように顔を赤らめてつぶやく。
625600 ,,,,,101012,,みなと,みなと,02min058_020.wav,minato,0,,,,「お兄ちゃんにちょっとこすられるだけでね、おち○ちん、ぴゅるぴゅるしちゃうの……」
625700 ,,,,,101012,,弘明,弘明,,,,,,,「まるで女の子みたいに濡れちゃうんだな、みなとは」
625800 ,,,,,101012,,みなと,みなと,02min058_021.wav,minato,0,,,,「女の子も、かうぱー出るの？」
625900 ,,,,,101012,,弘明,弘明,,,,,,,「女の子のはカウパーじゃないけど……チ○チンを入れやすくするために出るんだよ」
626000 ,,,,,101012,,みなと,みなと,02min058_022.wav,minato,0,,,,「そうなんだ……」
626100 ,,,,,101012,,弘明,弘明,,,,,,,「みなとのチ○チンも、俺と気持ちよくなりたくてぴゅるぴゅる出ちゃってるのかな」
626200 ,,,,,101012,,みなと,みなと,02min058_023.wav,minato,0,,,,「え……う、うん。きっとそうだよ……ボク、お兄ちゃんときもちよくするの、すきだもん……」
626300 ,,,,,101012,,弘明,弘明,,,,,,,「俺も好きだぞ、みなと……」
626400 ,,,,,101012,,みなと,みなと,02min058_024.wav,minato,0,,,,「お兄ちゃん……んんっ」
626500 ,,,,,101012,,,,,,,,,,　俺はみなとの唇に再び口づけると、みなとの勃起したチ○チンに自分のチ○チンをこすり付けた。
626600 ,,,,,101012,,,,,,,,,,　ブリーフの中で、粘液にまみれて大小二つのペニスが絡み合っていく。
626700 ,,,,,101012,,みなと,みなと,02min058_025.wav,minato,0,,,,「んんっ、あっ、すごい……お兄ちゃんのおち○ちん、くちゅくちゅってきもちいい……！」
626800 ,,,,,101012,,弘明,弘明,,,,,,,「みなと、かわいいぞ……ちゅ……」
626900 ,,,,,101012,,みなと,みなと,02min058_026.wav,minato,0,,,,「んあっ、あうっ……ああっ、あっ、あっ……」
627000 ,,,,,101012,,,,,,,,,,　俺はみなとの片足を抱え上げ、ブリーフの中に強くペニスをこすり付ける。
627100 ,,,,,101012,,,,,,,,,,　俺のペニスは、柔らく弾力のあるみなとの性器に包まれて、強烈な快感を得ていた。
627200 ,,,,,101012,,みなと,みなと,02min058_027.wav,minato,0,,,,「はぁ……あっ、んっ、ああっ、あっあっ、んんんぁっ！」
627300 ,,,,,101012,,,,,,,,,,　強烈な快感はみなとも得ているらしく、みなとは声を震わせて可愛らしくあえいでいた。
627400 ,,,,,101012,,弘明,弘明,,,,,,,「みなと……まるで女の子みたいに、あえぐんだな……」
627500 ,,,,,101012,,みなと,みなと,02min058_028.wav,minato,0,,,,「ボク……おち○ちんきもちよすぎて、よくわかんないけど……」
627600 ,,,,,101012,,弘明,弘明,,,,,,,「ん？」
627700 ,,,,,101012,,みなと,みなと,02min058_029.wav,minato,0,,,,「えっとね……ボク、お兄ちゃんにおち○ちん入れてもらってるとね……ときどき、わかんなくなるの……。ボクが男の子なのか、女の子なのか……」
627800 ,,,,,101012,,,,,,,,,,　俺はみなとの頬に軽くキスをすると、その疑問に答えた。
628200 ,"$menu_begin ,mem_no",,,,,,,,,,,,,,
↓,"$menu_item 0,みなとは、男の子だよ,ev10101a",,,,,,,,,,,,,,
↓,"$menu_item 1,みなとは、女の子だよ,ev10101b",,,,,,,,,,,,,,
↓,$menu_end,,,,,,,,,,,,,,
628300 ,,,,,,,,,,,,,,,エラー行
628400 ,,,,,,,,,,,,,,,エラー行
628500 ,*ev10101a,,,,,,,,,,,,,,
628700 ,,,,,101012,,弘明,弘明,,,,,,,「みなとは、男の子だよ。俺の恋人の……とってもかわいい、男の子だ」
628800 ,,,,,101012,,,,,,,,,,　みなとは、俺の言葉を確認するかのように繰り返した。
628900 ,,,,,101012,,みなと,みなと,02min058_030.wav,minato,0,,,,「うん……ボク、男の子……。お兄ちゃんのこいびとの、おとこのこ……」
629000 ,,,,,101012,,弘明,弘明,,,,,,,「ああ、そうだ……みなと……ちゅ」
629100 ,,,,,101012,,みなと,みなと,02min058_031.wav,minato,0,,,,「お兄ちゃん……んっ」
629200 ,,,,,101012,,,,,,,,,,　俺たちは何度も口づけ、そして唾液を絡ませる。
629300 ,,,,,101012,,みなと,みなと,02min058_032.wav,minato,0,,,,「お兄ちゃん……だいすき……」
629500 ,$go ev10101end,,,,,,,,,,,,,,
629600 ,,,,,,,,,,,,,,,
629700 ,*ev10101b,,,,,,,,,,,,,,
629900 ,,,,,101012,,弘明,弘明,,,,,,,「みなとは、女の子だろう？　身体は関係ない……。気持ちが、大事なんだ」
630000 ,,,,,101012,,みなと,みなと,02min058_033.wav,minato,0,,,,「うん……ボク、女の子……」
630100 ,,,,,101012,,,,,,,,,,　みなとは陶酔したような表情で、静かにつぶやく。
630200 ,,,,,101012,,みなと,みなと,02min058_034.wav,minato,0,,,,「ボクは女の子だから、お兄ちゃんのこいびとでもいいんだよね……？」
630300 ,,,,,101012,,弘明,弘明,,,,,,,「もちろんだ。みなとは、れっきとした俺の恋人だよ」
630400 ,,,,,101012,,みなと,みなと,02min058_035.wav,minato,0,,,,「ありがと……。お兄ちゃん、だいすきだよ……」
630500 ,,,,,101012,,弘明,弘明,,,,,,,「俺も大好きだぞ、みなと……」
630600 ,,,,,101012,,,,,,,,,,　俺は腰を更に動かして、みなとの熱いおま○こをむさぼるように求めた。
630700 ,,,,,101012,,みなと,みなと,02min058_036.wav,minato,0,,,,「お、お兄ちゃん……あっ、んんっ……！」
630800 ,$go ev10101end,,,,,,,,,,,,,,
630900 ,,,,,,,,,,,,,,,
631000 ,*ev10101end,,,,,,,,,,,,,,
631200 ,,,,,101012,,,,,,,,,,　ウラスジに、みなとの柔らかい肌を感じる。そしてコリコリとした感触の、小さな勃起ペニス。
631300 ,,,,,101012,,弘明,弘明,,,,,,,「みなと……もっと激しくするけど、いいか？」
631400 ,,,,,101012,,みなと,みなと,02min058_037.wav,minato,0,,,,「うん……お兄ちゃん、はげしくしていいよ……」
631500 ,,,,,101012,,みなと,みなと,02min058_038.wav,minato,0,,,,「お兄ちゃん……あっあっあっ……はぁっ、あぅっ……んんっ……」
631600 ,,,,,101012,,,,,,,,,,　みなとの細い足を持ち上げ、ぐいぐいとペニスを擦りつけ、宣言通りみなとを激しく犯していく。
631700 ,,,,,101012,,,,,,,,,,　みなとも快感の吐息を漏らし、手にしたクッションにしがみついた。
631800 ,,,,,101012,,弘明,弘明,,,,,,,「みなと……みなとっ……」
631900 ,,,,,101012,,みなと,みなと,02min058_039.wav,minato,0,,,,「お兄ちゃ……お兄ちゃん……っ」
632000 ,,,,,101012,,,,,,,,,,　だんだんと熱い塊がこみ上げてくるのを感じ、俺は射精の瞬間が近づいているのを知る。
632100 ,,,,,101012,,,,,,,,,,　外出しは、考えられなかった。
632200 ,,,,,101012,,弘明,弘明,,,,,,,「くっ、ううっ、みなと……。みなとの中に、出すぞ……！」
632300 ,,,,,101012,,みなと,みなと,02min058_040.wav,minato,0,,,,「ああっ、んっ、お兄ちゃん……ボクの中に出してっ……！」
632400 ,,,,,101012,,,,,,,,,,　大きなペニスと小さなペニスが、くちゅくちゅと音を立てて激しくこすれ合う。
632500 ,,,,,101012,,みなと,みなと,02min058_041.wav,minato,0,,,,「あうっ、あんっ、もう、だめぇ……」
632600 ,,,,,101012,,弘明,弘明,,,,,,,「うう、俺も……出る……あああっ……！！」
632700 ,,,,,101012,,みなと,みなと,02min058_042.wav,minato,0,,,,「ボクも……ボクもイッちゃうよぉ……！　あんっ、あっ、んんっ、あう……あっ、あっ、ああっ、んああぁぁぁぁ……っ！！」
633000 ,,<!ef_shasei>,,,101013,,,,,,,,,,　脊髄を激しい快感が駆け抜けるのと同時に、俺はみなとのブリーフの中へ大量の精液を解き放った。
633100 ,,,,,101013,,みなと,みなと,02min058_043.wav,minato,0,,,,「あっ、ああっ！　お兄ちゃんの精子、ボクのパンツの中に出てるっ……！！」
633200 ,,,,,101013,,弘明,弘明,,,,,,,「みなと……っ！　んっ……！」
633300 ,,,,,101013,,,,,,,,,,　俺は射精しながら、なおも腰をみなとにこすりつけ、さらなる射精をあおる。
633400 ,,,,,101013,,みなと,みなと,02min058_044.wav,minato,0,,,,「ひぁっ！　あっふぁぁっ！　お兄ちゃん、すご……すごいよ……っ！」
633500 ,,,,,101013,,,,,,,,,,　ブリーフの中、大量の精液でぬるぬるになってこすれあう、俺とみなとのペニス。
633600 ,,,,,101013,,みなと,みなと,02min058_045.wav,minato,0,,,,「すごい……精子いっぱい……あついよぉ……」
633700 ,,,,,101013,,,,,,,,,,　俺と同時に、みなとも果てていた。俺のペニスの下で、みなとのチ○チンも小さく震えている。
633800 ,,,,,101013,,,,,,,,,,　二人の精液が、ブリーフの中で混ざり合っていた。
633900 ,,,,,101013,,弘明,弘明,,,,,,,「みなとも、イッたんだな……」
634000 ,,,,,101013,,みなと,みなと,02min058_046.wav,minato,0,,,,「うん……。ボク、イッちゃった……」
634100 ,,,,,101013,,,,,,,,,,　みなとは、上気した頬で幸せそうに微笑む。
634200 ,,,,,101013,,,,,,,,,,　俺は、その桃のような頬にやさしく口づけた。
634300 ,,,,,101013,,みなと,みなと,02min058_047.wav,minato,0,,,,「ん……▼」
634400 ,,,,,101013,,弘明,弘明,,,,,,,「かわいかったぞ、みなと……」
634500 ,,,,,101013,,みなと,みなと,02min058_048.wav,minato,0,,,,「きもちよかった……。お兄ちゃん、すごいんだもん……」
634600 ,,,,,101013,,,,,,,,,,　みなとはそう言うと、ふと気づいたようにパンツに目をやる。
634700 ,,,,,101013,,みなと,みなと,02min058_049.wav,minato,0,,,,「あん……パンツの中、お兄ちゃんとボクの精子で、いっぱい……」
634800 ,,,,,101013,,弘明,弘明,,,,,,,「ごめんな、気持ち悪かったか？」
634900 ,,,,,101013,,みなと,みなと,02min058_050.wav,minato,0,,,,「ううん、そんなことないよ……」
635000 ,,,,,101013,,,,,,,,,,　俺が少し腰を引いてみると、二人の精液にまみれたペニス同士が、ブリーフの中でにちゅっと淫靡な音を立てた。
635100 ,,,,,101013,,みなと,みなと,02min058_051.wav,minato,0,,,,「あんっ！？」
635200 ,,,,,101013,,弘明,弘明,,,,,,,「すごいな……。みなとのパンツの中、俺たちの精液でぐちゃぐちゃだ……」
635300 ,,,,,101013,,みなと,みなと,02min058_052.wav,minato,0,,,,「お兄ちゃんが、すっごくえっちにするんだもん……」
635400 ,,,,,101013,,弘明,弘明,,,,,,,「みなとが可愛くてさ……つい」
635500 ,,,,,101013,,,,,,,,,,　そう言いながら、俺は再びゆっくりと腰のストロークを開始してみる。
635600 ,,,,,101013,,みなと,みなと,02min058_053.wav,minato,0,,,,「あっ、あんっ！　ボク、精子出したばっかりだから……ダメだってばぁ……ああんっ！」
635700 ,,,,,101013,,,,,,,,,,　射精したばかりでまだ敏感なペニス同士がこすれあい、背筋にしびれるような快感をもたらしてくる。
635800 ,,,,,101013,,みなと,みなと,02min058_054.wav,minato,0,,,,「やっ、あぅぅん……」
635900 ,,,,,101013,,弘明,弘明,,,,,,,「なんだか……抜くのがもったいない気もするな」
636000 ,,,,,101013,,みなと,みなと,02min058_055.wav,minato,0,,,,「いいよ、お兄ちゃん……ボクのパンツの中で、もうちょっとおち○ちん、こすりっこしても……」
636100 ,,,,,101013,,弘明,弘明,,,,,,,「ああ」
636200 ,,,,,101013,,,,,,,,,,　俺は小さくうなずくと、みなとのチ○チンと袋をこすり上げるように、ゆっくりと腰を動かす。
636300 ,,,,,101013,,みなと,みなと,02min058_056.wav,minato,0,,,,「あっ、あっ、きもちいい……お兄ちゃん……ボクのおち○ちん、お兄ちゃんのおち○ちんで、こしこししてぇ……」
636400 ,,,,,101013,,,,,,,,,,　みなとは精液というより潮に近いサラサラの液体を、噴き出し始めた。
636500 ,,,,,101013,,みなと,みなと,02min058_057.wav,minato,0,,,,「んっ、あっ、んんっ、とまんない……。ボク、おち○ちんからぴゅるぴゅるするの、とまんないよぉ……」
636600 ,,,,,101013,,弘明,弘明,,,,,,,「潮噴きみたいだな……。女の子も感じすぎると、そうやってえっちな汁が吹き出しちゃうんだぞ？」
636700 ,,,,,101013,,みなと,みなと,02min058_058.wav,minato,0,,,,「そ、そうなんだ……ふぁっ……ああ、まだ……」
636800 ,,,,,101013,,弘明,弘明,,,,,,,「なんだか俺も、もう一回射精したくなってきた……」
636900 ,,,,,101013,,みなと,みなと,02min058_059.wav,minato,0,,,,「うん……いいよ、お兄ちゃん……。もっとボクの中に出して……」
637000 ,$event_return,,,,101013,,,,,,,,,,
637100 ,,<m_fade fadeout=""2000"">,0,,101013,,,,,,,,,,
637200 ,,<s_fade time=""2500"">,,9000,,,,,,,,,,,
637400 ,"$fset %ev10101,0",,,,,,,,,,,,,,
637470 ,"$cmp %min_log1,==,1",,,,,,,,,,,,,,
637480 ,$false,,,,,,,,,,,,,,
↓,"$fset %ev10051,1",,,,,,,,,,,,,,
637600 ,$return,,,,,,,,,,,,,,
637700 ,,,,,,,,,,,,,,,
637800 ,,,,,,,,,,,,,,,
638000 ,*ev10111,,,,,,,,,,,,,,
638600 ,,,1,1011,,,弘明,弘明,,"minato,uniform",↓,,,,「みーなとっ」
638700 ,,,,,,,みなと,みなと,02min059_001.wav,"minato,uniform",15,,,,「あんっ……お兄ちゃん……」
638800 ,,,,,,,,,,minato,15,,,,　テレビを見ていたみなとに後ろから抱きつき、その匂いを嗅ぐ。
638900 ,,,,,,,弘明,弘明,,minato,15,,,,「はぁ……しあわせ……」
639000 ,,,,,,,みなと,みなと,02min059_002.wav,minato,14,,,,「も、もう、お兄ちゃんったら……」
639100 ,,,,,,,,,,minato,14,,,,　あまり汗をかかないみなととはいえ、そこは夏。
639200 ,,,,,,,,,,minato,14,,,,　甘い汗の香りが、なんとも心地いい。
639300 ,,,,,,,,,,minato,14,,,,　俺はその香りをいっぱいに吸い込むと、もっとみなとの匂いを嗅ぎたくなってきてしまった。
639400 ,,<m_fade fadeout=""2500"" fadein=""1500"">,11,,,,弘明,弘明,,minato,14,,,,「みなと……えっちしよっか」
639500 ,,,,,,,みなと,みなと,02min059_003.wav,minato,6,,,,「う、うん……今日は、どういう風にするの……？」
639600 ,,,,,,,弘明,弘明,,minato,6,,,,「みなとは、どういう風にしたい？」
639700 ,,,,,,,みなと,みなと,02min059_004.wav,minato,8,,,,「えっ？　えっと……」
639800 ,,,,,,,,,,minato,8,,,,　みなとにそういう質問をすると、たいていの場合は答えられずに固まってしまう。
639900 ,,,,,,,,,,minato,8,,,,　でも今日は少し迷ったくらいで、その意志を伝えてきた。
640000 ,,,,,,,みなと,みなと,02min059_005.wav,minato,5,,,,「あのね……あの……」
640100 ,,,,,,,弘明,弘明,,minato,5,,,,「んっ？　なんだ？」
640200 ,,,,,,,みなと,みなと,02min059_006.wav,minato,6,,,,「いつもボクがしてもらってばっかりだから……お兄ちゃんのおち○ちん、きもちよくしてあげたい……」
640300 ,,,,,,,弘明,弘明,,minato,6,,,,「むぅ、ふむぅ……」
640400 ,,,,,,,みなと,みなと,02min059_007.wav,minato,8,,,,「だ、だめ……？」
640500 ,,,,,,,,,,minato,8,,,,　わざとらしく考え込むと、みなとは不安げな顔をこちらに向ける。
640600 ,,,,,,,弘明,弘明,,minato,8,,,,「実は、俺もみなとのチ○チンを気持ちよくしてあげたいと思ってたところなんだ」
640700 ,,,,,,,みなと,みなと,02min059_008.wav,minato,60,,,,「えっ、それじゃ……」
640800 ,,,,,,,弘明,弘明,,minato,60,,,,「大丈夫。どっちも解決するいい手があるぞ。みなと、ズボンを脱いで、そっち向きに寝てみてくれるか」
640900 ,,,,,,,みなと,みなと,02min059_009.wav,minato,0,,,,「えっ、う、うん……」
641100 ,*mem_ev11,,,,,,,,,,,,,,
641200 ,,,11,1011,101111,,,,,,,,,,
641300 ,,,,,101111,,,,,,,,,,　みなとが横向きに寝ると、俺はすで勃起していたペニスを出して、みなとと上下逆に寝る。
641400 ,,,,,101111,,みなと,みなと,02min059_010.wav,minato,0,,,,「わ……」
641500 ,,,,,101111,,,,,,,,,,　俺の勃起したペニスが目の前に来て、みなとは小さく驚きの声を上げた。
641600 ,,,,,101111,,,,,,,,,,　対してみなとのブリーフに包まれたチ○チンは、俺の眼前にある。
641700 ,,,,,101111,,,,,,,,,,　いわゆる、シックスナインの体勢だ。
641800 ,,,,,101111,,弘明,弘明,,,,,,,「みなと……」
641900 ,,,,,101111,,,,,,,,,,　俺はみなとのぷっくりとした袋に顔を寄せると、鼻から息を吸い込んだ。
642000 ,,,,,101111,,,,,,,,,,　みなとの性器から発する、甘く温かい香りが鼻腔に満ちる。俺はそのふくらみへ、更に顔を近づけた。
642100 ,,,,,101111,,みなと,みなと,02min059_011.wav,minato,0,,,,「んっ、あっ……お兄ちゃん……？」
642200 ,,,,,101111,,,,,,,,,,　みなとの頭の位置からは、俺が何をしているかよく見えないらしい。けど、俺の手の動きや吐息の気配からだいたいの見当は付くようだ。
642300 ,,,,,101111,,みなと,みなと,02min059_012.wav,minato,0,,,,「やぁぁ、お兄ちゃん……ボクのパンツ、くんくんしてるの……？」
642400 ,,,,,101111,,弘明,弘明,,,,,,,「ああ……みなとのここ、すごくいい匂いがする。女の子みたいな、甘い匂いが」
642500 ,,,,,101111,,みなと,みなと,02min059_013.wav,minato,0,,,,「やっ、やっ、ダメだよぉ……！　タマタマ、くんくんしちゃダメぇ……！」
642600 ,,,,,101111,,,,,,,,,,　だんだんと近づいていく鼻先が、みなとのパンツに触れる。俺はそのまま、柔らかいふくらみに鼻と唇をうずめた。
642700 ,,,,,101111,,みなと,みなと,02min059_014.wav,minato,0,,,,「んっ、あっ……ああんっ！　やっ、あっ……パンツに、お口つけちゃきたないよぉ……んんんっ、あうっ！」
642800 ,,,,,101111,,弘明,弘明,,,,,,,「汚くないって……みなとのなら」
642900 ,,,,,101111,,,,,,,,,,　俺はいちど唇を離すと、今度はとがらせた舌先でみなとのふくらみをつつく。
643000 ,,,,,101111,,みなと,みなと,02min059_015.wav,minato,0,,,,「やっ、んんっ……あっ……んっ、あんんっ！」
643100 ,,,,,101111,,,,,,,,,,　舌を何度も押し込んでいくと、舌先に固いものが当たった。
643200 ,,,,,101111,,みなと,みなと,02min059_016.wav,minato,0,,,,「んあっ、んっ……やだよぉ……ベロでタマタマつんつんしちゃイヤぁ……」
643300 ,,,,,101111,,弘明,弘明,,,,,,,「みなとのタマタマ、コリコリしておいしそうだよ」
643400 ,,,,,101111,,みなと,みなと,02min059_017.wav,minato,0,,,,「やぁぁっ、はずかしい……んっ、あぅっ！」
643500 ,,,,,101111,,,,,,,,,,　俺はそのまま、舌先での愛撫を続けた。ときどき、口を大きく開けてみなとのふくらみ全体にかぶりつく。
643600 ,,,,,101111,,みなと,みなと,02min059_018.wav,minato,0,,,,「あんっ！　んあっ、あ……」
643700 ,,,,,101111,,,,,,,,,,　俺の唾液で、薄い下着がしっとりと濡れていた。
643800 ,,,,,101111,,弘明,弘明,,,,,,,「みなと、俺のチ○チンもちゃんとしゃぶるんだぞ」
643900 ,,,,,101111,,,,,,,,,,　そう言って、みなとにも愛撫を促した。
644000 ,,,,,101111,,弘明,弘明,,,,,,,「この前、俺がみなとにしてあげたように……俺のチ○チンしゃぶってみるんだ」
644100 ,,,,,101111,,みなと,みなと,02min059_019.wav,minato,0,,,,「うん……」
644200 ,,,,,101111,,,,,,,,,,　みなとはおずおずとペニスを手に取り、亀頭を口に含む。
644300 ,,,,,101111,,みなと,みなと,02min059_020.wav,minato,0,,,,「んっ……あむ……ちゅっ……」
644400 ,,,,,101111,,弘明,弘明,,,,,,,「もっとツバをつけるようにして……そうそう……」
644500 ,,,,,101111,,みなと,みなと,02min059_021.wav,minato,0,,,,「んんっ、あむ……んんんっ、ちゅるっ、ちゅ……」
644600 ,,,,,101111,,弘明,弘明,,,,,,,「ううっ、ああ……そうだ……いいぞ、みなと」
644700 ,,,,,101111,,,,,,,,,,　柔らかく小さなみなとの唇に包まれ、俺のペニスが快感に震えた。
644800 ,,,,,101111,,,,,,,,,,　みなとの口の中は、下手をするとおしりの中よりも熱く感じる。
644900 ,,,,,101111,,みなと,みなと,02min059_022.wav,minato,0,,,,「んっ、んんっ……ちゅるっ、るっ、ちゅるるっ……あう……」
645000 ,,,,,101111,,弘明,弘明,,,,,,,「そう、ん……みなとの口の中、熱いな……」
645100 ,,,,,101111,,みなと,みなと,02min059_023.wav,minato,0,,,,「ちゅぱ……ん、お兄ちゃん……んちゅ……」
645200 ,,,,,101111,,,,,,,,,,　みなとのペニスは、パンツの下で切なそうにひくひくと動いている。
645300 ,,,,,101111,,弘明,弘明,,,,,,,「みなと……チ○チン、勃起してきたな」
645400 ,,,,,101111,,みなと,みなと,02min059_024.wav,minato,0,,,,「ふぇ……？」
645500 ,,,,,101111,,,,,,,,,,　俺も負けじとみなとのチ○チンに口づけ、そのまま勃起してきたサオの部分を軽く噛んだ。
645600 ,,,,,101111,,みなと,みなと,02min059_025.wav,minato,0,,,,「ひあっ！？　あっ、んぁんっ、食べちゃだめぇ……っ！」
645700 ,,,,,101111,,,,,,,,,,　俺のペニスから口を離して、みなとは抗議の声を上げる。
645800 ,,,,,101111,,,,,,,,,,　しかし、そんな抗議の声に従う気もなければ、いつまでもパンツ越しで我慢できる俺でもない。
645900 ,,,,,101111,,弘明,弘明,,,,,,,「パンツ、めくるぞ」
646000 ,,,,,101111,,みなと,みなと,02min059_026.wav,minato,0,,,,「んっ……あ……」
646100 ,,,,,101111,,,,,,,,,,　俺は下着に手をかけて、そっと降ろし始める。すでにみなとも、さしたる抵抗はしなかった。
646300 ,,,,,101112,,みなと,みなと,02min059_027.wav,minato,0,,,,「やっ、あん……」
646400 ,,,,,101112,,,,,,,,,,　下着を少しだけ下げると、みなとの勃起したチ○チンがぷるんと出てきた。その瞬間、ふっと別の匂いが香る。
646500 ,,,,,101112,,弘明,弘明,,,,,,,「んんっ？　……なあ、みなと」
646600 ,,,,,101112,,みなと,みなと,02min059_028.wav,minato,0,,,,「な、なぁに……？　お兄ちゃん……」
646700 ,,,,,101112,,弘明,弘明,,,,,,,「今日、学校とかで……オナニー、した？」
646800 ,,,,,101112,,みなと,みなと,02min059_029.wav,minato,0,,,,「えっ、ええぇぇっ！？　あ……あう……」
646900 ,,,,,101112,,,,,,,,,,　俺にそう聞かれたみなとは、突然しどろもどろになる。
647000 ,,,,,101112,,弘明,弘明,,,,,,,「……やっぱり、したな？」
647100 ,,,,,101112,,みなと,みなと,02min059_030.wav,minato,0,,,,「う、うん…………しちゃった……。ごめんなさい……」
647200 ,,,,,101112,,弘明,弘明,,,,,,,「いっ、いや、なにも謝らなくていいんだよ。ただ、オナニーしたのか聞きたかっただけだから」
647300 ,,,,,101112,,,,,,,,,,　みなとは恥ずかしそうに、再度うなずいた。
647400 ,,,,,101112,,弘明,弘明,,,,,,,「そうか、やっぱりな」
647500 ,,,,,101112,,みなと,みなと,02min059_031.wav,minato,0,,,,「えっと、その、ボク……お兄ちゃんとえっちするの、がまんできなくて……」
647600 ,,,,,101112,,弘明,弘明,,,,,,,「エッチな子だな、みなとは」
647700 ,,,,,101112,,みなと,みなと,02min059_032.wav,minato,0,,,,「う、うん……ボク、えっちかも……」
647800 ,,,,,101112,,,,,,,,,,　しばらく恥ずかしげに黙った後、みなとはふと気がついた様に疑問をもらす。
647900 ,,,,,101112,,みなと,みなと,02min059_033.wav,minato,0,,,,「でも、お兄ちゃん……なんでわかったの……？」
648000 ,,,,,101112,,弘明,弘明,,,,,,,「さっきパンツをめくった時、ちょっとだけ精液の匂いがした」
648100 ,,,,,101112,,みなと,みなと,02min059_034.wav,minato,0,,,,「うそっ……！？」
648200 ,,,,,101112,,,,,,,,,,　みなとはうわずった声をあげて狼狽し、上半身を起こそうとする。
648300 ,,,,,101112,,みなと,みなと,02min059_035.wav,minato,0,,,,「ほ、ほんと……！？　ほんとに、そんなにおいがしたの……？」
648400 ,,,,,101112,,弘明,弘明,,,,,,,「まあ、ほんのちょっとだけどな」
648500 ,,,,,101112,,みなと,みなと,02min059_036.wav,minato,0,,,,「あう……どうしよう……。みんなも気がついてたのかな……」
648700 ,,,,,101112,,弘明,弘明,,,,,,,「大丈夫だって。パンツをめくらないと、気付かないくらいのかすかなものだから」
648800 ,,,,,101112,,みなと,みなと,02min059_037.wav,minato,0,,,,「うん……」
648900 ,,,,,101112,,弘明,弘明,,,,,,,「心配性だなあ、みなとは。……んちゅっ」
649000 ,,,,,101112,,みなと,みなと,02min059_038.wav,minato,0,,,,「あんっ？　やぁんっ、お兄ちゃん……」
649400 ,,,,,101112,,みなと,みなと,02min059_040.wav,minato,0,,,,「んっ、あむ……くちゅ……んんっ、あむっ、んちゅ……」
649500 ,,,,,101112,,,,,,,,,,　小さな唇が亀頭を繰り返し撫で、細い舌先が鈴口をくすぐる。
649600 ,,,,,101112,,弘明,弘明,,,,,,,「うっ、んんっ……そうだ、みなと……いいぞ……」
649700 ,,,,,101112,,みなと,みなと,02min059_041.wav,minato,0,,,,「んんっ、んちゅっ……」
649800 ,,,,,101112,,弘明,弘明,,,,,,,「先っぽの部分だけじゃなく、カリの裏のところとか、サオの部分の方も……あぁ……」
649900 ,,,,,101112,,みなと,みなと,02min059_042.wav,minato,0,,,,「ちゅる……ぺちゅ……んちゅ……」
650000 ,,,,,101112,,弘明,弘明,,,,,,,「んんっ……なかなか上手いぞ……。それじゃ、俺も……」
650100 ,,,,,101112,,,,,,,,,,　俺はみなとのチ○チンに沿って舌を這わせ、カウパーを舐め取り、小さな亀頭を刺激する。
650200 ,,,,,101112,,みなと,みなと,02min059_043.wav,minato,0,,,,「んっ、んぁぁっ！　あっ、ああっ、あ……お兄ちゃ、ん……んんっ、あむっ……ちゅる、ちゅるるっ……」
650300 ,,,,,101112,,,,,,,,,,　みなとのあえぎ声と、奉仕する水音とが交互に聞こえてくる。
650400 ,,,,,101112,,,,,,,,,,　俺もそのリズムに合わせて、指でみなとのペニスをしごき上げ、もう一方の手でパンツ越しに袋の方を揉んだ
650500 ,,,,,101112,,みなと,みなと,02min059_044.wav,minato,0,,,,「んぁぁっ！　あっ、あ、ふぁぁ……」
650600 ,,,,,101112,,弘明,弘明,,,,,,,「こっちは始めたばかりだぞ？　もうちょっと頑張って」
650700 ,,,,,101112,,みなと,みなと,02min059_045.wav,minato,0,,,,「う、うん、ごめんな、さ……ふぁっ！」
650800 ,,,,,101112,,,,,,,,,,　俺はみなとのチ○チンを指先でいじりつつ、パンツの上から袋の付け根をはむはむと優しく噛む。
650900 ,,,,,101112,,みなと,みなと,02min059_046.wav,minato,0,,,,「ひぁっ、はぁ……」
651000 ,,,,,101112,,弘明,弘明,,,,,,,「ほら、みなと……俺のチ○チンも、気持ちよくして」
651100 ,,,,,101112,,みなと,みなと,02min059_047.wav,minato,0,,,,「は……ふぁい……はむっ、ちゅ……ぷちゅる……」
651200 ,,,,,101112,,,,,,,,,,　みなとの亀頭の先からこぼれ出るカウパーを手のひらに塗り、俺はみなとのチ○チンを手でしごいた。
651300 ,,,,,101112,,みなと,みなと,02min059_048.wav,minato,0,,,,「んっ……ふぁっ、んんっ、あう……もう、出ちゃうよぉ……」
651400 ,,,,,101112,,弘明,弘明,,,,,,,「俺も出そうだから……もうちょっと頑張って……」
651500 ,,,,,101112,,みなと,みなと,02min059_049.wav,minato,0,,,,「ほんと……？　うん、がんばるね……。ちゅっ、んちゅっ……ちゅるるっ、ちゅっ、んんっ……」
651600 ,,,,,101112,,,,,,,,,,　俺の愛撫にビクビクと震えて、みなとの幼いペニスが射精の瞬間を待ち構える。
651700 ,,,,,101112,,,,,,,,,,　一方で俺のペニスも、みなとのたどたどしくも熱心な愛撫で射精の準備を整えていた。
651800 ,,,,,101112,,みなと,みなと,02min059_050.wav,minato,0,,,,「お兄ちゃん……んちゅっ……ちゅぷっ、ちゅ……んんっ……ちゅるっ」
651900 ,,,,,101112,,弘明,弘明,,,,,,,「みなと……いいぞ、上手だ……んくっ……」
652000 ,,,,,101112,,みなと,みなと,02min059_051.wav,minato,0,,,,「んっ、あうっ、んん……んむっ、ちゅるっ、ちゅるるっ……んっ、んあぁぁんっ！　あっ……ふぁ……」
652100 ,,,,,101112,,弘明,弘明,,,,,,,「うっ、ああ……みなと……」
652200 ,,,,,101112,,みなと,みなと,02min059_052.wav,minato,0,,,,「んんっ、ああっ！　あっ、んっ、んん……ダメぇ、イッちゃう……あっ、あっ、ああっ、んあああぁぁぁ……っ！！！」
652500 ,,<!ef_shasei>,,,101113,,弘明,弘明,,,,,,,「うぁぁっ、ああ……」
652600 ,,,,,101113,,,,,,,,,,　俺はこみ上げてきた熱い塊をギリギリまで我慢して、それから一気に解き放つ。
652700 ,,,,,101113,,みなと,みなと,02min059_053.wav,minato,0,,,,「んんんんっ！　ふぁ……んっ、んくっ、んんっ……」
652800 ,,,,,101113,,,,,,,,,,　俺は射精した精液のほとんどを、みなとの口の中に放っていた。
652900 ,,,,,101113,,,,,,,,,,　同時にみなとも幼い精液を懸命に放ち、俺の手や自分のおなかを白く染める。
653100 ,,,,,101113,,弘明,弘明,,,,,,,「いつもより興奮したみたいだな。ちょっと量が多いんじゃないか？」
653200 ,,,,,101113,,,,,,,,,,　みなとに目を向けると、みなとは口をすぼめて目をぎゅっと閉じ、必死にノドを動かしている。
653300 ,,,,,101113,,みなと,みなと,02min059_054.wav,minato,0,,,,「んんっ……んっ……」
653400 ,,,,,101113,,弘明,弘明,,,,,,,「あ、無理に飲む必要ないぞ……？」
653500 ,,,,,101113,,みなと,みなと,02min059_055.wav,minato,0,,,,「んっ、んんっ……んぐっ……こくっ……」
653700 ,,,,,101113,,みなと,みなと,02min059_056.wav,minato,0,,,,「んぐっ、んっ……んぐ……ぷはっ……」
653800 ,,,,,101113,,,,,,,,,,　みなとは俺が出した精液を飲み干し、幸せそうに微笑んだ。
653900 ,,,,,101113,,弘明,弘明,,,,,,,「みなと、嬉しそうだな」
654000 ,,,,,101113,,みなと,みなと,02min059_057.wav,minato,0,,,,「うん……だって、お兄ちゃんのこと、ちゃんときもちよくしてあげられたんだもん……」
654100 ,,,,,101113,,,,,,,,,,　俺はみなとの言葉を汲むつもりで、自分の手についたみなとの精液を指先ですくい上げ、ぺろっと舐める。
654200 ,,,,,101113,,みなと,みなと,02min059_058.wav,minato,0,,,,「だ、だめっ！」
654300 ,,,,,101113,,弘明,弘明,,,,,,,「んっ？」
654400 ,,,,,101113,,みなと,みなと,02min059_059.wav,minato,0,,,,「そ、そんなの、なめないでよぉ……」
654500 ,,,,,101113,,弘明,弘明,,,,,,,「みなとだって、俺の飲んでくれただろう？　だから、ね」
654600 ,,,,,101113,,みなと,みなと,02min059_060.wav,minato,0,,,,「あうぅ……はずかしぃ……」
654700 ,,,,,101113,,,,,,,,,,　人のは良くても、自分のはダメなんだろうか……。みなとは恥ずかしそうに、真っ赤な顔を両手で隠していた。
654800 ,$event_return,,,,101113,,,,,,,,,,
654900 ,,<m_fade fadeout=""2000"">,0,,101113,,,,,,,,,,
655000 ,,<s_fade time=""2500"">,,9000,,,,,,,,,,,
655200 ,"$fset %ev10111,0",,,,,,,,,,,,,,
655240 ,"$cmp %min_log1,==,1",,,,,,,,,,,,,,
655250 ,$false,,,,,,,,,,,,,,
↓,"$fset %ev10051,1",,,,,,,,,,,,,,
655270 ,"$cmp %min_log2,==,1",,,,,,,,,,,,,,
655280 ,$false,,,,,,,,,,,,,,
↓,"$fset %ev10081,1",,,,,,,,,,,,,,
655400 ,$return,,,,,,,,,,,,,,
655500 ,,,,,,,,,,,,,,,
655600 ,,,,,,,,,,,,,,,
655800 ,*ev10121,,,,,,,,,,,,,,
656800 ,,,1,1011,,,弘明,弘明,,"minato,uniform",↓,,,,「みなと、この前買った女の子の服、あるよな？」
656900 ,,,,,,,みなと,みなと,02min060_001.wav,"minato,uniform",0,,,,「うん……。それがどうしたの？」
657000 ,,,,,,,弘明,弘明,,minato,0,,,,「それを来て、デートに行かないか」
657100 ,,,,,,,みなと,みなと,02min060_002.wav,minato,15,,,,「ええっ……？」
657200 ,,,,,,,,,,minato,15,,,,　俺の提案に、みなとは戸惑った顔をして聞き返す。
657300 ,,,,,,,みなと,みなと,02min060_003.wav,minato,8,,,,「お、おんなのこの服じゃないと、ダメなの……？」
657400 ,,,,,,,弘明,弘明,,minato,8,,,,「俺は、その方が嬉しいな」
657500 ,,,,,,,みなと,みなと,02min060_004.wav,minato,6,,,,「あう……」
657600 ,,,,,,,,,,minato,6,,,,　みなとは顔を赤くしてうつむき、上目遣いで俺の目を見ると、小さく息をついた。
657700 ,,,,,,,みなと,みなと,02min060_005.wav,minato,5,,,,「でも、お出かけは……あんまり人がおおいところは、いやだよ……」
657800 ,,,,,,,弘明,弘明,,minato,5,,,,「うーん、そうだな……。ビザンツ山の公園だったら、臨海公園よりは人が少ないぞ。そこだったらどうだ？」
657900 ,,,,,,,みなと,みなと,02min060_006.wav,minato,12,,,,「うん……それなら、いいかも」
658000 ,,,,,,,弘明,弘明,,minato,12,,,,「よし、じゃあ決まりな。次の休みの日、女の子の服を持ってウチに来てくれ」
658400 ,,<hide><!ef_daypass>,0,9000,,,,,,,,,,,
658500 ,,<hide><s_fade time=""1500"" type=""panel"" param=""type=0"">,1,1011,,,,,,,,,,,
658600 ,,,,,,,,,,,,,,,　そして、待ちに待った週末。みなとは、約束通り女の子の服を持ってやってきた。
658800 ,,,,,,,みなと,みなと,02min060_007.wav,"minato,private",8,,,,「お兄ちゃん……これ……」
658900 ,,,,,,,弘明,弘明,,minato,8,,,,「うんうん、早速着替えような」
659000 ,,,,,,,みなと,みなと,02min060_008.wav,minato,5,,,,「えっと……ここで、きがえるんだよね……？」
659100 ,,,,,,,弘明,弘明,,minato,5,,,,「もちろんだよ。……あと、下着はこれな」
659200 ,,,,,,,,,,minato,5,,,,　そう言って俺がみなとに手渡したのは、女物の可愛いパンツ。
659300 ,,,,,,,みなと,みなと,02min060_009.wav,minato,2,,,,「おっ、お兄ちゃん、これ……！？」
659400 ,,,,,,,弘明,弘明,,minato,2,,,,「この前は試着だったから下はブリーフだったけど、今回は完璧を期そうと思ってね」
659500 ,,,,,,,みなと,みなと,02min060_010.wav,minato,15,,,,「か、かんぺきって……」
659600 ,,,,,,,弘明,弘明,,minato,15,,,,「スカートがめくれてブリーフが見られたら、それこそ変に思われるぞ？」
659700 ,,,,,,,みなと,みなと,02min060_011.wav,minato,5,,,,「それは……そうかもしれないけど……でも……」
659800 ,,,,,,,弘明,弘明,,minato,5,,,,「さ、いいからいいから。着がえて着がえて」
659900 ,,,,,,,みなと,みなと,02min060_012.wav,minato,82,,,,「あううぅ……」
660090 ,,<!ef_timepass>,,,,,,,,,,,,,
660100 ,,,,,,,,,,,,,,,　みなとの服は、この前試着室で着た時よりも、少しはスムーズに着せ終えられた。
660200 ,,,,,,,,,,,,,,,　しかも今回は、下着まで女物だ。ランジェリーの通販サイトの仕事をした時にもらったパンツが、こんな時に役に立つとは……。
660400 ,,,,,,,みなと,みなと,02min060_013.wav,"minato,female",6,,,,「お兄ちゃん……これで、いいのかな……」
660500 ,,,,,,,弘明,弘明,,minato,6,,,,「うんうん。完璧だよ、みなと」
660600 ,,,,,,,みなと,みなと,02min060_014.wav,minato,8,,,,「えっと……かがみ、ないの……？」
660700 ,,,,,,,弘明,弘明,,minato,8,,,,「うーん、俺の家には、でっかい鏡はないからな……。風呂場の鏡か、この手鏡ぐらいしかないぞ」
660800 ,,,,,,,,,,minato,8,,,,　俺が直径１０ｃｍちょっとの手鏡を渡すと、みなとは首と鏡をいろんな角度に向けて、全身の様子を把握しようとした。
660900 ,,,,,,,みなと,みなと,02min060_015.wav,minato,14,,,,「あう……これじゃ、どんな風になってるのかよくわからないよぉ……」
661000 ,,,,,,,弘明,弘明,,minato,14,,,,「大丈夫、服はバッチリ着れてるから」
661100 ,,,,,,,みなと,みなと,02min060_016.wav,minato,5,,,,「ほんと……？」
661200 ,,,,,,,弘明,弘明,,minato,5,,,,「ああ、ホントホント。どこも変なところはないよ」
661300 ,,,,,,,,,,minato,5,,,,　俺はなだめるように言って、みなとの手を引く。
661400 ,,,,,,,弘明,弘明,,minato,5,,,,「さあ、出かけようか。みなと」
661500 ,,,,,,,みなと,みなと,02min060_017.wav,minato,82,,,,「あぅ……ほんとに、行くの……？」
661600 ,,,,,,,弘明,弘明,,minato,82,,,,「もちろん。さあ行くぞ、みなと」
661700 ,,,,,,,みなと,みなと,02min060_018.wav,minato,3,,,,「うん……」
661900 ,,<s_fade time=""1500"" type=""panel"" param=""type=3"">,0,9000,,,,,,,,,,,
662000 ,,<wait time=""1000""><s_fade time=""1500"" type=""panel"" param=""type=2"">,6,3011,,,,,,,,,,,
662100 ,,,,,,,,,,,,,,,　俺たちは家からほど近い、通称『ビザンツ山の公園』にやってきた。
662200 ,,,,,,,,,,,,,,,　なんでも明治の昔、この山にあった教会を舞台に、ビザンチン帝国の末裔とトルコのハンターとの間で激しい戦いがあったとか何とか……そんな小説っぽい話が、名前の由来だった気がする。
662300 ,,,,,,,,,,,,,,,　……まあ、それはともかく。
662400 ,,,,,,,みなと,みなと,02min060_019.wav,minato,8,,,,「あっ……まって、お兄ちゃん……」
662500 ,,,,,,,弘明,弘明,,minato,8,,,,「……ん？」
662600 ,,,,,,,みなと,みなと,02min060_020.wav,minato,5,,,,「あんまり、はなれると……ボク……」
662700 ,,,,,,,,,,minato,5,,,,　俺から数歩の距離を離れただけで、みなとは不安がっている。
662800 ,,,,,,,弘明,弘明,,minato,5,,,,「だったらみなと、こうやって手をつないで……くっついていようか」
662900 ,,,,,,,みなと,みなと,02min060_021.wav,minato,6,,,,「あ……」
663000 ,,,,,,,,,,minato,6,,,,　俺はみなとの身体を引き寄せると、肩にそっと腕を回した。
663100 ,,,,,,,,,,minato,6,,,,　さすがに街中でこうやってくっついてるのは恥ずかしいけど、あまり人のいないここならば問題はない。
663200 ,,,,,,,みなと,みなと,02min060_022.wav,minato,60,,,,「お兄ちゃん……」
663300 ,,,,,,,弘明,弘明,,minato,60,,,,「さあ、上まで登ってみようか。港が一望できるぞ」
663400 ,,,,,,,みなと,みなと,02min060_023.wav,minato,85,,,,「うん」
663500 ,,,,,,,,,,,,,,,　俺たちは、小高い丘陵になっているビザンツ山の頂上に向けて歩き始めた。
663600 ,,,,,,,,,,,,,,,　肩を寄せ合い、お互いの体温と少し汗ばむ肌を感じつつ、少しだけ急な階段をのぼっていく。
663700 ,,,,,,,弘明,弘明,,,,,,,「ちょっと暑いけど、気持ちのいい天気だな」
663800 ,,,,,,,みなと,みなと,02min060_024.wav,minato,60,,,,「うん……」
663900 ,,,,,,,弘明,弘明,,minato,60,,,,「みなと、歩きにくくないか？」
664000 ,,,,,,,みなと,みなと,02min060_025.wav,minato,1,,,,「ううん、だいじょうぶだよ……」
664100 ,,<!ef_timepass>,,,,,,,,,,,,,
664200 ,,,,,,,,,,,,,,,　ほどなく、俺たちは頂上に着いた。
664300 ,,,,,,,,,,,,,,,　少し潮の香りの残る海風が、そよそよと吹き抜けていく。
664600 ,,,,,,,弘明,弘明,,,,,,,「んんっ……頂上は、結構風があるな」
664700 ,,,,,,,みなと,みなと,02min060_026.wav,minato,1,,,,「ほんとだ、すずしい……」
664800 ,,,,,,,,,,minato,1,,,,　その瞬間、一陣の風が吹いた。
664900 ,,,,,,,みなと,みなと,02min060_027.wav,minato,15,,,,「きゃんっ！？」
665000 ,,,,,,,,,,minato,15,,,,　吹き抜けた風は、みなとのスカートをまくり上げる。パンツが見えるほどではなかったけど、みなとの綺麗な脚はバッチリと目に映った。
665100 ,,,,,,,みなと,みなと,02min060_028.wav,minato,6,,,,「あぅぅ、足が丸見え……はずかしいよ……」
665200 ,,,,,,,弘明,弘明,,minato,6,,,,「ははは、可愛いぞ、みなと」
665300 ,,,,,,,,,,minato,6,,,,　俺はスカートを押さえて顔を赤くするみなとを抱き寄せると、そっとその頬に口づけた。
665500 ,,<!ef_timepass>,,,,,,,,,,,,,
665600 ,,,,,,,,,,,,,,,　俺たちはしばらくみなとの景色を眺めてから、ビザンツ山の階段を下りてきた。
665700 ,,,,,,,,,,,,,,,　途中、すれ違った人からみなとがいぶかしがられることなど、全くなくて……みなとは、完璧に女の子になっていたと言えるだろう。
665800 ,,,,,,,,,,,,,,,　とはいえ、すれ違った人は片手で数えるほどしかいなかったので、イマイチ張り合いがなかったのも事実。
665900 ,,,,,,,,,,,,,,,　俺はちょっと悪戯心を起こして、みなとに尋ねてみた。
666000 ,,,,,,,弘明,弘明,,,,,,,「なあ、みなと……このまま、商店街まで行ってみないか？」
666100 ,,,,,,,みなと,みなと,02min060_029.wav,minato,8,,,,「ええっ……！？　ボ、ボク……だいじょうぶかな……」
666200 ,,,,,,,弘明,弘明,,minato,8,,,,「絶対バレないって。さっきだって、すれ違った人達は誰も気付かなかっただろ？　今のみなとは、誰がどう見ても完璧に女の子だよ」
666300 ,,,,,,,みなと,みなと,02min060_030.wav,minato,5,,,,「そ、そうかな……。だいじょうぶかな……」
666400 ,,,,,,,弘明,弘明,,minato,5,,,,「大丈夫だよ。……それじゃ行くぞ、みなと」
666500 ,,,,,,,みなと,みなと,02min060_031.wav,minato,15,,,,「あんっ……ちょっと、お兄ちゃん……！」
666600 ,,,,,,,,,,,,,,,　俺はみなとの手を取り、公園の階段を降り始める。
666700 ,,,,,,,,,,,,,,,　……どっかの映画で、こんな感じにお姫様をデートへ連れ出すシーンがあったような……。
666800 ,,,,,,,,,,,,,,,　そんなことを考えながら、俺はみなとの手を引いて喧噪の中へと向かっていった。
667000 ,,<s_fade time=""1500"" type=""panel"" param=""type=3"">,,9000,,,,,,,,,,,
667100 ,,<s_fade time=""1500"" type=""panel"" param=""type=2"">,,3021,,,,,,,,,,,
667200 ,,,,,,,,,,,,,,,　さすがに休日ということもあって、商店街はいつもよりずっと人通りが多かった。
667300 ,,,,,,,,,,,,,,,　俺たちは、腕を組んで……いや、正確にはみなとが俺の腕にしがみついて、人混みの中を歩いていく。
667400 ,,,,,,,,,,,,,,,　まだ不安そうな顔をしているみなとに、俺は笑顔で耳打ちをした。
667500 ,,,,,,,弘明,弘明,,,,,,,「ほら、みなと。誰も、みなとのことを変な目で見ないだろ？」
667600 ,,,,,,,みなと,みなと,02min060_032.wav,minato,85,,,,「うん、そうだね……。ボク、ちゃんと女の子になれてるのかな……」
667700 ,,,,,,,弘明,弘明,,minato,85,,,,「ああ、なれてるよ。ほら、このショーウィンドウを見てみ？」
667800 ,,,,,,,みなと,みなと,02min060_033.wav,minato,0,,,,「えっ……？」
667900 ,,,,,,,,,,minato,0,,,,　みなとは俺に言われるまま、通りに面したショーウィンドウの前に立った。
668000 ,,,,,,,みなと,みなと,02min060_034.wav,minato,2,,,,「あ……」
668100 ,,,,,,,弘明,弘明,,minato,2,,,,「ガラスに、みなとの姿が映ってるだろ？　どうだ、これが男の子に見えるか……？」
668200 ,,,,,,,,,,minato,2,,,,　みなとはしばらく自分の姿を見つめて、それから静かにつぶやいた。
668300 ,,,,,,,みなと,みなと,02min060_035.wav,minato,60,,,,「女の子……だね……」
668400 ,,,,,,,弘明,弘明,,minato,60,,,,「そうだよ。誰が見ても可愛い女の子だ」
668500 ,,,,,,,みなと,みなと,02min060_036.wav,minato,85,,,,「これが……ボクなんだ……」
668600 ,,,,,,,,,,minato,85,,,,　みなとは驚きと喜びが混じったような表情をして、自分の姿が映ったガラスを見つめている。
668700 ,,,,,,,弘明,弘明,,minato,85,,,,「ちょっとは自信がついたか？」
668800 ,,,,,,,,,,minato,85,,,,　俺はみなとの手をくいっと引っ張って、微笑んだ。
668900 ,,,,,,,弘明,弘明,,minato,85,,,,「ほら、デートの続きをするぞ。もっと恋人らしい、デートの続きをな」
669000 ,,,,,,,みなと,みなと,02min060_037.wav,minato,1,,,,「うん、お兄ちゃん……」
669100 ,,,,,,,弘明,弘明,,minato,1,,,,「みなと、どっか行きたいところはあるか？」
669200 ,,,,,,,みなと,みなと,02min060_038.wav,minato,0,,,,「うーん……」
669400 ,,<!ef_timepass>,,,,,,,,,,,,,
669500 ,,,,,,,,,,,,,,,　俺たちは店を見て回ったり、ゲームをしたり、喫茶店に入ったりと、ひとしきりデートを楽しんだ。
669600 ,,,,,,,,,,,,,,,　ただあっちこっちへ移動しているうちに、ずいぶん遠くまで来てしまったので、帰りは地下鉄に乗って帰ることにしたんだけど……。
669700 ,,,,,,,,,,,,,,,　ちょうど帰宅ラッシュの時間と重なって、車内はそこそこに混んでいた。
669800 ,,<m_fade fadeout=""1500"">,0,,,,,,,,,,,,
669900 ,,<!ef_timepass><se_loop id=""1"" file=""subway_loop.wav"" fadein=""1500"" vol=""-1000"">,,,101211,,,,,,,,,,
670000 ,,,,,101211,,弘明,弘明,,,,,,,「みなと……疲れてないか？」
670100 ,,,,,101211,,みなと,みなと,02min060_039.wav,minato,0,,,,「うん……だいじょうぶだよ。とってもたのしかったから」
670200 ,,,,,101211,,弘明,弘明,,,,,,,「そっか……良かった」
670300 ,,,,,101211,,,,,,,,,,　と、その時。
670400 ,,,,,101211,,弘明,弘明,,,,,,,「おっ……と」
670500 ,,,,,101211,,,,,,,,,,　不意に地下鉄が軽く揺れ、中の乗客も左右に揺すぶられる。
670600 ,,,,,101211,,みなと,みなと,02min060_040.wav,minato,0,,,,「きゃっ！？　あ……」
670700 ,,,,,101211,,弘明,弘明,,,,,,,「大丈夫か、みなと」
670800 ,,,,,101211,,みなと,みなと,02min060_041.wav,minato,0,,,,「うん……」
670900 ,,,,,101211,,,,,,,,,,　みなとは俺がとっさにかばったことに気付いたのか、ぽーっとした顔で俺を見つめる。
671000 ,,,,,101211,,,,,,,,,,　その可愛らしい顔を見ていると、俺もだんだん自分が抑えられなくなって……。
671100 ,,,,,101211,,みなと,みなと,02min060_042.wav,minato,0,,,,「どうしたの？　……お兄ちゃん？」
671200 ,,,,,101211,,,,,,,,,,　つい、悪戯したくなってしまった。
671400 ,,<se_stop id=""1"" fadeout=""3000"">,,,101211,,,,,,,,,,
671500 ,*mem_ev12,,,,,,,,,,,,,,
671600 ,,<se_loop id=""2"" file=""subway_loop.wav"" fadein=""500"" vol=""-1200""><m_fade fadein=""1000"">,12,9000,101212,,みなと,みなと,02min060_043.wav,minato,0,,,,「んっ……？　んひゃっ……！？」
671700 ,,,,,101212,,,,,,,,,,　俺はみなとのスカートをめくり、パンツの中にそっと手を忍び込ませる。
671800 ,,,,,101212,,,,,,,,,,　そして柔らかいみなとのおしりの谷間に沿って、指先を前後させた。
672000 ,,,,,101212,,みなと,みなと,02min060_044.wav,minato,0,,,,「お、お兄ちゃん……！？」
672100 ,,,,,101212,,弘明,弘明,,,,,,,「みなと、しっ、しーっ……」
672200 ,,,,,101212,,,,,,,,,,　危うく大きな声をあげそうになったみなとを、俺は慌てて制する。
672300 ,,,,,101212,,みなと,みなと,02min060_045.wav,minato,0,,,,「お兄ちゃん……やだよぉ、こんなところで……」
672400 ,,,,,101212,,弘明,弘明,,,,,,,「みなとが可愛すぎるから、ちょっと悪戯したくなってさ……」
672500 ,,,,,101212,,,,,,,,,,　俺はみなとの耳元でそっとささやくと、他人からはわからないように軽く抱きしめた。
672600 ,,,,,101212,,みなと,みなと,02min060_046.wav,minato,0,,,,「あん……ダメ、ダメだよぉ………」
672700 ,,,,,101212,,,,,,,,,,　周囲は、まだ俺たちの行為に気が付いていない。
672800 ,,,,,101212,,,,,,,,,,　それを確認すると、俺はまたみなとのおしりに手を忍び込ませた。
672900 ,,,,,101212,,みなと,みなと,02min060_047.wav,minato,0,,,,「んっ……んんっ！　んぁ……ふぁ……」
673000 ,,,,,101212,,,,,,,,,,　みなとは声を殺し、必死にこらえようとしている。俺がいちど指の動きを止めると、涙をためた目でキッと俺を見上げた。
673100 ,,,,,101212,,みなと,みなと,02min060_048.wav,minato,0,,,,「お兄ちゃん、ほんとに……こんなとこじゃ、だめだってばぁ……。だっ、だれかに、見つかっちゃうよ……」
673200 ,,,,,101212,,弘明,弘明,,,,,,,「でもな、みなと……そんなに切ない顔されたら、止められないだろ」
673300 ,,,,,101212,,みなと,みなと,02min060_049.wav,minato,0,,,,「そ、そんな……んっ、ああ……」
673400 ,,,,,101212,,,,,,,,,,　俺は手のひら全体でみなとの小さなおしりを揉みしだき、その谷間に指を差し入れ、可愛らしいアヌスに到達させる。
673500 ,,,,,101212,,みなと,みなと,02min060_050.wav,minato,0,,,,「ふぁっ……んぁ……んんっ……」
673600 ,,,,,101212,,,,,,,,,,　そのままアヌスをくにくにと刺激すると、みなとの口からは熱い吐息がこぼれ始めた。
673700 ,,,,,101212,,弘明,弘明,,,,,,,「みなと……前は、どうなってるのかな」
673800 ,,,,,101212,,みなと,みなと,02min060_051.wav,minato,0,,,,「ふぇっ……？　んっ、ああんっ！」
673900 ,,,,,101212,,,,,,,,,,　おしりをまさぐっている、その逆側……女の子の格好をしたみなとの、男の子の部分に、俺はそっと手を伸ばした。
674100 ,,,,,101213,,みなと,みなと,02min060_052.wav,minato,0,,,,「うっ、うそっ……！？　お兄ちゃん、そっちはダメだよぉっ……！」
674200 ,,,,,101213,,,,,,,,,,　前に回した指先は、すぐに硬くて熱いものと遭遇する。
674300 ,,,,,101213,,弘明,弘明,,,,,,,「みなと……やっぱり、チ○チン勃たせてたな」
674400 ,,,,,101213,,みなと,みなと,02min060_053.wav,minato,0,,,,「やっ、やぁん……」
674500 ,,,,,101213,,,,,,,,,,　みなとのチ○チンは、ヒクヒクと脈打ちながら完全に勃起していた。
674600 ,,,,,101213,,みなと,みなと,02min060_054.wav,minato,0,,,,「お兄ちゃんに、おしりの穴をくりくりされて……おち○ちん、おっきくなっちゃったの……」
674700 ,,,,,101213,,,,,,,,,,　指先を少し回すと、ぬるっとした粘液がすぐにまとわりついてくる。
674800 ,,,,,101213,,弘明,弘明,,,,,,,「カウパー……もうトロトロにあふれさせてるんだな」
674900 ,,,,,101213,,みなと,みなと,02min060_055.wav,minato,0,,,,「あうう……お兄ちゃんにきもちよくしてもらうと、かってに出ちゃうんだもん……」
675000 ,,,,,101213,,弘明,弘明,,,,,,,「いいんだよ。みなとのカウパー、すっごく便利なんだから」
675100 ,,,,,101213,,,,,,,,,,　俺は人差し指にカウパーをたっぷり絡ませると、みなとの包皮と亀頭の間に滑り込ませていった。
675200 ,,,,,101213,,みなと,みなと,02min060_056.wav,minato,0,,,,「ふっ……んああっ！　ああ……」
675300 ,,,,,101213,,弘明,弘明,,,,,,,「みなとのチ○チンの中、あったかいな……。おしりの中とあんまり変わらないくらい、温かいぞ……」
675400 ,,,,,101213,,みなと,みなと,02min060_057.wav,minato,0,,,,「そんな……おしりとおち○ちん、いっしょにしないでぇ……」
675500 ,,,,,101213,,,,,,,,,,　俺は包皮の中から指を一度引き抜くと、今度はみなとの包茎チ○チンに指をかけ、ゆっくりと剥いていく。
675600 ,,,,,101213,,みなと,みなと,02min060_058.wav,minato,0,,,,「ふぁんっ！？　あっ、あ……」
675700 ,,,,,101213,,弘明,弘明,,,,,,,「このまま、みなとのチ○チン剥いてあげるからな」
675800 ,,,,,101213,,みなと,みなと,02min060_059.wav,minato,0,,,,「う、うん……」
675900 ,,,,,101213,,,,,,,,,,　みなとは小さくうなずき、俺の指の動きを見守る。
676000 ,,,,,101213,,みなと,みなと,02min060_060.wav,minato,0,,,,「んんっ、あぁ……おち○ちん、むけてく……あっ、あんんっ！」
676100 ,,,,,101213,,,,,,,,,,　包皮がつるんと剥けたところで、みなとはピクッと小さく震えた。それから小刻みに熱い息を吐いて、俺の胸にしなだれかかってくる。
676200 ,,,,,101213,,弘明,弘明,,,,,,,「みなと……」
676300 ,,,,,101213,,みなと,みなと,02min060_061.wav,minato,0,,,,「ふぁ……お兄ちゃん……」
676400 ,,,,,101213,,,,,,,,,,　俺は指の腹で優しく丁寧に鈴口を撫で、途切れることなくあふれ出るカウパーを亀頭全体に塗りこんでいく。
676500 ,,,,,101213,,みなと,みなと,02min060_062.wav,minato,0,,,,「んあっ！　あうっ、んん……おち○ちんのさきっぽ、きもちいい……」
676600 ,,,,,101213,,,,,,,,,,　３本の指で亀頭をくにくにと挟み込みながら、ペットボトルのキャップを回すようにこすると、カクカクとみなとの腰が震え始めた。
676700 ,,,,,101213,,みなと,みなと,02min060_063.wav,minato,0,,,,「んぁぁんっ、パンツの中に……精子出ちゃうよぉ……」
676800 ,,,,,101213,,弘明,弘明,,,,,,,「俺が、みなとの精液を受け止めてあげる」
676900 ,,,,,101213,,みなと,みなと,02min060_064.wav,minato,0,,,,「えっ……？」
677000 ,,,,,101213,,弘明,弘明,,,,,,,「俺の手のひらの中に出すんだ、みなとの精液」
677100 ,,,,,101213,,みなと,みなと,02min060_065.wav,minato,0,,,,「んっ、あうっ……い、いいの……？」
677200 ,,,,,101213,,弘明,弘明,,,,,,,「いいよ。ほら……俺の手の中に出して」
677300 ,,,,,101213,,みなと,みなと,02min060_066.wav,minato,0,,,,「うん……。ボク、お兄ちゃんの手の中に精子出すね……」
677400 ,,,,,101213,,,,,,,,,,　俺はみなとの亀頭にかぶせるようにして、手のひらを丸める。
677500 ,,,,,101213,,みなと,みなと,02min060_067.wav,minato,0,,,,「ふぁ……お兄ちゃんの手……あったかい……あっ、はぁ……んくぅ……っ」
677600 ,,,,,101213,,弘明,弘明,,,,,,,「みなと、もうちょっと強くするぞ……。声は我慢しろよ……」
677700 ,,,,,101213,,みなと,みなと,02min060_068.wav,minato,0,,,,「うん……うん……うくっ、んんっ……」
677800 ,,,,,101213,,,,,,,,,,　かぶせた手でみなとのチ○チンに刺激を与えつつ、片方の手でトロトロのアヌスに指をうずめ、小刻みな振動を与えた。
677900 ,,,,,101213,,みなと,みなと,02min060_069.wav,minato,0,,,,「んくっ……んっ、んんんっ……」
678000 ,,,,,101213,,弘明,弘明,,,,,,,「みなと……イッていいぞ」
678100 ,,,,,101213,,,,,,,,,,　亀頭とアヌスへの刺激をともに強くすると、みなとの身体がカクカクと震え始めた。亀頭がグッと大きくなり、同時にアヌスがキュッと俺の指を締めつける。
678200 ,,,,,101213,,みなと,みなと,02min060_070.wav,minato,0,,,,「んっ、あうっ……んぁぅっ、んんっ……んっ、んんっ、んんんんんんっ……！」
678500 ,,<!ef_shasei>,,,101214,,みなと,みなと,02min060_071.wav,minato,0,,,,「ふぁっ、んぁっ……ああ……精子、出る……」
678600 ,,,,,101214,,弘明,弘明,,,,,,,「ああ……手のひらに出てるぞ、みなとの精液が……」
678700 ,,,,,101214,,,,,,,,,,　みなとは、あまり多くない量の精液を噴き上げていた。手のひらにぴちゃぴちゃと当たるみなとの精液の感触が、不思議と気持ちいい。
678800 ,,,,,101214,,弘明,弘明,,,,,,,「やっぱりあったかいな、みなとの精液」
678900 ,,,,,101214,,みなと,みなと,02min060_072.wav,minato,0,,,,「や、やだ……そんなこと言わないでよぉ……」
679000 ,,,,,101214,,,,,,,,,,　恥ずかしがってうつむくみなとと、手に残る精液の感触に、俺は自分の欲求がまだおさまってない事を知る。
679100 ,,,,,101214,,弘明,弘明,,,,,,,「……みなと、次の駅で降りるぞ」
679200 ,,,,,101214,,みなと,みなと,02min060_073.wav,minato,0,,,,「えっ？　だって、おりる駅はまだ……」
679300 ,,<se_stop id=""2"" fadeout=""2500""><s_fade time=""1500"">,,9000,,,,,,,,,,,　みなとの言葉を制して、俺たちは次の停車駅でホームに降りると、すぐさま構内の男子トイレへと駆け込んだ。
679600 ,,<wait time=""1000""><m_fade fadeout=""2000"" fadein=""1500"">,10,,101221,,,,,,,,,,
679700 ,,,,,101221,,みなと,みなと,02min060_074.wav,minato,0,,,,「やっ、やぁぁんっ、ボク、女の子のかっこなのに……」
679800 ,,,,,101221,,弘明,弘明,,,,,,,「大丈夫だって。誰もいないから」
679900 ,,,,,101221,,弘明,弘明,,,,,,,「みなと、挿れるぞ……」
680000 ,,,,,101221,,みなと,みなと,02min060_075.wav,minato,0,,,,「うん、お兄ちゃん……」
680100 ,,,,,101221,,,,,,,,,,　トイレの個室は、和式になっていた。みなとに便器をまたがせると、おしりを上にくいっとあげさせる。
680200 ,,,,,101221,,,,,,,,,,　俺は手のひらに残っているみなとの精液を自分のペニスに塗り広げ、ヒクヒク動いておねだりするみなとのアヌスへ一気に突き入れた。
680300 ,,,,,101221,,みなと,みなと,02min060_076.wav,minato,0,,,,「ふぁっ……んぁぁぁっ！　ああっ、ああ……」
680400 ,,,,,101221,,弘明,弘明,,,,,,,「すっかり柔らかくなってるな、みなとのおしり……んっ」
680500 ,,,,,101221,,みなと,みなと,02min060_077.wav,minato,0,,,,「ああうっ……あうっ！　ああっ、ああ……」
680600 ,,,,,101221,,,,,,,,,,　みなとは電車の中で押し殺していた声を解き放ったかのように、大きな声を上げる。後ろ姿だけを見ていると、まるで女の子とエッチしているような気分になる。
680700 ,,,,,101221,,弘明,弘明,,,,,,,「ホントに可愛いよ、みなと…………んんっ？」
680800 ,,,,,101221,,みなと,みなと,02min060_078.wav,minato,0,,,,「えっ……？」
680900 ,,,,,101221,,,,,,,,,,　その時だった。カツカツカツ……と、革靴がタイルを踏む音が聞こえてくる。
681000 ,,,,,101221,,みなと,みなと,02min060_079.wav,minato,0,,,,「ど、どうしよう……」
681100 ,,,,,101221,,弘明,弘明,,,,,,,「どうもしないよ。このまま続けるから」
681200 ,,,,,101221,,みなと,みなと,02min060_080.wav,minato,0,,,,「ふぁっ……！　お、お兄ちゃん……」
681300 ,,,,,101221,,弘明,弘明,,,,,,,「奥まで入っていくぞ、みなとのおしりの奥まで……」
681400 ,,,,,101221,,,,,,,,,,　足音が止まったかと思うと、大きく咳払いをする音が聞こえた。その仕草と声の様子から、どうやら中年のオヤジのようだ。
681500 ,,,,,101221,,みなと,みなと,02min060_081.wav,minato,0,,,,「ん…………」
681600 ,,,,,101221,,,,,,,,,,　ちょろちょろと、小用を足す音がする。俺はゆっくりと、みなとのおしりからペニスを引いてみた。
681700 ,,,,,101221,,みなと,みなと,02min060_082.wav,minato,0,,,,「んっ……！？　ぁぁぁっ……」
681800 ,,,,,101221,,,,,,,,,,　みなとが、吐息に近い声をあげる。必死に、声を我慢しているようだ。
681900 ,,<voice_volume vol=""-1500"">,,,101221,,みなと,みなと,02min060_083.wav,minato,0,,,,（おっ、お兄ちゃん……！）
682000 ,,,,,101221,,弘明,弘明,,,,,,,（なんだ、みなと）
682100 ,,<voice_volume vol=""-1500"">,,,101221,,みなと,みなと,02min060_084.wav,minato,0,,,,（いま、だれかきてるのに……）
682200 ,,,,,101221,,弘明,弘明,,,,,,,（大丈夫だよ、バレちゃいないから）
682300 ,,,,,101221,,,,,,,,,,　そう言って俺は、引き抜いたペニスを再びアヌスの中へと突き入れた。
682400 ,,<voice_volume vol=""-1500"">,,,101221,,みなと,みなと,02min060_085.wav,minato,0,,,,（んっ、うう……ふぁぁんっ……！）
682500 ,,,,,101221,,弘明,弘明,,,,,,,（みなとの中、熱いな……熱くて気持ちいいよ）
682600 ,,<voice_volume vol=""-1500"">,,,101221,,みなと,みなと,02min060_086.wav,minato,0,,,,（そんな……お兄ちゃ……んんっ、うあっ、んっ、んんんん……っ）
682700 ,,,,,101221,,,,,,,,,,　腰をゆっくりとくゆらせ、みなとの中を堪能していく。
682800 ,,,,,101221,,,,,,,,,,　しばらくすると再び咳払いする音が聞こえ、カツカツと足音が遠ざかっていった。
682900 ,,,,,101221,,,,,,,,,,　手を洗う気配がなかった気がするが、まあそんなことはどうでもいい。
683000 ,,,,,101221,,弘明,弘明,,,,,,,「なんだ、もう行っちゃったみたいだな」
683100 ,,,,,101221,,みなと,みなと,02min060_087.wav,minato,0,,,,「う、うん……はっ、はぁぁ……」
683200 ,,,,,101221,,弘明,弘明,,,,,,,「じゃあ、思う存分激しくできるな。みなと」
683300 ,,,,,101221,,みなと,みなと,02min060_088.wav,minato,0,,,,「えっ……？　あっ、ふぁぁんっ！　あっ、あっ、はぁんっ……あっ、んっ、んあっ！」
683400 ,,,,,101221,,,,,,,,,,　俺はアヌスから抜けるか抜けないかというところまでいったん腰を引くと、両手でしっかりとみなとの腰を押さえて、思い切りその中へと突き入れた。
683500 ,,,,,101221,,,,,,,,,,　みなとのアヌスは熱く、きつく、柔らかく、俺のペニスを受け入れ、まるで津波のような大きなうねりを持つ快感を俺に伝えてくる。
683600 ,,,,,101221,,みなと,みなと,02min060_089.wav,minato,0,,,,「お、おにぃっ……ちゃ……あっ、はぁぅっ……あっ、ああっ！」
683700 ,,,,,101221,,弘明,弘明,,,,,,,「みなと……中……中に……出してもいいか……」
683800 ,,,,,101221,,みなと,みなと,02min060_090.wav,minato,0,,,,「う、うん……うあっ……き、きてっ……なか……ボクも、あぁっ……ほしぃ……っ」
683900 ,,,,,101221,,弘明,弘明,,,,,,,「じゃあ……行くぞ」
684000 ,,,,,101221,,みなと,みなと,02min060_091.wav,minato,0,,,,「うあっ……ふっ……んっ、ああっ、あっ、あっ！　ふぁぁ……ボク、先にイッちゃう……ああんっ！」
684100 ,,,,,101221,,弘明,弘明,,,,,,,「いいぞ、我慢しないで、先に……」
684200 ,,,,,101221,,みなと,みなと,02min060_092.wav,minato,0,,,,「あっ、ああっ……！　あっ、んっ、ふぅぅっ、あっ、あうっ……イッちゃう……あっ、んああぁぁっ……！」
684500 ,,<!ef_shasei>,,,101222,,,,,,,,,,　射精の瞬間、みなとの小さなチ○チンがヒクヒクと揺れ、便器の中に精液をぴゅるぴゅる注いだ。
684600 ,,,,,101222,,みなと,みなと,02min060_093.wav,minato,0,,,,「あ、ふぁぁ……精子、出ちゃった……あんっ、ふぁ……」
684700 ,,,,,101222,,弘明,弘明,,,,,,,「俺も、すぐに出すから……ああっ！」
684800 ,,,,,101222,,,,,,,,,,　絶頂を迎えたみなとのアヌスは更にキツく締まり、極上の快感を与えてくれる。
684900 ,,,,,101222,,みなと,みなと,02min060_094.wav,minato,0,,,,「やっ、ああっ……！　おしり、とけちゃう……あああっ、んんっ！」
685000 ,,,,,101222,,弘明,弘明,,,,,,,「うああっ、出る……！　みなとの中に、出すぞ……！」
685200 ,,,,,101222,,みなと,みなと,02min060_095.wav,minato,0,,,,「ああっ、んん……んぁううっ、あっ、あっ……」
685300 ,,,,,101222,,,,,,,,,,　俺はみなとの奥深くまでペニスを突き入れ、そこで身体の力を一気に抜く。
685400 ,,,,,101222,,みなと,みなと,02min060_096.wav,minato,0,,,,「ボク、またイッちゃう……また精子出ちゃうよぉ……あああっ、んんっ！」
685500 ,,,,,101222,,弘明,弘明,,,,,,,「ああ、何度でも出していいぞ……んぁぁっ」
685600 ,,,,,101222,,みなと,みなと,02min060_097.wav,minato,0,,,,「うんっ……うんっ……お兄ちゃんっ……あっ、あああああぁぁぁぁっ！」
685900 ,,<!ef_shasei>,,,101223,,,,,,,,,,　目の前が一瞬白くなるほどの開放感と共に、俺は熱い塊のすべてをみなとの中へと注ぎ込む。
686000 ,,,,,101223,,みなと,みなと,02min060_098.wav,minato,0,,,,「ああっ……おしりの中に、お兄ちゃんの精子……はいって……うああっ……あっ、あ……」
686100 ,,,,,101223,,弘明,弘明,,,,,,,「はぁ、はぁ……ふぅ……」
686200 ,,,,,101223,,みなと,みなと,02min060_099.wav,minato,0,,,,「おなかの中……あつい……ふぁ……」
686300 ,$event_return,,,,101223,,,,,,,,,,
686400 ,,,,,101223,,弘明,弘明,,,,,,,「んっ……」
686500 ,,,,,101223,,みなと,みなと,02min060_100.wav,minato,0,,,,「ふぁっ！？　あっ、あんっ！」
686600 ,,,,,101223,,,,,,,,,,　俺は、ゆっくりと腰を引いた。ちゅぽんっと少し間抜けな音を立て、みなとのアヌスから白濁にまみれた俺のペニスが引き抜かれる。
686700 ,,,,,101223,,みなと,みなと,02min060_101.wav,minato,0,,,,「ふぁ……はぁ……はぁ……」
686800 ,,,,,101223,,弘明,弘明,,,,,,,「大丈夫か、みなと。さすがに疲れただろ」
686900 ,,,,,101223,,みなと,みなと,02min060_102.wav,minato,0,,,,「つかれたけど……だいじょうぶ……。……んんっ」
687000 ,,,,,101223,,,,,,,,,,　みなとは何かに気がついたような声を上げて、不安げな表情で自分のおなかに手を当てた。
687100 ,,,,,101223,,みなと,みなと,02min060_103.wav,minato,0,,,,「んんっ……あ、あう……」
687200 ,,,,,101223,,弘明,弘明,,,,,,,「ん……？　どうした、みなと？」
687300 ,,,,,101223,,みなと,みなと,02min060_104.wav,minato,0,,,,「あ……ボクちょっと、おなかが……」
687400 ,,,,,101223,,弘明,弘明,,,,,,,「おなか？」
687500 ,,,,,101223,,みなと,みなと,02min060_105.wav,minato,0,,,,「おなか、ごろごろして……あんんっ、ちょっと……出したいかも……」
687600 ,,,,,101223,,,,,,,,,,　おなかがゴロゴロ……と聞いて、俺はピンと来た。
687700 ,,,,,101223,,弘明,弘明,,,,,,,「もしかして、俺の精液で、おなかもよおしてきちゃったか」
687800 ,,,,,101223,,みなと,みなと,02min060_106.wav,minato,0,,,,「う、うん、そうかも……。ボク、トイレ……トイレいかなきゃ……」
687900 ,,,,,101223,,弘明,弘明,,,,,,,「トイレ……って、ここ、トイレだぞ？」
688000 ,,,,,101223,,みなと,みなと,02min060_107.wav,minato,0,,,,「あ……そ、そうだけど……」
688100 ,,,,,101223,,弘明,弘明,,,,,,,「俺がみなとのおなかに出した精液、気にせずここで出しちゃえばいいよ。しゃがんで、びゅびゅっとさ」
688200 ,,,,,101223,,みなと,みなと,02min060_108.wav,minato,0,,,,「やんっ……！　お兄ちゃんがいるのに、できるわけないよぉっ……！」
688300 ,,,,,101223,,弘明,弘明,,,,,,,「俺のことは気にしなくていいぞ？　というか、むしろ見てみたいし。みなとが、おしりから精液を出すところ……」
688400 ,,,,,101223,,,,,,,,,,　俺は少し意地悪く言いながら、みなとのおしりをのぞき込む。
688500 ,,,,,101223,,みなと,みなと,02min060_109.wav,minato,0,,,,「ちょっ、ちょっと……お兄ちゃん……！」
688600 ,,,,,101223,,弘明,弘明,,,,,,,「ここで精液出したら、俺がみなとのおしり拭いてあげるからさ」
688700 ,,,,,101223,,みなと,みなと,02min060_110.wav,minato,0,,,,「やっ。やぁぁんっ……！　お兄ちゃんのこと、すきだけど……だいすきだけど……それだけは、ぜったいにだめぇっ……！」
688800 ,,,,,101223,,,,,,,,,,　みなとは振り向いて、ぽかぽかと俺の胸を叩き続ける。
688900 ,,,,,101223,,みなと,みなと,02min060_111.wav,minato,0,,,,「あうっ！？　……あぅ……ぅぅ……」
689000 ,,,,,101223,,弘明,弘明,,,,,,,「ほらほら、限界じゃないのか？　俺は気にしないから、ここで出しちゃえってば」
689100 ,,,,,101223,,,,,,,,,,　そう言って俺が、おしりを拭く為のトイレットペーパーを巻き取ろうとしゃがんだ時……。
689200 ,,,,,101223,,みなと,みなと,02min060_112.wav,minato,0,,,,「…………っ！」
689300 ,,,,,101223,,,,,,,,,,　万事休すと思われたみなとが取った行動は、俺の予想を超えるものだった。
689400 ,,,,,101223,,弘明,弘明,,,,,,,「ぬおッ……みなと！？」
689500 ,,,,,101223,,みなと,みなと,02min060_113.wav,minato,0,,,,「お兄ちゃんの、ばかあっ……！」
689700 ,,,,9000,,,,,,,,,,,
689800 ,,<m_fade fadeout=""2000"" fadein=""1000"">,1,,,,,,,,,,,,　みなとは俺のスキをついて個室を飛び出ると、そのまま男子トイレを出て、もうひとつのトイレに……。すなわち、隣の女子トイレへと駆け込んだのだった。
689900 ,,,,,,,弘明,弘明,,,,,,,「なるほど……女装してるから、女子トイレに入っても違和感はない。そしてそこは、俺には入ることができない絶対の聖域……」
690000 ,,,,,,,弘明,弘明,,,,,,,「むむぅ……これは一本取られたわい」
690100 ,,,,,,,,,,,,,,,　俺が一人うなずいていると、しばらくして、壁の向こう側でバタンと扉の閉まる音がする。
690200 ,,,,,,,弘明,弘明,,,,,,,「……むむッ」
690300 ,,,,,,,,,,,,,,,　反射的に、俺は壁に耳を密着させる。しかしそれと同時に聞こえてきたのは、ジャーッという水洗トイレを流す音だった。
690400 ,,,,,,,弘明,弘明,,,,,,,「むむゥ……。どこまでも周到だな、みなと……」
690500 ,,,,9000,,,,,,,,,,,
690600 ,"$fset %ev10121,0",,,,,,,,,,,,,,
690700 ,"$fset %ev10161,1",,,,,,,,,,,,,,
690900 ,$return,,,,,,,,,,,,,,
691000 ,,,,,,,,,,,,,,,
691100 ,,,,,,,,,,,,,,,
691300 ,*ev10131,,,,,,,,,,,,,,
692000 ,,,1,1011,,,弘明,弘明,,"minato,uniform",↓,,,,「そういや、腹へったなぁ……」
692100 ,,,,,,,みなと,みなと,02min061_001.wav,"minato,uniform",1,,,,「あっ、ボクがなにか作ろうか……？」
692200 ,,,,,,,,,,minato,1,,,,　そう言って、みなとが立ち上がる。
692300 ,,,,,,,弘明,弘明,,minato,1,,,,「そういやみなと、料理は得意だったな」
692400 ,,,,,,,みなと,みなと,02min061_002.wav,minato,85,,,,「うん」
692500 ,,,,,,,,,,,,,,,　俺は、キッチンに向かっていこうとするみなとを呼び止めた。
692600 ,,,,,,,弘明,弘明,,,,,,,「ちょっと待って、みなと。料理する時は……これ付けないとね。これ」
692700 ,,,,,,,,,,,,,,,　俺は引き出しから一着のエプロンを取り出すと、みなとの前でヒラヒラさせてみせる。これは以前、調理学校のサイトを作る仕事をした時にもらったものだ。
692800 ,,,,,,,みなと,みなと,02min061_003.wav,minato,1,,,,「あっ、うん。ありがとう、お兄ちゃん」
692900 ,,,,,,,,,,minato,1,,,,　みなとは、笑顔でエプロンを受け取りに戻ってくる。しかし俺はエプロンを手渡す前に、ニコッと微笑んで言った。
693000 ,,<m_fade fadeout=""2500"" fadein=""1500"">,12,,,,弘明,弘明,,minato,1,,,,「それじゃみなと、制服脱いで」
693100 ,,,,,,,みなと,みなと,02min061_004.wav,minato,2,,,,「えっ……？」
693200 ,,,,,,,,,,minato,2,,,,　俺のその言葉は全く予想外だったらしく、みなとは俺の顔を見てきょとんとしている。
693300 ,,,,,,,弘明,弘明,,minato,2,,,,「エプロンといえば、決まってるだろ？　裸エプロンだよ」
693400 ,,,,,,,,,,minato,2,,,,　俺がそう付け加えても、みなとは変わらずきょとんとしたまま。……なるほど、裸エプロンについては何も知らないんだな。
693500 ,,,,,,,みなと,みなと,02min061_005.wav,minato,8,,,,「は、はだかエプロンって……ひょっとして、はだかになってエプロンつけるの……？」
693600 ,,,,,,,弘明,弘明,,minato,8,,,,「まさにその通りだ。よくわかったな。えらいぞ、みなと」
693700 ,,,,,,,みなと,みなと,02min061_006.wav,minato,5,,,,「そんなの……ほめられても、うれしくないよ……」
693800 ,,,,,,,,,,minato,5,,,,　みなとは拗ねたように横を向き、抗議の姿勢を示す。
693900 ,,,,,,,みなと,みなと,02min061_007.wav,minato,82,,,,「はだかなんて……はずかしくて、できないよぉ……」
694000 ,,,,,,,弘明,弘明,,minato,82,,,,「ええい、往生際の悪いッ！　おとなしく脱げーいっ！」
694100 ,,,,,,,みなと,みなと,02min061_008.wav,minato,6,,,,「きゃっ！？　やぁぁんっ……！」
694300 ,,<m_fade fadeout=""2000"" fadein=""1500""><!ef_timepass>,10,1031,101311,,,,,,,,,,
694400 ,*mem_ev13,,,,101311,,,,,,,,,,
694500 ,,,10,1031,101311,,みなと,みなと,02min061_009.wav,minato,0,,,,「やぁぁ……お兄ちゃん、やっぱりはずかしいよ……」
694600 ,,,,,101311,,,,,,,,,,　みなとはエプロンのすそをつかんで、しきりと股間を隠そうとする。そこがまたいじらしくて、なんとも可愛らしい。
694700 ,,,,,101311,,みなと,みなと,02min061_010.wav,minato,0,,,,「こ、これ……おち○ちん見えちゃう……」
694800 ,,,,,101311,,弘明,弘明,,,,,,,「裸エプロンとは、そういうものだよ。これすなわち、男の夢」
694900 ,,,,,101311,,みなと,みなと,02min061_011.wav,minato,0,,,,「ボクも、おとこのこだよぉ……」
695000 ,,,,,101311,,弘明,弘明,,,,,,,「だからこそ、いいってのもあるんだよ。裸エプロンが似合う男の子なんて、そうそういないぞ？」
695100 ,,,,,101311,,みなと,みなと,02min061_012.wav,minato,0,,,,「あうぅ……」
695200 ,,,,,101311,,,,,,,,,,　俺はもじもじと恥じらうみなとの背後にまわると、小さな肩に手をかけた。
695300 ,,,,,101311,,みなと,みなと,02min061_013.wav,minato,0,,,,「あんっ？　お、お兄ちゃん……これじゃ、おりょうりできないよぉ……」
695400 ,,,,,101311,,弘明,弘明,,,,,,,「それは後でいいよ。先にみなとを、おいしく食べちゃうからさ」
695500 ,,,,,101311,,みなと,みなと,02min061_014.wav,minato,0,,,,「あうぅ……お兄ちゃん、目がえっちぃ……」
695600 ,,,,,101311,,,,,,,,,,　くぼんだ背骨のライン、細いウエスト、ふわっと柔らかい小ぶりのおしり……。どれを取っても、みなとの身体は本当に可愛らしい。
695700 ,,,,,101311,,みなと,みなと,02min061_015.wav,minato,0,,,,「ひゃっ！？　やっ、あんっ、んんっ……」
695800 ,,,,,101311,,弘明,弘明,,,,,,,「肌もすべすべだな、みなと。まるで、女の子みたいにぷにぷにだ」
695900 ,,,,,101311,,,,,,,,,,　そう言いながら俺は腕を前に回し、エプロンの中へと滑り込ませた。まさぐる指先が小さな乳首をとらえると、みなとは可愛い声をあげる。
696000 ,,,,,101311,,みなと,みなと,02min061_016.wav,minato,0,,,,「んっ……」
696100 ,,,,,101311,,弘明,弘明,,,,,,,「みなとのおっぱい、発見だ」
696200 ,,,,,101311,,みなと,みなと,02min061_017.wav,minato,0,,,,「やっ、あっ、ああん……ボクのおっぱい、ふにふにしないでぇ……」
696300 ,,,,,101311,,弘明,弘明,,,,,,,「つんつんすると、乳首が固くなっていくぞ」
696400 ,,,,,101311,,みなと,みなと,02min061_018.wav,minato,0,,,,「んあっ、あう……おっぱいいじっちゃ、だめだよぉ……」
696500 ,,,,,101311,,,,,,,,,,　なだらかな胸の中央で、ぷっくりとふくらむみなとの乳首。俺はその小さな突起を優しく撫でまわし、ときに強くつまんだりしながら、じっくりと愛撫を続ける。
696600 ,,,,,101311,,,,,,,,,,　そして乳首が勃起してきたのを確認すると、今度は手のひらで大きく円を描くように撫でまわした。小さくとがったみなとの乳首が、手のひらの下で心地よい抵抗となる。
696700 ,,,,,101311,,みなと,みなと,02min061_019.wav,minato,0,,,,「あん……おっぱいの先、くりくりされてるよぉ……。あっ、ああんっ……あ……」
696800 ,,,,,101311,,弘明,弘明,,,,,,,「コリコリだな、みなとの乳首」
696900 ,,,,,101311,,みなと,みなと,02min061_020.wav,minato,0,,,,「やっ、あっ……そんなにしたら、ボク……おち○ちんが……」
697100 ,,,,,101312,,弘明,弘明,,,,,,,「ん……？」
697200 ,,,,,101312,,,,,,,,,,　みなとの言葉を受けて、ふと前を見ると……勃起したみなとのチ○チンが、エプロンを高く突き上げている。
697300 ,,,,,101312,,弘明,弘明,,,,,,,「なんだ、エプロンの下でチ○チン勃てて……みなとはエッチだなあ」
697400 ,,,,,101312,,みなと,みなと,02min061_021.wav,minato,0,,,,「あうう……お兄ちゃんが、おっぱいをくりくりするからだよぉ……」
697500 ,,,,,101312,,弘明,弘明,,,,,,,「んっ、俺のせいってこと？」
697600 ,,,,,101312,,,,,,,,,,　俺は少し意地悪い声をあげると、みなとの乳首をクリッと軽くひねる。
697700 ,,,,,101312,,みなと,みなと,02min061_022.wav,minato,0,,,,「ふぁっ！？　あっ、あ……」
697800 ,,,,,101312,,,,,,,,,,　みなとはビクンと身体を震わせて、それから少しだけ恨みがましい目で俺を見た。
697900 ,,,,,101312,,みなと,みなと,02min061_023.wav,minato,0,,,,「やぁぁ……お兄ちゃん……」
698000 ,,,,,101312,,弘明,弘明,,,,,,,「みなと……んっ、ちゅっ」
698100 ,,,,,101312,,みなと,みなと,02min061_024.wav,minato,0,,,,「ふぁ……あっ、あ……」
698200 ,,,,,101312,,,,,,,,,,　俺はみなとの肩に唇を這わせながら、背中や腰にも指を滑らせて、柔らかい肌の感触を楽しむ。
698300 ,,,,,101312,,みなと,みなと,02min061_025.wav,minato,0,,,,「あっ、あっ……ふぁぁんっ！　んぁ……ふぁ……」
698400 ,,,,,101312,,弘明,弘明,,,,,,,「みなとの身体、熱くなってきたよ……。エッチな匂いがしてきた」
698500 ,,,,,101312,,みなと,みなと,02min061_026.wav,minato,0,,,,「だって、お兄ちゃんが……んんんっ、あんっ！」
698600 ,,,,,101312,,,,,,,,,,　そして、みなとの身体の中でもかなり柔らかい部分である、ぷにぷにのおなかを撫でさすった。
698700 ,,,,,101312,,みなと,みなと,02min061_027.wav,minato,0,,,,「やぁ……おなかは、くすぐったいよぉ……」
698800 ,,,,,101312,,弘明,弘明,,,,,,,「くすぐったい？　チ○チンは気持ちよさそうに、ピクピク跳ねてるけど」
698900 ,,,,,101312,,みなと,みなと,02min061_028.wav,minato,0,,,,「そ、そんなの……うぁんっ……んんっ、あうっ……」
699000 ,,,,,101312,,,,,,,,,,　みなとの声を聞けば、それが気持ちいいのか、くすぐったいのかは明白だった。その声を聞いて、俺のペニスも下着の中で完全に勃起してしまう。
699100 ,,,,,101312,,みなと,みなと,02min061_029.wav,minato,0,,,,「んっ、んんっ、あんっ！　あっ、ああ……お兄ちゃん……」
699200 ,,,,,101312,,弘明,弘明,,,,,,,「すごく、可愛いよ……みなと……」
699300 ,,,,,101312,,みなと,みなと,02min061_030.wav,minato,0,,,,「ふぁ……んぁ……」
699400 ,,,,,101312,,弘明,弘明,,,,,,,「毎日、みなとにご飯作ってもらいたいぐらいだよ……」
699500 ,,,,,101312,,,,,,,,,,　みなとは一度後ろを振り返ると、うつむきがちに小さくつぶやいた。
699600 ,,,,,101312,,みなと,みなと,02min061_031.wav,minato,0,,,,「ボ、ボクも……まいにち、お兄ちゃんのごはん作ってあげたい……」
699700 ,,,,,101312,,,,,,,,,,　おずおずと言ったみなとは、耳まで真っ赤になっている。
699800 ,,,,,101312,,弘明,弘明,,,,,,,「はは、なんだかプロポーズみたいだな」
699900 ,,,,,101312,,みなと,みなと,02min061_032.wav,minato,0,,,,「ぷ、ぷろぽーず……」
700000 ,,,,,101312,,弘明,弘明,,,,,,,「俺のお嫁さんになるか、みなと」
700100 ,,,,,101312,,,,,,,,,,　俺はみなとの身体を後ろから軽く抱いて、冗談っぽく言った。
700200 ,,,,,101312,,みなと,みなと,02min061_033.wav,minato,0,,,,「ふぁっ……う、うん、なる……。ボク、お兄ちゃんのおよめさんに……なりたい……」
700300 ,,,,,101312,,,,,,,,,,　みなとが、潤んだ目で答える。俺はなんだか照れ隠しもあって、みなとの柔らかいおしりを少し乱暴に撫で回し、その谷間に指を這わせた。
700400 ,,,,,101312,,みなと,みなと,02min061_034.wav,minato,0,,,,「ひゃ……あうっ、んん……」
700500 ,,,,,101312,,弘明,弘明,,,,,,,「おしり、すごく熱くなってるな……。おしりの穴も、もうトロトロだ」
700600 ,,,,,101312,,みなと,みなと,02min061_035.wav,minato,0,,,,「んっ、あうっ……言っちゃいやぁ……」
700700 ,,,,,101312,,弘明,弘明,,,,,,,「俺の指、なにも付けなくてもみなとのおしりの中に入っていくぞ……」
700800 ,,,,,101312,,みなと,みなと,02min061_036.wav,minato,0,,,,「いやぁ……言わないでよぉ……」
700900 ,,,,,101312,,,,,,,,,,　俺はすでに柔らかくほぐれているアヌスに中指を挿入すると、みなとの感じるポイントを探して中をかき分けていく。
701000 ,,,,,101312,,みなと,みなと,02min061_037.wav,minato,0,,,,「あっ、あっ、ふぁぁ……おしりの中、ぐりぐりしないでぇ……」
701100 ,,,,,101312,,弘明,弘明,,,,,,,「中はもうトロトロじゃないか……。みなとはホントにエッチな子だなあ」
701200 ,,,,,101312,,みなと,みなと,02min061_038.wav,minato,0,,,,「あっ、んん……そんなこと……ないよぉ……」
701300 ,,,,,101312,,弘明,弘明,,,,,,,「裸でエプロン付けて、チ○チン勃起して、おしりをトロトロにしてる子はエッチじゃないって言うのかな？」
701400 ,,,,,101312,,みなと,みなと,02min061_039.wav,minato,0,,,,「そんな……ふぁっ！　あっ、んっ、んああっ！」
701500 ,,,,,101312,,,,,,,,,,　俺はおしりから指を抜くと、みなとの身体を引き寄せる。
701600 ,,,,,101312,,弘明,弘明,,,,,,,「みなと、おしりに挿れていいか？」
702200 ,,,,,101312,,みなと,みなと,02min061_042.wav,minato,0,,,,「うん……。おしりに……お兄ちゃんのおち○ちん、ちょうだい……？」
702300 ,,,,,101312,,弘明,弘明,,,,,,,「ああ、あげるよ」
702400 ,,,,,101312,,,,,,,,,,　俺は下着の中で包皮を後退させて亀頭を露出させると、ズボンのファスナーを開けてそれを解放する。
702500 ,,,,,101312,,弘明,弘明,,,,,,,「みなと……挿れるぞ」
702600 ,,,,,101312,,みなと,みなと,02min061_043.wav,minato,0,,,,「う、うん……入れて……。ボク、お兄ちゃんのおち○ちんほしい……」
702700 ,,,,,101312,,,,,,,,,,　とろとろに熱いみなとのアヌスに亀頭を押し当て、そのままゆっくりと腰を突き入れた。
702900 ,,,,,101313,,みなと,みなと,02min061_044.wav,minato,0,,,,「んぁっ……ふぁぁんっ……！！」
703000 ,,,,,101313,,,,,,,,,,　挿入の瞬間、みなとの身体が弓なりにしなる。そしてアヌスが異物の侵入を拒むかのように、俺のペニスをギュッと締めつけてきた。
703100 ,,,,,101313,,みなと,みなと,02min061_045.wav,minato,0,,,,「あっ、あっ……おち○ちん、入ってくる……」
703200 ,,,,,101313,,弘明,弘明,,,,,,,「んっ、きついな……うぁぁっ」
703300 ,,,,,101313,,,,,,,,,,　しばらくして、みなとの意識によるものなのか、それとも無意識の生理なのか……みなとのアヌスは俺のペニスを受け入れるかのように、ゆっくりと締め付けをゆるめてきた。
703400 ,,,,,101313,,弘明,弘明,,,,,,,「このまま、根元まで……全部挿れるぞ、みなと」
703500 ,,,,,101313,,みなと,みなと,02min061_046.wav,minato,0,,,,「うん……。んぁぁぁぁっ！　んんっ、あうっ……」
703700 ,,,,,101313,,みなと,みなと,02min061_047.wav,minato,0,,,,「ふぁぁっ……ああっ！　ああっ、あ……おっきいよぉ、お兄ちゃんのおち○ちん……」
703800 ,,,,,101313,,,,,,,,,,　ペニスを奥深くまで突き入れると、みなとのチ○チンも極限まで膨張し、より高くエプロンを吊り上げる。
703900 ,,,,,101313,,弘明,弘明,,,,,,,「動くからな……」
704000 ,,,,,101313,,みなと,みなと,02min061_048.wav,minato,0,,,,「うん……。んっ、ふぁぁっ！」
704100 ,,,,,101313,,,,,,,,,,　ゆっくりと腰を動かしていくと、エプロンの裾がそれに合わせてひらひらと揺れる。
704200 ,,,,,101313,,,,,,,,,,　エプロンを付けているだけで、今のみなとはほとんど全裸に近い。俺は両手でみなとの身体を支えつつ、手のひらで柔らかい肌の感触を味わった。
704300 ,,,,,101313,,みなと,みなと,02min061_049.wav,minato,0,,,,「ふぁっ、んんっ、あうっ！　んっ、あっ、あうっ……んんんっ、あっ、あんっ！」
704400 ,,,,,101313,,,,,,,,,,　どんどんと腰のスピードを速めていくと、みなとは予想外の部分で快感を得始める。
704500 ,,,,,101313,,みなと,みなと,02min061_050.wav,minato,0,,,,「ふあっ、あっ……エプロンで、おち○ちんの先がこすれて……ああんっ！」
704600 ,,,,,101313,,,,,,,,,,　ペニスを突き入れるたびにみなとのチ○チンも揺れ、亀頭がエプロンの薄い生地にこすられているようだ。
704700 ,,,,,101313,,みなと,みなと,02min061_051.wav,minato,0,,,,「んっ、あうっ、んんっ……きもちいい……。ボク、おしりもおち○ちんも、きもちいいよぉ……」
704800 ,,,,,101313,,弘明,弘明,,,,,,,「もっと……気持ちよくしてあげるな」
704900 ,,,,,101313,,,,,,,,,,　俺はみなとの耳元でささやくと、少し腰を落としてから一気に上へと突き上げた。
705000 ,,,,,101313,,みなと,みなと,02min061_052.wav,minato,0,,,,「んあっ！？　ああっ、んぁぁぁっ……！！」
705100 ,,,,,101313,,,,,,,,,,　みなとの足が踏みしめる場所を失って、ぷらぷらと揺れる。
705200 ,,,,,101313,,みなと,みなと,02min061_053.wav,minato,0,,,,「ふぁ……あああっ！　あっ、あうっ、お兄ちゃんのおち○ちん……ボクのおなかの奥まで、入ってきてるよぉ……」
705300 ,,,,,101313,,,,,,,,,,　みなとの自重によって、俺のペニスは深々と体内に入り込む。ついにはペニスの根元が、みなとのアヌスに接した。
705400 ,,,,,101313,,みなと,みなと,02min061_054.wav,minato,0,,,,「あっ、あっ、すごい……おなかのなか、お兄ちゃんのおち○ちんでいっぱい……」
705500 ,,,,,101313,,弘明,弘明,,,,,,,「ああ、一番奥まで、全部入りきっちゃったよ」
705600 ,,,,,101313,,みなと,みなと,02min061_055.wav,minato,0,,,,「お兄ちゃんのおち○ちん、ぜんぶ……うあっ、あっ」
705700 ,,,,,101313,,弘明,弘明,,,,,,,「みなとのおしりの一番奥、いっぱい楽しませてもらうよ」
705800 ,,,,,101313,,,,,,,,,,　亀頭のカリとウラスジが、みなとのコリコリした部分をこすり上げる。
705900 ,,,,,101313,,みなと,みなと,02min061_056.wav,minato,0,,,,「あっ、ああんっ……！？　あああっ、あうっ！　そ、そこは……」
706000 ,,,,,101313,,,,,,,,,,　そのポイントに突き込むたび、みなとのチ○チンはカウパーを湧きたたせ、エプロンに染みを広げていた。
706100 ,,,,,101313,,みなと,みなと,02min061_057.wav,minato,0,,,,「ふあっ、あっ、あっ、ああんっ！！　んぁぁっ、そこ、すごいよぉ……。そこをくりくりされると、ボク、おかしくなっちゃう……」
706200 ,,,,,101313,,弘明,弘明,,,,,,,「みなとの感じるポイントを、俺のチ○チンがこすってるんだよ」
706300 ,,,,,101313,,みなと,みなと,02min061_058.wav,minato,0,,,,「んあっ、んああっ！　あっ、あっ、あう……」
706400 ,,,,,101313,,弘明,弘明,,,,,,,「みなと……ここだな、このコリコリしたところが一番感じるんだな」
706500 ,,,,,101313,,みなと,みなと,02min061_059.wav,minato,0,,,,「だっ、だめぇ……ボク、ホントにイッちゃう……」
706600 ,,,,,101313,,弘明,弘明,,,,,,,「思いっきりイッていいぞ、みなと……」
706700 ,,,,,101313,,みなと,みなと,02min061_060.wav,minato,0,,,,「あっ、んんっ！」
706800 ,,,,,101313,,弘明,弘明,,,,,,,「俺も、もうすぐイクからな……」
706900 ,,,,,101313,,みなと,みなと,02min061_061.wav,minato,0,,,,「んっ、んぁ……だったら、ボクもがまんする……」
707000 ,,,,,101313,,弘明,弘明,,,,,,,「無理しなくていいぞ、みなと……」
707100 ,,,,,101313,,みなと,みなと,02min061_062.wav,minato,0,,,,「だって、ボク……お兄ちゃんといっしょにイキたいもん……」
707200 ,,,,,101313,,弘明,弘明,,,,,,,「ふふ……かわいいことを言うなあ、みなとは……」
707300 ,,,,,101313,,,,,,,,,,　俺は、みなとの感じるポイントを重点的に突き上げる。
707400 ,,,,,101313,,,,,,,,,,　少しざらついたみなとの内側でこすられ、俺の亀頭にもどんどん快感がたまっていった。
707500 ,,,,,101313,,みなと,みなと,02min061_063.wav,minato,0,,,,「ふぁ、んぁ……ボクだけイッちゃうの、いや……。お兄ちゃんも……」
707600 ,,,,,101313,,弘明,弘明,,,,,,,「俺も……んっ、気持ちいいから、安心しろ……」
707700 ,,,,,101313,,みなと,みなと,02min061_064.wav,minato,0,,,,「んんんっ、あうっ！　やっ、あぁっ、んん……」
707800 ,,,,,101313,,弘明,弘明,,,,,,,「みなと……いくぞっ！　みなとっ！」
707900 ,,,,,101313,,みなと,みなと,02min061_065.wav,minato,0,,,,「あっ、んああっ、んんんっ、あぅっ……お兄ちゃん……あっ、あっ、ああっ、んああああぁぁぁぁぁっ……！！」
708200 ,,<!ef_shasei>,,,101314,,,,,,,,,,　俺はみなとの腰を押さえつけ、一番奥で全てを解き放つ。
708300 ,,,,,101314,,,,,,,,,,　同時にみなとのチ○チンからも精液が噴き出ているようで、エプロンにも染みが広がっていた。
708400 ,,,,,101314,,みなと,みなと,02min061_066.wav,minato,0,,,,「ふぁ、あ……お兄ちゃんの精子……いっぱい出てる……」
708500 ,,,,,101314,,弘明,弘明,,,,,,,「ああ、みなとの奥でいっぱい出してる。……みなとも出してるみたいだな」
708600 ,,,,,101314,,みなと,みなと,02min061_067.wav,minato,0,,,,「うん……ボク、お兄ちゃんといっしょに出しちゃった……」
708700 ,,,,,101314,,,,,,,,,,　嬉しそうにつぶやくみなとの頭を撫でつつ、俺はアヌスからゆっくりとペニスを引き抜いた。
708800 ,,,,,101314,,弘明,弘明,,,,,,,「んんっ……ああ……」
708900 ,,,,,101314,,,,,,,,,,　射精したばかりだというのに、引き抜く時の感触も、また快感になってしまう。
709000 ,,,,,101314,,みなと,みなと,02min061_068.wav,minato,0,,,,「あっ、あんん……んっ」
709100 ,,,,,101314,,,,,,,,,,　それはみなとも同じようで、みなとは残っていた精液をとくとくと沸き立たせる。
709300 ,,,,,101314,,みなと,みなと,02min061_069.wav,minato,0,,,,「あ、ごめんなさい……。エプロン、精子でよごしちゃった……あらわなきゃ……」
709400 ,,,,,101314,,弘明,弘明,,,,,,,「いいよ、そんなの別に」
709500 ,,,,,101314,,,,,,,,,,　俺は、いじらしくしおれるみなとを抱きしめた。
709600 ,,,,,101314,,弘明,弘明,,,,,,,「みなとも精液……結構出てくるようになったかな」
709700 ,,,,,101314,,みなと,みなと,02min061_070.wav,minato,0,,,,「あぅ……お兄ちゃんが、たくさんえっちなことするからだよぉ……」
709800 ,,,,,101314,,,,,,,,,,　耳まで真っ赤になったみなとは、精液のついたエプロンで顔を隠した。
709900 ,,,,,101314,,,,,,,,,,　たくし上げられたエプロンのあった場所には、みなとの可愛いチ○チンがぷるぷると揺れていた。
710000 ,$event_return,,,,101314,,,,,,,,,,
710100 ,,<m_fade fadeout=""2000"">,0,,101314,,,,,,,,,,
710200 ,,<s_fade time=""2500"">,,9000,,,,,,,,,,,
710400 ,"$fset %ev10131,0",,,,,,,,,,,,,,
710500 ,"$fset %ev10141,1",,,,,,,,,,,,,,
710700 ,$return,,,,,,,,,,,,,,
710800 ,,,,,,,,,,,,,,,
710900 ,,,,,,,,,,,,,,,
711000 ,*ev10141,,,,,,,,,,,,,,
711900 ,,,1,1011,,,弘明,弘明,,"minato,uniform",↓,,,,「さて……今日はみなとの為に、可愛らしい服を用意したぞ」
712000 ,,,,,,,みなと,みなと,02min062_001.wav,"minato,uniform",2,,,,「えっ、なにこれ……？　お兄ちゃん……」
712100 ,,,,,,,,,,minato,2,,,,　俺が真っ白いタイツを広げると、みなとはきょとんとした顔でそれを見つめた。
712200 ,,,,,,,みなと,みなと,02min062_002.wav,minato,85,,,,「これ、まっしろで……あ、しっぽ……？」
712300 ,,,,,,,弘明,弘明,,minato,85,,,,「うむ。尻尾付きのタイツと、ネコ耳アクセサリのセットだ」
712400 ,,,,,,,みなと,みなと,02min062_003.wav,minato,0,,,,「ネコさん……？」
712500 ,,,,,,,,,,minato,0,,,,　とは言っても、猫らしい毛とか模様がある訳じゃない。せいぜいしっぽが付けられているぐらいで、あとは何の変哲もない白タイツだったりする。
712600 ,,,,,,,みなと,みなと,02min062_004.wav,minato,8,,,,「えっと、これ……ボクが着るの？」
712700 ,,,,,,,弘明,弘明,,minato,8,,,,「もちろん。新品だから、遠慮なく着てくれ」
712800 ,,,,,,,,,,minato,8,,,,　ちなみにこの猫タイツは、猫の演劇で知られる劇団のサイト製作に関わったとき、何故だかお礼にもらったものだ。なんでも、一部の団員しか持ってない稽古用のヤツなんだとか。
712900 ,,,,,,,,,,minato,8,,,,　もらった時は、いったいどうするんだコレ……と思ってたけど、まさかこんな形で役に立つ日が来るとはなあ。捨てずにいて良かった……。
713000 ,,,,,,,みなと,みなと,02min062_005.wav,minato,5,,,,「これ……ボクにはおっきくないかな……」
713100 ,,,,,,,弘明,弘明,,minato,5,,,,「俺だと太ももでつっかえるぐらいだから、みなとにはちょうどいいサイズだと思うよ」
713200 ,,,,,,,みなと,みなと,02min062_006.wav,minato,12,,,,「お兄ちゃん……着てみようとはしたんだ……」
713300 ,,,,,,,弘明,弘明,,minato,12,,,,「ま、まあ細かいことは気にするな。ほらほら、着替えて着替えて……」
713500 ,,<!ef_timepass><m_fade fadeout=""2000"" fadein=""1500"">,10,1011,101411,,,,,,,,,,
713600 ,*mem_ev14,,,,101411,,,,,,,,,,
713700 ,,,10,,101411,,みなと,みなと,02min062_007.wav,minato,0,,,,「あっ、あんっ？　お兄ちゃん……」
713800 ,,,,,101411,,,,,,,,,,　可愛らしいネコミミ姿になったみなとを、俺はいきなり床に寝転がせる。
713900 ,,,,,101411,,みなと,みなと,02min062_008.wav,minato,0,,,,「やんっ……お兄ちゃん、らんぼうだよぉ……」
714000 ,,,,,101411,,,,,,,,,,　伸縮性のいいタイツはみなとの身体にぴっちりと貼り付いて、可愛らしいチ○チンをくっきり浮かび上がらせていた。
714100 ,,,,,101411,,弘明,弘明,,,,,,,「タイツがピチピチだから……チ○チンの形、はっきりとわかるな。ここがタマタマで、ここがチ○チンで……」
714200 ,,,,,101411,,みなと,みなと,02min062_009.wav,minato,0,,,,「ああんっ、言わないでよぉ……！」
714300 ,,,,,101411,,,,,,,,,,　みなとは顔を真っ赤にして、恥ずかしそうに身をよじる。
714400 ,,,,,101411,,弘明,弘明,,,,,,,「んっ……みなとのタマタマ、ふにふにだ」
714500 ,,,,,101411,,みなと,みなと,02min062_010.wav,minato,0,,,,「やっ、あん、だめぇ……。そんなにおち○ちんいじったら……ボク精子出しちゃって、タイツよごしちゃうよぉ……」
714600 ,,,,,101411,,弘明,弘明,,,,,,,「気にしなくていいぞ、その為に着せたんだからさ。これから、エッチなことをたくさんしちゃうからな」
714700 ,,,,,101411,,みなと,みなと,02min062_011.wav,minato,0,,,,「あぅぅ……」
714800 ,,,,,101411,,,,,,,,,,　そのとき俺は、ふと思いついた。
714900 ,,,,,101411,,弘明,弘明,,,,,,,「……あ、そうだ。これからみなとは、猫になりきる、ってのはどうだ？」
715000 ,,,,,101411,,みなと,みなと,02min062_012.wav,minato,0,,,,「えっ？　ネコになりきる、って……」
715100 ,,,,,101411,,弘明,弘明,,,,,,,「えっと……語尾に『にゃ』をつけるとか？」
715200 ,,,,,101411,,みなと,みなと,02min062_013.wav,minato,0,,,,「お兄ちゃん、それ安直だよぉ……」
715300 ,,,,,101411,,,,,,,,,,　みなとのツッコミは無視して、構わず続ける。
715400 ,,,,,101411,,弘明,弘明,,,,,,,「よし、みなとはこれから猫になりきるんだ。いいな？」
715500 ,,,,,101411,,みなと,みなと,02min062_014.wav,minato,0,,,,「ええっ、ほんとにやるの……！？」
715600 ,,,,,101411,,弘明,弘明,,,,,,,「ああ、マジだとも」
715700 ,,,,,101411,,みなと,みなと,02min062_015.wav,minato,0,,,,「あうぅ、そんなしんけんな顔で……」
715800 ,,,,,101411,,弘明,弘明,,,,,,,「みなと、返事は？」
715900 ,,,,,101411,,みなと,みなと,02min062_016.wav,minato,0,,,,「うん……」
716000 ,,,,,101411,,弘明,弘明,,,,,,,「語尾」
716100 ,,,,,101411,,みなと,みなと,02min062_017.wav,minato,0,,,,「は、はい……にゃ……」
716200 ,,,,,101411,,弘明,弘明,,,,,,,「よしよし、可愛いぞ、みなと」
716300 ,,,,,101411,,みなと,みなと,02min062_018.wav,minato,0,,,,「にゃううん……」
716400 ,,,,,101411,,弘明,弘明,,,,,,,「おっ、それそれ！　いい演技だ」
716500 ,,,,,101411,,みなと,みなと,02min062_019.wav,minato,0,,,,「あぅぅ……」
716600 ,,,,,101411,,,,,,,,,,　俺はみなとの身体に手を這わせると、タイツの手触り越しに肌の柔らかさを確認する。
716700 ,,,,,101411,,みなと,みなと,02min062_020.wav,minato,0,,,,「ふっ、んっ、んにゃ……」
716800 ,,,,,101411,,弘明,弘明,,,,,,,「よしよし……可愛い仔猫は、いっぱい撫でてあげるからな」
716900 ,,,,,101411,,みなと,みなと,02min062_021.wav,minato,0,,,,「にゃ、にゃうん……」
717000 ,,,,,101411,,,,,,,,,,　手をそのままみなとの内股に伸ばし、チ○チンには触れないようにして、ふにふにと揉みしだく。
717100 ,,,,,101411,,,,,,,,,,　みなとはくすぐったいのか、ときおり身をすくめて悶えていた。
717200 ,,,,,101411,,みなと,みなと,02min062_022.wav,minato,0,,,,「んっ……」
717300 ,,,,,101411,,弘明,弘明,,,,,,,「気持ちいいか、みなと……」
717400 ,,,,,101411,,みなと,みなと,02min062_023.wav,minato,0,,,,「う、うん……あっ、んああっ、あんっ……！」
717500 ,,,,,101411,,,,,,,,,,　そのままさわさわと撫で続けると、みなとはトロンとした目で俺の手を見つめていた。
717600 ,,,,,101411,,弘明,弘明,,,,,,,「その気になってきたみたいだな。この様子だと、チ○チンの方も……」
717700 ,,,,,101411,,みなと,みなと,02min062_024.wav,minato,0,,,,「あっ……にゃっ……んにゃ……んんっ」
717800 ,,,,,101411,,,,,,,,,,　股間のふくらみを軽く指先でつまんでみると、みなとのチ○チンは瞬く間に硬くなり始めた。
718000 ,,,,,101412,,みなと,みなと,02min062_025.wav,minato,0,,,,「ふにゃ……にゃぁぁん……」
718100 ,,,,,101412,,弘明,弘明,,,,,,,「見事に勃起しちゃったな」
718200 ,,,,,101412,,みなと,みなと,02min062_026.wav,minato,0,,,,「んんっ、あう……おち○ちん、ちょっときついよぉ……」
718300 ,,,,,101412,,,,,,,,,,　みなとの勃起は、タイツの生地に押さえ込まれてしまっている。
718400 ,,,,,101412,,弘明,弘明,,,,,,,「苦しいか？　みなと」
718500 ,,,,,101412,,みなと,みなと,02min062_027.wav,minato,0,,,,「ううん、そうでもないけど……」
718600 ,,,,,101412,,弘明,弘明,,,,,,,「そうだ。ちょっと待ってろ」
718700 ,,,,,101412,,みなと,みなと,02min062_028.wav,minato,0,,,,「え……？」
718800 ,,,,,101412,,,,,,,,,,　俺は立ち上がるとサイドボードの引き出しをいくつか探って、プラスチックのボトルを取り出した。
718900 ,,,,,101412,,弘明,弘明,,,,,,,「あったあった」
719000 ,,,,,101412,,みなと,みなと,02min062_029.wav,minato,0,,,,「なぁに、それ？」
719100 ,,,,,101412,,弘明,弘明,,,,,,,「ローションだよ」
719200 ,,,,,101412,,みなと,みなと,02min062_030.wav,minato,0,,,,「ろーしょん？　あ。……にゃ」
719300 ,,,,,101412,,,,,,,,,,　とりあえず語尾に「にゃ」をつけてみる律儀なみなとを微笑ましく思いながら、新品のローションのフタを開ける。
719400 ,,,,,101412,,,,,,,,,,　もはや説明は要らないと思うが、アダルトグッズサイトの仕事をした時にもらったものだ。何でも取っとくもんだよなあ。
719500 ,,,,,101412,,弘明,弘明,,,,,,,「さぁて、これで気持ちよくなれるぞー」
719600 ,,,,,101412,,みなと,みなと,02min062_031.wav,minato,0,,,,「えっ？　あっ、ひゃぁんっ！」
719700 ,,,,,101412,,,,,,,,,,　俺はみなとの身体に、たぱたぱとローションを振りかけていった。
719900 ,,,,,101413,,,,,,,,,,　まるで猫が水を嫌うかのように、みなとは降りかかるローションの下で身をよじらせる。
720000 ,,,,,101413,,みなと,みなと,02min062_032.wav,minato,0,,,,「やっ、やぁっ……つめたいよぉ……！」
720100 ,,,,,101413,,弘明,弘明,,,,,,,「猫語は？」
720200 ,,,,,101413,,みなと,みなと,02min062_033.wav,minato,0,,,,「つ、つめたい……にゃ……」
720300 ,,,,,101413,,,,,,,,,,　ローションが降りかかったところはタイツと肌が密着し、透け透けになっている。俺は、その様子を全身くまなく眺めまわした。
720400 ,,,,,101413,,弘明,弘明,,,,,,,「おへそもおっぱいも、透け透けだ……」
720500 ,,,,,101413,,,,,,,,,,　俺は、ピンクに透ける乳首へと手をのばした。表面は少しぬるっとした手触りがあり、ちょっと撫でにくい。
720600 ,,,,,101413,,みなと,みなと,02min062_034.wav,minato,0,,,,「にゃっ、にゃっ！？　んにゃぁぁっ！」
720700 ,,,,,101413,,弘明,弘明,,,,,,,「乳首が勃ってきたぞ。すごくコリコリだ」
720800 ,,,,,101413,,みなと,みなと,02min062_035.wav,minato,0,,,,「んんっ、あうっ……あっ、ああっ……やぁぁ……おっぱい、だめぇ……」
720900 ,,,,,101413,,,,,,,,,,　そうして全身を優しく愛撫していると、みなとが突然身体をくねらせ始める。
721000 ,,,,,101413,,みなと,みなと,02min062_036.wav,minato,0,,,,「んぁ……んああぁっ……！　あっ、あ……おち○ちんが……！」
721100 ,,,,,101413,,,,,,,,,,　これまでタイツの生地に押さえつけられていた亀頭が、ローションの潤滑を得てみるみるうちに膨張していく。
721200 ,,,,,101413,,みなと,みなと,02min062_037.wav,minato,0,,,,「んあっ、ふぁぁ……タイツの中で、ボク……おち○ちん、むけちゃった……」
721300 ,,,,,101413,,弘明,弘明,,,,,,,「そっか、ローションで中もぬるぬるになったんだな」
721400 ,,,,,101413,,,,,,,,,,　みなとの股間を、じっと観察してみる。
721500 ,,,,,101413,,弘明,弘明,,,,,,,「ホントだ……みなとのチ○チン、亀頭の形がハッキリ出てる」
721600 ,,,,,101413,,みなと,みなと,02min062_038.wav,minato,0,,,,「そんなこといわれると、はずかしいよぉ……」
721700 ,,,,,101413,,弘明,弘明,,,,,,,「タイツの中で剥けたチ○チン……うん、可愛いな」
721800 ,,,,,101413,,,,,,,,,,　俺は、浮かび上がった未発達の性器に指を這わせた。
721900 ,,,,,101413,,,,,,,,,,　サオの付け根からウラスジをのぼり、鈴口をコリコリとほじる。そして鈴口から左右に広がるカリの稜線に沿って、何度も指先を往復させた。
722000 ,,,,,101413,,みなと,みなと,02min062_039.wav,minato,0,,,,「あ、あっ！　おち○ちん、きゅうってなるよぉ……。あぅっ、んんっ！　あっ、んああ……」
722100 ,,,,,101413,,,,,,,,,,　今度は指の腹を鈴口に当て、揉み広げるように愛撫した。タイツの薄い生地越しに、みなとのチ○チンの熱が伝わってくる。
722200 ,,,,,101413,,みなと,みなと,02min062_040.wav,minato,0,,,,「あ、あ……おち○ちんのさきっぽ、くりくりしないでぇ……。んんんっ、あうっ！」
722300 ,,,,,101413,,,,,,,,,,　みなとの子供ペニスは、もともと勃起していてもたくさん皮が余っているので、いじり回すにはちょうどいい。
722400 ,,,,,101413,,みなと,みなと,02min062_041.wav,minato,0,,,,「ふぁ、んぁ……ああんっ、ん……」
722500 ,,,,,101413,,,,,,,,,,　まるで射精寸前かというほど、みなとのチ○チンがひくひくと震える。
722600 ,,,,,101413,,弘明,弘明,,,,,,,「これじゃ……ローションなのかみなとのカウパーなのか、もうわからないな」
722700 ,,,,,101413,,みなと,みなと,02min062_042.wav,minato,0,,,,「ふぁ、んにゅ……」
722800 ,,,,,101413,,弘明,弘明,,,,,,,「どう？　気持ちいい？」
722900 ,,,,,101413,,みなと,みなと,02min062_043.wav,minato,0,,,,「うん……。お兄ちゃんにこしこしされて、おち○ちんきもちいいにゃ……」
723000 ,,,,,101413,,,,,,,,,,　俺もギンギンに勃起していたペニスを、ズボンの中から取り出す。
723100 ,,,,,101413,,みなと,みなと,02min062_044.wav,minato,0,,,,「あ、お兄ちゃんのおち○ちん……にゃ」
723200 ,,,,,101413,,弘明,弘明,,,,,,,「俺のチ○チンも、気持ちよくしてくれるか？」
723300 ,,,,,101413,,みなと,みなと,02min062_045.wav,minato,0,,,,「うん、お兄ちゃん、ボクで気持ちよくなって……ボクと、セックスしよ……」
723400 ,,,,,101413,,弘明,弘明,,,,,,,「みなとは、いま猫になってるんだからな。セックスじゃない。『交尾』だ」
723500 ,,,,,101413,,みなと,みなと,02min062_046.wav,minato,0,,,,「こうび……ボク、交尾したい……。お兄ちゃんと、交尾するのぉ……」
723600 ,,,,,101413,,弘明,弘明,,,,,,,「ああ……猫のみなとと交尾して、子猫作るか」
723700 ,,,,,101413,,,,,,,,,,　もう交尾することを想像してしまったのか、みなとはタイツ越しのペニスをビクビクと痙攣させて、身体をくゆらせる。
723800 ,,,,,101413,,みなと,みなと,02min062_047.wav,minato,0,,,,「ボク……もう待てないよぉ……お兄ちゃん、ボクと交尾して……。ボクと、赤ちゃんつくろ……？」
723900 ,,,,,101413,,弘明,弘明,,,,,,,「ああ……」
724000 ,,,,,101413,,みなと,みなと,02min062_048.wav,minato,0,,,,「お兄ちゃん……にゃぁぁ……」
724100 ,,,,,101413,,弘明,弘明,,,,,,,「みなと……」
724300 ,,,,,101414,,みなと,みなと,02min062_049.wav,minato,0,,,,「にゃっ……ふにゃぁぁんっ！」
724400 ,,,,,101414,,,,,,,,,,　俺はタイツを破いて、みなとのアヌスへとペニスを挿入する。
724500 ,,,,,101414,,,,,,,,,,　とてもじゃないが、待ちきれるだけの余裕はなかった。
724600 ,,,,,101414,,みなと,みなと,02min062_050.wav,minato,0,,,,「ふぁぁぁっ……！　お兄ちゃんのおち○ちん、入ってくる……。ボク、交尾してる……！」
724700 ,,,,,101414,,,,,,,,,,　俺はタイツに浮かび上がっているみなとの亀頭に指を置くと、タイツに広がったカウパーが生地越しに染み出してくる。
724800 ,,,,,101414,,弘明,弘明,,,,,,,「ほら……カウパーが、こんなに染み出てきてるぞ。みなとは本当にカウパーが多いな」
724900 ,,,,,101414,,みなと,みなと,02min062_051.wav,minato,0,,,,「んにゃぁぁ……だって、だって……おち○ちんから、かってに出ちゃうんだもん……」
725000 ,,,,,101414,,弘明,弘明,,,,,,,「みなとのおち○ちんが、もっとエッチなことしたいって言ってるみたいだ」
725100 ,,,,,101414,,みなと,みなと,02min062_052.wav,minato,0,,,,「んあっ、ああ……すごくぬるぬるしてる、ボクのおち○ちん……」
725400 ,,,,,101414,,みなと,みなと,02min062_053.wav,minato,0,,,,「にゃっ、んにゃっ……おにいちゃぁん……」
725500 ,,,,,101414,,,,,,,,,,　気持ちが、猫になりきっているのか……みなとがあえぐ声も、いつもよりずっと甘い。
725600 ,,,,,101414,,弘明,弘明,,,,,,,「みなと……すっごく可愛いぞ」
725700 ,,,,,101414,,みなと,みなと,02min062_054.wav,minato,0,,,,「にゃ……お兄ちゃん、すき……だいすきぃ……」
725800 ,,,,,101414,,,,,,,,,,　俺はみなとの唇にキスをして、更に腰を動かす。
725900 ,,,,,101414,,みなと,みなと,02min062_055.wav,minato,0,,,,「んっ、ああっ……んあっ、あっ、んぁぁんっ……！」
726000 ,,,,,101414,,,,,,,,,,　俺はローションがまみれるのも気にせず、どんどんとストロークを早くする。ローションはおしりの方にも垂れてきていて、いつもよりずっと突き入れのスピードを早くすることができた。
726100 ,,,,,101414,,弘明,弘明,,,,,,,「みなと……んっ」
726200 ,,,,,101414,,みなと,みなと,02min062_056.wav,minato,0,,,,「お兄ちゃ……お兄ちゃんっ……あうっ、あっ、ふぁぁっ……あっ、ああっ！」
726300 ,,,,,101414,,,,,,,,,,　みなとの身体に、ビクビクと電気が走るのがわかった。
726400 ,,,,,101414,,みなと,みなと,02min062_057.wav,minato,0,,,,「にゃっ、にゃぅん……ボク、イッちゃう……」
726500 ,,,,,101414,,,,,,,,,,　みなとが、艶やかな声を上げる。俺は本当に子猫を孕ませる雄猫のような気持ちで、みなとの体内奥深くに射精寸前のペニスを打ち込んだ。
726600 ,,,,,101414,,みなと,みなと,02min062_058.wav,minato,0,,,,「あっ、んっ、んんんっ……んんんっ、あうっ！　おしり、きもちいいよぉ……。ああんっ！」
726700 ,,,,,101414,,みなと,みなと,02min062_059.wav,minato,0,,,,「あっ、あっ、ああっ……ボク、精子出ちゃうよ……ふぁぁぁぁぁっ……！」
727000 ,,<!ef_shasei>,,,101415,,みなと,みなと,02min062_060.wav,minato,0,,,,「あっ、ああっ、あっ……」
727100 ,,,,,101415,,,,,,,,,,　みなとは絶頂に達し、タイツ越しに精液がじわじわと染み出してくる。
727200 ,,,,,101415,,弘明,弘明,,,,,,,「みなと……先にイッちゃったな」
727300 ,,,,,101415,,みなと,みなと,02min062_061.wav,minato,0,,,,「ふぁ、あ……ごめんなさい……」
727400 ,,,,,101415,,弘明,弘明,,,,,,,「いや、いいんだよ」
727500 ,,,,,101415,,みなと,みなと,02min062_062.wav,minato,0,,,,「でも……」
727600 ,,,,,101415,,弘明,弘明,,,,,,,「もっともっと、気持ちよくしてあげるからな」
727700 ,,,,,101415,,みなと,みなと,02min062_063.wav,minato,0,,,,「んっ、んああぁぁっ！　ああっ、あっ、あう……」
727800 ,,,,,101415,,,,,,,,,,　イッたばかりのみなとのペニスをさらにしごき上げ、俺はぐいぐいとみなとの奥にペニスを押し込む。
727900 ,,,,,101415,,みなと,みなと,02min062_064.wav,minato,0,,,,「んんっ、あっ、あんっ……ふぁぁっ、んっ、あっ！　ああ……」
728000 ,,,,,101415,,,,,,,,,,　ペニスをアヌスの内側からみなとのチ○チンの方へと突き入れ、みなとが快感で痙攣する刺激で、俺自身の快感を高めていく。
728100 ,,,,,101415,,みなと,みなと,02min062_065.wav,minato,0,,,,「んあっ、んっ……！　んんっ！」
728200 ,,,,,101415,,弘明,弘明,,,,,,,「中に出すぞ……みなと」
728300 ,,,,,101415,,みなと,みなと,02min062_066.wav,minato,0,,,,「う、うん……。んぁぁっ！　あっ、あうっ、んんっ……おち○ちん、またびくびくって……精子出そう……」
728600 ,,,,,101415,,みなと,みなと,02min062_067.wav,minato,0,,,,「にゃうんっ、ああっ、んんっ……あっ、あっ、ああっ、んにゃあああぁぁぁぁっ……！！」
728900 ,,<!ef_shasei>,,,101416,,弘明,弘明,,,,,,,「ううっ！　ああ……」
729000 ,,,,,101416,,みなと,みなと,02min062_068.wav,minato,0,,,,「にゃ……うにゃ……ふぁぁ……」
729100 ,,,,,101416,,,,,,,,,,　どぷどぷと注がれる精液を感じているのか、みなとが荒い息をつきながら目を細める。
729200 ,,,,,101416,,みなと,みなと,02min062_069.wav,minato,0,,,,「にゃ……ふにゃぁ……。おなかの中、お兄ちゃんの精子でいっぱい……ねこの赤ちゃん……こねこ、できちゃう……」
729300 ,,,,,101416,,弘明,弘明,,,,,,,「本当に出来ちゃったらどうする？」
729400 ,,,,,101416,,みなと,みなと,02min062_070.wav,minato,0,,,,「もちろん、育てるよ……だいじなお兄ちゃんとの赤ちゃんだもん……」
729500 ,,,,,101416,,弘明,弘明,,,,,,,「そっか、そうだよな……」
729600 ,,,,,101416,,,,,,,,,,　俺はまだつながったまま、みなとの頭を抱き寄せて、その髪を優しくなでる。
729700 ,,,,,101416,,みなと,みなと,02min062_071.wav,minato,0,,,,「にゃ……」
729800 ,,,,,101416,,,,,,,,,,　気持ちよさそうに目を細めるみなとは、まるで本当に猫になってしまったかのようだった。
729900 ,$event_return,,,,101416,,,,,,,,,,
730000 ,,<m_fade fadeout=""2000"">,0,,101416,,,,,,,,,,
730100 ,,<s_fade time=""2500"">,,9000,,,,,,,,,,,
730300 ,"$fset %ev10141,0",,,,,,,,,,,,,,
730400 ,"$fset %ev10171,1",,,,,,,,,,,,,,
730600 ,$return,,,,,,,,,,,,,,
730700 ,,,,,,,,,,,,,,,
730800 ,,,,,,,,,,,,,,,
730900 ,*ev10151,,,,,,,,,,,,,,
731600 ,,,1,1011,,,弘明,弘明,,"minato,uniform",↓,,,,「ぬふふ……みーなとっ」
731700 ,,,,,,,弘明,弘明,,"minato,uniform",5,,,,「…………んん？」
731800 ,,,,,,,,,,"minato,uniform",5,,,,　今日はどんなエッチをしようか……などと考えながらみなとに抱きつこうとすると、みなとは何やら浮かない顔をして宙を見つめていた。
731900 ,,,,,,,弘明,弘明,,"minato,uniform",5,,,,「どうした、みなと。なにか悩みでもあるのか？」
732000 ,,,,,,,みなと,みなと,02min006_001.wav,"minato,uniform",8,,,,「あっ、ううん……」
732100 ,,,,,,,弘明,弘明,,minato,8,,,,「またみらいちゃんにいじめられたか？」
732200 ,,,,,,,みなと,みなと,02min006_002.wav,minato,15,,,,「ち、ちがうよぉっ……」
732300 ,,,,,,,弘明,弘明,,minato,15,,,,「だったら、どうした？　俺に遠慮なく話してみ」
732400 ,,,,,,,みなと,みなと,02min006_003.wav,minato,5,,,,「あ、えっと、えっとね…………ボク、精子……うすいのかなぁ、って……思って……」
732500 ,,,,,,,弘明,弘明,,minato,5,,,,「なんだ……そんなこと気にしてたのか」
732600 ,,,,,,,みなと,みなと,02min006_004.wav,minato,82,,,,「だって……お兄ちゃんは白くてたくさん出るのに、ボクは……あんまり出ないもん……」
732700 ,,,,,,,,,,minato,82,,,,　みなとはそう言って、深刻な表情で俺の顔を見上げる。
732800 ,,,,,,,弘明,弘明,,minato,82,,,,「そんなの、気にするコトじゃないって。みなとの年なら、それぐらいでも全然おかしくないと思うよ」
732900 ,,,,,,,みなと,みなと,02min006_005.wav,minato,0,,,,「ほんと……？」
733000 ,,,,,,,弘明,弘明,,minato,0,,,,「ああ。むしろ、それが当然って言うか」
733100 ,,,,,,,,,,minato,0,,,,　俺はみなとの頭にポンと手を置くと、ちょっと強めに撫でまわした。
733200 ,,,,,,,みなと,みなと,02min006_006.wav,minato,15,,,,「ひゃっ、ああんっ……」
733300 ,,,,,,,弘明,弘明,,minato,15,,,,「そうだな……。まあ精液を濃くしたいんなら、まず溜めてみるといいかもな」
733400 ,,,,,,,みなと,みなと,02min006_007.wav,minato,8,,,,「ためる……？」
733500 ,,,,,,,弘明,弘明,,minato,8,,,,「精液を出さずに溜める……すなわち、俺とエッチしないことだ」
733600 ,,,,,,,みなと,みなと,02min006_008.wav,minato,2,,,,「ええっ……？」
733700 ,,,,,,,弘明,弘明,,minato,2,,,,「あと、自分で出すのも……つまり、オナニーもしちゃダメだぞ」
733800 ,,,,,,,みなと,みなと,02min006_009.wav,minato,6,,,,「ボ、ボク……あんまりオナニー……しないもん……」
733900 ,,,,,,,弘明,弘明,,minato,6,,,,「ほほう、『あんまり』……？　ってコトは、たまにはオナニーするんだな？」
734000 ,,,,,,,みなと,みなと,02min006_010.wav,minato,6,,,,「あ、あう……」
734100 ,,,,,,,弘明,弘明,,minato,6,,,,「ほらほら、どうなんだ？　家でもこっそりしちゃうのか、オナニー」
734200 ,,,,,,,みなと,みなと,02min006_011.wav,minato,3,,,,「う、うん……。お兄ちゃんに会えなかった日とかね、夜、おふとんの中でお兄ちゃんのことをかんがえてると……ぼっきしちゃうことがあって……」
734300 ,,,,,,,みなと,みなと,02min006_012.wav,minato,3,,,,「それで……お兄ちゃんとえっちしたことを思い出しながら、自分でおち○ちんいじって……オナニーしちゃうの……」
734400 ,,,,,,,,,,minato,3,,,,　みなとはとぎれとぎれにそうつぶやくと、顔を真っ赤にしてうつむいてしまった。
734500 ,,,,,,,弘明,弘明,,minato,3,,,,「ほほ～う。みなとはエッチだなあ」
734600 ,,,,,,,みなと,みなと,02min006_013.wav,minato,15,,,,「た、たまにだよっ！？　たまに……だけど……」
734700 ,,,,,,,みなと,みなと,02min006_014.wav,minato,82,,,,「おち○ちんこしこしするときに、かんがえるのは……お兄ちゃんのこと、だけ……だもん……」
734800 ,,,,,,,,,,minato,82,,,,　耳まで真っ赤になったみなとは、身体を小さくして貝のように黙りこくってしまう。
734900 ,,,,,,,弘明,弘明,,minato,82,,,,「みなと……可愛いこと言ってくれるな」
735000 ,,,,,,,,,,minato,82,,,,　俺は今すぐ抱きついて押し倒したくなる衝動をなんとか抑えながら、みなとの肩に手を置いた。
735100 ,,,,,,,弘明,弘明,,minato,82,,,,「とにかくだ。エッチとオナニーを抑えれば、精液は濃くなると思うぞ。……多分」
735200 ,,,,,,,みなと,みなと,02min006_015.wav,minato,8,,,,「ほんと……？」
735300 ,,,,,,,弘明,弘明,,minato,8,,,,「ああ。問題は、みなとが我慢できるか、ってことだ」
735400 ,,,,,,,みなと,みなと,02min006_016.wav,minato,4,,,,「う、うん……ボク、がまんしてみるね……」
735500 ,,,,,,,,,,minato,4,,,,　みなとは俺の顔を見上げると、口をキュッと結んでうなずく。
735600 ,,,,,,,弘明,弘明,,minato,4,,,,「それじゃ、今日のエッチはナシだな」
735700 ,,,,,,,みなと,みなと,02min006_017.wav,minato,3,,,,「あう……。うん、そうだよね……」
735800 ,,,,,,,,,,minato,3,,,,　みなとはそうつぶやいて、残念そうに肩を落とす。
735900 ,,,,,,,弘明,弘明,,minato,3,,,,（まあ、俺から言い出したことだけど……俺自身、我慢できるかなあ……）
736000 ,,,,,,,,,,minato,3,,,,　俺もそうやってみなとが俺のシャツのすそをキュッと握ってきた。
736100 ,,,,,,,みなと,みなと,02min006_018.wav,minato,5,,,,「あっ、あのっ……お兄ちゃん……」
736200 ,,,,,,,弘明,弘明,,minato,5,,,,「んっ、どうした？」
736300 ,,,,,,,みなと,みなと,02min006_019.wav,minato,8,,,,「えっと……くっついてるだけなら、いいよね……？」
736400 ,,,,,,,弘明,弘明,,minato,8,,,,「ああ、もちろんいいぞ」
736500 ,,,,,,,みなと,みなと,02min006_020.wav,minato,85,,,,「ありがと、お兄ちゃん……」
736600 ,,,,,,,,,,minato,85,,,,　俺たちは、テレビの前に並んで座る。みなとがおずおずと肩を寄せてきて、それから俺の腕を両手でそっと握った。
736700 ,,,,,,,みなと,みなと,02min006_021.wav,minato,60,,,,「あ……ボク、これだけでも幸せかも……」
736800 ,,,,,,,弘明,弘明,,minato,60,,,,「一緒にいるだけで幸せか？　みなとは慎ましいな」
736900 ,,,,,,,みなと,みなと,02min006_022.wav,minato,1,,,,「だって、お兄ちゃんがこんなに近くにいて……。ボク、すっごくうれしいよ……」
737000 ,,,,,,,弘明,弘明,,minato,1,,,,「そっか……。嬉しすぎて、チ○チン勃ったりしてないか？」
737100 ,,,,,,,みなと,みなと,02min006_023.wav,minato,15,,,,「し、してないよぉっ……！」
737200 ,,,,,,,弘明,弘明,,minato,15,,,,「あははははは」
737300 ,,,,,,,みなと,みなと,02min006_024.wav,minato,6,,,,「もう……お兄ちゃん……」
737400 ,,,,,,,,,,minato,6,,,,　そうやって、しばらく話していると……俺はふと、ドラッグストアのサイト製作をした時にもらった亜鉛サプリメントの存在を思い出した。
737500 ,,,,,,,,,,minato,6,,,,　そのうち気が向いたら、これで精液を溜め込んでみなとのおしりにたくさん出してみようかなんて考えてたけど……いい機会だから、これをこっそりみなとに飲ませてみよう。
737600 ,,,,,,,,,,minato,6,,,,　うまくいけば、みなとの精液が増量されて……エッチを我慢する効果も倍増するかも知れないし。
737700 ,,,,,,,弘明,弘明,,minato,6,,,,「なぁみなと、ノド渇かないか？　俺、ちょっと冷蔵庫からジュース取って来るよ」
737800 ,,,,,,,みなと,みなと,02min006_025.wav,minato,0,,,,「あ、うん……」
737900 ,,,,,,,弘明,弘明,,minato,0,,,,「ちょっと待っててくれな、すぐ取ってくるから」
738100 ,,,,1031,,,,,,,,,,,
738200 ,,,,,,,,,,,,,,,　俺はキッチンに移動すると、棚にしまっていた亜鉛の錠剤を取り出した。そして包丁の柄で砕き、その粉末をジュースに溶かし込む。
738300 ,,,,,,,,,,,,,,,　そして、軽くひとくち試飲……。よし、味は変わってないな。
738400 ,,,,,,,,,,,,,,,　これなら、みなとにもまずバレないはず……。
738600 ,,,,1011,,,,,,,,,,,
738700 ,,,,,,,弘明,弘明,,,,,,,「……みなと、お待たせ」
738800 ,,,,,,,みなと,みなと,02min006_026.wav,minato,85,,,,「ありがとう、お兄ちゃん」
738900 ,,,,,,,,,,minato,85,,,,　みなとはなんの疑いもなく、サプリメント入りのジュースを口にした。味はほとんど変わってないから、気付かれることはまずないだろう。
739000 ,,,,,,,みなと,みなと,02min006_027.wav,minato,1,,,,「んっ、んくっ……んんっ……」
739100 ,,,,,,,弘明,弘明,,minato,1,,,,「なあ、みなと……身体、変わった感じしないか？」
739200 ,,,,,,,みなと,みなと,02min006_028.wav,minato,8,,,,「えっ……？　べつに……なんともないよ……？」
739300 ,,,,,,,,,,minato,8,,,,　みなとは、きょとんとした顔で俺を見た。
739400 ,,,,,,,弘明,弘明,,minato,8,,,,「あっ、いや、なんでもないんだ。なんでも」
739500 ,,,,,,,みなと,みなと,02min006_029.wav,minato,0,,,,「…………？」
739600 ,,,,,,,,,,minato,0,,,,　そりゃそうだ。サプリメントの効果が、すぐさま出る訳がない。
739700 ,,,,,,,,,,minato,0,,,,　俺は笑顔でごまかしつつ、その日はみなととただ話をするだけで過ごした。
739800 ,,,,,,,,,,minato,0,,,,　やっぱり、数日は続けてみないとな。
740100 ,,<hide><!ef_daypass>,0,9000,,,,,,,,,,,
740200 ,,<hide><s_fade time=""1500"" type=""panel"" param=""type=0"">,12,1011,,,,,,,,,,,
740300 ,,,,,,,,,,,,,,,　それから毎日……俺はみなとがやってくるたび、亜鉛サプリメント入りのジュースをこっそり飲ませ続けた。
740400 ,,,,,,,,,,,,,,,　もちろん、エッチは我慢。それは俺にとってもつらかったけど、来たるべき楽しみの為に自分を言い聞かせる。
740500 ,,,,,,,,,,,,,,,　そして、いよいよ……サプリメントの効果は、４日を過ぎたぐらいから現れた。
740700 ,,<!ef_timepass><!ef_door_entrance_open>,,1031,,,,,,,,,,,
740800 ,,,,,,,みなと,みなと,02min006_030.wav,"minato,uniform",8,,,,「お……お兄ちゃん……」
740900 ,,,,,,,,,,minato,8,,,,　俺の部屋に訪ねてくるみなとの顔は、すでにほんのりと赤い。
741000 ,,,,,,,弘明,弘明,,minato,8,,,,「よっ、みなと」
741100 ,,,,,,,みなと,みなと,02min006_031.wav,minato,60,,,,「うん……」
741200 ,,,,1011,,,,,,,,,,,
741300 ,,,,,,,,,,,,,,,　俺たちは、リビングでいつもどおりに話を交わす。恋人のように肌を寄せ、時々さわったりもするが、それ以上のことはしない。
741400 ,,,,,,,弘明,弘明,,,,,,,「……っと、ちょっとトイレ行ってくるな」
741500 ,,,,,,,みなと,みなと,02min006_032.wav,minato,5,,,,「あ、うん……」
741600 ,,,,,,,,,,minato,5,,,,　話のさなか、俺はおもむろに席を立った。
741700 ,,,,,,,,,,minato,5,,,,　みなとは、立ち上がった俺を見上げることもなく……ただ上の空といった様子で、うつろにうなずいていた。
741890 ,,<m_fade fadeout=""2500"">,0,,,,,,,minato,5,,,,
741900 ,,<!ef_timepass>,,,,,,,,,,,,,
742000 ,,,,,,,弘明,弘明,,,,,,,「あれ、みなと……？」
742100 ,,,,,,,,,,,,,,,　トイレから戻ってみると、リビングにみなとの姿はなかった。
742200 ,,,,,,,弘明,弘明,,,,,,,「みなと……どこ行った？」
742400 ,,<voice_volume vol=""-1800"">,,,,,みなと,みなと,02min006_033.wav,,,,,,「んっ、んんっ……」
742500 ,,,,,,,,,,,,,,,　くぐもったようなみなとの声は、奥にある寝室の方から聞こえてくる。
742600 ,,,,,,,,,,,,,,,　俺は心配と期待を抱きながら、寝室へと向かった。
742900 ,,<m_fade fadein=""1500"">,12,1021,,,,,,,,,,,
743000 ,,,,,,,みなと,みなと,02min006_034.wav,,,,,,「んっ、んんっ……おにいちゃぁん……。お兄ちゃんのベッド……お兄ちゃんのにおい、いっぱい……」
743100 ,,,,,,,,,,,,,,,　みなとは俺の枕に頭をうずめ、ズボンの上から股間をごしごしとこすっていた。
743200 ,,,,,,,,,,,,,,,　みなとが、我慢できずオナニーを始めたのは予想通り……ではあるけど、その姿の可愛さは予想以上だった。
743300 ,,,,,,,弘明,弘明,,,,,,,「みなと……」
743400 ,,,,,,,,,,,,,,,　俺が声をかけると、みなとは慌てて立ち上がる。
743600 ,,,,,,,みなと,みなと,02min006_035.wav,minato,15,,,,「お、お兄ちゃん……」
743700 ,,,,,,,弘明,弘明,,minato,15,,,,「なあ、みなと……オナニーは禁止って約束じゃなかったか？」
743800 ,,,,,,,みなと,みなと,02min006_036.wav,minato,3,,,,「ご、ごめんなさい……。ボク、がまんできなくて……」
743900 ,,,,,,,,,,minato,3,,,,　俺の言葉は決して強い口調じゃなかったけど、みなとはまるで叱られた子供のようにうなだれた。
744000 ,,,,,,,みなと,みなと,02min006_037.wav,minato,82,,,,「ねぇお兄ちゃん、ボク、へんだよぉ……えっちなきもち、おさえきれないの……」
744100 ,,,,,,,,,,minato,82,,,,　みなとはそう言いながら、うるんだ目を俺に向ける。
744200 ,,,,,,,,,,minato,82,,,,　どうやら精液が溜まったことにより、性欲もだいぶ強くなっているらしい。まさに期待した通りの効果が表れた……と言うべきか。
744300 ,,,,,,,弘明,弘明,,minato,82,,,,「みなと、黙っててごめんな。精子をたくさん出したいって言うから、こっそり亜鉛のサプリメントを飲ませてたんだ」
744400 ,,,,,,,みなと,みなと,02min006_038.wav,minato,8,,,,「えっ、なにそれ……？」
744500 ,,,,,,,弘明,弘明,,minato,8,,,,「いや、単なる健康商品なんだけど……まあなんていうか、副次的に精液も多くするんだ」
744600 ,,,,,,,,,,minato,8,,,,　それを聞いたみなとは一瞬驚いた顔をしたけど、すぐに俺の腕をにぎってきた。
744700 ,,,,,,,弘明,弘明,,minato,8,,,,「いや、みなと、別に変な薬とかじゃないから安心して……」
744800 ,,,,,,,みなと,みなと,02min006_039.wav,minato,6,,,,「いいの、もういいのっ……。それよりボク、精子出したい……早く、精子出したいよぉ……！」
744900 ,,,,,,,,,,minato,6,,,,　小さくて柔らかい身体を俺に密着させ、子猫のようにすり寄ってくる。
745000 ,,,,,,,みなと,みなと,02min006_040.wav,minato,8,,,,「お兄ちゃん、精子出させて……ボク、おち○ちんくるしいの……」
745100 ,,,,,,,,,,minato,8,,,,　本当に切なそうな顔のみなと。俺はその哀願に、ゆっくりとうなずいた。
745200 ,,,,,,,弘明,弘明,,minato,8,,,,「我慢した分、今日は精液がいっぱい出ると思うから……みなとの服、全部脱がすぞ」
745300 ,,,,,,,みなと,みなと,02min006_041.wav,minato,60,,,,「うん……お兄ちゃん……」
745500 ,,<!ef_timepass><m_fade fadeout=""2000"" fadein=""1500"">,10,,101511,,,,,,,,,,
745600 ,*mem_ev15,,,,101511,,,,,,,,,,
745700 ,,,10,1021,101511,,,,,,,,,,　俺はみなとの制服を脱がすと、ベッドに寝っ転がす。そしてチ○チンをいじりやすいよう、腰を上げさせた。
745800 ,,,,,101511,,みなと,みなと,02min006_042.wav,minato,0,,,,「あん……お兄ちゃん……」
745900 ,,,,,101511,,,,,,,,,,　そしてはちきれそうなほど膨れあがったみなとのペニスに、そっと手を伸ばした。
746000 ,,,,,101511,,弘明,弘明,,,,,,,「みなと、すごいな……。いつもより、ずっと大きく勃起してる」
746100 ,,,,,101511,,みなと,みなと,02min006_043.wav,minato,0,,,,「あんっ……だって、ずっとえっちもオナニーもしなかったんだもん……」
746200 ,,,,,101511,,,,,,,,,,　俺は包皮から露出している亀頭の先端に指の腹を置き、ゆっくり優しく愛撫を始める。
746300 ,,,,,101511,,みなと,みなと,02min006_044.wav,minato,0,,,,「んっ、ああぁぁっ！！　んんっ、あう……すごいよ、おち○ちんぴりぴりするの……んんっ、あっ、あああっ！」
746400 ,,,,,101511,,,,,,,,,,　たっぷりと精液を溜め込んでいるらしいみなとのチ○チンは、少し触れただけでひくひく震え、とろとろのカウパーを垂れ流した。
746500 ,,,,,101511,,みなと,みなと,02min006_045.wav,minato,0,,,,「んぁ……きもちいい……。精子たまってると……おち○ちん、こんなにきもちよくなるんだね……」
746600 ,,,,,101511,,弘明,弘明,,,,,,,「ほんの少しさわっただけで、もうイッちゃいそうだな」
746700 ,,,,,101511,,みなと,みなと,02min006_046.wav,minato,0,,,,「うん、イッちゃうかも……おち○ちん、ふわふわきゅうってきもちいいの……」
746800 ,,,,,101511,,,,,,,,,,　でもこのまま、すぐにイカせてしまっては面白くない。俺はいちど亀頭から指を離すと、みなとのタマタマを優しく揉み始める。
746900 ,,,,,101511,,みなと,みなと,02min006_047.wav,minato,0,,,,「んっ、んぁぁんっ！　あっ、あう……」
747000 ,,,,,101511,,弘明,弘明,,,,,,,「この中に、みなとの精液がたくさん溜まってるのかな」
747100 ,,,,,101511,,みなと,みなと,02min006_048.wav,minato,0,,,,「あぅぅん、タマタマだめぇ……。タマタマくりくりしてもらっただけで、精子出ちゃいそうになるよぉ……」
747200 ,,,,,101511,,弘明,弘明,,,,,,,「そっか、タマタマでも出ちゃうか。我慢できなくなったら、いつでも出していいんだぞ。みなと」
747300 ,,,,,101511,,,,,,,,,,　俺は優しくそう言ったが、みなとは首を横に振った。
747400 ,,,,,101511,,みなと,みなと,02min006_049.wav,minato,0,,,,「ううん、がまんする……。ボク、お兄ちゃんにもっときもちいいことしてほしいの……」
747500 ,,,,,101511,,弘明,弘明,,,,,,,「そっか……わかった。それじゃ、いっぱい気持ちよくしてあげるからな」
747600 ,,,,,101511,,みなと,みなと,02min006_050.wav,minato,0,,,,「うん……んあっ！　んんんっ、あああっ！」
747700 ,,,,,101511,,,,,,,,,,　俺はみなとの亀頭をそっとつまむと、クリトリスを愛撫するかのようにこねまわす。
747800 ,,,,,101511,,みなと,みなと,02min006_051.wav,minato,0,,,,「ふぁ、あぅ、んんっ……んあっ、ああっ！　先っぽ……おち○ちんの先っぽ……きもちいい……」
747900 ,,,,,101511,,,,,,,,,,　それから指にみなとのとろとろカウパーをまんべんなくまぶすと、親指と人差し指を包皮と亀頭の間に滑り込ませる。
748000 ,,,,,101511,,みなと,みなと,02min006_052.wav,minato,0,,,,「んぁっ、ああんっ！！　ああ……お兄ちゃんのゆび、おち○ちんの中に入ってるよぉ……」
748100 ,,,,,101511,,弘明,弘明,,,,,,,「このまま、剥くぞ……？」
748200 ,,,,,101511,,みなと,みなと,02min006_053.wav,minato,0,,,,「うん……おち○ちん、むいて……」
748300 ,,,,,101511,,,,,,,,,,　俺は親指と人差し指の間をゆっくりと広げ、みなとの亀頭を覆う包皮を後ろに後退させる。
748400 ,,,,,101511,,みなと,みなと,02min006_054.wav,minato,0,,,,「んっ……んぁんっ！　ふぁ……あ……」
748500 ,,,,,101511,,,,,,,,,,　するとみなとの幼いペニスは綺麗に剥けて、可愛らしいピンクの亀頭があらわになった。
748600 ,,,,,101511,,,,,,,,,,　俺はカウパーにまみれた指でみなとのサオをしごきながら、そっと顔を近づける。湿った亀頭からは蒸気に混じって、女の子みたいな甘い香りがただよってきた。
748700 ,,,,,101511,,弘明,弘明,,,,,,,「みなとのチ○チン、キラキラ光って可愛いな。おしりの穴も、ひくひく動いてる」
748800 ,,,,,101511,,みなと,みなと,02min006_055.wav,minato,0,,,,「やっ、ああんっ……そんなに近くで見ちゃダメだよぉ……」
748900 ,,,,,101511,,,,,,,,,,　包皮を剥いた後も、みなとのペニスはぴくん、ぴくんと震えながら新しいカウパーを愛液のように湧き出していた。
749000 ,,,,,101511,,弘明,弘明,,,,,,,「精子が溜まってると、カウパーもすごいな……」
749100 ,,,,,101511,,みなと,みなと,02min006_056.wav,minato,0,,,,「あう……きもちよすぎて、かってに出ちゃうの……。止まんないの……」
749200 ,,,,,101511,,弘明,弘明,,,,,,,「もっともっと出していいよ、みなと」
749300 ,,,,,101511,,みなと,みなと,02min006_057.wav,minato,0,,,,「う、うん……。でも、おち○ちんのちからゆるめると、ボク……イッちゃうよ……」
749400 ,,,,,101511,,,,,,,,,,　確かに、みなとの言うとおり……股間の小さなペニスが、射精をこらえてピクピクと震えている。
749500 ,,,,,101511,,弘明,弘明,,,,,,,「すごく熱くなってるな、みなとのチ○チン。今にも射精しちゃいそうだ」
749600 ,,,,,101511,,みなと,みなと,02min006_058.wav,minato,0,,,,「ふぁっ、ああんっ！　あんまりさわらないでぇ……」
749700 ,,,,,101511,,,,,,,,,,　幼い性器のどこに触れても、みなとは声をあげて身体を震わせた。そして同時に、カウパーをぴゅるっと少しだけ噴き上げる。
749800 ,,,,,101511,,弘明,弘明,,,,,,,「亀頭も、サオも、付け根も、タマタマも……どこさわっても、イッちゃいそうだな」
749900 ,,,,,101511,,みなと,みなと,02min006_059.wav,minato,0,,,,「うん……ボクもうがまんできないよぉ……。精子出したい……。おかしくなっちゃう……」
750000 ,,,,,101511,,弘明,弘明,,,,,,,「じゃあ、一気にイカせてあげるよ」
750100 ,,,,,101511,,,,,,,,,,　俺は人差し指をみなとの鈴口にぴったりと付け、流れ出るカウパーを指全体に伝わらせる。
750200 ,,,,,101511,,みなと,みなと,02min006_060.wav,minato,0,,,,「んぁ……お兄ちゃん……？」
750300 ,,,,,101511,,弘明,弘明,,,,,,,「みなと……おしりの力、抜くんだぞ？」
750400 ,,,,,101511,,みなと,みなと,02min006_061.wav,minato,0,,,,「えっ……？　んああぁぁんっ！！」
750500 ,,,,,101511,,,,,,,,,,　俺はカウパーにまみれた指を、みなとのアヌスへ一気に突き入れた。
750600 ,,,,,101511,,みなと,みなと,02min006_062.wav,minato,0,,,,「んあっ、あんっ、んんんっ！　そんな、おしりに……ああっ！　もうダメ……精子、出ちゃう……っ！」
750700 ,,,,,101511,,弘明,弘明,,,,,,,「限界か？　みなと」
750800 ,,,,,101511,,みなと,みなと,02min006_063.wav,minato,0,,,,「う、うん……出ちゃう……出ちゃうよぉっ！」
750900 ,,,,,101511,,,,,,,,,,　みなとのペニスは、カウパーを噴き上げながらひくひくと揺れている。
751000 ,,,,,101511,,,,,,,,,,　しかしまだ、射精はしていない。指の挿入と同時にイカなかっただけ、みなとはしっかり我慢したと言えるだろう。
751100 ,,,,,101511,,弘明,弘明,,,,,,,「みなと……溜まった精液、たくさん出していいぞ」
751200 ,,,,,101511,,,,,,,,,,　俺は射精寸前で震えるみなとのペニスをつまみ、おなかの方に向けた。そして、アヌスに挿入した指を素早く動かし始める。
751300 ,,,,,101511,,みなと,みなと,02min006_064.wav,minato,0,,,,「ふぁっ、あっ、うん……ああっ！　おしり……あああっ……！」
751400 ,,,,,101511,,,,,,,,,,　みなとのペニスには、何も刺激を与えない。純粋に、アヌスへの刺激だけでみなとを絶頂に導くつもりだった。
751500 ,,,,,101511,,みなと,みなと,02min006_065.wav,minato,0,,,,「あっ、あっ、すごい……おち○ちんさわってないのに、精子出ちゃいそうだよぉっ……！」
751600 ,,,,,101511,,弘明,弘明,,,,,,,「ああ……おしりだけで、イカせてあげるよ」
751700 ,,,,,101511,,みなと,みなと,02min006_066.wav,minato,0,,,,「ふぁっ、ああっ！　おしりぐりぐりされてるだけなのに……おち○ちんもきもちいいよぉっ！　イッちゃう……精子出ちゃう……ふぁ……ああっ！」
751800 ,,,,,101511,,,,,,,,,,　みなとの全身の筋肉が、突然固くなる。直後、みなとの細いペニスがグッとふくらんだ。
751900 ,,,,,101511,,みなと,みなと,02min006_067.wav,minato,0,,,,「あっ、あっ、ふぁぁっ！　だめぇ、もうらめぇ……。あんっ、ああんっ、んんっ……んああぁぁぁぁ……っ！！！」
752200 ,,<!ef_shasei>,,,101512,,,,,,,,,,　みなとのアヌスが、射精の脈動に合わせてギュッ、ギュッと俺の指を締めつける。
752300 ,,,,,101512,,,,,,,,,,　みなとが射精した精液の量は、期待したとおりのものだった。小さなペニスから噴き出た大量の精液は、みなとのおなかから顔にかけて広い範囲に降り注いでいる。
752400 ,,,,,101512,,みなと,みなと,02min006_068.wav,minato,0,,,,「あっ、あぁぁんっ！　んあっ、あっ……んん……」
752500 ,,,,,101512,,,,,,,,,,　精液の量は、いつものみなとからは考えられないほどに多かった。そしてその色もまた、いつもよりずっと濃い。
752600 ,,,,,101512,,みなと,みなと,02min006_069.wav,minato,0,,,,「ふぁ、んぁ…………これ、ボクの精子……？　すごい……どろどろで、いっぱい……」
752700 ,,,,,101512,,弘明,弘明,,,,,,,「濃いのをたくさん出したな、みなと。俺もビックリしたよ」
752800 ,,,,,101512,,みなと,みなと,02min006_070.wav,minato,0,,,,「うん……」
752900 ,,,,,101512,,,,,,,,,,　みなとは夢見心地で、俺の言葉にうなずく。
753000 ,,,,,101512,,弘明,弘明,,,,,,,「射精の瞬間、どうだった？」
753100 ,,,,,101512,,みなと,みなと,02min006_071.wav,minato,0,,,,「え、えっと……おち○ちんから精子出るとき、いつもよりどくどくって出て……すごくきもちよかったよ……」
753200 ,,,,,101512,,弘明,弘明,,,,,,,「そうか。我慢した甲斐があったな、みなと」
753300 ,,,,,101512,,みなと,みなと,02min006_072.wav,minato,0,,,,「うん……」
753400 ,,,,,101512,,,,,,,,,,　俺はみなとの頬に顔を近づけ、その頬に優しくキスをした。
753500 ,,,,,101512,,みなと,みなと,02min006_073.wav,minato,0,,,,「で、でも……からだにかかるなら、お兄ちゃんの精子の方がよかったな……」
753600 ,,,,,101512,,,,,,,,,,　みなとが、とろんとした目を俺に向ける。
753700 ,,,,,101512,,弘明,弘明,,,,,,,「かけて欲しいか、みなと」
753800 ,,,,,101512,,みなと,みなと,02min006_074.wav,minato,0,,,,「うん……お兄ちゃん、ボクに精子かけて……ボクのからだに、お兄ちゃんの精子いっぱいかけてほしい……」
753900 ,,,,,101512,,弘明,弘明,,,,,,,「ああ……わかったよ」
754000 ,,,,,101512,,,,,,,,,,　俺はファスナーを下ろして勃起したペニスを取り出すと、みなとの射精したばかりのペニスにそっと重ねた。
754200 ,,,,,101513,,みなと,みなと,02min006_075.wav,minato,0,,,,「あんっ……やっぱり、お兄ちゃんのおち○ちんとボクのおち○ちんって、ぜんぜんちがうね……」
754300 ,,,,,101513,,,,,,,,,,　射精後も勃起したままだったみなとのチ○チンは、再びカウパーを湧き出させる。それを潤滑油にして、俺は２本のペニスを同時にしごいた。
754400 ,,,,,101513,,弘明,弘明,,,,,,,「みなと……さっき出したばかりなのに、もうビンビンだ」
754500 ,,,,,101513,,みなと,みなと,02min006_076.wav,minato,0,,,,「だって、だってぇ……」
754600 ,,,,,101513,,弘明,弘明,,,,,,,「カウパーが止まらないな、みなと。ときどき、白いのも混じってる……尿道に残ってた精子かな」
754700 ,,,,,101513,,,,,,,,,,　俺はペニスをしごく腕を止めると、みなとの鈴口に指先を当てた。
754800 ,,,,,101513,,みなと,みなと,02min006_077.wav,minato,0,,,,「あんっ……？」
754900 ,,,,,101513,,,,,,,,,,　そして精子混じりのカウパーを二人の亀頭に塗り広げ、それをローション代わりに再び愛撫する。
755000 ,,,,,101513,,みなと,みなと,02min006_078.wav,minato,0,,,,「ふぁっ、ああんっ！　すごくきもちいいよぉ……ああっ、んぁんっ！」
755100 ,,,,,101513,,弘明,弘明,,,,,,,「ああ……俺もだ、みなと……」
755200 ,,,,,101513,,みなと,みなと,02min006_079.wav,minato,0,,,,「ボクのおち○ちん……きもちよすぎて、よくわかんなくなっちゃった……」
755300 ,,,,,101513,,弘明,弘明,,,,,,,「イッたばかりで、チ○チンの感覚がないのか？」
755400 ,,,,,101513,,みなと,みなと,02min006_080.wav,minato,0,,,,「うん、よくわかんない……。ボク、おち○ちん……ちゃんとついてる？」
755500 ,,,,,101513,,弘明,弘明,,,,,,,「あるよ、ここに」
755600 ,,,,,101513,,みなと,みなと,02min006_081.wav,minato,0,,,,「あんっ……！」
755700 ,,,,,101513,,,,,,,,,,　俺が小さなペニスをキュッと握ると、みなとはビクッと身体を震わせた。
755800 ,,,,,101513,,みなと,みなと,02min006_082.wav,minato,0,,,,「あっ、あっ、あんまりギュッてすると……また出ちゃうよぉ……」
755900 ,,,,,101513,,弘明,弘明,,,,,,,「いいぞ……もう我慢しなくて」
756000 ,,,,,101513,,みなと,みなと,02min006_083.wav,minato,0,,,,「あっ、んあっ、ああ……んんんっ、あうっ！」
756100 ,,,,,101513,,,,,,,,,,　いちど射精して敏感になったのか、みなとも２度目の絶頂を迎えるのは早かった。
756200 ,,,,,101513,,みなと,みなと,02min006_084.wav,minato,0,,,,「んっ、んああっ、出る……精子、また出ちゃうよ……」
756300 ,,,,,101513,,弘明,弘明,,,,,,,「いいぞ、溜まった精子……ここで全部出しちゃうんだ」
756400 ,,,,,101513,,みなと,みなと,02min006_085.wav,minato,0,,,,「う、うん……」
756500 ,,,,,101513,,弘明,弘明,,,,,,,「俺も……出すぞ……っ！」
756600 ,,,,,101513,,みなと,みなと,02min006_086.wav,minato,0,,,,「んっ、ああうっ！　んんんっ、ああ……あっ、ふぁっ、んんっ、んああぁぁぁぁ……っ！！！」
756900 ,,<!ef_shasei>,,,101514,,,,,,,,,,　俺もみなとも、大量の精液を噴き出していた。密着したペニスには、互いの射精の脈動が伝わってくる。
757000 ,,,,,101514,,みなと,みなと,02min006_087.wav,minato,0,,,,「んぁっ、ああっ！　くぅぅん……」
757100 ,,,,,101514,,弘明,弘明,,,,,,,「すごい量だ、みなと……」
757200 ,,,,,101514,,みなと,みなと,02min006_088.wav,minato,0,,,,「うん……。精子が出たとき……お兄ちゃんのおち○ちん、ビクビクってすごかったね……」
757300 ,,,,,101514,,弘明,弘明,,,,,,,「みなとのもすごかったぞ……？　ドクドクって出てるのが伝わってきたよ。本当に精液がいっぱい溜まってたんだな」
757400 ,,,,,101514,,みなと,みなと,02min006_089.wav,minato,0,,,,「やぁぁんっ、あんまり言わないでよぉ……」
757500 ,,,,,101514,,,,,,,,,,　みなとが、恥ずかしそうに身をよじる。その瞬間、みなとの脇腹から精液の固まりがシーツに流れ落ちた。
757600 ,,,,,101514,,みなと,みなと,02min006_090.wav,minato,0,,,,「あ……シーツ、よごしちゃった……」
757700 ,,,,,101514,,弘明,弘明,,,,,,,「いいよ、気にしなくて。あとで洗濯するから」
757800 ,,,,,101514,,みなと,みなと,02min006_091.wav,minato,0,,,,「あ、だったらボクがせんたくするね……」
757900 ,,,,,101514,,弘明,弘明,,,,,,,「いや、待て待て！　みなとは、そのまま、そのまま……」
758000 ,,,,,101514,,みなと,みなと,02min006_092.wav,minato,0,,,,「えっ……？」
758100 ,,,,,101514,,弘明,弘明,,,,,,,「起きあがるのは、みなとの身体に載ってる精液を全部拭いてからな……？」
758200 ,,,,,101514,,みなと,みなと,02min006_093.wav,minato,0,,,,「あっ、うん……」
758300 ,,,,,101514,,,,,,,,,,　俺はティッシュを勢いよく引き抜くと、みなとの身体に降り注いだ精液を拭き取り始める。
758400 ,,,,,101514,,みなと,みなと,02min006_094.wav,minato,0,,,,「あっ、ああんっ……くすぐったいよぉ……」
758500 ,,,,,101514,,弘明,弘明,,,,,,,「もうしばらくじっとしてて、みなと」
758600 ,,,,,101514,,みなと,みなと,02min006_095.wav,minato,0,,,,「うん……」
758700 ,$event_return,,,,101514,,,,,,,,,,
758800 ,,<m_fade fadeout=""2000"">,0,,101514,,,,,,,,,,
758900 ,,<s_fade time=""2500"">,,9000,,,,,,,,,,,
759100 ,"$fset %ev10151,0",,,,,,,,,,,,,,
759140 ,"$cmp %min_log1,==,1",,,,,,,,,,,,,,
759150 ,$false,,,,,,,,,,,,,,
↓,"$fset %ev10051,1",,,,,,,,,,,,,,
759170 ,"$cmp %min_log2,==,1",,,,,,,,,,,,,,
759180 ,$false,,,,,,,,,,,,,,
↓,"$fset %ev10081,1",,,,,,,,,,,,,,
759300 ,$return,,,,,,,,,,,,,,
759400 ,,,,,,,,,,,,,,,
759500 ,,,,,,,,,,,,,,,
759700 ,*ev10161,,,,,,,,,,,,,,
760300 ,,,1,1011,,,弘明,弘明,,"minato,uniform",↓,,,,「なぁみなと、今度の休日だけどさ」
760400 ,,,,,,,みなと,みなと,02min063_001.wav,"minato,uniform",0,,,,「うん……なぁに、お兄ちゃん」
760500 ,,,,,,,弘明,弘明,,minato,0,,,,「またデートしないか？」
760600 ,,,,,,,みなと,みなと,02min063_002.wav,minato,2,,,,「えっ、デート……！？」
760700 ,,,,,,,,,,minato,2,,,,　みなとは一瞬驚いた顔をした後、それから俺に笑顔を向ける。
760800 ,,,,,,,みなと,みなと,02min063_003.wav,minato,60,,,,「うん……ボクも、お兄ちゃんとおでかけしたい……」
760900 ,,,,,,,弘明,弘明,,minato,60,,,,「よし、それじゃ決まりだ。行き先は……臨海公園でいいかな」
761000 ,,,,,,,みなと,みなと,02min063_004.wav,minato,85,,,,「うん」
761100 ,,,,,,,弘明,弘明,,minato,85,,,,「あとな、みなと……ちょっとお願いがあるんだけど」
761200 ,,,,,,,みなと,みなと,02min063_005.wav,minato,0,,,,「えっ……？」
761300 ,,,,,,,弘明,弘明,,minato,0,,,,「デートの日だけど、この前買った女の子の服を着てきてくれるか……？」
761400 ,,,,,,,みなと,みなと,02min063_006.wav,minato,15,,,,「ええっ……？」
761500 ,,,,,,,弘明,弘明,,minato,15,,,,「イヤだったら、いいんだけどさ」
761600 ,,,,,,,みなと,みなと,02min063_007.wav,minato,8,,,,「あっ、う、ううん……イヤじゃないけど……」
761700 ,,,,,,,,,,minato,8,,,,　みなとは、少しためらいがちにうなずいた。
761800 ,,,,,,,みなと,みなと,02min063_008.wav,minato,12,,,,「それじゃ、その日はボク服もってくるね……」
761900 ,,,,,,,弘明,弘明,,minato,12,,,,「あ、いや、俺んちに来るんじゃなくてさ」
762000 ,,,,,,,みなと,みなと,02min063_009.wav,minato,8,,,,「えっ……？」
762100 ,,,,,,,弘明,弘明,,minato,8,,,,「直接、臨海公園で待ち合わせしよう。その方がデートっぽいだろ？」
762200 ,,,,,,,みなと,みなと,02min063_010.wav,minato,6,,,,「あっ、うん……そうだね……」
762300 ,,,,,,,弘明,弘明,,minato,6,,,,「当日は最初から女の子の服を着て、家を出てくるんだ。いいな？」
762400 ,,,,,,,みなと,みなと,02min063_011.wav,minato,12,,,,「うん……わかったよ、お兄ちゃん……」
762590 ,,<hide><!ef_daypass>,0,9000,,,,,,,,,,,
762600 ,,<hide><s_fade time=""1500"" type=""panel"" param=""type=0"">,7,3041,,,,,,,,,,,
762700 ,,,,,,,,,,,,,,,　デート当日、俺は少し早く待ち合わせ場所へと向かった。
762800 ,,,,,,,弘明,弘明,,,,,,,「えーと、みなとは…………おっ、やっぱりいたか」
762900 ,,,,,,,,,,,,,,,　約束の時間より１５分早いのに、みなとはすでに待ち合わせ場所へやってきていた。みなとのことだから、３０分以上前から待っていたかも知れない。
763000 ,,,,,,,,,,,,,,,　俺はみなとに気付かれないように、みなとの様子をうかがう。
763100 ,,,,,,,みなと,みなと,02min063_012.wav,"minato,female",8,,,,「あう……お兄ちゃん……」
763200 ,,,,,,,,,,"minato,female",8,,,,　みなとはしきりに時計を見やって、それから辺りをソワソワと見回している。
763300 ,,,,,,,,,,"minato,female",8,,,,　俺はしばらく、みなとのソワソワする様子を見守った。みなとは落ち着かなさげにキョロキョロしたり、携帯を開けようとしたりして、とても可愛らしい。
763400 ,,<!ef_timepass>,,,,,弘明,弘明,,,,,,,（でも、あんまり待たすと可哀想だな。そろそろ行った方がいいか……）
763500 ,,,,,,,,,,,,,,,　俺は静かにみなとへ近づくと、何事もなかったかのように声をかける。
763600 ,,,,,,,弘明,弘明,,,,,,,「……みなと、お待たせ」
763700 ,,,,,,,みなと,みなと,02min063_013.wav,minato,2,,,,「ひゃっ！？」
763800 ,,,,,,,,,,minato,2,,,,　みなとは、可愛らしい声をあげて飛び上がった。
763900 ,,,,,,,みなと,みなと,02min063_014.wav,minato,15,,,,「も、もうっ、お兄ちゃんっ……」
764000 ,,,,,,,弘明,弘明,,minato,15,,,,「ごめんごめん、驚いた？」
764100 ,,,,,,,みなと,みなと,02min063_015.wav,minato,82,,,,「あう……すごくびっくりしたよぉ……」
764200 ,,,,,,,,,,minato,82,,,,　涙目になっているみなとの頭を、俺は優しく撫でてあげる。
764300 ,,,,,,,弘明,弘明,,minato,82,,,,「可愛いな、みなと。すっごく似合ってるよ」
764400 ,,,,,,,,,,minato,82,,,,　どこからどう見ても、可愛い女の子だ。
764500 ,,,,,,,弘明,弘明,,minato,82,,,,「その服も、すっかり板についた感じだな」
764600 ,,,,,,,みなと,みなと,02min063_016.wav,minato,6,,,,「そ、そうかな……」
764700 ,,,,,,,弘明,弘明,,minato,6,,,,「もう絶対にバレないだろうね。今のみなとは、完璧に『女の子』だよ」
764800 ,,,,,,,みなと,みなと,02min063_017.wav,minato,3,,,,「あう……」
764900 ,,,,,,,,,,minato,3,,,,　俺の言葉を受けたみなとは、複雑な表情をして視線を落とした。
765000 ,,,,,,,弘明,弘明,,minato,3,,,,「んっ、どうした？」
765100 ,,,,,,,みなと,みなと,02min063_018.wav,minato,5,,,,「お兄ちゃんは、やっぱり……女の子の、ボクが好きなの……？」
765200 ,,,,,,,,,,minato,5,,,,　みなとは、心配そうな顔で俺を見る。
765300 ,,,,,,,弘明,弘明,,minato,5,,,,「何を言い出すかと思えば……なんだ」
765400 ,,,,,,,,,,minato,5,,,,　俺はみなとの手を握ると、身体ごと抱き寄せる。
765500 ,,,,,,,みなと,みなと,02min063_019.wav,minato,6,,,,「あんっ……」
765600 ,,,,,,,弘明,弘明,,minato,6,,,,「格好や服なんか関係ない。俺が好きなのは、みなと自身だよ」
765700 ,,,,,,,みなと,みなと,02min063_020.wav,minato,60,,,,「お兄ちゃん……」
765800 ,,,,,,,弘明,弘明,,minato,60,,,,「歩こうか、みなと」
765900 ,,,,,,,みなと,みなと,02min063_021.wav,minato,1,,,,「うん」
766000 ,,,,,,,,,,minato,1,,,,　俺たちは、公園の中を歩き出した。
766300 ,,<s_fade time=""1500""><m_fade fadeout=""3000"">,0,3041,,,,,,,,,,,
766400 ,,<wait time=""1500""><s_fade time=""2500"">,,3043,,,,,,,,,,,
766500 ,,<m_fade fadein=""1000"">,12,,,,,,,,,,,,　日が暮れる前に帰るつもりだったけど、みなとと過ごす時間が楽しくてついつい長居してしまった。
766600 ,,,,,,,,,,,,,,,　少し遅くなる旨を母親の彩夏さんに伝え、了承を得る。
766700 ,,,,,,,,,,,,,,,　俺たちは、家に向けて夜の公園をゆっくり歩いていた。
766800 ,,,,,,,みなと,みなと,02min063_022.wav,minato,6,,,,「あ、あう……」
766900 ,,,,,,,,,,minato,6,,,,　みなとは、さっきから辺りを見ては照れまくっている。
767000 ,,,,,,,,,,minato,6,,,,　それもそのはず……夜の臨海公園は、見渡す限り発情したカップルだらけだった。
767100 ,,,,,,,みなと,みなと,02min063_023.wav,minato,15,,,,「わっ、わっ、わわっ……」
767300 ,,,,,,,みなと,みなと,02min063_024.wav,minato,6,,,,「お、お兄ちゃん……」
767400 ,,,,,,,弘明,弘明,,minato,6,,,,「どうした？　みなと」
767500 ,,,,,,,みなと,みなと,02min063_025.wav,minato,6,,,,「すごいね……」
767600 ,,,,,,,,,,minato,6,,,,　みなとの反応が面白くはあるんだけど、こんなのを見せるのは教育上好ましくないな。
767700 ,,,,,,,,,,minato,6,,,,　……日頃からみなとといろんなＨをしといて、言えた立場じゃないけどさ。
767800 ,,,,,,,弘明,弘明,,minato,6,,,,「みなと、ちょっと向こうに行こうか」
768000 ,,<!ef_timepass>,,,,,,,,,,,,,　俺たちは、公園の中心から少し離れた建物の裏側に出た。
768100 ,,,,,,,,,,,,,,,　幸い先客もなく、静かな空間になっている。
768200 ,,,,,,,みなと,みなと,02min063_026.wav,minato,85,,,,「んっ……風がきもちいい……。よるになると、すずしいんだね……」
768300 ,,,,,,,弘明,弘明,,minato,85,,,,「そうだな……みなと」
768400 ,,,,,,,みなと,みなと,02min063_027.wav,minato,6,,,,「あんっ……」
768500 ,,,,,,,,,,minato,6,,,,　俺は、みなとの身体を引き寄せた。
768600 ,,,,,,,,,,minato,6,,,,　みなとは、ここでは俺がそっと抱きしめるだけ……と予想しているのか、難なく俺の腕の中に収まる。
768700 ,,,,,,,弘明,弘明,,minato,6,,,,「なあ、みなと。ハンカチある？」
768800 ,,,,,,,みなと,みなと,02min063_028.wav,minato,0,,,,「えっ、ハンカチ？　うん、あるよ……」
768900 ,,,,,,,,,,minato,0,,,,　みなとは聞かれたとおり、ハンカチを取り出した。
769000 ,,,,,,,弘明,弘明,,minato,0,,,,「それじゃみなと、手だして」
769100 ,,,,,,,みなと,みなと,02min063_029.wav,minato,8,,,,「えっ？　えっ……？」
769200 ,,,,,,,,,,,,,,,　俺はみなとから受け取ったハンカチで、みなとの両手首を素早く後ろ手に縛った。
769300 ,,,,,,,,,,,,,,,　そしてもう一枚、俺自身のハンカチを取り出すと……みなとの頭にキュッと巻き付け、目隠し状態にする。
769500 ,*mem_ev16,,,,,,,,,,,,,,
769600 ,,,12,3043,101611,,みなと,みなと,02min063_030.wav,minato,0,,,,「やっ、ああっ……お兄ちゃん……！？」
769700 ,,,,,101611,,,,,,,,,,　突然のことに、みなとは困惑した声を出す。
769800 ,,,,,101611,,弘明,弘明,,,,,,,「まあ……たまには、こういうのもいいかなと思ってさ」
769900 ,,,,,101611,,みなと,みなと,02min063_031.wav,minato,0,,,,「やっ、やぁぁっ……こわいよぉ……」
770000 ,,,,,101611,,弘明,弘明,,,,,,,「大丈夫、無理矢理する訳じゃないから」
770100 ,,,,,101611,,,,,,,,,,　俺はそう言って、みなとの身体を優しく抱く。
770200 ,,,,,101611,,弘明,弘明,,,,,,,「ちょっと身体の自由が奪われているってのは、いつもと違って新鮮じゃない？」
770300 ,,,,,101611,,みなと,みなと,02min063_032.wav,minato,0,,,,「あう……でもぉ……」
770400 ,,,,,101611,,弘明,弘明,,,,,,,「なっ、たまにはいいだろう？」
770500 ,,,,,101611,,みなと,みなと,02min063_033.wav,minato,0,,,,「ふ、ふぇ……お兄ちゃん……」
770600 ,,,,,101611,,,,,,,,,,　みなとが、心配そうな声を上げる。
770700 ,,,,,101611,,,,,,,,,,　俺は腕の中で不安がるみなとをなだめていると、少し離れたところで何か物音がした。
770800 ,,,,,101611,,みなと,みなと,02min063_034.wav,minato,0,,,,「だ、だれか来た……？」
770900 ,,,,,101611,,弘明,弘明,,,,,,,「気のせいだよ、みなと」
771000 ,,,,,101611,,,,,,,,,,　最初は単なる目隠しプレイだけのつもりだったけど、その物音で俺はまた新しいアイデアを思いつく。
771100 ,,,,,101611,,弘明,弘明,,,,,,,「ああ……いや、やっぱり誰かいるかも知れないな。俺、ちょっと様子見てくるよ」
771200 ,,,,,101611,,みなと,みなと,02min063_035.wav,minato,0,,,,「えっ！？　そんな、だってボク……」
771300 ,,,,,101611,,弘明,弘明,,,,,,,「大丈夫だよ。人がいないか、軽く確認するだけだから」
771400 ,,,,,101611,,みなと,みなと,02min063_036.wav,minato,0,,,,「で、でも……」
771600 ,,,,,101611,,弘明,弘明,,,,,,,「みなと、ここから絶対に動いちゃダメだぞ」
771700 ,,,,,101611,,みなと,みなと,02min063_037.wav,minato,0,,,,「うん…………。早くもどってきてね……」
771800 ,,,,,101611,,弘明,弘明,,,,,,,「ああ、すぐ戻るから」
771900 ,,,,,101611,,,,,,,,,,　俺はみなとの頬を軽くさすって、その場を離れる。
772000 ,,,,,101611,,,,,,,,,,　みなとは不安そうに、うつむいたままだった。
772200 ,,,,3043,,,,,,,,,,,　様子を見てくるフリをした俺は、少し離れただけで足を止め、息を殺してみなとを見守る。みなとはときおり頭を起こしては、辺りの様子をうかがおうとしていた。
772400 ,,,,,,,みなと,みなと,02min063_038.wav,,,,,,「あぅ……お兄ちゃん……まだかな……」
772500 ,,,,,,,,,,,,,,,　みなとが、小さく声を漏らす。
772600 ,,,,,,,みなと,みなと,02min063_039.wav,,,,,,「どうしよう……ボク、女の子とまちがわれたら……」
772700 ,,,,,,,,,,,,,,,　みなとは目隠しを取ろうとしてか、後ろ手に縛られた腕を動かそうとする。しかし当然ながら、腕は動かない。
772800 ,,,,,,,みなと,みなと,02min063_040.wav,,,,,,「あぅぅ……おにぃちゃん…………」
772900 ,,,,,,,,,,,,,,,　さすがに俺も、みなとのことが心配になってきた。
773000 ,,,,,,,,,,,,,,,　俺は足音を立てないようこっそりとみなとのそばに戻ると、背後からいきなり身体を抱きすくめた。
773200 ,,,,,101611,,みなと,みなと,02min063_041.wav,minato,0,,,,「ひゃうっ……！？　わっ、わわわっ……！？」
773300 ,,,,,101611,,,,,,,,,,　そしてそのまま、みなとの身体を欲望のままに撫でまわす。
773400 ,,,,,101611,,みなと,みなと,02min063_042.wav,minato,0,,,,「んっ、んぁぁんっ……お兄ちゃん！？　お兄ちゃんなんだよねっ……！？」
773500 ,,,,,101611,,弘明,弘明,,,,,,,「……………………」
773600 ,,,,,101611,,,,,,,,,,　腕の中のみなとが、不安におののいた声をあげる。しかし俺は、みなとの問いかけに何も答えない。
773700 ,,,,,101611,,みなと,みなと,02min063_043.wav,minato,0,,,,「えっ、お兄ちゃんじゃないの……！？　だ、だれっ……！？　やっ、あっ……あああんっ！」
773800 ,,,,,101611,,,,,,,,,,　俺はただ無言で、みなとの全身をまさぐり続けた。胸、腰、太もも……日頃の愛撫で熟知しているみなとの性感帯を、手加減なしに攻め立てる。
773900 ,,,,,101611,,みなと,みなと,02min063_044.wav,minato,0,,,,「んっ、んぁうっ！　あんんっ、んっ……ああんっ！　あうっ、んんっ……」
774000 ,,,,,101611,,,,,,,,,,　あっという間に、みなとの身体から抵抗する力が抜けた。
774100 ,,,,,101611,,,,,,,,,,　俺はみなとのあごに手を当て、柔らかい頬に何度もキスをする。そしてそのまま、みなとの首筋に舌を這わせた。
774200 ,,,,,101611,,みなと,みなと,02min063_045.wav,minato,0,,,,「やっ、やっ、あっ……首のとこ、なめちゃイヤぁ……あっ、あああんっ！」
774400 ,,,,,101611,,,,,,,,,,　俺自身、みなとの視線を気にせず愛撫ができることに興奮していた。みなとに怖い思いをさせるのは、本意じゃないけど……それでも、普段と全く違うみなとの反応に新鮮な興奮を覚えているのは確かだった。
774500 ,,,,,101611,,みなと,みなと,02min063_046.wav,minato,0,,,,「あっ、んぁっ、おっぱい……あぁぁんっ、おっぱいいやぁ……ふぁんっ、ああっ！」
774600 ,,,,,101611,,,,,,,,,,　今までいろいろやってきたから、みなとが感じるポイントは全て把握している。
774700 ,,,,,101611,,,,,,,,,,　俺はみなとの乳首を、最も感じるやり方でこねまわした。人差し指で乳首をつま弾くように揺り起こし、勃起してきたら今度は指の腹で優しく小刻みに揺する。
774800 ,,,,,101611,,みなと,みなと,02min063_047.wav,minato,0,,,,「そんな……ああっ！　ボク……ボクぅ……」
774900 ,,,,,101611,,,,,,,,,,　みなとは、快感と困惑の狭間で揺れているようだった。
775000 ,,,,,101611,,,,,,,,,,　これだけ的確に自分の性感帯を攻めてくるのだから、相手は俺しかありえないはずだけど……突然の状況下では、やはり冷静には考えられないらしい。
775100 ,,,,,101611,,みなと,みなと,02min063_048.wav,minato,0,,,,「お兄ちゃん……だよね？　そうだよね？　おにぃちゃぁん……」
775200 ,,,,,101611,,,,,,,,,,　みなとの弱々しくすがるような声に、俺も思わず『そうだよ、俺だよ』と言ってしまいそうになる。
775300 ,,,,,101611,,,,,,,,,,　でも、ここで答えたら全てが無駄になってしまう。俺はグッと我慢して、みなとへの愛撫を続けた。
775400 ,,,,,101611,,みなと,みなと,02min063_049.wav,minato,0,,,,「ふぁっ、ああっ、んんっ……」
775500 ,,,,,101611,,,,,,,,,,　俺はそっと、みなとのパンツの中に指を差し入れる。
775600 ,,,,,101612,,みなと,みなと,02min063_050.wav,minato,0,,,,「あっ、あっ、そんな……おち○ちん……」
775700 ,,,,,101612,,,,,,,,,,　みなとのペニスは、愛撫するまでもなく勃起していた。俺は指先で亀頭の辺りをつまむと、チ○チンの皮を一気に剥く。
775800 ,,,,,101612,,みなと,みなと,02min063_051.wav,minato,0,,,,「んっ……ああんっ！　んぁ……ふぁ……あぁ……」
775900 ,,,,,101612,,,,,,,,,,　みなとは、不確かな快感にふるえていた。愛撫をしている相手は誰かといった不安、そして的確に与えられる快感。
776100 ,,,,,101612,,みなと,みなと,02min063_052.wav,minato,0,,,,「やぁぁ……ボクのおち○ちん、そんなにしたら……ああっ、あっ、ああんっ！」
776200 ,,,,,101612,,,,,,,,,,　俺は更に指を下に伸ばし、みなとの袋も愛撫する。ぷるぷるの袋を優しく揉み、その中の小さなクルミをコリコリともてあそぶ。
776300 ,,,,,101612,,みなと,みなと,02min063_053.wav,minato,0,,,,「ふぁっ、あうっ！　タマタマ、もみもみしちゃダメぇ……！　んんっ、あっ、あんっ！　んっ、んくっ、ああっ」
776400 ,,,,,101612,,,,,,,,,,　みなとのチ○チンから指を離すと、今度はおしりの谷間をまさぐった。
776500 ,,,,,101612,,みなと,みなと,02min063_054.wav,minato,0,,,,「あっ、やっ、やぁぁっ！　おしりはやぁぁっ……！」
776600 ,,,,,101612,,,,,,,,,,　みなとは少し暴れたけど、俺はすぐにみなとのアヌスを探し当てた。そこはもうしっとりと湿っていて、俺を受け入れる体勢はバッチリと整っていた。
776700 ,,,,,101612,,みなと,みなと,02min063_055.wav,minato,0,,,,「ひゃっ……んぁぁんっ！　んんんっ、ああっ……」
776800 ,,,,,101612,,,,,,,,,,　しかしこの体勢では、アヌスへの挿入はちょっと難しい。みなとも、激しく抵抗するかも知れない。
776900 ,,,,,101612,,,,,,,,,,　俺はズボンのファスナーを下ろすと、カチカチに勃起しきったペニスを取り出し、素股の要領でみなとのおしりの谷間へと挿入した。
777100 ,,<m_fade fadeout=""2000"" fadein=""1500"">,10,,101613,,みなと,みなと,02min063_056.wav,minato,0,,,,「んくっ……んああぁっ！　あっ、あ……」
777200 ,,,,,101613,,,,,,,,,,　みなとの太ももを押さえて、腰を突き入れる。パンツからはみ出ていたみなとのチ○チンが、カウパーをまき散らしながらぷるぷると揺れた。
777300 ,,,,,101613,,みなと,みなと,02min063_057.wav,minato,0,,,,「んっ、んんんっ、あうっ！」
777400 ,,,,,101613,,,,,,,,,,　奥に突き入れれば、みなとの柔らかい袋に突き当たった。袋の付け根は少しだけザラついた感じで硬くなっていて、そこがまた亀頭にこすれて気持ちいい。
777500 ,,,,,101613,,みなと,みなと,02min063_058.wav,minato,0,,,,「んっ、あっ、あうっ！　すごくあついおち○ちんが……あああっ！」
777600 ,,,,,101613,,弘明,弘明,,,,,,,（うっ……ああ……）
777700 ,,,,,101613,,,,,,,,,,　無言というのは、俺にとっても少しキツかった。素股とも思えない激しい快感で、声が漏れそうになってしまう。
777800 ,,,,,101613,,みなと,みなと,02min063_059.wav,minato,0,,,,「んあっ、あっ、んんっ、やぁぁ……おち○ちん、おち○ちんぬいてぇ……。ボク、お兄ちゃんのおち○ちんじゃないとイヤぁ……」
777900 ,,,,,101613,,,,,,,,,,　みなとは、やはりまだ俺が誰かわかっていないようだ。俺はみなとに心の中で詫びつつも、更に腰の突き入れを強くした。
778000 ,,,,,101613,,,,,,,,,,　おしりの谷間に突き入れるたび、カウパーや汗が混じってぬちゅぬちゅといやらしい音を立てる。
778100 ,,,,,101613,,みなと,みなと,02min063_060.wav,minato,0,,,,「んっ、あっ、あんっ！　んんっ、くぁぁっ、ああんっ……！」
778200 ,,,,,101613,,,,,,,,,,　みなとのおしりの谷間は、本当に柔らかかった。おしりを開けば、みなとの甘い性臭が立ちのぼってくる。
778300 ,,,,,101613,,みなと,みなと,02min063_061.wav,minato,0,,,,「んっ、あっ…………んぅっ」
778400 ,,,,,101613,,弘明,弘明,,,,,,,「あっ……」
778500 ,,,,,101613,,,,,,,,,,　激しく腰を突き入れているうち、俺たちはいつの間にか建物のすぐ側まで来ていた。みなとの身体が建物の壁に軽く当たってしまったので、俺は咄嗟にみなとを引き寄せる。
778600 ,,,,,101613,,,,,,,,,,　そして、壁とみなととの間に自分の腕を差し入れた。みなとの身体をコンクリートの壁から守るようにして、ストロークを再開する。
778700 ,,,,,101613,,みなと,みなと,02min063_062.wav,minato,0,,,,「……………………」
778800 ,,,,,101613,,,,,,,,,,　みなとは顔を上げて、目隠しされた目で俺を見つめる。見えているはずはないのに、俺も思わずドキッとしてしまう。
778900 ,,,,,101613,,みなと,みなと,02min063_063.wav,minato,0,,,,「ん……」
779000 ,,,,,101613,,,,,,,,,,　それからみなとは、まるで身体を預けるようにして俺の胸に頭を置いた。そして、いつものような可愛らしい喘ぎ声を上げる。
779100 ,,,,,101613,,みなと,みなと,02min063_064.wav,minato,0,,,,「んっ、あっ、んぅっ……あっ、ふあっ、んんっ……あんっ、あんっ、あんっ！」
779200 ,,,,,101613,,みなと,みなと,02min063_065.wav,minato,0,,,,「んっ、あぅっ！　ボク、もうダメぇ……精子、出ちゃう……！」
779300 ,,,,,101613,,弘明,弘明,,,,,,,「うっ、うぁぁっ……俺も、出る……っ！」
779400 ,,,,,101613,,,,,,,,,,　俺は射精寸前のペニスを股間の奥深くまで突き入れ、みなとの袋に密着させた。そして、そこで下腹部の力を一気に解放する。
779500 ,,,,,101613,,みなと,みなと,02min063_066.wav,minato,0,,,,「お兄ちゃん……あっ、んぁぁっ、あっ！　んんっ、あんっ、ボク、イッちゃう……んぁうっ、あっ、んああぁぁぁぁっ…………！！」
779800 ,,<!ef_shasei>,,,101614,,みなと,みなと,02min063_067.wav,minato,0,,,,「あっ、ああんっ……あ…………んぁ……」
779900 ,,,,,101614,,弘明,弘明,,,,,,,「んっ、んああ……みなと……」
780000 ,,,,,101614,,みなと,みなと,02min063_068.wav,minato,0,,,,「あっ、やっぱりお兄ちゃんだよねっ……！　お兄ちゃん、お兄ちゃんっ……！」
780100 ,,,,,101614,,,,,,,,,,　みなとの袋に、大量の精液を撃ちつける。しかし射精の快感で気がゆるみ、思わず声が出てしまっていた。
780200 ,,,,,101614,,弘明,弘明,,,,,,,「あっ……しまった……」
780300 ,$event_return,,,,101614,,,,,,,,,,
780400 ,,<m_fade fadeout=""2000"">,0,,101614,,,,,,,,,,
780500 ,,<s_fade time=""2500"">,,9000,,,,,,,,,,,
780700 ,,<s_fade time=""1500"" type=""panel"" param=""type=0"">,1,3043,,,,,,,,,,,
780800 ,,,,,,,弘明,弘明,,,,,,,「……驚かせてごめんな、みなと」
780900 ,,,,,,,みなと,みなと,02min063_069.wav,"minato,female",82,,,,「あう……ボク、すっごくこわかったんだよ……？」
781000 ,,,,,,,,,,minato,82,,,,　俺は涙目のみなとを抱き寄せて、頭を優しく撫でた。夜の闇に包まれたこの状況だから、周りの目は気にしない。
781100 ,,,,,,,みなと,みなと,02min063_070.wav,minato,60,,,,「あん……お兄ちゃん……」
781200 ,,,,,,,,,,minato,60,,,,　そして、一気に抱き寄せてキスをする。
781400 ,,,,,,,みなと,みなと,02min063_071.wav,minato,81,,,,「んっ……」
781500 ,,,,,,,弘明,弘明,,minato,81,,,,「でも、どうして俺だってわかったんだ？」
781600 ,,,,,,,みなと,みなと,02min063_072.wav,minato,12,,,,「うふっ、それはね…………」
781700 ,,,,,,,みなと,みなと,02min063_073.wav,minato,85,,,,「ボクのからだが、かべに当たらないように……お兄ちゃん、まもってくれてたでしょ……？」
781800 ,,,,,,,弘明,弘明,,minato,85,,,,「あ、ああ……」
781900 ,,,,,,,みなと,みなと,02min063_074.wav,minato,1,,,,「そのときにね、ボク……『あ、お兄ちゃんだ』っておもったの……」
782000 ,,,,,,,弘明,弘明,,minato,1,,,,「なんだ……そうだったか」
782100 ,,,,,,,みなと,みなと,02min063_075.wav,minato,1,,,,「うん……」
782200 ,,,,,,,みなと,みなと,02min063_076.wav,minato,60,,,,「ありがとね、お兄ちゃん……。やさしいから、大好き……」
782300 ,,,,,,,,,,minato,60,,,,　みなとは俺の腕を抱いて、幸せそうな目を向けていた。
782400 ,,,,9000,,,,,,,,,,,
782500 ,"$fset %ev10161,0",,,,,,,,,,,,,,
782700 ,$return,,,,,,,,,,,,,,
782800 ,,,,,,,,,,,,,,,
782900 ,,,,,,,,,,,,,,,
783100 ,*ev10171,,,,,,,,,,,,,,
783700 ,,<m_fade fadeout=""2500"" fadein=""1500"">,12,1011,,,弘明,弘明,,"minato,uniform",↓,,,,「なあ、みなと……これ、つけてみないか？」
783800 ,,,,,,,みなと,みなと,02min064_001.wav,"minato,uniform",0,,,,「なに、これ……？」
783900 ,,,,,,,弘明,弘明,,minato,0,,,,「ひょっとして、見たことないか……？　＜漢＝おとこ＞のユニフォーム、フンドシだよ」
784000 ,,,,,,,,,,minato,0,,,,　そう言って、俺は少し大袈裟に純白の布を広げてみせた。
784100 ,,,,,,,みなと,みなと,02min064_002.wav,minato,8,,,,「なんで……フンドシなんて持ってるの？　お兄ちゃん……」
784200 ,,,,,,,弘明,弘明,,minato,8,,,,「いや……以前、とある地方自治体のサイト製作を請け負ったときに、記念としてもらってさ……」
784400 ,,,,,,,弘明,弘明,,minato,8,,,,「とにかく、今日はこれをみなとにつけてもらおうかと思って」
784500 ,,,,,,,みなと,みなと,02min064_003.wav,minato,5,,,,「これ……ほんとに着るの……？」
784800 ,,,,,,,弘明,弘明,,minato,5,,,,「着るというか、はくというか……。いや、『締める』だな。とにかく、これに着替えるぞ。まずは服を脱いで」
784900 ,,,,,,,みなと,みなと,02min064_004.wav,minato,15,,,,「やぁんっ、あうう……」
785000 ,,,,,,,,,,,,,,,　俺はみなとの服を強引に脱がせると、フンドシを手に持った。
785300 ,,,,,,,みなと,みなと,02min064_005.wav,"minato,naked",6,,,,「やっ、やんんっ、お兄ちゃん……」
785400 ,,,,,,,弘明,弘明,,"minato,naked",6,,,,「うっ、これはこれでいい眺めだが……今は、フンドシを締めさせないとな」
785500 ,,,,,,,,,,,,,,,　俺はパソコンの前に立つと、インターネットでフンドシの締め方を検索した。
785600 ,,,,,,,弘明,弘明,,,,,,,「おっ、このサイトは写真入りで詳細に解説してあるな……。ふむふむ、なるほど……」
785700 ,,,,,,,,,,,,,,,　俺は裸のみなとを呼び、フンドシの布を広げる。
785800 ,,,,,,,みなと,みなと,02min064_006.wav,minato,8,,,,「お兄ちゃん……」
785900 ,,,,,,,弘明,弘明,,minato,8,,,,「まずは、肩に布の一端をかけて……ああ、みなとのなで肩だと落ちちゃうな。みなと、ここ自分で持って」
786000 ,,,,,,,みなと,みなと,02min064_007.wav,minato,5,,,,「うん……」
786100 ,,,,,,,弘明,弘明,,minato,5,,,,「えーっと、それで股下から、おしりの方に布を通す……みなと、ちょっと足広げて」
786200 ,,,,,,,みなと,みなと,02min064_008.wav,minato,6,,,,「っと……こう？　お兄ちゃん……」
786300 ,,,,,,,,,,minato,6,,,,　みなとがおずおずと足を開くと、ちいさなチ○チンがぷるんと可愛らしく揺れる。
786400 ,,,,,,,弘明,弘明,,minato,6,,,,「うおっ……」
786500 ,,,,,,,みなと,みなと,02min064_009.wav,minato,8,,,,「お兄ちゃん、どうしたの……？」
786600 ,,,,,,,弘明,弘明,,minato,8,,,,「いや……みなとのチ○チンが、ぷるんって揺れるのが可愛くてさ……」
786700 ,,,,,,,みなと,みなと,02min064_010.wav,minato,15,,,,「やっ、やぁぁんっ！　お兄ちゃん、えっちだよぉっ……！」
786800 ,,,,,,,,,,minato,15,,,,　顔を赤くしたみなとが股間を手で隠すと、肩にかけさせていた布がはらりと落ちる。
786900 ,,,,,,,弘明,弘明,,minato,15,,,,「こら、ちゃんと押さえてないとダメじゃないか」
787000 ,,,,,,,みなと,みなと,02min064_011.wav,minato,3,,,,「あうぅ……だって……」
787100 ,,,,,,,弘明,弘明,,minato,3,,,,「ほら、両手でしっかり布を押さえてるんだぞ」
787200 ,,,,,,,みなと,みなと,02min064_012.wav,minato,6,,,,「う、うん……」
787300 ,,,,,,,,,,minato,6,,,,　俺はもう一度みなとに布を持たせると、両手で肩に固定させた。
787400 ,,,,,,,弘明,弘明,,minato,6,,,,「ふむ……だいたいこんなものか……いやいやしかし……」
787500 ,,,,,,,,,,minato,6,,,,　俺は締め方を再確認するフリをして、みなとのぷっくり可愛らしいチ○チンをじっくりと眺める。
787600 ,,,,,,,みなと,みなと,02min064_013.wav,minato,5,,,,「お、お兄ちゃん……」
787700 ,,,,,,,弘明,弘明,,minato,5,,,,「んっ？」
787800 ,,,,,,,みなと,みなと,02min064_014.wav,minato,82,,,,「はやくしてよぉ……。ボク、ずっとこのままなの……？」
787900 ,,,,,,,,,,minato,82,,,,　みなとは羞恥に耐えるような表情で、俺を見上げている。肩に布がかかっているだけで、みなとは実質素っ裸だ。
788000 ,,,,,,,弘明,弘明,,minato,82,,,,「待て待て、いま締め方を確認してるところだからな」
788100 ,,,,,,,みなと,みなと,02min064_015.wav,minato,6,,,,「はずかしいよぉ……」
788200 ,,,,,,,弘明,弘明,,minato,6,,,,「この部屋には、俺と二人っきりだろ？　恥ずかしがることはないよ」
788300 ,,,,,,,みなと,みなと,02min064_016.wav,minato,6,,,,「あぅぅ……」
788400 ,,,,,,,,,,minato,6,,,,　みなとがもじもじと内股になると、チ○チンがひくっと動いた。
788500 ,,,,,,,弘明,弘明,,minato,6,,,,「ほら、足を閉じたらフンドシを締められないぞ？　もっと開いて」
788600 ,,,,,,,みなと,みなと,02min064_017.wav,minato,14,,,,「うん……」
788700 ,,,,,,,,,,minato,14,,,,　みなとが再び、おずおずと足を開く。
788800 ,,,,,,,弘明,弘明,,minato,14,,,,「それじゃ、布を通すからな。みなと、むこうを向いて」
788900 ,,,,,,,,,,minato,14,,,,　俺はみなとに背中をおしりの側から、股の下に手を差し入れた。その時、股間にちょこんと垂れ下がったみなとの袋が、俺の腕と接触する。
789000 ,,,,,,,みなと,みなと,02min064_018.wav,minato,8,,,,「あんっ……」
789100 ,,,,,,,弘明,弘明,,minato,8,,,,「あっ、ごめん」
789200 ,,,,,,,,,,minato,8,,,,　反射的に謝ってしまった俺だったが、ふと悪戯心が湧いて、俺はみなとの袋に何度も腕を接触させてみた。
789300 ,,,,,,,みなと,みなと,02min064_019.wav,minato,15,,,,「やっ、やんっ……タマタマであそばないでよぉ……」
789400 ,,,,,,,弘明,弘明,,minato,15,,,,「ぷるぷる揺れてる……かわいいな、みなと」
789500 ,,,,,,,,,,minato,15,,,,　つるつるでぷにぷにの袋が、俺の腕の内側に何度も触れる。
789600 ,,,,,,,みなと,みなと,02min064_020.wav,minato,6,,,,「んっ、あんっ……」
789700 ,,,,,,,,,,minato,6,,,,　みなとは健気にも、肩に押さえた布を離さない。俺はいちど腕を抜いて、後ろからじっくりとみなとの股間を観察した。
789800 ,,,,,,,,,,minato,6,,,,　女の子みたいな丸っこいおしりから、股下に垂れる小さな袋……性別を超越したかのようなその光景に、思わず俺はこのままみなとを押し倒したくなる。
789900 ,,,,,,,みなと,みなと,02min064_021.wav,minato,8,,,,「お兄ちゃん……？　ふんどし、しないの……？」
790000 ,,,,,,,弘明,弘明,,minato,8,,,,「あ、ごめん。おしりとタマタマに見惚れてた」
790100 ,,,,,,,みなと,みなと,02min064_022.wav,minato,15,,,,「もうっ、お兄ちゃんっ……」
790200 ,,,,,,,弘明,弘明,,minato,15,,,,「ほらほら、通すぞ」
790300 ,,,,,,,,,,minato,15,,,,　俺は布の片端をつかみ、みなとの股下を通した。通した布はそのまま上へ引き上げ、おしりの谷間をギュッと締め上げる。
790400 ,,,,,,,みなと,みなと,02min064_023.wav,minato,6,,,,「んっ、あうんっ……！」
790500 ,,,,,,,弘明,弘明,,minato,6,,,,「股のとこ、キツくないか？」
790600 ,,,,,,,みなと,みなと,02min064_024.wav,minato,3,,,,「うん……だいじょうぶ……」
790700 ,,,,,,,弘明,弘明,,minato,3,,,,「えっと、この先は……」
790800 ,,,,,,,,,,minato,3,,,,　俺はモニタに目をやり、解説通りに作業を続けた。徐々に、フンドシらしい形が出来上がっていく。
790900 ,,,,,,,弘明,弘明,,minato,3,,,,「腰がキツかったら、言うんだぞ」
791000 ,,,,,,,みなと,みなと,02min064_025.wav,minato,60,,,,「うん……。だいじょうぶだよ、お兄ちゃん……」
791100 ,,,,,,,,,,minato,60,,,,　みなとは顔を赤くしながらも、いつものようにおとなしくしている。
792000 ,,,,,,,弘明,弘明,,minato,60,,,,「よし、できたな。……それじゃみなと、この法被を着たら、テーブルに手をついて」
792200 ,,<m_fade fadeout=""2000"" fadein=""1500"">,10,,101711,,みなと,みなと,02min064_027.wav,,,,,,「えっ……？」
792300 ,*mem_ev17,,,,101711,,,,,,,,,,
792400 ,,,10,1011,101711,,,,,,,,,,　みなとは法被を身につけると、今ひとつよくわからないといった表情で俺の言葉に従った。
792500 ,,,,,101711,,弘明,弘明,,,,,,,「みなと、初めてフンドシを締めてみた感触……どうだ？」
792600 ,,,,,101711,,みなと,みなと,02min064_028.wav,minato,0,,,,「んっと……おなかのとこ、キュッてなったかんじ……」
792700 ,,,,,101711,,弘明,弘明,,,,,,,「引き締まった気分か？」
792800 ,,,,,101711,,みなと,みなと,02min064_029.wav,minato,0,,,,「うん……そんなかんじ」
792900 ,,,,,101711,,弘明,弘明,,,,,,,「チ○チンやおしりのところはどうだ？」
793000 ,,,,,101711,,みなと,みなと,02min064_030.wav,minato,0,,,,「ええっ……！？　えっと……」
793100 ,,,,,101711,,,,,,,,,,　俺にそう聞かれて頬を赤くしたみなとは、少し顔を落としながら小さく言った。
793200 ,,,,,101711,,みなと,みなと,02min064_031.wav,minato,0,,,,「タマタマが、キュッておさえられてて……おしりも、くいこんでるから……」
793300 ,,,,,101711,,弘明,弘明,,,,,,,「おしり、食い込ませすぎたかな？」
793400 ,,,,,101711,,,,,,,,,,　俺はみなとのおしりに食い込むフンドシに手をかけると、ぐいっと上に引き上げてみる。
793500 ,,,,,101711,,みなと,みなと,02min064_032.wav,minato,0,,,,「あっ、あぅぅっ！　あっ、あっ……お兄ちゃん、ダメぇ……きついよぉ……」
793600 ,,,,,101711,,弘明,弘明,,,,,,,「きつくすると、どんな感じがする？」
793700 ,,,,,101711,,みなと,みなと,02min064_033.wav,minato,0,,,,「どんな感じって……あっ、ふぁっ！」
793800 ,,,,,101711,,,,,,,,,,　俺はわざとフンドシを小刻みに引き上げながら、みなとの反応をうかがう。
793900 ,,,,,101711,,みなと,みなと,02min064_034.wav,minato,0,,,,「あっ、んっ……んんっ、ふぁ……」
794100 ,,,,,101711,,,,,,,,,,　俺はフンドシから手を離すと、今度は剥き出しになったみなとのおしりを撫でまわした。
794200 ,,,,,101711,,みなと,みなと,02min064_035.wav,minato,0,,,,「あっ、んんっ……あんんっ、お兄ちゃん……」
794300 ,,,,,101711,,弘明,弘明,,,,,,,「舐めたくなるくらい、柔らかいおしりだよな……」
794400 ,,,,,101711,,みなと,みなと,02min064_036.wav,minato,0,,,,「やっ、やぁんっ……おしり、なめなめしちゃやぁ……」
794500 ,,,,,101711,,弘明,弘明,,,,,,,「別に、おしりの穴を舐めようってんじゃないぞ？」
794600 ,,,,,101711,,みなと,みなと,02min064_037.wav,minato,0,,,,「は、はずかしいから……おしりも、おしりのあなも、なめちゃいやだよぉ……」
794700 ,,,,,101711,,弘明,弘明,,,,,,,「じゃあ、代わりに……指でいじってあげようかな」
794800 ,,,,,101711,,,,,,,,,,　俺はそう言うと、フンドシの下に指を滑り込ませる。みなとのアヌス付近は、すでに熱く湿っていた。
794900 ,,,,,101711,,弘明,弘明,,,,,,,「みなと……やっぱり興奮してたか？　おしりの穴、トロトロになってるぞ」
795000 ,,,,,101711,,みなと,みなと,02min064_038.wav,minato,0,,,,「あっ、あんっ……それは……お兄ちゃんが、ボクのおち○ちん見たり、タマタマふにふにしたから……」
795100 ,,,,,101711,,,,,,,,,,　みなとのアヌスを指先でコリコリといじったあと、その中ににゅるっと指を滑り込ませた。
795200 ,,,,,101711,,みなと,みなと,02min064_039.wav,minato,0,,,,「あっ……ふぁぁんっ！　あっ、ああっ……おしりのなか……入ってくる……」
795300 ,,,,,101711,,弘明,弘明,,,,,,,「みなとのおツユで、濡れ濡れだ。奥まで簡単に入っていくぞ」
795400 ,,,,,101711,,みなと,みなと,02min064_040.wav,minato,0,,,,「んあっ、あんっ！　んんんっ、あう……」
795700 ,,,,,101711,,弘明,弘明,,,,,,,「これなら、前戯もいらないな……。挿れるぞ、みなと」
795800 ,,,,,101711,,,,,,,,,,　俺はみなとのフンドシを更にずらしてアヌスを露出させると、ひくひくとうごめくアヌスに勃起しきったペニスを当てた。
796000 ,,,,,101712,,みなと,みなと,02min064_041.wav,minato,0,,,,「んっ……ああぁぁっ！　あっ……あぁ……」
796100 ,,,,,101712,,,,,,,,,,　少し固い入り口を貫通させると、すぐ柔らかく温かい粘膜に亀頭が優しく包まれる。一方で、ペニスの根元はみなとのアヌスにきつく締め上げられていた。
796200 ,,,,,101712,,みなと,みなと,02min064_042.wav,minato,0,,,,「あっ、あうっ！　おち○ちんが、奥まで入ってくるよぉ……」
796300 ,,,,,101712,,,,,,,,,,　柔らかく温かい奥と、キツく締めつける入り口。２つの種類の違う快感が、俺のペニスを淫らに刺激する。
796400 ,,,,,101712,,みなと,みなと,02min064_043.wav,minato,0,,,,「んっ、あっ、ああんっ！　お兄ちゃんのおち○ちん、きもちいい……」
796500 ,,,,,101712,,弘明,弘明,,,,,,,「俺もだ、みなと……みなとのおしりの中、すっごく気持ちいいよ」
796600 ,,,,,101712,,みなと,みなと,02min064_044.wav,minato,0,,,,「あっ、あう……うれしい……んああっ、んんっ、あんっ！　あっ、あっ、ああっ……」
796700 ,,,,,101712,,,,,,,,,,　ふと股間をまさぐると、みなとのチ○チンが布の下で窮屈そうに勃起しているのに気付いた。
796800 ,,,,,101712,,みなと,みなと,02min064_045.wav,minato,0,,,,「あっ、ふぁぁっ、おち○ちん……さわらないで……」
796900 ,,,,,101712,,,,,,,,,,　ここは布が重なっていないので、手探りでも亀頭の形がはっきりとわかる。
797000 ,,,,,101712,,弘明,弘明,,,,,,,「みなとのチ○チン、カチカチに勃起してるな……本当にキツそうだ」
797100 ,,,,,101712,,みなと,みなと,02min064_046.wav,minato,0,,,,「んぅっ、んんっ！　おち○ちんいじっちゃ……今、いじっちゃ……あああっ！」
797200 ,,,,,101712,,,,,,,,,,　俺は布越しに、みなとの亀頭をくりくりと指先でいじりまわした。
797400 ,,,,,101712,,みなと,みなと,02min064_047.wav,minato,0,,,,「あっ、んんっ、んあうっ……」
797500 ,,,,,101712,,弘明,弘明,,,,,,,「みなと……気持ちいいか？」
797600 ,,,,,101712,,みなと,みなと,02min064_048.wav,minato,0,,,,「うん、きもちいいよ……。でも、こっ、このままじゃ……あっ、んぁぅっ！　精子、ふんどしのなかに出しちゃうよぉ……」
797700 ,,,,,101712,,弘明,弘明,,,,,,,「いいぞ、たくさん出しても……」
797800 ,,,,,101712,,,,,,,,,,　几帳面なみなとは、また精液で汚れるのを気にしていたらしい。
797900 ,,,,,101712,,弘明,弘明,,,,,,,「このフンドシだって、みなととエッチするために出したんだからな」
798000 ,,,,,101712,,みなと,みなと,02min064_049.wav,minato,0,,,,「ボクと……んんっ、えっち……」
798100 ,,,,,101712,,弘明,弘明,,,,,,,「そうだよ。だから、気にせず出していいんだぞ」
798200 ,,,,,101712,,みなと,みなと,02min064_050.wav,minato,0,,,,「うん……うんっ……うぁっ……んああっ、んんっ！」
798300 ,,,,,101712,,弘明,弘明,,,,,,,「みなと……フンドシ締めてあえぐみなとも、すっごく可愛いよ」
798400 ,,,,,101712,,みなと,みなと,02min064_051.wav,minato,0,,,,「うぁんっ、あんっ、お兄ちゃんっ、お兄ちゃぁんっ」
798700 ,,,,,101712,,弘明,弘明,,,,,,,「みなと……くっ、俺、そろそろっ……」
798800 ,,,,,101712,,みなと,みなと,02min064_052.wav,minato,0,,,,「あうっ、んっ、あんっ……ボ、ボクも……ボクも出ちゃうっ！　精子、出ちゃうよぉっ……！」
798900 ,,,,,101712,,弘明,弘明,,,,,,,「出していいぞ、みなと……。俺も、みなとの中に……んああっ！」
799000 ,,,,,101712,,みなと,みなと,02min064_053.wav,minato,0,,,,「あんっ、んんっ、んぁうっ！　精子出ちゃう……ふんどしつけたまま、ボクイッちゃう……！　あっ、んんっ！　んあああっ、あああぁぁぁぁぁ……っ！！」
799300 ,,<!ef_shasei>,,,101713,,みなと,みなと,02min064_054.wav,minato,0,,,,「ああっ、あっ……精子、出てる……」
799400 ,,,,,101713,,,,,,,,,,　みなとの身体がガクガクと震える。俺も、みなとの体内に大量の精液を放っていた。
799500 ,,,,,101713,,みなと,みなと,02min064_055.wav,minato,0,,,,「んあ、ああ……おしりの中、あついよぉ……」
799600 ,,,,,101713,,弘明,弘明,,,,,,,「はぁ……みなとのおしり、最高に気持ちいいよ……」
799700 ,,,,,101713,,みなと,みなと,02min064_056.wav,minato,0,,,,「ほんと……？　お兄ちゃんのおち○ちんも、すごくきもちいい……」
799800 ,,,,,101713,,弘明,弘明,,,,,,,「みなと……んっ」
799900 ,,,,,101713,,みなと,みなと,02min064_057.wav,minato,0,,,,「お兄ちゃ……ちゅ……ちゅぷ……ん」
800000 ,,,,,101713,,,,,,,,,,　俺は身を乗り出して、みなとと何度もキスを繰り返す。
800100 ,,,,,101713,,みなと,みなと,02min064_058.wav,minato,0,,,,「ちゅぱ……んちゅ…………あっ」
800200 ,,,,,101713,,弘明,弘明,,,,,,,「んっ？　どうした、みなと」
800300 ,,,,,101713,,みなと,みなと,02min064_059.wav,minato,0,,,,「あんっ……おち○ちんのとこ、ボクの精子でくちゅくちゅしてるよぉ……」
800400 ,,,,,101713,,,,,,,,,,　みなとの股間に手を伸ばしてさわってみると、確かにじっとりと濡れていた。
800500 ,,,,,101713,,みなと,みなと,02min064_060.wav,minato,0,,,,「んっ、あんっ……さわっちゃイヤぁ……」
800600 ,,,,,101713,,みなと,みなと,02min064_061.wav,minato,0,,,,「ボク、洗濯するから……ぬぐよぉ……」
800700 ,,,,,101713,,弘明,弘明,,,,,,,「いいよいいよ。さっきも言ったろ？　これは汚してもいいんだからさ」
800800 ,,,,,101713,,,,,,,,,,　俺は、みなとの可愛いおしりとフンドシ姿を目に焼き付けておいた。
800900 ,$event_return,,,,101713,,,,,,,,,,
801000 ,,<m_fade fadeout=""2000"">,0,,101713,,,,,,,,,,
801100 ,,<s_fade time=""2500"">,,9000,,,,,,,,,,,
801300 ,"$fset %ev10171,0",,,,,,,,,,,,,,
801500 ,$return,,,,,,,,,,,,,,
801600 ,,,,,,,,,,,,,,,
801700 ,,,,,,,,,,,,,,,
801900 ,*ev10181,,,,,,,,,,,,,,
802500 ,,,1,1011,,,,,,"minato,uniform",↓,,,,　窓の外は、良く晴れている。
802600 ,,,,,,,,,,minato,↓,,,,　俺は、テーブルの前でおやつをつまむみなとに話を持ちかけた。
802700 ,,,,,,,弘明,弘明,,minato,↓,,,,「……なあ、みなと。またちょっと出かけてみないか？　今からさ」
802800 ,,,,,,,みなと,みなと,02min065_001.wav,minato,2,,,,「えっ……？」
802900 ,,,,,,,,,,minato,2,,,,　突然の提案に、みなとはきょとんとした顔をする。
803000 ,,,,,,,弘明,弘明,,minato,2,,,,「よーし、いま行こうすぐ行こう、今すぐ行こう」
803100 ,,,,,,,,,,minato,2,,,,　そう言って部屋を出ようとする俺を見て、みなとは慌てて立ち上がった。
803200 ,,,,,,,みなと,みなと,02min065_002.wav,minato,8,,,,「お、お兄ちゃん、今すぐなの……？」
803300 ,,,,,,,弘明,弘明,,minato,8,,,,「そうだよ。思い立ったが吉日だからな。……みなとは、俺と出かけるの嫌か？」
803400 ,,,,,,,みなと,みなと,02min065_003.wav,minato,12,,,,「うっ、ううんっ。そんなことないよ……」
803500 ,,,,,,,弘明,弘明,,minato,12,,,,「よしよし、それじゃ、今日のお出かけアイテムはだな……」
803600 ,,,,,,,みなと,みなと,02min065_004.wav,minato,0,,,,「おでかけあいてむ……？」
803700 ,,,,,,,,,,minato,0,,,,　俺は、楕円形の小型振動器具……すなわちローターを、みなとに見せた。
803800 ,,,,,,,,,,minato,0,,,,　毎度毎度の説明もどうかと思うが、このローターはちょっとアダルティーなサイト製作をイイ感じの値段で請け負った時、ギャラのついでにもらったものだ。
803900 ,,,,,,,みなと,みなと,02min065_005.wav,minato,8,,,,「えっ、なにそれ……？」
804000 ,,,,,,,弘明,弘明,,minato,8,,,,「ローターは……さすがに知らないか？」
804100 ,,,,,,,みなと,みなと,02min065_006.wav,minato,8,,,,「うん……」
804200 ,,,,,,,弘明,弘明,,minato,8,,,,「そっかそっか。これは、とても気持ちよくなれる道具なんだぞ。じゅぽっとおしりに入れてだな、こっちの無線スイッチを……」
804300 ,,,,,,,,,,minato,8,,,,　俺はみなとの前でローターを作動させて、どんなものかわかりやすく示そうと思ったけど……ふと悪戯心が湧いて、バイブ機能は黙っておくことにした。
804400 ,,,,,,,弘明,弘明,,minato,8,,,,「……まあ、おしりに入れて楽しいものだ」
804500 ,,,,,,,みなと,みなと,02min065_007.wav,minato,0,,,,「スイッチは、なんだったの……？」
804600 ,,,,,,,弘明,弘明,,minato,0,,,,「スイッチ？　何の話だろうねー、それは」
804700 ,,,,,,,みなと,みなと,02min065_008.wav,minato,6,,,,「ああんっ、お兄ちゃんさっき、スイッチを……って、んぁんっ！？」
804800 ,,,,,,,,,,minato,6,,,,　俺は突然みなとに抱きつくと、身体をまさぐってごまかしにかかる。
804900 ,,,,,,,みなと,みなと,02min065_009.wav,minato,15,,,,「あっ、やっ、やぁぁっ……だめだってばぁ……んっ、ああんっ！」
805000 ,,,,,,,弘明,弘明,,minato,15,,,,「なあ、みなと。これ、おしりに入れてお出かけしてみようよ」
805100 ,,,,,,,みなと,みなと,02min065_010.wav,minato,8,,,,「そんな……おしりに入れるなんて……」
805200 ,,,,,,,弘明,弘明,,minato,8,,,,「無茶はさせないからさ。みなとがつらくなったら、すぐに止めるから。な……？」
805300 ,,,,,,,,,,minato,8,,,,　俺が耳元で優しくささやくと、しばらくしてみなとは小さくうなずいた。
805400 ,,,,,,,みなと,みなと,02min065_011.wav,minato,6,,,,「う、うん……いいよ……」
805500 ,,,,,,,弘明,弘明,,minato,6,,,,「ありがと、みなと。大好きだよ」
805600 ,,,,,,,,,,minato,6,,,,　俺は、みなとを思いっきり抱きしめる。
805700 ,,,,,,,みなと,みなと,02min065_012.wav,minato,12,,,,「あっ、あん……もう、お兄ちゃん……」
805800 ,,,,,,,弘明,弘明,,minato,12,,,,「それじゃみなと、パパッとズボンを脱いで、グッとおしりを上げて？」
805900 ,,,,,,,みなと,みなと,02min065_013.wav,minato,82,,,,「あう……やっぱり、はずかしぃ……」
806100 ,,<!ef_timepass><m_fade fadeout=""2500"" fadein=""1500"">,12,3031,,,,,,,,,,,
806200 ,,,,,,,,,,,,,,,　みなとを着替えさせると、おしりの中にローターを仕込み、俺たちは家を出た。もちろん、ここぞという時の為にローターはまだ振動させていない。
806300 ,,,,,,,みなと,みなと,02min065_014.wav,"minato,private",82,,,,「お、お兄ちゃん……まってよぉ……」
806400 ,,,,,,,弘明,弘明,,minato,82,,,,「……ん？」
806500 ,,,,,,,みなと,みなと,02min065_015.wav,minato,6,,,,「だって……おしりの中でこりこりして、あるきにくいんだもん……」
806600 ,,,,,,,弘明,弘明,,minato,6,,,,「みなと、ローターをおしりから出しちゃったら、その時点でお出かけは終了だからな。頑張るんだぞ」
806700 ,,,,,,,みなと,みなと,02min065_016.wav,minato,8,,,,「ええっ……？　あうう、ひどいよぉ……」
806707 ,,,,,,,,,,minato,8,,,,　みなとはおしりを気にしつつ、最初は内股でゆっくり歩いていた。
806708 ,,,,,,,,,,minato,8,,,,　でもやがて違和感にも慣れたのか、俺の隣でいつも通りに歩き始める。
806709 ,,,,,,,,,,minato,8,,,,（このままなのも、なんだかつまらないな……。よし、今からスイッチを入れて驚かせてみるか）
806710 ,,,,,,,,,,minato,8,,,,　俺は、無線式になっているローターのスイッチをこっそりと入れてみた。
806720 ,,,,,,,みなと,みなと,02min060_051.wav,minato,6,,,,「ふぇっ……？　んっ、ああんっ！」
806730 ,,,,,,,,,,minato,6,,,,　みなとは予期せず与えられた体内の振動に驚き、路上で可愛らしい声をあげながらうずくまる。
806740 ,,,,,,,みなと,みなと,02min054_081.wav,minato,82,,,,「あっ、ああっ……」
806750 ,,,,,,,弘明,弘明,,minato,82,,,,「どうした、みなと？　もう歩けないか？」
806760 ,,,,,,,みなと,みなと,02min054_040.wav,minato,3,,,,「だ、だって……。あう……」
806770 ,,,,,,,弘明,弘明,,minato,3,,,,「ほらほら、そんなとこにうずくまってると置いてっちゃうぞ？」
813200 ,,,,,,,弘明,弘明,,minato,3,,,,「ひょっとして、これから振動が強くなるかもな」
813300 ,,,,,,,みなと,みなと,02min065_029.wav,minato,6,,,,「そんな……ぶるぶるがあんまりつよいと、ボ、ボク……精子出ちゃうよぉ……」
813400 ,,,,,,,弘明,弘明,,minato,6,,,,「もう……みなとはエッチだな。こんな路上で、『精子が出ちゃう』なんて言って」
813500 ,,,,,,,みなと,みなと,02min065_030.wav,minato,82,,,,「やぁぁんっ、お兄ちゃんがおしりに入れたからなのに……ひどいよぉっ……」
813600 ,,,,,,,弘明,弘明,,minato,82,,,,「ごめんごめん、みなと」
813700 ,,,,,,,,,,minato,82,,,,　俺はみなとの手を引いて歩き出した。
813900 ,,<s_fade time=""1500"" type=""panel"" param=""type=3"">,,9000,,,,,,,,,,,
814000 ,,<s_fade time=""1500"" type=""panel"" param=""type=2"">,,3011,,,,,,,,,,,
814100 ,,,,,,,みなと,みなと,02min065_031.wav,minato,82,,,,「はぁ……はぁ……」
814200 ,,,,,,,弘明,弘明,,minato,82,,,,「みなと、もう少しだぞ。あの奥に行けば、外から目立たない場所に芝生があるからな」
814300 ,,,,,,,みなと,みなと,02min065_032.wav,minato,3,,,,「う……ん……。んぁ……」
814400 ,,,,,,,,,,,,,,,　みなとはもう限界が近いのか、その足元がおぼつかない。
814500 ,,,,,,,,,,,,,,,　なんとか目的の場所に着き、倒れそうになるみなとを俺はしっかりと抱きとめた。
814600 ,,,,,,,弘明,弘明,,,,,,,「よく我慢できたな、みなと」
814700 ,,,,,,,みなと,みなと,02min065_033.wav,minato,6,,,,「ふぁ…………」
814800 ,,,,,,,,,,minato,6,,,,　もうフラフラになっているその身体を芝生に横たえると、俺はみなとのズボンに手をかける。
814900 ,,,,,,,みなと,みなと,02min065_034.wav,minato,8,,,,「あ……お兄ちゃん……」
815000 ,,,,,,,弘明,弘明,,minato,8,,,,「いま、楽にさせてあげるからな……」
815100 ,,,,,,,,,,minato,8,,,,　そして、ゆっくりと脱がせていく。
815300 ,,<m_fade fadeout=""2000"" fadein=""1500"">,11,,101811,,,,,,,,,,
815400 ,*mem_ev18,,,,101811,,,,,,,,,,
815500 ,,,11,,101811,,みなと,みなと,02min065_035.wav,minato,0,,,,「やっ、あっ……あうう……」
815600 ,,,,,101811,,,,,,,,,,　少し汗ばんだおしりを開くと、まずはみなとの甘い性臭が俺の鼻をかすめた。俺はすぐさま舐め回したくなる気持ちを抑え、その様子をじっくりと見る。
815700 ,,,,,101811,,,,,,,,,,　ローターで延々刺激され続けたからか、みなとのアヌスは熱く濡れそぼっていた。愛液のようなトロッとしたおツユがおしりから垂れ、芝生に糸を引いて落ちる。
815800 ,,,,,101811,,弘明,弘明,,,,,,,「すごいな……。みなとのおしりの穴、エッチなおツユでぬるぬるだ」
815900 ,,,,,101811,,みなと,みなと,02min065_036.wav,minato,0,,,,「あああっ、んんっ……」
816000 ,,,,,101811,,,,,,,,,,　道中、延々と続いた快感に震えるみなとが、なまめかしくおしりを揺らして身悶える。
816100 ,,,,,101811,,みなと,みなと,02min065_037.wav,minato,0,,,,「あ、あ、ボク……もう、ダメぇ……。お兄ちゃん、はやく出させて……」
816200 ,,,,,101811,,,,,,,,,,　限界までじらされたみなとは、俺に哀願するような視線を送った。
816300 ,,,,,101811,,弘明,弘明,,,,,,,「出させてって、精液を？」
816400 ,,,,,101811,,みなと,みなと,02min065_038.wav,minato,0,,,,「ちがうよぉっ……！　お、おしりの中の、ぶるぶるしてるやつ……」
816500 ,,,,,101811,,弘明,弘明,,,,,,,「このローターか？」
816600 ,,,,,101811,,みなと,みなと,02min065_039.wav,minato,0,,,,「んっ、んぁうっ！」
816700 ,,,,,101811,,,,,,,,,,　俺はバッテリーにつながっているローターのコードを軽く引っ張ってから、わざとらしい声を出す。
816800 ,,,,,101811,,弘明,弘明,,,,,,,「うーん、みなとのおしりがキュッと締まってて、取り出せないよ」
816900 ,,,,,101811,,みなと,みなと,02min065_040.wav,minato,0,,,,「そんな……ああっ、んんっ……！」
817000 ,,,,,101811,,,,,,,,,,　我ながら、ベタベタな手……と思ったけど、みなとは疑う様子もなく肩を落としていた。
817100 ,,,,,101811,,みなと,みなと,02min065_041.wav,minato,0,,,,「お兄ちゃん、取れないの……？　おしりの、これ……」
817200 ,,,,,101811,,弘明,弘明,,,,,,,「そうだな……」
817300 ,,,,,101811,,,,,,,,,,　俺はローターのコードを引っ張ってピンと張らせると、片方の手でそれを弦みたいに弾いてみる。
817400 ,,,,,101811,,みなと,みなと,02min065_042.wav,minato,0,,,,「あんっ、ああんっ！？　あぅぅ、びんびんしないで……おしりに、びぃんってくるよぉ……」
817500 ,,,,,101811,,,,,,,,,,　みなとの反応が可愛らしくて、俺は何度かそれを続けた。
817600 ,,,,,101811,,,,,,,,,,　そのうちローターが抜けそうになったので、俺は慌ててそのコードを離す。
817700 ,,,,,101811,,弘明,弘明,,,,,,,「そうだな、抜けないなら……おしりをちょっとほぐしてみようか」
817800 ,,,,,101811,,,,,,,,,,　俺は白々しくそう言って、みなとのおしりの穴に指を当てた。アヌスのヒダのすぐ裏で、ローターがぶるぶると振動しているのがわかる。
817900 ,,,,,101811,,弘明,弘明,,,,,,,「ああ……おしりの穴、すごくブルブルしてる。このすぐ裏に、ローターがあるんだな」
818000 ,,,,,101811,,みなと,みなと,02min065_043.wav,minato,0,,,,「あっ、んっ、んんっ……はやく、はやくとってぇ……」
818100 ,,,,,101811,,,,,,,,,,　みなとが何度か哀願するが、俺はアヌス周辺を指先で愛撫して回るだけで、ローターのコードはさわったりしない。
818200 ,,,,,101811,,みなと,みなと,02min065_044.wav,minato,0,,,,「んっ、あっ、んんんっ……あああっ、んっ、あうっ！　あ……ああ……お兄ちゃん……」
818400 ,,,,,101811,,弘明,弘明,,,,,,,「そっか、自分で出せないなら……ローターもう一個あるから、こっちにも使ってみようか」
818500 ,,,,,101811,,みなと,みなと,02min065_045.wav,minato,0,,,,「えっ……？」
818600 ,,,,,101811,,,,,,,,,,　俺はポケットから新しいローターを取り出すと、みなとの袋の付け根に当てた。
818800 ,,,,,101812,,みなと,みなと,02min065_046.wav,minato,0,,,,「んんんっ……！？　うぁぁっ、んああぁぁぁっ！」
818900 ,,,,,101812,,,,,,,,,,　みなとのチ○チンがびくびくと素早く脈動して、カウパーをとぷとぷと湧き出させる。
819000 ,,,,,101812,,みなと,みなと,02min065_047.wav,minato,0,,,,「ふぁ……んあああっ……！　やっ、ああっ、タマタマのとこ……あああっ！　んんっ、あう……」
819100 ,,,,,101812,,,,,,,,,,　みなとが、誰に聞かれてしまいそうなほど大きな声を出してあえぐ。
819200 ,,,,,101812,,,,,,,,,,　俺は、ローターを更に強く押し込んでみた。みなとの袋にも振動が伝わり、小刻みに震え出す。
819300 ,,,,,101812,,みなと,みなと,02min065_048.wav,minato,0,,,,「あっ、んんっ、うぁんんっ！　あああっ、タマタマ、ぶるぶるするぅっ！　あんっ、ああんっ、だめぇ…………！」
819400 ,,,,,101812,,弘明,弘明,,,,,,,「すごいな、みなと。袋の付け根のトコ、そんなに気持ちいいか？」
819500 ,,,,,101812,,みなと,みなと,02min065_049.wav,minato,0,,,,「う、うんっ、すごい、すごいの……タマタマとおち○ちん、すっごくきもちいいよぉ……！」
819600 ,,,,,101812,,弘明,弘明,,,,,,,「こっちはどうだ？」
819700 ,,,,,101812,,,,,,,,,,　俺がアヌスに入っている方のローターを引っ張ると、みなとはまた可愛い声をあげる。
819800 ,,,,,101812,,みなと,みなと,02min065_050.wav,minato,0,,,,「んぁんんっ！　んぁ、ふぁ、そっちもきもちいい……おしり、じんじんしすぎてもう……からだ、とろけちゃいそう……」
819900 ,,,,,101812,,,,,,,,,,　俺はアヌスの方のローターから手を離し、袋に当てているローターに強い力を込める。
820000 ,,,,,101812,,みなと,みなと,02min065_051.wav,minato,0,,,,「あっ、うううっ……ああああっ！　あ、あ……もうだめ、ボク……イッちゃうよぉっ！」
820100 ,,,,,101812,,弘明,弘明,,,,,,,「いいぞ、みなと……思う存分イッちゃって……」
820200 ,,,,,101812,,みなと,みなと,02min065_052.wav,minato,0,,,,「あっ、あああっ、タマタマぶるぶるして……精子出ちゃう……」
820300 ,,,,,101812,,,,,,,,,,　ピンク色のアヌスが、一瞬、キュッと縮こまった。直後、ぷっくりとした袋もキュウッと小さくなる。そして、みなとのチ○チンがグッと大きくなった。
820400 ,,,,,101812,,みなと,みなと,02min065_053.wav,minato,0,,,,「あっ、うぁぁぁっ！　んんっ、あうっ、んあああぁぁぁぁぁ……っ！！！」
820700 ,,<!ef_shasei>,,,101813,,,,,,,,,,　みなとが激しくのけぞったその瞬間、俺はおしりからローターを勢いよく引き抜く。
820800 ,,,,,101813,,,,,,,,,,　跳ね上がったチ○チンからはぴゅるぴゅると精液が吹き出て、芝生の上に降り注いだ。
820900 ,,,,,101813,,みなと,みなと,02min065_054.wav,minato,0,,,,「ああっ……ああ……んん……」
821000 ,,,,,101813,,弘明,弘明,,,,,,,「すごいな、みなと……。イッた瞬間、ドクドクって精液の流れが伝わってきたぞ」
821100 ,,,,,101813,,みなと,みなと,02min065_055.wav,minato,0,,,,「あうう……」
821200 ,$event_return,,,,101813,,,,,,,,,,
821300 ,,<m_fade fadeout=""2000"">,0,,101813,,,,,,,,,,
821400 ,,<s_fade time=""2500"">,,9000,,,,,,,,,,,
821600 ,,<s_fade time=""1500"" type=""panel"" param=""type=0"">,1,3032,,,弘明,弘明,,,,,,,「どうした、みなと。疲れちゃったか？　なんか元気ないけど」
821700 ,,,,,,,みなと,みなと,02min065_056.wav,minato,14,,,,「だって……今日いちにち、ずっとおしりにぷるぷるが入ってたから……」
821800 ,,,,,,,,,,minato,14,,,,　みなとはおしりに手をやって、もじもじとする。
821900 ,,,,,,,みなと,みなと,02min065_057.wav,minato,5,,,,「なんかまだ、ヘンな感じが残ってるみたいで……」
822000 ,,,,,,,弘明,弘明,,minato,5,,,,「ああ……」
822100 ,,,,,,,みなと,みなと,02min065_058.wav,minato,3,,,,「パンツ、ぐちょぐちょだし……ボク、おち○ちんのにおい……しちゃってないかな……」
822200 ,,,,,,,弘明,弘明,,minato,3,,,,「なんだ、そういうことか」
822300 ,,,,,,,,,,minato,3,,,,　俺は笑顔で、ぽんぽんとみなとの頭に手をやる。
822400 ,,,,,,,弘明,弘明,,minato,3,,,,「安心していいぞ。みなとからチ○チンの匂いなんて、全然してこないから」
822500 ,,,,,,,みなと,みなと,02min065_059.wav,minato,8,,,,「ほんと……？」
822600 ,,,,,,,弘明,弘明,,minato,8,,,,「ホントホント」
822700 ,,,,,,,,,,minato,8,,,,　俺はみなとの身体のあちこちに顔を持っていって、わざとらしく嗅ぎまわした。
822800 ,,,,,,,弘明,弘明,,minato,8,,,,「うん。みなとの身体からは、とろけるようなあま～い匂いしかしない」
822900 ,,,,,,,みなと,みなと,02min065_060.wav,minato,15,,,,「ふぇぇぇっ、ボクのにおいかがないでよぉっ、お兄ちゃん……！」
825400 ,,,,9000,,,,,,,,,,,
825500 ,"$fset %ev10181,0",,,,,,,,,,,,,,
825800 ,$return,,,,,,,,,,,,,,
825900 ,,,,,,,,,,,,,,,
826000 ,,,,,,,,,,,,,,,
826100 ,,,,,,,,,,,,,,,
826150 ,,,,,,,,,,,,,,,
826160 ,,,,,,,,,,,,,,,
826170 ,,,,,,,,,,,,,,,
826180 ,,,,,,,,,,,,,,,
826190 ,,,,,,,,,,,,,,,
826198 ,,,,,,,,,,,,,,,
826199 ,,,,,,,,,,,,,,,
826200 ,,,,,,,,,,,,,,,
826201 ,,,,,,,,,,,,,,,
826202 ,,,,,,,,,,,,,,,
826203 ,,,,,,,,,,,,,,,
826204 ,,,,,,,,,,,,,,,
826205 ,,,,,,,,,,,,,,,
,,,,,,,,,,,,,,,
,,,,,,,,,,,,,,,
,,,,,,,,,,,,,,,
,,,,,,,,,,,,,,,
,,,,,,,,,,,,,,,
,,,,,,,,,,,,,,,
,,,,,,,,,,,,,,,
,,,,,,,,,,,,,,,
,,,,,,,,,,,,,,,
,,,,,,,,,,,,,,,
,,,,,,,,,,,,,,,
,,,,,,,,,,,,,,,
,,,,,,,,,,,,,,,
,,,,,,,,,,,,,,,
,,,,,,,,,,,,,,,
,,,,,,,,,,,,,,,
,,,,,,,,,,,,,,,
,,,,,,,,,,,,,,,

