%line%,%seq%,%effect%,%music%,%bg%,%cg%,%ov%,%truename%,%name%,%voice%,%st0_name%,%st0_face%,%st1_name%,%st1_face%,%pageflag%,%text%
10000 ,@04h000_op,,,,,,,,,,,,,,
10400 ,,<hide><s_fade time=""1500"" type=""panel"" param=""type=0"">,2,1051,,,,,,,,,,,
10410 ,,,,,,,,,,,,,,,　あれからみらいちゃんとみなとは、２人で寄り道を続けた。
10420 ,,,,,,,,,,,,,,,　やっぱり、２人と一緒に過ごす時間は楽しくて……。平日だけでなく、休日でも連れだって遊びに出かけたりした。
10430 ,,,,,,,,,,,,,,,　そうしてみらいちゃんと外に出かけたある日、俺はみらいちゃんのクラスメイト、やちよちゃんとまりんちゃんに出会った。
10440 ,,,,,,,,,,,,,,,　やちよちゃんは静かで礼儀正しい子、まりんちゃんは元気で明るい子で……俺は２人とも、すぐに親しくなれたんだ。
10450 ,,,,,,,,,,,,,,,　それからは、みんなでたまに遊んだりしたんだけど……ある時、なりゆきでウチへ来ることになっちゃって……。
10460 ,,,,,,,,,,,,,,,　あの時は、ドタバタしてホントに大変だったよなあ。
10470 ,,,,,,,弘明,弘明,,,,,,,「ふぅ……」
10480 ,,,,,,,,,,,,,,,　でも、あんな可愛い女の子３人に囲まれる生活がおくれたら……じゅるっ、悪くはないかも。
10490 ,,,,,,,弘明,弘明,,,,,,,「……なんて、ある訳ないよなあ。バカなこと考えてないで仕事だ、仕事」
10500 ,,<!ef_keitai>,,,,,,,,,,,,,　それから、数日経った朝。ちょっと遅れ気味の仕事を追い込んでいると、不意に携帯が鳴る。
10600 ,,,,,,,,,,,,,,,　発信元は、森崎という大学時代の後輩からだった。
10700 ,,<stop id=""1""><!ef_operate>,,,,,弘明,弘明,,,,,,,「あ、もしもし。森崎君？　うん、久しぶり。家庭教師のバイトは上手くいってる？　ああ、そりゃ良かった」
10800 ,,,,,,,弘明,弘明,,,,,,,「……えっ、同人誌？　ああ、そのサークルは俺も好きだから、いくつか持ってるけど……」
10900 ,,,,,,,弘明,弘明,,,,,,,「ああ、貸すのは別に構わないよ。どうした、ナオトの奴がオカズでも探してんのかい？　……んっ、違う？」
11000 ,,,,,,,弘明,弘明,,,,,,,「へぇ、教え子が見たがってるって……。いいの？　そんなん見せちゃって。森崎君はいやらしい教師だなあ……。ははは」
11100 ,,,,,,,弘明,弘明,,,,,,,「ああ、うん、わかった。あんまり種類はないけど、いくつか用意しとくよ。俺も大抵はウチにいるから、テキトーな日に取りに来て。……んっ、明日の夜？　ＯＫ、了解。それじゃ」
11200 ,,,,,,,,,,,,,,,　俺は後輩からの電話を切ると、本棚に向かって後輩から頼まれた同人誌を取り出し始めた。
11300 ,,,,,,,,,,,,,,,　そしてその時、ちょっと前にみらいちゃんからも頼まれ物を受けていたことを思い出す。
11400 ,,,,,,,弘明,弘明,,,,,,,「ああ、そういやみらいちゃんからマンガの続きを貸してくれって言われてたんだったな。そっちも用意しておくか……」
11500 ,,,,,,,,,,,,,,,　俺は後輩からの頼まれ物と、みらいちゃんが言っていたマンガの単行本をそれぞれ別のバッグに詰め込んで、再びパソコンの前に戻った。
11600 ,,,,,,,弘明,弘明,,,,,,,「さて、仕事もやっておかないとな。ちょっと急がないとヤバそうだ……」
11700 ,,<m_fade fadeout=""2000"">,0,,,,,,,,,,,,
12100 ,,<wait time=""500""><!ef_timepass>,1,1031,,,,,,,,,,,
12200 ,,<!ef_door_entrance_open>,,,,,みらい,みらい,01mir135_001.wav,"mirai,uniform",0,,,,「こんにちは、お兄ちゃんっ」
12300 ,,,,,,,,,,"mirai,uniform",0,,,,　そして、午後になると……いつものように、みらいちゃんが訪ねてくる。
12400 ,,,,,,,弘明,弘明,,"mirai,uniform",0,,,,「ああ、みらいちゃん。いらっしゃい。今日は一人？」
12500 ,,,,,,,みらい,みらい,01mir135_002.wav,mirai,0,,,,「うん。みなとは、クラブがあるんだってっ」
12600 ,,,,,,,弘明,弘明,,mirai,0,,,,「ああ、そっか。大変だな」
12700 ,,,,,,,みらい,みらい,01mir135_003.wav,mirai,85,,,,「それより、お兄ちゃん。あれ、ちゃんと用意してくれた？」
12800 ,,,,,,,弘明,弘明,,mirai,85,,,,「うん、そこにあるよ。バッグにまとめて入れといたから」
12900 ,,,,,,,みらい,みらい,01mir135_004.wav,mirai,1,,,,「んふふっ。つづき、早くよみたかったんだ～」
13000 ,,,,,,,弘明,弘明,,mirai,1,,,,「まとめて入れちゃったから、ちょっと重いかもよ？」
13100 ,,,,,,,みらい,みらい,01mir135_005.wav,mirai,17,,,,「だいじょーぶ、これくらい持ってかえれるわよっ」
13200 ,,,,,,,,,,mirai,17,,,,　みらいちゃんはそう言って、得意の顔を見せる。
13300 ,,,,,,,みらい,みらい,01mir135_006.wav,mirai,0,,,,「それよりもっ、お兄ちゃん。あのねあのね……」
13400 ,,,,,,,弘明,弘明,,mirai,0,,,,「もう、みらいちゃんは『それより』ばっかりだなあ……」
13500 ,,,,,,,,,,mirai,0,,,,　俺はその日、日没近くまでみらいちゃんと楽しく話して過ごしたのだった。
13800 ,,<m_fade fadeout=""2000"">,0,,,,,,,mirai,0,,,,
13900 ,,<s_fade time=""1500"">,,9000,,,,,,,,,,,
14000 ,,<wait time=""1000"">,2,1013,,,,,,,,,,,　その日みらいちゃんが帰ってしばらくして、大学の後輩も俺の部屋を訪れた。
14100 ,,,,,,,,,,,,,,,　俺は同人誌の入ったバッグを渡すと、軽く近況を聞く。
14180 ,,,,,,,弘明,弘明,,,,,,,「そっか……家庭教師も、いろいろ大変なんだなあ」
14190 ,,,,,,,,,,,,,,,　それから互いの近況などを報告しあいつつ、俺たちは夜半まで話し込んだ。
14600 ,,<hide><!ef_daypass>,0,9000,,,,,,,,,,,
14700 ,,<hide><s_fade time=""1500"" type=""panel"" param=""type=0""><!ef_school_chime_int>,5,2011,,,,,,,,,,,
14800 ,,,,,,,やちよ,やちよ,03yac135_001.wav,"yatiyo,uniform",0,,,,「きりつ、礼……かいさーん」
14900 ,,,,,,,,,,,,,,,
15000 ,,<se_stop id=""1"" fadeout=""1500"">,,,,,まりん,まりん,04mar135_001.wav,,,"marin,uniform",3,,「ふぃー、おなかすいたよぉー」
15100 ,,,,,,,まりん,まりん,04mar135_002.wav,,,marin,0,,「ねぇねぇみらいちゃん、行かない？」
15200 ,,,,,,,みらい,みらい,01mir135_007.wav,"mirai,uniform",0,marin,0,,「あっ、あたしはようじがあるから……」
15300 ,,,,,,,まりん,まりん,04mar135_003.wav,mirai,0,marin,5,,「そっかー。そいじゃみらいちゃん、じゃあねー」
15400 ,,<s_fade time=""1000"">,,,,,,,,mirai,0,blank,0,,
15500 ,,,,,,,みらい,みらい,01mir135_008.wav,mirai,85,blank,0,,「まりんちゃん、ばいばーい」
15600 ,,,,,,,やちよ,やちよ,03yac135_002.wav,mirai,85,yatiyo,0,,「それじゃ、あたしもクラブに行くから……」
15700 ,,<s_fade time=""1000"">,,,,,,,,mirai,85,blank,0,,
15800 ,,,,,,,みらい,みらい,01mir135_009.wav,mirai,1,blank,0,,「やっちーもばいばーい」
15900 ,,,,,,,みらい,みらい,01mir135_010.wav,mirai,4,blank,0,,「……………………」
16000 ,,,,,,,,,,mirai,4,,,,
16100 ,,<wait time=""500""><s_fade time=""1000"">,,,,,みらい,みらい,01mir135_011.wav,mirai,14,,,,「…………」
16200 ,,,,,,,みらい,みらい,01mir135_012.wav,mirai,84,,,,「ふぅ、みんなかえったわね……」
16300 ,,,,,,,みらい,みらい,01mir135_013.wav,mirai,8,,,,「ママにバレたらまずいし、学校にもってきたけど……」
16400 ,,,,,,,みらい,みらい,01mir135_014.wav,mirai,6,,,,「これ……ほんとうにすごいわね……」
16500 ,,,,,,,みらい,みらい,01mir135_015.wav,mirai,14,,,,「お兄ちゃん、こんなエッチなマンガをあたしにわたすなんて……。まあ、何かとまちがえたんだろうけど……」
16600 ,,,,,,,やちよ,やちよ,03yac135_003.wav,mirai,14,yatiyo,2,,「あっ、これ……はるか先輩が読みたがってた同人誌……」
16700 ,,,,,,,みらい,みらい,01mir135_016.wav,mirai,15,yatiyo,2,,「わっ、わわわっ、やっちー！？　クラブに行ったんじゃなかったのっ！？」
16800 ,,,,,,,やちよ,やちよ,03yac135_004.wav,mirai,15,yatiyo,12,,「あ、ちょっと忘れ物をしたから、戻ってきたの……」
16900 ,,,,,,,やちよ,やちよ,03yac135_005.wav,mirai,15,yatiyo,6,,「でもみらいちゃん、すごいの持ってるんだね……」
17000 ,,,,,,,みらい,みらい,01mir135_017.wav,mirai,84,yatiyo,6,,「こっ、これは、お兄ちゃんのだよぉっ！」
17100 ,,,,,,,やちよ,やちよ,03yac135_006.wav,mirai,84,yatiyo,15,,「ええっ……！？　弘明さんが、ここの本持ってたなんて……」
17200 ,,,,,,,みらい,みらい,01mir135_018.wav,mirai,17,yatiyo,15,,「なに、お兄ちゃんがこんなえっちなマンガ持ってて、ショックだった？」
17300 ,,,,,,,やちよ,やちよ,03yac135_007.wav,mirai,17,yatiyo,3,,「ううん……」
17400 ,,,,,,,やちよ,やちよ,03yac135_008.wav,mirai,17,yatiyo,60,,「趣味が合いそうだわ、私たち……▼」
17500 ,,,,,,,みらい,みらい,01mir135_019.wav,mirai,14,yatiyo,60,,「ほぇ……そーですか……」
17700 ,,<s_fade time=""1500"" type=""panel"" param=""type=3"">,0,9000,,,,,,,,,,,
17800 ,,<wait time=""1000""><s_fade time=""1500"" type=""panel"" param=""type=2""><!ef_keitai>,2,1051,,,,,,,,,,,
17900 ,,,,,,,,,,,,,,,　エアコンのありがたみが一番感じられるお昼過ぎ……まったりとダレてきた時間を破ったのは、昨日訪ねてきた後輩からの電話だった。
18000 ,,<stop id=""1""><!ef_operate>,,,,,弘明,弘明,,,,,,,「あ、もしもし？　同人誌、あれで良かっ……」
18100 ,,,,,,,弘明,弘明,,,,,,,「……えええっ、中身が違う！？　そんな、えっ…………あああっ！？」
18200 ,,,,,,,弘明,弘明,,,,,,,「そうか、あのとき間違えてみらいちゃんに……あ、ううん。ごめん、間違えて別のバッグを渡しちゃったみたいだ」
18300 ,,,,,,,弘明,弘明,,,,,,,「うん。今度用意するから、しばらく待って。それじゃ」
18400 ,,,,,,,,,,,,,,,　どっ、どうしよう……みらいちゃん、もう読んじゃったかな……。
18800 ,,<se file=""door_entrance_open.wav"" vol=""-1500"">,0,,,,,,,,,,,,
18900 ,,<voice_volume vol=""-1200"">,1,,,,みらい,みらい,01mir135_020.wav,,,,,,「おにーちゃんっ、あそびに来たよっ！」
19000 ,,,,,,,弘明,弘明,,,,,,,「わっ、わわっ、みらいちゃん……！？」
19100 ,,,,,,,,,,,,,,,　さすがみらいちゃん、なんとタイミングのいい登場……じゃない！
19400 ,,<voice_volume vol=""-1200"">,,,,,みらい,みらい,01mir135_021.wav,,,,,,「なにあわててるの……？」
19500 ,,,,,,,弘明,弘明,,,,,,,「あっ、ううん、別に。ちょっと待ってて……！」
19700 ,,<!ef_timepass>,,1011,,,,,,,,,,,
19800 ,,,,,,,みらい,みらい,01mir135_022.wav,"mirai,uniform",4,,,,「……どうしたの、お兄ちゃん。さっきから、なにか変だけど」
19900 ,,,,,,,弘明,弘明,,mirai,4,,,,「あっ、いや…………その……」
20000 ,,,,,,,,,,mirai,4,,,,　『間違えてエッチな本が、そっちに行ってない？』……なんて、聞ける訳ないよなあ。
20100 ,,,,,,,,,,mirai,4,,,,　でも、聞かないことには始まらないし……。
20200 ,,,,,,,弘明,弘明,,mirai,4,,,,「あ、あのさ、みらいちゃん……」
20300 ,,,,,,,みらい,みらい,01mir135_023.wav,mirai,85,,,,「んっ、なぁに？」
20400 ,,,,,,,弘明,弘明,,mirai,85,,,,「えっと、あの……この前貸したマンガだけどさ……」
20500 ,,,,,,,みらい,みらい,01mir135_024.wav,mirai,1,,,,「ああ、アレね。うふふっ、すっごくおもしろかったよ～」
20600 ,,,,,,,弘明,弘明,,mirai,1,,,,「いいぃぃっ！？」
20700 ,,,,,,,,,,mirai,1,,,,　俺が言葉を継げなくて慌てていると、みらいちゃんがあやしく笑った。
20800 ,,,,,,,みらい,みらい,01mir135_025.wav,mirai,60,,,,「ふふっ……」
20900 ,,,,,,,みらい,みらい,01mir135_026.wav,mirai,17,,,,「たとえば……あそこをくぱぁってひらいてる、えっちなうすいマンガの本とか……」
21000 ,,,,,,,弘明,弘明,,mirai,17,,,,「うげっ……！」
21100 ,,,,,,,,,,mirai,17,,,,　やっぱり間違えてたか……。どどどどどど、どうしよう！？
21200 ,,,,,,,みらい,みらい,01mir135_027.wav,mirai,14,,,,「もう……お兄ちゃんって、ホントにえっちだね……」
21300 ,,,,,,,弘明,弘明,,mirai,14,,,,「あ、あれはみらいちゃんに見せようとしたんじゃなくて！　友人に貸そうとして間違えたヤツなんだよ……！」
21400 ,,,,,,,みらい,みらい,01mir135_028.wav,mirai,5,,,,「どっちにしろ、お兄ちゃんが持ってることには変わりないじゃない」
21500 ,,,,,,,弘明,弘明,,mirai,5,,,,「うっ…………」
21600 ,,<m_fade fadeout=""2000"" fadein=""1500"">,12,,,,みらい,みらい,01mir135_029.wav,mirai,85,,,,「でも、いろいろべんきょうになったかも……」
21700 ,,,,,,,弘明,弘明,,mirai,85,,,,「えっ……？」
22100 ,@04h001_ev01,,,,,,,,,,,,,,
22500 ,,,12,1011,,,みらい,みらい,01mir119_001.wav,"mirai,uniform",60,,,,「ねぇ、お兄ちゃん……」
22600 ,,,,,,,弘明,弘明,,mirai,60,,,,「な、なに……？」
22700 ,,,,,,,みらい,みらい,01mir119_002.wav,mirai,60,,,,「お兄ちゃんって……ほんもののあそこ、見たことあるの？」
22800 ,,,,,,,弘明,弘明,,mirai,60,,,,「……えっ！？」
22900 ,,,,,,,,,,mirai,60,,,,　突然浴びせられた質問に、飛び上がるほど驚いてしまう。
23000 ,,,,,,,,,,mirai,60,,,,　頭の中の混乱をなんとか抑え、俺はできるだけ平静を意識しながら答えた。
23100 ,,,,,,,弘明,弘明,,mirai,60,,,,「ま、まあ……そりゃね。あるよ……」
23200 ,,,,,,,みらい,みらい,01mir119_003.wav,mirai,51,,,,「でもそれって、えっちなビデオとか、写真とかじゃないの……？」
23300 ,,,,,,,弘明,弘明,,mirai,51,,,,「うっ……」
23400 ,,,,,,,,,,mirai,51,,,,　痛いところを突かれて、思わず絶句してしまう。
23500 ,,,,,,,みらい,みらい,01mir119_004.wav,mirai,17,,,,「見せてあげよっか。あたしのあそこ……」
23600 ,,,,,,,弘明,弘明,,mirai,17,,,,「……ええっ！？」
23700 ,,,,,,,みらい,みらい,01mir119_005.wav,mirai,8,,,,「見たくないの？　あたしの……あそこ」
23800 ,,,,,,,弘明,弘明,,mirai,8,,,,「ちょ、ちょっと、なに言ってるの、みらいちゃん……」
23900 ,,,,,,,,,,mirai,8,,,,　俺の動揺を楽しんでいるかのように、みらいちゃんはあやしく笑う。
24000 ,,,,,,,みらい,みらい,01mir119_006.wav,mirai,85,,,,「お兄ちゃん……」
24100 ,,,,,,,,,,mirai,85,,,,　固まる俺をよそに、みらいちゃんはゆっくりとスカートの中に手を入れていく。そして、再び静かに微笑んだ。
24200 ,,,,,,,みらい,みらい,01mir119_007.wav,mirai,60,,,,「見たいの……？」
24300 ,,,,,,,,,,mirai,60,,,,　俺はごくっと生唾を飲み込み、ノドの奥からなんとか声を絞り出した。
24400 ,,,,,,,弘明,弘明,,mirai,60,,,,「う、うん……。見たい……」
24500 ,,,,,,,,,,mirai,60,,,,　みらいちゃんは俺の答えに悪戯っぽく微笑むと、ベッドの端に座る。
24600 ,,,,,,,,,,mirai,60,,,,　そして、ゆっくりと服を脱いでいった。
24890 ,,<m_fade fadeout=""2500"">,0,,,,,,,mirai,60,,,,
24900 ,,<!ef_timepass>,11,,200111,,,,,,,,,,
25000 ,*mem,,,,200111,,,,,,,,,,
25100 ,,,11,,200111,,みらい,みらい,01mir119_010.wav,,,,,,「ここ……『おま○こ』って言うんだよね？」
25200 ,,,,,200111,,,,,,,,,,　みらいちゃんはおま○この土手に指をかけて、性器の中身をくぱっと開いてみせる。
25300 ,,,,,200111,,,,,,,,,,　そこは、ほんのりと淡いピンク色で……まだ性器としては発育途中なんだろうけど、確かに女の子の形をしていた。
25400 ,,,,,200111,,弘明,弘明,,,,,,,「う…………」
25600 ,,,,,200111,,みらい,みらい,01mir119_011.wav,,,,,,「どうしたの？」
25700 ,,,,,200111,,弘明,弘明,,,,,,,「えっ、いや、あの……」
25800 ,,,,,200111,,みらい,みらい,01mir119_012.wav,,,,,,「あっ、それ、もしかして……おち○ちんが、ボッキってのに、なってるの？」
25900 ,,,,,200111,,弘明,弘明,,,,,,,「う、うん……」
26000 ,,,,,200111,,,,,,,,,,　こんな小さな女の子のおま○こを見て勃起して、こんな小さな女の子にその勃起した事実を指摘されている。
26100 ,,,,,200111,,みらい,みらい,01mir119_013.wav,,,,,,「そっか……あたしの見て……ボッキ……」
26200 ,,,,,200111,,弘明,弘明,,,,,,,「うっ、うん……」
26300 ,,,,,200111,,みらい,みらい,01mir119_014.wav,,,,,,「ほら……もっとちかくで見てもいいんだよ、あたしのおま○こ……」
26400 ,,,,,200111,,,,,,,,,,　みらいちゃんが、あやしい声で俺を誘う。
26500 ,,,,,200111,,弘明,弘明,,,,,,,「みらいちゃん……」
26600 ,,,,,200111,,,,,,,,,,　俺は催眠術でもかけられたかのように、一点を見つめたまま、ふらふらとみらいちゃんに近寄り、ヒザを立ててそれを目の前にした。
26700 ,,,,,200111,,,,,,,,,,　間近で見るおま○こ。みらいちゃんの幼いおま○こ。
26800 ,,,,,200111,,,,,,,,,,　まだまだ子供だと思っていたみらいちゃんが俺を誘って、自分からそのおま○こを開いて見せている。
26900 ,,,,,200111,,みらい,みらい,01mir119_015.wav,,,,,,「あっ、ふぅん……お兄ちゃんの息がかかって……ちょっとくすぐったい……」
27000 ,,,,,200111,,弘明,弘明,,,,,,,「ご、ごめん……」
27100 ,,,,,200111,,みらい,みらい,01mir119_016.wav,,,,,,「ううん、いいよ……。それより……ど、どうかな、あたしのおま○こ……」
27200 ,,,,,200111,,弘明,弘明,,,,,,,「うん、すごく可愛い……」
27300 ,,,,,200111,,みらい,みらい,01mir119_017.wav,,,,,,「ほんと……？」
27400 ,,,,,200111,,弘明,弘明,,,,,,,「うん……すごくえっちなピンク色で……」
27500 ,,,,,200111,,みらい,みらい,01mir119_018.wav,,,,,,「なめて、みる……？」
27600 ,,,,,200111,,弘明,弘明,,,,,,,「えっ？」
27900 ,,,,,200111,,みらい,みらい,01mir119_019.wav,,,,,,「いいよ、お兄ちゃん……」
28000 ,,,,,200111,,みらい,みらい,01mir119_020.wav,,,,,,「お兄ちゃんがあたしのおま○こ、なめたいなら……なめてもいいよ？」
28100 ,,,,,200111,,,,,,,,,,　顔を赤らめ、目をそらして、みらいちゃんは言う。
28200 ,,,,,200111,,弘明,弘明,,,,,,,「い、いいの……？」
28300 ,,,,,200111,,みらい,みらい,01mir119_021.wav,,,,,,「……なめたいんでしょ？」
28400 ,,,,,200111,,弘明,弘明,,,,,,,「み……みらいちゃんっ！」
28500 ,,,,,200111,,みらい,みらい,01mir119_022.wav,,,,,,「きゃぁんっ！」
28600 ,,,,,200111,,,,,,,,,,　俺は両手でみらいちゃんの太ももを押さえるようにして、その付け根へと顔を埋めた。
28700 ,,,,,200111,,みらい,みらい,01mir119_023.wav,,,,,,「あっ、あんっ？　　んもう、お兄ちゃんったら……がっつかないで……」
28800 ,,,,,200111,,,,,,,,,,　散歩帰りで喉が渇いた犬のように、みらいちゃんの小さなワレメに激しく舌を這わせる。
28900 ,,,,,200111,,弘明,弘明,,,,,,,「んっ、ちゅるっ……はあっ、はぁ……ちゅるっ、んむっ……」
29000 ,,,,,200111,,,,,,,,,,　この匂い、この味……。これが、女の子の……おま○こ……。
29100 ,,,,,200111,,弘明,弘明,,,,,,,「みらいちゃん……んんっ、あむっ……ちゅっ、ちゅるるっ……」
29200 ,,,,,200111,,みらい,みらい,01mir119_024.wav,,,,,,「あっ、あっ……あぁぁっ！　んっ、んんんっ……ふぁぁんっ！」
29300 ,,,,,200111,,,,,,,,,,　大陰唇を指で押し開き、小陰唇に舌を這わせる。この下の穴が膣で……真ん中の小さな穴が尿道口……そして、この上がクリトリス……。
29400 ,,,,,200111,,,,,,,,,,　俺は今まで得ていた知識を確認するようにおま○この細部に集中する。
29500 ,,,,,200111,,みらい,みらい,01mir119_025.wav,,,,,,「んんんっ……おま○こなめられるって、こんなかんじなんだ……。あっ、ああっ……！　ちょっとくすぐったいけど、あそこ……じんじんする……」
29600 ,,,,,200111,,,,,,,,,,　俺は、小さなおま○こに目をこらした。
29700 ,,,,,200111,,,,,,,,,,　クリトリスのサヤって、意外に大きい……。これって、みらいちゃんぐらいの＜年齢＝とし＞だからかな……。
29800 ,,,,,200111,,みらい,みらい,01mir119_026.wav,,,,,,「ふぁっ、あふっ……んっ、そ、そこ、ピリピリして、ダメぇ……。んんっ、あうっ！　あっ、あああっ……」
29900 ,,,,,200111,,,,,,,,,,　気がつくと、みらいちゃんは甘い声を出しはじめている。いや、俺が舐めることに気を取られすぎていただけで、本当はもっと前からその声は出ていたのかもしれない。
30000 ,,,,,200111,,弘明,弘明,,,,,,,「みらいちゃん……気持ちいいの？」
30100 ,,,,,200111,,みらい,みらい,01mir119_027.wav,,,,,,「ふぇっ！？　う、うん……。お兄ちゃんったら、うまいじゃない……」
30200 ,,,,,200111,,,,,,,,,,　俺が聞くとみらいちゃんはうなずいてから、ちょっと恥ずかしそうに微笑んだ。
30300 ,,,,,200111,,みらい,みらい,01mir119_028.wav,,,,,,「お兄ちゃんっ。あたしのおま○こ、もっとなめてよ……」
30400 ,,,,,200111,,弘明,弘明,,,,,,,「うん……もっとなめるよ、みらいちゃんのおま○こ。もっとみらいちゃんのこと気持ちよくさせてあげる」
30500 ,,,,,200111,,みらい,みらい,01mir119_029.wav,,,,,,「んっ……んんっ！　もっとぺろぺろして……。あっ、んんぅっ、んんんっ！　あっ……はぅんっ……」
30600 ,,,,,200111,,,,,,,,,,　舌先にすべての意識を集中させてみらいちゃんのおま○こを舐めていく。
30700 ,,,,,200111,,,,,,,,,,　少しすっぱいような、しょっぱいような、そんないやらしい味が口の中一杯に広がっていった。
30800 ,,,,,200111,,みらい,みらい,01mir119_030.wav,,,,,,「ふぁっ、んんっ、あんっ……もっと、奥の方までぺろぺろしていいよ……？　お兄ちゃん……」
30900 ,,,,,200111,,弘明,弘明,,,,,,,「みらいちゃん……んんんっ、ちゅるっ……」
31000 ,,,,,200111,,みらい,みらい,01mir119_031.wav,,,,,,「あっ……んぁぁっ！　ああっ、あぅんっ……」
31200 ,,,,,200112,,,,,,,,,,　そのうち、そのいやらしい味がどんどん強くなってきて、俺はその味の源を求めて舌先を蠢かす。
31300 ,,,,,200112,,みらい,みらい,01mir119_032.wav,,,,,,「あふっ！　あっあっあっあっ！　はっ、あぁ……んっ！」
31400 ,,,,,200112,,,,,,,,,,　ちゅぽっと音を立て、その奥へと誘われるように入り込む舌先。
31500 ,,,,,200112,,,,,,,,,,　そこはみらいちゃんの膣の穴で……そここそが味の源。みらいちゃんの愛液がこんこんと湧き出る源泉だった。
31600 ,,,,,200112,,弘明,弘明,,,,,,,「んちゅ、ちゅっ……みらいちゃん、おツユ出てきてるね……」
31700 ,,,,,200112,,みらい,みらい,01mir119_033.wav,,,,,,「んっ、んぁぁ……あっ、んんっ、はぁ……お、おツユ……？」
31800 ,,,,,200112,,弘明,弘明,,,,,,,「うん、みらいちゃんのえっちなおツユ…………ほら、こんなに出てきた」
31900 ,,,,,200112,,みらい,みらい,01mir119_034.wav,,,,,,「んっ、んんんっ……！」
32000 ,,,,,200112,,,,,,,,,,　俺は指先をみらいちゃんの膣にやってその液体をすくい取り、濡れた指先をみらいちゃんに見せ付ける。
32100 ,,,,,200112,,弘明,弘明,,,,,,,「知ってる？　女の人なら、誰でも気持ちよくなると出るおツユなんだよ。愛液っていって……」
32200 ,,,,,200112,,みらい,みらい,01mir119_035.wav,,,,,,「お兄ちゃん、よく知ってるね。初めて見たくせに……」
32300 ,,,,,200112,,弘明,弘明,,,,,,,「うっ……」
32400 ,,,,,200112,,,,,,,,,,　みらいちゃんのその言葉に胸を深々と貫かれ、俺はうなだれる。
32500 ,,,,,200112,,みらい,みらい,01mir119_036.wav,,,,,,「それより……んんっ、つづけてよ……」
32600 ,,,,,200112,,弘明,弘明,,,,,,,「うん……。ちゅっ、ちゅるっ、んっ……」
32700 ,,,,,200112,,みらい,みらい,01mir119_037.wav,,,,,,「ふぁっ……あぁっ！　んっ、んっんっ、あんんっ！」
32800 ,,,,,200112,,,,,,,,,,　今度は、みらいちゃんのアヌスに指を伸ばした。
32900 ,,,,,200112,,みらい,みらい,01mir119_038.wav,,,,,,「あん……おしりの穴も、見たいの……？」
33000 ,,,,,200112,,みらい,みらい,01mir119_039.wav,,,,,,「うん、いいよ……。おしりの穴、見ても……」
33100 ,,,,,200112,,みらい,みらい,01mir119_040.wav,,,,,,「あん……やっぱり、おしりの穴見られるのって恥ずかしいね……」
33200 ,,,,,200112,,みらい,みらい,01mir119_041.wav,,,,,,「ちょっ、ちょっと……においはかいじゃダメだってばぁ……」
33300 ,,,,,200112,,弘明,弘明,,,,,,,「大丈夫。あま～い匂いしかしないよ」
33400 ,,,,,200112,,みらい,みらい,01mir119_042.wav,,,,,,「もう……バカ……」
33500 ,,,,,200112,,,,,,,,,,　再びみらいちゃんの股間に顔を埋め、その幼いワレメに舌を這わせた。
33600 ,,,,,200112,,,,,,,,,,　膣の穴から止めどなく溢れる愛液をしゃにむに舐めとり、舌先をその穴の中に潜らせて、膣の内壁もかき回す。
33700 ,,,,,200112,,みらい,みらい,01mir119_043.wav,,,,,,「あっ、ふぁぁっ……お兄ちゃん……んんっ、あっ、あうっ……」
33800 ,,,,,200112,,,,,,,,,,　みらいちゃんの膣の中は、俺の舌先の愛撫にくすぐったそうに身もだえ、ざわざわと圧迫してくる。その肉の感触もまた心地よくて、俺はさらに膣の中で舌を暴れさせた。
33900 ,,,,,200112,,みらい,みらい,01mir119_044.wav,,,,,,「お兄ちゃんっ……うぁっ、あっ……おま○こ……おま○こきもちいいよ……ひぅっ！」
34000 ,,,,,200112,,,,,,,,,,　舌先を懸命に膣の穴に潜り込ませていると、鼻の頭がおま○この上の方に当たり、その時、電気でも走ったようにみらいちゃんの身体がビクンと震えた。
34100 ,,,,,200112,,,,,,,,,,　そうか、今、鼻の頭に当たったのはクリトリスの部分か……。
34200 ,,,,,200112,,,,,,,,,,　俺は膣の中を舐めるのを止めないまま、手を包皮に包まれた幼いクリトリスに向ける。
34300 ,,,,,200112,,みらい,みらい,01mir119_045.wav,,,,,,「ふぁっ、あっ、なに……？　ひぁっ！　んんっ、あっ、あう……ああっ！」
34400 ,,,,,200112,,,,,,,,,,　指の腹でクリトリスの包皮を捉え、くにくにと押したり撫でたりしながら、その芯の部分を探っていく。
34500 ,,,,,200112,,,,,,,,,,　包皮越しの刺激でも充分に強いらしく、みらいちゃんの膣の穴はヒクンヒクンと俺の舌を圧迫してきていた。
34600 ,,,,,200112,,弘明,弘明,,,,,,,「んちゅ…………みらいちゃん、ここ、気持ちいい？　ここがクリトリスだよ……」
34700 ,,,,,200112,,みらい,みらい,01mir119_046.wav,,,,,,「ふぁっ、あっ、あっ……！　くりとりす……きもちいい……」
34800 ,,,,,200112,,,,,,,,,,　探し当てたクリトリスの先端を、指先で優しく押しつぶすように弄ると、みらいちゃんは初めての快感に戸惑いながらも打ち震え、目を細める。
34900 ,,,,,200112,,みらい,みらい,01mir119_047.wav,,,,,,「あっ、ふぁぁっ……な、なに……？　じんじん、する……うああっ……」
35000 ,,,,,200112,,弘明,弘明,,,,,,,「おツユもいっぱいあふれてきたみたい……穴の方ももっと舐めてあげるね」
35100 ,,,,,200112,,,,,,,,,,　口も舌も少し疲れてきていたけど、みらいちゃんのおま○こをもっと舐めたいという欲求の方がはるかに強い。
35200 ,,,,,200112,,,,,,,,,,　俺は毛の一本も生えていないその小さなおま○こに口づけ、また舌を差し入れていった。
35300 ,,,,,200112,,みらい,みらい,01mir119_048.wav,,,,,,「お兄ちゃん、お兄ちゃん……あっ、あっ、んぁっ……」
35400 ,,,,,200112,,,,,,,,,,　ワレメを探って膣に潜り、また膣から出て、尿道口の辺りも舌先で愛撫する。
35500 ,,,,,200112,,,,,,,,,,　人差し指と親指で包皮ごと小さなクリトリスのしこりを揉み解すようにはさみ、チ○チンをしごく時のようにクリトリスの包皮をしごいた。
35600 ,,,,,200112,,みらい,みらい,01mir119_049.wav,,,,,,「ふぁっ。あっ……もう、わかんない……あっ、んあっ、とけてる……おま○こ、とけちゃってる……。ふぁんっ、あっ、ああんっ！」
35700 ,,,,,200112,,弘明,弘明,,,,,,,「んちゅ、ちゅる……みらいちゃん……ちゅぅぅぅっ！」
35800 ,,,,,200112,,みらい,みらい,01mir119_050.wav,,,,,,「ひぁっ、ああっ！　んんっ、あうっ、ああんっ……あああっ、あっ、あ……んああああぁぁぁっ！！」
36100 ,,<!ef_shasei>,,,200113,,,,,,,,,,　みらいちゃんの身体が大きく跳ね、背中がのけぞり、俺が執拗に攻め立てるそのピンク色の穴からは温かな液体が迸った。
36200 ,,,,,200113,,みらい,みらい,01mir119_051.wav,,,,,,「ふぁぁ……あっ、あ……はぁぁ……」
36300 ,,,,,200113,,弘明,弘明,,,,,,,「みらいちゃん……ちゅ、ちゅ……イッちゃったんだね……んちゅ」
36400 ,,,,,200113,,,,,,,,,,　吹き出た愛液がもったいなくて、俺はまたみらいちゃんのおま○こに唇を這わせていく。
36500 ,,,,,200113,,みらい,みらい,01mir119_052.wav,,,,,,「ちょ、ちょっと、ストップ！　ひぁっ、あっ、あんっ！　も、もうだめだってばっ！」
36600 ,,,,,200113,,弘明,弘明,,,,,,,「でも……気持ちよくない？」
36700 ,,,,,200113,,みらい,みらい,01mir119_053.wav,,,,,,「き、きもちいいけどっ……んもうっ！」
36770 ,,,,,200113,,弘明,弘明,,,,,,,　みらいちゃんは恥ずかしそうに言って、俺のおなかをぽかぽかと叩いていた。
36800 ,$event_return,,,,,,,,,,,,,,
36900 ,,<hide><!ef_daypass>,0,9000,,,,,,,,,,,
37200 ,@04h002,,,,,,,,,,,,,,ロリ・姉弟分岐
37600 ,,<hide><s_fade time=""1500"" type=""panel"" param=""type=0"">,2,1051,,,,,,,,,,,
37601 ,,<!ef_mail>,,,,,,,,,,,,,　人妻も肉体をもてあましそうな、アンニュイな午後。どうも仕事する気になれなくてダラダラとエロサイトを回っていると、みらいちゃんからメールが届いた。
37602 ,,,,,,,,,,,,,,,『また、やっちーとまりんちゃんを連れてっていい？』
37603 ,,,,,,,弘明,弘明,,,,,,,「んっ？　もちろんいいけど……部屋、片付けておかなきゃ」
37604 ,,,,,,,,,,,,,,,　また騒がしくなるのかなあ……と思いつつも、みんなが来るとなるとやっぱり心が弾んでしまう。
37605 ,,,,,,,弘明,弘明,,,,,,,「まりんちゃんはすぐぴったり抱きついてくるし（また身体からイイ匂いがするし）、やちよちゃんはすぐ真っ赤になって恥じらうところが可愛いし……」
37606 ,,,,,,,,,,,,,,,　俺は『ＯＫ、いいよ。俺んちでいいの？　それとも、みんなでどっか出かける？』とレスを返した。
37607 ,,<!ef_mail>,,,,,,,,,,,,,　返信は、すぐに帰ってくる。そのあまりに予想外な内容を見て、俺はぶっ飛んだ。
37608 ,,,,,,,,,,,,,,,『家でいいよ。やっちーとまりんちゃんも、お兄ちゃんにえっちなことしてほしいんだって！』
37609 ,,,,,,,弘明,弘明,,,,,,,「ぶふーーーっ！？」
37610 ,,,,,,,,,,,,,,,　俺は転げ落ちた机の下から＜這＝は＞い上がり、幻覚ではないか、見間違いではないかと、何度もメールの文面を確認する。
37611 ,,,,,,,,,,,,,,,『あのうすいマンガ、みんなで見たの。それで、あたしはお兄ちゃんにあそこをペロペロしてもらったよ、きもちよかった、って言ったら、まりんちゃんが、お兄ちゃんのおち○ちんなめるー！　って言って』
37612 ,,,,,,,,,,,,,,,『やっちーも、お兄ちゃんにしてほしいって恥ずかしそうに言うの』
37613 ,,,,,,,弘明,弘明,,,,,,,「なっ、なななな……」
37614 ,,,,,,,,,,,,,,,　いくらなんでも、なんたる急展開。クリア後のおまけだからって、そんなんでいいのか。
37615 ,,,,,,,,,,,,,,,　そんな俺の混乱をよそに、新着メールは次々と届けられてきた。
37616 ,,<!ef_mail>,,,,,,,,,,,,,『あたしにも、えっちしてねっ！　マンガみたいに、おま○こにおち○ちん入れるの』
37617 ,,<!ef_mail>,,,,,,,,,,,,,『んっと、もうすぐ、つくからねー』
37618 ,,<!ef_mail>,,,,,,,,,,,,,『ほら、家のまえに来たよー』
37619 ,,,,,,,弘明,弘明,,,,,,,「ひぃぃぃぃぃ……！！！」
37620 ,,,,,,,,,,,,,,,　まるでホラー映画のような、嬉しい恐怖が徐々に近づいてくる。
38700 ,@04h003_ev03,,,,,,,,,,,,,,
39090 ,,<!ef_timepass>,1,1011,,,,,,,,,,,
39100 ,,,,,,,,,,,,,,,
39200 ,,,,,,,まりん,まりん,04mar148_004.wav,"marin,uniform",1,,,,「おにーさん、こんにちはーっ」
39300 ,,,,,,,弘明,弘明,,marin,1,,,,「や、やあ……こんにちは……」
39400 ,,,,,,,やちよ,やちよ,03yac160_001.wav,"yatiyo,uniform",6,,,,「あ……えっと……」
39500 ,,,,,,,弘明,弘明,,yatiyo,6,,,,「やちよちゃんも、いらっしゃい……」
39600 ,,,,,,,やちよ,やちよ,03yac160_002.wav,yatiyo,60,,,,「は、はい…………」
39700 ,,,,,,,みらい,みらい,01mir160_001.wav,"mirai,uniform",1,,,,「お兄ちゃん、来たよっ！」
39800 ,,,,,,,弘明,弘明,,mirai,1,,,,「うん……みらいちゃん……」
39900 ,,,,,,,,,,mirai,1,,,,　３人が、元気良く入ってくる。
40000 ,,,,,,,,,,mirai,1,,,,　俺は、みらいちゃんに小声で聞いた。
40100 ,,,,,,,弘明,弘明,,mirai,1,,,,「あの……ほんとに、えっちするの……？」
40200 ,,,,,,,みらい,みらい,01mir103_002.wav,mirai,85,,,,「うん」
40300 ,,,,,,,,,,mirai,85,,,,　みらいちゃんは、しれっと言う。
40500 ,,,,,,,,,,mirai,85,,,,　その時、部屋の奥からまりんちゃんが呼んだ。
40600 ,,,,,,,まりん,まりん,04mar148_005.wav,marin,1,,,,「はやくはやくっ、みらいちゃん、やっちーっ！」
40700 ,,,,,,,みらい,みらい,01mir160_004.wav,mirai,0,,,,「もう、いいわっ。……ほら、こっちだよ、やっちー」
40800 ,,,,,,,やちよ,やちよ,03yac160_003.wav,yatiyo,6,,,,「あっ…………」
41000 ,,<m_fade fadeout=""2000"" fadein=""1500"">,12,1021,,,,,,,,,,,
41100 ,,,,,,,みらい,みらい,01mir160_005.wav,mirai,0,,,,「んっ、しょっと……」
41200 ,,,,,,,やちよ,やちよ,03yac160_004.wav,,,yatiyo,6,,「わっ、はわわわっ……」
41300 ,,,,,,,みらい,みらい,01mir144_001.wav,mirai,85,yatiyo,6,,「ほらっ、やっちーもっ！」
41400 ,,,,,,,やちよ,やちよ,03yac144_001.wav,mirai,85,yatiyo,15,,「やっ、ああんっ……」
41500 ,,,,,,,まりん,まりん,04mar144_001.wav,marin,1,yatiyo,15,,「ぬいでぬいでーっ！」
41600 ,,,,,,,,,,,,,,,　みらいちゃんたちが、まるで体育の着替えのように次々と裸になる。
41700 ,,,,,,,弘明,弘明,,,,,,,（わっ、わわっ……）
41800 ,,,,,,,,,,,,,,,　俺は思わず、後ずさってしまう。でも、こんなおいしいシチュエーションはそうそうない訳で……。
41900 ,,,,,,,,,,,,,,,　俺も覚悟を決めると、ズボンを脱ぎ始める。そして、トランクスの中でそっとペニスの皮を剥いた。
42190 ,,<m_fade fadeout=""2000"" fadein=""1500"">,11,,,,,,,,,,,,
42200 ,,<wait time=""1000"">,,,,,みらい,みらい,01mir144_002.wav,"mirai,naked",85,,,,「お兄ちゃん……」
42300 ,,,,,,,まりん,まりん,04mar144_002.wav,"marin,naked",60,,,,「ふふっ……どーですか？　まりこたち」
42400 ,,,,,,,弘明,弘明,,marin,60,,,,「う、うん……すごく可愛いよ……」
42500 ,,,,,,,まりん,まりん,04mar144_003.wav,marin,17,,,,「にゅふふ……ぼっきしちゃったですか？」
42600 ,,,,,,,弘明,弘明,,marin,17,,,,「うん、すごく勃起してる……」
42700 ,,,,,,,,,,,,"yatiyo,naked",5,,　やちよちゃんは、二人の後ろでもじもじとしている。
42800 ,,,,,,,やちよ,やちよ,03yac144_002.wav,,,"yatiyo,naked",5,,「あっ、あう…………」
42900 ,,,,,,,みらい,みらい,01mir144_003.wav,mirai,85,"yatiyo,naked",5,,「やっちー、どうしたの？」
43000 ,,,,,,,まりん,まりん,04mar144_004.wav,marin,1,"yatiyo,naked",5,,「ほら、いっしょにおにーさんのおち○ちんペロペロしよっ？」
43100 ,,,,,,,やちよ,やちよ,03yac144_003.wav,marin,1,"yatiyo,naked",15,,「えっ、えっと……私……」
43200 ,,,,,,,まりん,まりん,04mar144_005.wav,marin,60,"yatiyo,naked",15,,「もーっ。やっちーが行かないなら、まりこが行くよ？」
43300 ,,,,,,,やちよ,やちよ,03yac144_004.wav,blank,0,"yatiyo,naked",6,,「あ…………」
43400 ,,,,,,,,,,,,,,,　慌てるやちよちゃんを尻目に、みらいちゃんとまりんちゃんは俺をベッドに押し倒し、下半身に飛びついた。
43600 ,*mem,,,,,,,,,,,,,,
43700 ,,,11,1021,200213,,まりん,まりん,04mar144_006.wav,,,,,,「にゅふふっ、おにーさんっ♪」
43800 ,,,,,200213,,,,,,,,,,　まりんちゃんが俺の勃起しきったペニスを見つめて、うっとりとする。
43900 ,,,,,200213,,まりん,まりん,04mar144_007.wav,,,,,,「まりこ、なめちゃいますよ？」
44000 ,,,,,200213,,,,,,,,,,　まりんちゃんは俺のペニスに髪をからめつつ、小さな指でぺとぺととさわってまわる。
44100 ,,,,,200213,,まりん,まりん,04mar144_008.wav,,,,,,「んっ……おにーさんのおち○ちん、あったかい……」
44200 ,,,,,200213,,やちよ,やちよ,03yac144_005.wav,,,,,,「わっ、わわわっ……」
44300 ,,,,,200213,,,,,,,,,,　まりんちゃんが、臆面もなくペニスに顔を寄せた。
44400 ,,,,,200213,,まりん,まりん,04mar144_009.wav,,,,,,「くんくん…………にゃうう、いいにおい……」
44500 ,,,,,200213,,みらい,みらい,01mir144_004.wav,,,,,,「あんっ、もう……まりんちゃん、おち○ちんのにおいひとりじめしちゃダメぇ……」
44600 ,,,,,200213,,,,,,,,,,　二人のちいさな鼻が、俺のペニスを嗅ぎまわる。柔らかい上唇やぷにぷにの頬が、固く怒張したサオをときどきこすった。
44700 ,,,,,200213,,みらい,みらい,01mir144_005.wav,,,,,,「まりんちゃん、なんだかヘンタイみたいだよ……？」
44800 ,,,,,200213,,まりん,まりん,04mar144_010.wav,,,,,,「ヘンタイでもいいもーん。まりこ、おにーさんのおち○ちん大好きだもんっ！」
44900 ,,,,,200213,,みらい,みらい,01mir144_006.wav,,,,,,「あ、あたしだって、大好きだもんっ！」
45000 ,,,,,200213,,,,,,,,,,　みらいちゃんが、ペニスをぶんどるようにして舌を這わせる。
45100 ,,,,,200213,,みらい,みらい,01mir144_007.wav,,,,,,「ちゅっ、ちゅるっ、ちゅっ……ちゅぴっ、ちゅっ……」
45300 ,,<se_loop id=""mirai1"" file=""mirai_voice1.wav""><se_auto_mute target_id=""mirai1"" true_name=""みらい"" id=""mirai"">,,,200213,,まりん,まりん,04mar144_011.wav,,,,,,「あっ、もう……まりこにもおち○ちん、ペロペロさせてっ！」
45400 ,,,,,200213,,,,,,,,,,　まりんちゃんも顔を寄せ、ためらう様子なく舌を這わせる。
45500 ,,,,,200213,,まりん,まりん,04mar144_012.wav,,,,,,「ちゅっ、ちゅるっ……んんんっ、ぴちゅっ……」
45700 ,,<se_loop id=""marin1"" file=""marin_voice1.wav""><se_auto_mute target_id=""marin1"" true_name=""まりん"" id=""marin"">,,,200213,,みらい,みらい,01mir144_008.wav,,,,,,「ふぁ……まりんちゃん、初めてなのにじょうず……」
45800 ,,,,,200213,,みらい,みらい,01mir144_009.wav,,,,,,「あたしだって……」
45900 ,,,,,200213,,,,,,,,,,　２つの小さな舌が、俺のペニスを舐め回した。
46000 ,,,,,200213,,みらい,みらい,01mir144_010.wav,,,,,,「ちゅっ、んちゅるっ……ちゅっ、んんっ……ぺろっ、ちゅっ、ちゅるるっ……んちゅっ、ちゅっ、んちゅるっ……んんっ、んっ、ちゅぷっ……」
46200 ,,<se_stop id=""marin1""><stop id=""marin"">,,,200213,,まりん,まりん,04mar144_013.wav,,,,,,「あんっ、みらいちゃん……おち○ちん、とっちゃダメだよっ……」
46300 ,,<se_stop id=""mirai1""><stop id=""mirai"">,,,200213,,みらい,みらい,01mir144_011.wav,,,,,,「んんっ、ぷはっ……。だって……おち○ちん、１本しかないし……」
46400 ,,,,,200213,,まりん,まりん,04mar144_014.wav,,,,,,「ふたりで、いっしょになかよくなめよっ？」
46500 ,,,,,200213,,みらい,みらい,01mir144_012.wav,,,,,,「うん」
46600 ,,,,,200213,,まりん,まりん,04mar144_015.wav,,,,,,「まりこがおち○ちんの先っぽなめるから、みらいちゃんは棒のところねっ」
46700 ,,,,,200213,,みらい,みらい,01mir144_013.wav,,,,,,「えっ……？　そんな、まりんちゃんずるいよ……」
46800 ,,,,,200213,,まりん,まりん,04mar144_016.wav,,,,,,「だいじょーぶ、ちゃんと交代するから」
46900 ,,,,,200213,,みらい,みらい,01mir144_014.wav,,,,,,「うん……」
47000 ,,,,,200213,,,,,,,,,,　まりんちゃんが、ペニスに顔を密着させた。
47100 ,,,,,200213,,まりん,まりん,04mar144_017.wav,,,,,,「にゅふふっ……おにーさんのおち○ちん、いただきまーすっ。あむっ、んんっ……んんっ、んちゅる、ちゅるっ、ちゅるるっ……」
47300 ,,<se_loop id=""marin2"" file=""marin_voice2.wav""><se_auto_mute target_id=""marin2"" true_name=""まりん"" id=""mirai"">,,,200213,,みらい,みらい,01mir144_015.wav,,,,,,「あん、まりんちゃんすごい……あたしも、おち○ちんのうらがわ……ペロペロする……」
47400 ,,,,,200213,,みらい,みらい,01mir144_016.wav,,,,,,「ぺろっ、ちゅぴっ……んんっ、ちゅるっ、ぺろっ……んんっ、んっ、ちゅるっ……」
47600 ,,<se_loop id=""mirai2"" file=""mirai_voice2.wav""><se_auto_mute target_id=""mirai2"" true_name=""みらい"" id=""mirai"">,,,200213,,まりん,まりん,04mar144_018.wav,,,,,,「んちゅっ、ふぁ……おにーさんのおち○ちん、あったかくて大きくて、大好きですよ……」
47700 ,,,,,200213,,まりん,まりん,04mar144_019.wav,,,,,,「ちゅっ、ちゅっ、ちゅぷっ……んっ、んんっ、ちゅるっ……んんんっ、ちゅるっ、ちゅちゅっ……んんっ、んっ……」
47800 ,,<se_stop id=""marin2""><stop id=""marin"">,,,200213,,まりん,まりん,04mar144_020.wav,,,,,,「じゅっ、んちゅるっ、ちゅぷっ、ちゅるるっ……ふぁ、おち○ちんからおしるが、出てきたですよっ……。これ、せーし、せーし？」
47900 ,,<se_stop id=""mirai2""><stop id=""mirai"">,,,200213,,みらい,みらい,01mir144_017.wav,,,,,,「んっ、とうめいだから、ちがうよ……。精子が出る前のガマン汁だって、本に書いてあったよ」
48000 ,,,,,200213,,まりん,まりん,04mar144_021.wav,,,,,,「にゃう、せーしじゃないんだ……。でも……んっ、ちゅるるっ、こくっ」
48100 ,,,,,200213,,,,,,,,,,　まりんちゃんは鈴口に唇を密着させ、カウパーを吸い込む。
48200 ,,,,,200213,,まりん,まりん,04mar144_022.wav,,,,,,「んんっ……おち○ちんのおしる、おいしい……」
48300 ,,,,,200213,,みらい,みらい,01mir144_018.wav,,,,,,「あっ、あたしにも飲ませてよぉ……」
48400 ,,,,,200213,,まりん,まりん,04mar144_023.wav,,,,,,「いいよー。じゃあ、交代ねっ」
48500 ,,,,,200213,,みらい,みらい,01mir144_019.wav,,,,,,「うんっ」
48600 ,,,,,200213,,,,,,,,,,　みらいちゃんが、ペニス越しに俺の顔をのぞき込んだ。
48700 ,,,,,200213,,みらい,みらい,01mir144_020.wav,,,,,,「お兄ちゃん……なめるね……」
48800 ,,,,,200213,,弘明,弘明,,,,,,,「うん、みらいちゃん……」
48900 ,,,,,200213,,,,,,,,,,　みらいちゃんの顔を見て、俺も妙に照れてしまう。
49000 ,,,,,200213,,みらい,みらい,01mir144_021.wav,,,,,,「んっ、んちゅるっ…………んんっ、ちゅっ……」
49100 ,,,,,200213,,,,,,,,,,　みらいちゃんは、亀頭を情熱的にほおばる。
49200 ,,,,,200213,,みらい,みらい,01mir144_022.wav,,,,,,「あむっ、じゅっ、じゅるるっ、じゅっ……ぷはっ、はあっ…………あむっ、じゅっ、じゅるっ……ちゅぷっ、んっ、じゅっ……」
49400 ,,<se_loop id=""mirai3"" file=""mirai_voice3.wav""><se_auto_mute target_id=""mirai3"" true_name=""みらい"" id=""mirai"">,,,200213,,まりん,まりん,04mar144_024.wav,,,,,,「にゃっ、みらいちゃんじょうず……。まりこも、がんばるですっ」
49500 ,,,,,200213,,まりん,まりん,04mar144_025.wav,,,,,,「ん、ちゅっ……んんっ、ぺろっ……ちゅっ、ちゅるっ、ぺろっ……んちゅるっ、るるっ、んんっ……」
49600 ,,<se_loop id=""marin3"" file=""marin_voice3.wav""><se_auto_mute target_id=""marin3"" true_name=""まりん"" id=""mirai"">,,,200213,,,,,,,,,,　まりんちゃんが、サオをペロペロと舐め回す。
49700 ,,,,,200213,,まりん,まりん,04mar144_026.wav,,,,,,「んっ、んんっ……こっちも、なめるです……んちゅっ」
49800 ,,,,,200213,,弘明,弘明,,,,,,,「んっ、ああっ……そっちは……」
49900 ,,,,,200213,,,,,,,,,,　まりんちゃんが、俺の袋にも舌を這わせてきた。
50000 ,,,,,200213,,まりん,まりん,04mar144_027.wav,,,,,,「んんんっ、にゃっ……ふにふにで、やわらかいです……おにーさんの、タマタマ……んちゅっ、ぺろっ」
50100 ,,,,,200213,,弘明,弘明,,,,,,,「うっ……ああっ」
50200 ,,,,,200213,,まりん,まりん,04mar144_028.wav,,,,,,「んっ、んんんっ、ちゅるっ……ちゅるっ、ちゅるるっ、ちゅぷっ、んんっ……ふぁ、おにーひゃん……あむっ、んんんっ、んんっ、ふぁ……」
50300 ,,,,,200213,,みらい,みらい,01mir144_023.wav,,,,,,「ちゅっ、ちゅるるっ……ふぁむ、じゅっ、ちゅるっ……んんんっ、じゅっ、ちゅるっ……んっ、んちゅっ、ちゅるっ……」
50400 ,,<se_stop id=""marin3""><stop id=""marin"">,,,200213,,まりん,まりん,04mar144_029.wav,,,,,,「じゅぷっ、ちゅるるっ……あんっ、みらいちゃん……」
50500 ,,<se_stop id=""mirai3""><stop id=""mirai"">,,,200213,,みらい,みらい,01mir144_024.wav,,,,,,「んっ、まりんちゃん……」
50600 ,,,,,200213,,,,,,,,,,　二人の唇と舌が触れあい、一瞬見つめ合ったあとに、二人はキスを始めた。
50700 ,,,,,200213,,まりん,まりん,04mar144_030.wav,,,,,,「んっ、ちゅっ……みらい、ちゃ……ん、ちゅっ……」
50800 ,,,,,200213,,みらい,みらい,01mir144_025.wav,,,,,,「まりんちゃん……ちゅっ、ちゅっ、んっ……」
50900 ,,,,,200213,,,,,,,,,,　可愛い二人のキスを見て、俺のペニスも一層固くなってしまう。
51000 ,,,,,200213,,まりん,まりん,04mar144_031.wav,,,,,,「にゅふふっ、おにーさんのおち○ちん、かちんかちんです……。んっ、ちゅるっ、ちゅるるっ……」
51200 ,,,,,200213,,みらい,みらい,01mir144_026.wav,,,,,,「ほんとに、すっごくかたくてあつい……。お兄ちゃん」
51300 ,,,,,200213,,みらい,みらい,01mir144_027.wav,,,,,,「んっ……ふたりで、いっしょに……」
51400 ,,,,,200213,,まりん,まりん,04mar144_032.wav,,,,,,「うん……」
51500 ,,,,,200213,,みらい＠まりん,二人,01mir144_028.wav＠04mar144_033.wav＠ext144_e01.wav,,,,,,「じゅるっ、じゅるるっ、んっ、んんんっ……んっ、じゅぷっ、ちゅるっ、るっ、ちゅるるっ……んぷっ、ちゅっ、んちゅるっ、んん……」
51600 ,,,,,200213,,弘明,弘明,,,,,,,「ああっ、あっ……それ以上したら、出ちゃうよ……」
51700 ,,,,,200213,,まりん,まりん,04mar144_034.wav,,,,,,「いいですよ……？　まりこ、おにーさんが精子出すとこ見たいですっ……」
51800 ,,,,,200213,,弘明,弘明,,,,,,,「えっ、あっ、そんな……」
51900 ,,,,,200213,,みらい,みらい,01mir144_029.wav,,,,,,「ほらほら、まりんちゃん。お兄ちゃんの精子出させよっ」
52000 ,,,,,200213,,まりん,まりん,04mar144_035.wav,,,,,,「うんっ。おにーさん、かくごするですよっ」
52100 ,,,,,200213,,,,,,,,,,　再び、二人の奉仕が再開する。
52300 ,,,,,200213,,みらい＠まりん,二人,04mar144_036.wav＠01mir144_030.wav,,,,,,「じゅっ、じゅぱっ、ちゅ……じゅっ、んっ、んんんっ、あむ、ちゅるっ……じゅっ、ちゅるっ……」
52800 ,,,,,200213,,弘明,弘明,,,,,,,「おっ、あああっ……はぁっ、はぁっ……」
52900 ,,,,,200213,,,,,,,,,,　二人同時に責められ、俺ももう射精寸前だ。
53000 ,,,,,200213,,弘明,弘明,,,,,,,「ま、待って……もう、出ちゃうから……」
53100 ,,,,,200213,,まりん,まりん,04mar144_037.wav,,,,,,「にゃっ？」
53200 ,,,,,200213,,,,,,,,,,　俺は、暴発してしまう直前でなんとか二人を離した。
53300 ,,,,,200213,,,,,,,,,,　ふと見れば、やちよちゃんが赤面して立ちつくしている。
53400 ,,,,,200213,,やちよ,やちよ,03yac144_006.wav,,,,,,「わわわっ、私…………」
53500 ,,,,,200213,,まりん,まりん,04mar144_038.wav,,,,,,「やっちー……なかまはずれにして、ごめんね……」
53600 ,,,,,200213,,やちよ,やちよ,03yac144_007.wav,,,,,,「うっ、ううん……」
53700 ,,,,,200213,,みらい,みらい,01mir144_031.wav,,,,,,「やっちーも、ほら……こんどは、みんなでお兄ちゃんとえっちしよっ……？」
53800 ,,,,,200213,,やちよ,やちよ,03yac144_008.wav,,,,,,「うん…………」
53990 ,,<m_fade fadeout=""2000"" fadein=""1500"">,10,,200311,,,,,,,,,,
54000 ,,,,,200311,,,,,,,,,,　３人は、ベッドの上で仲良く並ぶ。
54100 ,,,,,200311,,まりん,まりん,04mar144_039.wav,,,,,,「どーですか？　おにーさん」
54200 ,,,,,200311,,弘明,弘明,,,,,,,「うん……みんな、すごく可愛いね……」
54300 ,,,,,200311,,やちよ,やちよ,03yac144_009.wav,,,,,,「あっ、あう……」
54400 ,,,,,200311,,みらい,みらい,01mir144_032.wav,,,,,,「ほらほら、やっちー。お兄ちゃんに、もっと見てもらお？」
54500 ,,,,,200311,,やちよ,やちよ,03yac144_010.wav,,,,,,「そんな……はずかしいよ……」
54600 ,,,,,200311,,弘明,弘明,,,,,,,「まずは……みらいちゃんからね」
54700 ,,,,,200311,,やちよ,やちよ,03yac144_004.wav,,,,,,「あっ…………」
54800 ,,,,,200311,,まりん,まりん,04mar148_003.wav,,,,,,「ちぇーっ」
54900 ,,,,,200311,,弘明,弘明,,,,,,,「みらいちゃん……」
55000 ,,,,,200311,,みらい,みらい,01mir162_001.wav,,,,,,「あんっ、お兄ちゃん……」
55100 ,,,,,200311,,,,,,,,,,　俺は唇を近づけ、そっとキスをする。
55200 ,,,,,200311,,弘明,弘明,,,,,,,「んっ、ちゅっ……」
55300 ,,,,,200311,,みらい,みらい,01mir162_002.wav,,,,,,「んっ、ちゅっ……ちゅっ、ちゅっ……」
55400 ,,,,,200311,,みらい,みらい,01mir162_003.wav,,,,,,「ふわ、お兄ちゃん……」
55500 ,,,,,200311,,弘明,弘明,,,,,,,「みらいちゃん……んんっ」
55600 ,,,,,200311,,みらい,みらい,01mir162_004.wav,,,,,,「ちゅっ、ちゅちゅっ……んっ……」
55700 ,,,,,200311,,まりん,まりん,04mar148_002.wav,,,,,,「みらいちゃん……ドキドキしてる？」
55800 ,,,,,200311,,みらい,みらい,01mir162_005.wav,,,,,,「しっ、してないわよっ……！　あたしは、もうお兄ちゃんとえっちしたんだから……」
55900 ,,,,,200311,,弘明,弘明,,,,,,,「あの時は、みらいちゃんのおま○こ舐めただけだったでしょ……？」
56000 ,,,,,200311,,みらい,みらい,01mir162_006.wav,,,,,,「うっ……」
56100 ,,,,,200311,,弘明,弘明,,,,,,,「みらいちゃん……おま○こ、見せて……」
56200 ,,,,,200311,,みらい,みらい,01mir163_001.wav,,,,,,「やだ……前に、じっくり見たでしょ……」
56300 ,,,,,200311,,弘明,弘明,,,,,,,「もう一度、見せてよ……」
56400 ,,,,,200311,,みらい,みらい,01mir163_002.wav,,,,,,「んもう…………。ほら……」
56500 ,,,,,200311,,,,,,,,,,　みらいちゃんは、やや恥ずかしそうにしながら自分でおま○このふくらみをぴらっと開いた。
56600 ,,,,,200311,,弘明,弘明,,,,,,,「うん……ああ……みらいちゃんのおま○この匂い、してきた……」
56700 ,,,,,200311,,みらい,みらい,01mir163_003.wav,,,,,,「なっ……んもう、いちいち言わなくていいのっ！」
56800 ,,,,,200311,,弘明,弘明,,,,,,,「でも、ほら……こんなにいい匂いがして……」
56900 ,,,,,200311,,みらい,みらい,01mir163_004.wav,,,,,,「やっ、ああっ……もうっ……！　くんくんするんだったら、おま○こ見せてあげないっ！」
57000 ,,,,,200311,,弘明,弘明,,,,,,,「ごめんごめん、もう嗅がないから……ね？」
57100 ,,,,,200311,,みらい,みらい,01mir163_005.wav,,,,,,「もう…………お兄ちゃんのヘンタイ……」
57200 ,,,,,200311,,,,,,,,,,　俺はみらいちゃんのおま○こに顔を近づける。そして、そっと舌を差し入れた。
57300 ,,,,,200311,,みらい,みらい,01mir163_006.wav,,,,,,「んっ……ああっ！　んんんっ、ああっ……お兄ちゃんのベロが……あたしのあそこ……なめてる……」
57400 ,,,,,200311,,弘明,弘明,,,,,,,「ちゅっ、ぴちゅっ……んんっ……甘酸っぱくて、おいしいね……みらいちゃんのおま○こ……」
57500 ,,,,,200311,,みらい,みらい,01mir163_007.wav,,,,,,「やっ、ああっ、んっ！　そんなこと、言わないでよ……」
57600 ,,,,,200311,,弘明,弘明,,,,,,,「んっ、ちゅっ……この味と、独特の匂いが……いいのに……。んちゅっ、ちゅるっ」
57700 ,,,,,200311,,みらい,みらい,01mir163_008.wav,,,,,,「んあぁんっ！　んんっ、あうっ……んんんんっ、ああっ！」
57800 ,,,,,200311,,弘明,弘明,,,,,,,「んっ、んんっ……ちゅっ」
57900 ,,,,,200311,,みらい,みらい,01mir163_009.wav,,,,,,「ふぁっ、ああ……んんっ、あっ！　この前より……ずっときもちいい……」
58000 ,,,,,200311,,弘明,弘明,,,,,,,「二人に、見られてるからかな？」
58100 ,,,,,200311,,みらい,みらい,01mir163_010.wav,,,,,,「ちっ、ちがうよおっ……！　あっ、あああっ……！」
58200 ,,,,,200311,,みらい,みらい,01mir163_011.wav,,,,,,「んんっ、んっ、あああっ、んっ！　あっ、あっ、あああっ……！」
58300 ,,,,,200311,,みらい,みらい,01mir163_012.wav,,,,,,「ふぁぁっ、あう……ああ……」
58400 ,,,,,200311,,弘明,弘明,,,,,,,「おま○こ……とろとろになったね」
58500 ,,,,,200311,,弘明,弘明,,,,,,,「入れるよ、みらいちゃん……」
58600 ,,,,,200311,,みらい,みらい,01mir163_013.wav,,,,,,「うん…………」
58700 ,,,,,200311,,弘明,弘明,,,,,,,「優しく、挿れるから……力を、抜いて……」
58800 ,,,,,200312,,みらい,みらい,01mir163_014.wav,,,,,,「うん…………。んんんんっ、あああっ！」
58900 ,,,,,200312,,,,,,,,,,　俺の勃起しきったペニスが、みらいちゃんのおま○こにゆっくりと沈み込む。
59000 ,,,,,200312,,みらい,みらい,01mir163_015.wav,,,,,,「んんんんんっ、ああっ！　ああっ、あっ…………」
59100 ,,,,,200312,,みらい,みらい,01mir163_016.wav,,,,,,「ああっ、あっ……おち○ちん、おっき……ああんっ！　あっ、あっ、ああっ……！」
59200 ,,,,,200312,,みらい,みらい,01mir163_017.wav,,,,,,「んっ、ふぁぁっ……！　ああっ、ああ……」
59300 ,,,,,200312,,弘明,弘明,,,,,,,「みらいちゃんのおま○こ、柔らかいから……俺のチ○チンが、奥まで深く入ったよ……」
59400 ,,,,,200312,,弘明,弘明,,,,,,,「そろそろ……出すよ、みらいちゃん……」
59500 ,,,,,200312,,みらい,みらい,01mir163_018.wav,,,,,,「う、うん……。あたしの中に、いっぱい出して……。お兄ちゃんの精子……」
59600 ,,,,,200312,,弘明,弘明,,,,,,,「ああ……」
59700 ,,,,,200312,,みらい,みらい,01mir163_019.wav,,,,,,「んんんっ、あうっ！　んっ、んんっ、あんっ！　あっ、あっ、ああっ！」
59800 ,,,,,200312,,みらい,みらい,01mir163_020.wav,,,,,,「ふぁっ、あっ、んんっ……あっ、あっ、中に……んああっ、あっ、あああぁぁぁぁっ……！！！」
60100 ,,<!ef_shasei>,,,200315,,弘明,弘明,,,,,,,「んっ、ああ…………」
60200 ,,,,,200315,,みらい,みらい,01mir163_021.wav,,,,,,「ああっ、ああ……お兄ちゃんのおち○ちん、あたしの中でビクビクいってる……」
60300 ,,,,,200315,,弘明,弘明,,,,,,,「はあっ、ああっ…………」
60400 ,,,,,200315,,みらい,みらい,01mir163_022.wav,,,,,,「あついよぉ……お兄ちゃんの精子……」
60500 ,,,,,200315,,,,,,,,,,　俺はみらいちゃんの耳元に唇を寄せると、みらいちゃんにしか聞こえないよう小さくささやいた。
60600 ,,,,,200315,,弘明,弘明,,,,,,,「可愛かったよ……みらいちゃん」
60700 ,,,,,200315,,みらい,みらい,01mir163_023.wav,,,,,,「んもう……ばか……」
60780 ,,,,,200315,,,,,,,,,,　みらいちゃんの頬を唇で撫ぜてから、俺は身体を起こして横の二人に向き直る。
60790 ,,,,,200315,,,,,,,,,,　みらいちゃんとの一部始終を見ていたんろう２人は、だいぶ息が荒い。もう充分に興奮しているようだった。
60799 ,,,,,200315,,,,,,,,,,　さて、やちよちゃんとまりんちゃん、どっちからにしようか……
61100 ,*04h003menu,,,,,,,,,,,,,,
61200 ,$menu_begin,,,,,,,,,,,,,,
↓,"$menu_item 0,やちよちゃんから,04h003_y,%h003_y",,,,,,,,,,,,,,
↓,"$menu_item 1,まりんちゃんから,04h003_m,%h003_m",,,,,,,,,,,,,,
↓,$menu_end,,,,,,,,,,,,,,
61300 ,,,,,,,,,,,,,,,
61400 ,,,,,,,,,,,,,,,
61500 ,*04h003_y,,,,,,,,,,,,,,■①「やちよちゃんから」
61700 ,,,,,200311,,弘明,弘明,,,,,,,「やちよちゃん……」
61800 ,,,,,200311,,やちよ,やちよ,03yac150_001.wav,,,,,,「はっ、はいっ……！」
61900 ,,,,,200311,,弘明,弘明,,,,,,,「ほら、そんなに固くならないで……。リラックスして……？」
62000 ,,,,,200311,,やちよ,やちよ,03yac150_002.wav,,,,,,「はい…………」
62100 ,,,,,200311,,,,,,,,,,　やちよちゃんを不安にさせないよう、俺はそっと肩に触れる。
62200 ,,,,,200311,,やちよ,やちよ,03yac150_003.wav,,,,,,「んっ……」
62300 ,,,,,200311,,弘明,弘明,,,,,,,「やちよちゃんの肌、白くてすべすべ……」
62400 ,,,,,200311,,やちよ,やちよ,03yac150_004.wav,,,,,,「んんっ、あんっ……」
62500 ,,,,,200311,,弘明,弘明,,,,,,,「鎖骨の辺りには、あんまりお肉ついてないんだね……」
62600 ,,,,,200311,,,,,,,,,,　俺は鎖骨から指を下に滑らせ、ぷっくりふくらんだ胸を愛撫した。
62700 ,,,,,200311,,やちよ,やちよ,03yac150_005.wav,,,,,,「んっ……！　あっ、んんっ……ふぁっ……」
62800 ,,,,,200311,,弘明,弘明,,,,,,,「おっぱい、感じる？　やちよちゃん……」
62900 ,,,,,200311,,やちよ,やちよ,03yac150_006.wav,,,,,,「は、はい……。身体に、電流が走ったみたいです……」
63000 ,,,,,200311,,弘明,弘明,,,,,,,「そっか……。敏感だね、やちよちゃんは……」
63100 ,,,,,200311,,,,,,,,,,　そっと、小さなふくらみの上にある乳首に触れる。
63200 ,,,,,200311,,やちよ,やちよ,03yac150_007.wav,,,,,,「んっ、ああんっ！　あっ、んぁぁっ……」
63300 ,,,,,200311,,弘明,弘明,,,,,,,「やっぱり、乳首が一番感じるんだ」
63400 ,,,,,200311,,やちよ,やちよ,03yac150_008.wav,,,,,,「そこは、あんまり……いじらないでください……」
63500 ,,,,,200311,,弘明,弘明,,,,,,,「なんで？　感じすぎちゃうから？」
63600 ,,,,,200311,,やちよ,やちよ,03yac150_009.wav,,,,,,「んっ、あっ……んぁぁんっ！　ああっ、あ……おっぱいの、先っぽ……びりびりして……んんっ、あっ！　ああっ、あっ……」
63700 ,,,,,200311,,まりん,まりん,04mar148_001.wav,,,,,,「ぶー。おにーさん、やっぱりおっぱい大きいのが好きなんだ……」
63800 ,,,,,200311,,弘明,弘明,,,,,,,「そ、そんなことないってば」
63900 ,,,,,200311,,みらい,みらい,01mir150_001.wav,,,,,,「ホント……？」
64000 ,,,,,200311,,弘明,弘明,,,,,,,「ホント、ホントだって。俺は、おっぱいとかに関係なく……みらいちゃん、まりんちゃん、やちよちゃん……みんなが、大好きだよ」
64100 ,,,,,200311,,みらい,みらい,01mir150_002.wav,,,,,,「もー。そうやって、すぐ調子のいいこと言うんだから……」
64200 ,,,,,200311,,弘明,弘明,,,,,,,「ホントなのに……ちゅっ、んちゅっ」
64300 ,,,,,200311,,やちよ,やちよ,03yac150_010.wav,,,,,,「やっ、ああっ！　そんな、おっぱい……なめ……ああんっ！」
64400 ,,,,,200311,,みらい,みらい,01mir150_003.wav,,,,,,「やっちーのおっぱいしゃぶりながらそんなこと言っても、ぜんぜん説得力なーいっ」
64500 ,,,,,200311,,弘明,弘明,,,,,,,「んんっ、んっ……ちゅっ……」
64600 ,,,,,200311,,やちよ,やちよ,03yac150_011.wav,,,,,,「ふあっ、あっ、ああっ……！　んんんっ、あぅ……」
64700 ,,,,,200311,,弘明,弘明,,,,,,,「やちよちゃんのおま○こ、見せてね……」
64800 ,,,,,200311,,やちよ,やちよ,03yac151_001.wav,,,,,,「は、はい……」
64900 ,,,,,200311,,,,,,,,,,　ぷっくりとふくらんだおま○この土手に指をかけて、そっと中を開き見る。
65000 ,,,,,200311,,やちよ,やちよ,03yac151_002.wav,,,,,,「あっ、あのっ…………あんまりじっくり、見ないでください……」
65100 ,,,,,200311,,弘明,弘明,,,,,,,「なんで？　すごくきれいなおま○こなのに……」
65200 ,,,,,200311,,やちよ,やちよ,03yac151_003.wav,,,,,,「そんな……恥ずかしいです……」
65300 ,,,,,200311,,弘明,弘明,,,,,,,「んちゅっ」
65400 ,,,,,200311,,やちよ,やちよ,03yac151_004.wav,,,,,,「やっ……ああんっ！　待って、待ってくださいっ……！　あのっ、やっぱり、そこは……」
65500 ,,,,,200311,,弘明,弘明,,,,,,,「どうしたの？　舐めちゃ……ダメ？」
65600 ,,,,,200311,,やちよ,やちよ,03yac151_005.wav,,,,,,「だって、私……今日、おトイレとか、行きましたし……汚いです……」
65700 ,,,,,200311,,弘明,弘明,,,,,,,「トイレに行くのは当然でしょ？　全然汚くないってば」
65800 ,,,,,200311,,やちよ,やちよ,03yac151_006.wav,,,,,,「で、でも……洗ってない性器を舐めるのは……不潔、です……」
65900 ,,,,,200311,,弘明,弘明,,,,,,,「少しぐらい不潔な方が、興奮しない？　……まあ、やちよちゃんのココ、全然不潔な感じしないんだけどさ。シャワー浴びたてみたいに、キレイだよ」
66000 ,,,,,200311,,やちよ,やちよ,03yac151_007.wav,,,,,,「ほ、ほんと……ですか？　良かった……」
66100 ,,,,,200311,,弘明,弘明,,,,,,,「うん、ちょっと残念」
66200 ,,,,,200311,,やちよ,やちよ,03yac151_008.wav,,,,,,「やぁっ……変なこと言わないでください……」
66300 ,,,,,200311,,弘明,弘明,,,,,,,「だから……舐めるね？　やちよちゃん」
66400 ,,,,,200311,,やちよ,やちよ,03yac151_009.wav,,,,,,「は、はい…………」
66500 ,,,,,200311,,,,,,,,,,　俺はやちよちゃんの股間に顔を近づけ、おま○こに舌を這わせた。
66600 ,,,,,200311,,弘明,弘明,,,,,,,「んっ……んちゅっ、ぺろっ……」
66700 ,,,,,200311,,やちよ,やちよ,03yac151_010.wav,,,,,,「あっ……んんっ、ああっ！　ああっ……んっ、んんっ！」
66800 ,,,,,200311,,弘明,弘明,,,,,,,「んちゅっ、んっ……やちよちゃんのおま○こは、匂いも味も少なくて……ホントに清楚な感じ、するね……」
66900 ,,,,,200311,,やちよ,やちよ,03yac151_011.wav,,,,,,「ふあっ、ああっ……！　そんな……」
67000 ,,,,,200311,,弘明,弘明,,,,,,,「んっ、んちゅっ……」
67100 ,,,,,200311,,やちよ,やちよ,03yac151_012.wav,,,,,,「んっ、んんっ……そこ、は……あああっ！」
67200 ,,,,,200311,,弘明,弘明,,,,,,,「濡れてきたよ……。やちよちゃんのおツユ、サラサラで……さっぱりしてるね……。んちゅっ、ちゅっ」
67300 ,,,,,200311,,やちよ,やちよ,03yac151_013.wav,,,,,,「あっ……んんっ！　あっ、あっ……！　舌が……私の、中に……ああっ！」
67400 ,,,,,200311,,やちよ,やちよ,03yac151_014.wav,,,,,,「んっ、んんぅっ……そこ、クリトリスは……ふぁっ、ああっ！　んんんっ、あうっ……」
67500 ,,,,,200311,,やちよ,やちよ,03yac151_015.wav,,,,,,「あっ、そんなっ……！　おしっこ出るところなんて……なめちゃダメですっ！　んっ、んんぅっ！」
67600 ,,,,,200311,,やちよ,やちよ,03yac151_016.wav,,,,,,「ふぁっ、ああっ……すごく、恥ずかしいですけど……すごく、気持ちいいです……」
67700 ,,,,,200311,,やちよ,やちよ,03yac151_017.wav,,,,,,「んっ、んんんっ、あうっ！　あっ、んっ、んんっ、ああっ……！」
67800 ,,,,,200311,,やちよ,やちよ,03yac151_018.wav,,,,,,「ふぁ……あっ……あ……クンニって……こんなに、気持ちいいんですね……」
67900 ,,,,,200311,,,,,,,,,,　俺は股間から顔を離すと、やちよちゃんに身体を寄せる。
68000 ,,,,,200311,,やちよ,やちよ,03yac151_019.wav,,,,,,「あ…………」
68100 ,,,,,200311,,,,,,,,,,　そして、手のひらでやちよちゃんの肌を撫で回した。
68200 ,,,,,200311,,やちよ,やちよ,03yac151_020.wav,,,,,,「んっ、あっ……んんんっ…………」
68300 ,,,,,200311,,弘明,弘明,,,,,,,「やちよちゃんは、やっぱり肌が最高だね……」
68400 ,,,,,200311,,やちよ,やちよ,03yac151_021.wav,,,,,,「あっ、んっ……うれしいです、弘明さん……」
68500 ,,,,,200311,,弘明,弘明,,,,,,,「ぷにぷにのおま○こと、ぷにぷにのおなか……。ずこくいいよ」
68600 ,,,,,200311,,やちよ,やちよ,03yac151_022.wav,,,,,,「わ、私……！　そんなにおなかのお肉、ついてないですっ……」
68700 ,,,,,200311,,弘明,弘明,,,,,,,「違う違う。お肉が付いてるって訳じゃないんだよ。柔らかくて、すごくさわり心地がいいってコトなんだ……」
68800 ,,,,,200311,,やちよ,やちよ,03yac151_023.wav,,,,,,「んんっ、あっ、あっ……弘明さんに、撫でてもらうと……なんだか、安心します……」
68900 ,,,,,200311,,弘明,弘明,,,,,,,「それじゃ……挿れるよ？」
69000 ,,,,,200311,,やちよ,やちよ,03yac151_024.wav,,,,,,「はい……。来て、ください……」
69100 ,,,,,200311,,やちよ,やちよ,03yac151_025.wav,,,,,,「んっ…………」
69200 ,,,,,200311,,,,,,,,,,　俺はやちよちゃんのおま○こに、ゆっくりとペニスを挿入していった。
69300 ,,,,,200313,,やちよ,やちよ,03yac151_026.wav,,,,,,「んんっ…………あああぁぁぁっ！　んんんっ、あぁ……はぁぁっ……」
69400 ,,,,,200313,,弘明,弘明,,,,,,,「大丈夫？　痛くない？」
69500 ,,,,,200313,,やちよ,やちよ,03yac151_027.wav,,,,,,「はい……痛みは、あまり……ない、です……」
69600 ,,,,,200313,,弘明,弘明,,,,,,,「もう少し、おま○こを馴らしたら……動くからね……」
69700 ,,,,,200313,,やちよ,やちよ,03yac151_028.wav,,,,,,「はい…………」
69800 ,,,,,200313,,,,,,,,,,　やちよちゃんのおま○こがしばらく慣れるのを待って、俺は腰のストロークを開始する。
69900 ,,,,,200313,,やちよ,やちよ,03yac151_029.wav,,,,,,「んんんっ、あうっ！　あっ、ああっ……おち○ちんが、私の中を……かきわけて……ああっ！」
70000 ,,,,,200313,,やちよ,やちよ,03yac151_030.wav,,,,,,「あっ、んんっ……んんんっ、あんっ！　あっ、んんんっ、あっ、あっ……」
70100 ,,,,,200313,,みらい,みらい,01mir151_001.wav,,,,,,「やっちー……良かったね。お兄ちゃんにえっちしてもらえて……」
70200 ,,,,,200313,,やちよ,やちよ,03yac151_031.wav,,,,,,「うっ、うんっ……！　私、うれしい……あっ、ああっ！　んんっ、あっ、あっ！　ふぁぁ……」
70300 ,,,,,200313,,やちよ,やちよ,03yac151_032.wav,,,,,,「んっ、んんんっ……はぁっ、はぁっ、ああっ……」
70400 ,,,,,200313,,やちよ,やちよ,03yac151_033.wav,,,,,,「あっ、あんっ……んんんっ、あうっ！　おち○ちんが……私の身体の奥まで……。ああっ、あっ、あっ！」
70500 ,,,,,200313,,やちよ,やちよ,03yac151_034.wav,,,,,,「すっ、すごいですっ、あそこが、じんじんして……んんんっ、あああっ！　ああっ、あっ、あっ……」
70600 ,,,,,200313,,やちよ,やちよ,03yac151_035.wav,,,,,,「はぁっ、はぁっ……こんなに気持ちいいなんて……ああっ、んっ、んんんんっ！」
70700 ,,,,,200313,,やちよ,やちよ,03yac151_036.wav,,,,,,「あっ、あああっ……すごいっ、すごいです……性器の、感覚が……もう……あああぁぁっ！」
70800 ,,,,,200313,,弘明,弘明,,,,,,,「あっ、うぁぁっ……もう、出る……やちよちゃん……」
70900 ,,,,,200313,,やちよ,やちよ,03yac151_037.wav,,,,,,「あっ、私……あっ、あのっ！　えっと、生理、もう……！」
71000 ,,,,,200313,,弘明,弘明,,,,,,,「うっ……ああっ！」
71100 ,,,,,200313,,やちよ,やちよ,03yac151_038.wav,,,,,,「んっ、あっ、ああっ！　おち○ちんが、大きく、なって……！　んんっ、あっ、ああああっ！」
71200 ,,,,,200313,,やちよ,やちよ,03yac151_039.wav,,,,,,「やっ、あっ、ああっ、んんっ！　……そんな、中に、出したら、私……！　あっ、あっ、ああっ！　んんんっ、あっ、んぁぁっ！　あっ、ああっ……ああああぁぁっ……！！」
71500 ,,<!ef_shasei>,,,200316,,やちよ,やちよ,03yac151_040.wav,,,,,,「ああっ……あ……ふぁぁ…………」
71600 ,,,,,200316,,弘明,弘明,,,,,,,「やちよちゃん……痛くなかった……？」
71700 ,,,,,200316,,やちよ,やちよ,03yac151_041.wav,,,,,,「はい……。大丈夫です……弘明さん……」
71800 ,,,,,200316,,やちよ,やちよ,03yac151_042.wav,,,,,,「うれしさの方が……大きかったですから……」
71900 ,,,,,200316,,,,,,,,,,　俺は、やちよちゃんにそっとキスをした。
72000 ,,,,,200316,,やちよ,やちよ,03yac151_043.wav,,,,,,「んっ……ちゅっ…………」
72100 ,,,,,200316,,,,,,,,,,　唇を離すと、真っ赤な顔のやちよちゃんが俺を見た。
72200 ,,,,,200316,,やちよ,やちよ,03yac151_044.wav,,,,,,「あっ、あのっ……私……せ、せいり……来て……」
72300 ,,,,,200316,,弘明,弘明,,,,,,,「んっ……なに……？」
72400 ,,,,,200316,,やちよ,やちよ,03yac151_045.wav,,,,,,「あっ、いえ……なんでもないです……」
72500 ,,,,,200316,,,,,,,,,,　その時、やちよちゃんのおま○こからとろりと精液が流れ出てきた。
72600 ,,,,,200316,,やちよ,やちよ,03yac151_046.wav,,,,,,「あっ、出ちゃダメ……弘明さんの精子……」
72700 ,,,,,200316,,,,,,,,,,　やちよちゃんはおま○こを、手のひらで押さえる。そして、笑顔を俺に向けた。
72800 ,,,,,200316,,やちよ,やちよ,03yac151_047.wav,,,,,,「えへへっ……」
72900 ,,,,,200316,,弘明,弘明,,,,,,,「…………？」
73600 ,"$fset %h003_y,0",,,,200316,,,,,,,,,,
73700 ,"$cmp %h003_m,==,0",,,,200316,,,,,,,,,,
73800 ,$true,,,,200316,,,,,,,,,,
↓,,<m_fade fadeout=""2500"">,0,,200316,,,,,,,,,,
↓,$go 04h003end,,,,200316,,,,,,,,,,
74000 ,$false,,,,200316,,,,,,,,,,
↓,,,,,200316,,弘明,弘明,,,,,,,「次は……まりんちゃんだね」
↓,$go 04h003_m,,,,,,,,,,,,,,
74099 ,,,,,,,,,,,,,,,
74100 ,*04h003_m,,,,,,,,,,,,,,
74400 ,,,,,200311,,弘明,弘明,,,,,,,「まりんちゃん……」
74500 ,,,,,200311,,まりん,まりん,04mar145_001.wav,,,,,,「んっ……おにーさん……」
74600 ,,,,,200311,,弘明,弘明,,,,,,,「まりんちゃんは、いい匂いがするね……。甘くてトロンとした、いい匂い……」
74700 ,,,,,200311,,まりん,まりん,04mar145_002.wav,,,,,,「えへへっ……ありがとですっ……」
74800 ,,,,,200311,,まりん,まりん,04mar145_003.wav,,,,,,「まりこのからだ、もっとくんくんしていいですよ……？」
74900 ,,,,,200311,,弘明,弘明,,,,,,,「うん……。すんすんっ……」
75000 ,,,,,200311,,,,,,,,,,　俺はまりんちゃんの身体に顔を近づけて、スンスンと鼻を鳴らした。
75100 ,,,,,200311,,弘明,弘明,,,,,,,「ああ、いい匂いだ、まりんちゃん……」
75200 ,,,,,200311,,まりん,まりん,04mar145_004.wav,,,,,,「にゃう……うれしいですっ……」
75300 ,,,,,200311,,,,,,,,,,　俺の顔が、まりんちゃんの首筋に密着する。そのまま頬ずりをするように、まりんちゃんの柔らかい肌と立ちのぼる香りを楽しんだ。
75400 ,,,,,200311,,弘明,弘明,,,,,,,「ん……ちゅっ」
75500 ,,,,,200311,,,,,,,,,,　ふと唇が肌に触れたのをきっかけに、まりんちゃんの首筋や肩にキスの雨を降らせる。
75600 ,,,,,200311,,まりん,まりん,04mar145_005.wav,,,,,,「あん……▼　もう、ちゅーは、くちびるにですよっ」
75700 ,,,,,200311,,弘明,弘明,,,,,,,「いいの？　唇にしちゃっても……」
75800 ,,,,,200311,,まりん,まりん,04mar145_006.wav,,,,,,「いいですよぉ……？　はい、んーっ」
75900 ,,,,,200311,,弘明,弘明,,,,,,,「んっ…………ちゅっ」
76000 ,,,,,200311,,,,,,,,,,　俺は、まりんちゃんの柔らかい唇にそっとキスをした。
76100 ,,,,,200311,,まりん,まりん,04mar145_007.wav,,,,,,「んんっ…………もっと、長くです……んっ」
76200 ,,,,,200311,,弘明,弘明,,,,,,,「んちゅっ……ちゅっ……」
76300 ,,,,,200311,,まりん,まりん,04mar145_008.wav,,,,,,「あん……んちゅっ、ちゅっ、ちゅるっ……ちゅぷっ、ちゅっ……ちゅるるっ……」
76400 ,,,,,200311,,弘明,弘明,,,,,,,「んんっ、んっ、ぷはっ……激しいね、まりんちゃん……」
76500 ,,,,,200311,,まりん,まりん,04mar145_009.wav,,,,,,「えへへっ……だって、おにーさんとちゅーしたかったですよ……」
76600 ,,,,,200311,,弘明,弘明,,,,,,,「嬉しいな、そう言ってもらえると……」
76700 ,,,,,200311,,,,,,,,,,　そう言いながら、まりんちゃんの股間へと顔を近づけていく。
76800 ,,,,,200311,,弘明,弘明,,,,,,,「まりんちゃん、いい……？　おま○こ、見ても……」
76900 ,,,,,200311,,まりん,まりん,04mar146_002.wav,,,,,,「いいですよ？　まりこのおま○こ、じっくり見てくださいっ」
77000 ,,,,,200311,,弘明,弘明,,,,,,,「うん…………」
77100 ,,,,,200311,,まりん,まりん,04mar146_003.wav,,,,,,「にゅふふ……処女ですよ？」
77200 ,,,,,200311,,,,,,,,,,　俺はまりんちゃんのおま○こにそっと指をかけて、静かに開く。
77300 ,,,,,200311,,弘明,弘明,,,,,,,「んっ……ちっちゃくて、ピンクで、可愛いね……」
77400 ,,,,,200311,,まりん,まりん,04mar146_004.wav,,,,,,「あんっ……息がかかるですよぉ……」
77500 ,,,,,200311,,弘明,弘明,,,,,,,「ふーっ」
77600 ,,,,,200311,,まりん,まりん,04mar146_005.wav,,,,,,「んぁんっ！？　ああっ！　もう……おにーさんはいじわるです……」
77700 ,,,,,200311,,弘明,弘明,,,,,,,「うん……まりんちゃんのおま○この匂い、辺りに広がって……」
77800 ,,,,,200311,,まりん,まりん,04mar146_006.wav,,,,,,「おにーさん……まりこのおま○こ、気に入ってくれたですか？」
77900 ,,,,,200311,,弘明,弘明,,,,,,,「うん……すごくエッチで、大好き……」
78000 ,,,,,200311,,まりん,まりん,04mar146_007.wav,,,,,,「えへへ……。まりこのおま○こ、ペロペロしてくださいっ」
78100 ,,,,,200311,,弘明,弘明,,,,,,,「うん…………んちゅっ、んんっ」
78200 ,,,,,200311,,まりん,まりん,04mar146_008.wav,,,,,,「あっ……ふぁぁっ！　あっ、ああ……おま○こ、なめてもらうの……すっごくきもちいいですよ……」
78300 ,,,,,200311,,弘明,弘明,,,,,,,「んんっ、ちゅるっ……まりんちゃんのおま○こ、味もちょっと強めで……美味しいよ……」
78400 ,,,,,200311,,まりん,まりん,04mar146_009.wav,,,,,,「んぁっ、ああっ……ああっ！　ふぁ、んぁ……うれしいですよ……。もっともっと、ペロペロしてください……」
78500 ,,,,,200311,,弘明,弘明,,,,,,,「うん……。んちゅっ、ちゅっ……」
78600 ,,,,,200311,,まりん,まりん,04mar146_010.wav,,,,,,「ひゃっ、ああんっ！　んんんっ、あうっ……」
78800 ,,,,,200314,,まりん,まりん,04mar146_011.wav,,,,,,「ふぁっ、んんっ！　ああっ、あ……そこは、ぴりぴりくるです……」
78900 ,,,,,200314,,弘明,弘明,,,,,,,「クリトリスは……やっぱり、感じる？」
79000 ,,,,,200314,,まりん,まりん,04mar146_012.wav,,,,,,「にゃううん、いちばんきもちいいですよ……」
79100 ,,,,,200314,,弘明,弘明,,,,,,,「じゃあ、もっと舐めてあげるね……。んんっ、ぺろっ……んちゅっ、ちゅるるっ……」
79200 ,,,,,200314,,まりん,まりん,04mar146_013.wav,,,,,,「んあぁぁっ！　んんっ、あうっ、ああっ……。もう、とろけちゃうです……。まりこのおま○こ……」
79300 ,,,,,200314,,弘明,弘明,,,,,,,「そろそろ……俺のチ○チン、挿れていい？」
79400 ,,,,,200314,,まりん,まりん,04mar146_014.wav,,,,,,「にゃ……いいですよ……。おにーさんのおち○ちん、まりこにくださいです……」
79500 ,,,,,200314,,弘明,弘明,,,,,,,「うん……。ゆっくり、挿れるね……」
79600 ,,,,,200314,,,,,,,,,,　俺はまりんちゃんのおま○こに亀頭を当て、それからゆっくりと腰を沈み込ませる。
79700 ,,,,,200314,,まりん,まりん,04mar146_015.wav,,,,,,「にゃっ……ああああっ！！　あぁぁっ、んんっ！　あ……ふぁぁ……おっきいおち○ちんが……入ってくるです……」
79800 ,,,,,200314,,,,,,,,,,　そしてゆっくりと、少しずつ奥へと進んでいった。
79900 ,,,,,200314,,まりん,まりん,04mar146_016.wav,,,,,,「ふぁっ、あぅっ、んんっ！　ああ……おち○ちんって、こんなおっきいんだ……。おなか、いっぱい……」
80000 ,,,,,200314,,弘明,弘明,,,,,,,「痛く……ない？　まりんちゃん」
80100 ,,,,,200314,,まりん,まりん,04mar146_017.wav,,,,,,「はい……だいじょーぶですよ……」
80200 ,,,,,200314,,弘明,弘明,,,,,,,「動かすね……」
80300 ,,,,,200314,,まりん,まりん,04mar146_018.wav,,,,,,「んんんっ、んぁぁっ！　あっ、あっ、んんんっ……んぁんっ、んんっ、あうっ！」
80400 ,,,,,200314,,みらい,みらい,01mir146_002.wav,,,,,,「まりんちゃん、どう？　お兄ちゃんのおち○ちん……」
80500 ,,,,,200314,,まりん,まりん,04mar146_019.wav,,,,,,「うっ、うんっ……おっきいのが、からだの奥に……入ってきてる……。あああっ！」
80600 ,,,,,200314,,,,,,,,,,　俺はゆっくりと、腰を前後に揺する。
80700 ,,,,,200314,,まりん,まりん,04mar146_020.wav,,,,,,「んんんっ、ああっ！　おにーさんのおち○ちんが、出たり入ったり……おなかの中、かきまわされてるみたいですよ……」
80800 ,,,,,200314,,まりん,まりん,04mar146_021.wav,,,,,,「あっ、んっ、ああっ……んんんっ、あっ、ああんっ！　ふぁぁ……きもちいいです……あたまが、ぼーってなるです……」
80900 ,,,,,200314,,弘明,弘明,,,,,,,「もっと、気持ち良くしてあげるね……」
81000 ,,,,,200314,,まりん,まりん,04mar146_022.wav,,,,,,「んっ……あああっ！　あっ、んんんっ、あうっ……ああ……まりこ、もう……んぁぁぁっ！」
81100 ,,,,,200314,,まりん,まりん,04mar146_023.wav,,,,,,「あっ、んぁぁっ！　まりこ、もうダメです……からだが、ふわって浮いて……あぁぁんっ！　どっか、行っちゃいそうですよ……」
81200 ,,,,,200314,,まりん,まりん,04mar146_024.wav,,,,,,「んんんっ、あうっ！　あああっ、ふぁぁ……」
81300 ,,,,,200314,,弘明,弘明,,,,,,,「中に……出すよ、まりんちゃん……！」
81400 ,,,,,200314,,まりん,まりん,04mar146_025.wav,,,,,,「あっ、あっ、あっ……んんっ、ああっ！　おにーさんのせーし……んんっ、あうっ……んにゃっ、ああっ、んんんっ……んあああぁぁぁっ……！！」
81700 ,,<!ef_shasei>,,,200317,,,,,,,,,,　俺は、まりんちゃんの膣内にドクドクと精液を注ぎ込む。
81800 ,,,,,200317,,まりん,まりん,04mar146_026.wav,,,,,,「ふぁっ、ああっ……まりこの中で、おにーさんのおち○ちんがビクビク言ってます……。せーしが、奥に出てるですよ……」
81900 ,,,,,200317,,まりん,まりん,04mar146_027.wav,,,,,,「にゃっ、ああっ……んんっ…………」
82000 ,,,,,200317,,やちよ,やちよ,03yac146_002.wav,,,,,,「すごい、まりんちゃん……」
82100 ,,,,,200317,,みらい,みらい,01mir146_003.wav,,,,,,「まりんちゃん、きもちよかった……？」
82200 ,,,,,200317,,まりん,まりん,04mar146_028.wav,,,,,,「にゃうう……まりこ、とろけちゃう……」
82300 ,,,,,200317,,やちよ,やちよ,03yac146_003.wav,,,,,,「いいな……まりんちゃん……」
83000 ,"$fset %h003_m,0",,,,200317,,,,,,,,,,
83100 ,"$cmp %h003_y,==,0",,,,200317,,,,,,,,,,
83200 ,$true,,,,200317,,,,,,,,,,
↓,,<m_fade fadeout=""2000"">,0,,200317,,,,,,,,,,
↓,$go 04h003end,,,,200317,,,,,,,,,,
83300 ,$false,,,,200317,,,,,,,,,,
↓,,,,,200317,,弘明,弘明,,,,,,,「次は……やちよちゃんだね」
↓,$go 04h003_y,,,,,,,,,,,,,,
83400 ,,,,,,,,,,,,,,,
83500 ,*04h003end,,,,,,,,,,,,,,
83600 ,$event_return,,,,,,,,,,,,,,
84100 ,,<s_fade time=""2500"">,,9000,,,,,,,,,,,
84200 ,,<wait time=""500"">,,,,,,,,,,,,,
84300 ,,<s_fade time=""1500"" type=""panel"" param=""type=0"">,1,1021,,,,,,,,,,,
84400 ,,,,,,,まりん,まりん,04mar144_040.wav,"marin,naked",60,,,,「ねーねーおにーさん、まりこのおま○こ、どうでした？」
84500 ,,,,,,,弘明,弘明,,marin,60,,,,「ふぇっ？」
84600 ,,,,,,,やちよ,やちよ,03yac144_011.wav,marin,60,"yatiyo,naked",6,,「わ、私のは……」
84700 ,,,,,,,弘明,弘明,,marin,60,yatiyo,6,,「ま、まりんちゃんのは、いちばんエッチな匂いがするかな……。おツユも多くて……」
84800 ,,,,,,,まりん,まりん,04mar144_041.wav,marin,1,yatiyo,6,,「えへへっ、ありがとですよっ」
84900 ,,,,,,,弘明,弘明,,marin,1,yatiyo,6,,「やちよちゃんは、肌がすべすべで……おま○こも、ぷっくりしてて柔らかいね。おま○このふくらみに、頬ずりしたくなっちゃうよ」
85000 ,,,,,,,やちよ,やちよ,03yac144_012.wav,marin,1,yatiyo,60,,「そんな……恥ずかしいけど、う、うれしい……です……」
85100 ,,,,,,,,,,,,,,,
85200 ,,,,,,,みらい,みらい,01mir144_033.wav,"mirai,naked",85,,,,「あ、あたしはっ？」
85300 ,,,,,,,弘明,弘明,,mirai,85,,,,「みらいちゃんは、えっと……えーっと…………」
85400 ,,,,,,,みらい,みらい,01mir144_034.wav,mirai,84,,,,「お兄ちゃんのホーケイおち○ちんをペロペロしてあげるの、あたしがいちばんうまいんだからっ！」
85500 ,,,,,,,弘明,弘明,,mirai,84,,,,「わわっ……それはナイショだって……！」
85600 ,,,,,,,まりん,まりん,04mar144_042.wav,marin,5,,,,「にゃっ？」
85700 ,,,,,,,弘明,弘明,,marin,5,,,,「なんでもないよ、なんでも……ははは……」
85800 ,,<hide><!ef_daypass>,0,9000,,,,,,,,,,,
86200 ,@04h004,,,,,,,,,,,,,,ロリハレム選択肢
86500 ,,<hide><s_fade time=""1500"" type=""panel"" param=""type=0"">,2,1051,,,,,,,,,,,
86600 ,,,,,,,弘明,弘明,,,,,,,「うーん…………」
86700 ,,,,,,,,,,,,,,,　ちょうど、仕事も詰まってきた頃。このままうめいていても進まないと思った俺は、メールを送ってみることにした。
86800 ,,,,,,,,,,,,,,,　さて、誰に送ろうか……。
88400 ,$menu_begin,,,,,,,,,,,,,,
↓,"$menu_item 0,やちよちゃんにメールを送る,04h005_y01",,,,,,,,,,,,,,
↓,"$menu_item 1,まりんちゃんにメールを送る,04h006_m01",,,,,,,,,,,,,,
↓,"$menu_item 2,みなとにメールを送る,04h007_min01,%minato_hlm",,,,,,,,,,,,,,
↓,$menu_end,,,,,,,,,,,,,,
88500 ,,,,,,,,,,,,,,,
88600 ,,,,,,,,,,,,,,,
88700 ,,,,,,,,,,,,,,,
88800 ,,,,,,,,,,,,,,,
88900 ,,,,,,,,,,,,,,,
89000 ,,,,,,,,,,,,,,,
89100 ,@04h005_y01,,,,,,,,,,,,,,やちよ１回目導入
89400 ,,<!ef_mail>,2,1051,,,,,,,,,,,　やちよちゃん宛のメールを書いていると、メールの着信音が鳴る。
89500 ,,,,,,,,,,,,,,,　差出人は、みらいちゃんからだった。
89600 ,,,,,,,,,,,,,,,『やっちーが、お兄ちゃんに話したいことがあるんだって。これから、行っていい？』
89700 ,,,,,,,弘明,弘明,,,,,,,「んっ、やちよちゃんが……？」
89800 ,,,,,,,,,,,,,,,　偶然ということもあるもんだ。俺はやちよちゃん宛の書きかけのメールを閉じて、みらいちゃんへの返信を打ち始める。
89900 ,,,,,,,弘明,弘明,,,,,,,「もちろん、ＯＫだよ……っと」
90000 ,,,,,,,,,,,,,,,　すぐに送信ボタンを押して、二人の到着を待った。
90600 ,@04h005_y02_ev08,,,,,,,,,,,,,,
91400 ,,<m_fade fadeout=""1500"">,0,,,,,,,,,,,,
91500 ,,<s_fade time=""1500"" type=""panel"" param=""type=3"">,,9000,,,,,,,,,,,
91600 ,,<wait time=""1000""><s_fade time=""1500"" type=""panel"" param=""type=2"">,1,1011,,,,,,,,,,,
91700 ,,,,,,,みらい,みらい,01mir161_001.wav,"mirai,uniform",0,,,,「お兄ちゃーんっ、来たよーっ！」
91800 ,,,,,,,やちよ,やちよ,03yac161_001.wav,"mirai,uniform",0,"yatiyo,uniform",12,,「あ……こんにちは……弘明さん……」
91900 ,,,,,,,みらい,みらい,01mir120_002.wav,mirai,1,yatiyo,12,,「ほらほら、やっちー。お兄ちゃんのコト、好きなんでしょ？」
92000 ,,,,,,,やちよ,やちよ,03yac076_002.wav,mirai,1,yatiyo,6,,「えっ……！？」
92100 ,,,,,,,やちよ,やちよ,03yac120_066.wav,mirai,1,yatiyo,5,,「えっと……弘明さん……」
92200 ,,,,,,,みらい,みらい,01mir034_075.wav,mirai,14,yatiyo,5,,「んもう…………」
92300 ,,,,,,,みらい,みらい,01mir161_002.wav,mirai,85,yatiyo,5,,「やっちーは、お兄ちゃんのコト、好きなんでしょ？」
92400 ,,,,,,,弘明,弘明,,mirai,85,yatiyo,5,,「……えっ！？」
92500 ,,,,,,,やちよ,やちよ,03yac120_002.wav,mirai,85,yatiyo,15,,「わわっ！？　はわわわっ……！？」
92600 ,,,,,,,,,,mirai,85,yatiyo,15,,　俺も驚いたけど、やちよちゃんも同じくらい驚き慌てている。
92700 ,,,,,,,やちよ,やちよ,03yac120_003.wav,mirai,85,yatiyo,15,,「みっ、みらいちゃん……！」
92800 ,,,,,,,みらい,みらい,01mir120_003.wav,mirai,17,yatiyo,15,,「んふふふふ……。ほら、せっかくだから言っちゃいなよっ！」
92900 ,,,,,,,,,,,,,,,
93000 ,,,,,,,やちよ,やちよ,03yac120_004.wav,,,yatiyo,3,,「あっ、あの…………」
93100 ,,,,,,,やちよ,やちよ,03yac120_005.wav,,,yatiyo,6,,「弘明さん……すっ、好き……です……」
93200 ,,,,,,,弘明,弘明,,,,yatiyo,6,,「やちよちゃん……」
93300 ,,,,,,,みらい,みらい,01mir161_003.wav,mirai,5,,,,「お兄ちゃんっ、返事はっ！？」
93400 ,,,,,,,やちよ,やちよ,03yac161_002.wav,,,yatiyo,5,,「あ…………」
93500 ,,,,,,,やちよ,やちよ,03yac161_003.wav,,,yatiyo,3,,「すみません……迷惑ですよね……」
93600 ,,,,,,,弘明,弘明,,,,yatiyo,3,,「ううん、嬉しいよ……。やちよちゃんに好きって言ってもらえて、俺、すっごく嬉しい」
93800 ,,,,,,,やちよ,やちよ,03yac161_004.wav,,,yatiyo,6,,「ほんと……ですか？」
93900 ,,,,,,,みらい,みらい,01mir161_004.wav,mirai,0,yatiyo,6,,「ふふっ……やっちー、良かったねっ！」
94000 ,,,,,,,やちよ,やちよ,03yac161_005.wav,mirai,0,yatiyo,60,,「うん…………」
94100 ,,,,,,,みらい,みらい,01mir161_005.wav,mirai,17,yatiyo,60,,「それじゃ……告白もすんだことだし……」
94200 ,,,,,,,みらい,みらい,01mir161_006.wav,mirai,1,yatiyo,60,,「ほらほら、お兄ちゃん、やっちー！」
94600 ,,,,,,,やちよ,やちよ,03yac161_006.wav,mirai,1,yatiyo,6,,「みらいちゃん…………」
94700 ,,,,,,,みらい,みらい,01mir161_007.wav,mirai,0,yatiyo,6,,「ねっ？　みんなでたのしく、えっちしよっ？」
94800 ,,,,,,,,,,mirai,0,yatiyo,6,,　みらいちゃんが、やちよちゃんの手を引く。
94980 ,,<m_fade fadeout=""2000"" fadein=""1500"">,11,,,,,,,mirai,0,yatiyo,6,,
94990 ,,<s_fade time=""1500"">,,1021,,,,,,,,,,,
95000 ,,,,,,,みらい,みらい,01mir120_004.wav,"mirai,naked",85,,,,「お兄ちゃん、おち○ちん出してあげて」
95100 ,,,,,,,弘明,弘明,,mirai,85,,,,「ええっ……？」
95200 ,,,,,,,,,,mirai,85,,,,　俺は、みらいちゃんの言葉に驚く。
95300 ,,,,,,,弘明,弘明,,mirai,85,,,,「え、えっと、みらいちゃん……」
95400 ,,,,,,,みらい,みらい,01mir120_005.wav,mirai,1,,,,「やっちーも、お兄ちゃんのおち○ちんじっくり見たいでしょ？」
95500 ,,,,,,,やちよ,やちよ,03yac120_006.wav,"yatiyo,naked",6,,,,「えっ……？　う、うん……」
95600 ,,,,,,,,,,yatiyo,6,,,,　やちよちゃんは、真っ赤な顔で恥ずかしそうにうなずいた。
95700 ,,,,,,,みらい,みらい,01mir120_006.wav,mirai,0,,,,「お兄ちゃん。あたしが、おち○ちん出してあげてもいい？」
95800 ,,,,,,,弘明,弘明,,mirai,0,,,,「あ、ああ、いいよ……」
96000 ,,,,,,,みらい,みらい,01mir120_007.wav,mirai,60,,,,「んふふっ……」
96100 ,,,,,,,,,,mirai,60,,,,　みらいちゃんは小悪魔のような笑みでズボンのファスナーに手をかけると、中から俺の勃起してないペニスを取り出そうとする。
96200 ,,,,,,,弘明,弘明,,mirai,60,,,,「あっ、ちょっ、ちょっと待って」
96300 ,,,,,,,みらい,みらい,01mir120_008.wav,mirai,1,,,,「だいじょうぶ。やっちーに見せる前に、おち○ちんむいてあげるから▼」
96400 ,,,,,,,,,,mirai,1,,,,　みらいちゃんはズボンの中に指を探り入れると、半かぶりの皮を剥いてくれる。
96500 ,,,,,,,みらい,みらい,01mir120_009.wav,mirai,85,,,,「ん、これでいいよね▼」
96600 ,,,,,,,弘明,弘明,,mirai,85,,,,「あ、ああ……」
96700 ,,,,,,,みらい,みらい,01mir120_010.wav,mirai,60,,,,「やっちーもこっち来て。ほら……これが、お兄ちゃんのおち○ちんだよ」
96800 ,,,,,,,やちよ,やちよ,03yac120_007.wav,mirai,60,yatiyo,6,,「あ……」
97000 ,*mem,,,,,,,,,,,,,,
97090 ,,,11,1021,200212,,,,,,,,,,
97100 ,,,,,200212,,,,,,,,,,　やちよちゃんの目の前に、俺のペニスが引き出された。
97200 ,,,,,200212,,やちよ,やちよ,03yac120_008.wav,,,,,,「わっ…………」
97300 ,,,,,200212,,,,,,,,,,　やちよちゃんは、小さく声をあげる。
97400 ,,,,,200212,,みらい,みらい,01mir120_011.wav,,,,,,「どーお？　お兄ちゃんのおち○ちん。この前はしゃぶってないから、近くで見るのはじめてでしょ？」
97500 ,,,,,200212,,やちよ,やちよ,03yac120_009.wav,,,,,,「うん……」
97600 ,,,,,200212,,,,,,,,,,　やちよちゃんが、息を飲む。
97700 ,,,,,200212,,やちよ,やちよ,03yac120_010.wav,,,,,,「ごくっ……。これが、弘明さんの……おち○ちん……」
97800 ,,,,,200212,,,,,,,,,,　やちよちゃんは、しげしげと眺めた。
97900 ,,,,,200212,,,,,,,,,,　やちよちゃんは、おそるおそるペニスに顔を寄せてくる。そして真っ赤な顔を左右に動かし、様々な角度からペニスを観察していた。
98000 ,,,,,200212,,やちよ,やちよ,03yac120_011.wav,,,,,,「えっ……？」
98100 ,,,,,200212,,,,,,,,,,　俺のペニスは、みるみるうちに勃起していく。
98200 ,,,,,200212,,みらい,みらい,01mir120_012.wav,,,,,,「あ、お兄ちゃんのおち○ちん、ボッキしてきたね」
98300 ,,,,,200212,,やちよ,やちよ,03yac120_012.wav,,,,,,「わっ、すごい…………こんなに……」
98400 ,,,,,200212,,,,,,,,,,　そして、ついには完全に勃起してしまう。
98500 ,,,,,200212,,弘明,弘明,,,,,,,「いや、その……じっくり見られてたから……」
98600 ,,,,,200212,,,,,,,,,,　なんだか気恥ずかしくなってくる。
98700 ,,,,,200212,,やちよ,やちよ,03yac120_013.wav,,,,,,「男の人の、勃起したおち○ちん……初めて、実物を見ました……。やっぱり、すごいですね……」
98800 ,,,,,200212,,,,,,,,,,　やちよちゃんは、妙な感心をしていた。
98900 ,,,,,200212,,みらい,みらい,01mir120_013.wav,,,,,,「すごいでしょ。お兄ちゃんったら、やっちーのはだか見て、おち○ちんこんなにボッキさせてるんだよ」
99000 ,,,,,200212,,やちよ,やちよ,03yac120_014.wav,,,,,,「えっ、わ、私の……！？」
99100 ,,,,,200212,,,,,,,,,,　やちよちゃんは、予想外といった風に驚いていた。
99200 ,,,,,200212,,やちよ,やちよ,03yac120_015.wav,,,,,,「えっ、えっと……私のからだで……勃起したんですか……？」
99300 ,,,,,200212,,弘明,弘明,,,,,,,「う、うん……やちよちゃんの身体、キレイだからさ……」
99400 ,,,,,200212,,やちよ,やちよ,03yac120_016.wav,,,,,,「そんなことないですっ、私なんて……」
99500 ,,,,,200212,,弘明,弘明,,,,,,,「い、いや、ホントだって……！」
99600 ,,,,,200212,,,,,,,,,,　俺はやちよちゃんの小さな肩に手を置いて、そっと抱き寄せる。
99700 ,,,,,200212,,やちよ,やちよ,03yac120_017.wav,,,,,,「きゃ……」
99800 ,,,,,200212,,,,,,,,,,　やちよちゃんの身体を見て勃起していたのは、本当だ。特に『女の子らしさ』で言えば、やちよちゃんの身体が一番当てはまる。
99900 ,,,,,200212,,弘明,弘明,,,,,,,「やちよちゃんっておしとやかで可愛いし、素直だし……肌もすべすべで、本当にキレイだよ」
100000 ,,,,,200212,,やちよ,やちよ,03yac120_018.wav,,,,,,「そんな……弘明さん……」
100100 ,,,,,200212,,みらい,みらい,01mir120_014.wav,,,,,,「ちょっとぉ～」
100200 ,,,,,200212,,,,,,,,,,　みらいちゃんが、不機嫌な表情で間に入ってくる。
100300 ,,,,,200212,,みらい,みらい,01mir120_015.wav,,,,,,「なに、ふたりだけのせかいにひたってんのよっ。あたしのこと、わすれてない？」
100400 ,,,,,200212,,やちよ,やちよ,03yac120_019.wav,,,,,,「そ、そんなこと、ないよっ……」
100500 ,,,,,200212,,弘明,弘明,,,,,,,「そう、そうだよみらいちゃん」
100600 ,,,,,200212,,みらい,みらい,01mir161_008.wav,,,,,,「んもう……。ま、いいわ。やっちー、いっしょにおち○ちんなめよっ？」
100700 ,,,,,200212,,やちよ,やちよ,03yac120_020.wav,,,,,,「えええっ……！？」
100800 ,,,,,200212,,みらい,みらい,01mir161_009.wav,,,,,,「ほら、やっちー」
100900 ,,,,,200212,,やちよ,やちよ,03yac161_007.wav,,,,,,「う、うん…………」
101100 ,,,,,200212,,みらい,みらい,01mir161_010.wav,,,,,,「やっちー、見ててね？　こうやって、なめるんだよ……。んんっ、ちゅっ、ちゅるるっ……ちゅぽっ、んんっ、ちゅっ……」
101200 ,,,,,200212,,やちよ,やちよ,03yac161_008.wav,,,,,,「わ……みらいちゃん……すごい……」
101300 ,,,,,200212,,みらい,みらい,01mir161_011.wav,,,,,,「ほら、やっちーもやってみて」
101400 ,,,,,200212,,やちよ,やちよ,03yac161_009.wav,,,,,,「うん……。……んちゅっ、ちゅっ」
101500 ,,,,,200212,,,,,,,,,,　やちよちゃんの、ぎこちないフェラが続く。
101600 ,,,,,200212,,やちよ,やちよ,03yac161_010.wav,,,,,,「んんんっ、ちゅっ、ちゅるっ……」
101700 ,,,,,200212,,やちよ,やちよ,03yac161_011.wav,,,,,,「んんんっ……んっ、ちゅるっ……ちゅるるっ、ちゅっ、ちゅっ……」
101800 ,,,,,200212,,みらい,みらい,01mir161_012.wav,,,,,,「そうそう。やっちー、じょうずだよ」
101900 ,,,,,200212,,やちよ,やちよ,03yac161_012.wav,,,,,,「あ……おち○ちんから、カウパーが……」
102000 ,,,,,200212,,やちよ,やちよ,03yac161_013.wav,,,,,,「んっ、んんっ……わたひのふぇらちお、きもひいいれすか……？　んちゅっ、ちゅっ、んちゅるっ……」
102100 ,,,,,200212,,弘明,弘明,,,,,,,「んっ、あっ、ああ……いいよ、やちよちゃん……」
102200 ,,,,,200212,,みらい,みらい,01mir161_013.wav,,,,,,「んっ、あたしもなめる……。ちゅっ、んっ、ちゅるるっ、ちゅぷっ……」
102300 ,,,,,200212,,みらい,みらい,01mir161_014.wav,,,,,,「ちゅっ、んちゅるっ、るるっ……やっぱり大きいね、お兄ちゃんのおち○ちん……」
102400 ,,,,,200212,,やちよ,やちよ,03yac161_014.wav,,,,,,「大きくて、たくましいです……。カウパー、もっと飲ませてください……。んんんっ、ちゅるっ、ちゅるるっ、ちゅっ、んっ、んんっ……」
102500 ,,,,,200212,,やちよ,やちよ,03yac120_021.wav,,,,,,「んっ、ちゅるっ。ちゅるるっ、んっ……」
102600 ,,,,,200212,,,,,,,,,,　ペニスから唇を離したやちよちゃんは、そっと顔をかがめて袋を揉んだ。
102700 ,,,,,200212,,やちよ,やちよ,03yac120_022.wav,,,,,,「ここに……弘明さんの精子が入ってるんですね……」
102800 ,,,,,200212,,弘明,弘明,,,,,,,「ダメだよ、やちよちゃん」
102900 ,,,,,200212,,やちよ,やちよ,03yac120_023.wav,,,,,,「いえ、とっても愛おしいです……。ちゅっ、ちゅっ」
103000 ,,,,,200212,,,,,,,,,,　やちよちゃんは、袋にまで舌を這わせてくる。
103100 ,,,,,200212,,弘明,弘明,,,,,,,「あっ、ああ……」
103200 ,,,,,200212,,みらい,みらい,01mir120_018.wav,,,,,,「わっ、すごいねやっちー。お兄ちゃんが、感じてるよ」
103300 ,,,,,200212,,やちよ,やちよ,03yac120_024.wav,,,,,,「んっ、ちゅっ……うれしいです、もっと感じて下さい……んんっ、ちゅっ、ぺろっ」
103400 ,,,,,200212,,弘明,弘明,,,,,,,「んあっ、あっ……」
103500 ,,,,,200212,,,,,,,,,,　二人同時に責め立てられ、俺のペニスも限界が近くなっていた。
103600 ,,,,,200212,,弘明,弘明,,,,,,,「んっ、ああ……そろそろ、出ちゃうよ……」
103700 ,,,,,200212,,やちよ,やちよ,03yac120_025.wav,,,,,,「出しても、いいですよ……？」
103800 ,,,,,200212,,みらい,みらい,01mir120_019.wav,,,,,,「あ、まって。やっちー」
103900 ,,,,,200212,,やちよ,やちよ,03yac120_026.wav,,,,,,「えっ……？」
104000 ,,,,,200212,,みらい,みらい,01mir120_020.wav,,,,,,「お兄ちゃんの精子は……おま○この中に出してもらおうよ」
104100 ,,,,,200212,,やちよ,やちよ,03yac120_027.wav,,,,,,「う、うん……」
104200 ,,,,,200212,,みらい,みらい,01mir120_021.wav,,,,,,「ほら、じゃあお兄ちゃんの上に乗って……」
104390 ,,<m_fade fadeout=""2000"" fadein=""1500"">,10,,200811,,,,,,,,,,
104400 ,,,,,200811,,,,,,,,,,　みらいちゃんは、やちよちゃんを騎乗位で挿入させた。
104500 ,,,,,200811,,やちよ,やちよ,03yac120_028.wav,,,,,,「うっ……んああぁぁっ……！」
104600 ,,,,,200811,,みらい,みらい,01mir120_022.wav,,,,,,「そう……そのままゆっくり、おしりをおろして……」
104700 ,,,,,200811,,,,,,,,,,　柔らかいやちよちゃんのおま○こに、ずぷずぷとペニスが入っていく。
104800 ,,,,,200811,,やちよ,やちよ,03yac120_029.wav,,,,,,「ふぁっ、んくっ……あああっ！」
104900 ,,,,,200811,,弘明,弘明,,,,,,,「んっ……ああ……」
105000 ,,,,,200811,,みらい,みらい,01mir120_023.wav,,,,,,「どう、お兄ちゃん？　やっちーのおま○こ、きもちいい？」
105100 ,,,,,200811,,やちよ,やちよ,03yac120_030.wav,,,,,,「やっ、あっ……そんなこと……弘明さんに聞かないで……」
105200 ,,,,,200811,,弘明,弘明,,,,,,,「うん……やちよちゃんのおま○こ……キツくて、すっごく気持ちいいよ……」
105300 ,,,,,200811,,やちよ,やちよ,03yac120_031.wav,,,,,,「あ……」
105400 ,,,,,200811,,,,,,,,,,　やちよちゃんのおま○こは、みらいちゃんのより柔軟性があって、チ○チン全体を優しく包み込んでくる。
105500 ,,,,,200811,,みらい,みらい,01mir120_024.wav,,,,,,「あたしのおま○こは、どうなのよっ？」
105600 ,,,,,200811,,弘明,弘明,,,,,,,「あっ、うん……トロトロしてて、おいしいよ……」
105700 ,,,,,200811,,みらい,みらい,01mir120_025.wav,,,,,,「なにそれっ。やっちーのとくらべて、いいかげんな反応はっ」
105800 ,,,,,200811,,弘明,弘明,,,,,,,「そっ、そんなことないよ！　みらいちゃんのおま○こ、ぷっくりしてて、あったかくて……エッチな匂いがして……」
105900 ,,,,,200811,,,,,,,,,,　俺が詳細に説明すると、さすがにみらいちゃんは赤面していた。
106000 ,,,,,200811,,みらい,みらい,01mir120_026.wav,,,,,,「だったら、ほら……もっとなめてよ……」
106100 ,,,,,200811,,,,,,,,,,　みらいちゃんは、柔らかいおま○こを鼻と口に押しつけてくる。
106200 ,,,,,200811,,弘明,弘明,,,,,,,「んっ、んぐぐっ……んんっ、んむっ……」
106300 ,,,,,200811,,みらい,みらい,01mir120_027.wav,,,,,,「ああっ、んあっ！　そう、そうやって……ふぁ……んんんっ、あっ！」
106400 ,,,,,200811,,やちよ,やちよ,03yac120_032.wav,,,,,,「ああっ……弘明さんのおち○ちん、私の中で大きくなってく……」
106500 ,,,,,200811,,みらい,みらい,01mir120_028.wav,,,,,,「んふふ……あたしのおま○こなめて、おち○ちん大きくさせてるんだ」
106600 ,,,,,200811,,弘明,弘明,,,,,,,「んっ……んんっ……」
106700 ,,,,,200811,,みらい,みらい,01mir120_029.wav,,,,,,「んんっ、あんっ！　もっと……もっとたくさんなめて……」
106900 ,,,,,200812,,みらい,みらい,01mir120_030.wav,,,,,,「あっ、ああっ！　あっ、んぁ……」
107000 ,,,,,200812,,,,,,,,,,　ぷっくりと柔らかくふくらんだ、おま○この谷間……その谷の端にある小さなクリトリスを、舌先で何度も弾く。
107100 ,,,,,200812,,みらい,みらい,01mir120_031.wav,,,,,,「んっ、あああっ！　んんっ、あうっ……んんんん……」
107200 ,,,,,200812,,やちよ,やちよ,03yac120_033.wav,,,,,,「みらいちゃん……かわいい……」
107300 ,,,,,200812,,みらい,みらい,01mir120_032.wav,,,,,,「んっ、やっちー……んちゅっ、ちゅっ……」
107400 ,,,,,200812,,やちよ,やちよ,03yac120_034.wav,,,,,,「あっ……んんっ、ちゅっ……ちゅっ……」
107500 ,,,,,200812,,,,,,,,,,　二人の女の子が、俺の身体の上で情熱的な口づけを交わす。
107600 ,,,,,200812,,,,,,,,,,　俺はその淫靡な光景をぼんやりと見つめながら、更に腰を突きあげた。
107700 ,,,,,200812,,やちよ,やちよ,03yac120_035.wav,,,,,,「ちゅっ、ちゅるっ……ふぁっ、あっ、そこは……あうんっ……！」
107800 ,,,,,200812,,みらい,みらい,01mir120_033.wav,,,,,,「うふっ、やっちーのおっぱい……やわらかーい……」
107900 ,,,,,200812,,やちよ,やちよ,03yac120_036.wav,,,,,,「んぁんっ、あっ……ああ……おっぱい、そんなにもまないで……」
108000 ,,,,,200812,,みらい,みらい,01mir120_034.wav,,,,,,「お兄ちゃん、手とどく？　やっちーのおっぱい、さわってみる？」
108100 ,,,,,200812,,弘明,弘明,,,,,,,「ああ、うん……」
108200 ,,,,,200812,,やちよ,やちよ,03yac120_037.wav,,,,,,「えっ……！？　あっ、あんっ……弘明さんっ……！」
108300 ,,,,,200812,,,,,,,,,,　俺は片手をやちよちゃんの胸にまで持ち上げると、ほんの少しふっくらとしたやちよちゃんの乳房にさわる。
108400 ,,,,,200812,,やちよ,やちよ,03yac120_038.wav,,,,,,「あっ……んん……んんっ、ああんっ！」
108500 ,,,,,200812,,弘明,弘明,,,,,,,「柔らかいね、すべすべしてる……。ぷっくり膨らんでて、とても触り心地がいいよ……」
108600 ,,,,,200812,,やちよ,やちよ,03yac120_039.wav,,,,,,「そんな……。私の胸なんて……」
108700 ,,,,,200812,,弘明,弘明,,,,,,,「本当だよ……。やちよちゃんのおっぱい、肌もさらさらしてて、柔らかくて……さわってると、すっごく気持ちいい……」
108800 ,,,,,200812,,やちよ,やちよ,03yac120_040.wav,,,,,,「弘明さん……。んんっ、あんっ……！」
108900 ,,,,,200812,,弘明,弘明,,,,,,,「乳首も、ぷくっとしてるね……。先っぽが固くなって、コリコリしてる……」
109000 ,,,,,200812,,やちよ,やちよ,03yac120_041.wav,,,,,,「やっ、あっ、ああんっ……そんなに乳首をいじったら……んっ、あああっ！」
109100 ,,,,,200812,,みらい,みらい,01mir120_035.wav,,,,,,「ぷぅぷぅ。いいなー、やっちーはおっぱいがおっきくてさ」
109200 ,,,,,200812,,やちよ,やちよ,03yac120_042.wav,,,,,,「んっ、あんっ！　でも、私……そんなにみんなと変わらないから……」
109300 ,,,,,200812,,,,,,,,,,　やちよちゃんが、恥ずかしそうに弁解する。
109400 ,,,,,200812,,みらい,みらい,01mir120_036.wav,,,,,,「やっちーっておっぱい大きいし、肌もすべすべのサラサラで、あたしたちよりずーっと女の子らしいもんね」
109500 ,,,,,200812,,やちよ,やちよ,03yac120_043.wav,,,,,,「あんっ、そんなこと……」
109600 ,,,,,200812,,弘明,弘明,,,,,,,「そうだね、俺もそう思うよ」
109700 ,,,,,200812,,やちよ,やちよ,03yac120_044.wav,,,,,,「いやです……そんな……」
109800 ,,,,,200812,,,,,,,,,,　俺は、恥ずかしがるやちよちゃんめがけて大きく腰を突きあげた。
110000 ,,,,,200811,,やちよ,やちよ,03yac120_045.wav,,,,,,「んっ、あっ、はうっ！　あっ、あっ、んああっ……」
110100 ,,,,,200811,,みらい,みらい,01mir120_037.wav,,,,,,「んっ、ああんっ！　好きだよ、お兄ちゃん……」
110200 ,,,,,200811,,やちよ,やちよ,03yac120_046.wav,,,,,,「わっ、私もっ！　す、好きです……弘明さん……」
110300 ,,,,,200811,,,,,,,,,,　やちよちゃんが、負けじと言葉を継ぐ。
110400 ,,,,,200811,,弘明,弘明,,,,,,,「うん……。みらいちゃん、やちよちゃん……二人とも、大好きだよ……」
110500 ,,,,,200811,,,,,,,,,,　俺は射精寸前のうわずった声で、そうつぶやいた。
110600 ,,,,,200811,,やちよ,やちよ,03yac120_047.wav,,,,,,「あっ、んんっ！　あうっ、んあっ……ああ……」
110700 ,,,,,200811,,弘明,弘明,,,,,,,「うっ、ああっ……出そう……」
110800 ,,,,,200811,,やちよ,やちよ,03yac120_048.wav,,,,,,「あっ、あっ……！　私、生理はじまってるから……中は、中はダメですっ……！」
110900 ,,,,,200811,,弘明,弘明,,,,,,,「えっ……？」
111000 ,,,,,200811,,みらい,みらい,01mir120_038.wav,,,,,,「やっぱり、やっちー生理来てたんだ……いいな……」
111100 ,,,,,200811,,,,,,,,,,　みらいちゃんが、羨ましそうに言う。
111200 ,,,,,200811,,みらい,みらい,01mir120_039.wav,,,,,,「やっちーは……お兄ちゃんの赤ちゃん、ほしくないの？」
111300 ,,,,,200811,,やちよ,やちよ,03yac120_049.wav,,,,,,「えっ？　あっ、あう……それは……」
111400 ,,,,,200811,,みらい,みらい,01mir120_040.wav,,,,,,「あたしも生理が来たら、すぐにお兄ちゃんと赤ちゃん作るから……やっちーは、先にママになっていいよ……？」
111500 ,,,,,200811,,やちよ,やちよ,03yac120_050.wav,,,,,,「うん……私、ママになりたい……」
111600 ,,,,,200811,,弘明,弘明,,,,,,,「やちよちゃん……」
111700 ,,,,,200811,,やちよ,やちよ,03yac120_051.wav,,,,,,「弘明さん……。私、弘明さんの赤ちゃん欲しいです……。だから、私の中にいっぱい出してください……」
111800 ,,,,,200811,,弘明,弘明,,,,,,,「うん……」
111900 ,,,,,200811,,,,,,,,,,　俺は小さくうなずくと、突き上げを再開する。
112000 ,,,,,200811,,やちよ,やちよ,03yac120_052.wav,,,,,,「あっ、ああっ！　んんんっ、あうっ！　あっ、んあぁっ、あっ……！」
112100 ,,,,,200811,,みらい,みらい,01mir120_041.wav,,,,,,「あ、あたしのおま○こも、もっとなめて、お兄ちゃん……んんんっ、あうっ！」
112200 ,,,,,200811,,,,,,,,,,　腰を大きく、そして左右にも突きあげ、そして素早く舌を動かす。
112300 ,,,,,200811,,みらい,みらい,01mir120_042.wav,,,,,,「あっ、んんんっ、あああっ、んんっ……！　あっ……ふぁっ、んんっ……イッちゃう……」
112400 ,,,,,200811,,やちよ,やちよ,03yac120_053.wav,,,,,,「私も……ああんっ！　ううっ、ああぁっ……んっ、んんっ、んぁうっ、んんっ……んあああぁぁぁぁ……っ！！！」
112700 ,,<!ef_shasei>,,,200813,,,,,,,,,,　やちよちゃんの膣内で、ペニスが爆ぜる。
112800 ,,,,,200813,,みらい,みらい,01mir120_043.wav,,,,,,「あっ、ああっ、すごい……手のひらに、伝わってくる……。お兄ちゃんの精子、やっちーのおなかにびゅるびゅるって出てるよ……」
112900 ,,,,,200813,,やちよ,やちよ,03yac120_054.wav,,,,,,「ああっ、んぁっ……！　弘明さんの精子、あったかい……」
113000 ,,,,,200814,,みらい,みらい,01mir120_044.wav,,,,,,「あ……精子、まだ出てる……」
113100 ,,,,,200814,,やちよ,やちよ,03yac120_055.wav,,,,,,「ふぁ……おなかの中、弘明さんの精子でいっぱい……」
113200 ,,,,,200814,,みらい,みらい,01mir120_045.wav,,,,,,「ニンシン……しちゃったかな、やっちー」
113300 ,,,,,200814,,やちよ,やちよ,03yac120_056.wav,,,,,,「ふぁ、あっ、んん……よくわかんないよ……」
113400 ,,,,,200814,,やちよ,やちよ,03yac120_057.wav,,,,,,「けど、弘明さんに精子たくさん出してもらって……すごく幸せだよ……」
113500 ,,,,,200814,,みらい,みらい,01mir120_046.wav,,,,,,「ふふっ……よかったね、やっちー」
113600 ,,,,,200814,,やちよ,やちよ,03yac120_058.wav,,,,,,「うん……」
113700 ,$event_return,,,,,,,,,,,,,,
113900 ,,<m_fade fadeout=""2000"">,0,,200814,,,,,,,,,,
114000 ,,<s_fade time=""2500"">,,9000,,,,,,,,,,,
114100 ,,<wait time=""1000""><s_fade time=""1500"" type=""panel"" param=""type=0"">,1,3032,,,,,,,,,,,　俺は、帰りが遅くなってしまった二人を送っていた。
114200 ,,,,,,,やちよ,やちよ,03yac120_059.wav,,,"yatiyo,uniform",6,,「あ…………」
114300 ,,,,,,,弘明,弘明,,,,yatiyo,6,,「大丈夫？　やちよちゃん……」
114400 ,,,,,,,やちよ,やちよ,03yac120_060.wav,,,yatiyo,12,,「あ、はい……大丈夫です……」
114500 ,,,,,,,みらい,みらい,01mir120_047.wav,"mirai,uniform",14,yatiyo,12,,「んもう……。なんだか、まどろっこしくて見てらんないっ。ドラマじゃないんだから……」
114600 ,,,,,,,やちよ,やちよ,03yac120_061.wav,mirai,14,yatiyo,15,,「み、みらいちゃん……！」
114700 ,,,,,,,みらい,みらい,01mir120_048.wav,mirai,17,yatiyo,15,,「あたしが生理来るまで、お兄ちゃんとやっちーはしんこんさんでいいよ」
114800 ,,,,,,,やちよ,やちよ,03yac120_062.wav,mirai,17,yatiyo,2,,「ええっ……！？」
114900 ,,,,,,,弘明,弘明,,mirai,17,yatiyo,2,,「し、新婚……！？」
115000 ,,,,,,,やちよ,やちよ,03yac120_063.wav,mirai,17,yatiyo,6,,「そんな……赤ちゃんできたか、わからないのに……」
115100 ,,,,,,,弘明,弘明,,mirai,17,yatiyo,6,,「そうだよ、みらいちゃん……」
115200 ,,,,,,,みらい,みらい,01mir120_049.wav,mirai,4,yatiyo,6,,「やっちー。お兄ちゃんのこと、好きなんでしょ？」
115300 ,,,,,,,やちよ,やちよ,03yac120_064.wav,mirai,4,yatiyo,15,,「えっ！？　あっ、あう……」
115400 ,,,,,,,みらい,みらい,01mir120_050.wav,mirai,5,yatiyo,15,,「好きなんでしょ？」
115500 ,,,,,,,やちよ,やちよ,03yac120_065.wav,mirai,5,yatiyo,4,,「うん……好き……」
115600 ,,,,,,,弘明,弘明,,mirai,5,yatiyo,4,,「やちよちゃん……」
115700 ,,,,,,,みらい,みらい,01mir120_051.wav,mirai,85,yatiyo,4,,「だったら、しんこんさんになってなさいっ。でも、あたしに生理が来るまでだからね？」
115800 ,,,,,,,,,,,,,,,
115900 ,,,,,,,,,,,,,,,　やちよちゃんが、俺の顔を見上げる。
116000 ,,,,,,,やちよ,やちよ,03yac120_066.wav,,,yatiyo,12,,「えっと……弘明さん……」
116100 ,,,,,,,やちよ,やちよ,03yac120_067.wav,,,yatiyo,4,,「私……お嫁にもらってくれますか……？」
116200 ,,,,,,,,,,,,yatiyo,4,,　俺は動揺しながら、しどろもどろに答える。
116300 ,,,,,,,弘明,弘明,,,,yatiyo,4,,「け、結婚するかはともかく……やちよちゃんのこと、大事にするよ……」
116400 ,,,,,,,やちよ,やちよ,03yac120_068.wav,,,yatiyo,1,,「うふっ……それだけで、うれしいです……」
116500 ,,,,,,,,,,,,yatiyo,1,,　やちよちゃんは、そう言って幸せそうに笑う。
116600 ,,,,,,,やちよ,やちよ,03yac120_069.wav,,,yatiyo,60,,「赤ちゃん、できてなくても……できるまで、私に出して下さいね……」
116700 ,,,,,,,,,,,,yatiyo,60,,　やちよちゃんは、そう小さくつぶやいて……みらいちゃんに気付かれないように、俺の手をそっと握ってきたのだった。
117000 ,,<hide><!ef_daypass>,0,9000,,,,,,,,,,,
117100 ,,<hide><s_fade time=""1500"" type=""panel"" param=""type=0"">,5,2011,,,,,,,,,,,
117200 ,,,,,,,みらい,みらい,01mir120_052.wav,"mirai,uniform",4,"marin,uniform",0,,「あのさぁ、まりんちゃんって、生理来てる？」
117300 ,,,,,,,まりん,まりん,04mar120_001.wav,mirai,4,marin,5,,「ううん、まだだよ……？」
117400 ,,,,,,,みらい,みらい,01mir120_053.wav,mirai,5,marin,5,,「やっちーね、もう来てるんだよ～」
117500 ,,,,,,,まりん,まりん,04mar120_002.wav,mirai,5,marin,2,,「えっ、ほんと！？」
117600 ,,,,,,,,,,,,,,,
117700 ,,,,,,,やちよ,やちよ,03yac120_070.wav,"yatiyo,uniform",6,,,,「ちょっ、ちょっと、みらいちゃん……！」
117800 ,,,,,,,,,,,,,,,
117900 ,,,,,,,まりん,まりん,04mar120_003.wav,mirai,5,marin,5,,「いいなー、やっちー……」
118000 ,,,,,,,みらい,みらい,01mir120_054.wav,mirai,17,marin,5,,「それでね、お兄ちゃんに精子出してもらって……赤ちゃん産むつもりなのよ。二人はしんこんさんなの」
118100 ,,,,,,,まりん,まりん,04mar120_004.wav,mirai,17,marin,53,,「にゃうっ、しんこん！？」
118200 ,,,,,,,,,,,,,,,
118300 ,,,,,,,やちよ,やちよ,03yac120_071.wav,yatiyo,15,,,,「だから、みらいちゃん……！　そんなこと、ここで言わないでよぉ……」
118400 ,,,,,,,まりん,まりん,04mar120_005.wav,yatiyo,15,marin,5,,「あうう……。まりこも早く生理きて、おにーさんとしんこんさんになりたいっ！　今日から、牛乳いっぱいのむもんっ！」
118500 ,,,,,,,やちよ,やちよ,03yac120_072.wav,yatiyo,12,marin,5,,「ぎゅ、牛乳と生理は……あんまり関係ないかも……」
118600 ,,,,,,,まりん,まりん,04mar120_006.wav,yatiyo,12,marin,53,,「ひとりだけせーりが来てるからって、いい気になるなーっ！」
118700 ,,,,,,,やちよ,やちよ,03yac120_073.wav,yatiyo,15,marin,53,,「やっ……！　まりんちゃん、そんな大きな声で言わないで……！」
118800 ,,,,,,,つばさ,つばさ,05tsu120_001.wav,yatiyo,15,"tsubasa,uniform",5,,「……んっ、なにやってんだ？　そんなにさわいで」
118900 ,,,,,,,やちよ,やちよ,03yac120_074.wav,yatiyo,15,"tsubasa,uniform",5,,「わっ、はわわっ……」
119000 ,,,,,,,,,,,,,,,
119100 ,,,,,,,まりん,まりん,04mar120_007.wav,marin,5,,,,「やっちーがせーり！　しんこん！　うらやましいっ！！」
119200 ,,,,,,,,,,,,,,,
119300 ,,,,,,,つばさ,つばさ,05tsu120_002.wav,tsubasa,83,,,,「…………はぁ？」
119400 ,,,,,,,みなと,みなと,02min120_001.wav,"minato,uniform",0,,,,「なんの話なの……？」
119500 ,,,,,,,やちよ,やちよ,03yac120_075.wav,minato,0,yatiyo,12,,「なななっ、なんでもないのっ……！」
119600 ,,,,,,,つばさ,つばさ,05tsu120_003.wav,tsubasa,15,yatiyo,12,,「せいりって…………あっ……」
119700 ,,,,,,,やちよ,やちよ,03yac120_076.wav,tsubasa,15,yatiyo,15,,「わわわっ……」
119800 ,,,,,,,つばさ,つばさ,05tsu120_004.wav,tsubasa,84,yatiyo,15,,「………………」
119900 ,,,,,,,みなと,みなと,02min120_002.wav,minato,0,yatiyo,15,,「…………？」
120000 ,,,,,,,つばさ,つばさ,05tsu120_005.wav,minato,0,tsubasa,13,,「い、いくぞっ、みなと」
120100 ,,,,,,,みなと,みなと,02min120_003.wav,minato,2,blank,0,,「あっ、うん……待ってよぉ、つばさくんっ」
120200 ,,,,,,,,,,,,,,,
120300 ,,,,,,,やちよ,やちよ,03yac120_077.wav,yatiyo,3,,,,「……………………」
120400 ,,,,,,,みらい,みらい,01mir120_055.wav,mirai,4,,,,「なーんだ。つばさも、あれでけっこう気が使えるじゃないの」
120500 ,,,,,,,まりん,まりん,04mar120_008.wav,mirai,4,marin,17,,「そーかなー。ただはずかしがってるだけなんじゃないー？」
120600 ,,,,,,,やちよ,やちよ,03yac120_078.wav,yatiyo,3,marin,17,,「そりゃ恥ずかしいよ……あうう……」
120700 ,,,,,,,まりん,まりん,04mar120_009.wav,yatiyo,3,marin,1,,「まーまー、気にしない気にしなーいっ」
120900 ,,<hide><!ef_daypass>,0,9000,,,,,,,,,,,
121200 ,@04h005_y03,,,,,,,,,,,,,,やちよ２回目導入
121490 ,,<hide><s_fade time=""1500"" type=""panel"" param=""type=0"">,2,1051,,,,,,,,,,,
121500 ,,<!ef_mail>,,,,,,,,,,,,,　それから数日経った午後……やちよちゃんから、俺にメールが届いた。
121600 ,,,,,,,,,,,,,,,『あの、折り入ってお話ししたいことがありますので、お伺いしてもいいですか？』
121700 ,,,,,,,,,,,,,,,　やちよちゃんらしい、丁寧な文面だ。俺は思わず、顔がほころぶ。
121800 ,,,,,,,弘明,弘明,,,,,,,「話したいこと……ってなんだろう」
121900 ,,,,,,,,,,,,,,,　ともかく、俺はすぐさまＯＫの返信を打った。
122000 ,,,,,,,弘明,弘明,,,,,,,「あ……みらいちゃんじゃないんだし、少し片付けておいた方がいいかな」
122100 ,,,,,,,,,,,,,,,　俺は椅子から立ち上がると、目に付くものを急いで整理し始めたのだった。
122500 ,@04h005_y04_ev09,,,,,,,,,,,,,,
123100 ,,<m_fade fadeout=""1500"">,0,,,,,,,,,,,,
123190 ,,<!ef_timepass><!ef_door_entrance_open>,1,1031,,,,,,,,,,,
123200 ,,,,,,,やちよ,やちよ,03yac121_001.wav,"yatiyo,uniform",6,,,,「あ、弘明さん……突然すみません……。御迷惑じゃなかったですか……？」
123300 ,,,,,,,弘明,弘明,,yatiyo,6,,,,「ううん、そんなことはないよ。やちよちゃん、上がって上がって」
123400 ,,,,,,,やちよ,やちよ,03yac121_002.wav,yatiyo,1,,,,「あ、はい。おじゃまします……」
123600 ,,,,1011,,,,,,,,,,,　俺はやちよちゃんを、部屋へと招き入れた。
123700 ,,,,,,,弘明,弘明,,,,,,,「ごめんね、散らかっちゃってて……」
123800 ,,,,,,,やちよ,やちよ,03yac121_003.wav,yatiyo,0,,,,「いえ、そんな……」
123900 ,,,,,,,,,,yatiyo,0,,,,　やちよちゃんは、控えめに首を振った。みらいちゃんとは反応が全く違うので、とても新鮮に思える。
124000 ,,,,,,,やちよ,やちよ,03yac121_004.wav,yatiyo,4,,,,「えっと、あの……いつもは、みらいちゃんがお掃除しているんですよね……？」
124100 ,,,,,,,弘明,弘明,,yatiyo,4,,,,「えっ？　ああ、うん……そうかな……」
124200 ,,,,,,,やちよ,やちよ,03yac121_005.wav,yatiyo,6,,,,「あ、あの……たまに……私がお掃除しに来ても、いいですか……？」
124300 ,,,,,,,弘明,弘明,,yatiyo,6,,,,「えっ、それは……」
124400 ,,,,,,,やちよ,やちよ,03yac121_006.wav,yatiyo,3,,,,「あっ、ごめんなさい……ダメ、ですよね」
124500 ,,,,,,,弘明,弘明,,yatiyo,3,,,,「ううん、そんなことないよ。そう言ってもらえるなんて、すごく嬉しいな」
124600 ,,,,,,,やちよ,やちよ,03yac121_007.wav,yatiyo,0,,,,「弘明さん……」
124700 ,,,,,,,弘明,弘明,,yatiyo,0,,,,「それで、えっと、あの……用っていうのは？」
124800 ,,,,,,,やちよ,やちよ,03yac121_008.wav,yatiyo,12,,,,「あ、あの……」
124900 ,,,,,,,,,,yatiyo,12,,,,　やちよちゃんは、恥ずかしそうに口ごもる。
125000 ,,,,,,,やちよ,やちよ,03yac121_009.wav,yatiyo,6,,,,「また……えっ、えっち……して下さい……」
125100 ,,,,,,,弘明,弘明,,yatiyo,6,,,,「えっ……？」
125200 ,,,,,,,弘明,弘明,,yatiyo,6,,,,「う、うん……」
125300 ,,,,,,,弘明,弘明,,yatiyo,6,,,,「じゃあ、えっと……脱いでくれるかな……」
125400 ,,,,,,,やちよ,やちよ,03yac121_010.wav,yatiyo,60,,,,「はい……」
125600 ,,<m_fade fadeout=""1500"">,0,,,,,,,yatiyo,60,,,,
125700 ,,<s_fade time=""2000"">,,1021,,,,,,,,,,,
125800 ,,,11,,,,やちよ,やちよ,03yac121_011.wav,"yatiyo,naked",6,,,,「あんまり……見ないで下さいね……」
125900 ,,,,,,,,,,yatiyo,6,,,,　俺は小さくうなずきながら、そっとやちよちゃんの肩口に触れた。
126000 ,,,,,,,弘明,弘明,,yatiyo,6,,,,「やちよちゃんの肌って、まるでベビーパウダーをまぶした赤ちゃんの肌のようにサラサラで柔らかいね……」
126100 ,,,,,,,やちよ,やちよ,03yac121_012.wav,yatiyo,2,,,,「あっ、あの……そうなんですか……？」
126200 ,,,,,,,弘明,弘明,,yatiyo,2,,,,「ああ。やちよちゃんの肌は、違うんだよ。みらいちゃんやまりんちゃんの肌も柔らかいけど、やちよちゃんの肌は、すっごくサラサラしてる。ほら、こんなに……」
126300 ,,,,,,,,,,yatiyo,2,,,,　そう言ってやちよちゃんの肩から胸、そしておなかまでを、一気に撫でた。
126400 ,,,,,,,やちよ,やちよ,03yac121_013.wav,yatiyo,15,,,,「あんっ……！　ふぁんっ……弘明さん……」
126500 ,,,,,,,弘明,弘明,,yatiyo,15,,,,「やちよちゃんの肌を撫でると、本当に気持ちいいんだ。身体中を撫でまわしてみたいよ」
126600 ,,,,,,,やちよ,やちよ,03yac121_014.wav,yatiyo,6,,,,「だったら、あっ、あっ、あの…………なでて、ください……」
126700 ,,,,,,,,,,yatiyo,6,,,,　やちよちゃんは恥ずかしそうに口ごもりながら、俺の胸にしなだれかかってきた。
126800 ,,,,,,,やちよ,やちよ,03yac121_015.wav,yatiyo,60,,,,「私の身体……すみずみまで……全部、さわってください……」
126900 ,,,,,,,弘明,弘明,,yatiyo,60,,,,「いいの……？」
127000 ,,,,,,,やちよ,やちよ,03yac121_016.wav,yatiyo,60,,,,「はい……。頭から、足の先まで……さわりにくいところも、全部……さわってください……」
127100 ,,,,,,,弘明,弘明,,yatiyo,60,,,,「すると……エッチなところも、さわっちゃうことになるよ。いいの？」
127200 ,,,,,,,やちよ,やちよ,03yac121_017.wav,yatiyo,6,,,,「は、はい……」
127300 ,,,,,,,弘明,弘明,,yatiyo,6,,,,「具体的には、それってどんなところかな……？」
127400 ,,,,,,,やちよ,やちよ,03yac121_018.wav,yatiyo,2,,,,「えっ、えっ……！？」
127500 ,,,,,,,弘明,弘明,,yatiyo,2,,,,「やちよちゃん、知ってるでしょ？　エッチなところ、なんて言うか……」
127600 ,,,,,,,やちよ,やちよ,03yac121_019.wav,yatiyo,6,,,,「えっ、あのっ……それは……」
127700 ,,,,,,,,,,yatiyo,6,,,,　やちよちゃんは、耳まで真っ赤になる。
127800 ,,,,,,,やちよ,やちよ,03yac121_020.wav,yatiyo,3,,,,「わ、私のおま○こ……おま○こと、おしり……おしりの穴を……さわってください……」
127900 ,,,,,,,弘明,弘明,,yatiyo,3,,,,「エッチなとこ、ここも忘れてない？」
128000 ,,,,,,,やちよ,やちよ,03yac121_021.wav,yatiyo,15,,,,「あんっ！？」
128100 ,,,,,,,,,,yatiyo,15,,,,　俺はぷっくりとした乳首を優しくつまみ、指先でくりくりとこね回した。
128200 ,,,,,,,弘明,弘明,,yatiyo,15,,,,「ここ、なんて言うの？」
128300 ,,,,,,,やちよ,やちよ,03yac121_022.wav,yatiyo,3,,,,「えっと……おっぱい……乳首、です……」
128400 ,,,,,,,弘明,弘明,,yatiyo,3,,,,「今までの全部、まとめて言ってみて」
128500 ,,,,,,,やちよ,やちよ,03yac121_023.wav,yatiyo,3,,,,「私の、乳首と……おま○こと、おしりの穴……アヌスまで、全部……さわってください……」
128600 ,,,,,,,,,,yatiyo,3,,,,　俺はうなずきながらも、言葉を付け加えた。
128700 ,,,,,,,弘明,弘明,,yatiyo,3,,,,「よく言えました。でも、ひとつ忘れてるね……？」
128800 ,,,,,,,やちよ,やちよ,03yac121_024.wav,yatiyo,15,,,,「えっ……！？」
128900 ,,,,,,,弘明,弘明,,yatiyo,15,,,,「その忘れてるところに、俺がご褒美をあげる」
129000 ,,,,,,,,,,yatiyo,15,,,,　そして、やちよちゃんの唇にいきなりキスをする。
129100 ,,,,,,,やちよ,やちよ,03yac121_025.wav,yatiyo,81,,,,「えっ、あっ……んちゅ……んっ、んんっ……ちゅっ……弘明さん……」
129200 ,,,,,,,弘明,弘明,,yatiyo,81,,,,「ダメだよ、くちびる離しちゃダメ……ちゅっ、んんっ……」
129300 ,,,,,,,やちよ,やちよ,03yac121_026.wav,yatiyo,81,,,,「あんっ、ちゅっ、ちゅるっ、ぷはっ……ください……もっとください、ごほうび……」
129400 ,,,,,,,弘明,弘明,,yatiyo,81,,,,「やちよちゃん……んんっ、んちゅっ」
129500 ,,,,,,,やちよ,やちよ,03yac121_027.wav,yatiyo,81,,,,「あっ、んっ、んんっ……んちゅ…………」
129600 ,,,,,,,,,,yatiyo,81,,,,　俺はやちよちゃんと、情熱的なキスを交わす。
129700 ,,,,,,,やちよ,やちよ,03yac121_028.wav,yatiyo,81,,,,「んむっ、あむっ……弘明さん……ちゅっ、じゅるっ、んちゅっ……」
129800 ,,,,,,,弘明,弘明,,yatiyo,81,,,,「んんっ、はぁっ…………すごいね、やちよちゃんのキス……」
129900 ,,,,,,,やちよ,やちよ,03yac121_029.wav,yatiyo,60,,,,「そんな……」
130000 ,,,,,,,弘明,弘明,,yatiyo,60,,,,「やっぱり、エッチな本やマンガで勉強してたのかな？」
130100 ,,,,,,,やちよ,やちよ,03yac121_030.wav,yatiyo,15,,,,「し、してませんっ……！」
130200 ,,,,,,,,,,yatiyo,15,,,,　やちよちゃんをちょっとだけからかうと、俺はおなかにそっと親指を当てた。
130300 ,,,,,,,やちよ,やちよ,03yac121_031.wav,yatiyo,3,,,,「ひゃんっ！？」
130400 ,,,,,,,,,,yatiyo,3,,,,　そして、そのまま上にすっと親指を滑らせる。胸の下まで来たところで、俺は指を止めた。
130500 ,,,,,,,弘明,弘明,,yatiyo,3,,,,「おっぱい、ちょこんってふくらんでるね」
130600 ,,,,,,,やちよ,やちよ,03yac121_032.wav,yatiyo,15,,,,「あん……」
130700 ,,,,,,,やちよ,やちよ,03yac121_033.wav,yatiyo,15,,,,「んっ、あっ……ふぁ……んんっ、あんっ……」
130800 ,,,,,,,,,,yatiyo,15,,,,　そして、手のひらを広げてふくらみかけのおっぱいを撫でまわす。
130900 ,,,,,,,弘明,弘明,,yatiyo,15,,,,「やちよちゃんってさ、あんまり汗、かかないよね」
131000 ,,,,,,,やちよ,やちよ,03yac121_034.wav,yatiyo,6,,,,「そ、そうですか……？」
131100 ,,,,,,,弘明,弘明,,yatiyo,6,,,,「うん。こんなに身体が熱くなってるのに……肌はまだ、サラサラのままだよ」
131200 ,,,,,,,やちよ,やちよ,03yac121_035.wav,yatiyo,12,,,,「そんな……よくわからない、です……」
131300 ,,,,,,,弘明,弘明,,yatiyo,12,,,,「やちよちゃん、パウダーかなにかつけてる？」
131400 ,,,,,,,やちよ,やちよ,03yac121_036.wav,yatiyo,2,,,,「えっ……？　いえ、なにもつけてませんけど……」
131500 ,,,,,,,弘明,弘明,,yatiyo,2,,,,「そうなんだ。肌がサラサラしてるのは、やっぱりやちよちゃんの特徴なんだね」
131600 ,,,,,,,やちよ,やちよ,03yac121_037.wav,yatiyo,6,,,,「そんな……」
131700 ,,,,,,,弘明,弘明,,yatiyo,6,,,,「最高だよ、やちよちゃんの肌」
131800 ,,,,,,,,,,yatiyo,6,,,,　俺は、サラサラの肌に舌を這わせた。
131900 ,,,,,,,弘明,弘明,,yatiyo,6,,,,「んっ、んちゅっ……やちよちゃんの肌、舌触りもすごくいい……。んちゅっ……」
132000 ,,,,,,,やちよ,やちよ,03yac121_038.wav,yatiyo,3,,,,「や、あっ、んんっ……！　あんまり、なめないでください……」
132100 ,,,,,,,,,,yatiyo,3,,,,　舌と指で、情熱的な愛撫を続ける。
132200 ,,,,,,,やちよ,やちよ,03yac121_039.wav,yatiyo,60,,,,「んっ、んぁ……ああ……弘明さん……気持ちいい、です……」
132300 ,,,,,,,弘明,弘明,,yatiyo,60,,,,「立っていてもわかるね。やちよちゃんのおま○こ、濡れてる……」
132400 ,,,,,,,やちよ,やちよ,03yac121_040.wav,yatiyo,15,,,,「やっ……言わないで下さい……」
132500 ,,,,,,,,,,yatiyo,15,,,,　俺がそう言うと、やちよちゃんは顔を真っ赤にして恥ずかしがった。
132600 ,,,,,,,弘明,弘明,,yatiyo,15,,,,「ほら、おしりを上げて……身体の力は抜いてね……」
132700 ,,,,,,,やちよ,やちよ,03yac121_041.wav,yatiyo,6,,,,「はい……」
132900 ,,<m_fade fadeout=""2000"" fadein=""1500""><s_fade time=""1000"">,10,,,,,,,,,,,,
133000 ,*mem,,,,,,,,,,,,,,
133100 ,,,10,1021,,,,,,,,,,,　ベッドに横たわったやちよちゃんが、おずおずとおしりを突きあげる。
133200 ,,,,,,,弘明,弘明,,,,,,,「＜挿＝い＞れるよ…………」
133400 ,,,,,200911,,やちよ,やちよ,03yac121_042.wav,,,,,,「うっ、んぁうっ……あああぁぁぁ……っ！」
133500 ,,,,,200911,,,,,,,,,,　小さなワレメに、俺はゆっくりと挿入した。
133600 ,,,,,200911,,,,,,,,,,　やちよちゃんの膣は、俺のペニスを優しく迎える。俺は膣奥まで、少しずつゆるやかに突き入れていく。
133700 ,,,,,200911,,やちよ,やちよ,03yac121_043.wav,,,,,,「あっ、ううっ……んんっ、んぁ……あ……」
133800 ,,,,,200911,,,,,,,,,,　挿入してすぐは、まだ少しだけ固さが残っている。でも亀頭が膣奥まで達し、それから腰を一度引いた頃には……膣壁は柔らかく俺のペニスを包み込んでいた。
133900 ,,,,,200911,,やちよ,やちよ,03yac121_044.wav,,,,,,「あっ、あ……弘明さんのが……私の、奥まで……入ってきてます……」
134000 ,,,,,200911,,弘明,弘明,,,,,,,「痛くない……？」
134100 ,,,,,200911,,やちよ,やちよ,03yac121_045.wav,,,,,,「はい……大丈夫です……」
134200 ,,,,,200911,,,,,,,,,,　やちよちゃんは、静かにうなずく。
134400 ,,,,,200912,,やちよ,やちよ,03yac121_046.wav,,,,,,「あっ、んんっ、あっ！　あっ、ああっ……弘明さんのおち○ちんが……私の奥まで、入ってます……」
134500 ,,,,,200912,,弘明,弘明,,,,,,,「気持ちいいよ、やちよちゃん……」
134600 ,,,,,200912,,やちよ,やちよ,03yac121_047.wav,,,,,,「あっ、ああっ！　わ、私も……気持ちいいです……」
134700 ,,,,,200912,,,,,,,,,,　やちよちゃんのおま○こは、みらいちゃんたちと違って痛いほど締め付けてきたり……また逆に、俺のペニスがおま○こをぐいぐい押し広げる感触も少なくて、ぴったりフィットって感じがする。
134800 ,,,,,200912,,弘明,弘明,,,,,,,「やちよちゃんのおま○こって温かくて柔らかくて、俺のチ○チンをふわって包み込むっていうか……」
134900 ,,,,,200912,,やちよ,やちよ,03yac121_048.wav,,,,,,「そ、そうなんですか……？」
135000 ,,,,,200912,,弘明,弘明,,,,,,,「うん……やちよちゃんのおま○こ、すっごく気持ちいい」
135100 ,,,,,200912,,やちよ,やちよ,03yac121_049.wav,,,,,,「私も……弘明さんのおち○ちん、すごく気持ちいいです……」
135200 ,,,,,200912,,やちよ,やちよ,03yac121_050.wav,,,,,,「おま○この、奥まで入ってくるのわかります……。おま○こ全体を、弘明さんのおち○ちんが……」
135300 ,,,,,200912,,弘明,弘明,,,,,,,「相性……いいのかもね、俺たち」
135400 ,,,,,200912,,やちよ,やちよ,03yac121_051.wav,,,,,,「あ……うれしいです……」
135500 ,,,,,200912,,やちよ,やちよ,03yac121_052.wav,,,,,,「んっ、あああっ！　んんんっ、あうっ……ふぁ、んぁ、ああっ！」
135600 ,,,,,200912,,やちよ,やちよ,03yac121_053.wav,,,,,,「あっ、あっ、あうっ……おなかの、奥……弘明さんのおち○ちんが、コツコツって……」
135700 ,,,,,200912,,弘明,弘明,,,,,,,「やちよちゃんの、子宮口だね……。赤ちゃんのベッドの入り口……」
135800 ,,,,,200912,,やちよ,やちよ,03yac121_054.wav,,,,,,「あっ、ああっ！　そこで、そこで……たくさん精液、出して下さいね……」
135900 ,,,,,200912,,弘明,弘明,,,,,,,「うっ、ああっ、俺、もう……」
136000 ,,,,,200912,,やちよ,やちよ,03yac121_055.wav,,,,,,「んぁっ、んんんっ、あうっ……」
136100 ,,,,,200912,,弘明,弘明,,,,,,,「ああっ、出る……！」
136200 ,,,,,200912,,やちよ,やちよ,03yac121_056.wav,,,,,,「んっ、あっ、あうっ！　んんっ、あんっ、ああ……んああああっ、あっ、ああっ、あああぁぁぁ……っ！！」
136500 ,,<!ef_shasei>,,,200913,,,,,,,,,,　ペニスがビクビクと震え、俺はやちよちゃんの膣内に射精した。
136600 ,,,,,200913,,やちよ,やちよ,03yac121_057.wav,,,,,,「ふぁっ、あっ、ああっ……弘明さんの精液が……私の奥で……」
136700 ,,,,,200913,,弘明,弘明,,,,,,,「んっ、ああ……。うん、いっぱい出しちゃった……」
136800 ,,,,,200913,,やちよ,やちよ,03yac121_058.wav,,,,,,「うれしい……です……」
136900 ,,,,,200913,,やちよ,やちよ,03yac121_059.wav,,,,,,「赤ちゃん……できてるといいな……」
137000 ,,<hide><s_fade wa time=""1500"">,,,200913,,,,,,,,,,
137100 ,$event_return,,,,,,,,,,,,,,
137300 ,"$fset %yachiyo,0",,,,,,,,,,,,,,
137400 ,$go 04h008_ed,,,,,,,,,,,,,,
137500 ,,,,,,,,,,,,,,,
137600 ,,,,,,,,,,,,,,,
137700 ,,,,,,,,,,,,,,,
137800 ,,,,,,,,,,,,,,,
137900 ,,,,,,,,,,,,,,,
138100 ,@04h006_m01,,,,,,,,,,,,,,まりん１回目導入
138400 ,,,2,1051,,,,,,,,,,,　仕事が詰まってくると、まりんちゃんの底抜けの明るさに触れたくなってくる。
138500 ,,,,,,,,,,,,,,,　俺は、まりんちゃんにメールを出してみた。返事は、思いのほかすぐに帰ってくる。
138700 ,,,,,,,,,,,,,,,『これから、みらいちゃんたちと商店街にお出かけするですよ。おにーさんもいっしょにどうですか？』
138800 ,,,,,,,弘明,弘明,,,,,,,「おっ、そいつはちょうどいいタイミング……」
138900 ,,,,,,,,,,,,,,,　俺は素早く返信を打つと、出かける準備を始めた。
139300 ,@04h006_m02_ev01,,,,,,,,,,,,,,
139900 ,,<m_fade fadeout=""2000"">,0,,,,,,,,,,,,
140000 ,,<s_fade time=""1500"" type=""panel"" param=""type=3"">,,9000,,,,,,,,,,,
140100 ,,<wait time=""1000""><s_fade time=""1500"" type=""panel"" param=""type=2"">,6,3021,,,,,,,,,,,
140200 ,,,,,,,,,,,,,,,　俺たちは、商店街に到着した。
140300 ,,,,,,,みらい,みらい,01mir122_001.wav,"mirai,uniform",0,,,,「やっちー、あれどう？」
140400 ,,,,,,,やちよ,やちよ,03yac122_001.wav,"yatiyo,uniform",1,,,,「あ、いいね……」
140500 ,,,,,,,,,,,,,,,　みらいちゃんとやちよちゃんが、ふたりで駆けていく。
140600 ,,,,,,,まりん,まりん,04mar122_001.wav,"marin,uniform",0,,,,「ねーねー、おにーさんっ」
140700 ,,,,,,,,,,"marin,uniform",0,,,,　二人から離れたまりんちゃんが、俺の服をくいくいっと引っぱってくる。
140800 ,,,,,,,弘明,弘明,,"marin,uniform",0,,,,「……んっ、なに？」
140900 ,,,,,,,まりん,まりん,04mar122_002.wav,marin,1,,,,「んふふっ……ちょっと、こっち来てくださいですっ」
141000 ,,,,,,,弘明,弘明,,,,,,,「えっ……？　わわっ！？」
141100 ,,,,,,,,,,,,,,,　俺は、強引に狭い路地へと引き込まれた。
141300 ,,<!ef_timepass><m_fade fadeout=""2000"" fadein=""1500"">,10,,201011,,,,,,,,,,
141400 ,*mem,,,,201011,,,,,,,,,,
141500 ,,,10,,201011,,,,,,,,,,
141600 ,,,,,201011,,まりん,まりん,04mar122_003.wav,marin,0,,,,「にゅふふ……」
141700 ,,,,,201011,,弘明,弘明,,,,,,,「ちょっと、まりんちゃん……！？」
141800 ,,,,,201011,,,,,,,,,,　驚く俺を尻目に、まりんちゃんはニコニコとしている。
141900 ,,,,,201011,,まりん,まりん,04mar122_004.wav,marin,0,,,,「ふふっ……おっきな声だしちゃったら、きづかれちゃいますよ……？」
142000 ,,,,,201011,,弘明,弘明,,,,,,,「まりんちゃん……」
142100 ,,,,,201011,,まりん,まりん,04mar122_005.wav,marin,0,,,,「んふふっ……おにーさん、まりこと……えっちするですっ」
142200 ,,,,,201011,,弘明,弘明,,,,,,,「ええっ……！？」
142300 ,,,,,201011,,まりん,まりん,04mar122_006.wav,marin,0,,,,「だから、おっきな声はダメですよっ……」
142400 ,,,,,201011,,,,,,,,,,　いくらメインの通りからひとつ入った裏路地とはいえ、こんな外でなんて……。
142500 ,,,,,201011,,弘明,弘明,,,,,,,「ま、まりんちゃん、ここじゃマズいよ……！」
142600 ,,,,,201011,,まりん,まりん,04mar122_007.wav,marin,0,,,,「だいじょーぶですよっ。みんな、意外にきづかないもんですっ」
142700 ,,,,,201011,,,,,,,,,,　まりんちゃんは、何故だか自信満々だ。
142800 ,,,,,201011,,まりん,まりん,04mar122_008.wav,marin,0,,,,「それとも、おにーさん……まりこじゃ……ダメですか？」
142900 ,,,,,201011,,弘明,弘明,,,,,,,「い、いや、そんなことはないよ……！　まりんちゃんは可愛いし、元気だし……」
143000 ,,,,,201011,,,,,,,,,,　その言葉を聞いて、まりんちゃんは嬉しそうに微笑む。
143100 ,,,,,201011,,まりん,まりん,04mar122_009.wav,marin,0,,,,「ふふ……おにーさん、まりこと……もういちど、せっくすしてくださいです……」
143200 ,,,,,201011,,,,,,,,,,　俺は、思わずうなずいた。
143300 ,,,,,201011,,弘明,弘明,,,,,,,「あ、ああ…………」
143400 ,,,,,201011,,,,,,,,,,　俺はまりんちゃんの肩に顔を近づけ、健康的に日焼けした鎖骨から肩にかけて舌を這わせる。
143500 ,,,,,201011,,まりん,まりん,04mar122_010.wav,marin,0,,,,「あっ、んんっ……」
143600 ,,,,,201011,,,,,,,,,,　更に、首筋にも舌を這わせる。まりんちゃんの香りが、いっそう強くなった。
143700 ,,,,,201011,,まりん,まりん,04mar122_011.wav,marin,0,,,,「んっ、あっ、んんんっ……おにーさん、なめるのじょうずです……」
143800 ,,,,,201011,,まりん,まりん,04mar122_012.wav,marin,0,,,,「まりこ、ペロペロしてもらうの大好きですよ……。おにーさん、もっともっとまりこをペロペロしてくださいですっ」
143900 ,,,,,201011,,,,,,,,,,　俺は、まりんちゃんの肌を彩る日焼けライン……褐色と肌色の境界線に沿って、ゆっくりと舐めていく。
144000 ,,,,,201011,,,,,,,,,,　なんとなく……ほんとになんとなくだけど、日焼けした褐色の肌はサラサラとした感触で、日焼けしてない肌色の部分はぷるぷると柔らかい感じがした。
144100 ,,,,,201011,,まりん,まりん,04mar122_013.wav,marin,0,,,,「おにーさんのおち○ちん、すっごくかたくなってるです……」
144200 ,,,,,201011,,,,,,,,,,　まりんちゃんは、俺の目を見て言った。
144300 ,,,,,201011,,まりん,まりん,04mar122_014.wav,marin,0,,,,「まりこのおま○こに、入れてください……」
144400 ,,,,,201011,,弘明,弘明,,,,,,,「うん……」
144600 ,,,,,201012,,まりん,まりん,04mar122_015.wav,marin,0,,,,「ふぁっ……あああっ……！！」
144700 ,,,,,201012,,,,,,,,,,　挿入の瞬間、まりんちゃんが大きな声を上げる。俺はそれにビックリして、思わず辺りを見回してしまった。
144800 ,,,,,201012,,弘明,弘明,,,,,,,「ま、まりんちゃん、声おっきすぎだよ……」
144900 ,,,,,201012,,まりん,まりん,04mar122_016.wav,marin,0,,,,「だって……まりこのおま○こ、おにーさんのおち○ちんでいっぱいなのですよ……」
145000 ,,,,,201012,,,,,,,,,,　まりんちゃんは、屈託のない笑顔で言う。
145100 ,,,,,201012,,弘明,弘明,,,,,,,「大丈夫……？」
145200 ,,,,,201012,,まりん,まりん,04mar122_017.wav,marin,0,,,,「んっ、だいじょーぶですっ……」
145300 ,,,,,201012,,,,,,,,,,　まりんちゃんはこの前、初めて挿入したばかりだ。まだ慣れないだろうから、優しくしなきゃいけないだろう。
145400 ,,,,,201012,,まりん,まりん,04mar122_018.wav,marin,0,,,,「んっ、ふぁ……んんんっ、あうっ！　にゃ、ふにゃ……きもちいいです……」
145500 ,,,,,201012,,,,,,,,,,　まりんちゃんの身体を気遣ってゆっくりと動かした俺のペニスは、膣粘膜に密着してまりんちゃんを身体ごと揺さぶっている。
145600 ,,,,,201012,,まりん,まりん,04mar122_019.wav,marin,0,,,,「うあっ、ああっ……やっぱり、おにーさんのおち○ちんはすごいですっ……！　あっ、あああっ！」
145700 ,,,,,201012,,,,,,,,,,　まりんちゃんの声にも、だんだんと艶が混じってきた。
145800 ,,,,,201012,,まりん,まりん,04mar122_020.wav,marin,0,,,,「うっ、あうっ！　んんんっ、あっ、あっ……ふぁぁっ、んくっ、あっ、あんっ！」
145900 ,,,,,201012,,まりん,まりん,04mar122_021.wav,marin,0,,,,「あっ、ああっ、あんまり上につきあげると……まりこ、足がつかないですよ……」
146000 ,,,,,201012,,弘明,弘明,,,,,,,「あっ、ごめん……」
146100 ,,,,,201012,,,,,,,,,,　俺は、まりんちゃんの身体に負担がかからない程度の高さまで腰を落とす。
146200 ,,,,,201012,,まりん,まりん,04mar122_022.wav,marin,0,,,,「んあっ、あああっ！　あっ、あう……ああ……おにーさんのおち○ちんが……おくまで、入ったです……」
146300 ,,,,,201012,,弘明,弘明,,,,,,,「すごい……奥はものすごく柔らかいね、まりんちゃんのおま○こ……」
146400 ,,,,,201012,,まりん,まりん,04mar122_023.wav,marin,0,,,,「んぁんっ、きにいってくれたですか……？　まりこもおにーさんのおち○ちん、だいすきですよ……」
146500 ,,,,,201012,,弘明,弘明,,,,,,,「うん……すごくいい、まりんちゃんのおま○こ……」
146600 ,,,,,201012,,まりん,まりん,04mar122_024.wav,marin,0,,,,「ふふっ、よかったです……。んっ、んんっ、あうっ！」
146700 ,,,,,201012,,まりん,まりん,04mar122_025.wav,marin,0,,,,「んぁっ、あっ、んん……ふぁ、あ……」
146800 ,,,,,201012,,,,,,,,,,　服の下から、乳首の形が浮き出ていた。乳輪がぷくっとふくらんだ、子供っぽい乳首。
146900 ,,,,,201012,,弘明,弘明,,,,,,,「おっぱい、ぷくってしてるね……」
147000 ,,,,,201012,,まりん,まりん,04mar122_026.wav,marin,0,,,,「んふうっ、んんっ……まりこのおっぱい、ちゅーってしたいですか……？」
147100 ,,,,,201012,,,,,,,,,,　俺は小さくうなずくと、横から頭を突き出して、服の上からまりんちゃんの乳首にキスをした。
147200 ,,,,,201012,,,,,,,,,,　服を通してまりんちゃんの身体から発する蒸気が、鼻をくすぐる。
147300 ,,,,,201012,,まりん,まりん,04mar122_027.wav,marin,0,,,,「……はれっ？」
147400 ,,,,,201012,,まりん,まりん,04mar122_028.wav,marin,0,,,,「おにーさん、まりこのにおい、すきですか？」
147500 ,,,,,201012,,弘明,弘明,,,,,,,「うん……」
147600 ,,,,,201012,,まりん,まりん,04mar122_029.wav,marin,0,,,,「だったら……まりこのからだに、もっとハナをちかづけて……まりこのにおい、くんくんしていいですよ？」
147700 ,,,,,201012,,,,,,,,,,　俺は首筋に顔を密着させ、まりんちゃんの身体の甘い香りを、胸いっぱいに吸い込んだ。
147800 ,,,,,201012,,弘明,弘明,,,,,,,「うん……。まりんちゃん、すっごくいい匂いだ……」
147900 ,,,,,201012,,まりん,まりん,04mar122_030.wav,marin,0,,,,「えへへ……うれしいですっ」
148000 ,,,,,201012,,弘明,弘明,,,,,,,「うっ、ああっ、もう……出していい……？　まりんちゃん……」
148100 ,,,,,201012,,まりん,まりん,04mar122_031.wav,marin,0,,,,「いいですよ……まりこの中に、おにーさんの精子くださいです……」
148200 ,,,,,201012,,,,,,,,,,　俺は絶頂を目指して、まりんちゃんの香りを吸い込みつつ激しく突き上げた。
148300 ,,,,,201012,,まりん,まりん,04mar122_032.wav,marin,0,,,,「あっ、あっ、んんっ、あっ！　んふっ、あっ！」
148400 ,,,,,201012,,まりん,まりん,04mar122_033.wav,marin,0,,,,「ふぁっ、んっ、んにゃうっ！　あっ、んっ、ああっ……もっと……奥を、おにーさんのおち○ちんでぐりぐりしてくださいです……んぁんっ！」
148500 ,,,,,201012,,まりん,まりん,04mar122_034.wav,marin,0,,,,「にゃっ、んんぅっ、んんっ、あんっ！　まりこ、イッちゃうですよ……。んっ、んくぅっ、あっ、あっ、ああっ！　んんうっ、あっ、んんっ、んああぁぁぁっ……！！」
148800 ,,<!ef_shasei>,,,201013,,弘明,弘明,,,,,,,「うっ、あ、っああ……」
148900 ,,,,,201013,,まりん,まりん,04mar122_035.wav,marin,0,,,,「はぁ、ふぅ……」
149000 ,,,,,201013,,まりん,まりん,04mar122_036.wav,marin,0,,,,「にゃうう、すっごくきもちよかったです……」
149100 ,$event_return,,,,201013,,,,,,,,,,
149200 ,,,,,201013,,,,,,,,,,　まりんちゃんのおま○こから、精液が垂れる。
149600 ,,,,,201013,,まりん,まりん,04mar122_037.wav,marin,0,,,,「ふふっ……たれてくるのなめて、キレイにしてくださいですっ▼」
149700 ,,,,,201013,,弘明,弘明,,,,,,,「……え゛っ」
149800 ,,,,,201013,,まりん,まりん,04mar122_038.wav,marin,0,,,,「なめて▼」
150000 ,,<m_fade fadeout=""2000"">,0,,201013,,,,,,,,,,
150100 ,,<s_fade time=""2500"">,,9000,,,,,,,,,,,
150200 ,,<s_fade time=""1500"" type=""panel"" param=""type=0"">,6,3021,,,,,,,,,,,　俺とまりんちゃんは別々に路地を出て、さりげなくみらいちゃんたちと合流した。
150300 ,,,,,,,みらい,みらい,01mir122_002.wav,"mirai,uniform",5,,,,「んもう、お兄ちゃん……さがしたんだよっ」
150400 ,,,,,,,弘明,弘明,,mirai,5,,,,「ごめんごめん」
150500 ,,,,,,,みらい,みらい,01mir122_003.wav,mirai,8,,,,「まりんちゃんも、どっか行っちゃうし」
150600 ,,,,,,,まりん,まりん,04mar122_039.wav,"marin,uniform",1,,,,「えへへ……いろいろ見てたら、ちょっとはぐれちゃった」
150700 ,,,,,,,やちよ,やちよ,03yac122_002.wav,"yatiyo,uniform",2,,,,「弘明さんは、どちらへ行かれてたんですか……？」
150800 ,,,,,,,弘明,弘明,,yatiyo,2,,,,「えっ、ああ……まりんちゃんを探そうと思ったら、俺もはぐれちゃったみたいで」
150900 ,,,,,,,やちよ,やちよ,03yac122_003.wav,yatiyo,0,,,,「あ、そうだったんですか……」
151000 ,,,,,,,みらい,みらい,01mir122_004.wav,mirai,51,,,,「じー…………」
151100 ,,,,,,,弘明,弘明,,mirai,51,,,,「うっ……な、なに？」
151200 ,,,,,,,みらい,みらい,01mir122_005.wav,mirai,14,,,,「べつにっ！」
151300 ,,,,,,,,,,mirai,14,,,,　バ、バレては……ないよな……。
151400 ,,,,,,,まりん,まりん,04mar122_040.wav,marin,1,,,,「うふふっ……また来たいですねっ！」
151500 ,,,,,,,やちよ,やちよ,03yac122_004.wav,yatiyo,1,,,,「うん、来たいね」
151600 ,,,,,,,みらい,みらい,01mir122_006.wav,mirai,51,,,,「そーねー」
151700 ,,,,,,,弘明,弘明,,mirai,51,,,,「はは……ははは……」
151800 ,,,,,,,,,,,,,,,　俺はちょっとしたスリルを味わいながら、みんなで帰路についたのだった。
151900 ,,<hide><!ef_daypass>,0,9000,,,,,,,,,,,
152200 ,@04h006_m03,,,,,,,,,,,,,,まりん２回目導入
152500 ,,<hide><s_fade time=""1500"" type=""panel"" param=""type=0"">,2,1051,,,,,,,,,,,
152600 ,,<!ef_mail>,,,,,弘明,弘明,,,,,,,「……ん？」
152700 ,,,,,,,,,,,,,,,　昼過ぎ、まりんちゃんからメールが届く。
152800 ,,,,,,,,,,,,,,,『おにーさんち、今からいっていいですか？』
152900 ,,,,,,,弘明,弘明,,,,,,,「来るのは、全然かまわないんだけど……。まりんちゃんひとり、なのかな？」
153000 ,,,,,,,,,,,,,,,　俺は、それを確認するメールを送る。
153100 ,,<!ef_mail>,,,,,,,,,,,,,　まりんちゃんからの返事は、すぐに返ってきた。
153200 ,,,,,,,,,,,,,,,『そーですよ、まりこひとりです』
153300 ,,,,,,,弘明,弘明,,,,,,,「まりんちゃんひとりか……。みらいちゃんたちに、バレなきゃいいけど……」
153400 ,,,,,,,,,,,,,,,　ちょっと懸念を感じつつも、俺はＯＫのメールを返した。
153500 ,,,,,,,弘明,弘明,,,,,,,「『それじゃ、待ってるね』……っと」
153900 ,@04h006_m04_ev20,,,,,,,,,,,,,,
154500 ,,<m_fade fadeout=""1500"">,0,,,,,,,,,,,,
154600 ,,<s_fade time=""2000"">,,9000,,,,,,,,,,,
154700 ,,,1,1031,,,,,,,,,,,
154800 ,,<!ef_door_entrance_open>,,,,,,,,,,,,,　メールにあった通り、まりんちゃんが一人でやってきた。
154900 ,,,,,,,まりん,まりん,04mar123_001.wav,"marin,uniform",1,,,,「おにーさーんっ。こんにちはですよっ！」
155000 ,,,,,,,弘明,弘明,,"marin,uniform",1,,,,「ああ、まりんちゃん。こんにちは」
155100 ,,,,,,,まりん,まりん,04mar123_002.wav,marin,0,,,,「まりこ、入ってもいいですか？」
155200 ,,,,,,,弘明,弘明,,marin,0,,,,「ああ、もちろん。大歓迎だよ」
155300 ,,,,,,,まりん,まりん,04mar123_003.wav,marin,17,,,,「しようずみのティッシュとか、ちゃんとかたづけたですか？」
155400 ,,,,,,,弘明,弘明,,marin,17,,,,「ぶはっ……！　な……なに言ってるの！？」
155500 ,,,,,,,まりん,まりん,04mar123_004.wav,marin,60,,,,「えへへっ……まりこに出す分は、ちゃんとおち○ちんの中にとっといてくれなきゃダメですよ？」
155600 ,,,,,,,弘明,弘明,,marin,60,,,,「えっ……？　あっ、あ……うん……」
155700 ,,,,,,,まりん,まりん,04mar123_005.wav,marin,1,,,,「おにーさん、照れるとかわいーですっ。あははははっ」
155800 ,,,,,,,,,,marin,1,,,,　まりんちゃんは明るく言うもんだから、こっちも変なことを気にせずにいられる。こういうのも、癒し系……って言うのかな。
155900 ,,,,,,,,,,marin,1,,,,　しばらく話した後、俺たちは公園へ出かけることにした。
156000 ,,,,,,,まりん,まりん,04mar123_006.wav,marin,0,,,,「それじゃおにーさん、行くですよっ！」
156100 ,,,,,,,,,,marin,0,,,,　俺たちは部屋を出て、臨海公園へと向かった。
156400 ,,<m_fade fadeout=""2000"">,0,,,,,,,marin,0,,,,
156500 ,,<s_fade time=""1500"" type=""panel"" param=""type=3"">,,9000,,,,,,,,,,,
156600 ,,<wait time=""1000""><s_fade time=""1500"" type=""panel"" param=""type=2"">,7,3041,,,,,,,,,,,　臨海公園に着いた俺たちはいろいろと歩いてまわり、午後のひとときを楽しく過ごした。
156700 ,,,,,,,,,,,,,,,　俺たちは、公園の中を並んで歩く。
156800 ,,,,,,,,,,,,,,,　嬉しそうな表情のまりんちゃんが、俺の腕に頬ずりしていた。
156900 ,,,,,,,弘明,弘明,,,,,,,「まりんちゃん、ゴキゲンだね」
157000 ,,,,,,,まりん,まりん,04mar123_007.wav,marin,1,,,,「えへへ……」
157100 ,,,,,,,まりん,まりん,04mar123_008.wav,marin,0,,,,「おにーさんとのデート、すっごく楽しかったですよっ」
157200 ,,,,,,,弘明,弘明,,marin,0,,,,「そういってもらえると、俺も嬉しいよ」
157300 ,,,,,,,,,,marin,0,,,,　俺の腕を抱き、更にすり寄ってくる。
157400 ,,,,,,,まりん,まりん,04mar123_009.wav,marin,1,,,,「まりこ、だれにでもくっつくわけじゃないですよ？」
157500 ,,,,,,,弘明,弘明,,marin,1,,,,「うん？」
157600 ,,,,,,,まりん,まりん,04mar123_010.wav,marin,17,,,,「おにーさんは、とくべつなのですっ」
157700 ,,,,,,,弘明,弘明,,marin,17,,,,「それは嬉しいな」
157800 ,,,,,,,まりん,まりん,04mar123_011.wav,marin,60,,,,「んっ……おにーさんは、おとなのにおいがするです……」
157900 ,,,,,,,,,,marin,60,,,,　まりんちゃんは、俺の腕にほおずりしながら言う。
158100 ,,,,,,,弘明,弘明,,marin,60,,,,「でも今日は、まりんちゃんが楽しんでくれたようで良かったよ」
158200 ,,,,,,,まりん,まりん,04mar123_012.wav,marin,1,,,,「えへへっ……やっぱりおにーさんは、やさしいです。まりこ、だいすきですよ……」
158300 ,,,,,,,,,,marin,1,,,,　まりんちゃんは、ぴっとりと抱きついてきた。褐色の肌には、少し汗が浮かんでいる。
158400 ,,<m_fade fadeout=""3000"" fadein=""2000"">,12,,,,まりん,まりん,04mar123_013.wav,marin,60,,,,「ねぇ、おにーさん……えっち、しましょっか」
158500 ,,,,,,,弘明,弘明,,marin,60,,,,「こ、こんなとこで……！？　路地裏とは違うよ？」
158600 ,,,,,,,まりん,まりん,04mar123_014.wav,marin,1,,,,「ふふふっ、今はだいじょーぶなのですっ」
158700 ,,,,,,,弘明,弘明,,marin,1,,,,「えっ……？」
158800 ,,,,,,,まりん,まりん,04mar123_015.wav,marin,17,,,,「まりこ、まほうをかけたですよ。今この公園には、まりことおにーさんしかいないです」
158900 ,,,,,,,まりん,まりん,04mar123_016.wav,marin,0,,,,「だからあんしんして、まりことえっちするですよっ」
158990 ,,,,,,,,,,,,,,,
159000 ,,,,,,,,,,,,,,,　言われてみれば、いつの間にか辺りから人の気配はなくなっている。晴天の昼間、この公園に人がいないなんてことはあり得ない。
159100 ,,,,,,,,,,,,,,,　確かに、魔法としか言いようがない状態だけど……そんな、ホントにそんなことって、あるのか……！？
159200 ,,,,,,,まりん,まりん,04mar123_017.wav,,,,,,「んふふっ……おにーさん……」
159500 ,,,,,,,まりん,まりん,04mar123_018.wav,"marin,naked",1,,,,「まりこと、えっちするですっ」
159600 ,,,,,,,弘明,弘明,,marin,1,,,,「ま、まりんちゃん……」
159700 ,,,,,,,,,,marin,1,,,,　不思議と、俺の頭が酩酊したような気分になる。俺は勢いに押されて、まりんちゃんのあそこに舌を這わせた。
159800 ,,,,,,,まりん,まりん,04mar123_019.wav,marin,81,,,,「んっ、ふぁ……あう……」
159900 ,,,,,,,まりん,まりん,04mar123_020.wav,marin,60,,,,「まりこのおま○こ、いいにおいするですか……？　ふふっ。おにーさん、もっともっと、おま○このにおいかいでくださいっ」
160000 ,,,,,,,まりん,まりん,04mar123_021.wav,marin,60,,,,「にゅふっ。おしりも、くんくんするですか……？」
160100 ,,,,,,,,,,marin,60,,,,　まりんちゃんは後ろを向き、おしりをぱかっと開く。
160200 ,,,,,,,弘明,弘明,,marin,60,,,,「あっ、えっと……うん……」
160300 ,,,,,,,まりん,まりん,04mar123_022.wav,marin,17,,,,「なめるのはダメです。おしりはくんくんするだけです」
160400 ,,,,,,,弘明,弘明,,marin,17,,,,「うん……」
160500 ,,,,,,,,,,marin,17,,,,　言われるとおり、俺は顔を近づけるだけで舐めなかった。まりんちゃんの小さなおしりの穴が、目の前でひくひくとエッチにうごめいている。
160600 ,,,,,,,まりん,まりん,04mar123_023.wav,marin,60,,,,「まりこのおしり……なめたいですか？」
160700 ,,,,,,,弘明,弘明,,marin,60,,,,「う、うん……」
160800 ,,,,,,,まりん,まりん,04mar123_024.wav,marin,1,,,,「しょーがないですねぇ……。おしり……なめてもいいですよ？」
160900 ,,,,,,,弘明,弘明,,marin,1,,,,「ま……まりんちゃん……っ！」
161000 ,,,,,,,まりん,まりん,04mar123_025.wav,marin,6,,,,「きゃっ……」
161100 ,,,,,,,まりん,まりん,04mar123_026.wav,marin,60,,,,「もう、がっついちゃダメですよっ……」
161200 ,,,,,,,,,,marin,60,,,,　俺は、おあずけを喰らわされた小さなピンクのアヌスに、最初から激しく舌を這わせた。
161300 ,,,,,,,まりん,まりん,04mar123_027.wav,marin,81,,,,「んんっ、あっ……ふぁ……おしりなめられるの、きもちいいです……」
161400 ,,,,,,,弘明,弘明,,marin,81,,,,「おしりとおま○こ、ちょっと湿っぽいね……。んっ、んちゅっ……」
161500 ,,,,,,,まりん,まりん,04mar123_028.wav,marin,60,,,,「あん……だって、今日はおにーさんとたくさん歩いたですよ……。おま○こ、汗でむれちゃってるです……」
161600 ,,,,,,,弘明,弘明,,marin,60,,,,「ホントだ……。まりんちゃんのおま○こ、前よりいい匂いがする……んちゅっ、ちゅっ」
161700 ,,,,,,,まりん,まりん,04mar123_029.wav,marin,6,,,,「やっ……ああんっ！　まだ、おま○こをなめていいって言ってないですよ……んぁぁっ、あっ！」
161800 ,,,,,,,弘明,弘明,,marin,6,,,,「だって、もう我慢できないよ……。んんっ、ぺろっ、んっ……」
161900 ,,,,,,,まりん,まりん,04mar123_030.wav,marin,81,,,,「ふぁ……んぁ……。もう……おにーさんはえっちです……」
162000 ,,,,,,,,,,marin,81,,,,　みらいちゃんたちと比べて、まりんちゃんの愛液はエッチな香りが強い。
162100 ,,,,,,,,,,marin,81,,,,　俺は、その芳香を心ゆくまで味わった。
162200 ,,,,,,,まりん,まりん,04mar123_031.wav,marin,60,,,,「おにーさん……」
162300 ,,,,,,,,,,marin,60,,,,　裸のまりんちゃんは俺にしなだれかかり、ズボンの上から勃起しきったペニスを撫でさする。
162400 ,,,,,,,弘明,弘明,,marin,60,,,,「うっ、あ……」
162500 ,,,,,,,まりん,まりん,04mar123_032.wav,marin,60,,,,「だいじょーぶです。まだ魔法はとけないですよ……。だから、おにーさんのおち○ちん入れてくださいです……」
162600 ,,,,,,,弘明,弘明,,marin,60,,,,「うん……まりんちゃん……」
162700 ,,,,,,,,,,marin,60,,,,　俺がズボンのベルトに手をかけると、まりんちゃんはシャツをくいくいっと引っ張った。
162800 ,,,,,,,まりん,まりん,04mar123_033.wav,marin,5,,,,「おにーさんも、はだかになってほしいです……。はだかで、ギュッてしてほしいです……」
162900 ,,,,,,,弘明,弘明,,marin,5,,,,「あ、ああ……」
163000 ,,,,,,,,,,marin,5,,,,　まるで俺はまりんちゃんに魅入られたように、その言葉に従う。
163100 ,,,,,,,弘明,弘明,,marin,5,,,,「まりんちゃん……」
163200 ,,,,,,,まりん,まりん,04mar123_034.wav,marin,3,,,,「おにーさん、ギュッてしてください……ちからいっぱい、ぎゅーって～」
163300 ,,,,,,,弘明,弘明,,marin,3,,,,「うん……」
163400 ,,,,,,,,,,marin,3,,,,　俺は、言われるままにまりんちゃんを抱きしめた。
163500 ,,,,,,,,,,marin,3,,,,　一糸まとわぬ肌と肌が、密着する。
163600 ,,,,,,,まりん,まりん,04mar123_035.wav,marin,1,,,,「えへへ……おにーさん、あったかいです……」
163700 ,,,,,,,弘明,弘明,,marin,1,,,,「まりんちゃんの肌、柔らかくて気持ちいい……」
163800 ,,,,,,,まりん,まりん,04mar123_036.wav,marin,17,,,,「んっ……うれしいですよ……えへへ……」
163900 ,,,,,,,まりん,まりん,04mar123_037.wav,marin,60,,,,「おち○ちん、入れてください……おにーさん……」
164000 ,,,,,,,弘明,弘明,,marin,60,,,,「うん……」
164190 ,,<m_fade fadeout=""2000"" fadein=""1500"">,10,,201021,,,,,,,,,,
164200 ,*mem,,,,201021,,,,,,,,,,
164300 ,,,10,,201021,,まりん,まりん,04mar123_038.wav,,,,,,「んっ……ふぁぁっ！　おっき……おっきいです……。おにーさんのおち○ちん……」
164400 ,,,,,201021,,弘明,弘明,,,,,,,「まりんちゃんのおま○こも……狭くて、気持ちいいよ……」
164500 ,,,,,201021,,まりん,まりん,04mar123_039.wav,,,,,,「ふぁっ、んあっ、ああっ……！　んんっ、あっ、あうっ……」
164600 ,,,,,201021,,まりん,まりん,04mar123_040.wav,,,,,,「おにーさんのおち○ちんが、まりこのからだの中をこすってるですっ……！　あっ、んぁぁっ、んんっ！」
164700 ,,,,,201021,,まりん,まりん,04mar123_041.wav,,,,,,「ああっ、あっ、ああっ……！　んんんっ、あうっ！」
164800 ,,,,,201021,,,,,,,,,,　太陽に照らされて、まりんちゃんの汗がしたたり落ちる。
164900 ,,,,,201021,,まりん,まりん,04mar123_042.wav,,,,,,「ふぁ……いいにおいです……」
165100 ,,,,,201022,,まりん,まりん,04mar123_043.wav,,,,,,「あっ、あっ、ああっ……おにーさん、もっと……」
165200 ,,,,,201022,,,,,,,,,,　俺は要望に応えて、ひときわ深く突き入れる。
165300 ,,,,,201022,,まりん,まりん,04mar123_044.wav,,,,,,「んくぅっ、みゅうぅぅっ！」
165400 ,,,,,201022,,まりん,まりん,04mar123_045.wav,,,,,,「ふわ、んぁ……まりこ、イッちゃうです……。もう、ちからが入らないです……」
165500 ,,,,,201022,,弘明,弘明,,,,,,,「俺も……出すよ、まりんちゃん……」
165600 ,,,,,201022,,まりん,まりん,04mar123_046.wav,,,,,,「あっ、ふぁぁっ……中に、まりこの中に……いっぱい精子くださいですっ！」
165700 ,,,,,201022,,弘明,弘明,,,,,,,「うっ……ああっ！」
165800 ,,,,,201022,,まりん,まりん,04mar123_047.wav,,,,,,「んっ、あっ、にゃううっ……！　あっ、ああっ、あっ、おち○ちん、おっきくなって……あっ、んっ、ああっ！　んああぁぁぁぁ……っ！！！」
166100 ,,<!ef_shasei>,,,201023,,弘明,弘明,,,,,,,「はぁっ、はぁっ……まりんちゃん……」
166200 ,,,,,201023,,まりん,まりん,04mar123_048.wav,,,,,,「ん……▼　おにーさん……」
166300 ,,,,,201023,,まりん,まりん,04mar123_049.wav,,,,,,「おにーさんのおち○ちん、まだまだ元気ですねぇ……」
166400 ,,,,,201023,,まりん,まりん,04mar123_050.wav,,,,,,「このままもう一回、ぴゅっぴゅするですか？」
166500 ,,,,,201023,,弘明,弘明,,,,,,,「い、いや、もう、さすがに……」
166600 ,,,,,201023,,まりん,まりん,04mar123_051.wav,,,,,,「うふふっ、ざんねんですっ」
166700 ,,,,,201023,,まりん,まりん,04mar123_052.wav,,,,,,「まりこは、まだせーり来てないですけど……せーりが来たら、またここで、おんなじようにせっくすして……」
166800 ,,,,,201023,,まりん,まりん,04mar123_053.wav,,,,,,「まりこのおま○この中に、ぜったい精子出してもらうですよ……？　うふふっ▼」
166900 ,,,,,201023,,弘明,弘明,,,,,,,「でも……それって、赤ちゃんが……」
167000 ,,,,,201023,,まりん,まりん,04mar123_054.wav,,,,,,「ぐす……おにーさんは、まりことの赤ちゃん……ほしくないですか？」
167100 ,,,,,201023,,弘明,弘明,,,,,,,「いや、えっと……」
167200 ,,,,,201023,,まりん,まりん,04mar123_055.wav,,,,,,「まりこはもう、おにーさんと赤ちゃんつくる気まんまんなのですっ」
167300 ,,,,,201023,,まりん,まりん,04mar123_056.wav,,,,,,「赤ちゃんの名前は、もうかんがえはじめてるですよ？　えっと、『ひかわ・まるこ』とか……」
167400 ,,,,,201023,,弘明,弘明,,,,,,,「あはは……」
167500 ,,,,,201023,,,,,,,,,,　まりんちゃんの屈託ない冗談に、俺はただ苦笑するしかなかった。
167600 ,$event_return,,,,,,,,,,,,,,
167800 ,,<m_fade fadeout=""2000"">,0,,201023,,,,,,,,,,
167900 ,,<s_fade time=""2500"">,,9000,,,,,,,,,,,
168000 ,,<s_fade time=""1500"" type=""panel"" param=""type=0"">,1,3031,,,,,,,,,,,　それから俺たちは公園を離れ、まりんちゃんと帰途についた。
168100 ,,,,,,,まりん,まりん,04mar123_057.wav,"marin,uniform",0,,,,「うふふっ……みらいちゃんにはナイショですよっ？」
168200 ,,,,,,,弘明,弘明,,"marin,uniform",0,,,,「う、うん……そうだね……」
168300 ,,,,,,,,,,"marin,uniform",0,,,,　俺は、ちょっと慌てながら答える。
168400 ,,,,,,,まりん,まりん,04mar123_058.wav,marin,1,,,,「まりこ、今日はとってもたのしかったですよ……。おにーさんとまりこは、しあわせですっ」
168500 ,,,,,,,弘明,弘明,,marin,1,,,,「あっ、うん。俺も楽しかったよ」
168600 ,,,,,,,まりん,まりん,04mar123_059.wav,marin,17,,,,「うふふっ」
168700 ,,,,,,,,,,marin,17,,,,　まりんちゃんは、本当に満足そうだ。二人で出かけて良かったと、思う。
168800 ,,,,,,,まりん,まりん,04mar123_060.wav,marin,60,,,,「たまには……みらいちゃんにナイショで、また二人でえっちするですよっ？」
168900 ,,,,,,,弘明,弘明,,marin,60,,,,「えっ……？」
169000 ,,,,,,,まりん,まりん,04mar123_061.wav,marin,0,,,,「まりことおにーさんの、ナイショのやくそくなのですっ」
169100 ,,,,,,,,,,marin,0,,,,　そう言ってまりんちゃんは、俺の小指をくいくいっと引っ張ってくる。
169200 ,,,,,,,弘明,弘明,,marin,0,,,,「ああ、指切りね。えっと…………んんっ？」
169400 ,,,,,,,,,,marin,81,,,,
169500 ,,,,,,,まりん,まりん,04mar123_062.wav,marin,81,,,,「んっ」
169600 ,,,,,,,,,,marin,81,,,,　小指じゃなく、くいっと唇を突き出して、目を閉じているまりんちゃん。
169700 ,,,,,,,弘明,弘明,,marin,81,,,,「えっ、あっ、あの……まりんちゃん？」
169800 ,,,,,,,まりん,まりん,04mar123_063.wav,marin,81,,,,「んん～～～～っ」
169900 ,,,,,,,,,,marin,81,,,,　俺はキスの行き先を、おでこ、ほっぺた、唇……そのどこにするか、迷って……。
170000 ,,,,,,,弘明,弘明,,marin,81,,,,「うん……ナイショの約束ね。まりんちゃん」
170100 ,,,,,,,,,,marin,81,,,,　小さくて柔らかい唇に、そっとキスをしたのだった。
170400 ,"$fset %marin,0",,,,,,,,,,,,,,
170500 ,$go 04h008_ed,,,,,,,,,,,,,,
170600 ,,,,,,,,,,,,,,,
170700 ,,,,,,,,,,,,,,,
170800 ,,,,,,,,,,,,,,,
170900 ,,,,,,,,,,,,,,,
171000 ,,,,,,,,,,,,,,,
171100 ,@04h007_min01,,,,,,,,,,,,,,
171500 ,,,2,1051,,,,,,,,,,,
171510 ,,,,,,,,,,,,,,,　俺は、みなとにメールを送ることにした。
171520 ,,,,,,,,,,,,,,,　今日、良かったらウチに来ないか……と打ち込み、みなとのアドレスに送信する。返事は、すぐにやってきた。
171530 ,,,,,,,弘明,弘明,,,,,,,「えっ、みらいちゃんも来たいって？　またエッチなお願いされるのかなあ……」
171572 ,,<s_fade time=""1500"" type=""panel"" param=""type=3"">,,9000,,,,,,,,,,,
171583 ,,<wait time=""1000""><s_fade time=""1500"" type=""panel"" param=""type=2"">,1,1011,,,,,,,,,,,
171584 ,,,,,,,,,,,,,,,　しばらくして、みなとがみらいちゃんを伴ってやってきた。
171585 ,,,,,,,,,,,,,,,　みらいちゃんは入って来るなり、いきなりものすごいことを口にする。
171800 ,,,,,,,みらい,みらい,01mir142_001.wav,"mirai,uniform",0,,,,「あたし、あの本にあった……おち○ちんなめるの、してみたい」
171900 ,,,,,,,弘明,弘明,,mirai,0,,,,「……フェラチオのこと？」
172000 ,,,,,,,みらい,みらい,01mir142_002.wav,mirai,1,,,,「そうそう、たぶんそれ！」
172100 ,,,,,,,弘明,弘明,,mirai,1,,,,「フェラチオってもなあ……」
172200 ,,,,,,,みらい,みらい,01mir142_003.wav,mirai,5,,,,「ねぇ……ダメ？」
172300 ,,,,,,,みなと,みなと,02min142_001.wav,mirai,5,"minato,uniform",8,,「ボクも……お兄ちゃんのおち○ちん、なめたいよぉ……」
172400 ,,,,,,,みらい,みらい,01mir142_004.wav,mirai,84,minato,8,,「ダメよっ。お兄ちゃんのおち○ちんは、あたしのなんだからっ！」
172500 ,,,,,,,みなと,みなと,02min142_002.wav,mirai,84,minato,3,,「あぅ……」
172600 ,,,,,,,弘明,弘明,,mirai,84,minato,3,,「こらこら、仲良くして。仲良く」
172700 ,,,,,,,,,,mirai,84,minato,3,,　俺は二人の頭を撫でる。
172800 ,,,,,,,弘明,弘明,,mirai,84,minato,3,,「二人で一緒に舐めるんだ」
172900 ,,,,,,,みらい,みらい,01mir142_005.wav,mirai,17,minato,3,,「うん……しかたないわね」
173000 ,,,,,,,みなと,みなと,02min142_003.wav,mirai,17,minato,60,,「うんっ……！」
173200 ,@04h007_min02_ev02,,,,,,,,,,,,,,
173700 ,,<!ef_timepass><m_fade fadeout=""2000"" fadein=""1500"">,11,,200211,,,,,,,,,,
173800 ,*mem,,,,200211,,,,,,,,,,
173900 ,,,11,1021,200211,,,,,,,,,,　俺は二人の前に、勃起したペニスを取り出した。
174000 ,,,,,200211,,みらい,みらい,01mir071_001.wav,,,,,,「わっ……」
174100 ,,,,,200211,,みなと,みなと,02min071_001.wav,,,,,,「うわぁ……」
174200 ,,,,,200211,,,,,,,,,,　ズボンの締め付けから開放されると、勃起しきったチ○チンは待ってましたと言わんばかりの猛々しい雄姿で二人に感嘆の声を上げさせた。
174300 ,,,,,200211,,みらい,みらい,01mir071_002.wav,,,,,,「こんなの……よく今までズボンの中におさまってたわね……」
174400 ,,,,,200211,,弘明,弘明,,,,,,,「まあ、ね……」
174500 ,,,,,200211,,,,,,,,,,　実際、勃起したままズボンにしまうのはかなり無理が伴うしなぁ……。
174600 ,,,,,200211,,みなと,みなと,02min071_002.wav,,,,,,「すごくおおきい……かっこいいな……」
174700 ,,,,,200211,,弘明,弘明,,,,,,,「みなともこれから大きくなるよ、きっと」
174800 ,,,,,200211,,みなと,みなと,02min071_003.wav,,,,,,「そ、そうかな……」
174900 ,,,,,200211,,みらい,みらい,01mir071_003.wav,,,,,,「くんくん……。あ、こんなにおいするんだ、おち○ちんって……」
175000 ,,,,,200211,,,,,,,,,,　何てことを考えてる間に、みらいちゃんがチ○チンに顔を寄せて、小さな鼻をヒクヒクさせている。
175100 ,,,,,200211,,弘明,弘明,,,,,,,「えっと、あっ、その……ごめん……」
175200 ,,,,,200211,,みらい,みらい,01mir071_004.wav,,,,,,「ううん、イヤなにおいじゃないよ……。ぎゃくに……くんくん、くん……」
175300 ,,,,,200211,,弘明,弘明,,,,,,,「み、みらいちゃん……！？」
175400 ,,,,,200211,,みらい,みらい,01mir071_005.wav,,,,,,「すんっ、すん……ふぁぁ、このにおい、すきぃ…………」
175500 ,,,,,200211,,,,,,,,,,　チ○チンの匂いを嗅いで、トロンとした目つきになるみらいちゃん。
175600 ,,,,,200211,,,,,,,,,,　その横でおどおどとしながら、みなとが俺のチ○チンを注視していた。
175700 ,,,,,200211,,みなと,みなと,02min071_004.wav,,,,,,「あっ、ボクも……」
175800 ,,,,,200211,,,,,,,,,,　恐る恐るみなとはチ○チンに顔を近づけ、鼻をひくつかせる。
175900 ,,,,,200211,,みなと,みなと,02min071_005.wav,,,,,,「ふぁ……なんか、ふわってするぅ……」
176000 ,,,,,200211,,弘明,弘明,,,,,,,「みなとも……この匂い、好きなのか？」
176100 ,,,,,200211,,みなと,みなと,02min071_006.wav,,,,,,「うん……すきみたい。すごくドキドキする……」
176200 ,,,,,200211,,弘明,弘明,,,,,,,「そっか、二人とも、俺のチ○チンの匂い好きか」
176300 ,,,,,200211,,みらい,みらい,01mir071_006.wav,,,,,,「うんっ！」
176400 ,,,,,200211,,,,,,,,,,　元気よく答えるみらいちゃん。みなとはその横で、恥ずかしそうに首をコクンと縦に振った。
176500 ,,,,,200211,,みらい,みらい,01mir071_007.wav,,,,,,「ねぇ、お兄ちゃん。おち○ちん、なめてもいい？」
176600 ,,,,,200211,,弘明,弘明,,,,,,,「ああ、舐めていいよ」
176700 ,,,,,200211,,みらい,みらい,01mir071_008.wav,,,,,,「それじゃ……ちゅっ▼」
176800 ,,,,,200211,,弘明,弘明,,,,,,,「うおっ」
176900 ,,,,,200211,,,,,,,,,,　みらいちゃんの柔らかな唇が亀頭に押し当てられ、ほとばしるような快感で目の前が一瞬白くなる。
177000 ,,,,,200211,,みらい,みらい,01mir071_009.wav,,,,,,「あ、ごめんなさい……痛かった？」
177100 ,,,,,200211,,弘明,弘明,,,,,,,「いや、あんまり気持ちよかったんでびっくりした……」
177200 ,,,,,200211,,みらい,みらい,01mir071_010.wav,,,,,,「よかった……じゃ、続けるわね？」
177300 ,,,,,200211,,弘明,弘明,,,,,,,「うん……」
177400 ,,,,,200211,,,,,,,,,,　再びみらいちゃんの唇が押し当てられ、快感が駆け抜けていく。だけど、今度は心構えができていたので、なんとか耐えられた。
177500 ,,,,,200211,,みらい,みらい,01mir071_011.wav,,,,,,「ちゅっ、んっ……んちゅ……ちゅ……」
177600 ,,,,,200211,,みなと,みなと,02min071_007.wav,,,,,,「お姉ちゃん……」
177700 ,,,,,200211,,みらい,みらい,01mir071_012.wav,,,,,,「んんっ……ほら、みなとも……」
177800 ,,,,,200211,,みなと,みなと,02min071_008.wav,,,,,,「うん……」
177900 ,,,,,200211,,,,,,,,,,　みらいちゃんにチ○チンを舐めさせながら、みなとの頭をなで、みなとにもチ○チンを舐めてもらえるように誘導する。
178000 ,,,,,200211,,弘明,弘明,,,,,,,「みなと、お姉ちゃんに遠慮しなくていいんだぞ……」
178100 ,,,,,200211,,みなと,みなと,02min071_009.wav,,,,,,「うん……お兄ちゃん……」
178200 ,,,,,200211,,みらい,みらい,01mir071_013.wav,,,,,,「ちゅる……んちゅ…………みなとはそっちからね……ちゅぅ」
178300 ,,,,,200211,,みなと,みなと,02min071_010.wav,,,,,,「うん……んっ、ちゅるっ……」
178400 ,,,,,200211,,弘明,弘明,,,,,,,「くっ！」
178500 ,,,,,200211,,,,,,,,,,　二人の小さな唇に触れられ、さっきの快感の衝撃が、二倍どころか二百倍くらいになって襲いかかってきた。
178600 ,,,,,200211,,みらい,みらい,01mir071_014.wav,,,,,,「ちゅるっ、くちゅっ、ちゅ…………ふぁぁ、すごくおいしい……」
178700 ,,,,,200211,,みなと,みなと,02min071_011.wav,,,,,,「ちゅるっ、んっ、んっ……ボクも、この味すきぃ……」
178800 ,,,,,200211,,弘明,弘明,,,,,,,「みなと……亀頭のところ……チ○チンの先の方を舐めてくれるか？」
178900 ,,,,,200211,,みなと,みなと,02min071_012.wav,,,,,,「う、うん……ちゅ、ん……こう？　ちゅるっ……」
179000 ,,,,,200211,,弘明,弘明,,,,,,,「ああ……そうだ……そのまま、先の割れた部分に……うっ……いいぞ……」
179100 ,,,,,200211,,みなと,みなと,02min071_013.wav,,,,,,「お兄ちゃん……▼　ちゅっ、あむっ、んんっ、ふぁ……ちゅるっ、ちゅっ、ちゅぽっ、んんっ……」
179200 ,,,,,200211,,,,,,,,,,　初めはおっかなびっくりだったみなとのフェラチオも、慣れてきたのか、ちょっとコツを教えたら瞬く間に上手くなっていく。
179300 ,,,,,200211,,,,,,,,,,　なんだか……恐ろしい才能だ。
179400 ,,,,,200211,,弘明,弘明,,,,,,,「くっ……うっ……みなとはしゃぶるのが上手だな……んっ」
179500 ,,,,,200211,,みらい,みらい,01mir071_015.wav,,,,,,「むっ……。ちゅっ、じゅっ、ちゅぅぅっ！」
179600 ,,,,,200211,,弘明,弘明,,,,,,,「うあっ！？」
179700 ,,,,,200211,,,,,,,,,,　俺がみなとを誉めたことで対抗心を燃やしたのか、みらいちゃんがいきなり強く吸い込んでくる。
179800 ,,,,,200211,,弘明,弘明,,,,,,,「ちょっと、みらいちゃ……んんっ！」
179900 ,,,,,200211,,みらい,みらい,01mir071_016.wav,,,,,,「あたしの方が、きもちいいでしょ？　ちゅっ、じゅるっ、じゅじゅっ、ちゅるるぅぅぅっ！」
180000 ,,,,,200211,,みなと,みなと,02min071_014.wav,,,,,,「ちゅぷ……だめだよ、お姉ちゃん。そんなにむりやりしたら、痛いよ……」
180100 ,,,,,200211,,みらい,みらい,01mir071_017.wav,,,,,,「そっ、そう？　お兄ちゃん、痛かった……？」
180200 ,,,,,200211,,弘明,弘明,,,,,,,「ちょっと痛かったかな……」
180300 ,,,,,200211,,みらい,みらい,01mir071_018.wav,,,,,,「うっ……ごめんなさい……」
180400 ,,,,,200211,,,,,,,,,,　シュンと縮こまってしまうみらいちゃん。俺はその頭に手をやって、優しく撫でる。
180500 ,,,,,200211,,弘明,弘明,,,,,,,「いいよ、謝らなくても。慣れてないんだから、上手く出来なくて当然だよ」
180600 ,,,,,200211,,みらい,みらい,01mir071_019.wav,,,,,,「お兄ちゃん……」
180700 ,,,,,200211,,弘明,弘明,,,,,,,「それよりも続けてくれるかな。途中でやめられちゃう方がつらいよ」
180800 ,,,,,200211,,みらい,みらい,01mir071_020.wav,,,,,,「もう、お兄ちゃんたらしょうがないわね……。ちゅっ、んっ、ちゅっ……ふぁ、んんっ、ちゅっ、ぺろっ……」
180900 ,,,,,200211,,弘明,弘明,,,,,,,「みなとも……ほら」
181000 ,,,,,200211,,みなと,みなと,02min071_015.wav,,,,,,「うん、お兄ちゃん。……ぺろっ」
181100 ,,,,,200211,,,,,,,,,,　再び始まった二人のフェラチオで、俺のチ○チンが歓喜の声を上げる。
181200 ,,,,,200211,,,,,,,,,,　俺は懸命にチ○チンに口づける二人が可愛くて、二人の頭をずっと撫で続けた。
181300 ,,,,,200211,,みらい,みらい,01mir071_021.wav,,,,,,「あ……お兄ちゃん……ちゅっ、じゅるっ、あむ……んんんっ、ふぁむっ、あむ……んんっ、じゅるっ……」
181400 ,,,,,200211,,みなと,みなと,02min071_016.wav,,,,,,「お兄ちゃん……ちゅっ、ぺろっ、んん……あむっ、ちゅぴ、ぺろっ……」
181500 ,,,,,200211,,,,,,,,,,　気持ちよさそうに目を細めながら、二人は俺のペニスを舐め続ける。
181600 ,,,,,200211,,みらい,みらい,01mir071_022.wav,,,,,,「あ……おち○ちんから、とろっとしたの出てきた……」
181700 ,,,,,200211,,,,,,,,,,　あまりの心地よさに、早くも我慢汁が出てきてしまったらしい。
181800 ,,,,,200211,,,,,,,,,,　まだ射精してないだけ、よくがんばってると自分でも思う。
181900 ,,,,,200211,,みらい,みらい,01mir071_023.wav,,,,,,「これって、精子？」
182000 ,,,,,200211,,弘明,弘明,,,,,,,「いや、違うよ。カウパーといって、潤滑液みたいなものなんだ」
182100 ,,,,,200211,,みらい,みらい,01mir071_024.wav,,,,,,「じゃんかつ……？」
182200 ,,,,,200211,,みなと,みなと,02min071_017.wav,,,,,,「『じゅんかつ』だよ、お姉ちゃん……」
182300 ,,,,,200211,,みらい,みらい,01mir071_025.wav,,,,,,「う……うるさいわねっ！」
182400 ,,,,,200211,,,,,,,,,,　俺は苦笑しながら、みらいちゃんをなだめた。
182500 ,,,,,200211,,弘明,弘明,,,,,,,「まあ、チ○チンが気持ちよくなってきたって合図みたいなものかな」
182600 ,,,,,200211,,みらい,みらい,01mir071_026.wav,,,,,,「じゃあ、もっとペロペロすれば精子出るの？」
182700 ,,,,,200211,,弘明,弘明,,,,,,,「そうだな、もう少しで出ちゃいそうだ」
182800 ,,,,,200211,,みらい,みらい,01mir071_027.wav,,,,,,「じゃあ、あたしがんばる……。ほら、みなとももっとなめるのっ」
182900 ,,,,,200211,,みなと,みなと,02min071_018.wav,,,,,,「うん……お兄ちゃん……んちゅっ、ちゅるっ……」
183000 ,,,,,200211,,,,,,,,,,　さすが、みなとは男の子ということか。もうすっかり上達して、的確にチ○チンの感じる場所を探し当てて舐めてくる。
183100 ,,,,,200211,,弘明,弘明,,,,,,,「お、おお……みなと、いいぞ……」
183200 ,,,,,200211,,みなと,みなと,02min071_019.wav,,,,,,「んんっ、れろっ……」
183300 ,,,,,200211,,弘明,弘明,,,,,,,「ああ……そうだ、そこをもっと……」
183400 ,,,,,200211,,みらい,みらい,01mir071_028.wav,,,,,,「むっ……あたしだって！　んむっ、あむっ……んちゅるっ、じゅるっ……」
183500 ,,,,,200211,,,,,,,,,,　今度はみらいちゃんが、情熱的に舌を這わせてきた。
183600 ,,,,,200211,,,,,,,,,,　吸う力は強めてるものの、ちゃんと考えるようになったのか、強弱をつけたり、場所を変えたりして、一生懸命感じさせようとしてくれてるのが分かる。
183700 ,,,,,200211,,,,,,,,,,　そして、その成果は確かに出ていた。
183800 ,,,,,200211,,みらい,みらい,01mir071_029.wav,,,,,,「ちゅるる、ちゅ……んちゅぅ……どう？　ちゅ、お兄ちゃん……んちゅ……」
183900 ,,,,,200211,,弘明,弘明,,,,,,,「う、ううっ……ああ、いいよ、みらいちゃんも……んっ」
184000 ,,,,,200211,,みなと,みなと,02min071_020.wav,,,,,,「ちゅ……んちゅ……お兄ちゃん……ちゅぅっ……じゅるちゅ……」
184100 ,,,,,200211,,みらい,みらい,01mir071_030.wav,,,,,,「むちゅ、ちゅ……るちゅ……くちゅ……ふぁ、お兄ちゃん……ちゅぅ……」
184200 ,,,,,200211,,,,,,,,,,　双子の淫らなデュエットが部屋にこだまし、俺の脳をどろどろに溶かしていく。
184300 ,,,,,200211,,弘明,弘明,,,,,,,「みなと……袋も揉んでくれ……」
184400 ,,,,,200211,,みなと,みなと,02min071_021.wav,,,,,,「ちゅぷ……うん、お兄ちゃん……」
184500 ,,,,,200211,,,,,,,,,,　みなとのすべすべで小さな手が俺の袋に伸び、優しく包み込んだ。
184600 ,,,,,200211,,弘明,弘明,,,,,,,「うあっ……んっ」
184700 ,,,,,200211,,みなと,みなと,02min071_022.wav,,,,,,「お兄ちゃん……ちゅ、ん、ちゅる……っ」
184800 ,,,,,200211,,みらい,みらい,01mir071_031.wav,,,,,,「お兄ちゃぁん……んちゅ、ちゅぅぅ……」
184900 ,,,,,200211,,弘明,弘明,,,,,,,「うっ、あああっ……みらいちゃん、みなと……出るよ……！」
185000 ,,,,,200211,,みらい,みらい,01mir071_032.wav,,,,,,「でる？　でるって……精子？」
185100 ,,,,,200211,,みなと,みなと,02min071_023.wav,,,,,,「ちゅ……んちゅ、ちゅるっ……ちゅ」
185200 ,,,,,200211,,,,,,,,,,　俺の言葉にみらいちゃんの愛撫が一瞬止まるけど、みなとの方はむしろその奉仕にさらに熱心になる。
185300 ,,,,,200211,,弘明,弘明,,,,,,,「みらいちゃん、やめないで……」
185400 ,,,,,200211,,みらい,みらい,01mir071_033.wav,,,,,,「あっ、ごめん……んちゅ、じゅるっ……くちゅぅ……」
185500 ,,,,,200211,,,,,,,,,,　今の遅れを挽回しようと、みらいちゃんは今までより強くチ○チンをしゃぶり、こぼれ落ちるカウパーをすすって、快感を増幅させる。
185600 ,,,,,200211,,みなと,みなと,02min071_024.wav,,,,,,「んちゅぅぅっ……ちゅるるっ！」
185700 ,,,,,200211,,みらい,みらい,01mir071_034.wav,,,,,,「ちゅっ、んちゅ、ちゅぅぅっ！」
185800 ,,,,,200211,,弘明,弘明,,,,,,,「んぅっ……あああぁぁっ……！」
186500 ,,<!ef_shasei>,,,200214,,みらい＠みなと,二人,01mir071_035.wav＠02min071_025.wav,,,,,,「きゃっ……！　ふぁ……」
186600 ,,,,,200214,,,,,,,,,,　びゅくびゅくと亀頭の先から白い粘液が噴出し、二人の顔を白く染めた。
186700 ,,,,,200214,,みらい,みらい,01mir071_036.wav,,,,,,「すごい……こんなにいっぱい……」
186800 ,,,,,200214,,みなと,みなと,02min071_026.wav,,,,,,「んんっ、んっ……これが……精子のにおい……」
186900 ,,,,,200214,,弘明,弘明,,,,,,,「はぁ……気持ちよかった……」
187000 ,,,,,200214,,,,,,,,,,　二人は精液で顔がべたべたになっているにもかかわらず、少しも嫌そうな顔をしないで、間近で見る射精に感動しているようだった。
187100 ,,,,,200214,,みらい,みらい,01mir071_037.wav,,,,,,「あたし、精子をこんなに近くで見るのはじめて……」
187200 ,,,,,200214,,みなと,みなと,02min071_027.wav,,,,,,「ボクも……」
187300 ,,,,,200214,,みらい,みらい,01mir071_038.wav,,,,,,「白くて、ぬるぬるしてる……あったかい……」
187400 ,,,,,200214,,,,,,,,,,　嫌がるどころか、愛しげに顔に手をやって目を閉じるみらいちゃん。
187500 ,,,,,200214,,みなと,みなと,02min071_028.wav,,,,,,「これが、赤ちゃんのもとなんだね……」
187600 ,,,,,200214,,,,,,,,,,　みなとのほうも幸せそうな笑みを浮かべて恍惚としていた。
187700 ,$event_return,,,,,,,,,,,,,,
188000 ,@04h007_min03,,,,,,,,,,,,,,
188200 ,,<m_fade fadeout=""2000"">,0,,200214,,,,,,,,,,
188300 ,,<s_fade time=""2500"">,,9000,,,,,,,,,,,
188400 ,,<s_fade time=""1500"" type=""panel"" param=""type=0"">,1,1021,,,弘明,弘明,,,,,,,「ふぅ……。みなともみらいちゃんも……えっちだなぁ……」
188500 ,,,,,,,みなと,みなと,02min141_001.wav,,,"minato,naked",8,,「えっ……そ、そうかな……」
188600 ,,,,,,,みらい,みらい,01mir141_001.wav,"mirai,naked",84,minato,8,,「なによ、お兄ちゃんのほうがよっぽどえっちでしょっ」
188700 ,,,,,,,,,,mirai,84,minato,8,,　俺はまあまあと言いながら両手を広げて、二人を抱き寄せたのだった。
188800 ,,<hide><!ef_daypass>,0,9000,,,,,,,,,,,
189100 ,@04h007_min04,,,,,,,,,,,,,,
189420 ,,<hide><s_fade time=""1500"" type=""panel"" param=""type=0"">,2,1051,,,,,,,,,,,
189430 ,,,,,,,,,,,,,,,　別の日の午後。今度はみらいちゃんが、みなとと来たいというメールを送ってきた。
189440 ,,,,,,,,,,,,,,,　またエッチなお願いなんだろうな……と思いつつ、俺はＯＫの返事を送る。
189450 ,,,,,,,,,,,,,,,　ほどなくして、みらいちゃんとみなとが到着した。
189500 ,,<!ef_timepass><!ef_door_entrance_open>,1,1031,,,,,,,,,,,
189600 ,,,,,,,みらい,みらい,01mir171_001.wav,"mirai,uniform",1,,,,「お兄ちゃん、来たよーっ」
189700 ,,,,,,,弘明,弘明,,mirai,1,,,,「ああ、みらいちゃん。いらっしゃい」
189800 ,,,,,,,みなと,みなと,02min171_001.wav,,,"minato,uniform",12,,「えっと……お兄ちゃん……」
189900 ,,,,,,,弘明,弘明,,,,minato,12,,「みなとも、いらっしゃい」
190000 ,,,,,,,みなと,みなと,02min171_002.wav,,,minato,60,,「うん……」
190100 ,,,,,,,みらい,みらい,01mir171_002.wav,mirai,14,minato,60,,「もう……なに恥ずかしがってるのよっ」
190200 ,,,,,,,みなと,みなと,02min171_003.wav,mirai,14,minato,6,,「だって…………」
190300 ,,,,,,,みらい,みらい,01mir171_003.wav,mirai,5,minato,6,,「お兄ちゃんとえっちしたいって言ったのは、みなとでしょっ」
190400 ,,,,,,,みなと,みなと,02min171_004.wav,mirai,5,minato,15,,「あう……それは……」
190500 ,,,,,,,弘明,弘明,,mirai,5,minato,15,,「ふふっ……そうか、みなとから言ってきたのか」
190600 ,,,,,,,みなと,みなと,02min171_005.wav,mirai,5,minato,8,,「あぅぅ……」
190700 ,,,,,,,,,,mirai,5,minato,8,,　みなとが、耳まで真っ赤にしてうなだれる。
190900 ,,,,,,,みらい,みらい,01mir171_004.wav,mirai,85,minato,8,,「ほら、みなとっ」
191000 ,,,,,,,みなと,みなと,02min171_006.wav,mirai,85,minato,6,,「う、うん…………」
191300 ,@04h007_min05_ev04,,,,,,,,,,,,,,
192200 ,,<!ef_timepass>,11,1021,,,みなと,みなと,02min072_001.wav,,,"minato,naked",8,,「はずかしいよぉ……」
192300 ,,,,,,,,,,,,minato,8,,　みなとは、恥ずかしそうに身体をもじもじとさせている。
192500 ,,,,,,,みらい,みらい,01mir072_001.wav,"mirai,naked",2,minato,8,,「ふぁ……」
192600 ,,,,,,,,,,mirai,2,minato,8,,　みらいちゃんが、みなとのチ○チンを見て感嘆の声をあげる。
192700 ,,,,,,,みなと,みなと,02min072_002.wav,mirai,2,minato,15,,「お、お姉ちゃん……！？」
192800 ,,,,,,,みらい,みらい,01mir072_002.wav,mirai,6,minato,15,,「みなとのおち○ちん、ちっちゃいころから見てたけど……いつのまにか、ちょっと大人になってたんだね……」
192900 ,,,,,,,みなと,みなと,02min072_003.wav,mirai,6,minato,60,,「お姉ちゃんだって、おっぱいふくらんできてるよ……」
193000 ,,,,,,,みらい,みらい,01mir072_003.wav,mirai,84,minato,60,,「ばか……へんなこと言わないで……」
193100 ,,,,,,,,,,mirai,84,minato,60,,　みらいちゃんは、赤面した。
193200 ,,,,,,,弘明,弘明,,mirai,84,minato,60,,「ほら、二人とも。こっちに来て……」
193300 ,,,,,,,,,,mirai,84,minato,60,,　俺は二人をベッドの上に誘った。
194100 ,,<m_fade fadeout=""2000"" fadein=""1500"">,10,,200411,,,,,,,,,,
194200 ,*mem,,,,200411,,,,,,,,,,
194300 ,,,10,,200411,,みなと,みなと,02min072_004.wav,,,,,,「んっ、お姉ちゃん……」
194400 ,,,,,200411,,みらい,みらい,01mir072_004.wav,,,,,,「みなと……。そういえば、こんな近くでみなとのかお見るの……久しぶりだね……」
194500 ,,,,,200411,,みなと,みなと,02min072_005.wav,,,,,,「うん……」
194600 ,,,,,200411,,,,,,,,,,　二人は、ぽーっとした顔で見つめ合う。
194700 ,,,,,200411,,みなと,みなと,02min072_006.wav,,,,,,「お姉ちゃんの肌って、すべすべしてて……きもちいい……」
194800 ,,,,,200411,,みらい,みらい,01mir072_005.wav,,,,,,「みなとの肌も、女の子みたいだよ……。すっごくやわらかい……」
194900 ,,,,,200411,,みなと,みなと,02min072_007.wav,,,,,,「んっ……お姉ちゃん……」
195000 ,,,,,200411,,みらい,みらい,01mir072_006.wav,,,,,,「みなと……ちゅっ」
195100 ,,,,,200411,,みなと,みなと,02min072_008.wav,,,,,,「ちゅっ、んちゅっ、ちゅっ……ぷはっ……お姉ちゃんとチュッてするのも、久しぶりかも……」
195200 ,,,,,200411,,みらい,みらい,01mir072_007.wav,,,,,,「そうだね……。ちっちゃいころは、よくちゅっちゅしてたね……」
195300 ,,,,,200411,,みなと,みなと,02min072_009.wav,,,,,,「お姉ちゃん……もっとしていい？」
195400 ,,,,,200411,,みらい,みらい,01mir072_008.wav,,,,,,「いいよ、みなと……。んっ、ちゅるっ、んっ……」
195500 ,,,,,200411,,みなと,みなと,02min072_010.wav,,,,,,「んっ、あむっ、んっ……ちゅっ、ちゅるっ、ちゅるるっ……ふぁ……」
195600 ,,,,,200411,,みらい,みらい,01mir072_009.wav,,,,,,「んっ、んんっ……じゅっ、ちゅるっ、ふぁぁ……」
195700 ,,,,,200411,,みなと,みなと,02min072_011.wav,,,,,,「んっ、ふぁ……お姉ちゃんのキス、えっち……」
195800 ,,,,,200411,,みらい,みらい,01mir072_010.wav,,,,,,「お兄ちゃんと、れんしゅうしたからね……」
195900 ,,,,,200411,,みなと,みなと,02min072_012.wav,,,,,,「ふぇっ？　いいな……ボクも、お兄ちゃんといっぱいキスの練習したい……」
196000 ,,,,,200411,,弘明,弘明,,,,,,,「それは、また今度な」
196100 ,,,,,200411,,,,,,,,,,　頃合いを見て、俺はみなとに指示を出した。
196200 ,,,,,200411,,弘明,弘明,,,,,,,「みなと、お姉ちゃんに……チ○チン入れるんだ」
196300 ,,,,,200411,,みなと,みなと,02min072_013.wav,,,,,,「うん……」
196400 ,,,,,200411,,,,,,,,,,　みなとは、みらいちゃんのおま○こに勃起したチ○チンを当てた。
196500 ,,,,,200411,,みなと,みなと,02min072_014.wav,,,,,,「じゃあ……いれるよ、お姉ちゃん……」
196600 ,,,,,200411,,みらい,みらい,01mir072_011.wav,,,,,,「うん……。あたしの中に来て、みなと……」
196700 ,,,,,200411,,,,,,,,,,　みなとが腰を下ろそうとしたとき、みなとの身体がぶるっと震える。
196800 ,,,,,200411,,みなと,みなと,02min072_015.wav,,,,,,「やっ、あんっ……？」
196900 ,,,,,200411,,,,,,,,,,　挿入直前というところで、みなとのチ○チンの皮が戻ってしまったようだ。
197000 ,,,,,200411,,みらい,みらい,01mir072_012.wav,,,,,,「えっ、どうしたの……？」
197100 ,,,,,200411,,みなと,みなと,02min072_016.wav,,,,,,「え、えっと……おち○ちんの皮が、もどっちゃって……」
197200 ,,,,,200411,,弘明,弘明,,,,,,,「みなと、俺が剥いてあげるよ」
197300 ,,,,,200411,,,,,,,,,,　俺はみなとのチ○チンをつまみ、キュッと皮を剥く。そして、みらいちゃんのおま○こにあてがった。
197400 ,,,,,200411,,みなと,みなと,02min072_017.wav,,,,,,「んっ……ふぁんっ！　ふぁ……ありがと、お兄ちゃん……」
197500 ,,,,,200411,,みらい,みらい,01mir072_013.wav,,,,,,「あ……みなとのおち○ちん、先っぽがあたしのおま○こに当たってる……。おち○ちん、あったかいね……」
197600 ,,,,,200411,,みなと,みなと,02min072_018.wav,,,,,,「お姉ちゃんのおま○こも、あったかいよ……」
197700 ,,,,,200411,,弘明,弘明,,,,,,,「みなと。そのまま、腰を下に降ろすんだ」
197800 ,,,,,200411,,みなと,みなと,02min072_019.wav,,,,,,「うん…………んあっ、んあぁぁっ！」
198000 ,,,,,200412,,みらい,みらい,01mir072_014.wav,,,,,,「あっ、ああぁぁぁぁっ……！　みなとのおち○ちん、入ってきた……」
198100 ,,,,,200412,,,,,,,,,,　みらいちゃんが、艶っぽい声を出す。
198200 ,,,,,200412,,みなと,みなと,02min072_020.wav,,,,,,「すごい……お姉ちゃんのおま○こ、すっごくきもちいいよ……。ボク、もう精子が出ちゃいそう……」
198300 ,,,,,200412,,弘明,弘明,,,,,,,「我慢して、みなと」
198400 ,,,,,200412,,みなと,みなと,02min072_021.wav,,,,,,「う、うん……。でも、あっ、ああんっ……」
198500 ,,,,,200412,,みらい,みらい,01mir072_015.wav,,,,,,「んっ、あっ、んああっ……がんばって、みなと……」
198600 ,,,,,200412,,みなと,みなと,02min072_022.wav,,,,,,「ふぁっ、ああっ……ボク、がんばるね……。んっ、んんっ、あうっ！」
198700 ,,,,,200412,,弘明,弘明,,,,,,,「どう？　みらいちゃん。みなとのチ○チンは」
198800 ,,,,,200412,,みらい,みらい,01mir072_016.wav,,,,,,「お兄ちゃんのよりは、ずっと小さいけど……。でも、あったかくてきもちいいよ……みなとのおち○ちん……」
198900 ,,,,,200412,,みなと,みなと,02min072_023.wav,,,,,,「ボクも、お姉ちゃんのおま○こ……あったかくてぬるぬるしてて、すっごくきもちいい……」
199000 ,,,,,200412,,みらい,みらい,01mir072_017.wav,,,,,,「もっと、動いていいよ……みなと」
199100 ,,,,,200412,,みなと,みなと,02min072_024.wav,,,,,,「うん……。んっ、んぁぁっ……！」
199200 ,,,,,200412,,みらい,みらい,01mir072_018.wav,,,,,,「あっ、あっ、ああっ……！　みなとのおち○ちんが、あたしのおま○この中でうごいてるよぉ……。ふぁっ、あっ、ああんっ！」
199300 ,,,,,200412,,みなと,みなと,02min072_025.wav,,,,,,「んっ、あああっ！　おち○ちん、皮がむけてるから……おち○ちんの先っぽが、すごくきもちいい……！」
199400 ,,,,,200412,,みらい,みらい,01mir072_019.wav,,,,,,「あっ、うっ、あうっ！」
199500 ,,,,,200412,,,,,,,,,,　俺は、後ろからそっとみなとのアヌスに舌を這わせた。
199600 ,,,,,200412,,弘明,弘明,,,,,,,「ぺろっ……」
199700 ,,,,,200412,,みなと,みなと,02min072_026.wav,,,,,,「ひゃあっ！？　お、お兄ちゃん……！　やっ、あっ、ああっ！　ボクのおしりの穴……ああんっ！　なめてるの……？」
199800 ,,,,,200412,,弘明,弘明,,,,,,,「そうだよ。あんまり可愛いからな」
199900 ,,,,,200412,,みなと,みなと,02min072_027.wav,,,,,,「んっ、あっ、あうっ！　んんっ、あっ、あう……ダメだよぉ、おしりなめたら……精子、がまんできなくなる……」
200000 ,,,,,200412,,弘明,弘明,,,,,,,「みなとのおしり、柔らかくてとろとろだから……」
200100 ,,,,,200412,,みなと,みなと,02min072_028.wav,,,,,,「ふぇっ……？」
200200 ,,,,,200412,,弘明,弘明,,,,,,,「おしりの力、抜くんだ……」
200300 ,,,,,200412,,,,,,,,,,　俺は勃起しきったペニスを、みなとのアヌスにあてがう。
200400 ,,,,,200412,,みなと,みなと,02min072_029.wav,,,,,,「ふぁっ、おしりの穴に、あったかいのが当たってる……。えっ、お兄ちゃんのおち○ちん……！？」
200500 ,,,,,200412,,,,,,,,,,　俺はそうだよと答えながら、みなとの体内へ一気に挿入した。
200700 ,,,,,200413,,みなと,みなと,02min072_030.wav,,,,,,「ふぁっ……ううっ、あああっ！！　あっ、あ……おしりの中に……お兄ちゃんのおち○ちんが……！　うううっ、あうっ、ああっ！」
200800 ,,,,,200413,,弘明,弘明,,,,,,,「ああ……」
200900 ,,,,,200413,,みなと,みなと,02min072_031.wav,,,,,,「うっ、あっ、ああっ！　おしり、ひろがって……ああんっ！」
201000 ,,,,,200413,,みらい,みらい,01mir072_020.wav,,,,,,「んあっ！　みなとのおち○ちん、すごくおっきくなった……。あっ、あっ、ああっ！」
201100 ,,,,,200413,,みなと,みなと,02min072_032.wav,,,,,,「ふあっ、あっ、んんっ……あっ、あっ、あうっ！　お兄ちゃんのおち○ちん、おしりの中をぐりぐりって……あっ、んっ、んんっ！」
201200 ,,,,,200413,,みらい,みらい,01mir072_021.wav,,,,,,「あっ、んっ、んあぁっ！　みなと……あっ、んんっ、あうっ！」
201300 ,,,,,200413,,みなと,みなと,02min072_033.wav,,,,,,「んんっ、あっ、あっ！　も、もうダメぇ……イッちゃう、精子出ちゃう……」
201400 ,,,,,200413,,弘明,弘明,,,,,,,「がまんして、みなと……」
201500 ,,,,,200413,,みなと,みなと,02min072_034.wav,,,,,,「だって、おしりも、おち○ちんも、きもちよすぎて……もうがまんできないよぉ……！　あっ、ああっ、精子、出ちゃう……！」
201600 ,,,,,200413,,みらい,みらい,01mir072_022.wav,,,,,,「うっ、うん……みなと、精子出して……。あたしのおま○こに、みなとの精子出して……！」
201700 ,,,,,200413,,みなと,みなと,02min072_035.wav,,,,,,「いっ、いいの……？　お姉ちゃんのおま○こにボクの精子出したら、赤ちゃんできたりしない……？」
201800 ,,,,,200413,,みらい,みらい,01mir072_023.wav,,,,,,「だっ、だいじょうぶよ……。あたし、まだだいじょうぶだから……。でも……」
201900 ,,,,,200413,,みらい,みらい,01mir072_024.wav,,,,,,「みなとの赤ちゃんなら、できちゃってもいいよ……」
202000 ,,,,,200413,,みなと,みなと,02min072_036.wav,,,,,,「ええっ！？　だっ、だってボクたち、＜姉弟＝きょうだい＞なのに……！　双子なのに、赤ちゃん作ったら怒られちゃうよぉっ！」
202100 ,,,,,200413,,みらい,みらい,01mir072_025.wav,,,,,,「いいよ……。あたし、みなとのこと好きだから……。みなとの赤ちゃん、産みたい……」
202200 ,,,,,200413,,みなと,みなと,02min072_037.wav,,,,,,「お姉ちゃん……」
202300 ,,,,,200413,,みらい,みらい,01mir072_026.wav,,,,,,「だから、ねっ……？　お姉ちゃんのおま○こに精子出して、みなともきもちよくなって……」
202400 ,,,,,200413,,みなと,みなと,02min072_038.wav,,,,,,「うっ、うんっ……お姉ちゃんのおま○こに、精子出すねっ……！　もし赤ちゃんできちゃったら、ボク、がんばって育てるから……」
202500 ,,,,,200413,,みらい,みらい,01mir072_027.wav,,,,,,「いいよっ、産んであげる……。みなとの赤ちゃん、産んであげる……！　二人で、赤ちゃん育てよっ……？」
202600 ,,,,,200413,,,,,,,,,,　みなとの腰づかいが、いっそう強くなる。
202700 ,,,,,200413,,みなと,みなと,02min072_039.wav,,,,,,「んあっ、んんっ！　おち○ちん、きもちいい……！　お姉ちゃんのおま○こ、すっごくきもちいいよぉ……！　んっ、んんっ、あんっ！」
202800 ,,,,,200413,,みなと,みなと,02min072_040.wav,,,,,,「んんっ、あっ、んぁぁっ！　お姉ちゃぁんっ！　あああっ、んんっ、んぁぁっ！」
202900 ,,,,,200413,,みらい,みらい,01mir072_028.wav,,,,,,「あっ、あっ、んぁぁぁっ！　す、すごいよ、みなとのおち○ちん……。あっ、あっ、あうっ！」
203000 ,,,,,200413,,みなと,みなと,02min072_041.wav,,,,,,「んんんっ、あうっ！　おち○ちんから、精子出ちゃうっ……！　あっ、ふぁっ、んんんっ、あああぁぁぁ……っ！！」
203300 ,,<!ef_shasei>,,,200414,,,,,,,,,,　みなとのペニスから、みらいちゃんのおま○こに精液が注がれる。
203400 ,,,,,200414,,みなと,みなと,02min072_042.wav,,,,,,「んあっ、あっ、ああ……お姉ちゃん……精子、出しちゃった……」
203500 ,,,,,200414,,みらい,みらい,01mir072_029.wav,,,,,,「うん……。すごかったよ、みなとの精子……。びゅびゅって、あたしのおま○この奥に出てた……」
203600 ,,,,,200414,,みなと,みなと,02min072_043.wav,,,,,,「ごめんね、お姉ちゃん……。赤ちゃんできちゃってたら、ごめんね……」
203700 ,,,,,200414,,みらい,みらい,01mir072_030.wav,,,,,,「いいよ……。二人で育てるって、言ったでしょ？」
203800 ,,,,,200414,,みなと,みなと,02min072_044.wav,,,,,,「うん……」
203900 ,,,,,200414,,弘明,弘明,,,,,,,「ほら、みなと……次は俺の番だ」
204000 ,,,,,200414,,みなと,みなと,02min072_045.wav,,,,,,「んぁんっ！　あっ、お兄ちゃん……？」
204100 ,,,,,200414,,,,,,,,,,　俺は、わざと休めていたストロークを再開した。
204200 ,,,,,200414,,みなと,みなと,02min072_046.wav,,,,,,「あっ、あっ、あうっ！　お兄ちゃんのおち○ちんが、おしりの中をぐりぐりって……ああんっ！」
204300 ,,,,,200414,,弘明,弘明,,,,,,,「おしりも気持ちいいだろう？　みなと」
204400 ,,,,,200414,,みなと,みなと,02min072_047.wav,,,,,,「うっ、うん……。おち○ちん、すっごくきもちいい……」
204500 ,,,,,200414,,みらい,みらい,01mir072_031.wav,,,,,,「あっ、んん……みなとのおち○ちん、またおっきくなってきた……！」
204600 ,,,,,200414,,みなと,みなと,02min072_048.wav,,,,,,「ふぁっ、あんっ！　ああっ、あ……もう……おち○ちんもおしりもきもちよすぎて、よくわかんない……」
204700 ,,,,,200414,,弘明,弘明,,,,,,,「うっ、ああ……出る……」
204800 ,,,,,200414,,みなと,みなと,02min072_049.wav,,,,,,「うっ、あっ、あうっ！　ボクも精子出ちゃう……。また、お姉ちゃんのおま○こに精子出しちゃうっ……！」
204900 ,,,,,200414,,みらい,みらい,01mir072_032.wav,,,,,,「ああっ、あっ、んんっ！　みなと、また精子出そう……？」
205000 ,,,,,200414,,みなと,みなと,02min072_050.wav,,,,,,「う、うん……また出ちゃう……」
205100 ,,,,,200414,,みらい,みらい,01mir072_033.wav,,,,,,「いいよ……。みなとの精子、たくさん出して」
205200 ,,,,,200414,,みらい,みらい,01mir072_034.wav,,,,,,「あっ、んんっ、あっ、あっ……！　みなと、さっきよりずっとおち○ちんおっきい……」
205300 ,,,,,200414,,みなと,みなと,02min072_051.wav,,,,,,「だって……ボクのおしりを、お兄ちゃんのおち○ちんがじゅぷじゅぷってしてるから……すっごくきもちいいんだもん……」
205400 ,,,,,200414,,弘明,弘明,,,,,,,「ううっ、うああっ！　出るぞ……！」
205500 ,,,,,200414,,みなと,みなと,02min072_052.wav,,,,,,「んっ、あんんっ、ああっ！　んんんっ、あうっ！　ふぁ……あ……あああぁぁぁっ……！！」
205800 ,,<!ef_shasei>,,,200415,,,,,,,,,,　俺もみなとも、大量の精液を吐き出した。
205900 ,,,,,200415,,弘明,弘明,,,,,,,「うう、ああ……」
206000 ,,,,,200415,,みなと,みなと,02min072_053.wav,,,,,,「出てる……お兄ちゃんの精子、ボクのおなかの中に出てる……」
206100 ,,,,,200415,,みらい,みらい,01mir072_035.wav,,,,,,「みなとの精子も、あたしの中に出てるよ……。前よりいっぱい……」
206200 ,,,,,200415,,みなと,みなと,02min072_054.wav,,,,,,「す、すごい……。おなかの中に精子出してもらうのって、こんな感じなんだね……」
206300 ,,,,,200415,,みらい,みらい,01mir072_036.wav,,,,,,「みなと……お兄ちゃんに精子出してもらって、きもちよかった？」
206400 ,,,,,200415,,みなと,みなと,02min072_055.wav,,,,,,「うん……すっごくきもちよかったよ……。精子が、びゅびゅって……からだの中に……」
206500 ,,,,,200415,,みらい,みらい,01mir072_037.wav,,,,,,「みなとも、あたしの中にそうやって出したのよ……？」
206600 ,,,,,200415,,みなと,みなと,02min072_056.wav,,,,,,「きもちよかったでしょ？　お姉ちゃん……」
206700 ,,,,,200415,,みらい,みらい,01mir072_038.wav,,,,,,「うん……。精子出してもらうの、すごくきもちいいね……」
206800 ,,,,,200415,,みなと,みなと,02min072_057.wav,,,,,,「ボクも、大好きになっちゃった……。お兄ちゃん、またボクのおしりに精子出してね？」
206900 ,,,,,200415,,弘明,弘明,,,,,,,「ああ」
207000 ,,,,,200415,,弘明,弘明,,,,,,,「しかし、みなとが２回も出したから……みらいちゃん、赤ちゃんできちゃったかも知れないな」
207100 ,,,,,200415,,みなと,みなと,02min072_058.wav,,,,,,「ええっ……？　ご、ごめんね……」
207200 ,,,,,200415,,みらい,みらい,01mir072_039.wav,,,,,,「ふふっ……。だから、まだだいじょうぶだってば。もう……」
207300 ,,,,,200415,,みなと,みなと,02min072_059.wav,,,,,,「でも……」
207400 ,,,,,200415,,みなと,みなと,02min072_060.wav,,,,,,「いつかは、お姉ちゃんに、ボクの赤ちゃん産んでもらって……。ボクは、お兄ちゃんの赤ちゃん産みたいな……」
207500 ,,,,,200415,,弘明,弘明,,,,,,,「これからも、みなとの中にいっぱい出してあげるよ」
207600 ,,,,,200415,,みなと,みなと,02min072_061.wav,,,,,,「うんっ……▼」
207700 ,,,,,200415,,みらい,みらい,01mir072_040.wav,,,,,,「お兄ちゃん……あたしにも、出してよぉ……」
207800 ,,,,,200415,,弘明,弘明,,,,,,,「ああ、みらいちゃんにもたくさん出してあげるよ」
207900 ,,,,,200415,,みなと,みなと,02min072_062.wav,,,,,,「あ、お兄ちゃんも精子出したら……お姉ちゃんに赤ちゃんできても、ボクの赤ちゃんか、お兄ちゃんの赤ちゃんか、わかんないよぉ……」
208000 ,,,,,200415,,みらい,みらい,01mir072_041.wav,,,,,,「んもう……とりあいっこ？　なかよくしてよ……。うふふっ」
208100 ,,,,,200415,,弘明,弘明,,,,,,,「モテモテだね、みらいちゃん」
208200 ,,,,,200415,,みらい,みらい,01mir072_042.wav,,,,,,「とーぜんよっ」
208300 ,,,,,200415,,,,,,,,,,　みなとと俺が苦笑する。
208400 ,,,,,200415,,弘明,弘明,,,,,,,「じゃあ、みなと……どっちが先にみらいちゃんと赤ちゃん作るか、競争しよっか」
208500 ,,,,,200415,,みなと,みなと,02min072_063.wav,,,,,,「うんっ。負けないよ、お兄ちゃん」
208600 ,,,,,200415,,みらい,みらい,01mir072_043.wav,,,,,,「もう……みんなえっちなんだから……」
208690 ,,<hide><s_fade wa time=""1500"">,,,200415,,,,,,,,,,
208700 ,$event_return,,,,,,,,,,,,,,
209000 ,"$fset %minato_loop,0",,,,,,,,,,,,,,
209100 ,$go 04h008_ed,,,,,,,,,,,,,,
209200 ,,,,,,,,,,,,,,,
209300 ,,,,,,,,,,,,,,,
209400 ,,,,,,,,,,,,,,,
209500 ,,,,,,,,,,,,,,,
209600 ,@04h008_ed,,,,,,,,,,,,,,
209700 ,"$fset %jump%,%minato_hlm",,,,,,,,,,,,,,
209800 ,$jump_begin,,,,,,,,,,,,,,
↓,"$jump_item 0,みなと無し,hlm_loop0",,,,,,,,,,,,,,
↓,"$jump_item 1,みなと有り,hlm_loop1",,,,,,,,,,,,,,
↓,$jump_end,,,,,,,,,,,,,,
209900 ,,,,,,,,,,,,,,,エラー行
210000 ,*hlm_loop0,,,,,,,,,,,,,,
210100 ,"$cmp %yachiyo,!=,1",,,,,,,,,,,,,,
210200 ,$true_begin,,,,,,,,,,,,,,
↓,"$cmp %marin,!=,1",,,,,,,,,,,,,,
↓,$true_begin,,,,,,,,,,,,,,
↓,$go hlm_end,,,,,,,,,,,,,,エンディングへ
↓,$true_end,,,,,,,,,,,,,,
↓,$true_end,,,,,,,,,,,,,,
210380 ,,<hide><!ef_daypass>,0,9000,,,,,,,,,,,
210390 ,,<hide><s_fade time=""1500"" type=""panel"" param=""type=0"">,2,1051,,,,,,,,,,,
210400 ,,,,,,,,,,,,,,,　ぬぬう。今日も今日とて、見事に仕事に詰まった。さて、どうやって逃避しようか……。
210500 ,,,,,,,,,,,,,,,　そうだ。この前メールを送らなかった方に、メールを出してみよう。
210900 ,$menu_begin,,,,,,,,,,,,,,
↓,"$menu_item 0,やちよちゃんにメールを送る,04h005_y01,%yachiyo",,,,,,,,,,,,,,
↓,"$menu_item 1,まりんちゃんにメールを送る,04h006_m01,%marin",,,,,,,,,,,,,,
↓,$menu_end,,,,,,,,,,,,,,
211000 ,,,,,,,,,,,,,,,エラー行
211100 ,*hlm_loop1,,,,,,,,,,,,,,
211200 ,"$cmp %yachiyo,!=,1",,,,,,,,,,,,,,
211300 ,$true_begin,,,,,,,,,,,,,,
↓,"$cmp %marin,!=,1",,,,,,,,,,,,,,
↓,$true_begin,,,,,,,,,,,,,,
↓,"$cmp %minato_loop,!=,1",,,,,,,,,,,,,,
↓,$true_begin,,,,,,,,,,,,,,
↓,$go hlm_end,,,,,,,,,,,,,,エンディングへ
↓,$true_end,,,,,,,,,,,,,,
↓,$true_end,,,,,,,,,,,,,,
↓,$true_end,,,,,,,,,,,,,,
211480 ,,<hide><!ef_daypass>,0,9000,,,,,,,,,,,
211490 ,,<hide><s_fade time=""1500"" type=""panel"" param=""type=0"">,2,1051,,,,,,,,,,,
211500 ,,,,,,,,,,,,,,,　ぬぬう。今日も今日とて、見事に仕事に詰まった。さて、どうやって逃避しようか……。
211600 ,,,,,,,,,,,,,,,　そうだ。この前メールを送らなかった方に、メールを出してみよう。
212000 ,$menu_begin,,,,,,,,,,,,,,
↓,"$menu_item 0,やちよちゃんにメールを送る,04h005_y01,%yachiyo",,,,,,,,,,,,,,
↓,"$menu_item 1,まりんちゃんにメールを送る,04h006_m01,%marin",,,,,,,,,,,,,,
↓,"$menu_item 2,みなとにメールを送る,04h007_min01,%minato_loop",,,,,,,,,,,,,,
↓,$menu_end,,,,,,,,,,,,,,
212100 ,,,,,,,,,,,,,,,エラー行
212200 ,,,,,,,,,,,,,,,
212300 ,*hlm_end,,,,,,,,,,,,,,
212600 ,,<hide><!ef_daypass>,0,9000,,,,,,,,,,,
212700 ,,<hide><wait time=""1000""><m_fade fadein=""1500"">,1,,,,,,,,,,,,
212800 ,,<hide><s_fade time=""1500"" type=""panel"" param=""type=0"">,,1051,,,,,,,,,,,
212900 ,,,,,,,,,,,,,,,
213000 ,,<!ef_mail>,,,,,弘明,弘明,,,,,,,「……んっ？」
213100 ,,,,,,,,,,,,,,,　メール着信のアラームを聞いて、俺はメーラーを確認する。メールの差出人は……やちよちゃんからだ。
213200 ,,,,,,,,,,,,,,,『こんにちは、やちよです。いま、弘明さんのお部屋の近くにいるのですが……。これからお伺いしても、よろしいですか……？』
213300 ,,,,,,,,,,,,,,,　やちよちゃんらしい丁寧な文面のメールに、俺も思わず微笑む。そして早速、了解の返信を送った。
213400 ,,,,,,,弘明,弘明,,,,,,,「えーと、『もちろんＯＫだよ。待ってるね』……っと」
213500 ,,,,,,,,,,,,,,,　このところは、みらいちゃんたちが代わる代わる部屋に訪ねてくる。昨日はまりんちゃんで、その前はみらいちゃん……。更にその前は、３人いっぺんにだったっけ……？
213600 ,,,,,,,,,,,,,,,　３人もの可愛い女の子に囲まれるのは、嬉しいんだけど……こんな生活を毎日続けてたら、身体が保たないかもなぁ……。
213700 ,,,,,,,弘明,弘明,,,,,,,「ふぅ……」
213800 ,,<!ef_keitai>,,,,,,,,,,,,,　俺が小さく息をつくと同時に、今度は電話が鳴った。発信元は……みらいちゃんだ。
214000 ,,<stop id=""1""><!ef_operate>,,,,,みらい,みらい,01mir149_001.wav,,,,,,「あっ、もしもし？　お兄ちゃん？」
214100 ,,,,,,,弘明,弘明,,,,,,,「あっ、うん……どうしたの？　みらいちゃん」
214200 ,,,,,,,,,,,,,,,　内容はなんとなくわかっているけど、とりあえず聞いてみる。
214400 ,,,,,,,みらい,みらい,01mir149_002.wav,,,,,,「かえりにお兄ちゃんの部屋、行ってもいい？　いいわよね？」
214500 ,,,,,,,弘明,弘明,,,,,,,「えっ、あっ、うん……えっとね、今日は……」
214600 ,,,,,,,まりん,まりん,04mar149_001.wav,"marin,uniform",0,,,,「おにーさーんっ！　まりこが、あそびに来たですよーっ？」
214700 ,,,,,,,弘明,弘明,,marin,0,,,,「わっ、わわわっ……まりんちゃん！？」
214800 ,,,,,,,まりん,まりん,04mar149_002.wav,marin,17,,,,「とつぜんですが、今日は番組をへんこーして、まりことのえっちをお送りしまーすっ！」
214900 ,,,,,,,弘明,弘明,,marin,17,,,,「えっ、えええっ……！？」
215000 ,,,,,,,まりん,まりん,04mar149_003.wav,marin,1,,,,「いっぱいいっぱいえっちするですっ。まりこの中に、たーっくさんせーし出してもらうですよっ！」
215100 ,,,,,,,弘明,弘明,,marin,1,,,,「あ、あんまり大きな声出したら、近所に聞こえちゃうから……！」
215300 ,,,,,,,みらい,みらい,01mir149_003.wav,,,,,,「あっ……いま、まりんちゃんの声しなかった！？　ちょっと、お兄ちゃんっ！」
215400 ,,,,,,,,,,,,,,,　やばいっ、みらいちゃんにも聞こえちゃったみたいだ……！
215500 ,,,,,,,弘明,弘明,,,,,,,「えっと、あのね、みらいちゃん……！　まりんちゃんが来たのは、別に約束してたんじゃなくて……」
215600 ,,,,,,,,,,,,,,,　俺が電話口に向かって説明……というか弁明を続けていると、更にもうひとりが到着する。
215700 ,,,,,,,やちよ,やちよ,03yac149_001.wav,"yatiyo,uniform",15,,,,「まっ……待って下さいっ！　今日は、私が一番最初に約束したんですっ！　はぁっ、はぁっ……」
215800 ,,,,,,,弘明,弘明,,"yatiyo,uniform",15,,,,「やちよちゃん……！」
215900 ,,,,,,,,,,"yatiyo,uniform",15,,,,　さっき、メールでも近くにいるって言ってたけど……ここまで急いで走ってきたのか、やちよちゃんは肩で大きく息をしていた。
216000 ,,,,,,,やちよ,やちよ,03yac149_002.wav,yatiyo,5,,,,「ひどいよ、まりんちゃん……。今日は、えっちしないで帰るって言ってたのに……」
216100 ,,,,,,,まりん,まりん,04mar149_004.wav,yatiyo,5,marin,1,,「ごめんごめん。だって、急におにーさんとえっちしたくなっちゃったんだもーん。だから今日は３人で、なかよくえっちしよっ？」
216200 ,,,,,,,やちよ,やちよ,03yac149_003.wav,yatiyo,3,marin,1,,「あうぅ……私と弘明さん、二人きりになれると思ったのに……ぐす」
216400 ,,,,,,,みらい,みらい,01mir149_004.wav,,,,,,「ああっ、やっちーもいるの！？　むきーっ！　あたしのお兄ちゃんに、みんなしてみんなしてーっ！」
216500 ,,,,,,,,,,,,,,,　忘れかけていた電話口で、みらいちゃんががなりたてる。
216600 ,,,,,,,まりん,まりん,04mar149_005.wav,marin,60,,,,「それじゃ、おにーさんっ。にゅふふふ……」
216700 ,,,,,,,やちよ,やちよ,03yac149_004.wav,yatiyo,1,,,,「ま、まずは私とですよねっ！　今日、私……えっちなところの匂いかがれても、がまんしますから……！」
216800 ,,,,,,,弘明,弘明,,yatiyo,1,,,,「ほっ、ほんと！？　やちよちゃん……！」
216900 ,,,,,,,やちよ,やちよ,03yac149_005.wav,yatiyo,60,,,,「は、はい……。私の匂い……たくさんかいで下さい……」
217000 ,,,,,,,弘明,弘明,,yatiyo,60,,,,「やっ、やちよちゃーんっ！」
217100 ,,,,,,,やちよ,やちよ,03yac149_006.wav,yatiyo,6,,,,「きゃっ、あぁぁんっ▼」
217200 ,,,,,,,まりん,まりん,04mar149_006.wav,marin,1,,,,「やーんっ。おにーさんってば、飛びながら服をぬぐなんて、マンガみたいですよーっ」
217300 ,,,,,,,弘明,弘明,,marin,1,,,,「すん、すん……ああ…………」
217500 ,,,,,,,やちよ,やちよ,03yac149_007.wav,"yatiyo,naked",81,,,,「あっ、あんっ……。や、やっぱり……そこの匂いは、恥ずかしい……」
217700 ,,,,,,,まりん,まりん,04mar149_007.wav,"marin,naked",60,,,,「あーん、まりこのもくんくんしてーっ」
217900 ,,,,,,,みらい,みらい,01mir149_005.wav,,,,,,「ちょっとぉーっ、んもぅーっ！　あたしも今から行くから、まってなさいよーっ！！」
218000 ,,,,,,,,,,,,,,,　ああ、なんというパラダイス……。
218100 ,,,,,,,,,,,,,,,　パラダイス、なんだけど……みらいちゃんが着いたら、また大変なことになりそうだなあ……。
218200 ,,,,,,,,,,,,,,,　俺、マジで枯れちゃうかも……。
218480 ,$request_disable,,,,,,,,,,,,,,
218490 ,,<hide><s_fade time=""1200"">,,,,,,,,,,,,,
218500 ,$exit halem,,,,,,,,,,,,,,
,,,,,,,,,,,,,,,

