%line,%seq,%cheffect,%effect1,%music,%bg,%cg,%ov,%truename,%name,%voice,%st_center_name,%st_center,%text,
10000 ,&01kan000op,,,4294967295,9000,,,,,,,,,
10300 ,,,,2,2,,,,,,,,　ついに来た、かなみの家庭教師初日……。,
10400 ,,,,,,,,,,,,,　派遣先の案内地図を見るまでもなく、俺は簡単に目的地へと到着してしまった。,
10500 ,,,,,,,,,,,,,　そりゃそうだ、なんたって俺の実家だからな……。,
10600 ,,,,,,,,隆行,隆行,,,,「ちょっとだけ久しぶりの……我が家か。まさか、バイトとして来ることになるとはな」,
10700 ,,,,,,,,,,,,,　普通の家庭教師なら、ここでインターホンを鳴らして入っていくところなんだろうが……。,
10800 ,,,<!se_door_home_open>,,9000,,,,,,,,　俺は持っている合い鍵で玄関を開け、かなみの部屋へと向かっていった。,
11000 ,,,<!se_door_room_open><!ef_move>,,3,,,隆行,隆行,,,,「かなみ……入るぞ」,
11100 ,,,,,,,,かなみ,かなみ,01kan001_001.wav,かなみ,10114,「あれ、お＜兄＝義兄＞ちゃん……？」,
11200 ,,,,,,,,,,,かなみ,10114,　かなみは突然やってきた俺を、きょとんした顔で見つめている。それからしばらくして、思い出したかのように俺のそばへと駆け寄ってきた。,
11300 ,,,,,,,,かなみ,かなみ,01kan001_002.wav,かなみ,10103,「お＜兄＝義兄＞ちゃん、あそびに来てくれたの……っ！？　うれしいっ！」,
11400 ,,,,,,,,隆行,隆行,,かなみ,10103,「いや、今日は遊びじゃなくてだな……」,
11500 ,,,,,,,,かなみ,かなみ,01kan001_003.wav,かなみ,10106,「なんだ、あそびに来てくれたんじゃないの……」,
11600 ,,,,,,,,かなみ,かなみ,01kan001_004.wav,かなみ,10101,「お＜兄＝義兄＞ちゃん、せっかく来てくれたのにごめんね……。かなみ、これからおべんきょうしなきゃならないの」,
11700 ,,,,,,,,隆行,隆行,,かなみ,10101,「ああ、家庭教師だろう？」,
11800 ,,,,,,,,かなみ,かなみ,01kan001_005.wav,かなみ,10114,「えっ……なんでお＜兄＝義兄＞ちゃんがそれを知ってるの？　あ、パパかママから聞いた？」,
11900 ,,,,,,,,隆行,隆行,,かなみ,10114,「いや……その家庭教師が、俺なんだよ」,
12000 ,,,,,,,,かなみ,かなみ,01kan001_006.wav,かなみ,10118,「ええええっ……うそっ！？　ホントなの、お＜兄＝義兄＞ちゃんがかなみのかていきょーしなのっ！？」,
12100 ,,,,,,,,隆行,隆行,,かなみ,10118,「ああ、最初は俺も何かの冗談かと思ったんだが……まあ、決まっちゃったものはしょうがない」,
12200 ,,,,,,,,かなみ,かなみ,01kan001_007.wav,かなみ,10103,「よかった……」,
12300 ,,,,,,,,隆行,隆行,,かなみ,10103,「うん……？」,
12400 ,,,,,,,,かなみ,かなみ,01kan001_008.wav,かなみ,10103,「かていきょーしがお＜兄＝義兄＞ちゃんで良かったぁ……かなみ、どんな人が来るのかちょードキドキしてたんだよ。それがまさか、お＜兄＝義兄＞ちゃんだったなんて……えへっ、えへへっ」,
12500 ,,,,,,,,隆行,隆行,,かなみ,10103,「なんだ……？　笑ったりして」,
12600 ,,,,,,,,かなみ,かなみ,01kan001_009.wav,かなみ,10103,「なんでもなーいっ。……ねぇお＜兄＝義兄＞ちゃん、これからいっぱいおべんきょうおしえてねっ！」,
12700 ,,,,,,,,,,,,,　かなみは満面の笑顔で、突然俺の腕に抱きついてきた。,
12800 ,,,,,,,,隆行,隆行,,,,「あ、ああ……その為に、来たんだからな」,
12900 ,,,,,,,,,,,,,　俺の腕に、かなみの身体が密着する。頬、二の腕、脇腹……どれもふにふにと柔らかく、俺に劣情を芽生えさせるには充分だった。,
13000 ,,,,,,,,,,,,,　かなみ……しばらく見ないうちに、身体はすっかり女の子になってたんだな……。,
13100 ,,,,,,,,隆行,隆行,,,,「……うっ」,
13200 ,,,,,,,,,,,,,　そこで突然股間の充血に襲われ、俺はそれを隠そうと前屈みになる。,
13300 ,,,,,,,,,,,,,　いかん、鎮まれ……かなみに勃起していることがバレたら、それをネタにいつまでわがままを言いつけられるか、わかったもんじゃない。,
13400 ,,,,,,,,,,,,,　なにより……＜兄＝義兄＞として、＜妹＝義妹＞のカラダに欲情するのはマズすぎるっ……！,
13500 ,,,,,,,,かなみ,かなみ,01kan001_010.wav,かなみ,10114,「んー？　どうしたの、お＜兄＝義兄＞ちゃん」,
13600 ,,,,,,,,隆行,隆行,,かなみ,10114,「あっ、いや……なんでもないよ。とにかく離れるんだ、かなみ。重いからくっつくんじゃない」,
13700 ,,,,,,,,かなみ,かなみ,01kan001_011.wav,かなみ,10127,「かなみ重くないよぉ……ぶー、お＜兄＝義兄＞ちゃんひどいっ」,
13800 ,,,,,,,,,,,かなみ,10127,　俺が強引にかなみを振りほどくと、かなみは口をとがらせて不満げな顔をする。,
13900 ,,,,,,,,かなみ,かなみ,01kan001_012.wav,かなみ,10101,「じゃあさ、もんだいをひとつ解くごとに……こうやってお＜兄＝義兄＞ちゃんにすりすりしていい？」,
14000 ,,,,,,,,隆行,隆行,,かなみ,10101,「ダメだよ。マジメにやるんだ」,
14100 ,,,,,,,,かなみ,かなみ,01kan001_013.wav,かなみ,10127,「ぶー。お＜兄＝義兄＞ちゃんのケチー」,
14200 ,,,,,,,,隆行,隆行,,かなみ,10127,「そういう問題じゃないだろ。俺はバイトとしてやってきてるんだし、＜妹＝義妹＞だからって優しくしないからな」,
14300 ,,,,,,,,かなみ,かなみ,01kan001_014.wav,かなみ,10107,「むーっ、お＜兄＝義兄＞ちゃんきびしいー」,
14400 ,,,,,,,,隆行,隆行,,かなみ,10107,「ふぅ……とにかく、始めるぞ」,
14500 ,,,,,,,,,,,かなみ,10107,　俺は大きくため息をつきながら席に着き、用意してきたテキスト類を机に広げ始めた。,
14600 ,,,,,,,,,,,かなみ,10107,　ああ、こんなに無邪気で無防備な＜妹＝義妹＞が教え子じゃ……先行き不安だなあ……。,
14800 ,$return,,,,,,,,,,,,,
14900 ,&01kan010h,,<!ef_timepass>,2,3,,,,,,,,,
15200 ,,,,,,,,隆行,隆行,,,,「……おおっ、よしよし。前より成績が上がってきたな」,
15300 ,,,,,,,,かなみ,かなみ,01kan002_001.wav,かなみ,10115,「えへへ……すごいでしょ」,
15400 ,,,,,,,,隆行,隆行,,かなみ,10115,「うん。えらいぞ、かなみ。まあ、俺の教え方も悪くないみたいで良かった」,
15500 ,,,,,,,,かなみ,かなみ,01kan002_002.wav,かなみ,10116,「ねえねえ、お＜兄＝義兄＞ちゃん……」,
15600 ,,,,,,,,隆行,隆行,,かなみ,10116,「ん……？」,
15700 ,,,,,,,,かなみ,かなみ,01kan002_003.wav,かなみ,10103,「がんばったんだからさ、ごほうびちょーだい、ごほうびっ！」,
15800 ,,,,,,,,隆行,隆行,,かなみ,10103,「ええっ……？　俺だってそんな余裕ないんだぞ？　だからこうやってバイトしてるんだし」,
15900 ,,,,,,,,かなみ,かなみ,01kan002_004.wav,かなみ,10127,「ちがうよ……。プレゼントとか、そんなんが欲しいんじゃないもん」,
16000 ,,,,,,,,隆行,隆行,,かなみ,10127,「なにが欲しいんだ……？」,
16100 ,,,,,,,,かなみ,かなみ,01kan002_005.wav,かなみ,10115,「えっとね……かなみに、『ちゅー』してっ▼」,
16200 ,,,,,,,,隆行,隆行,,かなみ,10115,「ちゅ、『ちゅー』！？　お前なに言って……」,
16300 ,,,,,,,,かなみ,かなみ,01kan002_006.wav,かなみ,10107,「だってお＜兄＝義兄＞ちゃん、昔はよくかなみにちゅっちゅしてくれたじゃない」,
16400 ,,,,,,,,隆行,隆行,,かなみ,10107,「そ、それはガキの頃の話だろ！？　今はもう……さ……」,
16500 ,,,,,,,,かなみ,かなみ,01kan002_007.wav,かなみ,10108,「今はもう、なに？　あたしたち、昔からなにも変わってないのに」,
16600 ,,,,,,,,,,,かなみ,10108,　変わってるよ……。
　胸だってふくらみかけてきてるんだし……。,
16700 ,,,,,,,,隆行,隆行,,かなみ,10108,「それとこれとは……違うだろ？」,
16800 ,,,,,,,,かなみ,かなみ,01kan002_008.wav,かなみ,10121,「でもせっかくがんばったのに、ごほうびがないんじゃこれからやる気なくなっちゃう～」,
16900 ,,,,,,,,隆行,隆行,,かなみ,10121,「ご褒美目当てに頑張るってのは良くないぞ？　だいいち、キスってのもだな……」,
17000 ,,,,,,,,かなみ,かなみ,01kan002_009.wav,かなみ,10127,「キスじゃないもん、ちゅーだもん」,
17100 ,,,,,,,,隆行,隆行,,かなみ,10127,「同じだろ……？」,
17200 ,,,,,,,,かなみ,かなみ,01kan002_010.wav,かなみ,10121,「恋人のキスと、＜兄妹＝義兄妹＞のちゅーはぜんぜんちがうよ～」,
17300 ,,,,,,,,隆行,隆行,,かなみ,10121,「きょ、＜兄妹＝義兄妹＞て……」,
17400 ,,,,,,,,,,,かなみ,10121,　そりゃもっとマズいだろ……。,
17500 ,,,,,,,,かなみ,かなみ,01kan002_011.wav,かなみ,10108,「お＜兄＝義兄＞ちゃんだって、かなみの成績が悪くなったら家庭教師クビになっちゃうでしょ？」,
17600 ,,,,,,,,隆行,隆行,,かなみ,10108,「ま、まあな……」,
17700 ,,,,,,,,かなみ,かなみ,01kan002_012.wav,かなみ,10102,「だったら、もっと成績上げるためにごほうびっ！」,
17800 ,,,,,,,,隆行,隆行,,かなみ,10102,「仕方ないなあ……」,
17900 ,,,,,,,,,,,かなみ,10102,　このまま言い争ってもラチが明かないと思った俺は、小さくため息をつきながらかなみの肩に手を置く。,
18000 ,,,,,,,,隆行,隆行,,かなみ,10102,「わかったよ、ほら」,
18100 ,,,,,,,,かなみ,かなみ,01kan002_013.wav,かなみ,10115,「うっ、うん……」,
18200 ,,,,,,,,,,,かなみ,10115,　なんだ、かなみのヤツ……自分から強引にねだったワリに、緊張してるんじゃないか。,
18300 ,,,,,,,,かなみ,かなみ,01kan002_014.wav,かなみ,10115,「ほっぺにじゃないよ……く、くちびるだからねっ！？」,
18400 ,,,,,,,,隆行,隆行,,かなみ,10115,「わ、わかってるよ」,
18500 ,,,,,,,,,,,かなみ,10115,　俺は成長した＜妹＝義妹＞と唇を重ねてしまう事の意味に迷いを感じつつ、すっと顔を近付けた。,
18600 ,,,,,,,,かなみ,かなみ,01kan002_015.wav,かなみ,10129,「んっ……」,
18700 ,,,,,,,,,,,かなみ,10129,　そしてかなみのふわっとした柔らかい唇に、一瞬だけ俺の唇を触れ合わせる。,
18800 ,,,,,,,,かなみ,かなみ,01kan002_016.wav,かなみ,10128,「あ……」,
18900 ,,,,,,,,隆行,隆行,,かなみ,10128,「これでいいか？」,
19000 ,,,,,,,,かなみ,かなみ,01kan002_017.wav,かなみ,10107,「んもう、こんなんじゃ『ちゅー』っていわない～」,
19100 ,,,,,,,,隆行,隆行,,かなみ,10107,「なんだよ、ダメなのか？」,
19200 ,,,,,,,,かなみ,かなみ,01kan002_018.wav,かなみ,10107,「ぜんっぜんダメ。はい、お＜兄＝義兄＞ちゃんはもう一度やりなおしです」,
19300 ,,,,,,,,隆行,隆行,,かなみ,10107,「ええーっ……」,
19400 ,,,,,,,,かなみ,かなみ,01kan002_019.wav,かなみ,10127,「お＜兄＝義兄＞ちゃんだってかなみに何度も問題やりなおさせるんだから、つべこべいわないの」,
19500 ,,,,,,,,,,,かなみ,10127,　キスで＜妹＝義妹＞にダメ出しくらうってのも、なんだか微妙にヘコむなあ……。,
19600 ,,,,,,,,隆行,隆行,,かなみ,10127,「でもさ、かなみ……」,
19700 ,,,,,,,,かなみ,かなみ,01kan002_020.wav,かなみ,10102,「はいっ、んー▼」,
19800 ,,,,,,,,,,,かなみ,10102,　かなみは俺の抗議を全く無視して眼をつむり、唇をちょこんと突き出す。,
19900 ,,,,,,,,隆行,隆行,,かなみ,10102,「ふぅ……」,
20000 ,,,,,,,,,,,かなみ,10102,　俺はさっきよりちょっと大きなため息をつくと、深く息を吸い込んだ。そしてかなみの柔らかい唇に、今度は長く密着する。,
20100 ,,,,,,,,かなみ,かなみ,01kan002_021.wav,かなみ,10129,「ん……んんっ……」,
20200 ,,,,,,,,,,,かなみ,10129,　かなみの漏らす息が、俺の上唇をむずがゆく撫でる。妙な照れもあって思わず唇を離すと、かなみが上目遣いで俺を見ていた。,
20300 ,,,,,,,,かなみ,かなみ,01kan002_022.wav,かなみ,10128,「やだ、もうちょっとだけ……」,
20400 ,,,,,,,,隆行,隆行,,かなみ,10128,「うっ、うん……」,
20500 ,,,,,,,,,,,かなみ,10128,　その切ない表情を見て思わず返事をしてしまった俺は、またかなみと唇を重ねる。,
20600 ,,,,,,,,かなみ,かなみ,01kan002_023.wav,かなみ,10129,「んん……んむっ、はむっ……んちゅっ、んんっ」,
20700 ,,,,,,,,,,,かなみ,10129,　かなみが唇を求めてきたので、俺も合わせて唇を動かす。かなみの吐息と唾液の感覚が、口先に伝わってきた。,
20800 ,,,,,,,,,,,かなみ,10129,　やっぱこれじゃ、キスと同じだよな……。
　俺、かなみと……＜妹＝義妹＞とキスしちゃってるよ……。,
20900 ,,,,,,,,かなみ,かなみ,01kan002_024.wav,かなみ,10129,「お＜にい＝義兄＞ちゃん……んちゅっ、んむっ……んっんっ、あむっ……くちゅ、くちゅっ……」,
21000 ,,,,,,,,隆行,隆行,,かなみ,10129,「んんっ、ぷはっ……かなみ……」,
21100 ,,,,,,,,,,,かなみ,10129,　唇を離すと、唾液の糸がたわんで落ちた。同時に、理性の糸も危うく切れかかる。,
21200 ,,,,,,,,,,,かなみ,10129,　このまま欲望に任せて、かなみを押し倒したくなる気持ちを抑えながら……俺はそっと、かなみの身体を抱きしめる。,
21300 ,,,,,,,,かなみ,かなみ,01kan002_025.wav,かなみ,10130,「あっ、お＜兄＝義兄＞ちゃん……？」,
21400 ,,,,,,,,,,,かなみ,10130,　そのとき背中に回した手が、上着の下に薄いゴムの素材を探り当てた。,
21500 ,,,,,,,,隆行,隆行,,かなみ,10130,「あれ、かなみ……ブラしてる？」,
21600 ,,,,,,,,かなみ,かなみ,01kan002_026.wav,かなみ,10128,「うん、だって……」,
21700 ,,,,,,,,隆行,隆行,,かなみ,10128,「ちょっと……見たいな」,
21800 ,,,,,,,,かなみ,かなみ,01kan002_027.wav,かなみ,10119,「ええっ、見たいの……！？」,
21900 ,,,,,,,,隆行,隆行,,かなみ,10119,「うん、かなみがどんなの付けてるか見てみたい」,
22000 ,,,,,,,,かなみ,かなみ,01kan002_028.wav,かなみ,10128,「えと……少しだけだよ……？」,
22200 ,,,<!pre_ev1>,11,,101,,,,,,,　かなみが顔を真っ赤にしながら、そっと上着をたくし上げる。その恥ずかしげな表情は、なんとも可愛らしい。,
22300 ,,,,,,101,,隆行,隆行,,,,「うん、かわいいブラだね」,
22400 ,,,,,,101,,かなみ,かなみ,01kan002_029.wav,かなみ,10101,「うう……恥ずかしいよ、お＜兄＝義兄＞ちゃん……」,
22500 ,,,,,,101,,,,,,,　かなみは恥ずかしさに耐えようとしてか、びっちりと眼を閉じている。かなみの小さな胸を覆うブラジャーに、俺はおずおずと手を伸ばした。,
22600 ,,,,,,101,,,,,,,　そのなだらかなふくらみは、俺の手にすっぽりと収まってしまうほどに小さかった。手のひら全体でブラジャーのカップを包み、そっと撫でてみる。,
22700 ,,,,,,101,,かなみ,かなみ,01kan002_030.wav,かなみ,10101,「あんっ！　お、お＜兄＝義兄＞ちゃん、なにしてるの……！？」,
22800 ,,,,,,101,,隆行,隆行,,,,「いや……あまりに可愛かったからさ、つい」,
22900 ,,,,,,101,,かなみ,かなみ,01kan002_031.wav,かなみ,10101,「んんっ、あうっ……そんなのダメだよ……」,
23000 ,,,,,,101,,隆行,隆行,,,,「これもご褒美だから、ね」,
23100 ,,,,,,101,,,,,,,　ブラジャーから手のひらを離し、今度は指先でくるくると撫で回してみる。カップの頂点は、指先で押すと少し奥にへこんだ。,
23200 ,,,,,,101,,隆行,隆行,,,,「これ……サイズ合ってるのか？」,
23300 ,,,,,,101,,かなみ,かなみ,01kan002_032.wav,かなみ,10101,「いっ、いいじゃないっ」,
23400 ,,,,,,101,,隆行,隆行,,,,「ちゃんとおっぱいのサイズに合ったものをつけないと、型崩れの原因になっちゃうらしいよ？」,
23500 ,,,,,,101,,かなみ,かなみ,01kan002_033.wav,かなみ,10101,「う……」,
23600 ,,,,,,101,,,,,,,　まあ、かなみの場合は崩れるほどふくらんでないんだけどさ……。,
23700 ,,,,,,101,,隆行,隆行,,,,「まあ、気持ちはわかるさ……。ブラジャー、付けてみたかったんだよな？」,
23800 ,,,,,,101,,かなみ,かなみ,01kan002_034.wav,かなみ,10101,「そ、そんなんじゃないもん！　……きゃっ！？」,
23900 ,,,,,,101,,,,,,,　明らかに動揺しながら否定するかなみを、ぎゅっと抱き寄せる。そして、乳首の辺りをブラジャー越しにちゅうちゅうと吸い上げてみた。,
24000 ,,,,,,101,,かなみ,かなみ,01kan002_035.wav,かなみ,10101,「お＜兄＝義兄＞ちゃん、やだ……赤ちゃんみたいに……」,
24100 ,,,,,,101,,,,,,,　かなみの熱い体温が、ブラジャー越しにもはっきりとわかる。ブラジャーにはミルクのような柔らかい香りがしみ込んでいて、さらに俺を興奮させた。,
24200 ,,,,,,101,,かなみ,かなみ,01kan002_036.wav,かなみ,10101,「あっ、んうっ……んんっ」,
24300 ,,,,,,101,,隆行,隆行,,,,「かなみ……」,
24400 ,,,,,,101,,,,,,,　かなみのあえぐ姿を見て、思わず息も荒くなる。そして俺のチ○チンは、ズボンの中で窮屈なほどにふくれあがっていた。,
24500 ,,,,,,101,,,,,,,　やばいよ、俺……興奮が抑えられない……。＜妹＝義妹＞に勃起してる……。,
24600 ,,,,,,101,,かなみ,かなみ,01kan002_037.wav,かなみ,10101,「お＜にい＝義兄＞ちゃあん……かなみ、お＜兄＝義兄＞ちゃんにおっぱい吸われて……なんだか変なきもちだよ……」,
24700 ,,,,,,101,,,,,,,　かなみも同じか……。ダメだ、俺たちの関係でこれ以上はダメなのに……もう止められないよ……。,
24800 ,,,,,,101,,隆行,隆行,,,,「なあ……かなみのおっぱい、直接見たい。いいか……？」,
24900 ,,,,,,101,,,,,,,　かなみは顔を真っ赤にすると、小さくコクンとうなずきながらつぶやいた。,
25000 ,,,,,,101,,かなみ,かなみ,01kan002_038.wav,かなみ,10101,「いいよ、お＜兄＝義兄＞ちゃん……」,
25200 ,,,,,,102,,,,,,,　かなみが恥ずかしそうにおずおずと外したブラの下から、淡いピンクのちっちゃな乳首が顔を出す。,
25300 ,,,,,,102,,隆行,隆行,,,,「おっぱい、かわいいね……かなみ」,
25400 ,,,,,,102,,,,,,,　ゆるやかな胸の丘の頂点、ぷっくりとふくらんだその先端を、俺は人差し指と中指でそっと撫でまわした。,
25500 ,,,,,,102,,かなみ,かなみ,01kan002_039.wav,かなみ,10101,「お＜兄＝義兄＞ちゃん、そんなとこ……んくっ、あうっ……」,
25600 ,,,,,,102,,隆行,隆行,,,,「かなみ、どんな感じ？」,
25700 ,,,,,,102,,かなみ,かなみ,01kan002_040.wav,かなみ,10101,「わかんない……おっぱいの先、ちょっとジンジンして……ふわってなって……」,
25800 ,,,,,,102,,,,,,,　今度は親指と人差し指で乳首を強めにつまみあげると、かなみの身体がビクンと跳ねる。,
25900 ,,,,,,102,,かなみ,かなみ,01kan002_041.wav,かなみ,10101,「はうっ！　あう……」,
26000 ,,,,,,102,,隆行,隆行,,,,「気持ちいい……？」,
26100 ,,,,,,102,,かなみ,かなみ,01kan002_042.wav,かなみ,10101,「よくわかんないよ……けど、なんだかあたまのうしろがむずむずして……からだ、浮きあがりそう……」,
26200 ,,,,,,102,,隆行,隆行,,,,「じゃあ、よくわかるように『ちゅー』してあげるよ」,
26300 ,,,,,,102,,かなみ,かなみ,01kan002_043.wav,かなみ,10101,「ちゅー？　……あんっ、んんんっ！」,
26400 ,,,,,,102,,,,,,,　俺はかなみのおっぱいにしゃぶりつくと、一気に乳首を吸った。,
26500 ,,,,,,102,,かなみ,かなみ,01kan002_044.wav,かなみ,10101,「ああぅんっ……ダメ、ダメぇっ……！」,
26600 ,,,,,,102,,,,,,,　かなみの乳首は小さいながらも硬くとがって、柔らかいおっぱいとのコントラストが俺の舌先に淫靡な感覚をもたらしていた。,
26700 ,,,,,,102,,,,,,,　舌先で乳首を転がし、それから乳首全体を包むように唇で吸い上げる。片方のおっぱいは、空いている手で優しく揉みしだいた。,
26800 ,,,,,,102,,かなみ,かなみ,01kan002_045.wav,かなみ,10101,「んくっ……あうんっ！　はふぅっ、ふうっ……」,
26900 ,,,,,,102,,,,,,,　俺はかなみの胸から唇を離すと、熱い息を漏らすかなみの顔を見上げる。,
27000 ,,,,,,102,,隆行,隆行,,,,「どう、かなみ……おっぱいへの『ちゅー』は」,
27100 ,,,,,,102,,かなみ,かなみ,01kan002_046.wav,かなみ,10101,「あふ、はふっ……なんだか、へんな感じだよ……」,
27200 ,,,,,,102,,,,,,,　俺も……もう自制が利きそうにない。こうなったら、もう行くとこまで……。,
27300 ,,,,,,102,,隆行,隆行,,,,「なあ、かなみ……このスカート、手で持ち上げて」,
27400 ,,,,,,102,,かなみ,かなみ,01kan002_047.wav,かなみ,10101,「えっ？　パンツも……見たいの？」,
27500 ,,,,,,102,,,,,,,　ホントは、その下にあるモノの方が気になるんだけど……まあそういうことにしておこう。,
27600 ,,,,,,102,,隆行,隆行,,,,「うん、もっといいご褒美……あげるから」,
27800 ,,,,,,103,,かなみ,かなみ,01kan002_048.wav,かなみ,10101,「こ……こう？」,
27900 ,,,,,,103,,隆行,隆行,,,,「そうそう」,
28000 ,,,,,,103,,,,,,,　かなみはゆっくりとスカートをまくり上げると、また恥ずかしさから耐えるように視線を床へ落とした。俺はあらわになったかなみのパンツに、そっと手を伸ばす。,
28100 ,,,,,,103,,,,,,,　一瞬、＜妹＝義妹＞に何をしてるんだという理性が腕の動きを止めようとするけど……欲望が、全てを押し通してしまう。,
28200 ,,,,,,103,,かなみ,かなみ,01kan002_049.wav,かなみ,10101,「あんっ……」,
28300 ,,,,,,103,,,,,,,　俺の指が、かなみのパンツに触れる。かなみは、紅潮した顔で俺を見た。,
28400 ,,,,,,103,,かなみ,かなみ,01kan002_050.wav,かなみ,10101,「お＜兄＝義兄＞ちゃん、なんでそんなとこさわるの……？　見るだけじゃないの……？」,
28500 ,,,,,,103,,隆行,隆行,,,,「だからご褒美、だよ。もっと気持ちよくさせてあげる」,
28600 ,,,,,,103,,かなみ,かなみ,01kan002_051.wav,かなみ,10101,「でもそこは、おしっこのとこ……」,
28700 ,,,,,,103,,隆行,隆行,,,,「かなみは知らないかもしれないけど、気持ちよくなるとこでもあるんだよ」,
28800 ,,,,,,103,,,,,,,　俺はぷくっとふくらんでいるかなみの恥丘を、指先で押し込んでみた。そして今度は、ふくらみ全体を押し込みながら撫でまわす。,
28900 ,,,,,,103,,,,,,,　なんだろう……柔らかい布でくるんだ水風船を撫でているような、そんなぷにぷにとした弾力だ。,
29000 ,,,,,,103,,かなみ,かなみ,01kan002_052.wav,かなみ,10101,「あっ、ああんっ……ダメだよ……。くぅんっ……そこ、いじっちゃダメなんだよ……」,
29100 ,,,,,,103,,隆行,隆行,,,,「かなみは、いじられるのイヤなの？」,
29200 ,,,,,,103,,かなみ,かなみ,01kan002_053.wav,かなみ,10101,「それは……えと……」,
29300 ,,,,,,103,,,,,,,　かなみは、恥ずかしそうに＜口篭＝くちご＞もる。,
29400 ,,,,,,103,,隆行,隆行,,,,「ご褒美ちょうだいって言ったのは、かなみだもんな？」,
29500 ,,,,,,103,,,,,,,　俺はパンツの上から割れ目に沿って指を滑らせ、クリトリスの辺りをコリッと弾いた。,
29600 ,,,,,,103,,かなみ,かなみ,01kan002_054.wav,かなみ,10101,「きゃうっ、あうっ！　そ、そんなごほうび……」,
29700 ,,,,,,103,,隆行,隆行,,,,「なに、ご褒美いらなかった？」,
29800 ,,,,,,103,,かなみ,かなみ,01kan002_055.wav,かなみ,10101,「あ……」,
29900 ,,,,,,103,,,,,,,　俺が指を離すと、かなみは上気した顔で俺を切なく見つめる。,
30000 ,,,,,,103,,かなみ,かなみ,01kan002_056.wav,かなみ,10101,「もう……お＜にぃ＝義兄＞ちゃん、いじわる……」,
30100 ,,,,,,103,,,,,,,　俺は再びパンツに手を伸ばすと、割れ目に沿って素早く指を動かした。,
30200 ,,,,,,103,,隆行,隆行,,,,「かなみ、どんな感じ……？」,
30300 ,,,,,,103,,かなみ,かなみ,01kan002_057.wav,かなみ,10101,「あっ、ああっ……おしりのあたりがふわっとなって……。ダメ、もうなんだかわからない……」,
30400 ,,,,,,103,,,,,,,　さすがに、おま○この性感は頭で理解できていないみたいだな。,
30500 ,,,,,,103,,隆行,隆行,,,,「大丈夫だよ、力を抜いて……」,
30600 ,,,,,,103,,かなみ,かなみ,01kan002_058.wav,かなみ,10101,「あっ、んああっ……んっ、ああんっ、きゃうん……」,
30700 ,,,,,,103,,,,,,,　かなみが、俺の愛撫に身を任せる。パンツはすっかり湿り気を帯び、ぷっくりふくらんだかなみのおま○こにぴったりと貼り付いていた。,
30800 ,,,,,,103,,隆行,隆行,,,,「イキそう、なのかな？」,
30900 ,,,,,,103,,かなみ,かなみ,01kan002_059.wav,かなみ,10101,「えっ、なに……？　いきそう……ってなに……？」,
31000 ,,,,,,103,,隆行,隆行,,,,「うーんと、なんていうかな……イクってのは、こんな感じだよ」,
31100 ,,,,,,103,,,,,,,　俺はかなみのおま○こをやや乱暴に揉みしだくと、クリトリスの辺りをきゅっと強くつまんでみた。,
31200 ,,,,,,103,,かなみ,かなみ,01kan002_060.wav,かなみ,10101,「んああっ、ああああっ！　あっあっあっ、きゃううっ、あうううっ……！」,
31300 ,,,,,,103,,,,,,,　かなみが爪先立ちになり、小さな身体をカクカクと震わせる。,
31400 ,,,,,,103,,かなみ,かなみ,01kan002_061.wav,かなみ,10101,「ダメ、ダメだよぉ……んああっ！　おしっこの出るあたり、キュッてなる……キュッてなるぅ……！　あああああぁぁぁっ……！」,
31500 ,,,,,,103,,,,,,,　かなみはひときわ高い声をあげると一気に脱力して、瞳が＜虚＝うつ＞ろになった。,
31600 ,,,,,,103,,かなみ,かなみ,01kan002_062.wav,かなみ,10101,「あっ、あふ……はふぅ……」,
31700 ,,,,,,103,,隆行,隆行,,,,「かなみ、イッた……？」,
31800 ,,,,,,103,,,,,,,　俺は、下からかなみの顔を＜覗＝のぞ＞き込みながら言った。かなみは快感にひたりきった表情をして、立っているのもやっとといった様子だった。,
31900 ,,,,,,103,,かなみ,かなみ,01kan002_063.wav,かなみ,10101,「なに、これ……からだがフワッてなって……ちからがはいらないよ……」,
32000 ,,,,,,103,,隆行,隆行,,,,「それが『イッた』って感覚だよ」,
32100 ,,,,,,103,,かなみ,かなみ,01kan002_064.wav,かなみ,10101,「イッた……」,
32200 ,,,,,,103,,隆行,隆行,,,,「うん」,
32300 ,,,,,,103,,かなみ,かなみ,01kan002_065.wav,かなみ,10101,「……あっ、あっ、ああっ！？」,
32400 ,,,,,,103,,隆行,隆行,,,,「ん、どうした……？」,
32500 ,,,,,,103,,,,,,,　かなみは再び、下半身を小刻みに震えさせながら身悶えた。,
32700 ,,,<!ef_shasei>,,,104,,かなみ,かなみ,01kan002_066.wav,かなみ,10101,「でちゃう……でちゃうよぉっ！　おしっこ……もれちゃうっ！」,
32800 ,,,,,,104,,,,,,,　かなみが言うより早く、パンツはみるみると湿っていき……あふれ出たおしっこが、足を伝って下に流れていった。,
32900 ,,,,,,104,,かなみ,かなみ,01kan002_067.wav,かなみ,10101,「はう、あうう……ちから、はいんない……おしっこ、止まんないよぉ……」,
33000 ,,,,,,104,,隆行,隆行,,,,「わっ、わわっ！？」,
33100 ,,,,,,104,,,,,,,　突然のことに混乱した俺は何を思ったのか、かなみのおま○こを包み込むように手を押し当て、おしっこを止めようとする。,
33200 ,,,,,,104,,かなみ,かなみ,01kan002_068.wav,かなみ,10101,「ああんっ、んあぅ……っ！？　お＜兄＝義兄＞ちゃんっ、押し付けないで……」,
33300 ,,,,,,104,,,,,,,　もちろん、そんなことでかなみのお漏らしが止まるはずもなく……。,
33390 ,,,,,,104,,,,,,,　俺は手のひら全体におしっこの暖かさを感じながら、かなみのふとももを伝わり落ちてゆくそれをただ見ていることしかできなかった。,
33400 ,,,,,,104,,かなみ,かなみ,01kan002_069.wav,かなみ,10101,「あ……あ……」,
33500 ,,,,,,104,,隆行,隆行,,,,「かなみ……」,
33600 ,,,,,,104,,かなみ,かなみ,01kan002_070.wav,かなみ,10101,「ううっ、お＜兄＝義兄＞ちゃん……どうしよう……」,
33700 ,,,,,,104,,,,,,,　今にも泣き出しそうなかなみが、潤んだ目で俺を見る。,
33800 ,,,,,,104,,隆行,隆行,,,,「と、とりあえずパンツ脱いで。俺、お風呂場からタオル取ってくるから」,
33900 ,,,,,,104,,かなみ,かなみ,01kan002_071.wav,かなみ,10101,「うん……」,
34000 ,,,,,,104,,,,,,,　俺は急いで部屋を出ると、バスルームへの道すがら父さんたちの不在を確認して安堵のため息をついた。,
34100 ,,,,,,104,,隆行,隆行,,,,「まいったな、まさか漏らしちゃうなんて……。やりすぎちゃった……のか？」,
34200 ,,,,,9000,104,,,,,,,　バスルームの洗面台で手を洗う直前、濡れた右手の匂いを嗅ごうとした自分にちょっと自己嫌悪を感じながら……俺は洗った手もそこそこにタオルを数枚ひっつかみ、急いでかなみの部屋へと戻っていった。,
34400 ,$return,,,,,,,,,,,,,
34500 ,&01kan010ha,,,4294967295,9000,,,,,,,,,
34800 ,,,,2,2,,,,,,,,　今日はかなみの授業……。先週はあれだけの事をしちゃっただけに、自宅へ向かう足取りも重い。,
34900 ,,,,,,,,隆行,隆行,,,,「ふぅ……」,
35000 ,,,<!se_door_home>,,9000,,,,,,,,　俺はひとつ息をついてから、持ってきた合い鍵を使って玄関に入る。かなみが出迎えてくれるかと思ったけど、そこには誰もいなかった。,
35100 ,,,,,,,,隆行,隆行,,,,「さすがに、あんなことをやっちゃった後じゃ……顔を合わせづらい、か」,
35200 ,,,,,,,,,,,,,　二階へ向かう道すがら、リビングを軽くのぞいてみたが……母さんたちはやっぱりいない。相変わらず、二人とも仕事に追われているようだ。,
35300 ,,,,,,,,隆行,隆行,,,,「また、かなみと二人きりか」,
35400 ,,,,,,,,,,,,,　俺は静かに深呼吸をして、かなみの部屋のドアを開けた。,
35600 ,,,<!se_door_room_open><!ef_move>,,3,,,隆行,隆行,,,,「かなみ……いるか？」,
35700 ,,,,,,,,かなみ,かなみ,01kan003_001.wav,かなみ,10119,「あ……う……おっ、お＜兄＝義兄＞ちゃん？」,
35800 ,,,,,,,,隆行,隆行,,かなみ,10119,「えっと……家庭教師の時間だからな。準備はできているか？　授業、始めるぞ……」,
35900 ,,,,,,,,かなみ,かなみ,01kan003_002.wav,かなみ,10122,「うん……」,
36000 ,,,,,,,,,,,かなみ,10122,　俺はぎこちない動作で、かなみの隣に座った。もじもじとうつむいたままのかなみに何か話しかけなきゃと思うんだけど、どうも言葉が出てこない。,
36100 ,,,,,,,,,,,かなみ,10122,　その気恥ずかしい沈黙で最初に言葉を発したのは、かなみの方だった。,
36200 ,,,,,,,,かなみ,かなみ,01kan003_003.wav,かなみ,10106,「お＜兄＝義兄＞ちゃん……この前は、ごめんね……」,
36300 ,,,,,,,,隆行,隆行,,かなみ,10106,「いや、それは俺も……ちょっと調子に乗りすぎてたよ。悪いのは俺の方だから。ごめんな」,
36400 ,,,,,,,,かなみ,かなみ,01kan003_004.wav,かなみ,10101,「ううん」,
36500 ,,,,,,,,隆行,隆行,,かなみ,10101,「まさか、かなみがお漏らししちゃうとは思わなかったからさ……」,
36600 ,,,,,,,,かなみ,かなみ,01kan003_005.wav,かなみ,10119,「やだっ、それは言わないでよぉっ……！」,
36700 ,,,,,,,,,,,かなみ,10119,　照れ隠しにか、かなみは力強く俺の腕を叩く。,
36800 ,,,,,,,,,,,かなみ,10119,　ああ、少しずついつものペースに戻っているようだな。嫌われたりしたんじゃないか思ったけど、良かった……。,
36900 ,,,,,,,,かなみ,かなみ,01kan003_006.wav,かなみ,10127,「あれからママにバレないようそうじするの、大変だったんだから……」,
37000 ,,,,,,,,隆行,隆行,,かなみ,10127,「ごめんごめん。ああ、そういえば……かなみは小っちゃい頃から、よくおねしょをしてたなあ。それで、ごまかす掃除は慣れてるから上手いのか」,
37100 ,,,,,,,,かなみ,かなみ,01kan003_007.wav,かなみ,10119,「ちーがーうーっ！　んもう、そんなこと思い出さないでよぉ……」,
37200 ,,,,,,,,隆行,隆行,,かなみ,10119,「はははっ。ひょっとして、まだおねしょ＜癖＝ぐせ＞は治ってないんじゃないのか？」,
37300 ,,,,,,,,かなみ,かなみ,01kan003_008.wav,かなみ,10119,「……ぎく」,
37400 ,,,,,,,,隆行,隆行,,かなみ,10119,「んっ、図星なのか？」,
37500 ,,,,,,,,かなみ,かなみ,01kan003_009.wav,かなみ,10127,「もうおねしょの話はやだぁーっ！　おべんきょうするのーっ！！」,
37600 ,,,,,,,,隆行,隆行,,かなみ,10127,「はいはい。……じゃあ、今度は新しいステップの勉強を始めるぞ」,
37700 ,,,,,,,,,,,かなみ,10127,　いつもどおりに騒々しくなったかなみに、安堵の気持ちを感じながら……テキストの新しいページに、俺はギュッと折りぐせをつけた。,
37900 ,$return,,,,,,,,,,,,,
38000 ,&01kan020h,,<!ef_timepass>,2,3,,,,,,,,,
38300 ,,,,,,,,かなみ,かなみ,01kan004_001.wav,かなみ,10101,「……どう、かな？」,
38400 ,,,,,,,,隆行,隆行,,かなみ,10101,「ああ、頑張ってるんじゃないか……？　今日のところはＯＫかな」,
38500 ,,,,,,,,かなみ,かなみ,01kan004_002.wav,かなみ,10103,「ほんと！？　えへへっ……ほめられちゃった」,
38600 ,,,,,,,,,,,かなみ,10103,　パッと表情が明るくなったかなみにつられて、俺の顔も思わずゆるむ。我が＜妹＝義妹＞ながら、こういう顔をしている時のかなみはなかなか可愛らしい。,
38700 ,,,,,,,,かなみ,かなみ,01kan004_003.wav,かなみ,10103,「じゃあじゃあ……あのね、今日も……」,
38800 ,,,,,,,,隆行,隆行,,かなみ,10103,「おい……まさか、またご褒美が欲しいとか言い出すんじゃないだろうな？　今度はもうダメだよ」,
38900 ,,,,,,,,かなみ,かなみ,01kan004_004.wav,かなみ,10127,「むー、話がちがうぅーっ」,
39000 ,,,,,,,,隆行,隆行,,かなみ,10127,「違わない、ってかそもそもそんな約束なんかしてないってば。いつもお願いを聞いてもらえると思ったら、大間違いだぞ」,
39100 ,,,,,,,,かなみ,かなみ,01kan004_005.wav,かなみ,10127,「いいでしょ！　おべんきょーだっていつもするんだから、よくできたらごほうびもいっつもするの」,
39200 ,,,,,,,,隆行,隆行,,かなみ,10127,「ええっ、いつも……！？」,
39300 ,,,,,,,,かなみ,かなみ,01kan004_006.wav,かなみ,10108,「そうだよ。ちゃんとごほうびくれないと、お＜兄＝義兄＞ちゃんのおしえかたがわるいってママに言いつけちゃうんだから」,
39400 ,,,,,,,,隆行,隆行,,かなみ,10108,「ぐっ……俺を＜脅＝おど＞す気か？　悪い子め」,
39500 ,,,,,,,,かなみ,かなみ,01kan004_007.wav,かなみ,10115,「ほら、かなみにいい子にして欲しいんでしょ？　だったら、ごほーびぃ～。ねぇ、お＜兄＝義兄＞ちゃんっ！」,
39600 ,,,,,,,,隆行,隆行,,かなみ,10115,「あっ……もう、引っ張るなよ」,
39700 ,,,,,,,,,,,かなみ,10115,　ぐいぐいと俺の胸元を引っ張って、上目遣いになるかなみ。こうなってしまうと、テコでも動きそうもない。,
39800 ,,,,,,,,隆行,隆行,,かなみ,10115,「仕方ないな……。わかったよ、ご褒美だな？」,
39900 ,,,,,,,,かなみ,かなみ,01kan004_008.wav,かなみ,10116,「ホントっ！？」,
40000 ,,,,,,,,隆行,隆行,,かなみ,10116,「嘘なんて言わないよ。ただし、あまり無理な注文はダメだぞ」,
40100 ,,,,,,,,かなみ,かなみ,01kan004_009.wav,かなみ,10102,「うん！　じゃあ、じゃあね……」,
40200 ,,,,,,,,隆行,隆行,,かなみ,10102,「なんだ。もう決まってるのか？」,
40300 ,,,,,,,,かなみ,かなみ,01kan004_010.wav,かなみ,10101,「……うん」,
40400 ,,,,,,,,,,,かなみ,10101,　コクン、と小さくうなずいて、かなみは再び上目遣いになる。,
40500 ,,,,,,,,かなみ,かなみ,01kan004_011.wav,かなみ,10115,「………………おふろ」,
40600 ,,,,,,,,隆行,隆行,,かなみ,10115,「えっ……？」,
40700 ,,,,,,,,かなみ,かなみ,01kan004_012.wav,かなみ,10115,「昔みたいに、おふろ……いっしょに入ってほしいな」,
40800 ,,,,,,,,隆行,隆行,,かなみ,10115,「風呂？　うーん、風呂かぁ……」,
40900 ,,,,,,,,かなみ,かなみ,01kan004_013.wav,かなみ,10116,「そ。いいでしょ？」,
41000 ,,,,,,,,,,,かなみ,10116,　＜妹＝義妹＞と一緒に入浴、それ自体はやましい事でもないと思いたい……けど。しかしどうしても、俺の脳裏には先日の光景がチラついてしまう。,
41100 ,,,,,,,,かなみ,かなみ,01kan004_014.wav,かなみ,10101,「ぜんぜんむずかしいことじゃないでしょ？　ほら、早く『うん』って言うの！」,
41200 ,,,,,,,,隆行,隆行,,かなみ,10101,「……う、うん」,
41300 ,,,,,,,,かなみ,かなみ,01kan004_015.wav,かなみ,10115,「水着きちゃうとかは、なしだからね」,
41400 ,,,,,,,,隆行,隆行,,かなみ,10115,「ええっ？　う、うん……」,
41500 ,,,,,,,,かなみ,かなみ,01kan004_016.wav,かなみ,10101,「昔みたいに、おせなかを流しっことかするんだよ？」,
41600 ,,,,,,,,隆行,隆行,,かなみ,10101,「ああ……わかったよ」,
41700 ,,,,,,,,,,,かなみ,10101,　昔……か。もうどれだけ経つのかな。よく一緒に入っていた頃からすでに、俺は大人の身体だったから……かなみの身体も、意識せずにはいられなかった。,
41800 ,,,,,,,,,,,かなみ,10101,　かなみは無邪気に、毎日俺とお風呂に入りたがったけど……でも俺は、次第に何かと理由を付けて一緒には入らなくなって……。,
41900 ,,,,,,,,かなみ,かなみ,01kan004_017.wav,かなみ,10106,「……………………」,
42000 ,,,,,,,,隆行,隆行,,かなみ,10106,「あっ……な、なんだ？」,
42100 ,,,,,,,,,,,かなみ,10106,　気がつけば、かなみは顔を赤くしてじっと俺を見つめている。俺が照れ隠しに立ち上がると同時に、階下から母さんの出かけていく音が聞こえてきた。,
42200 ,,,,,,,,かなみ,かなみ,01kan004_018.wav,かなみ,10101,「あっ、ママ……お買い物に行ったみたいだね」,
42300 ,,,,,,,,隆行,隆行,,かなみ,10101,「ああ……そうみたいだな」,
42400 ,,,,,,,,かなみ,かなみ,01kan004_019.wav,かなみ,10101,「ねぇ、今ならふたりだけ……。おふろ、行こ？　お＜兄＝義兄＞ちゃん」,
44190 ,,,<!ef_scenechange>,,9001,,,,,,,,,
44200 ,,,,10,,,,かなみ,かなみ,01kan004_026.wav,,,「いーち、にーーーーぃ……」,
44300 ,,,,,,,,,,,,,　俺はかなみと一緒に数を数えながらも、肩越しに見える慎ましいふくらみ、そして可愛らしく色づいたピンクの突起に……目を奪われていた。,
44400 ,,,,,,,,,,,,,　昔より少しだけ成長した＜妹＝義妹＞の身体。,
44490 ,,,,,,,,,,,,,　身体の成長としては、確かにほんの少しだけなんだろうけど……ふくらみを帯びてきた胸とおしりは、もう女の子として意識せざるを得ないものだった。,
44500 ,,,,,,,,かなみ,かなみ,01kan004_027.wav,,,「ねぇ、お＜兄＝義兄＞ちゃん！？」,
44600 ,,,,,,,,隆行,隆行,,,,「えっ！？　ど、どうした……？」,
44700 ,,,,,,,,かなみ,かなみ,01kan004_028.wav,,,「もうかぞえおわっちゃったよぉ。んもう、さっきからボーッとして」,
44800 ,,,,,,,,隆行,隆行,,,,「ああ、ごめんごめん」,
44900 ,,,,,,,,かなみ,かなみ,01kan004_029.wav,,,「じゃあ、次はおせなか流してねっ」,
45000 ,,,,,,,,,,,,,　かなみは勢いよく湯船からあがると、風呂場の椅子にちょこんと腰掛けた。,
45200 ,,,<!pre_ev1>,,,201,,隆行,隆行,,,,「そのまま、じっとしてるんだぞ」,
45300 ,,,,,,201,,かなみ,かなみ,01kan004_030.wav,かなみ,10101,「はーいっ」,
45400 ,,,,,,201,,,,,,,　俺はボディソープを泡立て、かなみの背中を優しくこすり始めた。,
45500 ,,,,,,201,,かなみ,かなみ,01kan004_031.wav,かなみ,10101,「んっ、んん……」,
45600 ,,,,,,201,,,,,,,　しかしかなみの背中は、本当に小さい。俺が数回腕を動かしただけで、あっという間に洗い終えてしまう。,
45700 ,,,,,,201,,隆行,隆行,,,,「えっと……終わり、かな」,
45800 ,,,,,,201,,かなみ,かなみ,01kan004_032.wav,かなみ,10101,「うそーっ、もう……！？」,
45900 ,,,,,,201,,隆行,隆行,,,,「いや、ホントに……背中は終わったんだけど」,
46000 ,,,,,,201,,かなみ,かなみ,01kan004_033.wav,かなみ,10101,「ええっ、せなかだけしかやらないの？」,
46100 ,,,,,,201,,隆行,隆行,,,,「だって、お前は『背中を流してくれ』って……」,
46200 ,,,,,,201,,かなみ,かなみ,01kan004_034.wav,かなみ,10101,「んもう……フツーはお風呂に入って、せなかだけ洗って出たりなんかしないでしょーっ？」,
46300 ,,,,,,201,,かなみ,かなみ,01kan004_035.wav,かなみ,10101,「あっ……それともお＜兄＝義兄＞ちゃんは、いつもそこだけしか洗わないんだ！？　やだーっ、きたないー、フケツー！」,
46400 ,,,,,,201,,隆行,隆行,,,,「ん、んな訳ないだろっ……！」,
46500 ,,,,,,201,,かなみ,かなみ,01kan004_036.wav,かなみ,10101,「じゃあ、手とか足とかもちゃんと洗ってよぉー」,
46600 ,,,,,,201,,隆行,隆行,,,,「あ、ああ……」,
46700 ,,,,,,201,,,,,,,　俺はおずおずと、かなみの身体に手を伸ばした。タオル越しに伝わるかなみの身体の柔らかさに、俺のドキドキもどんどん強くなっていく。,
46800 ,,,,,,201,,かなみ,かなみ,01kan004_037.wav,かなみ,10101,「…………はふ……っ」,
46900 ,,,,,,201,,隆行,隆行,,,,「ん？」,
47000 ,,,,,,201,,,,,,,　と、不意にかなみの肩が震えた。,
47100 ,,,,,,201,,隆行,隆行,,,,「寒い？　もしかして、湯冷めしちゃったかな」,
47200 ,,,,,,201,,かなみ,かなみ,01kan004_038.wav,かなみ,10101,「ううん、ちがう……」,
47300 ,,,,,,201,,,,,,,　言いづらそうにヒザ小僧をすり合わせて、かなみは小さく口を開く。,
47400 ,,,,,,201,,かなみ,かなみ,01kan004_039.wav,かなみ,10101,「…………っこ」,
47500 ,,,,,,201,,隆行,隆行,,,,「ん……？」,
47600 ,,,,,,201,,かなみ,かなみ,01kan004_040.wav,かなみ,10101,「お、おしっこ！　トイレいきたいのぉ……」,
47700 ,,,,,,201,,隆行,隆行,,,,「あ、あぁ……そっか。おしっこね」,
47800 ,,,,,,201,,かなみ,かなみ,01kan004_041.wav,かなみ,10101,「言わないでよぉ！」,
47900 ,,,,,,201,,隆行,隆行,,,,「あ、ゴメン……」,
48000 ,,,,,,201,,かなみ,かなみ,01kan004_042.wav,かなみ,10101,「いつも、おふろに入るとしたくなっちゃうの……」,
48100 ,,,,,,201,,隆行,隆行,,,,「ああ、そういえば……」,
48200 ,,,,,,201,,,,,,,　そういえば、一緒に入っていた頃かなみはよく風呂場でもよおして、我慢できず排水口におしっこをしていた。,
48300 ,,,,,,201,,かなみ,かなみ,01kan004_043.wav,かなみ,10101,「えっ、あっ……」,
48400 ,,,,,,201,,,,,,,　余計なことを言ってしまった、と自分でも気付いたんだろう。かなみは心底、恥ずかしそうにうつむいてしまう。,
48500 ,,,,,,201,,かなみ,かなみ,01kan004_044.wav,かなみ,10101,「だっ、だから……もう上がろうよ、お＜兄＝義兄＞ちゃん……」,
48600 ,,,,,,201,,隆行,隆行,,,,「まだ、身体全部を洗い終えてないぞ？」,
48700 ,,,,,,201,,かなみ,かなみ,01kan004_045.wav,かなみ,10101,「い、いいよ、もぉ……」,
48800 ,,,,,,201,,隆行,隆行,,,,「我慢できないんなら、昔みたいにここでしちゃったらどうだ？」,
48900 ,,,,,,201,,かなみ,かなみ,01kan004_046.wav,かなみ,10101,「えぇっ！？」,
49000 ,,,,,,201,,隆行,隆行,,,,「別に今さら気にしなくていいよ。誰にも言わないし」,
49100 ,,,,,,201,,かなみ,かなみ,01kan004_047.wav,かなみ,10101,「やだやだやだやだっ！　ぜーったいやだぁっ！！」,
49200 ,,,,,,201,,隆行,隆行,,,,「どうして……？　平気だよ、排水口のとこにすれば汚くならないし」,
49300 ,,,,,,201,,かなみ,かなみ,01kan004_048.wav,かなみ,10101,「だって……恥ずかしいもん……」,
49400 ,,,,,,201,,隆行,隆行,,,,「恥ずかしくないよ。みんなしてる事だからね」,
49500 ,,,,,,201,,かなみ,かなみ,01kan004_049.wav,かなみ,10101,「そうなの……？」,
49600 ,,,,,,201,,隆行,隆行,,,,「見てるのは俺だけだし。俺に見られるくらいならいいでしょ？」,
49700 ,,,,,,201,,かなみ,かなみ,01kan004_050.wav,かなみ,10101,「でも……」,
49800 ,,,,,,201,,隆行,隆行,,,,「いいから。ね？」,
49900 ,,,,,,201,,かなみ,かなみ,01kan004_051.wav,かなみ,10101,「うぅ………」,
50000 ,,,,,,201,,,,,,,　しばらくもじもじしていたかなみだったが、おしっこへの欲求は羞恥心に勝ったようだ。,
50100 ,,,,,,201,,かなみ,かなみ,01kan004_052.wav,かなみ,10101,「かなみがおふろでおしっこしたこと、ぜったいだれにもいわないでね……？」,
50200 ,,,,,,201,,,,,,,　そう言って、かなみは恥ずかしそうにヒザを開いた。,
50400 ,,,,,,202,,かなみ,かなみ,01kan004_053.wav,かなみ,10101,「んっ……」,
50500 ,,,,,,202,,,,,,,　イスに座り直して、かなみは気持ちヒザを広げた。思わず肩越しにのぞき込むと、すぐ非難の声が飛んでくる。,
50600 ,,,,,,202,,かなみ,かなみ,01kan004_054.wav,かなみ,10101,「そんなふーに、じっと見られるのやだぁ……」,
50700 ,,,,,,202,,隆行,隆行,,,,「あ、ごめん。じゃあこっそり見てる」,
50800 ,,,,,,202,,かなみ,かなみ,01kan004_055.wav,かなみ,10101,「こっそりもやだよぉ……」,
50900 ,,,,,,202,,隆行,隆行,,,,「そう言わないでさ。それより、どう？」,
51000 ,,,,,,202,,かなみ,かなみ,01kan004_056.wav,かなみ,10101,「どうって……」,
51100 ,,,,,,202,,,,,,,　しばらくその体勢のまま眉間を寄せていたかなみが、俺の方を振り返る。眉は、へたっと寝てしまった。,
51200 ,,,,,,202,,かなみ,かなみ,01kan004_057.wav,かなみ,10101,「ん……ううん、ひっこんじゃった」,
51300 ,,,,,,202,,隆行,隆行,,,,「あれ？　本当……」,
51400 ,,,,,,202,,かなみ,かなみ,01kan004_058.wav,かなみ,10101,「お＜兄＝義兄＞ちゃんが見てるからだよぉ。もう、おトイレいくぅ……」,
51500 ,,,,,,202,,隆行,隆行,,,,「仕方ないなぁ……手伝ってあげるよ」,
51600 ,,,,,,202,,かなみ,かなみ,01kan004_059.wav,かなみ,10101,「あっ、んん……お＜兄＝義兄＞ちゃん、なにを……あんんっ！？」,
51800 ,,,,,,203,,,,,,,　俺はかなみの股に手を突っ込んで、つるりとした感触の恥丘に指を這わせた。そのままワレメを撫でながら、指先で少しだけ押し込んでみる。,
51900 ,,,,,,203,,かなみ,かなみ,01kan004_060.wav,かなみ,10101,「あんんっ！　そこ、さわっちゃやだぁ……」,
52000 ,,,,,,203,,隆行,隆行,,,,「ここ？」,
52100 ,,,,,,203,,かなみ,かなみ,01kan004_061.wav,かなみ,10101,「くぅっ……だから、そこだってばぁ……」,
52200 ,,,,,,203,,,,,,,　止めようと俺の手に重なった指が手の甲を掻いて、結局は添えられたままで止まってしまう。,
52300 ,,,,,,203,,,,,,,　指の下で、かなみのソコは確かな湿り気をたたえていた。だというのに、何度擦ってみても熱いほとばしりは生まれなかった。かなみもただ、どうしたものかと小さく腰をくねらせるだけ。,
52400 ,,,,,,203,,隆行,隆行,,,,「こことか……いじってみると、おしっこ出てくるかな」,
52500 ,,,,,,203,,かなみ,かなみ,01kan004_062.wav,かなみ,10101,「きゃうっ！？　ん、うぅ……」,
52600 ,,,,,,203,,,,,,,　俺はほとんど躍起になって、指の位置を割れ目から包皮にくるまれたクリトリスへと移した。強くなりすぎないように、けれども執拗に。,
52700 ,,,,,,203,,,,,,,　包皮越しにクリトリスを軽くノックしてみると、かなみの身体が小刻みにけいれんする。,
52800 ,,,,,,203,,かなみ,かなみ,01kan004_063.wav,かなみ,10101,「そ……そこやだ、ぴりぴりするぅ……」,
52900 ,,,,,,203,,隆行,隆行,,,,「かなみ……」,
53000 ,,,,,,203,,かなみ,かなみ,01kan004_064.wav,かなみ,10101,「ふわふわしちゃう、また……ちからぬけちゃうのぉ……この前みたいに、身体がギュッてなっちゃうよぉ……」,
53100 ,,,,,,203,,隆行,隆行,,,,「いいんじゃない……イッてごらん」,
53200 ,,,,,,203,,かなみ,かなみ,01kan004_065.wav,かなみ,10101,「はぁっ、はぅぅ……お＜にい＝義兄＞ちゃん、お＜にい＝義兄＞ちゃぁぁん……」,
53300 ,,,,,,203,,,,,,,　何か、訴えかけようとするように振り返ったかなみ。その唇をキスでふさぐと、一瞬、幸せそうに瞳が閉じる。しかしすぐにかなみは唇を離し、荒い息の合間にささやいた。,
53400 ,,,,,,203,,かなみ,かなみ,01kan004_066.wav,かなみ,10101,「今はだめっ、い、イクのはやだぁ……」,
53500 ,,,,,,203,,隆行,隆行,,,,「どうして……かなみ、こんなに気持ちよさそうなのに。やめたらきっと苦しいよ」,
53600 ,,,,,,203,,かなみ,かなみ,01kan004_067.wav,かなみ,10101,「だって、だって……イッたらぜったい、おしっこ出ちゃうもん……」,
53700 ,,,,,,203,,隆行,隆行,,,,「しちゃいなよ」,
53800 ,,,,,,203,,かなみ,かなみ,01kan004_068.wav,かなみ,10101,「やなのぉ！　かなみ、トイレでしかおしっこしたくないもん……」,
53900 ,,,,,,203,,隆行,隆行,,,,「我慢しなくていいってば」,
54000 ,,,,,,203,,かなみ,かなみ,01kan004_069.wav,かなみ,10101,「やんっ！　いじわるぅ……や。もう、ダメなの……じんじんして、がまん、できなくらっちゃうぅぅ……」,
54100 ,,,,,,203,,隆行,隆行,,,,「だから、無理に我慢はしなくていいって」,
54200 ,,,,,,203,,かなみ,かなみ,01kan004_070.wav,かなみ,10101,「したいのっ！　またお＜兄＝義兄＞ちゃんの前で、おもらしなんて……」,
54300 ,,,,,,203,,隆行,隆行,,,,「あの時のかなみ、なかなか可愛かったけどな」,
54400 ,,,,,,203,,かなみ,かなみ,01kan004_071.wav,かなみ,10101,「そっ、そんなの、うそぉ……」,
54500 ,,,,,,203,,,,,,,　本当だよ、とほっぺにキスしてから、空いた右手で小さな胸を包む。優しく揉みほぐすように乳首を掌でこすると、無意識にか、かなみは俺の頬にキスの雨を降らせた。,
54600 ,,,,,,203,,かなみ,かなみ,01kan004_072.wav,かなみ,10101,「くる……きちゃうよぉ。こないだのこわいの、きちゃうのぉ……」,
54700 ,,,,,,203,,隆行,隆行,,,,「恐くないよ。ほら、ちゃんと俺が支えてるから」,
54800 ,,,,,,203,,かなみ,かなみ,01kan004_073.wav,かなみ,10101,「でもっ！　かなみのあそこ、かなみのじゃないみたい……あつくて、こわい……こわいのぉ……」,
54900 ,,,,,,203,,隆行,隆行,,,,「かなみ……んんっ、んっ」,
55000 ,,,,,,203,,かなみ,かなみ,01kan004_074.wav,かなみ,10101,「お＜にい＝義兄＞ひゃ……んんんんんっ、ぷぁ、ん……くちゅ、ん……」,
55100 ,,,,,,203,,,,,,,　絡めた舌が、卑猥な音を立てる。まるで心も一緒につないでしまったように、俺とかなみは夢中で唇を貪りあった。,
55200 ,,,,,,203,,かなみ,かなみ,01kan004_075.wav,かなみ,10101,「らめっ、らめぇ……はなして。かなみのそこ、こりこりってするのやめてぇ……」,
55300 ,,,,,,203,,,,,,,　指先に伝わるコリコリしたクリトリスの感触は、生々しく……いじればいじる程に、主張を強めていく。この反応に気をよくした俺の指は、更にソコをいじり始めた。,
55400 ,,,,,,203,,かなみ,かなみ,01kan004_076.wav,かなみ,10101,「お＜にい＝義兄＞ひゃん……もぉ、もぉ……いじめらいれぇ……」,
55500 ,,,,,,203,,隆行,隆行,,,,「いじめてなんかないよ。もっともっと、気持ちよくしてあげたいんだ……」,
55600 ,,,,,,203,,かなみ,かなみ,01kan004_077.wav,かなみ,10101,「はぁっ、あ、あうっ、あ……あんっ！　出ちゃう、出ちゃうよぉ……やなのに、もう……がまんできない。らめっ、ん……んああっ！」,
55700 ,,,,,,203,,隆行,隆行,,,,「ん……かなみ……！」,
55800 ,,,,,,203,,かなみ,かなみ,01kan004_078.wav,かなみ,10101,「もう、もうっ……だめ、らめぇえぇぇぇ……っ！！」,
56000 ,,,<!ef_shasei>,,,204,,,,,,,　かなみの叫び声が上がるのと、熱いおしっこが俺の手を濡らしたのは、同時だった。,
56100 ,,,,,,204,,かなみ,かなみ,01kan004_079.wav,かなみ,10101,「はぁ……っ！　とまらない、とまらないよぉ……っ」,
56200 ,,,,,,204,,,,,,,　２度目ともなると慣れたもので、俺は小刻みに震えるかなみの下腹部を撫でながら、肩口に軽くキスをした。,
56300 ,,,,,,204,,隆行,隆行,,,,「まだ出てる……たくさん我慢してたんだね」,
56400 ,,,,,,204,,かなみ,かなみ,01kan004_080.wav,かなみ,10101,「やあぁっ……お＜兄＝義兄＞ちゃん、見ないで、見ないでぇ……！ふああぁぁっ、ああんっ、はぁぁ……」,
56500 ,,,,,,204,,,,,,,　ぴゅっと最後の一滴をこぼしてから、かなみは脱力して倒れかけた。その身体を慌てて支えると、そのままかなみは俺の胸の中へと収まる。,
56600 ,,,,,,204,,隆行,隆行,,,,「おい、かなみ……？」,
56700 ,,,,,,204,,かなみ,かなみ,01kan004_081.wav,かなみ,10101,「ふぁ……ふぁぁぁ……」,
56800 ,,,,,,204,,,,,,,　俺のかなみの裸体を優しく抱くと……身体が冷めないように、湯船のお湯を定期的にかけ続ける。,
56900 ,,,,,,204,,かなみ,かなみ,01kan004_082.wav,かなみ,10101,「ああ、あったかい……ふんわりしていいきもちだよ……お＜にい＝義兄＞ちゃん……」,
57000 ,,,,,,204,,,,,,,　かなみは満足そうに目を閉じた。そして呼吸が安らかに落ち着くまで、俺はそっとお湯をかけ続けたのだった。,
57200 ,,,<!ef_timepass>,2,3,,,かなみ,かなみ,01kan004_083.wav,かなみ,10119,「もう～～～っ、お＜兄＝義兄＞ちゃん！？　とってもとーっても、はずかしかったんだからねっ！！！」,
57300 ,,,,,,,,隆行,隆行,,かなみ,10119,「い、いや……」,
57400 ,,,,,,,,かなみ,かなみ,01kan004_084.wav,かなみ,10119,「＜妹＝義妹＞に目の前でおしっこさせてっ！　えっち！　ヘンタイ！　ばかぁぁっ！！」,
57500 ,,,,,,,,,,,かなみ,10119,　風呂場での可愛くて安らかな表情とは一変、いつものわがままで生意気な＜妹＝義妹＞がそこにいた。,
57600 ,,,,,,,,隆行,隆行,,かなみ,10119,「いや……ごめん。ちょっと調子に乗りすぎた」,
57700 ,,,,,,,,かなみ,かなみ,01kan004_085.wav,かなみ,10127,「はんせーするのっ！　おへんじは！？」,
57800 ,,,,,,,,隆行,隆行,,かなみ,10127,「……はい」,
57900 ,,,,,,,,かなみ,かなみ,01kan004_086.wav,かなみ,10127,「むー。まあ、よろしいっ。それじゃっ……ちゅ▼」,
58000 ,,,,,,,,,,,かなみ,10129,　頭を下げたタイミングで、頬に柔らかな感触が生まれる。見上げるとすぐ間近に、頬を赤らめたかなみの顔があった。,
58100 ,,,,,,,,かなみ,かなみ,01kan004_087.wav,かなみ,10116,「しょーがない、ゆるしてあげる。かなみのこと、たくさんかわいいって言ってくれたから」,
58200 ,,,,,,,,隆行,隆行,,かなみ,10116,「あっ、うん……」,
58300 ,,,,,,,,かなみ,かなみ,01kan004_088.wav,かなみ,10116,「これからもかなみ、いい子にするから……またごほうびしてね？」,
58400 ,,,,,,,,隆行,隆行,,かなみ,10116,「あ、ああ……」,
58500 ,,,,,,,,,,,かなみ,10116,　この約束は、俺たち＜兄妹＝義兄妹＞の関係を大きく変えてしまうんだろうな……。そう思いながらも、俺はついうなずいてしまっていた。,
58600 ,,,,,,,,かなみ,かなみ,01kan004_089.wav,かなみ,10102,「………えへっ」,
58700 ,,,,,,,,,,,かなみ,10102,　やれやれ……この調子じゃ、罪悪感とも長いつきあいになりそうだな……。,
58800 ,$return,,,,,,,,,,,,,
58900 ,&01kan020ha,,,4294967295,9000,,,,,,,,,
59200 ,,,,2,2,,,隆行,隆行,,,,「おっ……かなみ、今日は玄関で待っててくれたんだな」,
59300 ,,,,,,,,かなみ,かなみ,01kan005_001.wav,かなみ,10102,「うん。お＜兄＝義兄＞ちゃん遅いんだもーん」,
59400 ,,,,,,,,隆行,隆行,,かなみ,10102,「ごめんごめん。じゃあ、今日もまりまり勉強するぞ」,
59500 ,,,,,,,,かなみ,かなみ,01kan005_002.wav,かなみ,10121,「まりまりって、なに……」,
59700 ,,,<!ef_move>,,3,,,,,,,,　俺はいつも通りに席へ着くと、テキスト類を準備しながら聞いた。,
59800 ,,,,,,,,隆行,隆行,,,,「そういえば、勉強は自主的にもやってるか？」,
59900 ,,,,,,,,かなみ,かなみ,01kan005_003.wav,かなみ,10101,「うん。よゆーがあるときに、ちょっとずつやってるよ……？」,
60000 ,,,,,,,,隆行,隆行,,かなみ,10101,「そうか、それはなによりだ。引き続き頑張るんだぞ」,
60100 ,,,,,,,,かなみ,かなみ,01kan005_004.wav,かなみ,10102,「うんっ！　もっともっとごほうびが欲しいから、かなみがんばるっ！」,
60200 ,,,,,,,,,,,かなみ,10102,　もっとごほうび、か……。んんっ？　するとかなみは、Ｈなご褒美を自ら望んでるってコトか！？,
60300 ,,,,,,,,,,,かなみ,10102,　確かに……自分からキスをせがむし、風呂に入ろうって言ってくるし……。かなみ、ひょっとして俺のこと……。,
60400 ,,,,,,,,かなみ,かなみ,01kan005_005.wav,かなみ,10114,「ん……どーしたの？　お＜兄＝義兄＞ちゃん」,
60500 ,,,,,,,,隆行,隆行,,かなみ,10114,「あ、いや……なんでもない。さあ、新しいステップの授業を始めるぞ」,
60600 ,,,,,,,,かなみ,かなみ,01kan005_006.wav,かなみ,10101,「うんっ。かなみに、もっといろんなコトおしえてねっ」,
60700 ,,,,,,,,,,,かなみ,10101,　『いろんなコト、おしえて』か……いろんなＨなコト、手取り足取り教えたりなんかしちゃったりして……ぬふふ。,
60800 ,,,,,,,,かなみ,かなみ,01kan005_007.wav,かなみ,10121,「お＜兄＝義兄＞ちゃん？　お＜にい＝義兄＞ちゃん……？」,
60900 ,,,,,,,,隆行,隆行,,かなみ,10121,「よし、かなみ。これからも俺がしっかりみっちり教えてやるからな！」,
61000 ,,,,,,,,かなみ,かなみ,01kan005_008.wav,かなみ,10101,「あっ、うっ、うん……」,
61100 ,,,,,,,,隆行,隆行,,かなみ,10101,「あっ、誤解するなよ？　俺は別に、やましいコトなんか考えてないからな。そう、俺は頼れる＜兄＝義兄＞として、成績が伸び悩む＜妹＝義妹＞を……」,
61200 ,,,,,,,,かなみ,かなみ,01kan005_009.wav,かなみ,10101,「お＜兄＝義兄＞ちゃん、ひとりでなに言ってるの……？　ふう、やっぱりお＜兄＝義兄＞ちゃんってたよりなーい」,
61400 ,$return,,,,,,,,,,,,,
61500 ,&01kan030h,,<!ef_timepass>,2,3,,,,,,,,,
61800 ,,,,,,,,隆行,隆行,,,,「うん、よく頑張ってるな。成績もぐんぐんと伸びてきてるよ」,
61900 ,,,,,,,,かなみ,かなみ,01kan006_001.wav,かなみ,10114,「……そう？」,
62000 ,,,,,,,,隆行,隆行,,かなみ,10114,「もちろん。この調子で頑張れば、すぐみんなに追いつけるぞ」,
62100 ,,,,,,,,かなみ,かなみ,01kan006_002.wav,かなみ,10101,「……そっか」,
62200 ,,,,,,,,,,,かなみ,10101,　気のない……と言うより、心ここにあらずといった調子のかなみに、俺は思わず頭をかく。,
62290 ,,,,,,,,,,,かなみ,10101,　今日、かなみの様子はずっとおかしかった。口数も少なく、俺と目が合っても慌てて逸らしてしまう。,
62300 ,,,,,,,,,,,かなみ,10101,　これで気にするなってのは、無理だよな……。,
62400 ,,,,,,,,隆行,隆行,,かなみ,10101,「かなみ、ご褒美だけどな……」,
62500 ,,,,,,,,かなみ,かなみ,01kan006_003.wav,かなみ,10119,「あっ、だめぇーっ！」,
62600 ,,,,,,,,,,,かなみ,10119,　頭を撫でようとした手を避けられ、俺の心臓がどきりと音を立てる。そんな俺のうろたえた態度に、かなみはどこか悲しそうな顔をした。,
62700 ,,,,,,,,かなみ,かなみ,01kan006_004.wav,かなみ,10128,「なでなでは、しなくていいのっ」,
62800 ,,,,,,,,隆行,隆行,,かなみ,10128,「……？　どうしたんだよ、急に」,
62900 ,,,,,,,,かなみ,かなみ,01kan006_005.wav,かなみ,10107,「だって……」,
63000 ,,,,,,,,隆行,隆行,,かなみ,10107,「もしかして、風呂場のことでまだ怒ってるとか？」,
63100 ,,,,,,,,かなみ,かなみ,01kan006_006.wav,かなみ,10106,「ちがうっ！　それは……もういいよぅ……」,
63200 ,,,,,,,,,,,かなみ,10106,　かなみは一瞬だけ目を見開いて、またすぐに伏せてしまう。,
63300 ,,,,,,,,隆行,隆行,,かなみ,10106,「一体どうしたんだ？」,
63400 ,,,,,,,,かなみ,かなみ,01kan006_007.wav,かなみ,10122,「えっと……あのね…………」,
63500 ,,,,,,,,隆行,隆行,,かなみ,10122,「ああ」,
63600 ,,,,,,,,かなみ,かなみ,01kan006_008.wav,かなみ,10122,「あっ、あのね……」,
63700 ,,,,,,,,,,,かなみ,10122,　言い辛そうにもじもじと、かなみはヒザの上で手をこねる。そんなかなみの不可解な様子は、俺をますます不安にさせた。,
63800 ,,,,,,,,隆行,隆行,,かなみ,10122,「かなみがそんな顔してるのに、頭撫でてあげるのもダメなのか？」,
63900 ,,,,,,,,かなみ,かなみ,01kan006_009.wav,かなみ,10122,「それがダメなの！」,
64000 ,,,,,,,,隆行,隆行,,かなみ,10122,「どうして……」,
64100 ,,,,,,,,かなみ,かなみ,01kan006_010.wav,かなみ,10106,「だって……かなみのからだ、おかしいんだもん……」,
64200 ,,,,,,,,隆行,隆行,,かなみ,10106,「おかしい、って……？」,
64300 ,,,,,,,,かなみ,かなみ,01kan006_011.wav,かなみ,10106,「お＜兄＝義兄＞ちゃんに、なでなでしてもらったことおもいだすとね。かなみのからだ、変になっちゃうの」,
64400 ,,,,,,,,隆行,隆行,,かなみ,10106,「変？　って……どういう風に」,
64500 ,,,,,,,,かなみ,かなみ,01kan006_012.wav,かなみ,10106,「それは、えと……」,
64600 ,,,,,,,,隆行,隆行,,かなみ,10106,「ちゃんと話してくれないと、俺にもわからないよ」,
64700 ,,,,,,,,かなみ,かなみ,01kan006_013.wav,かなみ,10113,「止まらないの……おもらし、とまらないのぉ……」,
64800 ,,,,,,,,隆行,隆行,,かなみ,10113,「お漏らし……って」,
64900 ,,,,,,,,かなみ,かなみ,01kan006_014.wav,かなみ,10113,「……変なのが。おしっこじゃないおもらしが止まらなくて、パンツがびしょびしょになっちゃうの」,
65000 ,,,,,,,,,,,かなみ,10113,　俺の視線を避けるように、かなみは顔をそらす。そのまま股の間で指をこね、落ち着かなげに腰を揺り動かす。,
65100 ,,,,,,,,,,,かなみ,10113,　その態度に……俺はピンときた。,
65200 ,,,,,,,,隆行,隆行,,かなみ,10113,「ひょっとして、そのお漏らし……少しずつ、じわって出てくる？」,
65300 ,,,,,,,,かなみ,かなみ,01kan006_015.wav,かなみ,10101,「えっ、うん……」,
65400 ,,,,,,,,隆行,隆行,,かなみ,10101,「ちょっぴりねばねばしてたり？」,
65500 ,,,,,,,,かなみ,かなみ,01kan006_016.wav,かなみ,10118,「えっ……あっ……」,
65600 ,,,,,,,,隆行,隆行,,かなみ,10118,「今も……そのお漏らし、しちゃってるのか？」,
65700 ,,,,,,,,,,,かなみ,10118,　最後の質問にかなみは答えなかったけど、小さくうなずいたのを俺は見逃さなかった。,
65800 ,,,,,,,,,,,かなみ,10118,　かなみがそこまで感じてくれてたなんて、男としては嬉しい……いや、＜兄＝義兄＞としては複雑か。,
65900 ,,,,,,,,かなみ,かなみ,01kan006_017.wav,かなみ,10106,「お＜兄＝義兄＞ちゃん、むつかしい顔してる……」,
66000 ,,,,,,,,隆行,隆行,,かなみ,10106,「え……！？」,
66100 ,,,,,,,,かなみ,かなみ,01kan006_018.wav,かなみ,10105,「やっぱりかなみ、びょーきなんだ……」,
66200 ,,,,,,,,隆行,隆行,,かなみ,10105,「違うよ、かなみ……少しも変な事なんてないよ」,
66300 ,,,,,,,,かなみ,かなみ,01kan006_019.wav,かなみ,10127,「うそだよぉ……」,
66400 ,,,,,,,,隆行,隆行,,かなみ,10127,「本当だって、ちっとも変じゃない」,
66500 ,,,,,,,,かなみ,かなみ,01kan006_020.wav,かなみ,10105,「ぐす……っ」,
66600 ,,,,,,,,,,,かなみ,10105,　経緯はどうあれ、原因は俺にあるようだ。かなみの反応が、少しも変な事じゃないって教えてあげないと。,
66700 ,,,,,,,,,,,かなみ,10105,　聞く耳を持ってくれないなら、直接身体に……な。,
66800 ,,,,,,,,隆行,隆行,,かなみ,10105,「ご褒美をあげよう。今すぐ、かなみの不安をなくしてあげるから」,
66900 ,,,,,,,,かなみ,かなみ,01kan006_021.wav,かなみ,10116,「……ホント？」,
67000 ,,,,,,,,隆行,隆行,,かなみ,10116,「うん、絶対だ。俺の言う事、信じてくれるよね」,
67100 ,,,,,,,,かなみ,かなみ,01kan006_022.wav,かなみ,10116,「……うん。うんっ！」,
67200 ,,,,,,,,,,,かなみ,10116,　一転、パッと表情を輝かせて、かなみは俺の胸に飛び込んで来た。,
67300 ,,,,,,,,かなみ,かなみ,01kan006_023.wav,かなみ,10116,「それじゃ、はやくっ！　はやくして、お＜兄＝義兄＞ちゃん……」,
67400 ,,,,,,,,隆行,隆行,,かなみ,10116,「わかった。さ……おいで」,
67600 ,,,<!pre_ev1>,11,,301,,隆行,隆行,,,,「そこに座って……足、開いてみて」,
67700 ,,,,,,301,,かなみ,かなみ,01kan006_024.wav,かなみ,10101,「……こう？」,
67800 ,,,,,,301,,隆行,隆行,,,,「もっと大きく」,
67900 ,,,,,,301,,かなみ,かなみ,01kan006_025.wav,かなみ,10101,「う……うん」,
68000 ,,,,,,301,,,,,,,　かなみはためらうように開きかけては、閉じてを繰り返す。＜焦＝じ＞れた俺は、ふとももに手を添えて大きく開かせた。,
68100 ,,,,,,301,,隆行,隆行,,,,「ああ……確かに、お漏らししちゃってるね」,
68200 ,,,,,,301,,,,,,,　真ん中には、かなみの言う通り小さなシミができている。,
68300 ,,,,,,301,,かなみ,かなみ,01kan006_026.wav,かなみ,10101,「お＜兄＝義兄＞ちゃん……じっと見ちゃやだぁ……」,
68400 ,,,,,,301,,隆行,隆行,,,,「でも、見せてくれないと治してあげられないぞ」,
68500 ,,,,,,301,,,,,,,　とは言え、この泣きそうな顔はなんとかしてあげないと……。,
68600 ,,,,,,301,,隆行,隆行,,,,「かなみ……」,
68700 ,,,,,,301,,かなみ,かなみ,01kan006_027.wav,かなみ,10101,「あ……」,
68800 ,,,,,,301,,,,,,,　俺は腰を上げてかなみのおでこに顔を近づけ、軽くキスをしてあげた。,
68900 ,,,,,,301,,かなみ,かなみ,01kan006_028.wav,かなみ,10101,「やだっ……そんなトコより、先におくちにちゅーしてほしい……」,
69000 ,,,,,,301,,隆行,隆行,,,,「はいはい。んーーー」,
69100 ,,,,,,301,,かなみ,かなみ,01kan006_029.wav,かなみ,10101,「ちゅーっ……ん、はぅ……んんんんんん……ちゅ、くちゅ……」,
69200 ,,,,,,301,,隆行,隆行,,,,「くぅっ……ん」,
69300 ,,,,,,301,,かなみ,かなみ,01kan006_030.wav,かなみ,10101,「はぅ、ん……ちゅ、ちゅ……ん」,
69400 ,,,,,,301,,,,,,,　舌を絡めながらかなみの細い腰を引き寄せると、かなみは嬉しそうに俺の首に手を回す。そのままじゃれ合うようにしてお互いの身体を撫で合っているうちに、少しずつかなみの身体から力が抜けてきた。,
69500 ,,,,,,301,,かなみ,かなみ,01kan006_031.wav,かなみ,10101,「んんっ……もう、ちゅー終わりなのぉ……？」,
69600 ,,,,,,301,,隆行,隆行,,,,「今度はこっちにキスしてあげるよ」,
69700 ,,,,,,301,,かなみ,かなみ,01kan006_032.wav,かなみ,10101,「ひゃ！？」,
69800 ,,,,,,301,,,,,,,　俺は、かなみのアソコを指でそっとなぞる。既にソコは熱く潤い、俺の指をしなやかに受け止めてきた。,
69900 ,,,,,,301,,かなみ,かなみ,01kan006_033.wav,かなみ,10101,「まって！　そんなきたないとこ、キスしちゃダメだよぉ……」,
70000 ,,,,,,301,,かなみ,かなみ,01kan006_034.wav,かなみ,10101,「お＜兄＝義兄＞ちゃんとちゅーして……さっきからずっと、おもらしが止まんないんだから……」,
70100 ,,,,,,301,,隆行,隆行,,,,「だから、これはお漏らしじゃないんだよ……」,
70200 ,,,,,,301,,かなみ,かなみ,01kan006_035.wav,かなみ,10101,「あぁんっ！　や……ホントにっ……あ、あぁっ！？」,
70400 ,,,,,,302,,かなみ,かなみ,01kan006_036.wav,かなみ,10101,「んぅっ……お＜兄＝義兄＞ちゃんの息、あつぅい……くすぐったいよぅ……」,
70500 ,,,,,,302,,,,,,,　パンツ越しにキスを繰り返してから、かなみが『おしっこ』と思い込んでいる愛液でぴったりと張り付いた部分を、指で引っ張ってずらす。,
70600 ,,,,,,302,,,,,,,　あらわになったかなみのおま○こに、今度は直接キスをする。,
70700 ,,,,,,302,,かなみ,かなみ,01kan006_037.wav,かなみ,10101,「は、はぅっ……ホントに、キスしちゃった……」,
70800 ,,,,,,302,,隆行,隆行,,,,「はむっ……ん……」,
70900 ,,,,,,302,,かなみ,かなみ,01kan006_038.wav,かなみ,10101,「きゃうっ！？　そこ、おしっこのとこなんだよぉ……」,
71000 ,,,,,,302,,隆行,隆行,,,,「いいの。綺麗だ……かなみのここ、凄く綺麗だよ」,
71100 ,,,,,,302,,かなみ,かなみ,01kan006_039.wav,かなみ,10101,「うそおぉっ……ん、く……はふっ……」,
71200 ,,,,,,302,,,,,,,　ぷっくりと膨らんだ恥丘を押し広げると、明るくピンクに色づいた肉壁があらわになる。,
71290 ,,,,,,302,,,,,,,　まだ他人の目に触れたことがない……おそらくかなみ自身でも覗いた事がないだろうその肉壁は、ぴくぴくと可愛らしく震えている。,
71300 ,,,,,,302,,,,,,,　爪で傷つけないよう細心の注意を払いながら更に押し広げると、俺はゆっくり舌を突き入れた。,
71400 ,,,,,,302,,かなみ,かなみ,01kan006_040.wav,かなみ,10101,「はぅ！　ばっちいんだ……」,
71500 ,,,,,,302,,隆行,隆行,,,,「ちゅ……ちゅるっ」,
71600 ,,,,,,302,,かなみ,かなみ,01kan006_041.wav,かなみ,10101,「んんっ……バイキン入って、びょうきになっても知らないんだからぁ……」,
71700 ,,,,,,302,,隆行,隆行,,,,「んちゅっ……ならないよ。こんなに美味しいのに」,
71800 ,,,,,,302,,かなみ,かなみ,01kan006_042.wav,かなみ,10101,「おいしくなんて……ひゃ！？　ひゃあぅっ……」,
71900 ,,,,,,302,,,,,,,　軽くイッたのか、あふれ出てきた愛液が俺のあごを温かく濡らす。,
72000 ,,,,,,302,,,,,,,　その愛液はサラサラとしていて、ほとんど無色無臭だ。俺は吸い取ったかなみの蜜を舌の上で転がし、かなみの味を探ってみた。,
72100 ,,,,,,302,,かなみ,かなみ,01kan006_043.wav,かなみ,10101,「うぅっ……ふ、ふっ……」,
72200 ,,,,,,302,,隆行,隆行,,,,「ちゅ……ん、ずずっ……ん」,
72300 ,,,,,,302,,かなみ,かなみ,01kan006_044.wav,かなみ,10101,「あああぅっ！？　お、お＜兄＝義兄＞ひゃんっ……そんなばっちいの、飲んじゃやらぁ……」,
72400 ,,,,,,302,,隆行,隆行,,,,「汚くないって。かなみに、汚いとこなんてないよ」,
72500 ,,,,,,302,,かなみ,かなみ,01kan006_045.wav,かなみ,10101,「そんなのっ……ん、そんなのぉ……」,
72600 ,,,,,,302,,隆行,隆行,,,,「かなみのここ、可愛いよ……」,
72700 ,,,,,,302,,かなみ,かなみ,01kan006_046.wav,かなみ,10101,「はぁ……っ」,
72800 ,,,,,,302,,,,,,,　俺がささやけばささやくほど、かなみは高ぶっていく。抵抗して俺の髪を掻き回していた指からは力が抜け、ついには撫でる動きになった。,
72900 ,,,,,,302,,,,,,,　鼻先を撫でる愛液の甘酸っぱい香りが、濃厚になっていく。かなみの身体は、愛撫を受けてどんどん大人になっている。,
73000 ,,,,,,302,,,,,,,　いや……そうさせてるのは、俺なのか。俺は＜兄貴＝義兄＞なのに……。,
73100 ,,,,,,302,,かなみ,かなみ,01kan006_047.wav,かなみ,10101,「は、はっ……はっ……」,
73200 ,,,,,,302,,隆行,隆行,,,,「かなみ……気持ちいいみたいだな。腰、動いてるよ」,
73300 ,,,,,,302,,かなみ,かなみ,01kan006_048.wav,かなみ,10101,「ああん……むねが、くるしいよぉ……」,
73400 ,,,,,,302,,隆行,隆行,,,,「俺、顔上げられないから……そうだ、手を貸してあげるよ」,
73500 ,,,,,,302,,,,,,,　そう言いながら俺は、ふとももを撫でていた右手をかなみの方向へと伸ばす。その手にかなみが手を重ねてくるのを待って、俺は顔を上げて目を合わせた。,
73600 ,,,,,,302,,隆行,隆行,,,,「俺の手で、苦しいとこさすってごらん？」,
73700 ,,,,,,302,,かなみ,かなみ,01kan006_049.wav,かなみ,10101,「っ……こう？」,
73800 ,,,,,,302,,隆行,隆行,,,,「ここ？　わかった、さすってあげるよ……」,
73900 ,,,,,,302,,かなみ,かなみ,01kan006_050.wav,かなみ,10101,「ふぅっ……ん、んんんん……」,
74000 ,,,,,,302,,,,,,,　胸に押し付けられた掌でカップを撫でさすりながらも、俺は舌を休めなかった。そのうちサラサラした愛液は粘性を持って舌に絡むようになり、併せて味も濃厚に……舌に残るような風味になってきた。,
74100 ,,,,,,302,,かなみ,かなみ,01kan006_051.wav,かなみ,10101,「やはぁ……っ、ん……お＜兄＝義兄＞ちゃんっ…………」,
74200 ,,,,,,302,,,,,,,　不意にかなみの手が俺の頭を離れ、弱々しいげんこつが飛んできた。,
74300 ,,,,,,302,,かなみ,かなみ,01kan006_052.wav,かなみ,10101,「うそつきぃ……おしっこじゃないおもらし、止まらないよぉ……」,
74400 ,,,,,,302,,隆行,隆行,,,,「うん……止まらないな。どんどんあふれてくる」,
74500 ,,,,,,302,,かなみ,かなみ,01kan006_053.wav,かなみ,10101,「お＜兄＝義兄＞ちゃんがぺろぺろするからだよぉ……うそつき、なおしてくれるって言ったのにぃ……」,
74600 ,,,,,,302,,隆行,隆行,,,,「もうすぐだよ、もうすぐ……」,
74700 ,,,,,,302,,かなみ,かなみ,01kan006_054.wav,かなみ,10101,「ふぇ……？」,
74800 ,,,,,,302,,,,,,,　返事の変わりに、俺はクリトリスを舌先で転がした。,
74900 ,,,,,,302,,かなみ,かなみ,01kan006_055.wav,かなみ,10101,「ふわっ……はあんっ、はっ…………」,
75000 ,,,,,,302,,,,,,,　小さいながらも堅く尖った突起は、俺の舌にねぶられてらてらと怪しく光った。ぎゅっと左右から締め付けてくるふとももの感触は、かなみの絶頂が近い事を伝えてくる。,
75100 ,,,,,,302,,かなみ,かなみ,01kan006_056.wav,かなみ,10101,「ダメぇ……お＜兄＝義兄＞ちゃん、かなみのあそこ、じんじんする……また、おもらししちゃうよぅ……」,
75200 ,,,,,,302,,隆行,隆行,,,,「いいよ、しちゃって」,
75300 ,,,,,,302,,かなみ,かなみ,01kan006_057.wav,かなみ,10101,「やっ、やなのっ！　やなのにぃっ……」,
75400 ,,,,,,302,,,,,,,　逃げようとする腰をつかみ、俺は鼻先を押し付けるようにおま○こへ吸い付いた。,
75500 ,,,,,,302,,かなみ,かなみ,01kan006_058.wav,かなみ,10101,「きちゃうっ……お尻のとこ、ふわぁーってなって……かなみ、どこかに飛んでっちゃうぅ……」,
75600 ,,,,,,302,,隆行,隆行,,,,「平気だよ。俺が支えてるから……」,
75700 ,,,,,,302,,かなみ,かなみ,01kan006_059.wav,かなみ,10101,「はぅっ、は……出る！　出ちゃうのぉ……」,
75800 ,,,,,,302,,,,,,,　激しく首を振って、悶えるかなみ。俺の手すら跳ねのける勢いで、かなみは腰をくねらせシーツに深いシワを刻む。,
75900 ,,,,,,302,,かなみ,かなみ,01kan006_060.wav,かなみ,10101,「おしっこ出ちゃうっ！　お＜兄＝義兄＞ちゃん、どいて。どいてぇ……。　かかっちゃう、お＜兄＝義兄＞ちゃんのお顔におしっこしちゃうよぉ……っ！！」,
76000 ,,,,,,302,,隆行,隆行,,,,「ちゅーーーーーー……ッ」,
76100 ,,,,,,302,,かなみ,かなみ,01kan006_061.wav,かなみ,10101,「んあっ、あぁぁぁっ！？」,
76200 ,,,,,,302,,,,,,,　クリトリスを、俺の歯がかすかに引っ掻く。その瞬間、かなみの身体は弓なりにのけぞった。,
76300 ,,,,,,302,,かなみ,かなみ,01kan006_062.wav,かなみ,10101,「あ、あぅっ……はぁっ、はああぁんっ……！！」,
76500 ,,,<!ef_shasei>,,,303,,,,,,,　ビクンビクンとけいれんしながら、かなみの股間は黄金のアーチを描いた。,
76600 ,,,,,,303,,かなみ,かなみ,01kan006_063.wav,かなみ,10101,「はあっ、はぁんっ……はふ……」,
76700 ,,,,,,303,,,,,,,　すんでのところで飛び退いて直撃をかわした俺は、部屋に薄い黄色の水たまりができる光景を見つめた。,
76800 ,,,,,,303,,かなみ,かなみ,01kan006_064.wav,かなみ,10101,「はぅ……は、また……あう、あうぅぅっ……」,
76900 ,,,,,,303,,隆行,隆行,,,,「泣かないの。後始末くらい、俺がしてあげるから。それより……」,
77000 ,,,,,,303,,かなみ,かなみ,01kan006_065.wav,かなみ,10101,「ぐす……なぁに……？」,
77100 ,,,,,,303,,隆行,隆行,,,,「おもらしじゃないおしっこ、止まったでしょ？」,
77200 ,,,,,,303,,かなみ,かなみ,01kan006_066.wav,かなみ,10101,「あ……うん」,
77300 ,,,,,,303,,隆行,隆行,,,,「病気じゃないんだってば。かなみが『気持ちよくなりたい』って思うと、自然に身体がそうなっちゃうんだ」,
77400 ,,,,,,303,,かなみ,かなみ,01kan006_067.wav,かなみ,10101,「そう……なんだ」,
77500 ,,,,,,303,,,,,,,　わずかな時間、考え顔になって……すぐにかなみは、笑顔になる。,
77600 ,,,,,,303,,かなみ,かなみ,01kan006_068.wav,かなみ,10101,「こっちのおもらししちゃったら、お＜兄＝義兄＞ちゃんになおしてもらえばいいんだ」,
77700 ,,,,,,303,,隆行,隆行,,,,「え……！？」,
77800 ,,,,,,303,,かなみ,かなみ,01kan006_069.wav,かなみ,10101,「ぶぅ、ちがうの……？」,
77900 ,,,,,,303,,隆行,隆行,,,,「そりゃ、まぁ……他のヤツにやらせるくらいなら」,
78000 ,,,,,,303,,,,,,,　お、俺は何を言ってるんだ……。,
78100 ,,,,,,303,,かなみ,かなみ,01kan006_070.wav,かなみ,10101,「……？」,
78200 ,,,,,,303,,,,,,,　今更ながら、突き上げて来た罪悪感に打ちのめされる。無邪気なかなみの視線に、俺は耐えられなくなりそうだ。,
78300 ,,,,,,303,,,,,,,　そうだよ。どこの世界に、＜妹＝義妹＞のおま○この形まで知ってる＜兄貴＝義兄＞がいるんだ……？,
78390 ,,,,,,303,,,,,,,　それだけじゃない、さわったり舐めたり……このままじゃ、最後に取り返しのつかないこと……してしまうんじゃ……。,
78400 ,,,,,,303,,かなみ,かなみ,01kan006_071.wav,かなみ,10101,「きまり、ねっ♪」,
78500 ,,,,,9000,303,,,,,,,　元気なかなみの言葉に返した俺のうなずきは、うなだれるかのように弱々しかった。,
78600 ,$return,,,,,,,,,,,,,
78700 ,&01kan030ha,,,4294967295,9000,,,,,,,,,
79000 ,,,,2,2,,,かなみ,かなみ,01kan007_001.wav,かなみ,10103,「お＜兄＝義兄＞ちゃんっ、はやくはやく～」,
79100 ,,,,,,,,隆行,隆行,,,,「……っと、そんなに強く引っ張るなよ」,
79200 ,,,<!se_door_home>,,9000,,,,,,,,　かなみに手を引っ張られて玄関に入ったところで、リビングの様子が目に入る。,
79300 ,,,,,,,,,,,,,　それは、俺が一人暮らしを始める前からの見慣れた光景……夕御飯が、食卓にあらかじめ用意してある様子だった。違いといえば、ただ俺の分が減っているぐらいに過ぎない。,
79400 ,,,,,,,,隆行,隆行,,,,「ん……？　なんだ、母さんたちは今夜も仕事なのか」,
79500 ,,,,,,,,かなみ,かなみ,01kan007_002.wav,,,「うん……パパもママも、このところずっとお仕事ばっかりなの……。だからかなみ、夜は大きいおうちにひとりぽっち……」,
79600 ,,,,,,,,,,,,,　それを聞いて、心がズキンと痛んだ。俺が一人暮らしを始めると言い出した時の、かなみの悲しい顔がありありと思い起こされる。,
79700 ,,,,,,,,かなみ,かなみ,01kan007_003.wav,,,「でもね、今はお＜兄＝義兄＞ちゃんが来てくれるからさみしくないのっ！　ほら、はやく～っ！」,
79800 ,,,,,,,,,,,,,　かなみは乱暴に靴を脱ぎ捨て、２階の自室へと＜駈＝か＞け上がっていく。,
79900 ,,,,,,,,隆行,隆行,,,,「ああっ、もう……靴はちゃんと揃えて脱がなきゃダメだぞ、こら……！」,
80100 ,,,<!se_door_room_open><!ef_move>,,3,,,隆行,隆行,,,,「かなみ、靴は脱ぎっぱなしにしちゃダメだぞ。しっかり揃えて置かないと、父さんと母さんに怒られるからな」,
80200 ,,,,,,,,かなみ,かなみ,01kan007_004.wav,かなみ,10101,「たまにしか帰ってこないから、おこられないよ……」,
80300 ,,,,,,,,隆行,隆行,,かなみ,10101,「俺が怒る」,
80400 ,,,,,,,,かなみ,かなみ,01kan007_005.wav,かなみ,10108,「う……はぁい、ごめんなさい……」,
80500 ,,,,,,,,隆行,隆行,,かなみ,10108,「よしよし。素直なかなみは大好きだぞ」,
80600 ,,,,,,,,,,,かなみ,10108,　俺がしょぼんとなったかなみの頭をぐりぐり撫でてやると、かなみは満面の笑顔に戻る。,
80700 ,,,,,,,,かなみ,かなみ,01kan007_006.wav,かなみ,10116,「あっ、そうだ……お＜兄＝義兄＞ちゃん……」,
80800 ,,,,,,,,隆行,隆行,,かなみ,10116,「ん、どうした」,
80900 ,,,,,,,,かなみ,かなみ,01kan007_007.wav,かなみ,10116,「あのね、お＜兄＝義兄＞ちゃんとえっちなことするとね……」,
81000 ,,,,,,,,隆行,隆行,,かなみ,10116,「あっ、えっ……うん」,
81100 ,,,,,,,,かなみ,かなみ,01kan007_008.wav,かなみ,10101,「かなみ、おしっこがあんまりがまんできなくなっちゃうの……どうしよう……」,
81200 ,,,,,,,,隆行,隆行,,かなみ,10101,「えっ、漏れやすくなっちゃうのか……？」,
81300 ,,,,,,,,かなみ,かなみ,01kan007_009.wav,かなみ,10101,「うん……。たくさんおもらしはしないけどね、トイレに行くとちゅうでがまんできなくなって、パンツの中でちょぴっ、ちょぴって出ちゃうの……」,
81400 ,,,,,,,,,,,かなみ,10101,　それはそれでなかなか興奮する……と言いそうになって、俺はなんとか言葉を飲み込んだ。,
81500 ,,,,,,,,かなみ,かなみ,01kan007_010.wav,かなみ,10105,「かなみ、お＜兄＝義兄＞ちゃんにえっちなことしてもらうの好きなんだけど……どうしよう……」,
81600 ,,,,,,,,隆行,隆行,,かなみ,10105,「うーん、そうだな。今度、お漏らししなくなる良い方法を調べておくよ」,
81700 ,,,,,,,,かなみ,かなみ,01kan007_011.wav,かなみ,10121,「おねがいだよ……？」,
81800 ,,,,,,,,隆行,隆行,,かなみ,10121,「任せとけって。それじゃ、授業を始めるぞ」,
81900 ,,,,,,,,かなみ,かなみ,01kan007_012.wav,かなみ,10102,「うんっ」,
82000 ,,,,,,,,,,,かなみ,10102,　俺はペラペラとテキストをめくりつつ、ふと思った疑問を聞いてみた。,
82100 ,,,,,,,,隆行,隆行,,かなみ,10102,「あっ、するとさ……今はいてるパンツにも、ちょびっとお漏らししちゃってるとか？」,
82200 ,,,,,,,,かなみ,かなみ,01kan007_013.wav,かなみ,10119,「そ、それはさっきはきかえたばかりだもんっ！　えっち、ばかーっ！！」,
82400 ,$return,,,,,,,,,,,,,
82500 ,&01kan040h,,<!ef_timepass>,2,3,,,,,,,,,
82800 ,,,,,,,,隆行,隆行,,,,「うん。またちょっと成績上がったね。大したものだよ」,
82900 ,,,,,,,,かなみ,かなみ,01kan008_001.wav,かなみ,10103,「えへっ。かなみ、すごいでしょ～」,
83000 ,,,,,,,,,,,かなみ,10103,　当然、撫でてもらえるものと、かなみは俺にすり寄って来る。反射的に頭に手を伸ばそうとした俺は、思い直して手を引っ込めた。,
83100 ,,,,,,,,かなみ,かなみ,01kan008_002.wav,かなみ,10114,「どうしたの、お＜兄＝義兄＞ちゃん。そこは『かなみ、いい子いい子～』でしょ？」,
83200 ,,,,,,,,隆行,隆行,,かなみ,10114,「違う」,
83300 ,,,,,,,,かなみ,かなみ,01kan008_003.wav,かなみ,10118,「ええっ！？　どーして……」,
83400 ,,,,,,,,隆行,隆行,,かなみ,10118,「かなみは、やればできる子だってわかったからね。これくらい普通に出来てもらわないと、困っちゃうよ」,
83500 ,,,,,,,,かなみ,かなみ,01kan008_004.wav,かなみ,10121,「？？？　どーゆうこと……」,
83600 ,,,,,,,,隆行,隆行,,かなみ,10121,「甘やかしてばっかりいられないって事」,
83700 ,,,,,,,,かなみ,かなみ,01kan008_005.wav,かなみ,10127,「むぅー、そんなのずるいぃー！」,
83800 ,,,,,,,,隆行,隆行,,かなみ,10127,「しかしな……勉強は自分の為にするものだろ？」,
83900 ,,,,,,,,かなみ,かなみ,01kan008_006.wav,かなみ,10127,「しないもん」,
84000 ,,,,,,,,隆行,隆行,,かなみ,10127,「しなさい！」,
84100 ,,,,,,,,かなみ,かなみ,01kan008_007.wav,かなみ,10108,「いい子いい子ってしてくれないと、がんばらないもん」,
84200 ,,,,,,,,隆行,隆行,,かなみ,10108,「う……」,
84300 ,,,,,,,,,,,かなみ,10108,　本気の目だ……。,
84400 ,,,,,,,,隆行,隆行,,かなみ,10108,「しょーのないヤツだなぁ、まったく……」,
84500 ,,,,,,,,かなみ,かなみ,01kan008_008.wav,かなみ,10102,「うん、かなみしょーのないの。だから、しっかりめんどう見てくれないとダメなんだよ？」,
84600 ,,,,,,,,隆行,隆行,,かなみ,10102,「はぁ……わかったよ。いい子いい子」,
84700 ,,,,,,,,かなみ,かなみ,01kan008_009.wav,かなみ,10102,「へへっ……そーそー▼」,
84800 ,,,,,,,,隆行,隆行,,かなみ,10102,「これからも、頑張っていっぱい勉強するんだぞ」,
84900 ,,,,,,,,かなみ,かなみ,01kan008_010.wav,かなみ,10103,「はぁーい」,
85000 ,,,,,,,,,,,かなみ,10103,　頭をぐりぐり撫でてあげると、かなみは気持ちよさそうに目を細めた。,
85100 ,,,,,,,,かなみ,かなみ,01kan008_011.wav,かなみ,10128,「お＜兄＝義兄＞ちゃん……」,
85200 ,,,,,,,,隆行,隆行,,かなみ,10128,「その上、ご褒美もか？　『今日も、気持ちよくして欲しいの……』か？」,
85300 ,,,,,,,,かなみ,かなみ,01kan008_012.wav,かなみ,10128,「……うん、してほしいけど」,
85400 ,,,,,,,,隆行,隆行,,かなみ,10128,「ん……けどって？」,
85500 ,,,,,,,,かなみ,かなみ,01kan008_013.wav,かなみ,10115,「かなみのおへやじゃ、ないほーがいい……おふろとか」,
85600 ,,,,,,,,隆行,隆行,,かなみ,10115,「どうして？」,
85700 ,,,,,,,,かなみ,かなみ,01kan008_014.wav,かなみ,10127,「だって、またおもらししちゃうもん」,
85800 ,,,,,,,,隆行,隆行,,かなみ,10127,「あ……そっか。そういえば」,
85900 ,,,,,,,,かなみ,かなみ,01kan008_015.wav,かなみ,10105,「でも、下にママいるよね。どうしよう……」,
86000 ,,,,,,,,,,,かなみ,10105,　待てよ？　そういえば、この間……。,
86100 ,,,,,,,,隆行,隆行,,かなみ,10105,「大丈夫！　それじゃあ今日のご褒美は、お漏らしぐせの克服にしよう」,
86200 ,,,,,,,,かなみ,かなみ,01kan008_016.wav,かなみ,10114,「こくふく？　かなみ、おもらししなくなるの……？」,
86300 ,,,,,,,,隆行,隆行,,かなみ,10114,「そうだよ。前に話したよね？　お漏らししなくなる方法、探してくるって」,
86400 ,,,,,,,,かなみ,かなみ,01kan008_017.wav,かなみ,10102,「わぁ……見つけてきてくれたんだ」,
86500 ,,,,,,,,隆行,隆行,,かなみ,10102,「うん……って言っても、効果は試してみないとわからないけどね」,
86600 ,,,,,,,,かなみ,かなみ,01kan008_018.wav,かなみ,10122,「かなみ、やる！　もう、おもらししたくないもん」,
86700 ,,,,,,,,,,,かなみ,10122,　それもちょっと寂しいような……なんて、とっさに浮かんだ考えを胸の奥に押し込んで、俺は咳払いをひとつ。,
86800 ,,,,,,,,隆行,隆行,,かなみ,10122,「こほん……じゃあ、早速始めてみようか」,
86900 ,,,,,,,,かなみ,かなみ,01kan008_019.wav,かなみ,10127,「ん。かなみ、どうすればいいの」,
87000 ,,,,,,,,隆行,隆行,,かなみ,10127,「うん……そうだね。まずは、ベッドに行ってくれる？」,
87100 ,,,,,,,,,,,,,　俺が指示するとかなみは元気にうなずいて、ぴょんっ、とベッドに飛び乗った。,
87200 ,,,,,,,,かなみ,かなみ,01kan008_020.wav,かなみ,10102,「いったよ、お＜兄＝義兄＞ちゃん」,
87300 ,,,,,,,,,,,かなみ,10102,　そのまま真っすぐ座って、かなみは『何が始まるのか……？』という期待のこもった目を向けてくる。,
87400 ,,,,,,,,隆行,隆行,,かなみ,10102,「そうじゃなくて。四つんばいになってくれるかな」,
87500 ,,,,,,,,かなみ,かなみ,01kan008_021.wav,,,「……こう？」,
87600 ,,,,,,,,隆行,隆行,,,,「もう少し、お尻を上げて……」,
87700 ,,,,,,,,かなみ,かなみ,01kan008_022.wav,,,「ん……」,
87900 ,,,<!pre_ev1>,10,,401,,かなみ,かなみ,01kan008_023.wav,かなみ,10101,「きゃぅ……っ！」,
88000 ,,,,,,401,,,,,,,　俺はかなみのパンツに指をかけ、そのまま一気に引き下げる。急に外気にさらされて、ぷるっと震えたヒップラインを優しく撫でさすった。,
88100 ,,,,,,401,,かなみ,かなみ,01kan008_024.wav,かなみ,10101,「なぁに？　お＜兄＝義兄＞ちゃん、なにするの……」,
88200 ,,,,,,401,,隆行,隆行,,,,「ここのトレーニング」,
88300 ,,,,,,401,,かなみ,かなみ,01kan008_025.wav,かなみ,10101,「とれーにんぐ？」,
88400 ,,,,,,401,,隆行,隆行,,,,「お漏らししやすいのは、括約筋の働きが弱いからなんだって」,
88500 ,,,,,,401,,かなみ,かなみ,01kan008_026.wav,かなみ,10101,「かつや……き……？　って、どこ……」,
88600 ,,,,,,401,,隆行,隆行,,,,「こーこっ」,
88700 ,,,,,,401,,かなみ,かなみ,01kan008_027.wav,かなみ,10101,「ひゃんっ！？　そ、そこっておしりの……」,
88800 ,,,,,,401,,,,,,,　うん、穴。心の中でそう返事を返して、俺は狭い穴に指を潜り込ませ、くにくにと揉みほぐした。,
88900 ,,,,,,401,,かなみ,かなみ,01kan008_028.wav,かなみ,10101,「あ、あぁぁぁ……」,
89000 ,,,,,,401,,隆行,隆行,,,,「だからね？　こうやってお尻の筋肉を鍛えれば、きっとお漏らしもしなくなるよ」,
89100 ,,,,,,401,,かなみ,かなみ,01kan008_029.wav,かなみ,10101,「はぅ……」,
89200 ,,,,,,401,,隆行,隆行,,,,「かなみ、力抜いて……」,
89300 ,,,,,,401,,かなみ,かなみ,01kan008_030.wav,かなみ,10101,「できないよぉ……そんなとこ、さわったりしたらばっちいよ……？」,
89400 ,,,,,,401,,,,,,,　余計な力が入ってるせいか、かなみのお尻の穴は堅く閉ざされ、指の第一関節までも入らない。それでもかなみには充分すぎる刺激のようで、もれる呼吸は浅く、荒くなってきた。,
89500 ,,,,,,401,,かなみ,かなみ,01kan008_031.wav,かなみ,10101,「だからそこはきたないってば……ああんっ、そんなにしたら……っ、くぅぅ……」,
89600 ,,,,,,401,,隆行,隆行,,,,「大切な事なんだよ？　だから、ほら……」,
89700 ,,,,,,401,,かなみ,かなみ,01kan008_032.wav,かなみ,10101,「きゃ……っ！　くにくにしちゃ、やだぁ……」,
89800 ,,,,,,401,,隆行,隆行,,,,「恥ずかしくても、我慢して」,
89900 ,,,,,,401,,かなみ,かなみ,01kan008_033.wav,かなみ,10101,「うぅ……」,
90000 ,,,,,,401,,,,,,,　俺はしばらく指の動きを止めて、かなみの言葉を待った。それからたっぷり１分ほど、かなみは半べそのままシーツに視線を落としていたが……ようやく決心がついたのか、２、３回大きく首を振った。,
90100 ,,,,,,401,,かなみ,かなみ,01kan008_034.wav,かなみ,10101,「いいよ……お＜兄＝義兄＞ちゃんが大切だっていうなら、かなみ、がまんする」,
90200 ,,,,,,401,,隆行,隆行,,,,「偉いぞ。一緒に、お漏らしとサヨナラしような」,
90300 ,,,,,,401,,かなみ,かなみ,01kan008_035.wav,かなみ,10101,「うん。だから……お＜兄＝義兄＞ちゃんもがまんしてね」,
90400 ,,,,,,401,,隆行,隆行,,,,「俺が？　何を……」,
90500 ,,,,,,401,,かなみ,かなみ,01kan008_036.wav,かなみ,10101,「かなみの、きたないとこさわるの……」,
90600 ,,,,,,401,,,,,,,　こんな時にでも俺を気遣う、この言葉は嬉しくて……少し胸が痛い。,
90700 ,,,,,,401,,隆行,隆行,,,,「俺は全然、嫌じゃないよ。おしりの穴だって、可愛いかなみの一部なんだから」,
90800 ,,,,,,401,,かなみ,かなみ,01kan008_037.wav,かなみ,10101,「お＜兄＝義兄＞ちゃん、ちゅー……」,
90900 ,,,,,,401,,隆行,隆行,,,,「ん……」,
91000 ,,,,,,401,,かなみ,かなみ,01kan008_038.wav,かなみ,10101,「ん……お＜兄＝義兄＞ちゃんのくちびる、おいしぃ……」,
91100 ,,,,,,401,,隆行,隆行,,,,「かなみも。ぷにぷに、ふわふわしててマシュマロみたいだ」,
91200 ,,,,,,401,,かなみ,かなみ,01kan008_039.wav,かなみ,10101,「ぷぁ……ん、ふぅ……おいしいなら、もっとちゅっちゅしてぇ」,
91300 ,,,,,,401,,隆行,隆行,,,,「ん……」,
91400 ,,,,,,401,,かなみ,かなみ,01kan008_040.wav,かなみ,10101,「くちゅ……ん、ふっ……ん、ちゅ……んむっ……ん、ふぅ……っ……」,
91500 ,,,,,,401,,,,,,,　夢中で吸い付いてくる唇を受け止め、舌を絡める。ぴちゃぴちゃと濡れた音を立てるかなみの唇からは、こぼれた唾液があごにかけて道をつくった。,
91600 ,,,,,,401,,かなみ,かなみ,01kan008_041.wav,かなみ,10101,「んふっ……」,
91700 ,,,,,,401,,,,,,,　かなみの反応をうかがいながら、俺は掌を背中からお尻へと移動させる。薄く汗ばんだ柔らかなお尻は、俺の指に応えて小刻みに震えた。,
91800 ,,,,,,401,,かなみ,かなみ,01kan008_042.wav,かなみ,10101,「お＜兄＝義兄＞ちゃん、お＜にい＝義兄＞ちゃぁん……」,
91900 ,,,,,,401,,隆行,隆行,,,,「気持ちよくなってきた？」,
92000 ,,,,,,401,,かなみ,かなみ,01kan008_043.wav,かなみ,10101,「うん、かなみのおまた……また、ヌルヌルしてきちゃった……」,
92100 ,,,,,,401,,隆行,隆行,,,,「どれ？　あ、本当だね……」,
92200 ,,,,,,401,,かなみ,かなみ,01kan008_044.wav,かなみ,10101,「あぅっ……」,
92300 ,,,,,,401,,,,,,,　ふとももを伝う愛液を、指先で絡め取る。大事なとこには触れないように、指全体を愛液で浸して俺は準備を整えた。,
92400 ,,,,,,401,,隆行,隆行,,,,「今日は、前の穴は触らないよ？　トレーニングだからね、後ろだけしか……」,
92500 ,,,,,,401,,かなみ,かなみ,01kan008_045.wav,かなみ,10101,「ん……んんんっ！？」,
92700 ,,,,,,402,,かなみ,かなみ,01kan008_046.wav,かなみ,10101,「はぁんっ！　あ、あぁぁぁぁぁ……」,
92800 ,,,,,,402,,,,,,,　すっかり力が抜けたお尻の穴は、スルリと人差し指の第二関節までを呑み込んでくれた。,
92900 ,,,,,,402,,かなみ,かなみ,01kan008_047.wav,かなみ,10101,「はいってくるぅ、お＜兄＝義兄＞ちゃんのゆび……」,
93000 ,,,,,,402,,隆行,隆行,,,,「うん。こんなに深く入っちゃったよ」,
93100 ,,,,,,402,,かなみ,かなみ,01kan008_048.wav,かなみ,10101,「ふとくて、あっつぅぃ……ん、あぁ……おしりがさけちゃうよぉ……」,
93200 ,,,,,,402,,隆行,隆行,,,,「大丈夫だよ、そんなこと絶対にしないから。痛くないように、ゆっくりほぐしていくからね」,
93300 ,,,,,,402,,かなみ,かなみ,01kan008_049.wav,かなみ,10101,「ゆ、ゆっくりぃ……？　は、あぁ……うごいてる……」,
93400 ,,,,,,402,,隆行,隆行,,,,「ぎゅっ、と締め付ける事を意識してみて？　ほら、トレーニングだから」,
93500 ,,,,,,402,,かなみ,かなみ,01kan008_050.wav,かなみ,10101,「んうぅ……」,
93600 ,,,,,,402,,,,,,,　かなみは眉を寄せて、気力を振り絞ったようだった。きゅっ、きゅっ、と断続的にやってくる指への締め付けに応えて、俺もかなみの直腸内でそっと円を描く。,
93700 ,,,,,,402,,かなみ,かなみ,01kan008_051.wav,かなみ,10101,「はぁ……あ、あん……ん、く……」,
93800 ,,,,,,402,,,,,,,　さて、いよいよトレーニング開始。そう思ったのも束の間、かなみのお尻からはアッという間に力が抜けてしまった。,
93900 ,,,,,,402,,かなみ,かなみ,01kan008_052.wav,かなみ,10101,「もうできないよ……ちから、はいんないもぉん……」,
94000 ,,,,,,402,,隆行,隆行,,,,「もうギブアップか？　勉強と同じだよ、最後まで頑張ってみて」,
94100 ,,,,,,402,,かなみ,かなみ,01kan008_053.wav,かなみ,10101,「う、うん……。あ……あんっ、でも……あぁんっ……」,
94200 ,,,,,,402,,隆行,隆行,,,,「だらしないなぁ……そんなに気持ちよくなっちゃったのか？」,
94300 ,,,,,,402,,かなみ,かなみ,01kan008_054.wav,かなみ,10101,「きもちい……い、ぃっ……はぅ、はぅぅん……」,
94400 ,,,,,,402,,隆行,隆行,,,,「そっか……かなみは、お尻をいじられるのも大好きなんだね」,
94500 ,,,,,,402,,かなみ,かなみ,01kan008_055.wav,かなみ,10101,「す、すき……？　うん、そーかもぉ……おしり、きもちよくて……くちゅくちゅってして……かなみ、なにもかんがえられなくらっひゃう……」,
94600 ,,,,,,402,,隆行,隆行,,,,「お尻の中も、気持ちいいってぴくぴくしてるよ」,
94700 ,,,,,,402,,かなみ,かなみ,01kan008_056.wav,かなみ,10101,「ごめんね……んんっ、とれーにんぐなのに……」,
94800 ,,,,,,402,,隆行,隆行,,,,「いいんだよ。勉強もトレーニングも、楽しくした方が身に付くものだし」,
94900 ,,,,,,402,,かなみ,かなみ,01kan008_057.wav,かなみ,10101,「そっか……ん、そうだよね……」,
95000 ,,,,,,402,,,,,,,　本音を言えば、俺だってとっくに限界だった。チ○チンは痛いくらいに凝り固まって、かなみを押し倒してしまいたい衝動と戦っている。こんな欲望が乗り移った指が、お行儀よくできるハズもない。,
95100 ,,,,,,402,,,,,,,　俺は指の動きをますます早め、未開のアナルへの愛撫に専念する事にした。,
95200 ,,,,,,402,,かなみ,かなみ,01kan008_058.wav,かなみ,10101,「ひゃんっ！？　は、はん……あ、あぅ……ん、んっ……」,
95300 ,,,,,,402,,隆行,隆行,,,,「かなみ……感じる？　俺の指、根本まで全部入っちゃうよ」,
95400 ,,,,,,402,,かなみ,かなみ,01kan008_059.wav,かなみ,10101,「かんじる……かんじるぅ……お＜兄＝義兄＞ちゃんのゴツゴツしたの、でたりはいったりしてるの。かなみのおしり、パンパンなのぉ……」,
95500 ,,,,,,402,,,,,,,　キツく、ザラザラとした腸内は伸縮を繰り返して俺の指にまとわりつく。俺は自然と目を閉じて、狭い腸内を行き交う指をチ○コに置き換えイメージしていた。,
95600 ,,,,,,402,,かなみ,かなみ,01kan008_060.wav,かなみ,10101,「はぁんっ、あ……あん、はっ……あ、あんっ……あぁぁんっ！」,
95700 ,,,,,,402,,隆行,隆行,,,,「かなみっ……いいよ、かなみっ……！」,
95800 ,,,,,,402,,かなみ,かなみ,01kan008_061.wav,かなみ,10101,「ふぅっ、は……うぅんっ、うん……あ、あぁ……」,
95900 ,,,,,,402,,,,,,,　かなみの中が収縮してくる、熱いたぎりを欲しがるように……。,
96000 ,,,,,,402,,かなみ,かなみ,01kan008_062.wav,かなみ,10101,「かなみイクっ……いくぅ……おしりで、お＜兄＝義兄＞ちゃんのゆびでイッちゃうのぉ」,
96100 ,,,,,,402,,隆行,隆行,,,,「いいよ……イッて？　可愛い顔、見せて」,
96200 ,,,,,,402,,かなみ,かなみ,01kan008_063.wav,かなみ,10101,「んはっ！？　は、お＜兄＝義兄＞ちゃん……お兄ちゃぁぁぁん……」,
96300 ,,,,,,402,,隆行,隆行,,,,「かなみっ……！」,
96400 ,,,,,,402,,かなみ,かなみ,01kan008_064.wav,かなみ,10101,「んうぅぅぅぅぅっ……！？」,
96500 ,,,,,,402,,,,,,,　かなみの身体が大きくのけぞって、ベッドに倒れ込んだ。そこでようやくかなみがイッたのだと気付き、俺はなかば夢見心地でかなみのアヌスから指を引き抜いた。,
96600 ,,,,,,402,,,,,,,　何を想像してるんだ、俺は……。,
96700 ,,,,,,402,,かなみ,かなみ,01kan008_065.wav,かなみ,10101,「お＜兄＝義兄＞ちゃぁん……」,
96800 ,,,,,,402,,隆行,隆行,,,,「ん？　あぁ……大丈夫か」,
96900 ,,,,,,402,,かなみ,かなみ,01kan008_066.wav,かなみ,10101,「へへ……見てぇ。かなみ、イッちゃったけどおもらししなかったよ」,
97000 ,,,,,,402,,隆行,隆行,,,,「あ、うん……よく頑張ったね」,
97100 ,,,,,,402,,かなみ,かなみ,01kan008_067.wav,かなみ,10101,「すごいね……▼　このトレーニングをいっぱいやったら、かなみもおもらししなくなるかも」,
97200 ,,,,,,402,,隆行,隆行,,,,「いっぱいしたい？」,
97300 ,,,,,,402,,かなみ,かなみ,01kan008_068.wav,かなみ,10101,「うん……」,
97400 ,,,,,,402,,,,,,,　でも、これだけ可愛く乱れた姿を見せつけられて『おあずけ』じゃ、俺の身が持たないかも。だからって、これ以上なんて……。,
97500 ,,,,,,402,,かなみ,かなみ,01kan008_069.wav,かなみ,10101,「ちゃーんと、おててあらってきてね？　お＜兄＝義兄＞ちゃん……においとかかいじゃ、ぜったいダメなんだからっ！」,
97600 ,,,,,9000,402,,,,,,,　無邪気なモンだよ、まったく……。,
97700 ,$return,,,,,,,,,,,,,
97800 ,&01kan040ha,,,4294967295,9000,,,,,,,,,
98100 ,,,,2,2,,,隆行,隆行,,,,「よっ、かなみ。元気にしてたか？」,
98200 ,,,,,,,,かなみ,かなみ,01kan009_001.wav,かなみ,10115,「あ、お＜兄＝義兄＞ちゃん……」,
98400 ,,,,,,,,隆行,隆行,,かなみ,10115,「ん、なんだ……？」,
98500 ,,,,,,,,かなみ,かなみ,01kan009_002.wav,かなみ,10116,「ねぇ、はやくっ。かなみの部屋に行こっ」,
98600 ,,,,,,,,隆行,隆行,,,,「あ、ああ……」,
98790 ,,,<!se_door_room_open><!ef_move>,,3,,,,,,,,,
98800 ,,,,,,,,かなみ,かなみ,01kan009_003.wav,かなみ,10115,「えへへ……お＜兄＝義兄＞ちゃん、あのねっ」,
98900 ,,,,,,,,隆行,隆行,,かなみ,10115,「ああ……」,
99000 ,,,,,,,,かなみ,かなみ,01kan009_004.wav,かなみ,10101,「お＜兄＝義兄＞ちゃんに教えてもらった、おもらししない方法でね……あれから、がんばっておしりをきたえてるんだよ」,
99100 ,,,,,,,,隆行,隆行,,かなみ,10101,「……えっ、マジでやってんの？」,
99200 ,,,,,,,,かなみ,かなみ,01kan009_005.wav,かなみ,10101,「うん。おかげでね、さいきんはおもらしも少なくなってきたみたい」,
99300 ,,,,,,,,隆行,隆行,,かなみ,10101,「へぇ……ホントに効果あったのか、あれ……」,
99400 ,,,,,,,,かなみ,かなみ,01kan009_006.wav,かなみ,10114,「ん……なに？」,
99500 ,,,,,,,,隆行,隆行,,かなみ,10114,「い、いや、なんでもない。そうか、効果が出てきたか～。良かった良かった」,
99600 ,,,,,,,,かなみ,かなみ,01kan009_007.wav,かなみ,10115,「えへへ……ホントはね、おしりいじってると……ちょっときもちよくなるから、つづいてるんだ」,
99700 ,,,,,,,,隆行,隆行,,かなみ,10115,「気持ち良くなる？　なんだ、やっぱりかなみはおしりで感じてるんじゃないか」,
99800 ,,,,,,,,かなみ,かなみ,01kan009_008.wav,かなみ,10120,「う……それはちが…………わ、ない……けど」,
99900 ,,,,,,,,隆行,隆行,,かなみ,10120,「かなみは、おしりで気持ち良くなっちゃうえっちな子だもんな？」,
100000 ,,,,,,,,かなみ,かなみ,01kan009_009.wav,かなみ,10127,「うう、お＜兄＝義兄＞ちゃんひどいよぉ……！　でも……」,
100100 ,,,,,,,,かなみ,かなみ,01kan009_010.wav,かなみ,10105,「でも……かなみ、やっぱりえっちな子かも……。おしりをくりくりながら、これがお＜兄＝義兄＞ちゃんの指だったらな……お＜兄＝義兄＞ちゃんが、やってくれてたらな……って、思っちゃうもん……」,
100200 ,,,,,,,,,,,かなみ,10105,　かなみが……＜妹＝義妹＞であるはずの女の子が、潤んだ瞳で俺を見つめる。,
100300 ,,,,,,,,かなみ,かなみ,01kan009_011.wav,かなみ,10115,「かなみ、お＜兄＝義兄＞ちゃんにしてもらえる、えっちなごほうびが楽しみになっちゃって……。あっ、それってかなみが、えっちなんだってコトだよね。えへへ……」,
100400 ,,,,,,,,,,,かなみ,10115,　かなみは上気した顔で苦笑いすると、うつむき気味につぶやいた。,
100500 ,,,,,,,,かなみ,かなみ,01kan009_012.wav,かなみ,10105,「かなみ、えっちな子だった……ごめんね、お＜兄＝義兄＞ちゃん」,
100600 ,,,,,,,,隆行,隆行,,かなみ,10105,「な、何を謝るんだよ、かなみ……」,
100700 ,,,,,,,,かなみ,かなみ,01kan009_013.wav,かなみ,10122,「お＜兄＝義兄＞ちゃん……」,
100800 ,,,,,,,,,,,かなみ,10122,　ああ、そんな瞳で見つめられると……もっともっと、Ｈなコトを仕込んでみたくなっちゃうじゃないか……。,
100900 ,,,,,,,,隆行,隆行,,かなみ,10122,「ううっ……いかんいかん、勉強だ、マジメに勉強するぞ、かなみ！」,
101000 ,,,,,,,,かなみ,かなみ,01kan009_014.wav,かなみ,10121,「お＜兄＝義兄＞ちゃん……？」,
101100 ,,,,,,,,隆行,隆行,,かなみ,10121,「ご褒美は、一定の成果を挙げてからだ。結果を出せば、ちゃんとご褒美はあげるから」,
101200 ,,,,,,,,かなみ,かなみ,01kan009_015.wav,かなみ,10102,「うん、かなみがんばるっ！」,
101300 ,,,,,,,,,,,かなみ,10102,　俺は首筋が火照ってしまうほど高まった鼓動を必死に抑え込みながら、かなみを席に着かせた。,
101500 ,$return,,,,,,,,,,,,,
101600 ,&01kan050h,,<!ef_timepass>,2,3,,,,,,,,,
101900 ,,,,,,,,,,,,,　いつも通りの授業を終えて、俺は授業に使ったテキスト類をひとまとめにした。,
102000 ,,,,,,,,隆行,隆行,,,,「かなみ、今日はこれで終わりだよ。お疲れさま」,
102100 ,,,,,,,,かなみ,かなみ,01kan010_001.wav,かなみ,10114,「ふぇ？」,
102200 ,,,,,,,,隆行,隆行,,かなみ,10114,「お疲れさまってば。教科書、片づけていいよ」,
102300 ,,,,,,,,かなみ,かなみ,01kan010_002.wav,かなみ,10101,「うん……」,
102400 ,,,,,,,,隆行,隆行,,かなみ,10101,「どうした、かなみ……？」,
102500 ,,,,,,,,かなみ,かなみ,01kan010_003.wav,かなみ,10101,「……ん？　えと……なぁに？」,
102600 ,,,,,,,,,,,かなみ,10101,　緩慢すぎるかなみの反応に、俺の心が警鐘を鳴らす。,
102700 ,,,,,,,,隆行,隆行,,かなみ,10101,「疲れちゃったか？　今日は、もう……休んだ方がいいかな」,
102800 ,,,,,,,,かなみ,かなみ,01kan010_004.wav,かなみ,10105,「…………ぐしっ」,
102900 ,,,,,,,,隆行,隆行,,かなみ,10105,「かなみ？」,
103000 ,,,,,,,,かなみ,かなみ,01kan010_005.wav,かなみ,10101,「あ、うん…………」,
103100 ,,,,,,,,,,,かなみ,10101,　心ここにあらずって感じ。今日のご褒美は、ナシにした方がいいかな……。,
103200 ,,,,,,,,隆行,隆行,,かなみ,10101,「それじゃ俺、帰るからな。今日は早く寝ろよ」,
103300 ,,,,,,,,かなみ,かなみ,01kan010_006.wav,かなみ,10101,「……んーーーー、え、ええっ？　ごほうびは！？」,
103400 ,,,,,,,,隆行,隆行,,かなみ,10101,「いや、お前がそんな様子じゃあさ……」,
103500 ,,,,,,,,かなみ,かなみ,01kan010_007.wav,かなみ,10106,「ダメぇ、ちょっとま……きゃうっ！」,
103680 ,,,,4294967295,,,,,,,,,,
103690 ,,,<!se_tackle>,,,,,,,,,,,
103700 ,,,<wait 1500>,,,,,隆行,隆行,,,,「お、おいっ……！？」,
103800 ,,,,,,,,,,,,,　ぽす、と不気味なほど軽い音を立てて、かなみが倒れる。目の前で起きたこの状況を理解するのには、数秒を要した。,
103900 ,,,,,,,,隆行,隆行,,,,「ちょ……冗談だろ、かなみ！！」,
104000 ,,,,,,,,かなみ,かなみ,01kan010_008.wav,,,「………………」,
104100 ,,,,,,,,隆行,隆行,,,,「かなみ……ッ！」,
104200 ,,,,,,,,,,,,,　俺は慌てて駆け寄り、かなみのおでこに手を置いてみる。,
104300 ,,,,,,,,隆行,隆行,,,,「やっぱり、凄い熱じゃないか」,
104400 ,,,,,,,,かなみ,かなみ,01kan010_009.wav,,,「う゛ーーーー……お＜兄＝義兄＞ちゃんの手、ちべたくてきもちいい……」,
104500 ,,,,,,,,隆行,隆行,,,,「ちべたいじゃないよ！　うわ……それに凄い汗だな」,
104600 ,,,,,,,,,,,,,　額と……首筋にもびっしりと玉の汗。抱き上げたかなみの身体は、芯から震えていた。,
104700 ,,,,,,,,隆行,隆行,,,,「体調が悪いのは、自分でもわかってたんだろ！？　今日はどうして休まなかったんだ」,
104800 ,,,,,,,,かなみ,かなみ,01kan010_010.wav,かなみ,10106,「お＜兄＝義兄＞ちゃん、怒ってる……？」,
104900 ,,,,,,,,隆行,隆行,,かなみ,10106,「風邪だからって軽く見ちゃダメなんだよ。こじらせたりしたら、もっと大きな病気になる可能性だってあるんだ。しなくてもいい無理、するんじゃない」,
105000 ,,,,,,,,かなみ,かなみ,01kan010_011.wav,かなみ,10113,「だって、だって……お＜兄＝義兄＞ちゃんとおべんきょうしたいもん……」,
105100 ,,,,,,,,隆行,隆行,,かなみ,10113,「こんな授業くらい、そこまで無理して受ける必要ないって……」,
105200 ,,,,,,,,かなみ,かなみ,01kan010_012.wav,かなみ,10101,「あるもん……」,
105300 ,,,,,,,,,,,かなみ,10101,　しおらしかったのも、一瞬の事。すぐ、かなみはふてくされ顔でほっぺを膨らませた。,
105400 ,,,,,,,,かなみ,かなみ,01kan010_013.wav,かなみ,10122,「お＜兄＝義兄＞ちゃんといっしょに、おべんきょうするの……かなみのいちばん大切なことだもん」,
105500 ,,,,,,,,隆行,隆行,,かなみ,10122,「かなみ……」,
105600 ,,,,,,,,かなみ,かなみ,01kan010_014.wav,かなみ,10121,「お休みしたく、なかったんだもん……」,
105700 ,,,,,,,,,,,かなみ,10121,　不覚にも、かなみの言葉に胸がキュッとなってしまった……。,
105800 ,,,,,,,,隆行,隆行,,かなみ,10121,「と、とにかく、今は安静にしてないとダメだ。ほら、パジャマに着替えて」,
105900 ,,,,,,,,かなみ,かなみ,01kan010_015.wav,かなみ,10127,「くちゅん！　うー……きがえさせてぇ」,
106000 ,,,,,,,,隆行,隆行,,かなみ,10127,「ダメだ、甘えるな。俺は＜階下＝した＞に行って薬を取ってくるから、着替えてベッドに入ってるんだよ」,
106100 ,,,,,,,,かなみ,かなみ,01kan010_016.wav,かなみ,10127,「ぶぅ……」,
106200 ,,,,,,,,隆行,隆行,,かなみ,10127,「病気の時くらい、ちゃんと言うこと聞く！　返事は？」,
106300 ,,,,,,,,かなみ,かなみ,01kan010_017.wav,かなみ,10108,「う゛ー、はぁぃ……」,
106400 ,,,,,,,,,,,,,　いかにも渋々という顔で、かなみがのろのろと着替えを始める。それを確認してから、俺は部屋を後にした。,
106600 ,,,<!ef_timepass>,,,,,隆行,隆行,,,,「おーい、かなみ。薬とってきたぞ。かなみにちょうどいい薬が見つかったんだ」,
106700 ,,,,,,,,,,,,,　部屋に戻ると、脱ぎ散らかされたかなみの服が目に入る。そして返事の代わりに、小さな山ができているベッドから微かな呼吸音が聞こえてきた。,
106800 ,,,,,,,,,,,,,　ベッドの傍らまで行って覗き込んでみると、俺に気付いたかなみは薄く目を開けた。焦点の定まらないその瞳は、何度か瞬いてようやく意志の色を浮かべる。,
106900 ,,,,,,,,かなみ,かなみ,01kan010_018.wav,,,「んー……？　かなみにちょうどいいおくすり？」,
107000 ,,,,,,,,隆行,隆行,,,,「そうだよ。無理したのは減点だけど、マジメに頑張ったのは事実だからね。ご褒美に、俺が入れてあげる」,
107100 ,,,,,,,,かなみ,かなみ,01kan010_019.wav,,,「いれる……？　おくすりなのに？」,
107200 ,,,,,,,,隆行,隆行,,,,「そうだよ……さ、うつぶせになって」,
107300 ,,,,,,,,かなみ,かなみ,01kan010_020.wav,,,「えっ…………？？？」,
107500 ,,,<!pre_ev1>,11,,501,,かなみ,かなみ,01kan010_021.wav,かなみ,10101,「あ……お＜兄＝義兄＞ちゃん？」,
107600 ,,,,,,501,,隆行,隆行,,,,「ここに入れる薬なんだよ。座薬っていうんだ」,
107700 ,,,,,,501,,,,,,,　そう言いながら、俺はかなみのお尻の穴を指先で揉みほぐした。,
107800 ,,,,,,501,,かなみ,かなみ,01kan010_022.wav,かなみ,10101,「はっ、はぅ……そんなとこ、おくすりのめないよ……」,
107900 ,,,,,,501,,隆行,隆行,,,,「大丈夫。さ、力を抜いて……」,
108000 ,,,,,,501,,かなみ,かなみ,01kan010_023.wav,かなみ,10101,「う……」,
108100 ,,,,,,501,,,,,,,　幾筋も汗が伝う双丘を撫で回しつつ、アヌスへ指の進入を試みる。かなみのお尻の穴に触れるのは二度目だけど、それでもかなみは恥ずかしそうに、お尻をヒクつかせた。,
108200 ,,,,,,501,,かなみ,かなみ,01kan010_024.wav,かなみ,10101,「はぁんっ……そんなにいじったら、かなみ、また……おしりがきゅぅ～～ってなっちゃう……」,
108300 ,,,,,,501,,隆行,隆行,,,,「こらこら、逆だって。薬を入れるんだからね」,
108400 ,,,,,,501,,かなみ,かなみ,01kan010_025.wav,かなみ,10101,「わかってるけどぉ…ん、んんっ……」,
108500 ,,,,,,501,,隆行,隆行,,,,「力、抜いて……ね」,
108600 ,,,,,,501,,かなみ,かなみ,01kan010_026.wav,かなみ,10101,「あっ、あぁぁぁ……入ってくるぅ。お＜兄＝義兄＞ちゃんのゆび、ひゃ……あうん……」,
108700 ,,,,,,501,,隆行,隆行,,,,「そう……そのままお尻をゆるめるように、ゆっくりと」,
108800 ,,,,,,501,,かなみ,かなみ,01kan010_027.wav,かなみ,10101,「はあぁぁぁんっ……あ、あっ」,
108900 ,,,,,,501,,,,,,,　この調子なら、意外とすんなり入るかな……？,
109000 ,,,,,,501,,かなみ,かなみ,01kan010_028.wav,かなみ,10101,「あんっ、は……あんっ、う……お＜兄＝義兄＞ひゃぁんっ……？」,
109100 ,,,,,,501,,隆行,隆行,,,,「待って、今……」,
109200 ,,,,,,501,,かなみ,かなみ,01kan010_029.wav,かなみ,10101,「あ……」,
109300 ,,,,,,501,,,,,,,　未開封だった座薬のパッケージを開き、紡錘状の薬を取り出す。その間、かなみは不安そうに横目で俺をうかがっていた。　,
109400 ,,,,,,501,,隆行,隆行,,,,「じゃあ……身体の力を、抜いたままでいるんだぞ」,
109500 ,,,,,,501,,かなみ,かなみ,01kan010_030.wav,かなみ,10101,「うん……」,
109600 ,,,,,,501,,,,,,,　俺にとっても初めて触れた座薬は想像していたより、ずっと大きかった。とは言え、俺の人差し指と比べれば抵抗なく入るサイズなのは間違いない。,
109700 ,,,,,,501,,かなみ,かなみ,01kan010_031.wav,かなみ,10101,「ひゃ……！？」,
109800 ,,,,,,501,,,,,,,　微かに花開いたお尻の穴に、座薬をあてがい押し込んだ。瞬間、かなみの身体に緊張が走り、逃げようと膝を滑らせた。俺は『平気だ』と２、３度軽く身体を叩いてかなみを落ち着かせる。,
109900 ,,,,,,501,,隆行,隆行,,,,「いくよ……」,
110100 ,,,,,,502,,かなみ,かなみ,01kan010_032.wav,かなみ,10101,「あぅっ……っ、んん～～～～～ッ」,
110200 ,,,,,,502,,隆行,隆行,,,,「ダメだよ。そんなに力んじゃ……」,
110300 ,,,,,,502,,かなみ,かなみ,01kan010_033.wav,かなみ,10101,「でも、おくすり……ひゃっこいんだもん」,
110400 ,,,,,,502,,隆行,隆行,,,,「そう言われてもさ……」,
110500 ,,,,,,502,,かなみ,かなみ,01kan010_034.wav,かなみ,10101,「んっ……は、はぁ……入った？」,
110600 ,,,,,,502,,隆行,隆行,,,,「うーん、ダメみたいだ」,
110700 ,,,,,,502,,,,,,,　何度試してみても、座薬はスルリと抜け落ちてしまった。かなみの腸内と外界を行き交う座薬は表面がヌルヌルと滑ってきて、挿入をますます困難にする。,
110800 ,,,,,,502,,かなみ,かなみ,01kan010_035.wav,かなみ,10101,「お＜兄＝義兄＞ちゃんのゆびなら、いいのに……」,
110900 ,,,,,,502,,隆行,隆行,,,,「俺の指を入れても、熱は下がんないんだってば」,
111000 ,,,,,,502,,かなみ,かなみ,01kan010_036.wav,かなみ,10101,「じゃあ、もーいいよぉ……」,
111100 ,,,,,,502,,隆行,隆行,,,,「良くないよ。しょうがないな……もう少し、ほぐしてあげる」,
111200 ,,,,,,502,,かなみ,かなみ,01kan010_037.wav,かなみ,10101,「あっ……あん。うん、かなみもそれがいい……かなみのおしり、お＜兄＝義兄＞ちゃんのゆびでいじってぇ……」,
111300 ,,,,,,502,,隆行,隆行,,,,「ああ……」,
111400 ,,,,,,502,,かなみ,かなみ,01kan010_038.wav,かなみ,10101,「あっ▼　は、はぁ……あぁぁん……」,
111500 ,,,,,,502,,,,,,,　座薬を指に代えると、かなみの抵抗は限りなくゼロに近づいた。中指を根本までくわえ込んでも、更なる愛撫をねだるように甘い声を上げる。,
111590 ,,,,,,502,,,,,,,　その声は、必死に抑え込んでいた俺の欲望を大きく刺激した。,
111600 ,,,,,,502,,,,,,,　俺はかなみを押し倒したくなる衝動を抑え、新しい座薬を手にする。しかし、いざ座薬を挿入しようとすると……かなみのお尻は、全力で排除にかかってしまう。,
111700 ,,,,,,502,,隆行,隆行,,,,「かなみ……まさか、わざとじゃないよね？」,
111800 ,,,,,,502,,かなみ,かなみ,01kan010_039.wav,かなみ,10101,「はぁっ、は……あ、あぁぁ……」,
111900 ,,,,,,502,,隆行,隆行,,,,「かなみ？」,
112000 ,,,,,,502,,かなみ,かなみ,01kan010_040.wav,かなみ,10101,「ふわぁ……お、おしりのあなが変になっちゃうよぅ……お＜兄＝義兄＞ちゃん、もっとしてぇ……」,
112100 ,,,,,,502,,隆行,隆行,,,,「かなみ……あのねぇ」,
112200 ,,,,,,502,,かなみ,かなみ,01kan010_041.wav,かなみ,10101,「……わざとだったら、お＜兄＝義兄＞ちゃんはイヤなの……？」,
112300 ,,,,,,502,,隆行,隆行,,,,「えっ……？」,
112400 ,,,,,,502,,,,,,,　その言葉に、指を止める。と、かなみはイヤイヤとかぶりを振って自ら腰をくねらせた。もっと快感を……と、身体全体で俺にねだって。,
112500 ,,,,,,502,,かなみ,かなみ,01kan010_042.wav,かなみ,10101,「ねぇ、お＜兄＝義兄＞ちゃん……くるしいよぉ。あたまが、ぼぉってなる……」,
112600 ,,,,,,502,,隆行,隆行,,,,「わっ……わかってるよ。だから、早く薬を入れて早く治すんだろう？」,
112700 ,,,,,,502,,かなみ,かなみ,01kan010_043.wav,かなみ,10101,「ちがうのっ……！　カゼだからじゃ、ないのぉ……」,
112800 ,,,,,,502,,,,,,,　潤んだ眼が俺を見る。俺の心……理性が崩れてしまいそうになっている、俺を見透かすような。,
112900 ,,,,,,502,,かなみ,かなみ,01kan010_044.wav,かなみ,10101,「ねぇ……して？　かなみのおしりに、お＜兄＝義兄＞ちゃんのおち○ちんをちょうだい……」,
113000 ,,,,,,502,,隆行,隆行,,,,「ちょっ……かなみ？　お前、自分が何を言ってるかわかってるのか！？」,
113100 ,,,,,,502,,かなみ,かなみ,01kan010_045.wav,かなみ,10101,「わかってるぅ！　かなみ、ひとりでいっぱいおべんきょうしたから知ってるもん……。おしりなら、お＜兄＝義兄＞ちゃんとエッチなことしても……赤ちゃんできないんだよ」,
113200 ,,,,,,502,,,,,,,　それはそうだけど……と言っていいものかとためらう俺に、かなみはなおも言葉をたたみかける。,
113300 ,,,,,,502,,かなみ,かなみ,01kan010_046.wav,かなみ,10101,「だから……へーきなんだよ？　きょうだいでエッチしても」,
113400 ,,,,,,502,,隆行,隆行,,,,「かなみ……」,
113500 ,,,,,,502,,かなみ,かなみ,01kan010_047.wav,かなみ,10101,「それとも、いやなの？　お＜兄＝義兄＞ちゃんは、かなみとエッチなことしたくない……？」,
113600 ,,,,,,502,,隆行,隆行,,,,「いや……したいに決まってる」,
113700 ,,,,,,502,,かなみ,かなみ,01kan010_048.wav,かなみ,10101,「それなら……お＜にい＝義兄＞ちゃぁん……」,
113800 ,,,,,,502,,,,,,,　かなみが、俺を見ている。今、曖昧な返事など許されないと思えた。可愛いかなみ、大切な俺の＜妹＝義妹＞。同じくらい、大切な……ひとりの女の子。,
113900 ,,,,,,502,,隆行,隆行,,,,「……いいんだな？」,
114000 ,,,,,,502,,かなみ,かなみ,01kan010_049.wav,かなみ,10101,「かなみがおねがいしてるんだから、いいのぉ……！」,
114100 ,,,,,,502,,,,,,,　これまで我慢を重ねてきたチ○チンは、期待に打ち震えてその時を待っている。俺は、もうその欲求に抗う事などできなかった。,
114200 ,,,,,,502,,かなみ,かなみ,01kan010_050.wav,かなみ,10101,「あ……お＜兄＝義兄＞ちゃんのおち○ちん、すごい……」,
114300 ,,,,,,502,,,,,,,　ついに俺はベルトを外して、窮屈な思いをしていたチ○チンを解放した。初めて見た男性のシンボルに、かなみが息を呑む気配がする。,
114400 ,,,,,,502,,隆行,隆行,,,,「これを入れるんだぞ……本当にいいんだな」,
114500 ,,,,,,502,,かなみ,かなみ,01kan010_051.wav,かなみ,10101,「……うん」,
114600 ,,,,,,502,,隆行,隆行,,,,「今度は、ちゃんと力抜けるね？」,
114700 ,,,,,,502,,かなみ,かなみ,01kan010_052.wav,かなみ,10101,「うん……大好きなお＜兄＝義兄＞ちゃんのだから、できるよ」,
114800 ,,,,,,502,,隆行,隆行,,,,「かなみ……」,
114900 ,,,,,,502,,かなみ,かなみ,01kan010_053.wav,かなみ,10101,「はぁっ……ああんっ！」,
115000 ,,,,,,502,,,,,,,　もう、限界だった。俺は反り返ったチ○チンを握り、素股の要領でかなみの愛液をこすりつける。,
115090 ,,,,,,502,,,,,,,　続けてかなみのアナルにあてがうと、かなみもまたひとつ息をついて、腰を押し付けてきた。,
115100 ,,,,,,502,,かなみ,かなみ,01kan010_054.wav,かなみ,10101,「あ、あぁぁぁぁぁぁぁ……んっ！！！」,
115300 ,,,,,,503,,,,,,,　挿入は、拍子抜けするほどあっさり完了した。チ○チン全体を包む、熱く柔らかな感触。抵抗は、少し遅れてやってきた。,
115400 ,,,,,,503,,かなみ,かなみ,01kan010_055.wav,かなみ,10101,「あぁっ……お＜兄＝義兄＞ちゃんのおち○ちん……はいってくる、よぉ……あぁんっ！」,
115500 ,,,,,,503,,隆行,隆行,,,,「くうっ……」,
115600 ,,,,,,503,,,,,,,　ぎちぎちと締め上げてくる、おしりの感触に俺は必死でこらえた。情けない顔など見せられない。しかし、快感は予想を超えて大きかった。,
115700 ,,,,,,503,,かなみ,かなみ,01kan010_056.wav,かなみ,10101,「つたわってくる……お＜兄＝義兄＞ちゃんの、びくびくってしてるよ……」,
115800 ,,,,,,503,,隆行,隆行,,,,「かなみのここが、あんまりきゅうって締め付けてくるからだよ……」,
115900 ,,,,,,503,,かなみ,かなみ,01kan010_057.wav,かなみ,10101,「あっ、ふぁぁん……かなみのおしり、きもちいーのぉ……？」,
116000 ,,,,,,503,,隆行,隆行,,,,「いいよ……凄く」,
116100 ,,,,,,503,,かなみ,かなみ,01kan010_058.wav,かなみ,10101,「かなみも……ゆびよりも、おくすりよりも……お＜兄＝義兄＞ちゃんのおち○ちんが、ずーっといい」,
116200 ,,,,,,503,,隆行,隆行,,,,「俺のチ○チン、気に入ってくれた？」,
116300 ,,,,,,503,,かなみ,かなみ,01kan010_059.wav,かなみ,10101,「うん……っ！　お＜兄＝義兄＞ちゃんのおち○ちん、だいすきぃ……」,
116400 ,,,,,,503,,隆行,隆行,,,,「そっ……か、俺も大好きだよ。かなみ……の、ここ。凄くあったかくて、俺のに吸い付いてくる……」,
116500 ,,,,,,503,,かなみ,かなみ,01kan010_060.wav,かなみ,10101,「うれしーって、いってるんだよ。かなみのおしり……お＜兄＝義兄＞ちゃんとひとつになれて、うれしぃーーーって」,
116600 ,,,,,,503,,,,,,,　ささやきながら、かなみはぐいぐい腰を押し付けてきた。,
116690 ,,,,,,503,,,,,,,　俺の腰元に生まれたプニプニした双丘の感触は、チ○チンへのキツい締め付けと相まって、途方もない快感をもたらしてくれる。,
116700 ,,,,,,503,,隆行,隆行,,,,「かなみ……俺、動きたい。いい……？」,
116800 ,,,,,,503,,かなみ,かなみ,01kan010_061.wav,かなみ,10101,「すきなことして。お＜兄＝義兄＞ちゃんが、したいように……」,
116900 ,,,,,,503,,隆行,隆行,,,,「うん……」,
117000 ,,,,,,503,,かなみ,かなみ,01kan010_062.wav,かなみ,10101,「はっ、ああっ……くぅんっ、あ……はぁ……あぁん！」,
117100 ,,,,,,503,,隆行,隆行,,,,「あぁ……お尻が、こんなにいいなんて……すごすぎるっ！」,
117200 ,,,,,,503,,かなみ,かなみ,01kan010_063.wav,かなみ,10101,「はふぅっ……あ、あん……あ、あぅ、は……はっ」,
117300 ,,,,,,503,,隆行,隆行,,,,「くっ……う、うっ！」,
117400 ,,,,,,503,,,,,,,　俺の挿入は、どんどん遠慮がなくなっていく。自覚はあっても、止められない。,
117500 ,,,,,,503,,,,,,,　お尻を打つ音と淫靡な水音のハーモニーは、どんどん大きくなって……より複雑な響きに変わる。俺は夢中で腰を前後させながら、かなみの身体を掌で撫で回した。,
117600 ,,,,,,503,,かなみ,かなみ,01kan010_064.wav,かなみ,10101,「あっ、ん……きゃうっ……んんんんん……」,
117700 ,,,,,,503,,隆行,隆行,,,,「かなみの乳首、コリコリしてる。パジャマの上からでもわかるよ」,
117800 ,,,,,,503,,かなみ,かなみ,01kan010_065.wav,かなみ,10101,「うん、お＜兄＝義兄＞ちゃんがさわってくれたら、かなみのからだは……どこでもうれしくなるよ」,
117900 ,,,,,,503,,隆行,隆行,,,,「ここも……？」,
118000 ,,,,,,503,,かなみ,かなみ,01kan010_066.wav,かなみ,10101,「ふぁっ！？　んっ、うん……そこもぉ」,
118100 ,,,,,,503,,,,,,,　ぐっしょり濡れた恥丘をなぞって、クリトリスを指で転がす。,
118190 ,,,,,,503,,,,,,,　乱暴な俺の愛撫に、かなみもまた理性のタガを外してしまったようだった。嬌声を張り上げ、汗で濡れた身体をくねらせ快感を求める。,
118200 ,,,,,,503,,かなみ,かなみ,01kan010_067.wav,かなみ,10101,「今のっ！　今のがいい……もっとかなみのおなか、つっついれぇ……」,
118300 ,,,,,,503,,隆行,隆行,,,,「こんなに強くてもいいのか……？」,
118400 ,,,,,,503,,かなみ,かなみ,01kan010_068.wav,かなみ,10101,「いいろぉっ！　あん、あ、あっ！　はぁっはぁ……あ、あッ」,
118500 ,,,,,,503,,,,,,,　腰の辺りに生じた熱が、じんわりとチ○チンの先端へと伝わっていく。慣れ親しんだ射精の感覚はかつて経験したことのない激しい波となって、俺を揺さぶった。,
118600 ,,,,,,503,,かなみ,かなみ,01kan010_069.wav,かなみ,10101,「うれしい……うれしいの、かなみはじめて……はじめて、お＜兄＝義兄＞ちゃんのおち○ちん、かんじてるろぉ。お＜にい＝義兄＞ひゃんの、おち○ちんでイッちゃうろぉ……ッ」,
118700 ,,,,,,503,,隆行,隆行,,,,「俺もっ！　俺もイクっ……もう、出る……」,
118800 ,,,,,,503,,かなみ,かなみ,01kan010_070.wav,かなみ,10101,「お＜兄＝義兄＞ちゃんっ、ん……は、いっしょに……ん、んぅっ……」,
118900 ,,,,,,503,,隆行,隆行,,,,「くぅ…………あああッ！」,
119000 ,,,,,,503,,かなみ,かなみ,01kan010_071.wav,かなみ,10101,「あっ！？　あっ、あああぁぁ…………っ！」,
119200 ,,,<!ef_shasei>,,,503,,,,,,,　とめどなくあふれた精液が、かなみの腸内を浸食する。いつ収まるともなく続く射精を、かなみは眼を閉じて受け入れていた。,
119300 ,,,,,,503,,,,,,,　かなみのおま○こからは愛液がぴゅっ、ぴゅ……とあふれて、シーツに染みを作る。幸福な絶頂感を共有して、俺たちは深くキスを交わした。,
119400 ,,,,,,503,,かなみ,かなみ,01kan010_072.wav,かなみ,10101,「くちゅんっ……ああっ、お＜兄＝義兄＞ちゃん……カゼうつっちゃうよ？」,
119500 ,,,,,,503,,隆行,隆行,,,,「いいよ、それぐらい。それより……ごめんな。痛かっただろ？」,
119600 ,,,,,,503,,かなみ,かなみ,01kan010_073.wav,かなみ,10101,「ううん……ちょっぴりいたかったけど、すごーくよかった」,
119700 ,,,,,,503,,隆行,隆行,,,,「あ、そうだ……」,
119800 ,,,,,,503,,かなみ,かなみ,01kan010_074.wav,かなみ,10101,「えっ？　ああんっ……」,
119900 ,,,,,,,,,,,,,　俺はチ○チンを引き抜いて、新しい座薬を取り出した。今度は一切の抵抗もなく、座薬は俺の精液と共にかなみの腸内に消える。,
120000 ,,,,,,,,隆行,隆行,,,,「これでよし……じき、熱も引いてくると思う」,
120100 ,,,,,,,,かなみ,かなみ,01kan010_075.wav,,,「あ……うん」,
120200 ,,,,,,,,隆行,隆行,,,,「……たっぷり寝て早く治すんだぞ」,
120300 ,,,,,,,,かなみ,かなみ,01kan010_076.wav,,,「うん……」,
120400 ,,,,,,,,かなみ,かなみ,01kan010_077.wav,,,「えへへっ。なんだか、今までよりお＜兄＝義兄＞ちゃんがやさしくみえるよ……。かなみ、お＜兄＝義兄＞ちゃんの『特別』になれたのかな」,
120500 ,,,,,,,,隆行,隆行,,,,「ん、なにか言ったか？」,
120600 ,,,,,,,,かなみ,かなみ,01kan010_078.wav,,,「ううんっ、なんでもないっ」,
120700 ,,,,,,,,,,,,,　そう言って、かなみは恥ずかしそうにパジャマを着直して布団の中へと潜っていった。,
120800 ,,,,,,,,かなみ,かなみ,01kan010_079.wav,,,「おやすみなさい、お＜兄＝義兄＞ちゃん」,
120900 ,,,,,,,,隆行,隆行,,,,「……おやすみ、かなみ」,
121000 ,,,,,,,,,,,,,　俺はそれ以上声をかけずに、部屋を後にする。,
121100 ,,,,,9000,,,,,,,,　本当は……全て聞こえていた。かなみは、俺の『特別』になりたがっているのか。,
121200 ,,,,,,,,隆行,,,,,　それは俺だって、かなみの……。,
121300 ,,,,,,,,,,,,,　瞬間、俺の背筋にぞくっと悪寒が走る。,
121400 ,,,,,,,,隆行,隆行,,,,「やべっ、マジで風邪がうつったか……？」,
121500 ,,,,,,,,,,,,,　俺は一瞬、手にしている座薬を見つめたが……やはり思い直して、階下に飲み薬を取りに行った。,
121600 ,$return,,,,,,,,,,,,,
121700 ,&01kan050ha,,,4294967295,9000,,,,,,,,,
122000 ,,,,2,2,,,,,,,,　かなみが風邪でダウンしてから、一週間が経った。,
122100 ,,,,,,,,,,,,,　翌日にはすっかり全快したと、母さんから連絡を受けていたけど……やっぱり、実際見てみるまではなんだか安心できないよな。,
122200 ,,,,,,,,隆行,隆行,,,,「かなみ、元気にしてるか？」,
122300 ,,,,,,,,かなみ,かなみ,01kan011_001.wav,かなみ,10102,「あっ、お＜兄＝義兄＞ちゃん。いまはとーってもげんきだよっ」,
122400 ,,,,,,,,隆行,隆行,,かなみ,10102,「そうか、なら良かった」,
122500 ,,,,,,,,かなみ,かなみ,01kan011_002.wav,かなみ,10116,「お＜兄＝義兄＞ちゃんの入れてくれたおくすりがね……効いたみたい……」,
122600 ,,,,,,,,,,,,,　かなみは顔を赤らめながら、俺の手をひっぱる。,
122700 ,,,<!se_door_home_open>,,9000,,,,,,,,　俺たちは並んで、二階の勉強部屋へと上がっていった。,
122900 ,,,<!ef_move>,,3,,,隆行,隆行,,,,「どうやら、座薬がテキメンに効いたみたいだな」,
123000 ,,,,,,,,かなみ,かなみ,01kan011_003.wav,かなみ,10115,「うん……あれだったらね、かなみ毎日入れてほしいかも……」,
123100 ,,,,,,,,隆行,隆行,,かなみ,10115,「……んっ、どっちを？　座薬か、それとも俺のチ○チンか？」,
123200 ,,,,,,,,かなみ,かなみ,01kan011_004.wav,かなみ,10122,「そ、それはお＜兄＝義兄＞ちゃんの、おちん……やだっ、言わせないでよぉっ！」,
123300 ,,,,,,,,隆行,隆行,,かなみ,10122,「あはははは」,
123400 ,,,,,,,,かなみ,かなみ,01kan011_005.wav,かなみ,10107,「でもね、あのあと……おしりがひりひりして、なんだかおち○ちんがずっと入ったままみたいな感じだったんだよ……」,
123500 ,,,,,,,,隆行,隆行,,かなみ,10107,「そうか……ちょっとやりすぎちゃったかな」,
123600 ,,,,,,,,かなみ,かなみ,01kan011_006.wav,かなみ,10105,「次の日もからだ動かすたびに、おしりがきゅっ、きゅってなってね……なんどもイキそうになっちゃった……」,
123700 ,,,,,,,,隆行,隆行,,かなみ,10105,「やっぱりエッチだな、かなみは」,
123800 ,,,,,,,,かなみ,かなみ,01kan011_007.wav,かなみ,10127,「うー、お＜兄＝義兄＞ちゃんだってえっちなのにー」,
123900 ,,,,,,,,隆行,隆行,,かなみ,10127,「ああそうさ、俺はエッチさ」,
124000 ,,,,,,,,かなみ,かなみ,01kan011_008.wav,かなみ,10106,「ひらきなおってるぅ……」,
124100 ,,,,,,,,,,,かなみ,10106,　かなみは肩を落として見た目にもわかりやすく落胆すると、気を取り直したように勉強用具を準備し始めた。,
124200 ,,,,,,,,かなみ,かなみ,01kan011_009.wav,かなみ,10101,「お＜兄＝義兄＞ちゃん……かなみ、もっとたくさんえっちなコトして欲しいから……おべんきょうがんばるねっ」,
124300 ,,,,,,,,隆行,隆行,,かなみ,10101,「ああ……俺の担当カリキュラムは、まだまだ半ばを過ぎた辺りだからな。かなみが、最後までやり遂げたら……」,
124400 ,,,,,,,,,,,かなみ,10101,　最後までやり遂げたら……俺はどうするというんだろう。一線を越えちゃうのか……？,
124700 ,$return,,,,,,,,,,,,,
124800 ,&01kan060h,,<!ef_timepass>,2,3,,,,,,,,,
125200 ,,,,,,,,かなみ,かなみ,01kan012_001.wav,かなみ,10101,「どう、お＜兄＝義兄＞ちゃんっ？」,
125300 ,,,,,,,,隆行,隆行,,かなみ,10101,「おお、９１点。たいしたものだよ、驚いた」,
125400 ,,,,,,,,かなみ,かなみ,01kan012_002.wav,かなみ,10103,「やったぁ！　かなみ、えらいんだー」,
125500 ,,,,,,,,隆行,隆行,,かなみ,10103,「こら、人の台詞を取るんじゃない」,
125600 ,,,,,,,,かなみ,かなみ,01kan012_003.wav,かなみ,10102,「えへ……▼」,
125700 ,,,,,,,,,,,かなみ,10102,　可愛らしい笑顔に、俺のチ○チンは早くもうずいていた。,
125800 ,,,,,,,,隆行,隆行,,かなみ,10102,「かなみ、今日もご褒美欲しい……？」,
125900 ,,,,,,,,かなみ,かなみ,01kan012_004.wav,かなみ,10114,「えっ……」,
126000 ,,,,,,,,,,,かなみ,10114,　ポッ、と顔を赤らめてかなみはうつむく。もう返事は、聞かなくてもいいみたいだった。,
126100 ,,,,,,,,かなみ,かなみ,01kan012_005.wav,かなみ,10101,「……ほしい」,
126200 ,,,,,,,,隆行,隆行,,かなみ,10101,「ん……かなみがして欲しい事があれば、言ってごらん」,
126300 ,,,,,,,,かなみ,かなみ,01kan012_006.wav,かなみ,10115,「うん……あのね？　いっしょに、れんしゅうしてほしいな」,
126400 ,,,,,,,,隆行,隆行,,かなみ,10115,「え、練習？　えっと、それってどんなプレ……」,
126500 ,,,,,,,,かなみ,かなみ,01kan012_007.wav,かなみ,10115,「リコーダーの」,
126600 ,,,,,,,,隆行,隆行,,かなみ,10115,「あ、リコーダーね………………えっ、リコーダー？」,
126800 ,,,,,,,,,,01kan012_007_2.wav,かなみ,10115,「かなみ、リコーダーへたっぴだから、お＜兄＝義兄＞ちゃんにおしえてほしいの」,
126900 ,,,,,,,,隆行,隆行,,かなみ,10115,「いや……いいよ、いいけどさ……」,
127000 ,,,,,,,,,,,かなみ,10115,　どう頑張っても、沈んだ声になるのは抑えられなかった。不思議そうに俺の顔を覗き込んでくるかなみに、なんとか気力を振り絞って笑顔を返す。,
127100 ,,,,,,,,隆行,隆行,,かなみ,10115,「さ、リコーダー持っておいで。見てあげるから」,
127200 ,,,,,,,,かなみ,かなみ,01kan012_008.wav,かなみ,10101,「あ……うん。ありがと」,
127400 ,,,<!ef_timepass>,,,,,,,,,,　簡単かと思われた今日のご褒美は、想像以上に難易度が高そうだった。,
127500 ,,,,,,,,かなみ,かなみ,01kan012_009.wav,かなみ,10129,「んんんん……はむっ、すひーーー」,
127600 ,,,,,,,,,,,かなみ,10129,　そもそも、ちゃんとした音が出ていない。流石に、ここまで酷いとは思っていなかった俺は、慰めの言葉を選ぶのにも苦労してしまった。,
127700 ,,,,,,,,かなみ,かなみ,01kan012_010.wav,かなみ,10108,「……ほらね？　なんで、じょーずにふけないんだろ」,
127800 ,,,,,,,,隆行,隆行,,かなみ,10108,「いや、なんでって……」,
127900 ,,,,,,,,かなみ,かなみ,01kan012_011.wav,かなみ,10108,「このままじゃ、またおともだちに笑われちゃうよぅ……お＜兄＝義兄＞ちゃん、ちゃんとふけるように教えてぇ」,
128000 ,,,,,,,,隆行,隆行,,かなみ,10101,「そうしてあげたいけど。そうだなぁ……」,
128100 ,,,,,,,,,,,かなみ,10101,　なにぶん、俺自身リコーダーなんて何年も触れていない。練習と言われても、良い方法なんてそう簡単に思い浮かばなかった。,
128200 ,,,,,,,,隆行,隆行,,かなみ,10101,「吹き方が良くないのかな。もっとこう……一気に息を吐かないようにするとかして、長く同じ要領で……とか」,
128300 ,,,,,,,,かなみ,かなみ,01kan012_012.wav,かなみ,10106,「……こぉ？　ぷひーーーー」,
128400 ,,,,,,,,隆行,隆行,,かなみ,10106,「さっきと変わってないよ。だから、最初に力を入れすぎなんだって……」,
128500 ,,,,,,,,かなみ,かなみ,01kan012_013.wav,かなみ,10129,「ぷぴぃーーー」,
128600 ,,,,,,,,隆行,隆行,,かなみ,10129,「違うってば。だから……」,
128700 ,,,,,,,,かなみ,かなみ,01kan012_014.wav,かなみ,10127,「むーっ、そうやって、口でいわれてもわかんないぃ！」,
128800 ,,,,,,,,,,,かなみ,10127,　かなみは、かんしゃくを起こしてリコーダーをベッドに放り出してしまった。仕方なく俺はリコーダーを拾って渡そうとするも、かなみはそっぽを向いたまま。,
128900 ,,,,,,,,かなみ,かなみ,01kan012_015.wav,かなみ,10108,「ぶぅ……お＜兄＝義兄＞ちゃん、いぢわるだ」,
129000 ,,,,,,,,隆行,隆行,,かなみ,10108,「そんな簡単に諦めるなよ。笑われるの嫌なんだろ？」,
129100 ,,,,,,,,かなみ,かなみ,01kan012_016.wav,かなみ,10106,「だって……お＜兄＝義兄＞ちゃんが……」,
129200 ,,,,,,,,隆行,隆行,,かなみ,10106,「なに、俺のせい？」,
129300 ,,,,,,,,かなみ,かなみ,01kan012_017.wav,かなみ,10106,「……お＜兄＝義兄＞ちゃんなら、ふけるようにしてくれると思ったのに」,
129400 ,,,,,,,,,,,かなみ,10106,　かなみの目にいっぱい涙が溜まってるのに気付いて、反論を呑み込む。何とかしなければ……その一心で首を捻っていると、不意に、素晴らしいアイディアが思い浮かんだ。,
129500 ,,,,,,,,,,,かなみ,10106,　そうだ、ここはもう……それしかない！,
129600 ,,,,,,,,隆行,隆行,,かなみ,10106,「かなみ……いい方法、思いついた。実践で教えてあげるよ」,
129700 ,,,,,,,,かなみ,かなみ,01kan012_018.wav,かなみ,10114,「……じっせん？」,
129800 ,,,,,,,,隆行,隆行,,かなみ,10114,「これを笛だと思って、舐めてみてくれるか？」,
129900 ,,,,,,,,,,,かなみ,10114,　そう言いながら俺はベルトを外して、ズボンのファスナーを下ろした。,
129990 ,,,,,,,,,,,かなみ,10114,　ただそれだけで、凝り固まったチ○チンがパンツを避けて顔を出す。かなみの視線を注がれたソレは、瞬時になおも雄々しく反り返った。,
130000 ,,,,,,,,かなみ,かなみ,01kan012_019.wav,かなみ,10118,「お＜兄＝義兄＞ちゃんの、おち○ちん……？」,
130100 ,,,,,,,,隆行,隆行,,かなみ,10118,「そう。この行為は昔から『尺八』とか呼ばれててね。リコーダーを吹く動作とそっくりなんだ。かなみ以外にもたくさんの女の人が、こうやって笛の練習をしたんだよ」,
130200 ,,,,,,,,かなみ,かなみ,01kan012_020.wav,かなみ,10114,「そうなの……？　かなみ、きいたことないよ」,
130300 ,,,,,,,,隆行,隆行,,かなみ,10114,「そうなの！　チ○チンだったらかなみの吹き方がいいか悪いか、俺にもよくわかるでしょ？　だから普通は、男と女が二人でこっそりやるものなんだ。だから、かなみは聞いた事ないんだよ」,
130400 ,,,,,,,,かなみ,かなみ,01kan012_021.wav,かなみ,10120,「……そ、そうなんだ」,
130500 ,,,,,,,,,,,かなみ,10120,　早口に言い終えて、俺はようやく一息。ついでにチ○チンも偉そうに反り返った。,
130600 ,,,,,,,,かなみ,かなみ,01kan012_022.wav,かなみ,10102,「お＜兄＝義兄＞ちゃんは、いろんなこと知っててすごいなぁ……」,
130700 ,,,,,,,,隆行,隆行,,かなみ,10102,「いや、それほどでもないよ……」,
130800 ,,,,,,,,かなみ,かなみ,01kan012_023.wav,かなみ,10101,「でも、そんなれんしゅー知ってるんなら、もっと早くおしえてくれたらよかったのに」,
130900 ,,,,,,,,,,,かなみ,10101,　う……胸が苦しい。いやいやいやいや。,
131000 ,,,,,,,,隆行,隆行,,かなみ,10101,「さ……まずは、くわえてみてくれる？」,
131100 ,,,,,,,,かなみ,かなみ,01kan012_024.wav,かなみ,10115,「うん……」,
131300 ,,,<!pre_ev1>,10,,601,,かなみ,かなみ,01kan012_025.wav,かなみ,10101,「はむっ……んん」,
131400 ,,,,,,601,,隆行,隆行,,,,「あぅっ！？」,
131500 ,,,,,,601,,かなみ,かなみ,01kan012_026.wav,かなみ,10101,「え！？　かなみ、へんなことしちゃった……？」,
131600 ,,,,,,601,,隆行,隆行,,,,「そうじゃないよ。合格……うん、くわえ方は合格」,
131700 ,,,,,,601,,,,,,,　何を言ってるんだ、俺は……明らかに動転してる。,
131800 ,,,,,,601,,かなみ,かなみ,01kan012_027.wav,かなみ,10101,「じゃあ、つづけるね……？」,
131900 ,,,,,,601,,,,,,,　チ○チンの先端に、かなみの柔らかな唇が触れる。ちょうどチ○チンを笛に見立てて、かなみはソレを浅くくわえて指を添えた。,
132000 ,,,,,,601,,かなみ,かなみ,01kan012_028.wav,かなみ,10101,「んんっ……ぷぅーーッ！」,
132100 ,,,,,,601,,隆行,隆行,,,,「うわっ！？　かなみ、そんなに強く吹いちゃダメだってば……」,
132200 ,,,,,,601,,かなみ,かなみ,01kan012_029.wav,かなみ,10101,「えーっ？　ふかないと、れんしゅーにならないよ……」,
132300 ,,,,,,601,,隆行,隆行,,,,「それはその……うん！　その考えが間違ってるんだよ」,
132400 ,,,,,,601,,かなみ,かなみ,01kan012_030.wav,かなみ,10101,「どういうこと……？」,
132500 ,,,,,,601,,隆行,隆行,,,,「笛の基本は、吸って吐いてだから。息継ぎもちゃんとしないと。その呼吸を覚える為の練習。ね？　ほら、吸って吸って」,
132600 ,,,,,,601,,かなみ,かなみ,01kan012_031.wav,かなみ,10101,「う、うん……」,
132700 ,,,,,,601,,,,,,,　我ながら苦しい言い訳……ここまで必死になって、＜妹＝義妹＞にチ○チンしゃぶってもらおうとするなんて、＜兄貴＝義兄＞失格もいいところだ。,
132800 ,,,,,,601,,,,,,,　でも、して欲しい……かなみの口で、イッてみたい。,
132900 ,,,,,,601,,かなみ,かなみ,01kan012_032.wav,かなみ,10101,「ふわぅっ……ん、お＜兄＝義兄＞ちゃんのおち○ちん、おっきくなっちゃった」,
133000 ,,,,,,601,,隆行,隆行,,,,「気にしないで続けて。俺は平気だから」,
133100 ,,,,,,601,,かなみ,かなみ,01kan012_033.wav,かなみ,10101,「はむっ、ん、ふっ……ちゅ、ん……んんっ、ふはっ……ん、んん」,
133200 ,,,,,,601,,隆行,隆行,,,,「し、舌も……使って。舐め回すみたいに」,
133300 ,,,,,,601,,かなみ,かなみ,01kan012_034.wav,かなみ,10101,「？　ふぁむっ……ん、れろっ……こぉ、かな……」,
133400 ,,,,,,601,,隆行,隆行,,,,「その調子、そうやって……コツをつかむんだよ」,
133500 ,,,,,,601,,かなみ,かなみ,01kan012_035.wav,かなみ,10101,「ん、ちゅーーーー」,
133600 ,,,,,,601,,,,,,,　俺が褒めると、かなみは嬉しそうに舌の動きを忙しくした。俺もかなみの髪を撫でて、たどたどしい奉仕を応援する。,
133690 ,,,,,,601,,,,,,,　チロチロと亀頭を舐め回す舌と、敏感な所をくすぐる息づかいは、俺を急ピッチで快楽へと＜誘＝いざな＞った。,
133700 ,,,,,,601,,かなみ,かなみ,01kan012_036.wav,かなみ,10101,「ふわっ！？　う、うぅ……」,
133800 ,,,,,,601,,隆行,隆行,,,,「ん……？」,
133900 ,,,,,,601,,,,,,,　不意に、かなみがチ○チンから唇を離してしまった。,
134000 ,,,,,,601,,かなみ,かなみ,01kan012_037.wav,かなみ,10101,「お＜兄＝義兄＞ちゃん、おしっこしたぁ……」,
134100 ,,,,,,601,,隆行,隆行,,,,「おしっこ……！？　そんなの、してないってば」,
134200 ,,,,,,601,,かなみ,かなみ,01kan012_038.wav,かなみ,10101,「したぁ！　へんなあじ、したもん……ほらぁ、まだしてるぅ」,
134300 ,,,,,,601,,隆行,隆行,,,,「あ……！」,
134400 ,,,,,,601,,,,,,,　ピン、とかなみの指で亀頭を弾かれて、危なく俺は精液を放ってしまうところだった。なんとか歯を食いしばって耐え、かなみに非難の視線を送る。,
134500 ,,,,,,601,,隆行,隆行,,,,「それは……おしっこじゃないんだよ。かなみの『おしっこじゃないおもらし』と同じで、気持ちよくなると出ちゃうんだ」,
134600 ,,,,,,601,,かなみ,かなみ,01kan012_039.wav,かなみ,10101,「おとこのこもでるの……？　そうなんだ、これが……」,
134700 ,,,,,,601,,隆行,隆行,,,,「続けて……かなみのお口で、もっとして欲しいんだ」,
134800 ,,,,,,601,,かなみ,かなみ,01kan012_040.wav,かなみ,10101,「いいよ……お＜兄＝義兄＞ちゃんもなめてくれたから、かなみもたくさんなめてあげる……」,
134900 ,,,,,,601,,,,,,,　ぺろ、と一度亀頭を舐め上げて、かなみは再び先端をくわえてくれた。その舌がくちゅりと妖しい音を立てて、尿道の辺りを重点的に刺激する。,
135000 ,,,,,,601,,かなみ,かなみ,01kan012_041.wav,かなみ,10101,「んぅっ……お＜兄＝義兄＞ちゃんのエッチなおもらし、止まらないよぉ。いくらなめても、あふれてきちゃうぅ……」,
135100 ,,,,,,601,,隆行,隆行,,,,「美味しい？」,
135200 ,,,,,,601,,かなみ,かなみ,01kan012_042.wav,かなみ,10101,「にがしょっぱい……」,
135300 ,,,,,,601,,,,,,,　う……かなみには、少し早かったのかな。,
135400 ,,,,,,601,,かなみ,かなみ,01kan012_043.wav,かなみ,10101,「んっ……れもぉ、おいひぃかも……もうちょっとなめるぅ」,
135500 ,,,,,,601,,隆行,隆行,,,,「うん、いっぱい舐めてみて……」,
135600 ,,,,,,601,,かなみ,かなみ,01kan012_044.wav,かなみ,10101,「ちゅ……ん、ふっ……はぅ、くちゅ……んん、は、はむっ……んん……」,
135700 ,,,,,,601,,隆行,隆行,,,,「あぁぁ……かなみ、イイっ」,
135800 ,,,,,,601,,かなみ,かなみ,01kan012_045.wav,かなみ,10101,「あぁうっ、ん……お＜兄＝義兄＞ちゃんの、すごく……たくましぃ。あつくて……れぇ、んちゅ……もっとなでていぃー？」,
135900 ,,,,,,601,,隆行,隆行,,,,「舐めながらなら、いいよ……」,
136000 ,,,,,,601,,かなみ,かなみ,01kan012_046.wav,かなみ,10101,「ふぅ……っ、んん……はぁっ、ん……ちゅ、ちゅ……」,
136100 ,,,,,,601,,,,,,,　吸っては吐き、亀頭に、サオにとキスをする……かなみの唇は、完全に俺を支配していた。,
136190 ,,,,,,601,,,,,,,　ツ……とかなみの指が、俺のサオをなぞる。息を吸っては吐いてを繰り返す唇は、いつの間にか柔らかく亀頭をしごく動きを覚えていた。,
136200 ,,,,,,601,,,,,,,　こんなに、濃厚に可愛がられたら俺……。,
136300 ,,,,,,601,,かなみ,かなみ,01kan012_047.wav,かなみ,10101,「ふっ、ん……んぅっ！？　ぷは、ん……んん……」,
136400 ,,,,,,601,,,,,,,　気付いた時には、俺は腰を使っていた。かなみの小さな口の中は、燃えるように熱く、歯を擦る鈍い痛みすら心地よい。かなみの頭を押さえて、俺は一心不乱に腰を前後させた。,
136500 ,,,,,,601,,かなみ,かなみ,01kan012_048.wav,かなみ,10101,「ぷあっ！？　ん、あっ……んっ、ん、んっ……んっ！」,
136600 ,,,,,,601,,隆行,隆行,,,,「ゴメン、かなみ。腰が止まらない……かなみ、いいか？　こうしても……」,
136700 ,,,,,,601,,かなみ,かなみ,01kan012_049.wav,かなみ,10101,「ぷぁっ、は、はぅ……ん、んちゅ、く……ぅん……」,
136800 ,,,,,,601,,隆行,隆行,,,,「かなみっ！　く、う……」,
136900 ,,,,,,601,,かなみ,かなみ,01kan012_050.wav,かなみ,10101,「いいろぉ……ん、おにーひゃんのおひ○ひん、っんむ……かなみに……ん、んんんんっ！？」,
137000 ,,,,,,601,,,,,,,　息苦しいのか、かなみは浅い息を俺の腰に吐きかけながらも、むちゃくちゃにチ○チンへと舌を絡めた。,
137100 ,,,,,,601,,隆行,隆行,,,,「いいよ、かなみ……う、うっ……」,
137200 ,,,,,,601,,かなみ,かなみ,01kan012_051.wav,かなみ,10101,「かなみもぉ……ん、うん……はぷっ、ん……」,
137300 ,,,,,,601,,隆行,隆行,,,,「え……っ？　何、かなみ……どうしたの」,
137400 ,,,,,,601,,かなみ,かなみ,01kan012_052.wav,かなみ,10101,「れぇっ、お＜にい＝義兄＞ひゃん……ん、んっ……」,
137500 ,,,,,,601,,,,,,,　かなみの腰は、もじもじと切なそうに動いていた。きっと、かなみも気持ちよくして欲しいんだろう。でも、チ○チンはかなみの口に収まってるし、抜きたくない。,
137600 ,,,,,,601,,,,,,,　と、俺の目に置きっぱなしになっていたリコーダーが飛び込んできた。,
137700 ,,,,,,601,,隆行,隆行,,,,「そうだ……練習も、ちゃんとしないとね……」,
137800 ,,,,,,601,,かなみ,かなみ,01kan012_053.wav,かなみ,10101,「ふはっ、あ……んんん！？」,
137900 ,,,,,,601,,隆行,隆行,,,,「リコーダー吹く練習……」,
138000 ,,,,,,601,,かなみ,かなみ,01kan012_054.wav,かなみ,10101,「あぁうっ！？」,
138200 ,,,,,,602,,,,,,,　俺の唾液をたっぷりと絡めてから、リコーダーの先端をかなみのお尻に当てる。堅い異物をもかなみのアヌスは抵抗なく呑み込み、ひゅっ……と短い音を洩らす。,
138300 ,,,,,,602,,隆行,隆行,,,,「凄い……こんなに深く、入っちゃった。手、離しても大丈夫だね……」,
138400 ,,,,,,602,,かなみ,かなみ,01kan012_055.wav,かなみ,10101,「ん、んっ……うぁ……ぁぁぁ……」,
138500 ,,,,,,602,,隆行,隆行,,,,「痛い……？」,
138600 ,,,,,,602,,かなみ,かなみ,01kan012_056.wav,かなみ,10101,「うぅんっ……いたく、ないけど……」,
138700 ,,,,,,602,,隆行,隆行,,,,「じゃあ落としちゃダメだよ。お尻に力入れて、ちゃんとくわえておくんだ」,
138800 ,,,,,,602,,かなみ,かなみ,01kan012_057.wav,かなみ,10101,「ふっ、ん……は、はぁ……」,
138900 ,,,,,,602,,隆行,隆行,,,,「今度は、お腹に力を込める練習……そうすればもっと、リコーダーが上手になるよ」,
139000 ,,,,,,602,,かなみ,かなみ,01kan012_058.wav,かなみ,10101,「ん、んっ……ふっ、ん……」,
139100 ,,,,,,602,,,,,,,　俺の声は、かなみの耳に入ってないみたいだった。お尻に挿入された異物をなんとかしようと、腰をもじもじさせるかなみ。,
139190 ,,,,,,602,,,,,,,　俺がリコーダーをつかんで出し入れを始めると、唇からは唾液が洩れて俺のチ○チンを滑り落ちた。,
139200 ,,,,,,602,,隆行,隆行,,,,「かなみ、リコーダーで感じてるの？　お尻、動いてる」,
139300 ,,,,,,602,,かなみ,かなみ,01kan012_059.wav,かなみ,10101,「んむぅ……っ、は……きもち、いいけど……お＜兄＝義兄＞ちゃんのおち○ちんのほうがいぃ……りこーだー、あつくてピクピクしないもん」,
139400 ,,,,,,602,,隆行,隆行,,,,「俺のは、かなみのお口に入ってるでしょ」,
139500 ,,,,,,602,,かなみ,かなみ,01kan012_060.wav,かなみ,10101,「ふぁむっ……うん、はいってるぅ……ピクピクして……っちゅ……ん」,
139600 ,,,,,,602,,隆行,隆行,,,,「こっちも、どんどん入ってくよ」,
139700 ,,,,,,602,,かなみ,かなみ,01kan012_061.wav,かなみ,10101,「あぁんっ！？　あ、あん……」,
139800 ,,,,,,602,,,,,,,　リコーダーの出し入れはスムーズだった。多少、乱暴にしてもかなみの顔に苦痛は浮かばない。むしろ、もっとして欲しいとねだる視線を、チ○チン越しに送ってきた。,
139900 ,,,,,,602,,かなみ,かなみ,01kan012_062.wav,かなみ,10101,「あはぁっ……ゴツゴツしたひゃっこいの、かんじるぅ……ん、ふとくて、あ……んんん！？」,
140000 ,,,,,,602,,隆行,隆行,,,,「かなみ、こっちも……」,
140100 ,,,,,,602,,かなみ,かなみ,01kan012_063.wav,かなみ,10101,「んっ！　ん、ちゅ……はっ、は……ん、んんん……ッ」,
140200 ,,,,,,602,,,,,,,　かなみの舌の動きが止まった。唇をすぼめる動きも緩慢になり、かなみの唇はうわごとのような声を漏らすだけになった。,
140300 ,,,,,,602,,かなみ,かなみ,01kan012_064.wav,かなみ,10101,「かなみ、もぉ……らめぇ……」,
140400 ,,,,,,602,,隆行,隆行,,,,「俺も、イクっ……最後だから、かなみ頑張って！」,
140500 ,,,,,,602,,かなみ,かなみ,01kan012_065.wav,かなみ,10101,「はぷっ……ん、ちゅ、は、あん……くちゅ……ん、んっ……」,
140600 ,,,,,,602,,隆行,隆行,,,,「う、いい……く、くぅ…………ッ！」,
140700 ,,,,,,602,,,,,,,　再開した舌の動きが急加速的に俺の快感を増幅される。俺はついにリコーダーを離し、かなみの頭を両手でつかんで揺さぶった。,
140800 ,,,,,,602,,かなみ,かなみ,01kan012_066.wav,かなみ,10101,「ふわぅっ、ん……んっ！？　ん、んんんっ……」,
140900 ,,,,,,602,,隆行,隆行,,,,「はぁ……っ、かなみ……かなみッ、受け止めて……っ！」,
141000 ,,,,,,602,,かなみ,かなみ,01kan012_067.wav,かなみ,10101,「んぅぅぅぅぅっ！？」,
141200 ,,,<!ef_shasei>,,,603,,,,,,,　かなみの口から引き抜くのと同時に、我慢の限界を越えたチ○チンは熱いたぎりをぶちまけた。,
141300 ,,,,,,603,,かなみ,かなみ,01kan012_068.wav,かなみ,10101,「ひゃう……ん、あ、あつぅい……ん、これなにぃ……」,
141400 ,,,,,,603,,,,,,,　あふれた精液は、かなみの顔を染め上げ、さらにベッドに幾つものシミを作った。,
141500 ,,,,,,603,,隆行,隆行,,,,「は……はっ、は……はぁ……」,
141600 ,,,,,,603,,かなみ,かなみ,01kan012_069.wav,かなみ,10101,「あぅー……目にはいったぁ。ん……あ、お口にもたれて……」,
141700 ,,,,,,603,,隆行,隆行,,,,「かなみ？」,
141800 ,,,,,,603,,かなみ,かなみ,01kan012_070.wav,かなみ,10101,「へんなあじぃ、したがピリピリする……」,
141900 ,,,,,,603,,隆行,隆行,,,,「あ、無理して舐めなくても……」,
142000 ,,,,,,603,,かなみ,かなみ,01kan012_071.wav,かなみ,10101,「う゛ーーー、タオルぅ……」,
142100 ,,,,,,603,,隆行,隆行,,,,「じっとしてるんだ。今、ぬぐってあげるから」,
142200 ,,,,,,603,,かなみ,かなみ,01kan012_072.wav,かなみ,10101,「ん、うん……」,
142300 ,,,,,,603,,,,,,,　俺はまずかなみの顔をティッシュでぬぐい、そしてお尻からリコーダーを引き抜いた。さらに数枚のティッシュを取って、先端を拭う。,
142390 ,,,,,,603,,,,,,,　後でちゃんと洗ってあげるか、最悪、新しいの買ってあげるかしないと。,
142400 ,,,,,,603,,,,,,,　しかし……さっきの俺、かなり凶暴だったよな。反省……。,
142500 ,,,,,,603,,隆行,隆行,,,,「ごめんな、俺……乱暴すぎたかも」,
142600 ,,,,,,603,,かなみ,かなみ,01kan012_073.wav,かなみ,10101,「いいよ。かなみ、いつもお＜兄＝義兄＞ちゃんにごほうびもらってるから……今日は、かなみからのごほうび」,
142700 ,,,,,,603,,隆行,隆行,,,,「そ、そう……？」,
142800 ,,,,,,603,,かなみ,かなみ,01kan012_074.wav,かなみ,10101,「それに……役にたったよ」,
142900 ,,,,,,603,,,,,,,　言ってかなみは、イタズラっぽい笑みを浮かべた。,
143000 ,,,,,,603,,かなみ,かなみ,01kan012_075.wav,かなみ,10101,「ちょっぴり、リコーダーがすきになれたもん」,
143100 ,,,,,,603,,隆行,隆行,,,,「それは何より……」,
143200 ,,,,,9000,603,,,,,,,　意外なたくましさを発揮するかなみに、俺は苦笑いを返すしかなかった。,
143300 ,$return,,,,,,,,,,,,,
143400 ,&01kan060ha,,,4294967295,9000,,,,,,,,,
143700 ,,,,2,2,,,かなみ,かなみ,01kan013_001.wav,かなみ,10102,「あっ、お＜にぃ＝義兄＞ちゃーんっ！　待ってたよ～！！」,
143800 ,,,,,,,,,,,かなみ,10102,　玄関先で俺の到着を待っていたらしいかなみが、元気な声を上げて俺に手を振る。,
143900 ,,,,,,,,隆行,隆行,,かなみ,10102,「おい、かなみ……待っていてくれるのは嬉しいけどな、もうちょっと静かに、声を小さくして……」,
144000 ,,,,,,,,かなみ,かなみ,01kan013_002.wav,かなみ,10127,「ぶー。なんでよぉー」,
144100 ,,,,,,,,隆行,隆行,,かなみ,10127,「全く……そんな子供っぽいコトしてると、ご近所の人に笑われちゃうぞ？」,
144200 ,,,,,,,,かなみ,かなみ,01kan013_003.wav,かなみ,10102,「かなみ子供だもーん。だからおかしくないもーん」,
144300 ,,,,,,,,,,,かなみ,10102,　かなみはそう言って、俺の腕に抱きついてきた。,
144400 ,,,,,,,,隆行,隆行,,かなみ,10102,「ふぅ、言うと思った……ホントに子供だな、かなみは」,
144500 ,,,,,,,,かなみ,かなみ,01kan013_004.wav,かなみ,10103,「それより聞いて聞いてっ！　今日、音楽のじゅぎょうでリコーダーのテストがあってね……かなみ合格したんだよっ！」,
144600 ,,,,,,,,隆行,隆行,,かなみ,10103,「おおっ、ホントか？」,
144700 ,,,,,,,,かなみ,かなみ,01kan013_005.wav,かなみ,10103,「うんっ！　これも、お＜兄＝義兄＞ちゃんがリコーダーをおしりに入れて特訓してくれたおか……ふごふご、ふご～っ」,
144800 ,,,,,,,,隆行,隆行,,かなみ,10103,「わわっ、わわわっ……しーっ、しーっ！」,
144900 ,,,<!se_door_home>,,9000,,,,,,,,　俺は慌ててかなみの口をふさぐと、腕にぶら下げたまま家の中へ急いで駆け込む。,
145000 ,,,,,,,,,,,,,　ああ……近所の人に、聞かれてなかっただろうな……。,
145200 ,,,<!ef_move>,,3,,,隆行,隆行,,,,「さて……気を取り直して、授業を始めるか……」,
145300 ,,,,,,,,隆行,隆行,,,,「……って、まだ俺につかまってるのか、かなみっ！」,
145400 ,,,,,,,,かなみ,かなみ,01kan013_006.wav,かなみ,10115,「むふ～。だって、お＜兄＝義兄＞ちゃんのうでにつかまってると楽しいんだもん。ぶらぶら、ぶらぶら～」,
145500 ,,,,,,,,隆行,隆行,,かなみ,10115,「こら……服の袖がのびるから、いいかげん離れなさい」,
145600 ,,,,,,,,かなみ,かなみ,01kan013_007.wav,かなみ,10102,「あっ、そうだ……いちど、お＜兄＝義兄＞ちゃんにだっこしてもらいながらおべんきょうするのはどうかな！？　なんだか、おべんきょうもはかどりそう～」,
145700 ,,,,,,,,隆行,隆行,,かなみ,10102,「そんなんじゃ、とても勉強にならないよ……」,
145800 ,,,,,,,,かなみ,かなみ,01kan013_008.wav,かなみ,10127,「ぶー、お＜兄＝義兄＞ちゃんってば夢がないー」,
145900 ,,,,,,,,隆行,隆行,,かなみ,10127,「だっこしながら勉強したら、お前はすぐに眠っちゃって夢の中だろう？」,
146000 ,,,,,,,,かなみ,かなみ,01kan013_009.wav,かなみ,10102,「ああっ、お＜兄＝義兄＞ちゃんうまいっ！　はいっ、ざぶとん一枚っ！」,
146100 ,,,,,,,,,,,かなみ,10102,　そう言ってかなみが、自分の椅子の座布団を俺に差し出す。,
146200 ,,,,,,,,隆行,隆行,,かなみ,10102,「あのね…………さあ、バカやってないで勉強するぞ」,
146300 ,,,,,,,,かなみ,かなみ,01kan013_010.wav,かなみ,10127,「ぶー、お＜兄＝義兄＞ちゃんノリわるい～」,
146400 ,,,,,,,,,,,かなみ,10127,　かなみはブーイングをしながら、座布団を自分のお尻へと戻した。,
146500 ,,,,,,,,,,,かなみ,10127,　うーん、かなみのおしりで暖かくなった座布団か……。どんな感触か、ちょっとさわってみたかったかもな……。,
146700 ,$return,,,,,,,,,,,,,
146800 ,&01kan070h,,<!ef_timepass>,2,3,,,,,,,,,
147100 ,,,,,,,,隆行,隆行,,,,「はい、今日の授業はここまで」,
147200 ,,,,,,,,かなみ,かなみ,01kan014_001.wav,かなみ,10114,「え？　もう……」,
147300 ,,,,,,,,隆行,隆行,,かなみ,10114,「最近のかなみは一生懸命頑張ってくれてるから、授業もすぐ終わっちゃうよ」,
147400 ,,,,,,,,かなみ,かなみ,01kan014_002.wav,かなみ,10101,「お＜兄＝義兄＞ちゃんの、おしえかたがじょーずだから？」,
147500 ,,,,,,,,隆行,隆行,,かなみ,10101,「……おべっかは、もう少し上手になりなさい」,
147600 ,,,,,,,,かなみ,かなみ,01kan014_003.wav,かなみ,10102,「えへ……▼」,
147700 ,,,,,,,,,,,かなみ,10102,　実際、今日の授業用として用意してきたカリキュラムは予定時間より早く消化されてしまった。,
147790 ,,,,,,,,,,,かなみ,10102,　かなみの成長は素直に嬉しいが、このままではかなみの隣に居場所がなくなってしまうような……そんな不安も、正直ある。,
147800 ,,,,,,,,,,,かなみ,10102,　だから、俺は……。,
147900 ,,,,,,,,隆行,隆行,,かなみ,10102,「今日は、夕食まで随分と余裕あるけど……かなみ」,
148000 ,,,,,,,,かなみ,かなみ,01kan014_004.wav,かなみ,10114,「ん？　う、うん……」,
148100 ,,,,,,,,隆行,隆行,,かなみ,10114,「ご褒美、しようか」,
148200 ,,,,,,,,,,,かなみ,10114,　言うなり俺はかなみの手を取って、胸に引き寄せる。俺の胸の中でかなみは鼻先を擦るようにして甘え、小さく呟いた。,
148300 ,,,,,,,,かなみ,かなみ,01kan014_005.wav,かなみ,10115,「じゃあじゃあ……おねがいしても、いいかな」,
148400 ,,,,,,,,隆行,隆行,,かなみ,10115,「なんでも言ってみな？　物凄く無理な事じゃなければ、聞いてあげられると思う」,
148500 ,,,,,,,,かなみ,かなみ,01kan014_006.wav,かなみ,10115,「ん……今日は一日中、かなみとあそんでほしいんだ」,
148600 ,,,,,,,,隆行,隆行,,かなみ,10115,「遊ぶ？　うーん……何して遊びたいんだ？」,
148700 ,,,,,,,,かなみ,かなみ,01kan014_007.wav,かなみ,10102,「公園に行きたいっ！　昔みたいに、お＜兄＝義兄＞ちゃんと夕方までいっしょにあそびたいの」,
148800 ,,,,,,,,隆行,隆行,,かなみ,10102,「昔みたいに、か……」,
148900 ,,,,,,,,,,,かなみ,10102,　かなみの一言は、俺の胸に懐かしい思い出を呼び覚ました。,
149000 ,,,,,9000,,,,,,,,　あの頃、俺とかなみはいつでも一緒だった。どこへ行くにもかなみは付いてきたがり、俺も拒むという事を知らなかった。よく言う＜兄妹＝義兄妹＞の気恥ずかしさなど、俺たちには無縁だった。,
149100 ,,,,,,,,かなみ,かなみ,01kan014_008.wav,,,「お＜にぃ＝義兄＞ちゃん、おいてかないでよぅ……うぇぇ……」,
149200 ,,,,,,,,,,,,,　目にいっぱいの涙を溜めた、かなみの顔が思い浮かぶ。あの頃のかなみは少しでも悲しい事があると、すぐ涙ぐんでしまう。,
149300 ,,,,,,,,,,,,,　でもかなみは、泣きそうになっても……俺が手を握れば、ぴたっと涙が止まる。＜兄＝義兄＞の役割を果たしているその瞬間が、俺は好きだった。,
149400 ,,,,,,,,,,,,,　もう、戻る事などできない時間。今の俺とかなみは、あの時みたいに無邪気に笑い合う事なんてできない。お互いが若く健全な男と女なのだと、気付いてしまった今は。,
149500 ,,,,,3,,,,,,,,　いや……感傷的になってる場合じゃない、か……。,
149600 ,,,,,,,,かなみ,かなみ,01kan014_009.wav,かなみ,10121,「お＜兄＝義兄＞ちゃん……？」,
149700 ,,,,,,,,隆行,隆行,,かなみ,10121,「ん、なんでもない。いいよ、それじゃ公園に行こうか」,
149800 ,,,,,,,,かなみ,かなみ,01kan007_012.wav,かなみ,10102,「うんっ……」,
149900 ,,,,,,,,,,,かなみ,10102,　まだ胸の中にいたかなみの後頭部を撫で下ろし、身体を離す。視界に飛び込んできた、かなみの顔はほんの少し不安そうだった。,
150000 ,,,,,,,,隆行,隆行,,かなみ,10102,「準備してくるから、玄関で待ってくれるか。すぐ行く」,
150100 ,,,,,,,,かなみ,かなみ,01kan014_011.wav,かなみ,10106,「そのかっこじゃ、やなの？」,
150200 ,,,,,,,,隆行,隆行,,かなみ,10106,「それは後のお楽しみ、だ」,
150300 ,,,,,,,,かなみ,かなみ,01kan014_012.wav,かなみ,10127,「ぶぅ……なぁに、それ……」,
150400 ,,,,,9000,,,,,,,,　ようやく明るくなったかみの声を背中に受け、俺は自分の部屋に戻った。,
150500 ,,,,,,,,,,,,,　変わってしまった関係を憂うより……むしろ楽しむ為、にな。,
150700 ,,,"<s_redraw><s_effect_p bg/b.pgx,4000,2000><m_fade 3000,3000>",1,15,,,,,,,,　昼下がりという時間も影響しているのか、何年ぶりかでやって来た公園は見事に閑散としていた。,
150790 ,,,,,,,,,,,,,　ブランコにジャングルジム……記憶にある通りの遊具はよく見れば錆び付いていて、時の流れを実感させる。,
150800 ,,,,,,,,,,,,,　この寂れた空気は、今はむしろありがたいんだけど。,
150900 ,,,,,,,,かなみ,かなみ,01kan014_013.wav,かなみ,10102,「今日は、おひさまポカポカできもちいいねぇ～～」,
151000 ,,,,,,,,隆行,隆行,,かなみ,10102,「ん、うん……」,
151100 ,,,,,,,,かなみ,かなみ,01kan014_014.wav,かなみ,10101,「ほらほら、ブランコで～～～す」,
151200 ,,,,,,,,隆行,隆行,,かなみ,10101,「ん、うん……」,
151300 ,,,,,,,,かなみ,かなみ,01kan014_015.wav,かなみ,10102,「ちっちゃな頃は、これでいっしょにあそんだよね。お＜兄＝義兄＞ちゃんが押してくれると、お空がすごーくちかくに見えて……たのしかったなぁ」,
151400 ,,,,,,,,隆行,隆行,,かなみ,10102,「ん、うん……」,
151500 ,,,,,,,,かなみ,かなみ,01kan014_016.wav,かなみ,10114,「………………」,
151600 ,,,,,,,,,,,かなみ,10114,　ポケットの中に忍ばせておいた『例の物』を、こっそりと確認する。いざ使うと決めてしまうと、早く試してみたくて仕方がなかった。,
151700 ,,,,,,,,かなみ,かなみ,01kan014_017.wav,かなみ,10119,「ねぇ、お＜兄＝義兄＞ちゃんっ！」,
151800 ,,,,,,,,隆行,隆行,,かなみ,10119,「わ！？　あ、うん……どうしたの」,
151900 ,,,,,,,,かなみ,かなみ,01kan014_018.wav,かなみ,10121,「お＜兄＝義兄＞ちゃん、さっきからソワソワしてる……」,
152000 ,,,,,,,,隆行,隆行,,かなみ,10121,「いや、そんな事は…………ないような」,
152100 ,,,,,,,,かなみ,かなみ,01kan014_019.wav,かなみ,10121,「むぅ～～～～～～～～」,
152200 ,,,,,,,,隆行,隆行,,かなみ,10121,「ごめんなさいしてました」,
152300 ,,,,,,,,かなみ,かなみ,01kan014_020.wav,かなみ,10127,「もう！　かなみといっしょにいるの、たのしくないの……」,
152400 ,,,,,,,,隆行,隆行,,かなみ,10127,「そんなコトないってば。楽しいよ」,
152500 ,,,,,,,,かなみ,かなみ,01kan014_021.wav,かなみ,10121,「じゃあ、どーしてソワソワしてるのぉ……！」,
152600 ,,,,,,,,隆行,隆行,,かなみ,10121,「知りたい？」,
152700 ,,,,,,,,かなみ,かなみ,01kan014_022.wav,かなみ,10119,「わ……」,
152800 ,,,,,,,,,,,かなみ,10119,　急に俺が真面目な顔を作って言うと、＜気圧＝けお＞されたかなみは一歩後ずさる。,
152900 ,,,,,,,,隆行,隆行,,かなみ,10119,「んー、知りたいんだね？」,
153000 ,,,,,,,,かなみ,かなみ,01kan014_023.wav,かなみ,10120,「えっと、やっぱいい……」,
153100 ,,,,,,,,隆行,隆行,,かなみ,10120,「そうかどーしても知りたいか！　じゃあ教えてあげるから、こっちにおいで」,
153200 ,,,,,,,,かなみ,かなみ,01kan014_024.wav,かなみ,10119,「あっ、ちょっ……お＜兄＝義兄＞ちゃんひっぱらないでよぅ！」,
153300 ,,,,,,,,,,,かなみ,10119,　無理矢理に話を打ち切ると、俺はかなみの手を引いて早足に木陰へと向かった。,
153500 ,,,<!pre_ev1>,10,,701,,かなみ,かなみ,01kan014_025.wav,かなみ,10101,「お＜兄＝義兄＞ちゃんっ……いきなり、なにするのぉ……」,
153600 ,,,,,,701,,隆行,隆行,,,,「何を考えてたか、知りたいんだろ？」,
153700 ,,,,,,701,,かなみ,かなみ,01kan014_026.wav,かなみ,10101,「やっ、やだやだやだぁっ！」,
153800 ,,,,,,701,,,,,,,　俺は有無を言わさずかなみをかがませると、一気にパンツを引き下ろした。,
153900 ,,,,,,701,,隆行,隆行,,,,「かなみ、スカート少ししわくちゃになっちゃうけどいい？」,
154000 ,,,,,,701,,かなみ,かなみ,01kan014_027.wav,かなみ,10101,「よくないーっ！　あっ、あん……」,
154100 ,,,,,,701,,隆行,隆行,,,,「そっか……ごめんね」,
154200 ,,,,,,701,,かなみ,かなみ,01kan014_028.wav,かなみ,10101,「あやまるくらいなら、しないでよぉ……っ」,
154300 ,,,,,,701,,隆行,隆行,,,,「ごめんごめん」,
154400 ,,,,,,701,,,,,,,　スカートをまくりあげたまま固定して、ツルツルすべすべのお尻にコンニチワ？　と撫でて挨拶。そのままかなみの股を開かせて、俺は、まだ乾いたままのワレメを指でなぞった。,
154500 ,,,,,,701,,かなみ,かなみ,01kan014_029.wav,かなみ,10101,「ひゃうぅ……お＜兄＝義兄＞ちゃん、ずっとエッチなこと考えてたんだ……？」,
154600 ,,,,,,701,,隆行,隆行,,,,「正解」,
154700 ,,,,,,701,,かなみ,かなみ,01kan014_030.wav,かなみ,10101,「もう、ばかぁ……」,
154800 ,,,,,,701,,隆行,隆行,,,,「そんな事言わないの。今日のご褒美、あげるんだから」,
154900 ,,,,,,701,,かなみ,かなみ,01kan014_031.wav,かなみ,10101,「ご、ごほうびって……」,
155000 ,,,,,,701,,隆行,隆行,,,,「こーれ」,
155100 ,,,,,,701,,,,,,,　笑顔を作りながら、俺はポケットに忍ばせておいた大人のオモチャ、けばけばしい色をしたバタフライを取り出した。,
155300 ,,,,,,702,,かなみ,かなみ,01kan014_032.wav,かなみ,10101,「ひゃ……！？　な、なに……これなにぃ？」,
155400 ,,,,,,702,,隆行,隆行,,,,「えーと……ここをこうして、うん。装着完了ー」,
155500 ,,,,,,702,,,,,,,　蝶を模したサイケなデザインの振動部分を、かなみのクリトリスにあてがって、お尻の上で結合部分を止める。いきなり局部を覆った違和感に、かなみはびっくりして目を見開いた。,
155600 ,,,,,,702,,かなみ,かなみ,01kan014_033.wav,かなみ,10101,「お＜兄＝義兄＞ちゃん……だから、これはなんなのよぉ……？」,
155700 ,,,,,,702,,隆行,隆行,,,,「ん？　今日のご褒美。バタフライっていってね、かなみの気持ちいいところを刺激してくれるんだよ」,
155800 ,,,,,,702,,,,,,,　ちなみに、これはゼミのコンパで行われたビンゴ大会の景品だ。あの時はこんなくだらないモン捨てて帰ろうかとも思ったけど、一応とっておいてよかったな。ふふふっ。,
155900 ,,,,,,702,,かなみ,かなみ,01kan014_034.wav,かなみ,10101,「へんなパンツ……」,
156000 ,,,,,,702,,隆行,隆行,,,,「違う違う、パンツじゃないよ。このリモコンスイッチを入れるとね……」,
156100 ,,,,,,702,,かなみ,かなみ,01kan014_035.wav,かなみ,10101,「はぅっ、あああぁぁぁっ！？」,
156200 ,,,,,,702,,隆行,隆行,,,,「こうなる……と。うん、かなみも気に入ってくれたみたいだね」,
156300 ,,,,,,702,,かなみ,かなみ,01kan014_036.wav,かなみ,10101,「き、きにいってないよぉ……でんきしょっく、やぁだぁ……」,
156400 ,,,,,,702,,隆行,隆行,,,,「電気じゃないって。もう一度試してみるから、確かめてみな」,
156500 ,,,,,,702,,かなみ,かなみ,01kan014_037.wav,かなみ,10101,「あ、あぁっ……うそだもん。びりびりってするぅ……」,
156600 ,,,,,,702,,隆行,隆行,,,,「いい感じじゃない？」,
156700 ,,,,,,702,,かなみ,かなみ,01kan014_038.wav,かなみ,10101,「わ、わかんないよぉぅ……んんっ！？」,
156800 ,,,,,,702,,,,,,,　かなみの甘い声は、充分に『感度良好』と言っていた。ならばと俺は、メモリを弱めにキープして、まくり上げたままだったスカートを元に戻した。,
156900 ,,,,,,702,,かなみ,かなみ,01kan014_039.wav,かなみ,10101,「は、はっ……はぅぅ……え？」,
157000 ,,,,,,702,,隆行,隆行,,,,「今はここまで。このまま、辺りを散歩しようか」,
157100 ,,,,,,702,,かなみ,かなみ,01kan014_040.wav,かなみ,10101,「そ、そんなのいいよ……」,
157200 ,,,,,,702,,隆行,隆行,,,,「さっき、気の抜けた態度で接しちゃったからさ。もう一度、二人で思い出を振り返ろう」,
157300 ,,,,,,702,,,,,,,　我ながら、意地悪い言葉だな……。でも、続けたい衝動を抑えられない。もっとエッチに花開いた、かなみの姿を見てみたい。,
157400 ,,,,,,702,,かなみ,かなみ,01kan014_041.wav,かなみ,10101,「そんなのむりぃ……できないよ」,
157500 ,,,,,,702,,隆行,隆行,,,,「できる。かなみもきっと、すごーく気持ちよくなれるよ。俺を信じて」,
157600 ,,,,,,702,,かなみ,かなみ,01kan014_042.wav,かなみ,10101,「う……」,
157700 ,,,,,,702,,隆行,隆行,,,,「さ、行こう」,
157800 ,,,,,,702,,かなみ,かなみ,01kan014_043.wav,かなみ,10101,「うぅぅぅぅぅぅ……」,
157900 ,,,,,,702,,,,,,,　かなみの瞳が、戸惑いに揺れる。ほっぺに軽いキスをして促すと、かなみはいつも通り『唇にもしてっ』とあごを上げる。,
158000 ,,,,,,702,,,,,,,　優しくキスを繰り返すと、かなみがうなずくまでそう時間はかからなかった……。,
158200 ,,,,,,,,隆行,隆行,,,,「ほら見てみな、かなみ。ジャングルジムがあるよ」,
158300 ,,,,,,,,かなみ,かなみ,01kan014_044.wav,かなみ,10128,「ん……うん」,
158400 ,,,,,,,,隆行,隆行,,かなみ,10128,「昔、二人でダンボール貼り付けて秘密基地とか作ったよね。覚えてる？」,
158500 ,,,,,,,,かなみ,かなみ,01kan014_045.wav,かなみ,10128,「ん……うん」,
158600 ,,,,,,,,隆行,隆行,,かなみ,10128,「あ、スズメだ。ほら、お前の好きな鳥さんだよ」,
158700 ,,,,,,,,かなみ,かなみ,01kan014_046.wav,かなみ,10129,「はぅぅぅぅぅ……」,
158800 ,,,,,,,,,,,かなみ,10129,　立場は、完全に逆転していた。,
158900 ,,,,,,,,,,,かなみ,10129,　ヒザを擦り合わせて羞恥に耐えるかなみ……だが、その羞恥心すら今のかなみには快感となっている。それは、上気した表情から容易に見て取れた。,
159000 ,,,,,,,,かなみ,かなみ,01kan014_047.wav,かなみ,10128,「あ、あっ……！」,
159100 ,,,,,,,,,,,かなみ,10128,　かなみのアソコを刺激する、微かなモーター音が耳に届く。それを感じて俺は、口を閉ざした。静まりかえった公園に、かなみの足が苦しげに土を掻く、ざしゅっ……という音だけが響く。,
159200 ,,,,,,,,,,,かなみ,10128,　静寂の中では、俺が生唾を飲み下す音も想像以上に大きく響いた。,
159300 ,,,,,,,,かなみ,かなみ,01kan014_048.wav,かなみ,10130,「あ、ああぁぁぁぁっ……あ、あっ！」,
159400 ,,,,,,,,隆行,隆行,,かなみ,10130,「どうかした？　かなみ。歩き方が変だよ」,
159500 ,,,,,,,,かなみ,かなみ,01kan014_049.wav,かなみ,10128,「きちゃう……かなみ、きちゃうの……ね、ねぇ……お＜兄＝義兄＞ちゃん……」,
159600 ,,,,,,,,,,,かなみ,10128,　かなみのふとももを、汗とは違うねっとりした雫が伝う。その瞬間を、俺の目はハッキリと捉えた。,
159700 ,,,,,,,,かなみ,かなみ,01kan014_050.wav,かなみ,10128,「もう歩けないよぉ……ねぇ、これとってぇ……」,
159800 ,,,,,,,,隆行,隆行,,かなみ,10128,「もう……？　こらえ性がないなぁ」,
159900 ,,,,,,,,かなみ,かなみ,01kan014_051.wav,かなみ,10128,「なんでもいいから、とってよぉ……」,
160000 ,,,,,,,,,,,かなみ,10128,　ぎゅ……と強く俺の腕にしがみついて、かなみは、おっぱいを擦り付けてきた。こうして俺に寄りかからなければ、今にも地面にへたり込んでしまうに違いない。,
160100 ,,,,,,,,かなみ,かなみ,01kan014_052.wav,かなみ,10128,「んんっ、お＜兄＝義兄＞ちゃぁぁん……」,
160200 ,,,,,,,,,,,かなみ,10128,　潤んだ瞳が、俺を捉える。俺の欲望を、ピンポイントで刺激する。もう、我慢なんてできない……。,
160300 ,,,,,,,,隆行,隆行,,かなみ,10128,「か、かなみ……！」,
160400 ,,,,,,,,かなみ,かなみ,01kan014_053.wav,かなみ,10130,「きゃ……」,
160500 ,,,,,,,,,,,かなみ,10130,　俺はかなみの腰を抱いて、その場で＜踵＝きびす＞を返す。目指すはさっき、かなみにバタフライを装着した場所。,
160600 ,,,,,,,,,,,かなみ,10130,　家まで戻る余裕なんて、もう俺にはなかった。,
160800 ,,,,,,702,,かなみ,かなみ,01kan014_054.wav,かなみ,10101,「あ、あっ……お＜兄＝義兄＞ちゃぁん。んッ！」,
160900 ,,,,,,702,,,,,,,　ほとんど為すがままに、俺の手に促されるまま扇情的なポーズを取るかなみ。真っ白なヒップラインに目を奪われ、スカートをまくり上げる俺の手は震えた。,
161000 ,,,,,,702,,かなみ,かなみ,01kan014_055.wav,かなみ,10101,「うぅぅぅぅぅ、早くぅ……。かなみのあそこ、もぉげんかいなのぉ……」,
161100 ,,,,,,702,,,,,,,　再びあらわになったかなみのおま○こは愛液を滴らせ、いつもの甘酸っぱい香りを強く放っていた。俺は吸い寄せられるように屈み込んで、ふとももを伝う愛液を舌ですくう。,
161200 ,,,,,,702,,かなみ,かなみ,01kan014_056.wav,かなみ,10101,「あ、あんッ！　や、吸っちゃやだぁ……ん、んぅ……」,
161300 ,,,,,,702,,隆行,隆行,,,,「かなみのオツユ、美味しい……」,
161400 ,,,,,,702,,かなみ,かなみ,01kan014_057.wav,かなみ,10101,「とってくれるんじゃないのぉ……？　ん、んっ……」,
161500 ,,,,,,702,,隆行,隆行,,,,「ぷぁ……本当にとって欲しいの？　こんなにオツユこぼしてるのに」,
161600 ,,,,,,702,,かなみ,かなみ,01kan014_058.wav,かなみ,10101,「だってぇ、恥ずかしいんだもん……んんっ！」,
161700 ,,,,,,702,,,,,,,　バタフライのメモリを強めに調節し直すと、かなみの声はますます艶を帯びた。,
161800 ,,,,,,702,,かなみ,かなみ,01kan014_059.wav,かなみ,10101,「はぁんっ！　いぢわるぅ……」,
161900 ,,,,,,702,,隆行,隆行,,,,「本当に嫌ならやめるけど、そうは見えないからさ」,
162000 ,,,,,,702,,かなみ,かなみ,01kan014_060.wav,かなみ,10101,「はぁっ！　んんっ……こんなとこ、だれかに見られたら……」,
162100 ,,,,,,702,,隆行,隆行,,,,「大丈夫だよ、多分」,
162200 ,,,,,,702,,かなみ,かなみ,01kan014_061.wav,かなみ,10101,「たぶんじゃ、やぁ……」,
162300 ,,,,,,702,,隆行,隆行,,,,「かなみ……俺、もう我慢できない。かなみにチ○チン＜挿れ＝いれ＞たいよ」,
162400 ,,,,,,702,,かなみ,かなみ,01kan014_062.wav,かなみ,10101,「だめっ！　こんな、こんなとこで……ぜったい、やぁ……」,
162500 ,,,,,,702,,隆行,隆行,,,,「でもほら、俺のチ○チンこんなに……」,
162600 ,,,,,,702,,かなみ,かなみ,01kan014_063.wav,かなみ,10101,「あ……」,
162700 ,,,,,,702,,,,,,,　掘り出したチ○チンを、かなみのふとももに擦りつける。その固さを感じ取ったかなみの腰は揺れて、本人の意思を離れて受け入れ体勢を整える。,
162800 ,,,,,,702,,隆行,隆行,,,,「俺、かなみと一緒にイキたい。ね、いいだろ……？」,
162900 ,,,,,,702,,かなみ,かなみ,01kan014_064.wav,かなみ,10101,「う……」,
163000 ,,,,,,702,,隆行,隆行,,,,「かなみ……」,
163100 ,,,,,,702,,かなみ,かなみ,01kan014_065.wav,かなみ,10101,「ん……！？　ん……ちゅ、くちゅ……っ」,
163200 ,,,,,,702,,,,,,,　とどめのキスをしながら、どさくさでクレバスにチ○チンを押し付ける。と、かなみは腰をずらしてお尻の双丘でチ○チンを挟むようにした。,
163300 ,,,,,,702,,かなみ,かなみ,01kan014_066.wav,かなみ,10101,「こっちぃ……こないだみたいに、おしりにならいいから……んっ」,
163400 ,,,,,,702,,隆行,隆行,,,,「かなみ……ちゅっ、んん……」,
163500 ,,,,,,702,,かなみ,かなみ,01kan014_067.wav,かなみ,10101,「はぁんっ……だから、早くしてぇ。だれにも見られないうちに、いっしょにイクぅ……」,
163600 ,,,,,,702,,隆行,隆行,,,,「わ、わかった……」,
163700 ,,,,,,702,,,,,,,　俺はかなみのお尻をつかんで固定すると、猛り狂ったチ○チンを、ヒクつくお尻の穴へと一気に打ち込んだ。,
163900 ,,,,,,703,,かなみ,かなみ,01kan014_068.wav,かなみ,10101,「あ、あぁんっ…………」,
164000 ,,,,,,703,,,,,,,　ほぐしても、濡らしてもいないアヌスは以前よりずっと摩擦が強く、チ○チン全体を圧迫する。,
164100 ,,,,,,703,,,,,,,　その強い刺激すらも今の俺には快感だった。俺はかなみのお尻が俺の股間にぶつかりすぎて、赤くなってしまう勢いで腰を振り始めた。,
164200 ,,,,,,703,,隆行,隆行,,,,「あぁ……いいっ、かなみのココ……やっぱり最高だ」,
164300 ,,,,,,703,,かなみ,かなみ,01kan014_069.wav,かなみ,10101,「うれひぃ……もっと、もっとほめて……お＜兄＝義兄＞ちゃん……」,
164400 ,,,,,,703,,隆行,隆行,,,,「……可愛いよ、エッチなかなみ……凄く可愛い」,
164500 ,,,,,,703,,かなみ,かなみ,01kan014_070.wav,かなみ,10101,「ん……っ、エッチでもいいろぉ……？　かわいいってゆってくれるろ……ん」,
164600 ,,,,,,703,,隆行,隆行,,,,「当たり前だろ。もっと聞きたい、かなみのエッチな声」,
164700 ,,,,,,703,,かなみ,かなみ,01kan014_071.wav,かなみ,10101,「あ、あっ……あはぁっ……ん、あ、あぁぁぁん……ん！」,
164800 ,,,,,,703,,,,,,,　俺のあごから滴った汗が、かなみのお尻に落ちる。それを薄く伸ばすように指で撫で、一方の手でバタフライのメモリを調節する。,
164900 ,,,,,,703,,かなみ,かなみ,01kan014_072.wav,かなみ,10101,「あ！？　あぁんっ……ん、は……」,
165000 ,,,,,,703,,隆行,隆行,,,,「……本当は、気持ちよかったんでしょ？　今だってホラ、振動を強くしたら……お尻もキューって締まったよ」,
165100 ,,,,,,703,,かなみ,かなみ,01kan014_073.wav,かなみ,10101,「う……うんっ、ホントは……ずっと。初めてつけたときからよかったのぉ……」,
165200 ,,,,,,703,,隆行,隆行,,,,「そうでしょ？　喜んでくれて、俺も嬉しいよ」,
165300 ,,,,,,703,,かなみ,かなみ,01kan014_074.wav,かなみ,10101,「ありがと……っ、ん！？　あ、あん……あんっ……」,
165400 ,,,,,,703,,,,,,,　見ないまま操作していたメモリが、限界に達して止まった。今やモーター音は耳障りなほど大きく、かなみにもたらされる快感の大きさを物語っている。,
165500 ,,,,,,703,,,,,,,　負けじと俺も腰を使い、かなみの服に手を滑り込ませた。そのまま胸のふくらみを押し上げるように揉み、指先にかかった乳首のしこりを引っ掻いてみる。,
165600 ,,,,,,703,,かなみ,かなみ,01kan014_075.wav,かなみ,10101,「あ、あぁ……いひぃぃ……ん、かなみのあたま、まっしろになってく……もぅ、きもちいーことしかかんがえられないぃ……」,
165700 ,,,,,,703,,隆行,隆行,,,,「そのままでいいよ……もっと、乱れちゃって」,
165800 ,,,,,,703,,かなみ,かなみ,01kan014_076.wav,かなみ,10101,「あはぁ……ずしんってくる、やっぱり……お＜兄＝義兄＞ひゃんのおち○ちんが、いちばんイイ……っ」,
165900 ,,,,,,703,,,,,,,　幾分ほぐれてきたかなみのお尻は、柔軟に俺を受け入れている。俺は首筋にほっぺにと、所構わずキスを繰り返した。,
166000 ,,,,,,703,,かなみ,かなみ,01kan014_077.wav,かなみ,10101,「んふぅっ……お口にもぉ……」,
166100 ,,,,,,703,,隆行,隆行,,,,「ん……ちゅ」,
166200 ,,,,,,703,,かなみ,かなみ,01kan014_078.wav,かなみ,10101,「あむっ……ん、あ、はぁ……あ、んんん……」,
166300 ,,,,,,703,,隆行,隆行,,,,「こら……ちゃんと、キスして」,
166400 ,,,,,,703,,かなみ,かなみ,01kan014_079.wav,かなみ,10101,「らってぇ……あそこも、おしりも……すごくてっ！　ちゃんとらんて……んぅ、ん……はっ！」,
166500 ,,,,,,703,,隆行,隆行,,,,「う……また、キツく……」,
166600 ,,,,,,703,,かなみ,かなみ,01kan014_080.wav,かなみ,10101,「とろけちゃう……かなみのおしり。ぐちゅぐちゅになって、お＜兄＝義兄＞ちゃんとひとつになっちゃうぅ……」,
166700 ,,,,,,703,,隆行,隆行,,,,「そうなりたい。かなみの中で、溶けちゃいたいよ」,
166800 ,,,,,,703,,かなみ,かなみ,01kan014_081.wav,かなみ,10101,「はぁぅ……ん、は、はぁ……あ、あぁ……」,
166900 ,,,,,,703,,,,,,,　服の下で、火傷しそうなほどに火照った体をなで回す。そうしながらも俺の腰は、その動きを早めていた。,
167000 ,,,,,,703,,隆行,隆行,,,,「かなみ、俺……俺っもう……！　イク……っ」,
167100 ,,,,,,703,,かなみ,かなみ,01kan014_082.wav,かなみ,10101,「かなみもぉ、イク……イキたいのぉ……」,
167200 ,,,,,,703,,隆行,隆行,,,,「かなみ……かなみ、かなみぃぃぃっ！」,
167300 ,,,,,,703,,かなみ,かなみ,01kan014_083.wav,かなみ,10101,「は、はぁぁぁぁうっ！」,
167400 ,,,,,,703,,,,,,,　意図したような絶妙のタイミングで、かなみの腸内が収縮する。そうして俺を、一気に絶頂へと導いた。,
167500 ,,,,,,703,,隆行,隆行,,,,「あ…………ッ！」,
167600 ,,,,,,703,,かなみ,かなみ,01kan014_084.wav,かなみ,10101,「はっ！？　あ、あぁぁぁぁぁぁぁぁぁぁぁんっ！」,
167800 ,,,<!ef_shasei>,,,704,,,,,,,　快感が、背筋を突き抜け具現化した。お尻から引き抜いたチ○チンは爆発し、ドロッとした白濁をまき散らす。,
167900 ,,,,,,704,,かなみ,かなみ,01kan014_085.wav,かなみ,10101,「あ、あっ……おしりにっ……」,
168000 ,,,,,,704,,,,,,,　白濁が、かなみの真っ白なお尻を一層白く染め上げる。俺はかなみの双丘を中心に押し付けるようにして、射精を続けるチンチ○ンを擦った。,
168100 ,,,,,,704,,かなみ,かなみ,01kan014_086.wav,かなみ,10101,「あ、あん……まだ、びゅるびゅるって……でてる……」,
168200 ,,,,,,704,,隆行,隆行,,,,「は……はぁ……ッ」,
168300 ,,,,,,704,,,,,,,　ワレメに白い水たまりを作って、ようやく射精が止まった。併せて、猛りに猛っていた心も落ち着きを取り戻す。そしてそこに生まれるのは……後悔の念。,
168400 ,,,,,,704,,,,,,,　俺はまた、かなみに溺れてしまった……禁忌なのだと理解しながらも。,
168500 ,,,,,,704,,かなみ,かなみ,01kan014_087.wav,かなみ,10101,「お＜兄＝義兄＞ちゃん、これとめて……これいじょうは、かなみ……」,
168600 ,,,,,,704,,隆行,隆行,,,,「あ、そうだね……ごめん」,
168700 ,,,,,,704,,,,,,,　俺はバタフライのスイッチを切り、かなみから取り外す。その間かなみは小さい子がおしっこをする時のようなポーズで、俺の指を受け入れていた。,
168800 ,,,,,,,,隆行,隆行,,,,「はい、外れたよ」,
168900 ,,,,,,,,かなみ,かなみ,01kan014_088.wav,かなみ,10102,「んーーーーーーー▼」,
169000 ,,,,,,,,,,,かなみ,10102,　かなみが、俺のヒザに頭を預けくる。まどろむような、幸せな表情で。,
169100 ,,,,,,,,かなみ,かなみ,01kan014_089.wav,かなみ,10101,「また、おもいでができちゃったね……ここ」,
169200 ,,,,,,,,隆行,隆行,,かなみ,10101,「あ、そうだな……今の俺たちの」,
169300 ,,,,,,,,かなみ,かなみ,01kan014_090.wav,かなみ,10101,「昔のやさしいお＜兄＝義兄＞ちゃんも大好きだったけど……あのねっ」,
169400 ,,,,,,,,隆行,隆行,,かなみ,10101,「うん？」,
169500 ,,,,,,,,かなみ,かなみ,01kan014_091.wav,かなみ,10102,「かなみ、今のちょっぴりエッチなお＜兄＝義兄＞ちゃんも……だいすきなのっ▼」,
169600 ,,,,,,,,隆行,隆行,,かなみ,10102,「ありがとう……」,
169700 ,,,,,,,,,,,かなみ,10102,　そうとしか言えなかった。まさか、俺も大好きだなんて言えなくて。,
169800 ,,,,,,,,,,,かなみ,10102,　もしそれを言えば、＜兄妹＝義兄妹＞としての関係は完全に瓦解する。でも、俺は心のどこかでそれを望んで……？,
169900 ,,,,,,,,かなみ,かなみ,01kan014_092.wav,かなみ,10101,「かえろっ？　ね」,
170000 ,,,,,,,,隆行,隆行,,,,「うん……」,
170100 ,,,,,9000,,,,,,,,　昔と同じように、俺たちは手をつないで家路につく。しかし、つないだ指から伝わってくる温もりは……安らぎ以上の戸惑いを、俺にもたらしてくる。,
170200 ,,,,,,,,,,,,,　夕焼けを控えた空の色は、いつもより少しだけよどんで見えていた。,
170300 ,$return,,,,,,,,,,,,,
170400 ,&01kan070ha,,,4294967295,9000,,,,,,,,,
170700 ,,,,2,2,,,隆行,隆行,,,,「よっ、かなみ。今日からは最終段階だぞ。気を引き締めて行こうな」,
170800 ,,,,,,,,かなみ,かなみ,01kan015_001.wav,かなみ,10101,「うん、お＜兄＝義兄＞ちゃん……」,
170900 ,,,,,,,,隆行,隆行,,かなみ,10101,「んん？　どうした、なんだか元気がなさそうだな」,
171000 ,,,,,,,,かなみ,かなみ,01kan015_002.wav,かなみ,10105,「べつに……だいじょうぶだもん」,
171100 ,,,,,,,,隆行,隆行,,かなみ,10105,「そうか……？」,
171200 ,,,,,,,,,,,,,　俺はどうも様子がおかしいかなみに首をひねりながら、二階への階段を上っていった。,
171400 ,,,<!ef_move>,,3,,,隆行,隆行,,,,「なあ、かなみ……やっぱり元気がなさそうだぞ」,
171500 ,,,,,,,,かなみ,かなみ,01kan015_003.wav,かなみ,10113,「そ、そんなことないよっ……！」,
171600 ,,,,,,,,,,,かなみ,10113,　なんだ、わかりやすい反応だな……。,
171700 ,,,,,,,,隆行,隆行,,かなみ,10113,「どうした、また座薬でも入れて欲しいのか？」,
171800 ,,,,,,,,かなみ,かなみ,01kan015_004.wav,かなみ,10127,「ちがうよぉっ……！　あ、でもちょっと入れてほしいかも……お＜兄＝義兄＞ちゃんに入れてもらうと、きもちいいし……」,
171900 ,,,,,,,,隆行,隆行,,かなみ,10127,「風邪じゃなかったら、座薬は入れてあげないからな」,
172000 ,,,,,,,,かなみ,かなみ,01kan015_005.wav,かなみ,10119,「ええーっ！？」,
172100 ,,,,,,,,隆行,隆行,,かなみ,10119,「当たり前だろ、薬なんだし」,
172200 ,,,,,,,,かなみ,かなみ,01kan015_006.wav,かなみ,10127,「ぶー」,
172300 ,,,,,,,,,,,かなみ,10127,　うん、少しはいつもの元気が出てきたようだな……。このまま一気に、落胆している理由を聞いてみるか。,
172400 ,,,,,,,,隆行,隆行,,かなみ,10127,「なあ、かなみ……いつものかなみらしい元気がない理由は、なんだ？」,
172500 ,,,,,,,,かなみ,かなみ,01kan015_007.wav,かなみ,10118,「えっ？　そ、それは……」,
172600 ,,,,,,,,かなみ,かなみ,01kan015_008.wav,かなみ,10105,「もうすぐ……せいせきが目標に達しちゃうんでしょ？」,
172700 ,,,,,,,,隆行,隆行,,かなみ,10105,「ああ、そうだな。初級のカリキュラム修了まで、もうすぐだ」,
172800 ,,,,,,,,かなみ,かなみ,01kan015_009.wav,かなみ,10107,「えっとね、それが……」,
172900 ,,,,,,,,隆行,隆行,,かなみ,10107,「嬉しい事じゃないか。最初の頃に比べると、お前の成績は格段に上がってきてるよ」,
173000 ,,,,,,,,かなみ,かなみ,01kan015_010.wav,かなみ,10107,「うん、そうだけど……でも目標に達しちゃったら、その先はどうなるの？」,
173100 ,,,,,,,,隆行,隆行,,かなみ,10107,「先……か」,
173200 ,,,,,,,,,,,かなみ,10107,　その先……俺は初級だけの担当だから、俺の授業はそこでもう終わりになる。,
173300 ,,,,,,,,,,,かなみ,10107,　でも、それをかなみに明言しちゃったら……かなみは、どれだけ落ち込むかわからないな……。,
173400 ,,,,,,,,隆行,隆行,,かなみ,10107,「なあ、それよりもさ。『目標を達成すること』の方が大事だろ……？　ラストスパート、頑張らなきゃ」,
173500 ,,,,,,,,かなみ,かなみ,01kan015_011.wav,かなみ,10101,「うん……そうだね」,
173600 ,,,,,,,,隆行,隆行,,かなみ,10101,「今までより問題が難しくなってるから、気を抜くなよ」,
173700 ,,,,,,,,かなみ,かなみ,01kan015_012.wav,かなみ,10102,「うんっ！」,
173800 ,,,,,,,,,,,かなみ,10102,　修了の日が、いつか来るとわかっていたとは言え……俺としても、やっぱりかなみの授業がなくなるのは寂しい。,
173900 ,,,,,,,,,,,かなみ,10102,　いや……本質は授業じゃない。かなみとの時間がなくなる事の方が、寂しいんだ。,
174000 ,,,,,,,,隆行,隆行,,かなみ,10102,「じゃあ、テキストを開いて……まずは、この問題からだ……」,
174100 ,,,,,,,,,,,かなみ,10102,　問題を解くごとに進む、別れのカウントダウン。,
174200 ,,,,,,,,,,,かなみ,10102,　ここで俺が積極的に教えなければ、別れは遅くなる……かも知れないけど。でもそれは、俺のエゴなんだよな。,
174300 ,,,,,,,,隆行,隆行,,かなみ,10102,「かなみ……解らないところがあったら、どんどん俺に聞いてくれ。遠慮はするなよ」,
174400 ,,,,,,,,かなみ,かなみ,01kan015_013.wav,かなみ,10101,「うん……ありがと、お＜兄＝義兄＞ちゃん」,
174500 ,,,,,,,,,,,かなみ,10101,　俺は雑念を振り払うかのように、かなみの授業に打ち込んだ。,
174700 ,$return,,,,,,,,,,,,,
174800 ,&01kan080h,,<!ef_timepass>,2,3,,,,,,,,,
175100 ,,,,,,,,隆行,隆行,,,,「かなみ……今日までよく頑張ったな。これだけできるようになれば、もう俺から何も言う事はないよ」,
175200 ,,,,,,,,かなみ,かなみ,01kan016_001.wav,かなみ,10102,「うん！　かなみもね、前よりおべんきょうがずーっと楽しくなったんだ」,
175300 ,,,,,,,,隆行,隆行,,かなみ,10102,「いい事だ。その調子で、これからも頑張るんだぞ」,
175400 ,,,,,,,,かなみ,かなみ,01kan016_002.wav,かなみ,10114,「……？　がんばって……って」,
175500 ,,,,,,,,隆行,隆行,,かなみ,10114,「これでもう、俺の授業は終わりなんだよ」,
175600 ,,,,,,,,かなみ,かなみ,01kan016_003.wav,かなみ,10119,「ええっ……！？」,
175700 ,,,,,,,,,,,かなみ,10119,　驚いて顔を上げたかなみに、俺は精一杯ほほえんであげた。,
175800 ,,,,,,,,隆行,隆行,,かなみ,10119,「これからは、他の先生がもっとレベルの高い授業をしてくれるよ」,
175900 ,,,,,,,,かなみ,かなみ,01kan016_004.wav,かなみ,10119,「そんな……お＜兄＝義兄＞ちゃん……」,
176000 ,,,,,,,,隆行,隆行,,かなみ,10119,「まあ、決まってるシステムだからな。もちろん、こんなに早くここまできたのは、かなみが本当によく頑張ったからだよ」,
176100 ,,,,,,,,かなみ,かなみ,01kan016_005.wav,かなみ,10113,「がんばったって言ってくれるの……うれしーけど」,
176200 ,,,,,,,,隆行,隆行,,かなみ,10113,「おめでとう」,
176300 ,,,,,,,,かなみ,かなみ,01kan016_006.wav,かなみ,10106,「お＜兄＝義兄＞ちゃん……」,
176400 ,,,,,,,,,,,かなみ,10106,　全てが規定のラインに則った事。かなみも、いつかこの日が来る事は知っていたハズ。なのにかなみは、浮かない顔のままだ。,
176500 ,,,,,,,,かなみ,かなみ,01kan016_007.wav,かなみ,10101,「お＜兄＝義兄＞ちゃんが、かなみの先生でよかった」,
176600 ,,,,,,,,隆行,隆行,,かなみ,10101,「そう？　だったら、俺も教えた甲斐があったよ。身内だし、緊張感はあんまりなかったけど」,
176700 ,,,,,,,,かなみ,かなみ,01kan016_008.wav,かなみ,10101,「ううん。たくさんいっしょにいられて……とってもうれしかった」,
176800 ,,,,,,,,かなみ,隆行,,かなみ,10101,「俺も楽しかった。って……何も＜今生＝こんじょう＞の別れっていう訳じゃないんだから、そんなにしんみりしなくても」,
176900 ,,,,,,,,かなみ,かなみ,01kan016_010.wav,かなみ,10106,「どうして、そんなにへーきな顔してられるの……？」,
177000 ,,,,,,,,隆行,隆行,,かなみ,10106,「……えっ？」,
177100 ,,,,,,,,かなみ,かなみ,01kan016_011.wav,かなみ,10106,「さびしくないの！？　かなみと、もうあんまりいっしょにいられなくなっちゃうんだよ？」,
177200 ,,,,,,,,隆行,隆行,,かなみ,10106,「そりゃあ、俺も……」,
177300 ,,,,,,,,かなみ,かなみ,01kan016_012.wav,かなみ,10108,「かなみはっ！　お＜兄＝義兄＞ちゃんのこと、前よりもっと……もーっと、すきになっちゃったのに」,
177400 ,,,,,,,,隆行,隆行,,かなみ,10108,「かなみ……」,
177500 ,,,,,,,,かなみ,かなみ,01kan016_013.wav,かなみ,10108,「ぐすっ、ひっく……やだよぉ……」,
177600 ,,,,,,,,,,,かなみ,10108,　大粒の涙が、一粒だけかなみの頬を伝った。一度、激した感情は容易には収まらず、かなみの眉は細かに震え続けていた。,
177700 ,,,,,,,,かなみ,かなみ,01kan016_014.wav,かなみ,10108,「これからもずーっと、かなみのそばにいて……」,
177800 ,,,,,,,,隆行,隆行,,かなみ,10108,「当たり前だよ。俺はかなみの傍にいる。俺たち、＜兄妹＝義兄妹＞なんだからさ」,
177900 ,,,,,,,,かなみ,かなみ,01kan016_015.wav,かなみ,10105,「もう、それじゃあやなの……」,
178000 ,,,,,,,,隆行,隆行,,かなみ,10105,「かなみ、なに言って……」,
178100 ,,,,,,,,かなみ,かなみ,01kan016_016.wav,かなみ,10106,「ただの＜妹＝義妹＞でなんて、もういられないのっ！」,
178200 ,,,,,,,,,,,かなみ,10106,　言うが早いか、かなみは勢い良く俺の胸に飛び込んで来た。俺のシャツを握りしめて、涙まじりの声を上げる。,
178300 ,,,,,,,,かなみ,かなみ,01kan016_017.wav,かなみ,10106,「かなみ、お＜兄＝義兄＞ちゃんの一番になりたい。お＜兄＝義兄＞ちゃんの、『特別』になりたいんだもん……」,
178400 ,,,,,,,,隆行,隆行,,かなみ,10106,「かなみ……」,
178500 ,,,,,,,,かなみ,かなみ,01kan016_018.wav,かなみ,10106,「ねぇ……かなみを、お＜兄＝義兄＞ちゃんのものにして……」,
178600 ,,,,,,,,隆行,隆行,,かなみ,10106,「なっ……！？　かなみ、それはいけない事なんだぞ？　自分が何を言ってるのか、わかってるのか！？」,
178700 ,,,,,,,,かなみ,かなみ,01kan016_019.wav,かなみ,10105,「わかってるよ。かなみ、お＜兄＝義兄＞ちゃんがおもってるほど子供じゃないもん。いっぱいかんがえて……きめたの」,
178800 ,,,,,,,,かなみ,かなみ,01kan016_020.wav,かなみ,10105,「かなみのはじめて、お＜兄＝義兄＞ちゃんにあげるって……」,
178900 ,,,,,,,,隆行,隆行,,かなみ,10105,「いいのか？　その一線を越えたら、俺たちは本当に＜兄妹＝義兄妹＞じゃいられなくなるんだぞ」,
179000 ,,,,,,,,かなみ,かなみ,01kan016_021.wav,かなみ,10105,「うん……」,
179100 ,,,,,,,,,,,かなみ,10105,　かなみのほっぺを撫でていた指に、かなみの手が添えられる。そこから伝わってくるのは、純粋すぎるかなみの想い。,
179200 ,,,,,,,,かなみ,かなみ,01kan016_022.wav,かなみ,10101,「お＜兄＝義兄＞ちゃんは、かなみのたいせつなひと……それは、ずっとかわらないもん。だから、なくしちゃうものなんて……なにもないよ。ね？」,
179300 ,,,,,,,,隆行,隆行,,かなみ,10101,「参ったな……かなみは、俺よりずっと大人なのかもな」,
179400 ,,,,,,,,かなみ,かなみ,01kan016_023.wav,かなみ,10102,「うん……そーでしょ？」,
179500 ,,,,,,,,隆行,隆行,,かなみ,10102,「わかった……降参。俺も白状するよ」,
179600 ,,,,,,,,かなみ,かなみ,01kan016_024.wav,かなみ,10114,「はくじょー……？」,
179700 ,,,,,,,,隆行,隆行,,かなみ,10114,「俺も、かなみが大切だ。この世界の誰よりも大切で……『特別』な女の子なんだよ」,
179800 ,,,,,,,,かなみ,かなみ,01kan016_025.wav,かなみ,10118,「あ……お＜兄＝義兄＞ちゃん……」,
179900 ,,,,,,,,隆行,隆行,,かなみ,10118,「好きだよ、かなみ……」,
180000 ,,,,,,,,かなみ,かなみ,01kan016_026.wav,かなみ,10103,「かなみも……だぁい好き…………▼」,
180100 ,,,,,,,,,,,かなみ,10103,　かなみのあごに手を添えて、上を向かせる。俺の意図をすぐに悟ったかなみは、目を伏せてそっと唇を突き出した。,
180200 ,,,,,,,,かなみ,かなみ,01kan016_027.wav,かなみ,10129,「ぷぁっ、んちゅ……んむっ、ん……ぅん……」,
180300 ,,,,,,,,隆行,隆行,,かなみ,10129,「ぷぁ……かなみ…………っ」,
180400 ,,,,,,,,かなみ,かなみ,01kan016_028.wav,かなみ,10128,「…………あ」,
180500 ,,,,,,,,,,,かなみ,10128,　俺の手が、なだらかな胸の膨らみをなぞる。そろそろ……と目で伝えると、かなみは恥ずかしそうにコクン、とうなずいた。,
180700 ,,,<!pre_ev1>,11,,801,,かなみ,かなみ,01kan016_029.wav,かなみ,10101,「お＜兄＝義兄＞ちゃん、やさしくしてね……。なるべくで、いいから……」,
180800 ,,,,,,801,,隆行,隆行,,,,「たくさん、優しくするよ。大好きなかなみに、恐い思いなんて絶対にさせない」,
180900 ,,,,,,801,,かなみ,かなみ,01kan016_030.wav,かなみ,10101,「やさしいんだ……▼　ん、ちゅ……」,
181000 ,,,,,,801,,,,,,,　軽く触れるだけのキスをして、俺たちはもう一度見つめ合う。,
181100 ,,,,,,801,,隆行,隆行,,,,「さわるよ……かなみ」,
181200 ,,,,,,801,,かなみ,かなみ,01kan016_031.wav,かなみ,10101,「うん……」,
181300 ,,,,,,801,,,,,,,　俺はかなみにのしかかるような体勢を取り、服の上からちいさな胸の膨らみに手を伸ばした。,
181400 ,,,,,,801,,かなみ,かなみ,01kan016_032.wav,かなみ,10101,「ひゃん！　あ……お＜兄＝義兄＞ちゃん、なんだかいつもとちがう……」,
181500 ,,,,,,801,,隆行,隆行,,,,「優しくしてあげるって、約束したから」,
181600 ,,,,,,801,,かなみ,かなみ,01kan016_033.wav,かなみ,10101,「ん……あっ、ぁぁぁぁぁ……」,
181700 ,,,,,,801,,,,,,,　鼻にかかった甘い声が、俺の頬をくすぐるように撫でる。優しく……優しく、掌でカップを包み込む愛撫は、かなみのお気に召したみたいだ。,
181800 ,,,,,,801,,かなみ,かなみ,01kan016_034.wav,かなみ,10101,「あ……へん、なにか……へんなの……」,
181900 ,,,,,,801,,隆行,隆行,,,,「どう、変なの……？」,
182000 ,,,,,,801,,かなみ,かなみ,01kan016_035.wav,かなみ,10101,「んんんっ……はじめてさわられてるみたいに、ドキドキするぅ」,
182100 ,,,,,,801,,隆行,隆行,,,,「うん、わかってるよ。かなみのドキドキ、伝わってくるから」,
182200 ,,,,,,801,,かなみ,かなみ,01kan016_036.wav,かなみ,10101,「はぁぁんっ……もっと、もっとおっぱいさわって。きもちいいの……」,
182300 ,,,,,,801,,隆行,隆行,,,,「いくらでもさわってあげるよ。かなみのおっぱいの手触り、大好きだからさ」,
182400 ,,,,,,801,,かなみ,かなみ,01kan016_037.wav,かなみ,10101,「うれひっ……ん、んん……」,
182500 ,,,,,,801,,,,,,,　俺の指は、なだらかな丘を何度も何度も周回する。ほんの少し堅い、まだ熟れきってない胸の手触りは、驚くほどぴったりと俺の掌に馴染んでいた。,
182600 ,,,,,,801,,かなみ,かなみ,01kan016_038.wav,かなみ,10101,「ちくびも、ちくびもさわってぇ……」,
182700 ,,,,,,801,,隆行,隆行,,,,「乳首？　この辺かな」,
182800 ,,,,,,801,,かなみ,かなみ,01kan016_039.wav,かなみ,10101,「んん……ちがうぅ」,
182900 ,,,,,,801,,隆行,隆行,,,,「さすがに、服の上からじゃよくわからないね」,
183000 ,,,,,,801,,かなみ,かなみ,01kan016_040.wav,かなみ,10101,「じゃあっ……ぬがせてぇ。かなみ、がまんできないの……」,
183100 ,,,,,,801,,隆行,隆行,,,,「わかった。少し、身体起こして……？」,
183200 ,,,,,,801,,かなみ,かなみ,01kan016_041.wav,かなみ,10101,「だっこぉ……」,
183300 ,,,,,,801,,隆行,隆行,,,,「ぷっ……かなみ、そんなに甘えんぼだったっけ」,
183400 ,,,,,,801,,かなみ,かなみ,01kan016_042.wav,かなみ,10101,「今日は、あまえんぼなの……」,
183500 ,,,,,,801,,隆行,隆行,,,,「はいはい」,
183600 ,,,,,,801,,,,,,,　俺の首にかなみが手を回すのを待って、腰を支えて抱き上げる。そのまま俺たちは向かい合うように抱きあって、かなみの服をブラごとずり上げた。,
183800 ,,,,,,802,,かなみ,かなみ,01kan016_043.wav,かなみ,10101,「やんっ……」,
183900 ,,,,,,802,,隆行,隆行,,,,「ダメだよ、手で隠したりしたら。乳首、さわって欲しいんじゃないの」,
184000 ,,,,,,802,,かなみ,かなみ,01kan016_044.wav,かなみ,10101,「うん……さわってほしいけど」,
184100 ,,,,,,802,,隆行,隆行,,,,「ちゃんと見せて……かなみの、可愛い胸」,
184200 ,,,,,,802,,かなみ,かなみ,01kan016_045.wav,かなみ,10101,「で、でも……だって、今日はなんだか……変なんだもん……」,
184300 ,,,,,,802,,,,,,,　かなみ……こんなに恥じらっちゃって。これじゃ、俺まで変に意識しちゃうよ。いや、こんな時こそ男として＜兄＝義兄＞として、俺がリードしてあげないと。,
184400 ,,,,,,802,,隆行,隆行,,,,「そんな、聞き分けのないこと言ってると……こうだ！」,
184500 ,,,,,,802,,かなみ,かなみ,01kan016_046.wav,かなみ,10101,「あっ！？　ああんっ……」,
184600 ,,,,,,802,,,,,,,　俺はかなみの手を半ば無理矢理に押さえつけて、薄く色づいたピンク色の乳首に舌を伸ばした。,
184700 ,,,,,,802,,かなみ,かなみ,01kan016_047.wav,かなみ,10101,「あ、あぁぁ……んっ、お＜兄＝義兄＞ちゃんの舌が……は、はぅぅ……」,
184800 ,,,,,,802,,隆行,隆行,,,,「ん……ちゅーーッ」,
184900 ,,,,,,802,,かなみ,かなみ,01kan016_048.wav,かなみ,10101,「ん……赤ちゃんみたい。そんなの、かなみ……おっぱいでないのにぃ」,
185000 ,,,,,,802,,隆行,隆行,,,,「美味しいんだから、いいの。もっと吸っちゃお」,
185100 ,,,,,,802,,かなみ,かなみ,01kan016_049.wav,かなみ,10101,「あ、あぁんっ……」,
185200 ,,,,,,802,,,,,,,　汗の味がする乳首は、俺の愛撫に悦んで、みるみるうちに堅くとがった。,
185300 ,,,,,,802,,かなみ,かなみ,01kan016_050.wav,かなみ,10101,「あ、もっと……ちゅーってして。ん、んぁ……あ、こっちの方もぉ……」,
185400 ,,,,,,802,,隆行,隆行,,,,「ん……」,
185500 ,,,,,,802,,かなみ,かなみ,01kan016_051.wav,かなみ,10101,「はぁん！　いい、いいよぉ……」,
185600 ,,,,,,802,,,,,,,　押さえていた手を離しても、もうかなみは胸を隠そうなどとはしなかった。おかげで手持ちぶさたになってしまった手は、かなみのパンツに滑り込ませる事にする。,
185700 ,,,,,,802,,かなみ,かなみ,01kan016_052.wav,かなみ,10101,「あぁ……ッ！」,
185800 ,,,,,,802,,,,,,,　予想通りに、ぐっしょりと濡れていたそこは……微かに触れただけでも潤いを強め、むわっとした熱を放って俺の手を包み込んだ。,
185900 ,,,,,,802,,かなみ,かなみ,01kan016_053.wav,かなみ,10101,「やぁん、エッチな音－……んっ、やぁ……やっ！」,
186000 ,,,,,,802,,隆行,隆行,,,,「んっ……ちゅ、かなみの乳首とクリトリス……触り心地似てるかも」,
186100 ,,,,,,802,,かなみ,かなみ,01kan016_054.wav,かなみ,10101,「そ、そんなの言われてもわかんないぃ……」,
186200 ,,,,,,802,,隆行,隆行,,,,「どっちが気持ちいい？」,
186300 ,,,,,,802,,かなみ,かなみ,01kan016_055.wav,かなみ,10101,「ん……りょーほう」,
186400 ,,,,,,802,,隆行,隆行,,,,「じゃあ、どっちもしてあげる」,
186500 ,,,,,,802,,かなみ,かなみ,01kan016_056.wav,かなみ,10101,「あ、あんっ！　ん、はっ……あ、あぅ……」,
186600 ,,,,,,802,,隆行,隆行,,,,「凄い……かなみの中から、おツユがどんどんあふれてくるよ」,
186700 ,,,,,,802,,かなみ,かなみ,01kan016_057.wav,かなみ,10101,「ん……ふぁ、は……はん、はんっ……。そんなにしたら、かなみ……イッちゃう。まだ、はじめてあげてないのに……イッちゃうよぉ……」,
186800 ,,,,,,802,,隆行,隆行,,,,「いいよ……まだ時間はたっぷりあるんだから。まずは、気持ちよくなって」,
186900 ,,,,,,802,,かなみ,かなみ,01kan016_058.wav,かなみ,10101,「いいのっ？　あ、はぁ……お＜兄＝義兄＞ちゃんのゆびで、イッちゃっていいの」,
187000 ,,,,,,802,,隆行,隆行,,,,「いいよ……イッて。かなみのイクとこ、ちゃんと見てるから」,
187100 ,,,,,,802,,,,,,,　クリトリスを指で押し潰し、乳首を吸う。俺の責めに応えて嬌声を上げるかなみは、俺だけの……良質な楽器のように思えて。俺は思うさまに、かなみをかき鳴らした。,
187200 ,,,,,,802,,かなみ,かなみ,01kan016_059.wav,かなみ,10101,「イク……イクっ、かなみ……も、もうっ……あ、あっ……あああっ！？」,
187300 ,,,,,,802,,隆行,隆行,,,,「あ……っ！」,
187400 ,,,,,,802,,かなみ,かなみ,01kan016_060.wav,かなみ,10101,「あ、ああっ、あぁぁ～～～～～～～んっ！」,
187600 ,,,<!ef_shasei>,,,803,,,,,,,　掌に、なま暖かい……ある意味慣れ親しんだ奔流がぶち当たる。その勢いはとどまることを知らず、シーツに大きな地図を描いた。,
187700 ,,,,,,803,,かなみ,かなみ,01kan016_061.wav,かなみ,10101,「は……はぁ、あ……やっちゃった」,
187800 ,,,,,,803,,隆行,隆行,,,,「久しぶりに見たなぁ、かなみのお漏らし」,
187900 ,,,,,,803,,かなみ,かなみ,01kan016_062.wav,かなみ,10101,「うん……」,
188000 ,,,,,,803,,隆行,隆行,,,,「そんなに、気持ちよかったの？」,
188100 ,,,,,,803,,,,,,,　小さくうなずいて俺を見上げるかなみは、叱られるのを待つ子供の顔をしていた。俺は『安心して』とばかりに頭を撫でて、おでこに軽くキスをする。,
188200 ,,,,,,803,,隆行,隆行,,,,「まったく、まだまだ子供なんだから」,
188300 ,,,,,,803,,かなみ,かなみ,01kan016_063.wav,かなみ,10101,「あ、ひどぉい！」,
188400 ,,,,,,803,,隆行,隆行,,,,「はは……だから、これからも面倒見てあげないとって思ってたとこ。嫌？」,
188500 ,,,,,,803,,かなみ,かなみ,01kan016_064.wav,かなみ,10101,「……ううん」,
188600 ,,,,,,803,,,,,,,　はにかんだ笑顔を浮かべて、かなみは自ら再びベッドに横たわった。,
188700 ,,,,,,803,,かなみ,かなみ,01kan016_065.wav,かなみ,10101,「めんどう、みてくれるんでしょ？　はやく、して……」,
188800 ,,,,,,803,,隆行,隆行,,,,「え、もう？　さっきイッたばっかりなのに」,
188900 ,,,,,,803,,かなみ,かなみ,01kan016_066.wav,かなみ,10101,「かなみのここ、まだ……あついままなの」,
189000 ,,,,,,803,,隆行,隆行,,,,「……そっか」,
189100 ,,,,,,803,,かなみ,かなみ,01kan016_067.wav,かなみ,10101,「かなみ、もうまちきれない……お＜兄＝義兄＞ちゃんが……ほしい」,
189300 ,,,<!pre_ev1>,,,901,,,,,,,　何度、この瞬間を夢に見たかな……。,
189400 ,,,,,,901,,かなみ,かなみ,01kan016_068.wav,かなみ,10101,「あっ！？　あ、あぁぁぁぁぁ……」,
189500 ,,,,,,901,,,,,,,　先走り汁をしたたらせたチ○チンが、悦び勇んでかなみのアソコに潜り込む。みちみちとチ○チンの行く手を阻もうとする肉壁を押し分けるように、俺は腰を進めていく。,
189600 ,,,,,,901,,かなみ,かなみ,01kan016_069.wav,かなみ,10101,「あ、あんっ……ん、ん～～～～～～ッ！　はうっ！」,
189700 ,,,,,,901,,隆行,隆行,,,,「つぅ……ッ！　か、かなみ……」,
189800 ,,,,,,901,,,,,,,　かなみの指が、俺の背中を掻きむしる。その鈍い痛みは、甘受した。,
189900 ,,,,,,901,,かなみ,かなみ,01kan016_070.wav,かなみ,10101,「あ、あぁぁんっ！」,
190000 ,,,,,,901,,,,,,,　そしてついに……俺のチ○チンがかなみの処女膜を押し広げた時……ぷつ、という破瓜の音が聞こえたような気がした。,
190100 ,,,,,,901,,かなみ,かなみ,01kan016_071.wav,かなみ,10101,「はぁっ……はぁ、はぁ……はぁっ……はいった？　お＜兄＝義兄＞ちゃん、はいったの……？」,
190200 ,,,,,,901,,隆行,隆行,,,,「うん。入った……感じない？」,
190300 ,,,,,,901,,かなみ,かなみ,01kan016_072.wav,かなみ,10101,「じんじんして、よく……あ、ううん？　わかる、お＜兄＝義兄＞ちゃんのがピクピクしてる……すごくよくわかる」,
190400 ,,,,,,901,,隆行,隆行,,,,「かなみのはね、すごくキツいよ……。それにね、すごくあったかい」,
190500 ,,,,,,901,,かなみ,かなみ,01kan016_073.wav,かなみ,10101,「お＜兄＝義兄＞ちゃんっ、どぉ？　かなみのおま○こ、きもちいぃ……？」,
190600 ,,,,,,901,,隆行,隆行,,,,「いいよ……凄くいい。トロトロに熱くて……吸い付いてくるよ」,
190700 ,,,,,,901,,かなみ,かなみ,01kan016_074.wav,かなみ,10101,「かなみも、ね……きもちいいのぉ……」,
190800 ,,,,,,901,,隆行,隆行,,,,「痛くない？」,
190900 ,,,,,,901,,かなみ,かなみ,01kan016_075.wav,かなみ,10101,「いたぎもちいい……。ぴりぴりってするけど、じわーっとね……お＜兄＝義兄＞ちゃんのあったかさが、おなかにひろがってくるの……」,
191000 ,,,,,,901,,隆行,隆行,,,,「かなみ……動くよ？」,
191100 ,,,,,,901,,かなみ,かなみ,01kan016_076.wav,かなみ,10101,「いいよぉっ……して。かなみのあそこ、かきまわして……」,
191200 ,,,,,,901,,隆行,隆行,,,,「うん……っ！」,
191300 ,,,,,,901,,かなみ,かなみ,01kan016_077.wav,かなみ,10101,「あっ！？　い……いた、あ、あんっ……ん、うぅぅ……っ、はうっ！」,
191400 ,,,,,,901,,,,,,,　お互いの口から漏れる喘ぎともつかない吐息が、二人が交わる水音をうち消した。ちらりとシーツに視線を送ると、赤いシミが拡がっている。,
191500 ,,,,,,901,,,,,,,　網膜を焼く純潔の証に、俺はますます高ぶってしまう。,
191600 ,,,,,,901,,隆行,隆行,,,,「かなみ……あぁっ、かなみ……かなみぃ！」,
191700 ,,,,,,901,,かなみ,かなみ,01kan016_078.wav,かなみ,10101,「あぁ……お＜兄＝義兄＞ちゃん、すき……だいすきぃ……」,
191800 ,,,,,,901,,隆行,隆行,,,,「俺もだっ！　かなみ、好きだ……」,
191900 ,,,,,,901,,かなみ,かなみ,01kan016_079.wav,かなみ,10101,「だいすき……だいすきなのぉ……」,
192000 ,,,,,,901,,隆行,隆行,,,,「聞こえてる。かなみ……俺も、俺も大好きだよ」,
192100 ,,,,,,901,,かなみ,かなみ,01kan016_080.wav,かなみ,10101,「なんろも、いいたいのぉ……今までいえなかったぶん……いっぱい。だいすきって、つたえたい」,
192200 ,,,,,,901,,隆行,隆行,,,,「伝わってる……伝わってるから」,
192300 ,,,,,,901,,かなみ,かなみ,01kan016_081.wav,かなみ,10101,「うれひ……ん、んんっ！？　あ、あん……あ、はぁ……」,
192400 ,,,,,,901,,,,,,,　お尻よりずっとヌルヌルしてて、温かくて……居心地のいいかなみの膣。この感触に魅了される。,
192500 ,,,,,,901,,かなみ,かなみ,01kan016_082.wav,かなみ,10101,「は、はぁんっ！　お＜兄＝義兄＞ちゃん、はげし……んっ、んん……！！」,
192600 ,,,,,,901,,,,,,,　一定のペースを守ろうという意識もどこか遠くに飛んでしまい、今の俺はひたすら激しく、メチャクチャにかなみの中を行き交うだけの獣だった。,
192700 ,,,,,,901,,かなみ,かなみ,01kan016_083.wav,かなみ,10101,「お＜兄＝義兄＞ちゃんの、おち○ちん……ぴくぴくってしてる……あ、あぁ……」,
192800 ,,,,,,901,,隆行,隆行,,,,「かなみのおま○こが、よすぎるからだよ？　だから、俺……止まれなくて」,
192900 ,,,,,,901,,かなみ,かなみ,01kan016_084.wav,かなみ,10101,「いいよ、して……いっぱい、お＜兄＝義兄＞ちゃんがすきなようにしていいの」,
193000 ,,,,,,901,,隆行,隆行,,,,「あ、ああっ……ん、絞られるっ……たまらないよっ！」,
193100 ,,,,,,901,,かなみ,かなみ,01kan016_085.wav,かなみ,10101,「かなみだけのだよ？　お＜兄＝義兄＞ちゃんのおち○ちん、かなみのおま○こにだけいれてぇ……」,
193200 ,,,,,,901,,隆行,隆行,,,,「うん……うんっ！」,
193300 ,,,,,,901,,かなみ,かなみ,01kan016_086.wav,かなみ,10101,「かなみになら、いつでも……お＜兄＝義兄＞ちゃんのしたいときに、していいから……」,
193400 ,,,,,,901,,隆行,隆行,,,,「いっぱい？　いつでも……？」,
193500 ,,,,,,901,,かなみ,かなみ,01kan016_087.wav,かなみ,10101,「ん……いつでも、いっひょに……ん、きもちよくぅ……っ！」,
193600 ,,,,,,901,,隆行,隆行,,,,「うん……ずっと、一緒に……」,
193700 ,,,,,,901,,かなみ,かなみ,01kan016_088.wav,かなみ,10101,「は、はぁっ……は、はぅぅっ……ん！」,
193800 ,,,,,,901,,,,,,,　喘ぎ混じりに誓い合い、俺たちはのぼりつめていく。かつて経験した事のない絶頂へと。,
193900 ,,,,,,901,,かなみ,かなみ,01kan016_089.wav,かなみ,10101,「かなみ、また……イッちゃう。お＜兄＝義兄＞ちゃんのおち○ちんで、イカされちゃうの」,
194000 ,,,,,,901,,隆行,隆行,,,,「おあいこだよっ！　俺も、かなみのおま○こでイクっ。イカされる……」,
194100 ,,,,,,901,,かなみ,かなみ,01kan016_090.wav,かなみ,10101,「しゃーわせなの……。ねぇ、いいでしょ？　イッて……お＜兄＝義兄＞ちゃんといっしょに、イッていいれしょーぉ……」,
194200 ,,,,,,901,,隆行,隆行,,,,「いいよ、イこう……一緒に。一緒にっ……！」,
194300 ,,,,,,901,,かなみ,かなみ,01kan016_091.wav,かなみ,10101,「あぁっ、おにーひゃん……ん、らいすきっ……ん、んっ……んは！？」,
194400 ,,,,,,901,,,,,,,　ぐっ……と、かなみの最深部にチ○チンを突き込む……その瞬間、頭の中で火花が弾けた。,
194500 ,,,,,,901,,隆行,隆行,,,,「く……かなみぃ……っ！」,
194600 ,,,,,,901,,かなみ,かなみ,01kan016_092.wav,かなみ,10101,「んんんんっ、お、お＜にい＝義兄＞ひゃぁーーーーーーーんっ！」,
194800 ,,,<!ef_shasei>,,,902,,かなみ,かなみ,01kan016_093.wav,かなみ,10101,「はっ、はっ……はああっ……」,
194900 ,,,,,,902,,,,,,,　サラサラしたかなみのおしっこが、白濁と混じって俺の股間を濡らす。,
195000 ,,,,,,902,,かなみ,かなみ,01kan016_094.wav,かなみ,10101,「お＜兄＝義兄＞ちゃぁん……また、おもらししちゃったぁ……」,
195100 ,,,,,,902,,隆行,隆行,,,,「まったく……いけない子だね。おしおきするぞ」,
195200 ,,,,,,902,,かなみ,かなみ,01kan016_095.wav,かなみ,10101,「どんな……？」,
195300 ,,,,,,902,,隆行,隆行,,,,「……こんな」,
195400 ,,,,,,902,,かなみ,かなみ,01kan016_096.wav,かなみ,10101,「ん！？　ん、んんん……ちゅっ、ん……」,
195500 ,,,,,,902,,,,,,,　お互いの唾液を混ぜ合わせ、舌を絡める。夢中で唇を吸い合いながら、俺たちはぴったりと身体を寄せ合った。どこか＜気怠＝けだる＞い……幸せな絶頂感に包まれて。,
195600 ,,,,,,902,,かなみ,かなみ,01kan016_097.wav,かなみ,10101,「ねぇ……もういっかい、言って。……だいすきって」,
195700 ,,,,,,902,,隆行,隆行,,,,「大好きだよ」,
195800 ,,,,,,902,,かなみ,かなみ,01kan016_098.wav,かなみ,10101,「かなみも……だいすきだよ」,
195900 ,,,,,,902,,,,,,,　今は、それだけでいいと素直に思えた。この瞬間、この幸せを共有している事だけで。,
196000 ,,,,,,902,,,,,,,　俺たちは、前に進めると思えた。,
196100 ,"$if %%memory%%,==,1,$return",,,,,,,,,,,,,
196200 ,*01kan090ed,,<!ef_ending_timepass>,4294967295,9001,,,,,,,,,
196500 ,,,,1,2,,,,,,,,　いつも通りにバイトを終えて、我が家の門をくぐる。,
196600 ,,,,,,,,隆行,隆行,,,,「ただいまーーー」,
196700 ,,,,,,,,かなみ,かなみ,01kan017_001.wav,かなみ,10102,「お＜兄＝義兄＞ちゃん、おかえり～」,
196800 ,,,,,,,,隆行,隆行,,かなみ,10102,「ん、ただいま」,
196900 ,,,,,,,,,,,かなみ,10102,　リビングから飛び出してきて、『おかえり』を言ってくれる＜妹＝義妹＞の存在……そう特別な事ではないのに、毎日嬉しくなってしまう。,
197000 ,,,,,,,,かなみ,かなみ,01kan017_002.wav,かなみ,10102,「今日は、どこいってたの？　何か、おもしろいことあった？」,
197100 ,,,,,,,,隆行,隆行,,かなみ,10102,「面白い事なんて、そう毎日もないってば」,
197200 ,,,,,,,,かなみ,かなみ,01kan017_003.wav,かなみ,10120,「うそぉー、ニコニコしてるもん。なにか、かなみにかくしてるでしょ」,
197300 ,,,,,,,,隆行,隆行,,かなみ,10120,「そんなことないよ、言いがかりだって……！」,
197400 ,,,,,,,,かなみ,かなみ,01kan017_004.wav,かなみ,10102,「あ、わかった。かなみに言えない『いいこと』あったんでしょっ……！？」,
197500 ,,,,,,,,隆行,隆行,,かなみ,10102,「おい、それくらいは信じてくれよ……ないよ、絶対。神に誓って」,
197600 ,,,,,,,,かなみ,かなみ,01kan017_005.wav,かなみ,10102,「……えへっ▼　しょーがないな、しんじてあげちゃう」,
197700 ,,,,,,,,,,,かなみ,10102,　じゃれて腕にしがみついてくるかなみと、肩を並べて部屋に向かう。,
197800 ,,,,,,,,かなみ,かなみ,01kan017_006.wav,かなみ,10115,「今日も、お＜兄＝義兄＞ちゃんのおへや……あそびにいくね」,
197900 ,,,,,,,,,,,かなみ,10115,　艶っぽいささやきに、うなずく俺。,
198000 ,,,,,,,,,,,かなみ,10115,　俺たちの関係は、普通の「＜兄妹＝義兄妹＞」とは違う形で深まっていく。自分で決めた事なのに……たまに、不安になる。,
198100 ,,,,,,,,,,,かなみ,10115,　幸せは、幸せなんだけどさ。,
198300 ,,,<!pre_ev1>,12,,7101,,かなみ,かなみ,01kan017_007.wav,かなみ,10101,「ねーえっ、お＜兄＝義兄＞ちゃん▼」,
198400 ,,,,,,7101,,隆行,隆行,,,,「はいはい、どうしたの」,
198500 ,,,,,,7101,,かなみ,かなみ,01kan017_008.wav,かなみ,10101,「こんどのにちようび、ごよーあるぅ？　かなみ、おでかけしたい」,
198600 ,,,,,,7101,,,,,,,　俺のほっぺにほっぺをくっつける、おねだりモードでかなみは言い出した。ぷにぷにしたこの感触に、いつも俺は陥落しっぱなし……いかんぞ、今日くらいは。,
198700 ,,,,,,7101,,隆行,隆行,,,,「……どこに行きたいの？　またプール？」,
198800 ,,,,,,7101,,,,,,,　嗚呼……何度決心しても、どうしても強く言えないんだよなあ……。,
198900 ,,,,,,7101,,かなみ,かなみ,01kan017_009.wav,かなみ,10101,「ううん……プールでこっそり、エッチするのもきもちよかったけど……」,
199000 ,,,,,,7101,,隆行,隆行,,,,「こ、こらっ！　そこまで俺は言ってない……」,
199100 ,,,,,,7101,,かなみ,かなみ,01kan017_010.wav,かなみ,10101,「んふ▼　こんどはね、リスえんに行ってみたいの。クラスのおともだちが、行ってきたんだって」,
199200 ,,,,,,7101,,隆行,隆行,,,,「リス園？　うーん、どうかな……遠いよ」,
199300 ,,,,,,7101,,かなみ,かなみ,01kan017_011.wav,かなみ,10101,「いいでしょ？　……そこでエッチ、させてあげるから」,
199400 ,,,,,,7101,,隆行,隆行,,,,「ぶはっ……！？」,
199500 ,,,,,,7101,,かなみ,かなみ,01kan017_012.wav,かなみ,10101,「あ……そんなことしたら、リスさんに見られちゃうかな。でもっ、それはそれで……きもちよかったりして」,
199600 ,,,,,,7101,,,,,,,　可愛らしくほっぺを染めている割に、とんでもない事を言い出すかなみ。この成長を喜ぶべきか、悲しむべきか……複雑だ。,
199700 ,,,,,,7101,,隆行,隆行,,,,「勉強も、ちゃんとしないとダメだぞ？」,
199800 ,,,,,,7101,,かなみ,かなみ,01kan017_013.wav,かなみ,10101,「してるでしょ♪　いっちばん、たいせつなおべんきょう」,
199900 ,,,,,,7101,,隆行,隆行,,,,「いーやっ、かなみは最近お勉強をおろそかにしてる。ちゃんと、受け持ちの先生から聞いてきたんだからね」,
200000 ,,,,,,7101,,かなみ,かなみ,01kan017_014.wav,かなみ,10101,「ほかのおべんきょうで、いそがしいのぉ……」,
200100 ,,,,,,7101,,隆行,隆行,,,,「他の？」,
200200 ,,,,,,7101,,かなみ,かなみ,01kan017_015.wav,かなみ,10101,「大好きな人の、きもちいーことや、すきなこと……いくらおべんきょーしても、したりないのっ▼」,
200300 ,,,,,,7101,,隆行,隆行,,,,「そ、それって……」,
200400 ,,,,,,7101,,かなみ,かなみ,01kan017_016.wav,かなみ,10101,「かなみにちゃんとおしえてね？　お＜兄＝義兄＞ちゃん」,
200500 ,,,,,,7101,,,,,,,　いつの間にか、俺の方が手玉に取られてるような気がする……。,
200600 ,,,,,,7101,,,,,,,　それもいいのかな？　と、最近では思っている。俺たちの関係はこの先、様々な障害が出てくるだろう……だからと言って、そのたびに落ち込むようでは未来なんてない。,
200700 ,,,,,,7101,,,,,,,　俺もかなみくらい、明るく今を楽しもう……そう思っていた。,
200800 ,,,,,,7101,,隆行,隆行,,,,「いいよ、行こうか。俺、車借りてくる」,
200900 ,,,,,,7101,,かなみ,かなみ,01kan017_017.wav,かなみ,10101,「やった▼　こんしゅうのにちよーは、おそとでいっぱいエッチだねっ」,
201000 ,,,,,,7101,,隆行,隆行,,,,「こらっ！」,
201100 ,,,,,,7101,,かなみ,かなみ,01kan017_018.wav,かなみ,10101,「やん……あ、でも……その前に」,
201200 ,,,,,,7101,,,,,,,　と、かなみはイタズラっぽい笑顔を浮かべる。,
201300 ,,,,,,7101,,かなみ,かなみ,01kan017_019.wav,かなみ,10101,「今も▼　ね……」,
201400 ,,,,,,7101,,隆行,隆行,,,,「かなみ……」,
201500 ,,,,,,7101,,かなみ,かなみ,01kan017_020.wav,かなみ,10101,「ん……」,
201600 ,,,,,,7101,,,,,,,　俺のヒザにお尻を乗せてきたかなみを、後ろから抱き締めてキスをする。あとはお決まりの……何度繰り返しても飽きなんてこない、幸せな時間。,
201700 ,,,,,,7101,,,,,,,　こんな調子で今日が終わり……明日もきっと、そうなんだろう。,
201800 ,,,,,,7101,,,,,,,　＜兄＝義兄＞と＜妹＝義妹＞、そして恋人……そんな関係をいちいち深く考えなくても、俺たちはうまくやっていける。,
201900 ,,,,,,7101,,かなみ,かなみ,01kan017_021.wav,かなみ,10101,「きて……お＜兄＝義兄＞ちゃん▼」,
202000 ,,,,,,7101,,,,,,,　何よりも大切なかなみが、俺の傍にいてくれさえすれば。,
202090 ,,,<!ef_ending_fade>,,9001,,,,,,,,,
202097 ,,,<wait 1000>,,,,,,,,,,,
202098 ,,,"<m_fade 0,2000>",4294967295,,,,,,,,,,
202099 ,,,<wait 1000>,,,,,,,,,,,
202100 ,$exit kanami,,,,,,,,,,,,,
202200 ,&01kan210ds,,,4294967295,9000,,,,,,,,,
202500 ,,,,2,2,,,隆行,隆行,,,,「さて……かなみは元気にしてるかな？」,
202600 ,,,,,,,,かなみ,かなみ,01kan018_001.wav,かなみ,10101,「あっ、お＜兄＝義兄＞ちゃん。いらっしゃ～い」,
202700 ,,,,,,,,隆行,隆行,,かなみ,10101,「自宅へ入るのに『いらっしゃい』と言われるのも、なんだか妙な感じだな」,
202800 ,,,,,,,,かなみ,かなみ,01kan018_002.wav,かなみ,10127,「お＜兄＝義兄＞ちゃんが、ひとりぐらしで出て行っちゃうからだよぉ……」,
202900 ,,,,,,,,隆行,隆行,,かなみ,10127,「う、うん……まあ……」,
203100 ,,,<!ef_move>,,3,,,隆行,隆行,,,,「さて、授業を始めるかな」,
203200 ,,,,,,,,かなみ,かなみ,01kan018_003.wav,かなみ,10102,「はーいっ。んっと」,
203300 ,,,,,,,,隆行,隆行,,かなみ,10102,「お、おい……あんまりくっついてくるなって……！」,
203500 ,$return,,,,,,,,,,,,,
203600 ,&01kan220ds,,,4294967295,9000,,,,,,,,,
203900 ,,,,2,2,,,かなみ,かなみ,01kan019_001.wav,かなみ,10101,「お＜兄＝義兄＞ちゃん、待ってたよっ！」,
204000 ,,,,,,,,隆行,隆行,,かなみ,10101,「ああ、お待たせ」,
204100 ,,,,,,,,かなみ,かなみ,01kan019_002.wav,かなみ,10102,「はやくはやく～」,
204200 ,,,,,,,,,,,,,　俺はかなみに引っ張られるまま、自宅の門をくぐった。,
204400 ,,,<!ef_move>,,3,,,隆行,隆行,,,,「それじゃ、今日も頑張って始めるか」,
204500 ,,,,,,,,かなみ,かなみ,01kan019_003.wav,かなみ,10103,「うん。かなみ、ごほうび目指してがんばるっ！」,
204600 ,,,,,,,,隆行,隆行,,かなみ,10103,「動機が不純だなあ……」,
204800 ,$return,,,,,,,,,,,,,
204900 ,&01kan230ds,,,4294967295,9000,,,,,,,,,
205200 ,,,,2,2,,,隆行,隆行,,,,「あっ、しまった……家のカギを忘れたか」,
205300 ,,,,,,,,,,,,,　これで何度目になるだろう。自宅のカギなんて普段持ち歩かないから、つい忘れちゃうんだよな……。,
205400 ,,,,,,,,隆行,隆行,,,,「かなみに中から開けてもらうか。自宅のインターホンを自分で使うのって、なんだかマヌケだけど……」,
205590 ,,,<!se_chime_ext>,,,,,,,,,,,
205600 ,,,<wait 1500>,,,,,かなみ,かなみ,01kan020_001.wav,,,「は、はい……どなたさまですか？」,
205800 ,,,,,,,,隆行,隆行,,,,「俺だよ、かなみ。カギ忘れちゃったんで、玄関開けてくれるか？」,
205900 ,,,,,,,,かなみ,かなみ,01kan020_002.wav,,,「あっ、お＜兄＝義兄＞ちゃんっ！？　んもう、バカなんだから～。かなみが開けてあげるから、ちょっと待っててねっ」,
206100 ,,,,,,,,,,,,,　なんだ、今の落差は……俺だとわかった途端、急に居丈高になったぞ……。,
206290 ,,,<!se_door_home_open>,,,,,,,,,,,
206300 ,,,<wait 1500>,,,,,かなみ,かなみ,01kan020_003.wav,かなみ,10108,「お＜兄＝義兄＞ちゃん、またカギ忘れたの～？　ホントにおっちょこちょいなんだからぁ」,
206400 ,,,,,,,,隆行,隆行,,かなみ,10108,「お前が言うか……。インターホンで俺だとわかる前は、おっかなびっくりでよそ行きの声を出してたくせに」,
206500 ,,,,,,,,かなみ,かなみ,01kan020_004.wav,かなみ,10119,「うっ、それは………………んもう、早く勉強するのっ！　上がってよぉっ」,
206600 ,,,,,,,,隆行,隆行,,かなみ,10119,「はいはい」,
206800 ,,,<!ef_move>,,3,,,隆行,隆行,,,,「よし、気を取り直して始めるか」,
206900 ,,,,,,,,かなみ,かなみ,01kan020_005.wav,かなみ,10101,「うん。今日もしっかりおしえてね、お＜兄＝義兄＞ちゃん」,
207000 ,,,,,,,,隆行,隆行,,かなみ,10101,「あいよっ」,
207200 ,$return,,,,,,,,,,,,,
207300 ,&01kan240ds,,,4294967295,9000,,,,,,,,,
207600 ,,,,2,2,,,,,,,,　ん？　家の前にいるのは……。,
207700 ,,,,,,,,隆行,隆行,,,,「……かなみっ！」,
207800 ,,,,,,,,かなみ,かなみ,01kan021_001.wav,かなみ,10103,「あっ、お＜兄＝義兄＞ちゃん。へへ、ギリギリセーフ！」,
207900 ,,,,,,,,隆行,隆行,,かなみ,10103,「今帰ってきたのか？」,
208000 ,,,,,,,,かなみ,かなみ,01kan021_002.wav,かなみ,10101,「ちょっとぶんぼうぐ屋さんに行ってたの」,
208100 ,,,,,,,,隆行,隆行,,かなみ,10101,「なんかいいもんあったか？」,
208200 ,,,,,,,,かなみ,かなみ,01kan021_003.wav,かなみ,10102,「うん、かわいいノートがあったから買ってきちゃった」,
208300 ,,,,,,,,隆行,隆行,,かなみ,10102,「それで勉強がはかどるならいいんだけどな」,
208400 ,,,,,,,,かなみ,かなみ,01kan021_004.wav,かなみ,10127,「ぶーっ！　お＜兄＝義兄＞ちゃんはすぐそーゆーいじわる言うっ」,
208500 ,,,,,,,,隆行,隆行,,かなみ,10127,「ははは、ほら、入った入った。さっそく勉強するぞ」,
208600 ,,,,,,,,かなみ,かなみ,01kan021_005.wav,かなみ,10108,「はーい」,
208690 ,,,<!ef_move>,,3,,,,,,,,,
208800 ,$return,,,,,,,,,,,,,
208900 ,&01kan250ds,,,4294967295,9000,,,,,,,,,
209200 ,,,,2,2,,,,,,,,　ん？　家の前にいるのは……。,
209300 ,,,,,,,,隆行,隆行,,,,「……かなみっ！」,
209400 ,,,,,,,,かなみ,かなみ,01kan022_001.wav,かなみ,10103,「あっ、お＜兄＝義兄＞ちゃん。へへ、ギリギリセーフ！」,
209500 ,,,,,,,,隆行,隆行,,かなみ,10103,「今帰ってきたのか？」,
209600 ,,,,,,,,かなみ,かなみ,01kan022_002.wav,かなみ,10101,「ちょっと本屋さんに行ってたの」,
209700 ,,,,,,,,隆行,隆行,,かなみ,10101,「かなみはどんな本読むんだ？」,
209800 ,,,,,,,,,,,かなみ,10101,　ヒョイ。,
209900 ,,,,,,,,かなみ,かなみ,01kan022_003.wav,かなみ,10119,「あっダメっ！　見ちゃダメ！」,
210000 ,,,,,,,,隆行,隆行,,かなみ,10119,「……『週刊・猫のメモ帳』？　かなみ、猫好きだったんだ」,
210100 ,,,,,,,,かなみ,かなみ,01kan022_004.wav,かなみ,10127,「ううー。いいじゃないべつにぃ……」,
210200 ,,,,,,,,隆行,隆行,,かなみ,10127,「悪いなんて言ってないよ。かわいいじゃん、ねこ」,
210300 ,,,,,,,,かなみ,かなみ,01kan022_005.wav,かなみ,10118,「か、かわいい？」,
210400 ,,,,,,,,隆行,隆行,,かなみ,10118,「いや、あの、猫が……な」,
210500 ,,,,,,,,かなみ,かなみ,01kan022_006.wav,かなみ,10102,「かわいい……」,
210600 ,,,,,,,,隆行,隆行,,かなみ,10102,「おーい」,
210690 ,,,<!ef_move>,,3,,,,,,,,,
210800 ,$return,,,,,,,,,,,,,
210900 ,&01kan260ds,,,4294967295,9000,,,,,,,,,
211200 ,,,,2,2,,,,,,,,　ん？　家の前にいるのは……。,
211300 ,,,,,,,,隆行,隆行,,,,「……かなみっ！」,
211400 ,,,,,,,,かなみ,かなみ,01kan023_001.wav,かなみ,10103,「あっ、お＜兄＝義兄＞ちゃん。へへ、ギリギリセーフ！」,
211500 ,,,,,,,,隆行,隆行,,かなみ,10103,「今帰ってきたのか？」,
211600 ,,,,,,,,かなみ,かなみ,01kan023_002.wav,かなみ,10101,「ちょっと本屋さんに行ってたの」,
211700 ,,,,,,,,隆行,隆行,,かなみ,10101,「かなみはどんな本読むんだ？」,
211800 ,,,,,,,,,,,かなみ,10101,　ヒョイ。,
211900 ,,,,,,,,かなみ,かなみ,01kan023_003.wav,かなみ,10119,「あっダメっ！　見ちゃダメ！」,
212000 ,,,,,,,,隆行,隆行,,かなみ,10119,「……『おにいちゃんとわたしの危ないカンケイ』？」,
212100 ,,,,,,,,,,,かなみ,10119,　少女漫画みたいだけど、このタイトルから連想される内容は……。,
212200 ,,,,,,,,かなみ,かなみ,01kan023_004.wav,かなみ,10127,「……あうううぅぅ」,
212300 ,,,,,,,,隆行,隆行,,かなみ,10127,「さ、さぁ、こんなとこで突っ立ってないで、勉強勉強！」,
212400 ,,,,,,,,かなみ,かなみ,01kan023_005.wav,かなみ,10120,「う、うん……」,
212500 ,,,,,,,,,,,かなみ,10120,　き、気まずい……。,
212590 ,,,<!ef_move>,,3,,,,,,,,,
212700 ,$return,,,,,,,,,,,,,
212800 ,&01kan270ds,,,4294967295,9000,,,,,,,,,
213100 ,,,,2,3,,,隆行,隆行,,,,「かなみー、いるかー？」,
213200 ,,,,,,,,かなみ,かなみ,01kan024_001.wav,かなみ,10102,「あ、お＜兄＝義兄＞ちゃん、待ってたよぉ」,
213300 ,,,,,,,,隆行,隆行,,かなみ,10102,「漫画読んでたのか……『週刊少年ヤンプ』？　少年誌じゃん」,
213400 ,,,,,,,,かなみ,かなみ,01kan024_002.wav,かなみ,10101,「けっこう女の子も読んでるんだよ？」,
213500 ,,,,,,,,隆行,隆行,,かなみ,10101,「そういや、今週の『モモの微妙な冒険』まだ読んでないや。後で読まして」,
213600 ,,,,,,,,かなみ,かなみ,01kan024_003.wav,かなみ,10108,「お＜兄＝義兄＞ちゃん、もう大学生なのに……」,
213700 ,,,,,,,,隆行,隆行,,かなみ,10108,「けっこう大学生も読んでるんだよ？」,
213800 ,,,,,,,,かなみ,かなみ,01kan024_004.wav,かなみ,10127,「まねっこだー」,
213900 ,,,,,,,,隆行,隆行,,かなみ,10127,「ははは。よし、今日も頑張って始めるか」,
214000 ,,,,,,,,かなみ,かなみ,01kan024_005.wav,かなみ,10102,「うん、がんばるっ！」,
214200 ,$return,,,,,,,,,,,,,
214300 ,&01kan280ds,,,4294967295,9000,,,,,,,,,
214600 ,,,,2,3,,,隆行,隆行,,,,「かなみー、いるかー？」,
214700 ,,,,,,,,かなみ,かなみ,01kan025_001.wav,かなみ,10102,「あ、お＜兄＝義兄＞ちゃん、待ってたよぉ」,
214800 ,,,,,,,,隆行,隆行,,かなみ,10102,「漫画読んでたのか……『別冊アンクレット』？　略して『別ア』ってやつだな」,
214900 ,,,,,,,,かなみ,かなみ,01kan025_002.wav,かなみ,10118,「えっ？　お＜兄＝義兄＞ちゃん知ってるの？？」,
215000 ,,,,,,,,隆行,隆行,,かなみ,10118,「今日、同じゼミの女の子が読んでたんだよ」,
215100 ,,,,,,,,かなみ,かなみ,01kan025_003.wav,かなみ,10118,「お、女のひと……その人ってお＜兄＝義兄＞ちゃんの……こ、こいびと……とか？」,
215200 ,,,,,,,,隆行,隆行,,かなみ,10118,「はぁ？　違うよ。俺がそんなにもてるわけないだろ」,
215300 ,,,,,,,,かなみ,かなみ,01kan025_004.wav,かなみ,10120,「そ、そうだよねぇ！」,
215400 ,,,,,,,,隆行,隆行,,かなみ,10120,「そうはっきり同意されるのもなんかむかつく……。よし今日はビシビシ行くことにするぞ」,
215500 ,,,,,,,,かなみ,かなみ,01kan025_005.wav,かなみ,10119,「そんなぁ」,
215700 ,$return,,,,,,,,,,,,,
215800 ,&01kan290ds,,,4294967295,9000,,,,,,,,,
216100 ,,,,2,3,,,隆行,隆行,,,,「かなみー、いるかー？」,
216200 ,,,,,,,,かなみ,かなみ,01kan026_001.wav,かなみ,10102,「あ、お＜兄＝義兄＞ちゃん、待ってたよぉ」,
216300 ,,,,,,,,隆行,隆行,,かなみ,10102,「本読んでたのか……お、『おれも知らない小さな国』だ。懐かしいなぁ」,
216400 ,,,,,,,,かなみ,かなみ,01kan026_002.wav,かなみ,10101,「これ、たぶんお＜兄＝義兄＞ちゃんのだよ？　ほら、ここんとこらくがき……」,
216500 ,,,,,,,,隆行,隆行,,かなみ,10101,「あ……」,
216600 ,,,,,,,,かなみ,かなみ,01kan026_003.wav,かなみ,10101,「ママが押し入れから出してきてくれたの」,
216700 ,,,,,,,,隆行,隆行,,かなみ,10101,「うわぁ、なんか気恥ずかしいものがあるなぁ」,
216800 ,,,,,,,,かなみ,かなみ,01kan026_004.wav,かなみ,10102,「うふふ▼」,
216900 ,,,,,,,,隆行,隆行,,かなみ,10102,「さ、さぁ、いいから勉強はじめるぞ」,
217000 ,,,,,,,,かなみ,かなみ,01kan026_005.wav,かなみ,10103,「はーい」,
217200 ,$return,,,,,,,,,,,,,
217300 ,&01kan310snd,,,2,3,,,,,,,,,
217700 ,,,,,,,,隆行,隆行,,,,「じゃあかなみ、この前出した宿題を見せてごらん」,
217800 ,,,,,,,,かなみ,かなみ,01kan027_001.wav,かなみ,10118,「あっ、その……ごめんなさい……」,
217900 ,,,,,,,,隆行,隆行,,かなみ,10118,「んっ、宿題やれなかったのか？」,
218000 ,,,,,,,,かなみ,かなみ,01kan027_002.wav,かなみ,10122,「うん……そのぉ……もんだいがむずかしくて……」,
218100 ,,,,,,,,隆行,隆行,,かなみ,10122,「ああ、渡した問題が難しすぎたか……」,
218200 ,,,,,,,,かなみ,かなみ,01kan027_003.wav,かなみ,10105,「ごめんなさい、お＜兄＝義兄＞ちゃん……」,
218300 ,,,,,,,,隆行,隆行,,かなみ,10105,「そうか……。いや、俺の出し方もマズかったみたいだ。今度から気をつけるから、気を取り直して頑張ろうな」,
218400 ,,,,,,,,かなみ,かなみ,01kan027_004.wav,かなみ,10105,「うん」,
218500 ,,,,,,,,,,,かなみ,10105,　うーん、今のかなみには難しすぎるレベルの宿題を指定しちゃったか……。次から、気をつけないとな。,
218700 ,$return,,,,,,,,,,,,,
218800 ,&01kan311snd,,,2,3,,,,,,,,,
219200 ,,,,,,,,隆行,隆行,,,,「さて、かなみ、宿題はちゃんとやったかな」,
219300 ,,,,,,,,かなみ,かなみ,01kan028_001.wav,かなみ,10106,「あっ、その……ごめんなさい……」,
219400 ,,,,,,,,隆行,隆行,,かなみ,10106,「んっ、宿題やれなかったのか？」,
219500 ,,,,,,,,かなみ,かなみ,01kan028_002.wav,かなみ,10106,「なんか……わかんなくって……」,
219600 ,,,,,,,,隆行,隆行,,かなみ,10106,「ああ、渡した問題が難しすぎたか……」,
219700 ,,,,,,,,かなみ,かなみ,01kan028_003.wav,かなみ,10106,「ごめんなさい、お＜兄＝義兄＞ちゃん……」,
219800 ,,,,,,,,隆行,隆行,,かなみ,10106,「そうか……。いや、俺の出し方もマズかったみたいだ。今度から気をつけるから、気を取り直して頑張ろうな」,
219900 ,,,,,,,,かなみ,かなみ,01kan028_004.wav,かなみ,10108,「うん」,
220000 ,,,,,,,,,,,かなみ,10108,　うーん、今のかなみには難しすぎるレベルの宿題を指定しちゃったか……。次から、気をつけないとな。,
220200 ,$return,,,,,,,,,,,,,
220300 ,&01kan312snd,,,2,3,,,,,,,,,
220700 ,,,,,,,,かなみ,かなみ,01kan029_001.wav,かなみ,10106,「お＜兄＝義兄＞ちゃん……」,
220800 ,,,,,,,,隆行,隆行,,かなみ,10106,「ん、どうした？」,
220900 ,,,,,,,,かなみ,かなみ,01kan029_002.wav,かなみ,10106,「あのね……宿題、できなかったの。ごめんなさい」,
221000 ,,,,,,,,隆行,隆行,,かなみ,10106,「そっか……何でできなかったんだ？」,
221100 ,,,,,,,,かなみ,かなみ,01kan029_003.wav,かなみ,10108,「ちょっと……むずかしくって……」,
221200 ,,,,,,,,隆行,隆行,,かなみ,10108,「渡した問題が難しすぎたか……」,
221300 ,,,,,,,,かなみ,かなみ,01kan029_004.wav,かなみ,10105,「ごめんなさい、お＜兄＝義兄＞ちゃん……」,
221400 ,,,,,,,,隆行,隆行,,かなみ,10105,「いや、俺の出し方もマズかったみたいだ。今度から気をつけるから、気を取り直して頑張ろうな」,
221500 ,,,,,,,,かなみ,かなみ,01kan029_005.wav,かなみ,10108,「うん」,
221600 ,,,,,,,,,,,かなみ,10108,　うーん、今のかなみには難しすぎるレベルの宿題を指定しちゃったか……。次から、気をつけないとな。,
221800 ,$return,,,,,,,,,,,,,
221900 ,&01kan320snm,,,2,3,,,,,,,,,
222300 ,,,,,,,,かなみ,かなみ,01kan030_001.wav,かなみ,10106,「ねぇ、お＜兄＝義兄＞ちゃん……」,
222400 ,,,,,,,,隆行,隆行,,かなみ,10106,「ん、どうした？」,
222500 ,,,,,,,,かなみ,かなみ,01kan030_002.wav,かなみ,10106,「ごめんなさい……しゅくだい、できなかったの……」,
222600 ,,,,,,,,隆行,隆行,,かなみ,10106,「できなかったのか……？　どうして」,
222700 ,,,,,,,,かなみ,かなみ,01kan030_003.wav,かなみ,10127,「あのね、しゅくだいの量が多すぎるよぉ……」,
222800 ,,,,,,,,隆行,隆行,,かなみ,10127,「えっ、多すぎた……？」,
222900 ,,,,,,,,かなみ,かなみ,01kan030_004.wav,かなみ,10127,「うん……。もんだいは解けるんだけど、たくさんありすぎて……毎日がんばってやっても、ぜんぜん終わらないんだもん……」,
223000 ,,,,,,,,隆行,隆行,,かなみ,10127,「そうか……しまった、多く出しすぎちゃったか……」,
223100 ,,,,,,,,かなみ,かなみ,01kan030_005.wav,かなみ,10105,「ごめんなさい……」,
223200 ,,,,,,,,隆行,隆行,,かなみ,10105,「いや、かなみのペースを考えなかった俺も良くなかったな。次はちゃんと考えて出すから」,
223300 ,,,,,,,,かなみ,かなみ,01kan030_006.wav,かなみ,10102,「うん、おねがいね」,
223400 ,,,,,,,,,,,かなみ,10102,　そうか、多すぎたか……。自分がやるならペース配分も簡単だけど、他人のペースを＜推＝お＞し＜量＝はか＞るのは難しいもんだなあ……。,
223600 ,$return,,,,,,,,,,,,,
223700 ,&01kan321snm,,,2,3,,,,,,,,,
224100 ,,,,,,,,かなみ,かなみ,01kan031_001.wav,かなみ,10106,「ねぇ、お＜兄＝義兄＞ちゃん……」,
224200 ,,,,,,,,隆行,隆行,,かなみ,10106,「ん、どうした？」,
224300 ,,,,,,,,かなみ,かなみ,01kan031_002.wav,かなみ,10106,「ごめんなさい……しゅくだい、できなかったの……」,
224400 ,,,,,,,,隆行,隆行,,かなみ,10106,「できなかったのか……？　どうして？」,
224500 ,,,,,,,,かなみ,かなみ,01kan031_003.wav,かなみ,10105,「おゆうはんの後にね、ちゃんとやってたんだけど……時間が足りなくて……」,
224600 ,,,,,,,,隆行,隆行,,かなみ,10105,「そうか……多く出しすぎちゃったか……」,
224700 ,,,,,,,,かなみ,かなみ,01kan031_004.wav,かなみ,10105,「ごめんなさい……」,
224800 ,,,,,,,,隆行,隆行,,かなみ,10105,「いや、かなみのペースを考えなかった俺も良くなかったな。次はちゃんと考えて出すから」,
224900 ,,,,,,,,かなみ,かなみ,01kan031_005.wav,かなみ,10102,「うん、おねがいね」,
225000 ,,,,,,,,,,,かなみ,10102,　そうか、多すぎたか……。自分がやるならペース配分も簡単だけど、他人のペースを＜推＝お＞し＜量＝はか＞るのは難しいもんだなあ……。,
225200 ,$return,,,,,,,,,,,,,
225300 ,&01kan322snm,,,2,3,,,,,,,,,
225700 ,,,,,,,,隆行,隆行,,,,「さて、かなみ、宿題はちゃんとやったか？」,
225800 ,,,,,,,,かなみ,かなみ,01kan032_001.wav,かなみ,10106,「あっ、その……ごめんなさい……」,
225900 ,,,,,,,,隆行,隆行,,かなみ,10106,「できなかったのか……？　どうして？」,
226000 ,,,,,,,,かなみ,かなみ,01kan032_002.wav,かなみ,10106,「うん……そのぉ……やってもやっても終わんなくって……」,
226100 ,,,,,,,,隆行,隆行,,かなみ,10106,「そうか……多く出しすぎちゃったか……」,
226200 ,,,,,,,,かなみ,かなみ,01kan032_003.wav,かなみ,10105,「ごめんなさい……」,
226300 ,,,,,,,,隆行,隆行,,かなみ,10105,「いや、かなみのペースを考えなかった俺も良くなかったな。次はちゃんと考えて出すから」,
226400 ,,,,,,,,かなみ,かなみ,01kan032_004.wav,かなみ,10101,「うん」,
226500 ,,,,,,,,,,,かなみ,10101,　そうか、多すぎたか……。自分がやるならペース配分も簡単だけど、他人のペースを＜推＝お＞し＜量＝はか＞るのは難しいもんだなあ……。,
226700 ,$return,,,,,,,,,,,,,
226800 ,&01kan330sndm,,,2,3,,,,,,,,,
227200 ,,,,,,,,隆行,隆行,,,,「さて……かなみ。宿題は終わってるか？」,
227300 ,,,,,,,,かなみ,かなみ,01kan033_001.wav,かなみ,10108,「…………」,
227400 ,,,,,,,,隆行,隆行,,かなみ,10108,「ん？　どうした、かなみ」,
227500 ,,,,,,,,かなみ,かなみ,01kan033_002.wav,かなみ,10108,「しゅくだい、できなかった……」,
227600 ,,,,,,,,隆行,隆行,,かなみ,10108,「ええっ、難しすぎた……のか？」,
227700 ,,,,,,,,かなみ,かなみ,01kan033_003.wav,かなみ,10106,「えっとね、もんだいがぜんぜん解けないし……それに量も多いから、全然すすまないの……」,
227800 ,,,,,,,,隆行,隆行,,かなみ,10106,「そうか……難易度も量もマズかったんだな……」,
227900 ,,,,,,,,かなみ,かなみ,01kan033_004.wav,かなみ,10127,「お＜兄＝義兄＞ちゃん、ひどいよぉ。むーっ、ひょっとしてかなみをいじめてるのっ？」,
228000 ,,,,,,,,隆行,隆行,,かなみ,10127,「そんな訳ないだろ？　今回は完全に俺の判断ミスだったようだ。これからは気をつけるからな」,
228100 ,,,,,,,,かなみ,かなみ,01kan033_005.wav,かなみ,10101,「うん……」,
228200 ,,,,,,,,,,,かなみ,10101,　ふぅ、しまったな。この前の宿題は難しすぎるだけでなく、量も多すぎたようだ。かなみのレベルをもうちょっと考えて、決めなきゃいけないか……。,
228400 ,$return,,,,,,,,,,,,,
228500 ,&01kan331sndm,,,2,3,,,,,,,,,
228900 ,,,,,,,,隆行,隆行,,,,「さて……かなみ。宿題は終わってるか？」,
229000 ,,,,,,,,かなみ,かなみ,01kan034_001.wav,かなみ,10105,「…………ごめんなさい」,
229100 ,,,,,,,,隆行,隆行,,かなみ,10105,「宿題できなかったのか？」,
229200 ,,,,,,,,かなみ,かなみ,01kan034_002.wav,かなみ,10106,「うん、なんか全然すすまなくって……」,
229300 ,,,,,,,,隆行,隆行,,かなみ,10106,「ええっ、難しすぎた……のか？」,
229400 ,,,,,,,,かなみ,かなみ,01kan034_003.wav,かなみ,10108,「ちょっとすすめても全然へらないし……」,
229500 ,,,,,,,,隆行,隆行,,かなみ,10108,「そうか……難易度も量もマズかったんだな……」,
229600 ,,,,,,,,かなみ,かなみ,01kan034_004.wav,かなみ,10106,「せっかくお＜兄＝義兄＞ちゃんにおしえてもらってるのに……ごめんなさい」,
229700 ,,,,,,,,隆行,隆行,,かなみ,10106,「いや、これは俺のミスだよ。ごめんな、かなみ。今度はちゃんとかなみに合わせるから」,
229800 ,,,,,,,,かなみ,かなみ,01kan034_005.wav,かなみ,10102,「うん……お＜兄＝義兄＞ちゃん、ありがとう」,
229900 ,,,,,,,,,,,かなみ,10102,　ふぅ、しまったな。この前の宿題は難しすぎるだけでなく、量も多すぎたようだ。かなみのレベルをもうちょっと考えて、決めなきゃいけないか……。,
230100 ,$return,,,,,,,,,,,,,
230200 ,&01kan332sndm,,,2,3,,,,,,,,,
230600 ,,,,,,,,かなみ,かなみ,01kan035_001.wav,かなみ,10106,「ねぇ、お＜兄＝義兄＞ちゃん……」,
230700 ,,,,,,,,隆行,隆行,,かなみ,10106,「ん、どうした？」,
230800 ,,,,,,,,かなみ,かなみ,01kan035_002.wav,かなみ,10105,「ごめんなさい……しゅくだい、できなかったの……」,
230900 ,,,,,,,,隆行,隆行,,かなみ,10105,「ええっ、難しすぎた……のか？」,
231000 ,,,,,,,,かなみ,かなみ,01kan035_003.wav,かなみ,10106,「えっとね、もんだいがぜんぜん解けないし……それに量も多いから、全然すすまないの……」,
231100 ,,,,,,,,隆行,隆行,,かなみ,10106,「そうか……難易度も量もマズかったんだな……」,
231200 ,,,,,,,,かなみ,かなみ,01kan035_004.wav,かなみ,10122,「お＜兄＝義兄＞ちゃん、ひどいよぉ。むーっ、ひょっとしてかなみをいじめてるのっ？」,
231300 ,,,,,,,,隆行,隆行,,かなみ,10122,「そんな訳ないだろ？　今回は完全に俺の判断ミスだったようだ。これからは気をつけるからな」,
231400 ,,,,,,,,かなみ,かなみ,01kan035_005.wav,かなみ,10106,「うん……」,
231500 ,,,,,,,,,,,かなみ,10106,　ふぅ、しまったな。この前の宿題は難しすぎるだけでなく、量も多すぎたようだ。かなみのレベルをもうちょっと考えて、決めなきゃいけないか……。,
231700 ,$return,,,,,,,,,,,,,
231800 ,&01kan340sg,,,2,3,,,,,,,,,
232100 ,,,,,,,,隆行,隆行,,,,「かなみ、宿題は？」,
232200 ,,,,,,,,かなみ,かなみ,01kan036_001.wav,かなみ,10102,「ちゃんとやってあるよ。ほーらっ！」,
232290 ,$call HomeWorkAffect,,,,,,,,,,かなみ,10102,,
232300 ,,,,,,,,隆行,隆行,,かなみ,10102,「よし、えらいぞ……。まあ、宿題はちゃんと終わらせて当たり前なんだけどな」,
232400 ,,,,,,,,かなみ,かなみ,01kan036_002.wav,かなみ,10127,「ぶー。少しぐらいほめてよぉ～」,
232500 ,,,,,,,,隆行,隆行,,かなみ,10127,「はいはい。よくできました」,
232600 ,,,,,,,,かなみ,かなみ,01kan036_003.wav,かなみ,10119,「なによっ、それぇっ！　んもう、せっかくお＜兄＝義兄＞ちゃんにほめてもらおうと、がんばったのに……」,
232700 ,,,,,,,,隆行,隆行,,かなみ,10119,「そうか。……よしよし。よくやったな、かなみ」,
232800 ,,,,,,,,,,,かなみ,10119,　俺がかなみの頭を撫でてやると、かなみは急にしおらしくなる。,
232900 ,,,,,,,,隆行,隆行,,かなみ,10119,「ん……どうした？」,
233000 ,,,,,,,,かなみ,かなみ,01kan036_004.wav,かなみ,10120,「あ、う……べつに、なんでもないもんっ」,
233100 ,,,,,,,,隆行,隆行,,かなみ,10120,「…………？　まあいいや、授業を進めるか」,
233300 ,$return,,,,,,,,,,,,,
233400 ,&01kan341sg,,,2,3,,,,,,,,,
233700 ,,,,,,,,隆行,隆行,,,,「……あ、そうだ。この前出した宿題はちゃんとやってきてるか？　かなみ」,
233800 ,,,,,,,,かなみ,かなみ,01kan037_001.wav,かなみ,10102,「ふふんっ、やってあるもーんだ。ほら、見てよっ」,
233890 ,$call HomeWorkAffect,,,,,,,,,,かなみ,10102,,
233900 ,,,,,,,,隆行,隆行,,かなみ,10102,「そんな大いばりで言わなくても……」,
234000 ,,,,,,,,かなみ,かなみ,01kan037_002.wav,かなみ,10103,「お＜兄＝義兄＞ちゃん、かなみがやってないと思ったんでしょ？　へへーんだっ。……はいっ、しゅくだい対決はお＜兄＝義兄＞ちゃんの負けです」,
234100 ,,,,,,,,隆行,隆行,,かなみ,10103,「対決？　そんな約束した覚えないぞ……？」,
234200 ,,,,,,,,かなみ,かなみ,01kan037_003.wav,かなみ,10103,「いーのっ！　とにかく、お＜兄＝義兄＞ちゃんの負けーっ！！」,
234300 ,,,,,,,,隆行,隆行,,かなみ,10103,「はいはい……。で、負けたらなにがあるんだ？」,
234400 ,,,,,,,,かなみ,かなみ,01kan037_004.wav,かなみ,10114,「あ、えーと…………」,
234500 ,,,,,,,,かなみ,かなみ,01kan037_005.wav,かなみ,10114,「そーいえば、かんがえてなかった」,
234600 ,,,,,,,,隆行,隆行,,かなみ,10114,「はははっ、なんだよそれ……」,
234700 ,,,,,,,,かなみ,かなみ,01kan037_006.wav,かなみ,10121,「ばつゲームはそのうちかんがえるのーっ。お＜兄＝義兄＞ちゃん、負けたこと忘れないでよっ！？」,
234800 ,,,,,,,,隆行,隆行,,かなみ,10121,「はいはい」,
234900 ,,,,,,,,,,,かなみ,10121,　まあ、俺が忘れなくても……かなみはすぐに忘れちゃうんだけどな。,
235000 ,,,,,,,,隆行,隆行,,かなみ,10121,「ふふっ……小さい頃から全然変わってないな、かなみ」,
235100 ,,,,,,,,かなみ,かなみ,01kan037_007.wav,かなみ,10114,「……ん？　なんのこと？」,
235200 ,,,,,,,,隆行,隆行,,かなみ,10114,「なんでもないよ。さ、始めるぞ」,
235400 ,$return,,,,,,,,,,,,,
235500 ,&01kan342sg,,,2,3,,,,,,,,,
235800 ,,,,,,,,隆行,隆行,,,,「かなみ、前回出した宿題だけど……」,
235900 ,,,,,,,,かなみ,かなみ,01kan038_001.wav,かなみ,10102,「はーい、どーぞっ」,
235990 ,$call HomeWorkAffect,,,,,,,,,,かなみ,10102,,
236000 ,,,,,,,,隆行,隆行,,かなみ,10102,「んーと、どれどれ……うん、しっかり最後までやってあるようだな」,
236100 ,,,,,,,,かなみ,かなみ,01kan038_002.wav,かなみ,10102,「うん、ちょうどいい量ですっごくやりやすかったよ～」,
236200 ,,,,,,,,隆行,隆行,,かなみ,10102,「そうか、なら良かった」,
236300 ,,,,,,,,かなみ,かなみ,01kan038_003.wav,かなみ,10101,「なんかね、かなみも自信ついた気がする。前より問題がスラスラ解けるから、おべんきょうしててきもちいいし」,
236400 ,,,,,,,,隆行,隆行,,かなみ,10101,「いいことだ、かなみ」,
236500 ,,,,,,,,かなみ,かなみ,01kan038_004.wav,かなみ,10101,「お＜兄＝義兄＞ちゃんのおかげだよっ」,
236600 ,,,,,,,,隆行,隆行,,かなみ,10101,「かなみの努力もあるさ。これからも頑張るんだぞ」,
236700 ,,,,,,,,かなみ,かなみ,01kan038_005.wav,かなみ,10103,「うんっ！」,
236800 ,,,,,,,,隆行,隆行,,かなみ,10103,「よーし、じゃあ今日の授業はな……」,
237000 ,$return,,,,,,,,,,,,,
237100 ,&01kan343sg,,,2,3,,,,,,,,,
237400 ,,,,,,,,隆行,隆行,,,,「ああ、そうだ。授業に入る前に、この前出した宿題を……」,
237500 ,,,,,,,,かなみ,かなみ,01kan039_001.wav,かなみ,10102,「んふふ～」,
237600 ,,,,,,,,隆行,隆行,,かなみ,10102,「おっ、ちゃんとやってあるって言うのか？　どれどれ、本当だろうな……」,
237700 ,,,,,,,,かなみ,かなみ,01kan039_002.wav,かなみ,10102,「んふふふふ～」,
237790 ,$call HomeWorkAffect,,,,,,,,,,かなみ,10102,,
237800 ,,,,,,,,隆行,隆行,,かなみ,10102,「ああ……確かに、しっかり全部やってあるな」,
237900 ,,,,,,,,かなみ,かなみ,01kan039_003.wav,かなみ,10102,「んふふふふふふふ～」,
238000 ,,,,,,,,隆行,隆行,,かなみ,10102,「さて、それじゃ授業を始めるぞ」,
238100 ,,,,,,,,かなみ,かなみ,01kan039_004.wav,かなみ,10114,「え」,
238200 ,,,,,,,,隆行,隆行,,かなみ,10114,「えーと、今日はこの前の続きの……」,
238300 ,,,,,,,,かなみ,かなみ,01kan039_005.wav,かなみ,10119,「ちょっと、お＜兄＝義兄＞ちゃんっ！　なによ、かなみがちゃんとしゅくだい終わらせたのに、スルーなのっ！？」,
238400 ,,,,,,,,隆行,隆行,,かなみ,10119,「いや……だってほら、宿題ってちゃんと終わらせて普通だし」,
238500 ,,,,,,,,かなみ,かなみ,01kan039_006.wav,かなみ,10119,「そ、そうだけど……でも、かなみはきのう寝ないでがんばったんだよっ！！」,
238600 ,,,,,,,,隆行,隆行,,かなみ,10119,「ん、昨日……？　昨日って、昨日一日でコレを終わらせたのか？」,
238700 ,,,,,,,,かなみ,かなみ,01kan039_007.wav,かなみ,10120,「……ぎく」,
238800 ,,,,,,,,隆行,隆行,,かなみ,10120,「はは～ん。さてはお前、昨日慌てて宿題を終わらせたんだな？」,
238900 ,,,,,,,,かなみ,かなみ,01kan039_008.wav,かなみ,10120,「う……」,
239000 ,,,,,,,,隆行,隆行,,かなみ,10120,「本来、この宿題は毎日少しずつやっていける量で出してるんだ。一夜漬けはダメだぞ？」,
239100 ,,,,,,,,かなみ,かなみ,01kan039_009.wav,かなみ,10105,「ごめんなさい……」,
239200 ,,,,,,,,隆行,隆行,,かなみ,10105,「まあそれでも……ちゃんと終わらせたんだからいいか。頑張ったな、かなみ。今は大丈夫か、眠くないか？」,
239300 ,,,,,,,,かなみ,かなみ,01kan039_010.wav,かなみ,10101,「あ……お＜兄＝義兄＞ちゃん……。うん、だいじょうぶだよっ」,
239400 ,,,,,,,,隆行,隆行,,かなみ,10101,「そうか。……じゃ、今日も頑張って授業を始めるぞ」,
239500 ,,,,,,,,かなみ,かなみ,01kan039_011.wav,かなみ,10103,「はーいっ」,
239700 ,$return,,,,,,,,,,,,,
239800 ,&01kan344sg,,,2,3,,,,,,,,,
240100 ,,,,,,,,隆行,隆行,,,,「じゃあかなみ、この前出した宿題を見せてごらん」,
240200 ,,,,,,,,かなみ,かなみ,01kan040_001.wav,かなみ,10102,「はーい。んーと……はい、これ」,
240290 ,$call HomeWorkAffect,,,,,,,,,,かなみ,10102,,
240300 ,,,,,,,,隆行,隆行,,かなみ,10102,「よしよし、ちゃんとやってあるな……。まあ、宿題はちゃんと終わらせて当たり前なんだけどな」,
240400 ,,,,,,,,かなみ,かなみ,01kan040_002.wav,かなみ,10127,「ぶー。少しぐらいほめてよぉ～」,
240500 ,,,,,,,,隆行,隆行,,かなみ,10127,「はいはい。よくできました」,
240600 ,,,,,,,,かなみ,かなみ,01kan040_003.wav,かなみ,10119,「なによっ、それぇっ！　んもう、せっかくお＜兄＝義兄＞ちゃんにほめてもらおうと、がんばったのに……」,
240700 ,,,,,,,,隆行,隆行,,かなみ,10119,「そうか。……よしよし。よくやったな、かなみ」,
240800 ,,,,,,,,,,,かなみ,10119,　俺がかなみの頭を撫でてやると、かなみは急にしおらしくなる。,
240900 ,,,,,,,,隆行,隆行,,かなみ,10119,「ん……どうした？」,
241000 ,,,,,,,,かなみ,かなみ,01kan040_004.wav,かなみ,10106,「あ、う……べつに、なんでもないもんっ」,
241100 ,,,,,,,,隆行,隆行,,かなみ,10106,「…………？　まあいいや、授業を進めるか」,
241300 ,$return,,,,,,,,,,,,,
241400 ,&01kan345sg,,,2,3,,,,,,,,,
241700 ,,,,,,,,隆行,隆行,,,,「さて、かなみ、宿題はちゃんとやったかな」,
241800 ,,,,,,,,かなみ,かなみ,01kan041_001.wav,かなみ,10102,「とーぜん！　ほら、ちゃんとやってあるよ」,
241890 ,$call HomeWorkAffect,,,,,,,,,,かなみ,10102,,
241900 ,,,,,,,,隆行,隆行,,かなみ,10102,「ん、どれどれ……よし、ちゃんとできてるな」,
242000 ,,,,,,,,かなみ,かなみ,01kan041_002.wav,かなみ,10102,「お＜兄＝義兄＞ちゃん、かなみがやってないと思ったんでしょ？　残念でした。ちゃんとやってありますよーっだ」,
242100 ,,,,,,,,隆行,隆行,,かなみ,10102,「まさか、かなみがやってないなんて思ってないよ。かなみはいい子だもんな」,
242200 ,,,,,,,,,,,かなみ,10102,　なでなで。,
242300 ,,,,,,,,かなみ,かなみ,01kan041_003.wav,かなみ,10115,「あ……」,
242400 ,,,,,,,,隆行,隆行,,かなみ,10115,「ん？　どうした、かなみ？」,
242500 ,,,,,,,,かなみ,かなみ,01kan041_004.wav,かなみ,10119,「な、なんでもないっ」,
242800 ,$return,,,,,,,,,,,,,
242900 ,&01kan346sg,,,2,3,,,,,,,,,
243200 ,,,,,,,,かなみ,かなみ,01kan042_001.wav,かなみ,10102,「はーい、どーぞっ」,
243300 ,,,,,,,,隆行,隆行,,かなみ,10102,「お、宿題があったな。んー、どれどれ……」,
243400 ,,,,,,,,かなみ,かなみ,01kan042_002.wav,かなみ,10101,「どう？　けっこう自信あるんだけど……」,
243490 ,$call HomeWorkAffect,,,,,,,,,,かなみ,10101,,
243500 ,,,,,,,,隆行,隆行,,かなみ,10101,「うん、ＯＫ。ちゃんとできてるな」,
243600 ,,,,,,,,かなみ,かなみ,01kan042_003.wav,かなみ,10103,「えへへ、お＜兄＝義兄＞ちゃんが教えてくれたこと、ちゃんと覚えてたかららくしょーだったよー」,
243700 ,,,,,,,,隆行,隆行,,かなみ,10103,「実力がついてきてるってことだな。俺も教え甲斐があるよ」,
243800 ,,,,,,,,かなみ,かなみ,01kan042_004.wav,かなみ,10101,「お＜兄＝義兄＞ちゃんのおかげだよっ」,
243900 ,,,,,,,,隆行,隆行,,かなみ,10101,「かなみの努力もあるさ。これからも頑張るんだぞ」,
244000 ,,,,,,,,かなみ,かなみ,01kan042_005.wav,かなみ,10102,「うんっ！」,
244100 ,,,,,,,,隆行,隆行,,かなみ,10102,「よーし、じゃあ今日の授業はな……」,
244300 ,$return,,,,,,,,,,,,,
244400 ,&01kan347sg,,,2,3,,,,,,,,,
244700 ,,,,,,,,隆行,隆行,,,,「さて、かなみ、宿題はちゃんとやったか？」,
244800 ,,,,,,,,かなみ,かなみ,01kan043_001.wav,かなみ,10102,「はい、これ」,
244900 ,,,,,,,,隆行,隆行,,かなみ,10102,「お、どれどれ……」,
245000 ,,,,,,,,かなみ,かなみ,01kan043_002.wav,かなみ,10102,「んふふふふ～」,
245090 ,$call HomeWorkAffect,,,,,,,,,,かなみ,10102,,
245100 ,,,,,,,,隆行,隆行,,かなみ,10102,「ああ……確かに、しっかり全部やってあるな」,
245200 ,,,,,,,,かなみ,かなみ,01kan043_003.wav,かなみ,10103,「なでて」,
245300 ,,,,,,,,隆行,隆行,,かなみ,10103,「は？」,
245400 ,,,,,,,,かなみ,かなみ,01kan043_004.wav,かなみ,10121,「しゅくだいちゃんとやったんだから、かなみのあたまなでてよっ」,
245500 ,,,,,,,,隆行,隆行,,かなみ,10121,「宿題はやって当然なんだけど……」,
245600 ,,,,,,,,かなみ,かなみ,01kan043_005.wav,かなみ,10121,「そうだけど……」,
245700 ,,,,,,,,隆行,隆行,,かなみ,10121,「しょうがないな……」,
245800 ,,,,,,,,,,,かなみ,10121,　ぐりぐり。,
245900 ,,,,,,,,隆行,隆行,,かなみ,10121,「さ、はじめるぞ」,
246000 ,,,,,,,,かなみ,かなみ,01kan043_006.wav,かなみ,10119,「えっ、ちょっと、もっとこう、気持ちをこめて――」,
246100 ,,,,,,,,隆行,隆行,,かなみ,10119,「……残念だ。俺はいつだって愛を持ってかなみと接しているつもりだったのにそれが伝わってなかったなんて……」,
246200 ,,,,,,,,,,,かなみ,10119,　遠い目をする俺。,
246300 ,,,,,,,,かなみ,かなみ,01kan043_007.wav,かなみ,10120,「……あ、あい……」,
246400 ,,,,,,,,隆行,隆行,,かなみ,10120,「なーんてな。さ、勉強はじめるぞ」,
246500 ,,,,,,,,かなみ,かなみ,01kan043_008.wav,かなみ,10120,「……あい……」,
246600 ,,,,,,,,隆行,隆行,,かなみ,10120,「かなみ？」,
246700 ,,,,,,,,かなみ,かなみ,01kan043_009.wav,かなみ,10101,「あ、うん。かなみ、がんばるねっ！」,
247000 ,$return,,,,,,,,,,,,,
247100 ,&01kan510lg,,,9,3,,,,,,,,,
247500 ,,,,,,,,隆行,隆行,,,,「……よし、今日の授業はこんなところかな」,
247600 ,,,,,,,,かなみ,かなみ,01kan044_001.wav,かなみ,10119,「ええーっ、もう終わり？　かなみ、今日はとっても調子いいみたいだよ？　もっともっともんだい解きたいの～」,
247700 ,,,,,,,,隆行,隆行,,かなみ,10119,「調子の良い時にガンガン進めるのも、いいとは思うけどね……時間配分や授業計画があるから、今日はここまで」,
247800 ,,,,,,,,かなみ,かなみ,01kan044_002.wav,かなみ,10127,「ぶー。かなみ、せっかくやる気になってるのに～」,
247900 ,,,,,,,,隆行,隆行,,かなみ,10127,「余力があるなら、あとで復習にまわしなさい」,
248000 ,,,,,,,,かなみ,かなみ,01kan044_003.wav,かなみ,10105,「は～いっ」,
248100 ,,,,,,,,,,,かなみ,10105,　うん、今日の授業は確かな手応えがあったな。かなみもしっかり理解してくれたようで、良かった良かった。,
248300 ,$return,,,,,,,,,,,,,
248400 ,&01kan511lg,,,9,3,,,,,,,,,
248800 ,,,,,,,,隆行,隆行,,,,「……よし、今日はこんなもんかな。なんかわからないことあるか？」,
248900 ,,,,,,,,かなみ,かなみ,01kan045_001.wav,かなみ,10101,「ううん、だいじょうぶっ！　今までわからなかったところも、今日のじゅぎょうですっきりしたよっ」,
249000 ,,,,,,,,隆行,隆行,,かなみ,10101,「うん、それはなによりだ」,
249100 ,,,,,,,,,,,かなみ,10101,　今日の授業は確かな手応えがあったな。かなみもしっかり理解してくれたようで、良かった良かった。,
249300 ,$return,,,,,,,,,,,,,
249400 ,&01kan512lg,,,9,3,,,,,,,,,
249800 ,,,,,,,,隆行,隆行,,,,「……と、今日の授業はここまで」,
249900 ,,,,,,,,かなみ,かなみ,01kan046_001.wav,かなみ,10114,「あれ？　もう終わり？　あ、ほんとだ」,
250000 ,,,,,,,,隆行,隆行,,かなみ,10114,「時間に気がつかないくらい集中できたってことかな」,
250100 ,,,,,,,,かなみ,かなみ,01kan046_002.wav,かなみ,10101,「お＜兄＝義兄＞ちゃんのおしえかたがじょーずだから、おべんきょうも楽しいって思う」,
250200 ,,,,,,,,隆行,隆行,,かなみ,10101,「かなみもいい生徒だからな。教えるほうも楽しいよ」,
250300 ,,,,,,,,かなみ,かなみ,01kan046_003.wav,かなみ,10118,「ほ、ほんと？」,
250400 ,,,,,,,,隆行,隆行,,かなみ,10118,「ホントホント」,
250500 ,,,,,,,,,,,かなみ,10118,　なでなで。,
250600 ,,,,,,,,かなみ,かなみ,01kan046_004.wav,かなみ,10102,「えへへ……お＜兄＝義兄＞ちゃん……▼」,
250700 ,,,,,,,,,,,かなみ,10102,　うん、今日の授業は確かな手応えがあったな。かなみもしっかり理解してくれたようで、良かった良かった。,
250900 ,$return,,,,,,,,,,,,,
251000 ,&01kan513lg,,,9,3,,,,,,,,,
251400 ,,,,,,,,隆行,隆行,,,,「……よし、今日の授業はこんなところかな」,
251500 ,,,,,,,,かなみ,かなみ,01kan501_001.wav,かなみ,10106,「ええーっ、もう終わり？　かなみ、今日はとっても調子いいみたいだよ？　もっともっともんだい解きたいの～」,
251600 ,,,,,,,,隆行,隆行,,かなみ,10106,「ふむ……それじゃ、宿題たくさん出すことにするかな」,
251700 ,,,,,,,,かなみ,かなみ,01kan501_002.wav,かなみ,10119,「ええーっ！？　お＜兄＝義兄＞ちゃんと一緒だから……楽しいのに……」,
251800 ,,,,,,,,隆行,隆行,,かなみ,10119,「ん？　なんだ？」,
251900 ,,,,,,,,かなみ,かなみ,01kan501_003.wav,かなみ,10127,「もうっ！　お＜兄＝義兄＞ちゃんのいじわるっ！」,
252000 ,,,,,,,,隆行,隆行,,かなみ,10127,「ははは、ごめんごめん」,
252100 ,,,,,,,,,,,かなみ,10127,　うん、今日の授業は確かな手応えがあったな。かなみもしっかり理解してくれたようで、良かった良かった。,
252300 ,$return,,,,,,,,,,,,,
252400 ,&01kan514lg,,,9,3,,,,,,,,,
252800 ,,,,,,,,隆行,隆行,,,,「……よし、今日はこんなもんかな。なんかわからないことあるか？」,
252900 ,,,,,,,,かなみ,かなみ,01kan502_001.wav,かなみ,10102,「まーかせてっ！　カンペキだよ！」,
253000 ,,,,,,,,隆行,隆行,,かなみ,10102,「お、自信満々だな」,
253100 ,,,,,,,,かなみ,かなみ,01kan502_002.wav,かなみ,10101,「お＜兄＝義兄＞ちゃんのおしえかたがじょーずだからだよぉ。学校のじゅぎょうよりもわかりやすいと思う」,
253200 ,,,,,,,,隆行,隆行,,かなみ,10101,「そう言ってもらえるとこっちも教え甲斐があるよ」,
253300 ,,,,,,,,,,,かなみ,10101,　今日の授業は確かな手応えがあったな。かなみもしっかり理解してくれたようで、良かった良かった。,
253500 ,$return,,,,,,,,,,,,,
253600 ,&01kan515lg,,,9,3,,,,,,,,,
254000 ,,,,,,,,隆行,隆行,,,,「……と、今日の授業はここまで」,
254100 ,,,,,,,,かなみ,かなみ,01kan503_001.wav,かなみ,10114,「あれ？　もう終わり？　あ、ほんとだ」,
254200 ,,,,,,,,隆行,隆行,,かなみ,10114,「時間に気がつかないくらい集中できたってことかな」,
254300 ,,,,,,,,かなみ,かなみ,01kan503_002.wav,かなみ,10102,「そうかも。すっごい楽しかった」,
254400 ,,,,,,,,隆行,隆行,,かなみ,10102,「うん、楽しんで出来たなら身につくのも早いかな」,
254500 ,,,,,,,,,,,かなみ,10102,　今日の授業は確かな手応えがあったな。かなみもしっかり理解してくれたようで、良かった良かった。,
254700 ,$return,,,,,,,,,,,,,
254800 ,&01kan520ln,,,9,3,,,,,,,,,
255200 ,,,,,,,,隆行,隆行,,,,「さて、今日のは授業は以上だ。わからなかったところはないか？」,
255300 ,,,,,,,,かなみ,かなみ,01kan047_001.wav,かなみ,10102,「うん、とくにないよっ。たぶん、だいじょーぶ」,
255400 ,,,,,,,,隆行,隆行,,かなみ,10102,「多分、か……？」,
255500 ,,,,,,,,かなみ,かなみ,01kan047_002.wav,かなみ,10107,「ホントにだいじょーぶだよ～。お＜兄＝義兄＞ちゃん、かなみのこと信じてないのっ？」,
255600 ,,,,,,,,隆行,隆行,,かなみ,10107,「いや、信じてるってば。……それじゃ、その成果を試す小テストと行こうか」,
255700 ,,,,,,,,かなみ,かなみ,01kan047_003.wav,かなみ,10102,「うんっ」,
255800 ,,,,,,,,,,,かなみ,10102,　今回の授業の理解度は、水準点だったようだ。まあ、完璧ではないにしろ充分なところだろう。この調子で頑張ってくれれば、更に上を狙えるだろうな。,
256000 ,$return,,,,,,,,,,,,,
256100 ,&01kan521ln,,,9,3,,,,,,,,,
256500 ,,,,,,,,隆行,隆行,,,,「……よし、今日はこんなもんかな。なんかわからないことあるか？」,
256600 ,,,,,,,,かなみ,かなみ,01kan504_001.wav,かなみ,10101,「うーん……と。うん、だいじょうぶ……と思う」,
256700 ,,,,,,,,隆行,隆行,,かなみ,10101,「自信なさげだなぁ。ほんとに大丈夫？」,
256800 ,,,,,,,,かなみ,かなみ,01kan504_002.wav,かなみ,10102,「わかんなかったら、お＜兄＝義兄＞ちゃんところに電話してもいい？」,
256900 ,,,,,,,,隆行,隆行,,かなみ,10102,「もちろんＯＫだよ」,
257000 ,,,,,,,,かなみ,かなみ,01kan504_003.wav,かなみ,10103,「やった▼」,
257100 ,,,,,,,,,,,,,　今回の授業の理解度は、水準点だったようだ。まあ、完璧ではないにしろ充分なところだろう。この調子で頑張ってくれれば、更に上を狙えるだろうな。,
257300 ,$return,,,,,,,,,,,,,
257400 ,&01kan522ln,,,9,3,,,,,,,,,
257800 ,,,,,,,,隆行,隆行,,,,「……と、今日の授業はここまで」,
257900 ,,,,,,,,かなみ,かなみ,01kan505_001.wav,かなみ,10108,「おわったー」,
258000 ,,,,,,,,隆行,隆行,,かなみ,10108,「お疲れ様。分からないところとかなかったか？」,
258100 ,,,,,,,,かなみ,かなみ,01kan505_002.wav,かなみ,10101,「あ、ちょっとだけ。……ここなんだけど」,
258200 ,,,,,,,,隆行,隆行,,かなみ,10101,「どれどれ」,
258400 ,,,<!ef_timepass>,,,,,かなみ,かなみ,01kan505_003.wav,かなみ,10101,「うん、なんとかわかったみたい」,
258500 ,,,,,,,,,,,かなみ,10101,　今回の授業の理解度は、水準点だったようだ。まあ、完璧ではないにしろ充分なところだろう。この調子で頑張ってくれれば、更に上を狙えるだろうな。,
258700 ,$return,,,,,,,,,,,,,
258800 ,&01kan523ln,,,9,3,,,,,,,,,
259200 ,,,,,,,,隆行,隆行,,,,「……よし、今日の授業はこんなところかな」,
259300 ,,,,,,,,かなみ,かなみ,01kan506_001.wav,かなみ,10118,「あ、ほんとだ。もうこんな時間」,
259400 ,,,,,,,,隆行,隆行,,かなみ,10118,「ちょっと考え込んでたみたいだけど大丈夫か？」,
259500 ,,,,,,,,かなみ,かなみ,01kan506_002.wav,かなみ,10101,「あ、うん、だいたいわかったと思う」,
259600 ,,,,,,,,隆行,隆行,,かなみ,10101,「だいたいか……遠慮なく質問していいんだぞ？」,
259700 ,,,,,,,,かなみ,かなみ,01kan506_003.wav,かなみ,10101,「んー……と、だいじょうぶ。分からなかったらまた質問するね」,
259800 ,,,,,,,,隆行,隆行,,かなみ,10101,「ああ、そうしてくれ」,
259900 ,,,,,,,,,,,かなみ,10101,　今回の授業の理解度は、水準点だったようだ。まあ、完璧ではないにしろ充分なところだろう。この調子で頑張ってくれれば、更に上を狙えるだろうな。,
260100 ,$return,,,,,,,,,,,,,
260200 ,&01kan524ln,,,9,3,,,,,,,,,
260600 ,,,,,,,,隆行,隆行,,,,「……よし、今日はこんなもんかな。なんかわからないことあるか？」,
260700 ,,,,,,,,かなみ,かなみ,01kan507_001.wav,かなみ,10101,「ふんふんふん……と。うん、なんとか」,
260800 ,,,,,,,,隆行,隆行,,かなみ,10101,「なんとか……か」,
261000 ,,,,,,,,,,,かなみ,10101,　今回の授業の理解度は、水準点だったようだ。まあ、完璧ではないにしろ充分なところだろう。この調子で頑張ってくれれば、更に上を狙えるだろうな。,
261200 ,$return,,,,,,,,,,,,,
261300 ,&01kan525ln,,,9,3,,,,,,,,,
261700 ,,,,,,,,隆行,隆行,,,,「……と、今日の授業はここまで」,
261800 ,,,,,,,,かなみ,かなみ,01kan508_001.wav,かなみ,10108,「おわったー」,
261900 ,,,,,,,,隆行,隆行,,かなみ,10108,「疲れたか？」,
262000 ,,,,,,,,かなみ,かなみ,01kan508_002.wav,かなみ,10105,「んー、少し」,
262100 ,,,,,,,,隆行,隆行,,かなみ,10105,「分からないところはないか？」,
262200 ,,,,,,,,かなみ,かなみ,01kan508_003.wav,かなみ,10101,「うん、なんとかだいじょうぶ」,
262300 ,,,,,,,,隆行,隆行,,かなみ,10101,「なんとか……か」,
262400 ,,,,,,,,,,,かなみ,10101,　今回の授業の理解度は、水準点だったようだ。まあ、完璧ではないにしろ充分なところだろう。この調子で頑張ってくれれば、更に上を狙えるだろうな。,
262600 ,$return,,,,,,,,,,,,,
262700 ,&01kan530lb,,,9,3,,,,,,,,,
263100 ,,,,,,,,隆行,隆行,,,,「それじゃ、今日の授業はここまでな。うーん、ちょっと手応えがない感じだったけど、かなみはどうだった？」,
263200 ,,,,,,,,かなみ,かなみ,01kan048_001.wav,かなみ,10106,「えっと……ええっと……」,
263300 ,,,,,,,,隆行,隆行,,かなみ,10106,「いまひとつ、歯切れが悪いみたいだな」,
263400 ,,,,,,,,かなみ,かなみ,01kan048_002.wav,かなみ,10106,「うん……ちょっと、あたまの中がごちゃごちゃしちゃって……」,
263500 ,,,,,,,,隆行,隆行,,かなみ,10106,「まあ、いつまでも気に病むんじゃないぞ。宿題と復習で取り戻せばいいんだから。わからないトコが出てきたら、いつでも俺に聞けよ？」,
263600 ,,,,,,,,かなみ,かなみ,01kan048_003.wav,かなみ,10105,「うん……」,
263700 ,,,,,,,,,,,,,　今日の授業は、どうもイマイチだったか……。俺も、ちょっと教え方を反省しなきゃならないな。次に向けて頑張ろう……。,
263900 ,$return,,,,,,,,,,,,,
264000 ,&01kan531lb,,,9,3,,,,,,,,,
264400 ,,,,,,,,隆行,隆行,,,,「……よし、今日はこんなもんかな。なんかわからないことあるか？」,
264500 ,,,,,,,,かなみ,かなみ,01kan509_001.wav,かなみ,10105,「うーん……」,
264600 ,,,,,,,,隆行,隆行,,かなみ,10105,「なんかイマイチみたいだな……」,
264700 ,,,,,,,,かなみ,かなみ,01kan509_002.wav,かなみ,10106,「うん、ちょっとしゅうちゅうできてなかったみたい……ごめんなさい」,
264800 ,,,,,,,,隆行,隆行,,かなみ,10106,「いや、俺の進め方も悪かった気がする。ごめんな、かなみ」,
264900 ,,,,,,,,かなみ,かなみ,01kan509_003.wav,かなみ,10101,「お＜兄＝義兄＞ちゃん……」,
265000 ,,,,,,,,隆行,隆行,,かなみ,10101,「ま、お互い次はがんばろうな、かなみ」,
265100 ,,,,,,,,かなみ,かなみ,01kan509_004.wav,かなみ,10102,「うん！」,
265200 ,,,,,,,,,,,かなみ,10102,　今日の授業は、どうもイマイチだったか……。俺も、ちょっと教え方を反省しなきゃならないな。次に向けて頑張ろう……。,
265400 ,$return,,,,,,,,,,,,,
265500 ,&01kan532lb,,,9,3,,,,,,,,,
265900 ,,,,,,,,隆行,隆行,,,,「……と、今日の授業はここまで」,
266000 ,,,,,,,,かなみ,かなみ,01kan510_001.wav,かなみ,10102,「お、おわったぁ……」,
266100 ,,,,,,,,隆行,隆行,,かなみ,10102,「なんだか疲れきってるな」,
266200 ,,,,,,,,かなみ,かなみ,01kan510_002.wav,かなみ,10101,「なんかあたまの中、いっぱいいっぱいで……」,
266300 ,,,,,,,,隆行,隆行,,かなみ,10101,「そっか、ちょっと進め方失敗しちゃったな」,
266400 ,,,,,,,,,,,かなみ,10101,　今日の授業は、どうもイマイチだったか……。俺も、ちょっと教え方を反省しなきゃならないな。次に向けて頑張ろう……。,
266600 ,$return,,,,,,,,,,,,,
266700 ,&01kan533lb,,,9,3,,,,,,,,,
267100 ,,,,,,,,隆行,隆行,,,,「……よし、今日の授業はこんなところかな」,
267200 ,,,,,,,,かなみ,かなみ,01kan511_001.wav,かなみ,10118,「あ、ほんとだ。もうこんな時間」,
267300 ,,,,,,,,隆行,隆行,,かなみ,10118,「だいぶ考え込んでたみたいだけど大丈夫か？」,
267400 ,,,,,,,,かなみ,かなみ,01kan511_002.wav,かなみ,10107,「えっと……ええっと……」,
267500 ,,,,,,,,隆行,隆行,,かなみ,10107,「いまひとつ、歯切れが悪いみたいだな」,
267600 ,,,,,,,,かなみ,かなみ,01kan511_003.wav,かなみ,10107,「うん……ちょっと、あたまの中がごちゃごちゃしちゃって……」,
267700 ,,,,,,,,隆行,隆行,,かなみ,10107,「まあ、いつまでも気に病むんじゃないぞ。宿題と復習で取り戻せばいいんだから。わからないトコが出てきたら、いつでも俺に聞けよ？」,
267800 ,,,,,,,,かなみ,かなみ,01kan511_004.wav,かなみ,10107,「うん……」,
267900 ,,,,,,,,,,,かなみ,10107,　今日の授業は、どうもイマイチだったか……。俺も、ちょっと教え方を反省しなきゃならないな。次に向けて頑張ろう……。,
268100 ,$return,,,,,,,,,,,,,
268200 ,&01kan534lb,,,9,3,,,,,,,,,
268600 ,,,,,,,,隆行,隆行,,,,「……よし、今日はこんなもんかな。なんかわからないことあるか？」,
268700 ,,,,,,,,かなみ,かなみ,01kan512_001.wav,かなみ,10108,「……えぅぅぅ」,
268800 ,,,,,,,,隆行,隆行,,かなみ,10108,「……ダメ……みたいだな」,
268900 ,,,,,,,,かなみ,かなみ,01kan512_002.wav,かなみ,10106,「ごめんなさい…………」,
269000 ,,,,,,,,,,,かなみ,10106,　今日の授業は、どうもイマイチだったか……。俺も、ちょっと教え方を反省しなきゃならないな。次に向けて頑張ろう……。,
269200 ,$return,,,,,,,,,,,,,
269300 ,&01kan535lb,,,9,3,,,,,,,,,
269700 ,,,,,,,,隆行,隆行,,,,「……と、今日の授業はここまで」,
269800 ,,,,,,,,,,,,,　パタリ。,
269900 ,,,,,,,,,,,,,　終わるなり机に突っ伏してしまうかなみ。,
270000 ,,,,,,,,かなみ,かなみ,01kan513_001.wav,かなみ,10108,「……あぅぅぅぅ」,
270100 ,,,,,,,,隆行,隆行,,かなみ,10108,「なんだか疲れきってるな」,
270200 ,,,,,,,,かなみ,かなみ,01kan513_002.wav,かなみ,10108,「あたまから……湯気が出てる気がする……」,
270300 ,,,,,,,,隆行,隆行,,かなみ,10108,「ちょっと進め方失敗しちゃったかな……」,
270400 ,,,,,,,,,,,かなみ,10108,　今日の授業は、どうもイマイチだったか……。俺も、ちょっと教え方を反省しなきゃならないな。次に向けて頑張ろう……。,
270600 ,$return,,,,,,,,,,,,,
270700 ,&01kan610t,,,9,3,,,,,,,,,
271000 ,,,,,,,,隆行,隆行,,,,「それじゃ、かなみの実力を測定する小テストだ」,
271100 ,,,,,,,,かなみ,かなみ,01kan049_001.wav,かなみ,10101,「うん、がんばるねっ」,
271200 ,,,,,,,,隆行,隆行,,かなみ,10101,「あまり力まず、リラックスしてやれよ」,
271300 ,,,,,,,,かなみ,かなみ,01kan049_002.wav,かなみ,10102,「はーいっ」,
271500 ,$return,,,,,,,,,,,,,
271600 ,&01kan620t,,,9,3,,,,,,,,,
271900 ,,,,,,,,隆行,隆行,,,,「さて、お決まりの小テストに行くからな」,
272000 ,,,,,,,,かなみ,かなみ,01kan050_001.wav,かなみ,10101,「こっちはもうじゅんびばんたん、だよ」,
272100 ,,,,,,,,隆行,隆行,,かなみ,10101,「おっ、気合い入ってるな～」,
272200 ,,,,,,,,かなみ,かなみ,01kan050_002.wav,かなみ,10102,「うん、かなみがんばるからねっ」,
272400 ,$return,,,,,,,,,,,,,
272500 ,&01kan630t,,,9,3,,,,,,,,,
272800 ,,,,,,,,隆行,隆行,,,,「では、仕上げの小テストだ」,
272900 ,,,,,,,,かなみ,かなみ,01kan051_001.wav,かなみ,10101,「うん」,
273000 ,,,,,,,,隆行,隆行,,かなみ,10101,「最後まで気は抜くなよ？」,
273100 ,,,,,,,,かなみ,かなみ,01kan051_002.wav,かなみ,10127,「そんなのわかってる～」,
273300 ,$return,,,,,,,,,,,,,
273400 ,&01kan710tb,,<!ef_timepass>,2,3,,,,,,,,,
273700 ,,,,,,,,かなみ,かなみ,01kan052_001.wav,かなみ,10106,「ねぇ、どうかな……？」,
273800 ,,,,,,,,隆行,隆行,,かなみ,10106,「残念ながら、結果は芳しくない」,
273900 ,,,,,,,,かなみ,かなみ,01kan052_002.wav,かなみ,10108,「ああ……ごほうびはダメかぁ……」,
274000 ,,,,,,,,隆行,隆行,,かなみ,10108,「合格したら考えてあげるから、くじけるんじゃないぞ」,
274100 ,,,,,,,,かなみ,かなみ,01kan052_003.wav,かなみ,10101,「うんっ」,
274300 ,$return,,,,,,,,,,,,,
274400 ,&01kan720tb,,<!ef_timepass>,2,3,,,,,,,,,
274700 ,,,,,,,,隆行,隆行,,,,「うーん、これじゃ合格点はあげられないな……」,
274800 ,,,,,,,,かなみ,かなみ,01kan053_001.wav,かなみ,10107,「うー」,
274900 ,,,,,,,,隆行,隆行,,かなみ,10107,「悔しいか……？　その悔しさを、次につなげるんだ」,
275000 ,,,,,,,,かなみ,かなみ,01kan053_002.wav,かなみ,10107,「うん、がんばる」,
275200 ,$return,,,,,,,,,,,,,
275300 ,&01kan730tb,,<!ef_timepass>,2,3,,,,,,,,,
275600 ,,,,,,,,隆行,隆行,,,,「バツ、バツ、と……。うーむ、ちょっとイマイチの成績だな」,
275700 ,,,,,,,,かなみ,かなみ,01kan054_001.wav,かなみ,10107,「うう……」,
275800 ,,,,,,,,隆行,隆行,,かなみ,10107,「まあ、しょうがない、次に向けて頑張ろう」,
275900 ,,,,,,,,かなみ,かなみ,01kan054_002.wav,かなみ,10107,「うん」,
276100 ,$return,,,,,,,,,,,,,
276200 ,&01kan810ssm,,,2,3,,,,,,,,,
276600 ,,,,,,,,隆行,隆行,,,,「じゃ、宿題はこれな」,
276700 ,,,,,,,,かなみ,かなみ,01kan055_001.wav,かなみ,10107,「うー、それちょっと多すぎない？」,
276800 ,,,,,,,,隆行,隆行,,かなみ,10107,「そうか……？」,
276900 ,,,,,,,,かなみ,かなみ,01kan055_002.wav,かなみ,10107,「かなみ、やれるか自信ないよぉ～」,
277000 ,,,,,,,,隆行,隆行,,かなみ,10107,「うん……まあ、できるだけ頑張ってみてくれ」,
277200 ,$return,,,,,,,,,,,,,
277300 ,&01kan811ssm,,,2,3,,,,,,,,,
277700 ,,,,,,,,隆行,隆行,,,,「じゃ、宿題はこれな」,
277800 ,,,,,,,,かなみ,かなみ,01kan514_001.wav,かなみ,10119,「え～、こんなに～？」,
277900 ,,,,,,,,隆行,隆行,,かなみ,10119,「多いか……？」,
278000 ,,,,,,,,かなみ,かなみ,01kan514_002.wav,かなみ,10107,「がんばってみるけど……」,
278100 ,,,,,,,,隆行,隆行,,かなみ,10107,「出来る限りでいいから、な」,
278300 ,$return,,,,,,,,,,,,,
278400 ,&01kan812ssm,,,2,3,,,,,,,,,
278800 ,,,,,,,,隆行,隆行,,,,「じゃ、宿題はこれな」,
278900 ,,,,,,,,かなみ,かなみ,01kan515_001.wav,かなみ,10119,「…………多くない？」,
279000 ,,,,,,,,隆行,隆行,,かなみ,10119,「う……そうか？」,
279100 ,,,,,,,,かなみ,かなみ,01kan515_002.wav,かなみ,10107,「うーん、できるかなぁ……」,
279200 ,,,,,,,,隆行,隆行,,かなみ,10107,「まぁ、なるべくがんばってみてくれ」,
279400 ,$return,,,,,,,,,,,,,
279500 ,&01kan820ssg,,,2,3,,,,,,,,,
279900 ,,,,,,,,隆行,隆行,,,,「宿題は、いま言ったとおりだ。次の授業までにやっておくんだぞ」,
280000 ,,,,,,,,かなみ,かなみ,01kan056_001.wav,かなみ,10101,「うん、これぐらいならやれそう。かなみがんばるねっ」,
280100 ,,,,,,,,隆行,隆行,,かなみ,10101,「忘れたら、母さんに言って夕御飯ぬきにしてもらうからな？」,
280200 ,,,,,,,,かなみ,かなみ,01kan056_002.wav,かなみ,10127,「ぶー、おーぼーだよぉ～」,
280300 ,,,,,,,,隆行,隆行,,かなみ,10127,「ちゃんとやればいいことだよ」,
280500 ,$return,,,,,,,,,,,,,
280600 ,&01kan821ssg,,,2,3,,,,,,,,,
281000 ,,,,,,,,隆行,隆行,,,,「宿題は、いま言ったとおりだ。次の授業までにやっておくんだぞ」,
281100 ,,,,,,,,かなみ,かなみ,01kan516_001.wav,かなみ,10108,「はーい」,
281200 ,,,,,,,,隆行,隆行,,かなみ,10108,「できそうか？」,
281300 ,,,,,,,,かなみ,かなみ,01kan516_002.wav,かなみ,10101,「うん、だいじょうぶだと思う」,
281500 ,$return,,,,,,,,,,,,,
281600 ,&01kan822ssg,,,2,3,,,,,,,,,
282000 ,,,,,,,,隆行,隆行,,,,「宿題は、いま言ったとおりだ。次の授業までにやっておくんだぞ」,
282100 ,,,,,,,,かなみ,かなみ,01kan517_001.wav,かなみ,10101,「なるべく早くおわらせちゃお」,
282200 ,,,,,,,,隆行,隆行,,かなみ,10101,「出来れば毎日同じペースでやったほうがいいんだけどな」,
282300 ,,,,,,,,かなみ,かなみ,01kan517_002.wav,かなみ,10114,「そうなの？」,
282400 ,,,,,,,,隆行,隆行,,かなみ,10114,「こういうことは毎日の繰り返しが重要なんだよ」,
282500 ,,,,,,,,かなみ,かなみ,01kan517_003.wav,かなみ,10114,「毎日の繰り返し……」,
282600 ,,,,,,,,隆行,隆行,,かなみ,10114,「ま、毎週俺も来てる訳だし、かなみのペースでやれば問題ないよ」,
282700 ,,,,,,,,かなみ,かなみ,01kan517_004.wav,かなみ,10101,「ん、がんばる」,
282900 ,$return,,,,,,,,,,,,,
283000 ,&01kan830ssl,,,2,3,,,,,,,,,
283400 ,,,,,,,,隆行,隆行,,,,「かなみ、宿題はここだ。これなら楽にやれるだろ？」,
283500 ,,,,,,,,かなみ,かなみ,01kan057_001.wav,かなみ,10114,「んーと……これだけでいいの？」,
283600 ,,,,,,,,隆行,隆行,,かなみ,10114,「そうか、ちょっと少なすぎたかな？」,
283700 ,,,,,,,,かなみ,かなみ,01kan057_002.wav,かなみ,10119,「あっ、もう変更はダメだからねっ！　今週のしゅくだいはこれだけー、っと」,
283800 ,,,,,,,,隆行,隆行,,かなみ,10119,「うーん、仕方ないな……」,
284000 ,$return,,,,,,,,,,,,,
284100 ,&01kan831ssl,,,2,3,,,,,,,,,
284500 ,,,,,,,,隆行,隆行,,,,「かなみ、宿題はここだ。これなら楽にやれるだろ？」,
284600 ,,,,,,,,かなみ,かなみ,01kan518_001.wav,かなみ,10102,「うん♪」,
284700 ,,,,,,,,隆行,隆行,,かなみ,10102,「……ちょっと簡単すぎるか」,
284800 ,,,,,,,,かなみ,かなみ,01kan518_002.wav,かなみ,10119,「……ふやすの……？」,
284900 ,,,,,,,,隆行,隆行,,かなみ,10119,「う…………わかったよ。このままでいいよ」,
285000 ,,,,,,,,かなみ,かなみ,01kan518_003.wav,かなみ,10103,「わぁい▼」,
285200 ,$return,,,,,,,,,,,,,
285300 ,&01kan832ssl,,,2,3,,,,,,,,,
285700 ,,,,,,,,隆行,隆行,,,,「かなみ、宿題はここだ。これなら楽にやれるだろ？」,
285800 ,,,,,,,,かなみ,かなみ,01kan519_001.wav,かなみ,10114,「……これだけ？」,
285900 ,,,,,,,,隆行,隆行,,かなみ,10114,「確かにちょっと少ないな……」,
286000 ,,,,,,,,かなみ,かなみ,01kan519_002.wav,かなみ,10120,「そ、そんなことないよ！　だいじょうぶ！　ばっちり！　わぁ、はやくかたづけないとたいへんだぁ！」,
286100 ,,,,,,,,隆行,隆行,,かなみ,10120,「ま、まぁ、しょうがないか……」,
286300 ,$return,,,,,,,,,,,,,
286400 ,&01kan910de,,,2,3,,,,,,,,,
286700 ,,,,,,,,隆行,隆行,,,,「お疲れさん。今日はもう終わりだよ」,
286800 ,,,,,,,,かなみ,かなみ,01kan058_001.wav,かなみ,10102,「んっ、んん～っ。お＜兄＝義兄＞ちゃんもおつかれさまっ」,
286900 ,,,,,,,,隆行,隆行,,かなみ,10102,「ホント、かなみに勉強を教えるのは疲れるよ。いろいろ手もかかる子だし」,
287000 ,,,,,,,,かなみ,かなみ,01kan058_002.wav,かなみ,10108,「うー、ひどーい」,
287100 ,,,,,,,,隆行,隆行,,かなみ,10108,「まあ、『手のかかる子ほど可愛い』ってね……」,
287200 ,,,,,,,,かなみ,かなみ,01kan058_003.wav,かなみ,10118,「あっ、いまお＜兄＝義兄＞ちゃん『かわいい』って言ったっ！？　かなみのこと、かわいいって……！　えへっ、えへへっ」,
287300 ,,,,,,,,隆行,隆行,,かなみ,10118,「いや……ことわざというか慣用句みたいなモンだから、外見の『可愛い』とはまた別のニュアンスでな……？」,
287400 ,,,,,,,,かなみ,かなみ,01kan058_004.wav,かなみ,10102,「えへへへっ、かわいいって……かわいい……うふふっ」,
287500 ,,,,,,,,隆行,隆行,,かなみ,10102,「おい、かなみ……人の話はちゃんと……」,
287600 ,,,,,,,,かなみ,かなみ,01kan058_005.wav,かなみ,10101,「お＜兄＝義兄＞ちゃん、かなみがんばるねっ！　もっともっともーっと、がんばっちゃうからっ！！」,
287700 ,,,,,,,,隆行,隆行,,かなみ,10101,「あ、ああ……がんばるのは、いいことだ」,
287800 ,,,,,,,,かなみ,かなみ,01kan058_006.wav,かなみ,10101,「お＜兄＝義兄＞ちゃんが『かわいい』って言ってくれるから、かなみがんばるっ！」,
287900 ,,,,,,,,,,,かなみ,10101,　なんか、勝手な方向に激しく誤解しているようだが……まあ、本人のやる気につながるならそれでいいか。,
288000 ,,,,,,,,隆行,隆行,,かなみ,10101,「じゃあな、宿題と復習を忘れるなよ」,
288100 ,,,,,,,,かなみ,かなみ,01kan058_007.wav,かなみ,10102,「うんっ、かなみがんばるからねっ。イエー！」,
288200 ,,,,,,,,,,,かなみ,10102,　かなみは満面の笑顔と威勢のいいサムズアップで、出て行く俺を見送っていた。,
288400 ,$return,,,,,,,,,,,,,
288500 ,&01kan920de,,<!ef_timepass>,2,3,,,,,,,,,
288800 ,,,,,,,,隆行,隆行,,,,「さて、今日はこんなところで……んん？」,
288900 ,,,,,,,,かなみ,かなみ,01kan059_001.wav,,,「……………………」,
289000 ,,,,,,,,隆行,隆行,,,,「かなみ……？」,
289100 ,,,,,,,,かなみ,かなみ,01kan059_002.wav,,,「すぅ……すぅ……」,
289200 ,,,,,,,,隆行,隆行,,,,「おい……寝ちゃったのか？」,
289300 ,,,,,,,,,,,,,　かなみは、いつの間にか俺の肩によりかかって安らかな寝息を立てていた。,
289400 ,,,,,,,,隆行,隆行,,,,「もう、仕方ないな。この様子じゃ、宿題の範囲や今後の予定なんかもどうせ覚えてないだろうから……書き置きを残しておくか」,
289500 ,,,,,,,,,,,,,　俺は近くのメモ用紙に連絡事項を書き留めると、そっとかなみを抱き上げる。,
289600 ,,,,,,,,隆行,隆行,,,,「軽いな……かなみ」,
289700 ,,,,,,,,,,,,,　お持ち帰りサイズ、とも表現できそうな軽さと大きさのかなみをベッドに寝かせ、そろそろと布団をかける。,
289800 ,,,,,,,,かなみ,かなみ,01kan059_003.wav,,,「うにゅ……」,
289900 ,,,,,,,,隆行,隆行,,,,「ん……？」,
290000 ,,,,,9000,,,,,,,,　寝言で俺を呼ぶのかと思ったが、そんなこともなく……ベッドで安らかに眠るかなみを置いて、俺はそっと部屋を出た。,
290200 ,$return,,,,,,,,,,,,,
290300 ,&01kan930de,,,2,3,,,,,,,,,
290600 ,,,,,,,,隆行,隆行,,,,「じゃ、今日はこれで終わりだ。宿題は、次の授業までにきちんと終わらせておけよ」,
290700 ,,,,,,,,かなみ,かなみ,01kan060_001.wav,かなみ,10107,「わかってるよぉ～」,
290800 ,,,,,,,,隆行,隆行,,かなみ,10107,「……さて、俺は帰るかな」,
290900 ,,,,,,,,かなみ,かなみ,01kan060_002.wav,かなみ,10118,「お＜兄＝義兄＞ちゃん……もう、かえっちゃうの？」,
291000 ,,,,,,,,隆行,隆行,,かなみ,10118,「ああ、授業も終わったからな」,
291100 ,,,,,,,,かなみ,かなみ,01kan060_003.wav,かなみ,10127,「ここ……お＜兄＝義兄＞ちゃんの家なのに……たまには、お＜兄＝義兄＞ちゃんも泊まっていけばいいじゃない」,
291200 ,,,,,,,,隆行,隆行,,かなみ,10127,「泊まるっても……ベッドは下宿に持ち出しちゃったし、元々俺の部屋だった＜隣室＝となり＞は、今やほとんど物置状態だからな。寝るところがないだろ」,
291300 ,,,,,,,,かなみ,かなみ,01kan060_004.wav,かなみ,10113,「ここ……ここがあるよ……」,
291400 ,,,,,,,,,,,かなみ,10113,　かなみは、消え入りそうな声で自分のベッドを指差す。,
291500 ,,,,,,,,隆行,隆行,,かなみ,10113,「おっ、おい……そんなことできる訳ないだろ！？　だいいち、そんなの父さんや母さんがなんて言うか……」,
291600 ,,,,,,,,かなみ,かなみ,01kan060_005.wav,かなみ,10127,「ぶー、ダメなのぉ～？　昔は、よくふたりでいっしょに寝たのにぃ～」,
291700 ,,,,,,,,隆行,隆行,,かなみ,10127,「昔と違うんだ、今はもうダメなんだよ。……じゃあな、また今度」,
291800 ,,,,,,,,かなみ,かなみ,01kan060_006.wav,かなみ,10105,「うん……またね、お＜兄＝義兄＞ちゃん」,
291900 ,,,,,9000,,,,,,,,　俺は少し寂しそうな顔をするかなみに後ろ髪を引かれる思いで、実家を後にした。,
292100 ,$return,,,,,,,,,,,,,
292200 ,&01kan940de,,,2,3,,,,,,,,,
292500 ,,,,,,,,隆行,隆行,,,,「よし、それじゃ今日はこれでおしまいっ」,
292600 ,,,,,,,,かなみ,かなみ,01kan520_001.wav,かなみ,10102,「おつかれさまでしたっ」,
292700 ,,,,,,,,隆行,隆行,,かなみ,10102,「かなみもおつかれさま」,
292800 ,,,,,,,,かなみ,かなみ,01kan520_002.wav,かなみ,10102,「ね、ね、今日はおゆうはんいっしょに食べていってくれるんでしょ？」,
292900 ,,,,,,,,隆行,隆行,,かなみ,10102,「そういや、今日は二人とも遅いとか言ってたっけ」,
293000 ,,,,,,,,かなみ,かなみ,01kan520_003.wav,かなみ,10101,「うん。お＜兄＝義兄＞ちゃんのぶんもごはん用意してあるからって」,
293100 ,,,,,,,,隆行,隆行,,かなみ,10101,「ということは温めるだけってことか……かなみも料理できるようになるといいんだけどな」,
293200 ,,,,,,,,かなみ,かなみ,01kan520_004.wav,かなみ,10116,「そうしたらお＜兄＝義兄＞ちゃん食べてくれる？」,
293300 ,,,,,,,,隆行,隆行,,かなみ,10116,「食えるものならな」,
293400 ,,,,,,,,かなみ,かなみ,01kan520_005.wav,かなみ,10127,「ぶーっ！　ちゃんと食べれるものくらい作れますよーっだ」,
293500 ,,,,,,,,隆行,隆行,,かなみ,10127,「かなみに上手く出来るのかぁ？」,
293600 ,,,,,,,,かなみ,かなみ,01kan520_006.wav,かなみ,10127,「むっ！　そうまで言うなら今日食べていってもらうんだからっ！」,
293700 ,,,,,,,,隆行,隆行,,かなみ,10127,「なっ」,
293800 ,,,,,9000,,,,,,,,　数時間後、結局母さんの作った料理を温めなおして遅い夕御飯にありついた。,
293900 ,,,,,,,,,,,,,　母さん、仕事で忙しいのは分かりますが、娘に料理の基本くらい教えておいてください……。,
294100 ,$return,,,,,,,,,,,,,
294200 ,&01kan950de,,,2,3,,,,,,,,,
294500 ,,,,,,,,隆行,隆行,,,,「はい、それじゃお疲れ様。宿題忘れるなよ？」,
294600 ,,,,,,,,かなみ,かなみ,01kan521_001.wav,かなみ,10114,「はーい……あれ？　お＜兄＝義兄＞ちゃん、もう帰っちゃうの？」,
294700 ,,,,,,,,隆行,隆行,,かなみ,10114,「別にいてもすること無いし」,
294800 ,,,,,,,,かなみ,かなみ,01kan521_002.wav,かなみ,10116,「じゃ、じゃぁ、かなみと遊ぼ！」,
294900 ,,,,,,,,隆行,隆行,,かなみ,10116,「早く帰って夕御飯食べたいし」,
295000 ,,,,,,,,かなみ,かなみ,01kan521_003.wav,かなみ,10116,「うちで食べればいいよ！」,
295100 ,,,,,,,,隆行,隆行,,かなみ,10116,「御飯炊いたまま残ってるから食べちゃわないとカピカピになっちゃうし」,
295200 ,,,,,,,,かなみ,かなみ,01kan521_004.wav,かなみ,10108,「うう……お＜兄＝義兄＞ちゃんは、かなみよりカピカピのごはんが大事なんだぁ～！」,
295300 ,,,,,,,,隆行,隆行,,かなみ,10108,「いや、カピカピにならないようにだな……わわっ！　わたっ！　た、たたくな！」,
295400 ,,,,,,,,かなみ,かなみ,01kan521_005.wav,かなみ,10119,「バカバカバカバカ！」,
295500 ,,,,,,,,隆行,隆行,,かなみ,10119,「わ、わかった！　わかったから！」,
295600 ,,,,,9000,,,,,,,,　結局、炊飯器の中の御飯はカピカピになってしまった。,
295800 ,$return,,,,,,,,,,,,,
295900 ,&01kan960de,,,2,3,,,,,,,,,
296200 ,,,,,,,,隆行,隆行,,,,「はい、それじゃお疲れ様。宿題忘れるなよ？」,
296300 ,,,,,,,,かなみ,かなみ,01kan522_001.wav,かなみ,10114,「はーい……あれ？　お＜兄＝義兄＞ちゃん、もう帰っちゃうの？」,
296400 ,,,,,,,,隆行,隆行,,かなみ,10114,「今日はちょっと見たいテレビがあるんだよ」,
296500 ,,,,,,,,かなみ,かなみ,01kan522_002.wav,かなみ,10107,「そっかぁ……」,
296600 ,,,,,,,,隆行,隆行,,かなみ,10107,「ん？　なんか用事あったか？」,
296700 ,,,,,,,,かなみ,かなみ,01kan522_003.wav,かなみ,10107,「ううん……そうじゃないけど……」,
296800 ,,,,,,,,隆行,隆行,,かなみ,10107,「それじゃ、また今度――」,
296900 ,,,,,,,,かなみ,かなみ,01kan522_004.wav,かなみ,10116,「そうだ！　テレビうちで見ていけばいいよ！」,
297000 ,,,,,,,,隆行,隆行,,かなみ,10116,「ちょ、かなみ、お、おいっ、ひっぱるなって！」,
297100 ,,,,,9000,,,,,,,,　結局、父さんが帰ってきてニュース番組を見始めたので、俺が見たかったテレビは見ることが出来なかった。,
297200 ,,,,,,,,,,,,,　がっくし。,
297400 ,$return,,,,,,,,,,,,,
297500 ,&01kan970de,,<!ef_timepass>,2,3,,,,,,,,,
297800 ,,,,,,,,隆行,隆行,,,,「さて、今日はこんなところで……んん？」,
297900 ,,,,,,,,かなみ,かなみ,01kan523_001.wav,,,「……………………」,
298000 ,,,,,,,,隆行,隆行,,,,「かなみ……？」,
298100 ,,,,,,,,かなみ,かなみ,01kan523_002.wav,,,「すぅ……すぅ……」,
298200 ,,,,,,,,隆行,隆行,,,,「おい……寝ちゃったのか？」,
298300 ,,,,,,,,,,,,,　かなみは、いつの間にか俺の肩によりかかって安らかな寝息を立てていた。,
298400 ,,,,,,,,隆行,隆行,,,,「もう、仕方ないな。この様子じゃ、宿題の範囲や今後の予定なんかもどうせ覚えてないだろうから……書き置きを残しておくか」,
298500 ,,,,,,,,,,,,,　俺は近くのメモ用紙に連絡事項を書き留めると、そっとかなみを抱き上げる。,
298600 ,,,,,,,,かなみ,かなみ,01kan523_003.wav,,,「……ふあ、あ……お＜兄＝義兄＞……ちゃん……？」,
298700 ,,,,,,,,隆行,隆行,,,,「あ、起こしちゃったか？」,
298800 ,,,,,,,,かなみ,かなみ,01kan523_004.wav,,,「……お＜兄＝義兄＞ちゃんに……だっこ……されてる……」,
298900 ,,,,,,,,,,,,,　なんか、まだまどろんでるみたいだ。,
299000 ,,,,,,,,隆行,隆行,,,,「そのまま寝ておきな……」,
299100 ,,,,,,,,かなみ,かなみ,01kan523_005.wav,,,「んふふ……▼　お＜兄＝義兄＞……ちゃん……すぅ……すぅ……」,
299200 ,,,<!se_door_room>,,9000,,,,,,,,　俺はかなみをベッドに寝かせると、起こさないようにそっと部屋を出た。,
299400 ,$return,,,,,,,,,,,,,
,,,,,,,,,,,,,,

