%line,%seq,%cheffect,%effect1,%music,%bg,%cg,%ov,%truename,%name,%voice,%st_center_name,%st_center,%text,
10000 ,&03nat000op,,,4294967295,9000,,,,,,,,,
10290 ,,,<!se_natsuyu_chime><wait 700>,,,,,,,,,,,
10300 ,,,,6,6,,,,,,,,　まあ、ある程度は予想していたが……。,
10400 ,,,,,,,,隆行,隆行,,,,「まさか、こんなにデカい家の子だとはなあ……」,
10500 ,,,,,,,,,,,,,　俺は連綿と続く塀、巨大な玄関、そして“鎮座まします”といった風情の住居らしき建物を見て、大きなため息をついた。,
10600 ,,,,,,,,隆行,隆行,,,,「マジかよ……いったい何坪あるんだ、この屋敷……」,
10700 ,,,,,,,,りおん,メイドの女の子,04rio101_001.wav,りおん,40114,「あっ……ひょっとして、なつゆお嬢様の家庭教師をされる方ですか？」,
10800 ,,,,,,,,隆行,隆行,,りおん,40114,「あっ、はい……こちらに派遣されてきました、家庭教師の森崎です」,
10900 ,,,,,,,,りおん,りおん,04rio101_002.wav,りおん,40102,「ようこそいらっしゃいました。私、なつゆお嬢様のお世話をしております『りおん』と申します。お部屋へご案内いたしますので、どうぞお入りくださいっ」,
11000 ,,,,,,,,隆行,隆行,,りおん,40102,「ど、どうも……」,
11100 ,,,<!ef_move>,,9,,,,,,,,　小さなメイドさんの指示に従い、俺は邸宅内へと入った。豪奢な玄関を潜り抜けると廊下は消失点へ向けて綺麗に伸びている。,
11200 ,,,,,,,,りおん,りおん,04rio101_003.wav,りおん,40101,「森崎さま、おべんきょう部屋まではここからしばらく歩きますので……私を見失わないように、ごちゅういくださいませっ」,
11300 ,,,,,,,,隆行,隆行,,りおん,40101,「ああ……俺のことは、そんな呼び方しなくていいですよ。単に名前で読んでくれれば……下の名前、隆行っていいます」,
11400 ,,,,,,,,りおん,りおん,04rio101_005.wav,りおん,40101,「かしこまりました。それじゃ……『隆行さま』でよろしいですか？」,
11500 ,,,,,,,,隆行,隆行,,りおん,40101,「うん、それで。えっと、君の名前……」,
11600 ,,,,,,,,りおん,りおん,04rio101_006.wav,りおん,40103,「りおん、ですっ」,
11700 ,,,,,,,,隆行,隆行,,りおん,40103,「じゃあ俺も『りおんちゃん』でいいかな……？」,
11800 ,,,,,,,,りおん,りおん,04rio101_007.wav,りおん,40101,「はいっ、隆行さま」,
11900 ,,,,,,,,,,,,,　俺はりおんちゃんに連れられ、俺は延々と続く廊下を歩く。,
12000 ,,,,,,,,,,,,,　まあ、これだけデカい家ならメイドさんがいたっておかしくはないだろうけど……それにしたって、この子は小さいような……。,
12200 ,,,<!ef_timepass>,,,,,りおん,りおん,04rio101_004.wav,りおん,40103,「おつかれさまでございました。おべんきょう部屋はこちらです」,
12400 ,,,<!se_natsuyu_door_open>,,9000,,,,,,,,　りおんちゃんは笑顔で軽く頭を下げると、俺を室内へと誘った。,
12600 ,,,<!se_natsuyu_door_close>,,7,,,隆行,隆行,,,,「うわっ、ここも豪華だな……」,
12700 ,,,,,,,,,,,,,　りおんちゃん、さっきここを『勉強部屋』とか言ってたけど……この間テレビで見たヨーロッパの高級ホテルみたい……。,
12800 ,,,,,,,,りおん,りおん,04rio101_008.wav,りおん,40101,「隆行さま、そちらへおすわりになってくださいませっ」,
12900 ,,,,,,,,,,,りおん,40101,　りおんちゃんが入ってきて、深々と一礼する。,
13000 ,,,,,,,,りおん,りおん,04rio101_009.wav,りおん,40101,「なつゆお嬢様、どうぞ」,
13100 ,,,,,,,,なつゆ,なつゆ,03nat101_001.wav,なつゆ,30101,「………………」,
13200 ,,,,,,,,,,,なつゆ,30101,　りおんちゃんに続いて、いかにもお嬢様……といった雰囲気の女の子が、しゃなりと歩いてきた。,
13300 ,,,,,,,,りおん,りおん,04rio101_010.wav,りおん,40101,「なつゆお嬢様、こちらが家庭教師の森崎先生です」,
13400 ,,,,,,,,なつゆ,なつゆ,03nat101_002.wav,なつゆ,30121,「ふぅん…………冴えないわね……」,
13500 ,,,,,,,,隆行,隆行,,なつゆ,30121,「なっ……！？」,
13600 ,,,,,,,,,,,なつゆ,30121,　なっ、なんだ！？　初対面でいきなり……。,
13700 ,,,,,,,,なつゆ,なつゆ,03nat101_003.wav,なつゆ,30101,「まあ、よろしいですわ。さあ先生、授業を始めなさい」,
13800 ,,,,,,,,隆行,隆行,,なつゆ,30101,「えっ……！？」,
13900 ,,,,,,,,,,,なつゆ,30101,　なっ、なんなんだこの居丈高な態度は！？　なるほど、これじゃ何度も家庭教師が変わる訳だ……。,
14000 ,,,,,,,,隆行,隆行,,なつゆ,30101,「それじゃ、えっと、なつゆちゃん……」,
14100 ,,,,,,,,なつゆ,なつゆ,03nat101_004.wav,なつゆ,30104,「なつゆ、と呼び捨てで結構ですわ」,
14200 ,,,,,,,,隆行,隆行,,なつゆ,30104,「えっ、でも……」,
14300 ,,,,,,,,なつゆ,なつゆ,03nat101_005.wav,なつゆ,30104,「わたくしはレディです。子供扱いは不愉快ですの」,
14400 ,,,,,,,,隆行,隆行,,なつゆ,30104,「あっ、えっと……じゃ、なつゆ……」,
14500 ,,,,,,,,なつゆ,なつゆ,03nat101_006.wav,なつゆ,30102,「はい、先生」,
14600 ,,,,,,,,隆行,隆行,,なつゆ,30102,「その……りおんちゃんのことなんだけど」,
14700 ,,,,,,,,なつゆ,なつゆ,03nat101_007.wav,なつゆ,30121,「りおんがなにか……？」,
14800 ,,,,,,,,隆行,隆行,,なつゆ,30121,「あっ、いや……授業中も、そうやって近くに控えさせたままにするのかな……と思って」,
14900 ,,,,,,,,なつゆ,なつゆ,03nat101_008.wav,なつゆ,30121,「問題がありまして？」,
15000 ,,,,,,,,隆行,隆行,,なつゆ,30121,「少し……気が散るかも知れない。君にも集中して欲しいし」,
15100 ,,,,,,,,なつゆ,なつゆ,03nat101_009.wav,なつゆ,30101,「そうですの。……それならりおん、下がりなさい」,
15200 ,,,,,,,,りおん,りおん,04rio101_011.wav,りおん,40101,「はい、かしこまりましたっ。なつゆお嬢様、隆行さま、失礼いたします」,
15300 ,,,<!se_natsuyu_door>,,,,,,,,,,　りおんちゃんは深々と一礼して、勉強部屋を後にした。,
15400 ,,,,,,,,なつゆ,なつゆ,03nat101_010.wav,なつゆ,30101,「さあ、おのぞみ通りにいたしましたわ。授業を始めなさいな」,
15500 ,,,,,,,,隆行,隆行,,なつゆ,30101,「ああ、うん……」,
15600 ,,,,,,,,,,,,,　俺は予想外の授業風景に緊張しながら、テキスト類を準備し始める。,
15700 ,,,,,,,,,,,,,　この子もツンケンした態度だし、なんだかやりにくいなあ……。,
15900 ,$return,,,,,,,,,,,,,
16000 ,&03nat010h,,<!ef_timepass>,6,7,,,,,,,,,
16300 ,,,,,,,,隆行,隆行,,,,「うん、勉強の成果が出始めてる。おめでとう、これからも頑張ってこう」,
17000 ,,,,,,,,なつゆ,なつゆ,03nat102_003.wav,なつゆ,30122,「ふう、勉強にも疲れましたわ」,
17090 ,,,,,,,,,,,なつゆ,30122,　……やはり、この子は扱いづらいなぁ……。,
17100 ,,,,,,,,,,,なつゆ,30122,　なつゆは＜気怠＝けだる＞そうに首をかしげると、思い出したかのように言った。,
17200 ,,,,,,,,なつゆ,なつゆ,03nat102_004.wav,なつゆ,30102,「ああ、そうですわね。今日は先生がいらっしゃるから、先生にやっていただきますか……」,
17300 ,,,,,,,,隆行,隆行,,なつゆ,30102,「んん、俺？　俺が……なに？」,
17400 ,,,,,,,,,,,なつゆ,30102,　なつゆは椅子を持ってきて、俺の正面に座る。いったいなんだろうと思って見ていると、なつゆは突然……。,
17600 ,,,<!pre_ev1>,10,,2101,,なつゆ,なつゆ,03nat102_005.wav,なつゆ,30101,「お舐めなさい」,
17700 ,,,,,,2101,,隆行,隆行,,,,「えっ、ちょっと……舐めるって、ええっ！？」,
17800 ,,,,,,2101,,,,,,,　あまりのことに俺が驚いていると、なつゆは平然とした様子で言葉を続けた。,
17900 ,,,,,,2101,,なつゆ,なつゆ,03nat102_006.wav,なつゆ,30101,「あなたも、まるっきり経験がないというわけではないのでしょう？　でしたら、わたくしが何をしていただきたいかは察してくださいな」,
18000 ,,,,,,2101,,,,,,,　そう言ってなつゆは、くいっ、くいっと挑発的に足を広げる。,
18100 ,,,,,,2101,,,,,,,　な、なんだおい……誘ってるのか！？,
18200 ,,,,,,2101,,なつゆ,なつゆ,03nat102_007.wav,なつゆ,30101,「いつもはりおんにやらせていますが、本日は先生がいらっしゃいますから……特別に、あなたに奉仕を命じます」,
18300 ,,,,,,2101,,,,,,,　＜凛＝りん＞とした声でそう言うと、長い髪を軽くふわっとかき上げる。,
18400 ,,,,,,2101,,隆行,隆行,,,,「えっ、あっ、うん……」,
18500 ,,,,,,2101,,,,,,,　不思議と従わせるような響きがあったその声に、俺は何故だか＜抗＝あらが＞う気にならず……言われるまま、なつゆの股間に顔をうずめた。,
18700 ,,,<!pre_ev1>,,,2102,,なつゆ,なつゆ,03nat102_008.wav,なつゆ,30101,「んふっ、んんっ……」,
18800 ,,,,,,2102,,,,,,,　薄いショーツに舌先が触れた瞬間、なつゆは鼻にかかったような色っぽい声を漏らした。,
18900 ,,,,,,2102,,隆行,隆行,,,,「んんっ……香水……？」,
19000 ,,,,,,2102,,,,,,,　ショーツか服にでも、香水を染み込ませてあるのか……ほんのわずかに良い香りがする。それはなつゆの身体の匂いと合わさって、控えめな品の良い香りとなっていた。,
19100 ,,,,,,2102,,なつゆ,なつゆ,03nat102_009.wav,なつゆ,30101,「ふふっ、自分に合った香水を選ぶのは淑女のたしなみですわ……んんっ、んああっ……」,
19200 ,,,,,,2102,,,,,,,　俺はそのまま、ショーツ越しのおま○こをペロペロと舐めた。柔らかくぷにっと膨らんだなつゆのおま○こは、舌先で押すと中からじわっと愛液が染み出てくる。,
19300 ,,,,,,2102,,なつゆ,なつゆ,03nat102_010.wav,なつゆ,30101,「んくっ、んあああっ……！　なかなか筋が良いですわ、先生……」,
19400 ,,,,,,2102,,,,,,,　俺の唾液はショーツに吸われていったが、じきにおま○こから出てくる愛液とでビショビショになった。,
19500 ,,,,,,2102,,,,,,,　俺は濡れたショーツに大きくかぶりつき、わざと水音を立てるようにして愛液を吸い上げる。,
19600 ,,,,,,2102,,なつゆ,なつゆ,03nat102_011.wav,なつゆ,30101,「んっ、せんせ……ぃっ、お上手……ですわね……」,
19700 ,,,,,,2102,,,,,,,　なつゆのショーツもあまり厚くない生地ではあるが、おま○この辺りは布が重ねてあって刺激を与えにくい。,
19800 ,,,,,,2102,,,,,,,　俺は舌先に力を込め、クリトリスの辺りにキッと突き立ててみた。,
19900 ,,,,,,2102,,なつゆ,なつゆ,03nat102_012.wav,なつゆ,30101,「ひっ……！？　んっ、んあうっ……ふぁ、あああん……そこ、そこは……」,
20000 ,,,,,,2102,,,,,,,　うまい具合に敏感なポイントを突いたのか、なつゆは大きな声を上げて感じ始める。,
20100 ,,,,,,2102,,なつゆ,なつゆ,03nat102_013.wav,なつゆ,30101,「はぁんっ、あっあっあっあっ……あん、あんんっ！　んんっ、んんんんっ……ふうっ、ふうっ……」,
20200 ,,,,,,2102,,,,,,,　クリトリスを責められたなつゆの顔は、もう真っ赤に上気していた。努めて平静を装おうとしているのが、はっきりとわかる。,
20300 ,,,,,,2102,,なつゆ,なつゆ,03nat102_014.wav,なつゆ,30101,「はぁっ、ああっ……先生、すごく良いですわ……今度は直接、していただけませんこと？」,
20400 ,,,,,,2102,,,,,,,　なつゆはショーツに指をかけると、自らおま○こをあらわにした。しかしその顔にいつもの余裕はなく、もはや指示というよりも懇願に近い。,
20500 ,,,,,,2102,,,,,,,　ショーツをめくると、香水の香りとは違う……女の子の匂いが、ふっと漂ってきた。俺はその香りを、鼻いっぱいに吸い込む。,
20600 ,,,,,,2102,,なつゆ,なつゆ,03nat102_015.wav,なつゆ,30101,「まだですの……？　はやく、はやくしてくださいな……はあんっ、あああっ……」,
20800 ,,,<!pre_ev1>,,,2103,,,,,,,　猥雑な陰毛など全くない、清楚で小さなおま○こをじっと見つめる。それから、俺はゆっくりとその割れ目に舌を差し入れた。,
20900 ,,,,,,2103,,なつゆ,なつゆ,03nat102_016.wav,なつゆ,30101,「ああああんっ、んあああっ……！」,
21000 ,,,,,,2103,,,,,,,　割れ目から舌を抜き取ると今度は口を大きく広げ、おま○こ全体に優しくかぶりつく。なだらかな丘の土手は餅のように柔らかく、そして暖かかった。,
21100 ,,,,,,2103,,なつゆ,なつゆ,03nat102_017.wav,なつゆ,30101,「あっ、あっあっああんっ……ああ、すごい……んんっ、あんんんっ！」,
21200 ,,,,,,2103,,,,,,,　なつゆの成長しきっていない小さなおま○こは、実にシンプルな構造をしている。,
21300 ,,,,,,2103,,,,,,,　ぷっくりとした土手の割れ目の中には、ちょっとだけしか盛り上がってない＜小陰唇＝ラビア＞。前庭もピンク一色で大きな起伏はなく、膣口と尿道口の小さな穴が２つ空いているだけである。,
21400 ,,,,,,2103,,,,,,,　俺はその前庭をピチャピチャと音を立てて舐めながら、なつゆに＜訊＝き＞いた。,
21500 ,,,,,,2103,,隆行,隆行,,,,「こういったこと……いつもはメイドの娘にやらせてるのか？」,
21600 ,,,,,,2103,,なつゆ,なつゆ,03nat102_018.wav,なつゆ,30101,「あんっ、んんんっ……ええ、そうですわよ……」,
21700 ,,,,,,2103,,隆行,隆行,,,,「へえ……その娘はここも、責めてくれるのかい？」,
21800 ,,,,,,2103,,,,,,,　俺はクリトリスを覆う包皮のサヤに指をかけると、やや乱暴に撫で回し、そして皮を剥き上げた。,
21900 ,,,,,,2103,,なつゆ,なつゆ,03nat102_019.wav,なつゆ,30101,「ひゃ、ううっ！？　そ、そこはあまり……」,
22000 ,,,,,,2103,,隆行,隆行,,,,「そうか、ここが一番気持ちよくなれるのに……もったいないな」,
22100 ,,,,,,2103,,なつゆ,なつゆ,03nat102_020.wav,なつゆ,30101,「ひっ、あうんっ……！　あっあっ、んんんんっ！　あっあっ、んぁぁぁっ」,
22200 ,,,,,,2103,,,,,,,　クリトリスを愛撫されたなつゆは、身体を弓なりに反らしたり、また折り曲げたりして……その快感を、身体全体で表現する。,
22300 ,,,,,,2103,,なつゆ,なつゆ,03nat102_021.wav,なつゆ,30101,「ああっ、んあああっ……あううっ、んあんっ……確かに、とても気持ちよいですわ……そこ……」,
22400 ,,,,,,2103,,隆行,隆行,,,,「大人のレディであるなつゆなら、ここの名称はもちろん知ってるよな？」,
22500 ,,,,,,2103,,,,,,,　俺は剥き出しにしたクリトリスを舌で優しく転がしながら、なつゆに意地悪な質問を仕掛ける。,
22600 ,,,,,,2103,,なつゆ,なつゆ,03nat102_022.wav,なつゆ,30101,「やっ、あっ、あんっ、もちろん……それは、えっと……きゃううんっ、あああっ、ああ……」,
22700 ,,,,,,2103,,なつゆ,なつゆ,03nat102_023.wav,なつゆ,30101,「せ、先生があまりに気持ちよくさせるものですから……頭が混乱してしまって、言葉が出てまいりませんわ……」,
22800 ,,,,,,2103,,隆行,隆行,,,,「ふふ……クリトリス、だろ？」,
22900 ,,,,,,2103,,なつゆ,なつゆ,03nat102_024.wav,なつゆ,30101,「そうっ、それ……！　クリトリス、クリトリスですの！　クリトリスが、とても気持ちよいのです……先生、もっと舐めて下さいな、わたくしのクリトリスを……」,
23000 ,,,,,,2103,,隆行,隆行,,,,「ああ……なつゆのぷくっと腫れたクリトリス、もっといじってあげるよ」,
23100 ,,,,,,2103,,,,,,,　俺はおま○この上部に唇をすぼめて吸い付かせ、クリトリスごと思いっきり吸い上げた。,
23200 ,,,,,,2103,,なつゆ,なつゆ,03nat102_025.wav,なつゆ,30101,「んああああっ！　ああああっ……！　強く吸われるたび、背筋をビリビリと……電流が走りますわ……うあっ、あっ、あっ……」,
23300 ,,,,,,2103,,,,,,,　更に吸い上げる口の中で、クリトリスを舌先で素早く転がす。するとおま○こから染み出てくる愛液の量が、一気に増えてきた。,
23400 ,,,,,,2103,,なつゆ,なつゆ,03nat102_026.wav,なつゆ,30101,「はあっ、ああああっ……！　どういうことですの……？　あああ、からだの力が抜けてしまいます……ああんっ、先生、わたくし、わたくし……どうなってしまいますの……？」,
23500 ,,,,,,2103,,隆行,隆行,,,,「力を抜いていいんだよ。そのまま、気持ちよさに身を任せて……俺が、イカせてあげるから」,
23600 ,,,,,,2103,,なつゆ,なつゆ,03nat102_027.wav,なつゆ,30101,「はっ、あっ、ああんんっ！　先生、わたくし……あっ、あっ、ああああっ、んああああぁぁぁぁ……っ！！」,
23700 ,,,,,,2103,,,,,,,　ビクン、ビクンと、なつゆのおま○こが脈動した。愛液を押し出すように膣口がせり上がってきて、透明な液体をしたたらせる。,
23800 ,,,,,,2103,,,,,,,　俺はそれを舌ですくい取りながら、強い女の子の香りを放つなつゆのおま○こを優しく舐めて回った。,
23900 ,,,,,,2103,,なつゆ,なつゆ,03nat102_028.wav,なつゆ,30101,「はあっ、ああっ、あうん……りおんの舌とは、全然違う……なんてすごいのでしょう……ああ……」,
24000 ,,,,,,2103,,,,,,,　絶頂を迎えたなつゆは、トロンとした目でだらしなく口を開け……唇の端からは、一筋のよだれを垂らしている。,
24100 ,,,,,,2103,,隆行,隆行,,,,「なつゆ……？」,
24400 ,,,,4294967295,,,,なつゆ,なつゆ,03nat102_029.wav,なつゆ,30128,「……はっ？　あっ、あのっ、えっ」,
24500 ,,,,,,,,,,,なつゆ,30128,　なつゆは慌てて口のよだれを拭くと、またキッとした表情に戻って言った。,
24600 ,,,,6,,,,なつゆ,なつゆ,03nat102_030.wav,なつゆ,30101,「先生、なんですの？」,
24700 ,,,,,,,,,,,なつゆ,30101,　なんというか、この澄ました顔はやっぱりキレイだ……さっきまでいやらしく＜喘＝あえ＞いでいた娘とは、別人に見えるほどだよな……。,
24800 ,,,,,,,,隆行,隆行,,なつゆ,30101,「なつゆちゃん……」,
24900 ,,,,,,,,なつゆ,なつゆ,03nat102_031.wav,なつゆ,30112,「もう……何度申しつけたらわかりますの！？　わたくしは、一個の大人として扱ってくださいまし。『ちゃん』づけなんて子供扱いは、よしてくださいます？」,
25000 ,,,,,,,,隆行,隆行,,なつゆ,30112,「あっ、うん……ごめんな、なつゆ」,
25100 ,,,,,,,,,,,なつゆ,30112,　おれがそう言って肩に手を置こうとすると、なつゆは素早い動作で肩をずらしてそれをひらりとかわした。,
25200 ,,,,,,,,なつゆ,なつゆ,03nat102_032.wav,なつゆ,30104,「先生、気安いですわ。それとも、このわたくしに気でもございますの？」,
25300 ,,,,,,,,隆行,隆行,,なつゆ,30104,「ええっ？　いや、それは……」,
25400 ,,,,,,,,なつゆ,なつゆ,03nat102_033.wav,なつゆ,30102,「さて、次の勉強計画をお聞かせくださいません？」,
25500 ,,,,,,,,,,,なつゆ,30102,　なつゆは長く綺麗な髪をふぁさっとかき上げると、何事もなかったかのようにまた優雅な動作で椅子に座った。,
25600 ,,,,,,,,,,,なつゆ,30102,　自分でおま○こを開いて、俺を誘って……クンニまでさせる間柄だから、俺に相応の愛情なんかがあるかと思ったんだが……。,
25700 ,,,,,,,,,,,なつゆ,30102,　全く……ブルジョアの考えることは、わからないよ……。,
25900 ,$return,,,,,,,,,,,,,
26000 ,&03nat010ha,,,4294967295,9000,,,,,,,,,
26290 ,,,<!se_natsuyu_chime><wait 700>,,,,,,,,,,,
26300 ,,,,6,6,,,,,,,,　前回あんなことがあっただけに、今週の授業はなんとなくためらわれたが……しかし休む訳にもいかず、俺はなつゆの邸宅へとやってきた。,
26400 ,,,,,,,,りおん,りおん,04rio103_001.wav,りおん,40101,「あっ、隆行さま。いらっしゃいませ」,
26500 ,,,,,,,,隆行,隆行,,りおん,40101,「う、うん……」,
26600 ,,,,,,,,りおん,りおん,04rio103_002.wav,りおん,40102,「なつゆお嬢様もお部屋でお待ちです。こちらへどうぞ」,
26790 ,,,<!ef_move>,,7,,,,,,,,,
26800 ,,,,,,,,なつゆ,なつゆ,03nat103_001.wav,なつゆ,30101,「あら、先生。お待ちしておりましたわ」,
26900 ,,,,,,,,隆行,隆行,,なつゆ,30101,「あ、ああ……」,
27000 ,,,,,,,,,,,,,　なつゆはいつもと変わらない様子で、テキパキと授業の準備をしている。俺を気にする様子もない。,
27100 ,,,,,,,,,,,,,　なんだろう、これじゃ先週のコトが夢だったかのように思えてくるよ……。,
27200 ,,,,,,,,なつゆ,なつゆ,03nat103_002.wav,なつゆ,30121,「先生、なにを硬くしておられますの？」,
27300 ,,,,,,,,隆行,隆行,,なつゆ,30121,「いや……」,
27400 ,,,,,,,,なつゆ,なつゆ,03nat103_003.wav,なつゆ,30101,「はやく始めましょう。このあと、おけいこごとも抱えている身ですの」,
27500 ,,,,,,,,隆行,隆行,,なつゆ,30101,「ああ、うん……」,
27600 ,,,,,,,,,,,なつゆ,30101,　俺がなつゆの隣に座って準備を始めると、なつゆは手を動かしながらサラッと言った。,
27700 ,,,,,,,,なつゆ,なつゆ,03nat103_004.wav,なつゆ,30115,「……先週の奉仕、とても良かったですわ」,
27800 ,,,,,,,,隆行,隆行,,なつゆ,30115,「…………ッ！？」,
27900 ,,,,,,,,なつゆ,なつゆ,03nat103_005.wav,なつゆ,30102,「あなたを気に入りました。しっかりしつければ、わたくし専用の良い使用人になりそうです」,
28000 ,,,,,,,,隆行,隆行,,なつゆ,30102,「使用人、って……！」,
28100 ,,,,,,,,なつゆ,なつゆ,03nat103_006.wav,なつゆ,30103,「うふふっ、冗談ですわ。先生」,
28200 ,,,,,,,,,,,なつゆ,30103,　いや、その目……冗談には見えなかったぞ……。,
28300 ,,,,,,,,なつゆ,なつゆ,03nat103_007.wav,なつゆ,30102,「さあ、始めてくださいな」,
28400 ,,,,,,,,隆行,隆行,,なつゆ,30102,「ああ……それじゃ、今日からはひとつ上のステップになるぞ……」,
28600 ,$return,,,,,,,,,,,,,
28700 ,&03nat020h,,<!ef_timepass>,6,7,,,,,,,,,
29000 ,,,,,,,,隆行,隆行,,,,「ふぅ……」,
29100 ,,,,,,,,,,,,,　俺は小さなため息をつきながら、飲み干した紅茶のカップを皿に戻した。なつゆに言わせるとどこぞの高級茶葉らしいが、安物との違いなど庶民の俺にわかるはずもない。,
29200 ,,,,,,,,なつゆ,なつゆ,03nat104_001.wav,なつゆ,30103,「どうでした、今までお飲みになっていた紅茶とは格が違いますでしょう？」,
29300 ,,,,,,,,隆行,隆行,,なつゆ,30103,「ま、まあな……」,
29400 ,,,,,,,,,,,なつゆ,30103,　自販機の缶紅茶とあんまり変わらない感じだったが、とりあえず違いがわかる男のふりをしておいた。,
29500 ,,,,,,,,なつゆ,なつゆ,03nat104_002.wav,なつゆ,30102,「さて、先生」,
29600 ,,,,,,,,隆行,隆行,,なつゆ,30102,「は、はい」,
29700 ,,,,,,,,,,,なつゆ,30102,　不意に品の良い声で呼ばれて、俺は思わずかしこまった返事をしてしまう。,
29800 ,,,,,,,,なつゆ,なつゆ,03nat104_003.wav,なつゆ,30103,「ふふ、良いお返事ですわ。今日はあなたに、このわたくしからごほうびを差し上げようと思ってますの」,
29900 ,,,,,,,,隆行,隆行,,なつゆ,30103,「ご褒美？　……俺に？」,
30000 ,,,,,,,,なつゆ,なつゆ,03nat104_004.wav,なつゆ,30102,「ええ。……といっても、もう半分ほどはすでに差し上げてますけど」,
30100 ,,,,,,,,隆行,隆行,,なつゆ,30102,「どういうことだ？　別にご褒美なんて、俺はバイト代がもらえればそれで……」,
30290 ,,,"<s_effect_p bg/b.pgx,300,100,100>",,7,,,,,,,,,
30300 ,,"<1,yugami>","<s_effect_p bg/b.pgx,1500,100,0>",4294967295,,,,,,,,,　俺は立ち上がろうとして、急なめまいに襲われる。なんとか片ヒザをついて持ちこたえるが、もう身体の自由がほとんど利かない。,
30400 ,,,,,,,,隆行,隆行,,,,「な、なんだ……！？　うぐっ、あぁっ……」,
30500 ,,,,,,,,なつゆ,なつゆ,03nat104_005.wav,なつゆ,30103,「んふふふふふ」,
30600 ,,,,,,,,隆行,隆行,,なつゆ,30103,「なつゆ……まさか！？」,
30700 ,,,,,,,,,,,なつゆ,30103,　また、視界が一瞬暗くなる。もはや片ヒザの姿勢すら維持できなくなり、俺は床へ仰向けに倒れこんだ。,
30800 ,,,,,,,,隆行,隆行,,なつゆ,30103,「あがぁっ……はぁっ、はぁっ……」,
30900 ,,,,,,,,なつゆ,なつゆ,03nat104_006.wav,なつゆ,30115,「これはごほうびなのですから、あなたは静かに受けていればよいのです」,
31000 ,,,,,,,,隆行,隆行,,なつゆ,30115,「ぐぅッ……な、なつゆ……」,
31100 ,,,,,,,,,,,なつゆ,30115,　なつゆは不敵な笑みを浮かべながら、俺の脇へと歩み寄ってくる。そして……。,
31290 ,,<1>,,,9000,,,,,,,,,
31300 ,,,<!pre_ev1>,10,7,2201,,なつゆ,なつゆ,03nat104_007.wav,なつゆ,30101,「ふふふ。このわたくしが、＜直々＝じきじき＞にあなたをよろこばせてあげますわ」,
31400 ,,,,,,2201,,隆行,隆行,,,,「ちょっと、おい……どういうつもりだ！？」,
31500 ,,,,,,2201,,なつゆ,なつゆ,03nat104_008.wav,なつゆ,30101,「こういうつもりですの、ふふっ」,
31600 ,,,,,,2201,,,,,,,　なつゆは俺の股間に足を伸ばし、つま先でつんつんとつつき始めた。,
31700 ,,,,,,2201,,隆行,隆行,,,,「おい、なにを……！」,
31800 ,,,,,,2201,,なつゆ,なつゆ,03nat104_009.wav,なつゆ,30101,「あらあら、お元気そうですわね……」,
31900 ,,,,,,2201,,,,,,,　今度は、足全体で撫でるように俺の股間をまさぐった。ズボンの厚い生地を通して、鈍い快感が俺に伝わってくる。,
32000 ,,,,,,2201,,なつゆ,なつゆ,03nat104_010.wav,なつゆ,30101,「ここがお元気になる薬も混ぜましたけどね。ふふふ」,
32100 ,,,,,,2201,,隆行,隆行,,,,「やっぱりさっきの紅茶か……くッ！」,
32200 ,,,,,,2201,,なつゆ,なつゆ,03nat104_011.wav,なつゆ,30101,「そんなに怖い顔をなさらないで。大丈夫ですわ、力を抜いて……」,
32300 ,,,,,,2201,,,,,,,　なつゆはなだめるような口調で俺に言うと、また足先を動かして俺のチ○チンを探ろうとする。,
32400 ,,,,,,2201,,なつゆ,なつゆ,03nat104_012.wav,なつゆ,30101,「先生。この前の奉仕、とっても良かったですわ……。だから、あなたをわたくしのモノにいたします」,
32500 ,,,,,,2201,,隆行,隆行,,,,「な、なにを勝手に……」,
32600 ,,,,,,2201,,なつゆ,なつゆ,03nat104_013.wav,なつゆ,30101,「でも、ここはうれしそうですわよ？」,
32700 ,,,,,,2201,,,,,,,　勃起しきった俺のチ○チンを探り当てたなつゆは、サオから亀頭にかけて、足の裏ですり上げるようにして刺激を与えてくる。,
32800 ,,,,,,2201,,隆行,隆行,,,,「うっ、あうっ……」,
32900 ,,,,,,2201,,なつゆ,なつゆ,03nat104_014.wav,なつゆ,30101,「ふふっ、良い声……」,
33000 ,,,,,,2201,,隆行,隆行,,,,「やめ、やめるんだ、なつゆ……」,
33100 ,,,,,,2201,,なつゆ,なつゆ,03nat104_015.wav,なつゆ,30101,「だーめ、やめません」,
33200 ,,,,,,2201,,,,,,,　なつゆはくすくすと笑いながら足を離すと、今度は手を股間に近づけてきた。,
33300 ,,,,,,2201,,なつゆ,なつゆ,03nat104_016.wav,なつゆ,30101,「やっぱり、厚い布ごしより直接の方がよろしいですわよね……？」,
33400 ,,,,,,2201,,隆行,隆行,,,,「直接？　お、おい、なつゆ……！？」,
33500 ,,,,,,2201,,なつゆ,なつゆ,03nat104_017.wav,なつゆ,30101,「うふふふふ……」,
33600 ,,,,,,2201,,,,,,,　なつゆはズボンのファスナーに手をかけると、それを一気に降ろした。そして、ズボンの中に指を入れてくる。,
33700 ,,,,,,2201,,なつゆ,なつゆ,03nat104_018.wav,なつゆ,30101,「えーと、男性下着はどういうつくりになってますの……？　きゃっ！」,
33900 ,,,,,,2202,,,,,,,　なつゆが俺の下着をまさぐっていると、ビンビンに怒張しきったチ○チンがにゅっと顔を出した。,
34000 ,,,,,,2202,,隆行,隆行,,,,「あっ、ああっ……」,
34100 ,,,,,,2202,,なつゆ,なつゆ,03nat104_019.wav,なつゆ,30101,「ああっ、こんなになるの？　すごい……。男らしくてたくましいですわ、先生」,
34200 ,,,,,,2202,,,,,,,　なつゆは顔を上気させながら、足の裏を俺のチ○チンにぴっとりと付ける。,
34300 ,,,,,,2202,,なつゆ,なつゆ,03nat104_020.wav,なつゆ,30101,「わたくしが直接よろこばせてあげますわ……この足で」,
34400 ,,,,,,2202,,隆行,隆行,,,,「ちょ、ちょっと待て、なつゆ……！」,
34500 ,,,,,,2202,,なつゆ,なつゆ,03nat104_021.wav,なつゆ,30101,「待ちません▼」,
34600 ,,,,,,2202,,,,,,,　なつゆは有無を言わさず、つま先で俺のチ○チンをこしこしとこすり上げ始めた。ストッキングの細かい生地が亀頭をこすり、たまらないほどの快感を与えてくれる。,
34700 ,,,,,,2202,,なつゆ,なつゆ,03nat104_022.wav,なつゆ,30101,「あら、生き物のようにビクビクと脈うって……せつなそうですわね」,
34800 ,,,,,,2202,,隆行,隆行,,,,「うっ……あうっ……」,
34900 ,,,,,,2202,,なつゆ,なつゆ,03nat104_023.wav,なつゆ,30101,「先生のペニス、ものすごく熱くなってますわ……薄いストッキングごしに、伝わってまいります」,
35000 ,,,,,,2202,,,,,,,　なつゆは、足の力を更に強める。足の裏でチ○チン全体をこすったり、つま先で亀頭の先をコリコリとさすったりしながら、俺を射精へと導いていった。,
35100 ,,,,,,2202,,なつゆ,なつゆ,03nat104_024.wav,なつゆ,30101,「先生、あなたは教え子にこんなことされてますのよ？　どんなお気持ちかしら？」,
35200 ,,,,,,2202,,隆行,隆行,,,,「う、ああ……やめるんだ……」,
35300 ,,,,,,2202,,なつゆ,なつゆ,03nat104_025.wav,なつゆ,30101,「あら、こんなになってますのに……本当にやめていいんですの？　ふふふっ」,
35400 ,,,,,,2202,,,,,,,　なつゆは足の親指と人差し指を開き、それでチ○チンのサオをはさみながらしごく。先走りのカウパーが少しずつ染み出し、なつゆのストッキングに暗い色の染みを作っていた。,
35500 ,,,,,,2202,,,,,,,　それでもなつゆは、気にする様子もなく……むしろ嬉しい様子で、俺のチ○チンをこすり続ける。,
35600 ,,,,,,2202,,なつゆ,なつゆ,03nat104_026.wav,なつゆ,30101,「うふふふ……。大人の先生が、教え子に足でこすられてイッてしまいそうになってますわよ……？」,
35700 ,,,,,,2202,,隆行,隆行,,,,「くっ、ううっ……なつゆ……」,
35800 ,,,,,,2202,,なつゆ,なつゆ,03nat104_027.wav,なつゆ,30101,「わたくしの名前を呼びながら……イッてしまいますのね、先生」,
35900 ,,,,,,2202,,隆行,隆行,,,,「ダメだよ、本当に……出る、から……」,
36000 ,,,,,,2202,,なつゆ,なつゆ,03nat104_028.wav,なつゆ,30101,「イキたければ、もっとわたくしの名前を呼んでくださいな。先生……」,
36100 ,,,,,,2202,,隆行,隆行,,,,「なつゆ、なつゆ……くうっ、あううっ……！！」,
36400 ,,,<!ef_shasei>,,,2203,,,,,,,　びゅるっ、びゅく、びゅく、びゅるるっ……。,
36500 ,,,,,,2203,,なつゆ,なつゆ,03nat104_029.wav,なつゆ,30101,「きゃっ！？　こんなに出るの！？」,
36600 ,,,,,,2203,,,,,,,　俺の射精に一瞬驚いた表情を見せたなつゆだが、すぐにいつもの顔に戻って俺と俺のチ○チンを見下ろした。,
36700 ,,,,,,2203,,なつゆ,なつゆ,03nat104_030.wav,なつゆ,30101,「ふふふ、すごい……本当にいっぱい出されましたわね……」,
36800 ,,,,,,2203,,,,,,,　なつゆ、すました顔して見てるけど……男の下着の構造を知らなかったり、勃起したチ○チンや射精に驚いたりして……ホントはただ耳年増なだけ、みたいだな……。,
36900 ,,,,,,2203,,なつゆ,なつゆ,03nat104_031.wav,なつゆ,30101,「ほら……わたくしの足にも、あなたの精液がこんなにかかって……いやらしいですわ……」,
37000 ,,,,,,2203,,,,,,,　なつゆはやや＜嗜虐＝しぎゃく＞的な笑みを浮かべながら、精液の付いた足を俺に見せつける。,
37100 ,,,,,,2203,,なつゆ,なつゆ,03nat104_032.wav,なつゆ,30101,「先生、ごほうびは満足していただけまして？」,
37200 ,,,,,,2203,,,,,,,　なつゆはいつもの上品な声と表情で、俺の顔をのぞきこんだ。とても俺のチ○チンをもてあそんだ娘とは思えないくらい、清楚な顔をして……。,
37300 ,,,,,,2203,,隆行,隆行,,,,「なつ……ゆ……」,
37400 ,,,,,9000,2203,,,,,,,　まだ身体の自由が利かない俺は……ただ息を荒げながら、その名を呼ぶことしかできなかった。,
37600 ,$return,,,,,,,,,,,,,
37700 ,&03nat020ha,,,4294967295,9000,,,,,,,,,
37990 ,,,<!se_natsuyu_chime><wait 700>,,,,,,,,,,,
38000 ,,,,6,6,,,りおん,りおん,04rio105_001.wav,りおん,40102,「隆行さま、いらっしゃいませ」,
38100 ,,,,,,,,隆行,隆行,,りおん,40102,「ああ……」,
38200 ,,,,,,,,りおん,りおん,04rio105_002.wav,りおん,40101,「どうぞ、こちらへ」,
38300 ,,,,,,,,,,,,,　俺は先週の事などを努めて思い出さないようにして、なつゆの部屋へと向かった。,
38400 ,,,,,,,,,,,,,　エッチなことをさせられるたびに気持ちが沈んでたんじゃ、こっちの身がもたんしなぁ……。,
38590 ,,,<!ef_move>,,7,,,,,,,,,
38600 ,,,,,,,,なつゆ,なつゆ,03nat105_001.wav,なつゆ,30102,「ごきげんよろしゅうございます、先生」,
38700 ,,,,,,,,隆行,隆行,,なつゆ,30102,「あ、ああ……ごきげんよう」,
38800 ,,,,,,,,なつゆ,なつゆ,03nat105_002.wav,なつゆ,30101,「本日から、また新しいステップの授業なのですわね？」,
38900 ,,,,,,,,隆行,隆行,,なつゆ,30101,「ああ……そうだね」,
39000 ,,,,,,,,なつゆ,なつゆ,03nat105_003.wav,なつゆ,30103,「ふふっ、楽しみですわ……」,
39100 ,,,,,,,,隆行,隆行,,なつゆ,30103,「そ、そうか。楽しみなのか。いいことだよな」,
39200 ,,,,,,,,なつゆ,なつゆ,03nat105_004.wav,なつゆ,30115,「ええ、次の奉仕が楽しみなのです……。先生がなさった『悔しいけどきもちいい』というお顔が、わすれられませんの」,
39300 ,,,,,,,,隆行,隆行,,なつゆ,30115,「ぶはッ……！」,
39400 ,,,,,,,,,,,なつゆ,30115,　くッ……確かにそうだっただけに、何も言い返せない……。,
39500 ,,,,,,,,なつゆ,なつゆ,03nat105_005.wav,なつゆ,30103,「うふふふふっ、本当に楽しみです……」,
39600 ,,,,,,,,,,,なつゆ,30103,　くそっ、いつかなつゆにリベンジしてやりたい……。,
39800 ,$return,,,,,,,,,,,,,
39900 ,&03nat030h,,<!ef_timepass>,6,7,,,,,,,,,
40200 ,,,,,,,,なつゆ,なつゆ,03nat106_001.wav,なつゆ,30101,「先生」,
40300 ,,,,,,,,隆行,隆行,,なつゆ,30101,「……ん、なんだ？」,
40400 ,,,,,,,,なつゆ,なつゆ,03nat106_002.wav,なつゆ,30115,「うふふっ……またわたくしのここを舐めてくださいな、先生」,
40500 ,,,,,,,,,,,なつゆ,30115,　椅子から立ち上がったなつゆが再び、居丈高に奉仕を命じた。,
40600 ,,,,,,,,隆行,隆行,,なつゆ,30115,「ええっ、また俺がやるの……？」,
40700 ,,,,,,,,なつゆ,なつゆ,03nat106_003.wav,なつゆ,30118,「あら……先日、わたくしの名前を何度も何度もお呼びになって、それから情けなくイッてしまわれたのは……どなたでしたかしら？」,
40800 ,,,,,,,,隆行,隆行,,なつゆ,30118,「ぐッ……」,
40900 ,,,,,,,,なつゆ,なつゆ,03nat106_004.wav,なつゆ,30103,「うふふっ。わたくしは、先生のことが気に入っているのです。素直に従ってくだされば、たっぷりと楽しませてさしあげますわ」,
41000 ,,,,,,,,,,,なつゆ,30103,　くそー、俺も完全にナメられてるな……。このままなつゆの、好きなようにさせてたまるかッ……！,
41100 ,,,,,,,,隆行,隆行,,なつゆ,30103,「……わかったよ。俺も、この前のことで従属する＜悦＝よろこ＞びがわかったんだ……奉仕させてくれ、なつゆ」,
41200 ,,,,,,,,なつゆ,なつゆ,03nat106_005.wav,なつゆ,30103,「うふふふふ。素直で大変よろしいですわ、先生……」,
41300 ,,,,,,,,,,,なつゆ,30103,　なつゆは臆面なくパサッとショーツを脱ぎ捨てて、俺の目の前でスカートを持ち上げて仁王立ちになる。,
41400 ,,,,,,,,,,,,,　俺はなつゆの命令に従うふりをして、身体をかがめると……スキを狙って、強引にベッドへと押し倒したのだった。,
41500 ,,,<!se_tackle>,,9000,,,なつゆ,なつゆ,03nat106_006.wav,,,「きゃあっ、なに……！？　きゃあああっ……！」,
41700 ,,,<!pre_ev1>,10,7,2301,,なつゆ,なつゆ,03nat106_007.wav,なつゆ,30101,「ちょっと、先生……！？　なにをなさるんですか！」,
41800 ,,,,,,2301,,,,,,,　なつゆは驚きと怒り、そして恥ずかしさが混じったような表情で、俺をキッとにらみつける。,
41900 ,,,,,,2301,,,,,,,　しかしながら、いわゆるこのまんぐり返しの体勢では……威勢もなにも、あったもんじゃない。,
42000 ,,,,,,2301,,隆行,隆行,,,,「何って……舐めろって言うから、舐めてあげるんだよ」,
42100 ,,,,,,2301,,なつゆ,なつゆ,03nat106_008.wav,なつゆ,30101,「くぅっ……いくら先生でも、怒りますわよ！　ちょっ、ちょっと……離しなさいな！」,
42200 ,,,,,,2301,,隆行,隆行,,,,「しかし……この体勢だと、なつゆのおま○こも、おしりの穴までも……全てが丸見えだな」,
42300 ,,,,,,2301,,なつゆ,なつゆ,03nat106_009.wav,なつゆ,30101,「なっ……！　ひどい＜辱＝はずかし＞めですわ、先生っ！」,
42400 ,,,,,,2301,,隆行,隆行,,,,「あれっ、ひょっとしてイヤなのか……？　こんな体勢の奉仕ぐらい、大人の間では当たり前だぞ？」,
42500 ,,,,,,2301,,,,,,,　微妙に誇張ではあるが……背伸びをしたがるなつゆには、『大人の』という言葉が実に効果を発揮する。,
42600 ,,,,,,2301,,なつゆ,なつゆ,03nat106_010.wav,なつゆ,30101,「ええっ……でもっ……！」,
42700 ,,,,,,2301,,隆行,隆行,,,,「それになつゆ……こうして改めて、なつゆのおま○ことおしりを見てみるとな……やっぱり、すごくキレイだ」,
42800 ,,,,,,2301,,なつゆ,なつゆ,03nat106_011.wav,なつゆ,30101,「えっ……」,
42900 ,,,,,,2301,,隆行,隆行,,,,「やっぱり、貴賓さとかは身体の隅々まで出るもんなんだなあ……なつゆ」,
43000 ,,,,,,2301,,なつゆ,なつゆ,03nat106_012.wav,なつゆ,30101,「あ、当たり前ですわ……！　わたくし、身だしなみのお手入れは毎日おこたっておりませんもの」,
43100 ,,,,,,2301,,隆行,隆行,,,,「手入れ？　おま○この中なんかも、しっかり手入れするのかい？」,
43200 ,,,,,,2301,,なつゆ,なつゆ,03nat106_013.wav,なつゆ,30101,「そんなことは……ああんっ！　あっあっ、んああ……」,
43300 ,,,,,,2301,,,,,,,　俺はトロトロに濡れた膣口に唇を付けて愛液をすすったあと、土手に指をかけておま○こをくいっと押し広げた。,
43400 ,,,,,,2301,,,,,,,　それからあらわになった尿道口の辺りを、舌先でチロチロと素早く舐める。,
43500 ,,,,,,2301,,隆行,隆行,,,,「んんー、さすがなつゆお嬢様。フツーの女の子とは、やっぱり質が違うなあ」,
43600 ,,,,,,2301,,なつゆ,なつゆ,03nat106_014.wav,なつゆ,30101,「それは当たり前です……ああんっ！」,
43700 ,,,,,,2301,,隆行,隆行,,,,「うん、違うね。おしっこの味がする」,
43800 ,,,,,,2301,,なつゆ,なつゆ,03nat106_015.wav,なつゆ,30101,「そんな、うそ……！？」,
43900 ,,,,,,2301,,隆行,隆行,,,,「ちゅ、ちゅるっ、ぺろっ……うん、やっぱりおしっこの味だね。ちゃんと拭いてる？」,
44000 ,,,,,,2301,,なつゆ,なつゆ,03nat106_016.wav,なつゆ,30101,「やっ、あっ、あんっ……しっかりとふいておりますっ！　そんな、先生のおっしゃることはでたらめです……！」,
44100 ,,,,,,2301,,隆行,隆行,,,,「まあ……どっちでもいいよ。俺がキレイに舐めてあげるからね……ぴちゅっ、ちゅるっ」,
44200 ,,,,,,2301,,なつゆ,なつゆ,03nat106_017.wav,なつゆ,30101,「あっ、ふあっ……こんな格好で……ああんっ！　あっ、ああんっ、んああ……」,
44400 ,,,,,,2302,,,,,,,　俺がおま○こへのクンニを続けていると、なつゆの表情にも次第に艶が帯びてきた。,
44500 ,,,,,,2302,,なつゆ,なつゆ,03nat106_018.wav,なつゆ,30101,「あ……ああんっ……ふぁ、んああ……」,
44600 ,,,,,,2302,,,,,,,　なつゆは顔を赤くして、いやらしい吐息を漏らしている。舐められている様子が自分でもハッキリ見えるというこの格好が、羞恥心を刺激しているようだ。,
44700 ,,,,,,2302,,隆行,隆行,,,,「なつゆ……見えるか？　俺の舌が、なつゆのおま○こを舐めているところ……」,
44800 ,,,,,,2302,,なつゆ,なつゆ,03nat106_019.wav,なつゆ,30101,「やあっ、やああああんっ……先生……そ、そんなこと、おっしゃらないで……」,
44900 ,,,,,,2302,,,,,,,　俺はおま○こから舌を離すと、そのまま口を舌へと動かした。きゅっとへこんだ可愛いアヌスに、舌先が触れる。,
45000 ,,,,,,2302,,なつゆ,なつゆ,03nat106_020.wav,なつゆ,30101,「やっ、そこは……！」,
45100 ,,,,,,2302,,隆行,隆行,,,,「わかるだろ？　おしりの、あな」,
45200 ,,,,,,2302,,なつゆ,なつゆ,03nat106_021.wav,なつゆ,30101,「お、おやめくださいっ……！　おしりなんてけがらわしい……」,
45300 ,,,,,,2302,,隆行,隆行,,,,「ん……？　名家のご令嬢であるなつゆが、まさかキレイにしてないなんて訳はないよね……？」,
45400 ,,,,,,2302,,なつゆ,なつゆ,03nat106_022.wav,なつゆ,30101,「当たり前です……っ！　でも、そんな……おしりの穴を舐めるなんて！」,
45500 ,,,,,,2302,,隆行,隆行,,,,「でもな、すっごく気持ちいいんだぞ？　ほら」,
45600 ,,,,,,2302,,,,,,,　俺はなつゆの可愛いアヌスに舌を伸ばすと、小さなくぼみを舌全体で舐めまわす。,
45700 ,,,,,,2302,,なつゆ,なつゆ,03nat106_023.wav,なつゆ,30101,「やっ、んっ、んああ……うそ……わたくし、おしりの穴を殿方に舐められて……」,
45800 ,,,,,,2302,,隆行,隆行,,,,「感じたかい？」,
45900 ,,,,,,2302,,なつゆ,なつゆ,03nat106_024.wav,なつゆ,30101,「か……感じてなどおりませんっ！」,
46000 ,,,,,,2302,,隆行,隆行,,,,「なんだ……まだまだ子供なんだな。大人は、おしりでもしっかり感じるものなんだけどな……？」,
46100 ,,,,,,2302,,なつゆ,なつゆ,03nat106_025.wav,なつゆ,30101,「あっ、えっ……でも、それは……ああんっ！」,
46200 ,,,,,,2302,,,,,,,　更に舌先をすぼめると、キュッと締まった中心からシワに沿って優しく舐め広げた。,
46300 ,,,,,,2302,,なつゆ,なつゆ,03nat106_026.wav,なつゆ,30101,「んあっ、ふああ……あうっ、ああう……そんな、わたくし……けだものみたいに、おしりを舐められて……」,
46400 ,,,,,,2302,,隆行,隆行,,,,「ああ……おしりでも、しっかり感じてるんじゃないか。なつゆは、やっぱり大人だったな」,
46500 ,,,,,,2302,,なつゆ,なつゆ,03nat106_027.wav,なつゆ,30101,「あ、あたりまえです……っ！　わたくしは、あっ、あんんっ、おとな……です、から……」,
46600 ,,,,,,2302,,隆行,隆行,,,,「それじゃ大人のなつゆには、もっともっとおしりで感じてもらおう」,
46700 ,,,,,,2302,,なつゆ,なつゆ,03nat106_028.wav,なつゆ,30101,「やっ、ああぁぁんんっ！　そんな……おしりばっかり、舐めないで……」,
46800 ,,,,,,2302,,隆行,隆行,,,,「んん、前がおろそかだったかな……？　そういえばなつゆは、クリトリスをいじられるのが好きだったね」,
46900 ,,,,,,2302,,,,,,,　俺がクリトリスを覆うサヤごとつまみ上げると、なつゆは身体を大きくねじらせて悶える。,
47000 ,,,,,,2302,,なつゆ,なつゆ,03nat106_029.wav,なつゆ,30101,「ひぐっ、ああぁんん……っ！　あっ、あっ、そんな……おま○ことおしり、同時になんて……ああんっ！」,
47100 ,,,,,,2302,,隆行,隆行,,,,「後ろもだいぶほぐれてきたな……。なつゆ、身体の力を抜いて」,
47200 ,,,,,,2302,,,,,,,　俺がそう言っておしりの穴に指を当てると、なつゆは俺が何をするか悟ったようだった。顔を真っ赤にして、許しを請う。,
47300 ,,,,,,2302,,なつゆ,なつゆ,03nat106_030.wav,なつゆ,30101,「そんな、先生……まさか！　指は……おしりに指なんか、入れないで……！」,
47400 ,,,,,,2302,,隆行,隆行,,,,「力を抜かないと……痛いよ？」,
47500 ,,,,,,2302,,なつゆ,なつゆ,03nat106_031.wav,なつゆ,30101,「やっ、でも、そんな……あああんっ！」,
47600 ,,,,,,2302,,,,,,,　俺は愛液で濡らした指を、なつゆのアヌスにつぷっと埋没させた。,
47700 ,,,,,,2302,,なつゆ,なつゆ,03nat106_032.wav,なつゆ,30101,「ひっ、ひぐうっ、あううっ……！　あっ、んんんんっ、ああ、そんな……先生の指が、おしりに……」,
47800 ,,,,,,2302,,隆行,隆行,,,,「ああ……おま○こみたいに、温かいな」,
47900 ,,,,,,2302,,なつゆ,なつゆ,03nat106_033.wav,なつゆ,30101,「ああっ、あっ、んん……だからそんなことは、わざわざおっしゃらないでください……！」,
48000 ,,,,,,2302,,,,,,,　ふふっ、もう主導権は完全に俺の手にあるな……。この前はまんまとやられてしまったから、リベンジしてやったり、だ。,
48100 ,,,,,,2302,,隆行,隆行,,,,「前と後ろ……すごく気持ちいいだろう？　なつゆ」,
48200 ,,,,,,2302,,なつゆ,なつゆ,03nat106_034.wav,なつゆ,30101,「あっあっ、はい……わたくし、もう……イッてしまいます……っ！」,
48300 ,,,,,,2302,,,,,,,　なつゆの顔に、もうお嬢様の余裕はない。ただ今まで味わったことのない快感に身悶える小さな女の子の姿が、そこにあった。,
48400 ,,,,,,2302,,なつゆ,なつゆ,03nat106_035.wav,なつゆ,30101,「あっ、あっ、おま○こが吹いちゃう……ああんっ！　先生、全部飲んでくださいまし……！」,
48500 ,,,,,,2302,,隆行,隆行,,,,「いいよ、全部飲んであげる。全部キレイに、舐めとってあげるよ……！」,
48600 ,,,,,,2302,,,,,,,　俺はクリトリスとアヌスへの愛撫を強めると、なつゆのおま○こに唇をうずめた。,
48700 ,,,,,,2302,,なつゆ,なつゆ,03nat106_036.wav,なつゆ,30101,「ふぁ、ふぁぁぁっ、あああんんっ！　イク……イキそう……ああううっ！　あっ、あっ、あっ、ああああぁぁぁぁ……っ！！！」,
48900 ,,,,,,2303,,隆行,隆行,,,,「おっ、おおっ……！」,
49000 ,,,,,,2303,,,,,,,　ぎゅ、ぎゅうっと、なつゆのおま○こが締まった。,
49100 ,,,,,,2303,,なつゆ,なつゆ,03nat106_037.wav,なつゆ,30101,「やぁううっ、あうっ、あうう……」,
49200 ,,,,,,2303,,,,,,,　温かい液体が、おま○この脈動に合わせてじわっ、じわっと染み出てくる。俺はそれを丹念に吸い上げ、飲み干し、舐めとった。,
49300 ,,,,,,2303,,,,,,,　おしっこの味も、香りもしない……酸味もなく、ほとんど無味……これがいわゆる、潮吹きの『潮』なんだな……。,
49400 ,,,,,,2303,,なつゆ,なつゆ,03nat106_038.wav,なつゆ,30101,「はぁ、はぁっ、はぁぁぁ……あふぅん……」,
49500 ,,,,,,2303,,,,,,,　俺はイッたばかりで焼けるように熱く火照っているおま○こをペロペロと舐めて、ゆっくり後戯を続ける。,
49600 ,,,,,,2303,,なつゆ,なつゆ,03nat106_039.wav,なつゆ,30101,「ああっ、あふぅ……すごいですわ……おしりとあそこがまだ、じんじんとしておりますもの……」,
49700 ,,,,,,2303,,,,,,,　なつゆはうっとりとした表情で、快感の余韻に浸っていた。,
49800 ,,,,,9000,2303,,,,,,,　いつものお嬢様意識が回復し、反撃を仕掛けてくる前に帰らないと大変だ……今日の授業はここで終わり、だな。,
50000 ,$return,,,,,,,,,,,,,
50100 ,&03nat030ha,,,4294967295,9000,,,,,,,,,
50390 ,,,<!se_natsuyu_chime><wait 700>,,,,,,,,,,,
50400 ,,,,6,6,,,りおん,りおん,04rio107_001.wav,りおん,40102,「いらっしゃいませ、隆行さま」,
50500 ,,,,,,,,隆行,隆行,,りおん,40102,「こんにちは。りおんちゃんも大変だね」,
50600 ,,,,,,,,りおん,りおん,04rio107_002.wav,りおん,40103,「いえ、これがおしごとですから！」,
50700 ,,,,,,,,,,,りおん,40103,　いつも通り、元気なメイドに導かれて俺はなつゆの部屋へと通された。,
50890 ,,,<!ef_move>,,7,,,,,,,,,
50900 ,,,,,,,,なつゆ,なつゆ,03nat107_001.wav,なつゆ,30119,「あ……」,
51000 ,,,,,,,,隆行,隆行,,なつゆ,30119,「んっ？」,
51100 ,,,,,,,,なつゆ,なつゆ,03nat107_002.wav,なつゆ,30115,「ごきげんよろしゅうございます、先生」,
51200 ,,,,,,,,隆行,隆行,,なつゆ,30115,「ああ、なつゆ」,
51300 ,,,,,,,,,,,,,　なつゆは何か言いたげではあったが、すぐに無言で授業の準備を始めた。,
51400 ,,,,,,,,,,,,,　いつもなら、なつゆは勝ち誇ったような顔で俺をひやかすところなんだろうが……先週はなつゆをアナルであれだけ感じさせたからか、随分としおらしい。,
51500 ,,,,,,,,隆行,隆行,,,,「今週は静かなんだな、なつゆ」,
51600 ,,,,,,,,なつゆ,なつゆ,03nat107_003.wav,なつゆ,30113,「………………」,
51700 ,,,,,,,,隆行,隆行,,なつゆ,30113,「なつゆ、あれからおしりはキレイにしてるか？」,
51800 ,,,,,,,,なつゆ,なつゆ,03nat107_004.wav,なつゆ,30119,「なっ、なななっ、なにをおっしゃいますの……！？」,
51900 ,,,,,,,,,,,なつゆ,30119,　なつゆは俺の冗談に、面白いほど過剰な反応を見せる。,
52000 ,,,,,,,,隆行,隆行,,なつゆ,30119,「ふふっ、冗談だよ。いつもこうなら、俺も楽なんだけどな」,
52100 ,,,,,,,,なつゆ,なつゆ,03nat107_005.wav,なつゆ,30122,「先生、この前のようなことはもうやめてくださいませ。わたくし、困ってしまいますわ」,
52200 ,,,,,,,,隆行,隆行,,なつゆ,30122,「困る？　今まで、さんざん俺を困らせてきておいてか……？」,
52300 ,,,,,,,,なつゆ,なつゆ,03nat107_006.wav,なつゆ,30119,「それは……！」,
52400 ,,,,,,,,隆行,隆行,,なつゆ,30119,「まあ、わかったよ。じゃ、これからあんな奉仕は二度としないと誓うから」,
52500 ,,,,,,,,なつゆ,なつゆ,03nat107_007.wav,なつゆ,30118,「えっ……」,
52600 ,,,,,,,,隆行,隆行,,なつゆ,30118,「もう二度としないからな。良かっただろ？」,
52700 ,,,,,,,,なつゆ,なつゆ,03nat107_008.wav,なつゆ,30106,「えっ、あっ……そ、そうですわね……」,
52800 ,,,,,,,,,,,なつゆ,30106,　ふむ、ちょっと残念にしているところを見ると、なつゆも嫌がってはいないな……。ふふっ、脈あり、か。,
52900 ,,,,,,,,,,,なつゆ,30106,　俺は少し嗜虐的な笑みを浮かべながら、なつゆを席に着かせた。,
53100 ,$return,,,,,,,,,,,,,
53200 ,&03nat040h,,<!ef_timepass>,6,7,,,,,,,,,
53500 ,,,,,,,,隆行,隆行,,,,「うん、だいぶ成績が上がってきたな……なつゆ」,
53600 ,,,,,,,,なつゆ,なつゆ,03nat108_001.wav,なつゆ,30102,「このわたくしですもの、当然ですわ」,
53700 ,,,,,,,,,,,なつゆ,30102,　なつゆはいつものように、得意な顔でふぁさっと髪をかき上げる。,
53800 ,,,,,,,,なつゆ,なつゆ,03nat108_002.wav,なつゆ,30103,「わたくしは、やればできる女ですもの」,
53900 ,,,,,,,,隆行,隆行,,なつゆ,30103,「なんか、自分一人で成し遂げたみたいに言ってるな……」,
54000 ,,,,,,,,なつゆ,なつゆ,03nat108_003.wav,なつゆ,30101,「当たり前ですわ、これがわたくしの実力なんですから」,
54100 ,,,,,,,,,,,なつゆ,30101,　むぅ、誰のおかげで成績を伸ばしてるんだ……俺だって、いろいろ苦労して教えてるってのに……。,
54200 ,,,,,,,,,,,なつゆ,30101,　やっぱりなつゆには、一度キツいお仕置きが必要だな……。,
54300 ,,,,,,,,隆行,隆行,,なつゆ,30101,「おい、なつゆ」,
54400 ,,,,,,,,なつゆ,なつゆ,03nat108_004.wav,なつゆ,30121,「……な、なんですの！？」,
54500 ,,,,,,,,,,,なつゆ,30121,　もう、この前のような小細工はしない。なつゆの前にずいっと進み出ると、逃げられないように両肩をがっしりとつかむ。,
54600 ,,,,,,,,なつゆ,なつゆ,03nat108_005.wav,なつゆ,30119,「きゃ……先生……？　きゃあああっ！」,
54800 ,,,<!pre_ev1>,10,,2401,,,,,,,　俺はそのまま机に押さえつけ、腕を縛って強引に身体の自由を奪った。,
54900 ,,,,,,2401,,なつゆ,なつゆ,03nat108_006.wav,なつゆ,30101,「ちょっと、また……なにをするんですの！？」,
55000 ,,,,,,2401,,隆行,隆行,,,,「なつゆ……お前は、素直に感謝するということを覚えなきゃならないな」,
55100 ,,,,,,2401,,なつゆ,なつゆ,03nat108_007.wav,なつゆ,30101,「な、なにをそんな……」,
55200 ,,,,,,2401,,隆行,隆行,,,,「そもそも、だな。なつゆひとりで勉強の成果が出なかったから、こうして俺が家庭教師に呼ばれたんだろう」,
55300 ,,,,,,2401,,なつゆ,なつゆ,03nat108_008.wav,なつゆ,30101,「わたくしはただ、今までやらなかっただけですわ……！　たとえ先生に勉強を教わらなくとも、取りかかればきっと結果は出していたに違いありませんっ！」,
55400 ,,,,,,2401,,隆行,隆行,,,,「やればできた、じゃ意味がないんだよ。今までひとりじゃ何も出来てなかったんだから、過程や可能性はどうであれ……結果を出していないことには変わらない」,
55500 ,,,,,,2401,,なつゆ,なつゆ,03nat108_009.wav,なつゆ,30101,「うっ…………でも、わたくしは！」,
55600 ,,,,,,2401,,隆行,隆行,,,,「……恥ずかしかったんだろう？」,
55700 ,,,,,,2401,,なつゆ,なつゆ,03nat108_010.wav,なつゆ,30101,「えっ……？」,
55800 ,,,,,,2401,,隆行,隆行,,,,「＜他人＝ひと＞に無様な姿は見せられない。努力している姿も見せたくない。なにより、努力しても結果が出ずに、恥をさらしてしまうのが一番怖い……」,
55900 ,,,,,,2401,,隆行,隆行,,,,「それなら『できるフリをして何もせず、可能性を残しておくこと』が、お前の自尊心を健全に保つ最良の選択肢だった訳だ。……違うか？」,
56000 ,,,,,,2401,,なつゆ,なつゆ,03nat108_011.wav,なつゆ,30101,「あ、ううっ……それ、は……」,
56100 ,,,,,,2401,,隆行,隆行,,,,「ブザマでもいいじゃないか、なつゆ。お前の両親も、ここの使用人達も、そして俺も……お前が失敗するところを見たって、＜嗤＝わら＞ったりなんかしないよ」,
56200 ,,,,,,2401,,なつゆ,なつゆ,03nat108_012.wav,なつゆ,30101,「せ……先生……」,
56300 ,,,,,,2401,,なつゆ,なつゆ,03nat108_013.wav,なつゆ,30101,「……でもっ！　やっぱりわたくし……！」,
56400 ,,,,,,2401,,,,,,,　潤んだ目でしばらく俺を見ていたなつゆだが、すぐ瞳に虚栄を取り戻し……またいつもの、高慢な令嬢の顔に戻っていた。,
56500 ,,,,,,2401,,隆行,隆行,,,,「ふぅ、これだけ言ってもわからないか……これはもう、身体でわからせる荒療治しかないな。俺の前に、全てをさらけだしてもらおう」,
56600 ,,,,,,2401,,なつゆ,なつゆ,03nat108_014.wav,なつゆ,30101,「えっ……！？」,
56700 ,,,,,,2401,,,,,,,　俺はなつゆのショーツに指をかけると、それを素早くずり下ろす。,
56800 ,,,,,,2401,,なつゆ,なつゆ,03nat108_015.wav,なつゆ,30101,「やっ……ああんっ！」,
56900 ,,,,,,2401,,,,,,,　そしてすぐさま大きく広げた平手を、あらわになったおしりへ向けて勢いよく振り下ろした。,
57200 ,,,<!se_spanking><!ef_lightning>,,,2402,,なつゆ,なつゆ,03nat108_016.wav,なつゆ,30101,「はぁぅっ……！　いったぁ……ちょ、ちょっと、なんてことをなさいますの、先生っ！」,
57300 ,,,,,,2402,,,,,,,　なつゆの質問には答えず、無言で２発目が入る。,
57500 ,,,<!se_spanking><!ef_lightning>,,,2402,,なつゆ,なつゆ,03nat108_017.wav,なつゆ,30101,「ああぅっ！　ぶ、ぶちましたわね……！？　お父様にもぶたれたことありませんのに……！」,
57600 ,,,,,,2402,,隆行,隆行,,,,「ほぉ……ギャグで返してくるとは、まだまだ余裕があるようだな」,
57800 ,,,<!se_spanking><!ef_lightning>,,,2402,,なつゆ,なつゆ,03nat108_018.wav,なつゆ,30101,「きゃ……あうんっ！　な、なんのことですの……！？　子供じゃないんですから、およしになってくださ……あううっ！」,
57900 ,,,,,,2402,,隆行,隆行,,,,「……子供だよ、お前は」,
58100 ,,,<!se_spanking><!ef_lightning>,,,2402,,なつゆ,なつゆ,03nat108_019.wav,なつゆ,30101,「はあっ、あうっ！　こんな屈辱、ゆるせません……！　さきほど、一瞬でもあなたに想いを寄せた自分が……愚かしいですわ！」,
58200 ,,,,,,2402,,隆行,隆行,,,,「ん、俺に……？　想い？」,
58300 ,,,,,,2402,,なつゆ,なつゆ,03nat108_020.wav,なつゆ,30101,「なななっ、なんでもございませんっ！　それより早く、解放してくださいな！」,
58400 ,,,,,,2402,,隆行,隆行,,,,「そんなすぐに離したら、お仕置きにならないだろう」,
58500 ,,,,,,2402,,なつゆ,なつゆ,03nat108_021.wav,なつゆ,30101,「おしおきですって……！？　わたくしがおしおきを受けるいわれなんか、どこにも……あううっ！」,
58600 ,,,,,,2402,,,,,,,　数回のスパンキングで、なつゆのおしりは赤みを帯びていった。,
58700 ,,,,,,2402,,,,,,,　俺はそこで腕を止め、今度は指先をひくひくとうごめくおま○こへと伸ばす。,
58800 ,,,,,,2402,,なつゆ,なつゆ,03nat108_022.wav,なつゆ,30101,「ん……あんっ……！」,
58900 ,,,,,,2402,,,,,,,　おま○この割れ目からおしりの谷間にかけて、中指をつつつっと走らせる。そうして一瞬だけの快感を与えたあと、再びおしりをバシッと叩いた。,
59100 ,,,<!se_spanking><!ef_lightning>,,,2402,,なつゆ,なつゆ,03nat108_023.wav,なつゆ,30101,「きゃあっ！　あぁんっ……。ああっ！　あうんっ……」,
59200 ,,,,,,2402,,,,,,,　俺はそれを、何度も何度も繰り返した。なつゆの中で、痛みと快感の区別がつかなくなるまで……。,
59300 ,,,,,,2402,,なつゆ,なつゆ,03nat108_024.wav,なつゆ,30101,「ああっ、あっ、ああ……あああ、ああっ、ああ……」,
59400 ,,,,,,2402,,,,,,,　なつゆも、全く未知の快楽にひたっているようだった。もはやスパンキングを続けても、おま○こをいじられるのと同じようなあえぎ声しか出ない。,
59500 ,,,,,,2402,,隆行,隆行,,,,「すっかり感じてるな……なつゆ」,
59600 ,,,,,,2402,,なつゆ,なつゆ,03nat108_025.wav,なつゆ,30101,「そんなっ、わたくし……」,
59700 ,,,,,,2402,,隆行,隆行,,,,「素直になれよ、なつゆ。さっきも言ったけど、少なくとも俺は……ちょっとやそっとのことで、そんな簡単にお前を嫌ったりなんかしないよ」,
59800 ,,,,,,2402,,なつゆ,なつゆ,03nat108_026.wav,なつゆ,30101,「はぁんっ、あうう……せんせぃ……」,
59900 ,,,,,,2402,,隆行,隆行,,,,「なつゆ、イッちゃいそうか？」,
60000 ,,,,,,2402,,なつゆ,なつゆ,03nat108_027.wav,なつゆ,30101,「は、はい……わたくし、おしりを叩かれて……イッちゃいそうですわ……」,
60100 ,,,,,,2402,,隆行,隆行,,,,「気持ちよく……イカせてあげるよ」,
60200 ,,,,,,2402,,,,,,,　俺は赤くなったなつゆのおしりに手の平を当て、少し乱暴に揉みしだいた。,
60300 ,,,,,,2402,,,,,,,　普通なら、こんなになったおしりを揉まれればヒリヒリ痛いだけだと思うが……今のなつゆにとっては、これ以上ないほどの激しい快感のようだった。,
60400 ,,,,,,2402,,なつゆ,なつゆ,03nat108_028.wav,なつゆ,30101,「ああっ、あうう……んああっ、あっ、ああんっ！」,
60500 ,,,,,,2402,,隆行,隆行,,,,「さあ……これがお仕置きの仕上げだ、なつゆ」,
60600 ,,,,,,2402,,,,,,,　そう言って俺は、腕を思いっきり高く振り上げる。それを見たなつゆは、ゾクゾクと期待に満ちた表情で最後の一撃を待った。,
60700 ,,,<!se_spanking><!ef_lightning>,,,2402,,,,,,,　……パシィィィッ！,
61100 ,,,<!ef_shasei>,,,2403,,なつゆ,なつゆ,03nat108_029.wav,なつゆ,30101,「あああぁぁぁっ、んくうぅぅぅん……っ！！　んあっ、あっ、あっ、ああああぁぁぁぁ……っ！」,
61200 ,,,,,,2403,,,,,,,　なつゆは獣のように叫び、そして身体を弓なりに反らした。おま○こからはまるでおしっこかと思ってしまうほどの勢いで、ぴゅっ、ぴゅるっ、と潮が噴き出ている。,
61300 ,,,,,,2403,,なつゆ,なつゆ,03nat108_030.wav,なつゆ,30101,「はぁぁっ……あっ、ああっ……」,
61400 ,,,,,,2403,,,,,,,　力無く机に突っ伏したままのなつゆを見て、俺はふっと我に返る。慌てて名前を呼びかけてみるが、恍惚な表情のなつゆは生返事しか返さない。,
61500 ,,,,,9000,2403,,,,,,,　説教だけならともかく……うーむ、これはさすがにやり過ぎたか……もう、クビは間違いないかもな……。,
61700 ,$return,,,,,,,,,,,,,
61800 ,&03nat040ha,,,4294967295,9000,,,,,,,,,
62090 ,,,<!se_natsuyu_chime><wait 700>,,,,,,,,,,,
62100 ,,,,6,6,,,,,,,,　あれから一週間、なつゆ側から解雇の連絡はなかった。,
62200 ,,,,,,,,,,,,,　明確な連絡がない以上、授業に来ざるを得ないんだけど……しかし門前に、いつも待ってくれているりおんちゃんの姿はない。,
62300 ,,,,,,,,隆行,隆行,,,,「ふぅ……やっぱり俺はクビなのかな」,
62400 ,,,,,,,,りおん,りおん,04rio109_001.wav,りおん,40119,「あっ、隆行さま……すみません、お迎えにおくれちゃいました」,
62500 ,,,,,,,,隆行,隆行,,りおん,40119,「えっ、りおんちゃん……俺ってクビじゃないの？」,
62600 ,,,,,,,,りおん,りおん,04rio109_002.wav,りおん,40114,「クビ……？　なんのことでしょうか？」,
62700 ,,,,,,,,隆行,隆行,,りおん,40114,「いや……そういうコトじゃないなら、いいんだ」,
62800 ,,,,,9000,,,,,,,,　俺は結局そのまま、これまでと全く同じようになつゆの部屋へと通された。,
62990 ,,,<!ef_move>,,7,,,,,,,,,
63000 ,,,,,,,,なつゆ,なつゆ,03nat109_001.wav,なつゆ,30106,「………………」,
63100 ,,,,,,,,隆行,隆行,,なつゆ,30106,「やぁ、なつゆ……」,
63200 ,,,,,,,,なつゆ,なつゆ,03nat109_002.wav,なつゆ,30127,「ご、ごきげんよろしゅうございますわ」,
63300 ,,,,,,,,隆行,隆行,,なつゆ,30127,「うん……」,
63400 ,,,,,,,,なつゆ,なつゆ,03nat109_003.wav,なつゆ,30117,「は、はやく始めてくださいません？　わたくし、おけいこのスケジュールはたくさん詰まっておりましてよ」,
63500 ,,,,,,,,隆行,隆行,,なつゆ,30117,「ああ、うん……始めるか」,
63600 ,,,,,,,,,,,なつゆ,30117,　俺もなつゆと共におずおずと準備をしながら、ふと＜訊＝き＞いてみた。,
63700 ,,,,,,,,隆行,隆行,,なつゆ,30117,「俺……クビにされるかと思ってたけどな」,
63800 ,,,,,,,,なつゆ,なつゆ,03nat109_004.wav,なつゆ,30106,「先生は……よくやってくださっています。それを解雇するなど、筋が通りませんわ……」,
63900 ,,,,,,,,隆行,隆行,,なつゆ,30106,「そうか……」,
64000 ,,,,,,,,隆行,隆行,,なつゆ,30106,「でもひょっとして……あの気持ちよさ、やみつきになった？」,
64100 ,,,,,,,,なつゆ,なつゆ,03nat109_005.wav,なつゆ,30119,「なっ……！？　決して、わたくしはそのようなことで……！！」,
64200 ,,,,,,,,隆行,隆行,,なつゆ,30119,「なつゆがこれからも、俺の言う事を素直に聞くなら……もっともっと気持ちいいことをしてあげるぞ」,
64300 ,,,,,,,,なつゆ,なつゆ,03nat109_006.wav,なつゆ,30106,「う……」,
64400 ,,,,,,,,隆行,隆行,,なつゆ,30106,「とりあえず、勉強を続けないとな。今度また成績が上がったら、すごく気持ちいいご褒美をあげるよ」,
64500 ,,,,,,,,なつゆ,なつゆ,03nat109_007.wav,なつゆ,30127,「そ……それは別の話ですっ！」,
64600 ,,,,,,,,隆行,隆行,,なつゆ,30127,「ほほう、別？　というコトは、拒否はしないんだ」,
64700 ,,,,,,,,なつゆ,なつゆ,03nat109_008.wav,なつゆ,30106,「ですからそれは……！」,
64800 ,,,,,,,,隆行,隆行,,なつゆ,30106,「さーて、授業を始めるぞ。なつゆ、早く席に着きな」,
64900 ,,,,,,,,なつゆ,なつゆ,03nat109_009.wav,なつゆ,30118,「は……はいっ」,
65000 ,,,,,,,,,,,,,　俺は強引に話を切ると、なつゆの反論を許さずそのまま授業になだれ込ませた。,
65100 ,,,,,,,,,,,,,　ふふっ、形勢逆転……これは面白い事になってきたぞ……。,
65300 ,$return,,,,,,,,,,,,,
65400 ,&03nat050h,,<!ef_timepass>,6,7,,,,,,,,,
65700 ,,,,,,,,隆行,隆行,,,,「成績がだいぶ上の方まで伸びてきたな。まあ、ここまでいろいろあったが……これは俺も、率直に褒めておこう。よくやったな、なつゆ」,
65800 ,,,,,,,,なつゆ,なつゆ,03nat110_001.wav,なつゆ,30115,「はい、ありがとうございます」,
65900 ,,,,,,,,隆行,隆行,,なつゆ,30115,「んっ、今日は妙に素直だな。さては、また何かたくらんでるんじゃないか……？」,
66000 ,,,,,,,,なつゆ,なつゆ,03nat110_002.wav,なつゆ,30103,「ふふっ、そうですわね……わたくしも頑張りましたので、ごほうびがいただきたいですわ」,
66100 ,,,,,,,,隆行,隆行,,なつゆ,30103,「なんだ、やけに素直だと思ったらそれか……」,
66200 ,,,,,,,,,,,,,　俺は腰に手を当てて苦笑すると、なつゆの方に向き直った。,
66300 ,,,,,,,,隆行,隆行,,,,「しかしだな……俺はただの貧乏学生なんだ。なつゆが好みそうなモノなんか、なにも買えないぞ？　ねだる相手が間違ってるよ」,
66400 ,,,,,,,,なつゆ,なつゆ,03nat110_003.wav,なつゆ,30102,「いいえ、先生でないとダメなのです」,
66500 ,,,,,,,,,,,なつゆ,30102,　そこでなつゆがくすっと妖しく微笑んだのを見て、俺はその意味を理解した。これまでの反撃を受けるんじゃないかと、思わず身構える。,
66600 ,,,,,,,,なつゆ,なつゆ,03nat110_004.wav,なつゆ,30115,「ふふっ、勘違いなさらないでくださいな……」,
66700 ,,,,,,,,,,,なつゆ,30115,　なつゆは机の引き出しから何かを取り出すと、俺を見下ろすようにして言った。,
66800 ,,,,,,,,なつゆ,なつゆ,03nat110_005.wav,なつゆ,30115,「ごほうびに、わたくしをおしおきするのです。先生」,
66900 ,,,,,,,,隆行,隆行,,なつゆ,30115,「ご褒美で……お仕置き？　いったい何を……」,
67000 ,,,,,,,,なつゆ,なつゆ,03nat110_006.wav,なつゆ,30103,「うふふっ……まずはこれでわたくしを、この椅子に縛り付けなさい」,
67100 ,,,,,,,,隆行,隆行,,なつゆ,30103,「ええっ……縛り！？」,
67200 ,,,,,,,,,,,なつゆ,30103,　さっきなつゆが取り出したモノ……何本かのロープを、俺に手渡す。,
67300 ,,,,,,,,なつゆ,なつゆ,03nat110_007.wav,なつゆ,30104,「さあ、なにをしているのです。早く縛りなさい」,
67400 ,,,,,,,,隆行,隆行,,なつゆ,30104,「あ、うん……」,
67500 ,,,,,,,,,,,,,　俺はロープを受け取ると、なつゆを椅子に拘束し始める。,
67600 ,,,,,,,,,,,,,　うーん……この前のキツいお仕置きが、なつゆにＭ性を目覚めさせちゃったのかな……。,
67700 ,,,,,,,,隆行,隆行,,,,「えっと……こんな感じ、か……？」,
67900 ,,,<!pre_ev1>,11,,2501,,なつゆ,なつゆ,03nat110_008.wav,なつゆ,30101,「まあ……こんなものですわね。ううん、もう少しキツくても良かったかしら」,
68000 ,,,,,,2501,,,,,,,　なつゆは己の状況を確かめると、相変わらずの口調で俺に命令をよこした。,
68100 ,,,,,,2501,,なつゆ,なつゆ,03nat110_009.wav,なつゆ,30101,「さあ、早くわたくしにお仕置きをなさい。お仕置きですから、多少きつくしてもかまいませんわ」,
68200 ,,,,,,2501,,隆行,隆行,,,,「あ、ああ……」,
68300 ,,,,,,2501,,,,,,,　なんか、＜蹂躙＝じゅうりん＞されることに＜悦＝よろこ＞びを見いだしちゃったみたいだな……。ま、俺もそういうの嫌いじゃないけど……。,
68400 ,,,,,,2501,,なつゆ,なつゆ,03nat110_010.wav,なつゆ,30101,「……んもう、早くするのですっ！」,
68500 ,,,,,,2501,,,,,,,　俺がどうしたものかと考えあぐねていると、なつゆは待ちきれないといった様子で叱責を飛ばしてきた。,
68600 ,,,,,,2501,,隆行,隆行,,,,「わ、わかったよ。じゃあ、とりあえず……」,
68900 ,,,,,,2502,,なつゆ,なつゆ,03nat110_011.wav,なつゆ,30101,「んああっ、あうぅん……」,
69000 ,,,,,,2502,,,,,,,　俺はなつゆの服をずらし、胸と股間をあらわにさせた。,
69100 ,,,,,,2502,,,,,,,　そしてまずは、なつゆのなだらかなおっぱいにかぶりつく。,
69200 ,,,,,,2502,,なつゆ,なつゆ,03nat110_012.wav,なつゆ,30101,「ふぁっ、ああっ、んん……そこ、そこっ、乳首が……ああんっ、感じるのです……」,
69300 ,,,,,,2502,,隆行,隆行,,,,「そういや……なつゆのおっぱいをちゃんといじるのは、これが初めてかもな」,
69400 ,,,,,,2502,,なつゆ,なつゆ,03nat110_013.wav,なつゆ,30101,「んっ、んんっ……そう、ですわね……」,
69500 ,,,,,,2502,,隆行,隆行,,,,「ぺったんこだな」,
69600 ,,,,,,2502,,なつゆ,なつゆ,03nat110_014.wav,なつゆ,30101,「……ッ！」,
69700 ,,,,,,2502,,,,,,,　なつゆは顔を真っ赤にして、恥ずかしそうに俺をにらみつけた。,
69800 ,,,,,,2502,,なつゆ,なつゆ,03nat110_015.wav,なつゆ,30101,「し、仕方ないでしょう……！　まだまだこれから、大きくなっていきますわ……！」,
69900 ,,,,,,2502,,隆行,隆行,,,,「いいよ、俺こっちの方が好みだし」,
70000 ,,,,,,2502,,なつゆ,なつゆ,03nat110_016.wav,なつゆ,30101,「えっ、そ、それは……本当、ですの？」,
70100 ,,,,,,2502,,隆行,隆行,,,,「さぁ、ね」,
70200 ,,,,,,2502,,,,,,,　俺は答えをはぐらかし、なつゆのちっちゃな乳首を指先でちょっと強めに弾いた。,
70300 ,,,,,,2502,,なつゆ,なつゆ,03nat110_017.wav,なつゆ,30101,「ひうっ……！　あうう……」,
70400 ,,,,,,2502,,隆行,隆行,,,,「弾かれるの、よかったみたいだな」,
70500 ,,,,,,2502,,,,,,,　もう一方の乳首も同様にしてピンッと弾くと、なつゆはまた悦びの声を上げた。,
70600 ,,,,,,2502,,なつゆ,なつゆ,03nat110_018.wav,なつゆ,30101,「ああっ、あううっ……！　ああっ、ああん……」,
70700 ,,,,,,2502,,,,,,,　今度は両方の乳首を、同時につまむ。やや爪を立て気味にして、強い刺激を与えた。,
70800 ,,,,,,2502,,なつゆ,なつゆ,03nat110_019.wav,なつゆ,30101,「きゃ……あうううんっ！　あっあっ、ああ……いいですわ、それ……はああっ、はぁぁ……」,
70900 ,,,,,,2502,,,,,,,　なつゆは熱い吐息を漏らしながら、なんとか理性をとりつくろった声で次の指示を発する。,
71000 ,,,,,,2502,,なつゆ,なつゆ,03nat110_020.wav,なつゆ,30101,「も、もう胸はよろしいですから……下をお舐めなさい」,
71100 ,,,,,,2502,,,,,,,　なつゆは膝をくいっと広げ、俺にクンニリングスを命令した。,
71200 ,,,,,,2502,,なつゆ,なつゆ,03nat110_021.wav,なつゆ,30101,「さあ、舐めるのです」,
71300 ,,,,,,2502,,,,,,,　＜被虐＝ひぎゃく＞と＜嗜虐＝しぎゃく＞で濡れそぼったように潤んだ瞳が、期待を込めた視線で俺を見下ろしている。,
71400 ,,,,,,2502,,,,,,,　蹂躙される立場を望みながら、それでも命令口調は変わらないのか……。それならば、とことんじらしてやるさ。ふふふ……。,
71500 ,,,,,,2502,,隆行,隆行,,,,「ああ……わかったよ」,
71600 ,,,,,,2502,,,,,,,　俺はわざとゆっくりとした動作でひざまずき、なつゆの股間にそろそろと顔を近づける。,
71700 ,,,,,,2502,,,,,,,　なつゆの顔がだんだんと期待に満ちていくのを横目に見ながら、俺は……おま○この割れ目ではなく、すぐ隣のふとももの付け根に舌を差し入れた。,
71800 ,,,,,,2502,,なつゆ,なつゆ,03nat110_022.wav,なつゆ,30101,「ん……ああっ？　んんっ、あんっ……ど、どこを舐めているのですっ！」,
71900 ,,,,,,2502,,,,,,,　俺はなつゆの問いかけを無視し、ふとももの付け根をペロペロと舐め続ける。,
72000 ,,,,,,2502,,,,,,,　んんっ……ここはここでふとももがすごく柔らかくて、思わず興奮するような汗の香りもして……悪くはないな。,
72100 ,,,,,,2502,,なつゆ,なつゆ,03nat110_023.wav,なつゆ,30101,「ちょっと……はやくお舐めなさいっ……」,
72200 ,,,,,,2502,,隆行,隆行,,,,「うん、だから舐めてるじゃないか」,
72300 ,,,,,,2502,,なつゆ,なつゆ,03nat110_024.wav,なつゆ,30101,「あっ、ふぁぁっ……で、ですから、そこじゃありません……！」,
72400 ,,,,,,2502,,隆行,隆行,,,,「んーと、どこ？」,
72500 ,,,,,,2502,,なつゆ,なつゆ,03nat110_025.wav,なつゆ,30101,「あっ、えっ……そ、それは……お、おま……」,
72600 ,,,,,,2502,,隆行,隆行,,,,「んー？」,
72700 ,,,,,,2502,,なつゆ,なつゆ,03nat110_026.wav,なつゆ,30101,「ですから、おま○こですっ！　わたくしのおま○こ、早くお舐めなさいっ……！」,
72800 ,,,,,,2502,,,,,,,　ふふっ、なつゆのような気位の高い女の子に卑猥な言葉をしゃべらせるのは……なかなかクセになるな。,
72900 ,,,,,,2502,,隆行,隆行,,,,「そうか、おま○こだったか……。しかしふとももの付け根も、なかなかおいしかったのにな。汗の香りとかして」,
73000 ,,,,,,2502,,なつゆ,なつゆ,03nat110_027.wav,なつゆ,30101,「なっ……不潔ですわっ！」,
73100 ,,,,,,2502,,隆行,隆行,,,,「不潔もなにも、なつゆの身体だよ？」,
73200 ,,,,,,2502,,なつゆ,なつゆ,03nat110_028.wav,なつゆ,30101,「舐めることが不潔なのですっ！」,
73300 ,,,,,,2502,,隆行,隆行,,,,「舐めることが不潔？　それじゃあ、おま○こを舐めるのも不潔なのかぁ～。残念だな、不潔が嫌いならおま○こは舐めてあげられないよ」,
73400 ,,,,,,2502,,なつゆ,なつゆ,03nat110_029.wav,なつゆ,30101,「……ッ！　それとこれとは……！」,
73500 ,,,,,,2502,,,,,,,　なつゆは悔しそうな表情で、キッと俺をにらみつけた。俺はそれを微笑みで軽くいなして、なつゆの唇にキスをする。,
73600 ,,,,,,2502,,なつゆ,なつゆ,03nat110_030.wav,なつゆ,30101,「あっ……んちゅっ、ちゅっ、ちゅるっ……先生……」,
73700 ,,,,,,2502,,隆行,隆行,,,,「わかってるさ。ちょっと意地悪してみただけ」,
73800 ,,,,,,2502,,なつゆ,なつゆ,03nat110_031.wav,なつゆ,30101,「あん……先生、ひどいですわ……」,
73900 ,,,,,,2502,,隆行,隆行,,,,「意地悪されるの、好きだろう？」,
74000 ,,,,,,2502,,なつゆ,なつゆ,03nat110_032.wav,なつゆ,30101,「うっ…………」,
74100 ,,,,,,2502,,,,,,,　なつゆが、顔を真っ赤にして黙り込む。,
74200 ,,,,,,2502,,,,,,,　俺はなつゆの股間へと唇を進め、トロトロに濡れそぼっていたおま○こに舌を這わせた。,
74300 ,,,,,,2502,,なつゆ,なつゆ,03nat110_033.wav,なつゆ,30101,「やっ、あっ、んん……！　あんっ、ああ、んんっ……」,
74400 ,,,,,,2502,,,,,,,　乳首同様、なつゆの求めに応じて激しい愛撫を続ける。クリトリスの皮を剥き、歯を立ててコリッ、コリッと強く責め立てた。,
74500 ,,,,,,2502,,なつゆ,なつゆ,03nat110_034.wav,なつゆ,30101,「ひっ……！　あううっ、ああっ！　あんんっ、あんっ、あうぅん……」,
74600 ,,,,,,2502,,,,,,,　なつゆは首を左右に振り、湿った声を上げて快感に悶えていた。身体を縛られたなつゆは、濡れ方が、乱れ方が、これまでとは格段に違う。,
74700 ,,,,,,2502,,,,,,,　もう完全にＭの才能が開花しちゃったみたいだな、なつゆ……。,
74800 ,,,,,,2502,,なつゆ,なつゆ,03nat110_035.wav,なつゆ,30101,「ふぁ、ふぁぁんっ、ああ……もうがまんできませんっ、先生……先生のを、入れてくださいな……！」,
74900 ,,,,,,2502,,隆行,隆行,,,,「入れるって、おい……」,
75000 ,,,,,,2502,,なつゆ,なつゆ,03nat110_036.wav,なつゆ,30101,「わたくし、からだを縛り付けられて逃げられませんわ……。なにをするのも、先生の思うがままですのよ？」,
75100 ,,,,,,2502,,隆行,隆行,,,,「でも……いいのか？」,
75200 ,,,,,,2502,,,,,,,　相手は名家のお嬢様だ。ここまでエッチな行為を繰り返しておいてナンだが、処女を奪うのだけは最後の一線を越えるような気がして……俺にもためらいがあった。,
75300 ,,,,,,2502,,,,,,,　しかしなつゆは、艶っぽい声でそれを取り払う。,
75400 ,,,,,,2502,,なつゆ,なつゆ,03nat110_037.wav,なつゆ,30101,「ふふっ……先生は、わたくしを犯したくありませんの？　由緒ある千住院家の令嬢であるこのわたくしを、強引に組み伏せ……ご自分のモノにしたくはありません？」,
75500 ,,,,,,2502,,,,,,,　恍惚の顔つきで話すなつゆを見て、俺はふと気づいた。,
75600 ,,,,,,2502,,,,,,,　ああ、そうか……なつゆは、それを望んでいるのか。,
75700 ,,,,,,2502,,隆行,隆行,,,,「ふふっ、なつゆ……それなら、お望み通りにしてあげるよ」,
75800 ,,,,,,2502,,,,,,,　俺はズボンを脱ぎ捨て、ビンビンに勃起したチ○チンをなつゆのおま○こに突きつけた。,
75900 ,,,,,,2502,,なつゆ,なつゆ,03nat110_038.wav,なつゆ,30101,「ああっ、すごい……先生のおち○ちん、とってもたくましいですわ……。ああ、そんな大きいのが入るのかしら……」,
76000 ,,,,,,2502,,,,,,,　なつゆはそれを、うっとりと見つめている。俺はチ○チンをおま○こにあてがったまま前後に動かし、挿入せずに軽くじらした。,
76100 ,,,,,,2502,,なつゆ,なつゆ,03nat110_039.wav,なつゆ,30101,「あっ、ああん……は、はやくお入れなさいっ！」,
76200 ,,,,,,2502,,,,,,,　なつゆがまたかんしゃくを起こした瞬間……俺は、小さなおま○この中へチ○チンを一気に突き入れた。,
76400 ,,,,,,2503,,なつゆ,なつゆ,03nat110_040.wav,なつゆ,30101,「ひぐっ……！　ああっ、いたっ……んあっ、あああぁぁぁっ……！」,
76500 ,,,,,,2503,,隆行,隆行,,,,「痛いか、なつゆ……？」,
76600 ,,,,,,2503,,なつゆ,なつゆ,03nat110_041.wav,なつゆ,30101,「これぐらい平気、ですわ……くぅぅぅんっ！」,
76700 ,,,,,,2503,,,,,,,　チ○チンの先が狭い膣の一番奥に達したところで腰を止め、なつゆの身体をいったん弛緩させる。,
76800 ,,,,,,2503,,なつゆ,なつゆ,03nat110_042.wav,なつゆ,30101,「ふぁぁ、あああ……まるで、串刺しにされた気分ですわ……」,
76900 ,,,,,,2503,,,,,,,　ここで俺はなつゆの身体をきつく抱きしめると、唇を耳元に寄せ……それから一番低い声を使って、そっと囁いた。,
77000 ,,,,,,2503,,隆行,隆行,,,,「なつゆ……これでお前は、俺のものだな」,
77100 ,,,,,,2503,,なつゆ,なつゆ,03nat110_043.wav,なつゆ,30101,「ぁぁぁぁあああ……っ」,
77200 ,,,,,,2503,,,,,,,　それによって、なつゆの心の中にある全ての壁が崩れ去ったようだった。俺の囁きを聞いたなつゆは、全身に鳥肌を立てながら……ゾクゾクとした歓喜の表情で、小刻みに震えている。,
77300 ,,,,,,2503,,なつゆ,なつゆ,03nat110_044.wav,なつゆ,30101,「ああっ、あああ……せんせい……わたくしの、みもこころも、すべて……？」,
77400 ,,,,,,2503,,隆行,隆行,,,,「ああ。全部、俺のものだ」,
77500 ,,,,,,2503,,なつゆ,なつゆ,03nat110_045.wav,なつゆ,30101,「ああんっ……先生っ！　……あっ？　きゃああんっ！」,
77600 ,,,,,,2503,,,,,,,　なつゆは俺を抱きしめ返そうとしたようだが、しかし手足を拘束したロープにそれを遮られる。,
77700 ,,,,,,2503,,隆行,隆行,,,,「ふふっ、抱きしめられるのも……俺から一方的にだけ、なんだよ」,
77800 ,,,,,,2503,,なつゆ,なつゆ,03nat110_046.wav,なつゆ,30101,「先生……ああん……」,
77900 ,,,,,,2503,,隆行,隆行,,,,「さあ、動くよ……なつゆ」,
78000 ,,,,,,2503,,なつゆ,なつゆ,03nat110_047.wav,なつゆ,30101,「はい、先生……」,
78100 ,,,,,,2503,,,,,,,　なつゆが、今までに聞いたことのないようなしおらしい声を出す。,
78200 ,,,,,,2503,,,,,,,　俺は処女を奪った最初のひと突きとは逆に、ゆっくりと腰のストロークを再開した。,
78300 ,,,,,,2503,,なつゆ,なつゆ,03nat110_048.wav,なつゆ,30101,「あっ、あっ、あんんっ……あんっ、あんっ、んんんっ」,
78400 ,,,,,,2503,,隆行,隆行,,,,「慣れてきたかな……少し、ペースを速くするよ」,
78500 ,,,,,,2503,,なつゆ,なつゆ,03nat110_049.wav,なつゆ,30101,「はい……あううっ！　んあっ、あうんっ、ああああっ」,
78600 ,,,,,,2503,,隆行,隆行,,,,「大丈夫か？　痛くないか……？」,
78700 ,,,,,,2503,,なつゆ,なつゆ,03nat110_050.wav,なつゆ,30101,「い……いたいですっ！　痛いに決まってますっ……！　でも、それはわたくしが先生のモノになった証ですから……今だけしか味わえない痛みなんですっ！　あああんっ、もっと、もっとくださいませっ！」,
78800 ,,,,,,2503,,,,,,,　俺はなつゆに求められるまま、腰の動きを速くした。くちゅっ、ぐちゅっという水音が、室内に響く。,
78900 ,,,,,,2503,,なつゆ,なつゆ,03nat110_051.wav,なつゆ,30101,「はあっ、あああっ……！　ああ、全身がつらぬかれてるような……くうぅんっ、あううぅぅっ！」,
79000 ,,,,,,2503,,,,,,,　なつゆのキツくてせまいおま○こで、俺のチ○チンも絞られるように刺激される。射精の限界は、あっという間にやってきた。,
79100 ,,,,,,2503,,隆行,隆行,,,,「ああっ、さすがに＜膣内＝なか＞はキツいよ……そろそろ、出してしまいそうだ……」,
79200 ,,,,,,2503,,なつゆ,なつゆ,03nat110_052.wav,なつゆ,30101,「あっ、ああっ、ああ……ください、出してくださいまし……」,
79300 ,,,,,,2503,,隆行,隆行,,,,「＜膣内＝なか＞で出す意味、わかってるのか……！？」,
79400 ,,,,,,2503,,なつゆ,なつゆ,03nat110_053.wav,なつゆ,30101,「もちろん、わかっておりますっ……子供あつかい、しないでくださいっ……！」,
79500 ,,,,,,2503,,隆行,隆行,,,,「だったら、なおさら……！」,
79600 ,,,,,,2503,,なつゆ,なつゆ,03nat110_054.wav,なつゆ,30101,「ほしい、ほしいのですっ！　先生のモノになった証に、先生の精液……わたくしの＜胎内＝なか＞に放ってくださいっ……！」,
79700 ,,,,,,2503,,隆行,隆行,,,,「う、うん……あああっ……！」,
79800 ,,,,,,2503,,,,,,,　もう考える余裕もなかった。ただチ○チンをなつゆの奥深くへと突き入れ、全ての意識を解き放つ。,
79900 ,,,,,,2503,,なつゆ,なつゆ,03nat110_055.wav,なつゆ,30101,「あああっ、先生のおち○ちんがふくらんで……あん、ああっ……んああっ、あああああぁぁぁぁ……っ！！」,
80200 ,,,<!ef_shasei>,,,2504,,なつゆ,なつゆ,03nat110_056.wav,なつゆ,30101,「きゃううっ、あうううんっ……！」,
80300 ,,,,,,2504,,隆行,隆行,,,,「うううっ、ああ、うう……」,
80400 ,,,,,,2504,,,,,,,　なつゆの身体が大きく跳ね上がった。手足を固定されているので、ガクガクと椅子ごと揺れる。,
80500 ,,,,,,2504,,隆行,隆行,,,,「おおっ、おお……ああ……」,
80600 ,,,,,,2504,,,,,,,　俺の背筋にも、ぞくぞくっとした激しい快感が走っていた。チ○チンはなつゆの＜膣内＝なか＞でまだ脈打ち、精液を放ち続けている。,
80700 ,,,,,,2504,,なつゆ,なつゆ,03nat110_057.wav,なつゆ,30101,「ふぁ、ああ、あふぅん……先生の精子がいっぱい、入ってまいりますわ……」,
80800 ,,,,,,2504,,,,,,,　満足げにそうつぶやいたなつゆは、射精された精液を愛おしむかのように目を閉じる。激しい疲労感に襲われた俺も、なつゆの身体に重なって眠るように目を閉じた。,
80900 ,,,,,,2504,,なつゆ,なつゆ,03nat110_058.wav,なつゆ,30101,「ああっ、先生……こんなに近くにいらっしゃるのに……私から抱きしめて差し上げられないなんて……」,
81000 ,,,,,9000,2504,,なつゆ,なつゆ,03nat110_059.wav,なつゆ,30101,「最高ですわ……」,
81200 ,$return,,,,,,,,,,,,,
81300 ,&03nat050ha,,,4294967295,9000,,,,,,,,,
81800 ,,,,6,6,,,隆行,隆行,,,,「ふぅ、少し時間に遅れちゃったかな……って、あれ？」,
81900 ,,,,,,,,なつゆ,なつゆ,03nat111_001.wav,なつゆ,30102,「先生、いらっしゃいませ。お待ちしておりましたわ」,
82000 ,,,,,,,,隆行,隆行,,なつゆ,30102,「なつゆ……？　なんでここに」,
82100 ,,,,,,,,なつゆ,なつゆ,03nat111_002.wav,なつゆ,30119,「た、たまには先生をわたくし自らお出迎えしようと……思っただけですわ！」,
82200 ,,,,,,,,隆行,隆行,,なつゆ,30119,「そうか。ありがとな、なつゆ」,
82300 ,,,,,,,,なつゆ,なつゆ,03nat111_003.wav,なつゆ,30113,「う……」,
82400 ,,,,,,,,隆行,隆行,,なつゆ,30113,「このところ可愛くなったよな、なつゆ」,
82500 ,,,,,,,,なつゆ,なつゆ,03nat111_004.wav,なつゆ,30117,「な、なにをおっしゃるかと思えば……軽口はやめてくださいまし」,
82600 ,,,,,,,,隆行,隆行,,なつゆ,30117,「軽口……？　ひどいな、俺の本心を軽口扱いとは」,
82700 ,,,,,,,,なつゆ,なつゆ,03nat111_005.wav,なつゆ,30117,「う……先生はまた、そうやって……さあ、早くわたくしの勉強部屋に参りますわよ！」,
82900 ,,,<!ef_move>,,7,,,隆行,隆行,,,,「照れるなつゆもなかなか可愛いな、やっぱり」,
83000 ,,,,,,,,なつゆ,なつゆ,03nat111_006.wav,なつゆ,30117,「先生は気安いですわ。他の使用人も見ておりますのに……」,
83100 ,,,,,,,,隆行,隆行,,なつゆ,30117,「いいだろ、別に」,
83200 ,,,,,,,,なつゆ,なつゆ,03nat111_007.wav,なつゆ,30106,「そんな、邸内ではこまります……っ！　二人でいるときにしてくださいな……」,
83300 ,,,,,,,,隆行,隆行,,なつゆ,30106,「ほほぅ～。すると、二人でいたら何をやってもいいんだな？」,
83400 ,,,,,,,,なつゆ,なつゆ,03nat111_008.wav,なつゆ,30127,「そ、そういうわけではございませんっ！」,
83500 ,,,,,,,,隆行,隆行,,なつゆ,30127,「ん……？　なつゆは俺のモノだったよな？　反論は許さないぞ」,
83600 ,,,,,,,,なつゆ,なつゆ,03nat111_009.wav,なつゆ,30122,「ああん……ひどいですわ……」,
83700 ,,,,,,,,隆行,隆行,,なつゆ,30122,「また成績が上がったら、キツいお仕置きをしてあげるよ……。だから、頑張るんだぞ」,
83800 ,,,,,,,,なつゆ,なつゆ,03nat111_010.wav,なつゆ,30120,「はい……楽しみですわ……」,
83900 ,,,,,,,,,,,なつゆ,30120,　なつゆはうっとりとした表情で、席に着いた。,
84100 ,$return,,,,,,,,,,,,,
84200 ,&03nat060h,,<!ef_timepass>,6,7,,,,,,,,,
84500 ,,,,,,,,隆行,隆行,,,,「なつゆ、今日はお前も奉仕の気持ちを学ぶんだ」,
84600 ,,,,,,,,なつゆ,なつゆ,03nat112_001.wav,なつゆ,30121,「ご奉仕、ですの……？」,
84700 ,,,,,,,,隆行,隆行,,なつゆ,30121,「俺のココに、直接……な」,
84800 ,,,,,,,,,,,なつゆ,30121,　俺は親指を立て、自分の股間をクイッと指し示した。,
84900 ,,,,,,,,なつゆ,なつゆ,03nat112_002.wav,なつゆ,30106,「えっ、それは……」,
85000 ,,,,,,,,隆行,隆行,,なつゆ,30106,「なんだ、怖いのか？」,
85100 ,,,,,,,,なつゆ,なつゆ,03nat112_003.wav,なつゆ,30117,「ち、ちがいますっ！」,
85200 ,,,,,,,,,,,なつゆ,30117,　俺はファスナーを下ろして＜半勃＝はんだ＞ちになったチ○チンを取り出すと、なつゆの眼前に突きつけた。,
85300 ,,,,,,,,なつゆ,なつゆ,03nat112_004.wav,なつゆ,30130,「ひっ……！？　あっ、ああ……」,
85400 ,,,,,,,,隆行,隆行,,なつゆ,30130,「どうした、やっぱり怖そうにしてるじゃないか」,
85500 ,,,,,,,,なつゆ,なつゆ,03nat112_005.wav,なつゆ,30106,「こ、こわくなんかありませんわ！　ただ、見慣れていないだけですっ……」,
85600 ,,,,,,,,隆行,隆行,,なつゆ,30106,「だったら、よく見ておくといい。これが、お前の処女を奪ったチ○チンだよ。初めて男を受け入れたお前の＜胎内＝なか＞を、ぐちゅぐちゅと貫いたんだ」,
85700 ,,,,,,,,なつゆ,なつゆ,03nat112_006.wav,なつゆ,30128,「あ、ああ……そうですのね……あのとき、こんな太いものが、わたくしに……すごい、ですわ……」,
85800 ,,,,,,,,,,,なつゆ,30128,　言葉責めに悶えるなつゆのいじらしい姿を見て、俺のチ○チンはどんどん大きくなっていく。,
85900 ,,,,,,,,,,,なつゆ,30128,　なつゆも、男のチ○チンが半勃ちから完全に勃起していくまでの様子を目の前で見せつけられ……言葉では拒否しつつも、興奮のスイッチが入ってしまっていたようだった。,
86000 ,,,,,,,,なつゆ,なつゆ,03nat112_007.wav,なつゆ,30128,「ああ……先生のおち○ちん、真っ赤にふくらんで……ひくっ、ひくって、動いてますわ……」,
86100 ,,,,,,,,隆行,隆行,,なつゆ,30128,「なつゆ、俺がお前のおま○こを舐めて奉仕したように……今度はお前が、俺のチ○チンをしごいて奉仕してくれ」,
86200 ,,,,,,,,なつゆ,なつゆ,03nat112_008.wav,なつゆ,30119,「えっ、で、でもっ……わたくし……」,
86300 ,,,,,,,,隆行,隆行,,なつゆ,30119,「直接さわるのが怖かったら、何か布のようなモノをチ○チンにかぶせてさわる……というのも手だな」,
86400 ,,,,,,,,なつゆ,なつゆ,03nat112_009.wav,なつゆ,30118,「布、ですか……？」,
86500 ,,,,,,,,隆行,隆行,,なつゆ,30118,「ああ。薄くて柔らかく、伸びが良い布……そうだな、なつゆが今はいてる、ショーツなんてのはどうだ？」,
86600 ,,,,,,,,なつゆ,なつゆ,03nat112_010.wav,なつゆ,30112,「ええっ、わたくしのショーツを！？　そんな、できるわけありませんわっ！」,
86700 ,,,,,,,,,,,なつゆ,30112,　なつゆは怒った顔つきになり、ツンとそっぽを向いてしまう。,
86800 ,,,,,,,,,,,なつゆ,30112,　俺はそこで、なつゆの頭をガシッとつかむと……顔に当たるかというほど近くに、熱く勃起したチ○チンを突きつけた。,
86900 ,,,,,,,,なつゆ,なつゆ,03nat112_011.wav,なつゆ,30130,「ひぅっ……！？」,
87000 ,,,,,,,,隆行,隆行,,なつゆ,30130,「なつゆ」,
87100 ,,,,,,,,なつゆ,なつゆ,03nat112_012.wav,なつゆ,30129,「はいっ……！」,
87200 ,,,,,,,,隆行,隆行,,なつゆ,30129,「脱ぐんだ。いま、俺の目の前で」,
87300 ,,,,,,,,なつゆ,なつゆ,03nat112_013.wav,なつゆ,30128,「ああんっ、先生……かしこまりました……」,
87400 ,,,,,,,,,,,,,　俺の命令を受けたなつゆは、従属する愉悦と羞恥心の狭間で揺れながら、おずおずと脱いでいった。,
87500 ,,,,,,,,なつゆ,なつゆ,03nat112_014.wav,なつゆ,30213,「あっ、あの……これ……」,
87600 ,,,,,,,,,,,なつゆ,30213,　俺はなつゆが恥ずかしそうに差し出した脱ぎたてのショーツを受け取ると、片方の手でなつゆの頭を優しく撫でる。,
87700 ,,,,,,,,隆行,隆行,,なつゆ,30213,「恥ずかしかったか……？　でもよく頑張ったな。偉いぞ、なつゆ」,
87800 ,,,,,,,,なつゆ,なつゆ,03nat112_015.wav,なつゆ,30202,「え、えへっ……先生……」,
87900 ,,,,,,,,なつゆ,なつゆ,03nat112_016.wav,なつゆ,30218,「…………ああぁぁっ！？」,
88000 ,,,,,,,,,,,なつゆ,30218,　褒められたなつゆが、嬉しそうな表情を浮かべた瞬間……俺はショーツを鼻に持っていって、その匂いを思いっきり嗅いだ。,
88100 ,,,,,,,,隆行,隆行,,なつゆ,30218,「う～ん、実によい香りだ。なつゆの匂いがする」,
88200 ,,,,,,,,なつゆ,なつゆ,03nat112_017.wav,なつゆ,30219,「やぁっ、やぁぁぁぁっ！　先生っ、そんな、ショーツの匂いなんて嗅がないで……やだぁぁぁっ……！！」,
88300 ,,,,,,,,,,,なつゆ,30219,　羞恥に震えるなつゆを、俺は身体が折れるほどにきつく抱きしめて取り押さえる。それからその耳元で、また低く＜囁＝ささや＞いた。,
88400 ,,,,,,,,隆行,隆行,,なつゆ,30219,「静かにしろ、なつゆ。お前の身体は、俺のモノなんだから……お前の下着も、匂いも、全てが俺のモノだ」,
88500 ,,,,,,,,なつゆ,なつゆ,03nat112_018.wav,なつゆ,30228,「はぁんっ、あぁん……せんせい……」,
88600 ,,,,,,,,隆行,隆行,,なつゆ,30228,「それじゃあ、なつゆ……このショーツを俺のチ○チンにかぶせて、奉仕するんだ」,
88700 ,,,,,,,,なつゆ,なつゆ,03nat112_019.wav,なつゆ,30229,「はい、先生……」,
88900 ,,,<!pre_ev1>,11,,2601,,なつゆ,なつゆ,03nat112_020.wav,なつゆ,30101,「こ……こんな感じで、よろしいのかしら……？」,
89000 ,,,,,,2601,,隆行,隆行,,,,「上出来だ、なつゆ」,
89100 ,,,,,,2601,,,,,,,　なつゆはショーツがかぶせられたチ○チンをおそるおそる握り、それからゆっくり前後にしごき始めた。,
89200 ,,,,,,2601,,なつゆ,なつゆ,03nat112_021.wav,なつゆ,30101,「先生……腕の強さは、どれぐらいがよろしいんですの……？」,
89300 ,,,,,,2601,,隆行,隆行,,,,「これは俺への奉仕なんだぞ……？　俺の表情やチ○チンの様子から、自分で判断するんだ」,
89400 ,,,,,,2601,,なつゆ,なつゆ,03nat112_022.wav,なつゆ,30101,「はっ、はい…………んっんっ、んっ」,
89500 ,,,,,,2601,,,,,,,　なつゆはショーツの下にあるチ○チンをのぞき込んだり、またときおり俺の顔色を窺ったりしながら……懸命に手コキを続けた。,
89600 ,,,,,,2601,,なつゆ,なつゆ,03nat112_023.wav,なつゆ,30101,「んっ、んんっ……はっ、あっ、ああん……」,
89700 ,,,,,,2601,,,,,,,　ショーツの柔らかい生地が、しゅっ、しゅるっ、とかすかに音を立てる。なつゆの細くて綺麗な指が、俺のチ○チンに少しずつ快感をもたらした。,
89800 ,,,,,,2601,,なつゆ,なつゆ,03nat112_024.wav,なつゆ,30101,「ああ、うすい布ごしに伝わってまいります……先生のおち○ちん、とっても熱いですわ……」,
89900 ,,,,,,2601,,隆行,隆行,,,,「お前にしごかれてるから、こんなに熱くなっているんだよ」,
90000 ,,,,,,2601,,なつゆ,なつゆ,03nat112_025.wav,なつゆ,30101,「ああん……うれしいですわ、先生……」,
90100 ,,,,,,2601,,,,,,,　なつゆは亀頭を優しく包み込み、一定のリズムでしごき続ける。しばらくして、ショーツにはわずかな染みができていた。,
90200 ,,,,,,2601,,隆行,隆行,,,,「ううっ、ああ……」,
90300 ,,,,,,2601,,なつゆ,なつゆ,03nat112_026.wav,なつゆ,30101,「あらっ、なにか出てまいりましたわ……これ、精液……ですの？　先生、もうイキそうですの？」,
90400 ,,,,,,2601,,隆行,隆行,,,,「いや、それは先走りの液……いわゆるカウパーだよ」,
90500 ,,,,,,2601,,なつゆ,なつゆ,03nat112_027.wav,なつゆ,30101,「カウパー……」,
90600 ,,,,,,2601,,隆行,隆行,,,,「精液に先駆けて出てきて、女の子の愛液と同じくチ○チンとおま○この潤滑を助ける働きをしたり……アルカリの性質で酸性の膣内を中和して、精子を受精させやすくするんだ」,
90700 ,,,,,,2601,,なつゆ,なつゆ,03nat112_028.wav,なつゆ,30101,「あっ、え、えっと……じゅんかつ、と、アルカリ……」,
90800 ,,,,,,2601,,隆行,隆行,,,,「ははは、そんなのテストになんか出ないから、覚えなくてもいいってば」,
90900 ,,,,,,2601,,なつゆ,なつゆ,03nat112_029.wav,なつゆ,30101,「はっ、はい……先生は、やっぱりすごいですわ……素敵ですの……」,
91000 ,,,,,,2601,,隆行,隆行,,,,「……ん？」,
91100 ,,,,,,2601,,なつゆ,なつゆ,03nat112_030.wav,なつゆ,30101,「わたくし、先生にご奉仕できて……とても幸せですわ……」,
91200 ,,,,,,2601,,隆行,隆行,,,,「そうか……俺も、お前が……ううっ」,
91300 ,,,,,,2601,,,,,,,　なつゆの一心な手コキに、俺のチ○チンもそろそろ限界を迎えつつあった。ショーツに染みを作っているカウパーに混じって、少しずつ精液も漏れだしてきている。,
91400 ,,,,,,2601,,なつゆ,なつゆ,03nat112_031.wav,なつゆ,30101,「あら、この香り……独特ですわ……」,
91500 ,,,,,,2601,,隆行,隆行,,,,「んっ、ああ……それは俺の、精液だな……」,
91600 ,,,,,,2601,,なつゆ,なつゆ,03nat112_032.wav,なつゆ,30101,「精液の……香りですの？　なんだか、ドキドキしてしまう匂いですわ……」,
91700 ,,,,,,2601,,,,,,,　なつゆはショーツの染みに鼻を近づけ、くんくんとその匂いを嗅ぐ。,
91800 ,,,,,,2601,,隆行,隆行,,,,「おいっ、なつゆ……？」,
91900 ,,,,,,2601,,なつゆ,なつゆ,03nat112_033.wav,なつゆ,30101,「わたくしだって、先生の匂いを嗅ぎたいですわ。すん、すんっ……ああっ、からだが溶けそうな、不思議な香りですの……」,
92000 ,,,,,,2601,,,,,,,　なつゆは精液の匂いを嗅ぐと、陶酔したように眼がトロンとなり……チ○チンをしごく手にも、一層力がこもってきた。,
92100 ,,,,,,2601,,隆行,隆行,,,,「おおっ、おっ、なつゆ……ちょっと強いよ……！」,
92200 ,,,,,,2601,,なつゆ,なつゆ,03nat112_034.wav,なつゆ,30101,「精液が染み出てきたのは、先生が気持ちよくなっている証拠ですのね……？」,
92300 ,,,,,,2601,,隆行,隆行,,,,「ああ、そうだよ……」,
92400 ,,,,,,2601,,なつゆ,なつゆ,03nat112_035.wav,なつゆ,30101,「もっと精液の匂いを嗅ぎたいですわっ……もっともっと、気持ちよくなってください……！」,
92500 ,,,,,,2601,,隆行,隆行,,,,「うあっ、あああっ、そんなに強くしたら、出る……！」,
92600 ,,,,,,2601,,なつゆ,なつゆ,03nat112_036.wav,なつゆ,30101,「出してくださいまし……っ！　この前わたくしのおま○この中で、どんな風に射精されたのか……見てみたいですのっ！」,
92700 ,,,,,,2601,,,,,,,　なつゆはそう叫ぶとチ○チンを更に強く握り、亀頭とサオを一気にしごき上げる。,
92800 ,,,,,,2601,,隆行,隆行,,,,「あっ、あああっ……うあああっ……！！」,
93100 ,,,<!ef_shasei>,,,2602,,なつゆ,なつゆ,03nat112_037.wav,なつゆ,30101,「きゃっ……！？　あっ、ああ……わたくしの手の中で、ビクビクって動いてますわ……すごい量……」,
93200 ,,,,,,2602,,隆行,隆行,,,,「うああっ、ああっ、ああ……はぁ、はぁ……」,
93300 ,,,,,,2602,,,,,,,　射精と同時に、後頭部あたりの一帯が麻痺してしまったかのような、強い快感が身体を突き抜けた。,
93400 ,,,,,,2602,,,,,,,　自分でシゴいていれば、快感の波に合わせて緩急の付けようがあるが……他人に任せていると、もう上り詰めるだけの一辺倒だった。それだけに、射精時の快感はものすごい。,
93500 ,,,,,,2602,,なつゆ,なつゆ,03nat112_038.wav,なつゆ,30101,「わたくし、この前は……おま○この中に、こうやってたくさんの精液を射精されたのですね……」,
93600 ,,,,,,2602,,なつゆ,なつゆ,03nat112_039.wav,なつゆ,30101,「ねばねばして、すごい匂いです……ああん、くらくらしそうですわ……」,
93700 ,,,,,,2602,,,,,,,　なつゆはうっとりとした様子で指に付いた精液の匂いを嗅ぎ、そして舐め始めた。,
93800 ,,,,,9000,2602,,,,,,,　俺はただ、それをぼーっと見つめつつ……激しい快感の余韻に包まれたまま、後ろのベッドに倒れ込んだのだった。,
94000 ,$return,,,,,,,,,,,,,
94100 ,&03nat060ha,,,4294967295,9000,,,,,,,,,
94580 ,,,<!se_natsuyu_chime><wait 700>,,,,,,,,,,,
94590 ,,,,6,6,,,,,,,,,
94600 ,,,,,,,,なつゆ,なつゆ,03nat113_001.wav,なつゆ,30102,「先生、いらっしゃいませ」,
94700 ,,,,,,,,隆行,隆行,,なつゆ,30102,「なんだか、お前に迎えにきてもらうのも変な感じだな」,
94800 ,,,,,,,,なつゆ,なつゆ,03nat113_002.wav,なつゆ,30103,「ふふっ、お嫌ですか……？　わたくしも先生から奉仕の心を学びましたもの、せめてこれぐらいさせてくださいましな」,
94900 ,,,,,,,,隆行,隆行,,なつゆ,30103,「ふふっ、お前もホントに可愛くなったな」,
95000 ,,,,,,,,なつゆ,なつゆ,03nat113_003.wav,なつゆ,30115,「ああん……いやですわ、先生……」,
95100 ,,,,,,,,りおん,りおん,04rio113_001.wav,りおん,40118,「………………あらま」,
95200 ,,,,,,,,なつゆ,なつゆ,03nat113_004.wav,なつゆ,30112,「ああっ、なにを見ているのですりおん！　はやく持ち場に戻りなさいっ！」,
95300 ,,,,,,,,りおん,りおん,04rio113_002.wav,りおん,40119,「はっ、はいぃぃっ……！」,
95400 ,,,,,,,,隆行,隆行,,,,「あははっ。家政婦ならぬ、使用人に見られちゃったな」,
95500 ,,,,,,,,なつゆ,なつゆ,03nat113_005.wav,なつゆ,30122,「もう……」,
95690 ,,,<!ef_move>,,7,,,,,,,,,
95700 ,,,,,,,,なつゆ,なつゆ,03nat113_006.wav,なつゆ,30121,「あら……先生、なにか落とされましたわよ？」,
95800 ,,,,,,,,,,,なつゆ,30121,　俺はなつゆの授業とは全く関係のない、元素周期表のプリントをはらりと床に落としていた。,
95900 ,,,,,,,,なつゆ,なつゆ,03nat113_007.wav,なつゆ,30101,「今度は、これをおべんきょういたしますの？」,
96000 ,,,,,,,,隆行,隆行,,なつゆ,30101,「ああ、違うよ。それは元素の周期表だぞ？　お前に教える内容じゃないよ」,
96100 ,,,,,,,,,,,なつゆ,30101,　俺はなつゆからそのプリントを受け取ると、カバンに仕舞おうとした。,
96200 ,,,,,,,,なつゆ,なつゆ,03nat113_008.wav,なつゆ,30127,「あら、バカにしないでくださいます？　いまチラッと見えましたけど、わたくしその記号がなんだか知っておりますわよ」,
96300 ,,,,,,,,隆行,隆行,,なつゆ,30127,「ほほ～、元素記号がお前にわかるってのか？　それなら問題でも出してやろうか」,
96400 ,,,,,,,,なつゆ,なつゆ,03nat113_009.wav,なつゆ,30103,「のぞむところですわ」,
96500 ,,,,,,,,隆行,隆行,,なつゆ,30103,「元素番号２２、軽くて強度がある遷移金属の『Ｔｉ』とはなんだ？」,
96600 ,,,,,,,,なつゆ,なつゆ,03nat113_010.wav,なつゆ,30102,「Ｔｉと言えば、ティ○ァニーに決まってますでしょ？」,
96700 ,,,,,,,,隆行,隆行,,なつゆ,30102,「…………はぁ？」,
96800 ,,,,,,,,なつゆ,なつゆ,03nat113_011.wav,なつゆ,30103,「それで正解ですわよね？　さあ、早く次の問題を出してくださいな」,
96900 ,,,,,,,,隆行,隆行,,なつゆ,30103,「えっと……じゃあ、Ａｒは？」,
97000 ,,,,,,,,なつゆ,なつゆ,03nat113_012.wav,なつゆ,30102,「簡単。アル○ーニですわね」,
97100 ,,,,,,,,隆行,隆行,,なつゆ,30102,「Ｃｒ」,
97200 ,,,,,,,,なつゆ,なつゆ,03nat113_013.wav,なつゆ,30101,「カル○ィエ」,
97300 ,,,,,,,,隆行,隆行,,なつゆ,30101,「Ｈｅは……？」,
97400 ,,,,,,,,なつゆ,なつゆ,03nat113_014.wav,なつゆ,30120,「ふふっ、ちょっとした引っかけですわね……。Ｈｅはエル○スですわ」,
97500 ,,,,,,,,隆行,隆行,,なつゆ,30120,「最後……Ｆｅ……」,
97600 ,,,,,,,,なつゆ,なつゆ,03nat113_015.wav,なつゆ,30103,「フェ○ガモ……いえ、フェ○ディかしら？　うふふっ、全問正解でしょう？」,
97700 ,,,,,,,,,,,なつゆ,30103,　俺はそのプリントを仕舞うと、大きくひとつため息をついた。,
97800 ,,,,,,,,隆行,隆行,,なつゆ,30103,「ある意味……お前の人生は正解だと思うよ……」,
97900 ,,,,,,,,なつゆ,なつゆ,03nat113_016.wav,なつゆ,30121,「…………？」,
98000 ,,,,,,,,隆行,隆行,,なつゆ,30121,「それじゃ……授業を始めようか……」,
98200 ,$return,,,,,,,,,,,,,
98300 ,&03nat070h,,<!ef_timepass>,6,15,,,,,,,,,
98600 ,,,,,,,,なつゆ,なつゆ,03nat114_001.wav,なつゆ,30120,「先生、今日はなんですの？　こんなところに誘い出して……」,
98700 ,,,,,,,,,,,なつゆ,30120,　俺は勉強の合間を縫い、なつゆと連れ添って近所の公園へと出かけた。,
98800 ,,,,,,,,,,,なつゆ,30120,　ただなつゆと出かけたかったとか、もちろんそんな訳ではない。わざわざ＜人気＝ひとけ＞のない公園に出てきたのは、ちゃんとした目的があるのだ。ちゃんとした目的が……ふふふ。,
98900 ,,,,,,,,なつゆ,なつゆ,03nat114_002.wav,なつゆ,30115,「どうせお誘いいただけるなら、もっとロマンチックなところが良かったですわ」,
99000 ,,,,,,,,隆行,隆行,,なつゆ,30115,「いや、ちょっとな。お前に渡したいプレゼントがあってさ」,
99100 ,,,,,,,,なつゆ,なつゆ,03nat114_003.wav,なつゆ,30120,「プレゼント……ですの？　それでしたら、いよいよもってロマンチックな場所の方が……」,
99200 ,,,,,,,,,,,なつゆ,30120,　勝手な妄想を膨らましているなつゆに、俺はプレゼントの入ったビニール袋を素っ気なく渡す。,
99300 ,,,,,,,,なつゆ,なつゆ,03nat114_004.wav,なつゆ,30122,「んもう、先生ったら、こんな無骨な袋などにお入れになって……開けてもよろしいかしら？」,
99400 ,,,,,,,,隆行,隆行,,なつゆ,30122,「もちろん」,
99500 ,,,,,,,,なつゆ,なつゆ,03nat114_005.wav,なつゆ,30118,「……あら？　これは…………えええぇぇっ！？」,
99600 ,,,,,,,,,,,なつゆ,30118,　ガサガサとビニール袋からプレゼントを取り出したなつゆは、その中身を見て激しく驚く。,
99700 ,,,,,,,,,,,なつゆ,30118,　無理もない。俺が渡したプレゼントとは、首輪と尻尾付きのアナルバイブ……。つまりは、『犬奴隷セット』だ。,
99800 ,,,,,,,,なつゆ,なつゆ,03nat114_006.wav,なつゆ,30119,「せ、先生……これはどういうおつもりですの！？　……まさか！！」,
99900 ,,,,,,,,隆行,隆行,,なつゆ,30119,「そうだよ、お前の為に用意した首輪と尻尾さ。今ここで裸になって、それを付けてもらおうと思ってね」,
100000 ,,,,,,,,なつゆ,なつゆ,03nat114_007.wav,なつゆ,30118,「裸になって……！？　そんな……お屋敷の中でしたら、いくらでも先生のお望み通りにいたしますけど……！」,
100100 ,,,,,,,,隆行,隆行,,なつゆ,30118,「人目なんか気にしなくても大丈夫だよ。どういう訳か知らないけど、この公園は全然人が来ないらしいからね」,
100200 ,,,,,,,,なつゆ,なつゆ,03nat114_008.wav,なつゆ,30106,「そ、そういう問題では……！」,
100300 ,,,,,,,,隆行,隆行,,なつゆ,30106,「なんだ、なつゆはイヤなのか……？」,
100400 ,,,,,,,,なつゆ,なつゆ,03nat114_009.wav,なつゆ,30112,「いくらなんでも、お外でなんて恥ずかしすぎますっ！」,
100500 ,,,,,,,,隆行,隆行,,なつゆ,30112,「そうか……なら仕方ない、他で使うよ。それ、返してくれるかな」,
100600 ,,,,,,,,なつゆ,なつゆ,03nat114_010.wav,なつゆ,30118,「ほか……ってまさか、わたくし以外にも、先生のモノになっているような＜娘＝こ＞がいらっしゃいますの！？」,
100700 ,,,,,,,,隆行,隆行,,なつゆ,30118,「そりゃまあ、教え子はなつゆだけじゃないからな……。なつゆが＜首輪＝これ＞を気に入らないってんなら、別の子とするだけさ」,
100800 ,,,,,,,,なつゆ,なつゆ,03nat114_011.wav,なつゆ,30104,「…………ッ！」,
100900 ,,,,,,,,,,,なつゆ,30104,　……独占的な関係を求めたがるなつゆには、こんなブラフが良く効く。,
101000 ,,,,,,,,なつゆ,なつゆ,03nat114_012.wav,なつゆ,30122,「わっ……わかり、ましたわ……」,
101100 ,,,,,,,,隆行,隆行,,なつゆ,30122,「……ん？」,
101200 ,,,,,,,,なつゆ,なつゆ,03nat114_013.wav,なつゆ,30112,「わかりましたわっ！　わたくし、先生のお望み通り……ここで犬になって差し上げますっ！」,
101300 ,,,,,,,,,,,なつゆ,30112,　なつゆは半ばヤケになったような口調で叫ぶと、一気に服を脱ぎ捨てた。,
101400 ,,,,,,,,隆行,隆行,,なつゆ,30112,「素直ななつゆは大好きだよ。それじゃあ、そこにしゃがんで……そう、上半身は曲げずに、背筋を伸ばして……」,
101600 ,,,<!pre_ev1><!ef_timepass>,11,,2701,,なつゆ,なつゆ,03nat114_014.wav,なつゆ,30101,「こ、これでよろしい……ですの？」,
101700 ,,,,,,2701,,,,,,,　俺はなつゆを、犬がおねだりするような格好にさせた。犬らしく四つんばいも悪くはないが、今はおっぱいとおま○こがよく見えるこの格好が良いだろう。,
101800 ,,,,,,2701,,隆行,隆行,,,,「そうだ、それでいい。さて……」,
101900 ,,,,,,2701,,隆行,隆行,,,,「お前が犬の格好をしているというコトは、俺たちがどういう関係だか……わかるな」,
102000 ,,,,,,2701,,なつゆ,なつゆ,03nat114_015.wav,なつゆ,30101,「か、飼い主と……ペットです……」,
102100 ,,,,,,2701,,隆行,隆行,,,,「そうだ。理解が早くて優秀だな、なつゆは」,
102200 ,,,,,,2701,,,,,,,　俺は犬や猫をあやす時のように、ノドの辺りをごろごろと撫で回した。,
102300 ,,,,,,2701,,なつゆ,なつゆ,03nat114_016.wav,なつゆ,30101,「あ……あぅっ、くうぅん……」,
102400 ,,,,,,2701,,隆行,隆行,,,,「うん、いい鳴き声だ」,
102500 ,,,,,,2701,,,,,,,　ノドをあやしていた手を、そのまま下へと落とし……なだらかな胸の頂点でぷっくり膨らんだ乳首を、キュッと強くつまむ。,
102600 ,,,,,,2701,,なつゆ,なつゆ,03nat114_017.wav,なつゆ,30101,「きゃ……ああんっ！　あっ、あっ、そんなに強くされると、おしり、おしりが…………あぅぅんっ！」,
102700 ,,,,,,2701,,隆行,隆行,,,,「ほらほら、そのおしりをしっかり締めないと……尻尾が抜け落ちちゃうぞ」,
102800 ,,,,,,2701,,なつゆ,なつゆ,03nat114_018.wav,なつゆ,30101,「はぁっ、あんっ！　でもこのしっぽ、むずむずして……ちからが抜けてしまいます……くぅ、んっ！」,
102900 ,,,,,,2701,,,,,,,　なつゆのおしりに挿入した尻尾付きアナルバイブは、微弱ながらも自己振動する優れモノだ。,
103000 ,,,,,,2701,,,,,,,　アヌスから迫り来るわずかな快感が、これからボディブロウのようにじわじわと効いてくることだろう……ふふふっ。,
103100 ,,,,,,2701,,隆行,隆行,,,,「もし尻尾を落とす粗相をしたら、このまま公園にお前を捨てて帰っちゃうからな」,
103200 ,,,,,,2701,,なつゆ,なつゆ,03nat114_019.wav,なつゆ,30101,「そ、そんな……ああんっ、くぅっ、うぅんっ！」,
103300 ,,,,,,2701,,,,,,,　俺は乳首を強くつまんだり、また指先でピンッと弾いたりして、なつゆの胸を更に責めた。,
103400 ,,,,,,2701,,なつゆ,なつゆ,03nat114_020.wav,なつゆ,30101,「ふぁっ、あっ、せんせ……い……くぅっ、うっ、あうぅん……」,
103500 ,,,,,,2701,,隆行,隆行,,,,「うん、尻尾を落とさずよく耐えているな。ご褒美をあげるよ」,
103600 ,,,,,,2701,,,,,,,　俺はズボンのファスナーを下ろすと、＜三分＝さんぶ＞＜勃＝だ＞ちのチ○チンを取り出してなつゆの口にあてた。,
103800 ,,,,,,2702,,なつゆ,なつゆ,03nat114_021.wav,なつゆ,30101,「ふぁっ、先生のおち○ちん……▼　あむっ、んちゅっ、んんんっ」,
103900 ,,,,,,2702,,,,,,,　前にショーツコキで慣らしておいたおかげか、なつゆはもう怖がることなく俺のチ○チンを口に含む。,
104000 ,,,,,,2702,,隆行,隆行,,,,「犬なんだからな、手は使っちゃダメだぞ……口だけで俺をイカせるんだ」,
104100 ,,,,,,2702,,なつゆ,なつゆ,03nat114_022.wav,なつゆ,30101,「はい……あむっ、んっ、あれ……？　あむむっ、あむっ……ああんっ、もう……」,
104200 ,,,,,,2702,,,,,,,　まだ勃起しきっていないチ○チンは芯が柔らかく、なつゆの小さな口だけでは上手くつかまえることができない。,
104300 ,,,,,,2702,,隆行,隆行,,,,「あはは……わたわたとする様子が可愛いな、なつゆ」,
104400 ,,,,,,2702,,なつゆ,なつゆ,03nat114_023.wav,なつゆ,30101,「やあっ、くぅぅん……ひどいですわ……」,
104500 ,,,,,,2702,,隆行,隆行,,,,「亀頭を全部くわえ込もうとするからダメなんだよ。亀頭の先っちょを、ペロペロと舐めるようにしてみるんだ」,
104600 ,,,,,,2702,,なつゆ,なつゆ,03nat114_024.wav,なつゆ,30101,「こう……ですか？　んちゅっ、ちゅるちゅるちゅる」,
104700 ,,,,,,2702,,隆行,隆行,,,,「う、ああ……そうだ、いいぞ」,
104800 ,,,,,,2702,,,,,,,　柔らかい舌に敏感なところを舐められて、俺のチ○チンはなつゆの目の前でどんどん大きくなっていく。,
104900 ,,,,,,2702,,なつゆ,なつゆ,03nat114_025.wav,なつゆ,30101,「ああ、大きい……先生のおち○ちん、間近で見るとやっぱりすごいですわ……ちゅっ、んちゅっ」,
105000 ,,,,,,2702,,,,,,,　なつゆは熱く勃起したチ○チンを口いっぱいにほおばり、音が聞こえるほどにひたすら舐め続けた。,
105100 ,,,,,,2702,,なつゆ,なつゆ,03nat114_026.wav,なつゆ,30101,「んっ、んちゅっ、んんっ……あむっ、んんっ、んちゅるっ……」,
105200 ,,,,,,2702,,,,,,,　俺も負けじと、なつゆのおっぱいに再び手を伸ばす。コリコリに硬くなっていた乳首の先をつまみ、はじく。,
105300 ,,,,,,2702,,なつゆ,なつゆ,03nat114_027.wav,なつゆ,30101,「んんんっ……んあぅっ、ぷはっ……先生、おなかが……おま○こが、むずむずして……くぅぅんっ」,
105400 ,,,,,,2702,,隆行,隆行,,,,「舌を止めるな。チ○チンを舐め続けろ、なつゆ」,
105500 ,,,,,,2702,,なつゆ,なつゆ,03nat114_028.wav,なつゆ,30101,「あうぅっ、はい……んっ、ちゅるっ、ちゅっ、ちゅっ」,
105600 ,,,,,,2702,,隆行,隆行,,,,「うう、ああ……」,
105700 ,,,,,,2702,,,,,,,　チ○チンの先から少しずつ染み出てきた先走りの汁を舌ですくい取りながら、なつゆは陶酔したような声で懇願した。,
105800 ,,,,,,2702,,なつゆ,なつゆ,03nat114_029.wav,なつゆ,30101,「ああ、少し精液の匂いがしてまいりました……ああん、先生……早く精液をくださいまし……」,
105900 ,,,,,,2702,,隆行,隆行,,,,「それなら、もっともっとチ○チンを舐めて俺をイカせるんだ」,
106000 ,,,,,,2702,,なつゆ,なつゆ,03nat114_030.wav,なつゆ,30101,「はい……んんっ、んちゅるっ、ちゅっ」,
106100 ,,,,,,2702,,,,,,,　この前の体験で精液の香りの虜となっていたなつゆは、一心不乱に俺のチ○チンを舐め続ける。,
106200 ,,,,,,2702,,,,,,,　なつゆの激しい口唇奉仕を受けて、俺のチ○チンも射精の限界を迎えつつあった。,
106300 ,,,,,,2702,,隆行,隆行,,,,「ああ、出そうだ……」,
106400 ,,,,,,2702,,なつゆ,なつゆ,03nat114_031.wav,なつゆ,30101,「くださいまし……先生の精液、たくさん出してくださいまし……！　んんんっ、ちゅうううっ」,
106500 ,,,,,,2702,,,,,,,　なつゆが亀頭を口いっぱいに含んで、激しく吸い上げる。脳髄を撃ち抜かれたような快感が俺に襲いかかり、一気に限界へと達してしまった。,
106600 ,,,,,,2702,,隆行,隆行,,,,「ううっ、出すぞっ……！　うああぁぁぁっ……！」,
106700 ,,,,,,2702,,,,,,,　同時に……なつゆも、恍惚の表情でつぶやいた。,
106800 ,,,,,,2702,,なつゆ,なつゆ,03nat114_032.wav,なつゆ,30101,「ひゃ……ふぁぁぁ……でる……」,
107100 ,,,<!ef_shasei>,,,2703,,,,,,,　どくっ、どくどくっ、びゅくっ……。ぷしっ、ぷしゃぁぁぁぁぁぁぁ……。,
107200 ,,,,,,2703,,なつゆ,なつゆ,03nat114_033.wav,なつゆ,30101,「くぅううんっ、ふぁぁ……ああぁぁぁ……」,
107300 ,,,,,,2703,,隆行,隆行,,,,「わわっ、わわわわっ……！？」,
107400 ,,,,,,2703,,,,,,,　なつゆのおま○こから、突然おしっこがほとばしった。おま○こはぱっくりと開き、黄色い水をきれいなアーチで放水している。,
107500 ,,,,,,2703,,なつゆ,なつゆ,03nat114_034.wav,なつゆ,30101,「ひゃ……あうん……うっ、ん゛ん゛ん゛ん゛っ」,
107600 ,,,,,,2703,,,,,,,　おしっこを出し終えたなつゆは、最後に身体をぶるぶるっと震わせた。,
107700 ,,,,,,2703,,なつゆ,なつゆ,03nat114_035.wav,なつゆ,30101,「ああ、先生……わたくし、こんな格好で粗相をしてしまいまして……」,
107800 ,,,,,,2703,,なつゆ,なつゆ,03nat114_036.wav,なつゆ,30101,「とっても気持ちいいですわ……」,
107900 ,,,,,9000,2703,,,,,,,　なつゆは、しゃがんだおしりからおしっこのしずくを滴らせながら……快感と幸せに浸ったような表情で、そうつぶやいたのだった。,
108100 ,$return,,,,,,,,,,,,,
108200 ,&03nat070ha,,,4294967295,9000,,,,,,,,,
108490 ,,,,6,6,,,,,,,,,
108500 ,,,,,,,,なつゆ,なつゆ,03nat115_001.wav,なつゆ,30102,「いらっしゃいませ、先生」,
108600 ,,,,,,,,隆行,隆行,,なつゆ,30102,「ああ、ちょっと早く着きすぎたかなと思ったんだけど……まさかもう、なつゆが外で待っててくれているとはな」,
108700 ,,,,,,,,なつゆ,なつゆ,03nat115_002.wav,なつゆ,30101,「たまたまですわ、先生」,
108800 ,,,,,,,,隆行,隆行,,なつゆ,30101,「そっか」,
108900 ,,,,,,,,りおん,りおん,04rio115_001.wav,りおん,40102,「いーえ、あのですねっ。なつゆお嬢様は、いつもお約束の３０分も前からここでお待ちになっていらっしゃるんですっ」,
109000 ,,,,,,,,隆行,隆行,,りおん,40102,「えっ、３０分も……！？」,
109100 ,,,,,,,,なつゆ,なつゆ,03nat115_003.wav,なつゆ,30112,「あっ、りおんっ、よけいなことを……！　あなたは引っ込んでらっしゃい！！」,
109200 ,,,,,,,,りおん,りおん,04rio115_002.wav,りおん,40119,「わわわっ、すみません、なつゆお嬢様～」,
109400 ,,,,,,,,隆行,隆行,,,,「なつゆ、お前は３０分も前からここに立って待っていたのか……？」,
109500 ,,,,,,,,なつゆ,なつゆ,03nat115_004.wav,なつゆ,30106,「あっ、それは……」,
109600 ,,,,,,,,隆行,隆行,,なつゆ,30106,「わざわざいいんだぞ、そんなことしなくても……」,
109700 ,,,,,,,,なつゆ,なつゆ,03nat115_005.wav,なつゆ,30113,「でも……もうすぐ終わってしまわれるのでしょう？」,
109800 ,,,,,,,,隆行,隆行,,なつゆ,30113,「なにが……？」,
109900 ,,,,,,,,なつゆ,なつゆ,03nat115_006.wav,なつゆ,30106,「んもう……先生の授業ですわ」,
110000 ,,,,,,,,隆行,隆行,,なつゆ,30106,「俺の授業？　ああ、確かに次の段階をクリアすれば……俺の担当から外れて、さらに上のレベルに行くな」,
110100 ,,,,,,,,隆行,隆行,,なつゆ,30106,「……ああ、そうか。なつゆはそれが寂しいんだな？」,
110200 ,,,,,,,,なつゆ,なつゆ,03nat115_007.wav,なつゆ,30119,「ち……ちがいますわ！　ただ、ちょっとおなごり惜しいだけですの……」,
110300 ,,,,,,,,隆行,隆行,,なつゆ,30119,「ふふっ……俺もそうだよ、なつゆ。お前の授業はいろいろあったけど、楽しかったからな」,
110400 ,,,,,,,,なつゆ,なつゆ,03nat115_008.wav,なつゆ,30115,「先生……」,
110500 ,,,,,,,,隆行,隆行,,なつゆ,30115,「なつゆ……」,
110600 ,,,,,,,,りおん,りおん,04rio115_003.wav,りおん,40131,「………………」,
110700 ,,,,,,,,なつゆ,なつゆ,03nat115_009.wav,なつゆ,30112,「ああっ、りおん、まだいたのね！？　こらっ、待ちなさいっ……！」,
110800 ,,,,,9000,,,,,,,,　元気に走り回る主従二人を笑顔で見守りながら、俺はなつゆの勉強部屋へと歩いていった。,
111000 ,,,<!ef_move>,,7,,,なつゆ,なつゆ,03nat115_010.wav,なつゆ,30127,「はあっ、ふうっ、まったく……あの子はもう……」,
111100 ,,,,,,,,隆行,隆行,,なつゆ,30127,「はははっ……変わったな、なつゆ」,
111200 ,,,,,,,,なつゆ,なつゆ,03nat115_011.wav,なつゆ,30118,「はい……？　なんですの？」,
111300 ,,,,,,,,隆行,隆行,,なつゆ,30118,「出会った頃と比べて、カドが丸くなったよ」,
111400 ,,,,,,,,なつゆ,なつゆ,03nat115_012.wav,なつゆ,30104,「ふんっ……先生に、いろいろ仕込まれたからですわ」,
111500 ,,,,,,,,隆行,隆行,,なつゆ,30104,「ああ、お前にはいろいろ教え込んだな。お前にだけ、特別な課外授業をな」,
111600 ,,,,,,,,なつゆ,なつゆ,03nat115_013.wav,なつゆ,30115,「わたくしだけ……あうん」,
111700 ,,,,,,,,隆行,隆行,,なつゆ,30115,「それも、もうすぐ終わりか」,
111800 ,,,,,,,,なつゆ,なつゆ,03nat115_014.wav,なつゆ,30102,「先生、最後の段階をクリアした時のごほうび……いえ、お仕置きを……たのしみにしておりますわ……」,
111900 ,,,,,,,,,,,なつゆ,30102,　俺は軽くうなずくと、視線を天井に移して言う。,
112000 ,,,,,,,,隆行,隆行,,なつゆ,30102,「そうだな……お前の為にとっておきのお仕置きを、用意しておくよ」,
112100 ,,,,,,,,なつゆ,なつゆ,03nat115_015.wav,なつゆ,30121,「…………？」,
112200 ,,,,,,,,隆行,隆行,,なつゆ,30121,「さあ、授業を始めるぞ。なつゆ」,
112300 ,,,,,,,,なつゆ,なつゆ,03nat115_016.wav,なつゆ,30103,「はい、先生……」,
112500 ,$return,,,,,,,,,,,,,
112600 ,&03nat080h,,<!ef_timepass>,6,7,,,,,,,,,
112900 ,,,,,,,,隆行,隆行,,,,「うん、最高の結果だ。完璧だな、なつゆ。俺も、もう何も教えることはなくなったようだ」,
113000 ,,,,,,,,なつゆ,なつゆ,03nat116_001.wav,なつゆ,30113,「………………」,
113100 ,,,,,,,,隆行,隆行,,なつゆ,30113,「ん……？　どうした、なつゆ」,
113200 ,,,,,,,,なつゆ,なつゆ,03nat116_002.wav,なつゆ,30127,「……な、なんでもありませんわっ！　先生、これまで教えていただきましたことを、感謝いたします」,
113300 ,,,,,,,,,,,なつゆ,30127,　なつゆはそう言うと、うやうやしく礼をした。,
113400 ,,,,,,,,,,,なつゆ,30127,　なんだ……今日はなんか、カドの立った言い方だなあ。,
113500 ,,,,,,,,なつゆ,なつゆ,03nat116_003.wav,なつゆ,30106,「先生。本日が、先生とお会いできる最後の日なのでしょう……？」,
113600 ,,,,,,,,隆行,隆行,,なつゆ,30106,「ああ……まあ、そうだな。俺が担当する授業は、もう終わりだからな」,
113700 ,,,,,,,,なつゆ,なつゆ,03nat116_004.wav,なつゆ,30113,「それなら……最後にふさわしい、すばらしいごほうびがいただきたいですわっ……！」,
113800 ,,,,,,,,,,,なつゆ,30113,　なつゆは少し潤んだ目で、俺から視線を外すようにして言う。,
113900 ,,,,,,,,隆行,隆行,,なつゆ,30113,「素晴らしいご褒美……か。それならなつゆ、ちゃんと用意してきたよ。……というか、すでに用意してある」,
114000 ,,,<!se_chain>,,,,,,,,なつゆ,30113,　俺は天井から伸びている鎖をたぐり寄せ、じゃらりと音を立ててみせた。,
114100 ,,,,,,,,なつゆ,なつゆ,03nat116_005.wav,なつゆ,30121,「えっ、その鎖……ああ、シャンデリアを吊り上げる滑車のものですわね。先生、そんなものをいつの間に……？」,
114200 ,,,,,,,,隆行,隆行,,なつゆ,30121,「まあ、細かいことは気にしない。……ほら、あとこれも新しいプレゼントだよ」,
114300 ,,,,,,,,,,,なつゆ,30121,　俺はコンビニのレジ袋に入れたプレゼントを、なつゆにほおり投げて渡した。,
114400 ,,,,,,,,なつゆ,なつゆ,03nat116_006.wav,なつゆ,30120,「んもう、またこんな無骨な袋にお入れになって……あら、これは光沢が素敵ですわね」,
114500 ,,,,,,,,隆行,隆行,,なつゆ,30120,「気品あふれるお前なら、きっと似合うと思うよ。じゃ、早速それに着替えて……いや、俺が脱がしてやろうか」,
114600 ,,,,,,,,なつゆ,なつゆ,03nat116_007.wav,なつゆ,30130,「やっ、ああんっ！　先生……わたくし、自分で脱げますわっ……！　やあんっ、胸の中に手を入れないで……！」,
114700 ,,,,,,,,隆行,隆行,,なつゆ,30130,「俺に脱がされるというのも、悪くはないだろう？」,
114800 ,,,,,,,,なつゆ,なつゆ,03nat116_008.wav,なつゆ,30128,「あっ、ああん……それは、そうですけれど……」,
114900 ,,,,,9000,,,,,,,,　結局なつゆは、ひとりで着替える様を俺にたっぷりと視姦されながら……俺が渡したプレゼント、黒光りするボンデージ衣装に着替え終えた。,
115000 ,,,,,7,,,なつゆ,なつゆ,03nat116_009.wav,なつゆ,30306,「なんだかすごいですわね、これ……なんというのでしょう、気持ちがたかぶってしまうような……」,
115200 ,,,,,,,,なつゆ,なつゆ,03nat116_010.wav,なつゆ,30303,「ああ、これを着てりおんを責め立てたら……うふふっ、面白そうですわ」,
115300 ,,,,,,,,隆行,隆行,,なつゆ,30303,「まあ、それは後で好きにやってもらうとして……今は、俺の相手だよ」,
115400 ,,,,,,,,,,,,,　俺はボンデージ衣装にしつらえられたジョイント部へ、素早く鎖の先を装着していく。,
115500 ,,,,,,,,なつゆ,なつゆ,03nat116_011.wav,なつゆ,30319,「えっ、あっ、なんですの……？」,
115600 ,,,,,,,,隆行,隆行,,なつゆ,30319,「ふふっ、こういうことさ……なつゆ！」,
115700 ,,,,,,,,なつゆ,なつゆ,03nat116_012.wav,,,「きゃあああぁぁぁっ……！？」,
115900 ,,,<!pre_ev1>,11,,2801,,なつゆ,なつゆ,03nat116_013.wav,なつゆ,30101,「あああっ、いっ、痛い……！　こっ、これはいったい、どういうことですの……！？」,
116000 ,,,,,,2801,,隆行,隆行,,,,「この前、授業の時に滑車装置がふっと目に入ってね……これはいつか使おうと思ってたんだ。しかし鎖とかを調達するのは、ちょっと苦労したよ」,
116100 ,,,,,,2801,,なつゆ,なつゆ,03nat116_014.wav,なつゆ,30101,「こ、んな……のっ、ひどい……ですっ……！」,
116200 ,,,,,,2801,,隆行,隆行,,,,「ああ、もうひとつプレゼントを忘れてた。なつゆの好きな、おしりにね」,
116300 ,,,,,,2801,,,,,,,　俺はアナルパールを取り出すと、なつゆのおしりへ一気に挿入した。,
116400 ,,,,,,2801,,なつゆ,なつゆ,03nat116_015.wav,なつゆ,30101,「やあぁぁぁっ！　おしり……おしり……ふぁぁぁ……」,
116500 ,,,,,,2801,,隆行,隆行,,,,「今日は何もしなくても、すんなり奥まで入ったなあ。さすがは優秀ななつゆ、文字通り飲み込みがいいね」,
116600 ,,,,,,2801,,なつゆ,なつゆ,03nat116_016.wav,なつゆ,30101,「やっ、あああっ、おしり……ぶるぶる動いて、むずむずいたしますわ……！」,
116700 ,,,,,,2801,,隆行,隆行,,,,「ふふっ。『抜いて……！』とか言わないところを見ると、やっぱりおしりの感覚がいいみたいだね」,
116800 ,,,,,,2801,,なつゆ,なつゆ,03nat116_017.wav,なつゆ,30101,「そ、そんなことは……！　おしりなんて、けがらわしいですっ！　けだものですわっ！」,
116900 ,,,,,,2801,,隆行,隆行,,,,「へえ～。するとおしりで感じちゃってるなつゆも、ケダモノの中の一匹ということか」,
117000 ,,,,,,2801,,なつゆ,なつゆ,03nat116_018.wav,なつゆ,30101,「なっ……！？　わたくしは感じてなどおりませんっ！」,
117100 ,,,,,,2801,,隆行,隆行,,,,「この前、公園で犬の格好をしたとき……おしりに尻尾を付けて悦んでたのは、誰だったかな……？」,
117200 ,,,,,,2801,,なつゆ,なつゆ,03nat116_019.wav,なつゆ,30101,「よろこんでなんかおりませんわっ！　わっ、わたくしは、そんな……おしりの穴でっ、感じて……など……」,
117300 ,,,,,,2801,,隆行,隆行,,,,「ふう……いつまで経っても素直じゃないな、なつゆは」,
117400 ,,,,,,2801,,,,,,,　俺はなつゆのおしりに入っているアナルパールを手につかむと、そこからきゅぽぽぽっ、と素早く引き抜いた。,
117500 ,,,,,,2801,,なつゆ,なつゆ,03nat116_020.wav,なつゆ,30101,「ひゃああぁぁぁっ……！　ああっ……ああ……」,
117600 ,,,,,,2801,,,,,,,　なつゆはピクピクと身体を震わせ、その快感に酔いしれる。,
117700 ,,,,,,2801,,なつゆ,なつゆ,03nat116_021.wav,なつゆ,30101,「そ……んな……ああ、ああ……」,
117800 ,,,,,,2801,,隆行,隆行,,,,「ふふっ……やっぱり感じちゃってるじゃないか。なつゆはおしりが好きみたいだから、もう一度入れてあげるよ」,
117900 ,,,,,,2801,,なつゆ,なつゆ,03nat116_022.wav,なつゆ,30101,「や……あんっ……」,
118000 ,,,,,,2801,,,,,,,　俺は再び、アナルパールをひと玉ずつゆっくりと入れていった。この玉が、引き抜く時の快感に変わる訳だから……すなわち、入れた分だけ快感が増していくことになる。,
118100 ,,,,,,2801,,,,,,,　だからひと玉ずつ、ゆっくりと……快感の期待をあおるように、わざとゆっくり入れていく。,
118200 ,,,,,,2801,,なつゆ,なつゆ,03nat116_023.wav,なつゆ,30101,「ああ、ああ……入ってきますわ……小さな玉が、おしりの中に少しずつ……」,
118300 ,,,,,,2801,,,,,,,　そしてアナルパールが、全ておしりの中に飲み込まれた。俺はそれから手を離すと、それをアピールするようになつゆの目の前で腕を組む。,
118400 ,,,,,,2801,,隆行,隆行,,,,「全部おしりの中に入ったよ、なつゆ」,
118500 ,,,,,,2801,,なつゆ,なつゆ,03nat116_024.wav,なつゆ,30101,「はっ、はっ……あっ、ああっ、はっ、ああんっ……」,
118600 ,,,,,,2801,,,,,,,　なつゆは犬のように息を荒くしながら、期待感に満ちた眼で俺を見つめる。しかし俺はそれに手をかけず、悠然と見下ろしたまま動かない。,
118700 ,,,,,,2801,,なつゆ,なつゆ,03nat116_025.wav,なつゆ,30101,「あっ、あのっ、先生……まだ、まだですの……？」,
118800 ,,,,,,2801,,隆行,隆行,,,,「ん……？　なにが……？」,
118900 ,,,,,,2801,,なつゆ,なつゆ,03nat116_026.wav,なつゆ,30101,「あっ、えとっ、お、おしり……はやく、おしりのバイブ……抜いてください……」,
119100 ,,,,,,2801,,隆行,隆行,,,,「うん？　ああ、おしりに入れられるのイヤだったのか。ごめんな、いますぐ……ゆっくりひとつずつ引き抜くよ」,
119200 ,,,,,,2801,,なつゆ,なつゆ,03nat116_027.wav,なつゆ,30101,「やぁっ！　やっ、それはいやぁっ！　一気に、一気に引き抜いてくださいまし……っ！！」,
119300 ,,,,,,2801,,隆行,隆行,,,,「一気に引き抜くと、なつゆのおしりが可哀相だよ」,
119400 ,,,,,,2801,,なつゆ,なつゆ,03nat116_028.wav,なつゆ,30101,「いいんですっ……！　先生、おねがいですっ！　おねがいですから、一気に引き抜いてくださいましっ！」,
119500 ,,,,,,2801,,隆行,隆行,,,,「……ふふ。オーケイ、なつゆ」,
119600 ,,,,,,2801,,,,,,,　俺はなつゆの不意を突くようにしてアナルパールを素早くつかみ、それから全てを一気に引き抜いた。,
119700 ,,,,,,2801,,なつゆ,なつゆ,03nat116_029.wav,なつゆ,30101,「きゃああぁぁぁっ！　あああぁぁぁっ……！！」,
119800 ,,,,,,2801,,,,,,,　なつゆの悲鳴にも近い嬌声が、部屋中に響く。,
119900 ,,,,,,2801,,,,,,,　どうやら、それでイッてしまったようだった。だらしなく開いたおま○こが、透明な液をびちゃっ、びちゃっと辺りにまき散らしている。,
120000 ,,,,,,2801,,なつゆ,なつゆ,03nat116_030.wav,なつゆ,30101,「はあぁぁ……ふぁ……ぁ……」,
120100 ,,,,,,2801,,隆行,隆行,,,,「おい、なつゆ……？」,
120200 ,,,,,,2801,,なつゆ,なつゆ,03nat116_031.wav,なつゆ,30101,「ああ……おしり、すごくきもちいい……わたくし、きっともう普通の快感では満足できないからだに、されてしまったんですわ……」,
120300 ,,,,,,2801,,,,,,,　なつゆは上気した顔で大きく息をつくと、潤んだ目で俺を見つめながら言う。,
120400 ,,,,,,2801,,なつゆ,なつゆ,03nat116_032.wav,なつゆ,30101,「おくちも、おま○こも、そしておしりも……すべての穴を、先生のものにされてしまいましたのね……」,
120500 ,,,,,,2801,,隆行,隆行,,,,「そうとも。なんたって、なつゆの身体は全部俺のモノだからな」,
120600 ,,,,,,2801,,なつゆ,なつゆ,03nat116_033.wav,なつゆ,30101,「やぁん、それはちがいますわ……」,
120700 ,,,,,,2801,,隆行,隆行,,,,「……ん？」,
120800 ,,,,,,2801,,なつゆ,なつゆ,03nat116_034.wav,なつゆ,30101,「からだだけじゃなくて、わたくしのこころも先生のものですのよ……うふふっ」,
120900 ,,,,,,2801,,隆行,隆行,,,,「ふふっ、そうだったな……なつゆ」,
121000 ,,,,,,2801,,,,,,,　俺はなつゆの唇に、優しくキスをする。しかしなつゆが自ら舌を求めてきたので、俺も激しいキスへと切り替えた。,
121100 ,,,,,,2801,,なつゆ,なつゆ,03nat116_035.wav,なつゆ,30101,「んっ、んんっ、んちゅっ……ああん、先生……」,
121200 ,,,,,,2801,,隆行,隆行,,,,「なつゆ……くわえたいか？」,
121300 ,,,,,,2801,,なつゆ,なつゆ,03nat116_036.wav,なつゆ,30101,「ああんっ、先生のおち○ちん……ほしい、ですわ……」,
121500 ,,,,,,2802,,なつゆ,なつゆ,03nat116_037.wav,なつゆ,30101,「んっ、んっ……んんっ、んちゅっ、ちゅるっ」,
121600 ,,,,,,2802,,隆行,隆行,,,,「ああ……なつゆ、今日はすごく激しいな……」,
121700 ,,,,,,2802,,なつゆ,なつゆ,03nat116_038.wav,なつゆ,30101,「わたくしのおしりをあれだけ激しく責めておいて、よくおっしゃいますわ……」,
121800 ,,,,,,2802,,隆行,隆行,,,,「ああ、そうだな……うううっ」,
121900 ,,,,,,2802,,,,,,,　なつゆは大きく口を広げ、ギンギンに勃起した俺のチ○チンを少しつらそうにくわえる。,
122000 ,,,,,,2802,,隆行,隆行,,,,「その体勢だとつらそうだな、なつゆ」,
122100 ,,,,,,2802,,なつゆ,なつゆ,03nat116_039.wav,なつゆ,30101,「んちゅ、あむっ……だ、だいじょうぶ、ですぅっ……ご奉仕する、こころをっ……先生から、学びっ、ましたから……んむむむっ、あむっ」,
122200 ,,,,,,2802,,隆行,隆行,,,,「無理はしなくていいぞ」,
122300 ,,,,,,2802,,なつゆ,なつゆ,03nat116_040.wav,なつゆ,30101,「でも、先生の精液がほしいんですっ……」,
122400 ,,,,,,2802,,隆行,隆行,,,,「そうか……なら、俺が動いてあげるよ。なつゆ、歯を引っ込めるんだ。唇をすぼめて……そう、そんな感じ」,
122500 ,,,,,,2802,,,,,,,　俺はなつゆにそう指示すると、腰を少しずつ前後に動かし始めた。,
122600 ,,,,,,2802,,なつゆ,なつゆ,03nat116_041.wav,なつゆ,30101,「ん、んん……んちゅっ、んんんっ」,
122700 ,,,,,,2802,,隆行,隆行,,,,「ああ……こうしてると、おま○ことほとんど変わらない感じだな……おま○このような＜狭窄＝きょうさく＞感はないが、締められた唇と舌の動きが……おおおおっ」,
122800 ,,,,,,2802,,なつゆ,なつゆ,03nat116_042.wav,なつゆ,30101,「んん゛っ、んん゛ーっ、んむっ、んん゛ん」,
122900 ,,,,,,2802,,隆行,隆行,,,,「ああっ、しゃべるなっ……ノドの細かい振動が、チ○チンに伝わって……おおっ、ダメだ、出る！」,
123200 ,,,<!ef_shasei>,,,2803,,なつゆ,なつゆ,03nat116_043.wav,なつゆ,30101,「んん゛っ、んんん……っ、ぷはっ！　ああんっ、先生の精液、こんなにたくさん……ああ、すごい匂い……」,
123300 ,,,,,,2803,,,,,,,　俺は射精の限界寸前で、なんとかなつゆの口からチ○チンを抜き出していた。しかし最後は唇にしごかれたこともあり、なつゆの顔面に思いっきり精子をぶちまけてしまったのだった。,
123400 ,,,,,,2803,,隆行,隆行,,,,「ううっ、ああ……すまん、なつゆ……」,
123500 ,,,,,,2803,,なつゆ,なつゆ,03nat116_044.wav,なつゆ,30101,「いいですの……たくさんの精液をかけていただいて、わたくしとってもうれしいですわ……。先生、おち○ちんに残っている精子、全部吸わせてくださいませ……」,
123600 ,,,,,,2803,,,,,,,　俺は射精し終わって赤く腫れ上がったチ○チンを、なつゆの口へと持っていく。なつゆはそれを嬉しそうにくわえて、尿道に残っている精液をちゅるちゅると吸い始めた。,
123700 ,,,,,,2803,,なつゆ,なつゆ,03nat116_045.wav,なつゆ,30101,「ちゅっ、ちゅっ……先生のおち○ちん、まだ大きいままです……もっとぉ……もっと、先生の精液をくださいまし……」,
123800 ,,,,,,2803,,隆行,隆行,,,,「そうだな……お前の＜胎内＝なか＞にも、出さないとな……」,
123900 ,,,,,,2803,,,,,,,　俺はなつゆをくるっと１８０度回転させると、こちらを向いたおま○こにチ○チンをあてがった。,
124100 ,,,<!pre_ev1>,,,2901,,なつゆ,なつゆ,03nat116_046.wav,なつゆ,30101,「ひうぅっ、ああああっ……！」,
124200 ,,,,,,2901,,,,,,,　なつゆのおま○この中は、これまでないほどに濡れていた。チ○チンは抵抗なくスムーズに出し入れでき、ほとんど温水の中へ突き入れているという感覚に近い。,
124300 ,,,,,,2901,,なつゆ,なつゆ,03nat116_047.wav,なつゆ,30101,「くっ……ぅ、んあああっ！　ああっ、あっ……」,
124400 ,,,,,,2901,,,,,,,　腰を強めに突き入れると、＜揺＝ゆ＞り上げられたなつゆの身体が振り子の要領で戻ってくる。,
124500 ,,,,,,2901,,,,,,,　俺はその動きを利用して、わずかな腰の突き上げで素早く激しいストロークを繰り返していた。,
124600 ,,,,,,2901,,なつゆ,なつゆ,03nat116_048.wav,なつゆ,30101,「ひっ、ひぃっ、ひうぅぅっ！　あああっ、あっ、あっ、はげしっ、はげしすぎますっ……おかしくなっちゃいますわ……！」,
124700 ,,,,,,2901,,,,,,,　なつゆが、頭を激しく揺らして悶える。,
124800 ,,,,,,2901,,,,,,,　ときおりギシッ、ギシッと鎖がきしむのは、激しい快感に襲われるなつゆが、身体を無理に動かそうとすることによるものだった。,
124900 ,,,,,,2901,,なつゆ,なつゆ,03nat116_049.wav,なつゆ,30101,「ひあああっ、あんんっ！　からだの感覚がなくなって……意識まで溶けてしまう気分ですわ……あうんっ！」,
125000 ,,,,,,2901,,,,,,,　鎖で吊り上げられているなつゆは、実際に身体が浮いている訳なんだが……。,
125100 ,,,,,,2901,,,,,,,　その状態でおま○こを激しく突き上げられて、神経感覚としても意識が浮いたような気分になっているんだろう。,
125200 ,,,,,,2901,,隆行,隆行,,,,「安心しろ……なつゆは、ここにしっかり拘束されている。どこにも行きようがないよ」,
125300 ,,,,,,2901,,なつゆ,なつゆ,03nat116_050.wav,なつゆ,30101,「ああんっ、先生、先生……！」,
125400 ,,,,,,2901,,,,,,,　なつゆの鳴き声、俺のうめき声……そして鎖のきしむ音が、勉強部屋というにはあまりに広いこの部屋いっぱいに響いていた。,
125500 ,,,,,,2901,,隆行,隆行,,,,「うぁ、うぁぁ……そんなに、締めるな……俺も、出ちゃうよ……」,
125600 ,,,,,,2901,,なつゆ,なつゆ,03nat116_051.wav,なつゆ,30101,「先生、くださいっ……！　わたくしの＜膣内＝なか＞に精液をくださいまし……！」,
125700 ,,,,,,2901,,隆行,隆行,,,,「ああ……出す、出すぞっ！　お前の中に……全て！」,
125800 ,,,,,,2901,,,,,,,　俺は揺れるなつゆの身体を両手でがっしりとつかむと、腰を一番奥まで突き入れた。,
125900 ,,,,,,2901,,なつゆ,なつゆ,03nat116_052.wav,なつゆ,30101,「あっ、ああんっ、先生っ！　先生、お慕いしておりますっ！　先生、大好きですっ……！！」,
126000 ,,,,,,2901,,,,,,,　なつゆの膣壁が、ぎゅうっと締まる。同時に、俺のチ○チンも膣の最奥……子宮口のすぐそばで、大量の精液を吐き出した。,
126100 ,,,,,,2901,,なつゆ,なつゆ,03nat116_053.wav,なつゆ,30101,「ああっ、ああ、ああああぁぁぁぁ……っ！！！」,
126400 ,,,<!ef_shasei>,,,2902,,なつゆ,なつゆ,03nat116_054.wav,なつゆ,30101,「ああああ……注がれてます……わたくしの＜胎内＝なか＞に、たくさんの精子が……入ってまいりますわ……」,
126500 ,,,,,,2902,,隆行,隆行,,,,「あああっ、うう、ああ……」,
126600 ,,,,,,2902,,,,,,,　俺はしばらくそのままの姿勢でいたが……射精が終わってチ○チンを引き抜くと、思わずしりもちをついてしまうほどに体力を使い果たしていた。,
126700 ,,,,,9000,,,隆行,隆行,,,,「うああ、今回はまた凄かったな……ふう、疲れた……」,
126800 ,,,,,,,,なつゆ,なつゆ,03nat116_055.wav,,,「あ……あ……せんせい……」,
126900 ,,,,,,,,隆行,隆行,,,,「……ん？　おい、なつゆ？　……なつゆ！？」,
127290 ,,,<win_hide 1500><!ef_timepass>,,7,,,,,,,,,
127300 ,,,,,,,,隆行,隆行,,,,「なつゆ……気が付いたか？」,
127400 ,,,,,,,,なつゆ,なつゆ,03nat116_056.wav,なつゆ,30306,「あれ、先生……。あっ、わたくし……！？」,
127500 ,,,,,,,,隆行,隆行,,なつゆ,30306,「吊り下げられたまま失神していたんだ。気を失うほどに気持ちよかったか？」,
127600 ,,,,,,,,なつゆ,なつゆ,03nat116_057.wav,なつゆ,30319,「そっ、そんなことは……！」,
127700 ,,,,,,,,なつゆ,なつゆ,03nat116_058.wav,なつゆ,30315,「いえ……最後のごほうびは、確かにとてもすばらしかったですわ……まだ、からだの奥が熱くうずいております……」,
127800 ,,,,,,,,隆行,隆行,,なつゆ,30315,「ごめんな。いつもよりなつゆが激しかったんで、俺も興奮してやりすぎちゃったよ。……いや、それにしてもなつゆは激しかった」,
127900 ,,,,,,,,なつゆ,なつゆ,03nat116_059.wav,なつゆ,30317,「もう、先生っ！　そんなことおっしゃらないでくださいまし……」,
128000 ,,,,,,,,隆行,隆行,,なつゆ,30317,「ふふっ……なつゆ、これからもずっとこんな感じで……たくさんエッチするか」,
128100 ,,,,,,,,なつゆ,なつゆ,03nat116_060.wav,なつゆ,30319,「そんな！　いつもこんなにしてましたら、先にわたくしが壊れてしまいますわ……！　んもう、先生ったらホントにいやらしいですの……」,
128200 ,,,,,,,,,,,なつゆ,30319,　なつゆはぷくっと頬を膨らませて怒ったが、すぐにハッと気づいて問い直してきた。,
128300 ,,,,,,,,なつゆ,なつゆ,03nat116_061.wav,なつゆ,30306,「えっ……『これからも』？　先生、まさか……」,
128400 ,,,,,,,,なつゆ,なつゆ,03nat116_062.wav,なつゆ,30318,「家庭教師の期間が終わったあとも、わたくしとお会いしてくださりますの！？」,
128500 ,,,,,,,,隆行,隆行,,なつゆ,30318,「ああ……俺も、お前と別れたくはないんだ。それにな、俺は今まで何度も言ったろ？」,
128600 ,,,,,,,,隆行,隆行,,なつゆ,30318,「……なつゆは、俺のモノだって」,
128700 ,,,,,,,,なつゆ,なつゆ,03nat116_063.wav,なつゆ,30303,「はいっ、先生……！　わたくしは、全て先生のものですっ！　身も心も、全てが先生のものなんですっ！」,
128800 ,,,,,,,,,,,なつゆ,30303,　なつゆは目に涙を浮かべて、俺にしがみついてくる。俺もその小さな身体に腕を回すと、きつく、きつく、抱きしめた。,
129000 ,"$if %%memory%%,==,1,$return",,,,,,,,,,,,,
129100 ,*03nat090ed,,<!ef_ending_timepass>,4294967295,9001,,,,,,,,,
129400 ,,,,1,15,,,隆行,隆行,,,,「遅いな……なつゆ」,
129500 ,,,,,,,,,,,,,　なつゆとの、いつもの待ち合わせ。やや早着した俺は、時間つぶしになつゆのことが書かれた雑誌を読んでいた。,
129600 ,,,,,,,,,,,,,『日本有数の統合企業・千住院グループの社長令嬢、千住院なつゆ。清楚で可憐な、正統派お嬢様……』,
129700 ,,,,,,,,隆行,隆行,,,,「ふふっ、清楚で可憐、ねぇ……」,
129800 ,,,<!se_limousine_come><wait 3000><!se_natsuyu_door_open>,,,,,,,,,,　そこに、黒塗りの大型車が横付けしてきた。もちろん、そこから降りてくるのは『清楚で可憐な、正統派お嬢様』だ。,
129890 ,,,<!se_natsuyu_door_close>,,,,,,,,,,,
129900 ,,,,,,,,なつゆ,なつゆ,03nat117_001.wav,なつゆ,30103,「お待たせいたしました、先生」,
130000 ,,,,,,,,,,,なつゆ,30103,　なつゆは俺に、しゃなりと頭を下げる。その優雅な動作は、さすがに正統派お嬢様と言えるものだった。,
130100 ,,,,,,,,なつゆ,なつゆ,03nat117_002.wav,なつゆ,30101,「＜運転手＝ドライバー＞、いつものように時間になったらここに戻りなさい。よろしいですわね」,
130200 ,,,,,,,,,,,なつゆ,30101,　運転手らしき男性はうなずいたあと、さらに俺にも機敏に一礼して、車を走らせていった。,
130300 ,,,,,,,,なつゆ,なつゆ,03nat117_003.wav,なつゆ,30118,「あら、それは……うふふ、お読みになったんですのね」,
130400 ,,,,,,,,隆行,隆行,,なつゆ,30118,「ああ。お前の猫かぶったインタビューが面白かったぞ」,
130500 ,,,,,,,,なつゆ,なつゆ,03nat117_004.wav,なつゆ,30120,「仕方ありませんわ。お父様によれば、これも企業広告の一環だそうですもの」,
130600 ,,,,,,,,隆行,隆行,,なつゆ,30120,「ふふっ……社長令嬢は大変だな」,
130700 ,,,,,,,,なつゆ,なつゆ,03nat117_005.wav,なつゆ,30102,「ほんとに」,
130800 ,,,,,,,,,,,なつゆ,30102,　なつゆは澄ました顔で、涼しげに笑うと……その顔とは対照的に、ふらつくような足取りで俺に歩み寄ってきた。,
130900 ,,,,,,,,なつゆ,なつゆ,03nat117_006.wav,なつゆ,30115,「あんっ、本当のわたくしを見せられるのは……あなたの前だけですわ、先生……」,
131000 ,,,,,,,,隆行,隆行,,なつゆ,30115,「ふふっ……さあ、こっちまで歩いてこいよ。ほら、俺の腕の中にさ……」,
131200 ,,,,12,,7301,,なつゆ,なつゆ,03nat117_007.wav,なつゆ,30101,「あっ、あうっ……先生……」,
131300 ,,,,,,7301,,隆行,隆行,,,,「ふふっ。『清楚で可憐な』なつゆお嬢様が、きらびやかな服の下では淫らに身体を火照らせてるなんて……みんなは思いもしないだろうな」,
131400 ,,,,,,7301,,なつゆ,なつゆ,03nat117_008.wav,なつゆ,30101,「あうん……言わないでくださいまし……あっ、ああっ」,
131500 ,,,,,,7301,,隆行,隆行,,,,「ほら、いつもの散歩に行こうか。今日は、ガキ達の前で失禁なんかするなよ」,
131600 ,,,,,,7301,,,,,,,　俺はなつゆをその場に置いて、早足で散歩道を歩き出した。,
131700 ,,,,,,7301,,なつゆ,なつゆ,03nat117_009.wav,なつゆ,30101,「ああんっ、待ってください……っ」,
131800 ,,,,,,7301,,隆行,隆行,,,,「ぼさぼさしてると置いてくぞ。……まあ、このままここに放置プレイも面白いかもな」,
131900 ,,,,,,7301,,なつゆ,なつゆ,03nat117_010.wav,なつゆ,30101,「あっあっ、だって、おま○この中でローターが暴れて……ふぁっ、あうっ！」,
132000 ,,,,,,7301,,隆行,隆行,,,,「あっ……なつゆ！」,
132100 ,,,,,,7301,,,,,,,　なつゆは快感でおぼつかなくなった足を地面に引っかけ、前のめりで倒れそうになる。,
132200 ,,,,,,7301,,,,,,,　俺は慌てて駆け戻り、なつゆの身体をすんでの所で抱きとめた。,
132300 ,,,,,,7301,,隆行,隆行,,,,「おいっ、なつゆ！？」,
132400 ,,,,,,7301,,なつゆ,なつゆ,03nat117_011.wav,なつゆ,30101,「ふふっ……やっぱり、お優しいのですのね……」,
132500 ,,,,,,7301,,隆行,隆行,,,,「いや、これは……」,
132600 ,,,,,,7301,,なつゆ,なつゆ,03nat117_012.wav,なつゆ,30101,「先生……ふふふふっ……」,
132700 ,,,,,,7301,,隆行,隆行,,,,「ううっ……お前にはお仕置きだ！　今日は、おしりにもローターを入れて歩かせるぞ！」,
132800 ,,,,,,7301,,なつゆ,なつゆ,03nat117_013.wav,なつゆ,30101,「はい、先生っ▼」,
132900 ,,,,,,7301,,なつゆ,なつゆ,03nat117_014.wav,なつゆ,30101,「わたくしは……先生の腕の中で、身も心も縛られて……とっても幸せですの……」,
132990 ,,,<!ef_ending_fade>,,9001,,,,,,,,,
132997 ,,,<wait 1000>,,,,,,,,,,,
132998 ,,,"<m_fade 0,2000>",4294967295,,,,,,,,,,
132999 ,,,<wait 1000>,,,,,,,,,,,
133100 ,$exit natsuyu,,,,,,,,,,,,,
133200 ,&03nat210ds,,,4294967295,9000,,,,,,,,,
133480 ,,,<!se_natsuyu_chime><wait 700>,,,,,,,,,,,
133490 ,,,,6,6,,,,,,,,,
133500 ,,,,,,,,りおん,りおん,04rio118_001.wav,りおん,40101,「隆行さま、いらっしゃいませ」,
133600 ,,,,,,,,隆行,隆行,,りおん,40101,「こんにちは、りおんちゃん」,
133700 ,,,,,,,,りおん,りおん,04rio118_002.wav,りおん,40102,「はい、こんにちはですっ！」,
133800 ,,,,,,,,隆行,隆行,,りおん,40102,「りおんちゃんはいつも元気だね」,
133900 ,,,,,,,,りおん,りおん,04rio118_003.wav,りおん,40103,「はいっ、りおんは元気なメイドですっ！」,
134090 ,,,<!ef_move>,,7,,,,,,,,,
134100 ,,,,,,,,なつゆ,なつゆ,03nat118_001.wav,なつゆ,30101,「ご苦労様です。さっそく始めましょうか」,
134200 ,,,,,,,,隆行,隆行,,なつゆ,30101,「りおんちゃんと比べて、こっちは愛想のかけらもないよなあ……」,
134300 ,,,,,,,,なつゆ,なつゆ,03nat118_002.wav,なつゆ,30104,「なにかおっしゃいましたか？」,
134400 ,,,,,,,,隆行,隆行,,なつゆ,30104,「あっ、いや、別に……」,
134600 ,$return,,,,,,,,,,,,,
134700 ,&03nat220ds,,,4294967295,9000,,,,,,,,,
134980 ,,,<!se_natsuyu_chime><wait 700>,,,,,,,,,,,
134990 ,,,,6,6,,,,,,,,,
135000 ,,,,,,,,りおん,りおん,04rio119_001.wav,りおん,40101,「いらっしゃいませ、隆行さま」,
135100 ,,,,,,,,隆行,隆行,,りおん,40101,「りおんちゃん、いつも出迎えありがとね」,
135200 ,,,,,,,,りおん,りおん,04rio119_002.wav,りおん,40102,「いえ……これが私のおしごとですからっ」,
135300 ,,,,,,,,隆行,隆行,,りおん,40102,「りおんちゃんは素直で可愛いなあ。それに比べると、なつゆはホントに……」,
135400 ,,,,,,,,りおん,りおん,04rio119_003.wav,りおん,40118,「ああっ！？　ダメですよ、隆行さまっ！　なつゆお嬢様は、じごくみみなんですから……」,
135500 ,,,,,,,,隆行,隆行,,りおん,40118,「はははっ、なつゆは屋敷の中にいるんだろ？　聞こえる訳ないよ」,
135600 ,,,,,,,,りおん,りおん,04rio119_004.wav,りおん,40119,「はわわわわ……」,
135790 ,,,<!ef_move>,,7,,,,,,,,,
135800 ,,,,,,,,隆行,隆行,,,,「さてなつゆ、始めるぞ」,
135900 ,,,,,,,,なつゆ,なつゆ,03nat119_001.wav,なつゆ,30127,「………………」,
136000 ,,,,,,,,隆行,隆行,,なつゆ,30127,「んんっ、どうした？」,
136100 ,,,,,,,,なつゆ,なつゆ,03nat119_002.wav,なつゆ,30104,「かわいげがなくて、悪かったですわね」,
136200 ,,,,,,,,隆行,隆行,,なつゆ,30104,「ええええっ！？　なんでお前……聞いてたのか！？」,
136300 ,,,,,,,,なつゆ,なつゆ,03nat119_003.wav,なつゆ,30104,「わたくし、時間に余裕はありませんの。先生、早く始めてくださいまし」,
136400 ,,,,,,,,隆行,隆行,,なつゆ,30104,「あ……うん、始めようか……」,
136600 ,$return,,,,,,,,,,,,,
136700 ,&03nat230ds,,,4294967295,9000,,,,,,,,,
136980 ,,,<!se_natsuyu_chime><wait 700>,,,,,,,,,,,
136990 ,,,,6,6,,,,,,,,,
137000 ,,,,,,,,りおん,りおん,04rio120_001.wav,りおん,40101,「隆行さま、こんにちは。ようこそお越しくださいましたっ」,
137100 ,,,,,,,,隆行,隆行,,りおん,40101,「ああ、こんにちは、りおんちゃん。今日は勉強部屋まで一人で行ってみるからさ、案内はいいよ」,
137200 ,,,,,,,,りおん,りおん,04rio120_002.wav,りおん,40106,「えっ、でも……」,
137300 ,,,,,,,,隆行,隆行,,りおん,40106,「大丈夫、大丈夫。だいたい行き方は覚えたし」,
137410 ,,,<!ef_move>,,9,,,,隆行,,,,「……」,
137420 ,,,<!ef_move>,,9000,,,,,,,,,
137430 ,,,<!ef_move>,,9,,,,隆行,,,,「…………」,
137440 ,,,<!ef_move>,,9000,,,,,,,,,
137450 ,,,<!ef_move>,,9,,,,隆行,,,,「………………」,
137460 ,,,<!ef_move>,,9000,,,,,,,,,
137470 ,,,<!ef_move>,,9,,,,隆行,,,,「……………………」,
137478 ,,,<!ef_move>,,9000,,,,,,,,,
137479 ,,,<!ef_move>,,9,,,,隆行,,,,「…………………………」,
137480 ,,,<!ef_move>,,9000,,,,,,,,,
137490 ,,,<!ef_move>,,9,,,,隆行,,,,「………………………………」,
137499 ,,,<!ef_move>,,9000,,,,,,,,,
137500 ,,,<!se_natsuyu_door><!ef_move>,,7,,,隆行,隆行,,,,「や、やっと……着いた……」,
137600 ,,,,,,,,なつゆ,なつゆ,03nat120_001.wav,なつゆ,30121,「……あら、遅かったですわね。先生」,
137700 ,,,,,,,,隆行,隆行,,なつゆ,30121,「すまん、一人で来ようとしたらちょっと迷ってな……。この部屋への道のりは、もう覚えたと思ったんだが……」,
137800 ,,,,,,,,なつゆ,なつゆ,03nat120_002.wav,なつゆ,30120,「部外者が、案内なしでは危険ですわ。この広い屋敷は毎年、遭難者が出るほどですもの」,
137900 ,,,,,,,,隆行,隆行,,なつゆ,30120,「そ……遭難！？」,
138000 ,,,,,,,,なつゆ,なつゆ,03nat120_003.wav,なつゆ,30101,「好奇心は死に直結いたしますわよ。お気をつけあそばせ……」,
138100 ,,,,,,,,隆行,隆行,,なつゆ,30101,「そうか……あは、ははは……」,
138300 ,$return,,,,,,,,,,,,,
138400 ,&03nat240ds,,,4294967295,9000,,,,,,,,,
138680 ,,,<!se_natsuyu_chime><wait 700>,,,,,,,,,,,
138690 ,,,,6,6,,,,,,,,,
138700 ,,,,,,,,りおん,りおん,04rio574_001.wav,りおん,40101,「隆行さま、いらっしゃいませ」,
138800 ,,,,,,,,隆行,隆行,,りおん,40101,「やあ、りおんちゃん。今日も元気そうだね」,
138900 ,,,,,,,,りおん,りおん,04rio574_002.wav,りおん,40103,「はいっ、じょうぶなだけがとりえですから！」,
139000 ,,,,,,,,隆行,隆行,,りおん,40103,「元気なこと以外にも、りおんちゃんにはいっぱいいいところがあると思うよ」,
139100 ,,,,,,,,りおん,りおん,04rio574_003.wav,りおん,40118,「ほんとですか！？」,
139200 ,,,,,,,,隆行,隆行,,りおん,40118,「ホントホント。もっと自信持っていいって」,
139300 ,,,,,,,,りおん,りおん,04rio574_004.wav,りおん,40116,「えへへ……ありがとうございますっ」,
139490 ,,,<!ef_move>,,7,,,,,,,,,
139500 ,,,,,,,,なつゆ,なつゆ,03nat574_001.wav,なつゆ,30101,「ごきげんよう先生。さっそくはじめなさい」,
139600 ,,,,,,,,隆行,隆行,,なつゆ,30101,「……こっちは自分に自信持ちすぎだよな……」,
139700 ,,,,,,,,なつゆ,なつゆ,03nat574_002.wav,なつゆ,30121,「なにかおっしゃいましたか？」,
139800 ,,,,,,,,隆行,隆行,,なつゆ,30121,「あっ、いや、別に……」,
140000 ,$return,,,,,,,,,,,,,
140100 ,&03nat250ds,,,4294967295,9000,,,,,,,,,
140380 ,,,<!se_natsuyu_chime><wait 700>,,,,,,,,,,,
140390 ,,,,6,6,,,,,,,,,
140400 ,,,,,,,,りおん,りおん,04rio575_001.wav,りおん,40101,「いらっしゃいませ、隆行さま」,
140500 ,,,,,,,,隆行,隆行,,りおん,40101,「りおんちゃん、いつも出迎えありがとね」,
140600 ,,,,,,,,りおん,りおん,04rio575_002.wav,りおん,40102,「いえ……これが私のおしごとですからっ」,
140700 ,,,,,,,,隆行,隆行,,りおん,40102,「りおんちゃんは働き者だなぁ」,
140800 ,,,,,,,,りおん,りおん,04rio575_003.wav,りおん,40120,「なつゆお嬢様はもっともっとお忙しいスケジュールをこなされていますし……」,
140900 ,,,,,,,,隆行,隆行,,りおん,40120,「そっか……なつゆもよくがんばってるよなぁ……」,
141190 ,,,<!ef_move>,,7,,,,,,,,,
141200 ,,,,,,,,隆行,隆行,,,,「さてなつゆ、始めるぞ」,
141300 ,,,,,,,,なつゆ,なつゆ,03nat575_001.wav,なつゆ,30115,「………………」,
141400 ,,,,,,,,隆行,隆行,,なつゆ,30115,「んんっ、どうした？」,
141500 ,,,,,,,,なつゆ,なつゆ,03nat575_002.wav,なつゆ,30102,「……いえ、なんでもありませんわ」,
141600 ,,,,,,,,隆行,隆行,,なつゆ,30102,「それならいいけど……」,
141700 ,,,,,,,,なつゆ,なつゆ,03nat575_003.wav,なつゆ,30120,「ふふ……」,
141800 ,,,,,,,,隆行,隆行,,なつゆ,30120,「……？」,
141900 ,,,,,,,,なつゆ,なつゆ,03nat575_004.wav,なつゆ,30102,「さぁ、先生。授業をはじめてくださいな」,
142100 ,$return,,,,,,,,,,,,,
143900 ,&03nat310snd,,,6,7,,,,,,,,,
144300 ,,,,,,,,隆行,隆行,,,,「じゃあなつゆ、宿題を……」,
144400 ,,,,,,,,なつゆ,なつゆ,03nat121_001.wav,なつゆ,30113,「あ……」,
144500 ,,,,,,,,隆行,隆行,,なつゆ,30113,「なんだ、やれなかったのか？」,
144600 ,,,,,,,,なつゆ,なつゆ,03nat121_002.wav,なつゆ,30117,「せ……先生がわるいのですっ！　教わってない問題まで指定して……」,
144700 ,,,,,,,,隆行,隆行,,なつゆ,30117,「難しかったか……？」,
144800 ,,,,,,,,なつゆ,なつゆ,03nat121_003.wav,なつゆ,30112,「まだ習ってないから、解けないだけですわっ！」,
144900 ,,,,,,,,,,,なつゆ,30112,　うーん、なつゆのレベル以上の宿題を指定してしまったようだな。もう少し易しめじゃないとダメか……。,
145100 ,$return,,,,,,,,,,,,,
145200 ,&03nat311snd,,,6,7,,,,,,,,,
145600 ,,,,,,,,隆行,隆行,,,,「さて、宿題はできてるかな」,
145700 ,,,,,,,,なつゆ,なつゆ,03nat577_001.wav,なつゆ,30122,「……できておりませんわ」,
145800 ,,,,,,,,隆行,隆行,,なつゆ,30122,「なんだ、やれなかったのか？」,
145900 ,,,,,,,,なつゆ,なつゆ,03nat577_002.wav,なつゆ,30117,「先生の教え方が悪いからですわっ！」,
146000 ,,,,,,,,,,,なつゆ,30117,　うーん、なつゆのレベル以上の宿題を指定してしまったようだな。もう少し易しめじゃないとダメか……。,
146200 ,$return,,,,,,,,,,,,,
146300 ,&03nat312snd,,,6,7,,,,,,,,,
146700 ,,,,,,,,なつゆ,なつゆ,03nat578_001.wav,なつゆ,30101,「先生」,
146800 ,,,,,,,,隆行,隆行,,なつゆ,30101,「なんだ？」,
146900 ,,,,,,,,なつゆ,なつゆ,03nat578_002.wav,なつゆ,30104,「先生のお出しになった宿題ですけれど、教えていただいてないところが多々ありましたわ」,
147000 ,,,,,,,,隆行,隆行,,なつゆ,30104,「あれ、そうだったか？」,
147100 ,,,,,,,,なつゆ,なつゆ,03nat578_003.wav,なつゆ,30104,「お気をつけになってくださいませっ」,
147200 ,,,,,,,,,,,なつゆ,30104,　うーん、なつゆのレベル以上の宿題を指定してしまったようだな。もう少し易しめじゃないとダメか……。,
147400 ,$return,,,,,,,,,,,,,
147500 ,&03nat320snm,,,6,7,,,,,,,,,
147900 ,,,,,,,,隆行,隆行,,,,「なつゆ、宿題をチェックするぞ」,
148000 ,,,,,,,,なつゆ,なつゆ,03nat122_001.wav,なつゆ,30113,「………………」,
148100 ,,,,,,,,隆行,隆行,,なつゆ,30113,「んっ、忘れたのか？」,
148200 ,,,,,,,,なつゆ,なつゆ,03nat122_002.wav,なつゆ,30117,「忘れたのではございませんっ！　ただ、間に合わなかっただけで……」,
148300 ,,,,,,,,隆行,隆行,,なつゆ,30117,「あっ、宿題の量が多すぎたか？」,
148400 ,,,,,,,,なつゆ,なつゆ,03nat122_003.wav,なつゆ,30122,「そうですわね……言い訳はしたくありませんけれど」,
148500 ,,,,,,,,,,,なつゆ,30122,　ああ、宿題の量が多すぎたか……。なつゆの実力で一週間にこなせる量を、考えなきゃいけないな……。,
148700 ,$return,,,,,,,,,,,,,
148800 ,&03nat321snm,,,6,7,,,,,,,,,
149200 ,,,,,,,,隆行,隆行,,,,「さて、宿題はやってあるかな」,
149300 ,,,,,,,,なつゆ,なつゆ,03nat579_001.wav,なつゆ,30106,「あ……」,
149400 ,,,,,,,,隆行,隆行,,なつゆ,30106,「んっ、できなかったのか？」,
149500 ,,,,,,,,なつゆ,なつゆ,03nat579_002.wav,なつゆ,30113,「問題が解けなかったわけではありませんけれど……」,
149600 ,,,,,,,,隆行,隆行,,なつゆ,30113,「ちょっと量が多すぎたか？」,
149700 ,,,,,,,,なつゆ,なつゆ,03nat579_003.wav,なつゆ,30122,「……正直に申しまして、時間が足りませんでしたわ」,
149800 ,,,,,,,,,,,なつゆ,30122,　ああ、宿題の量が多すぎたか……。なつゆの実力で一週間にこなせる量を、考えなきゃいけないな……。,
150000 ,$return,,,,,,,,,,,,,
150100 ,&03nat322snm,,,6,7,,,,,,,,,
150500 ,,,,,,,,なつゆ,なつゆ,03nat580_001.wav,なつゆ,30101,「先生」,
150600 ,,,,,,,,隆行,隆行,,なつゆ,30101,「なんだ？」,
150700 ,,,,,,,,なつゆ,なつゆ,03nat580_002.wav,なつゆ,30104,「先生のお出しになった宿題、少々量が多かったように思うのですけれど」,
150800 ,,,,,,,,隆行,隆行,,なつゆ,30104,「そんなに多かったか？」,
150900 ,,,,,,,,なつゆ,なつゆ,03nat580_003.wav,なつゆ,30117,「他のスケジュールもありますので、もう少し加減していただきたいものですわっ」,
151000 ,,,,,,,,,,,なつゆ,30117,　ああ、宿題の量が多すぎたか……。なつゆの実力で一週間にこなせる量を、考えなきゃいけないな……。,
151200 ,$return,,,,,,,,,,,,,
151300 ,&03nat330sndm,,,6,7,,,,,,,,,
151700 ,,,,,,,,隆行,隆行,,,,「さーてなつゆ、宿題チェックだ」,
151800 ,,,,,,,,なつゆ,なつゆ,03nat123_001.wav,なつゆ,30122,「ふぅ……どうぞ」,
151900 ,,,,,,,,隆行,隆行,,なつゆ,30122,「んっ、途中までしかやってないな……量が多かったか？」,
152000 ,,,,,,,,なつゆ,なつゆ,03nat123_002.wav,なつゆ,30122,「多いだけなら、まだなんとかなりましたわ。問題が難しくて、なかなか進みませんの」,
152100 ,,,,,,,,隆行,隆行,,なつゆ,30122,「そうか……すまんな」,
152200 ,,,,,,,,なつゆ,なつゆ,03nat123_003.wav,なつゆ,30120,「まあ……それをクリアできない自分が口惜しくはありますけれど」,
152300 ,,,,,,,,,,,なつゆ,30120,　しまった、量が多いだけでなく難しすぎたか……。宿題の設定は難しいなあ。うう。,
152500 ,$return,,,,,,,,,,,,,
152600 ,&03nat331sndm,,,6,7,,,,,,,,,
153000 ,,,,,,,,隆行,隆行,,,,「なつゆ、宿題はやってあるかな？」,
153100 ,,,,,,,,なつゆ,なつゆ,03nat581_001.wav,なつゆ,30122,「……できていませんわ」,
153200 ,,,,,,,,隆行,隆行,,なつゆ,30122,「やれなかったか……。難しかったか？」,
153300 ,,,,,,,,なつゆ,なつゆ,03nat581_002.wav,なつゆ,30122,「それもありますけど、量も多くて……。やっと解けたと思っても全然減りませんの」,
153400 ,,,,,,,,隆行,隆行,,なつゆ,30122,「そうか……すまんな」,
153500 ,,,,,,,,なつゆ,なつゆ,03nat581_003.wav,なつゆ,30117,「もう少し考えてくださると助かりますわ」,
153600 ,,,,,,,,,,,なつゆ,30117,　しまった、量が多いだけでなく難しすぎたか……。宿題の設定は難しいなあ。うう。,
153800 ,$return,,,,,,,,,,,,,
153900 ,&03nat332sndm,,,6,7,,,,,,,,,
154300 ,,,,,,,,なつゆ,なつゆ,03nat582_001.wav,なつゆ,30101,「先生」,
154400 ,,,,,,,,隆行,隆行,,なつゆ,30101,「なんだ？」,
154500 ,,,,,,,,なつゆ,なつゆ,03nat582_002.wav,なつゆ,30122,「先生のお出しになった宿題、半分もこなせませんでした。申し訳ございません」,
154600 ,,,,,,,,隆行,隆行,,なつゆ,30122,「やれなかったか……。難しかったか？」,
154700 ,,,,,,,,なつゆ,なつゆ,03nat582_003.wav,なつゆ,30122,「難しいし、それに量も……。自分のふがいなさばかりを感じましたわ」,
154800 ,,,,,,,,隆行,隆行,,なつゆ,30122,「そうか……すまんな」,
154900 ,,,,,,,,なつゆ,なつゆ,03nat582_004.wav,なつゆ,30104,「この宿題がしっかりこなせるくらいに教えてくださいませ。こんな悔しい思いはもうしたくありませんから」,
155000 ,,,,,,,,,,,なつゆ,30104,　しまった、量が多いだけでなく難しすぎたか……。宿題の設定は難しいなあ。うう。,
155200 ,$return,,,,,,,,,,,,,
155300 ,&03nat340sg,,,6,7,,,,,,,,,
155600 ,,,,,,,,隆行,隆行,,,,「さて、先週出した宿題だが……やってあるか？」,
155700 ,,,,,,,,なつゆ,なつゆ,03nat124_001.wav,なつゆ,30101,「愚問ですわ。どうぞご確認くださいな」,
155790 ,$call HomeWorkAffect,,,,,,,,,,,,,
155800 ,,,,,,,,隆行,隆行,,なつゆ,30101,「どれどれ……うん、ＯＫだな」,
155900 ,,,,,,,,なつゆ,なつゆ,03nat124_002.wav,なつゆ,30103,「わたくしにできないことなど、ありません」,
156000 ,,,,,,,,隆行,隆行,,なつゆ,30103,「勉強が出来ないから、俺が呼ばれてるんじゃ……」,
156100 ,,,,,,,,なつゆ,なつゆ,03nat124_003.wav,なつゆ,30104,「……なにか？」,
156200 ,,,,,,,,隆行,隆行,,なつゆ,30104,「いや、なにも……さあ、授業に入ろうか」,
156400 ,$return,,,,,,,,,,,,,
156500 ,&03nat341sg,,,6,7,,,,,,,,,
156800 ,,,,,,,,隆行,隆行,,,,「なつゆ、宿題のチェックをするぞ」,
156900 ,,,,,,,,なつゆ,なつゆ,03nat125_001.wav,なつゆ,30101,「はい、こちらですわ」,
156990 ,$call HomeWorkAffect,,,,,,,,,,,,,
157000 ,,,,,,,,隆行,隆行,,なつゆ,30101,「うん…………よし、ＯＫ」,
157100 ,,,,,,,,なつゆ,なつゆ,03nat125_002.wav,なつゆ,30102,「ふっ……」,
157200 ,,,,,,,,隆行,隆行,,なつゆ,30102,「よーし、それじゃ授業を始めるぞー」,
157300 ,,,,,,,,なつゆ,なつゆ,03nat125_003.wav,なつゆ,30118,「……ちょっと先生、しっかり宿題をこなしたのに、おほめの言葉もありませんの！？」,
157400 ,,,,,,,,隆行,隆行,,なつゆ,30118,「なんだ、欲しかったのか……？」,
157500 ,,,,,,,,なつゆ,なつゆ,03nat125_004.wav,なつゆ,30119,「ほ……ほしいわけではありませんっ！」,
157600 ,,,,,,,,隆行,隆行,,なつゆ,30119,「ふふっ、素直じゃないな……ほら、なつゆ。よくやったな」,
157700 ,,,,,,,,なつゆ,なつゆ,03nat125_005.wav,なつゆ,30115,「あ……」,
157800 ,,,,,,,,なつゆ,なつゆ,03nat125_006.wav,なつゆ,30117,「ちょっと……髪の毛がくずれますわっ」,
157900 ,,,,,,,,隆行,隆行,,なつゆ,30117,「あっ、ごめん……」,
158000 ,,,,,,,,なつゆ,なつゆ,03nat125_007.wav,なつゆ,30119,「よ、よいのです。あとで直しますから……」,
158100 ,,,,,,,,隆行,隆行,,なつゆ,30119,「それじゃ、始めるぞ」,
158200 ,,,,,,,,なつゆ,なつゆ,03nat125_008.wav,なつゆ,30102,「はい、先生」,
158400 ,$return,,,,,,,,,,,,,
158500 ,&03nat342sg,,,6,7,,,,,,,,,
158800 ,,,,,,,,隆行,隆行,,,,「なつゆ、宿題を見せてくれるか」,
158900 ,,,,,,,,なつゆ,なつゆ,03nat126_001.wav,なつゆ,30101,「どうぞ」,
158990 ,$call HomeWorkAffect,,,,,,,,,,,,,
159000 ,,,,,,,,隆行,隆行,,なつゆ,30101,「っと…………うん、全部やってあるな」,
159100 ,,,,,,,,なつゆ,なつゆ,03nat126_002.wav,なつゆ,30102,「わたくしは千住院家の娘ですもの、交わした契約を守るのは当然ですわ」,
159200 ,,,,,,,,隆行,隆行,,なつゆ,30102,「契約、って……ただの宿題じゃないか……」,
159300 ,,,,,,,,なつゆ,なつゆ,03nat126_003.wav,なつゆ,30103,「さあ、始めてくださいな」,
159400 ,,,,,,,,隆行,隆行,,なつゆ,30103,「あっ、うん」,
159600 ,$return,,,,,,,,,,,,,
159700 ,&03nat343sg,,,6,7,,,,,,,,,
160000 ,,,,,,,,隆行,隆行,,,,「さて、それじゃ……」,
160100 ,,,,,,,,なつゆ,なつゆ,03nat127_001.wav,なつゆ,30101,「どうぞ。こちらですわ」,
160190 ,$call HomeWorkAffect,,,,,,,,,,,,,
160200 ,,,,,,,,隆行,隆行,,なつゆ,30101,「ああ…………うん、宿題はＯＫだな」,
160300 ,,,,,,,,なつゆ,なつゆ,03nat127_002.wav,なつゆ,30122,「先生は段取りがわるいんですもの……時間は貴重ですわよ」,
160400 ,,,,,,,,隆行,隆行,,なつゆ,30122,「いや……ごめん」,
160500 ,,,,,,,,なつゆ,なつゆ,03nat127_003.wav,なつゆ,30120,「なんでしたら、宿題はあらかじめ先生のお宅に届けさせましょうか？」,
160600 ,,,,,,,,隆行,隆行,,なつゆ,30120,「いや、そこまでしなくてもいいよ…………ふぅ」,
160800 ,$return,,,,,,,,,,,,,
160900 ,&03nat510lg,,,9,7,,,,,,,,,
161300 ,,,,,,,,隆行,隆行,,,,「よし、今日の授業はここまでだ。なつゆ、質問は？」,
161400 ,,,,,,,,なつゆ,なつゆ,03nat128_001.wav,なつゆ,30102,「ございませんわ。充実した時間でしたもの」,
161500 ,,,,,,,,隆行,隆行,,なつゆ,30102,「そうか、良かった」,
161600 ,,,,,,,,なつゆ,なつゆ,03nat128_002.wav,なつゆ,30101,「わたくしが本気で取り組めば、こんなものです」,
161700 ,,,,,,,,隆行,隆行,,なつゆ,30101,「慢心するなよ？」,
161800 ,,,,,,,,なつゆ,なつゆ,03nat128_003.wav,なつゆ,30103,「じきにテストで結果を出してみせますわ」,
161900 ,,,,,,,,隆行,隆行,,なつゆ,30103,「ははっ、言ったな……？」,
162000 ,,,,,,,,,,,なつゆ,30103,　なつゆも自信満々、充実した授業だったようだな。まあ、なつゆはいつも自信たっぷりだが……。,
162200 ,$return,,,,,,,,,,,,,
162300 ,&03nat511lg,,,9,7,,,,,,,,,
162700 ,,,,,,,,隆行,隆行,,,,「……さて、今日のところここまでかな」,
162800 ,,,,,,,,なつゆ,なつゆ,03nat583_001.wav,なつゆ,30118,「あら、ほんとう。もうこんな時間ですのね」,
162900 ,,,,,,,,隆行,隆行,,なつゆ,30118,「集中してできてたみたいだな」,
163000 ,,,,,,,,なつゆ,なつゆ,03nat583_002.wav,なつゆ,30101,「わたくし、いつだって集中してものごとに取り組んでおりますわ」,
163100 ,,,,,,,,隆行,隆行,,なつゆ,30101,「んん、そうか？」,
163200 ,,,,,,,,なつゆ,なつゆ,03nat583_003.wav,なつゆ,30117,「ほんとうですわっ」,
163300 ,,,,,,,,隆行,隆行,,なつゆ,30117,「はははっ、信じるよ」,
163400 ,,,,,,,,,,,なつゆ,30117,　なつゆも自信満々、充実した授業だったようだな。まあ、なつゆはいつも自信たっぷりだが……。,
163600 ,$return,,,,,,,,,,,,,
163700 ,&03nat512lg,,,9,7,,,,,,,,,
164100 ,,,,,,,,隆行,隆行,,,,「……さて、今日のところここまでかな」,
164200 ,,,,,,,,なつゆ,なつゆ,03nat584_001.wav,なつゆ,30103,「ご苦労様でした、先生」,
164300 ,,,,,,,,隆行,隆行,,なつゆ,30103,「ずいぶん調子よかったんじゃないか？」,
164400 ,,,,,,,,なつゆ,なつゆ,03nat584_002.wav,なつゆ,30102,「わたくしの実力……と言いたいところですが、先生の教え方もよかったと思いますわ」,
164500 ,,,,,,,,隆行,隆行,,なつゆ,30102,「んん、そうか？」,
164600 ,,,,,,,,なつゆ,なつゆ,03nat584_003.wav,なつゆ,30103,「ええ、大変充実した授業でした」,
164700 ,,,,,,,,,,,なつゆ,30103,　なつゆも手ごたえがあったのだろう、いつになく上機嫌で微笑んでいる。いつもこの調子ならいいんだが……。,
164900 ,$return,,,,,,,,,,,,,
165000 ,&03nat520ln,,,9,7,,,,,,,,,
165400 ,,,,,,,,隆行,隆行,,,,「さてと、授業はこれで終了だ」,
165500 ,,,,,,,,なつゆ,なつゆ,03nat129_001.wav,なつゆ,30101,「ご苦労様」,
165600 ,,,,,,,,隆行,隆行,,なつゆ,30101,「どうだ、手応えは」,
165700 ,,,,,,,,なつゆ,なつゆ,03nat129_002.wav,なつゆ,30120,「わるくはないと思いますわ」,
165800 ,,,,,,,,隆行,隆行,,なつゆ,30120,「そうか……まあまあか」,
165900 ,,,,,,,,,,,なつゆ,30120,　今回の授業は……まあ及第点あたりだろうか。気位の高いなつゆにしては、素直に聞いていた方だな。,
166100 ,$return,,,,,,,,,,,,,
166200 ,&03nat521ln,,,9,7,,,,,,,,,
166600 ,,,,,,,,隆行,隆行,,,,「ふむ、そろそろ時間だな。今日はここまでにしておこう」,
166700 ,,,,,,,,なつゆ,なつゆ,03nat585_001.wav,なつゆ,30101,「ええ、わかりました」,
166800 ,,,,,,,,隆行,隆行,,なつゆ,30101,「何かわからないところとかはないか？」,
166900 ,,,,,,,,なつゆ,なつゆ,03nat585_002.wav,なつゆ,30120,「若干……いえ、これくらいは後で自分で考えますわ」,
167000 ,,,,,,,,隆行,隆行,,なつゆ,30120,「自分で考えるのは大切だが……もしわからないようなら遠慮なく連絡してくれよ」,
167100 ,,,,,,,,なつゆ,なつゆ,03nat585_003.wav,なつゆ,30102,「ええ、その際には人をやりますので」,
167190 ,,,,,,,,,隆行,,なつゆ,30102,「いや、電話とかあるだろ……」,
167200 ,,,,,,,,,,,なつゆ,30102,　今回の授業は……まあ及第点あたりだろうか。気位の高いなつゆにしては、素直に聞いていた方だな。,
167400 ,$return,,,,,,,,,,,,,
167500 ,&03nat522ln,,,9,7,,,,,,,,,
167900 ,,,,,,,,隆行,隆行,,,,「……と、今日はここまでかな。質問とかはないか？」,
168000 ,,,,,,,,なつゆ,なつゆ,03nat586_001.wav,なつゆ,30101,「そうですわね……ここなのですけれど……」,
168100 ,,,,,,,,隆行,隆行,,なつゆ,30101,「ん、どれどれ――」,
168300 ,,,<!ef_timepass>,,,,,隆行,隆行,,,,「――ということなんだけど……どうだ？」,
168400 ,,,,,,,,なつゆ,なつゆ,03nat586_002.wav,なつゆ,30101,「だいたいわかりましたわ」,
168500 ,,,,,,,,隆行,隆行,,なつゆ,30101,「だいたい……か」,
168600 ,,,,,,,,なつゆ,なつゆ,03nat586_003.wav,なつゆ,30117,「大丈夫ですわっ」,
168700 ,,,,,,,,,,,なつゆ,30117,　今回の授業は……まあ及第点あたりだろうか。気位の高いなつゆにしては、素直に聞いていた方だな。,
168900 ,$return,,,,,,,,,,,,,
169000 ,&03nat530lb,,,9,7,,,,,,,,,
169400 ,,,,,,,,隆行,隆行,,,,「今日の授業はこれで終わるが……どうだなつゆ、内容は理解したか？」,
169500 ,,,,,,,,なつゆ,なつゆ,03nat130_001.wav,なつゆ,30121,「そうですわね……引っかかるところが、少し多かったですわ」,
169600 ,,,,,,,,隆行,隆行,,なつゆ,30121,「まあ……あとから聞きたいところが出てきたら、いつでも連絡してくれよ」,
169700 ,,,,,,,,なつゆ,なつゆ,03nat130_002.wav,なつゆ,30101,「わかりました。その際は人をよこします」,
169800 ,,,,,,,,隆行,隆行,,なつゆ,30101,「いや……そんなことをしなくても、電話とかで……」,
169900 ,,,,,,,,,,,なつゆ,30101,　うーむ、なつゆの理解度はイマイチだったみたいだな。俺ももう少し頑張らないと……。,
170100 ,$return,,,,,,,,,,,,,
170200 ,&03nat531lb,,,9,7,,,,,,,,,
170600 ,,,,,,,,隆行,隆行,,,,「さて、今日のところはこんなものかな」,
170700 ,,,,,,,,なつゆ,なつゆ,03nat587_001.wav,なつゆ,30122,「ふぅ……ご苦労様」,
170800 ,,,,,,,,隆行,隆行,,なつゆ,30122,「調子悪かったみたいだな」,
170900 ,,,,,,,,なつゆ,なつゆ,03nat587_002.wav,なつゆ,30121,「……少々ごちゃごちゃしてしまって……なさけない限りですわ」,
171000 ,,,,,,,,隆行,隆行,,なつゆ,30121,「俺の教え方もよくなかったかもしれない。もうちょっといい方法考えてみるよ」,
171100 ,,,,,,,,なつゆ,なつゆ,03nat587_003.wav,なつゆ,30101,「そう願いますわ」,
171200 ,,,,,,,,,,,なつゆ,30101,　うーむ、なつゆの理解度はイマイチだったみたいだな。俺ももう少し頑張らないと……。,
171400 ,$return,,,,,,,,,,,,,
171500 ,&03nat532lb,,,9,7,,,,,,,,,
171900 ,,,,,,,,隆行,隆行,,,,「じゃあ今日はここまで。……大丈夫か？」,
172000 ,,,,,,,,なつゆ,なつゆ,03nat588_001.wav,なつゆ,30127,「……自分にいきどおりを覚えますわ」,
172100 ,,,,,,,,隆行,隆行,,なつゆ,30127,「そういう日もあるって……」,
172200 ,,,,,,,,なつゆ,なつゆ,03nat588_002.wav,なつゆ,30112,「いいえっ。この千住院なつゆ、このまま引き下がるわけには行きません」,
172300 ,,,,,,,,隆行,隆行,,なつゆ,30112,「な、なつゆ？」,
172400 ,,,,,,,,なつゆ,なつゆ,03nat588_003.wav,なつゆ,30104,「必ずわかるようになって見せますから、先生もご協力くださいませっ」,
172500 ,,,,,,,,隆行,隆行,,なつゆ,30104,「は、はい」,
172600 ,,,,,,,,,,,なつゆ,30104,　うーむ、なつゆの理解度はイマイチだったみたいだな。俺ももう少し頑張らないと……。,
172800 ,$return,,,,,,,,,,,,,
172900 ,&03nat610t,,,9,7,,,,,,,,,
173200 ,,,,,,,,隆行,隆行,,,,「授業の仕上げに、小テストをするからな」,
173300 ,,,,,,,,なつゆ,なつゆ,03nat131_001.wav,なつゆ,30101,「どうぞ」,
173400 ,,,,,,,,隆行,隆行,,なつゆ,30101,「準備はいいようだな、始めるぞ」,
173500 ,,,,,,,,なつゆ,なつゆ,03nat131_002.wav,なつゆ,30101,「よろしくてよ」,
173700 ,$return,,,,,,,,,,,,,
173800 ,&03nat620t,,,9,7,,,,,,,,,
174100 ,,,,,,,,隆行,隆行,,,,「さて、実力を試す小テストだ」,
174200 ,,,,,,,,なつゆ,なつゆ,03nat132_001.wav,なつゆ,30102,「のぞむところですわ」,
174300 ,,,,,,,,隆行,隆行,,なつゆ,30102,「リラックスしてやるんだぞ」,
174400 ,,,,,,,,なつゆ,なつゆ,03nat132_002.wav,なつゆ,30102,「おまかせくださいな」,
174600 ,$return,,,,,,,,,,,,,
174700 ,&03nat630t,,,9,7,,,,,,,,,
175000 ,,,,,,,,なつゆ,なつゆ,03nat133_001.wav,なつゆ,30101,「さて、最後は小テストかしらね？」,
175100 ,,,,,,,,隆行,隆行,,なつゆ,30101,「そうだな」,
175200 ,,,,,,,,なつゆ,なつゆ,03nat133_002.wav,なつゆ,30102,「デザートみたいなものですわね……軽くすませてしまいましょう」,
175300 ,,,,,,,,隆行,隆行,,なつゆ,30102,「デザートだからって、そうそう甘くはないぞ？」,
175400 ,,,,,,,,なつゆ,なつゆ,03nat133_003.wav,なつゆ,30122,「先生のギャグセンスは落第レベルですわ……」,
175600 ,$return,,,,,,,,,,,,,
175700 ,&03nat710tb,,<!ef_timepass>,6,7,,,,,,,,,
176000 ,,,,,,,,隆行,隆行,,,,「うーん、頑張ってはいるがな……」,
176100 ,,,,,,,,なつゆ,なつゆ,03nat134_001.wav,なつゆ,30122,「ふぅ……ダメでしたか。次に向けて努力いたしますわ」,
176200 ,,,,,,,,隆行,隆行,,なつゆ,30122,「素直だな、なつゆ」,
176300 ,,,,,,,,なつゆ,なつゆ,03nat134_002.wav,なつゆ,30120,「いさぎよく認めることも大切ですわ」,
176500 ,$return,,,,,,,,,,,,,
176600 ,&03nat720tb,,<!ef_timepass>,6,7,,,,,,,,,
176900 ,,,,,,,,なつゆ,なつゆ,03nat135_001.wav,なつゆ,30121,「そのお顔……結果は良くない様子ですわね」,
177000 ,,,,,,,,隆行,隆行,,なつゆ,30121,「まあ……な」,
177100 ,,,,,,,,なつゆ,なつゆ,03nat135_002.wav,なつゆ,30127,「くっ……恥ずかしいですわ」,
177200 ,,,,,,,,隆行,隆行,,なつゆ,30127,「ここには俺しかいないよ。何度でも失敗していいんだ。俺の前じゃ気にするな」,
177300 ,,,,,,,,なつゆ,なつゆ,03nat135_003.wav,なつゆ,30120,「そうですわね……ふふっ、ありがとうございます」,
177500 ,$return,,,,,,,,,,,,,
177600 ,&03nat730tb,,<!ef_timepass>,6,7,,,,,,,,,
177900 ,,,,,,,,隆行,隆行,,,,「残念ながら……今日は不合格だな」,
178000 ,,,,,,,,なつゆ,なつゆ,03nat136_001.wav,なつゆ,30112,「うっ……次は合格してみせますわ！」,
178100 ,,,,,,,,隆行,隆行,,なつゆ,30112,「その跳ねっ返りを活力に、頑張ってくれ」,
178200 ,,,,,,,,なつゆ,なつゆ,03nat136_002.wav,なつゆ,30117,「い、言われなくとも……！」,
178400 ,$return,,,,,,,,,,,,,
178500 ,&03nat810sm,,,6,7,,,,,,,,,
178900 ,,,,,,,,隆行,隆行,,,,「宿題の範囲はメモしたな？　来週までに終わらせるんだぞ」,
179000 ,,,,,,,,なつゆ,なつゆ,03nat137_001.wav,なつゆ,30121,「これ……多すぎませんこと？」,
179100 ,,,,,,,,隆行,隆行,,なつゆ,30121,「そ、そうか……？」,
179200 ,,,,,,,,なつゆ,なつゆ,03nat137_002.wav,なつゆ,30122,「終わらなくても、責めないでくださいまし」,
179400 ,$return,,,,,,,,,,,,,
179500 ,&03nat811sm,,,6,7,,,,,,,,,
179900 ,,,,,,,,隆行,隆行,,,,「……ここと、ここから……ここまでの範囲が宿題な」,
180000 ,,,,,,,,なつゆ,なつゆ,03nat589_001.wav,なつゆ,30121,「……終わるかしら」,
180100 ,,,,,,,,隆行,隆行,,なつゆ,30121,「もうちょっと減らしたほうがいいか……？」,
180200 ,,,,,,,,なつゆ,なつゆ,03nat589_002.wav,なつゆ,30104,「やってみもせずにあきらめるのは主義ではありませんので」,
180400 ,$return,,,,,,,,,,,,,
180500 ,&03nat812sm,,,6,7,,,,,,,,,
180900 ,,,,,,,,隆行,隆行,,,,「んじゃ、宿題はこの範囲。できそうか？」,
181000 ,,,,,,,,なつゆ,なつゆ,03nat590_001.wav,なつゆ,30104,「やってみなければわかりませんわね」,
181100 ,,,,,,,,隆行,隆行,,なつゆ,30104,「ちょっと多いか……」,
181200 ,,,,,,,,なつゆ,なつゆ,03nat590_002.wav,なつゆ,30101,「できる限りやってみますわ」,
181300 ,,,,,,,,隆行,隆行,,なつゆ,30101,「うん、がんばって」,
181500 ,$return,,,,,,,,,,,,,
181600 ,&03nat820sg,,,6,7,,,,,,,,,
182000 ,,,,,,,,隆行,隆行,,,,「じゃあ、宿題はいま言った通りな」,
182100 ,,,,,,,,なつゆ,なつゆ,03nat138_001.wav,なつゆ,30102,「わかりました。これなら充分にやれると思いますわ」,
182200 ,,,,,,,,隆行,隆行,,なつゆ,30102,「りおんちゃんとかにやらせるなよ」,
182300 ,,,,,,,,なつゆ,なつゆ,03nat138_002.wav,なつゆ,30112,「わたくしの名誉にかけて、そのようなことはいたしませんっ！」,
182500 ,$return,,,,,,,,,,,,,
182600 ,&03nat821sg,,,6,7,,,,,,,,,
183000 ,,,,,,,,隆行,隆行,,,,「じゃあ、宿題はこの範囲だ。大丈夫だよな」,
183100 ,,,,,,,,なつゆ,なつゆ,03nat591_001.wav,なつゆ,30102,「ええ、問題ないと思いますわ」,
183400 ,$return,,,,,,,,,,,,,
183500 ,&03nat822sg,,,6,7,,,,,,,,,
183900 ,,,,,,,,隆行,隆行,,,,「それじゃあ、ここから……ここまでが宿題ね」,
184000 ,,,,,,,,なつゆ,なつゆ,03nat592_001.wav,なつゆ,30102,「ええ、わかりました」,
184100 ,,,,,,,,隆行,隆行,,なつゆ,30102,「ちゃんと来週までにできるか？」,
184200 ,,,,,,,,なつゆ,なつゆ,03nat592_002.wav,なつゆ,30112,「わたくしをお疑いになるのですかっ？」,
184300 ,,,,,,,,隆行,隆行,,なつゆ,30112,「い、いえ。がんばってください」,
184500 ,$return,,,,,,,,,,,,,
184600 ,&03nat830sl,,,6,7,,,,,,,,,
185000 ,,,,,,,,隆行,隆行,,,,「こことここ、来週までにやっておくようにな」,
185100 ,,,,,,,,なつゆ,なつゆ,03nat139_001.wav,なつゆ,30118,「あら……思ったより少ないですわね」,
185200 ,,,,,,,,隆行,隆行,,なつゆ,30118,「あっと、じゃあ追加で……」,
185300 ,,,,,,,,なつゆ,なつゆ,03nat139_002.wav,なつゆ,30103,「男に二言はございませんでしょう？　もう変更は聞きませんわよ。ふふふっ」,
185500 ,$return,,,,,,,,,,,,,
185600 ,&03nat831sl,,,6,7,,,,,,,,,
186000 ,,,,,,,,隆行,隆行,,,,「それじゃあ宿題はここから……ここまで。ちゃんとできそうか？」,
186100 ,,,,,,,,なつゆ,なつゆ,03nat593_001.wav,なつゆ,30103,「これくらいなら簡単ですわ」,
186400 ,$return,,,,,,,,,,,,,
186500 ,&03nat832sl,,,6,7,,,,,,,,,
186900 ,,,,,,,,隆行,隆行,,,,「宿題は今言った範囲だけど、ちゃんとメモしたか？」,
187000 ,,,,,,,,なつゆ,なつゆ,03nat594_001.wav,なつゆ,30102,「わかりました」,
187100 ,,,,,,,,隆行,隆行,,なつゆ,30102,「ちょっと少ない気がしないでもないが……」,
187200 ,,,,,,,,なつゆ,なつゆ,03nat594_002.wav,なつゆ,30103,「もう契約は成立しておりますわ。後はわたくしが履行するだけです。ふふっ▼」,
187500 ,$return,,,,,,,,,,,,,
187600 ,&03nat910de,,,6,7,,,,,,,,,
187900 ,,,,,,,,隆行,隆行,,,,「んんっ、と……今日はこれで終わりだ、なつゆ」,
188000 ,,,,,,,,なつゆ,なつゆ,03nat140_001.wav,なつゆ,30101,「ご苦労様です。ただいま、りおんにお茶の用意を……」,
188100 ,,,,,,,,隆行,隆行,,なつゆ,30101,「あっ……わざわざいいよ、そんなのは」,
188200 ,,,,,,,,なつゆ,なつゆ,03nat140_002.wav,なつゆ,30121,「しかし、もう……」,
188300 ,,,<!se_natsuyu_door>,,,,,,,,なつゆ,30121,　その時、ワゴンにいろいろと載せたりおんちゃんが部屋に入ってきた。,
188400 ,,,,,,,,りおん,りおん,04rio140_001.wav,りおん,40101,「なつゆお嬢様、隆行さま、おべんきょうお疲れさまでございましたっ。お茶とお菓子をご用意いたしましたので、どうぞお召し上がりくださいっ」,
188500 ,,,,,,,,隆行,隆行,,りおん,40101,「ああ……ホントに良かったのに。俺もう帰るからさ」,
188600 ,,,,,,,,りおん,りおん,04rio140_002.wav,りおん,40105,「私、はりきってお茶をご用意しましたのに……お帰りになっちゃうんですか……？」,
188700 ,,,,,,,,隆行,隆行,,りおん,40105,「あっ、その……じゃあ、いただこうかな」,
188800 ,,,,,,,,りおん,りおん,04rio140_003.wav,りおん,40102,「はいっ▼　隆行さま、どうぞお召し上がりくださいっ」,
188900 ,,,,,,,,なつゆ,なつゆ,03nat140_003.wav,なつゆ,30101,「………………」,
189000 ,,,,,,,,,,,なつゆ,30101,　なつゆが紅茶をすすりながら、なにやら俺をジトッと見つめる。,
189100 ,,,,,,,,隆行,隆行,,なつゆ,30101,「な……なにかな？」,
189200 ,,,,,,,,なつゆ,なつゆ,03nat140_004.wav,なつゆ,30101,「いえ……別に」,
189300 ,,,,,,,,隆行,隆行,,なつゆ,30101,「なんだよ……トゲのある言い方だなあ」,
189400 ,,,,,,,,なつゆ,なつゆ,03nat140_005.wav,なつゆ,30104,「わたくし、これからバイオリンのお稽古があるので失礼いたします」,
189500 ,,,,,,,,りおん,りおん,04rio140_004.wav,りおん,40114,「あっ、なつゆお嬢様……」,
189600 ,,,,,,,,なつゆ,なつゆ,03nat140_006.wav,なつゆ,30101,「りおん、あなたは先生にお見送りまで付いていなさい」,
189700 ,,,,,,,,りおん,りおん,04rio140_005.wav,りおん,40119,「はっ、はい……」,
189800 ,,,,,,,,なつゆ,なつゆ,03nat140_007.wav,なつゆ,30101,「それでは先生、また来週に」,
189900 ,,,<!se_natsuyu_door>,,,,,,,,,,　なつゆはぶっきらぼうに言うと、足早に部屋を出て行った。,
190000 ,,,,,,,,隆行,隆行,,,,「なんだ、なつゆ……機嫌悪いのかな」,
190100 ,,,,,,,,りおん,りおん,04rio140_006.wav,りおん,40119,「あっ、あのっ、隆行さま……あんまり私にやさしくしないでください……なつゆお嬢様が……」,
190200 ,,,,,,,,隆行,隆行,,りおん,40119,「んっ、なつゆが？　なんで……？」,
190300 ,,,,,,,,りおん,りおん,04rio140_007.wav,りおん,40120,「えっと、あのっ……お、おんなごごろっていいますか……」,
190400 ,,,,,,,,隆行,隆行,,りおん,40120,「…………？」,
190500 ,,,,,,,,,,,,,　その時突然、女性の悲鳴のような声が聞こえてきた。,
190600 ,,,,,,,,隆行,隆行,,,,「わっ、わわわっ、なんだ……！？　殺人事件かッ！？」,
190700 ,,,,,,,,りおん,りおん,04rio140_008.wav,りおん,40120,「あっ、あれは……だいじょうぶです、事件じゃありません……」,
190800 ,,,,,,,,りおん,りおん,04rio140_009.wav,りおん,40113,「なつゆお嬢様の、バイオリンです……」,
190900 ,,,,,,,,隆行,隆行,,りおん,40113,「バイオリン！？　今の悲鳴みたいなのが……？」,
191000 ,,,,,,,,,,,りおん,40113,　再び、この世のモノならざる悲鳴が何度もこだまする。,
191100 ,,,,,,,,隆行,隆行,,りおん,40113,「ははは……すごいんだね、なつゆ……」,
191200 ,,,,,,,,りおん,りおん,04rio140_010.wav,りおん,40120,「はい……」,
191300 ,,,,,9000,,,,,,,,　俺は千住院邸に響くローレライの金切り声をバックに、ゆっくりお茶を飲んでから屋敷を後にした。,
191500 ,$return,,,,,,,,,,,,,
191600 ,&03nat920de,,,6,7,,,,,,,,,
191900 ,,,,,,,,隆行,隆行,,,,「なつゆ、お疲れさん。今日はこれで終わりだ」,
192000 ,,,,,,,,なつゆ,なつゆ,03nat141_001.wav,なつゆ,30122,「ふうっ……んんっ」,
192100 ,,,,,,,,隆行,隆行,,なつゆ,30122,「疲れたか……？」,
192200 ,,,,,,,,なつゆ,なつゆ,03nat141_002.wav,なつゆ,30102,「このくらい、他のお稽古ごとに比べたらたいしたこともありませんわ」,
192300 ,,,,,,,,隆行,隆行,,なつゆ,30102,「強そうだな、なつゆは」,
192400 ,,,,,,,,なつゆ,なつゆ,03nat141_003.wav,なつゆ,30103,「ふふっ……そうでもありませんわ」,
192490 ,,,<!se_natsuyu_door>,,,,,,,,,,,
192500 ,,,,,,,,りおん,りおん,04rio141_001.wav,りおん,40101,「失礼いたします。お茶のご用意ができましたっ」,
192600 ,,,,,,,,なつゆ,なつゆ,03nat141_004.wav,なつゆ,30102,「ありがとう、りおん。先生にお出しして」,
192700 ,,,,,,,,りおん,りおん,04rio141_002.wav,りおん,40102,「はいっ」,
192800 ,,,,,9000,,,,,,,,　それから俺は、りおんちゃんが＜淹＝い＞れてくれた高そうな紅茶と、ウチでは盆暮れの贈答でも見られないような高級菓子を味わって……ほくほく気分で屋敷を出た。,
193000 ,$return,,,,,,,,,,,,,
193100 ,&03nat930de,,,6,7,,,,,,,,,
193400 ,,,,,,,,なつゆ,なつゆ,03nat142_001.wav,なつゆ,30101,「先生……今日はここまでですの？」,
193500 ,,,,,,,,隆行,隆行,,なつゆ,30101,「そうだな……もう終わりだ」,
193600 ,,,,,,,,なつゆ,なつゆ,03nat142_002.wav,なつゆ,30120,「……っと、やっぱり時間が圧しておりますわね。先生、次のお稽古がありますので失礼いたします」,
193700 ,,,,,,,,隆行,隆行,,なつゆ,30120,「ああ……うん。大変だな、なつゆも」,
193800 ,,,,,,,,なつゆ,なつゆ,03nat142_003.wav,なつゆ,30102,「ふふっ、小さい時からこうですもの……慣れましたわ。……りおん！」,
193900 ,,,,,,,,,,,,,　なつゆが声を上げると、りおんちゃんがすぐに入室してきた。,
193990 ,,,<!se_natsuyu_door>,,,,,,,,,,,
194000 ,,,,,,,,りおん,りおん,04rio142_001.wav,りおん,40101,「はいっ、なつゆお嬢様」,
194100 ,,,,,,,,なつゆ,なつゆ,03nat142_004.wav,なつゆ,30101,「先生にお茶をお出しして。くれぐれも粗相のないようにね。わたくしはもう行きますから」,
194200 ,,,,,,,,りおん,りおん,04rio142_002.wav,りおん,40101,「かしこまりましたっ。……あ、お着物は婦長さんが新しいものをご用意してますっ」,
194300 ,,,,,,,,なつゆ,なつゆ,03nat142_005.wav,なつゆ,30102,「ありがとう、わかりましたわ。……それでは先生、ごきげんよう」,
194400 ,,,<!se_natsuyu_door>,,,,,,,,,,　そう言ってなつゆは俺に会釈すると、慌ただしく部屋を出て行った。,
194500 ,,,,,,,,隆行,隆行,,,,「なつゆ……いろんな稽古で忙しそうだな」,
194600 ,,,,,,,,りおん,りおん,04rio142_003.wav,りおん,40101,「なつゆお嬢様のスケジュールは、すごいんですっ。私、倒れちゃわないかいつも心配で……」,
194700 ,,,,,,,,隆行,隆行,,りおん,40101,「さっき、着物がどうとかって言ってたけど……？」,
194800 ,,,,,,,,りおん,りおん,04rio142_004.wav,りおん,40102,「あ、これからお茶とお花のお稽古なんです。ですから、お着物にきがえられるんですよっ」,
194900 ,,,,,,,,隆行,隆行,,りおん,40102,「そうか、それで……」,
195000 ,,,,,,,,,,,りおん,40102,　なつゆの着物姿か……ちょっと想像できないけど、案外和装も似合うのかもなあ……。,
195100 ,,,,,,,,りおん,りおん,04rio142_005.wav,りおん,40102,「なつゆお嬢様は、お着物姿もとーってもキレイなんですよっ」,
195200 ,,,,,,,,隆行,隆行,,りおん,40102,「そう？　ちょっと見てみたいかもな」,
195300 ,,,,,,,,りおん,りおん,04rio142_006.wav,りおん,40103,「直接お伝えくださいっ。きっとおよろこびになります」,
195400 ,,,,,,,,隆行,隆行,,りおん,40103,「直接は……俺もちょっと恥ずかしいかな。それに、なつゆもきっと見せてくれないよ。ははっ」,
195500 ,,,,,,,,,,,,,　軽く笑うと、俺は香り豊かな紅茶をひとくちすすった。,
195700 ,$return,,,,,,,,,,,,,

