%line,%seq,%cheffect,%effect1,%music,%bg,%cg,%ov,%truename,%name,%voice,%st_center_name,%st_center,%text,
10000 ,&04rio000op,,,4294967295,9000,,,,,,,,,
10290 ,,,<!se_natsuyu_chime><wait 700>,,,,,,,,,,,
10300 ,,,,7,6,,,,,,,,　送られてきた地図に従い、目的地に進む。そして思った通り、なつゆの屋敷へと到着した。,
10400 ,,,,,,,,,,,,,　やっぱり、ここはなつゆの屋敷だよな……。こんな馬鹿デカい屋敷、この辺にふたつもある訳ないし……。,
10500 ,,,,,,,,りおん,りおん,04rio143_001.wav,りおん,40106,「あのっ、隆行さま……」,
10600 ,,,,,,,,隆行,隆行,,りおん,40106,「あっ、家庭教師を頼んだのって……やっぱり、りおんちゃん？」,
10700 ,,,,,,,,りおん,りおん,04rio143_002.wav,りおん,40119,「はっ、はい、そうですっ。とりあえず、こちらへおねがいします……っ！」,
10800 ,,,,,,,,隆行,隆行,,りおん,40119,「わっ……ととっ」,
10990 ,,,<!ef_move>,,8,,,,,,,,,
11000 ,,,,,,,,りおん,りおん,04rio143_003.wav,りおん,40106,「すみません、ごういんにお引き立てしちゃって……」,
11100 ,,,,,,,,隆行,隆行,,りおん,40106,「いや……それは別にいいんだけどさ。なんだか慌ててた感じだったのは、なんで？」,
11200 ,,,,,,,,りおん,りおん,04rio143_004.wav,りおん,40120,「えっと、それは……私が隆行さまにべんきょうを教えていただくのは、なつゆお嬢様にはないしょのことですので……」,
11300 ,,,,,,,,りおん,りおん,04rio143_005.wav,りおん,40119,「あっ、もちろん、この家庭教師の件につきまして旦那様と婦長さんの許可はいただいてますっ」,
11400 ,,,,,,,,隆行,隆行,,りおん,40119,「なつゆには話してないの……？」,
11500 ,,,,,,,,りおん,りおん,04rio143_006.wav,りおん,40105,「はい……。なつゆお嬢様に、私の成績が低いことが知れると……おそば付きから外されるんじゃないかと思いまして……」,
11600 ,,,,,,,,隆行,隆行,,りおん,40105,「うーん……なつゆなら、そのぐらいのコトで遠ざけるなんてしないと思うけどなあ。りおんちゃんを大切に想ってるようだし……」,
11700 ,,,,,,,,りおん,りおん,04rio143_007.wav,りおん,40106,「でも、私……ずっとなつゆお嬢様のおそばにお仕えしていたいんですっ！　それには、もっともっとべんきょうしないと……！」,
11800 ,,,,,,,,,,,りおん,40106,　うーむ、関係の浅い俺にはよくわからないけど……二人には、失いたくない絆のようなものがあるんだろうな。,
11900 ,,,,,,,,隆行,隆行,,りおん,40106,「まあ……勉強しようとする気持ち自体は悪いことじゃないからね。なつゆの成績を追い越すぐらい頑張っていこう、りおんちゃん」,
12000 ,,,,,,,,りおん,りおん,04rio143_008.wav,りおん,40131,「はいっ！　私、はりきっておべんきょういたしますっ」,
12100 ,,,,,,,,隆行,隆行,,りおん,40131,「それじゃ、早速始めようか」,
12200 ,,,,,,,,,,,りおん,40131,　俺が真新しいテキストを取り出すと、りおんちゃんはそれを嬉しそうに受け取っていた。,
12400 ,$return,,,,,,,,,,,,,
12500 ,&04rio010h,,<!ef_timepass>,7,8,,,,,,,,,
12800 ,,,,,,,,隆行,隆行,,,,「りおんちゃん、成績が前より上がってるね。おめでとう」,
12900 ,,,,,,,,,,,,,　俺が笑顔で微笑むと、りおんちゃんはもっと嬉しそうな笑顔を見せた。,
13000 ,,,,,,,,りおん,りおん,04rio144_001.wav,りおん,40103,「はいっ！　私、うれしいです……これで、もっともっとなつゆお嬢様のお役に立つことができますっ！」,
13100 ,,,,,,,,,,,りおん,40103,　そう言って、喜びと安堵が混じったような息をつく。,
13200 ,,,,,,,,,,,りおん,40103,　なつゆ、なつゆ……か。りおんちゃんは、もっと自分のことを大切にすべきだよなあ……。,
13300 ,,,,,,,,隆行,隆行,,りおん,40103,「あのさ、りおんちゃん。なつゆのことを考えるのもいいけどさ……」,
13400 ,,,,,,,,りおん,りおん,04rio144_002.wav,りおん,40114,「……はい？」,
13500 ,,,,,,,,隆行,隆行,,りおん,40114,「この結果は他の誰でもない、りおんちゃんが頑張った結果なんだ。だから、他人のためじゃなくてまず自分のために喜ぶといいよ」,
13600 ,,,,,,,,りおん,りおん,04rio144_003.wav,りおん,40114,「私のため……」,
13700 ,,,,,,,,隆行,隆行,,りおん,40114,「そうだよ。よく頑張ったね、りおんちゃん」,
13800 ,,,,,,,,,,,りおん,40114,　俺はりおんちゃんの頭に手を置き、優しく撫でてやる。,
13900 ,,,,,,,,りおん,りおん,04rio144_004.wav,りおん,40115,「あ……」,
14000 ,,,,,,,,隆行,隆行,,りおん,40115,「これからも頑張ろうな」,
14100 ,,,,,,,,りおん,りおん,04rio144_005.wav,りおん,40105,「うっ、ううっ……」,
14200 ,,,,,,,,隆行,隆行,,りおん,40105,「……ん？」,
14300 ,,,,,,,,りおん,りおん,04rio144_006.wav,りおん,40109,「ううっ、うううっ……うええええん……」,
14400 ,,,,,,,,,,,りおん,40109,　するとりおんちゃんは突然、大粒の涙をこぼして泣き始めてしまった。,
14500 ,,,,,,,,隆行,隆行,,りおん,40109,「ちょ、ちょっと……りおんちゃん、どうしたの！？」,
14600 ,,,,,,,,りおん,りおん,04rio144_007.wav,りおん,40109,「ひっく、えぐっ、すみません、隆行さま……。私、うれしくて……」,
14700 ,,,,,,,,隆行,隆行,,りおん,40109,「いや、だから名前じゃなくて『先生』って呼んでくれって……」,
14800 ,,,,,,,,,,,りおん,40109,　この部屋には俺とりおんちゃん以外誰もいないのだが、思わず辺りを見回して他人の視線を確認してしまう。,
14900 ,,,,,,,,りおん,りおん,04rio144_008.wav,りおん,40109,「私、小さいときからいつもドジばっかりで……パパ以外の人から優しくほめていただいたのは、初めてなんです……」,
15000 ,,,,,,,,隆行,隆行,,りおん,40109,「りおんちゃん……」,
15100 ,,,,,,,,りおん,りおん,04rio144_009.wav,りおん,40109,「だから私、うれしくて……うええええぇ……」,
15200 ,,,,,,,,,,,りおん,40109,　りおんちゃんは、また涙をぽろぽろとこぼし始める。,
15300 ,,,,,,,,隆行,隆行,,りおん,40109,「わーっ、わかった、わかったから、ね。落ち着いて」,
15400 ,,,,,,,,りおん,りおん,04rio144_010.wav,りおん,40105,「ぐす……すみません……」,
15500 ,,,,,,,,隆行,隆行,,りおん,40105,「いや、なにも謝ることじゃないからさ。そりゃまあ、突然泣き出されてちょっと驚いたけど」,
15600 ,,,,,,,,,,,りおん,40105,　俺は苦笑まじりに、りおんちゃんの頭をぽんぽんと軽くたたく。,
15700 ,,,,,,,,りおん,りおん,04rio144_011.wav,りおん,40106,「ありがとうございます、隆行さま……。私、なんてお礼申し上げればよいか……」,
15800 ,,,,,,,,隆行,隆行,,りおん,40106,「俺は家庭教師だからさ、むしろそれが当然の仕事というか……。まあ、結果が出てなによりだったよ。これからも頑張っていこうね」,
15900 ,,,,,,,,りおん,りおん,04rio144_012.wav,りおん,40115,「はい……」,
16000 ,,,,,,,,,,,りおん,40115,　りおんちゃんは顔を赤らめて、嬉しそうな表情でうつむいた。,
16100 ,,,,,,,,りおん,りおん,04rio144_013.wav,りおん,40116,「でも私、なにもしない訳には……そうだ、ご奉仕させていただきますっ」,
16200 ,,,,,,,,隆行,隆行,,りおん,40116,「えっ……？　ちょ、ちょっとなに、りおんちゃん！？」,
16400 ,,,,,,,,,,,,,　りおんちゃんは突然俺の前でひざまずくと、ズボンのファスナーに手をかけた。,
16500 ,,,,,,,,りおん,りおん,04rio144_014.wav,,,「隆行さま、せめてものお礼に……はりきってご奉仕いたしますね」,
16600 ,,,,,,,,隆行,隆行,,,,「ちょっと待ってよ、ご奉仕って、そんな……！」,
16700 ,,,,,,,,りおん,りおん,04rio144_015.wav,,,「なつゆお嬢様にも感謝の気持ちをお伝えするときには、こうして奉仕してさしあげてるんですっ」,
16800 ,,,,,,,,隆行,隆行,,,,「だからって、俺にそんなことしなくていいよ！」,
16900 ,,,,,,,,りおん,りおん,04rio144_016.wav,,,「いえ……感謝の気持ちはちゃんと表さないと、私の気がおさまりません……！」,
17000 ,,,,,,,,,,,,,　りおんちゃんは素早い動作で俺のチ○チンをズボンから出すと、それを臆しもせず口に含んだ。,
17100 ,,,,,,,,隆行,隆行,,,,「わっ、わわわっ……！！」,
17300 ,,,<!pre_ev1>,10,,3101,,りおん,りおん,04rio144_017.wav,りおん,40101,「ぺろ、んちゅ……はむ……くちゅるっ、んんっ」,
17400 ,,,,,,3101,,,,,,,　りおんちゃんはチ○チンを小さな口いっぱいにほおばり、ちゅるちゅると吸い始める。,
17500 ,,,,,,3101,,りおん,りおん,04rio144_018.wav,りおん,40101,「隆行さま、気持ちいいですか……？　んちゅるっ、んむっ」,
17600 ,,,,,,3101,,隆行,隆行,,,,「ちょっと、りおんちゃん……そんな……！」,
17700 ,,,,,,3101,,りおん,りおん,04rio144_019.wav,りおん,40101,「ちゅっ、じゅるっ……これはせめてものご奉仕ですから、お気になさらないでください……」,
17800 ,,,,,,3101,,,,,,,　突然のことに俺は激しく驚いたが、それでもチ○チンはりおんちゃんにしゃぶられてみるみる大きくなっていった。,
17900 ,,,,,,3101,,りおん,りおん,04rio144_020.wav,りおん,40101,「あむっ、あふっ……おくちに、入りきりません……んぐっ」,
18000 ,,,,,,3101,,隆行,隆行,,,,「りおんちゃん、そんな……やめ……」,
18100 ,,,,,,3101,,りおん,りおん,04rio144_021.wav,りおん,40101,「だいじょうぶです、勉強もご奉仕も私がんばります……っ」,
18200 ,,,,,,3101,,,,,,,　りおんちゃんは大きく口を開け、亀頭をまるまるほおばった。そして少し苦しそうにしながら、唇を前後にスライドする。,
18300 ,,,,,,3101,,りおん,りおん,04rio144_022.wav,りおん,40101,「じゅぷっ、じゅぷるっ、じゅぽっ……んぐっ、んぐぐっ、じゅぷ……」,
18400 ,,,,,,3101,,隆行,隆行,,,,「あうっ、あううっ……りおんちゃん……」,
18500 ,,,,,,3101,,,,,,,　鋭い快感が、背筋を駆けあがっていく。りおんちゃんは一心に、唇の動きを続けていた。,
18600 ,,,,,,3101,,りおん,りおん,04rio144_023.wav,りおん,40101,「んぐ、んぐっ、ぷはっ……はあっ、はあっ……」,
18700 ,,,,,,3101,,りおん,りおん,04rio144_024.wav,りおん,40101,「すみません、男の方へのご奉仕は初めてだから、うまくできなくて……」,
18800 ,,,,,,3101,,,,,,,　突然のことによる驚きと恥ずかしさ、そして強い快感ですっかり混乱していた俺は、ずいぶんと正直な答えを返してしまった。,
18900 ,,,,,,3101,,隆行,隆行,,,,「いや、その……うまくやれてると思うよ……」,
19000 ,,,,,,3101,,りおん,りおん,04rio144_025.wav,りおん,40101,「ホントですか？　うれしいですっ！　私、もっとがんばってやりますね！」,
19100 ,,,,,,3101,,隆行,隆行,,,,「えっ、いや、りおんちゃん……うあああっ！」,
19200 ,,,,,,3101,,りおん,りおん,04rio144_026.wav,りおん,40101,「あむっ、んぐぐっ、んちゅるぅっ……」,
19300 ,,,,,,3101,,,,,,,　今度はのどいっぱいにまでチ○チンを含み、更に激しい動きを繰り返す。,
19400 ,,,,,,3101,,りおん,りおん,04rio144_027.wav,りおん,40101,「すごく、熱いです……あむっ、んむっ」,
19500 ,,,,,,3101,,,,,,,　チ○チンが、軽くぴくぴくと脈打ち始める。すでに先走りの液がりおんちゃんの口の中へ出ているはずだが、りおんちゃんは変わらず激しい奉仕を続けている。,
19600 ,,,,,,3101,,りおん,りおん,04rio144_028.wav,りおん,40101,「んんっ……なんか、お口の中がぬるぬるしてきました……私も、変な気持ちになってきます……」,
19700 ,,,,,,3101,,隆行,隆行,,,,「りおんちゃん、ダメだよ……これ以上やったら、俺、本当に出しちゃう……」,
19800 ,,,,,,3101,,りおん,りおん,04rio144_029.wav,りおん,40101,「えっと、せいえき……ですね？　それを受け止めるまでがご奉仕ですから、どうぞえんりょなくお出しください」,
19900 ,,,,,,3101,,隆行,隆行,,,,「だ、だからダメだって……このまま続けると、口の中に出しちゃう……！」,
20000 ,,,,,,3101,,りおん,りおん,04rio144_030.wav,りおん,40101,「はい、私の口の中にくださいませ……じゅぷっ、じゅぷるっ……」,
20100 ,,,,,,3101,,,,,,,　かたくすぼめた唇がカリ先を弾き、柔らかい舌が亀頭の先っぽをやさしく包み込む。チ○チンの付け根から脳に向かって震えるような快感が一気に駆けのぼり、そして……。,
20200 ,,,,,,3101,,隆行,隆行,,,,「ああっ、うああああっ……！！」,
20400 ,,,<!ef_shasei>,,,3102,,りおん,りおん,04rio144_031.wav,りおん,40101,「んぐっ！？　んんっ、んぐっ、ぐぐうんっ……んんっ、んん……」,
20500 ,,,,,,3102,,,,,,,　俺は、りおんちゃんの口の中に大量の精液を放っていた。,
20600 ,,,,,,3102,,隆行,隆行,,,,「ああっ、あああ……」,
20700 ,,,,,,3102,,りおん,りおん,04rio144_032.wav,りおん,40101,「んん……んっ、んっ」,
20800 ,,,,,,3102,,,,,,,　大きく膨れ上がったチ○チンが、何度も脈打つ。りおんちゃんは射精を続けるチ○チンから口を離すことなく、最後まで精液を口中に受け止めた。,
20900 ,,,,,,3102,,隆行,隆行,,,,「はぁっ、ふうっ……りおんちゃん……」,
21000 ,,,,,,3102,,,,,,,　りおんちゃんは、そっとチ○チンから口を離した。俺の亀頭とりおんちゃんの唇の間で、精液の糸がたわんで切れる。,
21100 ,,,,,,3102,,,,,,,　それから上気した顔で俺に微笑むと、こくこくとのどを鳴らしながら、りおんちゃんは口中の精液を少しずつ飲み込んでいった。,
21200 ,,,,,,3102,,りおん,りおん,04rio144_033.wav,りおん,40101,「こくっ、んくっ……ぷはっ……隆行さま……」,
21300 ,,,,,,3102,,,,,,,　ほほを赤く染めたりおんちゃんが、ささやくような声で俺の名を呼ぶ。俺は射精の脱力感と突然の混乱で、ただりおんちゃんをぼおっと見つめることしかできなかった……。,
21500 ,,,,,,,,りおん,りおん,04rio144_034.wav,りおん,40120,「せいえきって、ちょっと苦味のある濃いお味です……」,
21600 ,,,,,,,,隆行,隆行,,りおん,40120,「りおんちゃん、なにも飲まなくても……」,
21700 ,,,,,,,,りおん,りおん,04rio144_035.wav,りおん,40131,「いいえ、ご奉仕は最後までしっかりやりませんと。中途半端は、メイドとしてもっとも許されないことなんですっ！」,
21800 ,,,,,,,,,,,りおん,40131,　りおんちゃんはいつもの明るい笑顔に戻った後、また伏し目がちになって小さな声で俺に尋ねた。,
21900 ,,,,,,,,りおん,りおん,04rio144_036.wav,りおん,40106,「あ、あのっ、隆行さまは……気持ちよかったですか……？」,
22000 ,,,,,,,,隆行,隆行,,りおん,40106,「俺……！？　うっ、うん、まあ……」,
22100 ,,,,,,,,,,,りおん,40106,　チ○チンをズボンにしまおうとしていたときに突然声をかけられた俺は、しどろもどろになって答えた。,
22200 ,,,,,,,,りおん,りおん,04rio144_037.wav,りおん,40119,「あっ……すみません、気づきませんでした！　私、隆行さまのおち○ちんお拭きしますっ！」,
22300 ,,,,,,,,隆行,隆行,,りおん,40119,「い、いいよ！　いいってば……！！」,
22400 ,,,,,,,,,,,りおん,40119,　俺は必死になってりおんちゃんを押さえようとする。りおんちゃんはティッシュを手に、笑顔で俺とからみあった。,
22500 ,,,,,,,,りおん,りおん,04rio144_038.wav,りおん,40103,「先生……私、これからもはりきってお勉強しますね！」,
22700 ,$return,,,,,,,,,,,,,
22800 ,&04rio010ha,,,4294967295,9000,,,,,,,,,
23080 ,,,<!se_natsuyu_chime><wait 700>,,,,,,,,,,,
23090 ,,,,7,6,,,,,,,,,
23100 ,,,,,,,,りおん,りおん,04rio145_001.wav,りおん,40101,「あっ、いらっしゃいませ、隆行さま」,
23200 ,,,,,,,,隆行,隆行,,りおん,40101,「こんにちは、りおんちゃん」,
23300 ,,,,,,,,りおん,りおん,04rio145_002.wav,りおん,40102,「いつもすみませんっ。早くこちらへ……」,
23400 ,,,,,,,,隆行,隆行,,りおん,40102,「ああ……うん」,
23600 ,,,<!ef_move>,,8,,,,,,,,　俺はりおんちゃんに連れられ、いつものように素早く勉強部屋へと入った。,
23700 ,,,,,,,,りおん,りおん,04rio145_003.wav,りおん,40103,「隆行さま、先週はありがとうございましたっ」,
23800 ,,,,,,,,隆行,隆行,,りおん,40103,「いや……俺も気持ち良かったからさ、ついたくさん出しちゃって……」,
23900 ,,,,,,,,りおん,りおん,04rio145_004.wav,りおん,40120,「あっ、えっと……あのっ、そっちじゃなくて……」,
24000 ,,,,,,,,隆行,隆行,,りおん,40120,「えっ……！？」,
24100 ,,,,,,,,りおん,りおん,04rio145_005.wav,りおん,40115,「隆行さまが、私をほめてくださったことです……」,
24200 ,,,,,,,,隆行,隆行,,りおん,40115,「あっ、ああ……そっちのことね」,
24300 ,,,,,,,,りおん,りおん,04rio145_006.wav,りおん,40101,「私、すっごくうれしかったですっ。だからあのときのこと、忘れられなくて……」,
24400 ,,,,,,,,りおん,りおん,04rio145_007.wav,りおん,40116,「夜……おふとんの中で、隆行さまの声や、撫でてもらった感触を思い出すと……からだのちからが抜けて、ふにゃあぁってなっちゃうんです……」,
24500 ,,,,,,,,隆行,隆行,,りおん,40116,「りおんちゃん……」,
24600 ,,,,,,,,りおん,りおん,04rio145_008.wav,りおん,40102,「私、もっともっとはりきってべんきょうしますっ！」,
24700 ,,,,,,,,りおん,りおん,04rio145_009.wav,りおん,40101,「ですから……またせいせきが上がったら、この前みたいにほめてくださいね……？」,
24800 ,,,,,,,,隆行,隆行,,りおん,40101,「うん、もちろんだよ。たくさん頑張ったら、それだけたくさん褒めてあげるからね」,
24900 ,,,,,,,,りおん,りおん,04rio145_010.wav,りおん,40103,「はいっ！」,
25000 ,,,,,,,,隆行,隆行,,りおん,40103,「じゃ、授業を始めようか。今日からは、新しいステップだから……」,
25200 ,$return,,,,,,,,,,,,,
25300 ,&04rio020h,,<!ef_timepass>,7,8,,,,,,,,,
25600 ,,,,,,,,隆行,隆行,,,,「よーし、順調に成績が上がってきてるね、りおんちゃん」,
25700 ,,,,,,,,りおん,りおん,04rio146_001.wav,りおん,40103,「はい！　心から感謝いたします、隆行さま！」,
25800 ,,,,,,,,,,,りおん,40103,　りおんちゃんは元気溢れる笑顔で、身体を直角に折り曲げるほど深々と頭を下げた。,
25900 ,,,,,,,,隆行,隆行,,りおん,40103,「ああ、もう……そんな大げさにしなくていいからさ。俺はただの家庭教師だし、これからも気楽にやっていこうよ。……ね？」,
26000 ,,,,,,,,りおん,りおん,04rio146_002.wav,りおん,40101,「はい、かしこまりました。隆行さま」,
26100 ,,,,,,,,,,,りおん,40101,　そう言ったりおんちゃんは真剣な顔つきで、また頭を下げる。,
26200 ,,,,,,,,,,,りおん,40101,　やっぱり、俺の言葉は通じていないみたいだな……。,
26300 ,,,,,,,,隆行,隆行,,りおん,40101,「まあ……ともかく。今後の勉強方針としては、また……」,
26400 ,,,,,,,,りおん,りおん,04rio146_003.wav,りおん,40103,「はい！　また、はりきってご奉仕いたしますね！」,
26500 ,,,,,,,,,,,りおん,40103,　りおんちゃんが話を遮るようにして、俺の方にすすすっと近づいてくる。,
26600 ,,,,,,,,,,,りおん,40103,　わわわっ？　またこの前みたいな、エッチな奉仕をしてくるのか……ッ！？,
26700 ,,,,,,,,りおん,りおん,04rio146_004.wav,りおん,40101,「隆行さま、おからだお疲れじゃありませんか……？　私、お肩をおもみしますっ！」,
26800 ,,,,,,,,隆行,隆行,,りおん,40101,「えっ、肩……？　いいよ、別に＜凝＝こ＞ってなんかないから……」,
26900 ,,,,,,,,りおん,りおん,04rio146_005.wav,りおん,40102,「隆行さま。おてすうですが、こちらにおすわりになってくださいっ。私、ちっちゃいから隆行さまのお肩まで手がとどきませんっ」,
27000 ,,,,,,,,隆行,隆行,,りおん,40102,「あの……だからね？」,
27100 ,,,,,,,,,,,りおん,40102,　やっぱり人の話聞いてないよ、この子……。,
27200 ,,,,,,,,,,,りおん,40102,　俺はひとつ大きなため息をつくと、りおんちゃんに指示されるまま床に座った。,
27300 ,,,,,,,,隆行,隆行,,りおん,40102,「ふぅ、それじゃお願いしようかな」,
27400 ,,,,,,,,りおん,りおん,04rio146_006.wav,りおん,40101,「はいっ！　私、マッサージも得意なんですよっ。なつゆお嬢様にも、よくしてさしあげてるんですっ」,
27500 ,,,,,,,,,,,,,　りおんちゃんが、はりきった様子で俺の両肩に手を置く。しかし肩もみが始まるかな……と思った矢先、何か暖かくて柔らかい重みが背中にのしかかった。,
27600 ,,,,,,,,隆行,隆行,,,,「えっ、なに……！？」,
27700 ,,,,,,,,,,,,,　いったい何かと思って振り向くと、りおんちゃんが俺の背中に顔をうずめて……安らかな顔で、両目を閉じている。,
27800 ,,,,,,,,隆行,隆行,,,,「ちょ、ちょっと……りおんちゃん？」,
27900 ,,,,,,,,りおん,りおん,04rio146_007.wav,りおん,40119,「えっ……ああっ！　す、すみません隆行さまっ……！」,
28000 ,,,,,,,,,,,,,　りおんちゃんは肩越しに振り向いている俺に気づくと、慌てて顔を起こしてぎこちない肩もみを始めた。,
28100 ,,,,,,,,隆行,隆行,,,,「いや……りおんちゃん、今のはどうしたの……？」,
28200 ,,,,,,,,りおん,りおん,04rio146_008.wav,,,「えっ、あのっ……そのっ……」,
28300 ,,,,,,,,隆行,隆行,,,,「なにかあったの？　なつゆとケンカしたとか、忙しくて寝てないとか……」,
28400 ,,,,,,,,りおん,りおん,04rio146_009.wav,,,「いえっ、違うんです……あのっ、隆行さまのお背中、とても広くておっきくて……それでなんだかパパを思い出しちゃって、つい……。すみません、すみませんっ！」,
28500 ,,,,,,,,,,,,,　パパを思い出す……？　いや、ちょっと突っ込みにくそうな話だよな……余計な追求はやめとこう……。,
28600 ,,,,,,,,隆行,隆行,,,,「いや、別に気にしなくていいから…………うん、りおんちゃんはすっごく肩もみ上手だね。気持ちよく凝りがほぐれていくよ」,
28700 ,,,,,,,,りおん,りおん,04rio146_010.wav,,,「そうですか……？　うれしいですっ！　私、もっともっとはりきってご奉仕しますね！」,
28800 ,,,,,,,,,,,,,　そう笑顔で言うりおんちゃんの指に、力がこもる。俺はかける言葉も別の話題も思いつかなくて、しばらく無言で肩もみを受けていた。,
28900 ,,,,,,,,隆行,隆行,,,,「ねぇりおんちゃん、そろそろ腕も疲れたんじゃない……？　ありがとう、もういいよ。肩は充分にほぐれたから」,
29000 ,,,,,,,,りおん,りおん,04rio146_011.wav,,,「いえっ、私はぜんぜんだいじょうぶですっ！　……あ、否定をともなわない『ぜんぜん』は使うなって、なつゆお嬢様に注意されてたんでした」,
29100 ,,,,,,,,隆行,隆行,,,,「ふふっ、あはははは……そういうトコに厳しいのは、なつゆらしいね」,
29200 ,,,,,,,,りおん,りおん,04rio146_012.wav,,,「はいっ！　言葉づかい、注意しなきゃ、注意しなきゃ……」,
29300 ,,,,,,,,隆行,隆行,,,,「それはまあ……ともかく、もう肩もみはいいからさ。ありがと、りおんちゃん」,
29400 ,,,,,,,,りおん,りおん,04rio146_013.wav,,,「いえ、まだまだですっ。隆行さまを最後まで気持ちよくいやしてさしあげないと、メイドとしての本分が果たせませんっ！」,
29500 ,,,,,,,,隆行,隆行,,,,「わわっ、やっぱりそっちに……りおんちゃん！」,
29600 ,,,,,,,,,,,,,　りおんちゃんは突然手を下に回し、ズボンの上から俺のチ○チンをこしこしとまさぐり始める。,
29700 ,,,,,,,,隆行,隆行,,,,「だから、そこまでしなくていいってば……！」,
29800 ,,,,,,,,りおん,りおん,04rio146_014.wav,,,「いいえっ、一流のメイドは、一流のご奉仕をしなければならないんですっ。さあ隆行さま、力を抜いてくださいっ！」,
29900 ,,,,,,,,隆行,隆行,,,,「いくら一流だからって、そこは……うわわわわっ！！」,
30100 ,,,<!pre_ev1>,10,,3201,,,,,,,　りおんちゃんは俺のおしりを上げさせ、あっという間にズボンとパンツをずり降ろしてしまう。,
30200 ,,,,,,3201,,隆行,隆行,,,,「ちょっと、なんて格好にさせ……ああっ？」,
30300 ,,,,,,3201,,,,,,,　そのまま俺の尻たぶをつかみ、左右に押し広げた。そしてすぐさま、おしりの割れ目をべろんと舐め上げる。,
30400 ,,,,,,3201,,りおん,りおん,04rio146_015.wav,りおん,40101,「んんんんっ、んちゅっ……隆行さま、疲れたからだにはここのマッサージがきくんですよ……んちゅっ、ちゅぴっ、んちゅっ……」,
30500 ,,,,,,3201,,,,,,,　りおんちゃんの暖かい舌が俺のおしりを舐めるたび、ゾクゾクするような刺激が脊髄を走る。それにより、俺のチ○チンも触らずともムクムクと勃起していった。,
30600 ,,,,,,3201,,隆行,隆行,,,,「ああ、あああ……」,
30700 ,,,,,,3201,,りおん,りおん,04rio146_016.wav,りおん,40101,「ちゅんんっ、んちゅっ……隆行さま、前もこんなにたくましくされて……すごくおっきい、すてきです……」,
30800 ,,,,,,3201,,隆行,隆行,,,,「ちょっと、りおん……ちゃん……」,
30900 ,,,,,,3201,,,,,,,　りおんちゃんはビンビンに勃起した俺のチ○チンを手でつかみ、亀頭を指先で優しくマッサージし始めた。,
31000 ,,,,,,3201,,りおん,りおん,04rio146_017.wav,りおん,40101,「がんばってご奉仕しますので、からだをお預けになってください……」,
31100 ,,,,,,3201,,,,,,,　しゅっ、しゅっと、りおんちゃんがチ○チンをこすり始める。,
31200 ,,,,,,3201,,りおん,りおん,04rio146_018.wav,りおん,40101,「おち○ちん、とってもお熱くなってますね、隆行さま……。それにすっごく、かたいです……」,
31300 ,,,,,,3201,,,,,,,　背中越しに、りおんちゃんのうっとりとしたような声が聞こえる。顔が見えないだけに、余計もどかしい。,
31400 ,,,,,,3201,,りおん,りおん,04rio146_019.wav,りおん,40101,「隆行さま……おち○ちんから、ちょっとぬるぬるが出てまいりました……気持ちいいですか……？」,
31500 ,,,,,,3201,,隆行,隆行,,,,「う、うん……いいよ、りおんちゃん」,
31600 ,,,,,,3201,,,,,,,　おしりを舐められる快感と羞恥心が俺の中でせめぎ合って、よりいっそう身体を熱くする。,
31700 ,,,,,,3201,,りおん,りおん,04rio146_020.wav,りおん,40101,「ぺちゃっ、ちゅぷっ……んちゅっ、んんっ、くちゅっ……んんんっ、ぴちゅっ、ちゅっ」,
31800 ,,,,,,3201,,,,,,,　りおんちゃんは舌先をすぼめ、俺のアヌスを重点的に愛撫し始めた。,
31900 ,,,,,,3201,,隆行,隆行,,,,「どぅおおおっ、そこは……！」,
32000 ,,,,,,3201,,,,,,,　うああ……風俗とかで、アナル舐めご奉仕とかもあるとは聞くけど……これは確かに、物凄い感覚かも……。,
32100 ,,,,,,3201,,りおん,りおん,04rio146_021.wav,りおん,40101,「隆行さまのおしり、ひくひく、ひくひくって、動いてます」,
32200 ,,,,,,3201,,隆行,隆行,,,,「あんまり言わないでよ、りおんちゃん……あああ……」,
32300 ,,,,,,3201,,りおん,りおん,04rio146_022.wav,りおん,40101,「うふふっ。なんだかかわいいです、隆行さま▼　んちゅっ、んちゅっ」,
32400 ,,,,,,3201,,隆行,隆行,,,,「おおおお……」,
32500 ,,,,,,3201,,,,,,,　ああ……アヌスを責められる女の子って、こんな感覚なのかもな……おおおおっ、アヌスに入り込もうとする舌の動きで、チ○チンの快感が増幅される……！,
32600 ,,,,,,3201,,りおん,りおん,04rio146_023.wav,りおん,40101,「あ……おち○ちん、ぴくぴくってなってきました……出ちゃいそうですか？」,
32700 ,,,,,,3201,,隆行,隆行,,,,「うん……出しちゃいそうだ……」,
32800 ,,,,,,3201,,りおん,りおん,04rio146_024.wav,りおん,40101,「私の手に、いっぱいいっぱい出しちゃってください。ちゅるっ、ぴちゅっ、んんんっ、んちゅるっ」,
32900 ,,,,,,3201,,隆行,隆行,,,,「う、あ、あ……出る……」,
33000 ,,,,,,3201,,りおん,りおん,04rio146_025.wav,りおん,40101,「おしりもほぐれてまいりました……。ちゅ、ちゅるっ、ぴちゅっ……んんっ、んっ、んんんんんっ、んっ」,
33100 ,,,,,,3201,,,,,,,　あああっ、舌が……入ってくる……。,
33400 ,,,<!ef_shasei>,,,3202,,,,,,,　びゅびゅっ、びゅくっ、びゅくっ……びゅっ、びゅうっ……。,
33500 ,,,,,,3202,,隆行,隆行,,,,「うっ、うあああっ……！」,
33600 ,,,,,,3202,,,,,,,　今まで感じたことのないようなアヌスの刺激とともに、俺のチ○チンはたまった精液をどくっ、どくっと吐き出した。,
33700 ,,,,,,3202,,りおん,りおん,04rio146_026.wav,りおん,40101,「あああっ、熱い……隆行さまの精子、びゅくびゅくって私の手に当たってます……」,
33800 ,,,,,,3202,,,,,,,　射精でチ○チンがビクビクと脈打っている間も、りおんちゃんはチ○チンをこする手を止めない。むしろ精子と精漿を潤滑油にして、腫れ上がった亀頭に刺激を与え続けている。,
33900 ,,,,,,3202,,隆行,隆行,,,,「ああっ、ああああっ、ダメだよ、りおんちゃん……！　出てるのに、出てるのに、まだこすって……！」,
34000 ,,,,,,3202,,りおん,りおん,04rio146_027.wav,りおん,40101,「男の方は、射精されてもまだその先に快感があると、なつゆお嬢様に教わりましたっ」,
34100 ,,,,,,3202,,隆行,隆行,,,,「うううっ、ああああ……！　凄すぎるよ、感覚がなくなる……ッ！！」,
34200 ,,,,,,3202,,,,,,,　りおんちゃんの執拗な愛撫を受け、俺のチ○チンは射精が止まった後もビクビクビクといつまでも脈動し続ける。,
34300 ,,,,,,3202,,,,,,,　りおんちゃんがようやくその手を止めたのは、自分の手と俺のチ○チンを泡だった精液まみれにしてからだった。,
34400 ,,,,,,3202,,りおん,りおん,04rio146_028.wav,りおん,40101,「隆行さま、ものすごい量をお出しになって……」,
34500 ,,,,,,3202,,隆行,隆行,,,,「うあああぁ……すごい、すごい気持ちよさだったよ、りおんちゃん……」,
34600 ,,,,,,3202,,りおん,りおん,04rio146_029.wav,りおん,40101,「隆行さまにご満足いただけて、私うれしいですっ。これから勉強も、ご奉仕も、もっともっとがんばりますね！」,
34700 ,,,,,,3202,,,,,,,　ふううっ、なんて子だ……。勉強を頑張ってくれるのは嬉しいけど、こんな奉仕まで頑張るのは……。,
34800 ,,,,,9000,3202,,,,,,,　……嬉しいか…………。,
35000 ,$return,,,,,,,,,,,,,
35100 ,&04rio020ha,,,4294967295,9000,,,,,,,,,
35390 ,,,<!se_natsuyu_chime><wait 700>,,,,,,,,,,,
35400 ,,,,7,6,,,隆行,隆行,,,,「こんにちは、りおんちゃん」,
35500 ,,,,,,,,りおん,りおん,04rio147_001.wav,りおん,40102,「はいっ、こんにちはですっ。……あれ？」,
35600 ,,,,,,,,,,,りおん,40118,　りおんちゃんは電子音を発している懐中時計のようなモノを取り出すと、突然顔色を変えた。,
35700 ,,,,,,,,隆行,隆行,,りおん,40118,「ん……？」,
35800 ,,,,,,,,りおん,りおん,04rio147_002.wav,りおん,40119,「ああっ、なつゆ反応ありっ！　回避、こっちですっ！」,
35900 ,,,,,,,,隆行,隆行,,りおん,40119,「ちょっと……わわっ、りおんちゃん！？」,
36100 ,,,<!ef_move>,,8,,,,,,,,　俺はりおんちゃんに引っ張られ、ダッシュで使用人出入口へとまわり……それから逃げ込むようにして、勉強部屋に滑り込んだ。,
36200 ,,,,,,,,隆行,隆行,,,,「はあっ、ふうっ……」,
36300 ,,,,,,,,りおん,りおん,04rio147_003.wav,りおん,40120,「すみませんっ、いつもドタバタしちゃいまして……」,
36400 ,,,,,,,,隆行,隆行,,りおん,40120,「なつゆが近かったのかい？　まあ、そんな気にする事もないとは思うけど……りおんちゃんがバレたくないってんならね、仕方ないよ」,
36500 ,,,,,,,,りおん,りおん,04rio147_004.wav,りおん,40119,「あっ……汗をおふきしますっ」,
36600 ,,,,,,,,隆行,隆行,,りおん,40119,「いいよ、そんなの」,
36700 ,,,,,,,,りおん,りおん,04rio147_005.wav,りおん,40106,「でも、もし隆行さまがお風邪を召されることになったら……私のせいになっちゃいます……」,
36800 ,,,,,,,,,,,りおん,40106,　りおんちゃんは、潤んだ瞳で俺を見上げる。,
36900 ,,,,,,,,,,,りおん,40106,　ううっ、この眼には弱いなあ……。,
37000 ,,,,,,,,隆行,隆行,,りおん,40106,「じゃあ……お願いしようかな」,
37100 ,,,,,,,,りおん,りおん,04rio147_006.wav,りおん,40103,「はいっ、じっとしててくださいねっ」,
37200 ,,,,,,,,,,,りおん,40103,　ハンカチでを取り出したりおんちゃんが、ずいっと身体を寄せてくる。俺の額を拭こうとするその真剣な顔が、ごく間近に近付いた。,
37300 ,,,,,,,,,,,りおん,40103,　ち、近すぎるよりおんちゃん……もう１０センチちょっとで、キスできちゃう……。,
37400 ,,,,,,,,りおん,りおん,04rio147_007.wav,りおん,40101,「んっ、んっと」,
37500 ,,,,,,,,,,,りおん,40101,　手の届かないところを拭こうとしてりおんちゃんがつま先立ちになるたび、小さな唇から息が漏れる。,
37600 ,,,,,,,,,,,りおん,40101,　俺は気付かれないよう、そっと少しずつヒザを曲げて、額の位置を低くしていった。,
37700 ,,,,,,,,りおん,りおん,04rio147_008.wav,りおん,40102,「えへへっ、なんかふしぎです。こうして、隆行さまにご奉仕していると……なつゆお嬢様にご奉仕するのとは、別のうれしさを感じちゃいますっ」,
37800 ,,,,,,,,りおん,りおん,04rio147_009.wav,りおん,40116,「ふしぎ、ふしぎです……んっ、んっと」,
37900 ,,,,,,,,隆行,隆行,,りおん,40116,「りおんちゃん、もういいよ。だいたい汗も引いたしさ」,
38000 ,,,,,,,,りおん,りおん,04rio147_010.wav,りおん,40101,「はい、わかりましたっ。おべんきょうが終わりましたら、あとでお飲み物をお持ちしますねっ」,
38100 ,,,,,,,,隆行,隆行,,りおん,40101,「うん、ありがと。じゃあ、そろそろ始めようか」,
38200 ,,,,,,,,りおん,りおん,04rio147_011.wav,りおん,40102,「かしこまりました。ただいまから、はりきっておべんきょうを始めますっ！」,
38400 ,$return,,,,,,,,,,,,,
38500 ,&04rio030h,,<!ef_timepass>,7,8,,,,,,,,,
38800 ,,,,,,,,隆行,隆行,,,,「順調だよ、りおんちゃん。成績はイイ感じに上り調子だ」,
38900 ,,,,,,,,りおん,りおん,04rio148_001.wav,りおん,40103,「はい……ありがとうございますっ！」,
39000 ,,,,,,,,,,,りおん,40103,　りおんちゃんはいつも通り深々と頭を下げたあと、目を輝かせながら俺に近づいてきた。,
39100 ,,,,,,,,りおん,りおん,04rio148_002.wav,りおん,40101,「それじゃあ私、はりきって……」,
39200 ,,,,,,,,隆行,隆行,,りおん,40101,「……ご奉仕？」,
39300 ,,,,,,,,りおん,りおん,04rio148_003.wav,りおん,40102,「はいっ！　さすが隆行さま、話が早いですっ」,
39400 ,,,,,,,,,,,りおん,40102,　そりゃまあ、何度も押し倒されてるからね……。,
39500 ,,,,,,,,隆行,隆行,,りおん,40102,「あのさ……りおんちゃん、ひょっとして俺に奉仕するの……楽しみにしてない？」,
39600 ,,,,,,,,りおん,りおん,04rio148_004.wav,りおん,40116,「えっ、えへへ……それはきっと、メイドとしての本能なんですっ」,
39700 ,,,,,,,,隆行,隆行,,りおん,40116,「本能、ねぇ……」,
39800 ,,,,,,,,りおん,りおん,04rio148_005.wav,りおん,40103,「だから本能のままに、今日もいっぱい、いーっぱいご奉仕しちゃいますっ！」,
39890 ,,,,,,,,,,,,,,
39900 ,,,"<!se_tackle><shake SC, 5, 50, 800, 800>",,,,,,,,,,　りおんちゃんは屈託のない笑顔で、俺を床に押し倒した。,
40000 ,,,,,,,,隆行,隆行,,,,「うわっ……！　これじゃご奉仕っていうより……俺、レイプされてる！？」,
40100 ,,,,,,,,りおん,りおん,04rio148_006.wav,りおん,40116,「でも、隆行さまだって……もうこんなに大きくされてますよ？」,
40200 ,,,,,,,,,,,りおん,40116,　マウントポジションになったりおんちゃんが、俺の股間に手を伸ばして撫でさする。,
40300 ,,,,,,,,隆行,隆行,,りおん,40116,「いや、ははは……それはそれ、男のサガっていうか……」,
40400 ,,,,,,,,りおん,りおん,04rio148_007.wav,りおん,40116,「ご奉仕して差し上げたくなるのも、メイドのサガなんですっ。隆行さま、おとなしくなさってくださいね……」,
40500 ,,,,,,,,,,,りおん,40116,　そう言いながらりおんちゃんは、手際よく、そして楽しそうに俺の服を脱がしていった。,
40700 ,,,<!pre_ev1>,11,,3301,,,,,,,　りおんちゃんはビンビンに勃起した俺のチ○チンを手にすると、おま○こにそっとあてがう。そして、一気に腰を沈み込ませた。,
40800 ,,,,,,3301,,りおん,りおん,04rio148_008.wav,りおん,40101,「あっ、ああああっ……んんんっ、ああっ、いたっ……んああっ、ああ、あふっ……」,
40900 ,,,,,,3301,,隆行,隆行,,,,「ん……？」,
41000 ,,,,,,3301,,りおん,りおん,04rio148_009.wav,りおん,40101,「ああんっ、ふああ……隆行さま、どうですか……？　きもちいいですか、私のなかは……」,
41100 ,,,,,,3301,,隆行,隆行,,,,「う、うん……とってもきつくて暖かくて、気持ちいいけどさ……さっき……」,
41200 ,,,,,,3301,,りおん,りおん,04rio148_010.wav,りおん,40101,「んああっ！　あっ、うっ、うああっ……っ、ううっ……」,
41300 ,,,,,,3301,,,,,,,　りおんちゃんはやや苦しげな声を上げながら、一心不乱に腰を動かしている。,
41400 ,,,,,,3301,,りおん,りおん,04rio148_011.wav,りおん,40101,「すごいです……あそこのなか、感覚がなくなっちゃう……あううっ！」,
41500 ,,,,,,3301,,,,,,,　ふと見ると、りおんちゃんと俺の結合部から流れ出る愛液の中には少し赤いものが混じっている。,
41600 ,,,,,,3301,,隆行,隆行,,,,「あっ……やっぱり……！？」,
41700 ,,,,,,3301,,,,,,,　俺が鮮血混じりの愛液を指ですくって確かめると、りおんちゃんはちょっと力無さそうに笑った。,
41800 ,,,,,,3301,,りおん,りおん,04rio148_012.wav,りおん,40101,「あ、あは……。いいんです……私、隆行さまに＜初めて＝ヴァージン＞をさしあげられて、うれしいんですっ」,
41900 ,,,,,,3301,,隆行,隆行,,,,「でも、りおんちゃん……俺なんかに……」,
42000 ,,,,,,3301,,りおん,りおん,04rio148_013.wav,りおん,40101,「ごめいわく……でした？」,
42100 ,,,,,,3301,,隆行,隆行,,,,「そ、そんなことはないよ……！」,
42200 ,,,,,,3301,,,,,,,　俺が慌てて否定すると、りおんちゃんはおずおずとした表情で訪ねてきた。,
42300 ,,,,,,3301,,りおん,りおん,04rio148_014.wav,りおん,40101,「あっ、あのっ……」,
42400 ,,,,,,3301,,隆行,隆行,,,,「ん……？」,
42500 ,,,,,,3301,,りおん,りおん,04rio148_015.wav,りおん,40101,「わ、私っ、他の人には、ここまでご奉仕してないですから……こんなご奉仕したいって思うの、隆行さまだけ……ですから……」,
42600 ,,,,,,3301,,隆行,隆行,,,,「りおんちゃん……」,
42700 ,,,,,,3301,,,,,,,　りおんちゃんは恥ずかしそうにスカートを持ち上げ、俺に結合部を見せる。その可愛さは、俺の理性を破壊させるに余りあった。,
42800 ,,,,,,3301,,りおん,りおん,04rio148_016.wav,りおん,40101,「ふぁっ！？　あああぁぁぁ……隆行さまのおち○ちん、大きくなってくる……」,
42900 ,,,,,,3301,,隆行,隆行,,,,「いや……その、りおんちゃんがすっごく可愛く思えてね……そしたら、ははは……」,
43000 ,,,,,,3301,,,,,,,　俺が照れながら正直に話すと、りおんちゃんは本当に嬉しそうな顔をして喜んだ。,
43100 ,,,,,,3301,,りおん,りおん,04rio148_017.wav,りおん,40101,「そんな……私、うれしいですっ！　隆行さまっ！　あっ、あああああんんっ！」,
43300 ,,,,,,3302,,,,,,,　りおんちゃんの腰が、再び激しく上下する。,
43400 ,,,,,,3302,,,,,,,　処女を失ったばかりで、まだ痛みも強いだろうに……りおんちゃんはそんな素振りを表に出す様子もなく、艶やかなあえぎ声を部屋いっぱいに響かせていた。,
43500 ,,,,,,3302,,りおん,りおん,04rio148_018.wav,りおん,40101,「あんっ、ふああぁぁんっ、隆行さま……」,
43600 ,,,,,,3302,,隆行,隆行,,,,「うああ、りおんちゃん……」,
43700 ,,,,,,3302,,,,,,,　りおんちゃんが腰を降ろすたび、じゅぷっ、じゅぷっと淫猥な水音が響く。,
43800 ,,,,,,3302,,りおん,りおん,04rio148_019.wav,りおん,40101,「んっ、んあああ……もっともっと、気持ちよくなってくださいね……？」,
43900 ,,,,,,3302,,隆行,隆行,,,,「うん……すごく気持ちいいよ……」,
44000 ,,,,,,3302,,,,,,,　小さくて狭いりおんちゃんのおま○こに、俺のチ○チンが繰り返ししごかれる。その搾り取られるような感覚というのは、今までに味わった事がない快感だった。,
44100 ,,,,,,3302,,りおん,りおん,04rio148_020.wav,りおん,40101,「ふあっ、ふああっ、隆行さまのおち○ちん、大きくて……からだを、つらぬいているみたいです……」,
44200 ,,,,,,3302,,,,,,,　りおんちゃんが腰をグッと持ち上げ、一気に降ろす。勃起しきった俺のチ○チンはりおんちゃんの胎内に全て入りきらず、奥まで入れても少し腰が浮いた状態になる。,
44300 ,,,,,,3302,,,,,,,　りおんちゃん、あの体勢だと辛そうだなあ……。チ○チンの先が、おま○この一番奥にガンガン突き当たってるし……。,
44400 ,,,,,,3302,,隆行,隆行,,,,「無理しなくていいんだよ、りおんちゃん。いきなりじゃ、つらいだろう……？」,
44500 ,,,,,,3302,,りおん,りおん,04rio148_021.wav,りおん,40101,「私、ぜんぜんだいじょうぶですっ」,
44600 ,,,,,,3302,,隆行,隆行,,,,「俺だけ……ってのもイヤなんだよ。りおんちゃんも一緒に、気持ちよくなろう」,
44700 ,,,,,,3302,,りおん,りおん,04rio148_022.wav,りおん,40101,「隆行さま……」,
44800 ,,,,,,3302,,,,,,,　目に光るものを溜めたりおんちゃんは更に艶の乗った声を上げ、騎乗の奉仕を激しくした。,
44900 ,,,,,,3302,,りおん,りおん,04rio148_023.wav,りおん,40101,「あっ、んああっ！　隆行さまの優しいおこころづかい……私、すっごくうれしいです……！」,
45000 ,,,,,,3302,,隆行,隆行,,,,「なんていうか……俺も君の為になにかしてあげたくなっちゃうっていうか……」,
45100 ,,,,,,3302,,りおん,りおん,04rio148_024.wav,りおん,40101,「私も、隆行さまのため……ならっ！　ああんっ、あっ、あっ、んあああっ……」,
45200 ,,,,,,3302,,,,,,,　りおんちゃんはその可愛らしく小ぶりなお尻を、更に強く打ち下ろす。,
45300 ,,,,,,3302,,りおん,りおん,04rio148_025.wav,りおん,40101,「んっ、ああっ！　んっ、あっ、はぁぁ……んっ！」,
45400 ,,,,,,3302,,隆行,隆行,,,,「うああっ、そんなに強くしたらダメだよ、＜胎内＝なか＞に出しちゃう……！」,
45500 ,,,,,,3302,,りおん,りおん,04rio148_026.wav,りおん,40101,「いいですよっ、最後は私のなかで受け止めないと、ご奉仕になりません……！　なかに、なかに出してください……っ！！」,
45600 ,,,,,,3302,,隆行,隆行,,,,「あああっ、ほ、ホントに出ちゃうって……！　うっ、うううっ！」,
45700 ,,,,,,3302,,りおん,りおん,04rio148_027.wav,りおん,40101,「あんっ、んあうっ、あっ、あっ……私も……ふあっ、あっ、ううんっ！　んああああぁぁぁぁ……っ！！」,
46000 ,,,<!ef_shasei>,,,3303,,,,,,,　どくっ、どくっ、どくどくっ……。,
46100 ,,,,,,3303,,りおん,りおん,04rio148_028.wav,りおん,40101,「ふぁ……ふぁ……」,
46200 ,,,,,,3303,,隆行,隆行,,,,「うう、ああぁ……」,
46300 ,,,,,,3303,,,,,,,　射精の瞬間、頭の中で火花が弾けたようだった。俺はりおんちゃんの膣内に、ありったけの精液を放っていた。,
46400 ,,,,,,3303,,りおん,りおん,04rio148_029.wav,りおん,40101,「ふぁうっ、ふぁぁぁ……あうんん……隆行さまの、せいえきぃ……いっぱいです……」,
46500 ,,,,,,3303,,,,,,,　りおんちゃんにとって初めて受け止める男の精液が、胎内に広がってゆく。射精の脈動は、まだ止まらなかった。,
46600 ,,,,,,3303,,隆行,隆行,,,,「ごめん……俺、＜膣＝なか＞に……早く洗浄しないと……」,
46700 ,,,,,,3303,,りおん,りおん,04rio148_030.wav,りおん,40101,「あぅん……それは、だいじょうぶですっ。一流のメイドは、自分のからだの管理もかんぺきなんですっ」,
46800 ,,,,,,3303,,りおん,りおん,04rio148_031.wav,りおん,40101,「えへへ……でもホントは、まだ必要ないんですけどねっ」,
46900 ,,,,,,3303,,隆行,隆行,,,,「えっ、それって……」,
47000 ,,,,,,3303,,りおん,りおん,04rio148_032.wav,りおん,40101,「隆行さまにご奉仕できて、本当に幸せですっ！　んんんっ……んちゅっ」,
47100 ,,,,,,3303,,隆行,隆行,,,,「んんんっ、んーっ、んーっ！」,
47200 ,,,,,9000,3303,,,,,,,　りおんちゃんは俺の胸に倒れ込んできて強引に唇をふさぎ、俺の疑問を有無を言わさず封じ込めたのだった。,
47400 ,$return,,,,,,,,,,,,,
47500 ,&04rio030ha,,,4294967295,9000,,,,,,,,,
47790 ,,,<!se_natsuyu_chime><wait 700>,,,,,,,,,,,
47800 ,,,,7,6,,,隆行,隆行,,,,「ふぅ……さすがに慣れたとはいえ、このデカい屋敷の前に来るとなんだか緊張するな……」,
47900 ,,,,,,,,りおん,りおん,04rio149_001.wav,りおん,40102,「隆行さま、いらっしゃいませ」,
48000 ,,,,,,,,隆行,隆行,,りおん,40102,「こんにちは、りおんちゃん」,
48100 ,,,,,,,,りおん,りおん,04rio149_002.wav,りおん,40101,「こんにちはですっ。さ、こちらへどうぞ」,
48300 ,,,<!ef_move>,,8,,,隆行,隆行,,,,「あのさ……りおんちゃん、身体の方は大丈夫なの……？」,
48400 ,,,,,,,,りおん,りおん,04rio149_003.wav,りおん,40114,「はい？」,
48500 ,,,,,,,,隆行,隆行,,りおん,40114,「ほら、先週……俺と……」,
48600 ,,,,,,,,りおん,りおん,04rio149_004.wav,りおん,40119,「えっ……あっ……！」,
48700 ,,,,,,,,りおん,りおん,04rio149_005.wav,りおん,40116,「はい、だいじょうぶです……二日ぐらい、あそこの中にものがはさまってるような感じはしましたけど……痛いとか、そんなのはぜんぜんありませんっ」,
48800 ,,,,,,,,隆行,隆行,,りおん,40116,「そうか……ならいいんだけど」,
48900 ,,,,,,,,りおん,りおん,04rio149_006.wav,りおん,40115,「えへへっ……隆行さまのおち○ちん、すごかったです」,
49000 ,,,,,,,,隆行,隆行,,りおん,40115,「いや、それは……いいからさ……」,
49100 ,,,,,,,,りおん,りおん,04rio149_007.wav,りおん,40121,「私のご奉仕……きもちよかったですか？」,
49200 ,,,,,,,,隆行,隆行,,りおん,40121,「ええっ……？　うん、まあ……」,
49300 ,,,,,,,,りおん,りおん,04rio149_008.wav,りおん,40116,「えへへっ、またせいせきが上がったら、たーくさんご奉仕しちゃいますねっ！」,
49400 ,,,,,,,,隆行,隆行,,りおん,40116,「う、うん……」,
49500 ,,,,,,,,,,,りおん,40116,　参ったな、りおんちゃんにはイカされっぱなしだ……。今度は、主導権を握らないと……。,
49600 ,,,,,,,,りおん,りおん,04rio149_009.wav,りおん,40101,「それでは、今日もはりきっておべんきょういたしましょうね、隆行さまっ！」,
49700 ,,,,,,,,隆行,隆行,,りおん,40101,「あ、ああ……」,
49800 ,,,,,,,,,,,りおん,40101,　まずいな……主導権を取り戻せるんだろうか、俺……。,
50000 ,$return,,,,,,,,,,,,,
50100 ,&04rio040h,,<!ef_timepass>,7,8,,,,,,,,,
50400 ,,,,,,,,隆行,隆行,,,,「うーん、またイイ感じに成績が上がってるね。よくやったよ」,
50500 ,,,,,,,,りおん,りおん,04rio150_001.wav,りおん,40103,「はい、ありがとうございますっ」,
50600 ,,,,,,,,隆行,隆行,,りおん,40103,「えーと、りおんちゃん……するとやっぱり……？」,
50700 ,,,,,,,,りおん,りおん,04rio150_002.wav,りおん,40102,「はい！　隆行さまに感謝いたしまして、はりきってご奉仕……」,
50800 ,,,,,,,,隆行,隆行,,りおん,40102,「いや、ちょっと待った。いつもそれじゃ何だから、今日は俺が奉仕してあげるよ」,
50900 ,,,,,,,,りおん,りおん,04rio150_003.wav,りおん,40118,「ええっ……？　そんな、隆行さまにご奉仕していただくなんて、私もメイドとしての本分が……」,
51000 ,,,,,,,,隆行,隆行,,りおん,40118,「いいのいいの。たまにはご奉仕されるのもいいもんだよ？　それに、奉仕されるという立場を一度体験してみるというのも、今後の仕事に生かせるんじゃないかな」,
51100 ,,,,,,,,りおん,りおん,04rio150_004.wav,りおん,40114,「あっ……なるほど、です……」,
51200 ,,,,,,,,隆行,隆行,,りおん,40114,「という訳で今日は、俺がりおんちゃんに『いっぱいいっぱいご奉仕しちゃいますね』だッ！」,
51300 ,,,,,,,,りおん,りおん,04rio150_005.wav,りおん,40119,「きゃっ、きゃあああぁぁぁ……っ！？」,
51500 ,,,<!pre_ev1>,10,,3401,,,,,,,　俺はりおんちゃんに飛びかかると、やや強引にベッドへ押し倒した。,
51600 ,,,,,,3401,,りおん,りおん,04rio150_006.wav,りおん,40101,「きゃあんっ、隆行さま……」,
51700 ,,,,,,3401,,隆行,隆行,,,,「押し倒されるのはどんな気持ちかな？　ドキドキしてる……？」,
51800 ,,,,,,3401,,りおん,りおん,04rio150_007.wav,りおん,40101,「えっと、それは……」,
51900 ,,,,,,3401,,,,,,,　俺はりおんちゃんの胸に手を置いて、心臓の鼓動を確認する。,
52000 ,,,,,,3401,,隆行,隆行,,,,「んー、ドキドキしてるね」,
52100 ,,,,,,3401,,りおん,りおん,04rio150_008.wav,りおん,40101,「きゃっ、ああんっ、隆行さまぁっ！」,
52200 ,,,,,,3401,,隆行,隆行,,,,「エプロンの上からでも、乳首が立ってるのわかるよ」,
52300 ,,,,,,3401,,,,,,,　胸に置いた手でそのままおっぱいを揉みしだき、ぷくっと膨らんだ乳首を指先でコリコリともてあそぶ。,
52400 ,,,,,,3401,,りおん,りおん,04rio150_009.wav,りおん,40101,「あっ、あっ、やだ……隆行さま、おっぱいがジンジンしてきちゃいます……」,
52500 ,,,,,,3401,,隆行,隆行,,,,「んーと、『きもちいいですか？　りおんさま』」,
52600 ,,,,,,3401,,りおん,りおん,04rio150_010.wav,りおん,40101,「やっ、やめてくださいっ、そんな……」,
52700 ,,,,,,3401,,隆行,隆行,,,,「奉仕される気持ちを学ぶんだろう？」,
52800 ,,,,,,3401,,りおん,りおん,04rio150_011.wav,りおん,40101,「でも……やあっ、ああぅんっ！」,
53300 ,,,,,,3401,,隆行,隆行,,,,「うん、細くてすべすべの足……メイドのお仕事で引き締まってるのかな。すごくキレイだよ」,
53400 ,,,,,,3401,,りおん,りおん,04rio150_013.wav,りおん,40101,「あっあっあっ、ふともも、なでないでください……」,
53500 ,,,,,,3401,,,,,,,　俺が柔らかいふとももを撫でさすると、りおんちゃんは身体をよじらせて可愛らしい声を上げた。,
53600 ,,,,,,3401,,りおん,りおん,04rio150_014.wav,りおん,40101,「ふぁっ、ふあああ……くすぐったいです、ちからがぬけちゃいます……ぞくぞくしちゃいます……」,
53700 ,,,,,,3401,,,,,,,　柔らかくなめらかな肌に、ごくわずかの産毛。指で押すと弾力もあり、若々しく復元力のある肌はすぐに形を取り戻す。,
53800 ,,,,,,3401,,隆行,隆行,,,,「指が吸い付くような肌……ってのは、ホントにあるんだね。こんなに手触りがいい足なんて、初めてだよ」,
53900 ,,,,,,3401,,りおん,りおん,04rio150_015.wav,りおん,40101,「やっ、ああんっ！　隆行さまはそんなことばかり言って、エッチです……」,
54000 ,,,,,,3401,,隆行,隆行,,,,「俺を何度も押し倒したりするりおんちゃんの方が、エッチじゃないの？」,
54100 ,,,,,,3401,,りおん,りおん,04rio150_016.wav,りおん,40101,「そっ、それは……」,
54200 ,,,,,,3401,,,,,,,　言いよどむりおんちゃんの足を取り、たぷたぷのふくらはぎを揉んでみる。まだ膨らみきっていないおっぱいよりも柔らかい肌の感触が、そこにはあった。,
54300 ,,,,,,3401,,隆行,隆行,,,,「すごいな……ここが、りおんちゃんの身体の中で一番柔らかいところなのかな？」,
54400 ,,,,,,3401,,りおん,りおん,04rio150_017.wav,りおん,40101,「ひゃ……はふぅ……そっちより、えっと……」,
54500 ,,,,,,3401,,隆行,隆行,,,,「おっぱいの方が……？　いや、それだけじゃなあ……」,
54600 ,,,,,,3401,,,,,,,　そう言って俺は、エプロンの下で完全に真っ平らとなっているりおんちゃんの薄い胸を見た。,
54700 ,,,,,,3401,,りおん,りおん,04rio150_018.wav,りおん,40101,「ひ、ひどいですっ、隆行さまぁ……。これでも、おっきくないの気にしてるんです……」,
54800 ,,,,,,3401,,隆行,隆行,,,,「ごめんごめん、冗談だよ。俺は、そのちっちゃなおっぱいが好きだな。りおんちゃんぐらいの身体には、その方が似合ってるし」,
54900 ,,,,,,3401,,りおん,りおん,04rio150_019.wav,りおん,40101,「えっ、隆行さまは……小さな方がお好みですか？」,
55000 ,,,,,,3401,,隆行,隆行,,,,「んー、というより“りおんちゃんのだから”好きかな」,
55100 ,,,,,,3401,,りおん,りおん,04rio150_020.wav,りおん,40101,「そんな……」,
55200 ,,,,,,3401,,,,,,,　りおんちゃんは、真っ赤になった顔を両手で隠すようにして恥じらった。そのスキに、俺はりおんちゃんのパンツを一気に脱がし取る。,
55400 ,,,,,,3402,,りおん,りおん,04rio150_021.wav,りおん,40101,「やああぁぁっ！？　そんなっ、隆行さま……っ！」,
55500 ,,,,,,3402,,,,,,,　俺は羞恥に震えるりおんちゃんを押さえて、股間に顔をうずめた。,
55600 ,,,,,,3402,,,,,,,　りおんちゃんのおま○こ……この前はじっくり見る事もなかったよなあ。ああ……ビラビラも全くなくて、一本筋の綺麗な割れ目だ……。,
55700 ,,,,,,3402,,隆行,隆行,,,,「こんな小さいところに、俺のチ○チンが入っていたとは思えないね……んちゅっ、ちゅっ」,
55800 ,,,,,,3402,,りおん,りおん,04rio150_022.wav,りおん,40101,「はぁぁんっ！　隆行さま……そんなとこなめたら、きたないですっ！」,
55900 ,,,,,,3402,,隆行,隆行,,,,「汚い訳ないじゃないか。トイレでちゃんと拭いているし、お風呂でちゃんと洗ってるんだろう？」,
56000 ,,,,,,3402,,りおん,りおん,04rio150_023.wav,りおん,40101,「えっ……？　あっ、はい……」,
56100 ,,,,,,3402,,隆行,隆行,,,,「だったらキレイだよ。……でもちょっと、おしっこの味はするかな」,
56200 ,,,,,,3402,,りおん,りおん,04rio150_024.wav,りおん,40101,「うそっ……そんな……！？」,
56300 ,,,,,,3402,,隆行,隆行,,,,「冗談だよ。ちゃんとフツーの、女の子の味だよ」,
56400 ,,,,,,3402,,りおん,りおん,04rio150_025.wav,りおん,40101,「んあっ、ふぁぁぁんっ！　おんなのこの、あじ、って……？」,
56500 ,,,,,,3402,,隆行,隆行,,,,「うーん、なんて言うかな。甘くて、酸っぱくて、ほんのちょっとだけナマぐさくて……男を興奮させちゃう、魔性の味だよ。んっ、んちゅっ」,
56600 ,,,,,,3402,,りおん,りおん,04rio150_026.wav,りおん,40101,「ふぁぁぁっ！　あっ、あっ……よく、わかんないです……」,
56700 ,,,,,,3402,,隆行,隆行,,,,「そりゃ、異性じゃないとわかんないかもなあ……んっ、と」,
56800 ,,,,,,3402,,りおん,りおん,04rio150_027.wav,りおん,40101,「ああんっ！　そんなに広げないでください……ふあぁぁんっ、んあっ……」,
56900 ,,,,,,3402,,,,,,,　俺はぷにぷにの土手に指をかけておま○こを大きく開き、あらわになったピンクの前庭をペロペロと舐める。,
57000 ,,,,,,3402,,,,,,,　その小さな穴、尿道口を舌先でツンツンと刺激すると……りおんちゃんは、押し寄せる得体の知れない感覚に目を細めた。,
57100 ,,,,,,3402,,りおん,りおん,04rio150_028.wav,りおん,40101,「ひゃあああんっ！　あっ、ふぁぁんっ、そこ、そこ……なんだかムズムズして……ああんっ！　ダメ……からだがムズムズしちゃいます……」,
57200 ,,,,,,3402,,隆行,隆行,,,,「ここで感じるようになるには、まだもう少し先なのかな」,
57300 ,,,,,,3402,,,,,,,　俺は尿道口から舌先を話すと、りおんちゃんのちっちゃなおま○こを下から上へと大きく舐めた。おま○この上端で、舌先にコリッとした肉芽が当たる。,
57400 ,,,,,,3402,,りおん,りおん,04rio150_029.wav,りおん,40101,「ひううぅぅんっ！　すごいです……ピリッて電流が……ふああぁんっ、んんっ！　あ、あ……そこ、そこはなめちゃダメです……っ」,
57500 ,,,,,,3402,,,,,,,　俺がクリトリスを重点的に愛撫すると、りおんちゃんは敏感に反応した。,
57600 ,,,,,,3402,,りおん,りおん,04rio150_030.wav,りおん,40101,「ひあっ、ふぁぁっ、あう……あっ、あっ、くぅぅぅんっ……あうううんっ、ふぁぁぁ……」,
57700 ,,,,,,3402,,隆行,隆行,,,,「やっぱり、クリトリスは弱いようだね。皮、剥くけど……ちょっと痛いかもしれない。ごめんね？」,
57800 ,,,,,,3402,,りおん,りおん,04rio150_031.wav,りおん,40101,「えっ……？　ひぐっ！？」,
57900 ,,,,,,3402,,,,,,,　クリトリスを覆う包皮をキュッと剥き上げると、りおんちゃんは悲鳴にも似たような声を上げた。俺はちょっと罪悪感を覚えつつも、充血して腫れ上がったクリトリスを舌先でころころと転がす。,
58000 ,,,,,,3402,,りおん,りおん,04rio150_032.wav,りおん,40101,「ふああぁぁぁっ……もう、あああああっ……！」,
58100 ,,,,,,3402,,,,,,,　りおんちゃんのおま○こは、すでにかなりの愛液を染み出させていた。,
58200 ,,,,,,3402,,,,,,,　俺はぷにぷにと柔らかい大陰唇、ほんのちょっとだけしかせり上がってないピンクのラビアを丁寧に舐めながら、舌を膣へと近づける。,
58300 ,,,,,,3402,,りおん,りおん,04rio150_033.wav,りおん,40101,「ふああぁぁっ！　隆行さまの舌が、私のなかに……」,
58400 ,,,,,,3402,,,,,,,　トロトロにとろけていたりおんちゃんの膣に、俺はそっと舌を突き入れた。より一層強い女の子の香りが、鼻腔をくすぐる。,
58500 ,,,,,,3402,,りおん,りおん,04rio150_034.wav,りおん,40101,「はあっ、ああっ……頭の中が、白くなって……ああんっ、ふぁぁんっ……あっあっ、ああああぁぁぁ……っ！」,
58600 ,,,,,,3402,,隆行,隆行,,,,「もう限界なのかな？　いいよ、イッちゃっていいよ、りおんちゃん」,
58700 ,,,,,,3402,,りおん,りおん,04rio150_035.wav,りおん,40101,「あん、ああんっ……私、隆行さまにご奉仕されて……きもちいいですっ！　ふああんっ！　あっ、あっ、あっ、ダメ、きもちいいですっ、ああん、ああああぁぁぁぁぁ……っ！！」,
58800 ,,,,,,3402,,,,,,,　小刻みに震えだしたりおんちゃんの身体が、ビクン、ビクンと数回大きく跳ねる。,
58900 ,,,,,,3402,,,,,,,　潮吹きはなかった。ただピンクのおま○こがヒクヒクとうごめいて、それからサラサラとした愛液がじわっと流れ出てきたぐらいだった。,
59000 ,,,,,,3402,,りおん,りおん,04rio150_036.wav,りおん,40101,「ふぁ……はふ……隆行さま、私どうしちゃったんですか……？　からだの感覚が、ありません……」,
59100 ,,,,,,3402,,隆行,隆行,,,,「イッたんだよ、りおんちゃん。前に俺を押し倒してエッチした時も、そんな感じになったろう？」,
59200 ,,,,,,3402,,りおん,りおん,04rio150_037.wav,りおん,40101,「え、えと……よくおぼえてません……あっ、あっ……はふぅ……」,
59300 ,,,,,,3402,,,,,,,　最後にキュッ、キュッと小さく収縮して、おま○この脈動が止まった。緊張していた足やおしりの筋肉が弛緩し、りおんちゃんの身体自体もぐったりと脱力する。,
59400 ,,,,,,3402,,,,,,,　その時だった。,
59600 ,,,<!ef_shasei>,,,3403,,,,,,,　ぷしゅッ、しゅるるるるるる…………。,
59700 ,,,,,,3403,,りおん,りおん,04rio150_038.wav,りおん,40101,「えっ……あれ……？」,
59800 ,,,,,,3403,,隆行,隆行,,,,「わ……わぷっ、りおんちゃん！？」,
59900 ,,,,,,3403,,りおん,りおん,04rio150_039.wav,りおん,40101,「ふぇ……あやややぁぁぁぁっ、隆行さまっ！」,
60000 ,,,,,,3403,,,,,,,　イッてしまったことでまさに心も身体もゆるんでしまったりおんちゃんは、不随意に失禁してしまっていた。その噴水を顔に浴びてしまった俺は、慌てて立ち上がる。,
60100 ,,,,,,3403,,隆行,隆行,,,,「り、りおんちゃん……！？」,
60200 ,,,,,,3403,,りおん,りおん,04rio150_040.wav,りおん,40101,「あ……ああっ……し、締められないですっ！　おしっこ、止まらないですっ……！」,
60300 ,,,,,,3403,,,,,,,　ぷしゅるるるるるるる……。,
60400 ,,,,,,3403,,りおん,りおん,04rio150_041.wav,りおん,40101,「隆行さま……すみませんっ！　あのっ、えとっ……み、見ないでくださいぃ……っ！」,
60500 ,,,,,,3403,,,,,,,　メイドとしての職務心と、女の子としての羞恥心がないまぜになり、りおんちゃんは激しく混乱しているようだった。,
60600 ,,,,,,3403,,りおん,りおん,04rio150_042.wav,りおん,40101,「ああ、あ……私、どうしよう……隆行さまっ、すみません……！」,
60700 ,,,,,,3403,,隆行,隆行,,,,「いや、それぐらいいいよ。気にしないで……」,
60800 ,,,,,,3403,,,,,,,　俺はやや上の空な返事を返し、必死に謝るりおんちゃんを虚ろな目で見る。,
60900 ,,,,,9000,3403,,,,,,,　それは、女の子がおしっこを出す瞬間という……極めて貴重な映像が、俺の脳裏に焼き付いて離れなかったからだった。,
61100 ,$return,,,,,,,,,,,,,
61200 ,&04rio040ha,,,4294967295,9000,,,,,,,,,
61490 ,,,<!se_natsuyu_chime><wait 700>,,,,,,,,,,,
61500 ,,,,7,6,,,隆行,隆行,,,,「こんにちは、りおんちゃん」,
61600 ,,,,,,,,りおん,りおん,04rio151_001.wav,りおん,40119,「あっ、隆行さま……ようこそ、です……」,
61700 ,,,,,,,,隆行,隆行,,りおん,40119,「……ん？」,
61800 ,,,,,,,,りおん,りおん,04rio151_002.wav,りおん,40113,「今日もよろしくおねがいいたしますっ。どうぞ……」,
61990 ,,,<!ef_move>,,8,,,,,,,,,
62000 ,,,,,,,,りおん,りおん,04rio151_003.wav,りおん,40113,「あっ、あのっ……この前は、失礼いたしました……」,
62100 ,,,,,,,,隆行,隆行,,りおん,40113,「ああ、そんなの気にしなくていいよ」,
62200 ,,,,,,,,りおん,りおん,04rio151_004.wav,りおん,40106,「でも……隆行さまの前で、粗相をしてしまうなんて……」,
62300 ,,,,,,,,隆行,隆行,,りおん,40106,「おしっこを漏らしちゃって、恥ずかしがるりおんちゃんも……すごく可愛かったけどな」,
62400 ,,,,,,,,りおん,りおん,04rio151_005.wav,りおん,40118,「た……隆行さまっ！」,
62500 ,,,,,,,,隆行,隆行,,りおん,40118,「あははははっ」,
62600 ,,,,,,,,りおん,りおん,04rio151_006.wav,りおん,40119,「も、もう……次のご奉仕では、かならずリベンジいたしますっ！」,
62700 ,,,,,,,,隆行,隆行,,りおん,40119,「奉仕でリベンジってのも……変な話だなぁ……」,
62800 ,,,,,,,,りおん,りおん,04rio151_007.wav,りおん,40101,「ですから、もっとおべんきょうがんばります」,
62900 ,,,,,,,,隆行,隆行,,りおん,40101,「動機はどうあれ、それはいい事だよね。さあ、授業を始めようか」,
63000 ,,,,,,,,りおん,りおん,04rio151_008.wav,りおん,40103,「はいっ！」,
63200 ,$return,,,,,,,,,,,,,
63300 ,&04rio050h,,<!ef_timepass>,7,9,,,,,,,,,
63600 ,,,,,,,,,,,,,　りおんちゃんの授業が終わり、帰宅しようと部屋を出て……ちょっとした好奇心から、いつもとは別の通路を通って帰ろうとしたのが運の尽きだった。,
63700 ,,,,,,,,隆行,隆行,,,,「あれ……ここ、どこだ……？」,
63800 ,,,,,,,,,,,,,　ただでさえだだっ広い上に代わり映えのしない通路が続くおかげで、俺はすっかり邸宅内遭難者と化していた。もはや現在地など、全くわからない。,
63900 ,,,,,,,,隆行,隆行,,,,「やべぇ……道を聞こうにも、誰もいねぇよ……」,
64000 ,,,,,,,,,,,,,　絶望的な気持ちでしばらく＜彷徨＝さまよ＞っていると、廊下の向こうで掃除をしているらしいメイドさんをようやく発見。ワラにもすがる思いで、声をかける。,
64200 ,,,,,,3501,,隆行,隆行,,,,「あの、すいませーん。屋敷の出口はどっちで……って、りおんちゃん！？」,
64300 ,,,,,,3501,,りおん,りおん,04rio152_001.wav,りおん,40101,「あっ、隆行さま。どうなさったんですか、こんなところで……？」,
64400 ,,,,,,3501,,隆行,隆行,,,,「いや、あの、ちょっと屋敷を見て回ってたんだけど……それよりさっき勉強が終わったところだってのに、りおんちゃんはもうお仕事なの？」,
64500 ,,,,,,3501,,りおん,りおん,04rio152_002.wav,りおん,40101,「はいっ。一流の家にお仕えする一流のメイドは、遊ぶヒマなんてないんです。２４時間たたかっているんですっ」,
64600 ,,,,,,3501,,,,,,,　誰と戦ってるんだ、誰と……。,
64700 ,,,,,,3501,,りおん,りおん,04rio152_003.wav,りおん,40101,「ところで隆行さま、ひょっとして迷われましたね？」,
64800 ,,,,,,3501,,隆行,隆行,,,,「……ぎくぎくっ」,
64900 ,,,,,,3501,,りおん,りおん,04rio152_004.wav,りおん,40101,「あ、やっぱりそうなんですね。このお屋敷、とっても広いですから……私も慣れるまで、ずいぶんと苦労いたしました」,
65000 ,,,,,,3501,,隆行,隆行,,,,「そうなんだ……そりゃ、これだけ広い上にやたらと入り組んでるもんなぁ……」,
65100 ,,,,,,3501,,りおん,りおん,04rio152_005.wav,りおん,40101,「私もこのお屋敷にきて最初の頃は、万が一のために一週間分の食料をいつもケータイしてました……あうう、なつかしい思い出ですっ」,
65200 ,,,,,,3501,,隆行,隆行,,,,「い、一週間……！？」,
65300 ,,,,,,3501,,りおん,りおん,04rio152_006.wav,りおん,40101,「はいっ。今は一日分だけですけどね」,
65390 ,,,,,,3501,,,りおん,04rio152_100.wav,りおん,40101,「カンペキに覚えたはずなんですけど、たまに旦那様がないしょでお屋敷のどこかをこっそり増改築なさるので……私たちメイドにも最新の地理は把握できないんですよっ。あはははっ」,
65400 ,,,,,,3501,,,,,,,　りおんちゃんは陽気に笑っている。そんな笑い事で済むようなことじゃない気もするが……恐るべし、ブルジョアの世界。,
65500 ,,,,,,3501,,りおん,りおん,04rio152_007.wav,りおん,40101,「……というわけで隆行さま、ただいまお仕事中なのでこれにて失礼いたしますっ。帰り道は、そこの角を曲がった先にあるメイドの控え室で、婦長さんにおうかがいしてくださいませっ」,
65600 ,,,,,,3501,,隆行,隆行,,,,「うん、ありがとう。邪魔してごめんね。……そうだ、りおんちゃん。俺もうこのあと予定ないしさ、お礼にお掃除手伝っていくよ」,
65700 ,,,,,,3501,,,,,,,　俺はそばに立てかけてあったモップを手に取ると、りおんちゃんに微笑みかけた。,
65800 ,,,,,,3501,,りおん,りおん,04rio152_008.wav,りおん,40101,「そんな！　隆行さまにお手伝いいただくなんて……！」,
65900 ,,,,,,3501,,隆行,隆行,,,,「いいのいいの、どーせヒマなんだし。……それとも、全部ひとりでやらないと、なつゆに叱られちゃったりするのかい？」,
66000 ,,,,,,3501,,りおん,りおん,04rio152_009.wav,りおん,40101,「いえ、なつゆお嬢様はそんなことでお怒りになられたりはしませんが……」,
66100 ,,,,,,3501,,隆行,隆行,,,,「なら、少しは俺にも手伝わせてよ。……ていうか、俺が勝手に掃除してるってコトで」,
66200 ,,,,,,3501,,りおん,りおん,04rio152_010.wav,りおん,40101,「隆行さま……」,
66300 ,,,,,,3501,,隆行,隆行,,,,「じゃ、『はりきってお掃除しちゃいますね！』　……っと」,
66400 ,,,,,,3501,,りおん,りおん,04rio152_011.wav,りおん,40101,「やだ、マネしないでくださいっ……！　んもう、隆行さまってば……」,
66500 ,,,,,,3501,,隆行,隆行,,,,「あははははっ」,
66700 ,,,<!ef_timepass>,,,3501,,,,,,,　ふーっ、これでひと区切りか……掃除っても、結構大変なんだな。こんな仕事と勉強を両立させてるりおんちゃん、健気な努力家だよなあ……。,
66800 ,,,,,,3501,,隆行,隆行,,,,「りおんちゃん、ここら一帯の床掃除は終わったよ……って、おおおッ！？」,
66900 ,,,,,,3501,,りおん,りおん,04rio152_012.wav,りおん,40101,「……はい？　どうかいたしました？」,
67000 ,,,,,,3501,,隆行,隆行,,,,「あっ、いや、別に……」,
67100 ,,,,,,3501,,,,,,,　脚立に乗って高窓の掃除をするりおんちゃんを何気なく見上げると、スカートの中が丸見えになっていた。しかしりおんちゃんは全く気付いてないのか、きょとんとした顔で直下の俺を見つめている。,
67200 ,,,,,,3501,,りおん,りおん,04rio152_013.wav,りおん,40101,「隆行さま……？」,
67300 ,,,,,,3501,,隆行,隆行,,,,「うん、別に……さ。なんでもないから」,
67400 ,,,,,,3501,,,,,,,　見ては行けないと思いつつ、どうしてもスカートの中身に目が行ってしまう男のサガ。ぷりっとした小さなおしりが、なんとも可愛らしい。,
67500 ,,,,,,3501,,,,,,,　りおんちゃんって、おしりの肌はすっごく＜触＝さわ＞り心地がいいんだよな。あのパンツの向こうに、その柔らかい肌が……いやはや、絶景かな……。,
67600 ,,,,,,3501,,りおん,りおん,04rio152_014.wav,りおん,40101,「あっ、ひょっとして隆行さま……やぁぁんっ、見ちゃダメですぅっ！」,
67700 ,,,,,,3501,,,,,,,　ああっ、気付かれたかッ！,
67800 ,,,,,,3501,,りおん,りおん,04rio152_015.wav,りおん,40101,「やぁぁんっ、エッチ！　エッチですぅっ！　隆行さまのエッチ！　ひどいですぅっ、スカートの中のぞいて……エッチですっ！」,
67900 ,,,,,,3501,,隆行,隆行,,,,「あ、いや……」,
68000 ,,,,,,3501,,,,,,,　いつもはご褒美で、もっとすごいコトしたりされたりしてるじゃないか……そんなにエッチエッチと連呼しなくたって……。,
68100 ,,,,,,3501,,,,,,,　……ならば、ホントにエッチな事をしてやるッ！,
68200 ,,,,,,3501,,りおん,りおん,04rio152_016.wav,りおん,40101,「えっ！？　やっ、あああんっ！」,
68400 ,,,,10,,3502,,りおん,りおん,04rio152_017.wav,りおん,40101,「ふぁぁっ！？　やだっ、ああんっ、隆行さま……！」,
68500 ,,,,,,3502,,,,,,,　俺はスカートを強引にめくると、モップの柄を忍び込ませてりおんちゃんの股間をつんつんとつついた。,
68600 ,,,,,,3502,,りおん,りおん,04rio152_018.wav,りおん,40101,「やんっ、ああんっ、ううん……ちょっと、そんな……」,
68700 ,,,,,,3502,,,,,,,　りおんちゃんはモップから逃れようと身体を伸ばすが、そこは脚立の上。逃げ場などは全くない。,
68800 ,,,,,,3502,,りおん,りおん,04rio152_019.wav,りおん,40101,「やああんっ、お、お仕事中ですからぁ……えっ、えっちなことしないでくださいぃ……」,
68900 ,,,,,,3502,,隆行,隆行,,,,「うん、お仕事中なんだろう？　だったら手を止めちゃダメだな、りおんちゃん」,
69000 ,,,,,,3502,,りおん,りおん,04rio152_020.wav,りおん,40101,「やっ、い、いじわるですっ、隆行さま……」,
69100 ,,,,,,3502,,,,,,,　俺はりおんちゃんが全く防御できないのをいいことに、柄先をグリグリと動かして更に責めた。おま○この割れ目に沿ってツツツっと動かしたり、アヌスの辺りをギュッギュッと押し込んだりする。,
69200 ,,,,,,3502,,りおん,りおん,04rio152_021.wav,りおん,40101,「ふぁ、あああ……そんなにしたら、感じてきちゃいますぅ……あああっ、ああっ！」,
69400 ,,,,,,3503,,りおん,りおん,04rio152_022.wav,りおん,40101,「ふあぁ……おしり、つつかないでくださいぃ……」,
69500 ,,,,,,3503,,,,,,,　俺がアヌスの辺りを重点的に責めると、りおんちゃんは目立った抵抗を止め、モップの愛撫を享受し始めた。,
69600 ,,,,,,3503,,隆行,隆行,,,,「ははーん。さては、おしりで感じちゃってる？」,
69700 ,,,,,,3503,,りおん,りおん,04rio152_023.wav,りおん,40101,「そ……そんなことない、ですぅ……ひゃっ、ああんっ！　んっ、んっ、んんんっ……あ、やだっ、入れないでくださいぃ……」,
69800 ,,,,,,3503,,,,,,,　俺は元より、こんな無骨なモノを突っ込むつもりなんてない。ただモップの柄という棒状のモノでつつかれているという事が、心理的に挿入を連想させてより感じちゃっているらしい。,
69900 ,,,,,,3503,,隆行,隆行,,,,「こんなのがあそこやおしりの中に入ったら……すごいことになりそうだね、りおんちゃん」,
70000 ,,,,,,3503,,りおん,りおん,04rio152_024.wav,りおん,40101,「そ、そんな……私、こわれちゃいます……あっ、あっ、んあぁぁっ！　はふっ、はふぅっ……」,
70100 ,,,,,,3503,,,,,,,　りおんちゃんは足をふらつかせるほどの快感に耐えながら、脚立の上でなんとか踏みとどまっている。,
70200 ,,,,,,3503,,,,,,,　俺は柄先をおま○こに移すと、今度はぷっくり膨らんだ土手や恥丘をつつき始めた。,
70300 ,,,,,,3503,,りおん,りおん,04rio152_025.wav,りおん,40101,「あっ、あっあっ……ふぁ、ふぁぁ……ちからが、ちからがはいりませぇぇんっ……」,
70400 ,,,,,,3503,,隆行,隆行,,,,「ふんばって、りおんちゃん。気を抜くと、バランスを崩して下に落ちちゃうよ？」,
70500 ,,,,,,3503,,りおん,りおん,04rio152_026.wav,りおん,40101,「だっ、だから、隆行さまやめてくださ……あんんんっ！　こんなところに、もしどなたか人が来たら……！」,
70600 ,,,,,,3503,,隆行,隆行,,,,「掃除をサボって、エッチなことをしてたってバレて……クビになっちゃうかもな？」,
70700 ,,,,,,3503,,りおん,りおん,04rio152_027.wav,りおん,40101,「そんな……ああんっ！　私、メイドのお仕事を辞めさせられたら……もう生きていけませんっ」,
70800 ,,,,,,3503,,隆行,隆行,,,,「いいよ。その時は俺が面倒みるさ」,
70900 ,,,,,,3503,,りおん,りおん,04rio152_028.wav,りおん,40101,「えっ……？」,
71000 ,,,,,,3503,,,,,,,　その時、グリグリとりおんちゃんのおま○こを探っていた柄の先端が、ついに敏感なクリトリスをとらえた。,
71100 ,,,,,,3503,,りおん,りおん,04rio152_029.wav,りおん,40101,「ひっ、ああんんんっ！　そこ、そこっ、おマメのトコに当たって……やぁぁんっ、もうダメですぅっ……」,
71200 ,,,,,,3503,,隆行,隆行,,,,「ここ……どうやらクリトリスみたいだね」,
71300 ,,,,,,3503,,りおん,りおん,04rio152_030.wav,りおん,40101,「あっあっあっ……ホントに、ちからがはいらないから……あああっ、ひぃぃっ！　あそこが、あそこがキュッてなっちゃいますぅっ……！」,
71400 ,,,,,,3503,,,,,,,　りおんちゃんは頭を揺らし、身体をよじらせて、強い快感を全身で表現する。,
71500 ,,,,,,3503,,隆行,隆行,,,,「もうイッちゃいそう？」,
71600 ,,,,,,3503,,りおん,りおん,04rio152_031.wav,りおん,40101,「あああっ、イッちゃいます……うあうっ、んああっ！　ホントに、ホントにイッちゃう……あっ、ああっ！」,
71700 ,,,,,,3503,,りおん,りおん,04rio152_032.wav,りおん,40101,「ふぁ、ふぁぁぁ……んんんっ、あっ、あっ、んああっ、ああああぁぁぁんんんんっ！」,
71800 ,,,,,,3503,,,,,,,　絶頂を迎えたりおんちゃんは、脚立の上できゅうっと身体を伸ばす。それからゆっくりと、全身の力が抜けていった。,
71900 ,,,,,,3503,,りおん,りおん,04rio152_033.wav,りおん,40101,「ふぁっ、ふぁぁ……いい気持ちです……からだが、浮き上がって……」,
72000 ,,,,,,3503,,隆行,隆行,,,,「ああっ！？　りおんちゃん、しっかりして！　倒れる……！！」,
72200 ,,,,4294967295,,,,りおん,りおん,04rio152_034.wav,,,「きゃあああぁぁっ！？」,
72400 ,,,,,,,,隆行,隆行,,,,「りおんちゃんっ！！」,
72700 ,,,"<!se_tackle><shake SC, 20, 50, 800, 800>",,,,,,,,,,　俺は脚立からバランスを崩して落下するりおんちゃんの身体に飛びかかり、その下敷きとなる形で身を挺して受け止めた。,
72800 ,,,,,,,,りおん,りおん,04rio152_035.wav,,,「あ……あれ？　落ちたのに痛くない……ああっ、隆行さまっ！？　」,
72900 ,,,,,,,,隆行,隆行,,,,「あいたたた……大丈夫だったかい、りおんちゃん」,
73000 ,,,,,,,,りおん,りおん,04rio152_036.wav,,,「はい……。隆行さまのおかげで……」,
73100 ,,,,,,,,隆行,隆行,,,,「いや、悪戯したのは俺だったし……ごめんね、りおんちゃん」,
73200 ,,,,,,,,りおん,りおん,04rio152_037.wav,,,「そんな……えへへっ、私もきもちよかったですから、つい……」,
73300 ,,,,,,,,りおん,りおん,04rio152_038.wav,,,「……って、ああっ！　床が水びたし！？」,
73400 ,,,,,,,,,,,,,　床を見れば、廊下は一面水浸し。倒れた脚立が、床に置いてあったバケツの水をぶちまけてしまっていた。,
73500 ,,,,7,,,,りおん,りおん,04rio152_039.wav,りおん,40109,「あうう……。私、またドジしちゃいました……」,
73600 ,,,,,,,,隆行,隆行,,りおん,40109,「ごめんね、俺も悪ふざけが過ぎたよ……」,
73700 ,,,,,,,,りおん,りおん,04rio152_040.wav,りおん,40101,「いえ、だいじょうぶですっ！　これぐらい、誰かに見られる前にすぐふいちゃえば……」,
73800 ,,,,,,,,なつゆ,なつゆ,03nat152_001.wav,なつゆ,30121,「ずいぶんと大きな音……なにかしら？」,
73900 ,,,,,,,,りおん,りおん,04rio152_041.wav,りおん,40118,「あっ、なつゆお嬢様！」,
74000 ,,,,,,,,なつゆ,なつゆ,03nat152_002.wav,なつゆ,30118,「りおん、これは……！？」,
74100 ,,,,,,,,,,,,,　なつゆは厳しい顔をして、長い廊下をこちらにつかつかと早足で歩み寄ってくる。,
74200 ,,,,,,,,隆行,隆行,,,,「ちょっと待って……！　誤解しないでよ、これは俺が掃除中のりおんちゃんにちょっかいかけたから、驚いて脚立から落ちちゃったんだ。だから責任は俺にある。りおんちゃんは何も悪くないんだよ！」,
74300 ,,,,,,,,,,,,,　それを聞いたなつゆは『ふーん……』と言わんばかりの表情で俺とりおんちゃんの顔を交互に見やると、さっと長い髪をかき上げて俺に微笑んだ。,
74400 ,,,,,,,,なつゆ,なつゆ,03nat152_003.wav,なつゆ,30102,「あら……誤解されているのは先生、あなたの方ですわ」,
74500 ,,,,,,,,隆行,隆行,,なつゆ,30102,「えっ……？」,
74600 ,,,,,,,,,,,なつゆ,30102,　なつゆはスッとりおんちゃんのそばに歩み寄り、落下の衝撃で少し着くずれたメイド服を、いろんな角度でのぞき込む。,
74700 ,,,,,,,,なつゆ,なつゆ,03nat152_004.wav,なつゆ,30101,「りおん、ケガはないのね？」,
74800 ,,,,,,,,りおん,りおん,04rio152_042.wav,りおん,40101,「はい、だいじょうぶですっ。隆行さまが、落ちた私を受け止めてくれました……」,
74900 ,,,,,,,,なつゆ,なつゆ,03nat152_005.wav,なつゆ,30101,「そう」,
75000 ,,,,,,,,,,,なつゆ,30101,　なつゆの言葉は素っ気なかったが、ふっと安心したような優しい瞳でりおんちゃんを見つめていた。,
75100 ,,,,,,,,隆行,隆行,,なつゆ,30101,「なつゆ、お前……」,
75200 ,,,,,,,,なつゆ,なつゆ,03nat152_006.wav,なつゆ,30102,「ふふっ、先生は……わたくしが、りおんを叱りつけると勘違いなされたのではありませんの？」,
75300 ,,,,,,,,隆行,隆行,,なつゆ,30102,「あっ、えっと……うん、まあ……」,
75400 ,,,,,,,,なつゆ,なつゆ,03nat152_007.wav,なつゆ,30120,「失態をいちいちあげつらって叱りつけるなど、つまらないことですわ。わが千住院家では、決められた時間内にキチンと仕事をこなしていれば、ささいな失敗など一切不問というしきたりですの」,
75500 ,,,,,,,,,,,なつゆ,30120,　なつゆは＜凛＝りん＞とした表情でそう言い切ると、りおんちゃんに穏やかな微笑みを投げかけた。,
75600 ,,,,,,,,なつゆ,なつゆ,03nat152_008.wav,なつゆ,30101,「わかってますね、りおん。遅れなく終わらせなさい」,
75700 ,,,,,,,,りおん,りおん,04rio152_043.wav,りおん,40102,「はいっ、なつゆお嬢様！」,
75800 ,,,,,,,,,,,りおん,40102,　答えるりおんちゃんも、悲壮感などは一切なく……むしろ心からの喜びが、その表情に強く出ている。,
75900 ,,,,,,,,,,,りおん,40102,　それからなつゆはポンッ、とりおんちゃんの背中を軽く叩くと、すれ違いざまそっと耳打ちするように話しかけた。,
76000 ,,,,,,,,なつゆ,なつゆ,03nat152_009.wav,なつゆ,30120,「あなたたち、いつの間にそんな親密に……妬けちゃうわね、ふふっ」,
76100 ,,,,,,,,りおん,りおん,04rio152_044.wav,りおん,40119,「あっ、あのっ…………」,
76200 ,,,,,,,,隆行,隆行,,りおん,40119,「…………？」,
76300 ,,,,,,,,なつゆ,なつゆ,03nat152_010.wav,なつゆ,30103,「それでは先生、ごきげんよう」,
76400 ,,,,,,,,,,,,,　カツン、カツンとブルジョアらしいエコーがかかった靴音を響かせて、なつゆは優雅に歩み去る。その後ろ姿を呆然と見つめながら、俺は小さくそっとつぶやいた。,
76500 ,,,,,,,,隆行,隆行,,,,「なつゆって意外にも芯はしっかりした、生粋のお嬢様なんだなあ…………勉強は全然できないけど」,
76600 ,,,,,,,,りおん,りおん,04rio152_045.wav,りおん,40119,「ああっ、隆行さま……そんなことを言われては……」,
76700 ,,,,4294967295,,,,なつゆ,なつゆ,03nat152_011.wav,なつゆ,30104,「…………聞こえましたわよ」,
76800 ,,,"<s_effect 10,400>",,9000,,,隆行,隆行,,,,「ひッ、ひいいぃぃッ……！？」,
77000 ,,,,,,,,,,,,,　優雅なブルジョアの邸宅は、俺の悲鳴も実に優雅に響き渡らせていた。,
77200 ,$return,,,,,,,,,,,,,
77300 ,&04rio050ha,,,4294967295,9000,,,,,,,,,
77590 ,,,<!se_natsuyu_chime><wait 700>,,,,,,,,,,,
77600 ,,,,7,6,,,隆行,隆行,,,,「こんにちは、りおんちゃん」,
77700 ,,,,,,,,りおん,りおん,04rio153_001.wav,りおん,40102,「はい、こんにちはですっ。今日もよろしくおねがいいたしますっ」,
77800 ,,,,,,,,隆行,隆行,,りおん,40102,「うん、よろしくね」,
77900 ,,,,,,,,隆行,隆行,,りおん,40102,「んんっ、あれ……？」,
78000 ,,,,,,,,りおん,りおん,04rio153_002.wav,りおん,40114,「隆行さま、いかがされました？」,
78100 ,,,,,,,,隆行,隆行,,りおん,40114,「いや……いま、植え込みの向こうに人影のようなものが見えたような」,
78200 ,,,,,,,,りおん,りおん,04rio153_003.wav,りおん,40118,「ええっ……！？」,
78300 ,,,,,,,,隆行,隆行,,りおん,40118,「まさか、なつゆが……」,
78400 ,,,,,,,,りおん,りおん,04rio153_004.wav,りおん,40119,「それはありません。なつゆお嬢様は、ただいまピアノのおけいこ中のはずですっ」,
78500 ,,,,,,,,隆行,隆行,,りおん,40119,「そっか……まあ、とにかく行こうか」,
78600 ,,,,,,,,りおん,りおん,04rio153_005.wav,りおん,40101,「はいっ」,
78800 ,,,<!ef_move>,,8,,,隆行,隆行,,,,「りおんちゃん、先週は悪戯しちゃって、ごめんね……」,
78900 ,,,,,,,,りおん,りおん,04rio153_006.wav,りおん,40115,「いえっ……私も、隆行さまにしてもらって、きもちよかったですから……」,
79000 ,,,,,,,,隆行,隆行,,りおん,40115,「なつゆが出てきた時は、驚いたよ」,
79100 ,,,,,,,,りおん,りおん,04rio153_007.wav,りおん,40120,「はい、私も……」,
79200 ,,,,,,,,りおん,りおん,04rio153_008.wav,りおん,40101,「でも、なつゆお嬢様は本当にご理解のある方です。筋の通らないことでは、けっしてお怒りになりませんっ」,
79300 ,,,,,,,,隆行,隆行,,りおん,40101,「そうみたいだね。なつゆの意外な一面を発見したよ」,
79400 ,,,,,,,,りおん,りおん,04rio153_009.wav,りおん,40119,「ああっ、またそんなことをおっしゃられると……」,
79500 ,,,,,,,,隆行,隆行,,りおん,40119,「ははっ、地獄耳のなつゆが飛んでくるな。……じゃあ、とっとと授業を始めようか」,
79600 ,,,,,,,,りおん,りおん,04rio153_010.wav,りおん,40103,「はいっ」,
79700 ,,,,,,,,隆行,隆行,,りおん,40103,「もうだいぶ上のステップまで来たから……目標まであと少しだからね。頑張っていこう」,
79900 ,$return,,,,,,,,,,,,,
80000 ,&04rio060h,,<!ef_timepass>,7,8,,,,,,,,,
80300 ,,,,,,,,りおん,りおん,04rio154_001.wav,りおん,40109,「すんすん、ひっく……やっぱり私、どうしようもないドジなんです……ふぇぇぇぇ」,
80400 ,,,,,,,,隆行,隆行,,りおん,40109,「いや、だから……落ち着いてよ、りおんちゃん」,
80500 ,,,,,,,,,,,,,　泣きべそをかくりおんちゃんをなだめながら、俺は大きなため息をついた。,
80600 ,,,,,,,,,,,,,　この日のりおんちゃんは、随分と冴えていた。テストでも、今までにないほどスラスラとハイペースで問題を解いていったんだけど……。,
80700 ,,,,,,,,,,,,,　それがなんと、序盤から回答欄を間違えて一個ズレで記入してしまってて……結果としては、散々な点数に終わってしまったのだった。,
80800 ,,,,,,,,隆行,隆行,,,,「まあ、こればっかりは注意するしかないからさ……。答え自体は合ってるんだし、自信を持って落ち着いてやればいいんだよ」,
80900 ,,,,,,,,りおん,りおん,04rio154_002.wav,りおん,40106,「ぐす……でもこれじゃ、せっかく教えていただいた隆行さまにも申し訳ないです……隆行さま、私におしおきしてくださいっ！」,
81000 ,,,,,,,,隆行,隆行,,りおん,40106,「えっ、お仕置き！？　ちょっと待ってよ、なにもそこまですることは……」,
81100 ,,,,,,,,りおん,りおん,04rio154_003.wav,りおん,40122,「このままじゃ、私の気がすまないんですっ！　隆行さま、おねがいしますっ！」,
81300 ,,,<!pre_ev1>,10,,3601,,隆行,隆行,,,,「りおんちゃん、そんな格好で……！？」,
81400 ,,,,,,3601,,りおん,りおん,04rio154_004.wav,りおん,40101,「えっと……は、恥ずかしいですけど、これもおしおきですっ！」,
81500 ,,,,,,3601,,,,,,,　りおんちゃんは身体を曲げておしりを突き出すと、叫ぶかのように懇願した。,
81600 ,,,,,,3601,,りおん,りおん,04rio154_005.wav,りおん,40101,「た、隆行さま、おねがいしますっ。私に、たっぷりおしおきしてくださいっ……！」,
81700 ,,,,,,3601,,隆行,隆行,,,,「いや、そう言われても……しかし……」,
81800 ,,,,,,3601,,,,,,,　困ったな……急にお仕置きだなんて言われても、何をしていいのかわからないよ。この格好は……おしりを叩けってこと？,
81900 ,,,,,,3601,,隆行,隆行,,,,「えと、それじゃ……」,
82000 ,,,,,,3601,,,,,,,　いくら本人が望んでいても、さすがに女の子のおしりを叩くのはためらわれる。だから俺が申し訳程度にぺちん、と軽くはたくと、りおんちゃんは不満そうな口調で俺に言ってきた。,
82100 ,,,,,,3601,,りおん,りおん,04rio154_006.wav,りおん,40101,「そんなんじゃ、おしおきになりませんっ！　覚悟はできてますから、もっと強く叩いてくださいっ！」,
82200 ,,,,,,3601,,,,,,,　りおんちゃん、Ｍっ＜気＝け＞でもあるのかな……。,
82300 ,,,,,,3601,,隆行,隆行,,,,「でもさ、うーん……ああっ、そうだ！　りおんちゃん」,
82400 ,,,,,,3601,,りおん,りおん,04rio154_007.wav,りおん,40101,「はい、なんでしょうか……？」,
82500 ,,,,,,3601,,隆行,隆行,,,,「キツいお仕置き、して欲しいんだよね？」,
82600 ,,,,,,3601,,りおん,りおん,04rio154_008.wav,りおん,40101,「はいっ……どんなにキツくても、ぜったい最後まで耐えてみせますっ！」,
82700 ,,,,,,3601,,隆行,隆行,,,,「じゃあ……オレ流のキツーいお仕置き、してあげるよ。頑張って、最後まで耐えきるんだよ？」,
82800 ,,,,,,3601,,りおん,りおん,04rio154_009.wav,りおん,40101,「は……はいっ」,
83000 ,,,,,,3602,,りおん,りおん,04rio154_010.wav,りおん,40101,「えっ……えええっ！？」,
83100 ,,,,,,3602,,,,,,,　俺はりおんちゃんのパンツに指をかけると、一気にずり降ろした。きゅっと引き締まった形の良いおしりが、あらわになる。,
83200 ,,,,,,3602,,りおん,りおん,04rio154_011.wav,りおん,40101,「ちょ、ちょっとこれは……おしりがまるみえです……っ！」,
83300 ,,,,,,3602,,隆行,隆行,,,,「うん、おしりの穴まで丸見えだ」,
83400 ,,,,,,3602,,りおん,りおん,04rio154_012.wav,りおん,40101,「やっ、やですっ、そんなの……」,
83500 ,,,,,,3602,,隆行,隆行,,,,「どんなにキツいお仕置きでも、絶対に最後まで耐えるんだろう？　その決意は嘘だったんだ？」,
83600 ,,,,,,3602,,りおん,りおん,04rio154_013.wav,りおん,40101,「そ、それは違います……けどっ！　これは……」,
83700 ,,,,,,3602,,,,,,,　困惑するりおんちゃんにかまわず、きゅっ、とくぼんだ可愛らしいおしりの穴に、俺はふうっと軽く息を吹きかけた。,
83800 ,,,,,,3602,,りおん,りおん,04rio154_014.wav,りおん,40101,「ふぁ……くすぐったいですっ……」,
83900 ,,,,,,3602,,隆行,隆行,,,,「この前、モップで悪戯した時に思ったけど……りおんちゃん、おしりも結構感度が良さそうだね」,
84000 ,,,,,,3602,,,,,,,　俺はそう言いながらりおんちゃんの尻たぶをぐいっと広げると、あらわになったおしりの穴を指先でコリコリといじりだす。,
84100 ,,,,,,3602,,りおん,りおん,04rio154_015.wav,りおん,40101,「やっ、ああぁぁんっ！　そ、そんなことないです……そんなトコで、感じたりなんかしないですっ……！」,
84200 ,,,,,,3602,,隆行,隆行,,,,「へぇ……感じてないんだ。そのワリに、えっちな声が出てるみたいだけど？」,
84300 ,,,,,,3602,,りおん,りおん,04rio154_016.wav,りおん,40101,「あっ、あっ、ああんっ……ちがいますっ、これはちがいますぅ……」,
84400 ,,,,,,3602,,,,,,,　俺は顔を近づけて濡れ始めのおま○こをぺろっと軽く舐めた後、おしりの谷間に沿って舌を走らせる。途中で舌先がおしりの穴をとらえると、りおんちゃんは身をよじらせて抵抗した。,
84500 ,,,,,,3602,,りおん,りおん,04rio154_017.wav,りおん,40101,「やめてくださいっ、そこはきたないですっ……！」,
84600 ,,,,,,3602,,,,,,,　んー、ナイスなまでにオーソドックスな反応。まあ、女の子はそういうトコが可愛いんだけどね……。,
84700 ,,,,,,3602,,隆行,隆行,,,,「大丈夫。りおんちゃんの身体で、汚いトコなんかないんだから」,
84800 ,,,,,,3602,,,,,,,　俺もベタなお約束の反応を返してから、更にアヌスへの愛撫を続ける。,
84900 ,,,,,,3602,,りおん,りおん,04rio154_018.wav,りおん,40101,「ああああっ、ああんっ！　そんな……いや、いやです……」,
85000 ,,,,,,3602,,隆行,隆行,,,,「なに、そんなにイヤなの？」,
85100 ,,,,,,3602,,りおん,りおん,04rio154_019.wav,りおん,40101,「私、奉仕するのはとくいでも、奉仕されるのには慣れてないんです……ああっ、あっ、ふぁぁんっ！　おねがいです、隆行さま……私のおしりなんかなめないでください……」,
85200 ,,,,,,3602,,隆行,隆行,,,,「いーや、お仕置きだからね。それは聞けないよ」,
85300 ,,,,,,3602,,りおん,りおん,04rio154_020.wav,りおん,40101,「そんな……ああんっ！」,
85400 ,,,,,,3602,,隆行,隆行,,,,「俺も嫌々やってるんじゃないよ。りおんちゃんのおしりをいじりたくて、舐めたくてやってるんだから」,
85500 ,,,,,,3602,,りおん,りおん,04rio154_021.wav,りおん,40101,「ひゃっ、ふぁぁぁんっ！　隆行さま……そんなこと言わないでくださいぃ……あっ、あっ、おしりが……」,
85600 ,,,,,,3602,,隆行,隆行,,,,「ちゅっ、んちゅっ」,
85700 ,,,,,,3602,,りおん,りおん,04rio154_022.wav,りおん,40101,「んああっ、あああ……くすぐったいです、むずむずしちゃいます……」,
85800 ,,,,,,3602,,隆行,隆行,,,,「くすぐったいだけ？　もう少し開発が必要なのかなあ……んちゅっ、んむっ、ぺろ……」,
85900 ,,,,,,3602,,りおん,りおん,04rio154_023.wav,りおん,40101,「あっ、んああっ、ダメっ、ダメですぅ……そんな、おしりなんか……ああんっ！　私、おしりなめられてる……んああああっ！」,
86000 ,,,,,,3602,,隆行,隆行,,,,「とっても可愛いおしりの穴だから、いろいろイジめたくなっちゃうね。んんっ、んんんんっ」,
86100 ,,,,,,3602,,りおん,りおん,04rio154_024.wav,りおん,40101,「やっ、あっ、あああっ！　入れないで、舌は入れないでくださいぃ……っ！」,
86200 ,,,,,,3602,,隆行,隆行,,,,「ん……んん……少しほぐれてきたね……んんっ、んっ」,
86300 ,,,,,,3602,,りおん,りおん,04rio154_025.wav,りおん,40101,「あああ、入ってくる……入ってきますっ！　私のおしりの中……隆行さまの舌が入ってきますっ……！」,
86400 ,,,,,,3602,,,,,,,　俺は舌先でりおんちゃんのおしりの穴をひとしきり愛撫した後、そっと口を離した。,
86500 ,,,,,,3602,,隆行,隆行,,,,「ふぅ……おいしかったよ、りおんちゃん」,
86600 ,,,,,,3602,,りおん,りおん,04rio154_026.wav,りおん,40101,「ふぁぁっ、やだ……私のおしりなめて、そんなこと言わないでくださいぃ……」,
86700 ,,,,,,3602,,隆行,隆行,,,,「舌をちょっとこじ入れるだけでこんなになっちゃうってコトは……指が入ったら、どうなっちゃうのかな？」,
86800 ,,,,,,3602,,りおん,りおん,04rio154_027.wav,りおん,40101,「えっ……？　やっ、あああああっ……！！」,
86900 ,,,,,,3602,,,,,,,　俺はおま○こに人差し指を当て、指全体に愛液をなすりつける。そしてすぐさま、ピンクのアヌスにつぷっと埋没させた。,
87000 ,,,,,,3602,,りおん,りおん,04rio154_028.wav,りおん,40101,「やああっ、指は、指は……ああああっ！」,
87100 ,,,,,,3602,,隆行,隆行,,,,「おおっ……すごい締め付け……」,
87200 ,,,,,,3602,,りおん,りおん,04rio154_029.wav,りおん,40101,「はあっ、ああああんっ！　指なのに、細い指のはずなのに……まるで太いおち○ちんが入ってるみたいですっ！　あああんんっ！」,
87300 ,,,,,,3602,,,,,,,　さすがにいきなり激しく指を動かすこともできないので、俺はまずゆっくりと短いストロークの出し入れを続けた。,
87400 ,,,,,,3602,,りおん,りおん,04rio154_030.wav,りおん,40101,「出たり入ったりして……ひぅっ、あううっ！　おしりが、熱くなってきます……ふぁぁんっ、ああんっ！」,
87500 ,,,,,,3602,,,,,,,　一度アヌスから抜けてしまうとまた入れるのに神経を使いそうだったため、指先がおしりの穴から抜けないよう注意して指を引き、また突き入れる。,
87600 ,,,,,,3602,,,,,,,　それを繰り返すうちにおしりもほぐれて、だいぶスムーズに動かせるようになっていった。,
87700 ,,,,,,3602,,りおん,りおん,04rio154_031.wav,りおん,40101,「ひうっ……ううっ、うっ……ああああっ！　」,
87800 ,,,,,,3602,,,,,,,　おしりの筋肉がきゅっと縮こまって、足もつま先立ちになっている。イキそうになっていることが、傍目にもよくわかった。,
87900 ,,,,,,3602,,隆行,隆行,,,,「それじゃ仕上げに……いや、やっぱりやめよう」,
88000 ,,,,,,3602,,りおん,りおん,04rio154_032.wav,りおん,40101,「ふぇ……？」,
88100 ,,,,,,3602,,,,,,,　俺は空いている親指をおま○こに挿入しようとして、やっぱり思い直した。今は純粋に、おしりだけでイカせてみたい。,
88200 ,,,,,,3602,,隆行,隆行,,,,「おしり……どんな感じかな、りおんちゃん」,
88300 ,,,,,,3602,,りおん,りおん,04rio154_033.wav,りおん,40101,「もう、熱くて、ジンジンして……なんだかきもちいいですっ。ふぁ、ふぁううっ……あっあっ、うああんっ」,
88400 ,,,,,,3602,,隆行,隆行,,,,「イキそう？　イッちゃいそうなんだね、りおんちゃん」,
88500 ,,,,,,3602,,りおん,りおん,04rio154_034.wav,りおん,40101,「はい……んあっ、ああっ、おしり……おしりの穴をいじられて、イッちゃいそうですっ！」,
88600 ,,,,,,3602,,,,,,,　俺はおしりに挿入した指先に、ちょっとだけ力を込めた。それから手首をぐるっと回転させて、アヌス全体に刺激を与える。,
88700 ,,,,,,3602,,りおん,りおん,04rio154_035.wav,りおん,40101,「ひぐっ、あううっ……あっ、んあああっ！　もう……おしりだか、あそこだか……わかんないですぅっ！　あっあっあっ、んぅああっ！」,
88800 ,,,,,,3602,,隆行,隆行,,,,「俺はおしりだけしかいじってないよ。これは純粋に、おしりがもたらしてくれる快感なんだ」,
88900 ,,,,,,3602,,りおん,りおん,04rio154_036.wav,りおん,40101,「あうっ、ああんっ！　これが、おしりの……ああんっ、んああああ……」,
89000 ,,,,,,3602,,りおん,りおん,04rio154_037.wav,りおん,40101,「そんな、私……おしり、おしりでイッちゃいます……っ！　ああうっ、あんんんんっ、あああぁぁぁぁっ……！！」,
89100 ,,,,,,3602,,隆行,隆行,,,,「おおっ、いっ、おおおおお……っ」,
89200 ,,,,,,3602,,,,,,,　りおんちゃんのおしりが、俺の指を痛いほどに締め付ける。一回強く締められた後、数回キュキュッと小さな締め付けがやってきた。,
89300 ,,,,,,3602,,隆行,隆行,,,,「りおんちゃんのイク様子が、俺の指にしっかりと伝わってくるよ……」,
89400 ,,,,,,3602,,,,,,,　アヌスばかりでおま○こは全くいじってないから、イッた時のおま○こがどういう動きをするのか……じっくりと見ていられる。,
89500 ,,,,,,3602,,りおん,りおん,04rio154_038.wav,りおん,40101,「やあっ、ああんんん……んんんっ、ふああ……」,
89600 ,,,,,,3602,,,,,,,　りおんちゃんのおま○こはきゅうっ、きゅうっと唇を閉じるようにして、２・３回大きくうごめいた。,
89690 ,,,,,,3602,,,,,,,　おま○こがギュッと閉じられた時には、＜膣＝なか＞から絞り出されるようにして透明な愛液が流れ出てくる。,
89700 ,,,,,,3602,,,,,,,　その流れ出てきた愛液は、ほんのちょっとの産毛しか遮るモノがないりおんちゃんの柔らかい恥丘を伝って……直下の床へ、ぽたぽたとしたたり落ちていく。,
89800 ,,,<!ef_timepass>,,,,,りおん,りおん,04rio154_039.wav,りおん,40128,「ふぁぁぁ……おしりがまだ、じんじんしてますぅ……」,
90000 ,,,,,,,,隆行,隆行,,りおん,40128,「おしりだけでイッちゃったね、りおんちゃん」,
90100 ,,,,,,,,りおん,りおん,04rio154_040.wav,りおん,40119,「そ、それは……！」,
90200 ,,,,,,,,,,,りおん,40119,　りおんちゃんは顔を真っ赤にしながら、慌てて否定する。しかしごまかしきれないと自分でもわかっているのか、そこで黙りこくってしまった。,
90300 ,,,,,,,,隆行,隆行,,りおん,40119,「おしりであえぐりおんちゃんの姿、可愛かったな」,
90400 ,,,,,,,,りおん,りおん,04rio154_041.wav,りおん,40118,「隆行さまは、ホントにえっちです……もうっ」,
90500 ,,,,,,,,,,,りおん,40118,　照れ隠しなのか、りおんちゃんは俺の腕に抱きついてきた。俺もふざけて振りほどこうとするように腕を振ると、りおんちゃんはより強い力でぎゅっと俺の腕に抱きつく。,
90600 ,,,,,,,,りおん,りおん,04rio154_042.wav,りおん,40114,「あっ、隆行さま……」,
90700 ,,,,,,,,隆行,隆行,,りおん,40114,「なに……？」,
90800 ,,,,,,,,りおん,りおん,04rio154_043.wav,りおん,40114,「今の、おしおきだったんですよね……？　私、またいつもみたいに、その……き、きもちよかったんですけど……」,
90900 ,,,,,,,,隆行,隆行,,りおん,40114,「……あ」,
91000 ,,,,,,,,,,,,,　すっかり当初の目的を忘れていた俺たちは、顔を見合わせてひとしきり笑い合ったのだった。,
91200 ,$return,,,,,,,,,,,,,
91300 ,&04rio060ha,,,4294967295,9000,,,,,,,,,
91580 ,,,<!se_natsuyu_chime><wait 700>,,,,,,,,,,,
91590 ,,,,7,6,,,,,,,,,
91600 ,,,,,,,,りおん,りおん,04rio155_001.wav,りおん,40101,「隆行さま、いらっしゃいませっ」,
91700 ,,,,,,,,隆行,隆行,,りおん,40101,「いつもお迎えありがとね。じゃ、早く授業に行こうか」,
91800 ,,,,,,,,りおん,りおん,04rio155_002.wav,りおん,40102,「はいっ」,
91900 ,,,<!ef_move>,,9,,,,,,,,　そうしていつも通り、勉強部屋へ向けて歩き始めたその時……。,
92000 ,,,,,,,,なつゆ,なつゆ,03nat155_001.wav,なつゆ,30104,「授業、ね…………ふぅん、そういうことでしたの」,
92100 ,,,,,,,,隆行,隆行,,なつゆ,30104,「な、なつゆ……！？」,
92200 ,,,,,,,,りおん,りおん,04rio155_003.wav,りおん,40119,「ああっ、なつゆお嬢様……どうしてここに！？　そんな、レーダーには何も反応がなかったのに……」,
92300 ,,,,,,,,なつゆ,なつゆ,03nat155_002.wav,なつゆ,30101,「そんなこともあろうかと、正門付近に千住院重工業製の強力なジャマーを設置させて……って、それはどうでもよいのです」,
92400 ,,,,,,,,なつゆ,なつゆ,03nat155_003.wav,なつゆ,30121,「このところ、わたくしの授業日以外にも先生のお姿を見かけると思って調べさせていましたら……あなたたち、やっぱり……」,
92500 ,,,,,,,,りおん,りおん,04rio155_004.wav,りおん,40119,「あっ、あの……これは！」,
92600 ,,,,,,,,なつゆ,なつゆ,03nat155_004.wav,なつゆ,30104,「わたくしは、りおんが先生の授業を受けているなんて、聞いておりませんわよ？」,
92700 ,,,,,,,,りおん,りおん,04rio155_005.wav,りおん,40119,「そ、それは……私の成績が低いことがお耳に入ったら、おそば付きのしごとを外されるかと思って……」,
92800 ,,,,,,,,なつゆ,なつゆ,03nat155_005.wav,なつゆ,30101,「そう……。それだけですの？」,
92900 ,,,,,,,,りおん,りおん,04rio155_006.wav,りおん,40119,「はい、それだけですっ……！」,
93000 ,,,,,,,,隆行,隆行,,りおん,40119,「そうだよ、なつゆ。俺も家庭教師を頼まれた最初、そう聞いたんだ。りおんちゃんは、ただなつゆの事を想って……」,
93100 ,,,,,,,,なつゆ,なつゆ,03nat155_006.wav,なつゆ,30104,「先生……やっぱり、あなたはりおんの味方ですのね……」,
93200 ,,,,,,,,隆行,隆行,,なつゆ,30104,「えっ……？」,
93300 ,,,,,,,,,,,なつゆ,30104,　何かを言いかけたなつゆは一度大きく息を吸うと、ゆっくり吐いていった。それは、なんとか心を落ち着かせている動作のかも知れない。,
93400 ,,,,,,,,なつゆ,なつゆ,03nat155_007.wav,なつゆ,30101,「……わかりました。りおん、あなたの好きになさい」,
93500 ,,,,,,,,りおん,りおん,04rio155_007.wav,りおん,40118,「よろしいんですか……！？」,
93600 ,,,,,,,,なつゆ,なつゆ,03nat155_008.wav,なつゆ,30104,「良いもなにも、筋は通っています。わたくしに話をしなかったのは、少し納得がいきませんけれど……」,
93700 ,,,,,,,,りおん,りおん,04rio155_008.wav,りおん,40106,「もうしわけありません……」,
93800 ,,,,,,,,なつゆ,なつゆ,03nat155_009.wav,なつゆ,30101,「ときに先生、りおんの成績はどうですの？」,
93900 ,,,,,,,,隆行,隆行,,なつゆ,30101,「えっ？　ああ、上々だよ。先週も、テストに合格したばかりさ」,
94000 ,,,,,,,,なつゆ,なつゆ,03nat155_010.wav,なつゆ,30120,「そう……。これは、わたくしもうかうかしていられませんわね」,
94100 ,,,,,,,,隆行,隆行,,なつゆ,30120,「そうだな、なつゆも頑張らないと」,
94200 ,,,,,,,,なつゆ,なつゆ,03nat155_011.wav,なつゆ,30103,「先生、授業の熱意はちゃんと公平にしてくださいね？　ふふふっ」,
94300 ,,,,,,,,隆行,隆行,,なつゆ,30103,「ああ、それはもちろんだとも。なつゆもりおんちゃんも、俺の大切な教え子だからな」,
94400 ,,,,,,,,なつゆ,なつゆ,03nat155_012.wav,なつゆ,30102,「ふふっ……わたくしたちにとっても、大切な先生ですのよ。そうでしょう、りおん？」,
94500 ,,,,,,,,りおん,りおん,04rio155_009.wav,りおん,40101,「は……はいっ、そうですっ！」,
94600 ,,,,,,,,なつゆ,なつゆ,03nat155_013.wav,なつゆ,30101,「それでは、わたくしは詩吟のお稽古に行きますからこれで……」,
94700 ,,,,,,,,隆行,隆行,,なつゆ,30101,「し、詩吟……」,
94800 ,,,,,,,,なつゆ,なつゆ,03nat155_014.wav,なつゆ,30102,「りおん、あなたもがんばりなさいね」,
94900 ,,,,,,,,りおん,りおん,04rio155_010.wav,りおん,40103,「はい、かしこまりましたっ！」,
95000 ,,,,,,,,なつゆ,なつゆ,03nat155_015.wav,なつゆ,30101,「それでは先生、失礼いたしますわ」,
95200 ,,,<!ef_move>,,8,,,隆行,隆行,,,,「ふぅ……一時はどうなるかと思ったよ」,
95300 ,,,,,,,,りおん,りおん,04rio155_011.wav,りおん,40114,「はい……」,
95400 ,,,,,,,,隆行,隆行,,りおん,40114,「しかし珍しいな、なつゆがちょっと感情的になってたみたいだったけど」,
95500 ,,,,,,,,りおん,りおん,04rio155_012.wav,りおん,40113,「それは……なつゆお嬢様もきっと、隆行さまのことを……」,
95600 ,,,,,,,,隆行,隆行,,りおん,40113,「んん？」,
95700 ,,,,,,,,りおん,りおん,04rio155_013.wav,りおん,40102,「いえ、そのっ……私もがんばりますっ！」,
95800 ,,,,,,,,隆行,隆行,,りおん,40102,「うん、なつゆに成果を見せてやろう。なつゆを想ってこれだけ頑張ったってのを、形として示すんだ」,
95900 ,,,,,,,,りおん,りおん,04rio155_014.wav,りおん,40101,「はいっ、そうですね……」,
96000 ,,,,,,,,隆行,隆行,,りおん,40101,「それじゃ、授業を始めるよ」,
96200 ,$return,,,,,,,,,,,,,
96300 ,&04rio070h,,<!ef_timepass>,7,8,,,,,,,,,
96600 ,,,,,,,,隆行,隆行,,,,「今度は書き間違いのミスもなし……よくやったね、りおんちゃん」,
96700 ,,,,,,,,りおん,りおん,04rio156_001.wav,りおん,40103,「はい、ありがとうございます！　それじゃ……」,
96800 ,,,,,,,,,,,りおん,40103,　この後に続く言葉が容易に想像できた俺は、慌ててりおんちゃんを制した。,
96900 ,,,,,,,,隆行,隆行,,りおん,40103,「……っと待った。結果が出るたびご奉仕ご奉仕って、そんなことしなくていいんだよ。むしろ、頑張ったりおんちゃんにこっちがご褒美をあげるべきなんだから」,
97000 ,,,,,,,,りおん,りおん,04rio156_002.wav,りおん,40119,「でも、それじゃ私の気持ちがおさまりません……っ！」,
97100 ,,,,,,,,隆行,隆行,,りおん,40119,「でもさ……」,
97200 ,,,,,,,,,,,りおん,40119,　俺はいろいろ言葉を尽くしてりおんちゃんを説得しようとするが、りおんちゃんは頑として聞かない。,
97300 ,,,,,,,,隆行,隆行,,りおん,40119,「もうっ、ラチが明かないなあッ……！」,
97400 ,,,,,,,,りおん,りおん,04rio156_003.wav,りおん,40118,「きゃあっ！？」,
97500 ,,,,,,,,,,,,,　いつまでも堂々巡りなやりとりに、つい感情の制御が利かなくなり……俺は強引にりおんちゃんを引き寄せると、その小さな身体をきつく抱きしめてしまっていた。,
97600 ,,,,,,,,りおん,りおん,04rio156_004.wav,りおん,40115,「あ……」,
97700 ,,,,,,,,隆行,隆行,,りおん,40115,「いや、ごめん……なんて言うかさ、俺……りおんちゃんのこと、ほっとけないんだよ。りおんちゃんのために、なにかしてあげたくて……」,
97800 ,,,,,,,,りおん,りおん,04rio156_005.wav,りおん,40129,「私も……隆行さまのために、なにかしてさしあげたいという気持ち……おさえきれません……」,
97900 ,,,,,,,,りおん,りおん,04rio156_006.wav,りおん,40115,「私にとってご主人様は、なつゆお嬢様ただおひとりだけなのに……隆行さまのことを思うと、胸がきゅんとなって……」,
98000 ,,,,,,,,隆行,隆行,,りおん,40115,「りおんちゃんっ……！」,
98100 ,,,,,,,,りおん,りおん,04rio156_007.wav,りおん,40128,「ああっ、隆行さま……」,
98200 ,,,,,,,,,,,りおん,40128,　ごく自然に、唇が重なった。教師とか、教え子とか……年齢とか、世間体とか……そんな諸々のことは気にならなかった。俺はただ、目の前にいる小さな女の子が愛しいと思った。,
98300 ,,,,,,,,りおん,りおん,04rio156_008.wav,りおん,40115,「隆行さま、私……」,
98400 ,,,,,,,,隆行,隆行,,りおん,40115,「うん…………」,
98600 ,,,<!pre_ev1>,11,,3701,,りおん,りおん,04rio156_009.wav,りおん,40101,「あんっ、やだ……この格好じゃ、隆行さまのお顔が見えにくいです……」,
98700 ,,,,,,3701,,隆行,隆行,,,,「イヤだった……？」,
98800 ,,,,,,3701,,りおん,りおん,04rio156_010.wav,りおん,40101,「私、ちゃんと見たい……」,
98900 ,,,,,,3701,,隆行,隆行,,,,「俺がりおんちゃんのおま○こをぺろぺろするトコとか、俺のチ○チンがずぷずぷと入ってるトコ……じっくりと見たいの？」,
99000 ,,,,,,3701,,りおん,りおん,04rio156_011.wav,りおん,40101,「やぁんっ、そんなんじゃないですっ……ただ、大好きな隆行さまのお顔をずっと見ていたいだけですっ……！」,
99100 ,,,,,,3701,,隆行,隆行,,,,「俺もそうだけど、まっ、たまにはね……んんっ」,
99200 ,,,,,,3701,,,,,,,　俺は上半身を伸ばして頭をりおんちゃんの肩まで持ってくると、肩越しにキスを交わした。,
99300 ,,,,,,3701,,りおん,りおん,04rio156_012.wav,りおん,40101,「んっ、んん……ちゅっ、んちゅっ、ぷはっ……なんだか、いつもと違う感じですぅ……」,
99400 ,,,,,,3701,,隆行,隆行,,,,「んー、気持ちがこもってるからかな？」,
99500 ,,,,,,3701,,りおん,りおん,04rio156_013.wav,りおん,40101,「やだっ……私、最初のご奉仕のときからずっと気持ちこめてましたっ……！」,
99600 ,,,,,,3701,,隆行,隆行,,,,「へぇ……そうだったんだ」,
99700 ,,,,,,3701,,りおん,りおん,04rio156_014.wav,りおん,40101,「ひどいですぅ……っ！　ぐすっ」,
99800 ,,,,,,3701,,隆行,隆行,,,,「冗談だってば。……んちゅっ、ちゅっ」,
99900 ,,,,,,3701,,りおん,りおん,04rio156_015.wav,りおん,40101,「ああんっ……耳は、みみたぶは禁止ですぅっ！　ああんっ、ああ……力が抜けちゃいます……」,
100000 ,,,,,,3701,,,,,,,　俺はそのまま耳たぶをはむはむと甘噛みしながら、服の上から背筋のくぼみに沿って指を走らせる。,
100100 ,,,,,,3701,,りおん,りおん,04rio156_016.wav,りおん,40101,「ひゃ……ふぁ……背中なでられると……あああんんっ」,
100200 ,,,,,,3701,,,,,,,　りおんちゃんの身体を撫でていく指が、肋骨のあたりを過ぎていく。それからスカートを持ち上げると、柔らかくハリのあるおしりをあらわにする。,
100300 ,,,,,,3701,,,,,,,　俺は両手でおしりを優しく揉んでから、くいっと左右に押し広げた。,
100400 ,,,,,,3701,,りおん,りおん,04rio156_017.wav,りおん,40101,「あっ、うっ、やあん……あっ、やあっ、おしりは……」,
100500 ,,,,,,3701,,隆行,隆行,,,,「おしりは、感じちゃうトコだもんね？　この前も、おしりの穴を舐められただけでイッちゃって……」,
100600 ,,,,,,3701,,りおん,りおん,04rio156_018.wav,りおん,40101,「やぁぁっ、それは言わないでください……っ！　ひゃああっ、あっ、あうんっ、恥ずかしいです……」,
100700 ,,,,,,3701,,隆行,隆行,,,,「うーん。やっぱり可愛いな、りおんちゃんのおしりの穴。んちゅっ、んんっ、ぺろっ」,
100800 ,,,,,,3701,,りおん,りおん,04rio156_019.wav,りおん,40101,「やだっ、あっ、んああっ！　またそんなトコ……あああぁぁんっ！」,
100900 ,,,,,,3701,,,,,,,　俺は舌先でたっぷりとアヌスを愛撫したあと、すでに愛液を溢れさせてトロトロになっていたおま○こに舌を伸ばした。,
101000 ,,,,,,3701,,隆行,隆行,,,,「すごいね……愛撫してないのに、おま○こはもうトロトロになってる」,
101100 ,,,,,,3701,,りおん,りおん,04rio156_020.wav,りおん,40101,「やぁぁんっ、それは、隆行さまが背中とかおしりとか……たくさんいじるから……」,
101200 ,,,,,,3701,,隆行,隆行,,,,「それで感じちゃってるのは、りおんちゃんだろ？」,
101300 ,,,,,,3701,,りおん,りおん,04rio156_021.wav,りおん,40101,「ああんっ、またそうやって……隆行さまは、やっぱりいじわるですっ。ひどいですっ」,
101400 ,,,,,,3701,,隆行,隆行,,,,「俺、他の娘には意地悪しないよ……？　りおんちゃんだけなんだから」,
101500 ,,,,,,3701,,りおん,りおん,04rio156_022.wav,りおん,40101,「また、そうやって……隆行さまは、お口がうますぎですっ」,
101600 ,,,,,,3701,,隆行,隆行,,,,「嘘じゃないってば。ほら、見えにくいかも知れないけど……俺のを見てよ。りおんちゃんが愛しくて、こんなになってる」,
101700 ,,,,,,3701,,,,,,,　りおんちゃんは、首をいっぱいにひねって振り返った。そして俺の勃起したチ○チンを見ると、顔を真っ赤にする。,
101800 ,,,,,,3701,,りおん,りおん,04rio156_023.wav,りおん,40101,「あ……あ……隆行さまのおち○ちん、すごい……」,
101900 ,,,,,,3701,,隆行,隆行,,,,「入れるよ……？　りおんちゃん……」,
102000 ,,,,,,3701,,りおん,りおん,04rio156_024.wav,りおん,40101,「はい……隆行さまのおち○ちん、奥までください……」,
102200 ,,,,,,3702,,りおん,りおん,04rio156_025.wav,りおん,40101,「んああぁぁぁぁっ……！」,
102300 ,,,,,,3702,,,,,,,　りおんちゃんの小さいおま○こに俺のチ○チンが挿入された瞬間、りおんちゃんは悲鳴にも近い声を上げた。,
102400 ,,,,,,3702,,りおん,りおん,04rio156_026.wav,りおん,40101,「ああああっ、ああっ……入ってくる、入ってきます……っ！　ふあっ、ふぁぁぁ……っ！」,
102500 ,,,,,,3702,,,,,,,　俺のチ○チンにも、りおんちゃんの狭い膣内をこじ開けるようにして分け入っていく感触が、はっきりと伝わってくる。,
102600 ,,,,,,3702,,隆行,隆行,,,,「ごめん……入れるのはまだ２回目だし、強くしすぎたかな……？」,
102700 ,,,,,,3702,,りおん,りおん,04rio156_027.wav,りおん,40101,「あっ……あぁ……いいっ、きもちいいんです……わたし幸せですぅ……」,
102800 ,,,,,,3702,,,,,,,　成長しきってないりおんちゃんのおま○こはまだ狭く、そして浅い。,
102900 ,,,,,,3702,,,,,,,　俺は亀頭を膣の最奥まで挿入したところで動きを止め、そのままりおんちゃんの膣に馴染むまで静止して待った。,
103000 ,,,,,,3702,,りおん,りおん,04rio156_028.wav,りおん,40101,「ふぁ……隆行さま……？」,
103100 ,,,,,,3702,,隆行,隆行,,,,「いいんだよ、りおんちゃん。落ち着くまで、しばらくこのままにしていよう」,
103200 ,,,,,,3702,,りおん,りおん,04rio156_029.wav,りおん,40101,「そんな、私だいじょうぶです……っ」,
103300 ,,,,,,3702,,,,,,,　俺は腰の動きを止めたまま上半身をかがめると、りおんちゃんの汗ばんだ首筋に軽くキスをした。,
103400 ,,,,,,3702,,りおん,りおん,04rio156_030.wav,りおん,40101,「あんっ……」,
103500 ,,,,,,3702,,隆行,隆行,,,,「急ぐことはないよ。勉強と一緒で、ゆっくりやっていけばいいんだ。これからもね……」,
103600 ,,,,,,3702,,りおん,りおん,04rio156_031.wav,りおん,40101,「はいっ、これからもいっしょですっ……」,
103700 ,,,,,,3702,,,,,,,　俺はそのまま、りおんちゃんの首筋にちゅっ、ちゅっとキスを繰り返す。うなじのあたりでは、髪の香りがふわっと薫った。,
103800 ,,,,,,3702,,りおん,りおん,04rio156_032.wav,りおん,40101,「やっ、ああん……うなじはくすぐったいですっ……」,
103900 ,,,,,,3702,,隆行,隆行,,,,「そろそろ、大丈夫……？」,
104000 ,,,,,,3702,,りおん,りおん,04rio156_033.wav,りおん,40101,「はい、だいじょうぶです……はじめてのときより、ぜんぜん痛くないですっ……」,
104100 ,,,,,,3702,,隆行,隆行,,,,「ごめん、あの時は痛かったんだね……」,
104200 ,,,,,,3702,,りおん,りおん,04rio156_034.wav,りおん,40101,「え……えへへっ、でも、なんだかうれしい痛みだったんですっ。ほんとうですっ」,
104300 ,,,,,,3702,,,,,,,　俺は腕の中にすっぽりと収まるりおんちゃんの身体を優しく抱きながら、腰の動きを再開した。,
104400 ,,,,,,3702,,,,,,,　熱くたぎった柔らかい蜜壺の中で、じゅぷっ……じゅぷっ……と、ゆっくり出し入れする音が聞こえ始める。,
104500 ,,,,,,3702,,りおん,りおん,04rio156_035.wav,りおん,40101,「はあっ、ああ……すごい、おっきぃ……おち○ちんが動いてるの、はっきりとわかります……」,
104600 ,,,,,,3702,,隆行,隆行,,,,「俺も……りおんちゃんのおま○こを突き分けてるのが、よくわかるよ」,
104700 ,,,,,,3702,,りおん,りおん,04rio156_036.wav,りおん,40101,「んああっ……おち○ちんに突かれると、ビリビリって電気が走っていきます……ああっ！」,
104800 ,,,,,,3702,,,,,,,　それは俺も同じだった。ストロークを繰り返すたび、チ○チンの付け根から背筋にかけて、身悶えるほど気持ちいい電流が流れる。,
104900 ,,,,,,3702,,隆行,隆行,,,,「どう、りおんちゃん……痛くはない……？」,
105000 ,,,,,,3702,,りおん,りおん,04rio156_037.wav,りおん,40101,「は、はぃ……ふぁぁっ、私、隆行さまからご褒美もらってばっかり……ご奉仕っ、ご奉仕しなきゃ……」,
105100 ,,,,,,3702,,隆行,隆行,,,,「いいんだよ、りおんちゃん……俺だって、今すごく気持ちいいんだから」,
105200 ,,,,,,3702,,りおん,りおん,04rio156_038.wav,りおん,40101,「いや……いやですっ！　大好きな人には、もっともっといろんなことして差し上げたいんですっ……！」,
105300 ,,,,,,3702,,,,,,,　そう言ってりおんちゃんはぶるぶると首を振ると、身体に力を込め始めた。,
105400 ,,,,,,3702,,りおん,りおん,04rio156_039.wav,りおん,40101,「ん……んん……」,
105500 ,,,,,,3702,,隆行,隆行,,,,「おおおッ、急に締まりが……」,
105600 ,,,,,,3702,,りおん,りおん,04rio156_040.wav,りおん,40101,「んん、んふっ……どう、ですか……？　」,
105700 ,,,,,,3702,,,,,,,　どおおおっ、まるでチ○チンが、ギュッと真空パックされているみたいだ……ただでさえ細くて小さいおま○こなのに、こんなに締められちゃ……うああっ！,
105800 ,,,,,,3702,,隆行,隆行,,,,「うああっ、すごい……すごい締まりだよ、りおんちゃん」,
105900 ,,,,,,3702,,りおん,りおん,04rio156_041.wav,りおん,40101,「んんっ、ああ……私のからだ、もっと感じてください……もっともっと、きもちよくなってください……っ！」,
106000 ,,,,,,3702,,隆行,隆行,,,,「うん……おま○こに入れたチ○チンから、りおんちゃんの熱い体温が伝わるよ……りおんちゃんの身体、すごく近くに感じる」,
106100 ,,,,,,3702,,りおん,りおん,04rio156_042.wav,りおん,40101,「あっ、あああっ、んあっ！　うれしいっ、うれしいですです……私も、ひとつにつながってる感じがしますっ！」,
106200 ,,,,,,3702,,隆行,隆行,,,,「あああっ、締め付けすぎて、もう出そうだ……」,
106300 ,,,,,,3702,,りおん,りおん,04rio156_043.wav,りおん,40101,「くださいっ……私の＜胎内＝なか＞に、ごほうびください……！　隆行さまの、精子をくださいっ……！」,
106400 ,,,,,,3702,,隆行,隆行,,,,「うあぁっ、ああ……もう、ホントに出る……」,
106500 ,,,,,,3702,,りおん,りおん,04rio156_044.wav,りおん,40101,「わ、私も……イキそう……あっ、んああんっ！　ああっ、あっ、あああ……ふぁ、ふぁぁ……イク……イッちゃいますっ……！　あああああぁぁぁっ！！」,
106800 ,,,<!ef_shasei>,,,3703,,,,,,,　びゅくっ、びゅっ……びくん、びくん……！,
106900 ,,,,,,3703,,隆行,隆行,,,,「ううううっ、うあああ……」,
107000 ,,,,,,3703,,りおん,りおん,04rio156_045.wav,りおん,40101,「ひぁううっ……おち○ちんが、ビクビクって動いてます……ああ、熱いのが流れ込んでくる……私、＜膣内＝なか＞で出されてますぅ……」,
107100 ,,,,,,3703,,,,,,,　りおんちゃんは、ぽかんと開けた口からいやらしく涎を垂らしたまま……放心した様子で、ベッドに突っ伏した。,
107200 ,,,,,,3703,,りおん,りおん,04rio156_046.wav,りおん,40101,「ひゃ……ふぁぁ、ふぁう……きもちいぃれすぅ……」,
107300 ,,,,,,3703,,,,,,,　りおんちゃんの汗ばんだ首筋から、汗の香気が漂う。女の子の柔らかい香りと交わったそれは、俺をまた急激に奮い立たせた。,
107400 ,,,,,,3703,,りおん,りおん,04rio156_047.wav,りおん,40101,「ふぁっ……！？　あっ、ああんっ……おち○ちん、またおっきくなってきました……！」,
107500 ,,,,,,3703,,隆行,隆行,,,,「りおんちゃん、りおんちゃん……ッ！」,
107600 ,,,,,,3703,,りおん,りおん,04rio156_048.wav,りおん,40101,「ひゃふ……ああんっ！　あっ、あっ、隆行さま……！　いまイッたばかりなのに、そんな……！　あああああっ、からだがすっごく敏感になってます……っ！」,
107700 ,,,,,,3703,,,,,,,　俺の精液とりおんちゃんの愛液にまみれた膣内は、１度目よりもはるかに動きやすくなっていた。,
107800 ,,,,,,3703,,,,,,,　更に、イッたばかりで感覚は数倍鋭くなっている。次の射精まで長くは保たないと思ったが、俺はただ強い快感を求めて一心不乱に腰を打ち付けた。,
107900 ,,,,,,3703,,りおん,りおん,04rio156_049.wav,りおん,40101,「ああああっ、あああああっ！！　ひゃあ、ひゃああああっ！！　ダメ、ダメぇぇぇ……っ！」,
108000 ,,,,,,3703,,隆行,隆行,,,,「あああっ、出る……ッ！！」,
108200 ,,,<!ef_shasei>,,,3703,,りおん,りおん,04rio156_050.wav,りおん,40101,「んあああっ……！　隆行さまのおち○ちんが、また私の＜胎内＝なか＞でビクビクって……！」,
108300 ,,,,,,3703,,,,,,,　おま○この中で、びくっ、びくっと、チ○チンが力強く脈動する。それに合わせて、りおんちゃんのおま○こもキュッ、キュウッと何度も収縮した。,
108400 ,,,,,,3703,,隆行,隆行,,,,「ああ、あああ……止まらないよ……」,
108500 ,,,,,,3703,,,,,,,　これで、２度目の射精というのに……１度目以上の量ではないかと思われるほど大量の精子を、りおんちゃんの膣に放っていた。,
108600 ,,,,,,3703,,りおん,りおん,04rio156_051.wav,りおん,40101,「ああぁっ、ふぁああ……私、２回も出されちゃって……おなかのなか、隆行さまの精子でいっぱい……しあわせですぅ……」,
108700 ,,,,,,3703,,,,,,,　りおんちゃんは夢見心地の顔で、甘えるように身体をすり寄せてくる。服越しにも身体が熱く火照っているのがわかるりおんちゃんを、俺は優しく抱きしめた。,
108800 ,,,,,,3703,,りおん,りおん,04rio156_052.wav,りおん,40101,「ごほうび……いっぱいもらっちゃいました……」,
108900 ,,,,,,3703,,,,,,,　俺の腕の中のりおんちゃんはそう言いながら、下腹部のあたりを愛おしそうに撫でる。,
109000 ,,,,,,3703,,りおん,りおん,04rio156_053.wav,りおん,40101,「えへへっ、ごほうび……隆行さまとの赤ちゃん……」,
109100 ,,,,,,3703,,隆行,隆行,,,,「えっ……マジ！？　前に『まだ』だって……まだ大丈夫なんだよね！？」,
109200 ,,,,,,3703,,りおん,りおん,04rio156_054.wav,りおん,40101,「ええ、だいじょうぶです……うふふふふっ」,
109300 ,,,,,9000,3703,,,,,,,　その言葉に、どういう意味を含んでいるのか……りおんちゃんは、ただ悪戯っぽく笑っていた。,
109500 ,$return,,,,,,,,,,,,,
109600 ,&04rio070ha,,,4294967295,9000,,,,,,,,,
109880 ,,,<!se_natsuyu_chime><wait 700>,,,,,,,,,,,
109890 ,,,,7,6,,,,,,,,,
109900 ,,,,,,,,りおん,りおん,04rio157_001.wav,りおん,40102,「いらっしゃいませ、隆行さま」,
110000 ,,,,,,,,隆行,隆行,,りおん,40102,「あ、ああ……うん、りおんちゃん、こんにちは」,
110100 ,,,,,,,,りおん,りおん,04rio157_002.wav,りおん,40114,「いかがされたんですか……？　そんなにきょろきょろされて」,
110200 ,,,,,,,,隆行,隆行,,りおん,40114,「いや……また、なつゆがどこかにいるのかと思ってさ」,
110300 ,,,,,,,,りおん,りおん,04rio157_003.wav,りおん,40101,「ふふっ……だいじょうぶですよ、なつゆお嬢様はそんなことをされる方じゃありませんっ」,
110400 ,,,,,,,,りおん,りおん,04rio157_004.wav,りおん,40103,「監視するとしたら、もっとてってーてきに……国籍ふめいの衛星をつかうとか、プロの方をやとったりとかしますからっ」,
110500 ,,,,,,,,隆行,隆行,,りおん,40103,「はは……ブルジョアのやることは、どこまでも逸脱してるな……」,
110700 ,,,<!ef_move>,,8,,,隆行,隆行,,,,「さて……いよいよ最終ステップだね。りおんちゃん」,
110800 ,,,,,,,,りおん,りおん,04rio157_005.wav,りおん,40102,「はい、ありがとうございますっ」,
110900 ,,,,,,,,隆行,隆行,,りおん,40102,「ここまで成績が上がれば……なつゆが通っている名門校にも編入できるんじゃないかな」,
111000 ,,,,,,,,りおん,りおん,04rio157_006.wav,りおん,40114,「えっ……」,
111100 ,,,,,,,,隆行,隆行,,りおん,40114,「りおんちゃんは、なつゆと同じ学校に通ってみたくはない……？」,
111200 ,,,,,,,,りおん,りおん,04rio157_007.wav,りおん,40119,「そんな、おそれおおいですっ！」,
111300 ,,,,,,,,隆行,隆行,,りおん,40119,「りおんちゃんの成績は、もうそれが無理な話じゃないところまで上がってきてるんだよ。自信を持って」,
111400 ,,,,,,,,りおん,りおん,04rio157_008.wav,りおん,40113,「は、はい……でも……」,
111500 ,,,,,,,,隆行,隆行,,りおん,40113,「学校にいる間も、なつゆの側にいたいだろう？」,
111600 ,,,,,,,,りおん,りおん,04rio157_009.wav,りおん,40105,「はい……おそばに控えていたいです……」,
111700 ,,,,,,,,隆行,隆行,,りおん,40105,「まあ、それはそれとして……今は、最終ステップのクリアに全力で取り組もう」,
111800 ,,,,,,,,りおん,りおん,04rio157_010.wav,りおん,40101,「はいっ」,
111900 ,,,,,,,,隆行,隆行,,りおん,40101,「それじゃ、テキストは最後のところを開いて……」,
112100 ,$return,,,,,,,,,,,,,
112200 ,&04rio080h,,<!ef_timepass>,7,8,,,,,,,,,
112500 ,,,,,,,,隆行,隆行,,,,「おお……最後のテストもカンペキだね、りおんちゃん。これでもう、俺も教えることはないかな」,
112600 ,,,,,,,,りおん,りおん,04rio158_001.wav,りおん,40101,「ありがとうございますっ！　えっと……隆行さまとは、もうお会いできなくなっちゃうんですか……？」,
112700 ,,,,,,,,隆行,隆行,,りおん,40101,「うーんと、勉強が次のレベルに移ったらね……俺は初級レベルの担当だから、この先は次の人に引き継ぎ……になるかな」,
112800 ,,,,,,,,りおん,りおん,04rio158_002.wav,りおん,40106,「そんな……私、ずっと隆行さまと……！」,
112900 ,,,,,,,,隆行,隆行,,りおん,40106,「うん、それは俺も……でも、こればっかりはどうしようもならないからなあ……」,
113000 ,,,,,,,,,,,りおん,40106,　俺が大きく息をつくと、思い詰めたような顔をしていたりおんちゃんが突然声を上げた。,
113100 ,,,,,,,,りおん,りおん,04rio158_003.wav,りおん,40119,「隆行さまとお会いできるのが、これで最後なら……私、隆行さまに最高のご奉仕をいたしますっ……！」,
113200 ,,,,,,,,,,,りおん,40119,　そう言って俺をまたいつものように押し倒そうとするりおんちゃんを、慌てて制する。,
113300 ,,,,,,,,隆行,隆行,,りおん,40119,「あ、ちょっと待って……！　今日はね、りおんちゃんにとってもいいプレゼントがあるんだよ」,
113400 ,,,,,,,,りおん,りおん,04rio158_004.wav,りおん,40114,「えっ、プレゼント……ですか？」,
113500 ,,,,,,,,隆行,隆行,,りおん,40114,「これ……開けてみて」,
113600 ,,,,,,,,,,,りおん,40114,　俺は用意してきた大きくて平たい紙箱を、りおんちゃんに手渡した。,
113700 ,,,,,,,,りおん,りおん,04rio158_005.wav,りおん,40118,「えっ、これは……ええっ、ええええっ！？」,
113800 ,,,,,,,,,,,りおん,40118,　おそるおそる箱を開けたりおんちゃんは、その中身を見て……これ以上ないというほどに、激しく驚いていた。,
113900 ,,,,,,,,りおん,りおん,04rio158_006.wav,りおん,40119,「たっ、隆行さま……こここ、これっていったい……ああっ！？　ええっ、まさか……！？」,
114000 ,,,,,,,,隆行,隆行,,りおん,40119,「うん。他の誰でもない、りおんちゃんのものだよ……。ここで着てみてくれるかな」,
114100 ,,,,,,,,りおん,りおん,04rio158_007.wav,りおん,40118,「ええっ、でもっ！　そのっ、あのっ……！！」,
114200 ,,,,,,,,隆行,隆行,,りおん,40118,「ふふっ……俺、後ろを向いてるからさ。着替えが済んだら、声かけてくれる？」,
114300 ,,,,,,,,りおん,りおん,04rio158_008.wav,りおん,40115,「えっ、あっ……はい…………」,
114500 ,,,<!ef_timepass>,,,,,りおん,りおん,04rio158_009.wav,,,「あの……隆行さま……」,
114700 ,,,,,,,,,,,,,　消え入りそうなほど小さな声をかけられて、俺はゆっくりと振り向いた。,
114800 ,,,,,,,,,,,りおん,40315,　そこには、なつゆが通っている名門校の制服に身を包んだりおんちゃんが……もじもじとした仕草で、恥ずかしそうに立っていた。,
114900 ,,,,,,,,隆行,隆行,,りおん,40315,「おおおッ、似合ってるじゃないか！」,
115000 ,,,,,,,,りおん,りおん,04rio158_010.wav,りおん,40315,「隆行さま……この制服、本当に私のなんでしょうか……なつゆお嬢様と同じ学校に、編入できるんですか……？」,
115100 ,,,,,,,,隆行,隆行,,りおん,40315,「ああ、そうだよ。なつゆにも、もちろん話は通してある。さっき聞いたんだけど、編入の手続きはもうあらかた終わったそうだよ」,
115200 ,,,,,,,,りおん,りおん,04rio158_011.wav,りおん,40314,「すると……そんな、うそ……」,
115300 ,,,,,,,,隆行,隆行,,りおん,40314,「りおんちゃん……これからはなつゆと同じ学校で、勉強頑張ってね」,
115400 ,,,,,,,,りおん,りおん,04rio158_012.wav,りおん,40309,「はいっ……！　隆行さま、ありがとうございます……ふぇぇ、ふぇぇぇぇっ……」,
115500 ,,,,,,,,,,,りおん,40309,　りおんちゃんは瞳から大粒の涙をぽろぽろとこぼすと、俺にひしっと抱きついた。そして、俺の胸の中で大きく声を上げて泣き始める。,
115600 ,,,,,,,,りおん,りおん,04rio158_013.wav,りおん,40309,「ふぇぇっ、うぇぇぇん……隆行さま、隆行さま……！」,
115700 ,,,,,,,,隆行,隆行,,りおん,40309,「うん……りおんちゃん、りおんちゃん」,
115800 ,,,,,,,,,,,りおん,40309,　俺は泣きじゃくる少女の名を何度も呼んで、優しく頭を撫で続けた。,
115900 ,,,,,,,,りおん,りおん,04rio158_014.wav,りおん,40329,「うぇぇぇんっ、隆行さま……だいすきですっ……！」,
116000 ,,,,,,,,,,,りおん,40329,　不意に、身体がグイッと引き寄せられた。突然のことに俺はバランスを崩し、りおんちゃんに引かれるままベッドへと倒れ込んでしまう。,
116200 ,,,,11,,3801,,隆行,隆行,,,,「うわっ、とと……りおんちゃん！？」,
116300 ,,,,,,3801,,りおん,りおん,04rio158_015.wav,りおん,40101,「えへっ……隆行さま……」,
116400 ,,,,,,3801,,,,,,,　りおんちゃんはちょっとだけ悪戯っぽくはにかんでから、ただずっと俺の顔を見つめていた。俺も、その潤んだ瞳をじっと見つめ続ける。,
116500 ,,,,,,3801,,りおん,りおん,04rio158_016.wav,りおん,40101,「隆行さまのおかげで、この制服を着ることができて……私、ほんとうにうれしいですっ」,
116600 ,,,,,,3801,,隆行,隆行,,,,「いや……何度も言うけどさ。俺はただ、勉強の手助けをしただけだよ。頑張ったのは、りおんちゃん本人なんだからね。この制服は、そのご褒美なんだよ」,
116700 ,,,,,,3801,,りおん,りおん,04rio158_017.wav,りおん,40101,「ありがとうございます……最高の、ごほうびですっ……！」,
116800 ,,,,,,3801,,,,,,,　りおんちゃんは少し目に涙をためると、顔を赤くしながら俺にささやきかけた。,
116900 ,,,,,,3801,,りおん,りおん,04rio158_018.wav,りおん,40101,「あの……隆行さま……」,
117000 ,,,,,,3801,,隆行,隆行,,,,「……ん？」,
117100 ,,,,,,3801,,りおん,りおん,04rio158_019.wav,りおん,40101,「は、はじめてのひとに、なってください……」,
117200 ,,,,,,3801,,隆行,隆行,,,,「ええっ！？　初めて、って……いや、えっと……」,
117300 ,,,,,,3801,,,,,,,　思いがけなく発せられた『初めて』という言葉に、俺は思わず動転してしまった。,
117400 ,,,,,,3801,,隆行,隆行,,,,「は、初めてって言っても、俺は……！　えっと……りおんちゃんとは、何度か、もう……」,
117500 ,,,,,,3801,,りおん,りおん,04rio158_020.wav,りおん,40101,「あっ、えっ？　違います……たっ、確かにっ、隆行さまは私の……はじめての＜男性＝ひと＞ですけど……」,
117600 ,,,,,,3801,,,,,,,　りおんちゃんは、顔を真っ赤にしながら言葉を続ける。,
117700 ,,,,,,3801,,りおん,りおん,04rio158_021.wav,りおん,40101,「私の制服姿を、はじめて見てくれた＜男性＝ひと＞ですから……。だから、この制服を脱がす……はじめての＜男性＝ひと＞にも、なって欲しいんです……」,
117800 ,,,,,,3801,,隆行,隆行,,,,「りおんちゃん……」,
117900 ,,,,,,3801,,りおん,りおん,04rio158_022.wav,りおん,40101,「私の『はじめて』、たくさんもらってください……」,
118000 ,,,,,,3801,,,,,,,　そしてりおんちゃんは、薄赤く染まった唇をそっと俺につき出した。,
118100 ,,,,,,3801,,隆行,隆行,,,,「りおんちゃん…………んっ、んんっ」,
118200 ,,,,,,3801,,りおん,りおん,04rio158_023.wav,りおん,40101,「んっ、んちゅっ……ちゅっ、んちゅっ、あふっ……脱がして、ください……」,
118300 ,,,,,,3801,,,,,,,　俺はりおんちゃんと唇を重ねながら……新品の制服に、そっと手をかけた。,
118500 ,,,,,,3802,,りおん,りおん,04rio158_024.wav,りおん,40101,「ふぁ……あああんっ……」,
118600 ,,,,,,3802,,,,,,,　はじめて……。俺も、女物の制服を脱がせるなんてのは初めてだった。,
118700 ,,,,,,3802,,,,,,,　慣れない手つきで胸をはだけさせると……すでに暖かく火照っていたりおんちゃんの身体を、手の平で優しく撫で回す。,
118800 ,,,,,,3802,,りおん,りおん,04rio158_025.wav,りおん,40101,「あんっ、ふぁぁ……」,
118900 ,,,,,,3802,,りおん,りおん,04rio158_026.wav,りおん,40101,「えへへっ……制服着てエッチすると、なんだかいけないコトしてるみたいですね……」,
119000 ,,,,,,3802,,隆行,隆行,,,,「うん、興奮しちゃうよ……」,
119100 ,,,,,,3802,,りおん,りおん,04rio158_027.wav,りおん,40101,「ああっ、まさか……私より、制服に興奮してるんですか……？」,
119200 ,,,,,,3802,,隆行,隆行,,,,「そ、そんなことないよ……！」,
119300 ,,,,,,3802,,,,,,,　俺は慌てて否定しながら、愛撫でまさぐる手の力を強める。,
119400 ,,,,,,3802,,,,,,,　それでも、いつものメイド服と違って見慣れない制服を着た半裸のりおんちゃんに……激しく欲情していたのは、確かだった。,
119500 ,,,,,,3802,,りおん,りおん,04rio158_028.wav,りおん,40101,「ひゃ……ふぁぁぁんっ！　隆行さま、はげしっ……いっ、ですぅ……」,
119600 ,,,,,,3802,,,,,,,　指先を頬に進めると、りおんちゃんの漏らす熱い吐息が指にかかる。俺はその柔らかい唇を指先で何度も撫でながら、空いている方の手で身体中をまさぐった。,
119700 ,,,,,,3802,,りおん,りおん,04rio158_029.wav,りおん,40101,「あんっ、ふぁぁっ……あっあっ、やだ……」,
119800 ,,,,,,3802,,,,,,,　快感に悶えていたりおんちゃんが、俺の指を＜甘噛＝あまが＞みした。そして指先をペロペロと舐めてきたので、俺はそのまま指フェラチオをさせる。,
119900 ,,,,,,3802,,りおん,りおん,04rio158_030.wav,りおん,40101,「ちゅっ、ちゅるっ……んむっ、んん……ああんっ、ああっ……！　やぁっ……あああっ、んっ……ああっ！」,
120000 ,,,,,,3802,,,,,,,　りおんちゃんの声は、途中からあえぎ声に変わった。お返しとばかりに、俺が乳首を強くしゃぶり始めたからだった。,
120100 ,,,,,,3802,,りおん,りおん,04rio158_031.wav,りおん,40101,「やあああっ、ああんっ……！　そんなに強く、吸わないでください……あっあっあっ、んんっ……」,
120200 ,,,,,,3802,,隆行,隆行,,,,「赤ちゃんの時って、こんな感じだったのかな……？」,
120300 ,,,,,,3802,,りおん,りおん,04rio158_032.wav,りおん,40101,「あああっ！　あ、あかちゃんは……そんないやらしく、吸わないですぅ……」,
120400 ,,,,,,3802,,隆行,隆行,,,,「それはそうかもね……んんんんっ」,
120500 ,,,,,,3802,,りおん,りおん,04rio158_033.wav,りおん,40101,「んああぁぁぁっ！」,
120600 ,,,,,,3802,,,,,,,　他に、赤ちゃんを持つママがこんななだらかなおっぱいであるはずもないとは思ったが……さすがにそれは、言わないでおくことにした。,
120700 ,,,,,,3802,,りおん,りおん,04rio158_034.wav,りおん,40101,「やああっ、隆行さま……おっぱい、おっぱいばっかり……」,
120800 ,,,,,,3802,,隆行,隆行,,,,「んんっ、こっちもいじって欲しかった？」,
120900 ,,,,,,3802,,,,,,,　俺がパンツの中に指を滑り込ませると、りおんちゃんのおま○こはもうトロトロにとろけきっていた。,
121000 ,,,,,,3802,,隆行,隆行,,,,「すごいね……。何も触ってなかったのに、もうこんなになってる。おま○こ、ビショビショだよ」,
121100 ,,,,,,3802,,りおん,りおん,04rio158_035.wav,りおん,40101,「やぁぁっ、だって、だって……」,
121200 ,,,,,,3802,,,,,,,　恥ずかしそうに首を振るりおんちゃんの唇に、俺はキスをしながら答える。,
121300 ,,,,,,3802,,隆行,隆行,,,,「わかってるってば。ちゅっ、んちゅっ」,
121400 ,,,,,,3802,,りおん,りおん,04rio158_036.wav,りおん,40101,「んっ、ちゅっ……ふぁぁぁっ、隆行さま、もうがまんできません……入れてください、おち○ちん入れてください……っ！」,
121500 ,,,,,,3802,,隆行,隆行,,,,「うん、それじゃあ力を抜いて……」,
121600 ,,,,,,3802,,,,,,,　俺は服にシワを作ってしまわないよう気を付けながら、優しくりおんちゃんを抱き上げる。,
121700 ,,,,,,3802,,,,,,,　そしてトロトロになったおま○こをあらわにして、ギンギンに勃起したチ○チンをあてがうと……膣の奥まで一気に突き入れた。,
121900 ,,,<!pre_ev1>,,,3901,,りおん,りおん,04rio158_037.wav,りおん,40101,「んああああぁぁぁっ……！」,
122000 ,,,,,,3901,,,,,,,　何度貫いても、りおんちゃんの膣はあくまで狭い。一回の深いストロークで、気を抜けば射精寸前にまで追い込まれてしまう。,
122100 ,,,,,,3901,,隆行,隆行,,,,「ううっ、ああ……」,
122200 ,,,,,,3901,,りおん,りおん,04rio158_038.wav,りおん,40101,「おち○ちん、すっごく太いです……おなかがパンパンですぅ……」,
122300 ,,,,,,3901,,,,,,,　俺は息を止めると、腰をゆっくり引いて膣奥からチ○チンを引き抜く。亀頭のカリ首にはきゅんきゅんに締まった膣内の肉ヒダがからみついて、これだけでもまた射精してしまいそうだった。,
122400 ,,,,,,3901,,りおん,りおん,04rio158_039.wav,りおん,40101,「んああああっ……！　あっ、ふぁぁ……」,
122500 ,,,,,,3901,,,,,,,　りおんちゃんの狭くて小さい膣は、いくら濡れているとは言っても……おま○こがほぐれて柔らかく拡がるまで、無理な出し入れはできない。,
122600 ,,,,,,3901,,,,,,,　俺はいったん突き、またゆっくり引き抜くといった緩慢な動作を、間を置いて何度か繰り返した。,
122700 ,,,,,,3901,,りおん,りおん,04rio158_040.wav,りおん,40101,「ふぁっ、んああ……んんんっ、あううっ……！　あっ、あっ、あっ、あっ……」,
122800 ,,,,,,3901,,,,,,,　りおんちゃんのおま○こが熱くほぐれてくるにつれ、だんだんとストロークのペースも速くなる。,
122900 ,,,,,,3901,,りおん,りおん,04rio158_041.wav,りおん,40101,「んあっ、ああっ、んんっ、あふっ……隆行さまのおち○ちんが、ずんずんっ、て……私のおま○こをかき回してます……ああっ、あっ」,
123000 ,,,,,,3901,,,,,,,　スムーズに出し入れができるようになってきたところで、俺はりおんちゃんのアヌスへと指先を伸ばした。,
123100 ,,,,,,3901,,,,,,,　まあ、いつもの手なんだけど……おしりは、りおんちゃんを恥ずかしがらせる絶好のポイントなんだよね。,
123200 ,,,,,,3901,,りおん,りおん,04rio158_042.wav,りおん,40101,「んっ、んああ……えっ？　ああんっ、あっ、またそんなトコ……やっ、やああっ！」,
123300 ,,,,,,3901,,隆行,隆行,,,,「ああ……おツユがおしりまで垂れてきてて、こっちもヌルヌルだね」,
123400 ,,,,,,3901,,りおん,りおん,04rio158_043.wav,りおん,40101,「やああっ、そんなコト言わないでください……ああん！　隆行さま、私わかってますっ……私を恥ずかしがらせようと、わざとおしりの穴をいじるんですっ……！」,
123500 ,,,,,,3901,,隆行,隆行,,,,「んぐっ……でもさ、ヌルヌルになってるのはホントだし……こうやってりおんちゃんのおしりの穴に指を当ててると、キュッ、キュッて動いてるのも良ーくわかるんだよ」,
123600 ,,,,,,3901,,りおん,りおん,04rio158_044.wav,りおん,40101,「ええっ……やっ、やだぁぁっ……！　んっ、んっ、んあああっ……！　おしり、さわらないでください……っ！　やぁぁんっ」,
123700 ,,,,,,3901,,,,,,,　ぬう、こっちの意図はバレバレのようだが……おしりが弱点なのは、紛れもない事実だもんな。,
123800 ,,,,,,3901,,隆行,隆行,,,,「こんなにヌルヌルだから……何かの拍子に、指が入っちゃうかも知れないね……？」,
123900 ,,,,,,3901,,りおん,りおん,04rio158_045.wav,りおん,40101,「やああんっ、そんなのきたないですっ……！　ふぁ、ふぁぁっ……あ……」,
124000 ,,,,,,3901,,,,,,,　もちろん、俺は最初からそのつもりだった。ここで意図的に力を込め、指先をアヌスに挿入する。,
124100 ,,,,,,3901,,りおん,りおん,04rio158_046.wav,りおん,40101,「ひぐぅっ……ああああっ、おしり、入っちゃってます……私が、おしり弱いのわかってて……ひゃうっ、ああうっ……」,
124200 ,,,,,,3901,,,,,,,　アヌスに指が入った途端、おま○こも格段に強く締まる。その状態での出し入れは、射精寸前だった俺のチ○チンを瞬く間に限界へと導いた。,
124300 ,,,,,,3901,,隆行,隆行,,,,「うあああっ、そんなに締めたら出る、出ちゃうよ……」,
124400 ,,,,,,3901,,りおん,りおん,04rio158_047.wav,りおん,40101,「ああっ、んあああっ、ください……！　外に出すと、制服が汚れちゃいますから……精子は全部中に、＜膣内＝なか＞に出してくださいっ……！」,
124500 ,,,,,,3901,,隆行,隆行,,,,「う、うん……いくよ、りおんちゃん……！」,
124600 ,,,,,,3901,,,,,,,　俺は一気に、腰を一番奥まで突き入れた。同時に我慢していた力を抜くと、下半身がぶるっと震える。,
124700 ,,,,,,3901,,りおん,りおん,04rio158_048.wav,りおん,40101,「来て……私の＜胎内＝なか＞に来てください……ふぁぁっ、ああああんっ！　私も、私もイキそう……ああああぁぁぁんんんっ！！」,
125000 ,,,<!ef_shasei>,,,3902,,りおん,りおん,04rio158_049.wav,りおん,40101,「ああんっ、ふぁぁんっ……！　ふぁ、ふぁぁ、あああ……」,
125100 ,,,,,,3902,,隆行,隆行,,,,「ううっ……ああ……ぐっ」,
125200 ,,,,,,3902,,,,,,,　俺は無意識のうちに、グッと歯を食いしばっていた。そうでもしないと、全てが飲み込まれてしまいそうなほどに激しい快感だった。,
125300 ,,,,,,3902,,りおん,りおん,04rio158_050.wav,りおん,40101,「ああ……私のおなかのなか、隆行さまの精子がいっぱいです……ああんっ……」,
125400 ,,,,,,3902,,,,,,,　りおんちゃんは上気した顔で、嬉しそうな、恥ずかしそうな笑顔を見せる。,
125500 ,,,,,,3902,,りおん,りおん,04rio158_051.wav,りおん,40101,「えへへ……私、まだこんな年ですけど……『女の幸せ』かんじちゃいますぅ……」,
125600 ,,,,,,3902,,,,,,,　そう言いながら満足そうに息をつくと、それから小さな声でそっとつぶやいた。,
125700 ,,,,,,3902,,りおん,りおん,04rio158_052.wav,りおん,40101,「隆行さま……もっと勉強を、教えてほしかったです……ずっといっしょに、いてほしかったです……」,
125800 ,,,,,,3902,,隆行,隆行,,,,「うん……」,
125900 ,,,,,,3902,,,,,,,　俺だってそうだ。これからもずっと一緒にいたい。もう手放したくない。誰にも渡したくない。,
126000 ,,,,,,3902,,,,,,,　しかし快感の余韻にぼーっとなった頭では、解決策など何も思いつかず……ただ目の前の愛しい少女を、きつく抱きしめることしかできなかった。,
126200 ,"$if %%memory%%,==,1,$return",,,,,,,,,,,,,
126300 ,*04rio090ed,,<!ef_ending_timepass>,4294967295,9001,,,,,,,,,
126600 ,,,,1,15,,,,,,,,　りおんちゃんの家庭教師の任を終えてから、２週間が経ち……俺はなつゆに、公園へ来るよう呼び出されていた。,
126700 ,,,,,,,,,,,,,　用件は全く知らされていない。ただ俺の下宿に突然グラサン黒服の屈強な男がやってきて、場所と日時を告げていっただけなのだった。,
126800 ,,,,,,,,隆行,隆行,,,,「なつゆ……どういうことなのかな……」,
126900 ,,,,,,,,,,,,,　まず頭に浮かぶのは、りおんちゃんのこと。あれからなつゆに俺の気持ちを説明して、交際の許可を得ようとしたんだけど……。,
127000 ,,,,,,,,,,,,,　２週間が経つ今も、まだ返答はもらっていない。もちろん、その間はりおんちゃんにも会わせてもらえなかった。,
127100 ,,,,,,,,隆行,隆行,,,,「……ん？」,
127200 ,,,<!se_limousine_come><wait 3000><!se_door_limousine_open>,,,,,,,,,,　そういったことを考えながらしばらく待っていると、不意に黒塗りの大型高級車が目の前に停車した。,
127300 ,,,<!se_door_limousine_close>,,,,,,,,,,　間違いない、これはなつゆの……。,
127400 ,,,,,,,,りおん,りおん,04rio159_001.wav,りおん,40306,「隆行さま……」,
127600 ,,,,,,,,隆行,隆行,,りおん,40306,「えっ、りおんちゃん……！？」,
127700 ,,,,,,,,なつゆ,なつゆ,03nat159_001.wav,なつゆ,30404,「お待たせいたしましたわ、先生」,
127800 ,,,,,,,,隆行,隆行,,なつゆ,30404,「なつゆ……」,
127900 ,,,,,,,,,,,なつゆ,30404,　車から降りてきたのは、同じ制服を着たなつゆとりおんちゃんだった。,
128000 ,,,,,,,,,,,なつゆ,30404,　なつゆは尻込みするようなりおんちゃんの手を引いて、俺の正面に立つ。,
128100 ,,,,,,,,なつゆ,なつゆ,03nat159_002.wav,なつゆ,30401,「ごぶさたしておりますわ、先生」,
128200 ,,,,,,,,隆行,隆行,,なつゆ,30401,「あ、ああ……」,
128300 ,,,"<m_fade 0,5000>",4294967295,,,,なつゆ,なつゆ,03nat159_003.wav,なつゆ,30401,「率直にお聞きします。先生、あなたはりおんのことをどれほど想っておりますの……？」,
128400 ,,,,,,,,りおん,りおん,04rio159_002.wav,りおん,40314,「っ…………！？」,
128500 ,,,,,,,,隆行,隆行,,りおん,40314,「ええっ！？　どれほど、って……」,
128600 ,,,,,,,,りおん,りおん,04rio159_003.wav,りおん,40319,「な、なつゆお嬢様……！」,
128700 ,,,,,,,,なつゆ,なつゆ,03nat159_004.wav,なつゆ,30404,「りおんはだまっていなさい」,
128800 ,,,,,,,,りおん,りおん,04rio159_004.wav,りおん,40305,「はい……」,
128900 ,,,,,,,,隆行,隆行,,りおん,40305,「……………………」,
129000 ,,,,,,,,なつゆ,なつゆ,03nat159_005.wav,なつゆ,30404,「先生、どうですの？」,
129100 ,,,,,,,,隆行,隆行,,なつゆ,30404,「あ、ああ……好きだよ。俺は、りおんちゃんのことが心から大好きだ」,
129200 ,,,,,,,,なつゆ,なつゆ,03nat159_006.wav,なつゆ,30421,「……わたくし、より？」,
129300 ,,,,,,,,隆行,隆行,,なつゆ,30421,「うっ…………」,
129400 ,,,,,,,,,,,なつゆ,30421,　どうしよう……。,
129500 ,,,,,,,,,,,なつゆ,30421,　いや、ごまかしちゃダメだ。ここははっきり、俺の気持ちを示さないとっ！,
129600 ,,,,,,,,隆行,隆行,,なつゆ,30421,「ごめん。俺はなつゆも好きだけど……なにものにも代えがたいって思える、いちばん大切な人は……りおんちゃんなんだ……」,
129700 ,,,,,,,,りおん,りおん,04rio159_005.wav,りおん,40306,「あ……隆行さま……」,
129800 ,,,,,,,,,,,りおん,40306,　それを聞くと、なつゆはそっと目を閉じ……それから隣を向き、優しく微笑んだ。,
129900 ,,,,,,,,なつゆ,なつゆ,03nat159_007.wav,なつゆ,30403,「ふふっ……だ、そうですわよ。りおんっ！」,
130000 ,,,,,,,,りおん,りおん,04rio159_006.wav,りおん,40319,「きゃっ……！？　うわわっ！」,
130300 ,,,,12,,7401,,,,,,,　なつゆがりおんちゃんの背中を、強く前に押し出す。,
130400 ,,,,,,7401,,,,,,,　そして前によろめいたりおんちゃんを、俺は胸の中にしっかりと抱きとめた。,
130500 ,,,,,,7401,,隆行,隆行,,,,「りおんちゃん……！」,
130600 ,,,,,,7401,,りおん,りおん,04rio159_007.wav,りおん,40101,「隆行さま……」,
130700 ,,,,,,7401,,なつゆ,なつゆ,03nat159_008.wav,なつゆ,30101,「うふふっ」,
130800 ,,,,,,7401,,,,,,,　なつゆはまた柔らかい笑顔で微笑むと、りおんちゃんを抱く俺を見て言った。,
130900 ,,,,,,7401,,なつゆ,なつゆ,03nat159_009.wav,なつゆ,30101,「吹っ切れましたわ」,
131000 ,,,,,,7401,,隆行,隆行,,,,「吹っ切れた……？」,
131100 ,,,,,,7401,,なつゆ,なつゆ,03nat159_010.wav,なつゆ,30101,「ずっとわたくしのそばに仕えてきたりおんの心を、先生が奪った嫉妬……そして、先生の心を……りおんが奪った嫉妬……」,
131200 ,,,,,,7401,,なつゆ,なつゆ,03nat159_011.wav,なつゆ,30101,「ごめんなさい、２週間もお待たせしまって。わたくし、小さい頃から何でも手に入ってきましたから……独占欲の強い、みにくい女になっておりましたわ」,
131300 ,,,,,,7401,,,,,,,　一瞬だけ眼をしばたたかせたなつゆは、すっと上を向くと……りおんちゃんの方に向き直り、あの＜凛＝りん＞とした声を発した。,
131400 ,,,,,,7401,,なつゆ,なつゆ,03nat159_012.wav,なつゆ,30101,「りおん」,
131500 ,,,,,,7401,,りおん,りおん,04rio159_008.wav,りおん,40101,「は、はいっ」,
131600 ,,,,,,7401,,なつゆ,なつゆ,03nat159_013.wav,なつゆ,30101,「あなたには、先生と二人で幸せになることを命じます。よろしいわね？」,
131700 ,,,,,,7401,,りおん,りおん,04rio159_009.wav,りおん,40101,「は……はいっ、なつゆお嬢様！　私、はりきって幸せになりますっ！」,
131800 ,,,,,,7401,,,,,,,　りおんちゃんが、ギュッと俺に抱きつく。俺も、その小さい身体をきつく抱きかえした。,
131900 ,,,,,,7401,,なつゆ,なつゆ,03nat159_014.wav,なつゆ,30101,「先生……りおんを、どうかよろしくお願いいたします」,
132000 ,,,,,,7401,,,,,,,　なつゆはそう言って深々と、本当に深々と頭を下げた。,
132100 ,,,,,,7401,,,,,,,　その姿からは、よどみない真摯な気持ちが伝わってくる。なつゆも、りおんちゃんのことを心から大切に想ってるんだな……。　,
132200 ,,,,,,7401,,隆行,隆行,,,,「もちろんだよ。俺はりおんちゃんを、絶対幸せにする」,
132300 ,,,,,,7401,,りおん,りおん,04rio159_010.wav,りおん,40101,「ふぇ……私、もうじゅうぶんに幸せですぅ……ふぇぇぇ……」,
132400 ,,,,,,7401,,,,,,,　りおんちゃんは、俺の胸に抱きついて泣きじゃくった。,
132500 ,,,,,,7401,,なつゆ,なつゆ,03nat159_015.wav,なつゆ,30101,「あら、見せつけてくれるわね。うふふふっ。……＜運転手＝ドライバー＞！」,
132600 ,,,,,,7401,,,,,,,　なつゆの呼びかけに対し、運転手らしき壮年の男性が、小気味よい返事をした。,
132700 ,,,,,,7401,,なつゆ,なつゆ,03nat159_016.wav,なつゆ,30101,「もう一台、ここに車を呼んでちょうだい。わたくしはそれで帰りますから。あなたは、これからこの二人をどこかロマンチックな場所に連れて差し上げて。よろしいわね」,
132800 ,,,,,,7401,,,,,,,　なつゆの言葉を受けた運転手は機敏な動作で礼をすると、カーナビらしき車内のコンソールを探り始める。,
132900 ,,,,,,7401,,りおん,りおん,04rio159_011.wav,りおん,40101,「そんな、なつゆお嬢様……！」,
133000 ,,,,,,7401,,なつゆ,なつゆ,03nat159_017.wav,なつゆ,30101,「いいのよ。……りおん、只今から明日の朝まで、当家の使用人の職を解きます。仕事のことはすべて忘れて、先生と楽しく過ごしてらっしゃい」,
133100 ,,,,,,7401,,りおん,りおん,04rio159_012.wav,りおん,40101,「なつゆお嬢様ぁ……ふぇぇぇん……」,
133200 ,,,,,,7401,,隆行,隆行,,,,「なつゆ……」,
133300 ,,,,,,7401,,,,,,,　俺は泣きじゃくるりおんちゃんの頭を撫でさすりながら、つぶやくように言った。,
133400 ,,,,,,7401,,隆行,隆行,,,,「お前も意外にやさし……ふごッ！？」,
133500 ,,,,,,7401,,,,,,,　そこまで言いかけて、なつゆの投げたカバンが俺の顔面にクリーンヒットする。,
133600 ,,,,,,7401,,なつゆ,なつゆ,03nat159_018.wav,なつゆ,30101,「わ、わたくしはただ、よく働く使用人に当然の休暇を与えているだけですっ！」,
133700 ,,,,,,7401,,りおん,りおん,04rio159_013.wav,りおん,40101,「はわわわっ、隆行さま……なつゆお嬢様……！」,
133800 ,,,,,,7401,,隆行,隆行,,,,「あいたたた……」,
133900 ,,,,,,7401,,なつゆ,なつゆ,03nat159_019.wav,なつゆ,30101,「んもう、そのカバンは高いんですのよ。はやく返してくださりません？」,
134000 ,,,,,,7401,,隆行,隆行,,,,「だったら投げるなよ……ほらっ」,
134100 ,,,,,,7401,,,,,,,　俺が意地悪くやや強めに投げ返したカバンを、なつゆは見事な手さばきで受け止める。,
134200 ,,,,,,7401,,なつゆ,なつゆ,03nat159_020.wav,なつゆ,30101,「ふんっ」,
134300 ,,,,,,7401,,隆行,隆行,,,,「くッ、ナイスキャッチ……」,
134400 ,,,,,,7401,,なつゆ,なつゆ,03nat159_021.wav,なつゆ,30101,「見え見えですわ」,
134500 ,,,,,,7401,,,,,,,　もう一台の、車の音が近づいた。,
134600 ,,,,,,7401,,,,,,,　なつゆは後ろを向いて、その車の方向へと静かに歩き出していく。,
134700 ,,,,,,7401,,隆行,隆行,,,,「なつゆ、ありがとな……」,
134800 ,,,,,,7401,,,,,,,　その声は聞こえているはずの距離だったが、なつゆは少しも歩みを淀ませることなく……新たに到着した車に乗り込んで、去っていった。,
134900 ,,,,,,7401,,りおん,りおん,04rio159_014.wav,りおん,40101,「隆行さま……」,
135000 ,,,,,,7401,,隆行,隆行,,,,「うん……りおんちゃん、これからどこに行こうか」,
135100 ,,,,,,7401,,りおん,りおん,04rio159_015.wav,りおん,40101,「隆行さまといっしょなら、私はどこでも……」,
135200 ,,,,,,7401,,隆行,隆行,,,,「そうだな……りおんちゃんは、この街を……じっくり見て歩いたことがあるかい？」,
135300 ,,,,,,7401,,りおん,りおん,04rio159_016.wav,りおん,40101,「えっ……？　いえ、私はずっと、お屋敷の中で働いておりましたから……この街のことは、ほとんど知りません……」,
135400 ,,,,,,7401,,隆行,隆行,,,,「そうか、やっぱりな……。じゃあ、二人でゆっくり散歩でもしようか。あてどなく、この街をただゆっくりと……」,
135500 ,,,,,,7401,,りおん,りおん,04rio159_017.wav,りおん,40101,「えっ……？」,
135600 ,,,,,,7401,,隆行,隆行,,,,「それとも……どこかテーマパークとか、ショッピングとかの方が良かった？」,
135700 ,,,,,,7401,,りおん,りおん,04rio159_018.wav,りおん,40101,「いえ……大好きな隆行さまと、なつゆお嬢様と、私が住むこの街のこと……知りたいです。隆行さまの思い出話も……たくさん聞かせてください」,
135800 ,,,,,,7401,,隆行,隆行,,,,「うん……じゃあ、そうしよう。俺が子供の頃の話とか、たくさんしてあげるよ。りおんちゃんの話も、聞きたいな」,
135900 ,,,,,,7401,,りおん,りおん,04rio159_019.wav,りおん,40101,「はい……。お屋敷でドジしちゃった話、たくさんあります▼」,
136000 ,,,,,,7401,,隆行,隆行,,,,「ははっ……それは楽しみだな」,
136100 ,,,,,,7401,,,,,,,　俺は一旦りおんちゃんの身体を離すと、直立不動で待っている黒服の運転手に向き直った。,
136200 ,,,,,,7401,,隆行,隆行,,,,「すみません、運転手さん……俺たち、この辺を歩いて回ることにします。どこに行くか、いつまで回ってるかわからないので……先にお屋敷へ戻っててくれますか」,
136300 ,,,,,,7401,,,,,,,　それを聞いた運転手の人は、驚いた顔を見せたが……じきに、笑顔でうなずき返してくれた。,
136400 ,,,,,,7401,,隆行,隆行,,,,「厚意を無にして、本当にすみません……なつゆにも、よろしく伝えてください」,
136500 ,,,,,,7401,,,,,,,　運転手の人は、また軽くうなずいた。そして黒塗りの大型車へ乗り込み、静かに走り去っていく。,
136600 ,,,,,,7401,,隆行,隆行,,,,「じゃ、のんびり歩こうか…………ほら」,
136700 ,,,,,,7401,,りおん,りおん,04rio159_020.wav,りおん,40101,「はい、隆行さま……」,
136800 ,,,,,,7401,,,,,,,　俺が差し出した手を、りおんちゃんがしっかりと握る。互いの指が、交互に重なった。,
136900 ,,,,,,7401,,,,,,,　そして……俺にとっては見知った街へ、りおんちゃんにとっては見知らぬ街へと、ゆっくり足を踏み出した。,
137000 ,,,,,,7401,,,,,,,　二人のぬくもりを、ひとつに握った手で共有しながら。,
137090 ,,,<!ef_ending_fade>,,9001,,,,,,,,,
137097 ,,,<wait 1000>,,,,,,,,,,,
137098 ,,,"<m_fade 0,2000>",4294967295,,,,,,,,,,
137099 ,,,<wait 1000>,,,,,,,,,,,
137200 ,$exit rion,,,,,,,,,,,,,
137300 ,&04rio210ds,,,4294967295,9000,,,,,,,,,
137580 ,,,<!se_natsuyu_chime><wait 700>,,,,,,,,,,,
137590 ,,,,7,6,,,,,,,,,
137600 ,,,,,,,,りおん,りおん,04rio160_001.wav,りおん,40102,「あ、隆行さま。お待ちしておりました」,
137700 ,,,,,,,,隆行,隆行,,りおん,40102,「うん、こんにちは」,
137800 ,,,,,,,,りおん,りおん,04rio160_002.wav,りおん,40101,「どうぞ、こちらへ」,
137990 ,,,<!ef_move>,,8,,,,,,,,,
138000 ,,,,,,,,りおん,りおん,04rio160_003.wav,りおん,40103,「今日もよろしくおねがいいたしますっ」,
138100 ,,,,,,,,隆行,隆行,,りおん,40103,「うん、こっちこそよろしくね」,
138200 ,,,,,,,,りおん,りおん,04rio160_004.wav,りおん,40101,「なつゆお嬢様のため、はりきっておべんきょういたしますっ！」,
138300 ,,,,,,,,隆行,隆行,,りおん,40101,「うん……」,
138500 ,$return,,,,,,,,,,,,,
138600 ,&04rio220ds,,,4294967295,9000,,,,,,,,,
138880 ,,,<!se_natsuyu_chime><wait 700>,,,,,,,,,,,
138890 ,,,,7,6,,,,,,,,,
138900 ,,,,,,,,りおん,りおん,04rio161_001.wav,りおん,40101,「隆行さま、いらっしゃいませ」,
139000 ,,,,,,,,隆行,隆行,,りおん,40101,「こんにちは。今日も元気だね」,
139100 ,,,,,,,,りおん,りおん,04rio161_002.wav,りおん,40103,「はいっ、元気がとりえのメイドですっ！」,
139300 ,,,<!ef_move>,,8,,,隆行,隆行,,,,「よし、それじゃ授業を始めようか」,
139400 ,,,,,,,,りおん,りおん,04rio161_003.wav,りおん,40131,「はいっ！」,
139500 ,,,,,,,,隆行,隆行,,りおん,40131,「あんまり肩に力が入りすぎてても良くないよ。リラックスしてね」,
139600 ,,,,,,,,りおん,りおん,04rio161_004.wav,りおん,40131,「はいっ！」,
139700 ,,,,,,,,隆行,隆行,,りおん,40131,「いや……だからリラックスを……」,
139800 ,,,,,,,,りおん,りおん,04rio161_005.wav,りおん,40131,「はい、はりきってリラックスしますっ！」,
139900 ,,,,,,,,隆行,隆行,,りおん,40131,「うん……もうそのノリでいいや……」,
140100 ,$return,,,,,,,,,,,,,
140200 ,&04rio230ds,,,4294967295,9000,,,,,,,,,
140490 ,,,<!se_natsuyu_chime><wait 700>,,,,,,,,,,,
140500 ,,,,7,6,,,隆行,隆行,,,,「こんにちは、りおんちゃん。さあ、素早く入ろうか」,
140600 ,,,,,,,,りおん,りおん,04rio162_001.wav,りおん,40120,「すみません、お気をつかってくださいまして……」,
140800 ,,,<!ef_move>,,8,,,隆行,隆行,,,,「さてと、準備はいいかい？」,
140900 ,,,,,,,,りおん,りおん,04rio162_002.wav,りおん,40103,「はい、ベッドメイクはかんぺきですっ」,
141000 ,,,,,,,,隆行,隆行,,りおん,40103,「ベッド……って」,
141100 ,,,,,,,,りおん,りおん,04rio162_003.wav,りおん,40119,「あっ、そういう意味じゃないですっ。『下準備』って意味で……」,
141200 ,,,,,,,,隆行,隆行,,りおん,40119,「下の……準備……」,
141300 ,,,,,,,,りおん,りおん,04rio162_004.wav,りおん,40109,「やぁぁんっ、隆行さま、セクハラですっ！」,
141500 ,$return,,,,,,,,,,,,,
141600 ,&04rio240ds,,,4294967295,9000,,,,,,,,,
141880 ,,,<!se_natsuyu_chime><wait 700>,,,,,,,,,,,
141890 ,,,,7,6,,,,,,,,,
141900 ,,,,,,,,りおん,りおん,04rio595_001.wav,りおん,40102,「あ、隆行さま。お待ちしておりました」,
142000 ,,,,,,,,隆行,隆行,,りおん,40102,「うん、こんにちは」,
142100 ,,,,,,,,りおん,りおん,04rio595_002.wav,りおん,40101,「どうぞ、こちらへ」,
142300 ,,,<!ef_move>,,8,,,隆行,隆行,,,,「りおんちゃん、今日も張り切ってるね」,
142400 ,,,,,,,,りおん,りおん,04rio595_003.wav,りおん,40102,「はいっ、いつでもはりきってますっ」,
142500 ,,,,,,,,隆行,隆行,,りおん,40102,「じゃ、今日も張り切って勉強しようか」,
142600 ,,,,,,,,りおん,りおん,04rio595_004.wav,りおん,40103,「はいっ、よろしくお願いしますっ」,
142800 ,$return,,,,,,,,,,,,,
142900 ,&04rio250ds,,,4294967295,9000,,,,,,,,,
143180 ,,,<!se_natsuyu_chime><wait 700>,,,,,,,,,,,
143190 ,,,,7,6,,,,,,,,,
143200 ,,,,,,,,りおん,りおん,04rio596_001.wav,りおん,40101,「隆行さま、いらっしゃいませ」,
143300 ,,,,,,,,隆行,隆行,,りおん,40101,「こんにちは。今日も元気だね」,
143400 ,,,,,,,,りおん,りおん,04rio596_002.wav,りおん,40103,「はいっ、元気がとりえのメイドですっ！」,
143590 ,,,<!ef_move>,,8,,,,,,,,,
143600 ,,,,,,,,りおん,りおん,04rio596_003.wav,りおん,40102,「さっそくおべんきょういたしましょうっ」,
143700 ,,,,,,,,隆行,隆行,,りおん,40102,「りおんちゃんの元気でこっちも張り切らなきゃって気になるよ」,
143800 ,,,,,,,,りおん,りおん,04rio596_004.wav,りおん,40101,「ほんとですかっ」,
143900 ,,,,,,,,隆行,隆行,,りおん,40101,「ほんとほんと。じゃあ張り切って勉強始めようか」,
144000 ,,,,,,,,りおん,りおん,04rio596_005.wav,りおん,40103,「はいっ」,
144300 ,$return,,,,,,,,,,,,,
144400 ,&04rio260ds,,,4294967295,9000,,,,,,,,,
144690 ,,,<!se_natsuyu_chime><wait 700>,,,,,,,,,,,
144700 ,,,,7,6,,,隆行,隆行,,,,「こんにちは、りおんちゃん。さあ、素早く入ろうか」,
144800 ,,,,,,,,りおん,りおん,04rio597_001.wav,りおん,40120,「すみません、お気をつかってくださいまして……」,
145000 ,,,<!ef_move>,,8,,,隆行,隆行,,,,「さてと、準備はいいかい？」,
145100 ,,,,,,,,りおん,りおん,04rio597_002.wav,りおん,40131,「はい、下ごしらえはかんぺきですっ」,
145200 ,,,,,,,,隆行,隆行,,りおん,40131,「なんか料理でも作るみたいだね」,
145300 ,,,,,,,,りおん,りおん,04rio597_003.wav,りおん,40102,「あ、そうですね。おりょうりも作るたびにいろんなこと覚えますし……」,
145400 ,,,,,,,,隆行,隆行,,りおん,40102,「料理は愛情って言うし、勉強も愛情でいきますか」,
145500 ,,,,,,,,りおん,りおん,04rio597_004.wav,りおん,40115,「あ、あいじょう……」,
145700 ,$return,,,,,,,,,,,,,
145800 ,&04rio310snd,,,7,8,,,,,,,,,
146200 ,,,,,,,,隆行,隆行,,,,「りおんちゃん、宿題を見せてくれるかな」,
146300 ,,,,,,,,りおん,りおん,04rio163_001.wav,りおん,40106,「あっ……それが……」,
146400 ,,,,,,,,隆行,隆行,,りおん,40106,「あっ、ひょっとして出来なかったのかな？」,
146500 ,,,,,,,,りおん,りおん,04rio163_002.wav,りおん,40113,「はい……むずかしすぎて……」,
146600 ,,,,,,,,隆行,隆行,,りおん,40113,「そうか……しまったな」,
146700 ,,,,,,,,,,,りおん,40113,　ああ、りおんちゃんにはまだ難しい問題を指定しちゃったか……。くそっ、判断ミスか。,
146900 ,$return,,,,,,,,,,,,,
147000 ,&04rio311snd,,,7,8,,,,,,,,,
147400 ,,,,,,,,隆行,隆行,,,,「あ、そうだりおんちゃん、宿題はどう？」,
147500 ,,,,,,,,りおん,りおん,04rio598_001.wav,りおん,40119,「……も、もうしわけありませんっ」,
147600 ,,,,,,,,隆行,隆行,,りおん,40119,「あら。やれなかったか……。多かった？」,
147700 ,,,,,,,,りおん,りおん,04rio598_002.wav,りおん,40122,「いえ……量とかじゃなくて、その……全然わかんなくて……」,
147800 ,,,,,,,,隆行,隆行,,りおん,40122,「難しかったか……」,
147900 ,,,,,,,,,,,りおん,40122,　ああ、りおんちゃんにはまだ難しい問題を指定しちゃったか……。くそっ、判断ミスか。,
148100 ,$return,,,,,,,,,,,,,
148200 ,&04rio312snd,,,7,8,,,,,,,,,
148600 ,,,,,,,,りおん,りおん,04rio599_001.wav,りおん,40122,「隆行さま……もうしわけありませんっ」,
148700 ,,,,,,,,隆行,隆行,,りおん,40122,「ん、どうしたの？」,
148800 ,,,,,,,,りおん,りおん,04rio599_002.wav,りおん,40105,「……しゅくだい、できませんでした」,
148900 ,,,,,,,,隆行,隆行,,りおん,40105,「あら。やれなかったか……。難しかった？」,
149000 ,,,,,,,,りおん,りおん,04rio599_003.wav,りおん,40122,「はい……」,
149100 ,,,,,,,,,,,りおん,40122,　ああ、りおんちゃんにはまだ難しい問題を指定しちゃったか……。くそっ、判断ミスか。,
149300 ,$return,,,,,,,,,,,,,
149400 ,&04rio320snm,,,7,8,,,,,,,,,
149800 ,,,,,,,,りおん,りおん,04rio164_001.wav,りおん,40106,「あのっ、もうしわけありません、隆行さま……」,
149900 ,,,,,,,,隆行,隆行,,りおん,40106,「んんっ、宿題……？」,
150000 ,,,,,,,,りおん,りおん,04rio164_002.wav,りおん,40122,「はい……おわりませんでした……」,
150100 ,,,,,,,,隆行,隆行,,りおん,40122,「量が多すぎたのかな……？」,
150200 ,,,,,,,,りおん,りおん,04rio164_003.wav,りおん,40113,「はい……もんだいは、わかるのですが……」,
150300 ,,,,,,,,,,,りおん,40113,　むう、りおんちゃんのこなせるペースより多い宿題を指定しちゃったか……。気をつけないとな。,
150500 ,$return,,,,,,,,,,,,,
150600 ,&04rio321snm,,,7,8,,,,,,,,,
151000 ,,,,,,,,隆行,隆行,,,,「さて、りおんちゃん、宿題は……」,
151100 ,,,,,,,,りおん,りおん,04rio600_001.wav,りおん,40119,「も、もうしわけありませんっ」,
151200 ,,,,,,,,隆行,隆行,,りおん,40119,「あれ、できなかった？　難しかったかな？」,
151300 ,,,,,,,,りおん,りおん,04rio600_002.wav,りおん,40106,「いえ……もんだいはとけるのですけど……量が」,
151400 ,,,,,,,,隆行,隆行,,りおん,40106,「そっか……」,
151500 ,,,,,,,,,,,りおん,40106,　むう、りおんちゃんのこなせるペースより多い宿題を指定しちゃったか……。気をつけないとな。,
151700 ,$return,,,,,,,,,,,,,
151800 ,&04rio322snm,,,7,8,,,,,,,,,
152200 ,,,,,,,,りおん,りおん,04rio601_001.wav,りおん,40122,「あ、あの……もうしわけありませんっ」,
152300 ,,,,,,,,隆行,隆行,,りおん,40122,「り、りおんちゃん？　どうしたの？」,
152400 ,,,,,,,,りおん,りおん,04rio601_002.wav,りおん,40106,「しゅくだい、まにあいませんでした」,
152500 ,,,,,,,,隆行,隆行,,りおん,40106,「ああ、宿題か……。多かったかな？」,
152600 ,,,,,,,,りおん,りおん,04rio601_003.wav,りおん,40122,「はい……ちょっと多かったです」,
152700 ,,,,,,,,隆行,隆行,,りおん,40122,「そっか……」,
152800 ,,,,,,,,,,,りおん,40122,　むう、りおんちゃんのこなせるペースより多い宿題を指定しちゃったか……。気をつけないとな。,
153000 ,$return,,,,,,,,,,,,,
153100 ,&04rio330sndm,,,7,8,,,,,,,,,
153500 ,,,,,,,,隆行,隆行,,,,「じゃ、宿題をチェックするよ」,
153600 ,,,,,,,,りおん,りおん,04rio165_001.wav,りおん,40119,「も、もうしわけありませんっ」,
153700 ,,,,,,,,隆行,隆行,,りおん,40119,「ん……？　できなかった？」,
153800 ,,,,,,,,りおん,りおん,04rio165_002.wav,りおん,40113,「はい……なかなかすすまないし、量も多くて……」,
153900 ,,,,,,,,隆行,隆行,,りおん,40113,「そっか……それはごめんね」,
154000 ,,,,,,,,,,,りおん,40113,　しまった、量が多いだけでなく問題も難しすぎたのか。りおんちゃんの実力は、しっかり把握しておかないとな……。,
154200 ,$return,,,,,,,,,,,,,
154300 ,&04rio331sndm,,,7,8,,,,,,,,,
154700 ,,,,,,,,隆行,隆行,,,,「それじゃ、りおんちゃん、宿題見せてもらおうかな」,
154800 ,,,,,,,,りおん,りおん,04rio602_001.wav,りおん,40106,「……もうしわけありません、できませんでした……」,
154900 ,,,,,,,,隆行,隆行,,りおん,40106,「あらら、難しかった？」,
155000 ,,,,,,,,りおん,りおん,04rio602_002.wav,りおん,40122,「はい……それに、量も多くて……」,
155100 ,,,,,,,,隆行,隆行,,りおん,40122,「そっか……それはごめんね」,
155200 ,,,,,,,,,,,りおん,40122,　しまった、量が多いだけでなく問題も難しすぎたのか。りおんちゃんの実力は、しっかり把握しておかないとな……。,
155400 ,$return,,,,,,,,,,,,,
155500 ,&04rio332sndm,,,7,8,,,,,,,,,
155900 ,,,,,,,,りおん,りおん,04rio603_001.wav,りおん,40106,「あ、あの……隆行さま……」,
156000 ,,,,,,,,隆行,隆行,,りおん,40106,「ん？　どうしたの、りおんちゃん」,
156100 ,,,,,,,,りおん,りおん,04rio603_002.wav,りおん,40122,「……しゅくだいできませんでした……もうしわけありません」,
156200 ,,,,,,,,隆行,隆行,,りおん,40122,「あらら、多かったかな」,
156300 ,,,,,,,,りおん,りおん,04rio603_003.wav,りおん,40105,「はい……それに、むずかしくて……」,
156400 ,,,,,,,,隆行,隆行,,りおん,40105,「そっか……それはごめんね」,
156500 ,,,,,,,,,,,りおん,40105,　しまった、量が多いだけでなく問題も難しすぎたのか。りおんちゃんの実力は、しっかり把握しておかないとな……。,
156700 ,$return,,,,,,,,,,,,,
156800 ,&04rio340sg,,,7,8,,,,,,,,,
157100 ,,,,,,,,隆行,隆行,,,,「まずは、宿題のチェックからね」,
157200 ,,,,,,,,りおん,りおん,04rio166_001.wav,りおん,40101,「はい、こちらです。チェックおねがいしますっ」,
157290 ,$call HomeWorkAffect,,,,,,,,,,,,,
157300 ,,,,,,,,隆行,隆行,,りおん,40101,「うん、どれどれ……ＯＫ、しっかりやってあるね」,
157400 ,,,,,,,,りおん,りおん,04rio166_002.wav,りおん,40102,「はい、ありがとうございますっ」,
157500 ,,,,,,,,隆行,隆行,,りおん,40102,「りおんちゃんは素直でいいなあ。俺も気分良く授業に入れるよ」,
157600 ,,,,,,,,りおん,りおん,04rio166_003.wav,りおん,40103,「すなおなこころと誠意のきもちは、＜召し使い＝メイド＞に大切なことだって……婦長さんにもつねづね言われてますっ」,
157700 ,,,,,,,,隆行,隆行,,りおん,40103,「それじゃ、今日の授業はこの前の続きね。テキストを開いて……」,
157900 ,$return,,,,,,,,,,,,,
158000 ,&04rio341sg,,,7,8,,,,,,,,,
158300 ,,,,,,,,隆行,隆行,,,,「ああそうそう、宿題のチェックを忘れるところだった」,
158400 ,,,,,,,,りおん,りおん,04rio167_001.wav,りおん,40101,「隆行さま、こちらですっ」,
158490 ,$call HomeWorkAffect,,,,,,,,,,,,,
158500 ,,,,,,,,隆行,隆行,,りおん,40101,「っと……はい、ＯＫだよ」,
158600 ,,,,,,,,りおん,りおん,04rio167_002.wav,りおん,40102,「ありがとうございますっ」,
158700 ,,,,,,,,隆行,隆行,,りおん,40102,「じゃあ、授業に入ろうか」,
158800 ,,,,,,,,りおん,りおん,04rio167_003.wav,りおん,40103,「はいっ」,
159000 ,$return,,,,,,,,,,,,,
159100 ,&04rio342sg,,,7,8,,,,,,,,,
159400 ,,,,,,,,りおん,りおん,04rio168_001.wav,りおん,40101,「隆行さま、しゅくだいのチェックはなさらないんですか？」,
159500 ,,,,,,,,隆行,隆行,,りおん,40101,「うん、これからやるよ」,
159600 ,,,,,,,,りおん,りおん,04rio168_002.wav,りおん,40102,「どうぞ、こちらです」,
159690 ,$call HomeWorkAffect,,,,,,,,,,,,,
159700 ,,,,,,,,隆行,隆行,,りおん,40102,「はいはい……うん、確認終了」,
159800 ,,,,,,,,りおん,りおん,04rio168_003.wav,りおん,40103,「ありがとうございますっ」,
159900 ,,,,,,,,隆行,隆行,,りおん,40103,「さて、テキストを開いてね……」,
160200 ,$return,,,,,,,,,,,,,
160300 ,&04rio343sg,,,7,8,,,,,,,,,
160600 ,,,,,,,,隆行,隆行,,,,「さて、この前出した宿題を見せてくれるかな」,
160700 ,,,,,,,,りおん,りおん,04rio169_001.wav,りおん,40102,「こちらですっ」,
160790 ,$call HomeWorkAffect,,,,,,,,,,,,,
160800 ,,,,,,,,隆行,隆行,,りおん,40102,「えーと……うん、丁寧にやってあるね」,
160900 ,,,,,,,,りおん,りおん,04rio169_002.wav,りおん,40103,「はいっ」,
161000 ,,,,,,,,隆行,隆行,,りおん,40103,「じゃあ、始めるからね。今日も頑張って進めよう」,
161200 ,$return,,,,,,,,,,,,,
161300 ,&04rio510lg,,,9,8,,,,,,,,,
161700 ,,,,,,,,隆行,隆行,,,,「よっし、じゃあ今日はここまでね。なにか質問はあるかな？」,
161800 ,,,,,,,,りおん,りおん,04rio170_001.wav,りおん,40103,「ありません、バッチリでしたっ」,
161900 ,,,,,,,,隆行,隆行,,りおん,40103,「そっか、それは良かったよ」,
162000 ,,,,,,,,りおん,りおん,04rio170_002.wav,りおん,40102,「ベッドに、シーツをシワひとつなく張れた気分です。ピンポン球がポンポンはねちゃうぐらいピッチリですよっ」,
162100 ,,,,,,,,,,,りおん,40102,　うん、りおんちゃんも手応え充分のようだな。シーツの例えはよくわかんないけど……。,
162300 ,$return,,,,,,,,,,,,,
162400 ,&04rio511lg,,,9,8,,,,,,,,,
162800 ,,,,,,,,隆行,隆行,,,,「よっし、じゃあ今日はここまでね。なにか質問はあるかな？」,
162900 ,,,,,,,,りおん,りおん,04rio604_001.wav,りおん,40103,「ありません、バッチリでしたっ」,
163000 ,,,,,,,,隆行,隆行,,りおん,40103,「そっか、それは良かったよ」,
163100 ,,,,,,,,りおん,りおん,04rio604_002.wav,りおん,40102,「おみそしる作るときに会心のダシがとれた時のような気分ですっ」,
163200 ,,,,,,,,,,,りおん,40102,　うん、りおんちゃんも手応え充分のようだな。お味噌汁の例えはよくわかんないけど……。,
163400 ,$return,,,,,,,,,,,,,
163500 ,&04rio512lg,,,9,8,,,,,,,,,
163900 ,,,,,,,,隆行,隆行,,,,「よっし、じゃあ今日はここまでね。なにか質問はあるかな？」,
164000 ,,,,,,,,りおん,りおん,04rio604_001.wav,りおん,40103,「ありません、バッチリでしたっ」,
164100 ,,,,,,,,隆行,隆行,,りおん,40103,「そっか、それは良かったよ」,
164200 ,,,,,,,,,りおん,04rio604_003.wav,りおん,40102,「窓ガラスがカンペキにきれいになって、思わず手を出してつきゆびしちゃった時のような気分ですっ」,
164210 ,,,,,,,,,,,りおん,40102,　うん、りおんちゃんも手応え充分のようだな。窓ガラスの例えはよくわかんないけど……。,
164230 ,$return,,,,,,,,,,,,,
164240 ,&04rio513lg,,,9,8,,,,,,,,,
164280 ,,,,,,,,隆行,隆行,,,,「よっし、じゃあ今日はここまでね。なにか質問はあるかな？」,
164290 ,,,,,,,,りおん,りおん,04rio604_001.wav,りおん,40103,「ありません、バッチリでしたっ」,
164291 ,,,,,,,,隆行,隆行,,りおん,40103,「そっか、それは良かったよ」,
164292 ,,,,,,,,,りおん,04rio604_004.wav,りおん,40102,「お洋服についちゃったシミがきれいに取れたときのような気分ですっ」,
164293 ,,,,,,,,,,,りおん,40102,　うん、りおんちゃんも手応え充分のようだな。シミの例えはよくわかんないけど……。,
164295 ,$return,,,,,,,,,,,,,
164300 ,&04rio520ln,,,9,8,,,,,,,,,
164700 ,,,,,,,,隆行,隆行,,,,「じゃ、授業はここまでね。後からわからないところが出てきたら、遠慮なく連絡して」,
164800 ,,,,,,,,りおん,りおん,04rio171_001.wav,りおん,40101,「はい、わかりましたっ」,
164900 ,,,,,,,,隆行,隆行,,りおん,40101,「どう？　今日の調子は」,
165000 ,,,,,,,,りおん,りおん,04rio171_002.wav,りおん,40102,「いいと思いますっ。おそうじも全部のホコリを気にしたらとても終わらないので、ほどほどを見極めろって婦長さんにも言われましたっ」,
165100 ,,,,,,,,,,,りおん,40102,　うーん、今回は『まあまあ』ってところなのかな。それにしても、りおんちゃんの例えはわかりにくい……。,
165300 ,$return,,,,,,,,,,,,,
165400 ,&04rio521ln,,,9,8,,,,,,,,,
165800 ,,,,,,,,隆行,隆行,,,,「じゃ、授業はここまでね。後からわからないところが出てきたら、遠慮なく連絡して」,
165900 ,,,,,,,,りおん,りおん,04rio605_001.wav,りおん,40101,「はい、わかりましたっ」,
166000 ,,,,,,,,隆行,隆行,,りおん,40101,「どう？　今日の調子は」,
166100 ,,,,,,,,,りおん,04rio605_002.wav,りおん,40102,「いいと思いますっ。おりょうりの味かげんも気にしすぎるともっとおかしくなるから、ほどほどを見極めろって婦長さんにも言われましたっ」,
166200 ,,,,,,,,りおん,,,りおん,40102,　うーん、今回は『まあまあ』ってところなのかな。それにしても、りおんちゃんの例えはわかりにくい……。,
166380 ,$return,,,,,,,,,,,,,
166390 ,&04rio522ln,,,9,8,,,,,,,,,
166397 ,,,,,,,,隆行,隆行,,,,「じゃ、授業はここまでね。後からわからないところが出てきたら、遠慮なく連絡して」,
166398 ,,,,,,,,りおん,りおん,04rio605_001.wav,りおん,40101,「はい、わかりましたっ」,
166399 ,,,,,,,,隆行,隆行,,りおん,40101,「どう？　今日の調子は」,
166400 ,,,,,,,,りおん,りおん,04rio605_003.wav,りおん,40102,「いいと思いますっ。お洋服のよごれも気にしすぎるといたんじゃうだけだから、ほどほどを見極めろって婦長さんにも言われましたっ」,
166500 ,,,,,,,,りおん,,,りおん,40102,　うーん、今回は『まあまあ』ってところなのかな。それにしても、りおんちゃんの例えはわかりにくい……。,
166590 ,$return,,,,,,,,,,,,,
166593 ,&04rio523ln,,,9,8,,,,,,,,,
166597 ,,,,,,,,隆行,隆行,,,,「じゃ、授業はここまでね。後からわからないところが出てきたら、遠慮なく連絡して」,
166598 ,,,,,,,,りおん,りおん,04rio605_001.wav,りおん,40101,「はい、わかりましたっ」,
166599 ,,,,,,,,隆行,隆行,,りおん,40101,「どう？　今日の調子は」,
166600 ,,,,,,,,りおん,りおん,04rio605_004.wav,りおん,40102,「いいと思いますっ。窓ガラスのよごれも気にしすぎると一枚に何時間もかかっちゃうから、ほどほどを見極めろって婦長さんにも言われましたっ」,
166800 ,,,,,,,,,,,りおん,40102,　うーん、今回は『まあまあ』ってところなのかな。それにしても、りおんちゃんの例えはわかりにくい……。,
167000 ,$return,,,,,,,,,,,,,
167100 ,&04rio530lb,,,9,8,,,,,,,,,
167500 ,,,,,,,,隆行,隆行,,,,「えっと、今日はここで終わるけど……」,
167600 ,,,,,,,,りおん,りおん,04rio172_001.wav,りおん,40122,「はい……ありがとうございました……」,
167700 ,,,,,,,,隆行,隆行,,りおん,40122,「どうもイマイチだったみたいだね、りおんちゃん」,
167800 ,,,,,,,,りおん,りおん,04rio172_002.wav,りおん,40106,「うう……服についたシミが、なかなか落ちないお洗濯みたいでした……何度やっても……あうう」,
167900 ,,,,,,,,,,,りおん,40106,　ううむ、今回は効果的な授業ができなかったか。りおんちゃんの例えも、一段と混迷を増しているな……。,
168100 ,$return,,,,,,,,,,,,,
168200 ,&04rio531lb,,,9,8,,,,,,,,,
168600 ,,,,,,,,隆行,隆行,,,,「えっと、今日はここで終わるけど……」,
168700 ,,,,,,,,りおん,りおん,04rio606_001.wav,りおん,40122,「はい……ありがとうございました……」,
168800 ,,,,,,,,隆行,隆行,,りおん,40122,「どうもイマイチだったみたいだね、りおんちゃん」,
168900 ,,,,,,,,りおん,りおん,04rio606_002.wav,りおん,40106,「うう……フライパンの火加減をまちがえて、たまねぎがあっという間にまっくろこげになってしまった時のようでした……あうう」,
169000 ,,,,,,,,,,,りおん,40106,　ううむ、今回は効果的な授業ができなかったか。りおんちゃんの例えも、一段と混迷を増しているな……。,
169190 ,$return,,,,,,,,,,,,,
169193 ,&04rio532lb,,,9,8,,,,,,,,,
169197 ,,,,,,,,隆行,隆行,,,,「えっと、今日はここで終わるけど……」,
169198 ,,,,,,,,りおん,りおん,04rio606_001.wav,りおん,40122,「はい……ありがとうございました……」,
169199 ,,,,,,,,隆行,隆行,,りおん,40122,「どうもイマイチだったみたいだね、りおんちゃん」,
169200 ,,,,,,,,りおん,りおん,04rio606_003.wav,りおん,40106,「うう……お皿あらいの時に一枚落としたのにあわてて、次々とお皿を割ってしまった時のようでした……あうう」,
169390 ,$return,,,,,,,,,,,,,
169393 ,&04rio533lb,,,9,8,,,,,,,,,
169397 ,,,,,,,,隆行,隆行,,,,「えっと、今日はここで終わるけど……」,
169398 ,,,,,,,,りおん,りおん,04rio606_001.wav,りおん,40122,「はい……ありがとうございました……」,
169399 ,,,,,,,,隆行,隆行,,りおん,40122,「どうもイマイチだったみたいだね、りおんちゃん」,
169400 ,,,,,,,,りおん,りおん,04rio606_004.wav,りおん,40106,「うう……なかなかピシッとしけないシーツのようでした……こっちを引っ張ればむこうが……あうう」,
169600 ,,,,,,,,,,,りおん,40106,　ううむ、今回は効果的な授業ができなかったか。りおんちゃんの例えも、一段と混迷を増しているな……。,
169800 ,$return,,,,,,,,,,,,,
169900 ,&04rio610t,,,9,8,,,,,,,,,
170200 ,,,,,,,,隆行,隆行,,,,「最後のシメは、仕上げのテストだよ」,
170300 ,,,,,,,,りおん,りおん,04rio173_001.wav,りおん,40131,「はい、がんばりますっ！」,
170400 ,,,,,,,,隆行,隆行,,りおん,40131,「実力を全て出し切るのが目的だからね、気負わないで」,
170500 ,,,,,,,,りおん,りおん,04rio173_002.wav,りおん,40131,「はいっ」,
170700 ,$return,,,,,,,,,,,,,
170800 ,&04rio620t,,,9,8,,,,,,,,,
171100 ,,,,,,,,隆行,隆行,,,,「それじゃ、テストにいくからね」,
171200 ,,,,,,,,りおん,りおん,04rio174_001.wav,りおん,40103,「はい、よろしくおねがいしますっ」,
171300 ,,,,,,,,隆行,隆行,,りおん,40103,「落ち着いて、時間配分も気をつけよう」,
171400 ,,,,,,,,りおん,りおん,04rio174_002.wav,りおん,40103,「はいっ」,
171600 ,$return,,,,,,,,,,,,,
171700 ,&04rio630t,,,9,8,,,,,,,,,
172000 ,,,,,,,,りおん,りおん,04rio175_001.wav,りおん,40101,「さいごはテストですね、隆行さま」,
172100 ,,,,,,,,隆行,隆行,,りおん,40101,「うん、リラックスしてやるんだぞ」,
172200 ,,,,,,,,りおん,りおん,04rio175_002.wav,りおん,40103,「はいっ」,
172400 ,$return,,,,,,,,,,,,,
172500 ,&04rio710tb,,<!ef_timepass>,7,8,,,,,,,,,
172800 ,,,,,,,,隆行,隆行,,,,「うーん、今回はちょっと……合格にはできないね」,
172900 ,,,,,,,,りおん,りおん,04rio176_001.wav,りおん,40106,「ううっ、すみませんでした……」,
173000 ,,,,,,,,隆行,隆行,,りおん,40106,「なにも謝ることなんてないよ」,
173100 ,,,,,,,,りおん,りおん,04rio176_002.wav,りおん,40101,「次は……もっともっとがんばりますっ！」,
173300 ,$return,,,,,,,,,,,,,
173400 ,&04rio720tb,,<!ef_timepass>,7,8,,,,,,,,,
173700 ,,,,,,,,隆行,隆行,,,,「ううむ、残念ながら不合格……だなあ」,
173800 ,,,,,,,,りおん,りおん,04rio177_001.wav,りおん,40122,「ううっ、どりょくが足りませんでした……」,
173900 ,,,,,,,,隆行,隆行,,りおん,40122,「でも決して無駄じゃないよ、次につながるんだから」,
174000 ,,,,,,,,りおん,りおん,04rio177_002.wav,りおん,40103,「はいっ、気を取り直してがんばりますっ！」,
174200 ,$return,,,,,,,,,,,,,
174300 ,&04rio730tb,,<!ef_timepass>,7,8,,,,,,,,,
174600 ,,,,,,,,隆行,隆行,,,,「惜しい、もうちょっとだな……」,
174700 ,,,,,,,,りおん,りおん,04rio178_001.wav,りおん,40122,「はうう、ツメが甘かったですか……」,
174800 ,,,,,,,,隆行,隆行,,りおん,40122,「まだまだ、次があるさ」,
174900 ,,,,,,,,りおん,りおん,04rio178_002.wav,りおん,40131,「はい、簡単にはへこたれないのが私のとりえですっ！」,
175100 ,$return,,,,,,,,,,,,,
175200 ,&04rio810ssm,,,7,8,,,,,,,,,
175600 ,,,,,,,,隆行,隆行,,,,「宿題は以上ね。いい？」,
175700 ,,,,,,,,りおん,りおん,04rio179_001.wav,りおん,40119,「あ、あのっ、えーと……がんばってみますっ」,
175800 ,,,,,,,,隆行,隆行,,りおん,40119,「あっ、多かったかな……？」,
175900 ,,,,,,,,りおん,りおん,04rio179_002.wav,りおん,40113,「は、はい……そうかも……でも、がんばりますっ」,
176100 ,$return,,,,,,,,,,,,,
176200 ,&04rio811ssm,,,7,8,,,,,,,,,
176600 ,,,,,,,,隆行,隆行,,,,「ここから……ここまで、と。宿題の範囲はこんな感じ」,
176700 ,,,,,,,,りおん,りおん,04rio607_001.wav,りおん,40119,「は、はいっ」,
176800 ,,,,,,,,隆行,隆行,,りおん,40119,「ちょっと多いかな……」,
176900 ,,,,,,,,りおん,りおん,04rio607_002.wav,りおん,40118,「なんとかやってみますっ」,
177000 ,,,,,,,,隆行,隆行,,りおん,40118,「うん、がんばってみて」,
177200 ,$return,,,,,,,,,,,,,
177300 ,&04rio812ssm,,,7,8,,,,,,,,,
177700 ,,,,,,,,隆行,隆行,,,,「じゃ、宿題はこの範囲ね。大丈夫かな」,
177800 ,,,,,,,,りおん,りおん,04rio608_001.wav,りおん,40113,「ちょっと多いかもしれません……」,
177900 ,,,,,,,,隆行,隆行,,りおん,40113,「あ、やっぱり……？」,
178000 ,,,,,,,,りおん,りおん,04rio608_002.wav,りおん,40120,「でも、がんばってみますっ」,
178200 ,$return,,,,,,,,,,,,,
178300 ,&04rio820ssg,,,7,8,,,,,,,,,
178700 ,,,,,,,,隆行,隆行,,,,「じゃ、この宿題は来週までにやってきてね」,
178800 ,,,,,,,,りおん,りおん,04rio180_001.wav,りおん,40131,「はいっ、必ずやり終えますっ」,
178900 ,,,,,,,,隆行,隆行,,りおん,40131,「できる……？」,
179000 ,,,,,,,,りおん,りおん,04rio180_002.wav,りおん,40103,「はい、だいじょうぶですっ」,
179200 ,$return,,,,,,,,,,,,,
179300 ,&04rio821ssg,,,7,8,,,,,,,,,
179700 ,,,,,,,,隆行,隆行,,,,「宿題の範囲はこんなもんだけど、大丈夫かな」,
179800 ,,,,,,,,りおん,りおん,04rio609_001.wav,りおん,40103,「はいっ、ばっちりです」,
179900 ,,,,,,,,隆行,隆行,,りおん,40103,「うん、がんばってね」,
180000 ,,,,,,,,りおん,りおん,04rio609_002.wav,りおん,40131,「がんばりますっ」,
180200 ,$return,,,,,,,,,,,,,
180300 ,&04rio822ssg,,,7,8,,,,,,,,,
180700 ,,,,,,,,隆行,隆行,,,,「……ここまでっと。宿題は以上だけどわかったかな」,
180800 ,,,,,,,,りおん,りおん,04rio610_001.wav,りおん,40103,「はいっ、かしこまりましたっ」,
180900 ,,,,,,,,隆行,隆行,,りおん,40103,「できそうかな？」,
181000 ,,,,,,,,りおん,りおん,04rio610_002.wav,りおん,40101,「たぶん大丈夫だと思います」,
181200 ,$return,,,,,,,,,,,,,
181300 ,&04rio830ssl,,,7,8,,,,,,,,,
181700 ,,,,,,,,りおん,りおん,04rio181_001.wav,りおん,40114,「隆行さま、しゅくだいは……」,
181800 ,,,,,,,,隆行,隆行,,りおん,40114,「うん、いま言ったトコだけだよ」,
181900 ,,,,,,,,りおん,りおん,04rio181_002.wav,りおん,40121,「よろしいんですか……？」,
182000 ,,,,,,,,隆行,隆行,,りおん,40121,「う、少なすぎたかな……？　でもまあ、りおんちゃんも忙しいだろうし。それだけでいいよ」,
182100 ,,,,,,,,りおん,りおん,04rio181_003.wav,りおん,40120,「はい……わかりました」,
182300 ,$return,,,,,,,,,,,,,
182400 ,&04rio831ssl,,,7,8,,,,,,,,,
182800 ,,,,,,,,隆行,隆行,,,,「じゃ、宿題はここまでね」,
182900 ,,,,,,,,りおん,りおん,04rio611_001.wav,りおん,40114,「……これだけでよろしいのですか？」,
183000 ,,,,,,,,隆行,隆行,,りおん,40114,「ちょっと少なかったかな……」,
183100 ,,,,,,,,りおん,りおん,04rio611_002.wav,りおん,40113,「かもしれません……」,
183200 ,,,,,,,,隆行,隆行,,りおん,40113,「でもまぁ、りおんちゃんも大変だろうし、今日のところはこれくらいってことで」,
183300 ,,,,,,,,りおん,りおん,04rio611_003.wav,りおん,40101,「お気づかいありがとうございますっ」,
183500 ,$return,,,,,,,,,,,,,
183600 ,&04rio832ssl,,,7,8,,,,,,,,,
184000 ,,,,,,,,隆行,隆行,,,,「宿題は、ここから……ここまでっと」,
184100 ,,,,,,,,りおん,りおん,,りおん,40101,「……」,
184200 ,,,,,,,,隆行,隆行,,りおん,40101,「りおんちゃん？」,
184300 ,,,,,,,,りおん,りおん,04rio612_002.wav,りおん,40114,「え！？　あ、これだけですか？　……次を待ってました……」,
184400 ,,,,,,,,隆行,隆行,,りおん,40114,「少なかったかな……？　増やす？」,
184500 ,,,,,,,,りおん,りおん,04rio612_003.wav,りおん,40120,「え、えと……隆行さまが増やしたいとおっしゃるなら……」,
184600 ,,,,,,,,隆行,隆行,,りおん,40120,「ははは、うそうそ。今回はこれでいいよ」,
184700 ,,,,,,,,りおん,りおん,04rio612_004.wav,りおん,40101,「はい、かしこまりましたっ」,
184900 ,$return,,,,,,,,,,,,,
185000 ,&04rio910de,,,7,8,,,,,,,,,
185300 ,,,,,,,,りおん,りおん,04rio182_001.wav,りおん,40102,「隆行さま、おつかれさまでございました。本日も教えていただきまして、ありがとうございますっ」,
185400 ,,,,,,,,隆行,隆行,,りおん,40102,「いや……いいんだよ、そんな丁寧にしなくても」,
185500 ,,,,,,,,りおん,りおん,04rio182_002.wav,りおん,40103,「いえ、こういうところはきちんとしませんとっ」,
185600 ,,,,,,,,隆行,隆行,,りおん,40103,「俺も堅苦しいのは苦手だしさ、細かい礼儀とかは気にしなくていいからね」,
185700 ,,,,,,,,りおん,りおん,04rio182_003.wav,りおん,40101,「はい……」,
185800 ,,,,,,,,隆行,隆行,,りおん,40101,「じゃ、俺そろそろ帰るから」,
185900 ,,,,,,,,りおん,りおん,04rio182_004.wav,りおん,40118,「あっ……隆行さま、ただいまお茶のご用意を……！」,
186000 ,,,,,,,,隆行,隆行,,りおん,40118,「いいよいいよ、そこまで気を遣わなくても」,
186100 ,,,,,,,,りおん,りおん,04rio182_005.wav,りおん,40106,「でも……」,
186200 ,,,,,,,,隆行,隆行,,りおん,40106,「りおんちゃんだって、メイドの仕事がいろいろあるんだろう？　俺の為なんかに時間を使わず、自分の時間を優先させてよ」,
186300 ,,,,,,,,りおん,りおん,04rio182_006.wav,りおん,40113,「隆行さまのためだから……使いたいんですけど……」,
186400 ,,,,,,,,隆行,隆行,,りおん,40113,「んん？」,
186500 ,,,,,,,,りおん,りおん,04rio182_007.wav,りおん,40120,「あっ、いえ……それでは、お言葉に甘えさせていただきますっ」,
186600 ,,,,,,,,隆行,隆行,,りおん,40120,「うん……りおんちゃん、メイドのお仕事も頑張ってね」,
186700 ,,,,,,,,りおん,りおん,04rio182_008.wav,りおん,40103,「はいっ！　しつれいいたしますっ」,
186800 ,,,<!se_natsuyu_door>,,,,,,,,,,　りおんちゃんは素早く頭を下げて一礼し、元気に部屋を出て行った。,
186900 ,,,,,,,,隆行,隆行,,,,「りおんちゃんぐらいの＜年齢＝とし＞でメイドの仕事か……いろいろ大変なんだろうなあ」,
187000 ,,,,,9000,,,,,,,,　そうつぶやきながらカバンを手に取ると、俺も勉強部屋を後にした。,
187200 ,$return,,,,,,,,,,,,,
187300 ,&04rio920de,,,7,8,,,,,,,,,
187600 ,,,,,,,,隆行,隆行,,,,「今日はここまで。りおんちゃん、お疲れ様」,
187700 ,,,,,,,,りおん,りおん,04rio183_001.wav,りおん,40103,「ありがとうございました、隆行さま」,
187800 ,,,,,,,,隆行,隆行,,りおん,40103,「宿題は、忘れずにやっておいてね……って、んんっ？」,
187900 ,,,,,,,,なつゆ,なつゆ,03nat183_001.wav,,,「……りおん、りおん！」,
188100 ,,,,,,,,りおん,りおん,04rio183_002.wav,りおん,40118,「あっ、なつゆお嬢様がお呼びになってますっ！　私いかないと！」,
188200 ,,,,,,,,隆行,隆行,,りおん,40118,「テキストやノートは俺が片づけておくから、早く行くといいよ」,
188300 ,,,,,,,,りおん,りおん,04rio183_003.wav,りおん,40119,「すみません……おねがいいたしますっ！」,
188400 ,,,<!se_natsuyu_door>,,,,,,,,,,　りおんちゃんは俺に頭を下げて、パタパタと部屋を出て行った。,
188500 ,,,,,,,,隆行,隆行,,,,「大変なんだろうな……勉強と仕事の両立ってのは」,
188600 ,,,,,,,,,,,,,　机に残されたりおんちゃんの筆記用具やテキストなどを片づけていると、今週の宿題範囲をメモした紙片が目に入った。,
188700 ,,,,,,,,,,,,,　俺はそれを手に取り、その片隅にそっとメッセージを書き付ける。,
188800 ,,,,,,,,,,,,,　……『がんばって』と。,
189000 ,$return,,,,,,,,,,,,,
189100 ,&04rio930de,,,7,8,,,,,,,,,
189400 ,,,,,,,,隆行,隆行,,,,「お疲れ様、今日はこれで終わりだよ」,
189500 ,,,,,,,,りおん,りおん,04rio184_001.wav,りおん,40103,「はい、ありがとうございましたっ」,
189600 ,,,,,,,,隆行,隆行,,りおん,40103,「んんっ、と……ああ、座りっぱなしは身体が凝るなあ」,
189700 ,,,,,,,,りおん,りおん,04rio184_002.wav,りおん,40101,「あっ、私がマッサージいたしましょうか……？」,
189800 ,,,,,,,,隆行,隆行,,りおん,40101,「いっ、いいよ、それは……！」,
189900 ,,,,,,,,,,,りおん,40101,　顔を赤くしながら慌てて拒否する俺を見て、りおんちゃんも頬を染めて否定する。,
190000 ,,,,,,,,りおん,りおん,04rio184_003.wav,りおん,40119,「あっ……ち、ちがいますっ！　その……ふつうのマッサージのつもりでしたっ」,
190100 ,,,,,,,,隆行,隆行,,りおん,40119,「えっ、ごめん……勘違いしちゃった」,
190200 ,,,,,,,,りおん,りおん,04rio184_004.wav,りおん,40115,「でも……えっちなマッサージでも、いいですけど……」,
190300 ,,,,,,,,隆行,隆行,,りおん,40115,「い、いや、今日のところは遠慮しておくよ。それじゃ、また来週ね」,
190400 ,,,,,,,,りおん,りおん,04rio184_005.wav,りおん,40119,「ああっ、隆行さま……っ！」,
190500 ,,,,,9000,,,,,,,,　身の危険を感じた俺は、慌てて部屋を後にした。,
190700 ,$return,,,,,,,,,,,,,

