%line,%seq,%cheffect,%effect1,%music,%bg,%cg,%ov,%truename,%name,%voice,%st_center_name,%st_center,%text,
10000 ,&06kei000op,,,4294967295,9000,,,,,,,,,
10290 ,,,<!se_chime_ext><wait 700>,,,,,,,,,,,
10300 ,,,,5,10,,,,,,,,　すでに俺の教え子である、はるかちゃんの家に……当然ながら、俺は迷うことなくたどり着いた。,
10400 ,,,,,,,,,,,,,　はるかちゃんの弟、けいとくん……一応面識はあるから、そんなにやりにくい教え子でもないと思うけど。,
10590 ,,,<!se_door_home_open><wait 700>,,,,,,,,,,,
10600 ,,,,,,,,はるか,はるか,05har227_001.wav,はるか,50114,「はい…………あれっ、先生……！？」,
10700 ,,,,,,,,隆行,隆行,,はるか,50114,「やあ、はるかちゃん」,
10800 ,,,,,,,,はるか,はるか,05har227_002.wav,はるか,50118,「今日、じゅぎょうの日じゃないですよね……？　どうして……」,
10900 ,,,,,,,,隆行,隆行,,はるか,50118,「けいとくん、いるかい？」,
11000 ,,,,,,,,はるか,はるか,05har227_003.wav,はるか,50114,「えっ、けいとですか？　いますけど…………ああっ！」,
11100 ,,,,,,,,はるか,はるか,05har227_004.wav,はるか,50118,「お母さんから、けいともかていきょうしの先生をおねがいしたって聞いたけど……ひょっとして、先生が！？」,
11200 ,,,,,,,,隆行,隆行,,はるか,50118,「うん、そうだよ。まあ、偶然というかなんと言うか……センターから送られてきた資料の中に、けいとくんの名前があってね」,
11300 ,,,,,,,,はるか,はるか,05har227_005.wav,はるか,50101,「そうなんですか…………あっ、ごめんなさい。けいと呼んできます」,
11400 ,,,,,,,,隆行,隆行,,はるか,50101,「うん、お願い」,
11500 ,,,,,,,,,,,,,　はるかちゃんはパタパタと家の中へ戻ると、しばらくしてから弟のけいとくんを連れて出てきた。,
11600 ,,,,,,,,けいと,けいと,06kei227_001.wav,けいと,60114,「あ……」,
11700 ,,,,,,,,隆行,隆行,,けいと,60114,「やっ、久しぶり。けいとくん」,
11800 ,,,,,,,,けいと,けいと,06kei227_002.wav,けいと,60114,「えっ、お姉ちゃんの先生が、ボクの……？」,
11900 ,,,,,,,,隆行,隆行,,けいと,60114,「ああ、俺が『けいとくんの先生』でもあるんだ」,
12000 ,,,,,,,,けいと,けいと,06kei227_003.wav,けいと,60103,「わあっ……ホント！？」,
12100 ,,,,,,,,隆行,隆行,,けいと,60103,「そうだよ。これから勉強、頑張ろうな」,
12200 ,,,,,,,,けいと,けいと,06kei227_004.wav,けいと,60102,「うんっ……！」,
12300 ,,,,,,,,はるか,はるか,05har227_006.wav,はるか,50120,「先生、けいともよろしくおねがいしますね」,
12400 ,,,,,,,,隆行,隆行,,はるか,50120,「もちろん、任せといて。……それじゃ、勉強する部屋に行こうか」,
12600 ,,,,,9000,,,,,,,,　けいとくんに連れられ、俺は二階に上がる。けいとくんの部屋は、はるかちゃんの隣……ひとつ手前のドアだった。,
12700 ,,,<!se_door_room_open><!ef_move>,,12,,,隆行,隆行,,,,「男の子だから、いろいろ散らかってるかと思ってたけど……ワリと片付いてるね」,
12800 ,,,,,,,,けいと,けいと,06kei227_005.wav,けいと,60115,「そんなに見回さないで……はずかしい……」,
12900 ,,,,,,,,隆行,隆行,,けいと,60115,「ははっ、男同士だろ？　そんなの気にしなくていいよ。まあ男の子の部屋なんだし、エロ本探しはしたいところだけどね」,
13000 ,,,,,,,,けいと,けいと,06kei227_006.wav,けいと,60114,「えっ、なに……？」,
13100 ,,,,,,,,隆行,隆行,,けいと,60114,「えっちな本、どこに隠してるんだろうな～、ってね」,
13200 ,,,,,,,,けいと,けいと,06kei227_007.wav,けいと,60118,「ええっ！？　そんなのないよぉっ……！」,
13300 ,,,,,,,,隆行,隆行,,けいと,60118,「ホントか～？　まあ、それぐらいのトシなら確かに持ってないかもな」,
13400 ,,,,,,,,けいと,けいと,06kei227_008.wav,けいと,60117,「もぉ……」,
13500 ,,,,,,,,隆行,隆行,,けいと,60117,「あははっ……けいとくんは、なんだか弟みたいで可愛がり甲斐があるな」,
13600 ,,,,,,,,けいと,けいと,06kei227_009.wav,けいと,60114,「えっ、おとうと……？」,
13700 ,,,,,,,,隆行,隆行,,けいと,60114,「ああ……ウチは＜妹＝義妹＞しかいないから、兄貴か弟が欲しかったなってのがあるんだよ。一緒に遊べる兄弟……っていうのかな」,
13800 ,,,,,,,,けいと,けいと,06kei227_010.wav,けいと,60115,「それは、ボクも……ずっとお兄ちゃんがほしいとおもってた……」,
13900 ,,,,,,,,隆行,隆行,,けいと,60115,「おっ、そうなのか？　じゃ、俺達ちょうどいいかもな」,
14000 ,,,,,,,,けいと,けいと,06kei227_011.wav,けいと,60114,「えっ……？」,
14100 ,,,,,,,,隆行,隆行,,けいと,60114,「俺は弟が欲しくて、けいとくんは兄貴が欲しいんだろ？　ほら、ちょうどいいじゃないか」,
14200 ,,,,,,,,けいと,けいと,06kei227_012.wav,けいと,60114,「先生……ボクのおにいちゃんになってくれるの……？」,
14300 ,,,,,,,,隆行,隆行,,けいと,60114,「いや、それは……言葉のアヤっていうか、まあ気分の上ではね」,
14400 ,,,,,,,,けいと,けいと,06kei227_013.wav,けいと,60115,「ボクなんかで、いいの……？」,
14500 ,,,,,,,,隆行,隆行,,けいと,60115,「けいとくんは可愛いから、いろいろしてあげたくなっちゃう弟だよ」,
14600 ,,,,,,,,けいと,けいと,06kei227_014.wav,けいと,60116,「わあっ、せんせいっ……！」,
14700 ,,,,,,,,,,,けいと,60116,　けいとくんは喜びの表情で、俺の腰に抱きついてきた。,
14800 ,,,,,,,,けいと,けいと,06kei227_015.wav,けいと,60115,「ねぇ、先生……せんせいのこと、『おにいちゃん』って呼んでもいい……？」,
14900 ,,,,,,,,隆行,隆行,,けいと,60115,「んんっ？　いいよ、それくらい別に」,
15000 ,,,,,,,,けいと,けいと,06kei227_016.wav,けいと,60103,「わぁい、おにいちゃん……！」,
15100 ,,,,,,,,隆行,隆行,,けいと,60103,「ははっ、いじらしいなあ……けいとくんは」,
15200 ,,,,,,,,けいと,けいと,06kei227_017.wav,けいと,60115,「ねえ……先生も、ボクのこと『けいと』ってよびすてで呼んで……。その方が、ホントに弟みたいだから……」,
15300 ,,,,,,,,隆行,隆行,,けいと,60115,「そう？　じゃ、わかったよ。……けいと」,
15400 ,,,,,,,,けいと,けいと,06kei227_018.wav,けいと,60103,「うん、おにいちゃんっ……」,
15500 ,,,,,,,,隆行,隆行,,けいと,60103,「あ……なんかやりにくいから、授業の時は『先生』な」,
15600 ,,,,,,,,けいと,けいと,06kei227_019.wav,けいと,60118,「ええっ……」,
15700 ,,,,,,,,隆行,隆行,,けいと,60118,「イヤなら、先生の担当辞めちゃうぞ」,
15800 ,,,,,,,,けいと,けいと,06kei227_020.wav,けいと,60122,「ううっ……わかったよ、先生……」,
15900 ,,,,,,,,隆行,隆行,,けいと,60122,「よしよし、けいと。じゃあ、あんまり時間もないし初日の授業を始めようか」,
16000 ,,,,,,,,けいと,けいと,06kei227_021.wav,けいと,60102,「うん、せんせい……」,
16100 ,,,,,,,,,,,けいと,60102,　俺はカバンの中から新品のテキストを取り出し、新しくできた可愛い弟に手渡した。,
16300 ,$return,,,,,,,,,,,,,
16400 ,&06kei010h,,<!ef_timepass>,5,12,,,,,,,,,
16700 ,,,,,,,,隆行,隆行,,,,「うーん、合格は合格だが……ちょっとケアレスミスが多かったな」,
16800 ,,,,,,,,,,,,,　俺はテスト用紙を眺めてから、けいとの顔を見た。,
16900 ,,,,,,,,けいと,けいと,06kei228_001.wav,けいと,60105,「うん……ごめんなさい」,
17000 ,,,,,,,,隆行,隆行,,けいと,60105,「謝ることじゃないよ」,
17100 ,,,,,,,,,,,けいと,60105,　しゅん、としょげるけいとの頭を、軽くぽんっとはたく。,
17200 ,,,,,,,,隆行,隆行,,けいと,60105,「よし、この問をやりなおしてみよう。けいと、こっち来い」,
17300 ,,,,,,,,,,,けいと,60105,　俺はけいとの肩に手を置いてぐいっと引き寄せると、隣に座らせた。,
17400 ,,,,,,,,けいと,けいと,06kei228_002.wav,けいと,60115,「あ……」,
17500 ,,,,,,,,,,,けいと,60115,　けいとは何故だか顔を赤くして、身体を硬直させてしまう。,
17600 ,,,,,,,,隆行,隆行,,けいと,60115,「いいか？　けいと。この問題は一見難しく見えるが、基本はな……」,
17700 ,,,,,,,,けいと,けいと,06kei228_003.wav,けいと,60122,「あ……うん……」,
17800 ,,,,,,,,,,,けいと,60122,　けいとは落ち着かない様子で身体を動かしたり、横目に俺をチラチラと見たりしている。,
17900 ,,,,,,,,隆行,隆行,,けいと,60122,「どうした……ちょっと勉強に身の入らない様子だなあ。まあ、俺の教え方が悪いのかも知れんが……」,
18000 ,,,,,,,,けいと,けいと,06kei228_004.wav,けいと,60118,「そ、そんなことないよ！　ボクは、先生に教えてもらって……とってもうれしいから……」,
18100 ,,,,,,,,,,,けいと,60122,　けいとは赤くなってうつむくと、目に少し涙をためて黙り込んだ。,
18200 ,,,,,,,,隆行,隆行,,けいと,60122,「んん、何か悩み事でもあるのか？　俺でよかったら聞くぞ」,
18300 ,,,,,,,,,,,けいと,60122,　俺はけいとの頭に手を置き、やや乱暴に髪の毛をくしゃくしゃと揺する。,
18400 ,,,,,,,,,,,けいと,60105,　けいとは一瞬明るい表情を俺に向けると、また伏し目がちになって話し始めた。,
18500 ,,,,,,,,けいと,けいと,06kei228_005.wav,けいと,60113,「えっと……せ、先生が……」,
18600 ,,,,,,,,隆行,隆行,,けいと,60113,「んっ……俺が？」,
18700 ,,,,,,,,けいと,けいと,06kei228_006.wav,けいと,60113,「ボク……先生がお姉ちゃんにごほうびをあげているところ、見ちゃって……」,
18800 ,,,,,,,,隆行,隆行,,けいと,60113,「な……ッ！？」,
18900 ,,,,,,,,,,,けいと,60113,　や、やべぇ……見られてたのか！？,
19000 ,,,,,,,,隆行,隆行,,けいと,60113,「いや……け、けいと、あれはだな……」,
19100 ,,,,,,,,けいと,けいと,06kei228_007.wav,けいと,60105,「ボクにはごほうびくれないのかなって思うと……切なくなっちゃって、それで……」,
19200 ,,,,,,,,隆行,隆行,,けいと,60105,「ご褒美？　けいとにか……？」,
19300 ,,,,,,,,けいと,けいと,06kei228_008.wav,けいと,60122,「うん……ボクはお姉ちゃんと違って男の子だから、くれないのかなって……」,
19400 ,,,,,,,,,,,けいと,60122,　けいとは今にも泣き出しそうな顔で、言葉を続ける。,
19500 ,,,,,,,,けいと,けいと,06kei228_009.wav,けいと,60113,「それが気になってひとりじゃ勉強も進まなくって、それで……先生にごほうびもらってるところを想像しながら、おち○ちん……いじってばかりで……」,
19600 ,,,,,,,,,,,けいと,60113,　そう言って、涙をいっぱいにあふれさせるけいと。うう……女の子みたいに、可愛いじゃないか……。,
19700 ,,,,,,,,隆行,隆行,,けいと,60113,「そうか……けいとは、俺のご褒美がほしかったのか」,
19800 ,,,,,,,,けいと,けいと,06kei228_010.wav,けいと,60105,「うん……」,
19900 ,,,,,,,,隆行,隆行,,けいと,60105,「でもな……この成績じゃ、まだまだあげられないな」,
20000 ,,,,,,,,,,,けいと,60105,　それを聞いたけいとの顔に、影が差す。俺はその顔をのぞき込んで、優しく微笑んだ。,
20100 ,,,,,,,,隆行,隆行,,けいと,60105,「でもな、まだまだこれから頑張ればいいんだよ。結果が出たなら、ご褒美はちゃんとあげるから。一緒に頑張っていこうな」,
20200 ,,,,,,,,けいと,けいと,06kei228_011.wav,けいと,60116,「せ……せんせいっ！」,
20300 ,,,,,,,,,,,けいと,60116,　けいとは喜びを爆発させ、俺の腕に抱きついてくる。その嬉しそうな顔と可愛らしい姿は、けいとが男であることを忘れさせるに充分だった。,
20400 ,,,,,,,,隆行,隆行,,けいと,60116,「なあ、けいと……」,
20500 ,,,,,,,,,,,けいと,60116,　けいとは無言で、俺の顔を見つめる。,
20600 ,,,,,,,,隆行,隆行,,けいと,60116,「けいとがいつもしてるように、ここでやってみてくれるか」,
20700 ,,,,,,,,けいと,けいと,06kei228_012.wav,けいと,60118,「ええっ……！？」,
20800 ,,,,,,,,隆行,隆行,,けいと,60118,「けいとがどうやってしてるのか、見てみたいんだ」,
20900 ,,,,,,,,けいと,けいと,06kei228_013.wav,けいと,60115,「そんな、恥ずかしいよ……。でも、先生が言うなら……」,
21000 ,,,,,,,,,,,けいと,60115,　けいとは顔を真っ赤にしながら、俺の腕から離れた。,
21100 ,,,,,,,,けいと,けいと,06kei228_014.wav,けいと,60120,「じゃあ、着替えるからちょっと待ってて……」,
21200 ,,,,,,,,隆行,隆行,,けいと,60120,「着替える？」,
21300 ,,,,,,,,,,,,,　けいとはクローゼットを開けると、その奥の引き出しからパンティーのようなものを取り出してきた。,
21400 ,,,,,,,,隆行,隆行,,,,「おい、けいと……？」,
21500 ,,,,,,,,けいと,けいと,06kei228_015.wav,けいと,60115,「着替えるところを見られるのは恥ずかしいから……むこう向いてて……」,
21600 ,,,,,,,,隆行,隆行,,けいと,60115,「着替えるって、おい……？」,
21800 ,,,<!pre_ev1>,11,,5101,,けいと,けいと,06kei228_016.wav,けいと,60101,「先生……いいです……」,
21900 ,,,,,,5101,,,,,,,　言われた通りに後ろを向いた俺は、けいとの声に振り返る。なんと女物のパンツをはいているけいとが、机の角に股間を押し当てていた。,
22000 ,,,,,,5101,,,,,,,　あっ、あのパンツ、見覚えがあるぞ……まさか……。,
22100 ,,,,,,5101,,隆行,隆行,,,,「それ、まさか……はるかちゃんのか……？」,
22200 ,,,,,,5101,,けいと,けいと,06kei228_017.wav,けいと,60101,「うん……ボク、ごほうびもらってたお姉ちゃんがうらやましくて……いつもお洗濯物たたむのボクだから、そのときにこっそり……」,
22300 ,,,,,,5101,,,,,,,　顔を真っ赤にしながら、けいとが続けた。,
22400 ,,,,,,5101,,けいと,けいと,06kei228_018.wav,けいと,60101,「いつもは、ボク……こうやってね……先生にご褒美もらってるところのお姉ちゃんになりきって……」,
22500 ,,,,,,5101,,,,,,,　けいとは可愛らしく身をよじりながら、ゆっくりと身体を上下に動かし始める。,
22600 ,,,,,,5101,,けいと,けいと,06kei228_019.wav,けいと,60101,「うくっ、あうん……」,
22700 ,,,,,,5101,,隆行,隆行,,,,「けいとはそうやって、女の子みたいに机の角でオナニーしてるのか？」,
22800 ,,,,,,5101,,けいと,けいと,06kei228_020.wav,けいと,60101,「うん……ボク、ちょっと前にお姉ちゃんがこうやって、あそこを机にこすり付けてるのを見て……それで、ボクもマネしてみたの……そしたら、ホントにきもちよくって……」,
22900 ,,,,,,5101,,,,,,,　はるかちゃん、そんなことまでしてたのか……。,
23000 ,,,,,,5101,,,,,,,　しかし、それにしたってわざわざ女物のパンツに＜履＝は＞き替えるけいとも徹底してるな……。,
23100 ,,,,,,5101,,けいと,けいと,06kei228_021.wav,けいと,60101,「あん、あうっ……うあうっ」,
23200 ,,,,,,5101,,,,,,,　けいとは女の子みたいな、艶っぽい声を上げてあえぐ。,
23300 ,,,,,,5101,,けいと,けいと,06kei228_022.wav,けいと,60101,「はあっ、あんっ……本物の先生に見られてる……先生の視線、感じちゃって……ボク……」,
23500 ,,,,,,5102,,,,,,,　けいとのチ○チンは可愛らしいサイズながら徐々に大きくなり、パンツからはみ出るほどに膨らんでいた。,
23600 ,,,,,,5102,,,,,,,　ここからじゃよくわからないが、けいとのチ○チンは半かぶり……完全には＜剥＝む＞けきっていない状態のようだ。,
23700 ,,,,,,5102,,けいと,けいと,06kei228_023.wav,けいと,60101,「くぅぅんっ……いっ、んんっ……あうっ！」,
23800 ,,,,,,5102,,隆行,隆行,,,,「けいと……痛くはないのか？」,
23900 ,,,,,,5102,,けいと,けいと,06kei228_024.wav,けいと,60101,「ちょっと痛いけど、あそこがふわっとなって気持ちいい……」,
24000 ,,,,,,5102,,,,,,,　うーん、なるほど。同じ男として、少しわかる気がしないでもない。,
24100 ,,,,,,5102,,けいと,けいと,06kei228_025.wav,けいと,60101,「はうっ、あん……ああんっ」,
24200 ,,,,,,5102,,,,,,,　けいとは上下運動の他、時折止まったり、左右に揺らしたり……とってもなまめかしく、まさに女の子にしか見えないような可愛らしさでオナニーを続ける。,
24300 ,,,,,,5102,,隆行,隆行,,,,「けいと……本物の女の子みたいだ。かわいいぞ」,
24400 ,,,,,,5102,,けいと,けいと,06kei228_026.wav,けいと,60101,「えっ、ほんと……！？　ボク、うれしい……。あんっ、ああんっ」,
24500 ,,,,,,5102,,,,,,,　俺としてはちょっとした冗談のつもりだったが、けいとは心から嬉しそうな顔をしてチ○チンを机にこすり付けている。,
24600 ,,,,,,5102,,けいと,けいと,06kei228_027.wav,けいと,60101,「はふっ、あうっ、先生……ああん、んんっ」,
24700 ,,,,,,5102,,,,,,,　息が荒くなってきたけいとのチ○チンからは先走りのカウパーが染み出し、パンツと机を濡らしていた。,
24800 ,,,,,,5102,,,,,,,　しかし、これは……チ○チンが付いてるって以外、女の子そのものだよな……。,
24900 ,,,,,,5102,,けいと,けいと,06kei228_028.wav,けいと,60101,「はあんっ、ああんっ……おち○ちん、こす、れて……きもちいいよ……ああんんっ！」,
25000 ,,,,,,5102,,隆行,隆行,,,,「けいと……」,
25100 ,,,,,,5102,,けいと,けいと,06kei228_029.wav,けいと,60101,「ああっ！　先生、イッちゃうっ！　出ちゃうよ、ボク、出ちゃうぅ……っ！　あああぁぁぁんんっ！」,
25300 ,,,<!ef_shasei>,,,5103,,けいと,けいと,06kei228_030.wav,けいと,60101,「はああっ、ああああぁぁ……っ！」,
25400 ,,,,,,5103,,,,,,,　けいとの身体がのけぞり、チ○チンがぴゅるぴゅると精液を吹き出した。,
25500 ,,,,,,5103,,けいと,けいと,06kei228_031.wav,けいと,60101,「出てるぅ……とまんない……はあんっ、ああん……」,
25600 ,,,,,,5103,,,,,,,　けいとの細くて小さな身体が、ぴくぴくと小刻みに揺れている。,
25700 ,,,,,,5103,,,,,,,　けいとは顔を上気させ、恥ずかしくてたまらないような……でもそれが快感なような表情で、チラッと俺を見た。,
25800 ,,,,,,5103,,けいと,けいと,06kei228_032.wav,けいと,60101,「せ、せんせい……」,
26100 ,,,,4294967295,9000,,,,,,,,　けいとは真っ赤になりながら素早くその場を片付け、またいそいそと服を着た。,
26200 ,,,,,,,,,,,,,　しかし……ほんとに女の子みたいだったな。俺はなにか、すごいモンを見たような気がする……。,
26300 ,,,,5,12,,,隆行,隆行,,,,「なあ、けいと……」,
26400 ,,,,,,,,けいと,けいと,06kei228_033.wav,けいと,60122,「うっ、ぐすっ……せんせぇ……」,
26500 ,,,,,,,,隆行,隆行,,けいと,60122,「おい……なんで泣く？」,
26600 ,,,,,,,,けいと,けいと,06kei228_034.wav,けいと,60105,「だってぇ……こんなボクじゃ、先生はもうじゅぎょうに来てくれないよね……？」,
26700 ,,,,,,,,隆行,隆行,,けいと,60105,「いや……俺は別に、嫌ったりなんかしないよ」,
26800 ,,,,,,,,けいと,けいと,06kei228_035.wav,けいと,60114,「ホント……？」,
26900 ,,,,,,,,,,,けいと,60114,　けいとは涙の跡が残る眼で俺を見ながら、心配そうな声を出す。,
27000 ,,,,,,,,,,,けいと,60114,　こ、こいつ……なんだかすっごくかわいいぞ……。,
27100 ,,,,,,,,隆行,隆行,,けいと,60114,「まあ……俺はノーマルだし、女の子にしか興味はないが……」,
27200 ,,,,,,,,けいと,けいと,06kei228_036.wav,けいと,60105,「……っ」,
27300 ,,,,,,,,隆行,隆行,,けいと,60105,「授業中は女装して女の子になりきるっていうなら……これから家庭教師も続けるし、成績が上がったらご褒美もあげるぞ」,
27400 ,,,,,,,,けいと,けいと,06kei228_037.wav,けいと,60118,「えっ……ホント！？」,
27500 ,,,,,,,,隆行,隆行,,けいと,60118,「あ、ああ」,
27600 ,,,,,,,,,,,けいと,60118,　俺としてはちょっとした悪戯の意味も含めて言ってみたのだが、けいとは心から嬉しそうな顔をして喜んでいる。,
27700 ,,,,,,,,けいと,けいと,06kei228_038.wav,けいと,60103,「ボク、女の子になるよ……先生に愛してもらえる、カンペキな女の子に！」,
27800 ,,,,,,,,隆行,隆行,,けいと,60103,「いや、愛って……」,
27900 ,,,,,,,,けいと,けいと,06kei228_039.wav,けいと,60116,「先生……よろしくね▼」,
28000 ,,,,,,,,,,,けいと,60116,　けいとは、しなを作って俺の腕に抱きつく。そのあまりに女の子っぽくて可愛い表情に、俺は思わずドキッとしてしまった。,
28100 ,,,,,,,,,,,けいと,60116,　やべぇ、本物の女の子以上にかわいらしいかも。でもまあ、面白そうだからいいか……。,
28300 ,$return,,,,,,,,,,,,,
28400 ,&06kei010ha,,,4294967295,9000,,,,,,,,,
28790 ,,,<!se_chime_ext><wait 700>,,,,,,,,,,,
28800 ,,,,5,10,,,隆行,隆行,,,,「やあ、けいと」,
28900 ,,,,,,,,けいと,けいと,06kei229_001.wav,けいと,60114,「あ……せんせい……」,
29000 ,,,,,,,,隆行,隆行,,けいと,60114,「どうした、けいと。元気がないぞ？」,
29100 ,,,,,,,,けいと,けいと,06kei229_002.wav,けいと,60120,「あ……うん……」,
29290 ,,,<!ef_move>,,12,,,,,,,,,
29300 ,,,,,,,,けいと,けいと,06kei229_003.wav,けいと,60120,「ボク……先生は、もう来てくれないかと思ってた……」,
29400 ,,,,,,,,隆行,隆行,,けいと,60120,「なんで……？　この前、約束しただろ」,
29500 ,,,,,,,,けいと,けいと,06kei229_004.wav,けいと,60113,「でも……あんなコトするボクは、ぜったいきらわれちゃったって……」,
29600 ,,,,,,,,隆行,隆行,,けいと,60113,「はははっ……お前たち姉弟は、本当に心配性だなあ。そんなことないって、どれだけ言ったらわかってくれるんだ……？」,
29700 ,,,,,,,,けいと,けいと,06kei229_005.wav,けいと,60119,「だ、だって……」,
29800 ,,,,,,,,,,,けいと,60119,　俺は苦笑いしながら息をつくと、けいとの肩に軽くのしかかる。,
29900 ,,,,,,,,隆行,隆行,,けいと,60119,「なあ、けいとっ」,
30000 ,,,,,,,,けいと,けいと,06kei229_006.wav,けいと,60118,「ひゃあああっ、せ、せんせい……！」,
30100 ,,,,,,,,隆行,隆行,,けいと,60118,「心配すんなって。俺はお前のこと、全然嫌っちゃいないからさ」,
30200 ,,,,,,,,,,,けいと,60118,　俺は耳元でそう言って、けいとの頭を少し乱暴にゆする。,
30300 ,,,,,,,,けいと,けいと,06kei229_007.wav,けいと,60119,「わわわわっ……」,
30400 ,,,,,,,,隆行,隆行,,けいと,60119,「お前は俺に『お兄ちゃんになって欲しい』って言ったけど……結構、言われて嬉しかったぜ。あれ」,
30500 ,,,,,,,,けいと,けいと,06kei229_008.wav,けいと,60114,「ほんと……？」,
30600 ,,,,,,,,隆行,隆行,,けいと,60114,「ホントだよ。だからこうして可愛がってるんだろうが。うりうりうり」,
30700 ,,,,,,,,けいと,けいと,06kei229_009.wav,けいと,60128,「わぁぁっ……！　おにいちゃん、やめてぇ……」,
30800 ,,,,,,,,隆行,隆行,,けいと,60128,「なかなかいいな……けいとに『お兄ちゃん』って呼ばれるのは」,
30900 ,,,,,,,,けいと,けいと,06kei229_010.wav,けいと,60115,「おにいちゃん……」,
31000 ,,,,,,,,隆行,隆行,,けいと,60115,「でも、授業中は『先生』な」,
31100 ,,,,,,,,けいと,けいと,06kei229_011.wav,けいと,60116,「うん、先生……」,
31200 ,,,,,,,,隆行,隆行,,けいと,60116,「じゃ、授業に入るぞ。約束どおり着替えるか？」,
31300 ,,,,,,,,けいと,けいと,06kei229_012.wav,けいと,60103,「うんっ……！」,
31500 ,$return,,,,,,,,,,,,,
31600 ,&06kei020h,,<!ef_timepass>,5,12,,,,,,,,,
31900 ,,,,,,,,隆行,隆行,,,,「けいと、テストで間違えた問題の再チャレンジはできたか？」,
32000 ,,,,,,,,けいと,けいと,06kei230_001.wav,けいと,60413,「う、うん……いちおう、解けたと思う……」,
32100 ,,,,,,,,隆行,隆行,,けいと,60413,「どれどれ」,
32200 ,,,,,,,,けいと,けいと,06kei230_002.wav,けいと,60430,「やんっ！」,
32300 ,,,,,,,,隆行,隆行,,けいと,60430,「なんだ、いきなり……！？」,
32400 ,,,,,,,,けいと,けいと,06kei230_003.wav,けいと,60419,「ごめんなさい……先生が、とつぜんボクの肩をさわったから……」,
32500 ,,,,,,,,,,,けいと,60419,　ノートを、のぞき込もうとしただけなんだけどな……。,
32600 ,,,,,,,,けいと,けいと,06kei230_004.wav,けいと,60401,「先生……どう？　こたえ合ってる？」,
32700 ,,,,,,,,,,,けいと,60401,　けいとの熱っぽいまなざしが、俺をとらえて離さない。今日のけいとは、格好も顔も、心も……完璧に『女の子』してた。,
32800 ,,,,,,,,隆行,隆行,,けいと,60401,「えーと、うん。その答えで合ってるよ」,
32900 ,,,,,,,,けいと,けいと,06kei230_005.wav,けいと,60414,「ほんと……？」,
33000 ,,,,,,,,隆行,隆行,,けいと,60414,「落ち着いてやれば、できるじゃないか。今回のテストも一応合格だけど、次のテストじゃケアレスミスを完全になくそうな」,
33100 ,,,,,,,,けいと,けいと,06kei230_006.wav,けいと,60415,「……うん。ありがとう、先生」,
33200 ,,,,,,,,,,,けいと,60415,　どこから、こんな甘ったるい声が出るんだろう。女の子と錯覚するどころの話じゃない。どこからどう見ても、普通の……いや、普通以上に可愛らしい女の子だ。,
33300 ,,,,,,,,隆行,隆行,,けいと,60415,「よし、今日の授業はここまでにしよう。おつかれさん」,
33400 ,,,,,,,,けいと,けいと,06kei230_007.wav,けいと,60418,「あ……先生、おわりじゃないでしょ……？」,
33500 ,,,,,,,,隆行,隆行,,けいと,60418,「いや、もう今日の授業は終わりだぞ……？」,
33600 ,,,,,,,,けいと,けいと,06kei230_008.wav,けいと,60413,「そんなのやだよ、ボク……まだごほうびもらってないもん……」,
33700 ,,,,,,,,,,,けいと,60413,　拗ねた口振りで、けいとがエンピツを置いた。そして空いた手が、ねだるように俺のソデをつかむ。,
33800 ,,,,,,,,けいと,けいと,06kei230_009.wav,けいと,60404,「こないだ、やくそくしてくれたよね……？　せんせい」,
33900 ,,,,,,,,隆行,隆行,,けいと,60404,「うん……まあ、けいとも約束守って女の子になってるみたいだしな。いい子のけいとに、少しくらいはご褒美あげるとするか」,
34000 ,,,,,,,,けいと,けいと,06kei230_010.wav,けいと,60403,「わぁい……！」,
34100 ,,,,,,,,隆行,隆行,,けいと,60403,「わわっ、急に飛びつくな……！」,
34200 ,,,,,,,,けいと,けいと,06kei230_011.wav,けいと,60414,「あ……先生のおち○ちん……」,
34300 ,,,,,,,,隆行,隆行,,けいと,60414,「……そ、そういう事になってるんだから」,
34400 ,,,,,,,,,,,けいと,60414,　俺のチ○チンは、さっきからけいとの『女の子』に股間が痛いくらいの反応をしていたのだった。,
34500 ,,,,,,,,けいと,けいと,06kei230_012.wav,けいと,60415,「うれしい……先生、ボクでこうふんしてくれてたの？」,
34600 ,,,,,,,,隆行,隆行,,けいと,60415,「言っただろ？　今日のお前は女の子になってるって」,
34700 ,,,,,,,,けいと,けいと,06kei230_013.wav,けいと,60416,「うん……ボク、女の子になるようがんばったよ」,
34800 ,,,,,,,,隆行,隆行,,けいと,60416,「まったく……見れば見るほど女の子みたいだな。身体も＜華奢＝きゃしゃ＞だし……けいと、ホントにチ○チンついてるのか？」,
34900 ,,,,,,,,けいと,けいと,06kei230_014.wav,けいと,60417,「ひどいよ、先生……ボクのおち○ちん……見たのに」,
35000 ,,,,,,,,,,,けいと,60417,　そうやって、拗ねた顔がまた……いかん。たまらなくなってきた。,
35100 ,,,,,,,,隆行,隆行,,けいと,60417,「そうだな……今日のご褒美は、これ……しゃぶってみるか？」,
35200 ,,,,,,,,けいと,けいと,06kei230_015.wav,けいと,60416,「わぁっ……！　先生のおち○ちんを……？」,
35300 ,,,,,,,,,,,けいと,60416,　そうだ、とばかりにけいとの腕をつかんで、ズボンの中で勃起しているチ○チンを撫でさせる。,
35400 ,,,,,,,,けいと,けいと,06kei230_016.wav,けいと,60415,「うわぁ……こんなにおっきいのをなめるの？　ボクにできるかな……」,
35500 ,,,,,,,,隆行,隆行,,けいと,60415,「できるさ。だってけいとは、女の子だろ？」,
35600 ,,,,,,,,けいと,けいと,06kei230_017.wav,けいと,60416,「うん……ボク、女の子……だよ」,
35700 ,,,,,,,,隆行,隆行,,けいと,60416,「だったら、男のチ○チンくらいおしゃぶりできないとな」,
35800 ,,,,,,,,けいと,けいと,06kei230_018.wav,けいと,60415,「う、うん……ボク、がんばる」,
35900 ,,,,,,,,隆行,隆行,,けいと,60415,「いい返事だ」,
36000 ,,,,,,,,けいと,けいと,06kei230_019.wav,けいと,60420,「でも、先生……」,
36100 ,,,,,,,,,,,けいと,60420,　ズボンの上から、俺のチ○チンを頼もしそうにさすりながら……けいとは不安そうに言う。,
36200 ,,,,,,,,けいと,けいと,06kei230_020.wav,けいと,60420,「ボクまだ、女の子になりかけだから……上手におしゃぶりできないかも……」,
36300 ,,,,,,,,隆行,隆行,,けいと,60420,「まあ……最初はそうだろうな」,
36400 ,,,,,,,,けいと,けいと,06kei230_021.wav,けいと,60416,「だからね、先生……どうすれば先生がきもちいいか……おしえてね？」,
36500 ,,,,,,,,,,,けいと,60416,　けいとは俺の股間に顔を近づけて、上目遣いで俺を見る。,
36600 ,,,,,,,,,,,けいと,60416,　か、可愛いじゃないか……。,
36700 ,,,,,,,,隆行,隆行,,けいと,60416,「わかった、任せとけ。けいとを立派な女の子にしてやるからな……」,
36800 ,,,,,,,,,,,けいと,60416,　俺はチャックを開き、期待に大膨張したチ○チンを取り出した。,
37000 ,,,<!pre_ev1>,11,,5201,,けいと,けいと,06kei230_022.wav,けいと,60101,「わあっ……」,
37100 ,,,,,,5201,,,,,,,　勃起しきった俺のチ○チンを見たけいとは、顔を真っ赤にしてまじまじと見つめた。,
37200 ,,,,,,5201,,けいと,けいと,06kei230_023.wav,けいと,60101,「ボクのとちがう……やっぱり、先生のおち○ちんはおとなのおち○ちんだ……」,
37300 ,,,,,,5201,,隆行,隆行,,,,「まずは軽く、口に含んでみるんだ」,
37400 ,,,,,,5201,,けいと,けいと,06kei230_024.wav,けいと,60101,「うん……んちゅ、んんん……」,
37500 ,,,,,,5201,,隆行,隆行,,,,「うぉっ……」,
37600 ,,,,,,5201,,けいと,けいと,06kei230_025.wav,けいと,60101,「あつくて、おっきい……んちゅ……ちゅっ」,
37700 ,,,,,,5201,,,,,,,　柔らかいけいとの唇が、俺のチ○チンに触れて何度も軽い音を立てる。,
37800 ,,,,,,5201,,けいと,けいと,06kei230_026.wav,けいと,60101,「はぅ……先生のおち○ちん、やっぱりボクのとぜんぜんちがうよぉ……においもこくて、おっきくて……ボク、ドキドキしちゃう」,
37900 ,,,,,,5201,,隆行,隆行,,,,「チ○チン舐めて、ドキドキしちゃうのか？　けいとは、変態だな」,
38000 ,,,,,,5201,,けいと,けいと,06kei230_027.wav,けいと,60101,「ちがうよぉ……ボク女の子だから、ふつうだもん」,
38100 ,,,,,,5201,,隆行,隆行,,,,「そうだな、けいとは女の子だったな。よしよし」,
38200 ,,,,,,5201,,けいと,けいと,06kei230_028.wav,けいと,60101,「あぅぅん、もっとなでなでしてぇ……▼」,
38300 ,,,,,,5201,,,,,,,　柔らかくなめらかなほっぺを指でなぞって褒めてやると、けいとは一気に盛り上がってしまったようだった。,
38400 ,,,,,,5201,,けいと,けいと,06kei230_029.wav,けいと,60101,「なめるよ？　いいよね……ん、あむうっ……んぅ」,
38500 ,,,,,,5201,,隆行,隆行,,,,「おっ……そうそう。上手いじゃないか」,
38600 ,,,,,,5201,,けいと,けいと,06kei230_030.wav,けいと,60101,「ほんろぉ？　ほんろにボク、おひゃぶりうまい？」,
38700 ,,,,,,5201,,隆行,隆行,,,,「もうちょっと、強く吸ってみるんだ。そのコツを覚えたら、もっと上手くなれるぞ」,
38800 ,,,,,,5201,,けいと,けいと,06kei230_031.wav,けいと,60101,「ちゅぅっ、んん……こう？　んちゅ、ちゅるっ……」,
38900 ,,,,,,5201,,,,,,,　けいとの唇が、もぐもぐと動いて……俺の亀頭を柔らかく包んだ。言いつけ通りに、ときおり強く吸うことも忘れず……けいとは夢中で俺のチ○チンを舐め回す。,
39000 ,,,,,,5201,,けいと,けいと,06kei230_032.wav,けいと,60101,「んぅ……っ、ちゅ……ん……ちゅうっ……」,
39100 ,,,,,,5201,,,,,,,　湧きだしてきた先走り汁を、けいとは舌で丹念に舐め取る。それから、サオの方にも舌を這わせた。,
39200 ,,,,,,5201,,隆行,隆行,,,,「けいと、チ○チンの味はどうだ」,
39300 ,,,,,,5201,,けいと,けいと,06kei230_033.wav,けいと,60101,「うんっ、おとなのあじ……おいしいよ……んちゅっ、くちゅ……ん、ふうっ……」,
39400 ,,,,,,5201,,隆行,隆行,,,,「ん……けいとも早く大人の味を覚えて、立派な女の子になるんだぞ」,
39500 ,,,,,,5201,,けいと,けいと,06kei230_034.wav,けいと,60101,「んん、んっ……んん」,
39600 ,,,,,,5201,,,,,,,　けいとはチ○チンを舐めるのに一生懸命で、目だけでコクコクとうなずいた。,
39700 ,,,,,,5201,,けいと,けいと,06kei230_035.wav,けいと,60101,「はあっ……先生のおち○ちん、どんどんおいしくなってくるよ……アイスクリームとかキャンディなんかより、ずっとおいしい……」,
39800 ,,,,,,5201,,隆行,隆行,,,,「ご褒美だからな、好きなだけ舐めていいぞ」,
39900 ,,,,,,5201,,けいと,けいと,06kei230_036.wav,けいと,60101,「うんっ……ん、あむっ、んぐっ……ん、んふぁ……ん……」,
40000 ,,,,,,5201,,隆行,隆行,,,,「ううっ……そうだ、いいぞ……」,
40100 ,,,,,,5201,,けいと,けいと,06kei230_037.wav,けいと,60101,「んあっ、どんどんあふれてくる……しょっぱいの……いくらなめても、とまらない……」,
40200 ,,,,,,5201,,隆行,隆行,,,,「気持ちいいって証拠だよ」,
40300 ,,,,,,5201,,けいと,けいと,06kei230_038.wav,けいと,60101,「ボクがなめて、きもちよくなってるの？　うれしい……もっとなめるね……んんっ」,
40400 ,,,,,,5201,,隆行,隆行,,,,「おっ、おお………………んんっ？」,
40500 ,,,,,,5201,,,,,,,　愛おしくチ○チンを舐めるけいとの様子を見ていると、けいとが股間をもじもじさせている様子に気が付いた。,
40600 ,,,,,,5201,,,,,,,　ははぁん、けいと、さては……。,
40800 ,,,,,,5202,,隆行,隆行,,,,「けいと……自分でももちろん、気付いてるよな」,
40900 ,,,,,,5202,,けいと,けいと,06kei230_039.wav,けいと,60101,「ぷぁっ……？　な、なにが……？」,
41000 ,,,,,,5202,,隆行,隆行,,,,「女の子のくせに、お前は勃起してるじゃないか」,
41100 ,,,,,,5202,,,,,,,　スカートの股間部分を、けいとの『男の子』が押し上げていた。しかしこの倒錯的な光景も、これはこれでなかなかいいな……。,
41200 ,,,,,,5202,,隆行,隆行,,,,「けいとは『女の子』なのに、股間が盛り上がってるんだな」,
41300 ,,,,,,5202,,けいと,けいと,06kei230_040.wav,けいと,60101,「だ、だって……これは、自分じゃどうにもならなくて……」,
41400 ,,,,,,5202,,隆行,隆行,,,,「俺のチ○チンしゃぶるの、そんなに興奮するか？」,
41500 ,,,,,,5202,,けいと,けいと,06kei230_041.wav,けいと,60101,「うん、ボク……先生のおち○ちんをおしゃぶりするの、大好きになっちゃった……すごくこうふんする……」,
41600 ,,,,,,5202,,隆行,隆行,,,,「それで、股間を膨らませちゃうのか……？」,
41700 ,,,,,,5202,,けいと,けいと,06kei230_042.wav,けいと,60101,「だって、だってぇ……」,
41800 ,,,,,,5202,,,,,,,　男の生理現象だというコトくらい、わかっている。けど、けいとの泣き顔を見ていると……ついつい意地悪したくなってしまう。,
41900 ,,,,,,5202,,隆行,隆行,,,,「仕方ない、ここはお仕置きかな……」,
42000 ,,,,,,5202,,けいと,けいと,06kei230_043.wav,けいと,60101,「あんっ？　先生……ひぐぅっ！」,
42200 ,,,,,,5203,,けいと,けいと,06kei230_044.wav,けいと,60101,「ああっ……！　あっ、あっ……先生……」,
42300 ,,,,,,5203,,,,,,,　スカートに小さなテントを張ったけいとのチ○チンを、俺は足先でぐりぐりと摩擦する。,
42400 ,,,,,,5203,,隆行,隆行,,,,「ほら、口がさぼってるぞ」,
42500 ,,,,,,5203,,けいと,けいと,06kei230_045.wav,けいと,60101,「あっ、んん……だって、先生がボクのおち○ちんぐりぐりするからぁ……」,
42600 ,,,,,,5203,,隆行,隆行,,,,「女の子のけいとに、チ○チンはあるのか？」,
42700 ,,,,,,5203,,けいと,けいと,06kei230_046.wav,けいと,60101,「な、ないですぅ……！」,
42800 ,,,,,,5203,,隆行,隆行,,,,「ないのなら、別にいいよな」,
42900 ,,,,,,5203,,けいと,けいと,06kei230_047.wav,けいと,60101,「くぅ、くぅぅん……ない、ないけどぉ……！」,
43000 ,,,,,,5203,,,,,,,　俺は痛くなりすぎないように、けいとのチ○チンをぐりぐりと撫でこすった。,
43100 ,,,,,,5203,,,,,,,　けいとは熱い吐息を漏らしながら、なんとか俺のチ○チンにしゃぶりつこうとする。,
43200 ,,,,,,5203,,隆行,隆行,,,,「けいと、前後に首を振るんだ。俺のチ○チンを、口で出し入れするみたいにして」,
43300 ,,,,,,5203,,けいと,けいと,06kei230_048.wav,けいと,60101,「んっ……ふぅんっ、んんっ……こう……？」,
43400 ,,,,,,5203,,隆行,隆行,,,,「もっと早く……」,
43500 ,,,,,,5203,,けいと,けいと,06kei230_049.wav,けいと,60101,「あぁうっ！　ん、んっ……ん、んっ……！」,
43600 ,,,,,,5203,,,,,,,　けいとが口を動かす速度に合わせて、俺の足も動きが早まっていく。,
43700 ,,,,,,5203,,けいと,けいと,06kei230_050.wav,けいと,60101,「ふぁ、ふぁぁ……ボクのおち○ちん、こすれるよぉ……んんっ、んん……んんっ、あむ……」,
43800 ,,,,,,5203,,隆行,隆行,,,,「ごめん、けいと……強くしすぎたな」,
43900 ,,,,,,5203,,けいと,けいと,06kei230_051.wav,けいと,60101,「んっ、くぅぅん、せんせい……」,
44000 ,,,,,,5203,,,,,,,　今度は足の裏で、優しくけいとの股間をさする。すると、けいとの奉仕も一層の熱を帯びてきた。,
44100 ,,,,,,5203,,隆行,隆行,,,,「うっ、ああ……もうすぐ、出るぞ……」,
44200 ,,,,,,5203,,けいと,けいと,06kei230_052.wav,けいと,60101,「んっ、んああ……ボクも……イッちゃいそう……」,
44300 ,,,,,,5203,,隆行,隆行,,,,「けいと……お前がイクより先に、俺をイカせてみろ……そしたら、これからもエッチなご褒美をたくさんやるぞ」,
44400 ,,,,,,5203,,けいと,けいと,06kei230_053.wav,けいと,60101,「は、はふうっ……んっ、うん……！　あむ、んんっ……んっ、んっ……」,
44500 ,,,,,,5203,,,,,,,　けいとは素早く舌を動かし、柔らかく俺のチ○チンを責めたてる。,
44600 ,,,,,,5203,,けいと,けいと,06kei230_054.wav,けいと,60101,「ふぁむっ、んん……ぴくぴくってしてる……」,
44700 ,,,,,,5203,,隆行,隆行,,,,「俺のか……？　それとも、けいとのか……？」,
44800 ,,,,,,5203,,けいと,けいと,06kei230_055.wav,けいと,60101,「どっちも……んんっ……ふぁ、んんっ！　んっ！」,
44900 ,,,,,,5203,,隆行,隆行,,,,「そうだな……俺にも、伝わってるぞ……足に、けいとのチ○チンの熱さが……」,
45000 ,,,,,,5203,,けいと,けいと,06kei230_056.wav,けいと,60101,「ふぁ、んんっ……せんせいっ……ボク、もう……！」,
45100 ,,,,,,5203,,隆行,隆行,,,,「けいと……ああっ、ああ……」,
45200 ,,,,,,5203,,,,,,,　元より……俺は、けいとより先に出すつもりでいた。さっきの言葉は、けいとを淫らに乱れさせるブラフである。,
45300 ,,,,,,5203,,けいと,けいと,06kei230_057.wav,けいと,60101,「うん、んんっ、くちゅ……んぅっ、ぴちゅっ……」,
45400 ,,,,,,5203,,,,,,,　頭の奥が、しび痺れ始める。視野狭窄が起こり、射精の欲求が津波のごとく押し寄せてきた。,
45500 ,,,,,,5203,,隆行,隆行,,,,「あああ……けいと……出るぞ……！」,
45600 ,,,,,,5203,,けいと,けいと,06kei230_058.wav,けいと,60101,「んんっ！　んんんんんっ、あああぁぁぁっ……！」,
45790 ,,,"<s_redraw><s_effect_p bg/w.pgx,100,500>",,,5203,,,,,,,,
45800 ,,,<!ef_shasei>,,,5204,,,,,,,　俺とけいとの、熱いほとばしりは……ほとんど間を空けずに起きた。,
45900 ,,,,,,5204,,けいと,けいと,06kei230_059.wav,けいと,60101,「くぅぅんっ！　先生の……しろいのが、ああ……」,
46000 ,,,,,,5204,,隆行,隆行,,,,「けいとも、いっぱい出したみたいだな……」,
46100 ,,,,,,5204,,けいと,けいと,06kei230_060.wav,けいと,60101,「うん、出ちゃった……パンツの中、いっぱい……女の子なのに、せいえき出しちゃったよぉ……」,
46200 ,,,,,,5204,,隆行,隆行,,,,「俺も……お前にいっぱいかけちゃったな」,
46300 ,,,,,,5204,,けいと,けいと,06kei230_061.wav,けいと,60101,「ん……先生のせいえき、たれてきちゃう……」,
46400 ,,,,,,5204,,,,,,,　いま、目の前で頬を赤らめながら白濁を舐め取っているけいとに……俺は、欲情を覚えた。しかし、そんな自分をあまり不思議には感じない。,
46500 ,,,,,,5204,,けいと,けいと,06kei230_062.wav,けいと,60101,「ボク、ちゃんとできたかな……？」,
46600 ,,,,,,5204,,隆行,隆行,,,,「ああ、上手かったぞ」,
46700 ,,,,,,5204,,けいと,けいと,06kei230_063.wav,けいと,60101,「ホント……？　えへっ、よかった……▼」,
46800 ,,,,,,5204,,,,,,,　硬さを失いつつある俺のチ○チンを、愛おしむように……けいとは、チ○チンに残った精液を吸い上げる。,
46900 ,,,,,,5204,,けいと,けいと,06kei230_064.wav,けいと,60101,「こんどは、おち○ちんおっきくしない……ボク、もっともっと女の子になる」,
47000 ,,,,,,5204,,隆行,隆行,,,,「さすがに無理だと思うが……」,
47100 ,,,,,,5204,,けいと,けいと,06kei230_065.wav,けいと,60101,「見ててね、先生！」,
47200 ,,,,,,5204,,隆行,隆行,,,,「わ、わかった……」,
47300 ,,,,,,5204,,けいと,けいと,06kei230_066.wav,けいと,60101,「たのしみにしててね……」,
47400 ,,,,,,5204,,,,,,,　ポンっとけいとの頭を叩いて、俺は思わず苦笑い。,
47500 ,,,,,9000,5204,,,,,,,　軽い気持ちで始めた悪戯は、自分でも予想できない方向へ向かっているようだった。,
47600 ,$return,,,,,,,,,,,,,
47700 ,&06kei020ha,,,4294967295,9000,,,,,,,,,
48080 ,,,<!se_chime_ext><wait 700>,,,,,,,,,,,
48090 ,,,,5,10,,,,,,,,,
48100 ,,,,,,,,けいと,けいと,06kei231_001.wav,けいと,60102,「おにいちゃん、待ってたよっ……！」,
48200 ,,,,,,,,隆行,隆行,,けいと,60102,「ダメだぞ、けいと。今の俺は、先生」,
48300 ,,,,,,,,けいと,けいと,06kei231_002.wav,けいと,60105,「ごめんなさい……せんせい……」,
48400 ,,,,,,,,隆行,隆行,,けいと,60105,「よしよし、部屋に行こうか」,
48500 ,,,,,,,,けいと,けいと,06kei231_003.wav,けいと,60103,「うんっ……！」,
48700 ,,,<!ef_move>,,12,,,隆行,隆行,,,,「けいとの女装もだいぶ板についてるな。凄くかわいいぞ」,
48800 ,,,,,,,,けいと,けいと,06kei231_004.wav,けいと,60415,「あは……▼　ホント……？」,
48900 ,,,,,,,,隆行,隆行,,けいと,60415,「ああ、ホントだって」,
49000 ,,,,,,,,けいと,けいと,06kei231_005.wav,けいと,60413,「ボク……やっぱり女の子に生まれたかったな……」,
49100 ,,,,,,,,隆行,隆行,,けいと,60413,「今のままでも充分可愛いんだから、そんな高望みするなよ」,
49200 ,,,,,,,,けいと,けいと,06kei231_006.wav,けいと,60405,「うん……」,
49300 ,,,,,,,,隆行,隆行,,けいと,60405,「ほらほら、授業を始めるぞ。けいと」,
49400 ,,,,,,,,けいと,けいと,06kei231_007.wav,けいと,60402,「うん、先生」,
49600 ,$return,,,,,,,,,,,,,
49700 ,&06kei030h,,<!ef_timepass>,5,12,,,,,,,,,
50000 ,,,,,,,,隆行,隆行,,,,「……っと、こんなところかな。けいとはどうも時間が足りなくなると慌てるみたいだから、落ち着いてしっかりやること。それだけだな」,
50100 ,,,,,,,,けいと,けいと,06kei232_001.wav,けいと,60413,「う……うん。ごめんなさい」,
50200 ,,,,,,,,隆行,隆行,,けいと,60413,「落ち込まなくていいぞ。成績は順調に伸びてきてるし、けいとが頑張ってるのはわかってるからな」,
50300 ,,,,,,,,けいと,けいと,06kei232_002.wav,けいと,60416,「先生……えへっ、やさしいんだ▼」,
50400 ,,,,,,,,隆行,隆行,,けいと,60416,「教えてる身なんだから、それくらいわかるって」,
50500 ,,,,,,,,隆行,隆行,,けいと,60416,「……さて、テストにも見事合格したんだし、ご褒美をあげるとするか」,
50600 ,,,,,,,,けいと,けいと,06kei232_003.wav,けいと,60414,「ごほうび？　今日も、してくれるんだ……！」,
50700 ,,,,,,,,隆行,隆行,,けいと,60414,「もちろんだ。実にステキなプレゼントを持ってきたぞ」,
50800 ,,,,,,,,けいと,けいと,06kei232_004.wav,けいと,60403,「プレゼント……わぁっ」,
50900 ,,,,,,,,隆行,隆行,,けいと,60403,「嬉しいか？」,
51000 ,,,,,,,,けいと,けいと,06kei232_005.wav,けいと,60402,「うんっ。ねぇ、先生……なかみはなんなの……？」,
51100 ,,,,,,,,隆行,隆行,,けいと,60402,「それは開けてのお楽しみだな」,
51200 ,,,,,,,,けいと,けいと,06kei232_006.wav,けいと,60416,「たのしみぃ……ボク、むねがドキドキしてきちゃった」,
51300 ,,,,,,,,隆行,隆行,,けいと,60416,「お前なら、きっと気に入るさ」,
51400 ,,,,,,,,,,,けいと,60416,　俺はカバンを開けて、綺麗にラッピングされた包みを取り出した。けいとは俺の腕に頭をすり寄せて、早く見たいとアピールをしてくる。,
51500 ,,,,,,,,けいと,けいと,06kei232_007.wav,けいと,60402,「先生、はやくぅ……」,
51600 ,,,,,,,,隆行,隆行,,けいと,60402,「そんなに急かさなくても、ちゃんとあげるってば」,
51700 ,,,,,,,,,,,けいと,60402,　俺はプレゼントの小さな包みを、けいとに差し出す。,
51800 ,,,,,,,,けいと,けいと,06kei232_008.wav,けいと,60403,「わぁっ……あけてもいい？」,
51900 ,,,,,,,,隆行,隆行,,けいと,60403,「もちろん」,
52000 ,,,,,,,,,,,けいと,60403,　けいとは嬉しそうな顔で、慎重に包装を解き始めた。,
52100 ,,,,,,,,けいと,けいと,06kei232_009.wav,けいと,60414,「えっ、これ……女の子のしたぎ？　かわいいっ……！」,
52200 ,,,,,,,,隆行,隆行,,けいと,60414,「けいとが、はるかちゃんの下着をこっそりつけたりしないようにと思ってな。自分だけの下着があった方が、けいとも嬉しいだろ？」,
52300 ,,,,,,,,けいと,けいと,06kei232_010.wav,けいと,60415,「うん、ボクだけのしたぎ……もう、おねえちゃんのを、だまってつけたりしない」,
52400 ,,,,,,,,隆行,隆行,,けいと,60415,「いい子だ」,
52500 ,,,,,,,,けいと,けいと,06kei232_011.wav,けいと,60416,「ん……▼　先生、ありがとぉ」,
52600 ,,,,,,,,隆行,隆行,,けいと,60416,「それより……俺、けいとがその下着つけてる姿を見てみたいな」,
52700 ,,,,,,,,けいと,けいと,06kei232_012.wav,けいと,60415,「あっ、ボクも……先生に見てほしいなって思った……」,
52800 ,,,,,,,,けいと,けいと,06kei232_013.wav,けいと,60420,「えっと、じゃ、きがえるね……。はずかしいから、あんまりじろじろ見ないで……」,
52900 ,,,,,,,,,,,,,　けいとは頬を朱に染めて、俺に背中を向けた。ストン……と、けいとの服が床に落ち、生まれたままの姿になる。けいとの、背中からお尻へのラインが目に焼き付く。,
53000 ,,,,,,,,,,,,,　続けて、こぶりなおしりがレース地のパンツに覆われ……そして真っ白な肩に、ブラジャーの肩ひもがかかる。,
53100 ,,,,,,,,,,,,,　俺の目の前で、けいとが『女の子』に変わっていく……。,
53300 ,,,<!pre_ev1>,11,,5301,,けいと,けいと,06kei232_014.wav,けいと,60101,「せんせぇ……つけた、よ……？」,
53400 ,,,,,,5301,,,,,,,　思った通り、その下着はけいとに良く似合っていた。どんな女の子と比べても＜遜色＝そんしょく＞ない、可愛らしい恥じらいを見せている。,
53500 ,,,,,,5301,,けいと,けいと,06kei232_015.wav,けいと,60101,「どう？　ボク……かわいい、かな……」,
53600 ,,,,,,5301,,隆行,隆行,,,,「うん、可愛いよ。よく似合ってる……けど」,
53700 ,,,,,,5301,,,,,,,　俺は、けいとの下半身を指さした。当然、そこに自覚があるだろうけいとは、もじもじと肩をくねらせる。,
53800 ,,,,,,5301,,隆行,隆行,,,,「けいと、チ○チンが見えちゃってるな」,
53900 ,,,,,,5301,,,,,,,　けいとのチ○チンはとっくに勃起して、パンツのふちから頭を出していた。普段は包皮に包まれているピンク色の小さな亀頭が、けいと自身の行動そのままにもじもじとヒクついている。,
54000 ,,,,,,5301,,けいと,けいと,06kei232_016.wav,けいと,60101,「ご、ごめんなさい……ボク、先生に見られてるだけで……」,
54100 ,,,,,,5301,,隆行,隆行,,,,「勃起しちゃうのか？　まったく、反応は女の子なのに、身体はやっぱり男の子だな」,
54200 ,,,,,,5301,,けいと,けいと,06kei232_017.wav,けいと,60101,「ボクだって……おち○ちん、おっきくしたくないよぉ……先生に、『女の子』のボクをみてほしいのに……」,
54300 ,,,,,,5301,,けいと,けいと,06kei232_018.wav,けいと,60101,「でも、だめぇ……おち○ちん、ボクのゆうこときいてくれないのぉ……」,
54400 ,,,,,,5301,,,,,,,　本気で涙を浮かべているけいとの表情を見て、かすかに後悔の念が浮かび上がる。,
54500 ,,,,,,5301,,隆行,隆行,,,,「そうか、いうこと聞いてくれないか」,
54600 ,,,,,,5301,,けいと,けいと,06kei232_019.wav,けいと,60101,「あっ、だ……ダメ……さわっちゃダメぇ……」,
54700 ,,,,,,5301,,隆行,隆行,,,,「でも、さわると嬉しそうにピクピク動くぞ？」,
54800 ,,,,,,5301,,けいと,けいと,06kei232_020.wav,けいと,60101,「で、でもぉ……んんっ！」,
54900 ,,,,,,5301,,隆行,隆行,,,,「けいとのチ○チン、もう濡れてきたな」,
55000 ,,,,,,5301,,けいと,けいと,06kei232_021.wav,けいと,60101,「んあぁぁ……だ、ダメなのにぃ……先生、見ないで……おち○ちん、見ないでぇ……」,
55100 ,,,,,,5301,,,,,,,　けいとはカウパーが出やすい体質なのか、パンツはあふれた先走りでぐっしょり濡れてしまっていた。この分では、すぐ射精してしまうのは間違いない。,
55200 ,,,,,,5301,,,,,,,　そうか、ならば……。,
55300 ,,,,,,5301,,隆行,隆行,,,,「そんなにチ○チンが嫌なら、俺がアレンジしてやるよ」,
55400 ,,,,,,5301,,けいと,けいと,06kei232_022.wav,けいと,60101,「えっ……？　あっ、どうするのぉ……？」,
55500 ,,,,,,5301,,隆行,隆行,,,,「飾り付けだよ。こうやって……な」,
55600 ,,,,,,5301,,けいと,けいと,06kei232_023.wav,けいと,60101,「え、ええっ……！？」,
55700 ,,,,,,5301,,,,,,,　近くに置いてあったリボンを取って、けいとのチ○チンをぐるぐる巻きにする。途中、びくっとチ○チンが震えて射精を訴えたので、思いっきり強く締め、根本まで何重にもリボンを巻き付けた。,
55900 ,,,,,,5302,,けいと,けいと,06kei232_024.wav,けいと,60101,「うあぁぁっ！　く、くるしいよぉっ……」,
56000 ,,,,,,5302,,隆行,隆行,,,,「これで、言うこと聞かないチ○チンは封印したぞ。それにほら、こうすれば前よりずっと可愛く見える」,
56100 ,,,,,,5302,,けいと,けいと,06kei232_025.wav,けいと,60101,「んあぁっ、んふっ、ふっ……はふぅぅ……」,
56200 ,,,,,,5302,,,,,,,　荒い呼吸に合わせて、チ○チンが苦しそうに脈打つ。試しに亀頭を撫でてみると、チ○チンの震えはますます激しくなった。,
56300 ,,,,,,5302,,けいと,けいと,06kei232_026.wav,けいと,60101,「せんせえぇっ！　そんなとこ、さわっちゃ……」,
56400 ,,,,,,5302,,隆行,隆行,,,,「もっと、気持ちよくなっちゃうか？」,
56500 ,,,,,,5302,,けいと,けいと,06kei232_027.wav,けいと,60101,「んっ、ううんっ……！　くるしいっ、せいえきが……おち○ちんの中でぐるぐるしてるのぉ……」,
56600 ,,,,,,5302,,隆行,隆行,,,,「どれ……本当だな。ピクピクしてる」,
56700 ,,,,,,5302,,けいと,けいと,06kei232_028.wav,けいと,60101,「あぁんっ！　も、もうダメ……リボンほどいてぇ……」,
56800 ,,,,,,5302,,隆行,隆行,,,,「ご褒美なんだから、もっとじっくり楽しんでくれないと困るな」,
56900 ,,,,,,5302,,けいと,けいと,06kei232_029.wav,けいと,60101,「そんなぁっ、や……こんなの、たのしくないよぉ……」,
57000 ,,,,,,5302,,隆行,隆行,,,,「俺の事、信じてくれないのか？」,
57100 ,,,,,,5302,,けいと,けいと,06kei232_030.wav,けいと,60101,「ええっ……？」,
57200 ,,,,,,5302,,隆行,隆行,,,,「ここでたくさん我慢したら、あとですごく気持ちよくなれるんだぞ？」,
57300 ,,,,,,5302,,けいと,けいと,06kei232_031.wav,けいと,60101,「せ、せんせぇ……」,
57400 ,,,,,,5302,,隆行,隆行,,,,「嫌なら、今すぐほどいてやるが……どうする？」,
57500 ,,,,,,5302,,,,,,,　俺はけいとの瞳を覗き込んで、我慢するんだと訴える。すると、けいとの瞳にはすぐに理解の色が浮かび、唇をキュッとかたく結んだ。,
57600 ,,,,,,5302,,けいと,けいと,06kei232_032.wav,けいと,60101,「ボク、がまんする……」,
57700 ,,,,,,5302,,けいと,けいと,06kei232_033.wav,けいと,60101,「えらいぞ、けいと」,
57800 ,,,,,,5302,,けいと,けいと,06kei232_034.wav,けいと,60101,「あぁぁんっ！」,
57900 ,,,,,,5302,,,,,,,　俺は、けいとのチ○チンの下……女の子ならおま○このワレメがある辺りを、下着の上からこしこしと擦る。,
58000 ,,,,,,5302,,,,,,,　そこには、少し大きめのミニトマトぐらいのふくらみがあり……俺は薄い布越しに、ミニトマトの中の小さなクルミを刺激した。,
58100 ,,,,,,5302,,けいと,けいと,06kei232_035.wav,けいと,60101,「あっ、ああっ……先生のゆびが、ボクのタマタマさわってるぅ……」,
58200 ,,,,,,5302,,隆行,隆行,,,,「痛くはないか？」,
58300 ,,,,,,5302,,けいと,けいと,06kei232_036.wav,けいと,60101,「うん、いたくないよ……ちょっときもちいい……」,
58400 ,,,,,,5302,,,,,,,　俺はけいとのチ○チンを固く握りしめて、上下にこすり始めた。そうしながらも、柔らかく熟してきたミニトマトを指先で揉みほぐす。,
58500 ,,,,,,5302,,けいと,けいと,06kei232_037.wav,けいと,60101,「んあっ、ああ……先生、タマタマのところ揉まないでぇ……そんなにしたら……あっ、あああっ！」,
58600 ,,,,,,5302,,,,,,,　チ○チンが強く脈動するのがわかる。あふれかけた精液を、しかし強い締め付けが押し戻す。その苦痛は、俺には想像もつかないものだった。,
58700 ,,,,,,5302,,けいと,けいと,06kei232_038.wav,けいと,60101,「せんせぇ……ボクのおち○ちん、パンクしちゃうよぉ……！」,
58800 ,,,,,,5302,,隆行,隆行,,,,「いいんじゃない？　けいとは女の子になりたいんだろ？　チ○チンは要らないじゃないか」,
58900 ,,,,,,5302,,けいと,けいと,06kei232_039.wav,けいと,60101,「そ、そんな……せんせい、ボク……出しちゃいたい……」,
59000 ,,,,,,5302,,隆行,隆行,,,,「女の子は、射精なんかしないぞ？」,
59100 ,,,,,,5302,,けいと,けいと,06kei232_040.wav,けいと,60101,「でもぉっ……くぅっ！」,
59200 ,,,,,,5302,,,,,,,　苦痛混じりの快感の中、けいとは眼にいっぱいの涙をたたえて懇願する。イカせて欲しいと、切ない顔で。,
59300 ,,,,,,5302,,けいと,けいと,06kei232_041.wav,けいと,60101,「おねがい、おねがいぃ……ボク、おかしくなっちゃうよぉ……」,
59400 ,,,,,,5302,,隆行,隆行,,,,「ボクはおち○ちんも大好きです……って言ったらほどいてやるぞ」,
59500 ,,,,,,5302,,けいと,けいと,06kei232_042.wav,けいと,60101,「は、はあっ……そんなのぉ……くぅぅぅっ！」,
59600 ,,,,,,5302,,隆行,隆行,,,,「また精液が逆流したな……このままじゃけいと、気絶しちゃうかも知れないな」,
59700 ,,,,,,5302,,けいと,けいと,06kei232_043.wav,けいと,60101,「んっ、んん……あはぁっ……せんせぇ……」,
59800 ,,,,,,5302,,隆行,隆行,,,,「ほら、言うんだ、けいと」,
59900 ,,,,,,5302,,,,,,,　俺はけいとのチ○チンをしごいて、さらに亀頭を親指の腹でこすりつけた。,
60000 ,,,,,,5302,,けいと,けいと,06kei232_044.wav,けいと,60101,「んんんっ……ぼ、ボク……ボクぅ……」,
60100 ,,,,,,5302,,,,,,,　けいとの身体が、弓なりにのけぞった。チ○チンを突き上げるように腰を上げ、髪を振り乱し……ついにけいとの口が、大きく開く。,
60200 ,,,,,,5302,,けいと,けいと,06kei232_045.wav,けいと,60101,「おち○ちんも大好きですうぅ…………！」,
60300 ,,,,,,5302,,,,,,,　その絶叫を合図に、俺は一気にリボンをほどいた。,
60500 ,,,<!ef_shasei>,,,5303,,けいと,けいと,06kei232_046.wav,けいと,60101,「あ、あぁっ……はっ、はぅぅん！　んああっ……！,
60600 ,,,,,,5303,,,,,,,　戒めを解かれたけいとのチ○チンが、ビクビクと激しくけいれんする。物凄い勢いで吹き出した精液は、けいとの身体はもちろん、俺の頬にまで飛んできた。,
60700 ,,,,,,5303,,けいと,けいと,06kei232_047.wav,けいと,60101,「あ、あんっ！　あ、はぁあぁっ……」,
60800 ,,,,,,5303,,,,,,,　みるみる、けいとの下着が精液で染まる。俺はけいとを抱き締め、頬にそっとキスをした。,
60900 ,,,,,,5303,,けいと,けいと,06kei232_048.wav,けいと,60101,「は、はふぅ……せんせぇ……」,
61000 ,,,,,,5303,,,,,,,　けいとの精液が、俺のズボンを濡らす。しかし、今は全く気にならない。,
61100 ,,,,,,5303,,けいと,けいと,06kei232_049.wav,けいと,60101,「こんなにいっぱい、せいえき出たのはじめて……」,
61200 ,,,,,,5303,,隆行,隆行,,,,「そうだな、すごい量だ」,
61300 ,,,,,,5303,,けいと,けいと,06kei232_050.wav,けいと,60101,「こんなに、きもちいいのはじめてぇ……ボク、とろけちゃうよぉ……」,
61400 ,,,,,,5303,,隆行,隆行,,,,「そうだろ？」,
61500 ,,,,,,5303,,けいと,けいと,06kei232_051.wav,けいと,60101,「うん、ありがと、先生……ボク、おちん○できもちよくなってもいいんだね」,
61600 ,,,,,,5303,,隆行,隆行,,,,「もちろんだよ」,
61700 ,,,,,,5303,,けいと,けいと,06kei232_052.wav,けいと,60101,「これからは、ボクのおち○ちんもかわいがってくれる……？」,
61800 ,,,,,,5303,,隆行,隆行,,,,「う、うん……そうだな」,
61900 ,,,,,,5303,,けいと,けいと,06kei232_053.wav,けいと,60101,「うれしい、ボク……すごーくうれしいよ……」,
62000 ,,,,,,5303,,,,,,,　ますます、深みにハマっていくような……複雑な思い。けれど、今のけいとの表情は、迷いのない……澄んだ顔をしていた。かつて見たどんな表情よりも、魅力的な。,
62100 ,,,,,9000,5303,,,,,,,　だから……俺は何も言わず、しばらくけいとの頭を抱いていた。柔らかな、けいとの髪を撫で下ろしながら。,
62300 ,$return,,,,,,,,,,,,,
62400 ,&06kei030ha,,,4294967295,9000,,,,,,,,,
62790 ,,,<!se_chime_ext><wait 700>,,,,,,,,,,,
62800 ,,,,5,10,,,隆行,隆行,,,,「よっ、けいと」,
62900 ,,,,,,,,けいと,けいと,06kei233_001.wav,けいと,60101,「せんせい……っ」,
63000 ,,,,,,,,隆行,隆行,,けいと,60101,「なあ、けいと。先週あげた下着、今も着けてるのか？」,
63100 ,,,,,,,,けいと,けいと,06kei233_002.wav,けいと,60119,「えっ！？　やっ、やだよっ……こんなところで……！」,
63200 ,,,,,,,,隆行,隆行,,けいと,60119,「はははっ。じゃあ、部屋に行こうか」,
63300 ,,,,,,,,けいと,けいと,06kei233_003.wav,けいと,60115,「うん……」,
63500 ,,,<!ef_move>,,12,,,隆行,隆行,,,,「やっぱり……着けてるんだな？」,
63600 ,,,,,,,,けいと,けいと,06kei233_004.wav,けいと,60115,「う、うん……」,
63700 ,,,,,,,,隆行,隆行,,けいと,60115,「喜んでくれたようで、なによりだ」,
63800 ,,,,,,,,けいと,けいと,06kei233_005.wav,けいと,60116,「ボク、一生たいせつにするよ……っ！」,
63900 ,,,,,,,,隆行,隆行,,けいと,60116,「いいよ、そんなの」,
64000 ,,,,,,,,けいと,けいと,06kei233_006.wav,けいと,60114,「えっ……？」,
64100 ,,,,,,,,隆行,隆行,,けいと,60114,「お前になら、俺がまた買ってやるさ」,
64200 ,,,,,,,,けいと,けいと,06kei233_007.wav,けいと,60116,「あ……おにいちゃん……っ！」,
64300 ,,,,,,,,隆行,隆行,,けいと,60116,「わわっと……こら、抱きつくな！　あと、今の俺は『先生』だって！」,
64400 ,,,,,,,,けいと,けいと,06kei233_008.wav,けいと,60101,「うん……ごめんなさい……」,
64500 ,,,,,,,,隆行,隆行,,けいと,60101,「でもそんなに喜んでくれると、またいろいろ着せたくなるな」,
64600 ,,,,,,,,けいと,けいと,06kei233_009.wav,けいと,60115,「ボクも……いっぱい着てみたい……かも」,
64700 ,,,,,,,,隆行,隆行,,けいと,60115,「今度は、どんな女物がいいんだ？」,
64800 ,,,,,,,,けいと,けいと,06kei233_010.wav,けいと,60129,「やぁぁぁん……！」,
64900 ,,,,,,,,,,,けいと,60129,　俺は頬を赤く染めるけいとのノドに手を伸ばして、下あごの辺りをごろごろと撫でた。,
65000 ,,,,,,,,けいと,けいと,06kei233_011.wav,けいと,60128,「んんんん～んっ」,
65100 ,,,,,,,,けいと,けいと,06kei233_012.wav,けいと,60116,「ボク、先生にごろごろしてもらうの好きぃ……」,
65200 ,,,,,,,,隆行,隆行,,けいと,60116,「ネコみたいだな、けいとは」,
65300 ,,,,,,,,けいと,けいと,06kei233_013.wav,けいと,60115,「ボク……先生の飼い猫だもん……」,
65500 ,$return,,,,,,,,,,,,,
65600 ,&06kei040h,,<!ef_timepass>,5,12,,,,,,,,,
65900 ,,,,,,,,けいと,けいと,06kei234_001.wav,けいと,60401,「テスト……どう？」,
66000 ,,,,,,,,隆行,隆行,,けいと,60401,「うん、合格だ。ミスもだいぶ少なくなってるぞ」,
66100 ,,,,,,,,けいと,けいと,06kei234_002.wav,けいと,60403,「わぁい……！　じゃあ先生、ごほうび……」,
66200 ,,,,,,,,隆行,隆行,,けいと,60403,「そんなに急かさなくても、ちゃんとあげるよ」,
66300 ,,,,,,,,けいと,けいと,06kei234_003.wav,けいと,60402,「うんっ……▼」,
66500 ,,,<!ef_timepass>,,,,,,,,,,　俺はカバンの中から取りだしたご褒美の包みを、けいとの胸に押し込んだ。,
66600 ,,,,,,,,隆行,隆行,,,,「開けてごらん」,
66700 ,,,,,,,,けいと,けいと,06kei234_004.wav,けいと,60414,「うん、なにかなぁ……あっ、これ……！」,
66800 ,,,,,,,,,,,けいと,60414,　うす茶色の紙が、ガサゴソと音を立てる。その耳障りな音が止むと、濃紺の水着が姿を現した。,
66900 ,,,,,,,,けいと,けいと,06kei234_005.wav,けいと,60418,「スクールみずぎだー！　それも、女の子用の……」,
67000 ,,,,,,,,隆行,隆行,,けいと,60418,「手に入れるの、苦労したんだぞ」,
67100 ,,,,,,,,けいと,けいと,06kei234_006.wav,けいと,60403,「うれしいっ、ありがとう先生……！」,
67200 ,,,,,,,,,,,けいと,60403,　けいとは早速スクール水着を広げると、いろんな角度からしげしげと見つめた。,
67300 ,,,,,,,,けいと,けいと,06kei234_007.wav,けいと,60414,「へぇ……ボクが行ってる学校のとは、ちょっとちがうんだ……」,
67400 ,,,,,,,,隆行,隆行,,けいと,60414,「詳しいな、けいと」,
67500 ,,,,,,,,けいと,けいと,06kei234_008.wav,けいと,60416,「うん……着てみたいなぁって、いつも女子をうらやましく見てたから」,
67600 ,,,,,,,,隆行,隆行,,けいと,60416,「そ、そうか……」,
67700 ,,,,,,,,,,,けいと,60416,　そんな気持ちで、女子の水着姿を見ている男も少ないだろうな……。,
67800 ,,,,,,,,隆行,隆行,,けいと,60416,「気に入ってくれて、よかったよ」,
67900 ,,,,,,,,けいと,けいと,06kei234_009.wav,けいと,60413,「う、うん……それでね？　先生……」,
68000 ,,,,,,,,隆行,隆行,,けいと,60413,「うん？」,
68100 ,,,,,,,,けいと,けいと,06kei234_010.wav,けいと,60415,「えっと……」,
68200 ,,,,,,,,,,,けいと,60415,　スクール水着をしっかと握りしめて、けいとが俺を上目遣いに見つめる。明らかに、『着ていい？』と俺に聞いている。,
68300 ,,,,,,,,,,,けいと,60415,　もちろん、俺もそうさせるつもりではあったが……。,
68400 ,,,,,,,,隆行,隆行,,けいと,60415,「ああ、いいよ。けいとがスクール水着を着たところ、俺も見てみたい」,
68500 ,,,,,,,,けいと,けいと,06kei234_011.wav,けいと,60416,「先生……」,
68600 ,,,,,,,,,,,けいと,60416,　けいとのお母さんは、さっき出かけたよな。それに確か、はるかちゃんもいなかったハズだ。だったら……よし！,
68700 ,,,,,,,,隆行,隆行,,けいと,60416,「それじゃ、けいと。風呂場に行こうか」,
68800 ,,,,,,,,けいと,けいと,06kei234_012.wav,けいと,60414,「おふろ？　いっしょに、はいるの……？」,
68900 ,,,,,,,,隆行,隆行,,けいと,60414,「違う違う。水着を着るんなら、水場の方がいいだろう？」,
69000 ,,,,,,,,けいと,けいと,06kei234_013.wav,けいと,60420,「あ、うん……わかった。じゃあ、お母さんとお姉ちゃんが、帰ってこないうちにね」,
69100 ,,,,,,,,隆行,隆行,,けいと,60420,「そうだな、急ごう」,
69200 ,,,,,,,,けいと,けいと,06kei234_014.wav,けいと,60401,「んっ……待って。すぐ着替えちゃうから」,
69300 ,,,,,,,,,,,,,　けいとは、半ズボンに指をかけていそいそと着替えを始める。俺はその光景を見ないようにと、先に部屋から出て行った。,
69400 ,,,,,,,,,,,,,　楽しみは、なるべく後にとっておかないとな……。,
69600 ,,,,10,9000,,,,,,,,　先にお風呂場で準備を整えていた俺は、けいとが引き戸を開けた瞬間、シャワーの口をドアの方へ向けて蛇口を捻った。,
69700 ,,,<!pre_ev1>,,,5401,,けいと,けいと,06kei234_015.wav,けいと,60101,「ひゃあっ！？　せ、せんせぇ……いきなり何するのぉ……」,
69800 ,,,,,,5401,,,,,,,　文句を無視して、俺はさらにシャワーの勢いを強める。勢いよく吹き出したシャワーは、けいとの全身をまんべんなく濡らした。,
69900 ,,,,,,5401,,けいと,けいと,06kei234_016.wav,けいと,60101,「ああっ、あ……」,
70000 ,,,,,,5401,,隆行,隆行,,,,「うん、いい眺めだ。やっぱり水着は濡れてないとな」,
70100 ,,,,,,5401,,けいと,けいと,06kei234_017.wav,けいと,60101,「う、うん……」,
70200 ,,,,,,5401,,,,,,,　濃紺の色味をさらに強めたスクール水着は、ぴったりとけいとの身体に張り付き、ほっそりとしたボディラインを浮かび上がらせた。,
70300 ,,,,,,5401,,けいと,けいと,06kei234_018.wav,けいと,60101,「先生、どう？　ボク、スクールみずぎ似合ってる……？」,
70400 ,,,,,,5401,,隆行,隆行,,,,「思ってた以上、にな」,
70500 ,,,,,,5401,,けいと,けいと,06kei234_019.wav,けいと,60101,「そ、そうなんだ……よかったぁ……」,
70600 ,,,,,,5401,,,,,,,　予想以上だった、けいとのスクール水着姿。うなじから肩口にかけてなどは、色っぽさすら感じる。,
70700 ,,,,,,5401,,,,,,,　違和感と言えば、胸がぺたんこなことくらいで……あとは少女と言っても充分に通用するだけの愛らしさを、全身から醸し出し……て……。,
70800 ,,,,,,5401,,,,,,,　い、いや……あと一ヶ所。,
70900 ,,,,,,5401,,隆行,隆行,,,,「けいと、見てごらん。チ○チンの形がくっきり浮かび上がってる」,
71000 ,,,,,,5401,,けいと,けいと,06kei234_020.wav,けいと,60101,「そんなの、言わないでよぉ……ボクも気にしてるのに……」,
71100 ,,,,,,5401,,隆行,隆行,,,,「こうしてみると、けいとのチ○チンも意外と大きいな」,
71200 ,,,,,,5401,,けいと,けいと,06kei234_021.wav,けいと,60101,「ちがうよ……っ、そんなんじゃないもん」,
71300 ,,,,,,5401,,隆行,隆行,,,,「ってコトはもしかして、もう勃起してるのか」,
71400 ,,,,,,5401,,けいと,けいと,06kei234_022.wav,けいと,60101,「う……」,
71500 ,,,,,,5401,,,,,,,　俺の言葉に、けいとは恥ずかしそうにうなずいた。,
71600 ,,,,,,5401,,けいと,けいと,06kei234_023.wav,けいと,60101,「あ、あの……スクール水着ってね、おまたの下のトコが思ったよりせまくて……ボクのタマタマ、ぴちってしめつけてくるのぉ……」,
71700 ,,,,,,5401,,隆行,隆行,,,,「そりゃあ、まあ……本来はそこに膨らみのない、女の子が着るモノだしな」,
71800 ,,,,,,5401,,けいと,けいと,06kei234_024.wav,けいと,60101,「おち○ちんのところも、キツいよ……」,
71900 ,,,,,,5401,,隆行,隆行,,,,「それは、けいとが勃起させてるからだろ」,
72000 ,,,,,,5401,,けいと,けいと,06kei234_025.wav,けいと,60101,「ぐす、ひどぉい……」,
72100 ,,,,,,5401,,,,,,,　けいとは泣き顔になって、腰をもじもじと動かす。,
72200 ,,,,,,5401,,隆行,隆行,,,,「ごめんごめん。ほら、気持ち良くしてあげるよ」,
72400 ,,,,,,5402,,けいと,けいと,06kei234_026.wav,けいと,60101,「あ……ああん……」,
72500 ,,,,,,5402,,,,,,,　けいとの股間に指を入れて、くいっ……と水着のフチを引っ張ってやる。ただのそれだけで、けいとのチ○チンは、ぴょこんとピンク色の素顔を覗かせた。,
72600 ,,,,,,5402,,隆行,隆行,,,,「今日は剥いてあげるまでもなく、先っちょ剥けちゃってるな」,
72700 ,,,,,,5402,,けいと,けいと,06kei234_027.wav,けいと,60101,「あ、あぁ……おち○ちんでちゃった……」,
72800 ,,,,,,5402,,隆行,隆行,,,,「おっぱいも、出しちゃおうか」,
72900 ,,,,,,5402,,けいと,けいと,06kei234_028.wav,けいと,60101,「んんっ……！」,
73000 ,,,,,,5402,,,,,,,　俺は、一気に肩ひもをずり下げる。豪快にはだけた水着の肩口は、ちょうどけいとの胸元で折り返しの限界に達して、ぴっちりと薄い色の乳首を刺激した。,
73100 ,,,,,,5402,,けいと,けいと,06kei234_029.wav,けいと,60101,「はぁっ……ちくび、こすれちゃう……ん」,
73200 ,,,,,,5402,,隆行,隆行,,,,「おっぱいは膨らんでないけど、乳首の色はいいね……可愛いピンクだ」,
73300 ,,,,,,5402,,けいと,けいと,06kei234_030.wav,けいと,60101,「ほ、ほんとぉ……？」,
73400 ,,,,,,5402,,隆行,隆行,,,,「ん……さわり心地もいい」,
73500 ,,,,,,5402,,けいと,けいと,06kei234_031.wav,けいと,60101,「あぁんっ！　んっ、あ……は」,
73600 ,,,,,,5402,,隆行,隆行,,,,「味はどうかな」,
73700 ,,,,,,5402,,けいと,けいと,06kei234_032.wav,けいと,60101,「んくぅっ！　せっ、せんせぇ……っ」,
73800 ,,,,,,5402,,,,,,,　水滴を弾く、ハリのあるけいとの肌に舌を這わせる。,
73900 ,,,,,,5402,,けいと,けいと,06kei234_033.wav,けいと,60101,「んぅっ……いいっ！　せんせいの舌、すごくいいよぉ……あはっ……」,
74000 ,,,,,,5402,,,,,,,　けいとのちいさな乳首をちゅるちゅると吸っていると、ぷくっとした乳首が次第に硬さを帯びてきた。,
74100 ,,,,,,5402,,,,,,,　男の子の乳首でも、はっきりとわかるぐらい硬く勃起するもんなんだな……。自分じゃさわらないし、ちょっと新鮮な発見だ。,
74200 ,,,,,,5402,,隆行,隆行,,,,「乳首いじられて、硬くしちゃうなんて……まるきり女の子みたいだな、けいと」,
74300 ,,,,,,5402,,けいと,けいと,06kei234_034.wav,けいと,60101,「はあっ、ああん……女の子って、こんなきもちいいこと……いつもしてもらうのぉ……？」,
74400 ,,,,,,5402,,隆行,隆行,,,,「んん？　うん……そうじゃないかな」,
74500 ,,,,,,5402,,けいと,けいと,06kei234_035.wav,けいと,60101,「いいっ、ああ……ボクもおんなのこがいい……おんなのこぉっ……っ」,
74600 ,,,,,,5402,,隆行,隆行,,,,「だから今、俺がいっぱい吸ってあげてるじゃないか」,
74700 ,,,,,,5402,,けいと,けいと,06kei234_036.wav,けいと,60101,「んっ！　んっ、ふあぁぁんっ……もっと吸って、せんせぇ……」,
74800 ,,,,,,5402,,隆行,隆行,,,,「なあ……女の子はいいけど、さっきからけいとの『男の子』が、俺のふとももをピシピシ叩いてるぞ」,
74900 ,,,,,,5402,,けいと,けいと,06kei234_037.wav,けいと,60101,「あんっ、やぁぁんっ……」,
75000 ,,,,,,5402,,,,,,,　俺は乳首から口を離して、けいとの前にしゃがみ込む。俺の視線に敏感に反応したチ○チンは、一度大きく反り返り、水着の生地にカウパーの染みを作った。,
75100 ,,,,,,5402,,隆行,隆行,,,,「まだムケきってもいないチ○チンを、こんなに膨らませちゃって……そんなにおっぱい気持ちよかったか？」,
75200 ,,,,,,5402,,けいと,けいと,06kei234_038.wav,けいと,60101,「うんっ、ボク……せいえき出ちゃいそうだった……」,
75300 ,,,,,,5402,,隆行,隆行,,,,「そうだな。けいとのチ○チン、苦しそうにあえいでる」,
75400 ,,,,,,5402,,けいと,けいと,06kei234_039.wav,けいと,60101,「おち○ちん、あつい……せんせぇ……」,
75500 ,,,,,,5402,,隆行,隆行,,,,「どうして欲しい？　して欲しいコト、ちゃんと言ってみな」,
75600 ,,,,,,5402,,けいと,けいと,06kei234_040.wav,けいと,60101,「さ、さわって……」,
75700 ,,,,,,5402,,隆行,隆行,,,,「こうか……？」,
75800 ,,,,,,5402,,けいと,けいと,06kei234_041.wav,けいと,60101,「んっ！　き、きもちいいけど……もっと……」,
75900 ,,,,,,5402,,隆行,隆行,,,,「こうかな」,
76000 ,,,,,,5402,,,,,,,　わざと、やんわりとサオを撫でるだけの動きを繰り返す。ある意味拷問のような責めに、けいとはじれったそうに首を振った。,
76100 ,,,,,,5402,,けいと,けいと,06kei234_042.wav,けいと,60101,「もっとぉっ……もっとしごいて、ほしいのおっ！」,
76200 ,,,,,,5402,,隆行,隆行,,,,「なんだ……そうか。思いっきりしてやるよ」,
76300 ,,,,,,5402,,けいと,けいと,06kei234_043.wav,けいと,60101,「あうううっ！　あ、あっ……ああぁっ！！」,
76400 ,,,,,,5402,,,,,,,　俺は、しょりしょりした手触りのスクール水着越しに、おしりを撫で回しながら……チ○チンを激しく擦り上げ始めた。,
76500 ,,,,,,5402,,,,,,,　嬉しそうに震えるチ○チンからはカウパーが噴き出し、すぐに俺の拳を濡らしてしまう。,
76600 ,,,,,,5402,,けいと,けいと,06kei234_044.wav,けいと,60101,「あ、あんっ！　あ……イイっ、先生……おち○ちんがぴりぴりする……。先生のぐいぐいって手つき、ボクかんじすぎちゃうよぉ……イッちゃうぅ……！」,
76700 ,,,,,,5402,,隆行,隆行,,,,「なんだ、もうイッちゃうのか？　少しは我慢するんだ」,
76800 ,,,,,,5402,,けいと,けいと,06kei234_045.wav,けいと,60101,「せんせぇ、おっぱい……おっぱいさわってぇ」,
76900 ,,,,,,5402,,隆行,隆行,,,,「しょうがないなぁ……んんっ、こうか？」,
77000 ,,,,,,5402,,けいと,けいと,06kei234_046.wav,けいと,60101,「あんっ、ああ……もっと、ぐりぐり、ってぇ……」,
77100 ,,,,,,5402,,隆行,隆行,,,,「これくらい？」,
77200 ,,,,,,5402,,けいと,けいと,06kei234_047.wav,けいと,60101,「んっ！　くぅっ、くぅぅん……」,
77300 ,,,,,,5402,,,,,,,　乳首を指の腹で押しつぶし、ぐりぐりと円を描く。,
77400 ,,,,,,5402,,,,,,,　それから、なんとなくスクール水着の味を確かめたくなった俺は……けいとのおなかから胸にかけて、舌をするすると這わせた。,
77500 ,,,,,,5402,,けいと,けいと,06kei234_048.wav,けいと,60101,「あうんっ、な、なめないでぇ……そんなことされたら、ボク、もうがまんできない……」,
77600 ,,,,,,5402,,隆行,隆行,,,,「ダメだ、もう少し」,
77700 ,,,,,,5402,,けいと,けいと,06kei234_049.wav,けいと,60101,「やだあ……ボク、イッちゃう……先生の指とお口で、イッちゃうのぉ……！！」,
77800 ,,,,,,5402,,,,,,,　けいとは無意識のうちに、男の子の動きをしていた。弱々しくも腰を振って、チ○チンをしごく俺の指が作った輪っかを犯そうとする。,
77900 ,,,,,,5402,,けいと,けいと,06kei234_050.wav,けいと,60101,「はぁん……ゆるして、せんせぇ……出したいっ、もぉダメぇ……」,
78000 ,,,,,,5402,,隆行,隆行,,,,「しょうがないな……いいよ、いっぱい出すんだ」,
78100 ,,,,,,5402,,けいと,けいと,06kei234_051.wav,けいと,60101,「あんっ▼　あっ、あっ……くぅぅん……ひぁっ、あつい……おち○ちん……もおっ、ボク……あああぁぁぁぁぁんっ……！！」,
78300 ,,,<!ef_shasei>,,,5403,,,,,,,　けいとの絶頂を感じた刹那、俺はけいとのチ○チンの先を、けいと自身へと向けた。,
78400 ,,,,,,5403,,けいと,けいと,06kei234_052.wav,けいと,60101,「んんっ！？　あ、あうっ……やぁっ、ボクのせいえきが飛んでくるぅ……！」,
78500 ,,,,,,5403,,,,,,,　たっぷりと湿った濃紺のスクール水着に、けいとの精液が白い柄を作る。,
78600 ,,,,,,5403,,,,,,,　俺は白濁にまみれた指を、けいとの口元に運んだ。,
78700 ,,,,,,5403,,隆行,隆行,,,,「けいとの精液だ。舐めてくれるな？」,
78800 ,,,,,,5403,,けいと,けいと,06kei234_053.wav,けいと,60101,「えっ……？　う、うん……ボクのおち○ちんで汚しちゃったから、ボクがきれいにするぅ……」,
78900 ,,,,,,5403,,隆行,隆行,,,,「よし、頼むよ」,
79000 ,,,,,,5403,,けいと,けいと,06kei234_054.wav,けいと,60101,「んぁむっ……んちゅ……うう、ボクのせいえき、先生のと味がちがうよ……」,
79100 ,,,,,,5403,,隆行,隆行,,,,「違うのか……？」,
79200 ,,,,,,5403,,けいと,けいと,06kei234_055.wav,けいと,60101,「先生の方が、濃くてどろっとしてて……おいしいの……。ボクのせいえき、うすくておいしくない……」,
79300 ,,,,,,5403,,隆行,隆行,,,,「そうか……そういうモンかもな」,
79400 ,,,,,,5403,,けいと,けいと,06kei234_056.wav,けいと,60101,「んむうっ、ちゅ……くちゅっ、ん……んっ」,
79500 ,,,,,,5403,,隆行,隆行,,,,「けいと、このまま身体の流しっこでもするか」,
79600 ,,,,,,5403,,けいと,けいと,06kei234_057.wav,けいと,60101,「うん、するっ！　あっ……でも……」,
79700 ,,,,,,5403,,隆行,隆行,,,,「んん？」,
79800 ,,,,,,5403,,けいと,けいと,06kei234_058.wav,けいと,60101,「お姉ちゃんとお母さん、かえってきちゃうかも……」,
79900 ,,,,,,5403,,隆行,隆行,,,,「ああっ、そうか……やばっ！」,
80000 ,,,,,,5403,,,,,,,　けいとの身体と、風呂場のタイルをざっとシャワーで流して、俺はスク水姿のけいとを小脇に抱える。,
80100 ,,,,,,5403,,隆行,隆行,,,,「た、退散ッ……！」,
80200 ,,,,,,,,けいと,けいと,06kei234_059.wav,,,「きゃああんっ……！！」,
80300 ,,,,,,,,,,,,,　そのまま俺は、早足でお風呂を出て階段をのぼった。,
80400 ,,,,,,,,,,,,,　はるかちゃんの『ただいま』が聞こえたのは、それから約５分後のこと。,
80500 ,,,,,,,,,,,,,　助かったような、残念なような……。,
80700 ,$return,,,,,,,,,,,,,
80800 ,&06kei040ha,,,4294967295,9000,,,,,,,,,
81190 ,,,<!se_chime_ext><wait 700>,,,,,,,,,,,
81200 ,,,,5,10,,,隆行,隆行,,,,「やあ、けいと。元気にしてたか？」,
81300 ,,,,,,,,けいと,けいと,06kei235_001.wav,けいと,60101,「うん……」,
81400 ,,,,,,,,隆行,隆行,,けいと,60101,「風邪とか引いてないだろうな？」,
81500 ,,,,,,,,けいと,けいと,06kei235_002.wav,けいと,60102,「ひいてないよぉ～。かぜひいちゃったら、先生のじゅぎょう受けられないもん……」,
81690 ,,,<!ef_move>,,12,,,,,,,,,
81700 ,,,,,,,,けいと,けいと,06kei235_003.wav,けいと,60101,「おにぃちゃ……あっと、先生……」,
81800 ,,,,,,,,隆行,隆行,,けいと,60101,「んっ、なんだ？」,
81900 ,,,,,,,,けいと,けいと,06kei235_004.wav,けいと,60115,「この前もらった、スクールみずぎ……」,
82000 ,,,,,,,,隆行,隆行,,けいと,60115,「なんだ、あれからも気に入って着てるのか？」,
82590 ,,,,,,,,,けいと,06kei230_006.wav,けいと,60102,「うん。ありがとう、先生」,
82600 ,,,,,,,,隆行,隆行,,けいと,60102,「また成績が上がったら、今度はもっとすごいプレゼントをやるよ」,
82700 ,,,,,,,,けいと,けいと,06kei235_008.wav,けいと,60114,「えっ、ホント……！？」,
82800 ,,,,,,,,隆行,隆行,,けいと,60114,「俺が今までにウソを言ったコトがあるか？　うりゃー、けいと～」,
82900 ,,,,,,,,けいと,けいと,06kei235_009.wav,けいと,60128,「やぁぁんっ、おにいちゃん、重いよぉ……」,
83000 ,,,,,,,,隆行,隆行,,けいと,60128,「だから今の俺は『先生』だって、何度言ったらわかるんだ……？　うりうり」,
83100 ,,,,,,,,けいと,けいと,06kei235_010.wav,けいと,60129,「あっ、あっ、やぁぁんっ、むねの中に手を入れないで……んもう……」,
83200 ,,,,,,,,隆行,隆行,,けいと,60129,「さて、バカやってないで勉強するぞ」,
83300 ,,,,,,,,けいと,けいと,06kei235_011.wav,けいと,60122,「ぐすっ、先生からやってきたのに……ひどいよぉ……」,
83500 ,$return,,,,,,,,,,,,,
83600 ,&06kei050h,,<!ef_timepass>,5,12,,,,,,,,,
83900 ,,,,,,,,隆行,隆行,,,,「うん、いいぞ。今日はここまで」,
84000 ,,,,,,,,けいと,けいと,06kei236_001.wav,けいと,60420,「ふうっ……おわったぁ……」,
84100 ,,,,,,,,,,,けいと,60420,　合格した小テストで取りこぼした問題の再点検を終えると、けいとはエンピツを放り出して伸びをひとつ。,
84200 ,,,,,,,,けいと,けいと,06kei236_002.wav,けいと,60402,「つかれたぁ……」,
84300 ,,,,,,,,隆行,隆行,,けいと,60402,「ちゃんと集中して勉強すれば、それは疲れるよ」,
84400 ,,,,,,,,けいと,けいと,06kei236_003.wav,けいと,60420,「うん……ボク、あたまくらくらぁ……」,
84500 ,,,,,,,,隆行,隆行,,けいと,60420,「はは……最近、けいとは本当に頑張ってるな。今なら、はるかちゃんと比べてもそんなに差はないんじゃないか？」,
84600 ,,,,,,,,けいと,けいと,06kei236_004.wav,けいと,60414,「ホント？　そうなんだ……」,
84700 ,,,,,,,,,,,けいと,60414,　けいとは不意に神妙な顔になると、あごに指をつけて考え込む仕草を見せた。,
84800 ,,,,,,,,けいと,けいと,06kei236_005.wav,けいと,60419,「こぼうびは……？」,
84900 ,,,,,,,,隆行,隆行,,けいと,60419,「えっ……？」,
85000 ,,,,,,,,けいと,けいと,06kei236_006.wav,けいと,60419,「ごほうびは、ボクとおねえちゃん、どっちがたくさんもらってるのぉ……？」,
85100 ,,,,,,,,隆行,隆行,,けいと,60419,「それは別の話で……。けいとは、けいと。はるかちゃんは、はるかちゃん。そうだろ？」,
85200 ,,,,,,,,けいと,けいと,06kei236_007.wav,けいと,60413,「うっ、うん……そうだけど……」,
85300 ,,,,,,,,隆行,隆行,,けいと,60413,「とりあえず……さっき合格した分のご褒美、してあげるか」,
85400 ,,,,,,,,けいと,けいと,06kei236_008.wav,けいと,60416,「わぁい……！」,
85500 ,,,,,,,,,,,,,　俺はカバンの中から、今日のエッチ教材……ローターを取り出した。,
85600 ,,,,,,,,隆行,隆行,,,,「これが何だか、わかるか？」,
85700 ,,,,,,,,けいと,けいと,06kei236_009.wav,けいと,60414,「えっと……ね、なんとなく」,
85800 ,,,,,,,,隆行,隆行,,けいと,60414,「そうか。だったら、何に使うか言ってみてくれ」,
85900 ,,,,,,,,けいと,けいと,06kei236_010.wav,けいと,60419,「あの……女の子が……」,
86000 ,,,,,,,,,,,けいと,60419,　口を開きかけては閉じ……結局けいとは、下を向いてしまう。,
86100 ,,,,,,,,けいと,けいと,06kei236_011.wav,けいと,60422,「ごめんなさい、くわしくはわかんない……」,
86200 ,,,,,,,,隆行,隆行,,けいと,60422,「知ったかぶりはよくないぞ」,
86300 ,,,,,,,,けいと,けいと,06kei236_012.wav,けいと,60405,「ごめんなさい……」,
86400 ,,,,,,,,隆行,隆行,,けいと,60405,「しょうがないな。今日は、コレをどうやって使うのかたっぷり教えてやるよ」,
86500 ,,,,,,,,けいと,けいと,06kei236_013.wav,けいと,60416,「う、うん！　ありがとう、先生」,
86900 ,,,,,,,,,,,,,　今日も、楽しい個人レッスンになりそうだ……。,
87300 ,,,<!pre_ev1>,10,,5501,,けいと,けいと,06kei236_016.wav,けいと,60101,「きゃん！　せ、せんせぇ……んっ、んふうっ……」,
87400 ,,,,,,5501,,隆行,隆行,,,,「ちゃんと、くわえておくんだぞ」,
87500 ,,,,,,5501,,,,,,,　上着のすそをけいとの口元に運んで、くわえさせる。その間も俺は空いている方の手でブラをずり上げ、あらわになった薄い色の乳首を指で転がし、くすぐった。,
87600 ,,,,,,5501,,けいと,けいと,06kei236_017.wav,けいと,60101,「んっ、んっ……あううっ、おっぱい……ああっ」,
87700 ,,,,,,5501,,隆行,隆行,,,,「じっとしてるんだ。ほら、ちょっと身体横向いて」,
87800 ,,,,,,5501,,けいと,けいと,06kei236_018.wav,けいと,60101,「んっ、うう……」,
87900 ,,,,,,5501,,,,,,,　続けて、用意しておいた麻縄でけいとを後ろ手に縛り上げる。一連の準備が終了してけいとを見下ろすと、表情はやや青ざめ、軽いパニックを引き起こしているようだった。,
88000 ,,,,,,5501,,けいと,けいと,06kei236_019.wav,けいと,60101,「い、いたいっ……んんっ」,
88100 ,,,,,,5501,,隆行,隆行,,,,「もし、その口を離したら今日のご褒美はおしまいだ。いいな？」,
88200 ,,,,,,5501,,けいと,けいと,06kei236_020.wav,けいと,60101,「ふぅ……っ、んん」,
88300 ,,,,,,5501,,,,,,,　けいとがうなずくのを確認して、チ○チンをぎゅっとわしづかみにする。,
88400 ,,,,,,5501,,けいと,けいと,06kei236_021.wav,けいと,60101,「ふうっ！　んん……」,
88500 ,,,,,,5501,,隆行,隆行,,,,「そうそう、その調子で頑張って我慢するんだぞ」,
88600 ,,,,,,5501,,けいと,けいと,06kei236_022.wav,けいと,60101,「んふぅん……」,
88700 ,,,,,,5501,,隆行,隆行,,,,「そんな顔しないの。これから、ものすごーく気持ちよくしてやるからな」,
88800 ,,,,,,5501,,けいと,けいと,06kei236_023.wav,けいと,60101,「ん……んふっ、ふわ……」,
88900 ,,,,,,5501,,隆行,隆行,,,,「こら、手を無理に動かすな。痕が残るぞ」,
89000 ,,,,,,5501,,,,,,,　キツく縛り上げられた両手を撫でてあげると、ようやくけいとの表情が和らいだ。,
89100 ,,,,,,5501,,けいと,けいと,06kei236_024.wav,けいと,60101,「ん……▼」,
89200 ,,,,,,5501,,隆行,隆行,,,,「続けるぞ、いいな……？」,
89300 ,,,,,,5501,,けいと,けいと,06kei236_025.wav,けいと,60101,「ん……」,
89400 ,,,,,,5501,,,,,,,　恥ずかしそうに了承するけいとに微笑み返し、俺は今日の主役……ローターを準備した。,
89600 ,,,,,,5501,,けいと,けいと,06kei236_026.wav,けいと,60101,「ふわううっ、んん……」,
89700 ,,,,,,5501,,,,,,,　まずは首筋にローターをあてがい、少しずつ下へとずり下げていく。,
89800 ,,,,,,5501,,けいと,けいと,06kei236_027.wav,けいと,60101,「んふうぅっ……は、はむぅ、ん……」,
89900 ,,,,,,5501,,隆行,隆行,,,,「けいと、気持ちよさそうだな……わきの下とかはどうかな」,
90000 ,,,,,,5501,,けいと,けいと,06kei236_028.wav,けいと,60101,「あふっ、ん……んんん……」,
90100 ,,,,,,5501,,隆行,隆行,,,,「ここもいいのか？　くすぐったいんじゃなくて、感じるんだな」,
90200 ,,,,,,5501,,けいと,けいと,06kei236_029.wav,けいと,60101,「ふぁむっ、んぅ……」,
90300 ,,,,,,5501,,,,,,,　なんとかすそをくわえ続けたまま、けいとはなまめかしく身体をくねらせる。その姿は、どこをどう見ても女の子だ……。,
90400 ,,,,,,5501,,けいと,けいと,06kei236_030.wav,けいと,60101,「んぅっ……！？」,
90500 ,,,,,,5501,,,,,,,　全身ピンクがかったシミひとつない綺麗な身体へ、俺は吸い寄せられるように手を伸ばした。,
90600 ,,,,,,5501,,けいと,けいと,06kei236_031.wav,けいと,60101,「んっ、うぅっ！　んん……」,
90700 ,,,,,,5501,,隆行,隆行,,,,「けいとの乳首、俺がさわるとすぐコリコリになっちゃうな」,
90800 ,,,,,,5501,,けいと,けいと,06kei236_032.wav,けいと,60101,「ふぁう、ふむうっ……」,
90900 ,,,,,,5501,,,,,,,　ピンク色の乳首を、指で弾く。そのたびにけいとは身体をよじり、乳首をますます尖らせた。,
91000 ,,,,,,5501,,隆行,隆行,,,,「おっと、今日はローターでさわらないとな」,
91100 ,,,,,,5501,,けいと,けいと,06kei236_033.wav,けいと,60101,「んうあぅ……んんん」,
91200 ,,,,,,5501,,隆行,隆行,,,,「乳首がいいみたいだな？　けいとの腰、動いちゃってるぞ」,
91300 ,,,,,,5501,,けいと,けいと,06kei236_034.wav,けいと,60101,「んぅっ！　ん……」,
91400 ,,,,,,5501,,,,,,,　うんうん、とけいとが激しく首を縦に振る。,
91500 ,,,,,,5501,,隆行,隆行,,,,「そんなにイイのか……けいとの身体、全身が女の子みたいに感じるんだな」,
91600 ,,,,,,5501,,,,,,,　そう耳元でささやくと、嬉しそうな瞳が俺を向く。,
91700 ,,,,,,5501,,けいと,けいと,06kei236_035.wav,けいと,60101,「んん……せんふぇっ、ん……」,
91800 ,,,,,,5501,,隆行,隆行,,,,「あ……けいと、スカートがテント貼っちゃってるぞ」,
91900 ,,,,,,5501,,けいと,けいと,06kei236_036.wav,けいと,60101,「ふぇ……？　ん、んん……」,
92000 ,,,,,,5501,,隆行,隆行,,,,「乳首ローターで責められて、勃起したのか。可哀想にな、チ○チンしごきたくてたまらないんじゃないか？」,
92100 ,,,,,,5501,,けいと,けいと,06kei236_037.wav,けいと,60101,「ん、うっ……ぷぁ、ん……」,
92200 ,,,,,,5501,,隆行,隆行,,,,「うん、偉いぞ。ちゃんと上着を口にくわえ続けるんだ。ご褒美にチ○チン撫でてあげるからな」,
92300 ,,,,,,5501,,けいと,けいと,06kei236_038.wav,けいと,60101,「んふっ、あ゛っ……んん……」,
92400 ,,,,,,5501,,,,,,,　チ○チンの先とおぼしきテントの先端を、指で撫でる。すると、けいとは下着とスカート、二重の生地をも越えて小さなシミを作り上げた。,
92500 ,,,,,,5501,,けいと,けいと,06kei236_039.wav,けいと,60101,「んあぅ……ん、ふぇん……」,
92600 ,,,,,,5501,,隆行,隆行,,,,「わかった、わかったよ。脱がせてあげる……」,
92700 ,,,,,,5501,,けいと,けいと,06kei236_040.wav,けいと,60101,「ん……」,
92800 ,,,,,,5501,,隆行,隆行,,,,「可愛いけいとには、もっといいご褒美あげるからな」,
93000 ,,,,,,5502,,,,,,,　左右の乳首と、チ○チン……うん、こんなところか。,
93100 ,,,,,,5502,,けいと,けいと,06kei236_041.wav,けいと,60101,「ふわっ！？　ふぁ、ふぁぁっ……」,
93200 ,,,,,,5502,,,,,,,　チ○チンと乳首に、ローターをテープでぐるぐる巻きにして貼り付ける。そして俺の手には、３つのスイッチが握られていた。,
93300 ,,,,,,5502,,隆行,隆行,,,,「けいと、うなずきで答えるんだ。チ○チンと乳首、どっちからいじめて欲しい？」,
93400 ,,,,,,5502,,けいと,けいと,06kei236_042.wav,けいと,60101,「んんぅ……」,
93500 ,,,,,,5502,,隆行,隆行,,,,「チ○チン？」,
93600 ,,,,,,5502,,けいと,けいと,06kei236_043.wav,けいと,60101,「ん……んんんっ」,
93700 ,,,,,,5502,,,,,,,　ううん、と首を横に振る。,
93800 ,,,,,,5502,,隆行,隆行,,,,「そっか……じゃあ、乳首だな？」,
93900 ,,,,,,5502,,けいと,けいと,06kei236_044.wav,けいと,60101,「んぅっ……」,
94000 ,,,,,,5502,,,,,,,　こちらは、ほんの少し間が空いて……けいとは消極的に首を縦に振った。自分でも乳首の敏感さを知っているだけに、不安と戸惑いがあるんだろう。,
94100 ,,,,,,5502,,けいと,けいと,06kei236_045.wav,けいと,60101,「んん……」,
94200 ,,,,,,5502,,,,,,,　イキたいのに求められない……けいとの顔は切なそうで、俺の加虐心が刺激された。,
94300 ,,,,,,5502,,隆行,隆行,,,,「わかった、じゃあ…………乳首とチ○チン全部、な」,
94400 ,,,,,,5502,,けいと,けいと,06kei236_046.wav,けいと,60101,「んうぅっ！？　んふっ、んふぅぅっ……！」,
94500 ,,,,,,5502,,隆行,隆行,,,,「ふふっ……スイッチ、オン」,
94700 ,,,,,,5502,,けいと,けいと,06kei236_047.wav,けいと,60101,「んうぅぅぅぅぅぅあぁぁぁぁぁっ！」,
94800 ,,,,,,5502,,,,,,,　唾液に濡れたすそを吐き出して、けいとは大きな声で絶叫した。眼に涙をにじませて……動かせない体をよじる。,
94900 ,,,,,,5502,,けいと,けいと,06kei236_048.wav,けいと,60101,「はあっ、はあっ……！　んん、くぁ……あっ、ああぁんっ！！」,
95000 ,,,,,,5502,,隆行,隆行,,,,「あーあ、上着を離しちゃったな。もうやめて欲しくなったのか？」,
95100 ,,,,,,5502,,けいと,けいと,06kei236_049.wav,けいと,60101,「んああっ、ちがう……やめちゃやだぁ……」,
95200 ,,,,,,5502,,隆行,隆行,,,,「んん？　なんだって、よく聞こえないよ」,
95300 ,,,,,,5502,,けいと,けいと,06kei236_050.wav,けいと,60101,「や、やめちゃ……やだぁっ！！　このまま、ほっとかれたりしたら、ボク……おかしくなっちゃう……」,
95400 ,,,,,,5502,,,,,,,　身体と……それ以上に激しくチ○チンをけいれんさせて、けいとは叫ぶ。,
95500 ,,,,,,5502,,けいと,けいと,06kei236_051.wav,けいと,60101,「おねがい、せんせい……このまま……ボクのおち○ちんいじめて……。せいえき出るまで、いじってぇ……」,
95600 ,,,,,,5502,,隆行,隆行,,,,「もう、出そうなのか？」,
95700 ,,,,,,5502,,けいと,けいと,06kei236_052.wav,けいと,60101,「んっ、すぐ……すぐ出ちゃうっ！　ちくびも、おち○ちんもきもちよすぎて……ああっ！　も、もうっ……！」,
95800 ,,,,,,5502,,隆行,隆行,,,,「仕方ない。そういう事なら協力するかな」,
95900 ,,,,,,5502,,,,,,,　俺はローターのスイッチはそのままに、けいとの身体に覆いかぶさった。,
96000 ,,,,,,5502,,けいと,けいと,06kei236_053.wav,けいと,60101,「んぅっ、あ……せんせいっ、ボク……へんになっちゃう、へんになっちゃうよぉ……」,
96100 ,,,,,,5502,,,,,,,　けいとの耳たぶを舌で転がしながら、おしりの下に潜り込ませた手で、けいとのおしりを乱暴に揉みしだく。,
96200 ,,,,,,5502,,けいと,けいと,06kei236_054.wav,けいと,60101,「はあぁ……でるぅ、でちゃう……もおっ、おわっちゃう……！」,
96300 ,,,,,,5502,,隆行,隆行,,,,「んっ、くちゅっ……じゃあ、やめて欲しい？」,
96400 ,,,,,,5502,,けいと,けいと,06kei236_055.wav,けいと,60101,「し、してほしいっ……はぁ……ああぁ……」,
96500 ,,,,,,5502,,隆行,隆行,,,,「けいと……」,
96600 ,,,,,,5502,,けいと,けいと,06kei236_056.wav,けいと,60101,「あっ、あぁっ……はうう……せ、せんせっ、ボクっ……あっ、あはぁぁん！」,
96700 ,,,,,,5502,,隆行,隆行,,,,「けいと、いいぞ……いつイッちゃってもいいからな」,
96800 ,,,,,,5502,,けいと,けいと,06kei236_057.wav,けいと,60101,「くっ、くぅぅん……はぅ、あっ、ああっっ！」,
96900 ,,,,,,5502,,,,,,,　けいとの瞳から、色が失われた瞬間……俺はけいとのチ○チンを握って強くこすり上げた。,
97000 ,,,,,,5502,,けいと,けいと,06kei236_058.wav,けいと,60101,「んんっ！　あああああぁぁぁぁぁぁっ……！！」,
97200 ,,,<!ef_shasei>,,,5503,,,,,,,　びゅっ、びゅく……びゅるっ、びゅっ……。,
97300 ,,,,,,5503,,けいと,けいと,06kei236_059.wav,けいと,60101,「あぁっ、あうぅぅん……出ちゃった……いっぱい……」,
97400 ,,,,,,5503,,,,,,,　先端を覆っていたピンクローターが、勢いに負けてベッドに落ちる。,
97500 ,,,,,,5503,,,,,,,　一瞬では収まらない精液の奔流は、ぴゅっ、ぴゅっ……と断続的に吹き出し、けいと自身のおなかやふとももを濡らした。,
97600 ,,,,,,5503,,けいと,けいと,06kei236_060.wav,けいと,60101,「あ……先生に、ちょっとかかっちゃった……」,
97700 ,,,,,,5503,,隆行,隆行,,,,「それぐらい、気にするなよ。こんなに出るとは思わなかったけどな」,
97800 ,,,,,,5503,,けいと,けいと,06kei236_061.wav,けいと,60101,「は、はぁ……ご、ごめんなさい……」,
97900 ,,,,,,5503,,隆行,隆行,,,,「謝ることじゃないさ。それより、今日のご褒美はどうだった？」,
98000 ,,,,,,5503,,けいと,けいと,06kei236_062.wav,けいと,60101,「すごぉく、よかったよ……ボク、お空を飛んじゃったみたいだったもん……」,
98100 ,,,,,,5503,,隆行,隆行,,,,「そうか……なによりだ」,
98200 ,,,,,,,,,,,,,　何とはなしに、複雑な思いになる。結局、俺は今日もイキそびれたからだ。,
98300 ,,,,,,,,,,,,,　まぁ、それも仕方ないと言えなくも…………んんっ？,
98400 ,,,,,,,,けいと,けいと,06kei236_063.wav,けいと,60202,「先生もこれ、つかってみたら……？」,
98500 ,,,,,,,,隆行,隆行,,けいと,60202,「な……！？　何を……」,
98600 ,,,,,,,,けいと,けいと,06kei236_064.wav,けいと,60216,「だってボク、先生のイクとこも見たい……気持ちよくしてあげたいもん」,
98700 ,,,,,,,,隆行,隆行,,けいと,60216,「そ、そりゃあ俺だって、イキたいとは思うけど……」,
98800 ,,,,,,,,けいと,けいと,06kei236_065.wav,けいと,60202,「じゃあ、決まりだねっ。ボクとおそろいだよ、ね▼」,
98900 ,,,,,,,,隆行,隆行,,けいと,60202,「こ、こら！　けいと……！！」,
99000 ,,,,,,,,けいと,けいと,06kei236_066.wav,けいと,60201,「まかせてね……ボク、じょーずにするから」,
99100 ,,,,,,,,,,,けいと,60201,　精液まみれのローターを手にしたけいとが、俺の身体をがっしりとつかむ。,
99200 ,,,,,,,,隆行,隆行,,けいと,60201,「や、やめ……！」,
99300 ,,,,,,,,けいと,けいと,06kei236_067.wav,けいと,60216,「だいじょーぶ、ボクも最初はこわかったけど……すごーく気持ちよかったもん」,
99400 ,,,,,,,,隆行,隆行,,けいと,60216,「そ、それとこれは別……あ、ちょっと……！」,
99500 ,,,,,,,,けいと,けいと,06kei236_068.wav,けいと,60215,「んちゅっ、せんせぇ……▼」,
99600 ,,,,,,,,隆行,隆行,,けいと,60215,「やめてぇぇ…………！」,
99700 ,,,,,9000,,,,,,,,　その日……。,
99800 ,,,,,,,,,,,,,　俺は何かを得、代わりに何か途方もなく大切なものを、失ったのだった。,
100000 ,$return,,,,,,,,,,,,,
100100 ,&06kei050ha,,,4294967295,9000,,,,,,,,,
100480 ,,,<!se_chime_ext><wait 700>,,,,,,,,,,,
100490 ,,,,5,10,,,,,,,,,
100500 ,,,,,,,,けいと,けいと,06kei237_001.wav,けいと,60101,「あ、先生……」,
100600 ,,,,,,,,隆行,隆行,,けいと,60101,「よぉっ、けいと」,
100700 ,,,,,,,,けいと,けいと,06kei237_002.wav,けいと,60102,「こんにちは……」,
100900 ,,,<!ef_move>,,12,,,隆行,隆行,,,,「しかし……この前はすごかったな、けいと。ローターをチ○チンに付けて、あんなに激しく……」,
101000 ,,,,,,,,けいと,けいと,06kei237_003.wav,けいと,60115,「やだぁっ、そのはなしは……」,
101100 ,,,,,,,,けいと,けいと,06kei237_004.wav,けいと,60117,「もう、せんせい……ボクをこんなにした責任、ちゃんと取ってよぉ……？」,
101200 ,,,,,,,,隆行,隆行,,けいと,60117,「んっ、いったい何のコトだ……？」,
101300 ,,,,,,,,けいと,けいと,06kei237_005.wav,けいと,60104,「うそっ！　ひどぉい……」,
101400 ,,,,,,,,隆行,隆行,,けいと,60104,「冗談だってば」,
101500 ,,,,,,,,けいと,けいと,06kei237_006.wav,けいと,60117,「いつもそうやって、ひどいよぉっ、先生……」,
101600 ,,,,,,,,隆行,隆行,,けいと,60117,「もう……ほら、機嫌なおせ。……な？」,
101700 ,,,,,,,,けいと,けいと,06kei237_007.wav,けいと,60118,「きゃんっ！？」,
101800 ,,,,,,,,,,,けいと,60118,　俺は拗ねるけいとを強引に引き寄せると、胸の中に抱き入れた。,
101900 ,,,,,,,,けいと,けいと,06kei237_008.wav,けいと,60115,「うわぁ……男のひとのにおいがする……」,
102000 ,,,,,,,,隆行,隆行,,けいと,60115,「お前だって男だろ……？」,
102100 ,,,,,,,,けいと,けいと,06kei237_009.wav,けいと,60128,「ボク、こんなカッコイイにおいしないもん……くんくん……」,
102200 ,,,,,,,,隆行,隆行,,けいと,60128,「今度は犬か？　けいと……」,
102300 ,,,,,,,,けいと,けいと,06kei237_010.wav,けいと,60102,「うん、ボクおいぬさんだよ……先生のからだ、ぺろぺろしたい……」,
102400 ,,,,,,,,隆行,隆行,,けいと,60102,「それはまた今度な」,
102500 ,,,,,,,,けいと,けいと,06kei237_011.wav,けいと,60119,「ええっ……！？」,
102600 ,,,,,,,,隆行,隆行,,けいと,60119,「成績が上がったら、だ」,
102700 ,,,,,,,,けいと,けいと,06kei237_012.wav,けいと,60116,「ううっ……ボクがんばる……」,
102800 ,,,,,,,,隆行,隆行,,けいと,60116,「よし、授業を始めるぞ」,
102900 ,,,,,,,,けいと,けいと,06kei237_013.wav,けいと,60115,「くぅん……」,
103100 ,$return,,,,,,,,,,,,,
103200 ,&06kei060h,,<!ef_timepass>,5,15,,,,,,,,,
103500 ,,,,,,,,,,,,,　今日……俺たちは、小テスト合格のご褒美に近所の公園へと遊びに来ていた。,
103600 ,,,,,,,,,,,,,　ジャングルジムや鉄棒など、遊具もそれなりに揃っているこの公園は、子供たちにとって格好の遊び場……のハズだ。,
103700 ,,,,,,,,,,,,,　しかし今日は平日の昼間という事もあってか、公園内に人の姿は全くない。,
103800 ,,,,,,,,隆行,隆行,,,,「最近の子供は、公園で遊んだりしないのか。……なあ、けいと」,
103900 ,,,,,,,,けいと,けいと,06kei238_001.wav,,,「せんせぇ……」,
104000 ,,,,,,,,隆行,隆行,,,,「まぁいいか。おかげで、俺たちが独占できるんだしな」,
104100 ,,,,,,,,けいと,けいと,06kei238_002.wav,,,「ねぇ、先生ってばぁ……」,
104200 ,,,,,,,,,,,,,　くい……と俺の背中を引っ張って、けいとは何かから隠れるみたいにして俺の背中に貼り付いた。,
104300 ,,,,,,,,隆行,隆行,,,,「なんだ？　けいとは甘えんぼうだな」,
104400 ,,,,,,,,けいと,けいと,06kei238_003.wav,けいと,60315,「そんなんじゃないよぉ……」,
104500 ,,,,,,,,,,,けいと,60315,　濃紺のブルマから伸びた、むき出しのふとももをもじもじとさせるけいと。特に股間が恥ずかしいのか、片手はずっと身体の前を隠したままにしている。,
104600 ,,,,,,,,けいと,けいと,06kei238_004.wav,けいと,60315,「やっぱり、やめよう……帰ろうよ……」,
104700 ,,,,,,,,隆行,隆行,,けいと,60315,「どうして……？　さっきまで、ブルマ着てみたかったって喜んでただろ」,
104800 ,,,,,,,,けいと,けいと,06kei238_005.wav,けいと,60322,「そうだけど……外に出るなんて……」,
104900 ,,,,,,,,隆行,隆行,,けいと,60322,「ブルマは、運動する時に着るものだぞ？」,
105000 ,,,,,,,,けいと,けいと,06kei238_006.wav,けいと,60322,「う……」,
105100 ,,,,,,,,,,,けいと,60322,　せっかくのご褒美だっていうのに、こんな顔されると傷つくなぁ……。,
105200 ,,,,,,,,けいと,けいと,06kei238_007.wav,けいと,60315,「ねぇ、せんせぇってば……」,
105300 ,,,,,,,,隆行,隆行,,けいと,60315,「……ん？」,
105400 ,,,,,,,,けいと,けいと,06kei238_008.wav,けいと,60313,「だれか……おともだちとかに、見られちゃったりしたら……ボク……」,
105500 ,,,,,,,,隆行,隆行,,けいと,60313,「いいんじゃない？　可愛いって思われるさ」,
105600 ,,,,,,,,けいと,けいと,06kei238_009.wav,けいと,60319,「そんなのウソっ！　ウソだよぉ……」,
105700 ,,,,,,,,隆行,隆行,,けいと,60319,「それじゃあ、もう家に帰るか？」,
105800 ,,,,,,,,けいと,けいと,06kei238_010.wav,けいと,60313,「う…………」,
105900 ,,,,,,,,隆行,隆行,,けいと,60313,「せっかくブルマを着て、外に出てきたのに……すぐ帰るなんてもったいないだろ？」,
106000 ,,,,,,,,けいと,けいと,06kei238_011.wav,けいと,60322,「……すこし、だけ」,
106100 ,,,,,,,,隆行,隆行,,けいと,60322,「じゃ、決まりだな」,
106200 ,,,,,,,,,,,けいと,60322,　俺はけいとの手を引いて、公園の真ん中を横切った。,
106300 ,,,,,,,,けいと,けいと,06kei238_012.wav,けいと,60319,「せんせぇ！　ちょっと、まってぇ……」,
106400 ,,,,,,,,隆行,隆行,,けいと,60319,「一緒に遊ぶぞ、けいと」,
106500 ,,,,,,,,けいと,けいと,06kei238_013.wav,けいと,60313,「うっ、うん……いいけど……すこしだけだよ……」,
106600 ,,,,,,,,隆行,隆行,,けいと,60313,「はいはいっ……と」,
106800 ,,,<!ef_timepass>,,,,,,,,,,　まずは手始めに、俺とけいとはランニングを始めた。,
106900 ,,,,,,,,けいと,けいと,06kei238_014.wav,けいと,60328,「はぁ、はぁ……はぁっ……」,
107000 ,,,,,,,,隆行,隆行,,けいと,60328,「ほら、遅いぞけいと。もっと早くしないと抜いちゃうぞ」,
107100 ,,,,,,,,けいと,けいと,06kei238_015.wav,けいと,60328,「そんなあっ、早くなんて走れないっ……はぁっ……」,
107200 ,,,,,,,,,,,けいと,60328,　５分もしないうちに、けいとの呼吸は乱れてしまう。,
107300 ,,,,,,,,,,,けいと,60328,　一方の俺は、そもそもの歩幅が違うので早歩きぐらいのスピードで済む。おかげで、走るけいとのおしりがぷりぷりと揺れる様をじっくり見物できた。,
107400 ,,,,,,,,隆行,隆行,,けいと,60328,「お、早くなったな？　ほらほら、しっかり」,
107500 ,,,,,,,,けいと,けいと,06kei238_016.wav,けいと,60329,「うぅぅぅ～～～～」,
107700 ,,,<!ef_timepass>,,,,,けいと,けいと,06kei238_017.wav,けいと,60330,「まっ、まだ……運動するの？」,
107800 ,,,,,,,,隆行,隆行,,けいと,60330,「もちろん。けいと、鉄棒は得意かな？」,
107900 ,,,,,,,,けいと,けいと,06kei238_018.wav,けいと,60313,「えと……」,
108000 ,,,,,,,,隆行,隆行,,けいと,60313,「逆上がり、やってみせて」,
108100 ,,,,,,,,けいと,けいと,06kei238_019.wav,けいと,60304,「うん……」,
108200 ,,,,,,,,,,,,,　俺の言葉を受けて、けいとは鉄棒に手をかけた。両手をしっかりと握って、けいとは勢いよく地面を蹴る。,
108300 ,,,,,,,,,,,,,　当然、後はくるっ、と身体が……。,
108400 ,,,,,,,,,,,,,　回らない。,
108500 ,,,,,,,,けいと,けいと,06kei238_020.wav,けいと,60319,「あぁっ！　あ、あれ……」,
108600 ,,,,,,,,隆行,隆行,,けいと,60319,「なんだけいと、逆上がりもできないのか？」,
108700 ,,,,,,,,けいと,けいと,06kei238_021.wav,けいと,60319,「で、できるよ……できるけどっ……んんっ！」,
108800 ,,,,,,,,隆行,隆行,,,,「あちゃー……」,
108900 ,,,,,,,,けいと,けいと,06kei238_022.wav,けいと,60305,「うぅぅぅぅぅ……」,
109000 ,,,,,,,,,,,けいと,60305,　また失敗。照れ隠しに足下をもじもじと見て、けいとはうつむいてしまう。,
109100 ,,,,,,,,隆行,隆行,,けいと,60305,「逆上がりもできないんじゃ、女の子に笑われちゃうな」,
109200 ,,,,,,,,けいと,けいと,06kei238_023.wav,けいと,60317,「ホントにできるのぉ！　今日は、たまたま……はずかしいからっ、だから……」,
109300 ,,,,,,,,隆行,隆行,,けいと,60317,「無理しないでいいって。ほら、手伝ってやるよ」,
109400 ,,,,,,,,けいと,けいと,06kei238_024.wav,けいと,60330,「あぁんっ、やっ、あ……」,
109500 ,,,,,,,,,,,けいと,60330,　柔らかいおしりに手を添えると、むわっとした温もりが手にまとわりつく。,
109600 ,,,,,,,,隆行,隆行,,けいと,60330,「ほいっ、と……」,
109700 ,,,,,,,,けいと,けいと,06kei238_025.wav,けいと,60329,「んっ！」,
109800 ,,,,,,,,隆行,隆行,,けいと,60329,「お、できた。ほらな、やればできるんだから」,
109900 ,,,,,,,,けいと,けいと,06kei238_026.wav,けいと,60328,「はあっ、はあっ……」,
110000 ,,,,,,,,隆行,隆行,,けいと,60328,「……けいと？」,
110100 ,,,,,,,,,,,けいと,60328,　俺の声が耳に入ってない様子で、けいとはしきりに周囲ばかりを気にしていた。,
110200 ,,,,,,,,けいと,けいと,06kei238_027.wav,けいと,60322,「せ、先生、もうボク疲れちゃったよ」,
110300 ,,,,,,,,,,,けいと,60322,　まあ……体操着とブルマも、たっぷりと汗を吸い込んだ頃だろう。そろそろ、次のステップにいく頃合いだな。,
110400 ,,,,,,,,隆行,隆行,,けいと,60322,「よし、わかった。けいとも疲れちゃったって言うし……」,
110500 ,,,,,,,,けいと,けいと,06kei238_028.wav,けいと,60314,「かえるの？　ほっ……よかった」,
110600 ,,,,,,,,隆行,隆行,,けいと,60314,「なに言ってる？　本番はこれからだぞ」,
110700 ,,,,,,,,けいと,けいと,06kei238_029.wav,けいと,60318,「えっ、ほんばん……って？」,
110800 ,,,,,,,,隆行,隆行,,けいと,60318,「さあ、行くぞ。えーっと、あの辺がいいかな」,
110900 ,,,,,,,,けいと,けいと,06kei238_030.wav,けいと,60328,「あっ、あぁん……ひっぱらないでぇ……」,
111100 ,,,<!pre_ev1>,10,,5601,,けいと,けいと,06kei238_031.wav,けいと,60101,「せ、せんせぇ……？　きゃああっ！？」,
111200 ,,,,,,5601,,,,,,,　俺はけいとの身体をベンチに寝かせて、股間に顔を近づけた。,
111300 ,,,,,,5601,,けいと,けいと,06kei238_032.wav,けいと,60101,「やぁぁっ、先生、なにしてるのぉ！？　やだっ、ボク今すごく汗かいちゃってるのにぃ……においなんか、かがないでぇ……！」,
111400 ,,,,,,5601,,,,,,,　汗の匂いが、鼻腔をくすぐる。こうして嗅いでみると、けいとの汗は男のそれとは明確に異なる、女の子特有の甘酸っぱい汗の香りだ。胸いっぱいに吸い込んでも、嫌どころか下心を刺激される。,
111500 ,,,,,,5601,,,,,,,　ああ……どんどん、けいとを男の子だと思えなくなるな……。,
111600 ,,,,,,5601,,隆行,隆行,,,,「けいと……もう勃起してる？　ブルマが、ぷっくり膨れてるぞ」,
111700 ,,,,,,5601,,けいと,けいと,06kei238_033.wav,けいと,60101,「せんせぇ、やだぁ……もう、やめて……やぁん……！」,
111800 ,,,,,,5601,,,,,,,　けいとのふとももに唇を寄せて、俺はぴちゃぴちゃと舌を動かした。けいとの汗は香りだけじゃなく、味もなかなか悪くない。,
111900 ,,,,,,5601,,けいと,けいと,06kei238_034.wav,けいと,60101,「あはぁっ、ああ……んくぅ……」,
112000 ,,,,,,5601,,隆行,隆行,,,,「けいと……んっ、んちゅっ」,
112100 ,,,,,,5601,,けいと,けいと,06kei238_035.wav,けいと,60101,「あっ！　だめぇぇぇ……」,
112200 ,,,,,,5601,,,,,,,　俺がけいとの股間をまさぐると、けいとは身体をよじって避けようとする。,
112300 ,,,,,,5601,,,,,,,　その意固地な態度に、俺はついおしりをつねってしまった。,
112400 ,,,,,,5601,,けいと,けいと,06kei238_036.wav,けいと,60101,「あっ！　い、いたいっ……おしり、あかくなっちゃう……」,
112500 ,,,,,,5601,,隆行,隆行,,,,「けいと、じっとしてるんだ。静かにしてれば、気持ち良くしてやるぞ……？」,
112600 ,,,,,,5601,,けいと,けいと,06kei238_037.wav,けいと,60101,「でも……今は、今だけは恥ずかしいのぉ……」,
112700 ,,,,,,5601,,隆行,隆行,,,,「そんなに不安がらなくても、大丈夫だって。周りを見てみろ、誰もいないから」,
112800 ,,,,,,5601,,けいと,けいと,06kei238_038.wav,けいと,60101,「今はいなくても、あとから誰か来ちゃうかも……」,
112900 ,,,,,,5601,,隆行,隆行,,,,「いいの。ほら、可愛いけいとの姿……もっとよく見せてくれ」,
113000 ,,,,,,5601,,けいと,けいと,06kei238_039.wav,けいと,60101,「かわいいって……う、うれしいけどぉ……ああんっ！　こ、こんなとこじゃ……」,
113100 ,,,,,,5601,,隆行,隆行,,,,「この公園だからこそ、けいとのブルマ姿がぐっと可愛く見えるのに」,
113200 ,,,,,,5601,,けいと,けいと,06kei238_040.wav,けいと,60101,「えっ……？」,
113300 ,,,,,,5601,,隆行,隆行,,,,「今のけいと、健康的ですごく可愛らしいんだぞ。いつもと違う魅力を感じて、俺ドキドキしてる……本当だよ」,
113400 ,,,,,,5601,,,,,,,　そう言いながら俺は、けいとの唇に手を添える。けいとは、その指にそっとキスをしてきた。,
113500 ,,,,,,5601,,けいと,けいと,06kei238_041.wav,けいと,60101,「ん……んちゅ」,
113600 ,,,,,,5601,,隆行,隆行,,,,「そうだ……そうやって素直にしてるけいとが、俺は一番好きだな」,
113700 ,,,,,,5601,,けいと,けいと,06kei238_042.wav,けいと,60101,「うん、先生……ちゅっ、んちゅ」,
113800 ,,,,,,5601,,,,,,,　俺の人差し指に、一生懸命キスするけいとを見ていると……俺は本当に妙な気分になってきた。,
113900 ,,,,,,5601,,けいと,けいと,06kei238_043.wav,けいと,60101,「先生……ホント？　ホントに、だれも来ない……？」,
114000 ,,,,,,5601,,隆行,隆行,,,,「来ないってば。平気」,
114100 ,,,,,,5601,,けいと,けいと,06kei238_044.wav,けいと,60101,「先生が言うなら、ボク……信じる」,
114200 ,,,,,,5601,,隆行,隆行,,,,「けいと、脱がすからな……」,
114300 ,,,,,,5601,,けいと,けいと,06kei238_045.wav,けいと,60101,「……うん」,
114400 ,,,,,,5601,,,,,,,　『女の子』の自分を思いだしたけいとは、俺の言葉に抗う術を知らない。,
114500 ,,,,,,5601,,,,,,,　ブルマに俺の指がかかっても、もう抵抗する様子はなかった。,
114700 ,,,,,,5602,,,,,,,　ふとももの付け根の辺りまで、一気にブルマを引き下げる。すぐに顔を出したぷるぷるのおしりに、俺は熱いキスで挨拶した。,
114800 ,,,,,,5602,,けいと,けいと,06kei238_046.wav,けいと,60101,「んんっ、先生……そんなとこにキスしちゃ……」,
114900 ,,,,,,5602,,隆行,隆行,,,,「ん……けいとの汗、こっちの方が味が濃いな。んん……んちゅっ」,
115000 ,,,,,,5602,,けいと,けいと,06kei238_047.wav,けいと,60101,「やっ、やだあっ！　そんなコト言わないで……」,
115100 ,,,,,,5602,,,,,,,　その抗議を無視して、俺はけいとのおしりを押し開く。すると、谷底にきゅっとへこんだおしりの穴が覗いた。,
115200 ,,,,,,5602,,隆行,隆行,,,,「けいとはおま○こ持ってないけど、代わりにコレがあるからな」,
115300 ,,,,,,5602,,けいと,けいと,06kei238_048.wav,けいと,60101,「だってそこ、おま○こじゃないもん……」,
115400 ,,,,,,5602,,隆行,隆行,,,,「ココだって気持ちよくなれるんだぞ？　女の子でも、おま○こよりおしりの方が好きな娘だっているんだから」,
115500 ,,,,,,5602,,けいと,けいと,06kei238_049.wav,けいと,60101,「そんなのウソだよぉっ！」,
115600 ,,,,,,5602,,隆行,隆行,,,,「本当だって、試してみるか？」,
115700 ,,,,,,5602,,けいと,けいと,06kei238_050.wav,けいと,60101,「せんせい……まさか」,
115800 ,,,,,,5602,,隆行,隆行,,,,「ちゅぅぅっ」,
115900 ,,,,,,5602,,けいと,けいと,06kei238_051.wav,けいと,60101,「んあっ、んああああっ！　うそ……おしりの穴なんか、なめないでぇっ……！」,
116000 ,,,,,,5602,,,,,,,　まずは舌先で、軽くすぼまりをちょろちょろと舐める。少しほぐれてきたところで俺は舌をめいっぱい広げ、おしりの穴全体を繰り返しぺろぺろと舐め上げた。,
116100 ,,,,,,5602,,けいと,けいと,06kei238_052.wav,けいと,60101,「ああ、なめちゃってる……ボクのおしりのあな、なめちゃってる……」,
116200 ,,,,,,5602,,隆行,隆行,,,,「んっ、んっ……んんっ……」,
116300 ,,,,,,5602,,けいと,けいと,06kei238_053.wav,けいと,60101,「あうぅっ！　やめて、やめてぇ……そんなトコきたないよ……」,
116400 ,,,,,,5602,,隆行,隆行,,,,「気持ちよくないのか？」,
116500 ,,,,,,5602,,けいと,けいと,06kei238_054.wav,けいと,60101,「わ、わかんない……はずかしすぎて、わかんないよぉ……」,
116600 ,,,,,,5602,,隆行,隆行,,,,「それなら、俺がはっきりさせてやるよ」,
116700 ,,,,,,5602,,けいと,けいと,06kei238_055.wav,けいと,60101,「ひうっ……！？」,
116800 ,,,,,,5602,,,,,,,　俺はけいとのアヌスへキスを繰り返しながら、ムレたブルマの前に手を入れ、けいとのチ○チンを握った。,
116900 ,,,,,,5602,,,,,,,　予想通りカチコチになっていたソレは、俺の手の中でびくびくと熱く脈打った。,
117000 ,,,,,,5602,,けいと,けいと,06kei238_056.wav,けいと,60101,「ああっ、んふああっ、や……ああ」,
117100 ,,,,,,5602,,隆行,隆行,,,,「チ○チンは『気持ちいいよぅっ！』って言ってるぞ」,
117200 ,,,,,,5602,,けいと,けいと,06kei238_057.wav,けいと,60101,「そんな……ボクはすっごく恥ずかしいのに……」,
117300 ,,,,,,5602,,隆行,隆行,,,,「それはきっと、恥ずかしいのが気持ちいいんだよ」,
117400 ,,,,,,5602,,けいと,けいと,06kei238_058.wav,けいと,60101,「そんなのぜったいっ……！　くぁ……ああぁん」,
117500 ,,,,,,5602,,隆行,隆行,,,,「んっ、んんん……れろっ」,
117600 ,,,,,,5602,,けいと,けいと,06kei238_059.wav,けいと,60101,「はふぅっ、ああん……先生の舌が、ぬるぬる動いてるぅ……」,
117700 ,,,,,,5602,,隆行,隆行,,,,「けいとは、チ○チンしごかれて、おしりも舐められて……気持ちよくてたまらないんだ」,
117800 ,,,,,,5602,,けいと,けいと,06kei238_060.wav,けいと,60101,「はあっ、くぅぅん……ああ……」,
117900 ,,,,,,5602,,隆行,隆行,,,,「いつ、誰に見られるかもわからないって言うのに」,
118000 ,,,,,,5602,,けいと,けいと,06kei238_061.wav,けいと,60101,「やっ、やああぁぁ……っ！　見られてる！？　見られてるのぉっ……！？」,
118100 ,,,,,,5602,,,,,,,　けいとがビクッと顔を上げて、周囲を見渡した。,
118200 ,,,,,,5602,,隆行,隆行,,,,「誰も来てないよ。安心しな」,
118300 ,,,,,,5602,,,,,,,　もちろん、俺も周囲は常に監視している。さすがに、この状況はいろいろ言い訳が効かないからな……。,
118400 ,,,,,,5602,,けいと,けいと,06kei238_062.wav,けいと,60101,「ひ、ひどい……だましたのっ、先生……！？」,
118500 ,,,,,,5602,,隆行,隆行,,,,「勝手に勘違いしたのは、けいとだろ」,
118600 ,,,,,,5602,,けいと,けいと,06kei238_063.wav,けいと,60101,「うう……」,
118700 ,,,,,,5602,,隆行,隆行,,,,「そんな子には、お仕置きだ」,
118800 ,,,,,,5602,,,,,,,　けいとのアヌスを人差し指でほぐし、ゆっくりと指を突き入れる。,
118900 ,,,,,,5602,,,,,,,　思いのほか、けいとのアヌスは柔らかく……すんなりと指を呑み込んでくれた。,
119000 ,,,,,,5602,,けいと,けいと,06kei238_064.wav,けいと,60101,「ひうっ、ああ……先生のゆびが、ボクのなかに……」,
119100 ,,,,,,5602,,隆行,隆行,,,,「初めてなのに、すんなり俺の指を呑み込んじゃったな。けいとはホントにエッチだ……」,
119200 ,,,,,,5602,,けいと,けいと,06kei238_065.wav,けいと,60101,「あ、あうっ……せんせいだって、えっちだもん……」,
119300 ,,,,,,5602,,隆行,隆行,,,,「そうだよ。俺もエッチ、お前もエッチ。……俺たちは、いつも一緒だ」,
119400 ,,,,,,5602,,けいと,けいと,06kei238_066.wav,けいと,60101,「いっしょ……ボクと、先生は、いっしょ……」,
119500 ,,,,,,5602,,,,,,,　俺の掌の中に収まっているチ○チンが、ひくん、ひくんと動き出した。それは、けいとの心境が変化した証でもあった。,
119600 ,,,,,,5602,,けいと,けいと,06kei238_067.wav,けいと,60101,「先生がいっしょにいてくれるなら、ボク……もう誰に見られても、へいき……」,
119700 ,,,,,,5602,,隆行,隆行,,,,「いい子だ、けいと……」,
119800 ,,,,,,5602,,けいと,けいと,06kei238_068.wav,けいと,60101,「んあぁぁぁっ！　うんっ、はああ……」,
119900 ,,,,,,5602,,隆行,隆行,,,,「たくさん、気持ちよくしてあげるからな」,
120000 ,,,,,,5602,,けいと,けいと,06kei238_069.wav,けいと,60101,「うん……ああぁぁっ……！」,
120100 ,,,,,,5602,,,,,,,　力の抜けきったけいとのアヌスは、指の出し入れを抵抗なく受け入れる。,
120200 ,,,,,,5602,,,,,,,　一度、指が奥まで届くと、けいとの体内はけいれんし……その震えは、チ○チンにまで伝わってきた。,
120300 ,,,,,,5602,,けいと,けいと,06kei238_070.wav,けいと,60101,「はあっ！　いい……先生のゆびで、ぐちゅぐちゅってされるのイイっ……」,
120400 ,,,,,,5602,,隆行,隆行,,,,「けいと、ノッてきたね……いいよ、もっともっとエッチになって」,
120500 ,,,,,,5602,,けいと,けいと,06kei238_071.wav,けいと,60101,「う、うんっ！　なるぅ……ボク、えっちだもん……」,
120600 ,,,,,,5602,,けいと,けいと,06kei238_072.wav,けいと,60101,「だからもっと、いっぱいいじって……ボクのおち○ちん、あつくなってるの、わかるでしょぉ……」,
120700 ,,,,,,5602,,隆行,隆行,,,,「急にエッチになっちゃったな。はは……いいよ、してやろう」,
120800 ,,,,,,5602,,けいと,けいと,06kei238_073.wav,けいと,60101,「あはっ、あぁんっ、あん……あふっ……はふぅ」,
120900 ,,,,,,5602,,,,,,,　体内の脈動が、チ○チンの震えが……絶頂を訴えかけてくる。チ○チンの根本を支える俺の小指は、もう熱さに溶けてしまいそうだった。,
121000 ,,,,,,5602,,けいと,けいと,06kei238_074.wav,けいと,60101,「せんせえぇ……ボクっ、もうイクぅ……いいでしょ……ッ！」,
121100 ,,,,,,5602,,隆行,隆行,,,,「俺の指でおしりを犯されて、いっぱい出しちゃうんだな……？」,
121200 ,,,,,,5602,,けいと,けいと,06kei238_075.wav,けいと,60101,「う、うんっ……びゅるびゅるって、だしちゃう……先生のゆびに、おしりいぢられてイッちゃうぅ！」,
121300 ,,,,,,5602,,隆行,隆行,,,,「いいよ、それでこそ女の子だ……犯されてイクんだ。思いっきり……」,
121400 ,,,,,,5602,,けいと,けいと,06kei238_076.wav,けいと,60101,「ボク、ボクぅ……あ、あぁ……もうだめ、もうだめっ、ああっ、あぅぅん！」,
121500 ,,,,,,5602,,,,,,,　強烈な締め付けが走る指を、思いっきり深く突き入れる。するとけいとの身体は、びくびくと震えだした。,
121600 ,,,,,,5602,,隆行,隆行,,,,「けいと……！」,
121700 ,,,,,,5602,,けいと,けいと,06kei238_077.wav,けいと,60101,「あっ、ああっ！　あああぁぁぁぁ……っ！！」,
121900 ,,,<!ef_shasei>,,,5603,,,,,,,　吹き出した精液がブルマにせき止められて、けいとの股間に溜まる。,
122000 ,,,,,,5603,,,,,,,　俺の手の平までもぐっしょりと濡らしたその精液は、汗と混じり合って……エッチな香りを周囲にまき散らしていた。,
122100 ,,,,,,5603,,けいと,けいと,06kei238_078.wav,けいと,60101,「ひぅっ！？　あっ、ああっ……とまらないっ、とまらない……」,
122200 ,,,,,,5603,,隆行,隆行,,,,「これじゃ、まるでお漏らしだな」,
122300 ,,,,,,5603,,けいと,けいと,06kei238_079.wav,けいと,60101,「せっかく、先生にもらったブルマ……よごれちゃうよぉ……」,
122400 ,,,,,,5603,,隆行,隆行,,,,「また洗えばいいさ」,
122500 ,,,,,,5603,,,,,,,　いや、無理かな……と思い直す。このブルマに染み込んだ汗と精液の匂いは、取り返しのつかないレベルであるようにも思えた。,
122600 ,,,,,,5603,,けいと,けいと,06kei238_080.wav,けいと,60101,「ホントに、きれいになるかなぁ……」,
122700 ,,,,,,5603,,隆行,隆行,,,,「まあ、ならなくてもいいか。俺の前でしか、はかないだろ？」,
122800 ,,,,,,5603,,けいと,けいと,06kei238_081.wav,けいと,60101,「うっ、うん……」,
122900 ,,,,,,5603,,隆行,隆行,,,,「俺は気にしないからな。だから、元気だせ」,
123000 ,,,,,,5603,,けいと,けいと,06kei238_082.wav,けいと,60101,「……んっ▼」,
123100 ,,,,,,5603,,,,,,,　けいとが体勢を変えて、俺の胸元にすり寄ってくる。俺はけいとのブルマの中に手を入れ、精液をすくい取る。,
123200 ,,,,,,5603,,,,,,,　そして、その精液に濡れた指をけいとの口元に送ると……けいとは、それをはむっとくわえた。,
123300 ,,,,,,5603,,けいと,けいと,06kei238_083.wav,けいと,60101,「ちゅーーっ、んん……」,
123400 ,,,,,,5603,,隆行,隆行,,,,「けいとの精液、おいしい？」,
123500 ,,,,,,5603,,,,,,,　俺の問いかけには、やはり否定の言葉が返ってきた。,
123600 ,,,,,,5603,,けいと,けいと,06kei238_084.wav,けいと,60101,「ううんっ、先生のせいえきのほうがずっとおいしい。前もいったでしょ……」,
123700 ,,,,,,5603,,隆行,隆行,,,,「そういえば……そうだったな」,
123800 ,,,,,,5603,,けいと,けいと,06kei238_085.wav,けいと,60101,「ボク、先生の精液飲みたい……おち○ちん、なめたいな……」,
123900 ,,,,,,5603,,隆行,隆行,,,,「今……？　そうか、じゃあご褒美に舐めさせてやるよ」,
124000 ,,,,,,5603,,けいと,けいと,06kei238_086.wav,けいと,60101,「うんっ……！」,
124100 ,,,,,9000,,,,,,,,　俺はファスナーを下ろす。この時にはもう、俺もけいとも、屋外という状況を忘れていた。,
124200 ,,,,,,,,けいと,けいと,06kei238_087.wav,,,「せんせいっ、はやく、おち○ちんだして……」,
124300 ,,,,,,,,隆行,隆行,,,,「うん……ほら」,
124400 ,,,,,,,,けいと,けいと,06kei238_088.wav,,,「あは……▼　んっ、んちゅっ……」,
124500 ,,,,,,,,,,,,,　場所もわきまえず続いた情熱的な第２ラウンド、第３ラウンドが誰かに見られたかどうかは……定かではない。,
124700 ,$return,,,,,,,,,,,,,
124800 ,&06kei060ha,,,4294967295,9000,,,,,,,,,
125190 ,,,<!se_chime_ext><wait 700>,,,,,,,,,,,
125200 ,,,,5,10,,,隆行,隆行,,,,「よっ、けいと」,
125300 ,,,,,,,,けいと,けいと,06kei239_001.wav,けいと,60103,「あは▼　せんせい……」,
125400 ,,,,,,,,隆行,隆行,,けいと,60103,「今日も頑張って勉強しような」,
125500 ,,,,,,,,けいと,けいと,06kei239_002.wav,けいと,60102,「うんっ」,
125700 ,,,<!ef_move>,,12,,,隆行,隆行,,,,「んっ……さすがに今は、はいてないか。ブルマ」,
125800 ,,,,,,,,けいと,けいと,06kei239_003.wav,けいと,60115,「うん……。でもね、ボク、ブルマがすごく気に入っちゃったよ。あれからたまに、ブルマはいて外を歩いたりしてるんだ……」,
125900 ,,,,,,,,隆行,隆行,,けいと,60115,「そうか、見られるのが快感になってきたな？」,
126000 ,,,,,,,,けいと,けいと,06kei239_004.wav,けいと,60117,「ち、ちがうよぉっ……！　そんなこと、ないもん……」,
126100 ,,,,,,,,隆行,隆行,,けいと,60117,「正直に言わないと、こうだぞ？」,
126200 ,,,,,,,,,,,けいと,60117,　俺はけいとのワキに手を入れて小さな身体を抱え上げると、強引に俺のヒザの上へ座らせた。,
126300 ,,,,,,,,けいと,けいと,06kei239_005.wav,けいと,60119,「わわっ、わっ、わっ……！」,
126400 ,,,,,,,,,,,けいと,60119,　そして脇腹のあたりを、こちょこちょとくすぐる。,
126500 ,,,,,,,,けいと,けいと,06kei239_006.wav,けいと,60128,「やっ、あははっ、ああんっ……くすぐったいぃ……！」,
126600 ,,,,,,,,隆行,隆行,,けいと,60128,「おらおら、吐いちゃえよ、けいと。ホントは、ブルマはいた自分への視線を感じて＜悦＝よろこ＞んでたんだろ？」,
126700 ,,,,,,,,けいと,けいと,06kei239_007.wav,けいと,60113,「うん、ごめんなさい……ボク、知らない人にじろじろ見られて……きもちよかった……」,
126800 ,,,,,,,,隆行,隆行,,けいと,60113,「女の子の服を着て外出することが、病みつきになってないか？」,
126900 ,,,,,,,,けいと,けいと,06kei239_008.wav,けいと,60119,「そ、それはないよぉっ！」,
127000 ,,,,,,,,隆行,隆行,,けいと,60119,「ホントのことを言っても嫌わないぞ、俺は」,
127100 ,,,,,,,,けいと,けいと,06kei239_009.wav,けいと,60113,「う……ホントはお姉ちゃんがいないとき、こっそり服をかりて……外に出たりしてるの……」,
127200 ,,,,,,,,隆行,隆行,,けいと,60113,「やっぱりなあ、けいと。お前はどんどん女の子になっていくな」,
127300 ,,,,,,,,,,,けいと,60113,　俺はそう言って、懐中のけいとごと巻き込んで腕組みした。,
127400 ,,,,,,,,けいと,けいと,06kei239_010.wav,けいと,60130,「ああっ、きつい……きついよぉ、おにいちゃんっ！」,
127500 ,,,,,,,,隆行,隆行,,けいと,60130,「ああ、すまんすまん」,
127600 ,,,,,,,,けいと,けいと,06kei239_011.wav,けいと,60128,「けほっ…………でも、おにいちゃんのからだとひとつになれたみたいで、なんだかきもちよかった……」,
127700 ,,,,,,,,隆行,隆行,,けいと,60128,「今の俺はなんだ、けいと」,
127800 ,,,,,,,,けいと,けいと,06kei239_012.wav,けいと,60114,「あっ、『先生』……」,
127900 ,,,,,,,,隆行,隆行,,けいと,60114,「そうだ。俺を『お兄ちゃん』と呼んでいいのはご褒美の時だけだろ」,
128000 ,,,,,,,,けいと,けいと,06kei239_013.wav,けいと,60105,「うん……ごめんなさい、先生……」,
128100 ,,,,,,,,隆行,隆行,,けいと,60105,「ご褒美が欲しかったら、これからまだまだ勉強頑張るんだぞ」,
128200 ,,,,,,,,けいと,けいと,06kei239_014.wav,けいと,60103,「うん、ボクもっともっとがんばるよっ……！」,
128300 ,,,,,,,,隆行,隆行,,けいと,60103,「よし、じゃあ始めるか……」,
128500 ,$return,,,,,,,,,,,,,
128600 ,&06kei070h,,<!ef_timepass>,5,12,,,,,,,,,
128900 ,,,,,,,,,,,,,　小テストの採点を終えて、けいとの顔を見る。,
129000 ,,,,,,,,,,,,,　不安そうなその顔に、俺は笑顔の返事を返した。,
129100 ,,,,,,,,隆行,隆行,,,,「よし、おめでとう。合格だ」,
129200 ,,,,,,,,けいと,けいと,06kei240_001.wav,けいと,60403,「わぁ、やった……▼」,
129300 ,,,,,,,,,,,けいと,60403,　けいとは、このところメキメキと力を付けてきている。この調子だと、次のステップにたどり着くのも、そう遠い話ではないかもしれない。,
129400 ,,,,,,,,隆行,隆行,,けいと,60403,「よし、授業はここまでな」,
129500 ,,,,,,,,けいと,けいと,06kei240_002.wav,けいと,60402,「うん。ありがとう……」,
129600 ,,,,,,,,隆行,隆行,,けいと,60402,「こちらこそ。おつかれさん」,
129700 ,,,,,,,,,,,けいと,60402,　何とも言えない微妙な空気が、俺たちの間に流れる。先に、音を上げたのはけいとの方だった。,
129800 ,,,,,,,,けいと,けいと,06kei240_003.wav,けいと,60401,「先生……わかって、くれてるよね？」,
129900 ,,,,,,,,隆行,隆行,,けいと,60401,「……ご褒美、か？」,
130000 ,,,,,,,,けいと,けいと,06kei240_004.wav,けいと,60402,「うん……」,
130100 ,,,,,,,,,,,,,　最近、たまに思う。本当に、このままの関係を続けていていいのかと……。,
130200 ,,,,,,,,,,,,,　けいとはどんどん、女らしくなっていく。そうさせているのは、まぎれもなく俺なんだ。,
130300 ,,,,,,,,,,,,,　それに、最近の俺は……少しずつけいとのことを……。,
130400 ,,,,,,,,けいと,けいと,06kei240_005.wav,けいと,60414,「先生……どうしたの？　ためいき、ついたよ……？」,
130500 ,,,,,,,,隆行,隆行,,けいと,60414,「んっ、あ……なんでもないよ」,
130600 ,,,,,,,,けいと,けいと,06kei240_006.wav,けいと,60414,「今日は、だめなの？　ようじがあるとか……」,
130700 ,,,,,,,,隆行,隆行,,けいと,60414,「ないよ、全然」,
130800 ,,,,,,,,けいと,けいと,06kei240_007.wav,けいと,60401,「もしむりなら、言ってね？　えっと、ボク……先生にむりなおねがいするのは、イヤだから」,
130900 ,,,,,,,,隆行,隆行,,けいと,60401,「違うって。ただ、どんなご褒美にしようかなと考えてただけさ」,
131000 ,,,,,,,,,,,けいと,60401,　寂しそうな顔をしているけいとの、頭を撫でてあげる。,
131100 ,,,,,,,,隆行,隆行,,けいと,60401,「そうだ、たまには、けいとの方からおねだりしてみな。何かして欲しい事はないか？」,
131200 ,,,,,,,,けいと,けいと,06kei240_008.wav,けいと,60414,「えっ？　えと……えーーっと、ねぇ……」,
131300 ,,,,,,,,隆行,隆行,,けいと,60414,「何でもいいよ、言ってごらん」,
131400 ,,,,,,,,けいと,けいと,06kei240_009.wav,けいと,60415,「じゃあ、あの……ボクね……先生のおち○ちんを、かんじてみたい」,
131500 ,,,,,,,,隆行,隆行,,けいと,60415,「感じる……って、どういう……？」,
131600 ,,,,,,,,けいと,けいと,06kei240_010.wav,けいと,60416,「うん、ボクだけがきもちよくしてもらうんじゃなくて、いっしょにきもちよくなりたいの……」,
131700 ,,,,,,,,隆行,隆行,,けいと,60416,「一緒に、か……」,
131800 ,,,,,,,,けいと,けいと,06kei240_011.wav,けいと,60401,「むり……？」,
131900 ,,,,,,,,,,,,,　無理ではない。事実、俺はいつも『その行為』に及びたくなる衝動と戦っていた。,
132000 ,,,,,,,,,,,,,　けど、俺はまだ……その一歩を踏み出せないでいる。,
132100 ,,,,,,,,隆行,隆行,,,,「……あ、そうだ。いいコト思いついたぞ」,
132200 ,,,,,,,,けいと,けいと,06kei240_012.wav,けいと,60414,「えっ、なになに……？」,
132300 ,,,,,,,,隆行,隆行,,けいと,60414,「こっちにおいで、けいと」,
132890 ,,,,,,,,,,,,,　けいとの華奢な腰をぐいっと引き寄せてひざの上に乗せる。,
132900 ,,,,11,,,,けいと,けいと,06kei240_015.wav,けいと,60415,「せんせぇ……だっこ？」,
133000 ,,,,,,,,隆行,隆行,,けいと,60415,「まさか、それだけでご褒美だなんて言わないよ」,
133100 ,,,,,,,,けいと,けいと,06kei240_016.wav,けいと,60428,「んぁっ……あぁんっ……」,
133200 ,,,,,,,,,,,けいと,60428,　俺は、向かい合わせに座ったけいとのスカートの中に手を入れて、まだ柔らかいチ○チンの裏スジを指でなぞった。,
133300 ,,,,,,,,けいと,けいと,06kei240_017.wav,けいと,60430,「んあっ！　はぁん、あぅんっ……」,
133400 ,,,,,,,,隆行,隆行,,けいと,60430,「これくらいは、気持ちよくしてあげないとね」,
136600 ,,,,,,,,けいと,けいと,06kei240_031.wav,けいと,60428,「はぁん……先生っ、ボク……ふわーってなっちゃう」,
136700 ,,,,,,,,隆行,隆行,,けいと,60428,「まだ、イッちゃダメだぞ。これから俺のチ○チンを感じたいならな……」,
136800 ,,,,,,,,けいと,けいと,06kei240_032.wav,けいと,60429,「う、うんっ……ボク、せんせいのおち○ちんでイクぅ」,
136900 ,,,,,,,,隆行,隆行,,けいと,60429,「よし……けいと、スカートをまくり上げるんだ。そして、すそを口にくわえて……ああ、それだ」,
137000 ,,,,,,,,けいと,けいと,06kei240_033.wav,けいと,60428,「こう……？」,
137200 ,,,<!pre_ev1>,,,5701,,,,,,,　俺はビンビンに勃起したチ○チンを取り出して、まずはあいさつ代わりに、けいとのふとももへ擦りつける。,
137300 ,,,,,,5701,,けいと,けいと,06kei240_034.wav,けいと,60101,「ふぁう……先生のおち○ちん、すごくあついよ……」,
137400 ,,,,,,5701,,,,,,,　柔らかくハリがあるけいとのふとももは、無垢なシルクのようになめらかだ。このままぐりぐりとこすりつけたくなる気持ちを抑え、少しだけ距離を取る。,
137500 ,,,,,,5701,,けいと,けいと,06kei240_035.wav,けいと,60101,「あっ、先生……もうおわりなの……？」,
137600 ,,,,,,5701,,隆行,隆行,,,,「じっくり楽しむんだよ。ほら、まずはけいとの手で可愛がってみるんだ」,
137700 ,,,,,,5701,,けいと,けいと,06kei240_036.wav,けいと,60101,「う、うん……」,
137800 ,,,,,,5701,,隆行,隆行,,,,「俺は、けいとのチ○チンを可愛がってやるからな」,
137900 ,,,,,,5701,,けいと,けいと,06kei240_037.wav,けいと,60101,「うん……おち○ちんのいじりっこしよっ、せんせい」,
138000 ,,,,,,5701,,,,,,,　まずは俺が、パンツごとけいとのチ○チンを掌で包み込むようにして撫でる。続けてけいとの指が、愛おしそうに俺のチ○チンへ添えられた。,
138100 ,,,,,,5701,,けいと,けいと,06kei240_038.wav,けいと,60101,「先生のおち○ちん、こんなにおっきくなってる……」,
138200 ,,,,,,5701,,隆行,隆行,,,,「あんまり、さわらせた事なかったっけ？」,
138300 ,,,,,,5701,,けいと,けいと,06kei240_039.wav,けいと,60101,「ない、かも……。だっていつも、先生がボクにごほうびしてくれる方だから」,
138400 ,,,,,,5701,,隆行,隆行,,,,「今日は、たっぷりさわっていいよ」,
138500 ,,,,,,5701,,けいと,けいと,06kei240_040.wav,けいと,60101,「うんっ、やさしくさわるからね……」,
138600 ,,,,,,5701,,,,,,,　たどたどしい動きで、けいとが俺のチ○チンをしごき始める。その指使いは決してうまくないが、快感とはまた別の興奮を俺にもたらしてくれた。,
138700 ,,,,,,5701,,けいと,けいと,06kei240_041.wav,けいと,60101,「こう？　こうすると、きもちいいの……？」,
138800 ,,,,,,5701,,隆行,隆行,,,,「もう少し強くしてもいいぞ」,
138900 ,,,,,,5701,,けいと,けいと,06kei240_042.wav,けいと,60101,「いたく、ないかな……」,
139000 ,,,,,,5701,,隆行,隆行,,,,「これくらいは、しても平気さ」,
139100 ,,,,,,5701,,,,,,,　俺はけいとのチ○チンをしごいて、その強さを直接わからせる。,
139200 ,,,,,,5701,,けいと,けいと,06kei240_043.wav,けいと,60101,「はぅんっ！　うん、これくらいなんだね……」,
139300 ,,,,,,5701,,,,,,,　そのまま俺が手の動きを早めると、けいとの指先にもだんだんと力がこもっていった。,
139400 ,,,,,,5701,,隆行,隆行,,,,「んんっ、そうだ……もう少し緩急をつけて」,
139500 ,,,,,,5701,,けいと,けいと,06kei240_044.wav,けいと,60101,「かんきゅう……？」,
139600 ,,,,,,5701,,隆行,隆行,,,,「強くしたり、弱くしたり……んんッ、握り方に変化をつけるんだ」,
139700 ,,,,,,5701,,けいと,けいと,06kei240_045.wav,けいと,60101,「つよくしたり……よわくしたりぃ……」,
139800 ,,,,,,5701,,,,,,,　俺のチ○チンに、指が回りきるかというくらいの……けいとのちっちゃな手が、一生懸命に俺のチ○チンを絞り上げる。,
139900 ,,,,,,5701,,けいと,けいと,06kei240_046.wav,けいと,60101,「こう……？　こーやってミゾのとこぐりぐりってされるの、ボクは好きだよ……」,
140000 ,,,,,,5701,,隆行,隆行,,,,「ああ、それだ……やっぱり、男同士の方がチ○チンの扱いは……」,
140100 ,,,,,,5701,,けいと,けいと,06kei240_047.wav,けいと,60101,「あっ、せんせぇ……やだぁ……！」,
140200 ,,,,,,5701,,,,,,,　けいとの指が、俺の唇を塞いだ。,
140300 ,,,,,,5701,,けいと,けいと,06kei240_048.wav,けいと,60101,「ボク、女の子だもん……おち○ちん生えてる女の子なのぉ……」,
140400 ,,,,,,5701,,隆行,隆行,,,,「ああ、そうだったな……すまんすまん」,
140500 ,,,,,,5701,,けいと,けいと,06kei240_049.wav,けいと,60101,「んんんっ、ああ……」,
140600 ,,,,,,5701,,隆行,隆行,,,,「けいとは可愛くてエッチな女の子だったな。こうやって、さわられたりすると……」,
140700 ,,,,,,5701,,けいと,けいと,06kei240_050.wav,けいと,60101,「あっ、あああ……くぅぅんっ、あうん……」,
140800 ,,,,,,5701,,隆行,隆行,,,,「こんなにとろんとした顔になる」,
140900 ,,,,,,5701,,けいと,けいと,06kei240_051.wav,けいと,60101,「んんっ、せんせいがじょうずなんだもん……ボク、いっぱい声でちゃう……」,
141000 ,,,,,,5701,,隆行,隆行,,,,「いいよ、けいとの気持ちいい声……俺は好きだからさ」,
141100 ,,,,,,5701,,けいと,けいと,06kei240_052.wav,けいと,60101,「あんっ、先生……」,
141200 ,,,,,,5701,,隆行,隆行,,,,「思いっきり声を出していいぞ、けいと……」,
141300 ,,,,,,5701,,けいと,けいと,06kei240_053.wav,けいと,60101,「んんっ！　あっ、ああ……あううんっ、あぁん……！」,
141400 ,,,,,,5701,,,,,,,　俺は更に、けいとのチ○チンを責めた。薄いピンク色の亀頭をこしこしとこすりながら……片手でけいとの袋を包み、その中の小さなクルミを転がす。,
141500 ,,,,,,5701,,けいと,けいと,06kei240_054.wav,けいと,60101,「やぁん、タマタマをコリコリされると、ちょっとピリってするぅ……」,
141600 ,,,,,,5701,,隆行,隆行,,,,「それが気持ちいいだろ？」,
141700 ,,,,,,5701,,けいと,けいと,06kei240_055.wav,けいと,60101,「うん……」,
141800 ,,,,,,5701,,,,,,,　けいとは、顔を真っ赤にして答えた。,
141900 ,,,,,,5701,,けいと,けいと,06kei240_056.wav,けいと,60101,「ボクも……ボクも負けないからぁ……先生のおち○ちんに、いっぱいする……」,
142000 ,,,,,,5701,,隆行,隆行,,,,「ああ、俺のチ○チンをめいっぱい可愛がってくれ」,
142100 ,,,,,,5701,,けいと,けいと,06kei240_057.wav,けいと,60101,「いっぱいしちゃうもん……」,
142200 ,,,,,,5701,,隆行,隆行,,,,「おおっ、うう……袋は、あんまり強く揉むなよ……？」,
142300 ,,,,,,5701,,けいと,けいと,06kei240_058.wav,けいと,60101,「うん……。やっぱり、先生のタマタマは大きいんだね……ボクのと、ぜんぜんちがうよ……」,
142400 ,,,,,,5701,,隆行,隆行,,,,「けいと……その手つき、なかなかいいぞ……」,
142500 ,,,,,,5701,,けいと,けいと,06kei240_059.wav,けいと,60101,「でしょ……？　先生が、今までボクのおち○ちんにしてくれたこと……ちゃんと復習して、忘れないようにしてたんだよ……」,
142600 ,,,,,,5701,,,,,,,　袋を包む優しい手つきと、チ○チンをしごく乱暴な指使い。さらには愛らしい表情の魅力までをも追加した、けいとの愛撫は……俺を一気に昇天させる威力があった。,
142700 ,,,,,,5701,,隆行,隆行,,,,「待って、ストップ……そろそろいいよ」,
142800 ,,,,,,5701,,けいと,けいと,06kei240_060.wav,けいと,60101,「えっ？　だって、先生まだイッてない……」,
142900 ,,,,,,5701,,隆行,隆行,,,,「いや、準備はもうこれでいいんだ。けいと、今度は二人で一緒に気持ち良くなろう」,
143000 ,,,,,,5701,,けいと,けいと,06kei240_061.wav,けいと,60101,「いっしょに……？　きゃあっ！？」,
143100 ,,,,,,5701,,,,,,,　俺はけいとの腰を抱き寄せて、腰と腰とが密着するような体勢を取る。そして、けいとの股間にチ○チンを当てた。,
143200 ,,,,,,5701,,けいと,けいと,06kei240_062.wav,けいと,60101,「先生……なにするの……？」,
143400 ,,,,,,5702,,,,,,,　ずりゅっ！,
143500 ,,,,,,5702,,けいと,けいと,06kei240_063.wav,けいと,60101,「ふわっ！？　あ、あぅぅ……ん、んぅ……」,
143600 ,,,,,,5702,,隆行,隆行,,,,「どうだ、感じるか……？」,
143700 ,,,,,,5702,,けいと,けいと,06kei240_064.wav,けいと,60101,「先生のおち○ちんが、ボクのおち○ちん、こすってるぅっ……ああっ、あぁぁぁんっ！」,
143800 ,,,,,,5702,,,,,,,　俺は腰を引くと、再びけいとの股間へチ○チンを滑り入れた。,
143900 ,,,,,,5702,,けいと,けいと,06kei240_065.wav,けいと,60101,「あ、あうっ……は、はぁ……かんじるぅ、ボクそれ……だいすきぃ……」,
144000 ,,,,,,5702,,隆行,隆行,,,,「続けるぞ……？　今度は早く」,
144100 ,,,,,,5702,,けいと,けいと,06kei240_066.wav,けいと,60101,「うんっ、きて……はやくきてぇ！」,
144200 ,,,,,,5702,,隆行,隆行,,,,「うっ、んんっ……んっ」,
144300 ,,,,,,5702,,けいと,けいと,06kei240_067.wav,けいと,60101,「あんっ、あはっ……はあ、あぅ……んっ、く……」,
144400 ,,,,,,5702,,,,,,,　薄いパンツの生地越しに、俺のチ○チンとけいとのチ○チンをこすりあわせる。,
144500 ,,,,,,5702,,,,,,,　膣への挿入や素股などとはまた違う……硬質の感覚。最初は違和感を覚えたこの行為も、続けるうちにたまらない心地よさを脳髄に伝えてきた。,
144600 ,,,,,,5702,,けいと,けいと,06kei240_068.wav,けいと,60101,「あはっ、はぁん……先生のっ、おち○ちんがぁ……ボクのおち○ちんを、ぐにゅぐにゅって……んんっ！」,
144700 ,,,,,,5702,,隆行,隆行,,,,「けいと、俺に動き合わせて。一緒にイこう……」,
144800 ,,,,,,5702,,けいと,けいと,06kei240_069.wav,けいと,60101,「ど、どうすればいいのぉ？　ボクっ、ん！　わかんないぃ……」,
144900 ,,,,,,5702,,隆行,隆行,,,,「なら、俺がするよ。けいとは、じってしてろ」,
145000 ,,,,,,5702,,けいと,けいと,06kei240_070.wav,けいと,60101,「う、うん……ああっ！　はうっ……はぁんんっ……」,
145100 ,,,,,,5702,,,,,,,　俺はけいとの腰をしっかりホールドし、腰を力強く突き入れた。たまに目測を誤ってふとももを擦ってしまうが、それもまた快感だった。,
145200 ,,,,,,5702,,,,,,,　お互いのカウパーを愛液代わりに、俺たちのチ○チンは猛烈な逢瀬を繰り返していた。,
145300 ,,,,,,5702,,けいと,けいと,06kei240_071.wav,けいと,60101,「んうっ、ふぁ……んっ、だ、だめだよぉ……きもちよすぎて、よだれでちゃうぅ……」,
145400 ,,,,,,5702,,隆行,隆行,,,,「んんっ、ちゅっ……」,
145500 ,,,,,,5702,,けいと,けいと,06kei240_072.wav,けいと,60101,「あんっ▼　せんせぇっ、もっと吸って……ああん、キスしよっ……つばの交換しよっ……▼」,
145600 ,,,,,,5702,,,,,,,　けいとの唇をふさぎ、唾液を送り込む。けいとは、コクコクとノドをならして飲み込んだ。,
145700 ,,,,,,5702,,けいと,けいと,06kei240_073.wav,けいと,60101,「んちゅっ、んちゅ、くちゅっ……せんせいっ、んくっ、んちゅ……」,
145800 ,,,,,,5702,,隆行,隆行,,,,「けいと……けいとの唇、ぷりぷりしてて凄くいい」,
145900 ,,,,,,5702,,けいと,けいと,06kei240_074.wav,けいと,60101,「もっと、ほめてぇ……ボク、先生にほめられるとそれだけで……」,
146000 ,,,,,,5702,,隆行,隆行,,,,「けいと、お前は本当に可愛いよ……」,
146100 ,,,,,,5702,,けいと,けいと,06kei240_075.wav,けいと,60101,「ふわうっ、ん……あ、あぅぅ……んんっ、んちゅ……」,
146200 ,,,,,,5702,,,,,,,　俺に抱きかかえられる格好で、夢中で腰を振るけいと。今やけいとは俺の行為の全てを受け入れ、女の子だけが得られる快楽を垣間見ていた。,
146300 ,,,,,,5702,,けいと,けいと,06kei240_076.wav,けいと,60101,「せんせぇ、もっとぉ……ボクのおち○ちん、あついのでこすってぇ……」,
146400 ,,,,,,5702,,隆行,隆行,,,,「いくらでも擦ってやるさ……けいとも、動くんだ……」,
146500 ,,,,,,5702,,けいと,けいと,06kei240_077.wav,けいと,60101,「やだ、ボクはしない……先生に、おかされるのがいい……」,
146600 ,,,,,,5702,,隆行,隆行,,,,「しょうがない子だ……あまえんぼだな」,
146700 ,,,,,,5702,,けいと,けいと,06kei240_078.wav,けいと,60101,「んっ、いいもんっ！　ボク、あまえんぼでいい……先生に甘えて、先生にイカされるのが、いちばんいいもんっ……」,
146800 ,,,,,,5702,,隆行,隆行,,,,「望み通りにしてあげるよ……！」,
146900 ,,,,,,5702,,けいと,けいと,06kei240_079.wav,けいと,60101,「ふぅぅんっ！　んあ、ふぁっ……あんっ、ああ……」,
147000 ,,,,,,5702,,,,,,,　チ○チンがビクビクと脈打ち始める。俺の予想よりずっと早く、絶頂が近づいてきた。,
147100 ,,,,,,5702,,隆行,隆行,,,,「けいとっ、イク……俺、もう……けいとに出すぞ」,
147200 ,,,,,,5702,,けいと,けいと,06kei240_080.wav,けいと,60101,「ボクもぉっ、先生に……いっぱい出すぅ！」,
147300 ,,,,,,5702,,隆行,隆行,,,,「けいと……けいとっ、ああっ、ああ……！」,
147400 ,,,,,,5702,,けいと,けいと,06kei240_081.wav,けいと,60101,「せっ、せんせぇ……ああっ！　ああぁぁ……んくっ……ああああぁぁぁぁっ……！！」,
147600 ,,,<!ef_shasei>,,,5703,,隆行,隆行,,,,「ああっ……うああ……」,
147700 ,,,,,,5703,,けいと,けいと,06kei240_082.wav,けいと,60101,「ふわっ、ああ……んんっ、んぅっ……」,
147800 ,,,,,,5703,,,,,,,　同時に噴き出した俺の精液と、けいとの精液が混じり合って、俺たちの股間を濡らす。熱いほとばしりは互いのふとももを伝い、イスにまで流れ落ちる。,
147900 ,,,,,,5703,,,,,,,　後始末……なんて、ちらりと浮かんだ考えはヨソにやった。今は、この快感にひたっていたい。,
148000 ,,,,,,5703,,けいと,けいと,06kei240_083.wav,けいと,60101,「先生……ボク、先生のおち○ちんでやけどしちゃいそうだったよ……」,
148100 ,,,,,,5703,,隆行,隆行,,,,「俺もだ。けいとのチ○チンが、あんなに硬くなるとはな……」,
148200 ,,,,,,5703,,けいと,けいと,06kei240_084.wav,けいと,60101,「今日のごほうびね、ボク……ずっとわすれないよ。先生のかたくてあついの、からだじゅうでおぼえとく……」,
148300 ,,,,,,5703,,隆行,隆行,,,,「けいと……」,
148400 ,,,,,,5703,,,,,,,　俺はチ○チンの先端をけいとの先端に当てて、いつの間にやら随分と剥けたけいとの皮を、戻すようにしごいてみた。,
148500 ,,,,,,5703,,けいと,けいと,06kei240_085.wav,けいと,60101,「あ、先生……」,
148600 ,,,,,,5703,,,,,,,　けいとの余っている皮が、俺のチ○チンの先端を少しだけ取り込み……わずかながらも、確かな一体感が生まれる。,
148700 ,,,,,,5703,,けいと,けいと,06kei240_086.wav,けいと,60101,「ん……ああっ！」,
148800 ,,,,,,5703,,,,,,,　その時、ぴゅっ、とほとばしったけいとの精液を亀頭の先に感じた俺は……それが尿道を通って、俺の身体全体に染み渡るような錯覚すら覚えた。,
148900 ,,,,,,5703,,けいと,けいと,06kei240_087.wav,けいと,60101,「あ……先生とボク、ひとつにつながってるんだね……すごく、しあわせ……」,
149000 ,,,,,,5703,,隆行,隆行,,,,「おしりに入れなくても、こういうつながり方もあるんだな。やってみて気付いたよ」,
149100 ,,,,,,5703,,けいと,けいと,06kei240_088.wav,けいと,60101,「せんせい……んちゅ」,
149200 ,,,,,,5703,,隆行,隆行,,,,「んんっ……けいと……」,
149300 ,,,,,,5703,,けいと,けいと,06kei240_089.wav,けいと,60101,「んっ、んちゅ……ちゅっ」,
149400 ,,,,,,5703,,,,,,,　俺は自然に、けいとの唇へキスを返していた。けいとも、夢中で俺の唇を求めてくる。,
149500 ,,,,,,5703,,,,,,,　俺はけいとの身体に腕を回し、更に近くへと引き寄せた。そして、いつ終わるとも知れずに唇を重ね続ける。,
149600 ,,,,,,5703,,けいと,けいと,06kei240_090.wav,けいと,60101,「んちゅ、んんっ…………くちゅっ、んぁ……」,
149700 ,,,,,9000,5703,,,,,,,　けいとの背中を撫でる、俺の指使いは……自分でも驚くほどに、優しかった。,
149900 ,$return,,,,,,,,,,,,,
150000 ,&06kei070ha,,,4294967295,9000,,,,,,,,,
150380 ,,,<!se_chime_ext><wait 700>,,,,,,,,,,,
150390 ,,,,5,10,,,,,,,,,
150400 ,,,,,,,,けいと,けいと,06kei241_001.wav,けいと,60116,「あはっ、せんせいっ……！」,
150500 ,,,,,,,,隆行,隆行,,けいと,60116,「……っと！　けいと、いきなり抱きついてくるなよ」,
150600 ,,,,,,,,けいと,けいと,06kei241_002.wav,けいと,60115,「だって、待ちきれなかったもん……」,
150700 ,,,,,,,,隆行,隆行,,けいと,60115,「そうか、そんなに勉強が好きになったか」,
150800 ,,,,,,,,けいと,けいと,06kei241_003.wav,けいと,60117,「ボクが好きになったのは、べんきょうじゃなくて……先生の方だよぉ……」,
150900 ,,,,,,,,隆行,隆行,,けいと,60117,「ん……？」,
151000 ,,,,,,,,けいと,けいと,06kei241_004.wav,けいと,60120,「な、なんでもないっ……！　はやく行こ、せんせいっ」,
151190 ,,,<!ef_move>,,12,,,,,,,,,
151200 ,,,,,,,,けいと,けいと,06kei241_005.wav,けいと,60113,「あのね、せんせい……」,
151300 ,,,,,,,,隆行,隆行,,けいと,60113,「んん……？」,
151400 ,,,,,,,,けいと,けいと,06kei241_006.wav,けいと,60113,「おべんきょうが最後のステップまで行くと……先生が、かわっちゃうんでしょ……？」,
151500 ,,,,,,,,隆行,隆行,,けいと,60113,「ああ……そうなるな」,
151600 ,,,,,,,,けいと,けいと,06kei241_007.wav,けいと,60104,「そんなのボク、やだよ……！」,
151700 ,,,,,,,,隆行,隆行,,けいと,60104,「しかしな……そういうシステムだからな」,
151800 ,,,,,,,,けいと,けいと,06kei241_008.wav,けいと,60113,「じゃあボク……もうおべんきょうしたくない……」,
151900 ,,,,,,,,隆行,隆行,,けいと,60113,「勉強しないなら、俺とも会えないぞ？」,
152000 ,,,,,,,,けいと,けいと,06kei241_009.wav,けいと,60114,「えっ……先生は、かていきょうし以外にボクと会ってくれないの……！？」,
152100 ,,,,,,,,隆行,隆行,,けいと,60114,「けいとがそんな『勉強したくない』なんて言ってるうちはな」,
152200 ,,,,,,,,けいと,けいと,06kei241_010.wav,けいと,60122,「ううっ……」,
152300 ,,,,,,,,隆行,隆行,,けいと,60122,「初級のカリキュラムクリアは、目標のひとつだったはずだろ？　最後まで頑張り抜くんだ、けいと」,
152400 ,,,,,,,,けいと,けいと,06kei241_011.wav,けいと,60105,「う…………」,
152500 ,,,,,,,,隆行,隆行,,けいと,60105,「最後のテストに合格したら、最後のご褒美に……お前を女の子としてエッチしてやるよ」,
152600 ,,,,,,,,けいと,けいと,06kei241_012.wav,けいと,60114,「えっ……！？」,
152700 ,,,,,,,,隆行,隆行,,けいと,60114,「俺のチ○チンを、お前の中に挿入してエッチ……要するに、セックスだ」,
152800 ,,,,,,,,けいと,けいと,06kei241_013.wav,けいと,60118,「ホント……！？　ホントに女の子としてエッチしてくれるの、先生！」,
152900 ,,,,,,,,隆行,隆行,,けいと,60118,「ああ、お前の＜処女＝バージン＞、俺が奪ってやる」,
153000 ,,,,,,,,けいと,けいと,06kei241_014.wav,けいと,60113,「ボク……先生のおち○ちん、ずっとほしかった……先生がボクに入れてくれないのは、ボクが女の子じゃないからだって……ずっとなやんでた……」,
153100 ,,,,,,,,隆行,隆行,,けいと,60113,「だから、俺がお前を女の子にしてやるよ。最後のテストに……合格したらな」,
153200 ,,,,,,,,けいと,けいと,06kei241_015.wav,けいと,60104,「うん……ボク、ぜったいぜったいにがんばるっ！」,
153300 ,,,,,,,,隆行,隆行,,けいと,60104,「その意気だ。それじゃ、授業を始めるぞ……」,
153500 ,$return,,,,,,,,,,,,,
153600 ,&06kei080h,,<!ef_timepass>,5,12,,,,,,,,,
153900 ,,,,,,,,隆行,隆行,,,,「よく、頑張ったな……けいと」,
154000 ,,,,,,,,けいと,けいと,06kei242_001.wav,けいと,60422,「うん……」,
154100 ,,,,,,,,隆行,隆行,,けいと,60422,「本当に、一生懸命よく勉強したな」,
154200 ,,,,,,,,けいと,けいと,06kei242_002.wav,けいと,60420,「それは……先生がいっぱいおしえてくれたからだよ……」,
154300 ,,,,,,,,,,,けいと,60420,　最初は、俺と別れるのがイヤで『合格したくない』などと言っていたけいと。,
154400 ,,,,,,,,,,,けいと,60420,　しかし、けいとは全力でテストに挑んで……見事、カリキュラム最後のテストに合格した。,
154500 ,,,,,,,,隆行,隆行,,けいと,60420,「もう、お前に教えることはないよ……」,
154600 ,,,,,,,,けいと,けいと,06kei242_003.wav,けいと,60404,「そんな……ボク、まだまだ先生におしえてほしい……」,
154700 ,,,,,,,,隆行,隆行,,けいと,60404,「すぐに、新しい先生が来る。俺は、もうお前の先生じゃなくなるんだよ」,
154800 ,,,,,,,,けいと,けいと,06kei242_004.wav,けいと,60428,「でも……今はまだ、ボクの先生だよね……？」,
154900 ,,,,,,,,隆行,隆行,,けいと,60428,「あ、ああ……そうだな」,
155000 ,,,,,,,,けいと,けいと,06kei242_005.wav,けいと,60415,「だったら、ごほうびちょうだい……ボク、さいごのごほうびほしい……」,
155100 ,,,,,,,,隆行,隆行,,けいと,60415,「けいと……」,
155200 ,,,,,,,,けいと,けいと,06kei242_006.wav,けいと,60429,「せんせぇ……おにいちゃぁん……」,
155300 ,,,,,,,,,,,けいと,60429,　けいとの手が、俺の胸を固く握る。せめて今だけは……そんなメッセージが、指先から伝わってくる。,
155400 ,,,,,,,,,,,けいと,60429,　ダメだ……俺も、けいとを手放したくない……。,
155500 ,,,,,,,,隆行,隆行,,けいと,60429,「わかった。約束通り、男にチ○チンを挿入される女の子の気持ち……教えてやるからな……」,
155600 ,,,,,,,,けいと,けいと,06kei242_007.wav,けいと,60415,「うん……ボク、先生におしえてほしい」,
155700 ,,,,,,,,隆行,隆行,,けいと,60415,「俺が、けいとを女の子にしてあげるよ」,
155800 ,,,,,,,,けいと,けいと,06kei242_008.wav,けいと,60428,「せんせぇ……して……」,
155900 ,,,,,,,,,,,けいと,60428,　けいとの身体を包み込むように抱き締めたまま、ベッドへと歩き出す。俺の胸の中で、けいとは瞳を潤ませていた。,
156000 ,,,,,,,,,,,けいと,60428,　『最後のご褒美』への、期待と不安に満ちあふれた顔で……。,
156200 ,,,<!pre_ev1>,11,,5801,,隆行,隆行,,,,「けいと……んんっ」,
156300 ,,,,,,5801,,けいと,けいと,06kei242_009.wav,けいと,60101,「んぁむっ……んちゅっ、んんっ、ん……」,
156400 ,,,,,,5801,,,,,,,　俺はけいとを背中から抱き締め、肩越しに熱いキスを繰り返した。そうしながらけいとの下半身をまさぐり、少しずつ脱がせていく。,
156500 ,,,,,,5801,,けいと,けいと,06kei242_010.wav,けいと,60101,「んふうぅぅぅぅ……っ」,
156600 ,,,,,,5801,,,,,,,　すっかり勃起している、けいとのチ○チンを優しくこすると……けいとの唇からは、甘い声が漏れた。,
156700 ,,,,,,5801,,けいと,けいと,06kei242_011.wav,けいと,60101,「先生、今日のごほうび……ボクのおち○ちん、かわいがってくれるの？」,
156800 ,,,,,,5801,,隆行,隆行,,,,「違うよ……言っただろ？　けいとに、女の子の気持ちを教えてやるって」,
156900 ,,,,,,5801,,けいと,けいと,06kei242_012.wav,けいと,60101,「い、いまのがそうじゃないの……？　ボク、ドキドキしてるよ……むねからしんぞうが、飛びだしちゃいそう……」,
157000 ,,,,,,5801,,隆行,隆行,,,,「そんなものじゃないよ。女の子しか、してもらえないコトがあるだろ」,
157100 ,,,,,,5801,,けいと,けいと,06kei242_013.wav,けいと,60101,「んんっ……ああぁんっ……」,
157200 ,,,,,,5801,,隆行,隆行,,,,「けいとのおま○こ、犯してあげる……俺のチ○チンで」,
157300 ,,,,,,5801,,,,,,,　そう耳元でささやいて、俺はけいとのアヌスに指を這わせた。,
157400 ,,,,,,5801,,けいと,けいと,06kei242_014.wav,けいと,60101,「そ、そこっ、おま○こじゃないよぉ……」,
157500 ,,,,,,5801,,隆行,隆行,,,,「俺にとっては、おま○こと一緒だよ」,
157600 ,,,,,,5801,,けいと,けいと,06kei242_015.wav,けいと,60101,「ああん……そうなの？　ボク……そこがおま○こでもいいのぉ……？」,
157700 ,,,,,,5801,,隆行,隆行,,,,「いいに決まってる。俺、ここに入れたくて仕方ないんだ……ほら、俺のチ○チンもそう言ってるだろ？」,
157800 ,,,,,,5801,,けいと,けいと,06kei242_016.wav,けいと,60101,「あ……言ってる。ピクピクして……すごーく、あつくなってるぅ……」,
157900 ,,,,,,5801,,,,,,,　俺のチ○チンに手を当てたけいとは、嬉しそうに微笑んだ。,
158000 ,,,,,,5801,,けいと,けいと,06kei242_017.wav,けいと,60101,「早く……ねぇ、ボクのおま○こにおち○ちん入れてよぉ……」,
158100 ,,,,,,5801,,隆行,隆行,,,,「まだまだ。けいとは処女だからな、しっかり準備してからだよ」,
158200 ,,,,,,5801,,けいと,けいと,06kei242_018.wav,けいと,60101,「うん……あんまり痛くしないでね……？」,
158300 ,,,,,,5801,,隆行,隆行,,,,「ああ……。ほら、けいと。まずは俺の指を舐めて」,
158400 ,,,,,,5801,,けいと,けいと,06kei242_019.wav,けいと,60101,「うん……んちゅるっ、ちゅっ、ちゅ……」,
158500 ,,,,,,5801,,,,,,,　俺はけいとの唇に指を突っ込み、たっぷりと唾液で湿らせてから……その中指を、けいとのアヌスに運んだ。,
158600 ,,,,,,5801,,けいと,けいと,06kei242_020.wav,けいと,60101,「あ、あうっ……おしり、つめたぁい……」,
158700 ,,,,,,5801,,隆行,隆行,,,,「すぐに、あったかくなるよ」,
158800 ,,,,,,5801,,けいと,けいと,06kei242_021.wav,けいと,60101,「んふっ！　あっ、ああぁん……」,
158900 ,,,,,,5801,,,,,,,　入り口から、徐々におしりの中へ……丁寧にほぐしながら指を進めていくと、けいとはもじもじと腰を動かして快感を訴えた。,
159000 ,,,,,,5801,,けいと,けいと,06kei242_022.wav,けいと,60101,「あはぁっ、いい……せんせぇのゆびぃ、いいよぉ……ボクのおしり、ぐりゅぐりゅってしてるっ！　いい……すごくきもちいい……」,
159100 ,,,,,,5801,,隆行,隆行,,,,「指、二本に増やすぞ？　それに我慢できるようになったら、チ○チンが入っても大丈夫だからな」,
159200 ,,,,,,5801,,けいと,けいと,06kei242_023.wav,けいと,60101,「だいじょうぶだよ、早くおち○ちんちょうだぁい……」,
159300 ,,,,,,5801,,隆行,隆行,,,,「ダメだよ。けいとの大切なおま○こ、壊しちゃったりしたら大変だ」,
159400 ,,,,,,5801,,,,,,,　俺は粘液でヌルヌルになった中指に、人差し指を添えて……ヒクつくおしりの穴に潜り込ませた。,
159500 ,,,,,,5801,,けいと,けいと,06kei242_024.wav,けいと,60101,「んあああっ！　あ、ああっ……ふぅっ……」,
159600 ,,,,,,5801,,隆行,隆行,,,,「力を抜いて……」,
159700 ,,,,,,5801,,けいと,けいと,06kei242_025.wav,けいと,60101,「ひっ、ふ……ふ、ふぅ……んんっ。ああ……」,
159800 ,,,,,,5801,,隆行,隆行,,,,「ほら、全部入った。次は動くからな」,
159900 ,,,,,,5801,,けいと,けいと,06kei242_026.wav,けいと,60101,「あ、あぅっ……はあっ、はあんっ！」,
160000 ,,,,,,5801,,隆行,隆行,,,,「そう、そうやって力を抜いてるんだぞ……」,
160100 ,,,,,,5801,,けいと,けいと,06kei242_027.wav,けいと,60101,「せ、せんせぇっ……ボク……っ！」,
160200 ,,,,,,5801,,,,,,,　ぐちゅ、ぐちゅっ……とも淫らな音が部屋に響く。指の動きを早めておしりを徐々に押し広げていくと、けいとは不意に腰をくねらせ、大きく身悶えた。,
160300 ,,,,,,5801,,隆行,隆行,,,,「あっ、痛かったか？　ごめん……」,
160400 ,,,,,,5801,,けいと,けいと,06kei242_028.wav,けいと,60101,「ちがう……いいからぁ、早く……おち○ちん……」,
160500 ,,,,,,5801,,隆行,隆行,,,,「いいのか？」,
160600 ,,,,,,5801,,けいと,けいと,06kei242_029.wav,けいと,60101,「うん……おち○ちん、ちょーだいよぉ……」,
160700 ,,,,,,5801,,隆行,隆行,,,,「よし……」,
160800 ,,,,,,5801,,,,,,,　もう、俺も限界だ……。,
160900 ,,,,,,5801,,けいと,けいと,06kei242_030.wav,けいと,60101,「わあっ……先生のおち○ちん……やっぱりいつ見てもたくましくって、かっこいい……」,
161000 ,,,,,,5801,,,,,,,　俺は片手でズボンのベルトを外し、屹立したチ○チンを取り出した。先端をけいとのアヌスに押し付けただけで、けいとの全身は期待に大きく震える。,
161100 ,,,,,,5801,,隆行,隆行,,,,「けいと、＜挿＝い＞れるよ……」,
161200 ,,,,,,5801,,けいと,けいと,06kei242_031.wav,けいと,60101,「うんっ……あああぁぁぁっ……！」,
161400 ,,,<!pre_ev1>,,,5802,,けいと,けいと,06kei242_032.wav,けいと,60101,「あぁぁんっ！　い、いたぁ……っくぅ……うぅぅっ、ああっ！！」,
161500 ,,,,,,5802,,隆行,隆行,,,,「うぁ……ああ……」,
161600 ,,,,,,5802,,けいと,けいと,06kei242_033.wav,けいと,60101,「はっ、はぁ……あ、あうぅ……ふは……」,
161700 ,,,,,,5802,,,,,,,　俺のチ○チンは、根本近くまでけいとの中に収まっていた。ぎゅうっと俺のチ○チンを締め付けてくる手荒い歓迎に、早くも達してしまいそうになる。,
161800 ,,,,,,5802,,,,,,,　俺は、ゆっくりとけいとの身体を揺らし、慎重に抽送を開始した。,
161900 ,,,,,,5802,,けいと,けいと,06kei242_034.wav,けいと,60101,「ああ……先生の、おち○ちんが……ボクの、中に……」,
162000 ,,,,,,5802,,隆行,隆行,,,,「どうだ？　俺のチ○チンは……」,
162100 ,,,,,,5802,,けいと,けいと,06kei242_035.wav,けいと,60101,「せんせいのおち○ちん、すごくおっきい……ボクのおま○こ、いっぱいになってるよぉ……」,
162200 ,,,,,,5802,,隆行,隆行,,,,「うん……けいとのおま○こ、キツキツだ」,
162300 ,,,,,,5802,,けいと,けいと,06kei242_036.wav,けいと,60101,「先生……ボクのおま○こは？　きもちいぃ……？」,
162400 ,,,,,,5802,,隆行,隆行,,,,「ああ、すごくきもちいいよ……」,
162500 ,,,,,,5802,,,,,,,　あんまり互いにおま○こおま○こと連呼するので、本当にそんな気分になってきてしまった。,
162600 ,,,,,,5802,,けいと,けいと,06kei242_037.wav,けいと,60101,「くぅぅんっ……ビクビクって、先生のおち○ちんが……ボクの中かきまわしてるぅ……すごいよぉ……ボク、こんなきもちいいの、はじめてなのぉ……」,
162700 ,,,,,,5802,,隆行,隆行,,,,「少しずつ、強くしていくぞ」,
162800 ,,,,,,5802,,けいと,けいと,06kei242_038.wav,けいと,60101,「うんっ……ボクのおま○こ、いっぱいしてぇ……」,
162900 ,,,,,,5802,,隆行,隆行,,,,「んっ、ん！　ん！　んっ！」,
163000 ,,,,,,5802,,けいと,けいと,06kei242_039.wav,けいと,60101,「あんっ！　ああっ、はげしい……んっ……きもちいいよぉ……」,
163100 ,,,,,,5802,,,,,,,　俺がひとつ突き上げるたびに、けいとは泣きそうな声をあげる。それがあんまり可愛くて、俺の行為はますます激しさを増した。,
163200 ,,,,,,5802,,隆行,隆行,,,,「おっと……けいとのチ○チンも、可愛いがってあげないとな」,
163300 ,,,,,,5802,,けいと,けいと,06kei242_040.wav,けいと,60101,「ふあっ！？　あっ、せんせぇ……」,
163500 ,,,<!ef_shasei>,,,5803,,けいと,けいと,06kei242_041.wav,けいと,60101,「やぁん！　ああっ、ああ……あぁぁぁ……」,
163600 ,,,,,,5803,,隆行,隆行,,,,「うぉっ……！？」,
163700 ,,,,,,5803,,,,,,,　軽く握っただけで、けいとの可愛いチ○チンは爆発してしまった。同時におしりがギュッと締まり、思わず俺も達してしまう。,
163800 ,,,,,,5803,,けいと,けいと,06kei242_042.wav,けいと,60101,「は、はぅぅ……せんせぇの、あついのが……」,
163900 ,,,,,,5803,,隆行,隆行,,,,「うん、出ちゃったな……けいとが急に締め付けるからだよ」,
164000 ,,,,,,5803,,けいと,けいと,06kei242_043.wav,けいと,60101,「だってせんせぇが、ボクのおち○ちん、急にさわるからぁ……」,
164100 ,,,,,,5803,,隆行,隆行,,,,「さわっただけだぞ？　まったく、けいとは敏感だな」,
164200 ,,,,,,5803,,けいと,けいと,06kei242_044.wav,けいと,60101,「ご、ごめんなさい……」,
164300 ,,,,,,5803,,,,,,,　けいとは腰をもじもじと動かし、キュッ、キュッ……とおしりの穴に力を込めた。,
164400 ,,,,,,5803,,けいと,けいと,06kei242_045.wav,けいと,60101,「ねぇ、ボク……もう終わりなんてやだぁ……先生、もっといっぱいしてぇ……」,
164500 ,,,,,,5803,,隆行,隆行,,,,「言われなくたって、今日はたくさんしてやるさ」,
164600 ,,,,,,5803,,けいと,けいと,06kei242_046.wav,けいと,60101,「あは……▼　せんせぇ……」,
164700 ,,,,,,5803,,,,,,,　俺はけいとのチ○チンをしごきながら、再び腰を使い始めた。そのうちに、半勃ちくらいにまで衰えていた俺のチ○チンも、少しずつ固さを取り戻していく。,
164800 ,,,,,,5803,,けいと,けいと,06kei242_047.wav,けいと,60101,「ああ、はぁっ……んっ、そんなにつよくしごいちゃ、やあぁ……せんせぇ、もっとゆっくり……」,
164900 ,,,,,,5803,,隆行,隆行,,,,「なんで？　けいとのチ○チン、気持ちよさそうだぞ」,
165000 ,,,,,,5803,,けいと,けいと,06kei242_048.wav,けいと,60101,「また、すぐにイッちゃうでしょ……」,
165100 ,,,,,,5803,,隆行,隆行,,,,「それでいいんじゃないか？　いっぱいイけば」,
165200 ,,,,,,5803,,けいと,けいと,06kei242_049.wav,けいと,60101,「くぅぅんっ、はあぁ、はぁんっ！」,
165300 ,,,,,,5803,,,,,,,　俺は片手で激しくけいとのチ○チンをしごき、もう片方の手で乳首をつねり上げた。それだけでけいとはいやらしく身をよじって、俺のチ○チンを刺激してくれる。,
165400 ,,,,,,5803,,けいと,けいと,06kei242_050.wav,けいと,60101,「あぁんっ、あっ……せ、せんせぇ……」,
165500 ,,,,,,5803,,隆行,隆行,,,,「けいと……そのまま、イッた時の顔をたくさん見せてくれ」,
165600 ,,,,,,5803,,けいと,けいと,06kei242_051.wav,けいと,60101,「み、見て……ボクの『女の子』のかお、たくさん……見てぇ……」,
165700 ,,,,,,5803,,隆行,隆行,,,,「ほら……イッちゃえ……！」,
165800 ,,,,,,5803,,けいと,けいと,06kei242_052.wav,けいと,60101,「くぅぅん！　ああああぁぁぁぁんっ……！」,
165900 ,,,,,,5803,,,,,,,　再び、けいとの身体がびくびくと震え出す。けいとの口は半開きになり、よだれのすじが垂れる。,
166000 ,,,,,,5803,,けいと,けいと,06kei242_053.wav,けいと,60101,「ふぁぁ……あふ…………すごい、すごいよぉ……」,
166100 ,,,,,,5803,,隆行,隆行,,,,「まだまだ、こんなもんじゃないぞ……」,
166300 ,,,<!pre_ev1>,,,5901,,,,,,,　俺は脱力したけいとの身体をベッドに組み敷いて、今度は正常位に近いかたちで再挿入した。,
166400 ,,,,,,5901,,けいと,けいと,06kei242_054.wav,けいと,60101,「くぅぅん……んんんんっ、はいってくるぅ……！」,
166500 ,,,,,,5901,,,,,,,　腰を突き上げるたび、けいとのチ○チンが俺の下腹にぺちっと当たる。女の子とのセックスでは絶対に味わえないその感触が、とても新鮮だった。,
166600 ,,,,,,5901,,けいと,けいと,06kei242_055.wav,けいと,60101,「ああ……ボク、こっちの方が好き……先生のお顔、よく見えるもん……ああんっ、ああっ！」,
166700 ,,,,,,5901,,,,,,,　もう精子の貯えがきれたのか、けいとのチ○チンは透明な精漿だけをぴゅるっ、ぴゅるっと吐き出している。,
166800 ,,,,,,5901,,,,,,,　これも、一種の潮噴きなんだろうか……？,
166900 ,,,,,,5901,,けいと,けいと,06kei242_056.wav,けいと,60101,「もう、ボク、さっきから何回もイッて……おち○ちんのあたり、感覚がないのぉ……」,
167000 ,,,,,,5901,,隆行,隆行,,,,「そうだな、もうチ○チンはないな。ここにあるのは、ちょっと伸びたクリトリスだろ？」,
167100 ,,,,,,5901,,けいと,けいと,06kei242_057.wav,けいと,60101,「うっ、うん……！　それ、ボクのクリトリス……先生にクリトリスこすられて、ぴゅっ、ぴゅって出しちゃってるの……」,
167200 ,,,,,,5901,,隆行,隆行,,,,「剥かないと皮かぶったままなのは、ホントにクリトリスだな」,
167300 ,,,,,,5901,,けいと,けいと,06kei242_058.wav,けいと,60101,「やぁぁんっ！　ボクおとなじゃないから、そんなの仕方ないよぉっ……！」,
167400 ,,,,,,5901,,隆行,隆行,,,,「その下にあるのは……俺がチ○チン入れてるのは、なんだったっけ……？」,
167500 ,,,,,,5901,,けいと,けいと,06kei242_059.wav,けいと,60101,「おま○こだよぉ……それ、ボクのおま○こなのぉ……」,
167600 ,,,,,,5901,,隆行,隆行,,,,「そうだな、俺はけいとのおま○こに突っ込んでるんだ」,
167700 ,,,,,,5901,,けいと,けいと,06kei242_060.wav,けいと,60101,「うん……先生、おま○こすごくきもちいい……っ！！」,
167800 ,,,,,,5901,,,,,,,　そう叫んだけいとのおしりは、まるで本物のおま○このように、俺のチン○ンを柔らかく包み込む。,
167900 ,,,,,,5901,,けいと,けいと,06kei242_061.wav,けいと,60101,「せんせぇっ、キスぅ……」,
168000 ,,,,,,5901,,隆行,隆行,,,,「んっ……」,
168100 ,,,,,,5901,,けいと,けいと,06kei242_062.wav,けいと,60101,「んむっ！　ちゅっ、んちゅ……んふぅっ、せんせぇ……すきいぃ……」,
168200 ,,,,,,5901,,隆行,隆行,,,,「ああ……俺も、けいとが好きだよ」,
168300 ,,,,,,5901,,けいと,けいと,06kei242_063.wav,けいと,60101,「はぁんっ、ボク……しあわせだよぉ……さっきからずっと、むねがきゅぅんってなってる……」,
168400 ,,,,,,5901,,隆行,隆行,,,,「キスしたら、おさまるかな……んんっ」,
168500 ,,,,,,5901,,けいと,けいと,06kei242_064.wav,けいと,60101,「んちゅっ、ちゅっ……だめぇ……どんどんくるしくなるぅ……」,
168600 ,,,,,,5901,,隆行,隆行,,,,「じゃあ、おっぱいにキスしてあげるよ」,
168700 ,,,,,,5901,,けいと,けいと,06kei242_065.wav,けいと,60101,「あぁんっ、あ……！　くぅぅん……」,
168800 ,,,,,,5901,,,,,,,　けいとの乳首に吸い付き、口の中で転がす。身体と身体の密着度は更に高まり、けいとのチ○チンは嬉しそうに俺の下腹をつついた。,
168900 ,,,,,,5901,,けいと,けいと,06kei242_066.wav,けいと,60101,「せんせいの、おなか……たくましいね……ボクのおち○ちん、ゴツゴツってするぅ」,
169000 ,,,,,,5901,,隆行,隆行,,,,「けいとは、柔らかいぞ。女の子の肌みたいに……いや、それ以上にすべすべしてるな。胸もおなかも、おしりも……おま○この中も」,
169100 ,,,,,,5901,,けいと,けいと,06kei242_067.wav,けいと,60101,「んふうぅっ……せんせぇ、もっとギュッてして……」,
169200 ,,,,,,5901,,隆行,隆行,,,,「んっ……けいと」,
169300 ,,,,,,5901,,けいと,けいと,06kei242_068.wav,けいと,60101,「ああっ……せんせぇ、すきぃ……だいすき……！」,
169400 ,,,,,,5901,,隆行,隆行,,,,「けいと……！」,
169500 ,,,,,,5901,,,,,,,　二度目の絶頂が、近い。チ○チンの根本には馴染みのある熱が生まれ、先端へとせり上がっていく。,
169600 ,,,,,,5901,,けいと,けいと,06kei242_069.wav,けいと,60101,「はぁんっ！　あ、あっ、んぁぁ……」,
169700 ,,,,,,5901,,隆行,隆行,,,,「けいと、出すぞ……けいとのおま○こに、精液をいっぱい出すぞ……！」,
169800 ,,,,,,5901,,けいと,けいと,06kei242_070.wav,けいと,60101,「ああんっ……あううっ！　ぼ、ボクもぉ……イッちゃう……」,
169900 ,,,,,,5901,,隆行,隆行,,,,「ああっ……けいと……けいと……！」,
170000 ,,,,,,5901,,けいと,けいと,06kei242_071.wav,けいと,60101,「せんせいっ、ボク、イッちゃう！　イッちゃう！　ああん、んああ、あああああぁぁぁぁ……っ！！」,
170100 ,,,,,,5901,,,,,,,　ぎゅっ……と、けいとが抱きついてくる。その温もりを全身に感じた瞬間、俺のチ○チンは限界を迎えた。,
170400 ,,,<!ef_shasei>,,,5902,,,,,,,　びゅる、びゅるっ、どくっ、びゅるぅ……。,
170500 ,,,,,,5902,,隆行,隆行,,,,「あああっ！　あああ……ああ……」,
170600 ,,,,,,5902,,けいと,けいと,06kei242_072.wav,けいと,60101,「ふぁぁんっ、あ……ああっ、はぁん、あう……」,
170700 ,,,,,,5902,,,,,,,　絶頂のタイミングは、図ったように一緒だった。俺の精液がけいとの最深部へと流れ込み、けいとのそれは、行き場がないまま俺の腹とけいと自身の股間を濡らす。,
170800 ,,,,,,5902,,けいと,けいと,06kei242_073.wav,けいと,60101,「はぅぅん、ボクの中で……せんせいのおち○ちんがビクビク暴れてるよぉ……」,
170900 ,,,,,,5902,,隆行,隆行,,,,「けいとも、おなかの辺りがぐしょぐしょだぞ……お漏らししたみたいだ」,
171000 ,,,,,,5902,,けいと,けいと,06kei242_074.wav,けいと,60101,「やぁぁん……先生が、いっぱいきもちよくしてくれたから……」,
171100 ,,,,,,5902,,隆行,隆行,,,,「けいと……」,
171200 ,,,,,,5902,,けいと,けいと,06kei242_075.wav,けいと,60101,「ちゅ……▼」,
171300 ,,,,,,5902,,隆行,隆行,,,,「ん……」,
171400 ,,,,,,5902,,,,,,,　軽いキスを交わした俺は、けだるい開放感に身を任せ、けいとの身体の上へ覆い被さるようにして倒れ込んだ。,
171500 ,,,,,,5902,,隆行,隆行,,,,「……重い？」,
171600 ,,,,,,5902,,けいと,けいと,06kei242_076.wav,けいと,60101,「ううん、ぜんぜん……先生のからだ、こんなに近くにかんじられるよ……」,
171700 ,,,,,,5902,,,,,,,　けいとの腕が俺の首に回り、ゆっくりと背中を撫で下ろす。,
171800 ,,,,,,5902,,けいと,けいと,06kei242_077.wav,けいと,60101,「もう少し、このままでいて……はなれたりしないでね……？」,
171900 ,,,,,,5902,,隆行,隆行,,,,「ああ……」,
172000 ,,,,,,5902,,,,,,,　けいとのほっぺにキスをして、俺は静かに目を閉じた。,
172100 ,,,,,,5902,,けいと,けいと,06kei242_078.wav,けいと,60101,「せんせぇ……だいすき」,
172200 ,,,,,,5902,,,,,,,　俺もだ。そう答えようとした言葉は、口からこぼれ出る事はなかった。,
172300 ,,,,,,5902,,,,,,,　その時、俺は既に心地よいまどろみの中にいたから……。,
172400 ,"$if %%memory%%,==,1,$return",,,,,,,,,,,,,
172500 ,*06kei090ed,,<!ef_ending_timepass>,4294967295,9001,,,,,,,,,
172800 ,,,,1,15,,,隆行,隆行,,,,「遅いな……あいつ」,
172900 ,,,,,,,,,,,,,　俺は時計を何度となく見やりながら、小さくつぶやいた。,
173000 ,,,,,,,,隆行,隆行,,,,「せっかく……初デートだってのに……」,
173100 ,,,,,,,,,,,,,　俺はベンチから立ち上がると、さっき見たばかりの時計の針をまた確認する。,
173200 ,,,,,,,,けいと,？？？,06kei243_001.wav,,,「あの……」,
173400 ,,,,,,,,隆行,隆行,,,,「んん……？」,
173500 ,,,,,,,,,,,,,　不意に背中から声をかけられ、俺はふと振り返った。,
173600 ,,,,,,,,けいと,女の子,06kei243_002.wav,けいと,60402,「こんにちは、おにいちゃん」,
173700 ,,,,,,,,隆行,隆行,,けいと,60402,「えっと……どちらの妹さん？」,
173900 ,,,,,,,,けいと,女の子,06kei243_003.wav,けいと,60417,「ううっ、ひどーいっ、せんせぇ……」,
174400 ,,,,,,,,隆行,隆行,,けいと,60417,「だって、お前……こんなに、その…………」,
174500 ,,,,,,,,けいと,けいと,06kei243_006.wav,けいと,60414,「……ん？」,
174600 ,,,,,,,,隆行,隆行,,けいと,60414,「かわいく……なって……」,
174700 ,,,,,,,,けいと,けいと,06kei243_007.wav,けいと,60416,「うふふっ、どぉ……？　先生との初めてのデートだから、がんばっちゃった」,
174800 ,,,,,,,,隆行,隆行,,けいと,60416,「う、うん……すごく似合ってるし……最高に可愛いよ、けいと」,
174900 ,,,,,,,,けいと,けいと,06kei243_008.wav,けいと,60415,「あは▼　うれしい……」,
175000 ,,,,,,,,,,,けいと,60415,　むしろ似合いすぎてて……怖いな。,
175100 ,,,,,,,,隆行,隆行,,けいと,60415,「じゃあ……けいと、行きたいトコはあるか？」,
175200 ,,,,,,,,けいと,けいと,06kei243_009.wav,けいと,60401,「行きたいとこ？　えっとねぇ……」,
175300 ,,,,,,,,隆行,隆行,,けいと,60401,「モロッコとか言うなよ？」,
175400 ,,,,,,,,けいと,けいと,06kei243_010.wav,けいと,60414,「えっ……？」,
175500 ,,,,,,,,隆行,隆行,,けいと,60414,「いや、なんでもない。聞き流してくれ」,
175600 ,,,,,,,,けいと,けいと,06kei243_011.wav,けいと,60416,「あのねっ、ボク……先生と街を歩きたいっ！　こいびとどうしみたいに、うでを組んで……」,
175700 ,,,,,,,,隆行,隆行,,けいと,60416,「なんだ、そんなことか」,
175800 ,,,,,,,,けいと,けいと,06kei243_012.wav,けいと,60417,「そんなこと、って、ひどぉい……」,
175900 ,,,,,,,,隆行,隆行,,けいと,60417,「恋人同士『みたい』じゃないだろ？」,
176000 ,,,,,,,,けいと,けいと,06kei243_013.wav,けいと,60418,「あっ……」,
176300 ,,,,12,,7601,,,,,,,　俺はけいとの腕をたぐり寄せ、ぐっと抱きしめた。,
176400 ,,,,,,7601,,隆行,隆行,,,,「けいと、『恋人同士みたい』じゃない。『恋人同士』だろ、俺たちは」,
176500 ,,,,,,7601,,けいと,けいと,06kei243_014.wav,けいと,60101,「あっ……うん……ボク、こいびと……」,
176600 ,,,,,,7601,,,,,,,　顔を赤くしたけいとは俺の肩に頭をあずけ、そっと眼を閉じる。,
176700 ,,,,,,7601,,隆行,隆行,,,,「じゃ、このまま腕組んで街まで歩いていくか」,
176800 ,,,,,,7601,,けいと,けいと,06kei243_015.wav,けいと,60101,「ちょ、ちょっと、それははずかしいよぉ……」,
176900 ,,,,,,7601,,隆行,隆行,,,,「腕組んで歩きたい、って言ったのはお前だぞ……？」,
177000 ,,,,,,7601,,けいと,けいと,06kei243_016.wav,けいと,60101,「でもぉ……」,
177100 ,,,,,,7601,,,,,,,　しぶるけいとを引きずるようにして、俺は足を進ませる。,
177200 ,,,,,,7601,,けいと,けいと,06kei243_017.wav,けいと,60101,「先生は、どっか行きたいとこないの……？」,
177300 ,,,,,,7601,,隆行,隆行,,,,「そうだな、ちょっと腹が減った。まずはメシでも食いに行くか」,
177400 ,,,,,,7601,,けいと,けいと,06kei243_018.wav,けいと,60101,「うんっ……！」,
177500 ,,,,,,7601,,,,,,,　俺とけいとはふたり、腕を組んで歩きながら……これからの予定を考える。,
177600 ,,,,,,7601,,けいと,けいと,06kei243_019.wav,けいと,60101,「ボク……ごはんのあとは、新しくできたすいぞくかんに行ってみたいな」,
177700 ,,,,,,7601,,隆行,隆行,,,,「そうだな、行ってみるか」,
177800 ,,,,,,7601,,けいと,けいと,06kei243_020.wav,けいと,60101,「そのあとはぁ……どうしよっか……？」,
177900 ,,,,,,7601,,隆行,隆行,,,,「けいとの好きにしていいぞ」,
178000 ,,,,,,7601,,けいと,けいと,06kei243_021.wav,けいと,60101,「えっと……じゃあ……おようふく見に行っていい？」,
178100 ,,,,,,7601,,隆行,隆行,,,,「うんうん」,
178200 ,,,,,,7601,,けいと,けいと,06kei243_022.wav,けいと,60101,「それで、デートのさいごは……もちろん『ホテル』だよねっ？」,
178300 ,,,,,,7601,,隆行,隆行,,,,「ぶはっ……！」,
178400 ,,,,,,7601,,,,,,,　どこで仕入れてくるんだ、そんな知識……。,
178500 ,,,,,,7601,,けいと,けいと,06kei243_023.wav,けいと,60101,「えっ、ちがうの……？」,
178600 ,,,,,,7601,,隆行,隆行,,,,「いや、ちがわ……ない、けど」,
178700 ,,,,,,7601,,,,,,,　しどろもどろになって答える俺に、けいとは頬を染めてうつむきながら伝える。,
178800 ,,,,,,7601,,けいと,けいと,06kei243_024.wav,けいと,60101,「ボクね、お母さんとお姉ちゃんに、今日はともだちの家へ泊まりに行くって言ってあるんだ……」,
178900 ,,,,,,7601,,隆行,隆行,,,,「用意周到だな、けいと……」,
179000 ,,,,,,7601,,けいと,けいと,06kei243_025.wav,けいと,60101,「だから朝までいっぱい、いーっぱい、えっちしようね……」,
179100 ,,,,,,7601,,,,,,,　けいとはそう言いながら、柔らかい身体を俺にすり寄せてくる。,
179200 ,,,,,,7601,,,,,,,　俺のチ○チンは、もうけいとの身体が待ちきれないとばかりに反応してしまった。,
179300 ,,,,,,7601,,隆行,隆行,,,,「……けいと、予定変更」,
179400 ,,,,,,7601,,けいと,けいと,06kei243_026.wav,けいと,60101,「えっ……？」,
179500 ,,,,,,7601,,隆行,隆行,,,,「すまん、お前が可愛すぎて、俺もう我慢できなくなった……。今すぐ、お前とエッチがしたい」,
179600 ,,,,,,7601,,けいと,けいと,06kei243_027.wav,けいと,60101,「ええっ……？　そ、それはボクも……先生とえっちしたいけど……」,
179700 ,,,,,,7601,,隆行,隆行,,,,「だから予定変更。俺の部屋に行くぞ」,
179800 ,,,,,,7601,,けいと,けいと,06kei243_028.wav,けいと,60101,「えっ……じゃあ、デートは……？」,
179900 ,,,,,,7601,,隆行,隆行,,,,「もちろん中止だ。メシは、インスタントラーメンな」,
180000 ,,,,,,7601,,けいと,けいと,06kei243_029.wav,けいと,60101,「やだあっ、そんなのムードないぃぃ～！」,
180100 ,,,,,,7601,,,,,,,　俺はけいとの腕をぐいぐい引き寄せ、自宅へと向かう。,
180200 ,,,,,,7601,,けいと,けいと,06kei243_030.wav,けいと,60101,「ああんっ……せっかくがんばって、おめかししてきたのにぃ……」,
180300 ,,,,,,7601,,隆行,隆行,,,,「ごめんな。俺の部屋で、二人っきり……俺だけに、その可愛い服を脱ぐところを見せてくれ」,
180400 ,,,,,,7601,,けいと,けいと,06kei243_031.wav,けいと,60101,「あっ、うん……それいいね……。ボクのえっちな姿、先生にたくさん見てほしい……」,
180500 ,,,,,,7601,,,,,,,　耳まで真っ赤にしたけいとが、指先をもじもじさせながら名残惜しそうに言う。,
180600 ,,,,,,7601,,けいと,けいと,06kei243_032.wav,けいと,60101,「でもやっぱり、夜景がきれいなホテルとか行ってみたかったなぁ……」,
180700 ,,,,,,7601,,隆行,隆行,,,,「それは今度、連れてってやるよ」,
180800 ,,,,,,7601,,けいと,けいと,06kei243_033.wav,けいと,60101,「ほんとっ！？　わぁい、約束だよっ！」,
180900 ,,,,,,7601,,,,,,,　入れてくれるか……わかんないけどな……。,
181000 ,,,,,,7601,,けいと,けいと,06kei243_034.wav,けいと,60101,「せんせい……あのね。ボク、先生が初恋だったんだよ……」,
181100 ,,,,,,7601,,隆行,隆行,,,,「んっ、そうなのか……？」,
181200 ,,,,,,7601,,けいと,けいと,06kei243_035.wav,けいと,60101,「うん……先生が、お姉ちゃんのかていきょうしにやってきた時にね、ひとめぼれしちゃった……」,
181300 ,,,,,,7601,,隆行,隆行,,,,「そうだったのか……だから、あんなにもじもじしてたんだな」,
181400 ,,,,,,7601,,けいと,けいと,06kei243_036.wav,けいと,60101,「やぁぁん、そんなこと言うとはずかしいよぉ……」,
181500 ,,,,,,7601,,隆行,隆行,,,,「ふふっ……けいと、良かったな。初めての恋が実って」,
181600 ,,,,,,7601,,けいと,けいと,06kei243_037.wav,けいと,60101,「うん……ボク、ほんとうにうれしいよ……」,
181700 ,,,,,,7601,,隆行,隆行,,,,「俺たちは、ずっといっしょだからな……」,
181800 ,,,,,,7601,,けいと,けいと,06kei243_038.wav,けいと,60101,「うん……ずっといっしょ……」,
181900 ,,,,,,7601,,,,,,,　男の子だとか、女の子だとか、もうそんなことは関係なかった。,
182000 ,,,,,,7601,,,,,,,　愛しい人と、一緒にいる時間。俺はただ、それを大切にしたくて……。,
182100 ,,,,,,7601,,,,,,,　小さい恋人の、小さな歩幅に、足を合わせて歩いていく。,
182190 ,,,<!ef_ending_fade>,,9001,,,,,,,,,
182197 ,,,<wait 1000>,,,,,,,,,,,
182198 ,,,"<m_fade 0,2000>",4294967295,,,,,,,,,,
182199 ,,,<wait 1000>,,,,,,,,,,,
182300 ,$exit keito,,,,,,,,,,,,,
182400 ,&06kei210ds,,,4294967295,9000,,,,,,,,,
182790 ,,,<!se_chime_ext><wait 700>,,,,,,,,,,,
182800 ,,,,5,10,,,隆行,隆行,,,,「いよっ、けいと」,
182900 ,,,,,,,,けいと,けいと,06kei244_001.wav,けいと,60101,「先生、こんにちは……」,
183000 ,,,,,,,,隆行,隆行,,けいと,60101,「今日も頑張ろうな」,
183100 ,,,,,,,,けいと,けいと,06kei244_002.wav,けいと,60102,「うんっ……」,
183300 ,,,<!ef_move>,,12,,,隆行,隆行,,,,「よし、はりきっていくぞ」,
183400 ,,,,,,,,けいと,けいと,06kei244_003.wav,けいと,60103,「うん……」,
184300 ,$return,,,,,,,,,,,,,
184400 ,&06kei220ds,,,4294967295,9000,,,,,,,,,
184790 ,,,<!se_chime_ext><wait 700>,,,,,,,,,,,
184800 ,,,,5,10,,,隆行,隆行,,,,「んんっ……いないのかな？」,
184900 ,,,,,,,,はるか,はるか,05har245_001.wav,はるか,50119,「あっ……すみません、先生」,
185000 ,,,,,,,,隆行,隆行,,はるか,50119,「あれっ、はるかちゃん」,
185100 ,,,,,,,,はるか,はるか,05har245_002.wav,はるか,50121,「けいと、家にいるはずなのに……とにかく、上がってください」,
185300 ,,,<!ef_move>,,12,,,,,,,,　俺とはるかちゃんが、けいとの部屋におそるおそる入っていくと、そこには……。,
185400 ,,,,,,,,,,,,,　けいとが、ベッドの上で安らかな寝息を立てていた。,
185500 ,,,,,,,,はるか,はるか,05har245_003.wav,はるか,50127,「もう、けいとったら……！」,
185600 ,,,,,,,,隆行,隆行,,はるか,50127,「あはは……そういうコトか。いいよ、はるかちゃん。あんまり怒らないでやってくれ」,
185700 ,,,,,,,,はるか,はるか,05har245_004.wav,はるか,50121,「でも……」,
185800 ,,,,,,,,隆行,隆行,,はるか,50121,「勉強や宿題で、いろいろ疲れてるんだろう。少しぐらい寝かせてやるさ」,
185900 ,,,,,,,,はるか,はるか,05har245_005.wav,はるか,50113,「先生って、けいとにはやさしいですよね……」,
186000 ,,,,,,,,隆行,隆行,,はるか,50113,「んっ？」,
186100 ,,,,,,,,はるか,はるか,05har245_006.wav,はるか,50127,「いえ……けいとのじゅぎょう、おねがいしますっ」,
186200 ,,,<!se_door_room>,,,,,,,,,,　はるかちゃんは早口で頭を下げて、部屋を出て行った。俺は授業の準備をすませると、ベッドで眠っているけいとに声をかける。,
186300 ,,,,,,,,隆行,隆行,,,,「さて……そろそろ起きろ、けいと」,
186400 ,,,,,,,,けいと,けいと,06kei245_001.wav,けいと,60128,「んっ、むにゅ……ひゃああああっ、先生……！？」,
186500 ,,,,,,,,隆行,隆行,,けいと,60128,「おはよう、けいと」,
186600 ,,,,,,,,けいと,けいと,06kei245_002.wav,けいと,60119,「ええっ、ボク……寝ちゃってたの！？　やぁぁん……」,
186700 ,,,,,,,,隆行,隆行,,けいと,60119,「ああ、すごく気持ちよさそうに寝てたぞ」,
186800 ,,,,,,,,けいと,けいと,06kei245_003.wav,けいと,60119,「やっ、やだっ、先生……ボクの寝顔見たのぉっ！？」,
186900 ,,,,,,,,隆行,隆行,,けいと,60119,「ああ。天使の寝顔だったぞ」,
187000 ,,,,,,,,けいと,けいと,06kei245_004.wav,けいと,60129,「やあっ、ああん……先生に見られた……恥ずかしいよぉ……」,
187100 ,,,,,,,,隆行,隆行,,けいと,60129,「ははっ、そんなことで恥ずかしがるなよ」,
187200 ,,,,,,,,けいと,けいと,06kei245_005.wav,けいと,60122,「あうう……」,
187300 ,,,,,,,,隆行,隆行,,けいと,60122,「ほら、授業始めるぞ」,
187400 ,,,,,,,,けいと,けいと,06kei245_006.wav,けいと,60105,「ボク、かおあらってくる……」,
187500 ,,,,,,,,隆行,隆行,,けいと,60105,「よし、ダッシュで行ってこいよ」,
187600 ,,,,,,,,けいと,けいと,06kei245_007.wav,けいと,60101,「うん……っ！」,
187800 ,$return,,,,,,,,,,,,,
187900 ,&06kei230ds,,,4294967295,9000,,,,,,,,,
188290 ,,,<!se_chime_ext><wait 700>,,,,,,,,,,,
188300 ,,,,5,10,,,隆行,隆行,,,,「ようっ、けいと。お待たせ」,
188400 ,,,,,,,,けいと,けいと,06kei246_001.wav,けいと,60119,「せんせい、遅かったよおっ……」,
188500 ,,,,,,,,隆行,隆行,,けいと,60119,「遅れた分、気合い入れて授業してやるからな」,
188600 ,,,,,,,,けいと,けいと,06kei246_002.wav,けいと,60115,「うん……」,
188800 ,,,<!ef_move>,,12,,,隆行,隆行,,,,「んんっ、なんだ……？」,
188900 ,,,,,,,,,,,,,　けいとの部屋に入った俺は、部屋の空気に残っているかすかな匂いに気が付いた。,
189000 ,,,,,,,,,,,,,　ああ、これは男が出す『アレ』の匂いか……ははぁん、すると、けいとのヤツ……俺を待ってる間……。,
189100 ,,,,,,,,隆行,隆行,,,,「なあっ、けいと」,
189200 ,,,,,,,,けいと,けいと,06kei246_003.wav,けいと,60101,「な、なに……？」,
189300 ,,,,,,,,隆行,隆行,,けいと,60101,「なんか匂わないか？　なあ」,
189400 ,,,,,,,,けいと,けいと,06kei246_004.wav,けいと,60118,「えっ……！？　あ……あ……」,
189500 ,,,,,,,,隆行,隆行,,けいと,60118,「やっぱり、か……。まあ、俺も同じ男だからさ。気持ちはわかるさ。気にすんなよ、な？」,
189600 ,,,,,,,,,,,けいと,60118,　俺がけいとの肩にのしかかってぐりぐり揺すると、けいとは身体をねじらせて逃れようとする。,
189700 ,,,,,,,,けいと,けいと,06kei246_005.wav,けいと,60129,「やぁぁんっ、せんせい……！」,
189800 ,,,,,,,,隆行,隆行,,けいと,60129,「んっ……？」,
189900 ,,,,,,,,,,,けいと,60129,　汗ばんだけいとの身体から、なんだか妙に心地よい匂いが漂ってくる。それはかすかに精液の匂いが混ざった、けいとの身体の香り……。,
190000 ,,,,,,,,けいと,けいと,06kei246_006.wav,けいと,60114,「どうしたの、先生……？」,
190100 ,,,,,,,,隆行,隆行,,けいと,60114,「い、いや……なんでもない。授業、始めるぞ」,
190200 ,,,,,,,,けいと,けいと,06kei246_007.wav,けいと,60101,「う、うん……」,
190300 ,,,,,,,,,,,けいと,60101,　俺いま、男の身体の匂いで勃起しかけたぞ……？　危ない危ない……。,
190500 ,$return,,,,,,,,,,,,,
190600 ,&06kei240ds,,,4294967295,9000,,,,,,,,,
190990 ,,,<!se_chime_ext><wait 700>,,,,,,,,,,,
191000 ,,,,5,10,,,隆行,隆行,,,,「いよっ、けいと」,
191100 ,,,,,,,,けいと,けいと,06kei634_001.wav,けいと,60102,「先生、こんにちは……」,
191200 ,,,,,,,,隆行,隆行,,けいと,60102,「今日も頑張ろうな」,
191300 ,,,,,,,,けいと,けいと,06kei634_002.wav,けいと,60103,「うんっ……」,
191500 ,,,<!ef_move>,,12,,,隆行,隆行,,,,「さて、けいと、勉強はじめよっか」,
191600 ,,,,,,,,けいと,けいと,06kei634_003.wav,けいと,60102,「うん」,
191700 ,,,,,,,,隆行,隆行,,けいと,60102,「気合いいれていくぞ？　ほら、もうちょっと元気よくっ」,
191800 ,,,,,,,,けいと,けいと,06kei634_004.wav,けいと,60103,「うんっ」,
191900 ,,,,,,,,隆行,隆行,,けいと,60103,「ははは、けいとは素直ないいこだなぁ」,
192000 ,,,,,,,,,,,けいと,60103,　けいとの頭をぐりぐりとなでる。,
192100 ,,,,,,,,けいと,けいと,06kei634_005.wav,けいと,60129,「あ、せ、せんせい……」,
192200 ,,,,,,,,隆行,隆行,,けいと,60129,「けいとの髪の毛はやわらかくてさわり心地がいいなぁ……くんくん」,
192300 ,,,,,,,,けいと,けいと,06kei634_006.wav,けいと,60130,「やぁっ……先生、においなんてかがないでよぉ……」,
192400 ,,,,,,,,隆行,隆行,,けいと,60130,「ん？　いい匂いだぞ？」,
192500 ,,,,,,,,けいと,けいと,06kei634_007.wav,けいと,60129,「やーめーてー」,
192700 ,,,<!se_door_room_open_hard>,4294967295,,,,はるか,はるか,05har634_001.wav,はるか,50131,「うるさいっ！」,
192800 ,,,,,,,,,,,,,　しーん。,
192900 ,,,,,,,,隆行,隆行,,,,「は、はるかちゃん……」,
193000 ,,,,,,,,けいと,けいと,06kei634_008.wav,けいと,60114,「おねえちゃん……」,
193100 ,,,,,,,,はるか,はるか,05har634_002.wav,はるか,50131,「……ジロ」,
193200 ,,,,,,,,けいと,けいと,06kei634_009.wav,けいと,60130,「ひっ」,
193300 ,,,,,,,,はるか,はるか,05har634_002.wav,はるか,50131,「……ジロ」,
193400 ,,,,,,,,隆行,隆行,,はるか,50131,「はわわ……」,
193500 ,,,,,,,,はるか,はるか,05har634_004.wav,はるか,50122,「……さわぎすぎです。しずかにしてください。いいですね？」,
193600 ,,,,,,,,隆行,隆行,,はるか,50122,「も、申し訳ありませんでしたっ」,
193700 ,,,,,,,,はるか,はるか,,はるか,50121,「……」,
193880 ,,,,,,,,,,,,,,
193890 ,,,<!se_door_room_close><wait 1500>,,,,,,,,,,,
193900 ,,,,,,,,隆行,隆行,,,,「こ、こわかった……」,
194000 ,,,,,,,,けいと,けいと,06kei634_010.wav,けいと,60105,「ボクも……」,
194100 ,,,,,,,,隆行,隆行,,けいと,60105,「勉強はじめよっか」,
194200 ,,,,,,,,けいと,けいと,06kei634_011.wav,けいと,60120,「はい、先生」,
194400 ,$return,,,,,,,,,,,,,
194500 ,&06kei250ds,,,4294967295,9000,,,,,,,,,
194790 ,,,,5,10,,,,,,,,,
194800 ,,,,,,,,はるか,はるか,05har635_001.wav,はるか,50114,「あ、先生」,
194900 ,,,,,,,,隆行,隆行,,はるか,50114,「やあ、はるかちゃん。今帰ってきたの？」,
195000 ,,,,,,,,はるか,はるか,05har635_002.wav,はるか,50101,「そうですけど……けいと、いないんですか？」,
195100 ,,,,,,,,隆行,隆行,,はるか,50101,「いやいや、今チャイム押そうとしてたところ」,
195200 ,,,,,,,,はるか,はるか,05har635_003.wav,はるか,50102,「なるほど。じゃ、どうぞあがってください」,
195300 ,,,,,,,,隆行,隆行,,はるか,50102,「うん、そうさせてもらうよ」,
195480 ,,,,,,,,,,,,,,
195490 ,,,<!se_door_home_open><wait 700>,,,,,,,,,,,
195500 ,,,,,,,,はるか,はるか,05har635_004.wav,,,「けいとーっ。せんせー来たよー！」,
195700 ,,,<!ef_move>,,12,,,隆行,隆行,,,,「さて、けいと、勉強はじめよっか」,
195800 ,,,,,,,,けいと,けいと,06kei635_001.wav,けいと,60102,「はい、先生」,
196100 ,$return,,,,,,,,,,,,,
196200 ,&06kei260ds,,,4294967295,9000,,,,,,,,,
196590 ,,,<!se_chime_ext><wait 700>,,,,,,,,,,,
196600 ,,,,5,10,,,隆行,隆行,,,,「ようっ、けいと。お待たせ」,
196700 ,,,,,,,,けいと,けいと,06kei636_001.wav,けいと,60119,「せんせい、遅かったよおっ……」,
196800 ,,,,,,,,隆行,隆行,,けいと,60119,「遅れた分、気合い入れて授業してやるからな」,
196900 ,,,,,,,,けいと,けいと,06kei636_002.wav,けいと,60115,「うん……」,
197100 ,,,<!ef_move>,,12,,,隆行,隆行,,,,「……ふう」,
197200 ,,,,,,,,けいと,けいと,06kei636_003.wav,けいと,60114,「先生つかれてるの？」,
197300 ,,,,,,,,隆行,隆行,,けいと,60114,「んー、ちょっとな。でも手加減無しでビシビシ教えるから覚悟しろよ」,
197400 ,,,,,,,,けいと,けいと,06kei636_004.wav,けいと,60120,「そんなぁ……」,
197500 ,,,,,,,,隆行,隆行,,けいと,60120,「ふっふっふ。課題の出来が悪くて教授にしぼられたから機嫌が悪いのだ」,
197600 ,,,,,,,,けいと,けいと,06kei636_005.wav,けいと,60119,「それってボクにはかんけいないんじゃ……」,
197700 ,,,,,,,,隆行,隆行,,けいと,60119,「問答無用！　きりきり席につけぃ！」,
197800 ,,,,,,,,けいと,けいと,06kei636_006.wav,けいと,60129,「え～ん」,
198000 ,$return,,,,,,,,,,,,,
198100 ,&06kei310snd,,,5,12,,,,,,,,,
198500 ,,,,,,,,隆行,隆行,,,,「それじゃ、けいと。宿題を出して」,
198600 ,,,,,,,,けいと,けいと,06kei247_001.wav,けいと,60113,「あっ、えっと……」,
198700 ,,,,,,,,隆行,隆行,,けいと,60113,「ん、できなかったか？」,
198800 ,,,,,,,,けいと,けいと,06kei247_002.wav,けいと,60122,「うん……ごめんなさい……むずかしすぎて……」,
198900 ,,,,,,,,隆行,隆行,,けいと,60122,「そうだったか……ごめんな、けいと」,
199000 ,,,,,,,,けいと,けいと,06kei247_003.wav,けいと,60105,「ううん……」,
199100 ,,,,,,,,,,,けいと,60105,　むう、指定した宿題が難しすぎたか……。次は注意しないとな。,
199300 ,$return,,,,,,,,,,,,,
199400 ,&06kei311snd,,,5,12,,,,,,,,,
199800 ,,,,,,,,隆行,隆行,,,,「けいと、宿題はちゃんとやったかな」,
199900 ,,,,,,,,けいと,けいと,06kei637_001.wav,けいと,60122,「あぅ……ごめんなさい……」,
200000 ,,,,,,,,隆行,隆行,,けいと,60122,「ん、できなかったか？」,
200100 ,,,,,,,,けいと,けいと,06kei637_002.wav,けいと,60122,「うん……よくわからくて……」,
200200 ,,,,,,,,隆行,隆行,,けいと,60122,「ちょっと難しすぎちゃったか」,
200300 ,,,,,,,,けいと,けいと,06kei637_003.wav,けいと,60113,「うん……」,
200400 ,,,,,,,,,,,けいと,60113,　むう、指定した宿題が難しすぎたか……。次は注意しないとな。,
200600 ,$return,,,,,,,,,,,,,
200700 ,&06kei312snd,,,5,12,,,,,,,,,
201100 ,,,,,,,,けいと,けいと,06kei638_001.wav,けいと,60105,「先生、ごめんなさい……」,
201200 ,,,,,,,,隆行,隆行,,けいと,60105,「うん、どうした？　あ、宿題か？」,
201300 ,,,,,,,,けいと,けいと,06kei638_002.wav,けいと,60113,「はい……。しゅくだい、できませんでした」,
201400 ,,,,,,,,隆行,隆行,,けいと,60113,「そっか。難しかったか？」,
201500 ,,,,,,,,けいと,けいと,06kei638_003.wav,けいと,60122,「うん……」,
201600 ,,,,,,,,,,,けいと,60122,　むう、指定した宿題が難しすぎたか……。次は注意しないとな。,
201800 ,$return,,,,,,,,,,,,,
201900 ,&06kei320snm,,,5,12,,,,,,,,,
202300 ,,,,,,,,隆行,隆行,,,,「さてと、宿題を見せてもらおうかな」,
202400 ,,,,,,,,けいと,けいと,06kei248_001.wav,けいと,60113,「あ……ごめんなさい……」,
202500 ,,,,,,,,隆行,隆行,,けいと,60113,「やれなかったか？」,
202600 ,,,,,,,,けいと,けいと,06kei248_002.wav,けいと,60122,「うん……終わらなかったの……」,
202700 ,,,,,,,,隆行,隆行,,けいと,60122,「途中まででも、見せてくれるか」,
202800 ,,,,,,,,けいと,けいと,06kei248_003.wav,けいと,60113,「これ……」,
202900 ,,,,,,,,,,,けいと,60113,　ああ、途中で終わってる……。うーむ、指定した量が多すぎたか……。,
203100 ,$return,,,,,,,,,,,,,
203200 ,&06kei321snm,,,5,12,,,,,,,,,
203600 ,,,,,,,,隆行,隆行,,,,「さて、けいと、宿題をチェックするぞ」,
203700 ,,,,,,,,けいと,けいと,06kei639_001.wav,けいと,60113,「あ……そのぉ……」,
203800 ,,,,,,,,隆行,隆行,,けいと,60113,「ん、できてないのか？」,
203900 ,,,,,,,,けいと,けいと,06kei639_002.wav,けいと,60122,「うん……時間がたりなくて……」,
204000 ,,,,,,,,隆行,隆行,,けいと,60122,「ああ、多すぎちゃったか……」,
204100 ,,,,,,,,,,,けいと,60122,　うーむ、指定した量が多すぎたか。ちゃんとけいとのペースを考えて出さないと……。,
204300 ,$return,,,,,,,,,,,,,
204400 ,&06kei322snm,,,5,12,,,,,,,,,
204800 ,,,,,,,,けいと,けいと,06kei640_001.wav,けいと,60122,「先生……」,
204900 ,,,,,,,,隆行,隆行,,けいと,60122,「ん、どうした？」,
205000 ,,,,,,,,けいと,けいと,06kei640_002.wav,けいと,60129,「その……ごめんなさいっ」,
205100 ,,,,,,,,隆行,隆行,,けいと,60129,「？　ああ、もしかして宿題できなかったのか？」,
205200 ,,,,,,,,けいと,けいと,06kei640_003.wav,けいと,60113,「どうしてもさいごまで終わらなくて……」,
205300 ,,,,,,,,隆行,隆行,,けいと,60113,「もしかして多すぎた？」,
205400 ,,,,,,,,けいと,けいと,06kei640_004.wav,けいと,60105,「……うん」,
205500 ,,,,,,,,,,,けいと,60105,　うーむ、指定した量が多すぎたか。ちゃんとけいとのペースを考えて出さないと……。,
205700 ,$return,,,,,,,,,,,,,
205800 ,&06kei330sndm,,,5,12,,,,,,,,,
206200 ,,,,,,,,けいと,けいと,06kei249_001.wav,けいと,60105,「先生……ごめんなさい……」,
206300 ,,,,,,,,隆行,隆行,,けいと,60105,「んんっ、宿題か……？」,
206400 ,,,,,,,,けいと,けいと,06kei249_002.wav,けいと,60113,「うん……できなかったの……」,
206500 ,,,,,,,,隆行,隆行,,けいと,60113,「難しすぎた？」,
206600 ,,,,,,,,けいと,けいと,06kei249_003.wav,けいと,60120,「量もおおかった……」,
206700 ,,,,,,,,隆行,隆行,,けいと,60120,「そうか……」,
206800 ,,,,,,,,,,,けいと,60120,　しまった、難しすぎるだけじゃなく量も多かったか……。次はこれを踏まえて、再設定しなきゃな。,
207000 ,$return,,,,,,,,,,,,,
207100 ,&06kei331sndm,,,5,12,,,,,,,,,
207500 ,,,,,,,,隆行,隆行,,,,「さて、けいと、宿題は……」,
207600 ,,,,,,,,けいと,けいと,06kei641_001.wav,けいと,60113,「……ごめん……なさい」,
207700 ,,,,,,,,隆行,隆行,,けいと,60113,「あら、できてないのか？」,
207800 ,,,,,,,,けいと,けいと,06kei641_002.wav,けいと,60122,「……うん」,
207900 ,,,,,,,,隆行,隆行,,けいと,60122,「量が多すぎたか……」,
208000 ,,,,,,,,けいと,けいと,06kei641_003.wav,けいと,60113,「量もそうだけど……もんだいもむずかしくて……」,
208100 ,,,,,,,,隆行,隆行,,けいと,60113,「そっか……」,
208200 ,,,,,,,,,,,けいと,60113,　しまった、難しすぎるだけじゃなく量も多かったか……。次はこれを踏まえて、再設定しなきゃな。,
208400 ,$return,,,,,,,,,,,,,
208500 ,&06kei332sndm,,,5,12,,,,,,,,,
208900 ,,,,,,,,隆行,隆行,,,,「けいと、宿題できてるか？　チェックするぞ」,
209000 ,,,,,,,,けいと,けいと,06kei642_001.wav,けいと,60122,「先生、ごめんなさい……できなかった……です……」,
209100 ,,,,,,,,隆行,隆行,,けいと,60122,「あらら。難しかったか？」,
209200 ,,,,,,,,けいと,けいと,06kei642_002.wav,けいと,60113,「うん……むずかしくて……。あと、量も……」,
209300 ,,,,,,,,隆行,隆行,,けいと,60113,「あちゃ。それは完全にこっちの出題ミスだな。ごめん、けいと」,
209400 ,,,,,,,,けいと,けいと,06kei642_003.wav,けいと,60122,「ううん……」,
209500 ,,,,,,,,,,,けいと,60122,　しまった、難しすぎるだけじゃなく量も多かったか……。次はこれを踏まえて、再設定しなきゃな。,
209700 ,$return,,,,,,,,,,,,,
209800 ,&06kei340sg,,,5,12,,,,,,,,,
210100 ,,,,,,,,隆行,隆行,,,,「よっし、けいと。宿題見せてみろ」,
210200 ,,,,,,,,けいと,けいと,06kei250_001.wav,けいと,60101,「うん……」,
210290 ,$call HomeWorkAffect,,,,,,,,,,,,,
210300 ,,,,,,,,隆行,隆行,,けいと,60101,「どれどれ……うん、ＯＫだな」,
210400 ,,,,,,,,けいと,けいと,06kei250_002.wav,けいと,60102,「よかった……」,
210500 ,,,,,,,,隆行,隆行,,けいと,60102,「いちいち宿題チェックぐらいでビビるなよ。お前はしっかりやっているぞ。うりうりうり」,
210600 ,,,,,,,,けいと,けいと,06kei250_003.wav,けいと,60129,「やぁぁん、あたまゆさゆさしないでぇ……！」,
210800 ,$return,,,,,,,,,,,,,
210900 ,&06kei341sg,,,5,12,,,,,,,,,
211200 ,,,,,,,,隆行,隆行,,,,「けいと、宿題はやってあるか？」,
211300 ,,,,,,,,けいと,けいと,06kei251_001.wav,けいと,60101,「うん、これ……」,
211390 ,$call HomeWorkAffect,,,,,,,,,,,,,
211400 ,,,,,,,,隆行,隆行,,けいと,60101,「えーと……ああ、バッチリだな」,
211500 ,,,,,,,,けいと,けいと,06kei251_002.wav,けいと,60102,「うんっ……！」,
211600 ,,,,,,,,隆行,隆行,,けいと,60102,「えらいぞ、けいと」,
211700 ,,,,,,,,けいと,けいと,06kei251_003.wav,けいと,60115,「えへっ……」,
211900 ,$return,,,,,,,,,,,,,
212000 ,&06kei342sg,,,5,12,,,,,,,,,
212300 ,,,,,,,,けいと,けいと,06kei252_001.wav,けいと,60101,「先生……これ、しゅくだい……」,
212390 ,$call HomeWorkAffect,,,,,,,,,,,,,
212400 ,,,,,,,,隆行,隆行,,けいと,60101,「ああ、よし。チェックしようか」,
212500 ,,,,,,,,けいと,けいと,06kei252_002.wav,けいと,60102,「うんっ」,
212600 ,,,,,,,,隆行,隆行,,けいと,60102,「自分から出してくるってコトは、まあしっかりやってあるんだろうが……うん、ＯＫだ」,
212700 ,,,,,,,,けいと,けいと,06kei252_003.wav,けいと,60103,「わぁい……」,
212800 ,,,,,,,,隆行,隆行,,けいと,60103,「よくやってあるぞ、えらいえらい」,
212900 ,,,,,,,,けいと,けいと,06kei252_004.wav,けいと,60115,「もっとほっぺた、なでなでして……」,
213100 ,$return,,,,,,,,,,,,,
213200 ,&06kei343sg,,,5,12,,,,,,,,,
213500 ,,,,,,,,隆行,隆行,,,,「さて、まずは宿題のチェックからな」,
213600 ,,,,,,,,けいと,けいと,06kei253_001.wav,けいと,60101,「うん」,
213700 ,,,,,,,,隆行,隆行,,けいと,60101,「どれどれ……んんっ？　これは……！」,
213800 ,,,,,,,,けいと,けいと,06kei253_002.wav,けいと,60119,「えっ……！？」,
213900 ,,,,,,,,隆行,隆行,,けいと,60119,「うそうそ。ちゃんとやってある。ＯＫだよ」,
213990 ,$call HomeWorkAffect,,,,,,,,,,,,,
214000 ,,,,,,,,けいと,けいと,06kei253_003.wav,けいと,60104,「んもう、おどろいちゃったよぉ……先生のばか……」,
214100 ,,,,,,,,隆行,隆行,,けいと,60104,「んんっ、誰がバカだってェ～！？　うりゃ、うりゃ」,
214200 ,,,,,,,,けいと,けいと,06kei253_004.wav,けいと,60129,「やぁぁんっ！　あっ、あっ、ごめんなさいぃ～！」,
214400 ,$return,,,,,,,,,,,,,
214500 ,&06kei510lg,,,9,12,,,,,,,,,
214900 ,,,,,,,,隆行,隆行,,,,「おーし、授業はここまでな～」,
215000 ,,,,,,,,けいと,けいと,06kei254_001.wav,けいと,60101,「うんっ」,
215100 ,,,,,,,,隆行,隆行,,けいと,60101,「どうだった、今日の授業は」,
215200 ,,,,,,,,けいと,けいと,06kei254_002.wav,けいと,60103,「サイコーだよっ、おにいちゃん！」,
215300 ,,,,,,,,隆行,隆行,,けいと,60103,「こら、まだ授業が全部終わった訳じゃないぞ」,
215400 ,,,,,,,,,,,けいと,60103,　よし、けいとも手応えバッチリだったようだな。この調子で、どんどん頑張ってほしいもんだ。,
215600 ,$return,,,,,,,,,,,,,
215700 ,&06kei511lg,,,9,12,,,,,,,,,
216100 ,,,,,,,,隆行,隆行,,,,「今日のところはこんなもんだな。何かわからないところとかはあるか？」,
216200 ,,,,,,,,けいと,けいと,06kei643_001.wav,けいと,60102,「ううん。すっごくよくわかったよ」,
216300 ,,,,,,,,隆行,隆行,,けいと,60102,「よしよし。けいともどんどん力をつけてるな」,
216400 ,,,,,,,,けいと,けいと,06kei643_002.wav,けいと,60118,「ホントっ！？」,
216500 ,,,,,,,,隆行,隆行,,けいと,60118,「実感ないか？　今までてこずってた問題も楽に解けるようになってるとか」,
216600 ,,,,,,,,けいと,けいと,06kei643_003.wav,けいと,60101,「……そういえば……少し……」,
216700 ,,,,,,,,隆行,隆行,,けいと,60101,「だろ？」,
216800 ,,,,,,,,けいと,けいと,06kei643_004.wav,けいと,60115,「なんか、うれしい……」,
216900 ,,,,,,,,,,,けいと,60115,　よし、けいとも手応えバッチリだったようだな。この調子で、どんどん頑張ってほしいもんだ。,
217100 ,$return,,,,,,,,,,,,,
217200 ,&06kei512lg,,,9,12,,,,,,,,,
217600 ,,,,,,,,隆行,隆行,,,,「よし、今日のところはここまで」,
217700 ,,,,,,,,けいと,けいと,06kei644_001.wav,けいと,60114,「あ、ほんとだ。もうこんな時間……」,
217800 ,,,,,,,,隆行,隆行,,けいと,60114,「結構集中できてたみたいだな」,
217900 ,,,,,,,,けいと,けいと,06kei644_002.wav,けいと,60102,「うんっ。先生のじゅぎょう、楽しいからむちゅうになっちゃう」,
218000 ,,,,,,,,隆行,隆行,,けいと,60102,「そっか。楽しむってのは大事だからな。これからもけいとに『楽しい』って言ってもらえるようにがんばるよ」,
218100 ,,,,,,,,けいと,けいと,06kei644_003.wav,けいと,60116,「ボ、ボクもがんばる」,
218200 ,,,,,,,,隆行,隆行,,けいと,60116,「ああ。二人でがんばろうな」,
218300 ,,,,,,,,,,,けいと,60116,　よし、けいとも手応えバッチリだったようだな。この調子で、どんどん頑張ってほしいもんだ。,
218500 ,$return,,,,,,,,,,,,,
218600 ,&06kei520ln,,,9,12,,,,,,,,,
219000 ,,,,,,,,隆行,隆行,,,,「それじゃ、今日の授業はここまでにするぞ」,
219100 ,,,,,,,,けいと,けいと,06kei255_001.wav,けいと,60101,「うん」,
219200 ,,,,,,,,隆行,隆行,,けいと,60101,「何か質問はあるか？」,
219300 ,,,,,,,,けいと,けいと,06kei255_002.wav,けいと,60102,「とくにないよ……今日はだいたいわかったから」,
219400 ,,,,,,,,隆行,隆行,,けいと,60102,「そうか、あとで見つかったらいつでも聞きに来いよ」,
219500 ,,,,,,,,けいと,けいと,06kei255_003.wav,けいと,60103,「うん……！」,
219600 ,,,,,,,,,,,けいと,60103,　今日はけいとの理解度もそこそこで、順調な授業だったようだ。今度はもっと密度の濃い授業を目指して、頑張るとしよう。,
219800 ,$return,,,,,,,,,,,,,
219900 ,&06kei521ln,,,9,12,,,,,,,,,
220300 ,,,,,,,,隆行,隆行,,,,「今日のところはこんなもんかな。どうだ？　手応えは」,
220400 ,,,,,,,,けいと,けいと,06kei645_001.wav,けいと,60101,「んー、まぁまぁ……かな？」,
220500 ,,,,,,,,隆行,隆行,,けいと,60101,「まぁまぁか」,
220600 ,,,,,,,,けいと,けいと,06kei645_002.wav,けいと,60102,「うん」,
220700 ,,,,,,,,,,,けいと,60102,　今日はけいとの理解度もそこそこで、順調な授業だったようだ。今度はもっと密度の濃い授業を目指して、頑張るとしよう。,
220900 ,$return,,,,,,,,,,,,,
221000 ,&06kei522ln,,,9,12,,,,,,,,,
221400 ,,,,,,,,隆行,隆行,,,,「……と、今日のところはここまでにしておこうか」,
221500 ,,,,,,,,けいと,けいと,06kei646_001.wav,けいと,60101,「うん」,
221600 ,,,,,,,,隆行,隆行,,けいと,60101,「なにか分からないところとか無いか？」,
221700 ,,,,,,,,けいと,けいと,06kei646_002.wav,けいと,60114,「ちょっとだけ……ここなんだけど」,
221800 ,,,,,,,,隆行,隆行,,けいと,60114,「んー、どれどれ――」,
222000 ,,,<!ef_timepass>,,,,,隆行,隆行,,,,「――ってわけだ。わかったかな？」,
222100 ,,,,,,,,けいと,けいと,06kei646_003.wav,けいと,60101,「うん。だいたいわかった……と思う」,
222200 ,,,,,,,,隆行,隆行,,けいと,60101,「ホントに大丈夫かぁ？」,
222300 ,,,,,,,,けいと,けいと,06kei646_004.wav,けいと,60114,「んー、わからなくなっちゃったら、先生のところでんわしてもいい？」,
222400 ,,,,,,,,隆行,隆行,,けいと,60114,「もちろん。分からなかったら遠慮なく電話してくれ」,
222500 ,,,,,,,,けいと,けいと,06kei646_005.wav,けいと,60103,「わぁい▼」,
222600 ,,,,,,,,,,,けいと,60103,　今日はけいとの理解度もそこそこで、順調な授業だったようだ。今度はもっと密度の濃い授業を目指して、頑張るとしよう。,
222800 ,$return,,,,,,,,,,,,,
222900 ,&06kei530lb,,,9,12,,,,,,,,,
223300 ,,,,,,,,隆行,隆行,,,,「今日はここまでにするが……けいと、聞きたい事はあるか？」,
223400 ,,,,,,,,けいと,けいと,06kei256_001.wav,けいと,60114,「あっ、えっと……」,
223500 ,,,,,,,,隆行,隆行,,けいと,60114,「どれから聞いたらいいのか、わからない……って感じだな」,
223600 ,,,,,,,,けいと,けいと,06kei256_002.wav,けいと,60113,「うん……」,
223700 ,,,,,,,,隆行,隆行,,けいと,60113,「落ち着いたら、いつでも連絡してきていいから。はるかちゃんに聞くのも手だな」,
223800 ,,,,,,,,けいと,けいと,06kei256_003.wav,けいと,60120,「うん、そうする……」,
223900 ,,,,,,,,,,,けいと,60120,　ううむ、今日の授業はイマイチ調子が出なかったみたいだな……。俺も精進せねば。,
224100 ,$return,,,,,,,,,,,,,
224200 ,&06kei531lb,,,9,12,,,,,,,,,
224600 ,,,,,,,,隆行,隆行,,,,「ふむ……今日はここまでにしておこう」,
224700 ,,,,,,,,けいと,けいと,06kei647_001.wav,けいと,60122,「うん……」,
224800 ,,,,,,,,隆行,隆行,,けいと,60122,「ちょっと調子悪かったみたいだな。大丈夫か？」,
224900 ,,,,,,,,けいと,けいと,06kei647_002.wav,けいと,60113,「うん……頭こんがらがっちゃって……」,
225000 ,,,,,,,,隆行,隆行,,けいと,60113,「まぁ、そういう時もある。次にがんばればいいよ」,
225100 ,,,,,,,,けいと,けいと,06kei647_003.wav,けいと,60122,「うん……わかりました、先生」,
225200 ,,,,,,,,,,,けいと,60122,　ううむ、今日の授業はイマイチ調子が出なかったみたいだな……。俺も精進せねば。,
225400 ,$return,,,,,,,,,,,,,
225500 ,&06kei532lb,,,9,12,,,,,,,,,
225900 ,,,,,,,,隆行,隆行,,,,「んじゃ、今日はここまで。ちょっと集中できてなかったみたいだな、けいと」,
226000 ,,,,,,,,けいと,けいと,06kei648_001.wav,けいと,60122,「ごめんなさい……」,
226100 ,,,,,,,,隆行,隆行,,けいと,60122,「まぁ、あんまり気にするな。俺の教え方にも問題あったと思うし……」,
226200 ,,,,,,,,けいと,けいと,06kei648_002.wav,けいと,60119,「そんなっ！　おにーちゃんはわるくないよっ！」,
226300 ,,,,,,,,隆行,隆行,,けいと,60119,「まぁまぁ。お互い次をがんばろうぜ、な？」,
226400 ,,,,,,,,けいと,けいと,06kei648_003.wav,けいと,60105,「うん……」,
226500 ,,,,,,,,,,,けいと,60105,　ううむ、今日の授業はイマイチ調子が出なかったみたいだな……。俺も精進せねば。,
226700 ,$return,,,,,,,,,,,,,
226800 ,&06kei610t,,,9,12,,,,,,,,,
227100 ,,,,,,,,隆行,隆行,,,,「さて、最後は実力を試す小テストだ」,
227200 ,,,,,,,,けいと,けいと,06kei257_001.wav,けいと,60104,「うん……がんばるっ！」,
227300 ,,,,,,,,隆行,隆行,,けいと,60104,「肩に力が入りすぎだぞ、力を抜け。ほらほら」,
227400 ,,,,,,,,けいと,けいと,06kei257_002.wav,けいと,60115,「あんっ……もうちょっと、なでてて……」,
227600 ,$return,,,,,,,,,,,,,
227700 ,&06kei620t,,,9,12,,,,,,,,,
228000 ,,,,,,,,隆行,隆行,,,,「最後、口直しにテストいくぞ～」,
228100 ,,,,,,,,けいと,けいと,06kei258_001.wav,けいと,60114,「くちなおし、なのぉ……？」,
228200 ,,,,,,,,隆行,隆行,,けいと,60114,「合格したらご褒美、たくさん口直ししてあげるぞ」,
228300 ,,,,,,,,けいと,けいと,06kei258_002.wav,けいと,60118,「それって、キスってこと？　ボク、がんばる……！」,
228500 ,$return,,,,,,,,,,,,,
228600 ,&06kei630t,,,9,12,,,,,,,,,
228900 ,,,,,,,,隆行,隆行,,,,「んじゃ、小テストやるからな」,
229000 ,,,,,,,,けいと,けいと,06kei260_001.wav,けいと,60101,「うん……」,
229100 ,,,,,,,,隆行,隆行,,けいと,60101,「リラックスしてやれよ、俺はここで見てるから」,
229200 ,,,,,,,,けいと,けいと,06kei260_002.wav,けいと,60116,「先生がいると、ボクあんしんだよ……」,
229400 ,$return,,,,,,,,,,,,,
229500 ,&06kei710tb,,<!ef_timepass>,5,12,,,,,,,,,
229800 ,,,,,,,,隆行,隆行,,,,「うーん、残念だ、けいと……」,
229900 ,,,,,,,,けいと,けいと,06kei261_001.wav,けいと,60129,「ううう……」,
230000 ,,,,,,,,隆行,隆行,,けいと,60129,「くじけるな、次があるぞ」,
230100 ,,,,,,,,けいと,けいと,06kei261_002.wav,けいと,60104,「うん……！」,
230300 ,$return,,,,,,,,,,,,,
230400 ,&06kei720tb,,<!ef_timepass>,5,12,,,,,,,,,
230700 ,,,,,,,,隆行,隆行,,,,「惜しいが……合格にはできないな、けいと」,
230800 ,,,,,,,,けいと,けいと,06kei262_001.wav,けいと,60122,「ぐすっ……」,
230900 ,,,,,,,,隆行,隆行,,けいと,60122,「泣くなよ、次につなげるんだ」,
231000 ,,,,,,,,けいと,けいと,06kei262_002.wav,けいと,60104,「うん……」,
231200 ,$return,,,,,,,,,,,,,
231300 ,&06kei730tb,,<!ef_timepass>,5,12,,,,,,,,,
231600 ,,,,,,,,けいと,けいと,06kei263_001.wav,けいと,60114,「先生、どう……？」,
231700 ,,,,,,,,隆行,隆行,,けいと,60114,「いや……結果は、不合格だ」,
231800 ,,,,,,,,けいと,けいと,06kei263_002.wav,けいと,60105,「ううっ……」,
231900 ,,,,,,,,隆行,隆行,,けいと,60105,「けいと……次こそ、やってやるんだ」,
232000 ,,,,,,,,けいと,けいと,06kei263_003.wav,けいと,60104,「うんっ……」,
232200 ,$return,,,,,,,,,,,,,
232300 ,&06kei810ssm,,,5,12,,,,,,,,,
232700 ,,,,,,,,隆行,隆行,,,,「じゃ、いま言ったところが宿題な」,
232800 ,,,,,,,,けいと,けいと,06kei264_001.wav,けいと,60114,「うん……」,
232900 ,,,,,,,,隆行,隆行,,けいと,60114,「来週までにできるか？」,
233000 ,,,,,,,,けいと,けいと,06kei264_002.wav,けいと,60113,「やってみる……けど、多くてできないかも……」,
233200 ,$return,,,,,,,,,,,,,
233300 ,&06kei811ssm,,,5,12,,,,,,,,,
233700 ,,,,,,,,隆行,隆行,,,,「宿題はここまでの範囲な。できそうか？」,
233800 ,,,,,,,,けいと,けいと,06kei649_001.wav,けいと,60113,「ちょっと……じしんないかも」,
233900 ,,,,,,,,隆行,隆行,,けいと,60113,「ちょっと多いか」,
234000 ,,,,,,,,けいと,けいと,06kei649_002.wav,けいと,60120,「でも、やってみます……」,
234100 ,,,,,,,,隆行,隆行,,けいと,60120,「うん、がんばってな」,
234300 ,$return,,,,,,,,,,,,,
234400 ,&06kei812ssm,,,5,12,,,,,,,,,
234800 ,,,,,,,,隆行,隆行,,,,「以上。今の範囲が宿題だ。ちゃんとメモしたか？」,
234900 ,,,,,,,,けいと,けいと,06kei650_001.wav,けいと,60113,「うん……」,
235000 ,,,,,,,,隆行,隆行,,けいと,60113,「ちょっと多いかな」,
235100 ,,,,,,,,けいと,けいと,06kei650_002.wav,けいと,60120,「じしんないけど……やってみる」,
235200 ,,,,,,,,隆行,隆行,,けいと,60120,「うん、がんばってな」,
235400 ,$return,,,,,,,,,,,,,
235500 ,&06kei820ssg,,,5,12,,,,,,,,,
235900 ,,,,,,,,隆行,隆行,,,,「宿題の範囲、ちゃんとメモできたか？」,
236000 ,,,,,,,,けいと,けいと,06kei265_001.wav,けいと,60101,「うん。これならできるよ……」,
236100 ,,,,,,,,隆行,隆行,,けいと,60101,「とか言って、忘れるなよ？」,
236200 ,,,,,,,,けいと,けいと,06kei265_002.wav,けいと,60119,「わすれないよぉっ……！」,
236400 ,$return,,,,,,,,,,,,,
236500 ,&06kei821ssg,,,5,12,,,,,,,,,
236900 ,,,,,,,,隆行,隆行,,,,「じゃ、ここまでの範囲が宿題な」,
237000 ,,,,,,,,けいと,けいと,06kei651_001.wav,けいと,60101,「うん」,
237100 ,,,,,,,,隆行,隆行,,けいと,60101,「できそうか？」,
237200 ,,,,,,,,けいと,けいと,06kei651_002.wav,けいと,60102,「たぶん、だいじょうぶ」,
237400 ,$return,,,,,,,,,,,,,
237500 ,&06kei822ssg,,,5,12,,,,,,,,,
237900 ,,,,,,,,隆行,隆行,,,,「今のところまでが宿題だけど、大丈夫そうか？」,
238000 ,,,,,,,,けいと,けいと,06kei652_001.wav,けいと,60101,「うん。できると思う」,
238100 ,,,,,,,,隆行,隆行,,けいと,60101,「忘れるなよ」,
238200 ,,,,,,,,けいと,けいと,06kei652_002.wav,けいと,60104,「わすれないよぉっ！」,
238400 ,$return,,,,,,,,,,,,,
238500 ,&06kei830ssl,,,5,12,,,,,,,,,
238900 ,,,,,,,,隆行,隆行,,,,「いいか、宿題はこことこれと……」,
239000 ,,,,,,,,けいと,けいと,06kei266_001.wav,けいと,60114,「えっと……これだけでいいの？」,
239100 ,,,,,,,,隆行,隆行,,けいと,60114,「ああ、それだけだ。少ないか？」,
239200 ,,,,,,,,けいと,けいと,06kei266_002.wav,けいと,60103,「わぁい……もうへんこうしないでよ、先生」,
239400 ,$return,,,,,,,,,,,,,
239500 ,&06kei831ssl,,,5,12,,,,,,,,,
239900 ,,,,,,,,隆行,隆行,,,,「以上。宿題はここまでの範囲だ」,
240000 ,,,,,,,,けいと,けいと,06kei653_001.wav,けいと,60101,「うん」,
240100 ,,,,,,,,隆行,隆行,,けいと,60101,「できそうか？」,
240200 ,,,,,,,,けいと,けいと,06kei653_002.wav,けいと,60102,「うん、すぐできちゃうと思う」,
240300 ,,,,,,,,隆行,隆行,,けいと,60102,「むしろ少なかったか。増やすか？」,
240400 ,,,,,,,,けいと,けいと,06kei653_003.wav,けいと,60114,「え……」,
240500 ,,,,,,,,隆行,隆行,,けいと,60114,「うそうそ。そんなあからさまに落ち込むなよ」,
240600 ,,,,,,,,けいと,けいと,06kei653_004.wav,けいと,60119,「おちこんでなんかないよぉっ」,
240800 ,$return,,,,,,,,,,,,,
240900 ,&06kei832ssl,,,5,12,,,,,,,,,
241300 ,,,,,,,,隆行,隆行,,,,「ここと、ここと……この辺までかな。宿題はこんな感じだ。わかった？」,
241400 ,,,,,,,,けいと,けいと,06kei654_001.wav,けいと,60102,「うん。思ったよりすくなくてよかった……」,
241500 ,,,,,,,,隆行,隆行,,けいと,60102,「そうか？　そんなこと言って出来てなかったらどうしようかな」,
241600 ,,,,,,,,けいと,けいと,06kei654_002.wav,けいと,60115,「え……できてなかったらボク、先生にひどいことされちゃうの？」,
241700 ,,,,,,,,隆行,隆行,,けいと,60115,「……なんか期待してるのか？」,
241800 ,,,,,,,,けいと,けいと,06kei654_003.wav,けいと,60119,「そ、そんなことないよっ」,
242000 ,$return,,,,,,,,,,,,,
242100 ,&06kei910de,,,5,12,,,,,,,,,
242400 ,,,,,,,,隆行,隆行,,,,「おつかれ、けいと。今日はこれで終わりだ」,
242500 ,,,,,,,,けいと,けいと,06kei267_001.wav,けいと,60101,「うん……先生、ありがとぉ……」,
242600 ,,,,,,,,隆行,隆行,,けいと,60101,「宿題、忘れるなよ」,
242700 ,,,,,,,,けいと,けいと,06kei267_002.wav,けいと,60102,「うん、がんばるよ……」,
242800 ,,,,,,,,隆行,隆行,,けいと,60102,「さて、と。……それじゃあな、けいと」,
242900 ,,,,,,,,,,,けいと,60102,　俺はカバンを手に立ち上がり、けいとの頭に手を載せて数回優しく撫でる。,
243000 ,,,,,,,,けいと,けいと,06kei267_003.wav,けいと,60105,「うん……先生、またね」,
243100 ,,,,,,,,隆行,隆行,,けいと,60105,「そんな悲しい顔すんなよ。そのうち、俺の部屋へ遊びに来るか？」,
243200 ,,,,,,,,けいと,けいと,06kei267_004.wav,けいと,60116,「うんっ、行く……！」,
243300 ,,,,,,,,隆行,隆行,,けいと,60116,「頑張って成績上げないと、入れてあげないからな」,
243400 ,,,,,,,,けいと,けいと,06kei267_005.wav,けいと,60119,「くぅん……そんなのひどいよぉっ……」,
243500 ,,,,,,,,隆行,隆行,,けいと,60119,「あははっ。じゃあな、けいと」,
243600 ,,,,,,,,,,,,,　俺はけいとの頭から手を離し、ドアに向かう。,
243700 ,,,,,9000,,,,,,,,　きっと寂しそうな顔をしているけいとの顔は、つとめて見ないように部屋を出た。,
243900 ,$return,,,,,,,,,,,,,
244000 ,&06kei920de,,,5,12,,,,,,,,,
244300 ,,,,,,,,隆行,隆行,,,,「今日は、これでおしまいな」,
244400 ,,,,,,,,けいと,けいと,06kei268_001.wav,けいと,60102,「うん。ありがとう、先生」,
244500 ,,,,,,,,隆行,隆行,,けいと,60102,「よいしょっと。……さて、帰るかな」,
244600 ,,,,,,,,けいと,けいと,06kei268_002.wav,けいと,60113,「あっ……」,
244700 ,,,,,,,,,,,,,　荷物をまとめて立ち上がった俺に、けいとが名残惜しそうな眼を投げかける。,
244800 ,,,,,,,,隆行,隆行,,,,「どうした？　けいと……」,
244900 ,,,,,,,,けいと,けいと,06kei268_003.wav,けいと,60105,「先生が、うちに住んでくれたらいいのに……」,
245000 ,,,,,,,,隆行,隆行,,けいと,60105,「けいとの家に、か……？　ははっ、無茶言うなよ。お前のお父さんとお母さんにも、そんなの迷惑な話だよ」,
245100 ,,,,,,,,けいと,けいと,06kei268_004.wav,けいと,60113,「だって、そうすればボクはいつでも先生におしえてもらえるし……べんきょう以外でも、いっしょにいられるのに……」,
245200 ,,,,,,,,隆行,隆行,,けいと,60113,「けいと……」,
245300 ,,,,,,,,けいと,けいと,06kei268_005.wav,けいと,60104,「せんせい……うちには、はるかお姉ちゃんもいるよ？　ねっ、だから……」,
245400 ,,,,,,,,隆行,隆行,,けいと,60104,「あははっ……そうだな」,
245500 ,,,,,,,,けいと,けいと,06kei268_006.wav,けいと,60119,「むーっ、ボクしんけんなんだよぉ……」,
245600 ,,,,,,,,隆行,隆行,,けいと,60119,「わかったわかった。お前にそうやって思ってもらえてるってのは、俺もすごく嬉しいよ」,
245700 ,,,,,,,,,,,けいと,60119,　俺はうなだれるけいとの頭を、優しく撫でる。,
245800 ,,,,,,,,けいと,けいと,06kei268_007.wav,けいと,60115,「あ……」,
245900 ,,,,,,,,隆行,隆行,,けいと,60115,「じゃあな、けいと。また来週」,
246000 ,,,,,,,,けいと,けいと,06kei268_008.wav,けいと,60101,「うん……」,
246100 ,,,,,9000,,,,,,,,　撫でていた手でポンポン、と軽く頭を叩いてから、俺はけいとの部屋を後にした。,
246300 ,$return,,,,,,,,,,,,,
246400 ,&06kei930de,,,5,12,,,,,,,,,
246700 ,,,,,,,,隆行,隆行,,,,「本日の授業はこれにて終わり。キーンコーン……っと」,
246800 ,,,,,,,,けいと,けいと,06kei259_001.wav,けいと,60102,「くすくすっ」,
246900 ,,,,,,,,隆行,隆行,,けいと,60102,「ああ……座りっぱなしは疲れるな」,
247000 ,,,,,,,,けいと,けいと,06kei259_002.wav,けいと,60114,「今度から、立ってじゅぎょうする？」,
247100 ,,,,,,,,隆行,隆行,,けいと,60114,「ははっ、そんな訳にもいかんだろ……」,
247200 ,,,,,,,,,,,,,　俺はイスから立ち上がって身体を伸ばすがてら、視界に入った本棚の中身を目で追っていく。,
247300 ,,,,,,,,隆行,隆行,,,,「しっかし、けいと……見事にメルヒェンな品揃えだな……」,
247400 ,,,,,,,,けいと,けいと,06kei259_003.wav,けいと,60122,「なにがあるかなんて、あんまり見ないでよぉ……」,
247500 ,,,,,,,,隆行,隆行,,けいと,60122,「んっ、これは女性向けファッション雑誌？」,
247600 ,,,,,,,,けいと,けいと,06kei259_004.wav,けいと,60119,「ああっ……そ、それはお姉ちゃんの……」,
247700 ,,,,,,,,隆行,隆行,,けいと,60119,「はるかちゃんのか？」,
247800 ,,,,,,,,けいと,けいと,06kei259_005.wav,けいと,60113,「う、うん……」,
247900 ,,,,,,,,隆行,隆行,,けいと,60113,「ふぅん……ま、気にすんなよ。好きなモンは人それぞれ、堂々としてりゃいいさ」,
248000 ,,,,,,,,けいと,けいと,06kei259_006.wav,けいと,60114,「あ……うん……」,
248100 ,,,,,,,,隆行,隆行,,けいと,60114,「さて、そろそろ帰るかな。けいと、またな」,
248200 ,,,,,,,,けいと,けいと,06kei259_007.wav,けいと,60115,「うん……先生、またね……」,
248300 ,,,,,,,,,,,けいと,60115,　部屋を出る直前、振り向いてけいとに微笑みかけると……けいとも、俺を見てにっこり微笑んでいた。,
248500 ,$return,,,,,,,,,,,,,

