%line,%seq,%cheffect,%effect1,%music,%bg,%cg,%ov,%truename,%name,%voice,%st_center_name,%st_center,%text
10000 ,&07yuz000op,,,4294967295,9000,,,,,,,,
10300 ,,,,8,13,,,隆行,隆行,,,,「橘ゆずちゃんの家は、ここか……」
10400 ,,,,,,,,,,,,,　資料にあった案内に従い、俺は普通の住宅へとたどり着く。
10500 ,,,,,,,,隆行,隆行,,,,「病院とかに着いたら、どうしようかと思った……」
10700 ,,,<!se_chime_ext><wait 1500>,,,,,隆行,隆行,,,,「あ……ごめんください。家庭教師センターから派遣されて参りました、森崎です」
10800 ,,,<!se_door_home_open>,,,,,,,,,,　しばらくして、玄関のドアがゆっくりと開く。
10900 ,,,,,,,,,,,,,　応対に出てきたのは、ずいぶんと若い女性。最初、ゆずちゃんのお姉さんかと思ったこの女性は……ゆずちゃんのお母さんだった。
11200 ,,,<!ef_timepass>,,9000,,,隆行,隆行,,,,「はぁ、そうですか……」
11300 ,,,,,,,,,,,,,　お母さんから説明を受けた俺は、ゆっくり息をついた。
11400 ,,,,,,,,,,,,,　病弱と聞いていたけど、それほど致命的な症状ではないらしい。むしろ、本人が不治に近い難病だと思い込んでいる心因的なものが大きいという。
11500 ,,,,,,,,,,,,,　ただそれについて、さすがに詳しくは聞けなかった。俺は医者でも知り合いでもないし、いきなりそこまで踏み込めるはずもない……。
11600 ,,,,,,,,,,,,,　俺はゆずちゃんのお母さんに向き直ると、ゆずちゃんのいる部屋へと案内してもらった。
11800 ,,,<!se_door_room_open><!ef_move>,,14,,,,,,,,　ドアを開けると、ベッドの上で上半身を起こして本を読んでいる子がこちらを振り向く。
11900 ,,,,,,,,,,,,,　確かに小柄で色白だけど、思っていたほど弱々しい感じじゃない。
12000 ,,,,,,,,隆行,隆行,,,,「えーと、初めまして。きみがゆずちゃん……かな？」
12100 ,,,,,,,,ゆず,ゆず,07yuz269_001.wav,,,「えっ……」
12200 ,,,,,,,,隆行,隆行,,,,「俺は、家庭教師の森崎隆行っていいます。よろしくね」
12300 ,,,,,,,,ゆず,ゆず,07yuz269_002.wav,,,「よいしょっ、と……」
12400 ,,,,,,,,,,,,,　ゆずちゃんはベッドからいそいそと立ち上がり、俺の目の前までとことこと歩いてきて、ぺこりと頭を下げる。
12500 ,,,,,,,,ゆず,ゆず,07yuz269_003.wav,ゆず,70101,「先生、よろしくおねがいします」
12600 ,,,,,,,,隆行,隆行,,ゆず,70101,「あっ、うん……よろしくね」
12700 ,,,,,,,,,,,ゆず,70101,　なんだ……元気そうじゃないか。どんな子かいろいろ不安だったけど、杞憂だったみたいだな。
12800 ,,,,,,,,,,,,,　俺は自分の取り越し苦労に苦笑しながらイスへ座ると、ゆずちゃんのお母さんに『ひとりでも大丈夫です』と告げる。
12900 ,,,<!se_door_room>,,,,,,,,,,　お母さんはゆっくり深く頭を下げ、部屋を出て行った。
13000 ,,,,,,,,隆行,隆行,,,,「さて……ゆずちゃん。最初の勉強は、ゆっくり始めようか。身体がきつくなってきたら、いつでも言ってね」
13100 ,,,,,,,,ゆず,ゆず,07yuz269_004.wav,ゆず,70114,「うん……ゆず、だいじょうぶ」
13200 ,,,,,,,,隆行,隆行,,ゆず,70114,「それじゃ、これが新しいテキストね。これを、毎週少しずつ進めていくよ」
13300 ,,,,,,,,ゆず,ゆず,07yuz269_005.wav,ゆず,70102,「うん……」
13400 ,,,,,,,,,,,ゆず,70102,　俺の説明を受けるたび、ゆずちゃんは呼応してうなずいてくれる。うん、素直でやりやすそうな子だ……。
13500 ,,,,,,,,,,,ゆず,70102,　まあ、気は抜けないけど……病気だからってやたらと特別扱いせず、むしろそれを感じさせないナチュラルな雰囲気でやっていければいいな。
13600 ,,,,,,,,隆行,隆行,,ゆず,70102,「じゃ、ゆずちゃん。最初のページを開いて……」
13800 ,$return,,,,,,,,,,,,
13900 ,&07yuz010h,,<!ef_timepass>,8,14,,,,,,,,
14200 ,,,,,,,,隆行,隆行,,,,「ゆずちゃん、おめでとう。合格だよ」
14300 ,,,,,,,,ゆず,ゆず,07yuz270_001.wav,ゆず,70118,「えっ……ほんとですか？」
14400 ,,,,,,,,隆行,隆行,,ゆず,70118,「ああ。まずは最初の実力テストにクリアだね」
14500 ,,,,,,,,,,,ゆず,70118,　病弱で全然学校に通えなかったと聞いて、最初はどうなるかと思ったけど……思ったより元気だし物覚えの良い子で、家庭教師の俺としても助かったなあ。
14600 ,,,,,,,,隆行,隆行,,ゆず,70118,「ゆずちゃんは学校に行けないけどさ、ちゃんと基本は理解してるから……これから勉強すれば、もっともっと伸びていくよ。頑張ろうね」
14700 ,,,,,,,,ゆず,ゆず,07yuz270_002.wav,ゆず,70103,「うん……先生、ありがとうございます」
14800 ,,,,,,,,,,,ゆず,70103,　ゆずちゃんは明るい顔で俺に微笑んだ。その笑顔は、病気だと思えないほどに健やかなものだった。
14900 ,,,,,,,,隆行,隆行,,ゆず,70103,「そうだな……頑張ったゆずちゃんには、ご褒美をあげようか」
15000 ,,,,,,,,ゆず,ゆず,07yuz270_003.wav,ゆず,70114,「ごほうび……ですか？」
15100 ,,,,,,,,隆行,隆行,,ゆず,70114,「お母さんに聞いてみてさ、もし叶うんなら、外の世界にも触れられたらいいと思うんだよね。例えば、山に新鮮な空気を吸いに行くとか……」
15200 ,,,,,,,,,,,ゆず,70114,　しかしゆずちゃんは恥ずかしげにうつむいて、小さな声で俺に言った。
15300 ,,,,,,,,ゆず,ゆず,07yuz270_004.wav,ゆず,70113,「だったらゆず……そんなことよりも、先生にだっこしてほしいです……」
15400 ,,,,,,,,隆行,隆行,,ゆず,70113,「だっこ……？　そんなんでいいの？」
15500 ,,,,,,,,ゆず,ゆず,07yuz270_005.wav,ゆず,70102,「うん……」
15600 ,,,,,,,,,,,ゆず,70102,　だっこか……さすがにいきなり言われると、ちょっと恥ずかしいかな……。
15700 ,,,,,,,,ゆず,ゆず,07yuz270_006.wav,ゆず,70101,「えっと……こっちの、ベッドの上で……」
15800 ,,,,,,,,,,,ゆず,70101,　ゆずちゃんは立ち上がって俺のシャツの＜裾＝すそ＞をつかむと、くいくいっとシャツを引っ張ってベッドに呼ぶ。
15900 ,,,,,,,,隆行,隆行,,ゆず,70101,「うーんと……先に俺が座って、ヒザの上に乗る？」
16000 ,,,,,,,,ゆず,ゆず,07yuz270_007.wav,ゆず,70102,「……うん」
16100 ,,,,,,,,,,,ゆず,70102,　俺がそう聞くと、ゆずちゃんはコクンとうなずいた。
16200 ,,,,,,,,,,,ゆず,70102,　ゆずちゃんがものすごく恥ずかしそうにするもんだから、なんだか俺も妙に照れちゃうよ……。
16400 ,,,<!pre_ev1>,11,,6101,,隆行,隆行,,,,「えーと……こんな感じかな？」
16500 ,,,,,,6101,,ゆず,ゆず,07yuz270_008.wav,ゆず,70101,「うん……先生……」
16600 ,,,,,,6101,,,,,,,　ゆずちゃんの穏やかな体温が、触れ合った身体から伝わってくる。
16700 ,,,,,,6101,,ゆず,ゆず,07yuz270_009.wav,ゆず,70101,「ゆず、うれしいです……このごほうび……」
16800 ,,,,,,6101,,隆行,隆行,,,,「そっか……ゆずちゃんが喜んでくれたなら、ご褒美の甲斐もあるよ」
16900 ,,,,,,6101,,,,,,,　俺は上半身をひねらせて、ゆずちゃんの顔を覗き込むようにして微笑む。しかしゆずちゃんはちょっと赤くなった顔で、少し荒い息を漏らしていた。
17000 ,,,,,,6101,,ゆず,ゆず,07yuz270_010.wav,ゆず,70101,「はぁ、ふぅ……」
17100 ,,,,,,6101,,隆行,隆行,,,,「どうしたの……大丈夫！？」
17200 ,,,,,,6101,,ゆず,ゆず,07yuz270_011.wav,ゆず,70101,「うん……ちょっとドキドキして、胸が苦しくなっただけですから……」
17300 ,,,,,,6101,,隆行,隆行,,,,「ダ、ダメだよ！　すぐにお母さんか、お医者さんを呼ばないと……！」
17400 ,,,,,,6101,,,,,,,　ゆずちゃんはまた俺のシャツを引っ張って、ふるふると首を横に振った。
17500 ,,,,,,6101,,ゆず,ゆず,07yuz270_012.wav,ゆず,70101,「ううん、だいじょうぶです……先生、もっとだっこしてて……」
17600 ,,,,,,6101,,隆行,隆行,,,,「で、でもさ……ゆずちゃん！」
17700 ,,,,,,6101,,,,,,,　俺がおたおたと＜狼狽＝うろた＞えていると、ゆずちゃんは上気した顔で俺に懇願する。
17800 ,,,,,,6101,,ゆず,ゆず,07yuz270_013.wav,ゆず,70101,「先生、きゅってしてください……きゅって……」
17900 ,,,,,,6101,,隆行,隆行,,,,「きゅっ……て、こう……？」
18000 ,,,,,,6101,,,,,,,　俺はゆずちゃんの言った言葉の意味が今ひとつわからず、ひとまず腕を回してゆずちゃんを優しく抱いてみた。
18100 ,,,,,,6101,,ゆず,ゆず,07yuz270_014.wav,ゆず,70101,「うん、そうです……はうぅ……」
18200 ,,,,,,6101,,,,,,,　ゆずちゃんは落ち着いたような、嬉しいような声を上げて俺の胸に身体を預ける。
18300 ,,,,,,6101,,ゆず,ゆず,07yuz270_015.wav,ゆず,70101,「はぅ、あぅぅ……胸がドキドキする……」
18400 ,,,,,,6101,,隆行,隆行,,,,「ゆずちゃん、やっぱり医者を呼ばないと……！」
18500 ,,,,,,6101,,ゆず,ゆず,07yuz270_016.wav,ゆず,70101,「違うんです、先生とこうしているから……先生、胸をさすってください……」
18700 ,,,,,,6102,,,,,,,　ゆずちゃんはパジャマの前をはだけ、胸をあらわにした。
18800 ,,,,,,6102,,隆行,隆行,,,,「ゆ、ゆずちゃん……」
18900 ,,,,,,6102,,ゆず,ゆず,07yuz270_017.wav,ゆず,70101,「先生、さすってください……」
19000 ,,,,,,6102,,,,,,,　俺はゆずちゃんに言われるまま、おずおずとその胸に手を伸ばす。＜華奢＝きゃしゃ＞なゆずちゃんの身体は、思った通り平坦な胸をしていた。
19100 ,,,,,,6102,,,,,,,　うーん、やっぱり発育が遅れているんだろうか……全然ふくらんでないな……。
19200 ,,,,,,6102,,ゆず,ゆず,07yuz270_018.wav,ゆず,70101,「ごめんなさい先生、こんなぺったんこで……」
19300 ,,,,,,6102,,,,,,,　ゆずちゃんが俺の心の中を読んだかのように、小さな声で謝った。
19400 ,,,,,,6102,,隆行,隆行,,,,「いや、そんなことはないよ、ゆずちゃん。別に大きさとかじゃなくてさ、ほら、俺も大きいのは好きじゃないし」
19500 ,,,,,,6102,,ゆず,ゆず,07yuz270_019.wav,ゆず,70101,「ホントですか……？　よかった……」
19600 ,,,,,,6102,,,,,,,　指先が、そっとゆずちゃんの身体に触れた。その瞬間、ピクンとわずかにゆずちゃんの身体が震える。
19700 ,,,,,,6102,,ゆず,ゆず,07yuz270_020.wav,ゆず,70101,「んっ……」
19800 ,,,,,,6102,,,,,,,　俺はひとまず、胸の中央から心臓の辺りにかけて優しく撫で始める。ゆずちゃんの肌はとても滑らかで、病気の子らしい骨っぽさも全く感じられなかった。
19900 ,,,,,,6102,,ゆず,ゆず,07yuz270_021.wav,ゆず,70101,「はぁんっ、んんっ……」
20000 ,,,,,,6102,,隆行,隆行,,,,「ゆずちゃん……？」
20100 ,,,,,,6102,,ゆず,ゆず,07yuz270_022.wav,ゆず,70101,「いいんです……先生がなでてくれるだけで、落ち着きますから……」
20200 ,,,,,,6102,,,,,,,　呼吸が落ち着いてきたゆずちゃんは、俺に穏やかな顔で微笑んだ。
20300 ,,,,,,6102,,ゆず,ゆず,07yuz270_023.wav,ゆず,70101,「もっと……もっと、こっちの方を……」
20400 ,,,,,,6102,,,,,,,　ゆずちゃんは俺の手をつかみ、もっと端の方へ……乳首の辺りまで持ってくる。
20500 ,,,,,,6102,,ゆず,ゆず,07yuz270_024.wav,ゆず,70101,「ゆず、ここがいちばんドキドキしてるんです……ああんっ！」
20600 ,,,,,,6102,,隆行,隆行,,,,「ゆ、ゆずちゃん……っ！」
20700 ,,,,,,6102,,,,,,,　俺ももう、さすがに我慢の限界だった。こんな可愛い子が胸をはだけて、あえぎ声を上げているなんて……男として、とても耐えられるものじゃない。
20800 ,,,,,,6102,,,,,,,　俺は理性だの何だのを吹っ切ると、ゆずちゃんの両方の乳首に手を置いて優しく愛撫する。
20900 ,,,,,,6102,,ゆず,ゆず,07yuz270_025.wav,ゆず,70101,「そこっ、そこですっ……ああんっ、はうんっ」
21000 ,,,,,,6102,,,,,,,　ゆずちゃんの声が、とても艶っぽいものになる。俺もゆずちゃんのなだらかな胸を手のひらでこねくり回したり、指先で乳首をつまんだりした。
21100 ,,,,,,6102,,ゆず,ゆず,07yuz270_026.wav,ゆず,70101,「あっ、あっ、あっあっあっあっあっ、くぅん……」
21200 ,,,,,,6102,,,,,,,　ゆずちゃんは声とシンクロするように身体を小刻みに揺らしながら、快感に打ち震えている。
21300 ,,,,,,6102,,,,,,,　すごいな……胸はぺったんこだけど、乳首の感度は抜群だ。これだけ敏感だと、先っぽをちょっとコリコリってするだけで……。
21400 ,,,,,,6102,,ゆず,ゆず,07yuz270_027.wav,ゆず,70101,「ああっ、あああんっ！　あふ、あふぅ……」
21500 ,,,,,,6102,,隆行,隆行,,,,「ゆずちゃん、どんな気分？」
21600 ,,,,,,6102,,ゆず,ゆず,07yuz270_028.wav,ゆず,70101,「はぅぅ……頭とからだが、ぽーってなって……」
21700 ,,,,,,6102,,,,,,,　ゆずちゃんは肩で大きく息をしながら、ちょっと舌足らずな声を漏らした。
21800 ,,,,,,6102,,隆行,隆行,,,,「あっ、ごめん……あんまり無理しちゃダメだったね」
21900 ,,,,,,6102,,ゆず,ゆず,07yuz270_029.wav,ゆず,70101,「だいじょうぶです……ゆず、すっごくきもちいいです……もっとしてください、先生……」
22000 ,,,,,,6102,,,,,,,　ゆずちゃんの言葉に応えて、俺は親指と人差し指でちっちゃな乳首をキュッとつまむ。
22100 ,,,,,,6102,,ゆず,ゆず,07yuz270_030.wav,ゆず,70101,「はうんっ！　あう……あっ、あっ」
22200 ,,,,,,6102,,,,,,,　キュッキュッと指先に力を込めるたび、ゆずちゃんはピクピクと跳ねながら可愛い声を上げた。
22300 ,,,,,,6102,,ゆず,ゆず,07yuz270_031.wav,ゆず,70101,「はぅ、あぅぅ……先生、ゆずはもう……心だけどっか行っちゃいそうです……」
22400 ,,,,,,6102,,隆行,隆行,,,,「ゆずちゃん、乳首だけでイッちゃうのかな……？」
22500 ,,,,,,6102,,ゆず,ゆず,07yuz270_032.wav,ゆず,70101,「イッちゃう……？　うん、きもちよすぎてどっかイッちゃいそう……」
22600 ,,,,,,6102,,隆行,隆行,,,,「じゃあイッちゃおうか、ゆずちゃん。大丈夫、俺がしっかり抱いててあげるから」
22700 ,,,,,,6102,,ゆず,ゆず,07yuz270_033.wav,ゆず,70101,「うん、先生……あうっ！　あっ、あっ、あああんっ……！」
22800 ,,,,,,6102,,,,,,,　俺はまたゆずちゃんの胸に手を置くと、乳首を指の間に挟んだりしながら強くゆずちゃんのおっぱいを揉んだ。
22900 ,,,,,,6102,,ゆず,ゆず,07yuz270_034.wav,ゆず,70101,「んんんっ、あうんっ……はあっ、はぁっ……」
23000 ,,,,,,6102,,ゆず,ゆず,07yuz270_035.wav,ゆず,70101,「ゆず、どっかイッちゃう……連れてかれちゃう……！」
23100 ,,,,,,6102,,隆行,隆行,,,,「イッていいよ、ゆずちゃん。俺が抱きとめてあげる」
23200 ,,,,,,6103,,ゆず,ゆず,07yuz270_036.wav,ゆず,70101,「あっ、あっ、あうんっ、ああああああああっ……！」
23300 ,,,,,,6103,,,,,,,　ゆずちゃんの身体が数回跳ねると、俺の胸の中でぐったりとして動かなくなった。
23400 ,,,,,,6103,,ゆず,ゆず,07yuz270_037.wav,ゆず,70101,「はーっ、はーっ……先生、ゆずのからだ……ぼーっとして、もうわかんない……」
23500 ,,,,,,6103,,隆行,隆行,,,,「身体はちゃんとここにあるだろ、ゆずちゃん」
23600 ,,,,,,6103,,,,,,,　俺はイッたばかりで荒い息をするゆずちゃんを、きゅっと優しく抱きしめる。
23700 ,,,,,,6103,,,,,,,　パジャマの中から熱くなったゆずちゃんの身体の香りがたちのぼって、俺はくらくらするほどに興奮する。
23800 ,,,,,,6103,,ゆず,ゆず,07yuz270_038.wav,ゆず,70101,「うん……ゆず、先生の中にある……はぅぅ……」
23900 ,,,,,,6103,,,,,,,　ああ……その声も可愛すぎるよ、ゆずちゃん……。
24000 ,,,,,,6103,,,,,,,　理性が完全に吹き飛んだ俺は、ゆずちゃんの股間にそっと手を伸ばした。
24100 ,,,,,,6103,,,,,,,　これだけ激しくイッたんなら、あそこはきっとトロトロに……。
24200 ,,,,,,6103,,ゆず,ゆず,07yuz270_039.wav,ゆず,70101,「えっ、先生……？　きゃっ！！」
24300 ,,,,,,6103,,隆行,隆行,,,,「わっ……ゆずちゃん！？」
24600 ,,,,4294967295,,,,,,,,,　ゆずちゃんは突然、俺を突き飛ばすようにしてベッドから立ち上がる。そして、はだけた胸もすぐさま閉じてしまった。
24700 ,,,,,,,,ゆず,ゆず,07yuz270_040.wav,ゆず,70129,「……っ！？」
24800 ,,,,,,,,,,,ゆず,70129,　しまった、あそこに手を出すのはいきなりすぎたか……？
24900 ,,,,,,,,隆行,隆行,,ゆず,70129,「あっ、いや……ごめん、ゆずちゃん！」
25000 ,,,,,,,,ゆず,ゆず,07yuz270_041.wav,ゆず,70119,「ご、ごめんなさい先生……いきなりだったから、つい……」
25100 ,,,,,,,,隆行,隆行,,ゆず,70119,「いや……俺もね、ちょっと調子に乗りすぎちゃった」
25200 ,,,,,,,,ゆず,ゆず,07yuz270_042.wav,ゆず,70115,「ううん。嬉しかったです、先生のごほうび……。また成績が上がったら、してほしいです」
25300 ,,,,,,,,隆行,隆行,,ゆず,70115,「う、うん。こんなことでいいんなら……」
25400 ,,,,,,,,,,,ゆず,70115,　ゆずちゃんは顔を赤くしたまま勉強机に座り、ノートを広げだす。俺も何事もなかったかのように、テキストを手に取った。
25500 ,,,,,,,,,,,ゆず,70115,　いや、いきなりやりすぎたかも知れないな……。ちょっと自重しなきゃなんないかも……。
25700 ,$return,,,,,,,,,,,,
25800 ,&07yuz010ha,,,4294967295,9000,,,,,,,,
26190 ,,,<!se_chime_ext><wait 700>,,,,,,,,,,
26200 ,,,,8,13,,,,,,,,　俺はいつも通り、インターホン越しに話しかける。
26300 ,,,,,,,,隆行,隆行,,,,「あっ、こんにちは……家庭教師の森崎です」
26400 ,,,,,9000,,,,,,,,　ゆずちゃんのお母さんが出てきて、すぐに応対してくれた。
26600 ,,,<!ef_move>,,14,,,隆行,隆行,,,,「やあ、ゆずちゃん。元気にしてたかい？」
26700 ,,,,,,,,ゆず,ゆず,07yuz271_001.wav,ゆず,70102,「うん、してました」
26800 ,,,,,,,,隆行,隆行,,ゆず,70102,「そっか、それは良かった」
26900 ,,,,,,,,,,,ゆず,70102,　うーん、あんなコトをしちゃった後だけに、ちょっと警戒されてるかなとも思ったけど……全然そんな様子もないな。
27000 ,,,,,,,,ゆず,ゆず,07yuz271_002.wav,ゆず,70101,「ゆず、先生が来るの楽しみだったです」
27100 ,,,,,,,,隆行,隆行,,ゆず,70101,「えっ……」
27200 ,,,,,,,,ゆず,ゆず,07yuz271_003.wav,ゆず,70116,「＜３日＝さんにち＞ぐらい前から、ずっと楽しみにしてました」
27300 ,,,,,,,,隆行,隆行,,ゆず,70116,「そうか……光栄だな」
27400 ,,,,,,,,ゆず,ゆず,07yuz271_004.wav,ゆず,70116,「先生、はやくべんきょうおしえて……？」
27500 ,,,,,,,,隆行,隆行,,ゆず,70116,「ああ、それじゃすぐに始めようか」
27600 ,,,,,,,,ゆず,ゆず,07yuz271_005.wav,ゆず,70102,「はいっ」
27800 ,$return,,,,,,,,,,,,
27900 ,&07yuz020h,,<!ef_timepass>,8,14,,,,,,,,
28200 ,,,,,,,,隆行,隆行,,,,「こんなこと聞いてもいいのか、わからないんだけど……」
28300 ,,,,,,,,ゆず,ゆず,07yuz272_001.wav,ゆず,70114,「なんですか？」
28400 ,,,,,,,,隆行,隆行,,ゆず,70114,「あのさ……ゆずちゃんの、病気のことなんだ」
28500 ,,,,,,,,,,,ゆず,70114,　前からずっと、疑問に思っていたことを……俺は思い切って尋ねてみることにした。
28600 ,,,,,,,,ゆず,ゆず,07yuz272_002.wav,ゆず,70114,「病気……？」
28700 ,,,,,,,,隆行,隆行,,ゆず,70114,「あ、うん、その、好奇心とかじゃなくってさ……勉強に影響が出たりしたら、困るし……」
28800 ,,,,,,,,,,,ゆず,70114,　ちょっと眉根を寄せたゆずちゃんに、慌てて言い訳をする。
28900 ,,,,,,,,ゆず,ゆず,07yuz272_003.wav,ゆず,70101,「ううん、いいですよ」
29000 ,,,,,,,,ゆず,ゆず,07yuz272_004.wav,ゆず,70105,「ゆずの病気……たぶん、もうなおらないんです」
29100 ,,,,,,,,隆行,隆行,,ゆず,70105,「……えっ？」
29200 ,,,,,,,,ゆず,ゆず,07yuz272_005.wav,ゆず,70113,「びょういんに行ってもなおらないんです。だから、ゆずはずうっと……おうちにいるんです」
29300 ,,,,,,,,,,,ゆず,70113,　そう言って、哀しそうに微笑みながら下を向いてしまうゆずちゃんを見ると……俺は申し訳ない気持ちでいっぱいになる。
29400 ,,,,,,,,隆行,隆行,,ゆず,70113,「ご、ごめんね、変なことを聞いちゃって……。ゆずちゃんを悲しませるつもりはなかったんだけど」
29500 ,,,,,,,,ゆず,ゆず,07yuz272_006.wav,ゆず,70106,「でも、先生……ゆずが病気だから、かていきょうしをやめちゃうなんていいませんか？」
29600 ,,,,,,,,,,,ゆず,70106,　上目遣いに、恐る恐る、ゆずちゃんが尋ねる。
29700 ,,,,,,,,隆行,隆行,,ゆず,70106,「そんな……辞めるなんて、言わないよ」
29800 ,,,,,,,,ゆず,ゆず,07yuz272_007.wav,ゆず,70118,「ほんとに？」
29900 ,,,,,,,,隆行,隆行,,ゆず,70118,「本当だって」
30000 ,,,,,,,,ゆず,ゆず,07yuz272_008.wav,ゆず,70118,「ほんとうの、ほんとうに？」
30100 ,,,,,,,,隆行,隆行,,ゆず,70118,「本当の、本当だよ。これからも、一緒に勉強を頑張っていこうね」
30200 ,,,,,,,,ゆず,ゆず,07yuz272_009.wav,ゆず,70102,「うれしい……先生っ」
30300 ,,,<!se_fall>,,,,,,,,,,　がたんっ。
30400 ,,,,,,,,,,,,,　ゆずちゃんがイスを蹴って立ち上がり、俺に抱きついてきた。
30500 ,,,,,,,,隆行,隆行,,,,「う……うわっ！？　危ないよ、ゆずちゃん……」
30600 ,,,,,,,,ゆず,ゆず,07yuz272_010.wav,ゆず,70103,「ごめんなさい……でも、うれしくて……」
30700 ,,,,,,,,,,,ゆず,70103,　ぎゅーっ。
30800 ,,,,,,,,,,,ゆず,70103,　ゆずちゃんが、その小さな体をいっぱいに使って、俺のことを抱きしめてくる。
30900 ,,,,,,,,隆行,隆行,,ゆず,70103,「わわっ、あっ、ちょっと……」
31000 ,,,,,,,,,,,ゆず,70103,　……ヤバい。
31100 ,,,,,,,,,,,ゆず,70103,　ゆずちゃんの細くて小さくて、だけど柔らかい身体。
31200 ,,,,,,,,,,,ゆず,70103,　全然無いように見えるけど、それでもふっくらと押しつけられた胸。
31300 ,,,,,,,,,,,ゆず,70103,　その感触に……俺はなんだか、興奮してきてしまったのだった。
31400 ,,,,,,,,ゆず,ゆず,07yuz272_011.wav,ゆず,70114,「……あれ？」
31500 ,,,,,,,,隆行,隆行,,ゆず,70114,「な、なにかな、ゆずちゃん？」
31600 ,,,,,,,,ゆず,ゆず,07yuz272_012.wav,ゆず,70114,「なにか……おなかに、当たります……」
31700 ,,,,,,,,隆行,隆行,,ゆず,70114,「あっ、それは……その……」
31800 ,,,,,,,,,,,ゆず,70114,　首をかしげて、上目遣いに俺のことを見るゆずちゃん。
31900 ,,,,,,,,,,,ゆず,70114,　しどろもどろになっている俺の様子に、ようやくそれがなんなのか、気づいたようだった。
32000 ,,,,,,,,ゆず,ゆず,07yuz272_013.wav,ゆず,70118,「あっ、これって……！」
32100 ,,,,,,,,,,,ゆず,70118,　両手で口元を押さえ、目を丸くする。
32200 ,,,,,,,,隆行,隆行,,ゆず,70118,「あっ、いや、えっと……違うんだ。何が違うのかわかんないけど、その、とにかく違うんだよ、ゆずちゃん！」
32300 ,,,,,,,,ゆず,ゆず,07yuz272_014.wav,ゆず,70118,「これって、先生の……おち○……ちん……？」
32400 ,,,,,,,,,,,ゆず,70118,　かーっと、ゆずちゃんのほっぺたが赤く染まってゆく。
32500 ,,,,,,,,隆行,隆行,,ゆず,70118,「ご、ごめんね、ゆずちゃん……その、男の生理現象って言うか……」
32600 ,,,,,,,,ゆず,ゆず,07yuz272_015.wav,ゆず,70113,「ううん、知ってます……男の人って、女の子のからだにさわって、きもちよくなったりこうふんしたりしたら……こうなっちゃうんですよね？」
32700 ,,,,,,,,隆行,隆行,,ゆず,70113,「う、うん……」
32800 ,,,,,,,,ゆず,ゆず,07yuz272_016.wav,ゆず,70115,「ゆずの……ゆずのちっちゃなおっぱいで、先生がこうふんしてるって……ちょっと、うれしいです……」
32900 ,,,,,,,,,,,ゆず,70115,　そう呟いてから、ゆずちゃんが上目遣いに、恐る恐るおねだりをしてきた。
33000 ,,,,,,,,ゆず,ゆず,07yuz272_017.wav,ゆず,70106,「先生の……見てみたいです……ダメですか？」
33100 ,,,,,,,,隆行,隆行,,ゆず,70106,「ええっ……！？」
33200 ,,,,,,,,ゆず,ゆず,07yuz272_018.wav,ゆず,70106,「先生……ゆずがせいせき良くなったら、ごほうびくれるってやくそくしたもん。だから、それが……ごほうび」
33300 ,,,,,,,,,,,ゆず,70106,　いきなりそんなことを言われて、俺は絶句してしまう。そんな俺の顔色を見て、ゆずちゃんは哀しそうな顔になった。
33400 ,,,,,,,,ゆず,ゆず,07yuz272_019.wav,ゆず,70105,「先生が、ゆずとやくそくしてくれたから……だから……おねがいしたんだけど……ダメ、ですか？」
33500 ,,,,,,,,,,,ゆず,70105,　今にも涙をこぼしそうな、その大きな瞳。
33600 ,,,,,,,,隆行,隆行,,ゆず,70105,「わ、わかったよ……ゆずちゃんが、そんなに言うんなら……」
33700 ,,,,,,,,,,,ゆず,70105,　俺は意を決してズボンに手をかけると、ゆっくりとジッパーを降ろしていった。
33800 ,,,,,,,,ゆず,ゆず,07yuz272_020.wav,ゆず,70118,「わ……」
33900 ,,,,,,,,,,,ゆず,70118,　自分でおねだりしておいて、ゆずちゃんは両手で口を押さえ、目を丸くしている。
34000 ,,,,,,,,隆行,隆行,,ゆず,70118,「なんか……じっと見られると、やっぱり恥ずかしいな……」
34100 ,,,,,,,,,,,ゆず,70118,　ぴょん、という感じでトランクスの合わせ目を割り、怒張したペニスがゆずちゃんの目の前に飛び出した。
34200 ,,,,,,,,ゆず,ゆず,07yuz272_021.wav,ゆず,70118,「うわぁ……やっぱり、ちがいます……」
34300 ,,,,,,,,,,,ゆず,70118,　ため息をついて、ゆずちゃんはそう呟くと、おずおずと俺の顔を見上げて尋ねた。
34400 ,,,,,,,,ゆず,ゆず,07yuz272_022.wav,ゆず,70106,「さわっても……いいですか？」
34500 ,,,,,,,,隆行,隆行,,ゆず,70106,「う、うん……」
34600 ,,,,,,,,,,,ゆず,70106,　そっと、ゆずちゃんの指先が俺に触れる。
34700 ,,,,,,,,ゆず,ゆず,07yuz272_023.wav,ゆず,70115,「とっても、あつい……それに、どきんどきんって言ってます……」
34800 ,,,,,,,,,,,ゆず,70115,　指先だけでそっと触れていたゆずちゃんが、意を決したように手を伸ばし、指で覆うようにして俺のモノをつかんだ。
34900 ,,,,,,,,隆行,隆行,,ゆず,70115,「んっ……」
35000 ,,,,,,,,ゆず,ゆず,07yuz272_024.wav,ゆず,70115,「先生が、ゆずのおっぱいでえっちな気分になって、おち○ちんおっきくしてる……すっごく、ドキドキします……けど、うれしい……」
35100 ,,,,,,,,,,,ゆず,70115,　目を細め、ゆずちゃんがそうささやいた。顔が近いため、吐息が亀頭の先端をくすぐり、それがまた心地よい。
35200 ,,,,,,,,ゆず,ゆず,07yuz272_025.wav,ゆず,70128,「でも……先生、ホントはゆずみたいなのじゃなくって、もっと……おっきなおっぱいの方が好きですよね？」
35300 ,,,,,,,,隆行,隆行,,ゆず,70128,「え……？」
35400 ,,,,,,,,ゆず,ゆず,07yuz272_026.wav,ゆず,70105,「ゆず、病気のせいでからだがちっちゃくて……だから、おっぱいもちっちゃくて……くすん」
35500 ,,,,,,,,,,,ゆず,70105,　哀しそうにそう言って、ゆずちゃんが自分の胸に手を当てる。
35600 ,,,,,,,,隆行,隆行,,ゆず,70105,「そ、そんなことないよ。だから、ほら……俺のだって、その……こんなになってるわけだし」
35700 ,,,,,,,,ゆず,ゆず,07yuz272_027.wav,ゆず,70106,「だけど、おっぱいがおっきかったら……おっぱいで、おち○ちんをきもちよくしてあげられるって……」
35800 ,,,,,,,,隆行,隆行,,ゆず,70106,「そんなの……関係ないと思う」
35900 ,,,,,,,,,,,ゆず,70106,　ゆずちゃんはそんなこと考えなくてもいいのに、という意味だった。
36000 ,,,,,,,,,,,ゆず,70106,　しかし……ゆずちゃんには違う意味で聞こえたらしい。
36100 ,,,,,,,,ゆず,ゆず,07yuz272_028.wav,ゆず,70118,「えっ……ゆずのおっぱいでも、先生のこと……きもちよくしてあげられる……かな？」
36200 ,,,,,,,,,,,ゆず,70118,　ぱあっと顔を明るくするゆずちゃん。
36300 ,,,,,,,,ゆず,ゆず,07yuz272_029.wav,ゆず,70106,「ねえ、先生……ゆず、やってみたい」
36400 ,,,,,,,,隆行,隆行,,ゆず,70106,「えっ」
36500 ,,,,,,,,ゆず,ゆず,07yuz272_030.wav,ゆず,70115,「せんせいのこと、きもちよくしてあげたいの……おっぱいで……」
36600 ,,,,,,,,隆行,隆行,,ゆず,70115,「そ、それは……」
36700 ,,,,,,,,,,,ゆず,70115,　なんだか、断りづらい空気になってきた気がする。
36800 ,,,,,,,,隆行,隆行,,ゆず,70115,「はあ……わかったよ。じゃあ、試しに、ちょっとだけ……な」
36900 ,,,,,,,,,,,ゆず,70115,　俺はそう言って、ゆずちゃんにベッドを指し示した。
37000 ,,,,,,,,隆行,隆行,,ゆず,70115,「えっと……じゃあ、まずはそこに横になって……パジャマの前を、開けて」
37100 ,,,,,,,,ゆず,ゆず,07yuz272_031.wav,ゆず,70115,「はい……こうですか？」
37200 ,,,,,,,,,,,ゆず,70115,　素直にゆずちゃんは俺の言うことを聞いて、ベッドに横たわると、ぷちぷちとパジャマのボタンを外していった。
37400 ,,,<!pre_ev1>,11,,6201,,,,,,,　あらためてその裸体を見ると、ゆずちゃんの胸はやっぱりほとんど膨らんでいないことがわかる。
37500 ,,,,,,6201,,ゆず,ゆず,07yuz272_032.wav,ゆず,70101,「ちいさいから……やっぱり、ちょっとはずかしいです……」
37600 ,,,,,,6201,,,,,,,　頬を桜色に染めたゆずちゃんが、そう呟いた。
37700 ,,,,,,6201,,隆行,隆行,,,,「おっぱいが大きい人だったら、はさんだりするんだけど……ゆずちゃんは、こういう風に……」
37800 ,,,,,,6201,,,,,,,　そう言いながら、俺はチ○チンに手を添えて角度を変え、亀頭の先端でゆずちゃんの乳首に触れる。
37900 ,,,,,,6201,,ゆず,ゆず,07yuz272_033.wav,ゆず,70101,「んっ……ふぁ……」
38000 ,,,,,,6201,,,,,,,　小さな乳首に軽く触れると、ゆずちゃんが吐息を漏らす。
38100 ,,,,,,6201,,,,,,,　肌寒いからだろうか、それとも、感じているからだろうか、ゆずちゃんの乳首は硬く、俺のモノに押されて抵抗を返してきた。
38200 ,,,,,,6201,,ゆず,ゆず,07yuz272_034.wav,ゆず,70101,「ふやぁ……ちくび、かんじちゃうぅ……」
38300 ,,,,,,6201,,,,,,,　身体を小さくよじって、ゆずちゃんが悶える。
38400 ,,,,,,6201,,ゆず,ゆず,07yuz272_035.wav,ゆず,70101,「先生……せんせいのおち○ちんも、きもちいいですか？」
38500 ,,,,,,6201,,隆行,隆行,,,,「ああ……ゆずちゃんの乳首が、つんつんって突っついてくるよ」
38600 ,,,,,,6201,,ゆず,ゆず,07yuz272_036.wav,ゆず,70101,「んんっ、はあ……ゆずだけ、きもちよくなってるみたいで……ひあうっ……はずかしいの……」
38700 ,,,,,,6201,,隆行,隆行,,,,「安心して。そんなことないから」
38800 ,,,,,,6201,,ゆず,ゆず,07yuz272_037.wav,ゆず,70101,「はい……うれしい……ひあ、あ、んくぅ……っ」
38900 ,,,,,,6201,,,,,,,　ゆずちゃんの乳首の先っぽはとても敏感で、俺の亀頭が触れるたびにゆずちゃんは切なげなため息を漏らす。
39100 ,,,,,,6202,,ゆず,ゆず,07yuz272_038.wav,ゆず,70101,「あんっ……あっ……ひうっ……」
39200 ,,,,,,6202,,ゆず,ゆず,07yuz272_039.wav,ゆず,70101,「せ、先生っ……ゆずのおっぱい……きもちいい？」
39300 ,,,,,,6202,,隆行,隆行,,,,「ああ……乳首がこりこりして、気持ちいいよ」
39400 ,,,,,,6202,,ゆず,ゆず,07yuz272_040.wav,ゆず,70101,「あはっ……うれしいです……」
39500 ,,,,,,6202,,,,,,,　幸せそうに、ゆずちゃんが微笑んだ。それを見て、俺も切ない気持ちが胸に満ちる。
39600 ,,,,,,6202,,ゆず,ゆず,07yuz272_041.wav,ゆず,70101,「先生のおち○ちん……かたくて……先っぽからぬるぬるしたのが出てます……ぬれちゃってます……」
39700 ,,,,,,6202,,ゆず,ゆず,07yuz272_042.wav,ゆず,70101,「ゆずのおっぱいを……ぬるぬるにしちゃってるぅ……ひゃうっ……」
39800 ,,,,,,6202,,,,,,,　ゆずちゃんが言うとおり、俺の先端からは先走りの汁があふれ、彼女の乳首をぬめぬめと汚していた。
39900 ,,,,,,6202,,ゆず,ゆず,07yuz272_043.wav,ゆず,70101,「ぬるぬる……きもちいい……ひああ、あんっ……」
40000 ,,,,,,6202,,,,,,,　ゆずちゃんがそうであるように、俺自身も快感を夢中でむさぼっていた。
40100 ,,,,,,6202,,,,,,,　亀頭に与えられる快感はもちろん、こんなに可愛い女の子にペニスを押しつけているという罪悪感や、それによって彼女自身も感じているという事実が……俺をものすごく興奮させていたのだった。
40200 ,,,,,,6202,,隆行,隆行,,,,「ゆずちゃん……ゆずちゃんの乳首、硬くなって……俺のおち○ちんをくすぐってるよ……俺、すごく気持ちよくなってるよ……」
40300 ,,,,,,6202,,ゆず,ゆず,07yuz272_044.wav,ゆず,70101,「ゆずも、かんじちゃう……ちくびにおち○ちん押しつけられて……ふあっ、くすぐったいみたいな……んっ、むずむずするみたいな……ふああ……変な、かんじです……」
40400 ,,,,,,6202,,,,,,,　気がつくと、俺は腰を激しく振り、ゆずちゃんの胸に自分のモノをこすりつけていた。
40500 ,,,,,,6202,,ゆず,ゆず,07yuz272_045.wav,ゆず,70101,「せんせえのっ、おち○ちん……こんな、めのまえ……ひゃあっ……おっきい……おち○ちんおっきい……」
40600 ,,,,,,6202,,ゆず,ゆず,07yuz272_046.wav,ゆず,70101,「どきどきしちゃう……すっごく、どきどきしちゃうぅ……」
40700 ,,,,,,6202,,隆行,隆行,,,,「俺も……どきどきするよ。ゆずちゃんのおっぱいが俺のおち○ちんに当たって……気持ちいいよ」
40800 ,,,,,,6202,,ゆず,ゆず,07yuz272_047.wav,ゆず,70101,「ふわあっ、せんせえっ……おち○ちん……ゆずの、おっぱいに……たくさん、こすりつけて……ひあ……ひゃうんっ！」
40900 ,,,,,,6202,,ゆず,ゆず,07yuz272_048.wav,ゆず,70101,「せんせえっ……ゆず、もうだめです……せんせいのおち○ちん、あつすぎて……ゆず、どっかイッちゃいます……」
41000 ,,,,,,6202,,隆行,隆行,,,,「お、俺も……イッちゃうよ、ゆずちゃんと一緒に……」
41100 ,,,,,,6202,,ゆず,ゆず,07yuz272_049.wav,ゆず,70101,「せっ、せんせえっ……どうなるんですか？　どうなっちゃうですか……？」
41200 ,,,,,,6202,,,,,,,　不安そうな顔を俺に向けるゆずちゃん。
41300 ,,,,,,6202,,ゆず,ゆず,07yuz272_050.wav,ゆず,70101,「一緒にいっちゃったら、どうなっちゃうですか……？」
41400 ,,,,,,6202,,隆行,隆行,,,,「大丈夫だよ……怖くなんかないからね……」
41500 ,,,,,,6202,,,,,,,　俺は優しく微笑んで、ゆずちゃんのほっぺたを撫でた。目を細め、彼女は俺の手のひらを受け止める。
41600 ,,,,,,6202,,ゆず,ゆず,07yuz272_051.wav,ゆず,70101,「うん。先生……きもちよくして……ゆずのおっぱい、たくさんきもちよくしてえ……」
41700 ,,,,,,6202,,隆行,隆行,,,,「ああ……じゃあ、イくよ……ゆずちゃん……！」
41800 ,,,,,,6202,,ゆず,ゆず,07yuz272_052.wav,ゆず,70101,「ふあっ……せんせい……ゆずも、ゆずもなの。ゆずもイッちゃうの……！」
41900 ,,,,,,6202,,ゆず,ゆず,07yuz272_053.wav,ゆず,70101,「あっ……！　あっ、あっ、ああん、んん、ひぅああああぁぁぁん……っ！！」
42000 ,,,,,,6202,,,,,,,　びくんっ、とゆずちゃんがベッドの上で身体を激しく跳ねさせた。
42100 ,,,,,,6202,,,,,,,　同時に、俺のペニスにも激しい快感がこみ上げる。
42400 ,,,<!ef_shasei>,,,6203,,隆行,隆行,,,,「で……出るぅっ！」
42500 ,,,,,,6203,,,,,,,　びゅく、びゅくんっ、どぷうっ！！
42600 ,,,,,,6203,,ゆず,ゆず,07yuz272_054.wav,ゆず,70101,「ひあ……あっ……！」
42700 ,,,,,,6203,,,,,,,　ペニスがしゃくり上げ、ゆずちゃんの胸に精液を飛び散らせる。
42800 ,,,,,,6203,,ゆず,ゆず,07yuz272_055.wav,ゆず,70101,「やあ……んっ……！」
42900 ,,,,,,6203,,隆行,隆行,,,,「あっ……ご、ごめん……」
43000 ,,,,,,6203,,,,,,,　勢いが良すぎて、俺の射精は胸だけではなく、ゆずちゃんの顔にまで飛んでしまった。
43100 ,,,,,,6203,,ゆず,ゆず,07yuz272_056.wav,ゆず,70101,「すごい……せんせいの、ここまで飛んだんだ……ゆずのおっぱいだけじゃなくって……顔まで……」
43200 ,,,,,,6203,,,,,,,　驚いたようにそう言って、ゆずちゃんはそれでも嬉しそうに微笑んだ。
43300 ,,,,,,6203,,ゆず,ゆず,07yuz272_057.wav,ゆず,70101,「うれしいです……先生が、ゆずのおっぱいでかんじてくれた……」
43400 ,,,,,,6203,,,,,,,　そうして、顔に飛んだ精液をゆずちゃんは細い指ですくうと……ぺろりっ、と口の中に持って行ってしまった。
43500 ,,,,,,6203,,隆行,隆行,,,,「あっ」
43600 ,,,,,,6203,,,,,,,　慌てる俺。
43700 ,,,,,,6203,,隆行,隆行,,,,「ゆ、ゆずちゃん？」
43800 ,,,,,,6203,,ゆず,ゆず,07yuz272_058.wav,ゆず,70101,「あ……なんだか、変なあじ……」
43900 ,,,,,,6203,,隆行,隆行,,,,「だ、出してもいいんだよ」
44000 ,,,,,,6203,,ゆず,ゆず,07yuz272_059.wav,ゆず,70101,「ううん、だいじょうぶです。なんだか……おくすりみたいな味がします……」
44100 ,,,,,,6203,,隆行,隆行,,,,「そ……そうなんだ」
44200 ,,,,,,6203,,,,,,,　俺がうろたえた様子がおかしかったのか、くすくすと笑いながらゆずちゃんは指についた精液を丹念に舐めた。
44300 ,,,,,,6203,,ゆず,ゆず,07yuz272_060.wav,ゆず,70101,「先生、このおくすりたくさん飲んだら……ゆずの病気、なおりますか？」
44400 ,,,,,,6203,,隆行,隆行,,,,「ど、どうかな」
44500 ,,,,,,6203,,ゆず,ゆず,07yuz272_061.wav,ゆず,70101,「またせいせきが上がったら……飲ませてください」
44600 ,,,,,,6203,,隆行,隆行,,,,「う、うん。成績が上がったら、ね……」
44700 ,,,,,,6203,,,,,,,　顔を真っ赤にして、それでも嬉しそうに微笑んで、ゆずちゃんは言った。
44800 ,,,,,,6203,,ゆず,ゆず,07yuz272_062.wav,ゆず,70101,「じゃあ、たくさん……いっしょうけんめい、おべんきょうしますっ」
44900 ,,,,,9000,6203,,,,,,,　うーむ、おかしな約束をしてしまったような……けど、マジメに勉強してくれるんなら……いいのかな？
45100 ,$return,,,,,,,,,,,,
45200 ,&07yuz020ha,,,4294967295,9000,,,,,,,,
45590 ,,,<!se_chime_ext><wait 700>,,,,,,,,,,
45600 ,,,,8,13,,,隆行,隆行,,,,「どうもこんにちは、家庭教師の森崎です……」
45700 ,,,,,9000,,,,,,,,　いつもどおりお母さんに案内され、俺はゆずちゃんの部屋へと通された。
45890 ,,,<!ef_move>,,14,,,,,,,,
45900 ,,,,,,,,ゆず,ゆず,07yuz273_001.wav,ゆず,70103,「あっ、先生……」
46000 ,,,,,,,,隆行,隆行,,ゆず,70103,「やあ、一週間ぶり」
46100 ,,,,,,,,ゆず,ゆず,07yuz273_002.wav,ゆず,70105,「ゆず、いっしゅうかんが長いです……」
46200 ,,,,,,,,隆行,隆行,,ゆず,70105,「そう……？」
46300 ,,,,,,,,ゆず,ゆず,07yuz273_003.wav,ゆず,70106,「だって、先生は健康ですけど……ゆずは、病気だから……」
46400 ,,,,,,,,隆行,隆行,,ゆず,70106,「それも気の持ちようだよ、ゆずちゃん」
46500 ,,,,,,,,ゆず,ゆず,07yuz273_004.wav,ゆず,70106,「あの……ゆずがホントにへんなびょうきでも、先生はゆずをきらいになったりしないですか……？」
46600 ,,,,,,,,隆行,隆行,,ゆず,70106,「この前も言ったじゃないか。俺は、ゆずちゃんを嫌いになったりなんかしないよ」
46700 ,,,,,,,,ゆず,ゆず,07yuz273_005.wav,ゆず,70120,「すいません……不安になって、つい何回も聞いちゃうんです」
46800 ,,,,,,,,隆行,隆行,,ゆず,70120,「いいよ、何回でも聞いてくれ。そのたびに、俺が『嫌いになったりしない』って力強く答えてあげる」
46900 ,,,,,,,,ゆず,ゆず,07yuz273_006.wav,ゆず,70101,「先生……ありがとう。ゆず、とってもうれしいです」
47000 ,,,,,,,,隆行,隆行,,ゆず,70101,「それじゃゆずちゃん、授業を始めるよ」
47200 ,$return,,,,,,,,,,,,
47300 ,&07yuz030h,,<!ef_timepass>,8,14,,,,,,,,
47600 ,,,,,,,,隆行,隆行,,,,「また合格だよ。えらいぞ、ゆずちゃん」
47700 ,,,,,,,,ゆず,ゆず,07yuz274_001.wav,ゆず,70102,「うふふっ……先生になでなでして欲しくて、がんばったです」
47800 ,,,,,,,,ゆず,ゆず,07yuz274_002.wav,ゆず,70115,「それに……先生からおくすりもらったから、なんだかさいきん、げんきなんです」
47900 ,,,,,,,,隆行,隆行,,ゆず,70115,「薬……なんて、あげたっけ？」
48000 ,,,,,,,,,,,ゆず,70115,　俺が首をかしげると、ゆずちゃんはなんだか楽しそうにくすくすふくみ笑い。
48100 ,,,,,,,,ゆず,ゆず,07yuz274_003.wav,ゆず,70114,「もらいましたよ。忘れちゃったんですか？」
48200 ,,,,,,,,隆行,隆行,,ゆず,70114,「そう……だっけ」
48300 ,,,,,,,,ゆず,ゆず,07yuz274_004.wav,ゆず,70122,「もう……」
48400 ,,,,,,,,,,,ゆず,70122,　唇を尖らせて怒ったフリをしながら、ゆずちゃんが俺の耳に口を寄せてささやくように言った。
48500 ,,,,,,,,ゆず,ゆず,07yuz274_005.wav,ゆず,70101,「先生の……おち○ちんから出る、おくすりです」
48600 ,,,,,,,,隆行,隆行,,ゆず,70101,「……あっ」
48700 ,,,,,,,,,,,ゆず,70101,　ようやく、ゆずちゃんが言っている意味を理解した俺。
48800 ,,,,,,,,,,,ゆず,70101,　そう言えば……この前のご褒美では、ゆずちゃんの顔に精液をかけちゃって……。
48900 ,,,,,,,,,,,ゆず,70101,　ゆずちゃんはそれを指でぬぐって、ぺろりと舐めちゃったんだ。
49000 ,,,,,,,,隆行,隆行,,ゆず,70101,「あ、ああ……薬って、それね……」
49100 ,,,,,,,,ゆず,ゆず,07yuz274_006.wav,ゆず,70103,「うん、あのおくすりのおかげで……見てください」
49200 ,,,,,,,,,,,ゆず,70103,　ゆずちゃんは珍しく、ぴょこんっとイスから立ち上がってガッツポーズをしてみせた。
49300 ,,,,,,,,ゆず,ゆず,07yuz274_007.wav,ゆず,70103,「なんだか、ずっと元気いっぱいなんです▼」
49400 ,,,,,,,,隆行,隆行,,ゆず,70103,「へえ……じゃあ、俺の薬が本当に効いたのかな」
49500 ,,,,,,,,,,,ゆず,70103,　薬効なんかはない、と思うんだけど。プラシーボ効果……ってやつ？
49600 ,,,,,,,,ゆず,ゆず,07yuz274_008.wav,ゆず,70102,「えへへっ……そうかも、です」
49700 ,,,,,,,,,,,ゆず,70102,　微笑んで、自分の胸に手を当てるゆずちゃん。
49800 ,,,,,,,,ゆず,ゆず,07yuz274_009.wav,ゆず,70129,「んっ……」
49900 ,,,,,,,,,,,ゆず,70129,　と、急に彼女は下を向いたまま、小さなため息をついた。
50000 ,,,,,,,,隆行,隆行,,ゆず,70129,「どうしたの？」
50100 ,,,,,,,,ゆず,ゆず,07yuz274_010.wav,ゆず,70129,「な……なんだか……胸が、苦しい……です……」
50200 ,,,,,,,,隆行,隆行,,ゆず,70129,「えっ」
50300 ,,,,,,,,ゆず,ゆず,07yuz274_011.wav,ゆず,70128,「ふあっ……あ……んくっ……」
50400 ,,,,,,,,,,,ゆず,70128,　歯を食いしばり、顔をしかめるゆずちゃんを見て、俺は慌てて立ち上がった。
50500 ,,,,,,,,隆行,隆行,,ゆず,70128,「お、お母さんを呼んでこようか……！？」
50600 ,,,,,,,,,,,ゆず,70128,　部屋を駆け出そうとする俺の手首を、力無くゆずちゃんが押さえる。
50700 ,,,,,,,,ゆず,ゆず,07yuz274_012.wav,ゆず,70130,「せ……せんせぇっ……」
50800 ,,,,,,,,隆行,隆行,,ゆず,70130,「ゆずちゃん……大丈夫！？」
50900 ,,,,,,,,ゆず,ゆず,07yuz274_013.wav,ゆず,70130,「せんせぇ……こっち、来て……」
51000 ,,,,,,,,,,,ゆず,70130,　小声でささやいて、ゆずちゃんは俺の手を握ったまま、ベッドへと傾いてゆく。
51100 ,,,,,,,,隆行,隆行,,ゆず,70130,「ゆずちゃん……どこか、苦しいの？　まさか、病気が……」
51200 ,,,,,,,,,,,ゆず,70130,　心配顔で覗き込んだ俺に、ゆずちゃんが答える。
51300 ,,,,,,,,ゆず,ゆず,07yuz274_014.wav,ゆず,70129,「だ……だいじょうぶです……でも……」
51400 ,,,,,,,,隆行,隆行,,ゆず,70129,「でも？」
51500 ,,,,,,,,ゆず,ゆず,07yuz274_015.wav,ゆず,70129,「おくすり……欲しい……です……」
51600 ,,,,,,,,隆行,隆行,,ゆず,70129,「薬、どこに置いてあるの？」
51700 ,,,,,,,,,,,ゆず,70129,　尋ねると、ゆずちゃんはふるふると首を振った。
51800 ,,,,,,,,ゆず,ゆず,07yuz274_016.wav,ゆず,70129,「そうじゃないです……」
51900 ,,,,,,,,,,,ゆず,70129,　そうして、意味ありげに俺を……俺の下腹のあたりを、ちらりと見つめる。
52000 ,,,,,,,,ゆず,ゆず,07yuz274_017.wav,ゆず,70128,「そうじゃなくって……先生のおくすり……です……」
52100 ,,,,,,,,,,,ゆず,70128,　そう言って、ゆずちゃんはいきなり、俺の手をくいっと引っ張った。
52200 ,,,,,,,,隆行,隆行,,ゆず,70128,「わわっ……！」
52290 ,,,,,,,,,,,,,
52300 ,,,"<!se_tackle><shake SC, 10, 25, 800, 800>",,,,,,,,,,　そんなに力はないけれど、突然のことに俺はバランスを崩して……ゆずちゃんに覆い被さるように、ベッドの上へ転がってしまった。
52400 ,,,,,,,,隆行,隆行,,,,「ゆっ、ゆずちゃんっ！？」
52500 ,,,,,,,,ゆず,ゆず,07yuz274_018.wav,ゆず,70128,「せんせい……おくすりちょうだい……」
52600 ,,,,,,,,,,,ゆず,70128,　とろんとした目を俺に向けて、ゆずちゃんがささやいた。
52700 ,,,,,,,,ゆず,ゆず,07yuz274_019.wav,ゆず,70115,「せんせいのおくすり……おいしくって、好きです……▼」
52800 ,,,,,,,,,,,ゆず,70115,　ベッドに倒れた俺の身体の下から抜け出して、ゆずちゃんが逆に俺の上に乗ってくる。
52900 ,,,,,,,,ゆず,ゆず,07yuz274_020.wav,ゆず,70116,「せんせいのむね……おっきくて、広くて、安心します……」
53000 ,,,,,,,,,,,ゆず,70116,　そう言いながら、ゆずちゃんはちっちゃな手のひらをまさぐって、俺のシャツをまくり上げてゆく。
53100 ,,,,,,,,隆行,隆行,,ゆず,70116,「ゆ、ゆ、ゆずちゃんっ……」
53200 ,,,,,,,,ゆず,ゆず,07yuz274_021.wav,ゆず,70129,「せんせい……んっ、んちゅっ」
53300 ,,,,,,,,隆行,隆行,,ゆず,70129,「ふわっ……！」
53400 ,,,,,,,,ゆず,ゆず,07yuz274_022.wav,ゆず,70103,「くすくすっ……せんせいったら、女の子みたいな声です……」
53500 ,,,,,,,,隆行,隆行,,ゆず,70103,「そ、それは……ゆずちゃんが乳首なんか舐めるから……」
53600 ,,,,,,,,ゆず,ゆず,07yuz274_023.wav,ゆず,70114,「先生も……乳首、感じるですか？」
53700 ,,,,,,,,隆行,隆行,,ゆず,70114,「う……うん」
53800 ,,,,,,,,ゆず,ゆず,07yuz274_024.wav,ゆず,70101,「じゃあ、もっとぺろぺろしてあげます……」
53900 ,,,,,,,,,,,ゆず,70101,　嬉しそうに目を細め、ゆずちゃんがぺろぺろと熱心に乳首を舌で愛撫する。
54000 ,,,,,,,,隆行,隆行,,ゆず,70101,「ううっ……う、く……」
54100 ,,,,,,,,,,,ゆず,70101,　はっきりいって、気持ちいい。
54200 ,,,,,,,,ゆず,ゆず,07yuz274_025.wav,ゆず,70129,「ぺろっ……ちゅっ……ん、ちゅ……」
54300 ,,,,,,,,,,,ゆず,70129,　子猫がミルクを舐め取るみたいな音を立てて、ゆずちゃんが俺の乳首を味わっている。
54400 ,,,,,,,,,,,ゆず,70129,　ゆずちゃんの手がゆっくりと俺のおなかや腰を撫で、そして、股間に触れてびっくりしたように動きを止めた。
54500 ,,,,,,,,ゆず,ゆず,07yuz274_026.wav,ゆず,70130,「ぷふぁ……せんせい、おち○ちんおっきい……」
54600 ,,,,,,,,,,,ゆず,70130,　顔を上げたゆずちゃんのほっぺは紅潮して、吐息は甘い香り。
54700 ,,,,,,,,ゆず,ゆず,07yuz274_027.wav,ゆず,70128,「先生のおち○ちん……出してもいいですか？」
54800 ,,,,,,,,隆行,隆行,,ゆず,70128,「あ、ああ……うん」
54900 ,,,,,,,,,,,ゆず,70128,　ゆずちゃんはぎこちなくうなずく俺を見て、くすりと微笑んでから……ゆっくりとズボンのジッパーを降ろしてゆく。
55100 ,,,<!pre_ev1>,11,,6301,,ゆず,ゆず,07yuz274_028.wav,ゆず,70101,「うわぁ……せんせいのおち○ちん、ぱんぱんにおっきくなって……はれつしそうになってます……」
55200 ,,,,,,6301,,,,,,,　トランクスの中に指を差し込んで、熱い勃起に触れると、ゆずちゃんは目を丸くしてそう言った。
55300 ,,,,,,6301,,ゆず,ゆず,07yuz274_029.wav,ゆず,70101,「苦しいですか……？　せんせい、いま、楽にしてあげます……」
55400 ,,,,,,6301,,,,,,,　ゆずちゃんが、ズボンの中から硬直を引っ張り出した。
55500 ,,,,,,6301,,ゆず,ゆず,07yuz274_030.wav,ゆず,70101,「おっきくなって、濡れてます……ゆずがせんせいのおっぱい、ぺろぺろしたからですか……？」
55600 ,,,,,,6301,,隆行,隆行,,,,「う、うん」
55700 ,,,,,,6301,,ゆず,ゆず,07yuz274_031.wav,ゆず,70101,「じゃあ、おくすりいっぱい出してくださいです……」
55800 ,,,,,,6301,,,,,,,　完全にゆずちゃんはどっかに入り込んでしまってるみたいで、その瞳は夢心地だ。
55900 ,,,,,,6301,,ゆず,ゆず,07yuz274_032.wav,ゆず,70101,「さきっぽ……ぬるぬるしてますよ？」
56000 ,,,,,,6301,,,,,,,　その細い指で俺のペニスの先から先走りの雫をすくいとると、亀頭全体に伸ばすようにしてくるくるとくすぐる。
56100 ,,,,,,6301,,ゆず,ゆず,07yuz274_033.wav,ゆず,70101,「きもちいい……ですか？」
56200 ,,,,,,6301,,隆行,隆行,,,,「う、うん」
56300 ,,,,,,6301,,,,,,,　どこか手慣れた動きで、ゆずちゃんは指先を踊らせる。
56400 ,,,,,,6301,,,,,,,　ぴくんっ。
56500 ,,,,,,6301,,,,,,,　快感のあまり腰に力が入り、ペニスがしゃくり上げるように動いた。
56600 ,,,,,,6301,,ゆず,ゆず,07yuz274_034.wav,ゆず,70101,「なんだか、おち○ちん、生きてるみたいです」
56700 ,,,,,,6301,,隆行,隆行,,,,「いや……生きてるけどさ」
56800 ,,,,,,6301,,ゆず,ゆず,07yuz274_035.wav,ゆず,70101,「そうですけど……じゃあ、うごかないように押さえちゃいます」
56900 ,,,,,,6301,,,,,,,　ゆずちゃんがゆっくりと指を曲げて、俺のペニスを包み込んだ。
57000 ,,,,,,6301,,,,,,,　熱い手のひらにしっとりと包まれて、落ち着いた快感を覚える。
57100 ,,,,,,6301,,ゆず,ゆず,07yuz274_036.wav,ゆず,70101,「せんせいのおち○ちん……ゆずの手じゃおさえきれないです……」
57200 ,,,,,,6301,,隆行,隆行,,,,「ゆずちゃんの手のひら、ちっちゃいもんね」
57300 ,,,,,,6301,,ゆず,ゆず,07yuz274_037.wav,ゆず,70101,「うん……そうなんです」
57400 ,,,,,,6301,,,,,,,　困ったように言いながら、ゆずちゃんが再び俺の胸板に顔を寄せ、乳首を唇に軽く挟んだ。
57500 ,,,,,,6301,,ゆず,ゆず,07yuz274_038.wav,ゆず,70101,「せんせいのおっぱい……ちゅっ……」
57600 ,,,,,,6301,,隆行,隆行,,,,「んっ……ゆずちゃんっ……」
57700 ,,,,,,6301,,ゆず,ゆず,07yuz274_039.wav,ゆず,70101,「あ、またおっきくなりました……せんせいのおち○ちんが、ゆずの手の中でぴくぴく、ってなってます……」
57800 ,,,,,,6301,,,,,,,　幸せそうにそうささやいて、ゆずちゃんはゆっくりと、手を動かし始めた。
57900 ,,,,,,6301,,ゆず,ゆず,07yuz274_040.wav,ゆず,70101,「せんせいのおち○ちん……ゆずのおくすり出してくれる、だいじなおち○ちん……」
58000 ,,,,,,6301,,,,,,,　うっとりとした顔でゆずちゃんはそう呟きながら、俺のモノをしごいた。
58100 ,,,,,,6301,,隆行,隆行,,,,「ゆずちゃん……んくっ……上手だよ……おち○ちん、好きなんだね……」
58200 ,,,,,,6301,,ゆず,ゆず,07yuz274_041.wav,ゆず,70101,「うん……せんせいのおち○ちんは好き……あつくって、どくんどくんって……とっても、えっちです……」
58300 ,,,,,,6301,,,,,,,　そう答え、ゆずちゃんは舌をちろりと伸ばして乳首を舐めた。
58400 ,,,,,,6301,,ゆず,ゆず,07yuz274_042.wav,ゆず,70101,「先生のおっぱいも好きです……ゆずがぺろってすると、女の子みたいにかたくなって……」
58500 ,,,,,,6301,,,,,,,　ゆずちゃんが言うとおり、俺は彼女に胸を舐められ、全身にぞくぞくと走る快楽を感じていた。
58600 ,,,,,,6301,,ゆず,ゆず,07yuz274_043.wav,ゆず,70101,「おち○ちんも、ごしごししてあげます……おくすり、がまんしないで出してください……▼」
58700 ,,,,,,6301,,,,,,,　ゆずちゃんの細い指が、俺のモノをゆっくりとしごく。
58800 ,,,,,,6301,,,,,,,　先走り汁にまみれて、ペニスとゆずちゃんの手から、くちゅくちゅという音がしていた。
58900 ,,,,,,6301,,隆行,隆行,,,,「うっ……くぁ……」
59000 ,,,,,,6301,,ゆず,ゆず,07yuz274_044.wav,ゆず,70101,「あっ、つよすぎましたか？」
59100 ,,,,,,6301,,隆行,隆行,,,,「い……いや……気持ちいいよ……そのまま、続けて……」
59200 ,,,,,,6301,,ゆず,ゆず,07yuz274_045.wav,ゆず,70101,「はいっ▼」
59300 ,,,,,,6301,,,,,,,　くちゅっ、くちゅっ、くちゅっ……。
59400 ,,,,,,6301,,,,,,,　ゆずちゃんが一生懸命、俺のペニスをしごいている。
59500 ,,,,,,6301,,ゆず,ゆず,07yuz274_046.wav,ゆず,70101,「ちゅっ……はむっ……んちゅっ……」
59600 ,,,,,,6301,,,,,,,　俺の乳首を口に含んで、舌先でちろちろとくすぐっている。
59700 ,,,,,,6301,,,,,,,　その両方が、俺の身体と頭を痺れさせた。
59800 ,,,,,,6301,,ゆず,ゆず,07yuz274_047.wav,ゆず,70101,「先生……おち○ちんきもちいいですか？」
59900 ,,,,,,6301,,隆行,隆行,,,,「うん……とっても気持ちいい……ゆずちゃんはおち○ちんいじるの、とっても上手だね……」
60000 ,,,,,,6301,,ゆず,ゆず,07yuz274_048.wav,ゆず,70101,「だって……先生のおち○ちん、好きだから……」
60100 ,,,,,,6301,,,,,,,　恥ずかしそうにそう言いながら、ゆずちゃんは柔らかく俺のペニスを弄ぶ。
60200 ,,,,,,6301,,ゆず,ゆず,07yuz274_049.wav,ゆず,70101,「おくすり欲しいから……だから、おち○ちんをたくさんきもちよくしちゃいます」
60300 ,,,,,,6301,,,,,,,　そうささやいて、ゆずちゃんが再び俺のモノを激しくしごきたてた。
60400 ,,,,,,6301,,ゆず,ゆず,07yuz274_050.wav,ゆず,70101,「先生のおち○ちんから、ぬるぬるがたくさん出てる……あ、えっちなにおいがします……このにおい、好きぃ……」
60500 ,,,,,,6301,,,,,,,　ゆずちゃんは半分正気を失ったような顔でそう呟きながら、うっとりと俺のモノを見つめた。
60600 ,,,,,,6301,,隆行,隆行,,,,「ゆずちゃんが、先生のチ○チンを気持ちよくするからだよ……」
60700 ,,,,,,6301,,ゆず,ゆず,07yuz274_051.wav,ゆず,70101,「もうそろそろ、おくすり出そうですか、先生？」
60800 ,,,,,,6301,,隆行,隆行,,,,「あ、ああ……そのまま激しくしてたら、我慢できなくなるよ」
60900 ,,,,,,6301,,,,,,,　俺の答えに、ゆずちゃんが嬉しそうな顔。
61000 ,,,,,,6301,,ゆず,ゆず,07yuz274_052.wav,ゆず,70101,「じゃあ……たーっくさんください」
61100 ,,,,,,6301,,,,,,,　にちゅっ、くちゅっ、ぷちゅっ……。
61200 ,,,,,,6301,,,,,,,　ゆずちゃんの激しい動きに、粘液をかき混ぜられる音は一層大きくなる。
61300 ,,,,,,6301,,ゆず,ゆず,07yuz274_053.wav,ゆず,70101,「おち○ちん、さっきよりまたおっきくなったみたい……すごいです……」
61400 ,,,,,,6301,,隆行,隆行,,,,「ゆ……ゆずちゃん……ダメだよ……もう……我慢、できないよ……」
61500 ,,,,,,6301,,ゆず,ゆず,07yuz274_054.wav,ゆず,70101,「がまんしちゃダメです……はやくおくすり、どぷどぷって出しちゃってください……」
61600 ,,,,,,6301,,,,,,,　ちょっと怒ったような顔をわざと作って、ゆずちゃんが俺をからかう。
61700 ,,,,,,6301,,ゆず,ゆず,07yuz274_055.wav,ゆず,70101,「ゆずの病気のおくすり、早く出してください……」
61800 ,,,,,,6301,,隆行,隆行,,,,「で……出るよ、出ちゃうよ……」
61900 ,,,,,,6301,,ゆず,ゆず,07yuz274_056.wav,ゆず,70101,「うん……いいですよ、先生……▼」
62000 ,,,,,,6301,,隆行,隆行,,,,「う……う……うううっ！」
62100 ,,,,,,6301,,,,,,,　一瞬、ペニスが膨れ上がったような気さえした。
62200 ,,,,,,6301,,,,,,,　そして、次の瞬間……。
62500 ,,,<!ef_shasei>,,,6302,,,,,,,　どくんっ！　びゅるるうっ！　びゅくんっ！！
62600 ,,,,,,6302,,ゆず,ゆず,07yuz274_057.wav,ゆず,70101,「ひあ……おくすり、出たぁ……▼」
62700 ,,,,,,6302,,,,,,,　ゆずちゃんの手の中に、俺は大量の精液をほとばしらせていた。
62800 ,,,,,,6302,,,,,,,　びゅるっ！　びくん、びくんっ！
62900 ,,,,,,6302,,ゆず,ゆず,07yuz274_058.wav,ゆず,70101,「まだ出る……おくすり、たくさんでてるよぉ……ゆずの手じゃ、あふれちゃいます……」
63000 ,,,,,,6302,,,,,,,　慌ててゆずちゃんが、両手を俺のモノにあてがい、精液を受け止める。
63100 ,,,,,,6302,,隆行,隆行,,,,「ふうっ……うあっ、あああ……」
63200 ,,,,,,6302,,ゆず,ゆず,07yuz274_059.wav,ゆず,70101,「うれしいです……せんせいのおくすりが、こんなにたくさん……」
63300 ,,,,,,6302,,,,,,,　両手にあふれそうなほどの精液をすくい取って、ゆずちゃんがにっこりと笑う。
63400 ,,,,,,6302,,ゆず,ゆず,07yuz274_060.wav,ゆず,70101,「じゃあ……おくすり、いただきます▼」
63500 ,,,,,,6302,,隆行,隆行,,,,「ほ、ほんとに……？」
63600 ,,,,,,6302,,ゆず,ゆず,07yuz274_061.wav,ゆず,70101,「ゆず、うそなんか言わないです」
63700 ,,,,,,6302,,,,,,,　そう言って、ゆずちゃんが両手を自分の口元に運んだ。
63900 ,,,,,,6302,,ゆず,ゆず,07yuz274_062.wav,ゆず,70101,「んっ……んくっ……んく、こくんっ……」
64000 ,,,,,,6302,,,,,,,　おいしそうにノドを鳴らして、ゆずちゃんは俺の精液を飲み干してゆく。
64100 ,,,,,,6302,,ゆず,ゆず,07yuz274_063.wav,ゆず,70101,「えへっ、全部飲んじゃいました……」
64200 ,,,,,,6302,,,,,,,　口の端に精液をくっつけたまま、ゆずちゃんが照れくさそうに微笑んだ。
64300 ,,,,,,6302,,ゆず,ゆず,07yuz274_064.wav,ゆず,70101,「んんっ、くちゅっ……おくちの中に、まだちょっとだけのこってます。おいしかったです……▼」
64400 ,,,,,,6302,,隆行,隆行,,,,「あんなにたくさん出たのに……全部飲んじゃったんだ……」
64500 ,,,,,,6302,,ゆず,ゆず,07yuz274_065.wav,ゆず,70101,「だって、ゆずの大切なおくすりです」
64600 ,,,,,,6302,,隆行,隆行,,,,「そ、そう……」
64700 ,,,,,,6302,,ゆず,ゆず,07yuz274_066.wav,ゆず,70101,「これでまた、元気になりますか？」
64800 ,,,,,,6302,,隆行,隆行,,,,「なるといいね……ホントに効くのか、わかんないけどさ……」
64900 ,,,,,,6302,,ゆず,ゆず,07yuz274_067.wav,ゆず,70101,「ききますっ。だって、こないだは先生のおくすりを飲んだらすごく元気になったです」
65000 ,,,,,,6302,,ゆず,ゆず,07yuz274_068.wav,ゆず,70101,「でも……１回とか２回とかじゃ、ダメかもです。もっとたくさん、おくすり飲まなくちゃ……」
65100 ,,,,,,6302,,隆行,隆行,,,,「それって……また飲みたいってこと？」
65200 ,,,,,,6302,,ゆず,ゆず,07yuz274_069.wav,ゆず,70101,「ダメですか……？」
65300 ,,,,,,6302,,隆行,隆行,,,,「う～ん……この間、成績が上がったらって約束しちゃったから、またダメとは言えないなあ……」
65400 ,,,,,,6302,,ゆず,ゆず,07yuz274_070.wav,ゆず,70101,「ゆず、こんどもおべんきょう、がんばっちゃいます」
65500 ,,,,,,6302,,隆行,隆行,,,,「そうだね、理由はどうあれ……ゆずちゃんが勉強を熱心にやってくれるんなら、俺も嬉しいよ」
65600 ,,,,,,6302,,,,,,,　そう言って、俺はゆずちゃんの頭を撫でてあげながら、付け加えた。
65700 ,,,,,,6302,,隆行,隆行,,,,「それに……とっても気持ちよかったよ、ゆずちゃん」
65800 ,,,,,,6302,,ゆず,ゆず,07yuz274_071.wav,ゆず,70101,「先生……そう言ってもらえて、ゆず、うれしいです」
65900 ,,,,,,6302,,,,,,,　本当に嬉しそうに、ゆずちゃんは目を細めた。
66000 ,,,,,,6302,,,,,,,　ああ、この笑顔が見られるんなら……ゆずちゃんの望むまま『おくすり』をあげるのもいいな……。
66100 ,,,,,9000,6302,,,,,,,　ホントにこれで病気が治るなら、もっといいんだけど……。
66300 ,$return,,,,,,,,,,,,
66400 ,&07yuz030ha,,,4294967295,9000,,,,,,,,
66790 ,,,<!se_chime_ext><wait 700>,,,,,,,,,,
66800 ,,,,8,13,,,隆行,隆行,,,,「どうも、家庭教師の森崎です」
66900 ,,,,,9000,,,,,,,,　ゆずちゃんのお母さんに案内されて、俺は部屋へと通された。
67100 ,,,<!ef_move>,,14,,,隆行,隆行,,,,「こんにちは、ゆずちゃん」
67200 ,,,,,,,,ゆず,ゆず,07yuz275_001.wav,ゆず,70101,「先生、こんにちはです」
67300 ,,,,,,,,隆行,隆行,,ゆず,70101,「なんとなく、顔色も良さそうだね。調子よくなってきた？」
67400 ,,,,,,,,ゆず,ゆず,07yuz275_002.wav,ゆず,70102,「うん。なんだか、さいきんはからだがすっごく軽いんです。きっと……先生のおくすりのおかげです」
67500 ,,,,,,,,隆行,隆行,,ゆず,70102,「俺の薬って……あっ……」
67600 ,,,,,,,,ゆず,ゆず,07yuz275_003.wav,ゆず,70116,「先生、また飲ませてくださいね」
67700 ,,,,,,,,隆行,隆行,,ゆず,70116,「う、うん……」
67800 ,,,,,,,,ゆず,ゆず,07yuz275_004.wav,ゆず,70114,「ねぇ……先生、じゅぎょうしないの？」
67900 ,,,,,,,,隆行,隆行,,ゆず,70114,「あっ、ああ……始めようか。今日からは、また新しいステップだからね……」
68100 ,$return,,,,,,,,,,,,
68200 ,&07yuz040h,,<!ef_timepass>,8,14,,,,,,,,
68500 ,,,,,,,,隆行,隆行,,,,「すごいよ、ゆずちゃん。また合格だ」
68600 ,,,,,,,,ゆず,ゆず,07yuz276_001.wav,ゆず,70102,「先生にほめて欲しくて、ゆず、がんばりました」
68700 ,,,,,,,,隆行,隆行,,ゆず,70102,「うん、いい子だね」
68800 ,,,,,,,,,,,ゆず,70102,　ころころと、まるで子猫みたいにノドを鳴らしながら、ゆずちゃんは俺にすり寄ってくる。
68900 ,,,,,,,,ゆず,ゆず,07yuz276_002.wav,ゆず,70115,「だから、先生……ね、またごほうび、欲しいです……」
69000 ,,,,,,,,ゆず,ゆず,07yuz276_003.wav,ゆず,70115,「先生のこと、きもちよくしてあげますから……だから、ごほうび、ください……」
69100 ,,,,,,,,隆行,隆行,,ゆず,70115,「いや……ゆずちゃん、ちょっと待って」
69200 ,,,,,,,,ゆず,ゆず,07yuz276_004.wav,ゆず,70106,「えっ？　だ、ダメなんですか……？」
69300 ,,,,,,,,隆行,隆行,,ゆず,70106,「ダメじゃないよ、その代わり……」
69400 ,,,,,,,,,,,ゆず,70106,　俺はくすっと笑って、ゆずちゃんの腰を抱き、ひょいっと抱え上げた。
69500 ,,,,,,,,ゆず,ゆず,07yuz276_005.wav,ゆず,70119,「きゃっ……！？」
69600 ,,,,,,,,隆行,隆行,,ゆず,70119,「その代わり、今日は俺がゆずちゃんのことを気持ちよくしてあげるよ」
69700 ,,,,,,,,,,,ゆず,70119,　抱き上げたまま、腕の中のゆずちゃんに俺は優しくささやいた。
69800 ,,,,,,,,,,,ゆず,70119,　そう……。俺はもう、我慢の限界だったのだ。
69900 ,,,,,,,,,,,ゆず,70119,　こんなに可愛らしい女の子に、えっちなことをさせて……でも俺の方からは、ほとんどなにもしないなんて。
70000 ,,,,,,,,,,,ゆず,70119,　そんなのには、もう耐えられなかった。
70100 ,,,,,,,,ゆず,ゆず,07yuz276_006.wav,ゆず,70114,「先生……先生が、ゆずのことを……？」
70200 ,,,,,,,,,,,ゆず,70114,　目を丸くして、俺の顔を見るゆずちゃん。
70300 ,,,,,,,,隆行,隆行,,ゆず,70114,「ああ……いいだろ？」
70400 ,,,,,,,,,,,ゆず,70114,　彼女をベッドに優しく横たえながら、俺はゆずちゃんの瞳をのぞき返す。
70500 ,,,,,,,,ゆず,ゆず,07yuz276_007.wav,ゆず,70113,「あ、う、うれしいです。でも……」
70600 ,,,,,,,,隆行,隆行,,ゆず,70113,「でも？」
70700 ,,,,,,,,ゆず,ゆず,07yuz276_008.wav,ゆず,70113,「ゆず……病気だから……先生、おどろいちゃって……ゆずのこと、きらいになっちゃうかも……」
70800 ,,,,,,,,隆行,隆行,,ゆず,70113,「俺は、ゆずちゃんを嫌いになんかならないって……前にも約束しただろ？　それとも、俺のこと信用できない？」
70900 ,,,,,,,,ゆず,ゆず,07yuz276_009.wav,ゆず,70101,「ううん、信じます……先生のこと、大好きだから……」
71000 ,,,,,,,,,,,ゆず,70101,　そう言って、ベッドに腰掛けたゆずちゃんはそっと目を閉じた。
71200 ,,,<!pre_ev1>,10,,6501,,ゆず,ゆず,07yuz276_010.wav,ゆず,70101,「先生……やさしくしてください……」
71300 ,,,,,,6501,,隆行,隆行,,,,「改めてそう言われると……なんだか、照れちゃうな……」
71400 ,,,,,,6501,,,,,,,　苦笑しながら、俺もベッドにヒザを立て、ゆずちゃんに身を寄せた。
71500 ,,,,,,6501,,ゆず,ゆず,07yuz276_011.wav,ゆず,70101,「んくっ……」
71600 ,,,,,,6501,,,,,,,　ほっぺたに指先を触れると、ゆずちゃんは可哀想なくらい身を固くした。
71700 ,,,,,,6501,,隆行,隆行,,,,「大丈夫、怖くないよ……」
71800 ,,,,,,6501,,ゆず,ゆず,07yuz276_012.wav,ゆず,70101,「は、はい……」
71900 ,,,,,,6501,,,,,,,　うなずいたゆずちゃんに笑いかけて、指先をほっぺたからあごへ、あごからノドへ、そして喉から胸元へと、少しずつ降ろしてゆく。
72000 ,,,,,,6501,,ゆず,ゆず,07yuz276_013.wav,ゆず,70101,「んっ、ひゃうんっ……」
72100 ,,,,,,6501,,,,,,,　ぴくんっ、と、ゆずちゃんが身を震わせるけれど、逃げたりはしない。
72200 ,,,,,,6501,,ゆず,ゆず,07yuz276_014.wav,ゆず,70101,「ひゃ……ひゃは……せんせっ……くすぐったい……」
72300 ,,,,,,6501,,隆行,隆行,,,,「くすぐったいだけ？　感じてるんでしょ？　パジャマ越しにだって、乳首が勃ってるのがわかるよ」
72400 ,,,,,,6501,,ゆず,ゆず,07yuz276_015.wav,ゆず,70101,「だ、だってぇ……んくっ……せんせ……えっち……」
72500 ,,,,,,6501,,隆行,隆行,,,,「俺とゆずちゃんと、えっちなのはどっちだろう……？　俺にさわられて、乳首つんって硬くしてるゆずちゃんは、えっちじゃないのかな？」
72600 ,,,,,,6501,,ゆず,ゆず,07yuz276_016.wav,ゆず,70101,「ゆ……ゆずも、えっちだもん……ひああ……せんせぇにおっぱいさわられて……ゆず、とっても感じちゃうんだもん……」
72700 ,,,,,,6501,,隆行,隆行,,,,「そうだね、ゆずちゃんはえっちだよね。俺にこうやってしてもらいたくて、勉強を頑張っちゃうんだよね……？」
72800 ,,,,,,6501,,ゆず,ゆず,07yuz276_017.wav,ゆず,70101,「うっ……うん……先生に……いじって欲しいんだもん……んひゃうんっ！」
72900 ,,,,,,6501,,,,,,,　可愛いあえぎ声を上げるゆずちゃんの身体を、俺の指が滑り降り……そして、彼女の太股に、俺はそっと手のひらを当てた。
73000 ,,,,,,6501,,ゆず,ゆず,07yuz276_018.wav,ゆず,70101,「んっ……」
73100 ,,,,,,6501,,,,,,,　ゆずちゃんは不安そうに、俺の顔を見つめる。
73200 ,,,,,,6501,,隆行,隆行,,,,「大丈夫だよ……ゆずちゃんのこと、気持ちよくしてあげる……」
73300 ,,,,,,6501,,,,,,,　ささやいて、俺はゆっくりと……ゆずちゃんの両脚の付け根へと伸ばしていった。
73400 ,,,,,,6501,,ゆず,ゆず,07yuz276_019.wav,ゆず,70101,「ひゃうっ……せっ、せんせえっ……やっぱり、怖いです……」
73500 ,,,,,,6501,,隆行,隆行,,,,「平気だよ……怖いこと、しないから……」
73600 ,,,,,,6501,,ゆず,ゆず,07yuz276_020.wav,ゆず,70101,「うん……先生……ゆずのこと、きらいにならないでね？　ゆずが病気だからって……きらいに……」
73700 ,,,,,,6501,,,,,,,　何度も、不安そうにそう言い続けるゆずちゃん。
73800 ,,,,,,6501,,,,,,,　いったい、何をそこまで怯えるんだろう……と思いながら、俺は彼女のパジャマの中へ手を差し込んだ。
73900 ,,,,,,6501,,,,,,,　くちゅっ……。
74000 ,,,,,,6501,,ゆず,ゆず,07yuz276_021.wav,ゆず,70101,「ひぁうっ！」
74100 ,,,,,,6501,,隆行,隆行,,,,「…………ん？」
74200 ,,,,,,6501,,,,,,,　いま……指先に、なんか……変な感触が。
74300 ,,,,,,6501,,,,,,,　硬くて熱いモノが、ゆずちゃんのパンツの中に入ってる……。
74400 ,,,,,,6501,,,,,,,　俺はもう一度指を動かして、パンツの中をまさぐってみることにした。
74500 ,,,,,,6501,,ゆず,ゆず,07yuz276_022.wav,ゆず,70101,「ああんっ！　やふぁ……！」
74600 ,,,,,,6501,,隆行,隆行,,,,「やっぱり……ある…………ついてる…………」
74700 ,,,,,,6501,,,,,,,　指先に触れた、熱い固まりを、今度はしっかりとつまんでみた。
74800 ,,,,,,6501,,ゆず,ゆず,07yuz276_023.wav,ゆず,70101,「やはあんっ……ひゃっ……」
74900 ,,,,,,6501,,,,,,,　とくんっ、と、手の中でそれは小さく脈打つ。
75000 ,,,,,,6501,,隆行,隆行,,,,「ま、まさか……」
75100 ,,,,,,6501,,ゆず,ゆず,07yuz276_024.wav,ゆず,70101,「あっ……ダメです……はずかしい……」
75200 ,,,,,,6501,,,,,,,　ゆずちゃんがパジャマを押さえようとするよりも早く、俺の手が彼女のパジャマをめくる。
75400 ,,,,,,6502,,ゆず,ゆず,07yuz276_025.wav,ゆず,70101,「やあっ……せんせえっ……見ちゃ……ダメぇ……」
75500 ,,,,,,6502,,,,,,,　顔を真っ赤にして、泣き声を上げるゆずちゃん。
75600 ,,,,,,6502,,,,,,,　だが、俺は彼女の声よりも、その股間に意識を奪われていた。
75700 ,,,,,,6502,,隆行,隆行,,,,「やっぱり……ついてる…………」
75800 ,,,,,,6502,,,,,,,　俺の言葉に、雫を浮かべたそれ……ゆずちゃんのおち○ちんが、しゃくり上げるようにびくんっと動いた。
75900 ,,,,,,6502,,隆行,隆行,,,,「ゆ、ゆずちゃん……もしかして、男の子だったの……！？」
76000 ,,,,,,6502,,,,,,,　俺が恐る恐る尋ねると、ゆずちゃんはふるふると激しく首を振った。
76100 ,,,,,,6502,,ゆず,ゆず,07yuz276_026.wav,ゆず,70101,「ちっ、ちがいます！　ゆずは……ゆずは、ちゃんとした女の子なんです……！！」
76200 ,,,,,,6502,,隆行,隆行,,,,「で、でも……それ……」
76300 ,,,,,,6502,,ゆず,ゆず,07yuz276_027.wav,ゆず,70101,「だから……これが、ゆずの病気なんです……」
76400 ,,,,,,6502,,隆行,隆行,,,,「病気……これが？」
76500 ,,,,,,6502,,,,,,,　俺の問いに、ゆずちゃんはこくんとうなずく。その勢いで目にたまっていた涙がひとしずく、ぽろっとベッドに落ちた。
76600 ,,,,,,6502,,ゆず,ゆず,07yuz276_028.wav,ゆず,70101,「ゆず、女の子なのに……おち○ちんが付いてるんです……そういう病気なんです……」
76700 ,,,,,,6502,,隆行,隆行,,,,「びょ、病気……？」
76800 ,,,,,,6502,,ゆず,ゆず,07yuz276_029.wav,ゆず,70101,「うん……だから、学校にも行けないし……おそとにも出られないし……」
76900 ,,,,,,6502,,,,,,,　ゆずちゃんの涙は、どんどんたまっていく。それを見た俺は、ゆずちゃんが男なのか女なのかという、そんなことよりも……。
77000 ,,,,,,6502,,,,,,,　ただ目の前で哀しそうに泣く『ゆずちゃん』に対する愛おしさが、沸々とわき上がっていた。
77100 ,,,,,,6502,,隆行,隆行,,,,「ゆずちゃん……」
77200 ,,,,,,6502,,,,,,,　俺は無意識のうち、ゆずちゃんのおち○ちんに手を伸ばしていた。
77300 ,,,,,,6502,,ゆず,ゆず,07yuz276_030.wav,ゆず,70101,「あっ……」
77400 ,,,,,,6502,,,,,,,　ゆずちゃんのおち○ちんは、彼女の体に合わせてちっちゃいけれど、それでもきちんと勃起している。
77500 ,,,,,,6502,,,,,,,　亀頭を覆う皮の先端が、おちょぼ口みたいにすぼまり、その部分に透明な粘液が溜まっていた。
77600 ,,,,,,6502,,ゆず,ゆず,07yuz276_031.wav,ゆず,70101,「ひゃあうっ……せんせぇ……あんまりいじっちゃ……だめぇ……」
77700 ,,,,,,6502,,隆行,隆行,,,,「どう見ても……男の子のおち○ちんと、変わらないよなあ……」
77800 ,,,,,,6502,,ゆず,ゆず,07yuz276_032.wav,ゆず,70101,「ひうっ……で、でもぉ……ゆずは、ゆずは……女の子です……おち○ちんついてるけど、女の子なんです……」
77900 ,,,,,,6502,,,,,,,　俺におち○ちんをいじられて、ゆずちゃんの声は湿り気を帯びている。
78000 ,,,,,,6502,,,,,,,　なんだか、すっごく悪いことをしているような……普通の女の子をいじっているよりも、背徳感が感じられた。
78100 ,,,,,,6502,,隆行,隆行,,,,「ゆずちゃんは……女の子なのに、おち○ちんが付いてて……さわられると、感じちゃうんだね？」
78200 ,,,,,,6502,,ゆず,ゆず,07yuz276_033.wav,ゆず,70101,「はっ、はい……そうなんです……おち○ちん、恥ずかしいのに……先生にさわられて、おっきくなっちゃうんです……」
78300 ,,,,,,6502,,,,,,,　腰をくねらせて、ゆずちゃんが答える。
78400 ,,,,,,6502,,隆行,隆行,,,,「こっちの方は、どうなってるのかな？」
78500 ,,,,,,6502,,ゆず,ゆず,07yuz276_034.wav,ゆず,70101,「ふあっ……ああんっ」
78600 ,,,,,,6502,,,,,,,　ひょいっとゆずちゃんのおち○ちんをつまんで、持ち上げてみる。
78700 ,,,,,,6502,,隆行,隆行,,,,「ああ、普通に袋があるんだね……やっぱり、男の子と変わらないんだ」
78800 ,,,,,,6502,,ゆず,ゆず,07yuz276_035.wav,ゆず,70101,「せんせえっ……ゆず、病気だから……きらいになりますか？　ゆずの先生……もう、やめちゃいますか！？」
78900 ,,,,,,6502,,隆行,隆行,,,,「ううん……そんなことないよ」
79000 ,,,,,,6502,,ゆず,ゆず,07yuz276_036.wav,ゆず,70101,「よかった……ゆず、おち○ちんがついてるから……女の子なのに、おち○ちんおっきくしちゃってるから……先生は、こんな子きらいかと思ってたです……」
79100 ,,,,,,6502,,,,,,,　安心したように、ゆずちゃんはそう言った。
79200 ,,,,,,6502,,,,,,,　しかし……これは本当に、普通のおち○ちんに見えるんだけどな……。
79300 ,,,,,,6502,,隆行,隆行,,,,「ゆずちゃんの病気が……どんな風になってるのか、調べてみようか」
79400 ,,,,,,6502,,ゆず,ゆず,07yuz276_037.wav,ゆず,70101,「し……しらべる、って……ふぁうっ！」
79500 ,,,,,,6502,,隆行,隆行,,,,「ああ、すごいね……普通の女の子みたいに、ぬるぬるに……たくさん濡れちゃってるよ」
79600 ,,,,,,6502,,,,,,,　俺は指先に、ゆずちゃんの先走りの汁をすくい取りながらささやいた。
79800 ,,,,,,6503,,ゆず,ゆず,07yuz276_038.wav,ゆず,70101,「ひああっ、あっ……なんで……そんな、さわったら……ひゃう……あっ、せんせえっ……」
79900 ,,,,,,6503,,,,,,,　生ぬるい粘液をゆっくりと、ゆずちゃんのおち○ちんに塗りつけてゆく。
80000 ,,,,,,6503,,ゆず,ゆず,07yuz276_039.wav,ゆず,70101,「ひゃあっ……ぞくぞくしちゃう……せんせえっ……ゆず……変になっちゃいますよぉ……」
80100 ,,,,,,6503,,隆行,隆行,,,,「おち○ちんをこうすると気持ちいいんだね、男の子と一緒だ」
80200 ,,,,,,6503,,ゆず,ゆず,07yuz276_040.wav,ゆず,70101,「ひゃんっ……ゆず……男の子じゃ、ない、もんっ……ひあんっ！」
80300 ,,,,,,6503,,,,,,,　ゆっくりとゆずちゃんのおち○ちんを手のひらに包み、上下に指でしごいてみた。
80400 ,,,,,,6503,,ゆず,ゆず,07yuz276_041.wav,ゆず,70101,「ひゃっ、ひゃあっ……あっ、んぁ、せんせえっ……おち○ちん……ひあ、そんなあっ……いじっちゃ……やあんっ……！」
80500 ,,,,,,6503,,,,,,,　可愛らしい声を上げて、ゆずちゃんが悶える。
80600 ,,,,,,6503,,ゆず,ゆず,07yuz276_042.wav,ゆず,70101,「せんせいが……ゆずのぉ……ゆずのおち○ちん、しゅこしゅこしてる……ひああっ……おち○ちん……病気なのにぃ……女の子なのに……おち○ちんついて……ひゃあうっ！」
80700 ,,,,,,6503,,,,,,,　快感を与えられ、ぴくん、ぴくんと身体を震わせるゆずちゃん。
80800 ,,,,,,6503,,,,,,,　その姿を見ていると……俺は、ゆずちゃんにおち○ちんが付いていることが、そんなに不思議じゃないような気さえしてきた。
80900 ,,,,,,6503,,隆行,隆行,,,,「ゆずちゃん……ゆずちゃんのおち○ちん、とっても可愛いよ……」
81000 ,,,,,,6503,,,,,,,　俺はゆずちゃんの耳元に、そんなことをささやいた。
81100 ,,,,,,6503,,ゆず,ゆず,07yuz276_043.wav,ゆず,70101,「やあっ……そんなこと、ないですぅ……女の子なのに、おち○ちんなんてぇ……いらない……」
81200 ,,,,,,6503,,隆行,隆行,,,,「でも、おち○ちんがあるおかげで、ほら……こんなに感じちゃってるんだろう？」
81300 ,,,,,,6503,,ゆず,ゆず,07yuz276_044.wav,ゆず,70101,「ひゃあうっ……ひ、ひああ……ひゃあん、いやあっ……あっ……くふぁ……お、おち○ちん……せんせえ……そんな、しこしこしちゃだめぇ……」
81400 ,,,,,,6503,,隆行,隆行,,,,「どうして？」
81500 ,,,,,,6503,,ゆず,ゆず,07yuz276_045.wav,ゆず,70101,「だってぇ……きもちよくなっちゃうよぉ……おかしくなっちゃうよぉお……っ……んにゃは……きゃうんっ！」
81600 ,,,,,,6503,,隆行,隆行,,,,「おかしくなったら、どうなるの？　ゆずちゃんのおち○ちんからも、先生のおち○ちんみたいに……ぴゅっぴゅっって出るの？」
81700 ,,,,,,6503,,ゆず,ゆず,07yuz276_046.wav,ゆず,70101,「し……しらないです……そんなの……出ないです……女の子だから、おち○ちん……そんな風にならないもんっ」
81800 ,,,,,,6503,,,,,,,　いやいやをするように、首を横に振るゆずちゃん。
81900 ,,,,,,6503,,,,,,,　俺は彼女に悪戯っぽく笑い、ささやいた。
82000 ,,,,,,6503,,隆行,隆行,,,,「そっか……じゃあ、確かめてみようか……ゆずちゃんのおち○ちん、気持ちよくなったらどうなるのか……」
82100 ,,,,,,6503,,ゆず,ゆず,07yuz276_047.wav,ゆず,70101,「えっ……い、いやあっ……ひゃあ……あっ、だめえ……！　いやあ……ああっ、んっ、きゃあっ……！」
82200 ,,,,,,6503,,,,,,,　俺の手は、ゆずちゃんがあふれさせた粘液でぬるぬるのべたべたになっていた。
82300 ,,,,,,6503,,,,,,,　俺はその手のひらで、ちょっと強めにゆずちゃんのおち○ちんをつかむと、激しく上下にしごき始める。
82400 ,,,,,,6503,,ゆず,ゆず,07yuz276_048.wav,ゆず,70101,「ひあああっ！　だめぇ、おち○ちんそんなしたらだめえっ……！　やっ、は、あふっ、ひゃはあっ！」
82500 ,,,,,,6503,,隆行,隆行,,,,「そんなこと言っても、ゆずちゃんは自分でお尻をくねらせてるよ？　ほんとはおち○ちん感じてるんでしょ？　感じて、もっとしてって思ってるんでしょ？」
82600 ,,,,,,6503,,ゆず,ゆず,07yuz276_049.wav,ゆず,70101,「そんなあっ……そんなことないもんっ……せんせぇ、いじわる言っちゃイヤですぅ……」
82700 ,,,,,,6503,,隆行,隆行,,,,「じゃあ、やめようか？」
82800 ,,,,,,6503,,,,,,,　手の動きを止めると、ゆずちゃんは意外そうな顔で俺を見る。
82900 ,,,,,,6503,,ゆず,ゆず,07yuz276_050.wav,ゆず,70101,「あっ……」
83000 ,,,,,,6503,,隆行,隆行,,,,「どうしたの？」
83100 ,,,,,,6503,,ゆず,ゆず,07yuz276_051.wav,ゆず,70101,「あ、んっ……」
83200 ,,,,,,6503,,,,,,,　俺が手を止めても、ゆずちゃんはゆるゆると腰をくねらせている。
83300 ,,,,,,6503,,隆行,隆行,,,,「どうしたらいいのか、言ってくれないとわからないよ？」
83400 ,,,,,,6503,,ゆず,ゆず,07yuz276_052.wav,ゆず,70101,「んっ……あ、えっと……も、もっと……してほしい……です……」
83500 ,,,,,,6503,,隆行,隆行,,,,「なにを？」
83600 ,,,,,,6503,,ゆず,ゆず,07yuz276_053.wav,ゆず,70101,「ゆずの……おち○、ちん……しゅこしゅこって……こすって……」
83700 ,,,,,,6503,,隆行,隆行,,,,「ちゃんとおねだりできたんだね……じゃあ、ゆずちゃんのお願い通り、してあげるよ……」
83800 ,,,,,,6503,,,,,,,　俺はにこりと微笑み、ゆずちゃんのおち○ちんへの愛撫を再開した。
83900 ,,,,,,6503,,ゆず,ゆず,07yuz276_054.wav,ゆず,70101,「ひうっ……あっ、せんせえっ……きもち……いいです……おち○ちん……にちゅにちゅって……音してるぅ……せんせぇにこすられて……音が……あっ……出てるぅ……」
84000 ,,,,,,6503,,,,,,,　正気を失っているかのように目をとろんとさせて、ゆずちゃんはそう呟いていた。
84100 ,,,,,,6503,,ゆず,ゆず,07yuz276_055.wav,ゆず,70101,「あっ、あっ……なんだか、おち○ちん……きもちよくって……ぼーっとなっちゃう……あっ、ひう、ひゃあ……」
84200 ,,,,,,6503,,ゆず,ゆず,07yuz276_056.wav,ゆず,70101,「なんか……来る……あっ……ゆず……きもちよすぎて……おかしくなりそう……ですう……」
84300 ,,,,,,6503,,隆行,隆行,,,,「イッちゃいそうなのかな？」
84400 ,,,,,,6503,,ゆず,ゆず,07yuz276_057.wav,ゆず,70101,「うん……おち○ちん……ビクビクしてきました……」
84500 ,,,,,,6503,,,,,,,　ゆずちゃんの答えを聞き、俺は彼女を絶頂に導くため、おち○ちんをしごく手の動きを早めていった。
84600 ,,,,,,6503,,ゆず,ゆず,07yuz276_058.wav,ゆず,70101,「ひゃあっ！　あっ……あ、あんっ！　ひあっ！　そんな、きつくしたらぁっ……ひゃうんっ！！」
84700 ,,,,,,6503,,,,,,,　びくんっ！
84800 ,,,,,,6503,,,,,,,　ゆずちゃんが、激しく身体を震わせた。
84900 ,,,,,,6503,,ゆず,ゆず,07yuz276_059.wav,ゆず,70101,「ダメえっ……おち○ちんから、なにか出そうなのっ！　せんせいに、おち○ちん、こすられて……ゆず、おかしくなっちゃう……ひあ、あ、あ、あ、あああっ……ひゃあああああっ！！」
85000 ,,,,,,6503,,,,,,,　ほとんど悲鳴のような声をゆずちゃんがあげた、その瞬間。
85100 ,,,,,,6503,,,,,,,　俺の手の中で、ゆずちゃんのおち○ちんが膨れ上がり……。
85300 ,,,<!ef_shasei>,,,6504,,,,,,,　どくんっ！　びゅるっ！　ぴゅるぅっ！！
85600 ,,,,,,6504,,ゆず,ゆず,07yuz276_060.wav,ゆず,70101,「ひあ……ああっ……あ、あ……ひゃぁ……は、あ……」
85700 ,,,,,,6504,,,,,,,　俺の手の中に、ゆずちゃんは精液をいっぱい吐き出した。
85800 ,,,,,,6504,,,,,,,　手におさまりきらず、ベッドのシーツにあふれて染みを作る精液を見つめて……俺は呟いた。
85900 ,,,,,,6504,,隆行,隆行,,,,「たくさん……出たね、ゆずちゃん。女の子なのに、おち○ちんからたくさん精液出しちゃったんだね……」
86000 ,,,,,,6504,,ゆず,ゆず,07yuz276_061.wav,ゆず,70101,「やぁ、ふああ……せんせえっ、なにこれ……？　おち○ちんから、びゅくびゅくって……先生みたいに、おくすりみたいなの出しちゃった……女の子なのに、出しちゃったよぉ……」
86100 ,,,,,,6504,,,,,,,　全身の力を失い、ぐったりとしたままでゆずちゃんはそう言った。
86200 ,,,,,,6504,,,,,,,　ゆずちゃんはおち○ちんが生える病気なのか、それとも本当は男の子なのか……。
86300 ,,,,,9000,6504,,,,,,,　そんなことはどうでもいいと、その時の俺は……ゆずちゃんの可愛い顔を見て、そう思った。
86500 ,$return,,,,,,,,,,,,
86600 ,&07yuz040ha,,,4294967295,9000,,,,,,,,
86990 ,,,<!se_chime_ext><wait 700>,,,,,,,,,,
87000 ,,,,8,13,,,隆行,隆行,,,,「ごめんください、家庭教師の森崎です」
87100 ,,,,,9000,,,,,,,,　またいつもどおり、ゆずちゃんのお母さんに案内されて俺は部屋へと通された。
87300 ,,,<!ef_move>,,14,,,ゆず,ゆず,07yuz277_001.wav,ゆず,70114,「あっ、先生……」
87400 ,,,,,,,,隆行,隆行,,ゆず,70114,「やあ、ゆずちゃん」
87500 ,,,,,,,,ゆず,ゆず,07yuz277_002.wav,ゆず,70113,「えっと……あの……」
87600 ,,,,,,,,隆行,隆行,,ゆず,70113,「どうしたのさ、ゆずちゃん」
87700 ,,,,,,,,ゆず,ゆず,07yuz277_003.wav,ゆず,70106,「ゆずのびょうき、知られちゃったのに……先生はなんで来てくれるんですか？」
87800 ,,,,,,,,隆行,隆行,,ゆず,70106,「また、俺が『もう来ない』なんて思ってたの？」
87900 ,,,,,,,,ゆず,ゆず,07yuz277_004.wav,ゆず,70106,「だって、びょうきのこと知られちゃったもん……ゆずのあそこ、見られちゃったもん……」
88000 ,,,,,,,,隆行,隆行,,ゆず,70106,「じゃあ、また……何度でも言ってあげようか」
88100 ,,,,,,,,ゆず,ゆず,07yuz277_005.wav,ゆず,70118,「えっ……？」
88200 ,,,,,,,,隆行,隆行,,ゆず,70118,「俺は、ゆずちゃんのことを決して嫌いになったりなんかしない」
88300 ,,,,,,,,ゆず,ゆず,07yuz277_006.wav,ゆず,70118,「あ……」
88400 ,,,,,,,,隆行,隆行,,ゆず,70118,「ゆずちゃんのことを嫌いにはならない」
88500 ,,,,,,,,ゆず,ゆず,07yuz277_007.wav,ゆず,70128,「あう……」
88600 ,,,,,,,,隆行,隆行,,ゆず,70128,「決して嫌いになったりしない」
88700 ,,,,,,,,ゆず,ゆず,07yuz277_008.wav,ゆず,70128,「うっ……ぐすっ……せんせい……」
88800 ,,,,,,,,隆行,隆行,,ゆず,70128,「ゆずちゃん……事情を知った他人が、自分から離れていくのがそんなに怖いのかい？　」
88900 ,,,,,,,,ゆず,ゆず,07yuz277_009.wav,ゆず,70128,「ぐすっ……ひっく……」
89000 ,,,,,,,,隆行,隆行,,ゆず,70128,「大丈夫だよ。俺はゆずちゃんの身体のことを知った今でも、こうしてここにいるだろ」
89100 ,,,,,,,,ゆず,ゆず,07yuz277_010.wav,ゆず,70129,「うぇぇん、せんせぇっ……！」
89200 ,,,,,,,,,,,ゆず,70129,　ゆずちゃんは俺に抱きつき、胸の中で泣きじゃくった。俺はただ、その頭を優しく撫で続ける。
89300 ,,,,,,,,隆行,隆行,,ゆず,70129,「今まで、いろんなものを失ってきて……つらかったんだろうね」
89400 ,,,,,,,,ゆず,ゆず,07yuz277_011.wav,ゆず,70129,「うん、うんっ……ゆずのびょうきを知ると、ともだちはみんなはなれていって……パパも、ゆずのこときらいになって……」
89500 ,,,,,,,,隆行,隆行,,ゆず,70129,「そっか……」
89600 ,,,,,,,,ゆず,ゆず,07yuz277_012.wav,ゆず,70128,「先生は、ゆずからはなれていかない？　ゆずのこと、きらいにならない？」
89700 ,,,,,,,,隆行,隆行,,ゆず,70128,「嫌いな子を……こうやって胸に抱くと思う？」
89800 ,,,,,,,,ゆず,ゆず,07yuz277_013.wav,ゆず,70116,「ううんっ、先生……ゆず、とってもうれしいよ……！」
89900 ,,,,,,,,,,,ゆず,70116,　ゆずちゃんは俺の胸の奥へと更にもぐりこんで、ゆっくり息をついた。
90000 ,,,,,,,,ゆず,ゆず,07yuz277_014.wav,ゆず,70116,「ふうっ……先生のむね、すごくあったかい……なんだか、パパみたい……」
90100 ,,,,,,,,,,,ゆず,70116,　ゆずちゃん……俺に父親を求めてるのかな……。
90200 ,,,,,,,,隆行,隆行,,ゆず,70116,「さあ……いつまでもこうしていてあげたいけど、勉強もしないと」
90300 ,,,,,,,,ゆず,ゆず,07yuz277_015.wav,ゆず,70102,「うん……」
90400 ,,,,,,,,隆行,隆行,,ゆず,70102,「でも、あともうしばらくだけ……こうしていようか……」
90500 ,,,,,9000,,,,,,,,　ゆずちゃんと二人で作った胸のぬくもりを名残惜しいと思った俺は、ついそんなことを口走っていた。
90590 ,,,,,14,,,,,,,,
90700 ,$return,,,,,,,,,,,,
90800 ,&07yuz050h,,<!ef_timepass>,8,14,,,,,,,,
91100 ,,,,,,,,隆行,隆行,,,,「よし……ちゃんと勉強したおかげで、また合格だね」
91200 ,,,,,,,,ゆず,ゆず,07yuz278_001.wav,ゆず,70101,「うん、先生が教えてくれるおかげです」
91300 ,,,,,,,,隆行,隆行,,ゆず,70101,「ゆずちゃんがマジメに聞いてくれるからだよ」
91400 ,,,,,,,,ゆず,ゆず,07yuz278_002.wav,ゆず,70102,「えへへっ」
91500 ,,,,,,,,,,,ゆず,70102,　ゆずちゃんの頭を撫でながら……俺はちょっと、複雑な気分である。
91600 ,,,,,,,,,,,ゆず,70102,　自分が病気だというゆずちゃん。
91700 ,,,,,,,,,,,ゆず,70102,　『おち○ちんが生える病気』なんて、ハッキリ言って聞いたこともない。
91800 ,,,,,,,,,,,ゆず,70102,　だけど……ゆずちゃん自身は、言い訳でもなんでもなく、自分の言葉を信じているように見える。
91900 ,,,,,,,,,,,ゆず,70102,　だから、そのことについて突っ込んだことを聞くのは……なんだか、怖い。
92000 ,,,,,,,,,,,ゆず,70102,　ま、正直なところ、ゆずちゃんの可愛い笑顔を見ていると、どうでもいいや……という気分にもなるんだけどな。
92100 ,,,,,,,,ゆず,ゆず,07yuz278_003.wav,ゆず,70115,「先生、ゆず、またごほうびが欲しいです……」
92200 ,,,,,,,,隆行,隆行,,ゆず,70115,「そうだなあ、ちゃんとお勉強してたんだから、ご褒美をあげないとね。それじゃ……今度、一緒にどこか遊びに行くってのはどう？」
92300 ,,,,,,,,ゆず,ゆず,07yuz278_004.wav,ゆず,70114,「えっ……そ、そとに……ですか？」
92400 ,,,,,,,,隆行,隆行,,ゆず,70114,「うん、遊園地でも、ショッピングでも、何でもいいよ。どうかな？」
92500 ,,,,,,,,ゆず,ゆず,07yuz278_005.wav,ゆず,70106,「あの……ゆず、おそとは……行けません……」
92600 ,,,,,,,,,,,ゆず,70106,　うつむいたまま、哀しそうにゆずちゃんは呟いた。
92700 ,,,,,,,,ゆず,ゆず,07yuz278_006.wav,ゆず,70105,「ゆず……病気だから……女の子なのに、おち○ちんが生えてる病気だから……ひとに知られるのがこわくて、おそとには行けないです……」
92800 ,,,,,,,,隆行,隆行,,ゆず,70105,「ご、ごめん、ゆずちゃん……」
92900 ,,,,,,,,ゆず,ゆず,07yuz278_007.wav,ゆず,70106,「先生のせいじゃないです……ゆずが病気なのがいけないんです……」
93000 ,,,,,,,,,,,ゆず,70106,　そう言って、ゆずちゃんはぎゅっと自分の股間で拳を握りしめる。
93100 ,,,,,,,,ゆず,ゆず,07yuz278_008.wav,ゆず,70129,「おち○ちんなんて……なければいいのに……ゆず……女の子なのに……」
93200 ,,,,,,,,隆行,隆行,,ゆず,70129,「ああっ……泣かないで、ゆずちゃん」
93300 ,,,,,,,,ゆず,ゆず,07yuz278_009.wav,ゆず,70129,「でも……だって……」
93400 ,,,,,,,,隆行,隆行,,ゆず,70129,「お……おち○ちんが付いていたって、ゆずちゃんはゆずちゃんだよ。俺は……そんなこと、気にしないよ」
93500 ,,,,,,,,ゆず,ゆず,07yuz278_010.wav,ゆず,70106,「……ほんと……ですか？」
93600 ,,,,,,,,隆行,隆行,,ゆず,70106,「本当だよ。だから、こうして授業にも来てるだろう？」
93700 ,,,,,,,,隆行,隆行,,ゆず,70106,「それにね……おち○ちんが付いてるのだって、そう悪いことばかりじゃないよ」
93800 ,,,,,,,,ゆず,ゆず,07yuz278_011.wav,ゆず,70106,「うそぉ……」
93900 ,,,,,,,,隆行,隆行,,ゆず,70106,「嘘じゃないってば……例えば……」
94000 ,,,,,,,,ゆず,ゆず,07yuz278_012.wav,ゆず,70114,「たとえば？」
94100 ,,,,,,,,隆行,隆行,,ゆず,70114,「例えば、ええと……トイレの時とか、便利じゃない？」
94200 ,,,,,,,,ゆず,ゆず,07yuz278_013.wav,ゆず,70118,「えっ……そう……ですか？　ゆず、トイレのとき……おち○ちん、じゃまです……」
94300 ,,,,,,,,隆行,隆行,,ゆず,70118,「そ、そうかな？」
94400 ,,,,,,,,隆行,隆行,,ゆず,70118,「もしかして……ゆずちゃん、どうやっておしっこしてるの？」
94500 ,,,,,,,,ゆず,ゆず,07yuz278_014.wav,ゆず,70114,「どうやって、って……ふつうに、すわって……女の子だもん……」
94600 ,,,,,,,,隆行,隆行,,ゆず,70114,「やっぱり、そうか……おち○ちんが付いてると、立ったままおしっこができるのに」
94700 ,,,,,,,,ゆず,ゆず,07yuz278_015.wav,ゆず,70118,「ええっ……？　立ったまま、おしっこなんて……できるんですか？」
94800 ,,,,,,,,隆行,隆行,,ゆず,70118,「できるよ。今度トイレに行った時、試してみれば……ああ、そうだ！」
94900 ,,,,,,,,ゆず,ゆず,07yuz278_016.wav,ゆず,70101,「なんですか……？」
95000 ,,,,,,,,隆行,隆行,,ゆず,70101,「早速、今から試してみようか」
95100 ,,,,,,,,ゆず,ゆず,07yuz278_017.wav,ゆず,70119,「ええっ……！？」
95200 ,,,,,,,,隆行,隆行,,ゆず,70119,「合格のご褒美に……上手なおしっこの仕方を、俺が直接教えてあげるよ」
95300 ,,,,,,,,ゆず,ゆず,07yuz278_018.wav,ゆず,70119,「そ、そ、それはぁ……」
95400 ,,,,,,,,隆行,隆行,,ゆず,70119,「ほらほら、立って立って。トイレに行こうね、ゆずちゃん」
95500 ,,,,,,,,,,,ゆず,70119,　まごつくゆずちゃんを立たせて、俺は彼女（……彼？）と一緒にトイレへと向かった。
95700 ,,,,,9000,,,隆行,隆行,,,,「ほら……パンツ、脱いでごらん」
96000 ,,,<!pre_ev1>,10,,6601,,ゆず,ゆず,07yuz278_019.wav,ゆず,70101,「ほんとに……立っておしっこなんてできるんですか……？」
96100 ,,,,,,6601,,,,,,,　心細そうに、ゆずちゃんはもじもじしている。
96200 ,,,,,,6601,,隆行,隆行,,,,「大丈夫だよ、俺はいつもそうしてるんだから」
96300 ,,,,,,6601,,ゆず,ゆず,07yuz278_020.wav,ゆず,70101,「で、でも……」
96400 ,,,,,,6601,,隆行,隆行,,,,「だめだよ、チ○チン隠しちゃ」
96500 ,,,,,,6601,,ゆず,ゆず,07yuz278_021.wav,ゆず,70101,「は、はいぃ……」
96600 ,,,,,,6601,,,,,,,　顔を真っ赤にして、ゆずちゃんは自分でパジャマシャツを持ち上げ、おち○ちんを露出させた。
96700 ,,,,,,6601,,隆行,隆行,,,,「さあ、おしっこしてみようね」
96800 ,,,,,,6601,,ゆず,ゆず,07yuz278_022.wav,ゆず,70101,「う……うぅ……」
96900 ,,,,,,6601,,,,,,,　目を閉じ、身体に力を入れるゆずちゃん。
97000 ,,,,,,6601,,,,,,,　すぐにまた目を開けて、困ったような顔を俺に向ける。
97100 ,,,,,,6601,,ゆず,ゆず,07yuz278_023.wav,ゆず,70101,「出ないです……やっぱり、急にはむりです……」
97200 ,,,,,,6601,,隆行,隆行,,,,「おしっこ出そうじゃないの？」
97300 ,,,,,,6601,,ゆず,ゆず,07yuz278_024.wav,ゆず,70101,「わかんないけど……でも、はずかしいし……きんちょうしちゃって、出ないかも……」
97400 ,,,,,,6601,,隆行,隆行,,,,「そっか……困ったね……」
97500 ,,,,,,6601,,,,,,,　そう言って、俺はゆずちゃんのわきにしゃがみ込み、小さなおち○ちんを見つめる。
97600 ,,,,,,6601,,隆行,隆行,,,,「リラックスすれば、出ると思うんだけどなあ……んんっ？」
97700 ,,,,,,6601,,,,,,,　ひくんっ、と、ゆずちゃんのおち○ちんがかすかに動いた。
97800 ,,,,,,6601,,ゆず,ゆず,07yuz278_025.wav,ゆず,70101,「んっ……そんな……見ちゃダメです……」
97900 ,,,,,,6601,,,,,,,　恥ずかしそうに言うゆずちゃん。
98000 ,,,,,,6601,,,,,,,　むくっ……。
98100 ,,,,,,6601,,隆行,隆行,,,,「あっ……ゆずちゃんの、おち○ちんが……」
98200 ,,,,,,6601,,ゆず,ゆず,07yuz278_026.wav,ゆず,70101,「やあっ……先生、見ないで……」
98300 ,,,,,,6602,,,,,,,　むくむくっ……。
98400 ,,,,,,6602,,,,,,,　ゆっくりと、ゆずちゃんのおち○ちんが脈打ちながら、上を向いてゆく。
98500 ,,,,,,6602,,隆行,隆行,,,,「おっきくなっちゃった……」
98600 ,,,,,,6602,,ゆず,ゆず,07yuz278_027.wav,ゆず,70101,「ううっ……だってぇ……先生が、じーっと……見るから……」
98700 ,,,,,,6602,,,,,,,　あっという間に、ゆずちゃんのおち○ちんは完全に勃起し……おしっこ、という感じではなくなってしまった。
98800 ,,,,,,6602,,,,,,,　亀頭は包皮に包まれたまま、ぴくん、ぴくんと震えている。
98900 ,,,,,,6602,,隆行,隆行,,,,「こんなになっちゃ、おしっこも出ないね……」
99000 ,,,,,,6602,,ゆず,ゆず,07yuz278_028.wav,ゆず,70101,「ごっ……ごめんなさいぃ……」
99100 ,,,,,,6602,,隆行,隆行,,,,「ゆずちゃんは別に、悪いことをしてないんだから……謝らなくてもいいよ」
99200 ,,,,,,6602,,ゆず,ゆず,07yuz278_029.wav,ゆず,70101,「でもぅ……ゆずの病気のせいで、おしっこもできなくって……ううっ……ひくぅ……」
99300 ,,,,,,6602,,,,,,,　目尻にみるみると涙が盛り上がってくる。
99400 ,,,,,,6602,,隆行,隆行,,,,「ああっ……ほら、泣いちゃダメだよ……」
99500 ,,,,,,6602,,ゆず,ゆず,07yuz278_030.wav,ゆず,70101,「ううっ……ひくっ……ふえっ……」
99600 ,,,,,,6602,,,,,,,　う～ん……とにかく、ゆずちゃんをリラックスさせないとな……。
99700 ,,,,,,6602,,,,,,,　俺はそう思い、そっとゆずちゃんのおしりに触れた。
99800 ,,,,,,6602,,ゆず,ゆず,07yuz278_031.wav,ゆず,70101,「ひうっ！？」
99900 ,,,,,,6602,,,,,,,　泣いていたゆずちゃんがビックリして目を見開き、背筋を震わせる。
100000 ,,,,,,6602,,ゆず,ゆず,07yuz278_032.wav,ゆず,70101,「なっ……なんですか？　先生……」
100100 ,,,,,,6602,,隆行,隆行,,,,「ゆずちゃんがおしっこできるように、身体の力を抜いてあげようと思ってね……こんな風に」
100200 ,,,,,,6602,,,,,,,　触れるか触れないか、それくらいのタッチでゆずちゃんのおしりを撫でる。
100300 ,,,,,,6602,,ゆず,ゆず,07yuz278_033.wav,ゆず,70101,「ひあんっ……ひゃっ！　くっ……くすぐったい……」
100400 ,,,,,,6602,,,,,,,　肉の薄いゆずちゃんのおしりを、つつつ……となぞって、俺はその割れ目に手を差し込んだ。
100500 ,,,,,,6602,,ゆず,ゆず,07yuz278_034.wav,ゆず,70101,「にゃうん……！　な、なに……するの……？」
100600 ,,,,,,6602,,,,,,,　ゆずちゃんが不安な顔で振り返ったのとほぼ同時に、俺の指先が彼女のおしりの穴にちょんと触れた。
100700 ,,,,,,6602,,ゆず,ゆず,07yuz278_035.wav,ゆず,70101,「んふあっ！」
100800 ,,,,,,6602,,,,,,,　びくん、今度は激しく、ゆずちゃんが震えた。
100900 ,,,,,,6602,,ゆず,ゆず,07yuz278_036.wav,ゆず,70101,「そこぉ……ダメ、おしり……さわったらダメぇ……」
101000 ,,,,,,6602,,隆行,隆行,,,,「ゆずちゃんが硬くなってるから、力が抜けるようにしてあげるんだよ」
101100 ,,,,,,6602,,,,,,,　俺はそう言いながら、指の腹でおしりの穴をくりくりと軽く撫でる。
101200 ,,,,,,6602,,ゆず,ゆず,07yuz278_037.wav,ゆず,70101,「ふあっ！　あっ、くうっ、やぁ……ひゃ……あっ！」
101300 ,,,,,,6602,,隆行,隆行,,,,「ゆずちゃん、おしりの穴で感じちゃってるのかな？」
101400 ,,,,,,6602,,ゆず,ゆず,07yuz278_038.wav,ゆず,70101,「ひゃあんっ……そ、そんなあっ……ダメ、恥ずかしいこと……えっちなこと言わないでぇ……」
101500 ,,,,,,6602,,隆行,隆行,,,,「俺はホントのことを言ってるだけだよ？　ほら、こうやっておしりの穴をいじると……」
101600 ,,,,,,6602,,ゆず,ゆず,07yuz278_039.wav,ゆず,70101,「んひゃうっ！　ひゃ……あああっ！」
101700 ,,,,,,6602,,隆行,隆行,,,,「……って、声が出ちゃうんでしょ？」
101800 ,,,,,,6602,,ゆず,ゆず,07yuz278_040.wav,ゆず,70101,「やぁん……いっ、いじわる……せんせいの……いじわるぅ……」
101900 ,,,,,,6602,,隆行,隆行,,,,「おち○ちんも、気持ちいいって硬くなってるよ？　自分で自分のおち○ちん、見てごらん」
102000 ,,,,,,6602,,ゆず,ゆず,07yuz278_041.wav,ゆず,70101,「やあっ……おち○ちん……ゆずのおち○ちん……はずかしいよぉ……っ」
102100 ,,,,,,6602,,,,,,,　薄く目を開けて、ゆずちゃんは自分のおち○ちんを見下ろした。
102200 ,,,,,,6602,,,,,,,　ひくんと震えながら、おち○ちんはゆずちゃんのお腹にくっつくくらい上を向いてそそり立っている。
102300 ,,,,,,6602,,,,,,,　包茎の皮の先端に、たっぷりと雫が浮いていた。
102400 ,,,,,,6602,,ゆず,ゆず,07yuz278_042.wav,ゆず,70101,「おち○ちん……ぬれちゃってるよぉ……びくんびくんって……かたくなって……先っぽからぬるぬるがあふれてるよぉ……」
102500 ,,,,,,6602,,,,,,,　声を震わせて、ゆずちゃんが呟いた。
102600 ,,,,,,6602,,,,,,,　つつうーっ……。
102700 ,,,,,,6602,,,,,,,　しゃくり上げた瞬間、先端に溜まっていた先走り汁がこぼれ、おち○ちんを伝って股間を濡らす。
102800 ,,,,,,6602,,隆行,隆行,,,,「おち○ちんからぬるぬるがあふれちゃったね……ほらっ……」
102900 ,,,,,,6602,,ゆず,ゆず,07yuz278_043.wav,ゆず,70101,「ひゃうっ……あっ、先生……なに……？」
103000 ,,,,,,6602,,,,,,,　股間に後ろから手を回して、俺はゆずちゃんの袋のところまで垂れてきた淫液を指にすくう。
103100 ,,,,,,6602,,隆行,隆行,,,,「このぬるぬるを指に付けて……」
103200 ,,,,,,6602,,ゆず,ゆず,07yuz278_044.wav,ゆず,70101,「えっ……なに……先生、なにするの……？」
103300 ,,,,,,6602,,,,,,,　尋ねるゆずちゃんには答えずに、俺は指を再びおしりの穴に這わせる。
103400 ,,,,,,6602,,ゆず,ゆず,07yuz278_045.wav,ゆず,70101,「んっ……んく、あっ……ひあっ！　ひゃあ……あ、あ……せんせえ、なに、せんせえっ！？」
103500 ,,,,,,6602,,隆行,隆行,,,,「ゆずちゃんの、女の子の穴に……指を入れちゃうよ……」
103600 ,,,,,,6602,,ゆず,ゆず,07yuz278_046.wav,ゆず,70101,「ひゃあっ……？　ゆっ……ゆずの……穴ぁ……ひう、あ、ひゃ、んあ、あ、ああっ……！」
103700 ,,,,,,6602,,,,,,,　ゆっくりと、マッサージをするように指を動かし……おしりの穴をほぐしながら、少しずつ中に潜り込んでゆく。
103800 ,,,,,,6602,,ゆず,ゆず,07yuz278_047.wav,ゆず,70101,「ひゃはあっ、ゆびぃ……！　せんせいの、ゆび……ゆずのぉ……ゆずの中、入ってる……入って来ちゃうよぉ……っ……！」
103900 ,,,,,,6602,,隆行,隆行,,,,「すごいよ……ゆずちゃんの穴が、指を締め付けて……痛いくらいだよ……」
104000 ,,,,,,6602,,ゆず,ゆず,07yuz278_048.wav,ゆず,70101,「ひゃあ……ご、ごめんなさいぃ……でもぉ……でもぉ、力が……入っちゃうのぉ……おしり、ぎゅーってなっちゃうの……せんせいの指がぁ……動く、動いてるからあぁ……」
104100 ,,,,,,6602,,,,,,,　かくんとヒザの力が抜けそうになるゆずちゃんを、俺は慌てて後ろから支えた。
104200 ,,,,,,6602,,隆行,隆行,,,,「大丈夫？　立ってられないくらい、気持ちいいの？」
104300 ,,,,,,6602,,ゆず,ゆず,07yuz278_049.wav,ゆず,70101,「ふぁい……きもち、いいです……せんせいがゆずの中、いじくってる……感じちゃう、ゆずの……女の子の穴が……感じちゃうよぉ……」
104400 ,,,,,,6602,,,,,,,　俺はゆっくりと指を出し入れし、ゆずちゃんのアヌスを愛撫し続けた。
104500 ,,,,,,6602,,ゆず,ゆず,07yuz278_050.wav,ゆず,70101,「ふやあっ……ひゃん……んくぅ……ひあ……せんせえっ……それぇ……動かすの好き……きもちいいよぉ……ひあああっ……ひゃふううっ……」
104600 ,,,,,,6602,,,,,,,　ゆずちゃんが、がくがくと体を震わせ、潤んだ瞳を俺に向けた。
104700 ,,,,,,6602,,ゆず,ゆず,07yuz278_051.wav,ゆず,70101,「ゆず……はずかしいよぉ……せんせいにあそこいじられて……こんなにしちゃうなんて……はずかしくて……感じちゃうよぉ……」
104800 ,,,,,,6602,,隆行,隆行,,,,「いいんだよ……？　これはゆずちゃんへのご褒美なんだから、ゆずちゃんがたくさん感じても、悪くなんかないんだよ……？」
104900 ,,,,,,6602,,ゆず,ゆず,07yuz278_052.wav,ゆず,70101,「ふあああっ……でっ……でもぉ……もう……きもちよすぎるからぁ……がまんできないよぉ……またおち○ちんから、おくすり出ちゃうよぉ……」
105000 ,,,,,,6602,,隆行,隆行,,,,「おしっこじゃなくて、精液が出ちゃうのかな？」
105100 ,,,,,,6602,,ゆず,ゆず,07yuz278_053.wav,ゆず,70101,「せいえき……？　せいえきって、なに……？」
105200 ,,,,,,6602,,隆行,隆行,,,,「うん、俺がチ○チンから出す薬のこと……精液」
105300 ,,,,,,6602,,ゆず,ゆず,07yuz278_054.wav,ゆず,70101,「あは……▼　あのおくすり、せいえきって言うんだ……ゆず、せいえきだいすき……せいえき、飲むの大好きなのぉ……！」
105400 ,,,,,,6602,,隆行,隆行,,,,「その精液が……出ちゃいそうなのかな？」
105500 ,,,,,,6602,,ゆず,ゆず,07yuz278_055.wav,ゆず,70101,「うん、出ちゃうよぉ……。このまましてたら……ゆず、せいえき出しちゃう……」
105600 ,,,,,,6602,,隆行,隆行,,,,「いいよ……出しちゃっていいよ、おしりに入れた指、たくさん動かして……感じさせてあげるから。思いっきり出しちゃって、ゆずちゃん……」
105700 ,,,,,,6602,,ゆず,ゆず,07yuz278_056.wav,ゆず,70101,「ひああ……あっ……だめぇ……見ないで……せんせい、せいえき出ちゃう……見ないで、はずかしい……あっ、あ、あ、あ……あ……あああああっ……！！」
105900 ,,,<!ef_shasei>,,,6603,,,,,,,　ぴゅる、ぴゅるうっ！！　とく、とくっ……。
106000 ,,,,,,6603,,,,,,,　自分のチ○チンから、白濁した精液がほとばしるのを見ながら……ゆずちゃんが、声を震わせる。
106100 ,,,,,,6603,,ゆず,ゆず,07yuz278_057.wav,ゆず,70101,「ひあああっ、出ちゃった……せいえき出ちゃいました……」
106200 ,,,,,,6603,,隆行,隆行,,,,「おち○ちん、さわってないのに……おしりいじられて射精しちゃったね、ゆずちゃん……」
106300 ,,,,,,6603,,ゆず,ゆず,07yuz278_058.wav,ゆず,70101,「ひう……ふうぅ……うっ……ふああ……」
106400 ,,,,,,6603,,,,,,,　ゆずちゃんは完全に力を失い、俺の腕にもたれかかっている。
106500 ,,,,,,6603,,ゆず,ゆず,07yuz278_059.wav,ゆず,70101,「ひゃあ……力、入らないです……うふぅ……ふああ……また、出ちゃう……またなにか、くる……」
106600 ,,,,,,6603,,隆行,隆行,,,,「えっ……まだ射精するのかな、ゆずちゃん？」
106700 ,,,,,,6603,,ゆず,ゆず,07yuz278_060.wav,ゆず,70101,「そうじゃなくって……あ、だめぇ……がまんできない……出ちゃう、出ちゃう……おしっこ、出ちゃうぅ……」
106900 ,,,<!ef_shasei>,,,6604,,,,,,,　ぷしゃああああ……。
107000 ,,,,,,6604,,隆行,隆行,,,,「あっ……！？」
107100 ,,,,,,6604,,ゆず,ゆず,07yuz278_061.wav,ゆず,70101,「ふぁ……あああああ…………」
107200 ,,,,,,6604,,,,,,,　今度出たモノは、精液ではなかった。
107300 ,,,,,,6604,,,,,,,　ゆずちゃんのチ○チンから、おしっこが便器へと吸い込まれてゆく。
107400 ,,,,,,6604,,ゆず,ゆず,07yuz278_062.wav,ゆず,70101,「ひゃあ……おしっこ出ちゃった……ああっ……」
107500 ,,,,,,6604,,隆行,隆行,,,,「ほら……立ったままでも、おしっこがちゃんとできるだろ？」
107600 ,,,,,,6604,,ゆず,ゆず,07yuz278_063.wav,ゆず,70101,「ホントです……おち○ちんって……便利なんだ……」
107700 ,,,,,,6604,,隆行,隆行,,,,「少しは、チ○チンが好きになった？」
107800 ,,,,,,6604,,ゆず,ゆず,07yuz278_064.wav,ゆず,70101,「えっと……でも、ゆず、やっぱり女の子だから……ホントは、おち○ちん無いハズなんだから……」
107900 ,,,,,,6604,,,,,,,　沈んだ声でそう呟いてから、ゆずちゃんは俺の顔を見て軽く微笑んだ。
108000 ,,,,,,6604,,ゆず,ゆず,07yuz278_065.wav,ゆず,70101,「でも……トイレのときはべんりかも……それに、おくすり……せいえき出すの、きもちいいです……」
108100 ,,,,,,6604,,,,,,,　はにかんだような笑顔でそう言うと、ゆずちゃんはおねだりするように、俺に顔をぴとっとくっつけて、ささやいた。
108200 ,,,,,,6604,,ゆず,ゆず,07yuz278_066.wav,ゆず,70101,「だから……先生、もっともっと……おべんきょうだけじゃなくって、きもちよくなることも……たーっくさん、教えてくださいね……▼」
108300 ,,,,,,6604,,隆行,隆行,,,,「ああ……約束するよ、ゆずちゃん……ただし」
108400 ,,,,,,6604,,ゆず,ゆず,07yuz278_067.wav,ゆず,70101,「えっ……？」
108500 ,,,,,,6604,,隆行,隆行,,,,「ただし、ちゃんと勉強して成績が上がったら……ね」
108600 ,,,,,,6604,,ゆず,ゆず,07yuz278_068.wav,ゆず,70101,「うん。おべんきょう、がんばっちゃいます」
108700 ,,,,,9000,6604,,,,,,,　にっこりと微笑んだゆずちゃんの頭を、俺も微笑みながら撫でていた。
108900 ,$return,,,,,,,,,,,,
109000 ,&07yuz050ha,,,4294967295,9000,,,,,,,,
109390 ,,,<!se_chime_ext><wait 700>,,,,,,,,,,
109400 ,,,,8,13,,,隆行,隆行,,,,「どうも、こんにちは……森崎です」
109500 ,,,,,9000,,,,,,,,　ゆずちゃんのお母さんが出てきて、いつものようにゆずちゃんの部屋へと案内してくれた。
109700 ,,,<!ef_move>,,14,,,隆行,隆行,,,,「やあ、ゆずちゃん」
109800 ,,,,,,,,ゆず,ゆず,07yuz279_001.wav,ゆず,70101,「先生、こんにちは」
109900 ,,,,,,,,,,,ゆず,70101,　ベッドの上で上半身を起こしていたゆずちゃんが、ペコリと頭を下げた。
110000 ,,,,,,,,隆行,隆行,,ゆず,70101,「じゃあ、今日も授業を始めようね」
110100 ,,,,,,,,,,,ゆず,70101,　俺がカバンを下ろして準備を始めていると、ゆずちゃんが身を乗り出して俺に訊いてきた。
110200 ,,,,,,,,ゆず,ゆず,07yuz279_002.wav,ゆず,70106,「ねぇ、先生……」
110300 ,,,,,,,,隆行,隆行,,ゆず,70106,「んっ、なに……？」
110400 ,,,,,,,,ゆず,ゆず,07yuz279_003.wav,ゆず,70113,「ママとけっこんしてくれませんか？」
110500 ,,,,,,,,隆行,隆行,,ゆず,70113,「ぶはっ……！？　い、いきなり何を……」
110600 ,,,,,,,,ゆず,ゆず,07yuz279_004.wav,ゆず,70113,「だって……先生がママとけっこんすれば、本当にゆずのパパになるから……」
110700 ,,,,,,,,,,,ゆず,70113,　何を言い出すかと思えば、この子は……。
110800 ,,,,,,,,,,,ゆず,70113,　まあ、ゆずちゃんのお母さん……三十路に入ってるとは思えないくらい、若くてキレイな＜女性＝ひと＞なんだけどさ。
110900 ,,,,,,,,,,,ゆず,70113,　ちょっとおっとり系なのも、好みかも……じゃない！
111000 ,,,,,,,,隆行,隆行,,ゆず,70113,「でもさ、ゆずちゃん。俺がゆずちゃんのパパになったら、もうエッチなことは教えてあげられないよ？」
111100 ,,,,,,,,ゆず,ゆず,07yuz279_005.wav,ゆず,70114,「えっ、なんでですか……？」
111200 ,,,,,,,,隆行,隆行,,ゆず,70114,「フツーの＜親娘＝おやこ＞は、そんなことしないからね」
111300 ,,,,,,,,ゆず,ゆず,07yuz279_006.wav,ゆず,70119,「ふ、ふつうじゃなくてもいいもん……ゆず、お父さんにえっちなことしてほしいです……」
111400 ,,,,,,,,,,,ゆず,70119,　そう言って毛布の中に隠れてしまうゆずちゃんの可愛さに、俺は思わず押し倒してしまいそうになる。
111500 ,,,,,,,,,,,ゆず,70119,　とりあえず呼吸を落ち着かせ、勃起したチ○チンを悟られないよう下半身を遠ざけた姿勢で……俺はゆずちゃんをきゅっと抱きしめた。
111600 ,,,,,,,,ゆず,ゆず,07yuz279_007.wav,ゆず,70128,「あ……」
111700 ,,,,,,,,隆行,隆行,,ゆず,70128,「次のご褒美は、テストをクリアしたらな……？」
111800 ,,,,,,,,ゆず,ゆず,07yuz279_008.wav,ゆず,70101,「うん……」
112000 ,$return,,,,,,,,,,,,
112100 ,&07yuz060h,,<!ef_timepass>,8,14,,,,,,,,
112400 ,,,,,,,,隆行,隆行,,,,「はい、今回も頑張ったね、合格だよ」
112500 ,,,,,,,,,,,,,　小テストの答案用紙を返しながら、俺はゆずちゃんの頭を撫でた。
112600 ,,,,,,,,ゆず,ゆず,07yuz280_001.wav,ゆず,70101,「先生に……なでなでして欲しいから、がんばっちゃいました」
112700 ,,,,,,,,,,,ゆず,70101,　甘えるように、ゆずちゃんが言う。
112800 ,,,,,,,,隆行,隆行,,ゆず,70101,「そっか……じゃあ、たくさんなでなでしてあげるね」
112900 ,,,,,,,,ゆず,ゆず,07yuz280_002.wav,ゆず,70102,「うふふ……うれしいです……」
113000 ,,,,,,,,ゆず,ゆず,07yuz280_003.wav,ゆず,70102,「ゆず、ママも大好きだけど……先生も、おなじくらい大好きです▼」
113100 ,,,,,,,,隆行,隆行,,ゆず,70102,「そう言ってもらえて、嬉しいよ」
113200 ,,,,,,,,ゆず,ゆず,07yuz280_004.wav,ゆず,70122,「先生、信じてません？　ほんとうなのに……」
113300 ,,,,,,,,,,,ゆず,70122,　ぷうっとほっぺたを膨らませて、ゆずちゃんが拗ねてみせる。
113400 ,,,,,,,,,,,ゆず,70122,　その仕草が可愛らしくて、思わず俺はくすくすと笑った。
113500 ,,,,,,,,ゆず,ゆず,07yuz280_005.wav,ゆず,70106,「ねえ、先生……？」
113600 ,,,,,,,,隆行,隆行,,ゆず,70106,「ん、どうしたの？」
113700 ,,,,,,,,ゆず,ゆず,07yuz280_006.wav,ゆず,70113,「あの……」
113800 ,,,,,,,,,,,ゆず,70113,　ほっぺたをちょっと赤くして、ゆずちゃんはもじもじしながら俺の顔色をうかがっている。
113900 ,,,,,,,,隆行,隆行,,ゆず,70113,「どうかした？　あ、もしかして……トイレ？」
114000 ,,,,,,,,ゆず,ゆず,07yuz280_007.wav,ゆず,70119,「と、トイレじゃないです……けど」
114100 ,,,,,,,,隆行,隆行,,ゆず,70119,「けど、なに？」
114200 ,,,,,,,,ゆず,ゆず,07yuz280_008.wav,ゆず,70113,「この間……あの、先生といっしょにトイレに行って、思ったんです……」
114300 ,,,,,,,,ゆず,ゆず,07yuz280_009.wav,ゆず,70128,「ゆずと、先生の……あのっ……あの、お……おち○ちん……」
114400 ,,,,,,,,隆行,隆行,,ゆず,70128,「……へっ？」
114500 ,,,,,,,,ゆず,ゆず,07yuz280_010.wav,ゆず,70128,「なんか……おち○ちん……その、ちょっと……かたちが……ぜんぜん、ちがうなあって……その……」
114600 ,,,,,,,,隆行,隆行,,ゆず,70128,「ああ……そういうことか」
114700 ,,,,,,,,ゆず,ゆず,07yuz280_011.wav,ゆず,70128,「それで、その……先生のおち○ちん、もっとよく見せて……欲しいんです……ぅ……」
114800 ,,,,,,,,隆行,隆行,,ゆず,70128,「俺のおち○ちんを見たいのね……って、えええっ！？」
114900 ,,,,,,,,,,,ゆず,70128,　驚きのあまり大きな声を出してしまう俺。
115000 ,,,,,,,,,,,ゆず,70128,　そんな俺の様子を見て、びくっと肩をすくめるゆずちゃん。
115100 ,,,,,,,,ゆず,ゆず,07yuz280_012.wav,ゆず,70119,「あっ、だ、ダメなら……あの……ごめんなさい……」
115200 ,,,,,,,,隆行,隆行,,ゆず,70119,「いや……ダメってわけじゃないけど……」
115300 ,,,,,,,,ゆず,ゆず,07yuz280_013.wav,ゆず,70118,「ほんと？」
115400 ,,,,,,,,隆行,隆行,,ゆず,70118,「う、うん……」
115500 ,,,,,,,,ゆず,ゆず,07yuz280_014.wav,ゆず,70116,「わぁい、うれしいです▼」
115600 ,,,,,,,,隆行,隆行,,ゆず,70116,「なんか……変なことになっちゃったなあ……」
115700 ,,,,,,,,,,,ゆず,70116,　奇妙な展開に、思わずつぶやく俺なのであった。
116000 ,,,<!pre_ev1>,10,,6401,,隆行,隆行,,,,「こうしてればいいの……？」
116100 ,,,,,,6401,,,,,,,　ゆずちゃんのベッドに横たわり、俺は尋ねた。
116200 ,,,,,,6401,,ゆず,ゆず,07yuz280_015.wav,ゆず,70101,「うんっ。そのまま、じーっとしててくださいね……」
116300 ,,,,,,6401,,,,,,,　そう言ってゆずちゃんは俺の上にのしかかり、俺と上下逆さまの体勢になると、ズボンのジッパーに手を掛けた。
116400 ,,,,,,6401,,ゆず,ゆず,07yuz280_016.wav,ゆず,70101,「それじゃ……出しちゃいますよぉ……」
116500 ,,,,,,6401,,,,,,,　ゆずちゃんの手が、俺のズボンの前を開く。
116600 ,,,,,,6401,,ゆず,ゆず,07yuz280_017.wav,ゆず,70101,「なんだか、いけないことしてるみたいです……どきどきするぅ……」
116700 ,,,,,,6401,,隆行,隆行,,,,「いいことじゃないかもね……いや、イイコトかも知れないけど」
116800 ,,,,,,6401,,ゆず,ゆず,07yuz280_018.wav,ゆず,70101,「変なの、先生」
116900 ,,,,,,6401,,,,,,,　くすくす笑ってズボンの中に指を差し入れるゆずちゃん。
117000 ,,,,,,6401,,ゆず,ゆず,07yuz280_019.wav,ゆず,70101,「先生のおち○ちん……ふにふにしてる」
117100 ,,,,,,6401,,,,,,,　首をかしげながらゆずちゃんが、まだ柔らかさを保っている俺のペニスを引っ張り出してきた。
117200 ,,,,,,6401,,ゆず,ゆず,07yuz280_020.wav,ゆず,70101,「ゆずのおち○ちんは、先生のみたいに、おっきくなくて……先っぽがとがってるんです……やっぱり、ゆずが病気だからかな……？」
117300 ,,,,,,6401,,隆行,隆行,,,,「いや、それはね……小さい頃は、誰だってそうやって皮がかぶってるんだ。大人になると、その皮が剥けるようになって……大人のチ○チンに変わるんだよ」
117400 ,,,,,,6401,,ゆず,ゆず,07yuz280_021.wav,ゆず,70101,「そうなんですか……。じゃあ、ゆずのおち○ちんも大人になったら先生のみたいになっちゃうんですか……？」
117500 ,,,,,,6401,,隆行,隆行,,,,「もしかしたら、ね」
117600 ,,,,,,6401,,ゆず,ゆず,07yuz280_022.wav,ゆず,70101,「あ、でも……ゆずのは病気なんだから、大人になる頃にはなくなってますよね、きっと……！」
117700 ,,,,,,6401,,,,,,,　そんなことを呟いてから、ゆずちゃんはいきなり口を開き……俺のペニスをぱくんっと口に含んだ。
117800 ,,,,,,6401,,隆行,隆行,,,,「うわっ……！？」
117900 ,,,,,,6401,,ゆず,ゆず,07yuz280_023.wav,ゆず,70101,「んむ、んむぅ……」
118000 ,,,,,,6401,,,,,,,　あったかい口中粘膜が、俺の亀頭を包み込む。
118100 ,,,,,,6401,,隆行,隆行,,,,「うっ……ふあ……」
118200 ,,,,,,6401,,ゆず,ゆず,07yuz280_024.wav,ゆず,70101,「んむぁ……先生……きもちいい？」
118300 ,,,,,,6401,,隆行,隆行,,,,「う、うん……」
118400 ,,,,,,6401,,ゆず,ゆず,07yuz280_025.wav,ゆず,70101,「うふふっ……うれしいです……」
118500 ,,,,,,6401,,,,,,,　にこりと微笑んで、ゆずちゃんは再び俺のモノを舐め始めた。
118600 ,,,,,,6401,,ゆず,ゆず,07yuz280_026.wav,ゆず,70101,「んむぅ……ぷちゅっ、くちゅ……ふぁ……せんせぇの、おち○ちん……おっきくなってきましたぁ……」
118700 ,,,,,,6401,,ゆず,ゆず,07yuz280_027.wav,ゆず,70101,「お、おっきすぎて……んあぁっ……お口に入らなくなっちゃいました……」
118800 ,,,,,,6401,,,,,,,　ゆずちゃんはうっとりとした顔でそう言うと、勃起したペニスの根本を持って亀頭に舌を這わせる。
118900 ,,,,,,6401,,ゆず,ゆず,07yuz280_028.wav,ゆず,70101,「ぺろ……ちゅ、ちゅっ……んちゅ……ぺろっ……」
119000 ,,,,,,6401,,隆行,隆行,,,,「ううっ……上手だよ、ゆずちゃん……」
119100 ,,,,,,6401,,ゆず,ゆず,07yuz280_029.wav,ゆず,70101,「んっ……んむ、んむっ……あむ……」
119200 ,,,,,,6401,,,,,,,　亀頭だけを口に入れると、もうゆずちゃんの小さなお口はいっぱいになってしまう。
119300 ,,,,,,6401,,,,,,,　それでも一生懸命、ゆずちゃんは口の中で舌を動かし、俺のモノをしゃぶっていた。
119400 ,,,,,,6401,,隆行,隆行,,,,「ゆ……ゆずちゃん……気持ちいいよっ……」
119500 ,,,,,,6401,,ゆず,ゆず,07yuz280_030.wav,ゆず,70101,「ふぁ……せんせぇの、おち○ちん……おいしいです……はむぁ……好き……これ、好きぃ……」
119600 ,,,,,,6401,,,,,,,　ゆずちゃんは俺の言葉も聞こえないほど、おしゃぶりに熱中しているようだ。
119700 ,,,,,,6401,,,,,,,　俺は……そんなゆずちゃんのパジャマの股間が、はっきりと盛り上がっているのを発見した。
119800 ,,,,,,6401,,隆行,隆行,,,,「ゆずちゃん……ゆずちゃんもおち○ちん、大きくしちゃってるんだね」
119900 ,,,,,,6401,,ゆず,ゆず,07yuz280_031.wav,ゆず,70101,「えっ……！？　だ、だってぇ……先生のおち○ちん舐めてたら……感じちゃったんだもん……」
120000 ,,,,,,6401,,隆行,隆行,,,,「ホントだ……ゆずちゃんのおち○ちんから染み出した先走り汁が、パジャマもパンツも濡らしちゃってるよ」
120100 ,,,,,,6401,,ゆず,ゆず,07yuz280_032.wav,ゆず,70101,「やぁんっ、そんなこと言ったらだめです……」
120200 ,,,,,,6401,,隆行,隆行,,,,「ゆずちゃんのおち○ちん、見ちゃおうかな」
120300 ,,,,,,6401,,ゆず,ゆず,07yuz280_033.wav,ゆず,70101,「いやぁん……見られるの、はずかしいですよぉ……」
120400 ,,,,,,6401,,,,,,,　恥ずかしそうな声を上げながら、それでもゆずちゃんは俺の手を拒みはしない。
120500 ,,,,,,6402,,,,,,,　ぽろんっ、と、音がしそうなくらいの勢いで、ゆずちゃんのおち○ちんが俺の目の前に現れる。
120600 ,,,,,,6402,,,,,,,　先っぽを先走り汁でぬるぬるに濡らしたゆずちゃんのおち○ちんが、視線を感じてひくっとしゃくり上げた。
120700 ,,,,,,6402,,隆行,隆行,,,,「べたべたになっちゃったね……俺が、きれいにしてあげるよ……」
120800 ,,,,,,6402,,ゆず,ゆず,07yuz280_034.wav,ゆず,70101,「えっ……な、なに……？　せんせえっ……ひあ、あっ、なにいっ……？」
120900 ,,,,,,6402,,,,,,,　俺はそっと……ゆずちゃんのおち○ちんを唇にくわえ、舌先で包皮に溜まった先走り汁を舐め取ってやった。
121000 ,,,,,,6402,,,,,,,　おそらく、ゆずちゃんにとっては初めてだろう柔らかな舌先の快感に、ゆずちゃんはあえぎ声を上げる。
121100 ,,,,,,6402,,ゆず,ゆず,07yuz280_035.wav,ゆず,70101,「ひゃうんっ！　だっ、だめぇ……おち○ちんそんなぁ……おくちで……先生のおくちでなんてぇ……しちゃダメですぅ……！」
121200 ,,,,,,6402,,隆行,隆行,,,,「ゆずちゃんがしてくれたのと、同じことをしてるだけだよ……？」
121300 ,,,,,,6402,,ゆず,ゆず,07yuz280_036.wav,ゆず,70101,「でっ……でもぉ……だめ、だめなのぉ……」
121400 ,,,,,,6402,,隆行,隆行,,,,「どうして？　ゆずちゃんのチ○チン、おいしいよ？」
121500 ,,,,,,6402,,ゆず,ゆず,07yuz280_037.wav,ゆず,70101,「ひゃあぅ……だめぇ……おいしいなんて言っちゃだめですぅ……あっ、んくうっ……！」
121600 ,,,,,,6402,,,,,,,　俺はゆずちゃんのちっちゃなペニスを口の中にほおばり、軽くちゅうっと吸ってあげた。
121700 ,,,,,,6402,,ゆず,ゆず,07yuz280_038.wav,ゆず,70101,「んくぁ、ひゃう、うああっ……せっ……せんせ……えっ……やはあんっ！！」
121800 ,,,,,,6402,,,,,,,　ゆずちゃんが、ひときわ甲高い悲鳴を上げる。
121900 ,,,,,,6402,,,,,,,　すると俺の口の中に、ゆずちゃんの味がじんわりと広がった。
122000 ,,,,,,6402,,,,,,,　不思議と、いやな感じはせず……それどころか、ゆずちゃんとの一体感を感じて、俺は幸せな気分になる。
122100 ,,,,,,6402,,ゆず,ゆず,07yuz280_039.wav,ゆず,70101,「ひ、ふぁ……ひゃう、あっ、んああ……せんせえっ……おち○ちん……んあ、きゅんってなるよぉ……おち○ちん、きもちいいよおっ……▼」
122200 ,,,,,,6402,,,,,,,　俺のペニスにしがみつくようにしながら、ゆずちゃんが荒い息を吐く。
122300 ,,,,,,6402,,ゆず,ゆず,07yuz280_040.wav,ゆず,70101,「あ、んっ……ゆ、ゆずも……先生のおち○ちん……ぺろぺろする……！」
122400 ,,,,,,6402,,ゆず,ゆず,07yuz280_041.wav,ゆず,70101,「んむっ、あむ、んむぅぅ……」
122500 ,,,,,,6402,,,,,,,　ゆずちゃんに負けじと、俺も彼女のおち○ちんをぱっくりと口に含んで、頭を揺らして唇でしごいてあげた。
122600 ,,,,,,6402,,ゆず,ゆず,07yuz280_042.wav,ゆず,70101,「んあっ……！　きゃんっ、せんせえっ！　あっ、そんなあっ……そんな、強いの……ああっ……あっ、だめぇ……ひんっ……ひゃふ、ひゃあっ！」
122700 ,,,,,,6402,,ゆず,ゆず,07yuz280_043.wav,ゆず,70101,「ゆ……ゆずもそれやるぅ……ゆずも先生に……そうやってあげるよぉ……▼」
122800 ,,,,,,6402,,,,,,,　俺のやり方を覚えて、ゆずちゃんが唇を使い出した。
122900 ,,,,,,6402,,ゆず,ゆず,07yuz280_044.wav,ゆず,70101,「んむ、ちゅぷ、ん、んむっ……せんせえっ……きもちいい？　こうすると、せんせいのおち○ちん感じる？」
123000 ,,,,,,6402,,隆行,隆行,,,,「ああ……初めてなのに、上手だね……とっても、気持ちいいよ」
123100 ,,,,,,6402,,ゆず,ゆず,07yuz280_045.wav,ゆず,70101,「んふっ……んっ、じゅぷっ、んむ、んっ……ちゅぷっ……」
123200 ,,,,,,6402,,,,,,,　ゆずちゃんが一生懸命、俺のモノをしゃぶっている。
123300 ,,,,,,6402,,,,,,,　俺の方もゆずちゃんを口の中全体で味わい、かわいがってやる。
123400 ,,,,,,6402,,ゆず,ゆず,07yuz280_046.wav,ゆず,70101,「んむっ！　んっ、ん……んあぁ……！　せんせえっ、ダメぇ……それされたら、ゆずの方が……先生のおち○ちん、ぺろぺろできなくなっちゃうぅ……」
123500 ,,,,,,6402,,,,,,,　あえぎながら、それでもゆずちゃんは懸命に俺のモノを舌で愛撫し続ける。
123600 ,,,,,,6402,,,,,,,　俺たちは互いに、相手のペニスを夢中で味わい続けた。
123700 ,,,,,,6402,,ゆず,ゆず,07yuz280_047.wav,ゆず,70101,「んぷぁ……せんせえ……だめぇ……でちゃいそうですぅ……」
123800 ,,,,,,6402,,,,,,,　おしりをくねらせて、ゆずちゃんが泣きそうな声を上げる。
123900 ,,,,,,6402,,ゆず,ゆず,07yuz280_048.wav,ゆず,70101,「なんかぁ……きもちよすぎて、力が……抜けちゃうの……変になっちゃうのぉ……」
124000 ,,,,,,6402,,,,,,,　俺はゆずちゃんのおち○ちんから口を離すと、その可愛らしい勃起を指でこすり、ゆずちゃんに言った。
124100 ,,,,,,6402,,隆行,隆行,,,,「ゆずちゃん、出しちゃってもいいよ……」
124200 ,,,,,,6402,,ゆず,ゆず,07yuz280_049.wav,ゆず,70101,「うん……先生も……ゆずのおくちに、出していいからね……ふぁ……んむっ、はむぅ……」
124300 ,,,,,,6402,,ゆず,ゆず,07yuz280_050.wav,ゆず,70101,「んっ、んんっ、んむっ……んっ、んくぅ、ん、んぁ、あんっ……▼」
124400 ,,,,,,6402,,,,,,,　ゆずちゃんが、一層激しく頭を動かす。
124500 ,,,,,,6402,,,,,,,　そうすることで快感が倍増するかのように、俺もゆずちゃんのチ○チンを舐めながら、強張ったサオを指でしごいた。
124600 ,,,,,,6402,,ゆず,ゆず,07yuz280_051.wav,ゆず,70101,「んむっ、あっ……せんせぇっ……だめぇ、それ……おち○ちんきもちいいよぉ……ふあぁ……あっ、ああっ！」
124700 ,,,,,,6402,,隆行,隆行,,,,「も、もう……出るよゆずちゃん……出る……ううっ！」
124800 ,,,,,,6402,,ゆず,ゆず,07yuz280_052.wav,ゆず,70101,「出してぇ……せんせいのおくすり飲ませて……おち○ちん、ぴゅぴゅってせいえき出してえっ……！！」
124900 ,,,,,,6402,,,,,,,　叫びながら、ゆずちゃんは俺のチ○チンをつかんで必死にしごく。
125000 ,,,,,,6402,,,,,,,　そして、ついに我慢の限界が訪れ……俺はゆずちゃんの顔めがけて、大量の精液を放出した。
125100 ,,,<!ef_shasei>,,,6403,,,,,,,　どびゅっ、びゅびゅっ、びゅるるぅっ……！！
125200 ,,,,,,6403,,ゆず,ゆず,07yuz280_053.wav,ゆず,70101,「ふあっ！　せいえきぃ……！　あふあああ……っ！」
125300 ,,,,,,6403,,,,,,,　俺の射精を顔に浴び、ゆずちゃんが力の抜けたあえぎ声を上げたその瞬間……。
125400 ,,,,,,6403,,ゆず,ゆず,07yuz280_054.wav,ゆず,70101,「だめぇ、ゆずも出ちゃう……ゆずも出しちゃうぅ……！」
125500 ,,,,,,6403,,,,,,,　彼女のおち○ちんが、俺の口の中で膨れ上がり、暴発した！
125600 ,,,,,,6403,,,,,,,　どくんっ、どくっ、びゅるる……。
125700 ,,,,,,6403,,ゆず,ゆず,07yuz280_055.wav,ゆず,70101,「ひああっ、出てるぅ……ゆずのせいえきぃ……せんせいのおくちの中に……出しちゃった……」
125800 ,,,,,,6403,,,,,,,　ゆずちゃんが射精する量は、俺と比べてもだいぶ少ない。それだけに、ノドの奥に注ぎ込まれた熱い液体を、俺は夢中になって飲み干した。
125900 ,,,,,,6403,,ゆず,ゆず,07yuz280_056.wav,ゆず,70101,「いやあっ……せんせい、ゆずの飲んでるぅ……ゆずのせいえき、先生が……飲んじゃってるよぉ……」
126000 ,,,,,,6403,,,,,,,　顔中を俺の精液でべたべたに汚しながら、ゆずちゃんは快感に声を震わせる。
126100 ,,,,,,6403,,ゆず,ゆず,07yuz280_057.wav,ゆず,70101,「ああっ……ひあっ……」
126200 ,,,,,,6403,,隆行,隆行,,,,「ゆずちゃんの精液、最後の一滴まできれいに飲んであげるからね……」
126300 ,,,,,,6403,,,,,,,　俺はそうささやくと、ゆずちゃんのチ○チンをくわえ、包皮の中と尿道に残った精液を吸い取ってやる。
126400 ,,,,,,6403,,ゆず,ゆず,07yuz280_058.wav,ゆず,70101,「ひゃあんっ……だめぇ……ゆずのおち○ちん、いまジンジンしてるからぁ……だから、そんなことしちゃだめぇ……」
126500 ,,,,,,6403,,,,,,,　そう言いながら、ゆずちゃんの方も俺のペニスを舌で舐め、清めてくれる。
126600 ,,,,,,6403,,,,,,,　俺たち二人は、互いの精液を味わいながら、相手の身体をきれいにしてやった。
126700 ,,,,,9000,6403,,,,,,,　俺は……いつの間にか、ゆずちゃんにおち○ちんが付いているというコトを、気にしなくなっている自分に……気づき始めていた……。
126900 ,$return,,,,,,,,,,,,
127000 ,&07yuz060ha,,,4294967295,9000,,,,,,,,
127390 ,,,<!se_chime_ext><wait 700>,,,,,,,,,,
127400 ,,,,8,13,,,隆行,隆行,,,,「こんにちは、森崎です」
127500 ,,,,,,,,,,,,,　なんだか笑顔のお母さんが、俺を出迎える。
127600 ,,,,,9000,,,,,,,,　いつものように部屋へ案内するまでの間……ゆずちゃんのお母さんは、嬉しそうにゆずちゃんの様子を話してくれた。
127700 ,,,,,,,,,,,,,　最近はすっかり活発になって、外出にも興味が出てきているらしい。話し相手にもなってくれた俺のおかげに違いないと、お母さんは本当に喜んでいた。
127800 ,,,,,,,,,,,,,　ゆずちゃんのお母さんの顔……笑ったところは、やっぱりゆずちゃんに似ている。人の嬉しそうな顔を見るのは、自分にとっても幸せなことだなあ……。
128000 ,,,<!ef_move>,,14,,,ゆず,ゆず,07yuz281_001.wav,ゆず,70101,「あっ、先生……遅いですっ」
128100 ,,,,,,,,隆行,隆行,,ゆず,70101,「ごめんごめん」
128200 ,,,,,,,,ゆず,ゆず,07yuz281_002.wav,ゆず,70114,「ママと……なにか話してたんですか？」
128300 ,,,,,,,,隆行,隆行,,ゆず,70114,「ああ、ちょっとね……。お母さん、ゆずちゃんが元気になったって、とっても喜んでたよ」
128400 ,,,,,,,,ゆず,ゆず,07yuz281_003.wav,ゆず,70102,「うん……さいきん、ママと話すのも楽しいの」
128500 ,,,,,,,,隆行,隆行,,ゆず,70102,「そっか……いいことだよ。いろんなことを、たくさん話すといいね」
128600 ,,,,,,,,ゆず,ゆず,07yuz281_004.wav,ゆず,70101,「うん。ママにね、先生とけっこんするようおねがいしたりしました」
128700 ,,,,,,,,隆行,隆行,,ゆず,70101,「えっ、えええっ……！？」
128800 ,,,,,,,,ゆず,ゆず,07yuz281_005.wav,ゆず,70101,「先生がパパになってくれれば、ずっといっしょにいられるから……って」
128900 ,,,,,,,,隆行,隆行,,ゆず,70101,「そ、そう……」
129000 ,,,,,,,,,,,ゆず,70101,　そういや……ゆずちゃんのお母さん、今日はなんとなく積極的だったような……。
129100 ,,,,,,,,ゆず,ゆず,07yuz281_006.wav,ゆず,70114,「先生は、どうですか……？」
129200 ,,,,,,,,隆行,隆行,,ゆず,70114,「な、なにが……？」
129300 ,,,,,,,,ゆず,ゆず,07yuz281_007.wav,ゆず,70114,「ゆずのママです。けっこんあいてに」
129400 ,,,,,,,,隆行,隆行,,ゆず,70114,「ぶほっ……！　げほっ、けほっ」
129500 ,,,,,,,,ゆず,ゆず,07yuz281_008.wav,ゆず,70106,「きらいですか……？」
129600 ,,,,,,,,隆行,隆行,,ゆず,70106,「ち、違う、そんなんじゃないよ。ただ、あんまり予想外の話だから……ちょっと驚いただけ」
129700 ,,,,,,,,ゆず,ゆず,07yuz281_009.wav,ゆず,70113,「ゆず……へんなこと言ったですか？」
129800 ,,,,,,,,,,,ゆず,70113,　ゆずちゃんは、無邪気にきょとんとしている。
129900 ,,,,,,,,,,,ゆず,70113,　ゆずちゃんの中では……『父親になってほしい』とか、『いっしょにいたい』とか、『好き』ってのは……並列の要素なんだろうな……。
130000 ,,,,,,,,隆行,隆行,,ゆず,70113,「ま、まあ……とにかく、まずは勉強を頑張ろう」
130100 ,,,,,,,,ゆず,ゆず,07yuz281_010.wav,ゆず,70102,「うん、がんばります」
130300 ,$return,,,,,,,,,,,,
130400 ,&07yuz070h,,<!ef_timepass>,8,14,,,,,,,,
130700 ,,,,,,,,ゆず,ゆず,07yuz282_001.wav,ゆず,70101,「先生、合格ですか？」
130800 ,,,,,,,,,,,ゆず,70101,　ゆずちゃんが、採点中の答案用紙を心配そうにのぞき込む。
130900 ,,,,,,,,隆行,隆行,,ゆず,70101,「うん、合格だよ」
131000 ,,,,,,,,ゆず,ゆず,07yuz282_002.wav,ゆず,70103,「わぁい……！」
131100 ,,,,,,,,,,,ゆず,70103,　ゆずちゃんは、両手を上げながら飛び上がって喜ぶ。出会った頃と比べて、今はもうだいぶ元気な仕草をするようになってきた。
131200 ,,,,,,,,隆行,隆行,,ゆず,70103,「ゆずちゃんは勉強熱心だから、先生も教えてて楽しいよ」
131300 ,,,,,,,,ゆず,ゆず,07yuz282_003.wav,ゆず,70102,「だって……先生とおべんきょうするの、好きなんだもん」
131400 ,,,,,,,,隆行,隆行,,ゆず,70102,「好きなのは、お勉強じゃなくって……その後のご褒美なんじゃないのかな、ゆずちゃん？」
131500 ,,,,,,,,ゆず,ゆず,07yuz282_004.wav,ゆず,70122,「う……しらないもんっ」
131600 ,,,,,,,,,,,ゆず,70122,　顔を赤くしてそっぽを向いたゆずちゃんに、俺はにやにやと笑って尋ねる。
131700 ,,,,,,,,隆行,隆行,,ゆず,70122,「それじゃあ、ご褒美はいらないのかな？」
131800 ,,,,,,,,ゆず,ゆず,07yuz282_005.wav,ゆず,70119,「あっ……」
131900 ,,,,,,,,ゆず,ゆず,07yuz282_006.wav,ゆず,70105,「い……いります……」
132000 ,,,,,,,,ゆず,ゆず,07yuz282_007.wav,ゆず,70106,「先生、ゆずにごほうび……ちょうだい……えっちなことも……おべんきょう、したいです……」
132100 ,,,,,,,,,,,ゆず,70106,　顔を真っ赤にして、ゆずちゃんが俺にすがりつく。
132200 ,,,,,,,,隆行,隆行,,ゆず,70106,「なにをお勉強したい？」
132300 ,,,,,,,,ゆず,ゆず,07yuz282_008.wav,ゆず,70115,「もっと……もっと、ゆずがきもちよくなる方法を……たくさん、教えてください……」
132400 ,,,,,,,,,,,ゆず,70115,　俺はベッドに腰掛け、ゆずちゃんに手を差し伸べて呼びかける。
132500 ,,,,,,,,隆行,隆行,,ゆず,70115,「それじゃあ……パンツを脱いで、こっちにおいで、ゆずちゃん」
132600 ,,,,,,,,ゆず,ゆず,07yuz282_009.wav,ゆず,70116,「は……はいっ▼」
132700 ,,,,,,,,,,,ゆず,70116,　立ち上がったゆずちゃんが、パジャマに手を掛けて……恥ずかしそうに、俺の顔を見る。
132800 ,,,,,,,,ゆず,ゆず,07yuz282_010.wav,ゆず,70119,「そんな……脱ぐとこ、見ちゃ恥ずかしいですぅ……」
132900 ,,,,,,,,隆行,隆行,,ゆず,70119,「ちゃんと一人で脱げるか、見ててあげないとね」
133000 ,,,,,,,,ゆず,ゆず,07yuz282_011.wav,ゆず,70119,「脱げるもんっ……ちゃんと……できるもん」
133100 ,,,,,,,,,,,ゆず,70119,　そう言って、それでも恥ずかしそうに俺の方をうかがいながら、ゆずちゃんはゆっくりパジャマを脱いでゆく。
133200 ,,,,,,,,隆行,隆行,,ゆず,70119,「さあ……こっちにおいで」
133300 ,,,,,,,,ゆず,ゆず,07yuz282_012.wav,ゆず,70113,「は……はい……」
133500 ,,,<!pre_ev1>,11,,6701,,,,,,,　ゆずちゃんの身体は小さくて、俺のヒザの上にすっぽりとおさまってしまう。
133600 ,,,,,,6701,,ゆず,ゆず,07yuz282_013.wav,ゆず,70101,「せんせいに……えへへっ、まただっこしてもらっちゃった……▼」
133700 ,,,,,,6701,,隆行,隆行,,,,「なんだ、ゆずちゃん……もうチ○チンが大きくなってたんだ」
133800 ,,,,,,6701,,ゆず,ゆず,07yuz282_014.wav,ゆず,70101,「ううっ……だから、恥ずかしかったんですぅ……おち○ちん、こんなにしちゃってるの……見ちゃイヤです……」
133900 ,,,,,,6701,,隆行,隆行,,,,「いやらしいチ○チンだね……ゆずちゃん」
134000 ,,,,,,6701,,,,,,,　俺は耳元でささやいて、ゆずちゃんの首筋にキスをした。
134100 ,,,,,,6701,,ゆず,ゆず,07yuz282_015.wav,ゆず,70101,「あっ、にゃうぅ……ふやぁ……くすぐった……い、けど……きもちいい……」
134200 ,,,,,,6701,,,,,,,　ゆずちゃんのあえぎに合わせて、小さなおち○ちんがひくんと動く。
134300 ,,,,,,6701,,,,,,,　ゆずちゃんの、小さいけれど大きくなっているおち○ちんに手を伸ばそうとして……俺は、あることを思いついた。
134400 ,,,,,,6701,,ゆず,ゆず,07yuz282_016.wav,ゆず,70101,「ふぁ……？　先生……さわってくれないの、ゆずのおち○ちん……」
134500 ,,,,,,6701,,,,,,,　不思議そうな顔で振り返るゆずちゃんに、俺はゆっくりとささやく。
134600 ,,,,,,6701,,隆行,隆行,,,,「ゆずちゃん、自分のおち○ちん、自分でさわって気持ちよくしてごらん？」
134700 ,,,,,,6701,,ゆず,ゆず,07yuz282_017.wav,ゆず,70101,「えっ……そ、そんなぁ……できない……です……」
134800 ,,,,,,6701,,隆行,隆行,,,,「どうして？　さわったことくらい、あるでしょ？」
134900 ,,,,,,6701,,,,,,,　俺が尋ねると、ゆずちゃんは驚いたように首を振る。
135000 ,,,,,,6701,,ゆず,ゆず,07yuz282_018.wav,ゆず,70101,「なっ……ないもん……おち○ちんなんて……さわらないもん……」
135100 ,,,,,,6701,,隆行,隆行,,,,「ホント？」
135200 ,,,,,,6701,,ゆず,ゆず,07yuz282_019.wav,ゆず,70101,「ホントですぅ……」
135300 ,,,,,,6701,,,,,,,　う～む……どうやら、本当に自分でさわったことなんかないようだ。
135400 ,,,,,,6701,,隆行,隆行,,,,「じゃあ、今からやってみようか」
135500 ,,,,,,6701,,ゆず,ゆず,07yuz282_020.wav,ゆず,70101,「ええっ……で、でもぉ……」
135600 ,,,,,,6701,,隆行,隆行,,,,「教えてあげるから、大丈夫だよ」
135700 ,,,,,,6701,,,,,,,　俺はそう言いながら、ゆずちゃんの右手をそっと取り、彼女のおち○ちんに向けた。
135900 ,,,,,,6702,,隆行,隆行,,,,「さあ、握ってごらん。軽く、そっとね」
136000 ,,,,,,6702,,ゆず,ゆず,07yuz282_021.wav,ゆず,70101,「う、うん……ふあ……」
136100 ,,,,,,6702,,隆行,隆行,,,,「どう？」
136200 ,,,,,,6702,,ゆず,ゆず,07yuz282_022.wav,ゆず,70101,「あつい……ぴくぴくんって……うごいてる……」
136300 ,,,,,,6702,,隆行,隆行,,,,「ゆっくりと、握った手を上下に動かして、おち○ちんをこすってごらん」
136400 ,,,,,,6702,,ゆず,ゆず,07yuz282_023.wav,ゆず,70101,「は、はい……ひあ、あ、ん、ああっ……ぞくぞくするよぉ……」
136500 ,,,,,,6702,,隆行,隆行,,,,「気持ちいいでしょ？」
136600 ,,,,,,6702,,ゆず,ゆず,07yuz282_024.wav,ゆず,70101,「きもちいい……おち○ちん……きもちよくなっちゃうよぉ……」
136700 ,,,,,,6702,,,,,,,　ぎこちなかったゆずちゃんの手の動きは、あっという間にスムーズになってゆく。
136800 ,,,,,,6702,,隆行,隆行,,,,「ゆずちゃんのおち○ちんから、お汁が垂れて……ぐちゅぐちゅって音がしてるね」
136900 ,,,,,,6702,,ゆず,ゆず,07yuz282_025.wav,ゆず,70101,「だってえ……きもちいいんだもん……おち○ちんしゅこしゅこするの、とっても感じちゃうんだもん……」
137000 ,,,,,,6702,,隆行,隆行,,,,「自分で気持ちよくなるの、オナニーって言うんだよ」
137100 ,,,,,,6702,,ゆず,ゆず,07yuz282_026.wav,ゆず,70101,「おなにー……？　おち○ちんをこするの、オナニーっていうの？」
137200 ,,,,,,6702,,隆行,隆行,,,,「そうだよ。ゆずちゃんは今日、オナニーを覚えたんだね」
137300 ,,,,,,6702,,ゆず,ゆず,07yuz282_027.wav,ゆず,70101,「ふぁ……ゆず、おなにーしてるのぉ……おち○ちん、こするとこ、先生に見られちゃって……ゆず、感じちゃってるのぉ……」
137400 ,,,,,,6702,,,,,,,　ゆずちゃんは口からよだれを垂らしながら、一心不乱におち○ちんをしごき続けている。
137500 ,,,,,,6702,,,,,,,　俺はそんな彼女のおしりに手を差しのばして、可愛らしいくぼみをくりくりと愛撫していた。
137600 ,,,,,,6702,,ゆず,ゆず,07yuz282_028.wav,ゆず,70101,「あふぅ……ひあっ……おしりぃ……先生におしりいじられてるよぉ……」
137700 ,,,,,,6702,,,,,,,　ゆずちゃんのおち○ちんから、まるで本当に女の子が濡れてる時みたいに、先走り汁がとめどもなくあふれている。
137800 ,,,,,,6702,,隆行,隆行,,,,「ゆずちゃんがたくさん濡らしてるから……指にぬるぬるを取って、こうしちゃうよ……」
137900 ,,,,,,6702,,ゆず,ゆず,07yuz282_029.wav,ゆず,70101,「ひあああ……！　ひゃふああ……っ！　ゆずがぁ……おなにーしながら……先生が……おしりに、ゆび……入れてるよぉ……」
138000 ,,,,,,6702,,ゆず,ゆず,07yuz282_030.wav,ゆず,70101,「あっ、ああん！　感じるのぉ……ゆずのおしり……ゆずのおち○ちん……どっちもきもちいいのぉ……▼」
138100 ,,,,,,6702,,,,,,,　ゆずちゃんは快感のあまり、おしりをくねらせている。
138200 ,,,,,,6702,,,,,,,　その下では、俺のモノがすっかり硬くなっていた。ゆずちゃんはそれに気が付いて、目を丸くする。
138300 ,,,,,,6702,,ゆず,ゆず,07yuz282_031.wav,ゆず,70101,「あっ……先生のおち○ちんが……当たるぅ……おっきくなってる……ゆずのおち○ちんよりも、ずっとずっと……おっきい……」
138400 ,,,,,,6702,,隆行,隆行,,,,「ゆずちゃんが可愛いから、大きくなっちゃったんだよ」
138500 ,,,,,,6702,,,,,,,　俺がそう説明すると、ゆずちゃんが潤んだ瞳をこっちに向けた。
138600 ,,,,,,6702,,ゆず,ゆず,07yuz282_032.wav,ゆず,70101,「ねえ……先生……」
138700 ,,,,,,6702,,隆行,隆行,,,,「ん……？」
138800 ,,,,,,6702,,ゆず,ゆず,07yuz282_033.wav,ゆず,70101,「先生の……おち○ちんも……ゆず、きもちよくしてあげたい……」
138900 ,,,,,,6702,,ゆず,ゆず,07yuz282_034.wav,ゆず,70101,「だから……ゆずのおしりの穴に、ゆびじゃなくて……先生の……おち○ちん、入れてほしいです……」
139000 ,,,,,,6702,,隆行,隆行,,,,「えっ……お、おしりに……入れて欲しいの？」
139100 ,,,,,,6702,,,,,,,　それは……性知識の乏しいゆずちゃんにとって、指を入れるという行為からの連想だったのかも知れない。
139200 ,,,,,,6702,,,,,,,　けど、ゆずちゃんが俺にねだっているその行為は……紛れもない『セックス』のかたちだった。
139300 ,,,,,,6702,,ゆず,ゆず,07yuz282_035.wav,ゆず,70101,「ダメですか……？　入れてほしいのに……」
139400 ,,,,,,6702,,隆行,隆行,,,,「ダメじゃ……ないよ。俺も、ゆずちゃんとひとつになりたい……」
139500 ,,,,,,6702,,ゆず,ゆず,07yuz282_036.wav,ゆず,70101,「うれしい……先生と、ゆずが……ひとつになれるんだ……」
139600 ,,,,,,6702,,隆行,隆行,,,,「ああ……こっちにおいで……俺のチ○チンに、ゆずちゃんのぬるぬるした汁を塗って、入りやすくしておこうね」
139700 ,,,,,,6702,,ゆず,ゆず,07yuz282_037.wav,ゆず,70101,「うん……入るかなぁ……先生のおち○ちん、すごくおっきいから……」
139800 ,,,,,,6702,,隆行,隆行,,,,「ゆずちゃんのおしりの穴、まだ柔らかいから……ゆっくり入れれば、入ると思うよ」
139900 ,,,,,,6702,,,,,,,　ゆずちゃんが軽くお尻を上げて、おしりの穴を俺のペニスの先端に触れさせる。
140000 ,,,,,,6702,,,,,,,　そっと彼女の腰をつかんで、俺は優しく言った。
140100 ,,,,,,6702,,隆行,隆行,,,,「それじゃ、行くよ……ゆっくり、おしりを下げて……」
140300 ,,,,,,6703,,ゆず,ゆず,07yuz282_038.wav,ゆず,70101,「んんっ……ん、くうっ……うあ……入ってくる……おち○ちん、ゆずの中に入るぅ……」
140400 ,,,,,,6703,,,,,,,　軽い抵抗。力を更に入れると、すぽんという感じで亀頭がおしりの中に潜り込んだ。
140500 ,,,,,,6703,,ゆず,ゆず,07yuz282_039.wav,ゆず,70101,「ひぐぅっ！！　ひゃあ……あ、あああっ！！」
140600 ,,,,,,6703,,,,,,,　ゆずちゃんのおしりの穴は、とてもキツかった。痛いほど締め付けてくる入り口をこじ開けるようにして、俺はゆっくりゆっくりとペニスを食い込ませてゆく。
140700 ,,,,,,6703,,ゆず,ゆず,07yuz282_040.wav,ゆず,70101,「ひうううっ……！　う、あ、あああああ……っ」
140800 ,,,,,,6703,,,,,,,　目を見開き、ゆずちゃんが初めての異物感に声を上げる。
140900 ,,,,,,6703,,ゆず,ゆず,07yuz282_041.wav,ゆず,70101,「ひゃはあああっ……！　あっ、あっ、あ……せんせえっ……せんせえっ……！　入ってるぅ、せんせいのおち○ちんが、ゆずの中に入ってるよおっ！！」
141000 ,,,,,,6703,,隆行,隆行,,,,「全部入ったよ……わかるかい、ゆずちゃん？」
141100 ,,,,,,6703,,ゆず,ゆず,07yuz282_042.wav,ゆず,70101,「うん……ゆずのおなか……せんせいのおち○ちんでいっぱいになってるぅ……」
141200 ,,,,,,6703,,隆行,隆行,,,,「ゆずちゃんにはおち○ちんが付いてるから……ここがおま○この代わりだね」
141300 ,,,,,,6703,,ゆず,ゆず,07yuz282_043.wav,ゆず,70101,「おま○こ……？　おま○こって、なに……？」
141400 ,,,,,,6703,,隆行,隆行,,,,「普通の女の子は、おち○ちんがない代わりにおま○この穴があって、男の人のおち○ちんがそこに入るんだよ」
141500 ,,,,,,6703,,ゆず,ゆず,07yuz282_044.wav,ゆず,70101,「おま○こ……ゆずの、おま○こ……」
141600 ,,,,,,6703,,隆行,隆行,,,,「そうだね……ゆずちゃんは、そこがおま○こなんだね」
141700 ,,,,,,6703,,,,,,,　俺の言葉は、ゆずちゃんにとって幸せなものだったらしい。
141800 ,,,,,,6703,,,,,,,　ゆずちゃんは嬉しそうに目を細め、何度も何度も、初めて教わった言葉を呟いていた。
141900 ,,,,,,6703,,ゆず,ゆず,07yuz282_045.wav,ゆず,70101,「おま○こ……ゆずのおま○こ……先生のおち○ちんが入る、おま○こ……ずぶずぶって、おち○ちんが……中で、暴れてる……おま○こきもちいい……」
142000 ,,,,,,6703,,隆行,隆行,,,,「それじゃあ、少しずつ動いてみるから……ゆずちゃんは自分のおち○ちんをこすって、オナニーしててね」
142100 ,,,,,,6703,,ゆず,ゆず,07yuz282_046.wav,ゆず,70101,「ふぁい……でもぉ……おち○ちんとおま○こ、両方ともきもちよくなったら……ゆず、ほんとにおかしくなっちゃうかも……」
142200 ,,,,,,6703,,隆行,隆行,,,,「大丈夫だよ……こうやって、抱きしめていてあげるから……」
142300 ,,,,,,6703,,,,,,,　後ろから抱きしめるように、ゆずちゃんの身体を支えつつ、俺は彼女の耳元にそんなことをささやく。
142400 ,,,,,,6703,,ゆず,ゆず,07yuz282_047.wav,ゆず,70101,「うん……ぎゅーってしててね、先生……」
142500 ,,,,,,6703,,,,,,,　かるくうなずいてから、俺はゆっくりと、彼女の身体を揺らしてペニスを出し入れし始める。
142600 ,,,,,,6703,,ゆず,ゆず,07yuz282_048.wav,ゆず,70101,「ひうっ……ふ、あ……あっ……ひゃあ……ああん、んくっ……！」
142700 ,,,,,,6703,,,,,,,　ペニスが抜け、再び入るのに合わせて、ゆずちゃんは自分のおち○ちんをしごいている。
142800 ,,,,,,6703,,ゆず,ゆず,07yuz282_049.wav,ゆず,70101,「先生……ゆず、ひとりでできるよ……ひとりで、しこしこしてるよぉ……だから、だから……ゆずのぉ……おま○こ……ずぼずぼしてぇ……▼」
142900 ,,,,,,6703,,,,,,,　俺の動きとタイミングを合わせて、ゆずちゃんはペニスをしごき立てている。
143000 ,,,,,,6703,,ゆず,ゆず,07yuz282_050.wav,ゆず,70101,「ああっ……！　ゆず……おち○ちんぬるぬるぅ……おま○こも……感じるぅ……きもちいいよぉ……先生のおち○ちんきもちいいよぉ……！」
143100 ,,,,,,6703,,隆行,隆行,,,,「俺も気持ちいいよ……ゆずちゃんのおま○こ、すっごく締まる……おち○ちんが痛いくらい、締め付けられてるよ……」
143200 ,,,,,,6703,,ゆず,ゆず,07yuz282_051.wav,ゆず,70101,「ふああ……ごっ……ごめんなさいぃ……ゆずがぁ……ゆずがえっちなのがいけないのぉ……」
143300 ,,,,,,6703,,ゆず,ゆず,07yuz282_052.wav,ゆず,70101,「でもぉ……ゆず、感じちゃってとまらないの……おち○ちんしこしこも、おま○こにずぼずぼも、やめられないよぉ……っ▼」
143400 ,,,,,,6703,,,,,,,　必死で腰を振りながら、ゆずちゃんはペニスをしごいている。
143500 ,,,,,,6703,,ゆず,ゆず,07yuz282_053.wav,ゆず,70101,「ひゃっ！　ふあっ！　あっ、ふ、あっ！　くふぁ、ひゃん、んくうっ！！」
143600 ,,,,,,6703,,ゆず,ゆず,07yuz282_054.wav,ゆず,70101,「らめぇ……ゆずおかしくなりそぉ……おち○ちん入れられて……おま○こじんじんしちゃう、感じ過ぎちゃう……」
143700 ,,,,,,6703,,ゆず,ゆず,07yuz282_055.wav,ゆず,70101,「それにぃ……オナニーきもちいいの……おち○ちんしこしこ、先生に見られて……感じちゃうのぉ……！」
143800 ,,,,,,6703,,,,,,,　ゆずちゃんの声が、一層甲高くなった。どうやら、絶頂がもうすぐそこにまで迫っているらしい。
143900 ,,,,,,6703,,ゆず,ゆず,07yuz282_056.wav,ゆず,70101,「先生……出していい？　ゆず、どぴゅどぴゅしちゃってもいい？」
144000 ,,,,,,6703,,隆行,隆行,,,,「ああ、いいよ……俺も……もう、出そうだからね……」
144100 ,,,,,,6703,,ゆず,ゆず,07yuz282_057.wav,ゆず,70101,「ゆずの中に……出るの？　先生のせいえき、出ちゃうの……？」
144200 ,,,,,,6703,,隆行,隆行,,,,「ああ……いくよ……もうすぐ、どぴゅうって出るよ……ゆずちゃんの中に、精液出すからね……」
144300 ,,,,,,6703,,ゆず,ゆず,07yuz282_058.wav,ゆず,70101,「うん……ゆずも精液出ちゃうから……見ててね、先生……ゆずがどぴゅどぴゅするところ……」
144400 ,,,,,,6703,,隆行,隆行,,,,「見てるよ……ちゃんと、じーっと見てるよ。だから、たくさん出しちゃって……」
144500 ,,,,,,6703,,ゆず,ゆず,07yuz282_059.wav,ゆず,70101,「ふあっ……ひう、うくぁ……イッちゃうよぉ……ゆずイッちゃう、出しちゃう……」
144600 ,,,,,,6703,,隆行,隆行,,,,「出るよ……出る……うっ！」
144800 ,,,<!ef_shasei>,,,6703,,,,,,,　一瞬早く、俺の射精がゆずちゃんの中にほとばしる。
144900 ,,,,,,6703,,,,,,,　その快感を受けて……ゆずちゃんのペニスが手の中で弾けた。
145000 ,,,,,,6703,,ゆず,ゆず,07yuz282_060.wav,ゆず,70101,「あっ、あっ、ふああっ、んああっ……ひゃあうぅぅぅぅんっ！！！」
145200 ,,,<!ef_shasei>,,,6704,,,,,,,　びくっ、びくっ、びゅるぅっ……！
145300 ,,,,,,6704,,ゆず,ゆず,07yuz282_061.wav,ゆず,70101,「やぁぁぁん……っ！　あっ、あっ……」
145400 ,,,,,,6704,,,,,,,　アーチを描いて、ゆずちゃんの精液がベッドに飛ぶ。
145500 ,,,,,,6704,,ゆず,ゆず,07yuz282_062.wav,ゆず,70101,「ふああ……で、出ちゃった……せいえき出ちゃった……先生に……おま○こに出されながら……ゆずも……出しちゃった……」
145600 ,,,,,,6704,,,,,,,　ベッドに染みを作った精液を虚ろに見つめながら、ゆずちゃんは俺の腕の中でくたっとなる。同時に、精を出し尽くして萎縮した俺のチ○チンが、ゆずちゃんのおしりから抜けた。
145700 ,,,,,,6704,,ゆず,ゆず,07yuz282_063.wav,ゆず,70101,「にゃうっ……！　あ……おしり……じんじんする……」
145800 ,,,,,,6704,,,,,,,　ゆずちゃんのアナルからあふれ出た精液が、ぽたっ、ぽたっとベッドに落ちる。
145900 ,,,,,9000,6704,,,,,,,　俺たちは、そのまま……ベッドの上で、長いあいだ抱き合っていた。
146100 ,$return,,,,,,,,,,,,
146200 ,&07yuz070ha,,,4294967295,9000,,,,,,,,
146590 ,,,<!se_chime_ext><wait 700>,,,,,,,,,,
146600 ,,,,8,13,,,隆行,隆行,,,,「ども、森崎です」
146700 ,,,,,9000,,,,,,,,　笑顔で出迎えてくれたお母さんに案内され、俺はゆずちゃんの部屋に入った。
146900 ,,,<!ef_move>,,14,,,隆行,隆行,,,,「ゆずちゃん、最近だいぶ元気になってきたみたいだね」
147000 ,,,,,,,,ゆず,ゆず,07yuz283_001.wav,ゆず,70101,「うん……」
147100 ,,,,,,,,隆行,隆行,,ゆず,70101,「それじゃ、授業を……」
147200 ,,,,,,,,ゆず,ゆず,07yuz283_002.wav,ゆず,70106,「あの……」
147300 ,,,,,,,,隆行,隆行,,ゆず,70106,「んっ、どうしたの……？」
147400 ,,,,,,,,ゆず,ゆず,07yuz283_003.wav,ゆず,70106,「あのね、先生……」
147500 ,,,,,,,,隆行,隆行,,ゆず,70106,「うん？」
147600 ,,,,,,,,ゆず,ゆず,07yuz283_004.wav,ゆず,70113,「もし……もしも、ですよ？　おち○ちんがついてる女の子に、好きって言われたら……先生はどう答えるですか？」
147700 ,,,,,,,,隆行,隆行,,ゆず,70113,「ええっ……！？」
147800 ,,,,,,,,,,,ゆず,70113,　突然、何を聞いてくるかと思えば……チ○チンがついてる女の子って、俺のまわりじゃゆずちゃんしかいないじゃないか……！
147900 ,,,,,,,,,,,ゆず,70113,　こんなの……遠回しに告白されて、その答えを聞かせてくれって言われてるのと、同じだよ……。
148000 ,,,,,,,,隆行,隆行,,ゆず,70113,「そ、それは……ていうか、その……」
148100 ,,,,,,,,ゆず,ゆず,07yuz283_005.wav,ゆず,70122,「ぐすっ……きらい……？」
148200 ,,,,,,,,隆行,隆行,,ゆず,70122,「わっ、わわっ……違う、違うってば！」
148300 ,,,,,,,,,,,ゆず,70122,　俺は慌ててゆずちゃんのそばに駆け寄り、背中を優しく撫でる。
148400 ,,,,,,,,隆行,隆行,,ゆず,70122,「あのね、ゆずちゃん」
148500 ,,,,,,,,ゆず,ゆず,07yuz283_006.wav,ゆず,70106,「うん……」
148600 ,,,,,,,,隆行,隆行,,ゆず,70106,「たとえば……病気を克服しようと、勇気を出して最後まであきらめずに頑張る子がいたら……結果はどうであれ、俺はその子を好きになっちゃうだろうな」
148700 ,,,,,,,,ゆず,ゆず,07yuz283_007.wav,ゆず,70118,「えっ……？」
148800 ,,,,,,,,隆行,隆行,,ゆず,70118,「たとえば、の話でしょ？」
148900 ,,,,,,,,ゆず,ゆず,07yuz283_008.wav,ゆず,70113,「うん、たとえばなし……」
149000 ,,,,,,,,隆行,隆行,,ゆず,70113,「さあ、授業を始めるよ。最後のステップ、頑張っていこうか」
149100 ,,,,,,,,ゆず,ゆず,07yuz283_009.wav,ゆず,70102,「うん……」
149200 ,,,,,,,,,,,ゆず,70102,　ゆずちゃんはいそいそと授業の準備をしながら、一瞬だけ俺を見て……それから小さくつぶやいた。
149300 ,,,,,,,,ゆず,ゆず,07yuz283_010.wav,ゆず,70101,「先生……ゆず、ゆうきを出してがんばるね……」
149500 ,$return,,,,,,,,,,,,
149600 ,&07yuz080h,,<!ef_timepass>,8,14,,,,,,,,
149900 ,,,,,,,,隆行,隆行,,,,「最後のテスト、頑張ったね。見事、合格だよ」
150000 ,,,,,,,,ゆず,ゆず,07yuz284_001.wav,ゆず,70101,「えへへ……うれしいけど……さびしいです」
150100 ,,,,,,,,,,,ゆず,70101,　さっきまで笑っていたゆずちゃんが、その目にみるみる涙をためていく。
150200 ,,,,,,,,ゆず,ゆず,07yuz284_002.wav,ゆず,70122,「うっ、ぐすっ、せんせぇ……最後のテストにごうかくしちゃったら……もう、先生のじゅぎょうは終わっちゃうんでしょ……？」
150300 ,,,,,,,,隆行,隆行,,ゆず,70122,「ゆずちゃん、泣かないで……」
150400 ,,,,,,,,,,,ゆず,70122,　涙が伝う頬に手を当て、ゆずちゃんをなだめる。
150500 ,,,,,,,,ゆず,ゆず,07yuz284_003.wav,ゆず,70105,「うん……ゆずが泣いてたら、先生が困っちゃうから……だから……ぐすっ……へいきです……」
150600 ,,,,,,,,,,,ゆず,70105,　涙をこらえて、一生懸命に言葉をつむぐゆずちゃん。
150700 ,,,,,,,,,,,ゆず,70105,　二人で勉強するようになって……この子は、本当に強くなったと思う。
150800 ,,,,,,,,ゆず,ゆず,07yuz284_004.wav,ゆず,70106,「ねえ……先生……？」
150900 ,,,,,,,,,,,ゆず,70106,　涙のおさまったゆずちゃんが、上目遣いに俺を見た。
151000 ,,,,,,,,隆行,隆行,,ゆず,70106,「ん……？　どうしたの？」
151100 ,,,,,,,,ゆず,ゆず,07yuz284_005.wav,ゆず,70101,「ゆず……先生に、見せたいものがあるんです」
151200 ,,,,,,,,隆行,隆行,,,,「見せたいって……なに？」
151300 ,,,,,,,,,,,,,　ゆずちゃんはベッドの脇にしゃがみ込み、ベッド下からなにかの箱を取り出した。
151400 ,,,,,,,,隆行,隆行,,,,「なんだい、それ？」
151500 ,,,,,,,,ゆず,ゆず,07yuz284_006.wav,ゆず,70115,「えっと……ずーっと前に買ってもらって、いちども着てなかったんですけど……」
151600 ,,,,,,,,,,,ゆず,70115,　ゆずちゃんが箱に積もったホコリを払って、それから中身を俺に見せた。
151700 ,,,,,,,,隆行,隆行,,ゆず,70115,「これ……制服？」
151800 ,,,,,,,,ゆず,ゆず,07yuz284_007.wav,ゆず,70115,「はい……おそとに出るのがこわくて、一度も着られなかった……制服です」
151900 ,,,,,,,,,,,ゆず,70115,　それは、女の子用の制服だった。
152000 ,,,,,,,,ゆず,ゆず,07yuz284_008.wav,ゆず,70106,「ゆず、女の子だから男の子の制服なんか着れないって泣いて……これ、買ってもらったんです」
152100 ,,,,,,,,ゆず,ゆず,07yuz284_009.wav,ゆず,70101,「だけど……おそとがこわくて出られなかったから、けっきょく一度も着てなくて……」
152200 ,,,,,,,,ゆず,ゆず,07yuz284_010.wav,ゆず,70105,「だけど……」
152300 ,,,,,,,,ゆず,ゆず,07yuz284_011.wav,ゆず,70101,「だけど、勇気を出して……これ、着てみようと……思うんです」
152400 ,,,,,,,,隆行,隆行,,ゆず,70101,「ゆずちゃん……外に、出る気になったってこと！？」
152500 ,,,,,,,,ゆず,ゆず,07yuz284_012.wav,ゆず,70101,「はい……」
152600 ,,,,,,,,,,,ゆず,70101,　こくんと、照れくさそうに……だけどハッキリと、ゆずちゃんがうなずく。
152700 ,,,,,,,,隆行,隆行,,ゆず,70101,「すごいぞ、ゆずちゃん！　よく……決心できたね」
152800 ,,,,,,,,ゆず,ゆず,07yuz284_013.wav,ゆず,70102,「先生が……ゆずに、いろいろ自信をつけさせてくれたから……」
152900 ,,,,,,,,ゆず,ゆず,07yuz284_014.wav,ゆず,70103,「だから、がんばって……おへやのそとに、出ようと思います」
153000 ,,,,,,,,,,,ゆず,70103,　はにかんで笑うゆずちゃんの顔は、憑き物が落ちたように明るい。
153100 ,,,,,,,,,,,ゆず,70103,　俺は……多分、この笑顔を見るため……彼女に勉強を教えてきたんだと思う。
153200 ,,,,,,,,ゆず,ゆず,07yuz284_015.wav,ゆず,70114,「でも、今日でさいごだったら……制服姿、見せられませんね」
153300 ,,,,,,,,,,,ゆず,70114,　困ったように、ゆずちゃんが言った。
153400 ,,,,,,,,隆行,隆行,,ゆず,70114,「だったら、今ここで着てみようよ」
153500 ,,,,,,,,ゆず,ゆず,07yuz284_016.wav,ゆず,70103,「あ……そっか！　じゃ、着替えますね」
153600 ,,,,,,,,,,,,,　ゆずちゃんは嬉しそうに言って、その場でパジャマを脱ぎ始める。
153700 ,,,,,,,,ゆず,ゆず,07yuz284_017.wav,ゆず,70201,「えっと……えっと」
153800 ,,,,,,,,,,,,,　初めて着る制服に四苦八苦しながら、ゆずちゃんは少しずつ着替えを終えていった。
153900 ,,,,,,,,,,,,,　そして……数分後。
154000 ,,,,,,,,,,,,,　きちんと制服を着たゆずちゃんが、俺の目の前で照れくさそうにしている。
154100 ,,,,,,,,ゆず,ゆず,07yuz284_018.wav,ゆず,70306,「どう……ですか、先生？」
154200 ,,,,,,,,隆行,隆行,,ゆず,70306,「可愛いよ……ゆずちゃん」
154300 ,,,,,,,,ゆず,ゆず,07yuz284_019.wav,ゆず,70315,「なんだか……はずかしいです」
154400 ,,,,,,,,,,,ゆず,70315,　ひらひらのスカートを押さえて、ゆずちゃんは顔を赤くする。
154500 ,,,,,,,,ゆず,ゆず,07yuz284_020.wav,ゆず,70315,「ゆず、スカートが好きだけど、おうちではずーっとパジャマだから……ほとんどはいたことがなくて……」
154600 ,,,,,,,,ゆず,ゆず,07yuz284_021.wav,ゆず,70316,「ちょっぴり、不安です……あしもとが、すうすうして……」
154700 ,,,,,,,,隆行,隆行,,ゆず,70316,「パンツが見えちゃうかもね？」
154800 ,,,,,,,,ゆず,ゆず,07yuz284_022.wav,ゆず,70306,「う……うん……」
154900 ,,,,,,,,隆行,隆行,,ゆず,70306,「意外と見えないと思うけどね……」
155000 ,,,,,,,,ゆず,ゆず,07yuz284_023.wav,ゆず,70314,「ほんとうですか？　こんな風にしても、見えません？」
155100 ,,,,,,,,,,,ゆず,70314,　そう言ってゆずちゃんが、部屋の中でくるんと回る。
155200 ,,,,,,,,,,,ゆず,70314,　ふわり……。
155300 ,,,,,,,,,,,ゆず,70314,　スカートが翻るけれど、その中は見えない。
155400 ,,,,,,,,隆行,隆行,,ゆず,70314,「大丈夫だよ。ゆずちゃんは背も低いし、ちょっとくらいスカートがめくれても、中までは見えないってば」
155500 ,,,,,,,,ゆず,ゆず,07yuz284_024.wav,ゆず,70319,「でも……でもでも、もし見えちゃったら……ゆず、おち○ちん付いてるから……見つかっちゃったら、はずかしいですよ……」
155600 ,,,,,,,,隆行,隆行,,ゆず,70319,「考えすぎだって……そんな簡単に、スカートの中なんて見えないよ……」
155700 ,,,,,,,,ゆず,ゆず,07yuz284_025.wav,ゆず,70319,「だけど……こうしたら見えちゃいませんか？」
155900 ,,,<!pre_ev1>,11,,6801,,,,,,,　そう言ってゆずちゃんはベッドに乗ると、四つんばいになってこちらにおしりを向ける。
156000 ,,,,,,6801,,,,,,,　もちろん、そんな恰好をすれば、スカートの中は丸見えである。
156100 ,,,,,,6801,,隆行,隆行,,,,「さすがに……それじゃあ見えちゃうって」
156200 ,,,,,,6801,,ゆず,ゆず,07yuz284_026.wav,ゆず,70101,「やぁん……見えちゃったら困るのにぃ……」
156300 ,,,,,,6801,,,,,,,　そう言って、ゆずちゃんがおしりをふりふりする。
156400 ,,,,,,6801,,隆行,隆行,,,,「心配性だなあ……ゆずちゃんは……」
156500 ,,,,,,6801,,,,,,,　苦笑しながら、俺はゆずちゃんのスカートをぺろんとめくってみた。
156600 ,,,,,,6801,,ゆず,ゆず,07yuz284_027.wav,ゆず,70101,「きゃんっ！？」
156700 ,,,,,,6801,,,,,,,　驚いたゆずちゃんが悲鳴を上げる。
156800 ,,,,,,6801,,ゆず,ゆず,07yuz284_028.wav,ゆず,70101,「なっ……なにするんですかあ……もぉ」
156900 ,,,,,,6801,,隆行,隆行,,,,「おや……ゆずちゃん、おち○ちんが＜勃＝た＞ってる」
157000 ,,,,,,6801,,ゆず,ゆず,07yuz284_029.wav,ゆず,70101,「ううっ……み、見られちゃいました……」
157100 ,,,,,,6801,,隆行,隆行,,,,「なるほどね……だから、スカートの中を見られたら困るって、何度も言ってたのか」
157200 ,,,,,,6801,,ゆず,ゆず,07yuz284_030.wav,ゆず,70101,「うん……おそとでおち○ちんが、こんな風になったら……こまっちゃいます……」
157300 ,,,,,,6801,,隆行,隆行,,,,「そうだねえ……ゆずちゃんのおち○ちん、パンツを押し退けて外に顔を出しちゃってるもんね……」
157400 ,,,,,,6801,,ゆず,ゆず,07yuz284_031.wav,ゆず,70101,「やんっ……はずかしいよぉ……」
157500 ,,,,,,6801,,隆行,隆行,,,,「あれ？　恥ずかしいって言いながら……ゆずちゃんのおち○ちん、今、ぴくんって動いたよ？」
157600 ,,,,,,6801,,ゆず,ゆず,07yuz284_032.wav,ゆず,70101,「そんなこと……ないもんっ……」
157700 ,,,,,,6801,,隆行,隆行,,,,「そうかなあ……もしかして、おち○ちん見られて感じちゃってるの？」
157800 ,,,,,,6801,,ゆず,ゆず,07yuz284_033.wav,ゆず,70101,「ちっ……ちがいますぅ」
157900 ,,,,,,6801,,隆行,隆行,,,,「じゃあ……スカートはいて感じちゃった？」
158000 ,,,,,,6801,,ゆず,ゆず,07yuz284_034.wav,ゆず,70101,「しらないですっ……先生、えっち…………」
158100 ,,,,,,6801,,隆行,隆行,,,,「えっちなのは、ゆずちゃんもお互い様じゃないか……」
158200 ,,,,,,6801,,,,,,,　俺はゆずちゃんをからかいながら、おしりの二つの丘を割り開く。
158300 ,,,,,,6801,,,,,,,　そしてぷるんと垂れているゆずちゃんの小さな袋をそっと手のひらに載せ、軽く揉んだ。
158500 ,,,,,,6802,,ゆず,ゆず,07yuz284_035.wav,ゆず,70101,「ひゃあう……そこ、コリコリするの……ちょっときもちいい……」
158600 ,,,,,,6802,,隆行,隆行,,,,「しかし……もし外でチ○チンが勃起しちゃったら、スカートの前が盛り上がってすぐにバレちゃうね……」
158700 ,,,,,,6802,,ゆず,ゆず,07yuz284_036.wav,ゆず,70101,「うっ……うん……どうしよう……」
158800 ,,,,,,6802,,隆行,隆行,,,,「お出かけする前に、オナニーしたらどうかな？　外に出る前に一人でしこしこしておけば、きっと外では勃たないよ」
158900 ,,,,,,6802,,ゆず,ゆず,07yuz284_037.wav,ゆず,70101,「そ……そうかなぁ……でも、おち○ちん……ぴゅっぴゅって出しても、またすぐにおっきくなっちゃう……」
159000 ,,,,,,6802,,隆行,隆行,,,,「あれ……？　するとゆずちゃん、俺がいない時にもひとりでオナニーするようになったんだね」
159100 ,,,,,,6802,,ゆず,ゆず,07yuz284_038.wav,ゆず,70101,「あっ……」
159200 ,,,,,,6802,,,,,,,　うっかり秘密をばらしてしまったゆずちゃんの顔が、真っ赤になる。
159300 ,,,,,,6802,,隆行,隆行,,,,「もしかして……このまえ教えてあげて以来、オナニーにハマっちゃったとか？」
159400 ,,,,,,6802,,ゆず,ゆず,07yuz284_039.wav,ゆず,70101,「せ、先生が……オナニーのやり方教えてくれたんだもん……先生がわるいんだもん……」
159500 ,,,,,,6802,,隆行,隆行,,,,「別に悪いことじゃないから、そんなに恥ずかしがらなくてもいいじゃない」
159600 ,,,,,,6802,,,,,,,　苦笑しながら、俺はゆずちゃんのおち○ちんをゆっくりとしごいてやる。
159700 ,,,,,,6802,,ゆず,ゆず,07yuz284_040.wav,ゆず,70101,「ひぁ……ひゃふ、あっ……おち○ちん……先生がしごいてるぅ……おち○ちんきもちいいよぉ……」
159800 ,,,,,,6802,,,,,,,　たらり……。
159900 ,,,,,,6802,,,,,,,　ゆずちゃんのペニスの先端から、先走り汁がまたベッドにしたたり落ちた。
160000 ,,,,,,6802,,隆行,隆行,,,,「すっごく濡れちゃったね、ゆずちゃん……いつも自分でいじってるから、感じやすくなってるんだね」
160100 ,,,,,,6802,,ゆず,ゆず,07yuz284_041.wav,ゆず,70101,「自分でするより……先生にしてもらう方がきもちいいです……ひゃあんっ！　イッちゃいそうだよぉ……すぐに出ちゃうよぉ……」
160200 ,,,,,,6802,,隆行,隆行,,,,「ダメだよ、我慢して、ゆずちゃん」
160300 ,,,,,,6802,,ゆず,ゆず,07yuz284_042.wav,ゆず,70101,「ええっ……そ、そんなの……できない……」
160400 ,,,,,,6802,,隆行,隆行,,,,「外で勃起するだけじゃなくて、射精までしちゃったら、もう隠しておけないでしょ？　これは……ゆずちゃんが外に出るための、訓練なんだよ」
160500 ,,,,,,6802,,ゆず,ゆず,07yuz284_043.wav,ゆず,70101,「でっ……でもぉ、じゃあ……どうすればいいの……？　出ちゃう……ゆず、せいえき出ちゃうよぉ……」
160600 ,,,,,,6802,,隆行,隆行,,,,「そうだなあ……おっ、あれがいいかな」
160700 ,,,,,,6802,,ゆず,ゆず,07yuz284_044.wav,ゆず,70101,「えっ……な、なに……？」
160800 ,,,,,,6802,,,,,,,　ゆずちゃんの机の上に転がっていた、髪の毛を縛るためのゴムを手にとって、俺はにやりと笑った。
161000 ,,,,,,6803,,隆行,隆行,,,,「ゆずちゃんが射精しないように……こうしておこうね……」
161100 ,,,,,,6803,,ゆず,ゆず,07yuz284_045.wav,ゆず,70101,「えっ……やぁ……そんな、そんなこと……だめぇ……」
161200 ,,,,,,6803,,,,,,,　くるくると、ゴムをゆずちゃんのチ○チンの根本に縛り付ける。
161300 ,,,,,,6803,,ゆず,ゆず,07yuz284_046.wav,ゆず,70101,「取ってぇ……これ取ってくださいぃ……」
161400 ,,,,,,6803,,,,,,,　泣きそうな顔をして、ゆずちゃんが俺に懇願したけれど……俺はゆっくりと首を振る。
161500 ,,,,,,6803,,隆行,隆行,,,,「ダメだよ、こうしてないと、ゆずちゃんはすぐに射精しちゃうんだろ？」
161600 ,,,,,,6803,,ゆず,ゆず,07yuz284_047.wav,ゆず,70101,「でもぉ……ひゃあん……」
161700 ,,,,,,6803,,ゆず,ゆず,07yuz284_048.wav,ゆず,70101,「きついよぉ……おち○ちんきつくて……はれつしそう……」
161800 ,,,,,,6803,,隆行,隆行,,,,「こうやって射精できないようにしておいて、外から帰ってきたら溜まった分の精子を一気に出すといいよ」
161900 ,,,,,,6803,,ゆず,ゆず,07yuz284_049.wav,ゆず,70101,「つらいよぉ……おち○ちん、おっきくなっちゃってるぅ……いつもより、おっきくなってるよぉ……」
162000 ,,,,,,6803,,隆行,隆行,,,,「やっぱりエッチなんだな、ゆずちゃんは」
162100 ,,,,,,6803,,,,,,,　俺は人差し指をぺろりと舐めると、ヒクヒクとうごめくおしりの穴に指先を埋めた。
162200 ,,,,,,6803,,ゆず,ゆず,07yuz284_050.wav,ゆず,70101,「ひうっ！　い……いきなり入れちゃ……やぁんっ……」
162300 ,,,,,,6803,,隆行,隆行,,,,「いきなりじゃないよ……ゆずちゃんのおしりの穴、ひくって動いて、俺の指を誘っていたよ？」
162400 ,,,,,,6803,,ゆず,ゆず,07yuz284_051.wav,ゆず,70101,「それはぁ……み、見られちゃって……恥ずかしいからだもんっ……」
162500 ,,,,,,6803,,隆行,隆行,,,,「じゃあ、チ○チンがさっきより大きくなって、先走り汁がベッドに垂れたのはどうしてかな……？」
162600 ,,,,,,6803,,ゆず,ゆず,07yuz284_052.wav,ゆず,70101,「おしりに……ゆずのおま○こに、指入れるからぁ……しかたないもんっ、感じちゃうのは当たり前なんだもんっ」
162700 ,,,,,,6803,,隆行,隆行,,,,「ホントに、感じちゃってるね」
162800 ,,,,,,6803,,ゆず,ゆず,07yuz284_053.wav,ゆず,70101,「うんっ……おま○この中がこすれて……きもちいいの……おち○ちんしばられて、おま○こをゆびでいじられて……ゆず、感じちゃってるよおっ……！」
162900 ,,,,,,6803,,ゆず,ゆず,07yuz284_054.wav,ゆず,70101,「先生……お願いですぅ……」
163000 ,,,,,,6803,,隆行,隆行,,,,「ん、どうしたの？」
163100 ,,,,,,6803,,ゆず,ゆず,07yuz284_055.wav,ゆず,70101,「先生、またゆずのおま○こにおち○ちん入れてください……そして、中でいっぱい出して……あかちゃん作ろ？」
163200 ,,,,,,6803,,隆行,隆行,,,,「あ、赤ちゃん……！？」
163300 ,,,,,,6803,,ゆず,ゆず,07yuz284_056.wav,ゆず,70101,「ゆず、オナニーだけじゃないよ……ひとりで、いろいろべんきょうしたんだよ……あかちゃんの作り方とか……」
163400 ,,,,,,6803,,隆行,隆行,,,,「ええっ……！？」
163500 ,,,,,,6803,,ゆず,ゆず,07yuz284_057.wav,ゆず,70101,「男のひとのせいえきを、女の子のおま○この中で出すと……あかちゃんできちゃうんだよね？」
163600 ,,,,,,6803,,隆行,隆行,,,,「う、うん……」
163700 ,,,,,,6803,,ゆず,ゆず,07yuz284_058.wav,ゆず,70101,「このまえ、先生におま○この中でせいえき出されちゃったから……ゆず、ニンシンしちゃってるかも……」
163800 ,,,,,,6803,,隆行,隆行,,,,「いや、それは……」
163900 ,,,,,,6803,,,,,,,　俺がどう答えていいものか思いあぐねていると、ゆずちゃんは俺に、優しい笑顔で……本当に優しい笑顔で、告げた。
164000 ,,,,,,6803,,ゆず,ゆず,07yuz284_059.wav,ゆず,70101,「でも……先生とのあかちゃんだったら、ゆずは産みたい……。今のゆず、ママしかいなくて、パパはいないけど……それでも、ちゃんと育ててもらってるから……」
164100 ,,,,,,6803,,ゆず,ゆず,07yuz284_060.wav,ゆず,70101,「だから、ゆずはひとりでも……先生のあかちゃん産んで、育てるの……」
164200 ,,,,,,6803,,隆行,隆行,,,,「ゆずちゃん……」
164300 ,,,,,,6803,,,,,,,　俺は……もうこのままでいいと心に決めた。誰に何と言われようと、時間はかかろうと……俺は、この少女のすべてを、全力で愛しきってみせる。
164400 ,,,,,,6803,,ゆず,ゆず,07yuz284_061.wav,ゆず,70101,「せんせい……？」
164500 ,,,,,,6803,,,,,,,　俺はゆっくりとゆずちゃんに覆いかぶさり、汗ばんだ背中に長いキスをする。
164600 ,,,,,,6803,,ゆず,ゆず,07yuz284_062.wav,ゆず,70101,「きゃん……」
164700 ,,,,,,6803,,隆行,隆行,,,,「もし子供ができちゃったら……一緒に育てよう。俺は、ゆずちゃんを＜独＝ひと＞りにはしないよ」
164800 ,,,,,,6803,,ゆず,ゆず,07yuz284_063.wav,ゆず,70101,「先生、ほんと……！？」
164900 ,,,,,,6803,,隆行,隆行,,,,「ああ……。ゆずちゃん、大好きだ。愛してる」
165000 ,,,,,,6803,,ゆず,ゆず,07yuz284_064.wav,ゆず,70101,「ゆずも……ゆずも、先生のこと愛してるのぉっ！　だいすき、だいすきなのぉっ……！」
165100 ,,,,,,6803,,隆行,隆行,,,,「おま○こに入れるよ……ゆずちゃん」
165200 ,,,,,,6803,,ゆず,ゆず,07yuz284_065.wav,ゆず,70101,「うん、入れて……おま○こに入れて……！　そして、ゆずの＜胎内＝なか＞にたくさん出してっ……！　先生とゆずの、あかちゃん作ろっ！」
165300 ,,,,,,6803,,隆行,隆行,,,,「うん、俺たちの赤ちゃん作ろう」
165400 ,,,,,,6803,,,,,,,　俺はうなずいてから一旦身体を離し、ズボンを脱いでゆく。
165500 ,,,,,,6803,,,,,,,　俺のペニスも、天を＜衝＝つ＞くほどに勃起していた。
165600 ,,,,,,6803,,ゆず,ゆず,07yuz284_066.wav,ゆず,70101,「うわあ、先生のおち○ちん……おっきいです、すごくおっきいです……▼」
165700 ,,,,,,6803,,,,,,,　うっとりと、ゆずちゃんがつぶやく。
165800 ,,,,,,6803,,ゆず,ゆず,07yuz284_067.wav,ゆず,70101,「入れて……先生、ゆずに早くおち○ちん入れてぇ……」
165900 ,,,,,,6803,,隆行,隆行,,,,「うん……それじゃあ、入れるよ……」
166000 ,,,,,,6803,,,,,,,　俺はゆっくりとゆずちゃんのアヌスに亀頭をあてがうと、腰に力を入れて前に突き出す。
166200 ,,,,,,6901,,ゆず,ゆず,07yuz284_068.wav,ゆず,70101,「ひうぁ……ひゃあっ……おち○ちん入って来たよぉ……ゆずのおま○こ、おち○ちんの先っぽが広げてるよぉ……」
166300 ,,,,,,6901,,,,,,,　ゆずちゃんの小さな身体が、俺のモノを受け入れる。
166400 ,,,,,,6901,,,,,,,　心配になるほど奥にまで俺のモノは飲み込まれ、中の方のとろけるように暖かい感触を味わった。
166500 ,,,,,,6901,,隆行,隆行,,,,「ゆずちゃんのおま○こ、きもちいいよ……最高にあったかくて、最高に締め付けてきて……最高に感じるよ……」
166600 ,,,,,,6901,,ゆず,ゆず,07yuz284_069.wav,ゆず,70101,「だってぇ……先生のおち○ちん……きもちいいんだもん……ゆずのおま○こえぐって、ずぶずぶって入ってくるんだもんっ……▼」
166700 ,,,,,,6901,,ゆず,ゆず,07yuz284_070.wav,ゆず,70101,「ひゃあんっ……！　ひああ……！　ああっ……おち○ちん……好きぃ……おち○ちん……おいしいよおっ……▼」
166800 ,,,,,,6901,,隆行,隆行,,,,「ゆずちゃん……俺とゆずちゃんは、ひとつになったよ……ゆずちゃんのおま○こと俺のおち○ちんが、つながってる……」
166900 ,,,,,,6901,,ゆず,ゆず,07yuz284_071.wav,ゆず,70101,「うんっ……感じてるよぉ……先生のこと、一番近くに感じてるよ……▼」
167000 ,,,,,,6901,,ゆず,ゆず,07yuz284_072.wav,ゆず,70101,「せんせえ……好きいっ……おち○ちんだけじゃなくて……先生のことが全部好きぃ……▼」
167100 ,,,,,,6901,,隆行,隆行,,,,「ああ、俺もゆずちゃんのことが全部好きだ」
167200 ,,,,,,6901,,ゆず,ゆず,07yuz284_073.wav,ゆず,70101,「ごめんね……ゆず、病気なのに……おち○ちん付いてるのに……」
167300 ,,,,,,6901,,隆行,隆行,,,,「おち○ちん付いてても、ゆずちゃんは可愛い女の子だよ。もう、わかってるじゃないか」
167400 ,,,,,,6901,,ゆず,ゆず,07yuz284_074.wav,ゆず,70101,「うれしいよぉ……先生が……そう言ってくれるなんて……うれしすぎるよぉ……うぇぇぇん……」
167500 ,,,,,,6901,,隆行,隆行,,,,「ゆずちゃん……俺のおち○ちんを、感じて……俺の気持ちを、感じて……」
167600 ,,,,,,6901,,ゆず,ゆず,07yuz284_075.wav,ゆず,70101,「うんっ……おち○ちん、感じてる……先生のおち○ちん……ゆずの中で暴れて……ひううぅっ……！」
167700 ,,,,,,6901,,,,,,,　俺は後ろからゆずちゃんを抱きしめたまま、彼女の中でペニスを往復させた。
167800 ,,,,,,6901,,ゆず,ゆず,07yuz284_076.wav,ゆず,70101,「ああんっ！　あっ▼　ひゃあ！　きゃふ、ひゃんっ▼　おま○こ感じるぅ▼　先生のおち○ちん感じるぅ▼」
167900 ,,,,,,6901,,隆行,隆行,,,,「ゆずちゃん……ゆずちゃんのおち○ちんも気持ちよくしてあげるね」
168000 ,,,,,,6901,,,,,,,　俺はそう言って、ゆずちゃんのおち○ちんに手を伸ばし、激しくしごき立てた。
168100 ,,,,,,6901,,ゆず,ゆず,07yuz284_077.wav,ゆず,70101,「ひゃ、あっ、おち○ちんも……きもちよすぎるよぉ▼　おち○ちんとおま○こ、両方きもちいいよぉ……！！」
168200 ,,,,,,6901,,隆行,隆行,,,,「ゆずちゃんは、えっちだから……神様が、感じる場所を２つ用意してくれたんだね……。ゆずちゃんは、みんなの倍、気持ちよくなれちゃうんだね……」
168300 ,,,,,,6901,,,,,,,　耳元でそうささやきながら、俺はピストン運動と手コキを、同時に行った。
168400 ,,,,,,6901,,ゆず,ゆず,07yuz284_078.wav,ゆず,70101,「いやあっ……▼　ひゃあ▼　あっ▼　おち○ちんっ▼　しこしこしてるぅ▼　先生がぁ、しこしこしながら……おま○こもずぽずぽしてるよおっ▼」
168500 ,,,,,,6901,,,,,,,　ゆずちゃんが、半狂乱で叫ぶ。
168600 ,,,,,,6901,,ゆず,ゆず,07yuz284_079.wav,ゆず,70101,「あああっ！　ゆずのおま○こ、こわれちゃうぅ……！　はげしすぎて……おま○こイッちゃうぅ……！」
168700 ,,,,,,6901,,隆行,隆行,,,,「先生もイッちゃうよ……ゆずちゃんのおま○こに、精子をたくさん出しちゃうよ……」
168800 ,,,,,,6901,,ゆず,ゆず,07yuz284_080.wav,ゆず,70101,「せんせえっ……せんせぇ、出してえ……▼　せいえきたくさん出してぇ、ゆずのおま○こに、いっぱい……あかちゃんのもと、ちょうだいっ！」
168900 ,,,,,,6901,,隆行,隆行,,,,「うん、いくよ……ゆずちゃんの中に、射精しちゃうよ……っ！」
169000 ,,,,,,6901,,ゆず,ゆず,07yuz284_081.wav,ゆず,70101,「きてぇ……出して、せいえき出してぇ……▼　先生のあかちゃん、あかちゃん作るのぉ▼　ゆずのらんしに、先生のせいしがじゅせいするのぉっ……▼▼▼」
169100 ,,,,,,6901,,,,,,,　できる限りまで射精をこらえながら、俺は激しく腰を打ち付ける。
169200 ,,,,,,6901,,,,,,,　身体の奥に生まれた快感が、ゆずちゃんとつながっている部分に集中し、肥大し……そして、破裂する。
169300 ,,,,,,6901,,隆行,隆行,,,,「ううっ……ああ……イク……イクうっ！」
169400 ,,,,,,6901,,ゆず,ゆず,07yuz284_082.wav,ゆず,70101,「ひゃああぁぁぁっ！　あっ、あっ、くぁあん、ああ……あああああああぁぁぁぁぁぁぁぁぁっ▼▼▼▼▼」
169700 ,,,<!ef_shasei>,,,6902,,,,,,,　どぴゅっ……！　ぶぴゅっ……！　びゅるるるる…………！！
170000 ,,,,,,6902,,ゆず,ゆず,07yuz284_083.wav,ゆず,70101,「ひゃはぁ……出てるよぉ……ゆずの中に、先生のあついせいしが出てる……ゆず、ニンシンしちゃうぅ……」
170100 ,,,,,,6902,,隆行,隆行,,,,「ゆずちゃんも……精液たまっちゃったでしょ……？　ゆずちゃんのおち○ちんも、破裂しちゃいそうだよ……」
170200 ,,,,,,6902,,,,,,,　俺はそうささやいて、ゆずちゃんのチ○チンの根本を戒めているゴムを解いた。
170300 ,,,,,,6902,,隆行,隆行,,,,「さあ……イッちゃっていいんだよ、ゆずちゃん……おち○ちん、びゅくびゅくって射精しちゃいなよ」
170400 ,,,,,,6902,,ゆず,ゆず,07yuz284_084.wav,ゆず,70101,「あっ、あっ、出ちゃうよ、出ちゃう、せいえき出ちゃう……せんせい……おち○ちん……あっ、ひゃうっ、あ……ダメえぇぇっ！！！」
170500 ,,,,,,6902,,,,,,,　泣き声みたいな悲鳴を上げて……その瞬間、ゆずちゃんのチ○チンが俺の手の中で大きく脈打った。
170600 ,,,,,,6902,,ゆず,ゆず,07yuz284_085.wav,ゆず,70101,「あああああぁぁぁぁぁぁぁ……っ！！！」
170900 ,,,<!ef_shasei>,,,6903,,,,,,,　どぴゅっ、びゅくんっ！　ぴゅっ、ぴゅぴゅっ……！！
171000 ,,,,,,6903,,ゆず,ゆず,07yuz284_086.wav,ゆず,70101,「ふああ……あ、ああ……出ちゃった……出ちゃったよぉ……」
171100 ,,,,,,6903,,隆行,隆行,,,,「俺も……ゆずちゃんの＜胎内＝なか＞に、たくさん出しちゃったよ……」
171200 ,,,,,,6903,,ゆず,ゆず,07yuz284_087.wav,ゆず,70101,「あは……▼　もう、ニンシンかくじつだね……」
171300 ,,,,,,6903,,隆行,隆行,,,,「ゆずちゃん……▼」
171400 ,,,,,,6903,,ゆず,ゆず,07yuz284_088.wav,ゆず,70101,「せんせえっ……▼」
171500 ,,,,,,6903,,,,,,,　頬を染め、肩越しに振り返って照れ笑いをしたゆずちゃんに……。
171600 ,,,,,,6903,,,,,,,　ちゅっ。
171700 ,,,,,,6903,,,,,,,　と、軽くふれあうだけのキス。
171800 ,,,,,,6903,,ゆず,ゆず,07yuz284_089.wav,ゆず,70101,「あ……そういえば、ゆず、先生とあんまりキスしたことない……」
171900 ,,,,,,6903,,隆行,隆行,,,,「そうだっけ……？」
172000 ,,,,,,6903,,ゆず,ゆず,07yuz284_090.wav,ゆず,70101,「うん……」
172100 ,,,,,,6903,,隆行,隆行,,,,「じゃあ、これからはたくさんキスしよう」
172200 ,,,,,,6903,,ゆず,ゆず,07yuz284_091.wav,ゆず,70101,「うん、たくさんしようね……おそとでも……」
172300 ,,,,,,6903,,,,,,,　俺は再び、ゆずちゃんの身体をきつく抱きしめる。
172400 ,,,,,,6903,,,,,,,　ゆずちゃんは涙をためながら、俺の耳元で静かにつぶやいた。
172500 ,,,,,,6903,,ゆず,ゆず,07yuz284_092.wav,ゆず,70101,「ゆずを好きになってくれて、ありがとう……せんせい……」
172600 ,,,,,,6903,,ゆず,ゆず,07yuz284_093.wav,ゆず,70101,「だいすき、だよ……」
172800 ,"$if %%memory%%,==,1,$return",,,,,,,,,,,,
172900 ,*07yuz090ed,,<!ef_ending_timepass>,4294967295,9001,,,,,,,,
173200 ,,,,1,15,,,隆行,隆行,,,,「今日もいい天気だな……」
173300 ,,,,,,,,,,,,,　昼下がりの公園、ベンチに腰掛けて空を見上げ、俺はぼんやりと呟いた。
173400 ,,,,,,,,,,,,,　どうやら、待ち合わせの時間には少し早かったらしい。
173500 ,,,,,,,,隆行,隆行,,,,「ま……いいさ。ここでひなたぼっこでもしてよう」
173600 ,,,,,,,,,,,,,　太陽の光を全身に浴びると、なんだかそれだけで元気がチャージできるような気がする。
173700 ,,,,,,,,,,,,,　俺はベンチに腰掛けたまま、両手を上げて大きく伸びをした。
173800 ,,,,,,,,隆行,隆行,,,,「んんんっ……！　……ん、んん？」
173900 ,,,,,,,,,,,,,　ふと、前の方を見る。
174000 ,,,,,,,,,,,,,　向こうから歩いてくる、制服を着た女の子の集団から……ひとりだけが外れて、こちらへと走ってくる。
174100 ,,,,,,,,ゆず,ゆず,07yuz285_001.wav,,,「せんせーいっ！」
174200 ,,,,,,,,,,,,,　目の前までやって来た女の子は、俺に向かって笑いかけると……いったん振り返って、他の子たちに手を振った。
174300 ,,,,,,,,隆行,隆行,,,,「ゆずちゃん、学校お疲れさま」
174400 ,,,,,,,,ゆず,ゆず,07yuz285_002.wav,ゆず,70302,「うふふっ……おともだちにね、『あの人、誰？』って聞かれちゃった▼」
174500 ,,,,,,,,,,,ゆず,70302,　照れたように、ゆずちゃんは笑う。
174600 ,,,,,,,,隆行,隆行,,ゆず,70302,「友達って、さっきの女の子たち？　……それで、なんて言ったの」
174700 ,,,,,,,,ゆず,ゆず,07yuz285_003.wav,ゆず,70301,「ないしょですっ▼」
174800 ,,,,,,,,隆行,隆行,,ゆず,70301,「ちぇっ、けちー」
174900 ,,,,,,,,ゆず,ゆず,07yuz285_004.wav,ゆず,70315,「だってぇ、はずかしいんだもん……」
175000 ,,,,,,,,隆行,隆行,,ゆず,70315,「は、恥ずかしいような紹介をしたの！？」
175100 ,,,,,,,,ゆず,ゆず,07yuz285_005.wav,ゆず,70314,「んん～、そうかも？」
175200 ,,,,,,,,隆行,隆行,,ゆず,70314,「そ、そんな！」
175300 ,,,,,,,,,,,ゆず,70302,　くすくすと笑うゆずちゃんには、以前のような……部屋の中に閉じこもっていた、病弱な子という面影はない。
175400 ,,,,,,,,,,,ゆず,70302,　ゆずちゃんが勇気を出して、家の外に出ると言った時……ゆずちゃんのお母さんも、とても喜んでいた。
175500 ,,,,,,,,,,,ゆず,70302,　それから、徐々に気持ちを慣らしていって……ゆずちゃんは、ついに外の世界を全く臆することなく歩けるようになったんだ。そこに至るには、またいろんな苦労があったんだけどさ……。
175600 ,,,,,,,,,,,ゆず,70302,　それから、関係各所でいろいろと話し合った末、ゆずちゃんは『女の子』として、学校に通うことができるようになり……そして今、ここにいる。
175700 ,,,,,,,,隆行,隆行,,ゆず,70302,「んー、制服も板についてきたねえ」
175800 ,,,,12,,7701,,ゆず,ゆず,07yuz285_006.wav,ゆず,70301,「だって、まいにち着てるんだもん。スカートのおしりのトコなんか、ちょっとテカテカしてきちゃって……。あ～あ、早くころもがえにならないかなあ」
175900 ,,,,,,7701,,隆行,隆行,,ゆず,70301,「ははっ、気が早いなあ」
176000 ,,,,,,7701,,,,,ゆず,70301,　俺はすっかり普通の女の子らしくなったゆずちゃんに、くすくすと笑った。
176100 ,,,,,,7701,,隆行,隆行,,ゆず,70301,「……どう、最近は」
176200 ,,,,,,7701,,ゆず,ゆず,07yuz285_007.wav,ゆず,70303,「おともだちもたくさんできたし、まいにちがすごく面白いよ。今まで知らなかったことをお勉強できるのって、とっても楽しい……」
176300 ,,,,,,7701,,隆行,隆行,,ゆず,70303,「ゆずちゃんは、俺が家庭教師をしていた頃から勉強好きだったからなあ」
176400 ,,,,,,7701,,ゆず,ゆず,07yuz285_008.wav,ゆず,70301,「うん……ありがとう、先生……」
176500 ,,,,,,7701,,,,,ゆず,70301,　そう言ってから、ゆずちゃんはイタズラっぽい笑みを浮かべて、俺の耳元に顔を近づけてくる。
176600 ,,,,,,7701,,ゆず,ゆず,07yuz285_009.wav,ゆず,70314,「そういえば、あのね、先生……」
176700 ,,,,,,7701,,隆行,隆行,,ゆず,70314,「んっ、なに？」
176800 ,,,,,,7701,,ゆず,ゆず,07yuz285_010.wav,ゆず,70301,「ゆず、学校でね……男の子からラブレターもらっちゃった。全部で５人くらい▼」
176900 ,,,,,,7701,,隆行,隆行,,ゆず,70301,「ラ、ラブレター！？　ふぅん……そ、そうなんだ」
177000 ,,,,,,7701,,ゆず,ゆず,07yuz285_011.wav,ゆず,70314,「おどろいた？　ねえ、おどろいた？」
177100 ,,,,,,7701,,隆行,隆行,,ゆず,70314,「そ、そうでもないよ……ゆずちゃんは可愛いし、それも当然だって」
177200 ,,,,,,7701,,ゆず,ゆず,07yuz285_012.wav,ゆず,70306,「ぷー……先生、やけちゃったりしないの？」
177300 ,,,,,,7701,,,,,ゆず,70306,　ほっぺたを膨らませ、抗議するゆずちゃん。
177400 ,,,,,,7701,,ゆず,ゆず,07yuz285_013.wav,ゆず,70306,「ゆずが他の男の子に取られちゃわないかって、心配になったりしない……？」
177500 ,,,,,,7701,,隆行,隆行,,ゆず,70306,「う、ううん……それは、まあ、ちょっと……心配かも」
177600 ,,,,,,7701,,,,,ゆず,70306,　俺が正直に答えると、ゆずちゃんはようやく機嫌を直して……嬉しそうな笑顔で俺にしがみついた。
177700 ,,,,,,7701,,ゆず,ゆず,07yuz285_014.wav,ゆず,70302,「うふふっ▼　でも、安心してください。ゆず、ちゃーんと全部おことわりしましたです。ゆずにはもう好きな人がいるから、ごめんなさい……って」
177800 ,,,,,,7701,,隆行,隆行,,ゆず,70302,「好きなひと……」
177900 ,,,,,,7701,,,,,ゆず,70302,　なんか、そうまっすぐに言われると赤面してしまう。
178000 ,,,,,,7701,,,,,ゆず,70302,　……だけど、それが真実。
178100 ,,,,,,7701,,,,,ゆず,70302,　俺とゆずちゃんは……これからもずっと一緒にいようって、約束したんだ。
178200 ,,,,,,7701,,ゆず,ゆず,07yuz285_015.wav,ゆず,70101,「ゆず、先生だけです……。ゆずのすべてを、好きになってくれた＜男性＝ひと＞……。だから、他の人になにを言われたって、だいじょーぶです」
178300 ,,,,,,7701,,隆行,隆行,,,,「ゆずちゃん……」
178400 ,,,,,,7701,,ゆず,ゆず,07yuz285_016.wav,ゆず,70101,「先生……ずっとゆずのそばにいてくれる？」
178500 ,,,,,,7701,,,,,,,　しがみついたまま、上目遣いのゆずちゃん。
178600 ,,,,,,7701,,,,,,,　ちょっと不安そうな瞳。
178700 ,,,,,,7701,,,,,,,　俺は……。
178800 ,,,,,,7701,,,,,,,　俺は彼女のほっぺたに手を添えると、優しく微笑んで答える。
178900 ,,,,,,7701,,隆行,隆行,,,,「大丈夫。俺たちはこれからも、ずうっと、ずうっと……一緒だよ」
179000 ,,,,,,7701,,ゆず,ゆず,07yuz285_017.wav,ゆず,70101,「先生……うれしい……▼」
179100 ,,,,,,7701,,,,,,,　そうして、俺は……。
179200 ,,,,,,7701,,ゆず,ゆず,07yuz285_018.wav,ゆず,70101,「あっ……せんせい……んっ……」
179300 ,,,,,,7701,,,,,,,　大切な恋人の唇に、そっとキスをした。
179400 ,,,,,,7701,,,,,,,　ちょっと遠いところから聞こえる、友達の黄色い声を楽しみながら。
179490 ,,,<!ef_ending_fade>,,9001,,,,,,,,
179497 ,,,<wait 1000>,,,,,,,,,,
179498 ,,,"<m_fade 0,2000>",4294967295,,,,,,,,,
179499 ,,,<wait 1000>,,,,,,,,,,
179600 ,$exit yuzu,,,,,,,,,,,,
179700 ,&07yuz210ds,,,4294967295,9000,,,,,,,,
180090 ,,,<!se_chime_ext><wait 700>,,,,,,,,,,
180100 ,,,,8,13,,,隆行,隆行,,,,「ごめんください、家庭教師センターの森崎です」
180200 ,,,,,9000,,,,,,,,　いつも通り、お母さんに案内されてゆずちゃんの部屋に入った。
180400 ,,,<!ef_move>,,14,,,隆行,隆行,,,,「こんにちは、ゆずちゃん」
180500 ,,,,,,,,ゆず,ゆず,07yuz286_001.wav,ゆず,70101,「うん、こんにちは」
180600 ,,,,,,,,隆行,隆行,,ゆず,70101,「体調はどうだい？」
180700 ,,,,,,,,ゆず,ゆず,07yuz286_002.wav,ゆず,70101,「ちょうしいいです」
180800 ,,,,,,,,隆行,隆行,,ゆず,70101,「そっか。それじゃ、今日の授業を始めるよ」
180900 ,,,,,,,,ゆず,ゆず,07yuz286_003.wav,ゆず,70102,「うん、先生」
181100 ,$return,,,,,,,,,,,,
181200 ,&07yuz220ds,,,4294967295,9000,,,,,,,,
181590 ,,,<!se_chime_ext><wait 700>,,,,,,,,,,
181600 ,,,,8,13,,,隆行,隆行,,,,「あっ、センターの森崎です。こんにちは」
181700 ,,,,,,,,,,,,,　玄関が開き、可愛らしい笑顔のお母さんが出てくる。
181800 ,,,,,9000,,,,,,,,　俺はお母さんに連れられ、ゆずちゃんの部屋へと入った。
182000 ,,,<!ef_move>,,14,,,ゆず,ゆず,07yuz287_001.wav,ゆず,70101,「先生、おひさしぶりです」
182100 ,,,,,,,,隆行,隆行,,ゆず,70101,「あっ、うん、久しぶり……って、そんな久しぶり？　まだ一週間だよ」
182200 ,,,,,,,,ゆず,ゆず,07yuz287_002.wav,ゆず,70105,「ゆずはずっとベッドの上で、いちにちが長いから……先生と会うのも、久しぶりな気がするんです……」
182300 ,,,,,,,,隆行,隆行,,ゆず,70105,「そっか……じゃあさ、たまには授業以外でも遊びに来よっか？」
182400 ,,,,,,,,ゆず,ゆず,07yuz287_003.wav,ゆず,70118,「えっ……ホントですか？」
182500 ,,,,,,,,隆行,隆行,,ゆず,70118,「ああ、ゆずちゃんのお母さんにも聞いてみるよ」
182600 ,,,,,,,,ゆず,ゆず,07yuz287_004.wav,ゆず,70120,「ママなら、ぜったいＯＫっていいます。ママも、先生が来るの楽しみにしてるから……」
182700 ,,,,,,,,隆行,隆行,,ゆず,70120,「えっ、そうなの？」
182800 ,,,,,,,,ゆず,ゆず,07yuz287_005.wav,ゆず,70102,「うん。先生に出すジュースとかおかしとか、どんなのがいいのかなって、いつもうれしそうに考えてるよ……」
182900 ,,,,,,,,隆行,隆行,,ゆず,70102,「へぇぇ……」
183000 ,,,,,,,,,,,ゆず,70102,　なんか、意外だったなあ……。
183100 ,,,,,,,,ゆず,ゆず,07yuz287_006.wav,ゆず,70101,「先生、はやくべんきょう教えてください」
183200 ,,,,,,,,隆行,隆行,,ゆず,70101,「あっ……そうだね。それじゃ、席について……」
183400 ,$return,,,,,,,,,,,,
183500 ,&07yuz230ds,,,4294967295,9000,,,,,,,,
183890 ,,,<!se_chime_ext><wait 700>,,,,,,,,,,
183900 ,,,,8,13,,,,,,,,　俺の来訪を予想していたのだろうか、すぐに玄関が開いてゆずちゃんのお母さんが出てきた。
184000 ,,,,,,,,隆行,隆行,,,,「あっ、どうも。こんにちは」
184100 ,,,,,9000,,,,,,,,　背は俺の肩ぐらいまでしかない、小さなお母さんに連れられ……俺はゆずちゃんの部屋に入っていった。
184300 ,,,<!ef_move>,,14,,,隆行,隆行,,,,「ゆずちゃん、元気にしてた？」
184400 ,,,,,,,,ゆず,ゆず,07yuz524_001.wav,ゆず,70101,「ゆずは、いつも元気です」
184500 ,,,,,,,,,,,ゆず,70101,　そのワリに自宅療養中……なんて野暮なツッコミは飲み込んで、俺は授業の準備を進めた。
184600 ,,,,,,,,隆行,隆行,,ゆず,70101,「さて、はじめよっか」
184700 ,,,,,,,,ゆず,ゆず,07yuz524_002.wav,ゆず,70102,「はい、先生」
185000 ,$return,,,,,,,,,,,,
185100 ,&07yuz240ds,,,4294967295,9000,,,,,,,,
185490 ,,,<!se_chime_ext><wait 700>,,,,,,,,,,
185500 ,,,,8,13,,,隆行,隆行,,,,「ごめんください、家庭教師センターの森崎です」
185600 ,,,,,9000,,,,,,,,　いつも通り、お母さんに案内されてゆずちゃんの部屋に入った。
185800 ,,,<!ef_move>,,14,,,隆行,隆行,,,,「こんにちは、ゆずちゃん」
185900 ,,,,,,,,ゆず,ゆず,07yuz525_001.wav,ゆず,70101,「こんにちは、先生」
186000 ,,,,,,,,隆行,隆行,,ゆず,70101,「体調はどうだい？」
186100 ,,,,,,,,ゆず,ゆず,07yuz525_002.wav,ゆず,70120,「先生が来てくれる日は……いつも、ちょうしいいです……」
186200 ,,,,,,,,隆行,隆行,,ゆず,70120,「そ、そう……」
186300 ,,,,,,,,ゆず,ゆず,07yuz525_003.wav,ゆず,70114,「……あ……めいわく、ですか……？」
186400 ,,,,,,,,隆行,隆行,,ゆず,70114,「ううん。ゆずちゃんが元気になれる手伝いができるなら、俺もうれしいよ。さ、勉強はじめようか」
186500 ,,,,,,,,ゆず,ゆず,07yuz525_004.wav,ゆず,70101,「はい、先生」
186700 ,$return,,,,,,,,,,,,
186800 ,&07yuz250ds,,,4294967295,9000,,,,,,,,
187190 ,,,<!se_chime_ext><wait 700>,,,,,,,,,,
187200 ,,,,8,13,,,隆行,隆行,,,,「あっ、センターの森崎です。こんにちは」
187300 ,,,,,,,,,,,,,　玄関が開き、可愛らしい笑顔のお母さんが出てくる。
187400 ,,,,,9000,,,,,,,,　俺はお母さんに連れられ、ゆずちゃんの部屋へと入った。
187600 ,,,<!ef_move>,,14,,,ゆず,ゆず,07yuz526_001.wav,ゆず,70101,「先生、こんにちは」
187700 ,,,,,,,,隆行,隆行,,ゆず,70101,「こんにちは、ゆずちゃん。気分よさそうだね」
187800 ,,,,,,,,ゆず,ゆず,07yuz526_002.wav,ゆず,70102,「先生がきてくれたから……です」
187900 ,,,,,,,,隆行,隆行,,ゆず,70102,「あれ？　それじゃ、俺がいない間は不機嫌な顔してお母さんを困らせてたりするのかな？」
188000 ,,,,,,,,ゆず,ゆず,07yuz526_003.wav,ゆず,70113,「そうじゃないですけど……けど」
188100 ,,,,,,,,隆行,隆行,,ゆず,70113,「けど？」
188200 ,,,,,,,,ゆず,ゆず,07yuz526_004.wav,ゆず,70105,「……こんどは先生、きてくれないんじゃないかって……不安になること……あります」
188300 ,,,,,,,,隆行,隆行,,ゆず,70105,「ちゃんと来るよ。ゆずちゃんのこと好きだしね」
188400 ,,,,,,,,ゆず,ゆず,07yuz526_005.wav,ゆず,70101,「……あ」
188500 ,,,,,,,,隆行,隆行,,ゆず,70101,「さ、ゆずちゃん、勉強はじめよっか」
188600 ,,,,,,,,ゆず,ゆず,07yuz526_006.wav,ゆず,70102,「は、はい」
188900 ,$return,,,,,,,,,,,,
189000 ,&07yuz260ds,,,4294967295,9000,,,,,,,,
189390 ,,,<!se_chime_ext><wait 700>,,,,,,,,,,
189400 ,,,,8,13,,,,,,,,　俺の来訪を予想していたのだろうか、すぐに玄関が開いてゆずちゃんのお母さんが出てきた。
189500 ,,,,,,,,隆行,隆行,,,,「あっ、どうも。こんにちは」
189600 ,,,,,9000,,,,,,,,　背は俺の肩ぐらいまでしかない、小さなお母さんに連れられ……俺はゆずちゃんの部屋に入っていった。
189800 ,,,<!ef_move>,,14,,,隆行,隆行,,,,「ゆずちゃん、元気にしてた？」
189900 ,,,,,,,,ゆず,ゆず,07yuz527_001.wav,ゆず,70102,「うん、ゆず、元気です」
190000 ,,,,,,,,隆行,隆行,,ゆず,70102,「よし、それじゃ、元気よくお勉強といたしますか」
190100 ,,,,,,,,ゆず,ゆず,07yuz527_002.wav,ゆず,70101,「はい、先生」
190400 ,$return,,,,,,,,,,,,
190500 ,&07yuz310snd,,,8,14,,,,,,,,
190900 ,,,,,,,,隆行,隆行,,,,「ゆずちゃん、宿題見せてくれる？」
191000 ,,,,,,,,ゆず,ゆず,07yuz289_001.wav,ゆず,70114,「あ……」
191100 ,,,,,,,,隆行,隆行,,ゆず,70114,「やれなかった……のかな？」
191200 ,,,,,,,,ゆず,ゆず,07yuz289_002.wav,ゆず,70106,「うん……」
191300 ,,,,,,,,隆行,隆行,,ゆず,70106,「調子悪かったなら、言ってよ……？」
191400 ,,,,,,,,ゆず,ゆず,07yuz289_003.wav,ゆず,70106,「ううん、そんなんじゃないです……むずかしすぎて……」
191500 ,,,,,,,,,,,ゆず,70106,　ああ、指定した問題が難しすぎたか……。ゆずちゃんの実力を見極めて、宿題を決めなきゃならないな。
191700 ,$return,,,,,,,,,,,,
191800 ,&07yuz311snd,,,8,14,,,,,,,,
192200 ,,,,,,,,隆行,隆行,,,,「ゆずちゃん、宿題はできてるかな」
192300 ,,,,,,,,ゆず,ゆず,07yuz528_001.wav,ゆず,70105,「……ごめんなさい…………」
192400 ,,,,,,,,隆行,隆行,,ゆず,70105,「あれ、やれなかった？」
192500 ,,,,,,,,ゆず,ゆず,07yuz528_002.wav,ゆず,70106,「……あの……もんだいが、よくわかんなくて……」
192600 ,,,,,,,,隆行,隆行,,ゆず,70106,「むずかしすぎちゃったか……」
192700 ,,,,,,,,,,,ゆず,70106,　ああ、指定した問題が難しすぎたか……。ゆずちゃんの実力を見極めて、宿題を決めなきゃならないな。
192900 ,$return,,,,,,,,,,,,
193000 ,&07yuz312snd,,,8,14,,,,,,,,
193400 ,,,,,,,,ゆず,ゆず,07yuz529_001.wav,ゆず,70106,「あの……先生……」
193500 ,,,,,,,,隆行,隆行,,ゆず,70106,「ん、どうしたの？」
193600 ,,,,,,,,ゆず,ゆず,07yuz529_002.wav,ゆず,70106,「……しゅくだい、できなかった……です」
193700 ,,,,,,,,隆行,隆行,,ゆず,70106,「ちょっと難しかったな？」
193800 ,,,,,,,,ゆず,ゆず,07yuz529_003.wav,ゆず,70105,「うん……」
193900 ,,,,,,,,,,,ゆず,70105,　ああ、指定した問題が難しすぎたか……。ゆずちゃんの実力を見極めて、宿題を決めなきゃならないな。
194100 ,$return,,,,,,,,,,,,
194200 ,&07yuz320snm,,,8,14,,,,,,,,
194600 ,,,,,,,,ゆず,ゆず,07yuz290_001.wav,ゆず,70106,「あの……ごめんなさい、先生……」
194700 ,,,,,,,,隆行,隆行,,ゆず,70106,「んんっ？　宿題、できなかった？」
194800 ,,,,,,,,ゆず,ゆず,07yuz290_002.wav,ゆず,70113,「うん……多すぎて、じかんが足りなかったです……」
194900 ,,,,,,,,隆行,隆行,,ゆず,70113,「そっか……ごめんね」
195000 ,,,,,,,,,,,ゆず,70113,　しまった……自宅療養してるゆずちゃんなら時間がたくさんあると思って、ちょっと多く出し過ぎちゃったかな……。
195200 ,$return,,,,,,,,,,,,
195300 ,&07yuz321snm,,,8,14,,,,,,,,
195700 ,,,,,,,,隆行,隆行,,,,「さて、ゆずちゃん、宿題は……」
195800 ,,,,,,,,ゆず,ゆず,07yuz530_001.wav,ゆず,70105,「……ごめんなさい。さいごまで……できませんでした……」
195900 ,,,,,,,,隆行,隆行,,ゆず,70105,「もしかして難しかったかな？」
196000 ,,,,,,,,ゆず,ゆず,07yuz530_002.wav,ゆず,70113,「ううん。むずかしくはなかったんだけど……量が……」
196100 ,,,,,,,,隆行,隆行,,ゆず,70113,「そっか……ごめんね」
196200 ,,,,,,,,,,,ゆず,70113,　しまった……自宅療養してるゆずちゃんなら時間がたくさんあると思って、ちょっと多く出し過ぎちゃったかな……。
196400 ,$return,,,,,,,,,,,,
196500 ,&07yuz322snm,,,8,14,,,,,,,,
196900 ,,,,,,,,ゆず,ゆず,07yuz531_001.wav,ゆず,70106,「先生……しゅくだい……なんですけど……」
197000 ,,,,,,,,隆行,隆行,,ゆず,70106,「ん、どれどれ…………あれ？」
197100 ,,,,,,,,ゆず,ゆず,07yuz531_002.wav,ゆず,70113,「……ごめんなさい。さいごまで……できてません……」
197200 ,,,,,,,,隆行,隆行,,ゆず,70113,「もしかして多かったかな？」
197300 ,,,,,,,,ゆず,ゆず,07yuz531_003.wav,ゆず,70113,「うん……いくらやっても、おわらなくて……」
197400 ,,,,,,,,隆行,隆行,,ゆず,70113,「そっか……ごめんね」
197500 ,,,,,,,,,,,ゆず,70113,　しまった……自宅療養してるゆずちゃんなら時間がたくさんあると思って、ちょっと多く出し過ぎちゃったかな……。
197700 ,$return,,,,,,,,,,,,
197800 ,&07yuz330sndm,,,8,14,,,,,,,,
198200 ,,,,,,,,隆行,隆行,,,,「じゃ、宿題チェックするよ」
198300 ,,,,,,,,ゆず,ゆず,07yuz291_001.wav,ゆず,70113,「えっと……」
198400 ,,,,,,,,隆行,隆行,,ゆず,70113,「できなかった……かな」
198500 ,,,,,,,,ゆず,ゆず,07yuz291_002.wav,ゆず,70113,「うん……むずかしいし、量もおおくて……」
198600 ,,,,,,,,隆行,隆行,,ゆず,70113,「そっか……」
198700 ,,,,,,,,,,,ゆず,70113,　ああ、難易度も出題量も適切じゃなかったか……。この失敗は、次に活かさないとな。
198900 ,$return,,,,,,,,,,,,
199000 ,&07yuz331sndm,,,8,14,,,,,,,,
199400 ,,,,,,,,隆行,隆行,,,,「さて、ゆずちゃん、宿題は……」
199500 ,,,,,,,,ゆず,ゆず,07yuz532_001.wav,ゆず,70113,「……」
199600 ,,,,,,,,,,,ゆず,70113,　ふるふる、と首を振るゆずちゃん。
199700 ,,,,,,,,隆行,隆行,,ゆず,70113,「できなかった……かな」
199800 ,,,,,,,,ゆず,ゆず,07yuz532_002.wav,ゆず,70106,「うん……」
199900 ,,,,,,,,隆行,隆行,,ゆず,70106,「難しかった？」
200000 ,,,,,,,,ゆず,ゆず,07yuz532_003.wav,ゆず,70106,「うん……あとね、量もおおかった」
200100 ,,,,,,,,,,,ゆず,70106,　ああ、難易度も出題量も適切じゃなかったか……。この失敗は、次に活かさないとな。
200300 ,$return,,,,,,,,,,,,
200400 ,&07yuz332sndm,,,8,14,,,,,,,,
200800 ,,,,,,,,ゆず,ゆず,07yuz533_001.wav,ゆず,70106,「先生……ごめんなさい」
200900 ,,,,,,,,隆行,隆行,,ゆず,70106,「ん？　宿題できなかった？」
201000 ,,,,,,,,ゆず,ゆず,07yuz533_002.wav,ゆず,70106,「うん……ぜんぜんすすまなくて……」
201100 ,,,,,,,,隆行,隆行,,ゆず,70106,「難しすぎちゃったか……」
201200 ,,,,,,,,ゆず,ゆず,07yuz533_003.wav,ゆず,70113,「やっと解けても……減らないし……」
201300 ,,,,,,,,隆行,隆行,,ゆず,70113,「量も多かったかぁ」
201400 ,,,,,,,,ゆず,ゆず,07yuz533_004.wav,ゆず,70113,「うん……」
201500 ,,,,,,,,,,,ゆず,70113,　ああ、難易度も出題量も適切じゃなかったか……。この失敗は、次に活かさないとな。
201700 ,$return,,,,,,,,,,,,
201800 ,&07yuz340sg,,,8,14,,,,,,,,
202100 ,,,,,,,,隆行,隆行,,,,「さて、先週の宿題を見せてもらおうかな」
202200 ,,,,,,,,ゆず,ゆず,07yuz292_001.wav,ゆず,70101,「うん、これ……」
202290 ,$call HomeWorkAffect,,,,,,,,,,,,
202300 ,,,,,,,,隆行,隆行,,ゆず,70101,「ちょっと待ってよ…………よし、ＯＫだね」
202400 ,,,,,,,,ゆず,ゆず,07yuz292_002.wav,ゆず,70103,「ふぅ、よかったです……」
202500 ,,,,,,,,隆行,隆行,,ゆず,70103,「この調子で、毎週忘れないようにね」
202600 ,,,,,,,,ゆず,ゆず,07yuz292_003.wav,ゆず,70103,「はい」
202800 ,$return,,,,,,,,,,,,
202900 ,&07yuz341sg,,,8,14,,,,,,,,
203200 ,,,,,,,,隆行,隆行,,,,「ゆずちゃん、宿題見せてくれる？」
203300 ,,,,,,,,ゆず,ゆず,07yuz293_001.wav,ゆず,70101,「はい……」
203390 ,$call HomeWorkAffect,,,,,,,,,,,,
203400 ,,,,,,,,隆行,隆行,,ゆず,70101,「どれどれ……うん、ＯＫだよ。カランカランカラン」
203500 ,,,,,,,,ゆず,ゆず,07yuz293_002.wav,ゆず,70119,「やぁっ、鈴ならしてあそんじゃダメです……」
203600 ,,,,,,,,隆行,隆行,,ゆず,70119,「ごめんごめん。……じゃ、授業を始めるからね」
203700 ,,,,,,,,ゆず,ゆず,07yuz293_003.wav,ゆず,70122,「ぷくー。あそぶなんてひどいです」
203900 ,$return,,,,,,,,,,,,
204000 ,&07yuz342sg,,,8,14,,,,,,,,
204300 ,,,,,,,,ゆず,ゆず,07yuz294_001.wav,ゆず,70101,「先生、しゅくだいです」
204390 ,$call HomeWorkAffect,,,,,,,,,,,,
204400 ,,,,,,,,隆行,隆行,,ゆず,70101,「ああ、チェックするね…………よし、ＯＫだよ」
204500 ,,,,,,,,ゆず,ゆず,07yuz294_002.wav,ゆず,70101,「うん……」
204600 ,,,,,,,,隆行,隆行,,ゆず,70101,「身体の調子が悪くて、宿題ができないなんて日はない……？」
204700 ,,,,,,,,ゆず,ゆず,07yuz294_003.wav,ゆず,70102,「ないです。先生も、それは気にしないでいいです……」
204800 ,,,,,,,,隆行,隆行,,ゆず,70102,「ああ、わかったよ」
205000 ,$return,,,,,,,,,,,,
205100 ,&07yuz343sg,,,8,14,,,,,,,,
205400 ,,,,,,,,隆行,隆行,,,,「それじゃ、まずは宿題チェックね」
205500 ,,,,,,,,ゆず,ゆず,07yuz295_001.wav,ゆず,70101,「うん……」
205590 ,$call HomeWorkAffect,,,,,,,,,,,,
205600 ,,,,,,,,隆行,隆行,,ゆず,70101,「えーと…………よし、カンペキだね」
205700 ,,,,,,,,ゆず,ゆず,07yuz295_002.wav,ゆず,70101,「うん」
205800 ,,,,,,,,隆行,隆行,,ゆず,70101,「ちゃんと宿題こなして、よく頑張ってるね。えらいえらい」
205900 ,,,,,,,,ゆず,ゆず,07yuz295_003.wav,ゆず,70102,「うん……だって、先生にほめてもらえるから……」
206100 ,$return,,,,,,,,,,,,
206200 ,&07yuz510lg,,,9,14,,,,,,,,
206600 ,,,,,,,,隆行,隆行,,,,「よし、授業はここまでにしようか」
206700 ,,,,,,,,ゆず,ゆず,07yuz296_001.wav,ゆず,70101,「うん……」
206800 ,,,,,,,,隆行,隆行,,ゆず,70101,「どう、わからなかったところはある？」
206900 ,,,,,,,,ゆず,ゆず,07yuz296_002.wav,ゆず,70115,「ないです……今日はすごくよくわかりました」
207000 ,,,,,,,,隆行,隆行,,ゆず,70115,「そうか……よかったよかった」
207100 ,,,,,,,,,,,ゆず,70115,　うん、ゆずちゃんも満足してる。今週は、充実したいい授業ができたみたいだな。
207300 ,$return,,,,,,,,,,,,
207400 ,&07yuz511lg,,,9,14,,,,,,,,
207800 ,,,,,,,,隆行,隆行,,,,「……さて、今日のところはこんなもんかな」
207900 ,,,,,,,,ゆず,ゆず,07yuz534_001.wav,ゆず,70114,「あ……もうおわり……」
208000 ,,,,,,,,隆行,隆行,,ゆず,70114,「今日は絶好調だったね、ゆずちゃん」
208100 ,,,,,,,,ゆず,ゆず,07yuz534_002.wav,ゆず,70101,「うん……楽しかった」
208200 ,,,,,,,,,,,ゆず,70101,　うん、ゆずちゃんも満足してる。今週は、充実したいい授業ができたみたいだな。
208400 ,$return,,,,,,,,,,,,
208500 ,&07yuz512lg,,,9,14,,,,,,,,
208900 ,,,,,,,,隆行,隆行,,,,「……じゃ、今日の授業はここまで。なにか質問とかあるかな？」
209000 ,,,,,,,,ゆず,ゆず,07yuz535_001.wav,ゆず,70101,「ううん……ないです。すごくよくわかりました」
209100 ,,,,,,,,隆行,隆行,,ゆず,70101,「着実に力がついてきてるよ、ゆずちゃん」
209200 ,,,,,,,,ゆず,ゆず,07yuz535_002.wav,ゆず,70102,「ふふ……うれしい……」
209300 ,,,,,,,,,,,ゆず,70102,　うん、ゆずちゃんも満足してる。今週は、充実したいい授業ができたみたいだな。
209500 ,$return,,,,,,,,,,,,
209600 ,&07yuz520ln,,,9,14,,,,,,,,
210000 ,,,,,,,,隆行,隆行,,,,「今日はここまでね。どう、手応えは」
210100 ,,,,,,,,ゆず,ゆず,07yuz297_001.wav,ゆず,70101,「まあまあ……です」
210200 ,,,,,,,,隆行,隆行,,ゆず,70101,「そっか、まあまあか……」
210300 ,,,,,,,,ゆず,ゆず,07yuz297_002.wav,ゆず,70114,「わるくはないですよ？　ホントです」
210400 ,,,,,,,,,,,ゆず,70114,　今週は、そこそこの理解度だったみたいだな。来週は、さらの上の充実した授業を目指して頑張るとしよう……。
210600 ,$return,,,,,,,,,,,,
210700 ,&07yuz521ln,,,9,14,,,,,,,,
211100 ,,,,,,,,隆行,隆行,,,,「それじゃあ今日はここまで。今日の手応えはどう？」
211200 ,,,,,,,,ゆず,ゆず,07yuz536_001.wav,ゆず,70101,「うん……ふつう」
211300 ,,,,,,,,隆行,隆行,,ゆず,70101,「普通か……」
211400 ,,,,,,,,ゆず,ゆず,07yuz536_002.wav,ゆず,70101,「うん……ふつう」
211500 ,,,,,,,,隆行,隆行,,ゆず,70101,「そ、そっか……」
211600 ,,,,,,,,,,,ゆず,70101,　今週は、そこそこの理解度だったみたいだな。来週は、さらの上の充実した授業を目指して頑張るとしよう……。
211800 ,$return,,,,,,,,,,,,
211900 ,&07yuz522ln,,,9,14,,,,,,,,
212300 ,,,,,,,,隆行,隆行,,,,「……さて、今日はこんなところかな。何か質問はあるかな？」
212400 ,,,,,,,,ゆず,ゆず,07yuz537_001.wav,ゆず,70101,「うん、ちょっと……」
212500 ,,,,,,,,隆行,隆行,,ゆず,70101,「ん、どれどれ……」
212700 ,,,<!ef_timepass>,,,,,ゆず,ゆず,07yuz537_002.wav,ゆず,70101,「うん……だいたいわかった、と思う」
212800 ,,,,,,,,隆行,隆行,,ゆず,70101,「分からなかったら遠慮なく連絡してきてね」
212900 ,,,,,,,,ゆず,ゆず,07yuz537_003.wav,ゆず,70102,「うん」
213000 ,,,,,,,,,,,ゆず,70102,　今週は、そこそこの理解度だったみたいだな。来週は、さらの上の充実した授業を目指して頑張るとしよう……。
213200 ,$return,,,,,,,,,,,,
213300 ,&07yuz530lb,,,9,14,,,,,,,,
213700 ,,,,,,,,隆行,隆行,,,,「んしょっ……と。今日は、ここまでにしようか」
213800 ,,,,,,,,ゆず,ゆず,07yuz298_001.wav,ゆず,70113,「うん……」
213900 ,,,,,,,,隆行,隆行,,ゆず,70113,「ゆずちゃん、浮かない顔だね……」
214000 ,,,,,,,,ゆず,ゆず,07yuz298_002.wav,ゆず,70114,「えっと……じゅぎょうが、あんまりよくわからなかったです……」
214100 ,,,,,,,,,,,ゆず,70114,　ううむ、今週の授業はイマイチの理解度みたいだ。俺の教え方が悪かったかな……。
214300 ,$return,,,,,,,,,,,,
214400 ,&07yuz531lb,,,9,14,,,,,,,,
214800 ,,,,,,,,隆行,隆行,,,,「……うーん、今日はここまでにしておこうか。あんまり乗らないみたいだし」
214900 ,,,,,,,,ゆず,ゆず,07yuz538_001.wav,ゆず,70113,「うん……ごめんなさい」
215000 ,,,,,,,,隆行,隆行,,ゆず,70113,「まぁ、そういう日もあるよ。俺の教え方の問題かもしれないし、気にせずまた来週がんばろう」
215100 ,,,,,,,,ゆず,ゆず,07yuz538_002.wav,ゆず,70122,「うん……」
215200 ,,,,,,,,,,,ゆず,70122,　ううむ、今週の授業はイマイチの理解度みたいだ。俺の教え方が悪かったかな……。
215400 ,$return,,,,,,,,,,,,
215500 ,&07yuz532lb,,,9,14,,,,,,,,
215900 ,,,,,,,,隆行,隆行,,,,「……と、今日はこんなもんかな」
216000 ,,,,,,,,ゆず,ゆず,07yuz539_001.wav,ゆず,70113,「うん……」
216100 ,,,,,,,,隆行,隆行,,ゆず,70113,「あんまり調子はよくない感じかな？」
216200 ,,,,,,,,ゆず,ゆず,07yuz539_002.wav,ゆず,70101,「うん……」
216300 ,,,,,,,,隆行,隆行,,ゆず,70101,「気を取り直して来週またがんばろう……ね？」
216400 ,,,,,,,,ゆず,ゆず,07yuz539_003.wav,ゆず,70101,「うん……」
216500 ,,,,,,,,,,,ゆず,70101,　ううむ、今週の授業はイマイチの理解度みたいだ。俺の教え方が悪かったかな……。
216700 ,$return,,,,,,,,,,,,
216800 ,&07yuz610t,,,9,14,,,,,,,,
217100 ,,,,,,,,隆行,隆行,,,,「最後は、実力を試す小テストね」
217200 ,,,,,,,,ゆず,ゆず,07yuz299_001.wav,ゆず,70101,「うん……」
217300 ,,,,,,,,隆行,隆行,,ゆず,70101,「不合格だからって授業が終わっちゃう訳じゃないよ。リラックスしてね」
217400 ,,,,,,,,ゆず,ゆず,07yuz299_002.wav,ゆず,70101,「うん……」
217600 ,$return,,,,,,,,,,,,
217700 ,&07yuz620t,,,9,14,,,,,,,,
218000 ,,,,,,,,隆行,隆行,,,,「さて、小テストをするよ～」
218100 ,,,,,,,,ゆず,ゆず,07yuz300_001.wav,ゆず,70101,「うん、おねがいします」
218200 ,,,,,,,,隆行,隆行,,ゆず,70101,「制限時間は３秒」
218300 ,,,,,,,,ゆず,ゆず,07yuz300_002.wav,ゆず,70119,「ええっ……！？」
218400 ,,,,,,,,隆行,隆行,,ゆず,70119,「冗談だよ」
218600 ,$return,,,,,,,,,,,,
218700 ,&07yuz630t,,,9,14,,,,,,,,
219000 ,,,,,,,,隆行,隆行,,,,「さて、最後は小テストね」
219100 ,,,,,,,,ゆず,ゆず,07yuz301_001.wav,ゆず,70101,「うん……」
219200 ,,,,,,,,隆行,隆行,,ゆず,70101,「合格したら、ご褒美だよ？」
219300 ,,,,,,,,ゆず,ゆず,07yuz301_002.wav,ゆず,70101,「うん、がんばります……！」
219500 ,$return,,,,,,,,,,,,
219600 ,&07yuz710tb,,<!ef_timepass>,8,14,,,,,,,,
219900 ,,,,,,,,隆行,隆行,,,,「うーん、今回はちょっとなあ……」
220000 ,,,,,,,,ゆず,ゆず,07yuz302_001.wav,ゆず,70106,「ダメ、ですか……？」
220100 ,,,,,,,,隆行,隆行,,ゆず,70106,「ああ、残念だけどね。次、頑張ろう」
220200 ,,,,,,,,ゆず,ゆず,07yuz302_002.wav,ゆず,70113,「うん……」
220400 ,$return,,,,,,,,,,,,
220500 ,&07yuz720tb,,<!ef_timepass>,8,14,,,,,,,,
220800 ,,,,,,,,隆行,隆行,,,,「うーん、不合格だね……」
220900 ,,,,,,,,ゆず,ゆず,07yuz303_001.wav,ゆず,70105,「うう……」
221000 ,,,,,,,,隆行,隆行,,ゆず,70105,「来週、また頑張ろう」
221100 ,,,,,,,,ゆず,ゆず,07yuz303_002.wav,ゆず,70101,「うん……」
221300 ,$return,,,,,,,,,,,,
221400 ,&07yuz730tb,,<!ef_timepass>,8,14,,,,,,,,
221700 ,,,,,,,,ゆず,ゆず,07yuz304_001.wav,ゆず,70106,「先生、どうですか……？」
221800 ,,,,,,,,隆行,隆行,,ゆず,70106,「ううん……残念だけど、不合格かな……」
221900 ,,,,,,,,ゆず,ゆず,07yuz304_002.wav,ゆず,70105,「ぐすっ……」
222000 ,,,,,,,,隆行,隆行,,ゆず,70105,「ほらほら、泣かない泣かない」
222200 ,$return,,,,,,,,,,,,
222300 ,&07yuz810ssm,,,8,14,,,,,,,,
222700 ,,,,,,,,隆行,隆行,,,,「宿題の範囲はメモしたかい？」
222800 ,,,,,,,,ゆず,ゆず,07yuz305_001.wav,ゆず,70113,「うん……でも……」
222900 ,,,,,,,,隆行,隆行,,ゆず,70113,「あっ……ちょっと多かったかな？」
223000 ,,,,,,,,ゆず,ゆず,07yuz305_002.wav,ゆず,70113,「なんとか……やってみます……」
223200 ,$return,,,,,,,,,,,,
223300 ,&07yuz811ssm,,,8,14,,,,,,,,
223700 ,,,,,,,,隆行,隆行,,,,「宿題はこんな感じかな」
223800 ,,,,,,,,ゆず,ゆず,07yuz540_001.wav,ゆず,70113,「う……うん……」
223900 ,,,,,,,,隆行,隆行,,ゆず,70113,「……多いかな？」
224000 ,,,,,,,,ゆず,ゆず,07yuz540_002.wav,ゆず,70113,「うん、ちょっと……でも、やってみます」
224100 ,,,,,,,,隆行,隆行,,ゆず,70113,「うん、がんばって」
224300 ,$return,,,,,,,,,,,,
224400 ,&07yuz812ssm,,,8,14,,,,,,,,
224800 ,,,,,,,,隆行,隆行,,,,「じゃあ宿題はここまでね」
224900 ,,,,,,,,ゆず,ゆず,07yuz541_001.wav,ゆず,70113,「うん……でも……」
225000 ,,,,,,,,隆行,隆行,,ゆず,70113,「……ちょっと多い？」
225100 ,,,,,,,,ゆず,ゆず,07yuz541_002.wav,ゆず,70113,「……がんばってみます」
225200 ,,,,,,,,隆行,隆行,,ゆず,70113,「うん、がんばって」
225400 ,$return,,,,,,,,,,,,
225500 ,&07yuz820ssg,,,8,14,,,,,,,,
225900 ,,,,,,,,隆行,隆行,,,,「じゃあ、宿題は以上ね」
226000 ,,,,,,,,ゆず,ゆず,07yuz306_001.wav,ゆず,70101,「うん」
226100 ,,,,,,,,隆行,隆行,,ゆず,70101,「やれそう？」
226200 ,,,,,,,,ゆず,ゆず,07yuz306_002.wav,ゆず,70101,「うん、きっとだいじょうぶです」
226400 ,$return,,,,,,,,,,,,
226500 ,&07yuz821ssg,,,8,14,,,,,,,,
226900 ,,,,,,,,隆行,隆行,,,,「宿題はこんなところかな」
227000 ,,,,,,,,ゆず,ゆず,07yuz542_001.wav,ゆず,70101,「うん……これならできると思います」
227100 ,,,,,,,,隆行,隆行,,ゆず,70101,「がんばってね」
227400 ,$return,,,,,,,,,,,,
227500 ,&07yuz822ssg,,,8,14,,,,,,,,
227900 ,,,,,,,,隆行,隆行,,,,「宿題の範囲はこんな感じだけど、大丈夫かな？」
228000 ,,,,,,,,ゆず,ゆず,07yuz543_001.wav,ゆず,70101,「うん……大丈夫だと、思います」
228100 ,,,,,,,,隆行,隆行,,ゆず,70101,「がんばってね」
228200 ,,,,,,,,ゆず,ゆず,07yuz543_002.wav,ゆず,70102,「うん……がんばります」
228400 ,$return,,,,,,,,,,,,
228500 ,&07yuz830ssl,,,8,14,,,,,,,,
228900 ,,,,,,,,隆行,隆行,,,,「宿題は、ここと……あと、ここ……」
229000 ,,,,,,,,ゆず,ゆず,07yuz307_001.wav,ゆず,70101,「うん」
229100 ,,,,,,,,隆行,隆行,,ゆず,70101,「ＯＫかな？」
229200 ,,,,,,,,ゆず,ゆず,07yuz307_002.wav,ゆず,70103,「うん、これだけならかんたん……」
229400 ,$return,,,,,,,,,,,,
229500 ,&07yuz831ssl,,,8,14,,,,,,,,
229900 ,,,,,,,,隆行,隆行,,,,「宿題は……ここから……ここまでって感じでいいかな」
230000 ,,,,,,,,ゆず,ゆず,07yuz544_001.wav,ゆず,70101,「うん……すぐできると、思います」
230100 ,,,,,,,,隆行,隆行,,ゆず,70101,「もうちょっと増やしたほうがいい？」
230200 ,,,,,,,,ゆず,ゆず,07yuz544_002.wav,ゆず,70113,「ううん……これでいいです」
230400 ,$return,,,,,,,,,,,,
230500 ,&07yuz832ssl,,,8,14,,,,,,,,
230900 ,,,,,,,,隆行,隆行,,,,「じゃあ宿題はここまでの範囲ね」
231000 ,,,,,,,,ゆず,ゆず,07yuz545_001.wav,ゆず,70114,「うん……それだけで、いいんですか？」
231100 ,,,,,,,,隆行,隆行,,ゆず,70114,「ちょっと少なかったかな？」
231200 ,,,,,,,,ゆず,ゆず,07yuz545_002.wav,ゆず,70101,「ゆっくりやります」
231400 ,$return,,,,,,,,,,,,
231500 ,&07yuz910de,,,8,14,,,,,,,,
231800 ,,,,,,,,隆行,隆行,,,,「さて、今日はこれでおしまい。ゆずちゃん、お疲れ様」
231900 ,,,,,,,,ゆず,ゆず,07yuz308_001.wav,ゆず,70101,「ありがとう、先生……」
232000 ,,,,,,,,,,,ゆず,70101,　ゆずちゃんのお礼に、俺は笑顔でうなずいて答える。
232100 ,,,,,,,,隆行,隆行,,ゆず,70101,「ゆずちゃん、宿題は忘れないようにね」
232200 ,,,,,,,,ゆず,ゆず,07yuz308_002.wav,ゆず,70101,「うん……」
232300 ,,,,,,,,隆行,隆行,,ゆず,70101,「それじゃ、また来週」
232400 ,,,,,,,,ゆず,ゆず,07yuz308_003.wav,ゆず,70118,「あ……」
232500 ,,,,,,,,隆行,隆行,,ゆず,70118,「んっ？」
232600 ,,,,,,,,ゆず,ゆず,07yuz308_004.wav,ゆず,70115,「ううん……またね、先生……」
232700 ,,,,,,,,隆行,隆行,,ゆず,70115,「ああ、またね」
232800 ,,,,,9000,,,,,,,,　俺はゆずちゃんの頭を軽く撫でると、部屋を後にした。
233000 ,$return,,,,,,,,,,,,
233100 ,&07yuz920de,,,8,14,,,,,,,,
233400 ,,,,,,,,隆行,隆行,,,,「今日はここまでね、ゆずちゃん」
233500 ,,,,,,,,ゆず,ゆず,07yuz309_001.wav,ゆず,70106,「あ……うん……せんせい……」
233600 ,,,,,,,,隆行,隆行,,ゆず,70106,「んんっ？」
233700 ,,,,,,,,ゆず,ゆず,07yuz309_002.wav,ゆず,70106,「あ……あう……」
233800 ,,,,,,,,隆行,隆行,,,,「ちょっと……ゆずちゃん！？」
233900 ,,,,,,,,,,,,,　俺はとっさに立ち上がり、ふらつくゆずちゃんの身体を胸と腕で抱きとめる。
234000 ,,,,,,,,隆行,隆行,,,,「ゆずちゃん……少し、熱っぽいようだけど……」
234100 ,,,,,,,,ゆず,ゆず,07yuz309_003.wav,ゆず,70113,「う、うん……だいじょうぶです……」
234200 ,,,,,,,,隆行,隆行,,ゆず,70113,「俺……急いでゆずちゃんのお母さんを呼んでくるよ！」
234300 ,,,,,,,,ゆず,ゆず,07yuz309_004.wav,ゆず,70119,「ううん、だいじょうぶなの……先生、もう少しだっこしててください……」
234400 ,,,,,,,,隆行,隆行,,ゆず,70119,「ホントに大丈夫なのかい……？」
234500 ,,,,,,,,ゆず,ゆず,07yuz309_005.wav,ゆず,70101,「うん……ゆず、先生にこうしてもらってるとすごく落ち着くんです……」
234600 ,,,,,,,,隆行,隆行,,ゆず,70101,「ベッドに寝た方がいいんじゃない？」
234700 ,,,,,,,,ゆず,ゆず,07yuz309_006.wav,ゆず,70114,「先生もいっしょに寝てくれる……？」
234800 ,,,,,,,,隆行,隆行,,ゆず,70114,「そ、それはちょっと……！」
234900 ,,,,,,,,ゆず,ゆず,07yuz309_007.wav,ゆず,70115,「なら、このままがいいです……」
235000 ,,,,,,,,隆行,隆行,,ゆず,70115,「うーん……わかったよ。ちょっとでも気分が悪くなったら、すぐに言うんだよ？」
235100 ,,,,,,,,ゆず,ゆず,07yuz309_008.wav,ゆず,70115,「うん……」
235200 ,,,,,,,,,,,,,　俺はゆずちゃんをヒザの上に抱きかかえ直すと、空いた片方の手で長い髪を優しく撫でた。
235300 ,,,,,,,,ゆず,ゆず,07yuz309_009.wav,ゆず,70116,「せんせい……それ、きもちいいです……」
235400 ,,,,,,,,隆行,隆行,,ゆず,70116,「じゃ、ずっと撫でていてあげるよ」
235500 ,,,,,,,,ゆず,ゆず,07yuz309_010.wav,ゆず,70123,「うん…………」
235600 ,,,,,,,,,,,ゆず,70123,　ゆずちゃんはゆっくり眼を閉じ、だんだんと規則的な呼吸になっていく。
235700 ,,,,,,,,ゆず,ゆず,07yuz309_011.wav,ゆず,70123,「パパ……」
235800 ,,,,,,,,隆行,隆行,,,,「えっ……？」
235900 ,,,,,,,,ゆず,ゆず,07yuz309_012.wav,,,「すうっ……すうっ……」
236000 ,,,,,,,,,,,,,　俺が聞き返した時、ゆずちゃんはすでに……俺の腕の中で、安らかな寝息を立てていた。
236100 ,,,,,9000,,,,,,,,　俺はしばらくそのまま、眠りが深くなるのを待ってから……ベッドにそっと寝かせて、部屋を後にした。
236300 ,$return,,,,,,,,,,,,
236400 ,&07yuz930de,,,8,14,,,,,,,,
236700 ,,,,,,,,隆行,隆行,,,,「ゆずちゃん、お疲れ様。今日はこれで終わりだよ」
236800 ,,,,,,,,ゆず,ゆず,07yuz310_001.wav,ゆず,70123,「ふぅ……」
236900 ,,,,,,,,隆行,隆行,,ゆず,70123,「やっぱり疲れたかな」
237000 ,,,,,,,,ゆず,ゆず,07yuz310_002.wav,ゆず,70101,「だいじょうぶ……」
237100 ,,,,,,,,隆行,隆行,,ゆず,70101,「横になる？」
237200 ,,,,,,,,ゆず,ゆず,07yuz310_003.wav,ゆず,70113,「えっと……あ……」
237300 ,,,,,,,,隆行,隆行,,ゆず,70113,「無理は良くないよ、ほら」
237400 ,,,,,,,,,,,ゆず,70113,　俺はゆずちゃんの肩とヒザ下に手を回し、一気に抱え上げた。
237500 ,,,,,,,,ゆず,ゆず,07yuz310_004.wav,,,「きゃ……！」
237600 ,,,,,,,,,,,,,　いわゆるお姫様だっこのかたちで、ゆずちゃんをベッドへと運んでいく。ゆずちゃんの身体は、折れてしまいそうなほどに細く……そして、はかないほどに軽かった。
237700 ,,,,,,,,ゆず,ゆず,07yuz310_005.wav,,,「せんせい……」
237800 ,,,,,,,,隆行,隆行,,,,「じゃ、俺は帰るからね。お母さんにも、ゆずちゃんは横になってるって伝えとくから」
237900 ,,,,,,,,ゆず,ゆず,07yuz310_006.wav,,,「うん……」
238000 ,,,,,,,,,,,,,　いろいろしてあげたい気持ちにはなるけど、俺が踏み込めるのはせいぜいここまで……。
238100 ,,,,,9000,,,,,,,,　俺は荷物をまとめ、そっとゆずちゃんの部屋を後にした。
238300 ,$return,,,,,,,,,,,,

