%line%,%seq%,%effect%,%music%,%bg%,%cg%,%ov%,%truename%,%name%,%voice%,%st0_name%,%st0_pos%,%st0_face%,%st1_name%,%st1_pos%,%st1_face%,%pageflag%,%text%
10310 ,@r22_start,,,,,,,,,,,,,,,,エントリポイント
10329 ,"$fset %tsumugi_route_open,1",,,,,,,,,,,,,,,,
10330 ,"$cmp %g_manaka_end,==,0",,,,,,,,,,,,,,,,
10340 ,$true,,,,,,,,,,,,,,,,
↓,"$fset %tsumugi_route_open,0",,,,,,,,,,,,,,,,
10344 ,"$cmp %g_yuu_end,==,0",,,,,,,,,,,,,,,,
10345 ,$true,,,,,,,,,,,,,,,,
↓,"$fset %tsumugi_route_open,0",,,,,,,,,,,,,,,,
10346 ,"$cmp %g_kotori_end,==,0",,,,,,,,,,,,,,,,
10347 ,$true,,,,,,,,,,,,,,,,
↓,"$fset %tsumugi_route_open,0",,,,,,,,,,,,,,,,
10349 ,"$cmp %start_pos,==,0",,,,,,,,,,,,,,,,
10350 ,$true,,,,,,,,,,,,,,,,
↓,"$fset %jump%,0",,,,,,,,,,,,,,,,
10351 ,$false,,,,,,,,,,,,,,,,
↓,"$fset %jump%,1",,,,,,,,,,,,,,,,
10353 ,*debug_menu,,,,,,,,,,,,,,,,デバッグ用だが、同時に製品にうっかりデバッグモードを残さないための確認用でもある
10355 ,$jump_begin,,,,,,,,,,,,,,,,
↓,"$jump_item 0,普通にゲームを開始する,gamestart",,,,,,,,,,,,,,,,
↓,"$jump_item 1,つむぎ第二部へ,tsumugi_2_start",,,,,,,,,,,,,,,,
↓,"$jump_item 2,過去編へ,tsumugi_kako_begin",,,,,,,,,,,,,,,,
↓,"$jump_item 3,ゲーム開始（つむぎＯＮ）,Debug_tsumugi_open",,,,,,,,,,,,,,,,
↓,$jump_end,,,,,,,,,,,,,,,,
10399 ,@gamestart,,,,,,,,,,,,,,,,
10400 ,@000,,,,,,,,,,,,,,,,
10780 ,,<hide>,,9000,,,,,,,,,,,,,
10790 ,,<hide><s_fade time=""8000"" type=""shadeoff"" param=""type=r"">,,,,ov/ev_suzu.pgx,,,,,,,,,,,
10799 ,,<hide>,11,,,ov/ev_suzu.pgx,,,,,,,,,,,
10800 ,,<hide><wait time=""1500""><s_fade wa time=""1100"">,,,,ov/ev_suzu.pgx,温泉卿,,12ons000_001.wav,,,,,,,,「久しぶりに日本を訪れることが決まったとき、
　わしはその行き先の名前に
　胸が締め付けられる思いがした」
10900 ,,,,,,ov/ev_suzu.pgx,温泉卿,,12ons000_002.wav,,,,,,,,「――＜星河原＝ほしがわら＞。
　もう９０年になるだろうか。
　意図的に避けていたことは、否めない」
11000 ,,,,,,ov/ev_suzu.pgx,温泉卿,,12ons000_003.wav,,,,,,,,「わしは引き出しの奥から、小さな鈴を取り出した。
　鈴はところどころ錆びて朽ちかけ、
　もはや本来の用途たりえない様子だった」
11100 ,,,,,,ov/ev_suzu.pgx,温泉卿,,12ons000_004.wav,,,,,,,,「わしはその鈴を手に取り、そっと目を閉じる。
　懐かしい風景がじんわりと浮かび上がりかけて、
　それから消えた」
11200 ,,,,,,ov/ev_suzu.pgx,温泉卿,,12ons000_005.wav,,,,,,,,「わしは目を開き、過去の幻影を追うのをやめた」
11300 ,,,,,,ov/ev_suzu.pgx,温泉卿,,12ons000_006.wav,,,,,,,,「全てが、遠い昔のこと。
　だがひとつだけは、
　はっきりと思い出すことができた」
11400 ,,,,,,ov/ev_suzu.pgx,温泉卿,,12ons000_007.wav,,,,,,,,「そういえば、あの村の狭い青空は、
　とても美しいものだった――」
11480 ,,<hide>,,,,ov/ev_suzu.pgx,,,,,,,,,,,
11490 ,,<hide><s_fade time=""8000"" type=""shadeoff"" param=""type=n"">,,9000,,,,,,,,,,,,,
11700 ,,,,,,,,,,,,,,,,,“――ごめんなさい”
11900 ,,,,,,,,,,,,,,,,,そう言った彼女の小さな手を、俺はそっと握りしめた。
12500 ,@010,,,,,,,,,,,,,,,,
12800 ,,<!Lbegin_day_change>,7,101,,,愛歌,愛歌,01man010_001.wav,"manaka,uniform",,1,,,,,「それじゃ＜優哉＝ゆうや＞ちゃん、バイバイ。
　また明日ね」
12900 ,,,,,,,優哉,優哉,,manaka,,1,,,,,「おう、またな。＜愛歌＝まなか＞」
13000 ,,,,,,,,,,manaka,,1,,,,,　俺は愛歌に向けて軽く手を挙げると、
　自宅の玄関に足を向けた。
13100 ,,,,,,,愛歌,愛歌,01man010_002.wav,manaka,,0,,,,,「……あっ、明日は寝坊しちゃダメなんだよ？
　ちゃんと時間通り起きてね」
13200 ,,,,,,,優哉,優哉,,manaka,,0,,,,,「あいよ。とりあえずの努力はする」
13300 ,,,,,,,愛歌,愛歌,01man010_003.wav,manaka,,3,,,,,「とりあえず、じゃダメだよ……。
　明日、いつもの時間過ぎても出てこなかったら
　また起こしに行くからね？」
13400 ,,,,,,,優哉,優哉,,manaka,,3,,,,,「はいはい、わかったよ。愛歌」
13500 ,,,,,,,,,,manaka,,90,,,,,　＜秋里＝あきさと＞＜愛歌＝まなか＞は、
　真向かいの家に住む幼なじみ。
13600 ,,,,,,,,,,manaka,,90,,,,,　親同士が親友だったおかげで
　初顔合わせが生まれて２ヶ月、
　それ以来ずっと一緒という筋金入りの幼なじみだ。
13700 ,,,,,,,,,,manaka,,90,,,,,　ただあまりにも身近に馴染みすぎて、
　もはや兄妹と言って差し支えないぐらいでは
　あるんだが。
13800 ,,,,,,,愛歌,愛歌,01man010_004.wav,manaka,,1,,,,,「それじゃね。優哉ちゃん」
13900 ,,,,,,,優哉,優哉,,manaka,,1,,,,,「ああ、またな」
14100 ,,,,,,,,,,,,,,,,,　俺はおもむろに、ポストの中をのぞく。
14200 ,,,,,,,,,,,,,,,,,　昨日チェックし忘れたこともあって、
　中には結構な数の郵便物がたまっていた。
14300 ,,,,,,,,,,,,,,,,,　こぼれ落ちないよう、
　慎重に郵便物の束をつかみ出す。
14400 ,,,,,,,,,,,,,,,,,　数通のダイレクトメールを除くと、
　ほとんどが親父宛の郵便物だった。
14500 ,,,,,,,優哉,優哉,,,,,,,,,「うわ、結構あるな……。
　こりゃ旅館に直接持って行った方がいいか……？」
14600 ,,,,,,,,,,,,,,,,,　旅館、とは、俺の親父が経営している
　温泉旅館のことだ。
14700 ,,,,,,,,,,,,,,,,,　親父はその旅館につきっきりで、
　ほとんど家に帰ってこない。
14800 ,,,,,,,,,,,,,,,,,　だからこうして自宅の方に回ってくる郵便物を
　届けるのは、俺たち家族の役目って訳だ。
14900 ,,,,,,,優哉,優哉,,,,,,,,,「うーん、この時間、＜旅館＝あそこ＞まで行くのは
　めんどくさいが……」
15000 ,,,,,,,,,,,,,,,,,　親父の旅館は、ここから１５分ほど
　山へ向かって歩いたところにある。
15100 ,,,,,,,,,,,,,,,,,　そんなに遠い距離じゃないけど、
　学園から帰ってきたばかりの疲れた身体では
　微妙に踏ん切りが付かないのも確かだ。
15200 ,,,,,,,優哉,優哉,,,,,,,,,「まあ……しょうがないよな。
　大事な書類があったら困るし」
15300 ,,,,,,,,,,,,,,,,,　俺は、親父の旅館へと向かった。
15490 ,,<!move_normal>,,1102,,,,,,,,,,,,,
15600 ,,<!move_short>,,1200,,,仲居Ａ,仲居,38naa010_001.wav,,,,,,,,「……あら、若。いらっしゃい」
15700 ,,,,,,,優哉,優哉,,,,,,,,,「ういっす、トメさん。
　相変わらず元気そうだね」
15800 ,,,,,,,仲居Ａ,仲居,38naa010_002.wav,,,,,,,,「そうなのよ～！　昨日、テレビでねぇ」
16000 ,,,,,,,叔夜,ナレーション,50syu010_001.wav,,,,,,,,「温泉饅頭に、驚きの健康効果が！」
16100 ,,,,,,,仲居Ａ,仲居,38naa010_003.wav,,,,,,,,「……なんてやってたから、早速食べまくってみたら
　今日は元気すぎて困っちゃうの。あははははは」
16200 ,,,,,,,,,,,,,,,,,　いかにも元気そうなオバちゃん……
　＜仲居頭＝なかいがしら＞のトメさんが、陽気に俺を出迎える。
16300 ,,,,,,,優哉,優哉,,,,,,,,,「いや、どう考えても糖分の固まりである饅頭に
　健康的な効果は期待できないと思うぞ……」
16500 ,,<!move_look>,,1102,,,,,,,,,,,,,　ここが、俺の親父が経営する温泉旅館『すみさき』。　お世辞にも、流行っているとは言い難い旅館だ。
16600 ,,,,,,,,,,,,,,,,,　俺たちが住んでいる街……＜星河原＝ほしがわら＞＜温泉郷＝おんせんごう＞では、
　そこそこな規模を誇る旅館である。
16700 ,,,,,,,,,,,,,,,,,　……が、経営者の息子である俺が言うのもなんだが、　悲しいほどに流行ってない。
16800 ,,,,,,,,,,,,,,,,,　いやもうホントに。涙出るほど。
16900 ,,,,,,,,,,,,,,,,,　まあ、それはこの星河原温泉郷全体でも
　言えるんだけど。
17100 ,,<!move_look>,,1200,,,仲居Ａ,仲居,38naa010_004.wav,,,,,,,,「それで、若。
　こんな時間にどうしたんだい？」
17200 ,,,,,,,優哉,優哉,,,,,,,,,「親父宛の郵便物がたまってたんで、
　持ってきたんだ」
17300 ,,,,,,,仲居Ａ,仲居,38naa010_005.wav,,,,,,,,「ああ、そうかい。
　支配人なら、確か板場の方にいたよ。
　ちょいと呼んでこようかね」
17400 ,,,,,,,優哉,優哉,,,,,,,,,「あ、いいよいいよトメさん。
　俺はただコイツを届けに来ただけなんで、
　すぐ帰るからさ」
17500 ,,,,,,,優哉,優哉,,,,,,,,,「親父に会ったら、
　また何か手伝わされるに決まってるし」
17600 ,,,,,,,英俊,英俊,13eis010_001.wav,,,,,,,,「ふふふ……その通りだよ優哉。
　ちょうどいいところに来たねぇ」
17700 ,,,,,,,,,,,,,,,,,　いきなり背後から声がしたので振り返ると、
　そこに満面の笑顔をたたえた親父がいた。
17800 ,,,,,,,,,,,,,,,,,　旅館の支配人というより、
　『風采の上がらないサラリーマン』
　といった方が似合うその風貌。
17900 ,,,,,,,,,,,,,,,,,　百歩ゆずって『＜飄々＝ひょうひょう＞』とは言えるだろうが、
　ともかく旅館の支配人をやっているようには見えない　中年親父だ。
18000 ,,,,,,,優哉,優哉,,,,,,,,,「くッ、噂をすれば出やがったな……。
　俺は、ただ郵便物を届けに来ただけだからな」
18100 ,,,,,,,英俊,英俊,13eis010_002.wav,,,,,,,,「まあそう言うな息子よ。
　せっかくだし、親孝行のひとつでもして行かんかね」
18200 ,,,,,,,優哉,優哉,,,,,,,,,「あんたの言う親孝行は、
　家族を無償で労働させることだろうが」
18300 ,,,,,,,英俊,英俊,13eis010_003.wav,,,,,,,,「無償で使役できる夢のような労働力があるのなら、
　経営者として使わない訳にはいかないと
　思うんだがねぇ」
18400 ,,,,,,,優哉,優哉,,,,,,,,,「無償、ってのが問題なんだよ。
　せめて時給ぐらい出せよな」
18500 ,,,,,,,英俊,英俊,13eis010_004.wav,,,,,,,,「わかった。これで手を打とうじゃないか」
18600 ,,,,,,,,,,,,,,,,,　そういって親父は、俺にピースマークを突きつける。
18700 ,,,,,,,優哉,優哉,,,,,,,,,「ぬう、２０００円か。それは迷うな……」
18800 ,,,,,,,英俊,英俊,13eis010_005.wav,,,,,,,,「２００円だ」
19000 ,,"<shake target=""sc"" time=""500,500"" x=""30,50,0"" y=""20,50,0"">",,,,,優哉,優哉,,,,,,,,,「安すぎるわ！」
19100 ,,,,,,,,,,,,,,,,,　遠くから、仲居さんたちの
　クスクスという笑い声が聞こえてくる。
19200 ,,,,,,,,,,,,,,,,,　俺と親父のやりとりは、彼女たちにとって
　ある種の『名物』でもある。
19300 ,,,,,,,,,,,,,,,,,　彼女たち（さっきのトメさん以外に若い子もいるよ）　に笑いを提供するのはやぶさかでないが、
　このまま親父とコントを続けるのも不毛だ。
19400 ,,,,,,,優哉,優哉,,,,,,,,,「わかった、わかったよ。
　……で、俺はなにを手伝えばいいんだ？」
19500 ,,,,,,,英俊,英俊,13eis010_006.wav,,,,,,,,「ああ。露天風呂の掃除を頼むよ」
19600 ,,,,,,,優哉,優哉,,,,,,,,,「露天風呂？」
19700 ,,,,,,,英俊,英俊,13eis010_007.wav,,,,,,,,「そう、露天風呂だ。
　あれは男手じゃないと大変だからねぇ」
19800 ,,,,,,,優哉,優哉,,,,,,,,,「それならほら、部屋案内の人に
　力仕事が得意そうな褐色の外人さんがいただろ？
　確か、カリブから出稼ぎに来てた」
19900 ,,,,,,,英俊,英俊,13eis010_008.wav,,,,,,,,「ああ、ゴメス君か」
20000 ,,,,,,,,,,,,,,,,,　親父は思い出したようにポンと手を叩いたあと、
　残念そうに遠くを見つめる。
20100 ,,,,,,,英俊,英俊,13eis010_009.wav,,,,,,,,「彼は、貴重な男手だったんだけどねぇ……。
　この前、就労ビザが切れてたのが
　当局にバレちゃってねぇ……」
20200 ,,,,,,,優哉,優哉,,,,,,,,,「………………」
20300 ,,,,,,,,,,,,,,,,,　俺はため息とともに、親父の顔を見る。
20400 ,,,,,,,優哉,優哉,,,,,,,,,「そのうち、従業員の必要人数割り込みそうだなオイ」
20500 ,,,,,,,英俊,英俊,13eis010_010.wav,,,,,,,,「大丈夫だよ。
　ちょうど今日、新しい子が入ってきたところ
　だしねぇ」
20600 ,,,,,,,英俊,英俊,13eis010_011.wav,,,,,,,,「だからお前は旅館のことなど気にせず、
　心おきなく勉学に励みなさい」
20700 ,,,,,,,優哉,優哉,,,,,,,,,「だったらムリヤリ旅館の手伝いなんてさせず、
　素直に家へ帰らせてくれないか」
20800 ,,,,,,,英俊,英俊,13eis010_012.wav,,,,,,,,「どうせ帰ったところで勉強なんてしないんだから、
　手伝ってったってよかろう？」
20900 ,,,,,,,優哉,優哉,,,,,,,,,「……うぐ」
21000 ,,,,,,,,,,,,,,,,,　親の言い分としては矛盾してる気がするが、
　なかなか痛いところを突きやがる。
21100 ,,,,,,,優哉,優哉,,,,,,,,,「へいへい、わかったよ。やればいいんだろ」
21200 ,,,,,,,英俊,英俊,13eis010_013.wav,,,,,,,,「助かるよ、優哉
　床に、ブラシをかけるぐらいでいいから」
21300 ,,,,,,,優哉,優哉,,,,,,,,,「あいよ」
21400 ,,,,,,,,,,,,,,,,,　俺は降参の意味も込めて肩をすくめると、
　露天風呂に通じる通路を見やる。
21500 ,,,,,,,優哉,優哉,,,,,,,,,「……で、それはいつやればいいんだ？
　深夜か？　それとも明け方？」
21600 ,,,,,,,英俊,英俊,13eis010_014.wav,,,,,,,,「今、たのむよ」
21700 ,,,,,,,優哉,優哉,,,,,,,,,「…………は？」
21800 ,,,,,,,,,,,,,,,,,　俺は、間の抜けた声とともに
　ロビーにある時計を確認した。
21900 ,,,,,,,,,,,,,,,,,　時計の針は、午後の７時を指している。
　どう考えても、露天風呂的にゴールデンタイムだ。
22000 ,,,,,,,優哉,優哉,,,,,,,,,「マジで……今やるのか？」
22100 ,,,,,,,英俊,英俊,13eis010_015.wav,,,,,,,,「そうだよ、今。たった今。
　ジャストナウ」
22200 ,,,,,,,優哉,優哉,,,,,,,,,「冗談は職業だけにしてくれるか、親父」
22300 ,,,,,,,英俊,英俊,13eis010_016.wav,,,,,,,,「お前は私が、冗談で旅館の支配人をしていると
　思っているのかね」
22400 ,,,,,,,優哉,優哉,,,,,,,,,「そう思わざるを得ないときが、ままある。
　まことに遺憾ながら」
22500 ,,,,,,,英俊,英俊,13eis010_017.wav,,,,,,,,「息子のその発言には父親としても
　まことに遺憾であるが、それはともかく
　ジャストナウ掃除してくれたまえ、優哉」
22600 ,,,,,,,優哉,優哉,,,,,,,,,「まあ、親父がそう言うなら別にいいが……。
　こんな時間に風呂の掃除なんてできるのか？」
22700 ,,,,,,,優哉,優哉,,,,,,,,,「いくら＜『すみさき』＝ここ＞が流行ってない旅館っても、
　この時間ならお客さんも
　露天風呂に入ったりするんじゃ……」
22800 ,,,,,,,,,,,,,,,,,　俺も、温泉旅館の息子なのは伊達じゃない。
22900 ,,,,,,,,,,,,,,,,,　今夜、宿泊客がいるというのは
　玄関の様子からすでに確認済みだった。
23000 ,,,,,,,英俊,英俊,13eis010_018.wav,,,,,,,,「確かにお客様はいらっしゃるが、全てのお客様は
　ただいま夕食を召し上がっているところだ。
　よって現在露天風呂には、誰も入っておられない」
23100 ,,,,,,,優哉,優哉,,,,,,,,,「自信満々だな、親父」
23200 ,,,,,,,英俊,英俊,13eis010_019.wav,,,,,,,,「ああ。なぜなら本日のお客様は、萩の間のみ。
　私がつい先ほど、板長とともに
　お膳をお出ししてきたところだからね」
23300 ,,,,,,,英俊,英俊,13eis010_020.wav,,,,,,,,「今ごろ、板長がこしらえた山海の珍味に
　舌鼓を打っておられることだろう」
23400 ,,,,,,,優哉,優哉,,,,,,,,,「なるほど。
　お客さんがたった１組しかいないから、
　その行動もカンペキに把握できてるって訳か」
23500 ,,,,,,,英俊,英俊,13eis010_021.wav,,,,,,,,「うむ、その通りだ。
　自慢できたことではないがね」
23700 ,,"<shake target=""sc"" time=""1000,1000"" x=""40,100,0"" y=""30,100,0"">",,,,,優哉,優哉,,,,,,,,,「全くだな！」
23900 ,,<!move_short>,,1602,,,優哉,優哉,,,,,,,,,「ふう……。以前から客が少ないのは知ってたけど、
　ホントに全く流行ってないな、ウチの旅館は……。
　あんなんで経営大丈夫なのか……？」
24000 ,,,,,,,,,,,,,,,,,　俺はそうつぶやきながら男側の脱衣所を通り、
　露天風呂へと進む。
24300 ,,<!move_short><!se_bath_kapon>,8,1303,,,,,,,,,,,,,　ここが、旅館すみさき自慢の露天風呂。
24400 ,,,,,,,,,,,,,,,,,　少し高台にあり、谷底の街と
　そびえ立つ山々を眺められる
　グレイトな景観が自慢だ。
24500 ,,,,,,,,,,,,,,,,,　泉質は、アルカリ性単純＜硫黄泉＝いおうせん＞。
　お湯の色は、無色透明。
24600 ,,,,,,,,,,,,,,,,,　効能は、リウマチ性疾患、運動障害、しもやけ、
　創傷、糖尿病、月経異常……らしい。
24700 ,,,,,,,,,,,,,,,,,　あと、ホントかウソか、肌がつるつるになる
　『美人の湯』としても売り出しているようだ。
24800 ,,,,,,,,,,,,,,,,,　……以上、風呂の隅に張り出している
　掲示プレートより。
24900 ,,,,,,,優哉,優哉,,,,,,,,,「しかし、確かに親父の言うとおり誰もいないな。
　お客さんが来ないうちに、さっさと終わらせるか」
25000 ,,,,,,,,,,,,,,,,,　ウチの露天風呂は、混浴になっている。
　脱衣所と室内風呂は男女それぞれにあるけど、
　露天風呂は奥に１つあるだけ。
25100 ,,,,,,,,,,,,,,,,,　まあ混浴っても、若い女性のお客さんは少なくて
　ほとんどがオバちゃんなんだけどな……。
25200 ,,,,,,,,,,,,,,,,,　さらに男性に至っては、保養目的のお爺ちゃん以外
　ほとんど見かけない。
25300 ,,,,,,,,,,,,,,,,,　その理由は……実に簡単。この星河原温泉郷は、
　全てが微妙に中途半端だからだ。
25500 ,,<!move_look>,,12202,,,,,,,,,,,,,　街はそこそこ＜拓＝ひら＞けていて、秘湯という風情はない。
　ランプの宿……なんてのにはほど遠い、
　ごくごく普通の温泉街。
25600 ,,,,,,,,,,,,,,,,,　そのワリに、都心からのアクセスは
　電車乗り換え２回＋バスという面倒くささ。
　バスの本数だって、もちろん少ない。
25700 ,,,,,,,,,,,,,,,,,　それ以外の交通手段と言えばタクシーだが、
　隣町の駅前ならワリと楽に捕まえられても、
　＜星河原＝こっち＞でタクシーを見つけるとなると至難の業だ。
25900 ,,<!move_look>,,13102,,,,,,,,,,,,,　やっぱ、アクセスの悪さは致命的だよな。
　行きにくいなりに、何かユニークな売りがあれば
　良かったけど……。ただ不便な田舎ってだけだし。
26000 ,,,,,,,,,,,,,,,,,　そりゃ、直通列車１本で行ける有名温泉街に
　客が流れるのは当然だよなあ。
26200 ,,<!move_look>,,1303,,,優哉,優哉,,,,,,,,,「……まあ、俺がそんな嘆息をしたところで
　何も始まらないけどな。
　そういうことに頭を悩ませるのは、青年会の仕事だ」
26300 ,,,,,,,,,,,,,,,,,　構成員の平均年齢が親父とそう変わらない
　『青年』会に問題を押しつけつつ、俺は石造りの床に　ざっしゅざっしゅとブラシをかけ始める。
26400 ,,,,,,,優哉,優哉,,,,,,,,,「しかし、なんでこうまで人気がないかな……。
　そんな悪い宿には見えないんだが」
26500 ,,,,,,,,,,,,,,,,,　俺自身、ウチの露天風呂は星河原温泉郷でも
　１・２を争う素晴らしさだと思う。
26600 ,,,,,,,,,,,,,,,,,　露天風呂から見える景色も格別、
　食いモンも山海の珍味が
26700 ,,,,,,,,,,,,,,,,,　……いや、『海』はないな。川魚は出るけど。
26800 ,,,,,,,優哉,優哉,,,,,,,,,「やっぱ、原因はアクセスの悪さだろうなあ。
　あと、アピール不足か」
27000 ,,,,,,,,,,,,,,,,,　そのとき、
27100 ,,<m_fade fadeout=""6000"">,0,,,,優哉,優哉,,,,,,,,,「…………ん？」
27200 ,,,,,,,,,,,,,,,,,　奥の方に、なにやら気配を感じた。
27300 ,,,,,,,優哉,優哉,,,,,,,,,「親父のヤツ、お客さんいないって言ったのに、
　ひょっとして誰か入ってるのか……？」
27400 ,,,,,,,,,,,,,,,,,　俺はおそるおそる、様子をうかがってみる。
27590 ,,<hide><s_fade time=""5000"" param=""file=af/a010.af&range=255"">,11,,8101,,,,,,,,,,,,
27600 ,,<hide><wait time=""2000"">,,,8101,,,,,,,,,,,,　それは……女性。
　若くて美しい、女性だった。
27800 ,,,,,8101,,,,,,,,,,,,　俺はつい、その姿に見とれてしまう。
28000 ,,,,,1102,,つむぎ,女性,05tum010_001.wav,,,,,,,,「あ……………………」
28100 ,,,,,1102,,つむぎ,女性,05tum010_002.wav,,,,,,,,「シュクヤ…………？」
28200 ,,,,,1102,,優哉,優哉,,,,,,,,,「えっ？」
28300 ,,,,,1102,,つむぎ,女性,05tum010_003.wav,,,,,,,,「うそ…………。
　どうして、シュクヤが…………」
28400 ,,,,,1102,,優哉,優哉,,,,,,,,,「い、いや、これは、その……！」
28600 ,,,,,1102,,優哉,優哉,,,,,,,,,「俺……あ、いや、私は、この旅館の人間で！
　その、誰もいらっしゃらないと思って
　掃除をしてただけで！」
28700 ,,,,,1102,,つむぎ,女性,05tum010_004.wav,,,,,,,,「……………………」
29200 ,,,,,1101,,,,,,,,,,,,　そのとき、女性用の脱衣所の方から
　にぎやかなダミ声が聞こえてきた。
29300 ,,,,,1101,,,,,,,,,,,,　まずい……更にお客さんがやってきたか！？
29400 ,,,,,1101,,優哉,優哉,,,,,,,,,「えっと、すみませんでした！
　し、失礼しますっ！」
29500 ,,,,,1102,,つむぎ,女性,05tum010_005.wav,,,,,,,,「あ…………」
29600 ,,,,,1102,,,,,,,,,,,,　俺は取り急ぎ頭を下げると、
　ブラシを手に男性側の脱衣所へと駆け込む。
29700 ,,,,,1102,,つむぎ,女性,05tum010_006.wav,,,,,,,,「……………………」
29890 ,,<!Lend_scene_change>,0,9000,,,,,,,,,,,,,
30100 ,@020,,,,,,,,,,,,,,,,
30500 ,,<!Lbegin_scene_change>,0,9000,,,,,,,,,,,,,　俺は自室に戻ると、迷わず顔からベッドに向かって
　ダイブした。
30600 ,,,,,,,,,,,,,,,,,　腰が痛い。腕がダルい。坂道の往復で足の裏が熱い。
30700 ,,,,,,,,,,,,,,,,,　それに……。
31000 ,,<!scene_past_begin>,0,9000,1101,#sep,優哉,優哉,,,,,,,,,「……やっぱり、お客さんだったのかな。
　ここらじゃ見かけない顔だったけど……」
31100 ,,,,,1101,#sep,,,,,,,,,,,　不思議な感覚だった。
31200 ,,,,,1101,#sep,,,,,,,,,,,　あんなに綺麗な女性の裸を見たのに、
　心の中がひどく落ち着いている。
31300 ,,,,,1101,#sep,,,,,,,,,,,　男として反応すべき部分も、全くの無反応だった。
31600 ,,,,,1102,#sep,,,,,,,,,,,　それにあの彼女の眼差し……。
31700 ,,,,,1102,#sep,,,,,,,,,,,　裸を目撃されても声すら上げず、
　今にもこちらへ駆け寄ってきそうだった。
31800 ,,,,,1102,#sep,優哉,優哉,,,,,,,,,「普通は、『きゃー！　痴漢！？　変態っ！！』な
　場面だよな……」
31900 ,,,,,1102,#sep,優哉,優哉,,,,,,,,,「あと、なんか俺の顔を見て呟いてたような……」
32000 ,,,,,1102,#sep,優哉,優哉,,,,,,,,,「シュク……シュク、ヤ……だったか？」
32300 ,,<!scene_past_end>,,,,,優哉,優哉,,,,,,,,,「あー、分かんね。初対面だったよな、多分……」
32400 ,,,,,,,,,,,,,,,,,　学園の校門や廊下でぶつかった記憶もないし、
　突然、義理の姉が現れた！　な展開になるほど、
　うちの親父に甲斐性はない。
32500 ,,,,,,,,,,,,,,,,,　そして何より、問題だったのは。
32800 ,,<!scene_past_begin>,0,9000,1102,#sep,優哉,優哉,,,,,,,,,「……なんで＜勃＝た＞たないかな、お前は」
32900 ,,,,,1102,#sep,,,,,,,,,,,　露天風呂。裸の女性とばったり。
33000 ,,,,,1102,#sep,,,,,,,,,,,　おまけに二人っきり。
33100 ,,,,,1102,#sep,,,,,,,,,,,　男という生き物なら、まちがいなくいきり立つ場面。
33200 ,,,,,1102,#sep,,,,,,,,,,,　なのに肝心のアレは、終電に乗る定年間近の
　≪おとうさん≫のようなうなだれっぷりだった。
33400 ,,,,,1102,#sep,優哉,優哉,,,,,,,,,「もしかして俺って……役立たずなのか？」
33500 ,,,,,1102,#sep,,,,,,,,,,,　男としていきなりクライマックスな展開を迎えつつ、
　重くなった瞼を閉じる。
33700 ,,<!scene_past_end>,,9000,,,,,,,,,,,,,　網膜に焼きついていた彼女の細い輪郭は、視界の消失
　と共に瞼の奥で滲んでいった。
33800 ,,,,,,,優哉,優哉,,,,,,,,,「しかし……」
33900 ,,,,,,,優哉,優哉,,,,,,,,,「なんか、引っかかるな……」
34000 ,,,,,,,優哉,優哉,,,,,,,,,「昔……どこかで似たようなことがあったような……」
34700 ,,<!timepass_2_long>,1,500,,,千紗,？？？,06tis020_001.wav,,,,,,,,「お兄ちゃーんっ」
34800 ,,,,,,,優哉,優哉,,,,,,,,,「ん……」
34900 ,,,,,,,千紗,？？？,06tis020_002.wav,,,,,,,,「お兄ちゃんっ！　起きてるーっ？」
35000 ,,,,,,,優哉,優哉,,,,,,,,,「なんだ……＜千紗＝ちさ＞か…………」
35100 ,,,,,,,,,,,,,,,,,　異常に頭が重い。
35200 ,,,,,,,,,,,,,,,,,　昨日、あんなことがあったおかげで
　妙に寝つけなかったからな……。
35300 ,,,,,,,千紗,千紗,06tis020_003.wav,,,,,,,,「お兄ちゃん、起きた？
　千紗はもう行くからねーっ？」
35400 ,,,,,,,,,,,,,,,,,　階下から、妹の千紗が声をかけてくる。
35500 ,,,,,,,優哉,優哉,,,,,,,,,「おーう。俺は起きてるから、安心して行ってこーい」
35600 ,,,,,,,,,,,,,,,,,　おそらく玄関にいるであろう千紗に聞こえるよう、
　大きめに声を張り上げた。
35700 ,,,,,,,,,,,,,,,,,　ホントかな……なんて声が聞こえてくるが、そこは
　さすが我が妹だと褒めておこう。
35900 ,,,,9000,,,優哉,優哉,,,,,,,,,「さて……寝直すか」
36000 ,,,,,,,,,,,,,,,,,　再び、布団に潜り込む。
36100 ,,,,,,,,,,,,,,,,,　このぶんだと、弟の＜陽向＝ひなた＞も
　もう家を出ているに違いない。
36300 ,,,,,,,,,,,,,,,,,　よって、この家には俺ひとり……。
　ゆっくりと眠りに落ちるとしよう。
36400 ,,,,,,,,,,,,,,,,,　………………
36500 ,,,,,,,,,,,,,,,,,　…………
36600 ,,,,,,,愛歌,？？？,01man331_001.wav,,,,,,,,「……ちゃん」
36700 ,,,,,,,,,,,,,,,,,　ん？
36800 ,,,,,,,愛歌,？？？,01man020_001.wav,,,,,,,,「優哉ちゃん……もう、やっぱり寝坊してる」
37000 ,,,1,,1201,,愛歌,愛歌,01man020_002.wav,,,,,,,,「優哉ちゃん、起きないとダメだよ、もう……」
37100 ,,,,,1201,,優哉,優哉,,,,,,,,,「んっ、んぁぁ……愛歌か……」
37200 ,,,,,1201,,,,,,,,,,,,　頭までかぶっていた布団を引きはがされ、
　刺すような朝日に目を細める。
37300 ,,,,,1201,,,,,,,,,,,,　そういえば昨日、起こしに来るって言ってたな。
37400 ,,,,,1201,,優哉,優哉,,,,,,,,,「眠い……昨日寝付けなくて、死ぬほど眠いんだ。
　愛歌、俺にはかまわず先に行ってくれ」
37500 ,,,,,1201,,愛歌,愛歌,01man020_003.wav,,,,,,,,「えっ……？」
37600 ,,,,,1201,,愛歌,愛歌,01man020_004.wav,,,,,,,,「そんなこと、できるわけないよ。
　ほら、起きて優哉ちゃん。遅刻しちゃうよ？」
37700 ,,,,,1201,,優哉,優哉,,,,,,,,,「大丈夫だよ。卒業して社会に出たら、
　無遅刻・無欠勤でがんばるから」
37900 ,,,,,1202,,愛歌,愛歌,01man020_005.wav,,,,,,,,「もう、よくわかんないこと言って……」
38000 ,,,,,1202,,愛歌,愛歌,01man020_006.wav,,,,,,,,「ゆーうーやーちゃーん。起きてよぉー……」
38100 ,,,,,1202,,優哉,優哉,,,,,,,,,「やだ」
38200 ,,,,,1202,,愛歌,愛歌,01man020_007.wav,,,,,,,,「またそうやって子供みたいなこと言ってー」
38300 ,,,,,1202,,,,,,,,,,,,　こうなると、寝ることより愛歌をからかう方が
　面白い。
38400 ,,,,,1202,,優哉,優哉,,,,,,,,,「なあ、愛歌。いつものヤツ、してくれないか？」
38500 ,,,,,1202,,愛歌,愛歌,01man020_008.wav,,,,,,,,「え……いつものヤツって？」
38600 ,,,,,1202,,,,,,,,,,,,　俺は目を閉じて無言で唇を尖らせる。
38700 ,,,,,1202,,愛歌,愛歌,01man020_009.wav,,,,,,,,「えっと……ほんとによく分からないんだけど……」
38800 ,,,,,1202,,優哉,優哉,,,,,,,,,「だから、おはようのキスだよ。おはようのキス」
38900 ,,,,,1202,,愛歌,愛歌,01man020_010.wav,,,,,,,,「おはようのキスって……ええっ！？
　キ、キスって！　急にそんなこと言われても……」
39000 ,,,,,1202,,愛歌,愛歌,01man020_011.wav,,,,,,,,「それにいつもそんなことしてないしっ」
39100 ,,,,,1202,,優哉,優哉,,,,,,,,,「お前はノリが悪すぎ。
　そんなことじゃ、彼氏ができないぜ？」
39200 ,,,,,1202,,愛歌,愛歌,01man020_012.wav,,,,,,,,「私は別に……彼氏なんて……」
39300 ,,,,,1202,,,,,,,,,,,,　愛歌は昔から冗談の分からない性格だった。
39400 ,,,,,1202,,,,,,,,,,,,　例えば……。
39500 ,,,,,1202,,優哉,優哉,,,,,,,,,「唐突だが愛歌。俺、あと三日の命なんだ……」
39600 ,,,,,1202,,愛歌,愛歌,01man020_013.wav,,,,,,,,「もー、そんなこと言ったって信じないんだからー」
39700 ,,,,,1202,,優哉,優哉,,,,,,,,,「…………（遠い目）」
39800 ,,,,,1202,,愛歌,愛歌,01man020_014.wav,,,,,,,,「え……優哉ちゃん、ウソでしょ？
　あと三日の命とか……そんなのウソだよね？」
39900 ,,,,,1202,,優哉,優哉,,,,,,,,,「…………（力のない笑み）」
40000 ,,,,,1202,,愛歌,愛歌,01man020_015.wav,,,,,,,,「やだ……やだってば、優哉ちゃんっ。
　しっかりして？　死んじゃうなんてやだよぉ」
40100 ,,,,,1202,,,,,,,,,,,,　……信じるな、バカ。
40200 ,,,,,1202,,,,,,,,,,,,　こんな性格だと、何ちゃら詐欺とかにすぐ騙されそう
　だ。
40300 ,,,,,1202,,,,,,,,,,,,　つーか、俺もいい加減に駄々っ子は終わりにしないと
　な。
40400 ,,,,,1202,,,,,,,,,,,,　が、その前に……。
40500 ,,,,,1202,,優哉,優哉,,,,,,,,,「愛歌、今日までありがとな？
　俺、お前が幼なじみでよかったよ……」
40600 ,,,,,1202,,愛歌,愛歌,01man020_016.wav,,,,,,,,「そんな、ドラマの最終回で死んじゃう人みたいな
　こと言わないでよー」
40700 ,,,,,1202,,,,,,,,,,,,　最終回と言えば、俺も昨晩、不能者として男の最終回
　を迎えたわけだが……。
40800 ,,,,,1202,,優哉,優哉,,,,,,,,,「……なあ、愛歌。
　もうちょっとそばに来てくれるか？」
40900 ,,,,,1202,,愛歌,愛歌,01man020_017.wav,,,,,,,,「そばに……？」
41000 ,,,,,1202,,,,,,,,,,,,　うっすらと頬を染め、愛歌はこちらに身を乗り出して
　くる。
41100 ,,,,,1202,,優哉,優哉,,,,,,,,,「もっとこっちに……」
41200 ,,,,,1202,,,,,,,,,,,,　囁きと同時に腰を抱き寄せると、お尻がびくんっと
　小さく跳ね上がった。
41400 ,,,,,1203,,,,,,,,,,,,　なでなでなで。
41500 ,,,,,1203,,愛歌,愛歌,01man020_018.wav,,,,,,,,「……ゆ、優哉ちゃん、何してるの？」
41600 ,,,,,1203,,優哉,優哉,,,,,,,,,「おはようのケツ」
41700 ,,,,,1203,,愛歌,愛歌,01man020_019.wav,,,,,,,,「今……私のお尻、触ってるよね？」
41800 ,,,,,1203,,優哉,優哉,,,,,,,,,「ああ。おはようのケツだからな」
41900 ,,,,,1203,,愛歌,愛歌,01man020_020.wav,,,,,,,,「それって、朝起きるのにしないといけないことな
　の？」
42000 ,,,,,1203,,,,,,,,,,,,　むくむくむくっ！
42100 ,,,,,1203,,優哉,優哉,,,,,,,,,「あ、起きた」
42200 ,,,,,1203,,愛歌,愛歌,01man020_021.wav,,,,,,,,「え……起きた？」
42300 ,,,,,1203,,,,,,,,,,,,　一度は諦めた男としての機能が、見事に復活して
　いた。
42400 ,,,,,1203,,,,,,,,,,,,　おかえり、ブラザー。
42500 ,,,,,1203,,,,,,,,,,,,　全身に自信がみなぎってくる。
42600 ,,,,,1203,,,,,,,,,,,,　普通は女子校生のお尻を触れば、健全な男子はみんな
　こうなるわけで。
42700 ,,,,,1203,,優哉,優哉,,,,,,,,,「なんだよ、焦ったー。俺、正常だったわー」
42800 ,,,,,1203,,愛歌,愛歌,01man020_022.wav,,,,,,,,「……絶対、異常だと思う」
42900 ,,,,,1203,,優哉,優哉,,,,,,,,,「そんな、痛いヤツとでも言いたげな目でこっちを
　見るな」
43000 ,,,,,1203,,愛歌,愛歌,01man020_023.wav,,,,,,,,「あの……それで、起きてくれるんだよね？」
43100 ,,,,,1203,,優哉,優哉,,,,,,,,,「ああ、起きた起きた。お前のおかげだよ、愛歌」
43200 ,,,,,1203,,愛歌,愛歌,01man020_024.wav,,,,,,,,「じゃあ、優哉ちゃんの制服はそこに……」
43300 ,,,,,1203,,優哉,優哉,,,,,,,,,「しかしお前、意外とケツでかいのな。
　見かけによらず」
43500 ,,,,,1202,,愛歌,愛歌,01man020_025.wav,,,,,,,,「…………（ぶわぁっ）」
43600 ,,,,,1202,,優哉,優哉,,,,,,,,,「あ……」
43700 ,,,,,1202,,愛歌,愛歌,01man020_026.wav,,,,,,,,「っ……優哉ちゃんのバカーーーーーーーーっ！」
44000 ,,,,500,,,優哉,優哉,,,,,,,,,「あ、おいっ！　愛歌、待てって！！」
44100 ,,,,,,,,,,,,,,,,,　はぐっていた布団を投げ出して、部屋を飛び出して
　いく愛歌。
44200 ,,,,,,,,,,,,,,,,,　残されたのは最低の幼なじみ爆走中な俺と、
44300 ,,,,,,,優哉,優哉,,,,,,,,,「……お前、空気読めよ」
44400 ,,,,,,,,,,,,,,,,,　一度は不能者のレッテルを貼られたブラザーが、
　朝勃ちよろしくな勢いでおはようの時を迎えて
　いた……。
44600 ,,<!move_long_r>,,12200,,,優哉,優哉,,,,,,,,,「待ってくださいよー、お尻の小さい愛歌さんっ」
44700 ,,,,,,,愛歌,愛歌,01man020_027.wav,"manaka,uniform",,7,,,,,「優哉ちゃんなんて知らないっ」
44800 ,,,,,,,,,,manaka,,7,,,,,　フォローのつもりが、見事に墓穴を掘っていた。
44900 ,,,,,,,優哉,優哉,,manaka,,7,,,,,「悪かったって、ケツを触ったのは。
　あれは俺も色々と深刻でさ」
45000 ,,,,,,,愛歌,愛歌,01man020_028.wav,manaka,,5,,,,,「……私のお尻、そんなに大きいかな」
45100 ,,,,,,,優哉,優哉,,manaka,,5,,,,,「よっ、愛歌さん最高っ。
　お尻小さくってかっこいい！」
45200 ,,,,,,,愛歌,愛歌,01man020_029.wav,manaka,,0,,,,,「もぉ、分かったってばぁ。
　優哉ちゃんはすぐふざけるんだからー」
45300 ,,,,,,,,,,manaka,,0,,,,,　硬派なキャラで売っていくつもりが、すっかり
　お調子者の三下キャラになっている。
45400 ,,,,,,,優哉,優哉,,manaka,,0,,,,,「しかしマジで眠い……歩きながら寝そうだ」
45500 ,,,,,,,愛歌,愛歌,01man020_030.wav,manaka,,90,,,,,「もー、ダメなんだよー。
　朝はちゃんと起きないと、千紗ちゃんにだって
　迷惑がかかるんだから」
45600 ,,,,,,,優哉,優哉,,manaka,,90,,,,,「千紗か……。あいつ、このところ
　部活の朝練とかで早いみたいだしな」
45700 ,,,,,,,愛歌,愛歌,01man020_031.wav,manaka,,90,,,,,「だったら、なおのことだよ～。
　優哉ちゃんがしっかりして、お兄ちゃんらしくしない
　と……」
45800 ,,,,,,,愛歌,愛歌,01man020_032.wav,manaka,,90,,,,,「優哉ちゃんは私や千紗ちゃんがいないと何もできない
　んだから……」
45900 ,,,,,,,優哉,優哉,,manaka,,90,,,,,「昔からそうやってすぐ年上ぶるよな。愛歌は……」
46000 ,,,,,,,愛歌,愛歌,01man020_033.wav,manaka,,1,,,,,「そうだよ～。だって、私の方が優哉ちゃんより
　誕生日が早いんだもん」
46100 ,,,,,,,優哉,優哉,,manaka,,1,,,,,「たった１日だけじゃねぇか、誕生日が早いって
　言ったって……」
46200 ,,,,,,,,,,manaka,,1,,,,,　乳児期の頃の記憶はさすがにないが、
　物心ついたときから、愛歌は俺のそばにいた。
46300 ,,,,,,,,,,manaka,,1,,,,,　以来、幼稚園、小学校、中学校……。
　そして今の学園に至るまで、
　同じ＜学舎＝まなびや＞に通い続けている。
46400 ,,,,,,,,,,manaka,,1,,,,,　だから俺と愛歌は幼なじみと言うより、
　ほとんど同年の兄妹といっていい。
46500 ,,,,,,,,,,manaka,,1,,,,,　……まあ、愛歌にしてみると
　自分の方が姉らしいんだが。
46600 ,,,,,,,愛歌,愛歌,01man020_034.wav,manaka,,3,,,,,「でもどうして今日はそんなに眠いの？
　昨日、何かあった？」
46700 ,,,,,,,優哉,優哉,,manaka,,3,,,,,「ん……」
46800 ,,,,,,,,,,manaka,,3,,,,,　なぜなんだろう。
46900 ,,,,,,,,,,manaka,,3,,,,,　俺は昨晩、露天風呂で逢った彼女のことを愛歌に
　話せずにいた。
47000 ,,,,,,,,,,manaka,,3,,,,,　自分でも分からない。
47100 ,,,,,,,,,,manaka,,3,,,,,　あの闇に溶けるような彼女の長い髪を思い出すと、
　胸の奥が鈍く痛む。
47200 ,,,,,,,愛歌,愛歌,01man020_035.wav,manaka,,3,,,,,「……優哉ちゃん、私に何か隠してない？」
47300 ,,,,,,,,,,manaka,,3,,,,,　足を止めた愛歌が、心配そうに俺を見ていた。
47400 ,,,,,,,,,,manaka,,3,,,,,　こういう時、幼なじみというのは厄介なもので。
47500 ,,,,,,,,,,manaka,,3,,,,,　咄嗟に浮かべようとした作り笑いは、愛歌の心まで
　見透かすような眼差しに潰されていた。
47600 ,,,,,,,優哉,優哉,,manaka,,3,,,,,「……別に何も隠してない。
　昨日は親父の手伝いで露天風呂の掃除をしてさ。
　疲れすぎて逆に眠れなかったんだ」
47700 ,,,,,,,愛歌,愛歌,01man020_036.wav,manaka,,3,,,,,「そうだったんだ……ごめんね。それならもう少し、
　寝かせてあげればよかったね」
47800 ,,,,,,,優哉,優哉,,manaka,,3,,,,,「いいんだよ。愛歌は少し俺を甘やかしすぎだろ」
47900 ,,,,,,,愛歌,愛歌,01man020_037.wav,manaka,,3,,,,,「…………」
48000 ,,,,,,,,,,manaka,,3,,,,,　愛歌の足は止まったまま、歩きだそうとしない。
48100 ,,,,,,,,,,manaka,,3,,,,,　きっと愛歌は、俺の眠れなかった理由が他に
　あることを気付いている。
48200 ,,,,,,,,,,manaka,,3,,,,,　でもそれを愛歌が追求してこないことも、俺は
　幼なじみとして過ごしてきた十年以上の日々か
　ら悟っていた。
48300 ,,,,,,,優哉,優哉,,manaka,,3,,,,,「ほら、いこうぜ」
48400 ,,,,,,,愛歌,愛歌,01man020_038.wav,manaka,,2,,,,,「あ……」
48500 ,,,,,,,,,,manaka,,2,,,,,　こちらから腕を引くと、ようやく愛歌は止めていた
　足を進め始める。
48600 ,,,,,,,,,,manaka,,2,,,,,　自然と同調する歩幅。
48700 ,,,,,,,,,,manaka,,90,,,,,　気付くと愛歌は、仔犬のようにコロコロと懐いて
　笑っていた。
48800 ,,,,,,,愛歌,愛歌,01man020_039.wav,manaka,,90,,,,,「……私も今度、露天風呂のお掃除やってみたいな」
48900 ,,,,,,,,,,manaka,,90,,,,,　独り言のように言う。
49000 ,,,,,,,優哉,優哉,,manaka,,90,,,,,「そしたらお前も疲れて眠れなくなっちまうぞ？」
49100 ,,,,,,,愛歌,愛歌,01man020_040.wav,manaka,,1,,,,,「でも二人でお掃除すれば、眠れない時間も半分に
　なるかも♪」
49200 ,,,,,,,優哉,優哉,,manaka,,1,,,,,「バカ……」
49300 ,,,,,,,,,,manaka,,1,,,,,　言葉を続けるつもりが、喉の奥から上がってこな
　かった。
49400 ,,,,,,,,,,manaka,,1,,,,,　ここ星河原温泉郷は、温泉街としては決して栄えて
　いる方ではない。
49500 ,,,,,,,,,,manaka,,1,,,,,　でも俺はここの温かい住人たちと、家族と、仲間たち
　に、今日まで支えられてきた。
49600 ,,,,,,,,,,manaka,,1,,,,,　――お前、この町が好きか？
49700 ,,,,,,,,,,manaka,,1,,,,,　以前、俺は愛歌にそんな質問をした。
49800 ,,,,,,,,,,manaka,,1,,,,,　答えは俺と同じだった。
49900 ,,,,,,,,,,manaka,,1,,,,,　その時も愛歌は、今と同じようにコロコロと笑って
　いた。
50300 ,,<!move_look>,,13400,,,,,,,,,,,,,　この町の空は、狭い。
50400 ,,,,,,,,,,,,,,,,,　深い谷の底を流れる川沿いに拓けた温泉街。
50500 ,,,,,,,,,,,,,,,,,　川の両側にそびえる山が空を隠し、
50700 ,,<!move_look>,,13100,,,,,,,,,,,,,　だからこそ、その狭い青空が、
50900 ,,<!move_look>,,12200,,,愛歌,愛歌,01man020_041.wav,manaka,,0,,,,,「ねぇ優哉ちゃん、ちょっと急ごっか」
51000 ,,,,,,,優哉,優哉,,manaka,,0,,,,,「ああ、そうだな」
51190 ,,<!Lend_move>,0,9000,,,,,,,,,,,,,
51199 ,,<!ec_manaka_uni>,,,,,,,,,,,,,,,
51400 ,@030,,,,,,,,,,,,,,,,
51800 ,,<!Lbegin_move>,7,4100,,,,,,,,,,,,,　普段通りの登校を終え、昇降口へと向かう。
51900 ,,,,,,,,,,,,,,,,,　残念なことに、校門の前で謎の美少女と衝突するなん
　てイベントは発生しなかった。
52000 ,,,,,,,,,,,,,,,,,　……と、そのとき。
　突然、校舎から校内放送が聞こえてくる。
52200 ,,,,,,,放送,放送,,,,,,,,,「２－Ｂ、＜翠川＝みどりかわ＞＜悠＝ゆう＞さん。
　至急、職員室まで来てください。
　繰り返し連絡します……」
52300 ,,,,,,,優哉,優哉,,,,,,,,,「なんだ、呼び出しか？」
52400 ,,,,,,,愛歌,愛歌,01man030_001.wav,"manaka,uniform",,3,,,,,「悠だね……何かあったのかな」
52500 ,,,,,,,優哉,優哉,,manaka,,3,,,,,「落ち着きのないあいつのことだ。どうせまた、そこら
　を走り回って罪のない一般人をはね殺したんだろ」
52600 ,,,,,,,愛歌,愛歌,01man030_002.wav,manaka,,15,,,,,「ま、まさか……悠はダンプカーとかじゃないんだし」
52700 ,,,,,,,優哉,優哉,,manaka,,15,,,,,「ダンプカーの方がブレーキがある分、まだかわいげが
　あるぜ。悠はもう退学でいいよ」
52800 ,,,,,,,愛歌,愛歌,01man030_003.wav,manaka,,3,,,,,「そこまで言わなくても……」
52900 ,,,,,,,優哉,優哉,,manaka,,3,,,,,「しかし悠って、いっつも走り回ってるイメージが
　あるよな」
53000 ,,,,,,,愛歌,愛歌,01man030_004.wav,manaka,,1,,,,,「そうだね。悠はスポーツ万能だから、
　いろんな運動部からヘルプを頼まれるみたい。
　……ほら、私たちの学園って人数少ないし」
53100 ,,,,,,,優哉,優哉,,manaka,,1,,,,,「そうか……でもそんなに他の部活を手伝ってたら、
　本業の方がおろそかになって大変じゃないか？」
53200 ,,,,,,,優哉,優哉,,manaka,,1,,,,,「悠が何部に入ってるか知らんけど」
53300 ,,,,,,,愛歌,愛歌,01man030_005.wav,manaka,,0,,,,,「えっ？　悠は温泉部だよ？
　温泉部の、部長さん」
53400 ,,,,,,,優哉,優哉,,manaka,,0,,,,,「…………」
53500 ,,,,,,,優哉,優哉,,manaka,,0,,,,,「……温泉部？」
53600 ,,,,,,,愛歌,愛歌,01man030_006.wav,manaka,,0,,,,,「うん。優哉ちゃん、知らない？」
53700 ,,,,,,,優哉,優哉,,manaka,,0,,,,,「温泉部なんて、聞いたことねぇぞ。
　この学園にそんな部活あるのか？」
53800 ,,,,,,,愛歌,愛歌,01man030_007.wav,manaka,,0,,,,,「うん。他の学校では聞かないよね、そんなの……」
53900 ,,,,,,,優哉,優哉,,manaka,,0,,,,,「まあ、温泉郷らしい部活ではあるわな」
54000 ,,,,,,,愛歌,愛歌,01man030_008.wav,manaka,,3,,,,,「そういえば、部員少なくて苦労してるみたい……」
54100 ,,,,,,,優哉,優哉,,manaka,,3,,,,,「そりゃそうだろうなあ。
　この星河原じゃ、温泉なんて身近すぎて
　わざわざ部活に選ぶヤツなんざいねぇし」
54200 ,,,,,,,愛歌,愛歌,01man030_009.wav,manaka,,0,,,,,「自宅のお風呂に温泉が引いてあるお家も多いしね。
　うらやましいなー」
54300 ,,,,,,,優哉,優哉,,manaka,,0,,,,,「その分、お前はウチの旅館の温泉へ入りに来てる
　だろ」
54400 ,,,,,,,愛歌,愛歌,01man030_010.wav,manaka,,1,,,,,「いつもお世話になってますっ」
54500 ,,,,,,,優哉,優哉,,manaka,,1,,,,,「ていうか、その温泉部ってどんな活動してるんだ？
　泉質やら何やら調べたって面白くないだろうし……」
54600 ,,,,,,,優哉,優哉,,manaka,,1,,,,,「そもそも、悠の健脚が活かせる活動してんのか？」
54700 ,,,,,,,愛歌,愛歌,01man030_011.wav,manaka,,0,,,,,「あ……どうなんだろ。
　ホントに温泉に入ってるだけ……かもね。あははは」
54800 ,,,,,,,優哉,優哉,,manaka,,0,,,,,「……悠のことだから普通にありえるな」
55000 ,,<!move_normal>,,4300,,,優哉,優哉,,,,,,,,,「さて、今日も安全第一。細く長い人生を……だな。
　年金問題、曖昧にされたまま死ねるかってんだ」
55100 ,,,,,,,,,,,,,,,,,　全国の納付者たちを代表して、俺はこの問題を最後
　まで見届けようと思う。
55200 ,,,,,,,,,,,,,,,,,　それには目立たず騒がす、細々と暮らすのが一番だ。
55300 ,,,,,,,悠,悠,02yuu030_001.wav,"yuu,uniform",,0,,,,,「ちょっと、どいてどいて～～っ！！！」
55400 ,,,,,,,,,,yuu,,0,,,,,　そんな俺の生活を脅かす人的災害。
55500 ,,,,,,,,,,yuu,,0,,,,,　廊下を全速力で駆けてきたのは、
　さっき呼び出されていた張本人、翠川悠だった。
55600 ,,,,,,,,,,yuu,,0,,,,,　悠とは１年の時に同じクラスだったが、２年となった
　今では別のクラス。
55700 ,,,,,,,,,,yuu,,0,,,,,　俺は年金問題を見届けるため、関わりを避けて
　こっそりと廊下の隅に寄った。
55800 ,,,,,,,悠,悠,02yuu030_002.wav,yuu,,2,,,,,「どいてどいてどいて、どいて～っ！」
55900 ,,,,,,,優哉,優哉,,yuu,,2,,,,,「うわっ！？」
56000 ,,,,,,,,,,yuu,,2,,,,,　避けたつもりが、危うく正面衝突しそうになる。
56100 ,,,,,,,,,,yuu,,2,,,,,　というより、わざとこっちにぶつかってきたとしか
　思えない。
56200 ,,,,,,,優哉,優哉,,yuu,,2,,,,,「おい悠！　お前、俺の年金生活でウハウハ人生プラン
　をぶち壊す気かっ」
56300 ,,,,,,,悠,悠,02yuu030_003.wav,yuu,,12,,,,,「あっ、ごめんごめ～ん！　急いでたから！」
56400 ,,,,,,,優哉,優哉,,yuu,,12,,,,,「急いでるって、さっきの放送か？」
56500 ,,,,,,,悠,悠,02yuu030_004.wav,yuu,,90,,,,,「うん。ちょっと呼び出されてね」
56600 ,,,,,,,優哉,優哉,,yuu,,90,,,,,「そっか、退学かー。
　お前がいなくなって寂しくなるな……」
56700 ,,,,,,,悠,悠,02yuu030_005.wav,yuu,,53,,,,,「退学って、なに言ってんのよっ」
56800 ,,,,,,,優哉,優哉,,yuu,,53,,,,,「ん？　だってお前、これから職員室で退学処分を
　言い渡されるんだろ？」
56900 ,,,,,,,悠,悠,02yuu030_006.wav,yuu,,53,,,,,「あのねぇ～、勝手に人を学園から追い出さないで
　くれる？」
57000 ,,,,,,,優哉,優哉,,yuu,,53,,,,,「お前にはそんな守りの人生を選んでほしくない」
57100 ,,,,,,,悠,悠,02yuu030_007.wav,yuu,,0,,,,,「意味分かんないしっ。
　それにさっき言ってた、年金ウハウハとかって
　なんの話？」
57200 ,,,,,,,優哉,優哉,,yuu,,0,,,,,「聞きたいか？　俺の壮大な人生プランを……」
57300 ,,,,,,,悠,悠,02yuu030_008.wav,yuu,,2,,,,,「ちっさ！」
57400 ,,,,,,,優哉,優哉,,yuu,,2,,,,,「まだ何も言ってねえだろっ。
　しかもそういうことを男に対して言うなっ」
57500 ,,,,,,,愛歌,愛歌,01man030_012.wav,yuu,,2,manaka,,3,,「……優哉ちゃん、男の人に『ちっさ！』って言った
　らいけないの？」
57600 ,,,,,,,優哉,優哉,,yuu,,2,manaka,,3,,「いや、だからそれは……」
57700 ,,,,,,,悠,悠,02yuu030_009.wav,yuu,,1,manaka,,3,,「優哉、ちっさ！」
57800 ,,,,,,,優哉,優哉,,yuu,,1,manaka,,3,,「うるせーよ！　お前、俺の人間の器を含めた、色々な
　意味でのデカさを知らないな……」
57900 ,,,,,,,悠,悠,02yuu030_010.wav,yuu,,0,manaka,,3,,「優哉がデカいのは態度だけでしょーに」
58000 ,,,,,,,優哉,優哉,,yuu,,0,manaka,,3,,「お前なあ……」
58100 ,,,,,,,愛歌,愛歌,01man030_013.wav,yuu,,0,manaka,,3,,「ねぇ、悠……呼び出し、行かなくていいの？」
58200 ,,,,,,,悠,悠,02yuu030_011.wav,yuu,,2,manaka,,3,,「あっ、そうだった！　それじゃね、愛歌！」
58300 ,,,,,,,愛歌,愛歌,01man030_014.wav,yuu,,0,manaka,,0,,「うん、気をつけてね」
58400 ,,,,,,,悠,悠,02yuu030_012.wav,yuu,,0,manaka,,0,,「ついでに優哉もまたね！」
58500 ,,,,,,,優哉,優哉,,,,,,,,,「あいよ。
　お前もよそ見しないで、きちんと前を見て……」
58600 ,,<!se_punch>,,,,,,,,,,,,,,,　どんっ！
58700 ,,,,,,,悠,悠,02yuu030_013.wav,,,,,,,,「あ、ごめーん！　苦情は２－Ｂの翠川悠までー！」
58800 ,,,,,,,,,,,,,,,,,　不幸な男子生徒がひとり、目の前ではね飛ばされた。
58900 ,,,,,,,優哉,優哉,,,,,,,,,「ああ……言ったそばからあれか……」
59000 ,,,,,,,,,,,,,yuu,,0,,　そうして階段の前までたどり着いた悠は、
　急にこちらを振り返り、
59100 ,,,,,,,悠,悠,02yuu030_014.wav,,,,yuu,,2,,「優哉、ちっさっっ！」
59200 ,,,,,,,優哉,優哉,,,,,yuu,,2,,「うるせーーーーーーーーーーーーーっ！」
59300 ,,,,,,,愛歌,愛歌,01man030_015.wav,manaka,,1,,,,,「あはは……」
59400 ,,,,,,,,,,manaka,,1,,,,,　なぜか俺も必死だった。
59600 ,,<!move_short>,,4500,,,大和,大和,08yam030_001.wav,manaka,,0,"yamato,uniform",,1,,「よーぅ、優哉。
　今日も元気におしどり登校だな。妬けるぜ」
59700 ,,,,,,,優哉,優哉,,manaka,,0,yamato,,1,,「やかましい」
59800 ,,,,,,,優哉,優哉,,manaka,,0,yamato,,1,,「それより、＜大和＝やまと＞。今月のお小遣いまだー？」
60000 ,,,,,,,大和,大和,08yam030_002.wav,manaka,,0,yamato,,0,,「そんな、金で人の心を買うような成金キャラは勘弁」
60100 ,,,,,,,,,,,,,yamato,,0,,　こいつは俺の親友、というか腐れ縁の＜紫藤＝しどう＞＜大和＝やまと＞。
60200 ,,,,,,,,,,,,,yamato,,0,,　観光業界大手『紫藤グループ』の御曹司で、いわゆる
　金持ちの坊ちゃんというヤツだ。
60300 ,,,,,,,,,,,,,yamato,,0,,　人の心を金で買えると思ってる最低男。
60400 ,,,,,,,,,,,,,yamato,,0,,　同時に、俺に金づるとして利用されていることに
　気付いていない哀れな男だ。
60500 ,,,,,,,大和,大和,08yam030_003.wav,,,,yamato,,3,,「あ、なんか今すっげぇ失礼なモノローグ
　入れやがったね」
60600 ,,,,,,,優哉,優哉,,,,,yamato,,3,,「んじゃ、愛歌に紹介してもらうか？
　おーい、愛歌。お金あげるからこっちおいで」
60700 ,,,,,,,大和,大和,08yam030_004.wav,,,,yamato,,1,,「ははっ、秋里はそんな金目当てで俺に近づくような
　子じゃ……」
60800 ,,,,,,,愛歌,愛歌,01man030_016.wav,manaka,,90,yamato,,1,,「どうしたの、優哉ちゃん？」
60900 ,,,,,,,大和,大和,08yam030_005.wav,manaka,,90,yamato,,3,,「……今、俺の第一印象ってかなり最悪じゃないか？」
61000 ,,,,,,,優哉,優哉,,manaka,,90,yamato,,3,,「誰の目をそんなに気にしてんだよ。
　大和は気さくで学園一のイケメン。みんなの人気者」
61100 ,,,,,,,優哉,優哉,,manaka,,90,yamato,,3,,「これで満足か？」
61200 ,,,,,,,大和,大和,08yam030_006.wav,manaka,,90,yamato,,5,,「果てしなく棒読みだったよな、今の」
61300 ,,,,,,,優哉,優哉,,manaka,,90,yamato,,5,,「愛歌、お前は大和のことどんなヤツだと思ってる？」
61400 ,,,,,,,愛歌,愛歌,01man030_017.wav,manaka,,2,yamato,,5,,「えっ？　大和くんのこと……？」
61500 ,,,,,,,,,,manaka,,15,yamato,,0,,　アドリブに弱い愛歌は、俺と大和の顔をオロオロと
　交互に見やる。
61600 ,,,,,,,,,,manaka,,15,yamato,,0,,　大和もなんだかんだで愛歌の反応が気になっている
　様子。
61700 ,,,,,,,愛歌,愛歌,01man030_018.wav,manaka,,15,yamato,,0,,「えっと……大和くんは……」
61800 ,,,,,,,,,,manaka,,15,yamato,,0,,　テレビの放送事故になりそうな沈黙が続いたため、
　俺は机の中にあったプリント群の一枚をカンペ代わ
　りにしてペンを走らせた。
61900 ,,,,,,,,,,manaka,,4,yamato,,0,,　それを読んだ愛歌は、コクコクと二度ほど大きく
　頷き、
62000 ,,,,,,,愛歌,愛歌,01man030_019.wav,manaka,,2,yamato,,0,,「っ……大和くん、ちっさっ！」
62100 ,,,,,,,,,,manaka,,2,yamato,,53,,　教室中に響き渡るような声だった。
62200 ,,,,,,,優哉,優哉,,manaka,,6,yamato,,53,,「大和、男の価値はデカさじゃないぞ」
62300 ,,,,,,,,,,manaka,,6,yamato,,53,,　ぽんっと肩を叩いてみたものの、既に手遅れというか
　傷口を拡げただけだった。
62400 ,,,,,,,大和,大和,08yam030_007.wav,manaka,,6,,,,,「うわぁぁぁぁぁぁぁぁぁぁぁぁぁぁ！」
62500 ,,,,,,,,,,manaka,,6,,,,,　頭を抱えながら教室を駆け出す大和。
62600 ,,,,,,,,,,manaka,,6,,,,,　自分でやらせておいてなんだが、悠に言われるなら
　まだしも、愛歌に言われるとリアルにヘコむ。
62700 ,,,,,,,愛歌,愛歌,01man030_020.wav,manaka,,3,,,,,「優哉ちゃん、私……何かまちがってたの？」
62800 ,,,,,,,優哉,優哉,,manaka,,3,,,,,「いいや、誰もまちがっちゃいない。
　でも忘れないでほしい。紫藤大和という名の＜漢＝おとこ＞が
　いたことを……」
62900 ,,,,,,,,,,,,,,,,,　大和が帰ってきたら、ほんの少し優しくしてやろうと
　思った。
63000 ,,,,,,,,,,,,,,,,,　そっと肩を叩いて、『大きいな、お前の』と。
63090 ,,<!Lend_scene_change>,0,9000,,,,,,,,,,,,,
63300 ,@040,,,,,,,,,,,,,,,,
63600 ,,<!Lbegin_scene_change>,7,,2301,,悠,悠,02yuu040_001.wav,,,,,,,,「っはよ～。優哉」
63700 ,,,,,2301,,優哉,優哉,,,,,,,,,「……なんだ、悠か」
63800 ,,,,,2301,,悠,悠,02yuu040_002.wav,,,,,,,,「なんだはないでしょーが。
　こんなにかわいい女の子が声をかけてあげてるのに」
63900 ,,,,,2301,,,,,,,,,,,,　昼休みになり、教室に姿を現した悠。
64000 ,,,,,2301,,,,,,,,,,,,　朝からテンションが変わってないところを見ると、
　どうやら呼び出しは退学話ではなかったらしい。
64100 ,,,,,2301,,,,,,,,,,,,　俺もなんだかんだ言って、悠のことは嫌いじゃない。
64200 ,,,,,2301,,,,,,,,,,,,　性別を気にせず気楽に話せるという意味では、貴重な
　友人だったりする。
64300 ,,,,,2301,,優哉,優哉,,,,,,,,,「……で、なにか用か？」
64400 ,,,,,2301,,悠,悠,02yuu040_003.wav,,,,,,,,「うん。あんたをスカウトに来たのよ」
64500 ,,,,,2301,,優哉,優哉,,,,,,,,,「スカウト？」
64600 ,,,,,2301,,悠,悠,02yuu040_004.wav,,,,,,,,「んふふふふ……。優哉、あのさ。
　あんた、今どこのクラブにも所属してないよね？」
64700 ,,,,,2301,,優哉,優哉,,,,,,,,,「まあ、今のところは」
64800 ,,,,,2301,,悠,悠,02yuu040_005.wav,,,,,,,,「だったら、温泉部に入らない？
　いま、潰れそうでちょっと困ってんのよね」
64900 ,,,,,2301,,優哉,優哉,,,,,,,,,「……は？」
65000 ,,,,,2301,,悠,悠,02yuu040_006.wav,,,,,,,,「頭悪いわね～、あんたは。
　一度言っただけじゃ理解できないの？」
65100 ,,,,,2301,,優哉,優哉,,,,,,,,,「いきなりなんだってんだ、お前は」
65200 ,,,,,2301,,悠,悠,02yuu040_007.wav,,,,,,,,「だから、温泉部に入らないかって聞いてんの。
　入部のスカウト」
65300 ,,,,,2301,,優哉,優哉,,,,,,,,,「断る」
65400 ,,,,,2301,,悠,悠,02yuu040_008.wav,,,,,,,,「ええ～っ、なんで？」
65500 ,,,,,2301,,優哉,優哉,,,,,,,,,「俺は去年入ってた路上観察研究会が
　廃部になってくれたおかげで、
　今は天下御免の帰宅部を満喫してるんだ」
65600 ,,,,,2301,,優哉,優哉,,,,,,,,,「今さら、どっかのクラブに所属するつもりはねぇよ」
65700 ,,,,,2301,,悠,悠,02yuu040_009.wav,,,,,,,,「そんなこと言わないでさ～。
　どうせ早く帰ったって、エロ本読んで興奮するぐらい
　しかやることないんでしょ？」
65800 ,,,,,2301,,優哉,優哉,,,,,,,,,「言ってろっ。大体、今時エロ本で興奮するなんて、
　どこの純情ボーイだよ」
65900 ,,,,,2301,,優哉,優哉,,,,,,,,,「それに俺以外にも、路上観察研の奴がいるだろうが。
　確か、俺のほかに２・３人はいたぞ」
66000 ,,,,,2301,,悠,悠,02yuu040_010.wav,,,,,,,,「優哉以外は全員、他のクラブに転部してた。
　空いてるのは優哉だけなのよ」
66100 ,,,,,2301,,優哉,優哉,,,,,,,,,「ぬぅっ、マジか……。
　帰宅部目的で路上観察研に入った連中が、
　他のクラブに入り直しているとは……」
66200 ,,,,,2301,,悠,悠,02yuu040_011.wav,,,,,,,,「まあ、どのクラブも頭数は欲しいからね～。
　ともかく、温泉部に入ってよ温泉部」
66300 ,,,,,2301,,悠,悠,02yuu040_012.wav,,,,,,,,「今ならピチピチの女子校生が二人もつい……」
66400 ,,,,,2301,,優哉,優哉,,,,,,,,,「断る」
66500 ,,,,,2301,,悠,悠,02yuu040_013.wav,,,,,,,,「人の話は最後まで聞けよぉっ！？」
66600 ,,,,,2301,,優哉,優哉,,,,,,,,,「つーか、なんでそんなに必死なんだ？」
66700 ,,,,,2301,,悠,悠,02yuu040_014.wav,,,,,,,,「話すと長くなるけどさー」
66800 ,,,,,2301,,優哉,優哉,,,,,,,,,「簡潔に２５文字以内でまとめろ」
66900 ,,,,,2301,,悠,悠,02yuu040_015.wav,,,,,,,,「簡単に言うと、部員が足りないのよ。
　温泉部は私も含めて二人しか部員がいないから……」
67000 ,,,,,2301,,悠,悠,02yuu040_016.wav,,,,,,,,「このままだと廃部になって、温泉部はこの学園……
　というか、地球上から綺麗さっぱりなくなっちゃう
　の」
67100 ,,,,,2301,,優哉,優哉,,,,,,,,,「大変だね、なんとも」
67200 ,,,,,2301,,悠,悠,02yuu040_017.wav,,,,,,,,「大変だと思うなら、協力してよ～」
67300 ,,,,,2301,,優哉,優哉,,,,,,,,,「それとこれとは話が別だ。
　ていうか、面倒だから嫌」
67400 ,,,,,2301,,悠,悠,02yuu040_018.wav,,,,,,,,「優哉なら、もうひとりの部員とも仲良くやれると
　思うからさー。お願い、この通りっ」
67500 ,,,,,2301,,優哉,優哉,,,,,,,,,「悪いが、他を当たってくれ」
67600 ,,,,,2301,,悠,悠,02yuu040_019.wav,,,,,,,,「どうしてもダメ？」
67700 ,,,,,2301,,優哉,優哉,,,,,,,,,「ダメ」
67800 ,,,,,2301,,悠,悠,02yuu040_020.wav,,,,,,,,「今ここで太腿チラリとかしても？」
67900 ,,,,,2301,,優哉,優哉,,,,,,,,,「色じかけは通用しねえよ。特にお前のは」
68000 ,,,,,2301,,悠,悠,02yuu040_021.wav,,,,,,,,「ほんとにお願いっ。
　入ってくれたら一晩、抱かせてあげるからっ」
68100 ,,,,,2301,,優哉,優哉,,,,,,,,,「こ・と・わ・る！」
68200 ,,,,,2301,,,,,,,,,,,,　悠がここまで俺に頭を下げてくるなんて意外だった。
68300 ,,,,,2301,,,,,,,,,,,,　それだけ温泉部を守りたいということなんだろうか？
68400 ,,,,,2301,,,,,,,,,,,,　俺にはそこまでして温泉部を存続させようとする悠の
　気持ちが理解できなかった。
68500 ,,,,,2301,,優哉,優哉,,,,,,,,,「あとお前さ、冗談でもそういうのやめろよな」
68600 ,,,,,2301,,悠,悠,02yuu040_022.wav,,,,,,,,「そういうの……？」
68700 ,,,,,2301,,優哉,優哉,,,,,,,,,「太腿チラリとか、抱かせてやるとかだよ。
　お前がそんなことして温泉部の部員を増やしても、
　もうひとりの部員は喜ばねえだろ」
68800 ,,,,,2301,,悠,悠,02yuu040_023.wav,,,,,,,,「…………」
68900 ,,,,,2301,,優哉,優哉,,,,,,,,,「部員にするならやっぱ、そういうのじゃなくて温泉が
　好きなヤツを誘うべきじゃねえか？」
69000 ,,,,,2301,,悠,悠,02yuu040_024.wav,,,,,,,,「……やっぱり私の目に狂いはなかったみたいね」
69100 ,,,,,2301,,優哉,優哉,,,,,,,,,「は？」
69200 ,,,,,2301,,悠,悠,02yuu040_025.wav,,,,,,,,「優哉ならきっと、私の過酷な色じかけに耐えてそう
　言ってくれると思ってた……」
69300 ,,,,,2301,,優哉,優哉,,,,,,,,,「いやいやいや、全然過酷でもなかったし。
　つーか、お前は色じかけに向いてない」
69400 ,,,,,2301,,悠,悠,02yuu040_026.wav,,,,,,,,「えー、なんでよー？」
69500 ,,,,,2301,,優哉,優哉,,,,,,,,,「色気がないから」
69600 ,,,,,2301,,悠,悠,02yuu040_027.wav,,,,,,,,「ひどっ！　言っとくけど、これでも結構スタイルは
　いい方だかんね、私。脱ぐと最強タイプ」
69700 ,,,,,2301,,優哉,優哉,,,,,,,,,「はいはい、最強最強。話はこれでおしまいな」
69800 ,,,,,2301,,悠,悠,02yuu040_028.wav,,,,,,,,「あ……じゃあさ。
　一度、部室に来てみる……ってのはどう？」
69900 ,,,,,2301,,優哉,優哉,,,,,,,,,「部室に？」
70000 ,,,,,2301,,悠,悠,02yuu040_029.wav,,,,,,,,「そう。私たちの活動を実際にその目で見て、入部する
　かしないかを決めるってことで……」
70100 ,,,,,2301,,,,,,,,,,,,　……なんでこんなに一生懸命なんだろうな。
70200 ,,,,,2301,,,,,,,,,,,,　よほど温泉部に思い入れがあるのか、それとも他に
　何か事情があるのか……。
70300 ,,,,,2301,,,,,,,,,,,,　どちらにしても、このまま断り続けて納得する悠では
　なさそうだ。
70400 ,,,,,2301,,優哉,優哉,,,,,,,,,「んー……わかった、わかったよ。
　放課後、部室に行けばいいんだろ」
70500 ,,,,,2301,,悠,悠,02yuu040_030.wav,,,,,,,,「ほんとっ！？　ほんとに来てくれんの！」
70600 ,,,,,2301,,優哉,優哉,,,,,,,,,「脱ぐと最強に釣られたわけじゃないけどな」
70700 ,,,,,2301,,悠,悠,02yuu040_031.wav,,,,,,,,「うん！　ありがと、優哉！」
70800 ,,,,,2301,,優哉,優哉,,,,,,,,,「念のために言っておくが、入部するつもりはないぞ」
70900 ,,,,,2301,,悠,悠,02yuu040_032.wav,,,,,,,,「わかってる、来てくれるだけで嬉しい♪」
71100 ,,,,4500,,,大和,大和,08yam040_001.wav,"yuu,uniform",,0,"yamato,uniform",,1,,「じゃ、俺も行ってやろうか？」
71200 ,,,,,,,悠,悠,02yuu040_033.wav,yuu,,1,yamato,,1,,「んーん、要らない」
71300 ,,,,,,,悠,悠,02yuu040_034.wav,yuu,,90,yamato,,1,,「てか、あんたフリーじゃないでしょうが！」
71400 ,,,,,,,大和,大和,08yam040_002.wav,yuu,,90,yamato,,2,,「あれ、知ってたのか。既に俺が傷物だってこと」
71500 ,,,,,,,優哉,優哉,,yuu,,90,yamato,,2,,「そういや大和、お前何部だっけ？」
71600 ,,,,,,,大和,大和,08yam040_003.wav,yuu,,90,yamato,,0,,「生物部」
71700 ,,,,,,,優哉,優哉,,yuu,,90,yamato,,0,,「うっわ、日頃の変態っぷりからは想像できんほど
　地味な部活だなオイ」
71800 ,,,,,,,悠,悠,02yuu040_035.wav,yuu,,0,yamato,,0,,「でもカエルの解剖とかしてひとりでニヤけてそうじゃ
　ない？　うわぁ、変態～っ」
71900 ,,,,,,,大和,大和,08yam040_004.wav,yuu,,0,yamato,,5,,「金に汚いキャラの次は変態解剖キャラかよっ。
　いい加減、しっかりキャラ立てさせてくれっ」
72000 ,,,,,,,優哉,優哉,,yuu,,0,yamato,,5,,「いいんじゃねえの？
　金に汚くて解剖が趣味の変態野郎で」
72100 ,,,,,,,悠,悠,02yuu040_036.wav,yuu,,0,yamato,,5,,「やだやだ、一緒に温泉入ったら妊娠しそー」
72200 ,,,,,,,大和,大和,08yam040_005.wav,yuu,,0,yamato,,1,,「……お前ら、なんかいいコンビだよな」
72300 ,,,,,,,優哉,優哉,,yuu,,0,yamato,,1,,「はあっ！？　俺が悠と？　ふざけんなっ」
72400 ,,,,,,,悠,悠,02yuu040_037.wav,yuu,,53,yamato,,1,,「そうよ、どうして私がこんなのといいコンビになら
　ないといけないのよっ」
72500 ,,,,,,,優哉,優哉,,yuu,,53,yamato,,1,,「こんなの言うなっ。放課後、部室に行かねえぞ」
72600 ,,,,,,,悠,悠,02yuu040_038.wav,yuu,,5,yamato,,1,,「男のクセに情けな～。
　自分が言ったことに責任を持てない男って最低よね」
72700 ,,,,,,,優哉,優哉,,yuu,,5,yamato,,1,,「ぐっ……」
72800 ,,,,,,,悠,悠,02yuu040_039.wav,yuu,,17,yamato,,1,,「へへ～ん♪　男に二言はないよ、ね？」
72900 ,,,,,,,大和,大和,08yam040_006.wav,yuu,,17,yamato,,1,,「あははっ。一本とられたな、優哉」
73000 ,,,,,,,優哉,優哉,,yuu,,17,yamato,,1,,「生物部はうるせーよ」
73100 ,,,,,,,悠,悠,02yuu040_040.wav,yuu,,0,yamato,,1,,「あ、そだ。紫藤はちょっと後ろ向いてて」
73200 ,,,,,,,大和,大和,08yam040_007.wav,yuu,,0,yamato,,0,,「ん？　ああ。もしかして後ろから手で目隠しのあとに
　キスとか？」
73300 ,,,,,,,,,,yuu,,0,yamato,,0,,　……変態め。
73500 ,,,,,2301,,,,,,,,,,,,　心の中で毒づいている間に悠はくるりと横向きにな
　り、
73600 ,,,,,2301,,悠,悠,02yuu040_041.wav,,,,,,,,「こんなサービスするの、あんたにだけだからね♪」
73700 ,,,,,2301,,,,,,,,,,,,　軽くウィンクしたあと、際どい位置までスカートが
　たくし上げられた。
73800 ,,,,,2301,,,,,,,,,,,,　シミひとつない太腿が露わになり、思わずそれに
　目を奪われる。
74000 ,,,,,,,悠,悠,02yuu040_042.wav,yuu,,1,,,,,「そんなわけで、温泉部をよろしく～」
74100 ,,,,,,,,,,,,,,,,,　小さく舌を出し、いつもの暴走列車な勢いで教室を
　飛び出していく悠。
74200 ,,,,,,,,,,,,,,,,,　不覚にもその太腿に、目だけでなく心まで奪われて
　いた。
74300 ,,,,,,,大和,大和,08yam040_008.wav,,,,,,,,「なあ、まだかー？
　そろそろ手で目隠しぐらい始めてもいい頃だろー」
74400 ,,,,,,,優哉,優哉,,,,,,,,,「お前はずっと後ろ向いてていいよ」
74500 ,,,,,,,,,,,,,,,,,　その後は何事もなく、有意義な昼休みが過ぎていっ
　た……。
74590 ,,<!Lend_scene_change>,0,9000,,,,,,,,,,,,,
74599 ,,<!ec_yuu_uni>,,,,,,,,,,,,,,,
74800 ,@050,,,,,,,,,,,,,,,,
75100 ,,<!Lbegin_scene_change>,8,4300,,,,,,,,,,,,,　放課後。
75200 ,,,,,,,,,,,,,,,,,　俺は、悠から聞いた教室にたどり着いた。
75300 ,,,,,,,優哉,優哉,,,,,,,,,「えっと……ここだよな？　温泉部の部室は」
75500 ,,<!se_room_knock>,,,,,,,,,,,,,,,　……コンコン。
75600 ,,,,,,,,,,,,,,,,,　とりあえず、ノックをする。
75700 ,,,,,,,優哉,優哉,,,,,,,,,「……………」
75800 ,,,,,,,,,,,,,,,,,　反応はなし。
75900 ,,,,,,,,,,,,,,,,,　話では悠の他にもうひとり、部員がいるっていう
　ことだったが……。
76000 ,,,,,,,優哉,優哉,,,,,,,,,「悠のヤツ、まだ来てないのか？」
76200 ,,<!se_room_knock>,,,,,,,,,,,,,,,　とりあえず再度ノックをしてみるが、反応はない。
76300 ,,,,,,,優哉,優哉,,,,,,,,,「まあ鍵もかかってるだろうし、悠が来るまでここで
　待ってるしかないか……」
76400 ,,,,,,,,,,,,,,,,,　……と、何気なく扉に手をかけてみると。
76700 ,,<!se_bushitsu_openclose>,,9000,,,,,,,,,,,,,　鍵がかかっていると思われたドアは、
　すんなりと開かれた。
76900 ,,,,,4401,,,,,,,,,,,,　カチッ、カチッ。カチカチッ……。
77000 ,,,,,4401,,優哉,優哉,,,,,,,,,「あ……」
77100 ,,,,,4401,,,,,,,,,,,,　部屋の中では、見慣れない女生徒が真剣な表情で
　パソコンのマウスを操作していた。
77200 ,,,,,4401,,,,,,,,,,,,　こちらに気付いてないのか、薄型の液晶ディスプレイ
　を見つめながら黙々と手を動かしている。
77300 ,,,,,4401,,優哉,優哉,,,,,,,,,「あー、ええっと……温泉部の部室はここだよな？」
77500 ,,,,,4402,,恋鳥,部員？,04kot050_001.wav,,,,,,,,「…………」
77700 ,,,,,4401,,,,,,,,,,,,　女生徒は俺を一瞥したあと、何事もなかったように
　マウスの操作を再開する。
77800 ,,,,,4401,,,,,,,,,,,,　温度で言えば、まちがいなく冷たい。
77900 ,,,,,4401,,,,,,,,,,,,　氷点下な眼差しだけじゃなく、その表情からも
　喜怒哀楽が感じられなかった。
78000 ,,,,,4401,,,,,,,,,,,,　まあ、初対面で悠みたいに応対されても、
　それはそれで困るわけだが。
78100 ,,,,,4401,,優哉,優哉,,,,,,,,,「あんた、温泉部の部員か？
　俺さ、部長の悠に呼ばれてきたんだけど……」
78200 ,,,,,4401,,恋鳥,部員？,04kot050_002.wav,,,,,,,,「…………」
78300 ,,,,,4401,,優哉,優哉,,,,,,,,,「えっと……聞こえてるよな」
78500 ,,,,,4402,,恋鳥,部員？,04kot050_003.wav,,,,,,,,「……ん。聞こえてる」
78600 ,,,,,4402,,優哉,優哉,,,,,,,,,「俺は部長に呼ばれて、ここに来たんだけど……。
　その悠はどこに……？」
78800 ,,,,,4401,,,,,,,,,,,,　カチッ、カチッ。カチ……。
78900 ,,,,,4401,,優哉,優哉,,,,,,,,,「聞こえてる？」
79000 ,,,,,4401,,恋鳥,部員？,04kot050_004.wav,,,,,,,,「聞こえてる」
79100 ,,,,,4401,,優哉,優哉,,,,,,,,,「んで、悠はどこに……」
79200 ,,,,,4401,,,,,,,,,,,,　カチッ、カチッ。カチカチ、カチッ……。
79300 ,,,,,4401,,優哉,優哉,,,,,,,,,「だぁぁぁッ！　埒が明かねぇっ！！！」
79400 ,,,,,4401,,,,,,,,,,,,　なんだおい、新手の嫌がらせか！？
　ひょっとして俺、試されてるのか！？
79500 ,,,,,4401,,,,,,,,,,,,　それならこっちにも考えがある。
79600 ,,,,,4401,,,,,,,,,,,,　心を閉ざした少女と仲良くなるノウハウは、これまで
　の人生経験でかなりの蓄積があるからな……。
79700 ,,,,,4401,,優哉,優哉,,,,,,,,,「よーし、分かった。
　甘い飴をあげるから、ハァハァ……おじさんの車に
　乗りなさい……」
79800 ,,,,,4401,,,,,,,,,,,,　ただの変態野郎だった！
79900 ,,,,,4401,,恋鳥,部員？,04kot050_005.wav,,,,,,,,「…………」
80000 ,,,,,4401,,優哉,優哉,,,,,,,,,「無反応で流されるのが一番キツいんだが……」
80200 ,,,,,4402,,恋鳥,部員？,04kot050_006.wav,,,,,,,,「飴」
80300 ,,,,,4402,,,,,,,,,,,,　お、喰いついてきたか？
80400 ,,,,,4402,,恋鳥,部員？,04kot050_007.wav,,,,,,,,「飴だけ置いて去れ」
80500 ,,,,,4402,,優哉,優哉,,,,,,,,,「なんでだっ！
　飴はおじさんの車に乗ってからだろうがっ」
80600 ,,,,,4402,,恋鳥,部員？,04kot050_008.wav,,,,,,,,「なら、いい」
80800 ,,,,,4401,,,,,,,,,,,,　再びディスプレイに視線を戻した女生徒は、
　相変わらずの無表情だった。
80900 ,,,,,4401,,,,,,,,,,,,　ここまで空気のように扱われると、意地でも笑わせて
　みたくなる……。
81000 ,,,,,4401,,優哉,優哉,,,,,,,,,「あんたさ、好きなお笑い芸人とかいる？」
81100 ,,,,,4401,,恋鳥,部員？,04kot050_009.wav,,,,,,,,「…………」
81200 ,,,,,4401,,優哉,優哉,,,,,,,,,「お～い、もしも～し？」
81300 ,,,,,4401,,,,,,,,,,,,　女生徒は淡々と指を動かし、マウスのクリックを
　続けている。
81400 ,,,,,4401,,優哉,優哉,,,,,,,,,「そっかそっか、分かった。そういうことか」
81500 ,,,,,4401,,,,,,,,,,,,　無理に笑わせるのは諦め、別の感情を＜喚起＝かんき＞させる
　ことにした。
81600 ,,,,,4401,,,,,,,,,,,,　やっぱり女子校生が飴より好きな話題と言えば……。
81700 ,,,,,4401,,優哉,優哉,,,,,,,,,「俺っ、あなたのことがずっと好きでしたっ。
　付き合ってください！」
81900 ,,,,,4402,,恋鳥,部員？,04kot050_010.wav,,,,,,,,「……お前、名前は？」
82000 ,,,,,4402,,,,,,,,,,,,　きたきた、喰いついてきたっ。
82100 ,,,,,4402,,,,,,,,,,,,　って、喰いついてきてるん……だよな？
82200 ,,,,,4402,,,,,,,,,,,,　その表情からは今も感情が読み取れない。
82300 ,,,,,4402,,,,,,,,,,,,　もう少し、頬を紅く染めるなりしてくれた方が
　いいんだが……。
82400 ,,,,,4402,,優哉,優哉,,,,,,,,,「俺は２－Ａの墨崎優哉。あんたは？」
82500 ,,,,,4402,,恋鳥,恋鳥,04kot050_011.wav,,,,,,,,「……温泉部部員、＜葛城＝かつらぎ＞＜恋鳥＝ことり＞」
82600 ,,,,,4402,,恋鳥,恋鳥,04kot050_012.wav,,,,,,,,「クラスは２－Ｂだ」
82700 ,,,,,4402,,優哉,優哉,,,,,,,,,「へー、なら悠と一緒のクラスか」
82800 ,,,,,4402,,,,,,,,,,,,　外見はかなり幼めで１年生かと思ったが、見かけで
　人を判断してはいけない……ということらしい。
82900 ,,,,,4402,,,,,,,,,,,,　にしても、小さいな。身長いくつぐらいなんだ？
83000 ,,,,,4402,,恋鳥,恋鳥,04kot050_013.wav,,,,,,,,「悠の知り合いか？」
83100 ,,,,,4402,,優哉,優哉,,,,,,,,,「知り合いっつーか、１年の時に同じクラスだったから
　さ。それ以来、なんとなく……」
83200 ,,,,,4402,,恋鳥,恋鳥,04kot050_014.wav,,,,,,,,「……分かった。あとで伝えておこう」
83300 ,,,,,4402,,優哉,優哉,,,,,,,,,「ん……伝えるって何を？」
83400 ,,,,,4402,,恋鳥,恋鳥,04kot050_015.wav,,,,,,,,「付き合うなら相手をよく選べ、と」
83600 ,,,,,4401,,,,,,,,,,,,　何事もなかったように視線を戻す。
83700 ,,,,,4401,,,,,,,,,,,,　なんかこいつ……性格悪くないか？
83800 ,,,,,4401,,,,,,,,,,,,　少しぐらいかわいいからって、天狗になっちゃって
　るんだろうな……。
83900 ,,,,,4401,,,,,,,,,,,,　世の中、かわいい子とツルツルぺったんな娘には
　とことん甘くできている。
84000 ,,,,,4401,,優哉,優哉,,,,,,,,,「相手をよく選べっていうのはどういう意味かなぁ、
　恋鳥くん」
84100 ,,,,,4401,,恋鳥,恋鳥,04kot050_016.wav,,,,,,,,「馴れ馴れしく呼ぶな」
84200 ,,,,,4401,,優哉,優哉,,,,,,,,,「話をする時は人の目を見て、な」
84300 ,,,,,4401,,,,,,,,,,,,　負けじと俺も相当、性格悪いキャラだが。
84500 ,,,,,4402,,恋鳥,恋鳥,04kot050_017.wav,,,,,,,,「……＜下衆＝げす＞」
84600 ,,,,,4402,,,,,,,,,,,,　今までと違い、キッと睨まれる。
84700 ,,,,,4402,,,,,,,,,,,,　もうこの時点で、悠への温泉部入部の返事は決まった
　ようなものだった。
84800 ,,,,,4402,,,,,,,,,,,,　こんな素敵な性格の部員と上手くやっていけるわけが
　ない。
84900 ,,,,,4402,,,,,,,,,,,,　世の中、性格が合わないヤツというのはどこにでも
　いるもので。
85000 ,,,,,4402,,優哉,優哉,,,,,,,,,「分かった。部活の邪魔したな」
85200 ,,,,,4401,,,,,,,,,,,,　カチッ、カチッ……。
85300 ,,,,,4401,,,,,,,,,,,,　最後まで恋鳥は、愛想笑いすら見せなかった。
85600 ,,<!se_bushitsu_openclose>,,4400,,,悠,悠,02yuu050_001.wav,"yuu,uniform",,1,,,,,「はあはあはあ、遅れてごめーん！
　優哉、もう来てる？」
85700 ,,,,,,,,,,yuu,,1,,,,,　険悪な空気の中、悠の遅すぎる到着。
85800 ,,,,,,,,,,yuu,,1,,,,,　恋鳥はわざと俺に背中を向けて、頬杖をついていた。
85900 ,,,,,,,悠,悠,02yuu050_002.wav,yuu,,90,,,,,「あれ？　どったの、二人とも？」
86000 ,,,,,,,優哉,優哉,,yuu,,90,,,,,「どうしたもこうしたもねーよ。
　お前が見学に来いっていうから来たのに、
　散々だったぜ」
86100 ,,,,,,,悠,悠,02yuu050_003.wav,yuu,,3,,,,,「ありゃ……恋鳥と何かあった？」
86200 ,,,,,,,恋鳥,恋鳥,04kot050_018.wav,yuu,,3,"kotori,uniform",,90,,「……悠」
86300 ,,,,,,,悠,悠,02yuu050_004.wav,yuu,,0,kotori,,90,,「なぁに？」
86400 ,,,,,,,恋鳥,恋鳥,04kot050_019.wav,yuu,,0,kotori,,90,,「こいつ、入れるのか」
86500 ,,,,,,,悠,悠,02yuu050_005.wav,yuu,,0,kotori,,90,,「うん、そのつもりで誘ってるんだけど」
86600 ,,,,,,,恋鳥,恋鳥,04kot050_020.wav,yuu,,0,kotori,,4,,「…………」
86700 ,,,,,,,恋鳥,恋鳥,04kot050_021.wav,yuu,,0,kotori,,90,,「こんなやつ、いらないぞ」
86800 ,,,,,,,優哉,優哉,,yuu,,0,kotori,,90,,「ずいぶんハッキリと言いやがりますなぁオイ」
86900 ,,,,,,,悠,悠,02yuu050_006.wav,yuu,,12,kotori,,90,,「まあまあ、落ち着いて。
　恋鳥も悪い子じゃないからさ。素直に思ってることを
　口に出すタイプなだけで」
87000 ,,,,,,,,,,yuu,,12,kotori,,90,,　なおさら救いようないだろ、それ……。
87100 ,,,,,,,恋鳥,恋鳥,04kot050_022.wav,yuu,,12,kotori,,0,,「温泉部は今のままで充分だ」
87200 ,,,,,,,悠,悠,02yuu050_007.wav,yuu,,3,kotori,,0,,「でも、このままじゃ廃部になっちゃうし……」
87300 ,,,,,,,恋鳥,恋鳥,04kot050_023.wav,yuu,,3,kotori,,5,,「…………」
87400 ,,,,,,,優哉,優哉,,yuu,,3,kotori,,5,,「お、そろそろ救世主な俺の出番？」
87500 ,,,,,,,恋鳥,恋鳥,04kot050_024.wav,yuu,,3,kotori,,0,,「……見るからにバカだ」
87600 ,,,,,,,優哉,優哉,,yuu,,3,kotori,,0,,「なぁんだとぉぉっ！？」
87700 ,,,,,,,悠,悠,02yuu050_008.wav,yuu,,12,kotori,,0,,「だから落ち着きなさいってば。恋鳥はね……」
87800 ,,,,,,,優哉,優哉,,yuu,,12,kotori,,0,,「素直に思ってることを口に出すタイプなんだろ？
　ったく、冷泉部に改名した方がいいんじゃねえか、
　ここ」
87900 ,,,,,,,悠,悠,02yuu050_009.wav,yuu,,0,kotori,,0,,「ほら、恋鳥も優哉と仲良くやってくんない？
　温泉部の未来がかかってるんだから」
88000 ,,,,,,,恋鳥,恋鳥,04kot050_025.wav,yuu,,0,kotori,,0,,「悠は人を見る目がない」
88200 ,,,,,,,悠,悠,02yuu050_010.wav,yuu,,12,,,,,「あー……えっとね、恋鳥。優哉は……」
88300 ,,,,,,,優哉,優哉,,yuu,,12,,,,,「別にフォローなんていらねえよ。
　無理に好かれたいって欲求もねえし」
88400 ,,,,,,,悠,悠,02yuu050_011.wav,yuu,,0,,,,,「そんなこと言わないでさ～」
88600 ,,,,,4401,,優哉,優哉,,,,,,,,,「……でも悠はがんばってたぜ？
　あんたにとって、俺はハズレだったかもしれんけど
　さ」
88700 ,,,,,4401,,優哉,優哉,,,,,,,,,「温泉部のためにそこら中、走り回って……すげえ要領
　悪いけど、俺みたいなヤツにまで頭下げて……」
88800 ,,,,,4401,,悠,悠,02yuu050_012.wav,,,,,,,,「ゆ、優哉。急に何言って……」
88900 ,,,,,4401,,優哉,優哉,,,,,,,,,「……別に。
　でも、悠は人を見る目がないなんてことねえよ。
　たまたま俺がハズレだったってだけで……」
89000 ,,,,,4401,,優哉,優哉,,,,,,,,,「それに恋鳥……あんたはそんな悠が選んだ友達なん
　だろ？」
89200 ,,,,,4401,,恋鳥,恋鳥,04kot050_026.wav,,,,,,,,「…………」
89300 ,,,,,4401,,優哉,優哉,,,,,,,,,「……悪い、悠。もう帰るわ」
89500 ,,,,,4402,,悠,悠,02yuu050_013.wav,,,,,,,,「あっ……ちょっと待ってってば、優哉っ」
89580 ,,<!se_bushitsu_open>,,,4402,,,,,,,,,,,,
89590 ,,<!move_veryshort>,,9000,,,,,,,,,,,,,
89800 ,,<!move_veryshort><!se_bushitsu_close>,,4300,,,悠,悠,02yuu050_014.wav,yuu,,3,,,,,「どうしたのよ、急にあんなこと言って……」
89900 ,,,,,,,,,,yuu,,3,,,,,　……変な先入観があったからだろうか。
90000 ,,,,,,,,,,yuu,,3,,,,,　温泉部という名前を聞いた時、真っ先に思い浮かんだ
　のが家族のような温もりだった。
90100 ,,,,,,,,,,yuu,,3,,,,,　そこにいれば、ふわっと心が軽くなるような……
　意味もなく温かい気持ちが溢れてくるような……。
90200 ,,,,,,,,,,yuu,,3,,,,,　そんな癒しの空間があるんだと思っていた。
90300 ,,,,,,,,,,yuu,,3,,,,,　だから部の存続のためにがんばっている部長を、
　優しく『お疲れさま』と出迎える部員がいるん
　じゃないかって……。
90400 ,,,,,,,,,,yuu,,3,,,,,　勝手にそう思ってた。
90500 ,,,,,,,優哉,優哉,,yuu,,3,,,,,「俺、変だったな。
　どうでもいいことにムキになって……」
90600 ,,,,,,,悠,悠,02yuu050_015.wav,yuu,,3,,,,,「……ううん。ごめん、やな思いさせちゃって」
90700 ,,,,,,,優哉,優哉,,yuu,,3,,,,,「しかし恋鳥って、いつもあんな感じなのか？」
90800 ,,,,,,,悠,悠,02yuu050_016.wav,yuu,,90,,,,,「うん、いつもあんな調子かな。
　ああいう性格だから誤解されやすいんだけどね」
90900 ,,,,,,,優哉,優哉,,yuu,,90,,,,,「実は心優しい一面も？」
91000 ,,,,,,,悠,悠,02yuu050_017.wav,yuu,,5,,,,,「なぁに？　私の人を見る目が信じらんないの？」
91100 ,,,,,,,優哉,優哉,,yuu,,5,,,,,「自分で言うかねえ、そういうこと」
91200 ,,,,,,,,,,yuu,,5,,,,,　先に歩き始めると、悠は飛び跳ねるようにして前に
　回りこんでくる。
91300 ,,,,,,,悠,悠,02yuu050_018.wav,yuu,,0,,,,,「でもさ！　あの子、ほんとに悪い子じゃないからっ」
91400 ,,,,,,,,,,yuu,,0,,,,,　真っ直ぐに向けられた眼差しは、悠の恋鳥に対する
　優しさに溢れていた。
91500 ,,,,,,,,,,yuu,,0,,,,,　こういう他人のために一生懸命なところは、マジで
　感心する。
91600 ,,,,,,,優哉,優哉,,yuu,,0,,,,,「……分かってるよ、バカ」
91700 ,,,,,,,,,,yuu,,0,,,,,　前をどかすついでに頭をぐりぐりしてやると、
　悠はくすぐったそうに横へ逃げた。
91800 ,,,,,,,優哉,優哉,,yuu,,0,,,,,「んじゃ、帰るわ」
91900 ,,,,,,,悠,悠,02yuu050_019.wav,yuu,,3,,,,,「ねえ……やっぱり温泉部に入れない？」
92000 ,,,,,,,優哉,優哉,,yuu,,3,,,,,「普通の流れでいったら無理だろうな。
　俺も部員に疎まれてまで入りたいとは思わんし」
92100 ,,,,,,,悠,悠,02yuu050_020.wav,yuu,,5,,,,,「…………」
92200 ,,,,,,,優哉,優哉,,yuu,,5,,,,,「そういう顔されると、断りにくいからやめれ」
92300 ,,,,,,,悠,悠,02yuu050_021.wav,yuu,,12,,,,,「あ、ごめんごめん」
92400 ,,,,,,,悠,悠,02yuu050_022.wav,yuu,,6,,,,,「でも……ちょっと嬉しかった。
　優哉にがんばってるって言ってもらえて……」
92500 ,,,,,,,優哉,優哉,,yuu,,6,,,,,「はいはい、がんばってるがんばってる」
92600 ,,,,,,,悠,悠,02yuu050_023.wav,yuu,,53,,,,,「あによ、それー。せっかく人が感動シーンを演出して
　やろうと思ったのにー」
92700 ,,,,,,,優哉,優哉,,yuu,,53,,,,,「はいはい、感動感動」
92800 ,,,,,,,悠,悠,02yuu050_024.wav,yuu,,0,,,,,「もー、あったまきたっ。
　絶対、あんたのこと温泉部に入れてやるからねっ」
92900 ,,,,,,,優哉,優哉,,yuu,,0,,,,,「俺をその気にさせるには、相当のフラグを立てないと
　無理だぜ？」
93000 ,,,,,,,悠,悠,02yuu050_025.wav,yuu,,0,,,,,「とか言って、一晩抱かせてやったらすぐその気になる
　んじゃないのぉ？」
93100 ,,,,,,,優哉,優哉,,yuu,,0,,,,,「唐突にエロスキャラになるなよ、お前は」
93200 ,,,,,,,悠,悠,02yuu050_026.wav,yuu,,17,,,,,「言っておくけど、私はっ」
93300 ,,,,,,,優哉,優哉,,yuu,,17,,,,,「脱ぐと最強だろ？　悪い意味で」
93400 ,,,,,,,悠,悠,02yuu050_027.wav,yuu,,53,,,,,「ちょっとぉぉっ！　それどういう意味ぃぃっ！」
93600 ,,<!move_look>,0,4400,,,,,,,,,,,,,　カチ、カチカチカチッ。
93800 ,,,,,4401,,,,,,,,,,,,　カチカチ、カチッ、カチッ……。
93900 ,,,,,4401,,,,,,,,,,,,　カチッ、カ……。
94100 ,,,,,4402,,恋鳥,恋鳥,04kot050_027.wav,,,,,,,,「…………」
94190 ,,<!Lend_scene_change>,0,9000,,,,,,,,,,,,,
94199 ,,<!ec_kotori_uni>,,,,,,,,,,,,,,,
94400 ,@060,,,,,,,,,,,,,,,,
94700 ,,<!Lbegin_scene_change>,7,200,,,優哉,優哉,,,,,,,,,「ふぅ、ただいまー」
94800 ,,,,,,,千紗,千紗,06tis060_001.wav,,,,,,,,「あっ、おかえりっ」
94900 ,,,,,,,優哉,優哉,,,,,,,,,「おう、千紗も帰ってたか」
95000 ,,,,,,,,,,,,,,,,,　帰宅部の活動も無事に終了。
95100 ,,,,,,,,,,,,,,,,,　リビングに入ると、妹の千紗が大好きなお兄ちゃんの
　胸に……。
95200 ,,,,,,,千紗,千紗,06tis060_002.wav,"chisa,private",,5,,,,,「なんだ、お兄ちゃんだったんだ……」
95300 ,,,,,,,,,,chisa,,5,,,,,　……飛び込んできやしない。
95400 ,,,,,,,優哉,優哉,,chisa,,5,,,,,「なんだよ、俺じゃ期待はずれだったのか？」
95600 ,,,,,,,千紗,千紗,06tis060_003.wav,chisa,,3,,,,,「ううん、そうじゃないけど……買い物に行った陽向の
　帰りが遅いから……」
95700 ,,,,,,,優哉,優哉,,chisa,,3,,,,,「ん……ああ、今日は陽向が食事当番だっけか」
95800 ,,,,,,,,,,chisa,,3,,,,,　我が家では食事当番が買い出しも兼ねている。
95900 ,,,,,,,千紗,千紗,06tis060_004.wav,chisa,,4,,,,,「お兄ちゃんは心配じゃないの？」
96000 ,,,,,,,優哉,優哉,,chisa,,4,,,,,「大丈夫だろ、あいつだってもう立派な男だし。
　千紗は少し過保護すぎだ」
96100 ,,,,,,,千紗,千紗,06tis060_005.wav,chisa,,3,,,,,「そうかもしれないけど……」
96200 ,,,,,,,,,,,,,,,,,　まあ、千紗の気持ちも分かるけどな。
96300 ,,,,,,,,,,,,,,,,,　弟の陽向は、俺と違ってかなりかわいい系。
96400 ,,,,,,,,,,,,,,,,,　しかもどことなく中性というか、スカートを
　履かせても全然イケる。
96500 ,,,,,,,,,,,,,,,,,　ぶっちゃけ、悠よりずっと女らしい。
96600 ,,,,,,,優哉,優哉,,,,,,,,,「そんなに心配すんなって。
　陽向はあれでいて結構しっかりしてるんだから」
96700 ,,,,,,,千紗,千紗,06tis060_006.wav,chisa,,3,,,,,「でも……最近、色々と物騒だから……」
96800 ,,,,,,,優哉,優哉,,chisa,,3,,,,,「ん？　何かこの辺で事件でもあったのか？」
96900 ,,,,,,,千紗,千紗,06tis060_007.wav,chisa,,3,,,,,「うん。何日か前にね、千紗が買い物へ行ったとき、
　車に乗った変なおじさんに話しかけられたの」
97000 ,,,,,,,千紗,千紗,06tis060_008.wav,chisa,,3,,,,,「甘い飴をあげるから、ハァハァ……おじさんの車に
　乗りなさい……って」
97100 ,,,,,,,優哉,優哉,,chisa,,3,,,,,「ぶっ！？」
97200 ,,,,,,,千紗,千紗,06tis060_009.wav,chisa,,4,,,,,「怖くなって、千紗は近くのお店に入ったんだけど、
　絶対におかしな人だよねっ？」
97300 ,,,,,,,千紗,千紗,06tis060_010.wav,chisa,,4,,,,,「学校でも、そういう『おっきいお兄ちゃん』が増えて
　るから気をつけなさいって言ってたし……」
97400 ,,,,,,,,,,chisa,,4,,,,,　……まさか、本当にそんなおっさんがいるとは。
97500 ,,,,,,,,,,chisa,,4,,,,,　恋鳥も当然、俺を≪おっきいお兄ちゃん≫だと思ったん
　だろうな……。
97600 ,,,,,,,,,,chisa,,4,,,,,　ある意味、ああいう態度をとられて当たり前ってこと
　か。
97700 ,,,,,,,千紗,千紗,06tis060_011.wav,chisa,,3,,,,,「……どうしたの、お兄ちゃん？
　難しい顔をして……」
97800 ,,,,,,,優哉,優哉,,chisa,,3,,,,,「あ……いや、なんでもねえ。
　とりあえず陽向は大丈夫だろ？」
97900 ,,,,,,,優哉,優哉,,chisa,,3,,,,,「あいつはそんな、知らないおっさんについていくよう
　なヤツじゃ……」
98000 ,,,,,,,千紗,千紗,06tis060_012.wav,chisa,,3,,,,,「でも陽向、すぐ人を信じちゃうから……」
98100 ,,,,,,,優哉,優哉,,chisa,,3,,,,,「それはまあ……とりあえず、もう少し待ってみよう
　ぜ」
98200 ,,,,,,,優哉,優哉,,chisa,,3,,,,,「あんまり遅いようだったら、俺が捜しにいくから」
98300 ,,,,,,,千紗,千紗,06tis060_013.wav,chisa,,3,,,,,「……うん」
98600 ,,<!timepass_2_short>,,202,,,優哉,優哉,,,,,,,,,「う～～～～ん……」
98700 ,,,,,,,,,,,,,,,,,　すっかり外も暗くなり、さすがに笑えない状況に
　なってきた。
98800 ,,,,,,,,,,,,,,,,,　心なしか、千紗の顔色も悪い。
98900 ,,,,,,,千紗,千紗,06tis060_014.wav,chisa,,3,,,,,「お兄ちゃん、やっぱり千紗……」
99000 ,,,,,,,優哉,優哉,,chisa,,3,,,,,「よし。お前は留守番してろ。
　俺は、ちょっとこの辺を捜してくる」
99100 ,,,,,,,千紗,千紗,06tis060_015.wav,chisa,,15,,,,,「それなら千紗も一緒にっ……」
99200 ,,,,,,,優哉,優哉,,chisa,,15,,,,,「バカ、もしかしたら家に連絡があるかもしれないだ
　ろ？」
99300 ,,,,,,,千紗,千紗,06tis060_016.wav,chisa,,3,,,,,「…………」
99400 ,,,,,,,,,,chisa,,3,,,,,　一応、納得をする努力はしていたようだが、その手は
　俺の服の袖を強く握っていた。
99500 ,,,,,,,,,,chisa,,3,,,,,　千紗をひとり残していくのも、心配は心配だな……。
99600 ,,,,,,,,,,chisa,,3,,,,,　しばらくそんな思案に暮れていると。
99700 ,,<!se_entrance_door_openclose>,,,,,陽向,？？？,07hin060_001.wav,chisa,,2,,,,,「た、ただいま……」
99800 ,,,,,,,優哉,優哉,,chisa,,2,,,,,「お、陽向が帰ってきた！」
99900 ,,,,,,,,,,chisa,,2,"hinata,private",,0,,　揃って玄関に向かおうとすると、それより早く陽向が
　リビングに姿を現す。
100000 ,,,,,,,,,,chisa,,2,hinata,,0,,　両手にビニール袋を＜提＝さ＞げ、重そうにフラフラと
　よろめきながら。
100100 ,,,,,,,千紗,千紗,06tis060_017.wav,chisa,,7,hinata,,0,,「陽向、帰ってくるのおそーい」
100200 ,,,,,,,陽向,陽向,07hin060_002.wav,chisa,,7,hinata,,6,,「うん、ごめんね。
　商店街で買い物してたら、色々とオマケしてもらった
　り、お話に付き合わされたりで……」
100300 ,,,,,,,,,,chisa,,7,hinata,,6,,　手荷物には、食材の他にもぬいぐるみやお菓子などが
　混じっていた。
100400 ,,,,,,,,,,chisa,,7,hinata,,6,,　ぱっと見、熱烈なファンの歓迎を受けたアイドルの
　ようにも見える。
100500 ,,,,,,,優哉,優哉,,chisa,,7,hinata,,0,,「こりゃあ、買い物は陽向に任せた方がよくないか？」
100600 ,,,,,,,千紗,千紗,06tis060_018.wav,chisa,,15,hinata,,0,,「ち、千紗だっていっぱいオマケしてもらえるよっ」
100700 ,,,,,,,優哉,優哉,,chisa,,15,hinata,,0,,「まあ、千紗は子供っぽいからなあ」
100800 ,,,,,,,千紗,千紗,06tis060_019.wav,chisa,,7,hinata,,0,,「千紗は子供じゃないもんっ。もう大人だもんっ」
100900 ,,,,,,,優哉,優哉,,chisa,,7,hinata,,0,,「そういうところがお前は子供なんだよ。
　ほれ陽向、荷物貸してみ？」
101000 ,,,,,,,陽向,陽向,07hin060_003.wav,chisa,,7,hinata,,1,,「あ、うんっ。ありがとう、お兄ちゃん……」
101200 ,,,,,,,千紗,千紗,06tis060_020.wav,chisa,,5,hinata,,1,,「…………」
101400 ,,,,,,,,,,chisa,,0,hinata,,0,,　俺は、千紗と陽向とは異母兄弟だった。
101500 ,,,,,,,,,,chisa,,0,hinata,,0,,　元々、俺の実の母親は物心ついた頃には姿がなく、
　墨崎家に婿入りした親父と共に、＜千鶴＝ちづる＞さんという
　継母の元で育てられた。
101600 ,,,,,,,,,,chisa,,0,hinata,,0,,　千紗と陽向は、そんな千鶴さんと親父との間にできた
　子供だ。
101700 ,,,,,,,,,,chisa,,0,hinata,,0,,　それでも、二人は俺のことを『お兄ちゃん』と
　慕ってくれている。
101800 ,,,,,,,優哉,優哉,,chisa,,0,hinata,,0,,「さぁて、今日の晩飯は何にすっか」
101900 ,,,,,,,千紗,千紗,06tis060_021.wav,chisa,,1,hinata,,0,,「あ、じゃあ今日は千紗が晩ご飯つくるねっ。
　陽向は帰ってきたばっかりで疲れてるだろうし……」
102000 ,,,,,,,優哉,優哉,,chisa,,1,hinata,,3,,「げっ……それは待て！　とりあえず落ち着け！
　千紗、お互いゆっくりと話し合おう」
102100 ,,,,,,,千紗,千紗,06tis060_022.wav,chisa,,4,hinata,,3,,「……どうしたの、お兄ちゃん？」
102200 ,,,,,,,,,,chisa,,4,hinata,,3,,　途端に脂汗が滲む。
102300 ,,,,,,,,,,chisa,,4,hinata,,3,,　ここだけの話、千紗の手料理には必ず料理名の前に
　『闇』の文字がつく。
102400 ,,,,,,,,,,chisa,,4,hinata,,3,,　闇鍋、闇カレー……そんな類のものに近い。
102500 ,,,,,,,,,,chisa,,4,hinata,,3,,　一応、本人はかなりの努力をしているようだが、
　その味覚は明らかに狂っている。
102600 ,,,,,,,,,,chisa,,4,hinata,,3,,　前に実験でこっそり野良犬に千紗の手料理をお裾分け
　したら、泡を吹いて動かなくなった。
102700 ,,,,,,,,,,chisa,,4,hinata,,3,,　とはいえ、本人に『マズい』とも言えない複雑な兄心
　もあり。
102800 ,,,,,,,優哉,優哉,,chisa,,4,hinata,,3,,「ほら、お前……最近、部活の朝練とかで忙しそうだ
　ろ？　だから無理はさせたくないっていうか……」
102900 ,,,,,,,,,,chisa,,4,hinata,,3,,　これは俺の素直な気持ちだった。
103000 ,,,,,,,,,,chisa,,4,hinata,,3,,　千紗たちの母親である千鶴さんが病気で亡くなったの
　は、俺が８才の頃。
103100 ,,,,,,,,,,chisa,,4,hinata,,3,,　それ以来、千紗は幼い陽向の面倒を見ながら、泣き言
　ひとつ言わずに家事を受け持ってくれていた。
103200 ,,,,,,,,,,chisa,,4,hinata,,3,,　陽向が大きくなった今でも、千紗にはかなり負担を
　かけている気がする。
103300 ,,,,,,,陽向,陽向,07hin060_004.wav,chisa,,4,hinata,,1,,「だいじょーぶ、お姉ちゃんは休んでて？
　ボク、疲れてないから♪」
103400 ,,,,,,,,,,chisa,,4,hinata,,1,,　一方、弟の陽向は我が家で一番、料理が上手い。
103500 ,,,,,,,,,,chisa,,4,hinata,,1,,　小さい頃から姉のそばにいた影響からか、
　二人は互いに足りないものを補完し合って
　いるようだった。
103600 ,,,,,,,千紗,千紗,06tis060_023.wav,chisa,,3,hinata,,0,,「……そういえば、お兄ちゃんはもう部活動しない
　の？」
103700 ,,,,,,,優哉,優哉,,chisa,,3,hinata,,0,,「ん……ああ。入ってた部も去年、廃部になっちまった
　しな」
103800 ,,,,,,,優哉,優哉,,chisa,,3,hinata,,0,,「帰宅部の方が気楽でいいわ」
103900 ,,,,,,,千紗,千紗,06tis060_024.wav,chisa,,0,hinata,,0,,「千紗と陽向なら、平気だよ？」
104000 ,,,,,,,陽向,陽向,07hin060_005.wav,chisa,,0,hinata,,1,,「うんっ。ボクもひとりでお留守番できるしっ」
104100 ,,,,,,,優哉,優哉,,chisa,,0,hinata,,1,,「い、いきなりなんだよ。
　お前ら、意味分かんねえよ」
104200 ,,,,,,,千紗,千紗,06tis060_025.wav,chisa,,3,hinata,,0,,「だってお兄ちゃん、いつも千紗と陽向のために早く
　帰ってきてくれるから……」
104300 ,,,,,,,優哉,優哉,,chisa,,3,hinata,,0,,「…………」
104400 ,,,,,,,千紗,千紗,06tis060_026.wav,chisa,,0,hinata,,0,,「もし部活をしたかったら、千紗たちのことは気に
　しないでね？」
104500 ,,,,,,,陽向,陽向,07hin060_006.wav,chisa,,0,hinata,,1,,「そうだよ、お兄ちゃんっ。
　そのぶん、お家のことはボクががんばるからっ」
104600 ,,,,,,,優哉,優哉,,chisa,,0,hinata,,1,,「お前ら……」
104700 ,,,,,,,,,,chisa,,0,hinata,,1,,　正直、今までこいつらの笑顔に何度救われたか分から
　ない。
104800 ,,,,,,,,,,chisa,,0,hinata,,1,,　母親は違っても、千紗と陽向の前ではいい兄でありた
　い……その思いはずっと変わらなかった。
104900 ,,,,,,,,,,chisa,,0,hinata,,1,,　親父が墨崎家に婿入りし、本当に小さな小さな妹と
　弟ができた日から……。
105000 ,,,,,,,優哉,優哉,,chisa,,0,hinata,,1,,「あー、やっぱり予定変更！
　今日は三人で飯つくるぞっ」
105100 ,,,,,,,千紗,千紗,06tis060_027.wav,chisa,,2,hinata,,1,,「えっ、三人で？」
105200 ,,,,,,,陽向,陽向,07hin060_007.wav,chisa,,2,hinata,,1,,「うんうん、さんせー。ボク、先に準備するねっ」
105300 ,,,,,,,千紗,千紗,06tis060_028.wav,chisa,,1,,,,,「それじゃあ、千紗もっ」
105400 ,,,,,,,,,,,,,,,,,　二人はパタパタと台所へ駆けていき、楽しそうに
　準備を始める。
105500 ,,,,,,,,,,,,,,,,,　きっと親父も、千鶴さんを亡くしてから何度もこいつ
　らに励まされたんだろうな……。
105600 ,,,,,,,千紗,千紗,06tis060_029.wav,,,,,,,,「どうしたの、お兄ちゃん？
　言い出しっぺが遅れてるよー」
105700 ,,,,,,,優哉,優哉,,,,,,,,,「へいへい、分かってるよ。
　今日は肉を食いたいな、肉」
105800 ,,,,,,,千紗,千紗,06tis060_030.wav,,,,,,,,「お肉はんたーい。千紗、太っちゃうもん」
105900 ,,,,,,,優哉,優哉,,,,,,,,,「ったく、変に色気づきやがって……」
106000 ,,,,,,,,,,,,,,,,,　そして俺は、左右を千紗と陽向に挟まれながら、
　今日の晩飯の準備を開始した……。
106300 ,,<!timepass_2_short>,8,513,,,優哉,優哉,,,,,,,,,「だ～っ」
106400 ,,,,,,,,,,,,,,,,,　ばふっ！　とベッドの上に倒れ込み、大の字で天井を
　眺める。
106500 ,,,,,,,優哉,優哉,,,,,,,,,「今日は、昨日の分もゆっくり寝るか……」
106600 ,,,,,,,,,,,,,,,,,　露天風呂で出逢ったあの女性のことは、深く考えない
　ようにしていた。
106700 ,,,,,,,,,,,,,,,,,　所詮、一期一会。
106800 ,,,,,,,,,,,,,,,,,　もう二度と、顔を合わせることもないだろう。
106900 ,,,,,,,,,,,,,,,,,　それに俺は不能者じゃない。
107000 ,,,,,,,,,,,,,,,,,　それが分かっただけで充分じゃないか。
107100 ,,,,,,,優哉,優哉,,,,,,,,,「明日は自分で起きねえとな。
　寝坊したら、愛歌に何を言われるか分かったもんじゃ
　ねえし……」
107200 ,,,,,,,,,,,,,,,,,　普段は使わない目覚ましをセットし、再び大の字に
　戻る。
107300 ,,,,,,,優哉,優哉,,,,,,,,,「部活動……か」
107400 ,,,,,,,,,,,,,,,,,　この日、最後に思い浮かんだのは、温泉部の部室に
　いた恋鳥の冷たい横顔だった……。
107490 ,,<!Lend_night>,0,9000,,,,,,,,,,,,,
107499 ,,<!ec_chisa_pri>,,,,,,,,,,,,,,,
107700 ,@070,,,,,,,,,,,,,,,,
108100 ,,<!Lbegin_morning>,1,500,,,千紗,千紗,06tis070_001.wav,,,,,,,,「お兄ちゃん、朝だよー。
　今日も千紗、先に行くからねーっ？」
108200 ,,,,,,,優哉,優哉,,,,,,,,,「とぅわ！」
108300 ,,,,,,,,,,,,,,,,,　階下から聞こえてきた千紗の声に反応し、
　見事にベッドから跳ね起きる。
108400 ,,,,,,,,,,,,,,,,,　健康を考えると目が覚めてすぐ動くのは
　よくないらしいが、それはそれ。
108500 ,,,,,,,,,,,,,,,,,　既に目覚ましを止めて二度寝していた俺に、
　恐れるものなどない。
108600 ,,,,,,,優哉,優哉,,,,,,,,,「ヤバい、俺ってやればデキる男だったんだな……」
108700 ,,,,,,,,,,,,,,,,,　俺が女だったら、まちがいなく惚れてる。
108800 ,,,,,,,,,,,,,,,,,　多分、愛歌も俺のデキる男っぷりに惚れるな……。
109000 ,,<!move_short>,,200,,,,,,,,,,,,,　しかしこれだけ歴史的な早起きをしたというのに、
　家には誰もいないのな。
109100 ,,,,,,,,,,,,,,,,,　どんだけ早起きなんだ、千紗たちは……。
109200 ,,,,,,,優哉,優哉,,,,,,,,,「ん？」
109300 ,,,,,,,,,,,,,,,,,　台所には、陽向の作った朝食が置いてあった。
109400 ,,,,,,,,,,,,,,,,,　あいつはいい嫁に……もとい、婿になりそうだ。
109500 ,,,,,,,,,,,,,,,,,　どこかの温泉部部長に爪の垢を煎じて飲ませてやり
　たい。
109600 ,,,,,,,優哉,優哉,,,,,,,,,「うし、さっさと飯食って学校に行くかぁ」
109700 ,,,,,,,,,,,,,,,,,　デキる男の朝は、一杯のコーヒーから始まる。
109900 ,,<!move_short>,,100,,,愛歌,愛歌,01man070_001.wav,"manaka,uniform",,1,,,,,「あ……優哉ちゃん、おはようっ」
110000 ,,,,,,,優哉,優哉,,manaka,,1,,,,,「おう。なんだよ、外で待っててくれたのか？」
110100 ,,,,,,,愛歌,愛歌,01man070_002.wav,manaka,,1,,,,,「うんっ。今日はひとりで起きられたんだねー」
110200 ,,,,,,,,,,manaka,,1,,,,,　まるで自分のことのように喜んでいる。
110300 ,,,,,,,,,,manaka,,1,,,,,　俺ってそこまでダメな子だと思われてたのか？
110400 ,,,,,,,,,,manaka,,1,,,,,　微妙にヘコみながら、俺は歩き始めた。
110600 ,,<!move_normal>,,12300,,,優哉,優哉,,,,,,,,,「元々、俺はやればできる子なんだよ。
　小学校の通知票にもよくそう書かれてた」
110700 ,,,,,,,愛歌,愛歌,01man070_003.wav,manaka,,0,,,,,「ちょっと、びっくりしちゃった。
　今日も起こしにいかないとダメかな～って
　思ってたから」
110800 ,,,,,,,優哉,優哉,,manaka,,0,,,,,「ふっ……これでもう、毎朝お前の手を
　＜煩＝わずら＞わせることもないな」
110900 ,,,,,,,愛歌,愛歌,01man070_004.wav,manaka,,42,,,,,「……それはそれでちょっと寂しいけど」
111000 ,,,,,,,優哉,優哉,,manaka,,42,,,,,「あん？　どういう意味だ、それ？」
111100 ,,,,,,,愛歌,愛歌,01man070_005.wav,manaka,,42,,,,,「あ、ううん。なんでもないっ。
　それより優哉ちゃん……」
111200 ,,,,,,,優哉,優哉,,manaka,,42,,,,,「なんだ、俺のデキる男っぷりに惚れちまったか？」
111300 ,,,,,,,愛歌,愛歌,01man070_006.wav,manaka,,3,,,,,「その……髪に寝癖が……」
111400 ,,,,,,,優哉,優哉,,manaka,,3,,,,,「はあ？　デキる男の俺がそんな情けないことに
　なってるわけ……」
111500 ,,,,,,,,,,manaka,,3,,,,,　と後頭部を触ると、群れからはぐれた羊のように
　髪の毛があらぬ方向へ自己主張していた。
111600 ,,,,,,,,,,manaka,,3,,,,,　愛歌はそわそわとそれを見ている。
111700 ,,,,,,,愛歌,愛歌,01man070_007.wav,manaka,,3,,,,,「……まだ時間あるし、おウチで直してくる？」
111800 ,,,,,,,優哉,優哉,,manaka,,3,,,,,「ば、ばっか！　これはお洒落だよ。無造作ヘアって
　＜流行＝はや＞ってんだろ？　ツマブキ君みたいなヤツ」
111900 ,,,,,,,愛歌,愛歌,01man070_008.wav,manaka,,5,,,,,「でもそれ、無造作すぎる気が……」
112000 ,,,,,,,優哉,優哉,,manaka,,5,,,,,「まあ、見てろって。
　周りの通行人の反応を見てれば分かる」
112100 ,,,,,,,優哉,優哉,,manaka,,5,,,,,「どうすっかな～、ツマブキ君とまちがわれて
　サインとか求められたら」
112200 ,,,,,,,愛歌,愛歌,01man070_009.wav,manaka,,3,,,,,「はあ……やっぱり私が起こしにいけばよかったよ」
112400 ,,<!move_normal>,,4100,,,,,,,,,,,,,　学園に到着。
112500 ,,,,,,,,,,,,,,,,,　世間の目は俺に冷たかった。
112600 ,,,,,,,愛歌,愛歌,01man070_010.wav,manaka,,1,,,,,「ゆ、優哉ちゃん元気だして？
　その無造作ヘア、とっても似合ってるから」
112700 ,,,,,,,優哉,優哉,,manaka,,1,,,,,「愛歌……」
112800 ,,,,,,,,,,manaka,,1,,,,,　その思いやりは、どう考えても逆効果です。
113100 ,,<!move_normal>,7,4300,,,悠,悠,02yuu070_001.wav,,,,,,,,「そこをなんとかお願いしますっ」
113200 ,,,,,,,,,,,,,,,,,　ん？　今の悠の声か……？
113300 ,,,,,,,,,,"yuu,uniform",,4,,,,,　廊下を歩いていると、珍しく真面目な顔をした悠の
　姿が見えた。
113500 ,,,,,,,生徒会役員,生徒会役員,,yuu,,4,,,,,「無理ですよ。生徒会で決まったことですから。
　近日中に部室から立ち＜退＝の＞いてください」
113600 ,,,,,,,悠,悠,02yuu070_002.wav,yuu,,3,,,,,「そんな……温泉部にはまだ部員が……」
113700 ,,,,,,,生徒会役員,生徒会役員,,yuu,,3,,,,,「それがどうかしましたか？」
113800 ,,,,,,,,,,yuu,,3,,,,,　相手は何者だ？
113900 ,,,,,,,,,,yuu,,3,,,,,　生徒会でどうとか話してたのを見ると、役員か何か
　なのかな……。
114000 ,,,,,,,愛歌,愛歌,01man070_011.wav,manaka,,3,,,,,「優哉ちゃん、悠が……」
114100 ,,,,,,,優哉,優哉,,manaka,,3,,,,,「ああ、分かってる。お前は先に教室へ入ってろ」
114200 ,,,,,,,,,,yuu,,3,,,,,　手振りだけで愛歌に合図し、悠と生徒会役員（仮）の
　やりとりを見守る。
114300 ,,,,,,,,,,yuu,,3,,,,,　珍しく、悠が＜圧＝お＞されてるみたいだが……。
114500 ,,,,,,,生徒会役員,生徒会役員,,yuu,,5,,,,,「あまりこんなことは言いたくありませんがね、
　温泉部などに部室や部費を与える必要性を感じ
　ないのですよ」
114600 ,,,,,,,生徒会役員,生徒会役員,,yuu,,5,,,,,「あなた方の部の活動で、全国大会の優勝トロフィーを
　獲れますか？」
114700 ,,,,,,,生徒会役員,生徒会役員,,yuu,,5,,,,,「少子化傾向も強まり、学園側としても生徒を獲得する
　ために必死なんです」
114800 ,,,,,,,生徒会役員,生徒会役員,,yuu,,5,,,,,「ただでさえ、学園の入学者が減っているのはあなたも
　ご存じでしょう？」
114900 ,,,,,,,生徒会役員,生徒会役員,,yuu,,5,,,,,「野球部のように全国へ学園の名前を売ることができれ
　ば別ですが、宣伝効果のない温泉部などに生徒会とし
　ても協力はできませんよ」
115000 ,,,,,,,,,,yuu,,5,,,,,　……なんなんだ、あいつ？
115100 ,,,,,,,,,,yuu,,5,,,,,　生徒会って普通は生徒側の味方なんじゃないのか？
115200 ,,,,,,,,,,yuu,,5,,,,,　あれじゃ、いくらなんでも悠が……。
115300 ,,,,,,,悠,悠,02yuu070_003.wav,yuu,,3,,,,,「でも私……温泉部が好きなんです。
　あの部を必要としてる子もいるんですっ」
115400 ,,,,,,,生徒会役員,生徒会役員,,yuu,,3,,,,,「調べさせてもらいましたけど、部員はあなたを含めて
　二人だそうですね？」
115500 ,,,,,,,生徒会役員,生徒会役員,,yuu,,3,,,,,「仲良しの友達と温泉に入りたいなら、プライベートで
　好きなだけ入ればいいでしょう？」
115600 ,,,,,,,生徒会役員,生徒会役員,,yuu,,3,,,,,「大体、この界隈で学園に入ってまで温泉部などに
　所属したいなどと思う生徒は……」
115700 ,,,,,,,優哉,優哉,,yuu,,3,,,,,「いるぜ、ここに」
115800 ,,,,,,,悠,悠,02yuu070_004.wav,yuu,,2,,,,,「ゆ、優哉っ！？」
115900 ,,,,,,,,,,yuu,,2,,,,,　頭で考えるより、先に身体が動いていた。
116000 ,,,,,,,,,,,,,,,,,　勢いで生徒会役員の前に立ちはだかり、悠を背に
　回す。
116100 ,,,,,,,生徒会役員,生徒会役員,,,,,,,,,「……あなたは？」
116200 ,,,,,,,優哉,優哉,,,,,,,,,「俺が３人目の温泉部部員だ。
　人数も増えたんだし、文句はねえだろ」
116300 ,,,,,,,,,,,,,,,,,　生徒会役員は手元の資料をパラパラとめくり、
　書面と俺の顔とを交互に見る。
116400 ,,,,,,,優哉,優哉,,,,,,,,,「俺は２－Ａの墨崎優哉だ」
116500 ,,,,,,,生徒会役員,生徒会役員,,,,,,,,,「墨崎さん……それではあなたが、温泉部の新入部員
　だ、と？」
116600 ,,,,,,,優哉,優哉,,,,,,,,,「最初からそう言ってんだろ」
116700 ,,,,,,,生徒会役員,生徒会役員,,,,,,,,,「……なるほど。ですが、温泉部を正式な部と認める
　ことはできません」
116800 ,,,,,,,優哉,優哉,,,,,,,,,「どうして？」
116900 ,,,,,,,生徒会役員,生徒会役員,,,,,,,,,「本来、学園が部として認めているのは部員が５人以上
　の部活動のみです」
117000 ,,,,,,,生徒会役員,生徒会役員,,,,,,,,,「３人ということであれば……そうですね。
　同好会という扱いになります」
117100 ,,,,,,,優哉,優哉,,,,,,,,,「部と同好会の違いは？」
117200 ,,,,,,,生徒会役員,生徒会役員,,,,,,,,,「同好会は部室も部費も与えられません。
　生徒会としても温泉≪同好会≫の活動を応援しますよ」
117300 ,,,,,,,優哉,優哉,,,,,,,,,「くっ、てめえ……」
117400 ,,,,,,,生徒会役員,生徒会役員,,,,,,,,,「文句があるなら、まずは部員を５人集めてからに
　してほしいものですね」
117500 ,,,,,,,生徒会役員,生徒会役員,,,,,,,,,「それでは、私も忙しいのでこれで失礼」
117600 ,,,,,,,,,,,,,,,,,　最後まで蔑むような目で俺たちを見ていた生徒会野郎
　に、後ろから思いっきり中指を突き立ててやる。
117700 ,,,,,,,,,,,,,,,,,　すると何かを感じたのか、立ち去りかけた足が止ま
　り、
117800 ,,,,,,,生徒会役員,生徒会役員,,,,,,,,,「あなたのその髪、ツマブキ君の真似ですか？
　無造作ヘアは校則違反ですよ」
117900 ,,,,,,,,,,,,,,,,,　う、嬉しくね～～～っ！
118000 ,,,,,,,,,,,,,,,,,　ツマブキ君似と認められるのが、これほどの
　屈辱だとは……。
118100 ,,,,,,,,,,yuu,,90,,,,,　思わず拳を握りしめると、悠が後ろから俺の手を
　握ってきた。
118200 ,,,,,,,悠,悠,02yuu070_005.wav,yuu,,90,,,,,「優哉、いいよ。その気持ちだけで嬉しいから……」
118300 ,,,,,,,,,,yuu,,90,,,,,　今さら、拳を握ってた理由がツマブキ君云々だとは
　言えない。
118400 ,,,,,,,優哉,優哉,,yuu,,90,,,,,「しかし、部として認められるのは５人から……か」
118500 ,,,,,,,悠,悠,02yuu070_006.wav,yuu,,5,,,,,「…………」
118600 ,,,,,,,,,,yuu,,5,,,,,　悠はがっくりと肩を落とし、握っていた俺の手を
　放す。
118700 ,,,,,,,,,,yuu,,5,,,,,　入部初日にして、早くも我が温泉部の未来は風前の
　灯火だった……。
118790 ,,<!Lend_scene_change>,0,9000,,,,,,,,,,,,,
118799 ,,<!ec_manaka_uni>,,,,,,,,,,,,,,,
119000 ,@080,,,,,,,,,,,,,,,,
119300 ,,<!Lbegin_scene_change>,2,4300,,,優哉,優哉,,,,,,,,,「しかし、大丈夫かな。
　また昨日みたいなことになるんじゃねえか？」
119400 ,,,,,,,悠,悠,02yuu080_001.wav,"yuu,uniform",,1,,,,,「へーき、へーきっ。あれでいて結構、恋鳥も優哉の
　ことが好きなんだから」
119500 ,,,,,,,,,,yuu,,1,,,,,　晴れて（？）温泉部の部員となった俺は、放課後に
　なって悠と一緒に部室へと向かっていた。
119600 ,,,,,,,,,,yuu,,1,,,,,　その部室では既に、恋鳥が手ぐすね引いて俺を待って
　いるらしい。
119700 ,,,,,,,悠,悠,02yuu080_002.wav,yuu,,0,,,,,「でも今朝はほんと嬉しかった～。
　まさかあんな風に優哉が言ってくれるなんて
　思わなかったし」
119800 ,,,,,,,優哉,優哉,,yuu,,0,,,,,「忘れてくれ。今朝のことは記憶から消してくれ」
119900 ,,,,,,,悠,悠,02yuu080_003.wav,yuu,,0,,,,,「や～だっ。意外とかっこよかったしね、私の前に
　立って『文句はねえだろ』とか言ってる優哉」
120000 ,,,,,,,優哉,優哉,,yuu,,0,,,,,「やめろ～、もう聞きたくねえ。
　今朝のことは俺の人生最大の汚点だ……」
120100 ,,,,,,,悠,悠,02yuu080_004.wav,yuu,,1,,,,,「もしかして、私の生足効果～？」
120200 ,,,,,,,,,,yuu,,1,,,,,　からかい口調で言いながら、悠はスカートの裾を
　チラリと上げる。
120300 ,,,,,,,,,,yuu,,1,,,,,　当分、こいつには勘違いされそうだな……。
120400 ,,,,,,,優哉,優哉,,yuu,,1,,,,,「……さぁて、いよいよ恋鳥様とご対面か」
120500 ,,,,,,,悠,悠,02yuu080_005.wav,yuu,,3,,,,,「あのさ、昨日も言ったけど恋鳥は……」
120600 ,,,,,,,優哉,優哉,,yuu,,3,,,,,「分かってるよ。俺だって温泉部に入ったからには、
　みんなで仲良くやりてえしな」
120700 ,,,,,,,優哉,優哉,,yuu,,3,,,,,「温泉部で全国狙うぞ、全国っ」
120800 ,,,,,,,悠,悠,02yuu080_006.wav,yuu,,1,,,,,「おっけ！　生徒会なんかに負けてられっかぁ！」
120900 ,,,,,,,,,,yuu,,1,,,,,　今朝、神妙な面持ちで生徒会のヤツと話してる悠を
　見て思ったが……。
121000 ,,,,,,,悠,悠,02yuu080_007.wav,yuu,,53,,,,,「ちょっとぉ！　どうしてあとに続かないのよー！」
121100 ,,,,,,,優哉,優哉,,yuu,,0,,,,,「……へいへい。負けてられっか、ぉー」
121200 ,,,,,,,悠,悠,02yuu080_008.wav,yuu,,0,,,,,「最後の『おー！』がちいさーい！」
121300 ,,,,,,,,,,,,,,,,,　やっぱり悠は、空気が読めないぐらいバカで元気な
　方が……似合ってる。
121600 ,,<!move_look><!se_bushitsu_open>,,4400,,,悠,悠,02yuu080_009.wav,yuu,,1,,,,,「恋鳥、やっほー！
　今日はいいニュースを持ってきたかんね！」
121700 ,,,,,,,,,,yuu,,1,,,,,　先に部室へ入った悠に続き、俺は勢いよくその横に
　身体を並べる。
121800 ,,,,,,,優哉,優哉,,,,,,,,,「本日付を持ってここの温泉部に配属となりました、
　墨崎優哉であります！」
121900 ,,,,,,,優哉,優哉,,,,,,,,,「若輩者ですが、宜しくお願いします！」
122000 ,,,,,,,,,,,,,,,,,　ビッと敬礼し、静まり返った部室に目を向ける。
122100 ,,,,,,,,,,,,,,,,,　個人的には、
122190 ,,<s_fade time=""500"" param=""file=af/a004.af&range=160"">,,9000,,,,,,,,,,,,,
122200 ,,<s_fade time=""500"" param=""file=af/a004.af&range=-160"">,,4400,,,恋鳥,恋鳥,04kot080_001.wav,"kotori,uniform",,52,,,,,「艦長のカツラギ・コトリだぞ」
122300 ,,<s_fade time=""500"" param=""file=af/a004.af&range=160"">,,9000,,,,,,,,,,,,,　なんていうノリを期待していたが、
122500 ,,,,,4401,,,,,,,,,,,,　カチカチ、カチッ、カチカチッ……。
122600 ,,,,,4401,,,,,,,,,,,,　……相変わらず、無視ですか。
122700 ,,,,,4401,,,,,,,,,,,,　昨日以上に部室の空気は冷たい。
122800 ,,,,,4401,,悠,悠,02yuu080_010.wav,,,,,,,,「恋鳥、ちょっと話いい？」
122900 ,,,,,4401,,恋鳥,恋鳥,04kot080_002.wav,,,,,,,,「……聞いているぞ」
123000 ,,,,,4401,,,,,,,,,,,,　マウスを操作しながら興味なさげに答える。
123100 ,,,,,4401,,,,,,,,,,,,　悠の性格だったら、こんな態度をとられたら
　すぐキレそうなものだが、そこら辺は恋鳥の
　性格をよく理解しているからだろう。
123200 ,,,,,4401,,,,,,,,,,,,　こそっと俺に『ゴメン』と手のひらで合図を送り、
　悠は話を続けた。
123300 ,,,,,4401,,悠,悠,02yuu080_011.wav,,,,,,,,「あのさ、昨日も少し話したけど……優哉に温泉部へ
　入ってもらうことにしたから」
123400 ,,,,,4401,,,,,,,,,,,,　カチカチ…………カチ…………。
123500 ,,,,,4401,,,,,,,,,,,,　恋鳥の動きが止まる。
123600 ,,,,,4401,,悠,悠,02yuu080_012.wav,,,,,,,,「恋鳥も色々あると思うけど、優哉と仲良くやって
　くんない？」
123800 ,,,,,4402,,恋鳥,恋鳥,04kot080_003.wav,,,,,,,,「……そいつに一晩抱かれたのか、悠？」
123900 ,,,,,4402,,悠,悠,02yuu080_013.wav,,,,,,,,「きゅ、急に何言ってんのっ！？
　抱かれるわけないでしょーが、こんな＜唐変木＝とうへんぼく＞にっ」
124000 ,,,,,4402,,優哉,優哉,,,,,,,,,「待て待て！　さり気なく俺を格下扱いすんなっ。
　こっちにだって選ぶ権利っつーのがだな」
124100 ,,,,,4402,,恋鳥,恋鳥,04kot080_004.wav,,,,,,,,「……悠は軟弱な男が好みなのか」
124200 ,,,,,4402,,優哉,優哉,,,,,,,,,「待て待て待て！
　そこもさり気なく俺をヘタレ扱いすんなっ」
124300 ,,,,,4402,,悠,悠,02yuu080_014.wav,,,,,,,,「でもよかったわ。
　こんなに早く恋鳥と優哉が打ち解け合って」
124400 ,,,,,4402,,優哉,優哉,,,,,,,,,「お前の目は節穴かっ！
　どう見ても＜啀＝いが＞み合ってるだろうがっ！」
124500 ,,,,,4402,,悠,悠,02yuu080_015.wav,,,,,,,,「ありゃ、そうなの？」
124600 ,,,,,4402,,,,,,,,,,,,　既にもう、この部でやっていく自信がない。
124800 ,,,,,4401,,恋鳥,恋鳥,04kot080_005.wav,,,,,,,,「……悠も物好きだな」
124900 ,,,,,4401,,悠,悠,02yuu080_016.wav,,,,,,,,「にひひ、まぁね～。褒められると照れるけどさー」
125000 ,,,,,4401,,,,,,,,,,,,　全然、褒め言葉じゃねえし。
125100 ,,,,,4401,,,,,,,,,,,,　もしかして悠は、一方的に恋鳥のことを友達だと
　思いこんでるだけなのか？
125200 ,,,,,4401,,,,,,,,,,,,　向こうは悠を友達と思ってるようには見えないんだ
　が……。
125300 ,,,,,4401,,悠,悠,02yuu080_017.wav,,,,,,,,「とにかく！　今日から心機一転、新生温泉部の
　スタートってことで！」
125400 ,,,,,4401,,恋鳥,恋鳥,04kot080_006.wav,,,,,,,,「そいつが入るなら恋鳥はやめる」
125500 ,,,,,4401,,悠,悠,02yuu080_018.wav,,,,,,,,「そんなこと言わないでさ～。
　恋鳥は優哉のことを誤解してるだけだってば」
125600 ,,,,,4401,,優哉,優哉,,,,,,,,,「一見いい加減に見えて、実はいいヤツとか、
　そういう設定だよ、俺は」
125700 ,,,,,4401,,恋鳥,恋鳥,04kot080_007.wav,,,,,,,,「ありがちだな」
125800 ,,,,,4401,,優哉,優哉,,,,,,,,,「王道って大事だと思うけどなあ」
125900 ,,,,,4401,,悠,悠,02yuu080_019.wav,,,,,,,,「てかさ、恋鳥は優哉のどこがキライなわけ？
　顔以外で」
126000 ,,,,,4401,,恋鳥,恋鳥,04kot080_008.wav,,,,,,,,「顔」
126100 ,,,,,4401,,優哉,優哉,,,,,,,,,「顔以外って言ってんだろっ！」
126200 ,,,,,4401,,,,,,,,,,,,　光の速さでツッコミを入れる。
126400 ,,,,,4402,,,,,,,,,,,,　すると恋鳥は珍しく俺のことをじっと見つめ、
126500 ,,,,,4402,,恋鳥,恋鳥,04kot080_009.wav,,,,,,,,「…………」
126600 ,,,,,4402,,優哉,優哉,,,,,,,,,「いいんだぜ、無理にキライなとこ探さなくて」
126800 ,,,,,4401,,恋鳥,恋鳥,04kot080_010.wav,,,,,,,,「……顔」
126900 ,,,,,4401,,優哉,優哉,,,,,,,,,「だぁぁぁぁっ！　なんなんだ、こいつはぁぁっ！？」
127000 ,,,,,4401,,,,,,,,,,,,　心の中で呟くつもりが、思いっきり言葉に出してし
　まう。
127100 ,,,,,4401,,悠,悠,02yuu080_020.wav,,,,,,,,「……分かった。
　だったら優哉には覆面かぶせて活動させるから」
127200 ,,,,,4401,,優哉,優哉,,,,,,,,,「どんな円満解決だよ、それ」
127300 ,,,,,4401,,悠,悠,02yuu080_021.wav,,,,,,,,「でも他にいい案ないしさぁ～」
127400 ,,,,,4401,,恋鳥,恋鳥,04kot080_011.wav,,,,,,,,「……首」
127500 ,,,,,4401,,悠,悠,02yuu080_022.wav,,,,,,,,「首？」
127700 ,,,,,4402,,恋鳥,恋鳥,04kot080_012.wav,,,,,,,,「そいつの首を切断」
127800 ,,,,,4402,,悠,悠,02yuu080_023.wav,,,,,,,,「あー！　そうすれば顔を見なくて済むね！」
127900 ,,,,,4402,,優哉,優哉,,,,,,,,,「それは、俺がこの温泉部からいなくなるのと
　同じことになりませんかネェ！？」
128000 ,,,,,4402,,恋鳥,恋鳥,04kot080_013.wav,,,,,,,,「大声を出すな。バカ」
128100 ,,,,,4402,,優哉,優哉,,,,,,,,,「ぐっ……」
128200 ,,,,,4402,,,,,,,,,,,,　マジで性格悪いぞ、こいつ。
128300 ,,,,,4402,,,,,,,,,,,,　なんで悠は、こんな女とツルんでるんだか……。
128400 ,,,,,4402,,悠,悠,02yuu080_024.wav,,,,,,,,「……恋鳥も分かってると思うけど、このままだと
　温泉部が廃部になっちゃうからさ」
128500 ,,,,,4402,,悠,悠,02yuu080_025.wav,,,,,,,,「部を存続させるには、優哉も入れて部員が５人集まら
　ないとダメなんだよね」
128600 ,,,,,4402,,優哉,優哉,,,,,,,,,「そういうわけで、覆面も首を切られるのもごめんだ
　が、仲良くやろうぜ？」
128700 ,,,,,4402,,,,,,,,,,,,　これが俺にできる精一杯の譲歩だった。
128800 ,,,,,4402,,,,,,,,,,,,　握手を求めて手を差し出すと、マウスを握っていた
　方の指がピクリと動く。
128900 ,,,,,4402,,恋鳥,恋鳥,04kot080_014.wav,,,,,,,,「……墨崎優哉」
129000 ,,,,,4402,,優哉,優哉,,,,,,,,,「握手してくれんのか？」
129100 ,,,,,4402,,恋鳥,恋鳥,04kot080_015.wav,,,,,,,,「……お前なんかキライだ」
129400 ,,<!se_bushitsu_openclose>,,4400,,,悠,悠,02yuu080_026.wav,yuu,,2,,,,,「あ、恋鳥っ！」
129500 ,,,,,,,,,,yuu,,2,,,,,　差し出した手はそのまま放置され、背後でドアの
　＜開扉＝かいひ＞音が響く。
129600 ,,,,,,,,,,yuu,,2,,,,,　最後まであの冷たい眼差しが、人としての温もりを
　宿すことはなかった。
129700 ,,,,,,,悠,悠,02yuu080_027.wav,yuu,,3,,,,,「……ごめん、優哉。
　せっかく、恋鳥によくしてくれたのに……」
129800 ,,,,,,,優哉,優哉,,yuu,,3,,,,,「別に悠があやまることじゃねえよ」
129900 ,,,,,,,悠,悠,02yuu080_028.wav,yuu,,5,,,,,「あのさ……温泉部……やめるなんて言わないよね？」
130000 ,,,,,,,優哉,優哉,,yuu,,5,,,,,「お前、ふざけてんのか？」
130100 ,,,,,,,悠,悠,02yuu080_029.wav,yuu,,3,,,,,「あ、そうだよね……あんな風にされたら
　誰だって……」
130200 ,,,,,,,優哉,優哉,,yuu,,3,,,,,「こうなったら、ぜってーあの恋鳥に俺の入部を認め
　させてやる」
130300 ,,,,,,,悠,悠,02yuu080_030.wav,yuu,,2,,,,,「えっ？」
130400 ,,,,,,,優哉,優哉,,yuu,,0,,,,,「俺が入ったからには、この温泉部を全国でも通用する
　チームにするからな」
130500 ,,,,,,,悠,悠,02yuu080_031.wav,yuu,,0,,,,,「優哉……」
130600 ,,,,,,,優哉,優哉,,yuu,,0,,,,,「廃部になんかさせっかよ」
130700 ,,,,,,,優哉,優哉,,yuu,,0,,,,,「今に見てやがれ、葛城恋鳥ぃぃぃっ！」
130900 ,,,,9000,,,,,,,,,,,,,　……悠は言っていた。
131000 ,,,,,,,,,,,,,,,,,　恋鳥は悪い子じゃない、と。
131100 ,,,,,,,,,,,,,,,,,　確かにあいつは無愛想で言うこともキツいけど……。
131400 ,,<m_fade fadeout=""6000"">,0,9000,4402,#mono,恋鳥,恋鳥,04kot080_016.wav,,,,,,,,「……墨崎優哉」
131500 ,,,,,4402,#mono,,,,,,,,,,,　聞き流されていると思っていた俺のフルネームを、
131600 ,,,,,4402,#mono,,,,,,,,,,,　あいつは、しっかりと覚えていた……。
131680 ,,,,4400,,,,,,,,,,,,,
131690 ,,<!Lend_scene_change>,0,9000,,,,,,,,,,,,,
131790 ,,<!ec_kotori_uni>,,,,,,,,,,,,,,,
131900 ,@090,,,,,,,,,,,,,,,,
132200 ,,<!Lbegin_scene_change>,2,4100,,,悠,悠,02yuu090_001.wav,"yuu,uniform",,0,,,,,「もしかして、優哉と一緒に帰るのなんて初めて？」
132300 ,,,,,,,優哉,優哉,,yuu,,0,,,,,「ま、最初で最後だろうけどな」
132400 ,,,,,,,悠,悠,02yuu090_002.wav,yuu,,1,,,,,「そんなこと言って、私と帰れて嬉しいんじゃない
　のぉ～？」
132500 ,,,,,,,優哉,優哉,,yuu,,1,,,,,「いや、全然？」
132600 ,,,,,,,悠,悠,02yuu090_003.wav,yuu,,53,,,,,「即答すんなっ！」
132700 ,,,,,,,,,,yuu,,53,,,,,　と、横から体当たりされ、思わずその肩を支える。
132800 ,,,,,,,,,,yuu,,0,,,,,　走り回っていない悠と肩を並べて下校するというの
　も、少し不思議な気分だった。
132900 ,,,,,,,,,,,,,,,,,　結局、あれから恋鳥は部室に戻らず、俺の温泉部入部
　も保留状態。
133000 ,,,,,,,,,,,,,,,,,　恋鳥を納得させない限りは、いつまでも仮入部のまま
　だ。
133100 ,,,,,,,優哉,優哉,,,,,,,,,「しかし、これからどうすんだよ？
　恋鳥はあんな調子だし、部員も足りねえし……」
133200 ,,,,,,,悠,悠,02yuu090_004.wav,yuu,,2,,,,,「え、優哉に何か考えがあるんじゃないの？
　さっき、『廃部になんかさせっかよ』なんて主人公
　みたいなこと言ってたじゃん？」
133300 ,,,,,,,優哉,優哉,,yuu,,2,,,,,「あー、あれね」
133400 ,,,,,,,,,,yuu,,2,,,,,　もちろん、勢いで口にしただけだ。
133500 ,,,,,,,悠,悠,02yuu090_005.wav,yuu,,2,,,,,「まさか、なんの考えもなしに言ってみたとか？」
133600 ,,,,,,,優哉,優哉,,yuu,,2,,,,,「即答すんなっ！」
133700 ,,,,,,,悠,悠,02yuu090_006.wav,yuu,,53,,,,,「痛っ！？　あにすんのよ、もぉっ」
133800 ,,,,,,,優哉,優哉,,yuu,,53,,,,,「先に言われる前に言っておいた」
133900 ,,,,,,,悠,悠,02yuu090_007.wav,yuu,,5,,,,,「……なんの考えもなかったわけね、あんたは」
134000 ,,,,,,,優哉,優哉,,yuu,,5,,,,,「俺にそんな＜深慮＝しんりょ＞＜遠謀＝えんぼう＞キャラを期待されても困るぞ」
134100 ,,,,,,,悠,悠,02yuu090_008.wav,yuu,,90,,,,,「ねえ、優哉……」
134200 ,,,,,,,優哉,優哉,,yuu,,90,,,,,「あん？」
134300 ,,,,,,,悠,悠,02yuu090_009.wav,yuu,,1,,,,,「あんたって、ほんっっっとに底の浅い男よねっ」
134400 ,,,,,,,優哉,優哉,,yuu,,1,,,,,「甘いな。自分で言うのもなんだが、俺の器は底が
　知れないぜ」
134500 ,,,,,,,悠,悠,02yuu090_010.wav,yuu,,1,,,,,「器の底に穴が空いてるからでしょ？」
134600 ,,,,,,,優哉,優哉,,yuu,,1,,,,,「…………」
134700 ,,,,,,,悠,悠,02yuu090_011.wav,yuu,,53,,,,,「えぇーっ！　マジでそういうオチだったの？」
134800 ,,,,,,,優哉,優哉,,yuu,,53,,,,,「……さ、とりあえず今後の温泉部の活動についてを
　だな」
134900 ,,,,,,,悠,悠,02yuu090_012.wav,yuu,,0,,,,,「あ、そうよ！　底の浅い空気のような主人公の話なん
　てどうでもいいんだからっ！」
135000 ,,,,,,,,,,yuu,,0,,,,,　向けられた『お前、空気だろ？』な眼差しが痛い。
135100 ,,,,,,,悠,悠,02yuu090_013.wav,yuu,,0,,,,,「やっぱさ、なんとかして部員を増やすしかないよね」
135200 ,,,,,,,優哉,優哉,,yuu,,0,,,,,「だな。生徒会の連中も、そう長くは待ってくれそうに
　ねえし……」
135300 ,,,,,,,,,,yuu,,0,,,,,　校門の前で立ち止まり、悠は校舎の方を振り返る。
135400 ,,,,,,,,,,yuu,,0,,,,,　俺はその様子を、文字通り空気のようになって
　見つめていた。
135500 ,,,,,,,悠,悠,02yuu090_014.wav,yuu,,3,,,,,「私と優哉で新しい部員集めはできるけど……」
135600 ,,,,,,,優哉,優哉,,yuu,,3,,,,,「……空気のような主人公は、無言で温泉部部長の
　手を握りしめた」
135700 ,,,,,,,悠,悠,02yuu090_015.wav,yuu,,90,,,,,「何それ？
　温泉部部長に欲情した～のまちがいじゃないの？」
135800 ,,,,,,,優哉,優哉,,yuu,,90,,,,,「主人公は寂しかったんだな、きっと。
　恋鳥に握手を断られて」
135900 ,,,,,,,悠,悠,02yuu090_016.wav,yuu,,4,,,,,「…………」
136000 ,,,,,,,,,,yuu,,4,,,,,　言葉だけで、俺は悠の手を握ってはいなかった。
136100 ,,,,,,,,,,yuu,,4,,,,,　そこを逆に悠の方から握られて、
136200 ,,,,,,,悠,悠,02yuu090_017.wav,yuu,,90,,,,,「私……恋鳥のこと諦めずに説得してみる。
　あの子、ぜったい温泉部に必要な子だし……」
136300 ,,,,,,,優哉,優哉,,yuu,,90,,,,,「…………」
136400 ,,,,,,,悠,悠,02yuu090_018.wav,yuu,,90,,,,,「で、みんな仲良くなってから、新しい部員を集めん
　のっ。そこからが新生温泉部のスタート！」
136500 ,,,,,,,,,,yuu,,90,,,,,　校舎を眺めていた悠が、こちらを振り返る。
136600 ,,,,,,,悠,悠,02yuu090_019.wav,yuu,,12,,,,,「……ダメかな？」
136700 ,,,,,,,優哉,優哉,,yuu,,12,,,,,「それを聞いた、空気のような主人公は……」
136800 ,,,,,,,悠,悠,02yuu090_020.wav,yuu,,4,,,,,「…………」
136900 ,,,,,,,悠,悠,02yuu090_021.wav,yuu,,90,,,,,「……強く強く悠のことを抱きしめた？」
137000 ,,,,,,,優哉,優哉,,yuu,,90,,,,,「ぺっ！　くだらねえこと言ってねえで帰るぞ」
137100 ,,,,,,,悠,悠,02yuu090_022.wav,yuu,,53,,,,,「ああーっ！　今のはウソでも頷くとこでしょーが！
　ほんっと、使えないよね。優哉は～っ」
137200 ,,,,,,,優哉,優哉,,yuu,,53,,,,,「お前のつまらん妄想に付き合ってられるか。
　ほら、行くぞっ」
137300 ,,,,,,,悠,悠,02yuu090_023.wav,yuu,,0,,,,,「だから底が浅いって言われんのよ、あんたは～っ！」
137500 ,,<!move_look>,,13100,,,,,,,,,,,,,　……恥ずかしくて言えるわけがなかった。
137600 ,,,,,,,,,,,,,,,,,　『それを聞いた、空気のような主人公は……』
137700 ,,,,,,,,,,,,,,,,,　『彼女がこの先も迷わぬよう、笑えるよう、』
137900 ,,,,9000,,,,,,,,,,,,,　『いつまでもそばにいる空気であり続けた……』
138200 ,,<!move_look>,,12200,,,優哉,優哉,,yuu,,0,,,,,「……ポエマーだな、俺」
138300 ,,,,,,,悠,悠,02yuu090_024.wav,yuu,,0,,,,,「ん？　何ひとりでボソボソ言ってんの？」
138400 ,,,,,,,優哉,優哉,,yuu,,0,,,,,「なんでもねえよ。
　しかし、これでやっと部長のお＜守＝も＞りも終了かぁ～」
138500 ,,,,,,,悠,悠,02yuu090_025.wav,yuu,,5,,,,,「あんた、何もしてないでしょーが。
　ついさっきまで空気みたいな存在だったくせに……」
138600 ,,,,,,,優哉,優哉,,yuu,,5,,,,,「お前と一緒にいると精神的に疲れるんだよ。
　夜、白い壁に無数の虫が見えるぐらいな」
138700 ,,,,,,,悠,悠,02yuu090_026.wav,yuu,,0,,,,,「でも空気ってよくない？　優哉のあだ名」
138800 ,,,,,,,優哉,優哉,,yuu,,0,,,,,「それは全力で否定させていただく」
138900 ,,,,,,,優哉,優哉,,yuu,,0,,,,,「どっちかといえば、恋鳥の方が空気だろ。
　キャラ的に」
139000 ,,,,,,,悠,悠,02yuu090_027.wav,yuu,,90,,,,,「ふむぅ……じゃあ、私は？」
139100 ,,,,,,,優哉,優哉,,yuu,,90,,,,,「お前は、ハリケーンとかトルネードみたいな
　自然災害系しか思い浮かばない」
139200 ,,,,,,,悠,悠,02yuu090_028.wav,yuu,,5,,,,,「そんなのやーよ。もっとかわいいあだ名にしてっ」
139300 ,,,,,,,優哉,優哉,,yuu,,5,,,,,「人に空気なんてあだ名つけておいて、どんだけ傲慢
　なんだ、お前は……」
139400 ,,,,,,,悠,悠,02yuu090_029.wav,yuu,,1,,,,,「ねえねえ、萌えとかどう？　萌え」
139500 ,,,,,,,優哉,優哉,,yuu,,1,,,,,「キモッ！」
139600 ,,,,,,,悠,悠,02yuu090_030.wav,yuu,,3,,,,,「なんでよーっ！　結構よくない？」
139700 ,,,,,,,悠,悠,02yuu090_031.wav,yuu,,0,,,,,「おい、萌え！　とか言われんの」
139800 ,,,,,,,優哉,優哉,,yuu,,0,,,,,「つーか、お前はただ男たちから萌え萌え言われたい
　だけだろうに」
139900 ,,,,,,,悠,悠,02yuu090_032.wav,yuu,,1,,,,,「んじゃ、萌えで決定ね♪」
140000 ,,,,,,,優哉,優哉,,yuu,,1,,,,,「じゃあな、トルネード」
140100 ,,,,,,,悠,悠,02yuu090_033.wav,yuu,,53,,,,,「萌えだって言ってんだろうがーーーっ！」
140200 ,,,,,,,優哉,優哉,,yuu,,53,,,,,「文句あるなら、空気をなんとかしろっ！！」
140300 ,,,,,,,,,,yuu,,53,,,,,　街中で声を張り上げてる俺たちも、相当救いようが
　ない。
140400 ,,,,,,,悠,悠,02yuu090_034.wav,yuu,,0,,,,,「はあ……アホらしっ。帰ろっ」
140500 ,,,,,,,優哉,優哉,,yuu,,0,,,,,「ちゃんと考えておけよ。恋鳥を説得する方法」
140600 ,,,,,,,悠,悠,02yuu090_035.wav,yuu,,0,,,,,「そっちもね。底が浅い男だし期待はしてないけど」
140700 ,,,,,,,,,,,,,,,,,　同時に背を向け、別れの挨拶もなく歩き始める。
140800 ,,,,,,,,,,,,,,,,,　まさか温泉部が、こんなにも殺伐として、争いの
　絶えない部活だったとは……。
140900 ,,,,,,,悠,悠,02yuu090_036.wav,,,,,,,,「……んでもさ」
141000 ,,,,,,,優哉,優哉,,,,,,,,,「あん？」
141100 ,,,,,,,,,,,,,,,,,　背後から聞こえてくる声。
141200 ,,,,,,,悠,悠,02yuu090_037.wav,,,,,,,,「私らって、空気がないと生きられないんよね」
141300 ,,,,,,,優哉,優哉,,yuu,,90,,,,,「…………」
141400 ,,,,,,,悠,悠,02yuu090_038.wav,yuu,,1,,,,,「……んじゃっ、また明日ね！」
141500 ,,,,,,,,,,,,,,,,,　後ろを振り返ると、悠は普段の学校での勢いそのまま
　に人混みの中へ消えていった。
141600 ,,,,,,,,,,,,,,,,,　最後の最後で侮れない温泉部。
141700 ,,,,,,,,,,,,,,,,,　よく分からないが、一本とられた気分だ。
141800 ,,,,,,,優哉,優哉,,,,,,,,,「……一度ぐらい、萌えって呼んでやればよかったか
　な」
141900 ,,,,,,,優哉,優哉,,,,,,,,,「…………」
142000 ,,,,,,,優哉,優哉,,,,,,,,,「いや、それはダメだろ」
142100 ,,,,,,,,,,,,,,,,,　人混みに消えた悠に背中を向け、俺も歩き始める。
142200 ,,,,,,,,,,,,,,,,,　恐らく、世界中の≪おっきいお兄ちゃん≫たちは賛同して
　くれることだろう。
142300 ,,,,,,,,,,,,,,,,,　男は……『萌え』がないと生きられない――。
142390 ,,<!Lend_day_change>,0,9000,,,,,,,,,,,,,
142399 ,,<!ec_yuu_uni>,,,,,,,,,,,,,,,
142600 ,@100,,,,,,,,,,,,,,,,
142900 ,,<!Lbegin_day_change>,7,4500,,,,,,,,,,,,,　翌朝。
143000 ,,,,,,,,,,,,,,,,,　俺は宿題を忘れた子供のように恋鳥を説得する方法を
　考えていた。
143100 ,,,,,,,,,,,,,,,,,　とはいえ、普通に話すらできない状態で説得も何も
　ないのだが。
143200 ,,,,,,,愛歌,愛歌,01man100_001.wav,"manaka,uniform",,3,,,,,「……優哉ちゃん、どうしたの？
　朝から元気ないけど……」
143300 ,,,,,,,優哉,優哉,,manaka,,3,,,,,「…………」
143400 ,,,,,,,愛歌,愛歌,01man100_002.wav,manaka,,6,,,,,「な、何？　そんなに人の顔をじっと見て……」
143500 ,,,,,,,優哉,優哉,,manaka,,6,,,,,「よし。お前、今日から無口系キャラな」
143600 ,,,,,,,愛歌,愛歌,01man100_003.wav,manaka,,2,,,,,「ええっ！？
　無口系キャラって……何すればいいの？」
143700 ,,,,,,,優哉,優哉,,manaka,,90,,,,,「いっつも無愛想な顔して、たまに口を開けば俺を
　罵倒をする。そんなキャラ」
143800 ,,,,,,,,,,manaka,,90,,,,,　恋鳥のイメージも散々だ。
143900 ,,,,,,,愛歌,愛歌,01man100_004.wav,manaka,,15,,,,,「優哉ちゃんを罵倒するなんて無理だよぉ」
144000 ,,,,,,,優哉,優哉,,manaka,,15,,,,,「一部のマニアには堪らないものなんだよ。
　幼なじみに罵倒されるっていうのは」
144100 ,,,,,,,大和,大和,08yam100_001.wav,manaka,,0,"yamato,uniform",,1,,「あー、それ分かる。いいよなあ、幼なじみに冷たく
　罵倒されるのって……」
144200 ,,,,,,,優哉,優哉,,manaka,,0,yamato,,1,,「ばーか、ばーか！　死ねッ！」
144300 ,,,,,,,大和,大和,08yam100_002.wav,manaka,,0,yamato,,53,,「おいおい、いきなりそりゃないだろ。
　今月のお小遣いあげないぜ？」
144400 ,,,,,,,,,,manaka,,0,yamato,,53,,　すっかり大和も、金で人の心を買う薄汚れたキャラが
　板についてきた。
144500 ,,,,,,,優哉,優哉,,manaka,,0,,,,,「とまあ、このように一部のマニアには堪らないもの
　なんだ。罵倒されるというのは」
144600 ,,,,,,,愛歌,愛歌,01man100_005.wav,manaka,,3,,,,,「あんまり……喜んでるようには見えないけど」
144700 ,,,,,,,優哉,優哉,,manaka,,3,,,,,「いいから喋んな。んで、もっと無愛想な顔をしろ」
144800 ,,,,,,,愛歌,愛歌,01man100_006.wav,manaka,,90,,,,,「あ、はいっ」
144900 ,,,,,,,,,,manaka,,90,,,,,　小さく頷いて、表情を引き締める愛歌。
145000 ,,,,,,,,,,manaka,,4,,,,,　胸の前で両手を握り、なぜか頬をぷぅと膨らませる。
145100 ,,,,,,,,,,manaka,,4,,,,,　一応、本人はそれで無愛想を演じているつもりらしい
　が……。
145200 ,,,,,,,大和,大和,08yam100_003.wav,,,,yamato,,0,,「……優哉。お前、秋里とケンカしたことある？」
145300 ,,,,,,,優哉,優哉,,,,,yamato,,0,,「ない」
145400 ,,,,,,,大和,大和,08yam100_004.wav,,,,yamato,,0,,「だろうなあ……」
145500 ,,,,,,,,,,,,,yamato,,0,,　大和はしみじみ頷いている。
145600 ,,,,,,,優哉,優哉,,,,,yamato,,0,,「基本的に迫力が足りないんだよな、
　愛歌が怒った顔をしても」
145700 ,,,,,,,大和,大和,08yam100_005.wav,,,,yamato,,5,,「ぷぅ」
145800 ,,,,,,,,,,,,,yamato,,5,,　続けて大和が頬を膨らませて上目遣いをしてきた。
145900 ,,,,,,,,,,,,,yamato,,5,,　殺意が湧いただけだった。
146000 ,,,,,,,愛歌,愛歌,01man100_007.wav,manaka,,3,,,,,「……優哉ちゃん、まだ無愛想でいないとダメ？」
146100 ,,,,,,,,,,manaka,,3,,,,,　こいつはつくづく、無愛想キャラに向いてない。
146200 ,,,,,,,大和,大和,08yam100_006.wav,,,,yamato,,5,,「優哉ちゃん、俺は……」
146300 ,,,,,,,優哉,優哉,,,,,yamato,,5,,「お前はずっと無愛想キャラでいいよ」
146400 ,,,,,,,大和,大和,08yam100_007.wav,,,,yamato,,5,,「ぷぅぅっ」
146500 ,,,,,,,,,,,,,yamato,,5,,　念願の≪キャラ立て≫が成功して大和も満足そうだ。
146600 ,,,,,,,,,,,,,,,,,　なんてことを思っていると。
146700 ,,,,,,,悠,悠,02yuu100_001.wav,,,,,,,,「どいてどいてどいてどいて～！」
146800 ,,,,,,,,,,,,,,,,,　廊下から、同じく無愛想キャラに向いていない
　自称・萌えの声が聞こえてきた。
146900 ,,,,,,,,,,,,,,,,,　どうやってあれに萌えろってんだ……。
147000 ,,,,,,,悠,悠,02yuu100_002.wav,"yuu,uniform",,0,,,,,「はあはあ、優哉いる～？」
147100 ,,,,,,,優哉,優哉,,yuu,,0,,,,,「よぅ、地球温暖化」
147200 ,,,,,,,悠,悠,02yuu100_003.wav,yuu,,2,,,,,「はあ？　あによ、その地球温暖化って……」
147300 ,,,,,,,優哉,優哉,,yuu,,2,,,,,「お前のあだ名。よかったな、地球規模になって」
147400 ,,,,,,,悠,悠,02yuu100_004.wav,yuu,,53,,,,,「にゃにぃぃ～っ！？　あだ名はもっとかわいいのに
　しろって言ってんだろぉっ！」
147500 ,,,,,,,優哉,優哉,,yuu,,53,,,,,「お前のテンションは朝きっついんだよ。
　５ｍぐらい離れて話せ」
147600 ,,,,,,,悠,悠,02yuu100_005.wav,yuu,,0,,,,,「あんたさ、私を誰だと思ってんの？」
147700 ,,,,,,,優哉,優哉,,yuu,,0,,,,,「だから地球温暖化だろ？
　二酸化炭素吐き過ぎなんだって、お前は」
147800 ,,,,,,,悠,悠,02yuu100_006.wav,yuu,,2,,,,,「私は温泉部部長だろぉぉぉっ！」
147900 ,,,,,,,,,,yuu,,2,,,,,　俺の胸元を掴んで、ガクガクと揺すぶってくる。
148000 ,,,,,,,,,,yuu,,2,,,,,　あぁ、またオゾン層の破壊が……。
148100 ,,,,,,,悠,悠,02yuu100_007.wav,yuu,,0,,,,,「温泉部＜部則＝ぶそく＞その１！
　部員は部長の命令には絶対服従！」
148200 ,,,,,,,優哉,優哉,,yuu,,0,,,,,「はあ？　そんなの聞いてねえよ」
148300 ,,,,,,,悠,悠,02yuu100_008.wav,yuu,,17,,,,,「優哉、肩揉め」
148400 ,,,,,,,優哉,優哉,,yuu,,17,,,,,「手が滑って乳揉んでもいいんならな」
148500 ,,,,,,,悠,悠,02yuu100_009.wav,yuu,,5,,,,,「あんたって、もしかしてムッツリスケベ？」
148600 ,,,,,,,優哉,優哉,,yuu,,5,,,,,「どこかだよ。俺は堂々とスケベだ。
　なあ、愛歌？」
148700 ,,,,,,,愛歌,愛歌,01man100_008.wav,yuu,,5,manaka,,15,,「えっ？　いきなり私に振られても……」
148800 ,,,,,,,,,,yuu,,5,manaka,,15,,　途中、大和が話を振ってほしそうに上目遣いで見て
　いたが、放っておいた。
148900 ,,,,,,,,,,yuu,,5,manaka,,15,,　がんばれ、無愛想キャラ。
149000 ,,,,,,,優哉,優哉,,yuu,,5,manaka,,0,,「んで、朝からどうしたんだよ。うちのクラスにきて」
149100 ,,,,,,,悠,悠,02yuu100_010.wav,yuu,,0,manaka,,0,,「あ、そうそう！　あんたに私の携帯の番号、教えて
　おこうと思って」
149200 ,,,,,,,,,,yuu,,0,manaka,,0,,　悠は制服のポケットからピンク色のメモを取り出す。
149300 ,,,,,,,,,,yuu,,0,manaka,,0,,　それを一方的に握らされた。
149400 ,,,,,,,優哉,優哉,,yuu,,0,manaka,,0,,「携帯の番号ねえ……えっと、０８０の……」
149500 ,,,,,,,悠,悠,02yuu100_011.wav,yuu,,2,manaka,,0,,「ぎゃあああっ！？
　あんた、何しでかそうとしてんのよっ！」
149600 ,,,,,,,優哉,優哉,,yuu,,2,manaka,,0,,「ん？　いいじゃねえか。男たちから萌え萌え電話が
　かかってくるかもしれないぜ？」
149700 ,,,,,,,悠,悠,02yuu100_012.wav,yuu,,0,manaka,,0,,「誰もそんなの期待してないわよっ。
　変なことに使わないでよね。男では、あんたにしか
　携帯の番号教えてないんだから」
149800 ,,,,,,,愛歌,愛歌,01man100_009.wav,yuu,,0,manaka,,42,,「…………」
149900 ,,,,,,,優哉,優哉,,yuu,,0,manaka,,42,,「しかし、なんでまた携帯の番号なんか？
　お前、もしかして俺に惚れ……」
150000 ,,,,,,,悠,悠,02yuu100_013.wav,yuu,,53,manaka,,42,,「惚れてるわけないでしょーが！」
150100 ,,,,,,,優哉,優哉,,yuu,,53,manaka,,42,,「うわ、ムキになった」
150200 ,,,,,,,悠,悠,02yuu100_014.wav,yuu,,0,manaka,,42,,「あんたねえ……私はただ、温泉部の部員とこまめに
　連絡がとれるようにしたかっただけ」
150300 ,,,,,,,悠,悠,02yuu100_015.wav,yuu,,0,manaka,,42,,「ちゃんと登録しておいてよ、その番号」
150400 ,,,,,,,優哉,優哉,,yuu,,0,manaka,,42,,「あいよ。登録名はあだ名でいいか？」
150500 ,,,,,,,悠,悠,02yuu100_016.wav,yuu,,1,manaka,,42,,「萌えだからね、萌え」
150600 ,,,,,,,優哉,優哉,,yuu,,1,manaka,,42,,「そんなヤツから着信きたら速攻で拒否するわっ」
150700 ,,,,,,,悠,悠,02yuu100_017.wav,yuu,,0,manaka,,42,,「あ……そうだ、あんたの番号も教えてよ。
　こっちから連絡とることもあるだろうし」
150800 ,,,,,,,優哉,優哉,,yuu,,0,manaka,,42,,「秘密♪」
150900 ,,,,,,,悠,悠,02yuu100_018.wav,yuu,,0,manaka,,42,,「もったいつけないで教えなさいってば！」
151000 ,,,,,,,優哉,優哉,,yuu,,0,manaka,,42,,「俺からお前にかければ番号なんて分かんだろ？
　それまで枕を涙で濡らしながら待ってろ」
151100 ,,,,,,,悠,悠,02yuu100_019.wav,yuu,,2,manaka,,42,,「だからどうして私がっ……」
151200 ,,,,,,,愛歌,愛歌,01man100_010.wav,yuu,,2,manaka,,42,,「……ねえ。優哉ちゃん、温泉部に入ったの？」
151300 ,,,,,,,大和,大和,08yam100_008.wav,,,,yamato,,0,,「ああ、俺もそれ気になってた。
　お前、温泉部には入らないって言ってたよな？」
151400 ,,,,,,,優哉,優哉,,,,,yamato,,0,,「随分、饒舌になったな。無口系キャラ」
151500 ,,,,,,,大和,大和,08yam100_009.wav,,,,yamato,,1,,「俺はやっぱ、爽やかイケメン系キャラでいくわ。
　無口系は無理」
151600 ,,,,,,,,,,,,,yamato,,1,,　爽やかイケメン系も普通に無理だろ。
151700 ,,,,,,,悠,悠,02yuu100_020.wav,yuu,,0,yamato,,1,,「ありゃりゃ、まだみんなに話してなかったの？」
151800 ,,,,,,,優哉,優哉,,yuu,,0,yamato,,1,,「そんなこっぱずかしいこと話せるか。
　自分が温泉部に入ったなんて……」
151900 ,,,,,,,悠,悠,02yuu100_021.wav,yuu,,2,yamato,,1,,「あんでよ！　もっと胸張りなさいよ！」
152000 ,,,,,,,大和,大和,08yam100_010.wav,yuu,,2,yamato,,1,,「優哉、お前も物好きだよな。温泉部に入部とか……」
152100 ,,,,,,,優哉,優哉,,yuu,,2,yamato,,1,,「だろ？　世間一般ではそういう認識なんだって。
　温泉部の部長なんて恥辱の極みだな」
152200 ,,,,,,,,,,yuu,,2,yamato,,1,,　生物部にとやかく言われるのもかなりの恥辱だが。
152300 ,,,,,,,愛歌,愛歌,01man100_011.wav,yuu,,2,manaka,,42,,「……そうなんだ。優哉ちゃん、温泉部に……」
152400 ,,,,,,,悠,悠,02yuu100_022.wav,yuu,,90,manaka,,42,,「ん。どったの、愛歌？　なんか暗いけど……」
152500 ,,,,,,,愛歌,愛歌,01man100_012.wav,yuu,,90,manaka,,0,,「あ、ううん。なんでもないよっ。
　温泉部って楽しそうだよねっ」
152600 ,,,,,,,,,,yuu,,4,manaka,,0,,　ついでに愛歌のことも誘おうかと思ったが、悠の
　目配せに気付いて思いとどまった。
152700 ,,,,,,,,,,yuu,,4,manaka,,0,,　そうか。新しい部員集めは、恋鳥の問題をなんとか
　してからだったな……。
152800 ,,,,,,,悠,悠,02yuu100_023.wav,yuu,,1,manaka,,0,,「んじゃ、用はそれだけだから。
　あ、そうそう。それと今日は部活お休みね？」
152900 ,,,,,,,優哉,優哉,,yuu,,1,manaka,,0,,「なんだよ。入部早々、いきなりかあ？」
153000 ,,,,,,,悠,悠,02yuu100_024.wav,yuu,,1,manaka,,0,,「私も色々と忙しいのよっ。そんじゃね！」
153100 ,,,,,,,優哉,優哉,,yuu,,1,manaka,,0,,「おう」
153200 ,,,,,,,愛歌,愛歌,01man100_013.wav,yuu,,1,manaka,,0,,「またね、悠」
153300 ,,,,,,,,,,,,,,,,,　俺は受け取った携帯番号のメモをポケットに突っこ
　んで、駆け出す悠を見送った。
153390 ,,<!Lend_scene_change>,0,9000,,,,,,,,,,,,,
153399 ,,<!ec_manaka_uni>,,,,,,,,,,,,,,,
153600 ,@110,,,,,,,,,,,,,,,,
153890 ,,<hide><!se_rain_h_int>,,,,,,,,,,,,,,,
153900 ,,<!Lbegin_scene_change>,8,4304,,,優哉,優哉,,,,,,,,,「雨……か」
154000 ,,,,,,,,,,,,,,,,,　昼を過ぎてから空の様子が一変。
154100 ,,,,,,,,,,,,,,,,,　外はどしゃ降りに近い悪天候となっていた。
154200 ,,,,,,,優哉,優哉,,,,,,,,,「こりゃあ、＜止＝や＞みそうにねえかな……」
154300 ,,,,,,,,,,,,,,,,,　人影のない廊下を歩きながら、窓の外の風景に
　溜め息を送る。
154400 ,,,,,,,,,,,,,,,,,　一応、傘は持ってきていたが、憂鬱なことには
　変わりない。
154700 ,,<!move_veryshort><!se_bushitsu_open>,,4404,,,優哉,優哉,,,,,,,,,「……いるわけねえか」
154800 ,,,,,,,,,,,,,,,,,　温泉部は休みの日。
154900 ,,,,,,,,,,,,,,,,,　それは朝、悠の口から聞いていたことだった。
155000 ,,,,,,,,,,,,,,,,,　いつもは恋鳥が使っている奥のパソコンも、今は
　電源が落とされて部室の静けさに一役買っている。
155100 ,,,,,,,,,,,,,,,,,　あれから色々考えてみたが、恋鳥を説得させる
　具体的な方法は思いつかなかった。
155400 ,,,,,4402,#mono,,,,,,,,,,,　あいつは笑ったりしないんだろうか？
155500 ,,,,,4402,#mono,,,,,,,,,,,　悠と二人の時は笑っているんだろうか？
155600 ,,,,,4402,#mono,,,,,,,,,,,　恋鳥の冷めた眼差しを思い出しながら、
　そんなことを考えていた。
155700 ,,,,,4402,#mono,,,,,,,,,,,　あいつが俺を嫌っているのは分かっている。
155800 ,,,,,4402,#mono,,,,,,,,,,,　俺も、好きか嫌いかで言ったらあいつが嫌いだ。
155900 ,,,,,4402,#mono,,,,,,,,,,,　でも……。
156100 ,,,,,,,,,,,,,,,,,　ほんの少し。
156200 ,,,,,,,,,,,,,,,,,　あいつの笑うところを見てみたいとも思った。
156300 ,,,,,,,,,,,,,,,,,　愛歌や悠のように。
156400 ,,,,,,,,,,,,,,,,,　千紗や陽向のように。
156500 ,,,,,,,,,,,,,,,,,　……外の雨は、さらに激しさを増していた。
156700 ,,<!move_veryshort>,,4304,,,優哉,優哉,,,,,,,,,「しょうがねえ、帰るか……」
156800 ,,,,,,,,,,,,,,,,,　小雨になるのを待ってみたが、雨足が弱まる気配は
　なかった。
156900 ,,,,,,,,,,,,,,,,,　こんな天気だからか、校舎にもほとんど生徒は残っ
　ていない。
157000 ,,,,,,,,,,,,,,,,,　俺は鞄に入れていた折りたたみの傘を取り出し、
　憂鬱な気分を引きずったまま昇降口を目指した。
157200 ,,,,9000,,,,,,,,,,,,,　使い慣れた下駄箱に上履きを放りこみ、小走りで
　表へ出る。
157300 ,,<!se_rain_h_ext>,,,,,,,,,,,,,,,　外は予想通りの大雨だった。
157700 ,,,0,,400411,,恋鳥,恋鳥,04kot110_001.wav,,,,,,,,「…………」
157800 ,,,,,400411,,,,,,,,,,,,　俺は、折りたたみ傘を開く途中で固まっていた。
157900 ,,,,,400411,,,,,,,,,,,,　こちらに気付いていないんだろうか？
158000 ,,,,,400411,,,,,,,,,,,,　恋鳥は何かを＜憂＝うれ＞うように、雨の打ちつける地面を
　見つめていた。
158100 ,,,,,400411,,,,,,,,,,,,　部室でパソコンと向かい合っているときとは
　違う表情。
158200 ,,,,,400411,,,,,,,,,,,,　その横顔が、少し寂しそうだった。
158300 ,,,,,400411,,優哉,優哉,,,,,,,,,「あー……おっす」
158500 ,,,,,400412,,恋鳥,恋鳥,04kot110_002.wav,,,,,,,,「…………」
158600 ,,,,,400412,,,,,,,,,,,,　小さく肩を震わせ、恋鳥は視線だけをこちらに
　向ける。
158700 ,,,,,400412,,,,,,,,,,,,　言葉はなくても、明らかに落胆しているのが
　分かった。
158800 ,,,,,400412,,優哉,優哉,,,,,,,,,「傘、持ってないのか？」
159000 ,,,,,400411,,,,,,,,,,,,　聞くと、恋鳥は再び視線を戻す。
159100 ,,,,,400411,,,,,,,,,,,,　見つめた先の大きな水たまりには、絶えず大小の
　波紋が広がっていた。
159200 ,,,,,400411,,優哉,優哉,,,,,,,,,「一応、部室に行ったんだけどさ。
　今日って部活、休みだったんだよな」
159400 ,,,,,400411,,恋鳥,恋鳥,04kot110_003.wav,,,,,,,,「…………」
159500 ,,,,,400411,,優哉,優哉,,,,,,,,,「あのさ！　俺……お前と初めて会ったとき、かなり
　失礼だったっていうか……」
159600 ,,,,,400411,,優哉,優哉,,,,,,,,,「そのことで恋鳥が怒ってるならあやまるよ」
159700 ,,,,,400411,,優哉,優哉,,,,,,,,,「だから俺のこと、温泉部の部員として……」
159800 ,,,,,400411,,,,,,,,,,,,　聞こえてないふり……なんだろうな。
159900 ,,,,,400411,,,,,,,,,,,,　言葉を換えれば、無視とも言うが……。
160000 ,,,,,400411,,優哉,優哉,,,,,,,,,「あ……もっと下がった方がいいぜ。
　雨、吹きつけてきたから……」
160200 ,,,,,400412,,,,,,,,,,,,　思わず恋鳥の腕を引くと、掴んだ手を振り払われる。
160300 ,,,,,400412,,恋鳥,恋鳥,04kot110_004.wav,,,,,,,,「……恋鳥に触るな」
160400 ,,,,,400412,,優哉,優哉,,,,,,,,,「わ、悪い。怒らせるつもりはなかったんだが……」
160500 ,,<se_loop id=""2"" file=""rain_h_ext.wav"" fadein=""400"" fadeout=""800"" vol=""-500"">,13,,400412,,,,,,,,,,,,　掴んだ手首が、思いのほか細くて驚いた。
160600 ,,,,,400412,,,,,,,,,,,,　身長も俺の胸ぐらいまでしかない。
160700 ,,,,,400412,,,,,,,,,,,,　確かにこれだけ身長差のある男に腕を掴まれたら、
　普通は怖いよな……。
160900 ,,,,,400411,,恋鳥,恋鳥,04kot110_005.wav,,,,,,,,「……帰らないのか？」
161000 ,,,,,400411,,,,,,,,,,,,　恋鳥は手首をさすりながら言う。
161100 ,,,,,400411,,優哉,優哉,,,,,,,,,「ああ、帰るけど……もし傘持ってないなら、
　一緒に入ってくか？」
161200 ,,,,,400411,,恋鳥,恋鳥,04kot110_006.wav,,,,,,,,「……そうやって悠のこともたぶらかしたのか」
161300 ,,,,,400411,,優哉,優哉,,,,,,,,,「俺はそんなつもりで言ったわけじゃ……」
161400 ,,,,,400411,,恋鳥,恋鳥,04kot110_007.wav,,,,,,,,「…………」
161500 ,,,,,400411,,優哉,優哉,,,,,,,,,「一緒に入るのが嫌だったら、これ差してけよ」
161600 ,,,,,400411,,,,,,,,,,,,　昨日、握手を望んだように。
161700 ,,,,,400411,,,,,,,,,,,,　骨組みを戻した傘を恋鳥に差し出す。
161800 ,,,,,400411,,恋鳥,恋鳥,04kot110_008.wav,,,,,,,,「……恋鳥は、悠とは違う」
161900 ,,,,,400411,,優哉,優哉,,,,,,,,,「同じだと思ったこともねえよ」
162000 ,,,,,400411,,恋鳥,恋鳥,04kot110_009.wav,,,,,,,,「…………」
162100 ,,,,,400411,,優哉,優哉,,,,,,,,,「あー、もう。濡れるって言ってんだろうが」
162300 ,,,,,400411,,,,,,,,,,,,　我慢できず、吹きつけていた雨を傘で受け止める。
162400 ,,,,,400411,,,,,,,,,,,,　身体は近づけず、腕だけを伸ばして、開いた傘を
　突き出していた。
162500 ,,,,,400411,,優哉,優哉,,,,,,,,,「ほら、髪も濡れちまってるぜ？」
162700 ,,,,,400411,,,,,,,,,,,,　パシッ！
162800 ,,,,,400411,,,,,,,,,,,,　差し出したハンカチは、手が痺れるほどに強く
　払われた。
163000 ,,,,,400411,,恋鳥,恋鳥,04kot110_010.wav,,,,,,,,「お前の手は借りない」
163100 ,,,,,400411,,優哉,優哉,,,,,,,,,「……そっか。分かったよ」
163200 ,,,,,400411,,,,,,,,,,,,　恋鳥が一歩後ろに下がったのを確かめ、傘を自分の
　頭上に戻す。
163300 ,,,,,400411,,優哉,優哉,,,,,,,,,「待ってたって、雨は＜止＝や＞まねえぜ？」
163400 ,,,,,400411,,恋鳥,恋鳥,04kot110_011.wav,,,,,,,,「…………」
163500 ,,,,,400411,,優哉,優哉,,,,,,,,,「ほんとにひとりで帰っちまうからな？
　これが最後のチャンスだぜ？」
163600 ,,,,,400411,,恋鳥,恋鳥,04kot110_012.wav,,,,,,,,「……恋鳥は認めない」
163700 ,,,,,400411,,恋鳥,恋鳥,04kot110_013.wav,,,,,,,,「お前を部員とは」
163800 ,,,,,400411,,優哉,優哉,,,,,,,,,「……そうかよ」
163900 ,,,,,400411,,,,,,,,,,,,　自分を抑えようと必死だった。
164000 ,,,,,400411,,,,,,,,,,,,　でも溢れ出した感情は、傘を打つ雨と同じように
　止め処なく――。
164100 ,,,,,400411,,優哉,優哉,,,,,,,,,「そうかよ！」
164300 ,,,,,400412,,,,,,,,,,,,　癇癪を起こした子供のように叫び、俺は雨の中へと
　駆けだした。
164500 ,,<!move_short_r>,,12204,,,,,,,,,,,,,　途中から傘を差すのも面倒になっていた。
164600 ,,,,,,,,,,,,,,,,,　結局、恋鳥と分かり合うことなんてできなかった。
164700 ,,,,,,,,,,,,,,,,,　恐らく、この先もずっと……。
164800 ,,,,,,,優哉,優哉,,,,,,,,,「もう知るか、あんなヤツ」
164900 ,,,,,,,,,,,,,,,,,　悠には悪いが、温泉部でやっていけるわけがない。
165000 ,,,,,,,,,,,,,,,,,　いくら俺が歩み寄ったところで、恋鳥は……。
165200 ,,<!scene_past_begin>,0,9000,400411,#sep,,,,,,,,,,,　……足を止めると、昇降口にいたあいつの姿が
　鮮明に思い浮かぶ。
165300 ,,,,,400411,#sep,,,,,,,,,,,　あのまま、ずっと雨が止むのを待っているんだろう
　か？
165400 ,,,,,400411,#sep,,,,,,,,,,,　それとも走り出して、びしょ濡れになってこの雨の
　中を帰るんだろうか？
165500 ,,,,,400411,#sep,,,,,,,,,,,　…………。
165700 ,,<!scene_past_end>,,12204,,,優哉,優哉,,,,,,,,,「くそっ。風邪ひいたら、温泉に入れないだろうがっ」
165800 ,,,,,,,,,,,,,,,,,　これまで歩いてきた道を全力で引き返す。
165900 ,,,,,,,,,,,,,,,,,　邪魔な傘をたたみ、向かい風の中を疾走する。
166100 ,,<!move_normal>,,4104,,,優哉,優哉,,,,,,,,,「はあはあはあ……恋鳥っ！」
166200 ,,,,,,,,,,,,,,,,,　必死に昇降口で恋鳥の姿を探した。
166300 ,,,,,,,,,,,,,,,,,　いない。
166400 ,,,,,,,,,,,,,,,,,　中にもいない。
166500 ,,,,,,,,,,,,,,,,,　まさか、こんなどしゃ降りの中を傘も差さずに帰っ
　たのか？
166600 ,,,,,,,,,,,,,,,,,　校門まで引き返して辺りを見渡してみても、
　やはり恋鳥の姿は見当たらなかった。
166700 ,,,,,,,優哉,優哉,,,,,,,,,「まだそんなに遠くまでは行ってないはずだが……」
166800 ,,,,,,,,,,,,,,,,,　自分でもバカだと思う。
166900 ,,,,,,,,,,,,,,,,,　友達と一緒に帰ったのかもしれないし、
　誰かが迎えにきて車で帰ったのかもしれない。
167000 ,,,,,,,,,,,,,,,,,　それでも放っておけなかった。
167100 ,,,,,,,,,,,,,,,,,　時折、恋鳥が見せる寂しげな表情……。
167300 ,,<se_stop id=""2"" fadeout=""6000"">,,,400411,#sep,,,,,,,,,,,　あいつの眼差しが、なぜか俺を強く惹きつけていた。
167380 ,,,,,400411,#sep,,,,,,,,,,,
167390 ,,<hide><s_fade wa time=""1400"" param=""file=af/a007.af&range=-200&trans=0"">,,9000,,,,,,,,,,,,,
167399 ,,<!ec_kotori_uni>,,,,,,,,,,,,,,,
167600 ,@120,,,,,,,,,,,,,,,,
167990 ,,<hide><se_loop id=""2"" file=""rain_h_ext.wav"" fadein=""2000"" fadeout=""2000"" vol=""-500"">,,,,,,,,,,,,,,,
168000 ,,<!Lbegin_move>,10,12204,,,悠,悠,|scenario.g2/02yuu120_001.wav,,,,,,,,「はい、もしも～し？」
168100 ,,,,,,,優哉,優哉,,,,,,,,,「あ、悠か？　俺……優哉だけど」
168200 ,,,,,,,悠,悠,02yuu120_002.wav,,,,,,,,「あっれ～？
　どったの、いきなり電話でプロポーズ？」
168300 ,,,,,,,優哉,優哉,,,,,,,,,「今はお前のアホに付き合う心境じゃねえんだよ」
168400 ,,,,,,,,,,,,,,,,,　闇雲に探すのも無駄だと気づき、悠に恋鳥の家の
　場所を聞くことにした。
168500 ,,,,,,,,,,,,,,,,,　まさかこんなに早く、悠の携帯に電話することに
　なるとは思わなかったが……。
168600 ,,,,,,,悠,悠,02yuu120_003.wav,,,,,,,,「んで、何？　今、外からかけてんの？」
168700 ,,,,,,,優哉,優哉,,,,,,,,,「ああ、お前に聞きたいことがあってさ。
　時間、平気か？」
168800 ,,,,,,,悠,悠,02yuu120_004.wav,,,,,,,,「うん、私はかまわないけど……」
168900 ,,,,,,,優哉,優哉,,,,,,,,,「へっくし！」
169000 ,,,,,,,悠,悠,02yuu120_005.wav,,,,,,,,「……外、雨がすごいけど傘は差してんでしょ？」
169100 ,,,,,,,優哉,優哉,,,,,,,,,「いい女と電話で話すと濡れ濡れになっちまってな」
169200 ,,,,,,,,,,,,,,,,,　傘を持ったまま走るのは危なかったため、最初に
　昇降口へ戻ったときから既にたたんでいた。
169300 ,,,,,,,悠,悠,02yuu120_006.wav,,,,,,,,「まあ、あんたはバカだから平気だと思うけど、
　風邪ひかんようにしなよ？」
169400 ,,,,,,,優哉,優哉,,,,,,,,,「そんなことはどうでもいいんだって。
　それより恋鳥が……」
169500 ,,,,,,,悠,悠,02yuu120_007.wav,,,,,,,,「ふに？　恋鳥がどうかした？」
169600 ,,,,,,,優哉,優哉,,,,,,,,,「さっき、昇降口で見かけたんだけどさ。
　傘、持ってきてなかったみたいで……」
169700 ,,,,,,,悠,悠,02yuu120_008.wav,,,,,,,,「ほぉほぉ、んで？
　あいあい傘で帰っちゃったりした？」
169800 ,,,,,,,優哉,優哉,,,,,,,,,「……いや、お前の手は借りないって断られた」
169900 ,,,,,,,悠,悠,02yuu120_009.wav,,,,,,,,「あちゃー……あの子もほんと、意地っ張りよね」
170000 ,,,,,,,優哉,優哉,,,,,,,,,「意地っ張りっつーか、単純に俺が嫌われてるだけだと
　思うが……」
170100 ,,,,,,,悠,悠,02yuu120_010.wav,,,,,,,,「あー、それはないよ」
170200 ,,,,,,,優哉,優哉,,,,,,,,,「こんな時に慰めはいらねえよ。それよりお前、
　恋鳥がどこに住んでるか知ってるか？」
170300 ,,,,,,,悠,悠,02yuu120_011.wav,,,,,,,,「ん、恋鳥のアパート？
　知ってるけど、優哉の家とは川を挟んで反対側よ？」
170400 ,,,,,,,優哉,優哉,,,,,,,,,「そっか。
　ちょっと詳しい場所、教えてくんねえかな？」
170500 ,,,,,,,悠,悠,02yuu120_012.wav,,,,,,,,「それはいいけど……恋鳥のアパートへ行くつもり？」
170600 ,,,,,,,優哉,優哉,,,,,,,,,「さっき、昇降口に戻ったらいなかったからさ。
　傘も差さずに帰ったのかと思って心配なんだ」
170700 ,,,,,,,優哉,優哉,,,,,,,,,「あいつ、背も低いし、身体も弱そうだろ？」
170800 ,,,,,,,悠,悠,02yuu120_013.wav,,,,,,,,「ごほっごほごっ、あだぢもカラダのよわい……」
170900 ,,,,,,,優哉,優哉,,,,,,,,,「さっさと、お・し・え・ろ！」
171000 ,,,,,,,悠,悠,02yuu120_014.wav,,,,,,,,「んじゃ、途中までこのまま電話でナビゲートするか
　ら。そこらの人工衛星よりもずっと正確よん♪」
171100 ,,,,,,,優哉,優哉,,,,,,,,,「ああ、頼むぜ」
171200 ,,,,,,,悠,悠,02yuu120_015.wav,,,,,,,,「そこを今すぐ左折して真っ直ぐ進んでください」
171300 ,,,,,,,優哉,優哉,,,,,,,,,「って、川だろうがっ！」
171500 ,,,,9000,,,,,,,,,,,,,　それから悠は俺の携帯の電話料金を無駄に吸い取り
　つつ、恋鳥のアパートまでナビしてくれた。
171600 ,,,,,,,優哉,優哉,,,,,,,,,「ここまでくれば平気だわ。サンキューな、悠」
171700 ,,,,,,,悠,悠,02yuu120_016.wav,,,,,,,,「うん。恋鳥に会ったらよろしく言っといて？」
171800 ,,,,,,,優哉,優哉,,,,,,,,,「おう、んじゃ」
171900 ,,,,,,,悠,悠,02yuu120_017.wav,,,,,,,,「あ、優哉！」
172000 ,,,,,,,優哉,優哉,,,,,,,,,「ん、どうした？」
172100 ,,,,,,,悠,悠,02yuu120_018.wav,,,,,,,,「また慰めって思われるかもしんないけど……」
172200 ,,,,,,,悠,悠,02yuu120_019.wav,,,,,,,,「恋鳥って、クラスでは男子と全然話さないんよ。
　多分、優哉が初めてかもね」
172300 ,,,,,,,優哉,優哉,,,,,,,,,「…………」
172500 ,,,,,,,悠,悠,02yuu120_020.wav,,,,,,,,「だからきっと恋鳥は……」
172600 ,,,,,,,優哉,優哉,,,,,,,,,「……切るぞ。電話代、もったいねーから」
172800 ,,<!se_keitai_pi>,,,,,,,,,,,,,,,　携帯の通話を切り、俺は恋鳥のアパートに続く狭い
　林道を駆けだした。
173000 ,,<!move_normal>,,7104,,,優哉,優哉,,,,,,,,,「はあはあはあ……ここか、恋鳥のアパートは……」
173100 ,,,,,,,,,,,,,,,,,　山の＜麓＝ふもと＞に近い、深い自然に囲まれた場所。
173200 ,,,,,,,,,,,,,,,,,　近代的とはいえない、どこか郷愁を誘う造りの
　アパートだった。
173300 ,,,,,,,,,,,,,,,,,　２階へと続く階段の雨うけからは、絶えず雨滴が
　滴り落ちている。
173400 ,,,,,,,,,,,,,,,,,　見たところ、そんなに一部屋が広いアパートでは
　なさそうだが……。
173500 ,,,,,,,優哉,優哉,,,,,,,,,「あ、部屋の位置も聞いておけばよかったな」
173600 ,,,,,,,,,,,,,,,,,　とりあえず、部屋の表札を見回ってみることにする。
173800 ,,,,,,,大家さん,？？？,16oya120_001.wav,,,,,,,,「……おや。こんな雨の中、どうなさいました？」
173900 ,,,,,,,優哉,優哉,,,,,,,,,「え……」
174000 ,,,,,,,,,,,,,,,,,　声のした方に振り返ると、見慣れない老婆が傘を
　差して佇んでいた。
174100 ,,,,,,,,,,,,,,,,,　目が合うと、顔にいっぱいのシワを刻んで優しく
　微笑んでくれる。
174200 ,,,,,,,大家さん,？？？,16oya120_002.wav,,,,,,,,「この辺りでは見かけない方のようですが……」
174300 ,,,,,,,優哉,優哉,,,,,,,,,「あ……俺、墨崎優哉っていいますっ」
174400 ,,,,,,,,,,,,,,,,,　咄嗟に思わず、自己紹介をしていた。
174500 ,,,,,,,大家さん,？？？,16oya120_003.wav,,,,,,,,「あらあら、もしかして恋鳥ちゃんのお友達の？」
174600 ,,,,,,,優哉,優哉,,,,,,,,,「え……どうして恋鳥のことを……」
174700 ,,,,,,,大家さん,大家さん,16oya120_004.wav,,,,,,,,「私はそこのアパートの大家ですから。
　恋鳥ちゃんのことはよく知っています」
174800 ,,,,,,,優哉,優哉,,,,,,,,,「あ、大家さんだったんですか。はじめましてっ」
174900 ,,,,,,,大家さん,大家さん,16oya120_005.wav,,,,,,,,「そんなにかしこまらないでくださいな。
　優哉くんのことは、恋鳥ちゃんから聞いてますか
　ら……」
175000 ,,,,,,,優哉,優哉,,,,,,,,,「恋鳥から……？」
175100 ,,,,,,,大家さん,大家さん,16oya120_006.wav,,,,,,,,「恋鳥ちゃんならもう部屋に帰っていますよ。
　さっき、私が学園へ迎えに行きましたから……」
175200 ,,,,,,,優哉,優哉,,,,,,,,,「えっ……じゃあ、恋鳥は雨に濡れないで済んだんで
　すか？」
175300 ,,,,,,,大家さん,大家さん,16oya120_007.wav,,,,,,,,「ええ。それを心配してわざわざ来てくださったの？」
175400 ,,,,,,,優哉,優哉,,,,,,,,,「えっと……はい。帰る前に昇降口で、傘を持ってない
　のを見かけて……」
175500 ,,,,,,,大家さん,大家さん,16oya120_008.wav,,,,,,,,「そんなに雨に濡れて……随分、急いで来てくださった
　みたいですね」
175600 ,,,,,,,,,,,,,,,,,　大家さんは折りたたみ式とは違う、頑丈な造りの傘に
　俺を入れてくれる。
175700 ,,,,,,,優哉,優哉,,,,,,,,,「あっ、俺は平気です。大家さんが濡れちゃいますよ」
175800 ,,,,,,,大家さん,大家さん,16oya120_009.wav,,,,,,,,「あら、そぉ？
　でも風邪をひかないようにしてくださいね」
175900 ,,,,,,,優哉,優哉,,,,,,,,,「じゃあ、俺はこれで帰りますっ。
　恋鳥が無事に帰ってればそれでいいんで……」
176000 ,,,,,,,大家さん,大家さん,16oya120_010.wav,,,,,,,,「恋鳥ちゃんには会っていかれないの？」
176100 ,,,,,,,優哉,優哉,,,,,,,,,「……はい。俺、あいつに嫌われてるんで」
176200 ,,,,,,,大家さん,大家さん,16oya120_011.wav,,,,,,,,「ウフフッ♪　恋鳥ちゃんが優哉くんを？」
176300 ,,,,,,,優哉,優哉,,,,,,,,,「そんなに……おかしいですか？」
176400 ,,,,,,,大家さん,大家さん,16oya120_012.wav,,,,,,,,「ごめんなさいね。
　でも恋鳥ちゃんが優哉くんを嫌っているなんてことは
　ありませんよ」
176500 ,,,,,,,大家さん,大家さん,16oya120_013.wav,,,,,,,,「今日も一緒に帰っている間、あなたのことをずっと
　話していましたから……」
176600 ,,,,,,,優哉,優哉,,,,,,,,,「え……」
176700 ,,,,,,,大家さん,大家さん,16oya120_014.wav,,,,,,,,「初めてじゃないかしらねえ。
　恋鳥ちゃんが男の子の話を私にするなんて……」
176800 ,,,,,,,優哉,優哉,,,,,,,,,「…………」
176900 ,,,,,,,大家さん,大家さん,16oya120_015.wav,,,,,,,,「こんなところで立ち話もなんですから、私の家で少し
　休んでいかれてはどうですか？」
177000 ,,,,,,,優哉,優哉,,,,,,,,,「……いえ、お気持ちだけで充分です」
177100 ,,,,,,,優哉,優哉,,,,,,,,,「すいませんでした。
　雨の中、立ち話をさせてしまって……」
177200 ,,,,,,,,,,,,,,,,,　深々とお辞儀して、大家さんの横をすれ違う。
177300 ,,,,,,,,,,,,,,,,,　瞬間、どこか懐かしい『おばあちゃん』の匂いが
　した。
177400 ,,,,,,,大家さん,大家さん,16oya120_016.wav,,,,,,,,「優哉くん」
177500 ,,,,,,,優哉,優哉,,,,,,,,,「あ、はい」
177600 ,,,,,,,,,,,,,,,,,　振り返ると、大家さんは今まで以上に顔を
　くしゃくしゃにして笑いながら、
177700 ,,,,,,,大家さん,大家さん,16oya120_017.wav,,,,,,,,「恋鳥ちゃんと仲良くしてあげてくださいね？」
177800 ,,,,,,,,,,,,,,,,,　その言葉が優しすぎて、涙が出そうになった。
177900 ,,,,,,,優哉,優哉,,,,,,,,,「……はいっ。失礼しますっ」
178100 ,,,,9000,,,,,,,,,,,,,　帰り道、前に悠が言ったことを思い出していた。
178200 ,,,,,,,,,,,,,,,,,『でもさ！　あの子、ほんとに悪い子じゃないからっ』
178300 ,,,,,,,,,,,,,,,,,　最初は話半分に聞いていたけど。
178400 ,,,,,,,,,,,,,,,,,　まるで自分の孫のように恋鳥のことを話す大家さんの
　笑顔が、いつまでもいつまでも。
178500 ,,,,,,,,,,,,,,,,,　まだ見ぬ恋鳥の笑顔と共に、
　俺の想像の世界で重なっていた……。
178580 ,,<se_stop id=""2"" fadeout=""6000"">,,,,,,,,,,,,,,,
178590 ,,<!Lend_day_change>,0,9000,,,,,,,,,,,,,
178599 ,,<!ec_yuu_uni>,,,,,,,,,,,,,,,
178800 ,@130,,,,,,,,,,,,,,,,
179100 ,,<!Lbegin_day_change>,8,4400,,,優哉,優哉,,,,,,,,,「あ、やべ。出る……また出る」
179200 ,,,,,,,悠,悠,02yuu130_001.wav,"yuu,uniform",,5,,,,,「えー、また出るの？
　だったら向こうで出してよ。顔に飛んでくるから」
179300 ,,,,,,,優哉,優哉,,yuu,,5,,,,,「しょうがねえだろ、我慢できねえんだから……」
179400 ,,,,,,,悠,悠,02yuu130_002.wav,yuu,,5,,,,,「だから向こうで出してってば。
　さっきも私の顔にかけたでしょっ……」
179500 ,,,,,,,優哉,優哉,,yuu,,5,,,,,「あ、出るっ……出るっ、出るっ！？」
179600 ,,,,,,,悠,悠,02yuu130_003.wav,yuu,,2,,,,,「ダ、ダメだってば、優哉ぁっ！？」
179700 ,,,,,,,優哉,優哉,,yuu,,2,,,,,「へぇぇーっくしっ！」
179800 ,,,,,,,,,,,,,,,,,　ようこそ、温泉部へ。
179900 ,,,,,,,,,,,,,,,,,　我が温泉部では、生意気な女部長の顔にツバをかけ
　放題。
180000 ,,,,,,,,,,,,,,,,,　あぁ、本当に温泉部へ入ってよかった……。
180100 ,,,,,,,悠,悠,02yuu130_004.wav,yuu,,0,,,,,「もー、汚いなあ。
　風邪ひいたんなら、学校休みなさいよ」
180200 ,,,,,,,優哉,優哉,,yuu,,0,,,,,「休むほどひどくないんだよなあ、これが」
180300 ,,,,,,,悠,悠,02yuu130_005.wav,yuu,,17,,,,,「あんたって、変なとこで真面目よね。
　私なら速攻で休むけど」
180400 ,,,,,,,,,,yuu,,17,,,,,　昨日の雨が嘘のような露天風呂＜日和＝びより＞。
180500 ,,,,,,,,,,yuu,,17,,,,,　放課後になって部室へ通う毎日も、
　そう悪くはなかった。
180600 ,,,,,,,,,,yuu,,17,,,,,　唯一、ここに恋鳥がいないことを除けば……。
180700 ,,,,,,,悠,悠,02yuu130_006.wav,yuu,,0,,,,,「んで、昨日は結局どうだったの？
　恋鳥には会えた？」
180800 ,,,,,,,優哉,優哉,,yuu,,0,,,,,「いや、会わんかった」
180900 ,,,,,,,悠,悠,02yuu130_007.wav,yuu,,2,,,,,「なんでよー？
　わざわざ雨の中、アパートまで行ったんでしょ？」
181000 ,,,,,,,優哉,優哉,,yuu,,2,,,,,「途中で恋鳥のアパートの大家さんに会ってさ。
　その人が恋鳥を迎えにいってくれたらしい」
181100 ,,,,,,,悠,悠,02yuu130_008.wav,yuu,,0,,,,,「へー、そうなんだ。
　じゃあ、無駄足だったってわけね♪」
181200 ,,,,,,,優哉,優哉,,yuu,,0,,,,,「ぶえぇぇぇっくしっっっっ！！」
181300 ,,,,,,,悠,悠,02yuu130_009.wav,yuu,,53,,,,,「ぎゃああああっ！？」
181400 ,,,,,,,,,,yuu,,53,,,,,　思い切り顔面シャワーしてやった。
181500 ,,,,,,,,,,,,,,,,,　通常、くしゃみで唾液は２、３メートル飛ぶと
　言われている。
181600 ,,,,,,,,,,,,,,,,,　いずれ恋鳥にも顔面シャワーを……。
181700 ,,,,,,,,,,,,,,,,,　……したら二度と口を利いてもらえないだろうな。
181800 ,,,,,,,悠,悠,02yuu130_010.wav,yuu,,3,,,,,「でも、ほんとに恋鳥ってば温泉部やめるつもりなの
　かな……」
181900 ,,,,,,,優哉,優哉,,yuu,,3,,,,,「同じクラスなのに話さないのか、お前ら？」
182000 ,,,,,,,悠,悠,02yuu130_011.wav,yuu,,5,,,,,「最近、私まで無視されてんのよね。
　カラダを売って優哉を引き入れたみたいに勘違いし
　てるのか……」
182100 ,,,,,,,優哉,優哉,,yuu,,5,,,,,「ちゃんちゃらおかしいよな。
　いくら俺でもそんなに安かねーって」
182200 ,,,,,,,悠,悠,02yuu130_012.wav,yuu,,7,,,,,「ぶえぇぇぇっくしっっっっ！」
182500 ,,"<!se_punch><shake target=""sc"" time=""1000,1000"" x=""40,100,0"" y=""30,100,0"">",,,,,,,,yuu,,7,,,,,　がすっ！
182600 ,,,,,,,優哉,優哉,,yuu,,7,,,,,「……おかしいだろ。
　ツバじゃなくてパンチが飛んでくるの」
182700 ,,,,,,,悠,悠,02yuu130_013.wav,yuu,,7,,,,,「温泉部部則その２！
　部長への口答えは認めない！」
182800 ,,,,,,,優哉,優哉,,yuu,,7,,,,,「……それ絶対、思いつきで増やしていってるよな」
182900 ,,,,,,,悠,悠,02yuu130_014.wav,yuu,,17,,,,,「ちゃんと考えてあります～っ。
　その４８まであるからね、うちの部則は」
183000 ,,,,,,,優哉,優哉,,yuu,,17,,,,,「なら４９を加えねえとな……温泉部の入部には、
　恋鳥様の許可が必要である！　って」
183100 ,,,,,,,悠,悠,02yuu130_015.wav,yuu,,5,,,,,「ん～、どうしたもんかねえ。あの子も……」
183200 ,,,,,,,,,,yuu,,5,,,,,　今まで散々こうやって恋鳥の説得法を考えてきたが、
　全て徒労に終わっていた。
183300 ,,,,,,,,,,yuu,,5,,,,,　結局、俺らが何かをしたところで、あいつが心を
　開いてくれなければ意味がない。
183400 ,,,,,,,,,,yuu,,5,,,,,　そしてあいつの心を開かせるには……。
183500 ,,,,,,,優哉,優哉,,yuu,,5,,,,,「……大丈夫だ。恋鳥は俺が必ず連れ戻す」
183600 ,,,,,,,,,,yuu,,5,,,,,　自信も根拠もない。
183700 ,,,,,,,,,,yuu,,5,,,,,　でも俺が入部することでこうなってしまったんだか
　ら、俺自身でなんとかしないとダメなんだ。
183800 ,,,,,,,悠,悠,02yuu130_016.wav,yuu,,1,,,,,「まっ、最初から心配してないけどね」
183900 ,,,,,,,優哉,優哉,,yuu,,1,,,,,「しろよ！　もっと深刻になれよ、部長っ」
184000 ,,,,,,,悠,悠,02yuu130_017.wav,yuu,,1,,,,,「そういうのガラじゃないのよね～、私」
184100 ,,,,,,,優哉,優哉,,yuu,,1,,,,,「はあ……部長がこれじゃあな」
184200 ,,,,,,,,,,yuu,,1,,,,,　肩を竦めつつ、俺は先に部室をあとにした。
184500 ,,<!move_veryshort_r><!se_bushitsu_close>,,4300,,,悠,悠,02yuu130_018.wav,yuu,,0,,,,,「んでも私、信じてるから」
184600 ,,,,,,,優哉,優哉,,yuu,,0,,,,,「あん？」
184700 ,,,,,,,,,,yuu,,0,,,,,　部室の戸締まりを済ませ、悠は鍵をぽーんと手の上で
　弾ませる。
184800 ,,,,,,,悠,悠,02yuu130_019.wav,yuu,,1,,,,,「墨崎優哉のこと、私は信じてる▼」
184900 ,,,,,,,優哉,優哉,,yuu,,1,,,,,「……さすが部長。部員をのせるのが上手いな」
185000 ,,,,,,,悠,悠,02yuu130_020.wav,yuu,,90,,,,,「ほんとはさ、今までにも帰宅部の人らを誘って、
　部室に連れてきたことがあったのよね」
185100 ,,,,,,,悠,悠,02yuu130_021.wav,yuu,,90,,,,,「でも恋鳥ってば、口すら利かないの。
　相手もそれでキレちゃってさー」
185200 ,,,,,,,優哉,優哉,,yuu,,90,,,,,「…………」
185300 ,,,,,,,悠,悠,02yuu130_022.wav,yuu,,0,,,,,「最初はワガママだと思ったけど……でもそれって、
　違ったんだよね」
185400 ,,,,,,,優哉,優哉,,yuu,,0,,,,,「違った？」
185500 ,,,,,,,悠,悠,02yuu130_023.wav,yuu,,0,,,,,「うん……誰でもいいってわけじゃなかったんだ。
　優哉も前に言ってたよね？」
185600 ,,,,,,,悠,悠,02yuu130_024.wav,yuu,,0,,,,,「部員には、温泉が好きなヤツを誘うべきだって……」
185700 ,,,,,,,優哉,優哉,,yuu,,0,,,,,「…………」
185800 ,,,,,,,悠,悠,02yuu130_025.wav,yuu,,0,,,,,「だから私、あんたのことしつこく何度も誘ったの」
185900 ,,,,,,,悠,悠,02yuu130_026.wav,yuu,,0,,,,,「あんたにどうしても、温泉部に入ってほしかったか
　ら……」
186000 ,,,,,,,,,,yuu,,0,,,,,　……俺が考えていたよりもずっと、悠はすごい部長
　だった。
186100 ,,,,,,,,,,yuu,,0,,,,,　やっぱり俺は、恋鳥を呼び戻したい。
186200 ,,,,,,,,,,yuu,,0,,,,,　俺と悠と恋鳥の３人で……新しい温泉部を始めたい。
186400 ,,<!move_long_r>,2,7100,,,,,,,,,,,,,　アテもなく、気がつくとここに足が向いていた。
186500 ,,,,,,,,,,,,,,,,,　悠は用事があるとかで、急いで学園をあとにして
　いったが……。
186600 ,,,,,,,優哉,優哉,,,,,,,,,「やっぱ、いきなりアパートの部屋に押しかけたら
　引かれるよなあ……」
186700 ,,,,,,,,,,,,,,,,,　恋鳥の性格から考えて、強引なのは最も嫌悪される
　パターンな気がする。
186800 ,,,,,,,,,,,,,,,,,　でも向こうが俺を避けている以上、こちらから歩み
　寄っていくしかない。
186900 ,,,,,,,優哉,優哉,,,,,,,,,「っしゃ、当たって砕けろだ。行くぜっ」
187000 ,,,,,,,大家さん,？？？,16oya130_001.wav,,,,,,,,「あら、そこにいるのは優哉くん？」
187100 ,,,,,,,優哉,優哉,,,,,,,,,「あ……」
187200 ,,,,,,,,,,,,,,,,,　耳に届く、穏やかな声。
187300 ,,,,,,,,,,,,,,,,,　その主は、アパートの周りに生えた雑草を手際よく
　抜いていた。
187400 ,,,,,,,優哉,優哉,,,,,,,,,「こんにちは、大家さん……」
187500 ,,,,,,,大家さん,大家さん,16oya130_002.wav,,,,,,,,「はい、こんにちは。今日はなんのご用かしら？」
187600 ,,,,,,,,,,,,,,,,,　ぱんぱんっと手についた土を払い、
　にこやかに近づいてくる。
187700 ,,,,,,,大家さん,大家さん,16oya130_003.wav,,,,,,,,「恋鳥ちゃんのお部屋ならそこよ？
　私が呼びましょうか？」
187800 ,,,,,,,優哉,優哉,,,,,,,,,「あ、いや……」
187900 ,,,,,,,大家さん,大家さん,16oya130_004.wav,,,,,,,,「……どうかなさったの？」
188000 ,,,,,,,,,,,,,,,,,　足を止めた大家さんは、首を傾げて俺を見つめて
　きた。
188100 ,,,,,,,,,,,,,,,,,　俺も相当、恋鳥のことで弱っていたんだろうか？
188200 ,,,,,,,,,,,,,,,,,　泣き言のように言葉が唇を割って出ていた。
188300 ,,,,,,,優哉,優哉,,,,,,,,,「実は俺……恋鳥と同じ温泉部なんですけど、
　あいつと上手くいってないんです」
188400 ,,,,,,,優哉,優哉,,,,,,,,,「ほとんど口も利いてもらえないですし、今でも俺を
　温泉部の部員として認めてくれなくて……」
188500 ,,,,,,,優哉,優哉,,,,,,,,,「もし俺が部員になったら、恋鳥は部をやめるって
　言ってます……」
188600 ,,,,,,,大家さん,大家さん,16oya130_005.wav,,,,,,,,「……そうでしたの。
　だから昨日は恋鳥ちゃんに嫌われてるだなんて……」
188700 ,,,,,,,優哉,優哉,,,,,,,,,「でも俺、恋鳥と一緒に温泉部やりたいんです！
　なんとかあいつのことを説得して……」
188800 ,,,,,,,大家さん,大家さん,16oya130_006.wav,,,,,,,,「…………」
188900 ,,,,,,,大家さん,大家さん,16oya130_007.wav,,,,,,,,「……それならいい考えがありますよ」
189000 ,,,,,,,優哉,優哉,,,,,,,,,「えっ？」
189100 ,,,,,,,大家さん,大家さん,16oya130_008.wav,,,,,,,,「恋鳥ちゃんね、甘いモノが大好きなの。
　だからケーキでも買ってお願いすれば、きっと
　優哉くんを認めてくれると思うわ」
189200 ,,,,,,,優哉,優哉,,,,,,,,,「ま、まさかそんな……無理ですって！
　恋鳥は食べ物なんかに釣られるようなヤツじゃ……」
189300 ,,,,,,,,,,,,,,,,,　甘いモノで釣る作戦は微笑ましくはあったが、
　どう考えても現実的じゃない。
189400 ,,,,,,,,,,,,,,,,,　いくらおばあちゃんの知恵袋と言っても、
　恋鳥の本質を見失いすぎている。
189500 ,,,,,,,,,,,,,,,,,　あいつはそんな生温い女じゃない……。
189600 ,,,,,,,優哉,優哉,,,,,,,,,「……でもそんなに甘いのが好きなんですか？
　恋鳥って……」
189700 ,,,,,,,大家さん,大家さん,16oya130_009.wav,,,,,,,,「そうねえ……以前、なんて言ったかしら……」
189800 ,,,,,,,大家さん,大家さん,16oya130_010.wav,,,,,,,,「ふーどふぁいたー？　そういう職業の方とデザート
　の食べ比べをして、ちゃんぴおんとかいうのに選ば
　れたとか……」
189900 ,,,,,,,優哉,優哉,,,,,,,,,「げっ、フードファイターに勝ったんすか！？」
190000 ,,,,,,,大家さん,大家さん,16oya130_011.wav,,,,,,,,「とてもひょうきんな方でしたのよ。
　目を白目だけにして、鼻からアイスクリームを出し
　ていましたの♪」
190100 ,,,,,,,優哉,優哉,,,,,,,,,「それって死にかけてただけなんじゃ……」
190200 ,,,,,,,,,,,,,,,,,　フードファイターを白目にさせるって、
　どんだけ食ったんだ？　恋鳥のヤツ……。
190300 ,,,,,,,,,,,,,,,,,　でもそのぐらい甘いモノに目がないなら、意外と
　イケるかもしれないな。
190400 ,,,,,,,,,,,,,,,,,　適当にパフェでもご馳走して、ご機嫌をとったところ
　で……。
190480 ,,<m_fade fadeout=""6000"">,0,,,,,,,,,,,,,,
190490 ,,<hide><s_fade wa time=""5000"" type=""shadeoff"" param=""type=n"">,,9000,,,,,,,,,,,,,
190790 ,,<hide><wait time=""1000"">,7,,,,,,,,,,,,,,
190800 ,,<hide><s_fade wa time=""5000"" type=""shadeoff"" param=""type=r"">,,,401,,優哉,優哉,,,,,,,,,「さ、遠慮なく食ってくれ。今日は俺のおごりだ！」
191000 ,,,,,402,,恋鳥,恋鳥,04kot130_001.wav,"kotori,uniform",,0,,,,,「…………」
191100 ,,,,,402,,優哉,優哉,,,,,,,,,「んで、食べながらでいいんだけどさ。
　俺の話を聞いてほしいんだ」
191300 ,,,,,402,,優哉,優哉,,,,,,,,,「恋鳥、温泉部をやめるって言ってたろ？」
191400 ,,,,,402,,優哉,優哉,,,,,,,,,「でもさ、温泉に入ったあとのパフェってのも最高だと
　思うんだよな」
191500 ,,,,,402,,優哉,優哉,,,,,,,,,「それでもしその……恋鳥さんが嫌でなければ、
　俺を温泉部の部員として……」
191700 ,,,,,403,,優哉,優哉,,,,,,,,,「どうかな、ことっ……」
191880 ,,,,,404,,,,,,,,,,,,
191890 ,,<hide><s_fade wa time=""1100"">,,9001,,,,,,,,,,,,,
191899 ,,<hide><se file=""eat.wav"">,,,,,,,,,,,,,,,
191900 ,,,,,405,,優哉,優哉,,,,,,,,,「……り……さん？」
192100 ,,,,,406,,恋鳥,恋鳥,04kot130_002.wav,kotori,,0,,,,,「…………」
192300 ,,,,,407,,恋鳥,恋鳥,04kot130_003.wav,kotori,,0,,,,,「……おかわり」
192500 ,,,,,408,,優哉,優哉,,,,,,,,,「あ、どうぞどうぞ！　パフェ最高っすよね！」
192600 ,,,,,408,,優哉,優哉,,,,,,,,,「それでさっきの話の続きなんですが……」
192800 ,,,,,408,,優哉,優哉,,,,,,,,,「あの……」
192890 ,,,,,409,,,,,,,,,,,,
192899 ,,<hide><s_fade wa time=""1100"">,,9001,,,,,,,,,,,,,
ERR,,<hide><se file=""eat.wav"">,,,,,,,,,,,,,,,
193000 ,,,,,410,,優哉,優哉,,,,,,,,,「俺のこと……部員として……」
193200 ,,,,,411,,恋鳥,恋鳥,04kot130_004.wav,kotori,,0,,,,,「おかわり」
193400 ,,,,,412,,優哉,優哉,,,,,,,,,「よ、余計なお節介かもしれませんが、あんまり食べ
　すぎはよくないんじゃないかなぁなんて……」
193600 ,,,,,412,,優哉,優哉,,,,,,,,,「思う……わけで……」
193770 ,,,,,413,,,,,,,,,,,,
193780 ,,<hide><s_fade wa time=""1100"">,,9001,,,,,,,,,,,,,
193790 ,,<hide><se file=""eat.wav"">,,,,,,,,,,,,,,,
193800 ,,,,,414,,優哉,優哉,,,,,,,,,「いやぁ、３杯分完食ですか。素晴らしい！」
194000 ,,,,,415,,優哉,優哉,,,,,,,,,「さて、そろそろお腹も一杯になったところで……」
194200 ,,,,,416,,恋鳥,恋鳥,04kot130_005.wav,kotori,,0,,,,,「次」
194400 ,,,,,417,,優哉,優哉,,,,,,,,,「いや、次って……」
194600 ,,,,,418,,恋鳥,恋鳥,04kot130_006.wav,kotori,,0,,,,,「恋鳥の胃袋は……宇宙だ」
194690 ,,<m_fade fadeout=""6000"">,0,,418,,,,,,,,,,,,
194699 ,,<hide><s_fade wa time=""5000"" type=""shadeoff"" param=""type=n"">,,9001,,,,,,,,,,,,,
194790 ,,<hide><wait time=""1000"">,2,,,,,,,,,,,,,,
194800 ,,<hide><s_fade wa time=""5000"" type=""shadeoff"" param=""type=r"">,,7100,,,優哉,優哉,,,,,,,,,「……ダメだ。フードファイターに食い物おごってた
　ら、こっちが＜空＝から＞っ＜穴＝けつ＞になっちまう」
194900 ,,,,,,,,,,,,,,,,,　せっかく交渉できる可能性が見つかったってのに、
　フードファイターを超える胃袋かよ……。
195000 ,,,,,,,,,,,,,,,,,　早くも恋鳥買収計画は頓挫してしまった。
195300 ,@131,,,,,,,,,,,,,,,,
195690 ,,<!se_kotori_door_open>,,,,,,,,,,,,,,,
195700 ,,<wait time=""1000"">,2,7100,,,恋鳥,恋鳥,04kot131_001.wav,"kotori,uniform",,2,,,,,「ん……」
195800 ,,,,,,,大家さん,大家さん,16oya131_001.wav,kotori,,2,,,,,「あら、恋鳥ちゃん。いいところへ来たわ。
　お友達の優哉くんが会いに来てくださったのよ？」
195900 ,,,,,,,,,,kotori,,2,,,,,　にっこりと笑顔を向けた先には、恋鳥の姿があった。
196000 ,,,,,,,,,,kotori,,2,,,,,　制服姿で部屋から出てきたということは、これから
　また学校に行くつもりなんだろうか？
196100 ,,,,,,,,,,kotori,,2,,,,,　……まさか、温泉部の部室に？
196200 ,,,,,,,,,,kotori,,2,,,,,　そんな期待を恋鳥は僅か数秒で粉砕してくれる。
196300 ,,,,,,,恋鳥,恋鳥,04kot131_002.wav,kotori,,0,,,,,「……そいつは友達じゃないぞ」
196400 ,,,,,,,優哉,優哉,,kotori,,0,,,,,「どもっ。恋鳥さんの友達の墨崎優哉ですっ」
196500 ,,,,,,,,,,kotori,,0,,,,,　負けじと爽やかな好青年を演じてやった！
196600 ,,,,,,,大家さん,大家さん,16oya131_002.wav,kotori,,0,,,,,「恋鳥ちゃん、優哉くんから話は聞いたわ。
　温泉部をやめようかと考えているそうね？」
196700 ,,,,,,,恋鳥,恋鳥,04kot131_003.wav,kotori,,5,,,,,「……おばあちゃんも」
196800 ,,,,,,,,,,kotori,,5,,,,,　自室の鍵をかけた恋鳥は、キッとこちらを睨む。
196900 ,,,,,,,恋鳥,恋鳥,04kot131_004.wav,kotori,,7,,,,,「お前、許さないぞ」
197000 ,,,,,,,優哉,優哉,,kotori,,7,,,,,「はい？」
197100 ,,,,,,,恋鳥,恋鳥,04kot131_005.wav,kotori,,7,,,,,「恋鳥のおばあちゃんを一晩抱いたな」
197200 ,,,,,,,優哉,優哉,,kotori,,7,,,,,「だ、抱いてねえって！
　どんだけ熟女好きなんだよ、俺は」
197300 ,,,,,,,恋鳥,恋鳥,04kot131_006.wav,kotori,,7,,,,,「こいつは悪だ」
197400 ,,,,,,,,,,kotori,,7,,,,,　突き刺すように人差し指を向けて言う。
197500 ,,,,,,,,,,kotori,,0,,,,,　大家さんはそれを、変わらない笑顔で見守っていた。
197600 ,,,,,,,恋鳥,恋鳥,04kot131_007.wav,kotori,,0,,,,,「……おばあちゃんと何を話していた」
197700 ,,,,,,,優哉,優哉,,kotori,,0,,,,,「恥ずかしい恋鳥の秘密▼」
197800 ,,,,,,,恋鳥,恋鳥,04kot131_008.wav,kotori,,0,,,,,「ん……恋鳥がテストで９５点をとったことか」
197900 ,,,,,,,優哉,優哉,,kotori,,0,,,,,「それのどこをどう読めば、恥ずかしい秘密になるのか
　説明してくれ。俺を不快にさせない程度に」
198000 ,,,,,,,恋鳥,恋鳥,04kot131_009.wav,kotori,,5,,,,,「……三択問題」
198100 ,,,,,,,優哉,優哉,,kotori,,5,,,,,「１／３の確率で外れたから恥ずかしいって？」
198200 ,,,,,,,恋鳥,恋鳥,04kot131_010.wav,kotori,,5,,,,,「みっつに○をつけた」
198300 ,,,,,,,優哉,優哉,,kotori,,5,,,,,「うわ、恥ずかしっ！」
198400 ,,,,,,,,,,kotori,,5,,,,,　想像を遙かに超える恥ずかしさだった！
198500 ,,,,,,,恋鳥,恋鳥,04kot131_011.wav,kotori,,7,,,,,「……お前に秘密を知られたからには」
198600 ,,,,,,,優哉,優哉,,kotori,,7,,,,,「よし、結婚するか」
198700 ,,,,,,,大家さん,大家さん,16oya131_003.wav,kotori,,7,,,,,「あら、とってもお似合いだわ。
　お祝いの準備をしないといけないわね」
198800 ,,,,,,,恋鳥,恋鳥,04kot131_012.wav,kotori,,0,,,,,「結婚」
198900 ,,,,,,,,,,kotori,,0,,,,,　お、割と嫌がってない？
199000 ,,,,,,,,,,kotori,,0,,,,,　そうか、ついに恋鳥も俺に心を開いて……。
199100 ,,,,,,,恋鳥,恋鳥,04kot131_013.wav,kotori,,0,,,,,「未亡人」
199200 ,,,,,,,優哉,優哉,,kotori,,0,,,,,「説明しろ。結婚からすぐ未亡人になった経緯を
　＜事細＝ことこま＞かに。＜一言＝いちごん＞＜一句＝いっく＞余すことなく」
199300 ,,,,,,,大家さん,大家さん,16oya131_004.wav,kotori,,0,,,,,「うふふ、恋鳥ちゃんは寂しがり屋だものね」
199400 ,,,,,,,恋鳥,恋鳥,04kot131_014.wav,kotori,,6,,,,,「…………」
199500 ,,,,,,,,,,kotori,,6,,,,,　恋鳥はそれを否定せず、大家さんの腰に抱きつく。
199600 ,,,,,,,大家さん,大家さん,16oya131_005.wav,kotori,,6,,,,,「優哉くんは、恋鳥ちゃんをひとりにはしないでくだ
　さいね？」
199700 ,,,,,,,優哉,優哉,,kotori,,6,,,,,「え……」
199800 ,,,,,,,,,,kotori,,6,,,,,　何気なく口にされた大家さんの言葉が、穏やかな
　語り口とは裏腹にズシリと胸に響いた。
200000 ,,<!scene_past_begin>,0,9000,400411,#sep,,,,,,,,,,,　一方で、昨日見た恋鳥の横顔が、なぜだか俺を笑え
　なくさせていた。
200100 ,,,,,400411,#sep,,,,,,,,,,,　感情を抑えられず、あの場を走り去ってしまった俺。
200200 ,,,,,400411,#sep,,,,,,,,,,,　あいつは俺が話しかけたときから、既にひとりで
　昇降口に佇んでいた。
200400 ,,<!scene_past_end>,2,7100,,,,,,kotori,,90,,,,,　甘いモノが大好き……か。
200500 ,,,,,,,,,,kotori,,90,,,,,　…………。
200600 ,,,,,,,,,,kotori,,90,,,,,　しょうがない。モノで釣るのは不本意だが、
　もっと恋鳥のことを知るためにも……。
200700 ,,,,,,,優哉,優哉,,kotori,,90,,,,,「よし、今から恋鳥に三択問題を出すぞ」
200800 ,,,,,,,優哉,優哉,,kotori,,90,,,,,「次の中から、恋鳥のしたいことにひとつだけ○を
　つけよ」
200900 ,,,,,,,優哉,優哉,,kotori,,90,,,,,「１．墨崎優哉を社会的に抹殺する」
201000 ,,,,,,,優哉,優哉,,kotori,,90,,,,,「２．墨崎優哉を人知れず殺害する」
201100 ,,,,,,,優哉,優哉,,kotori,,90,,,,,「３．これからおいしいケーキを食べに行く」
201200 ,,,,,,,優哉,優哉,,kotori,,90,,,,,「さあ、選ぶならどれ！」
201300 ,,,,,,,,,,kotori,,90,,,,,　大家さんの言うとおり、無類の甘いモノ好きなら
　最後の３を選ぶはず……。
201400 ,,,,,,,恋鳥,恋鳥,04kot131_015.wav,kotori,,4,,,,,「……１と２と３」
201500 ,,,,,,,優哉,優哉,,kotori,,4,,,,,「お前、その三択問題で無駄に欲張る性格なんとか
　しろよ……」
201600 ,,,,,,,恋鳥,恋鳥,04kot131_016.wav,kotori,,5,,,,,「ん……」
201700 ,,,,,,,優哉,優哉,,kotori,,5,,,,,「だから本気で悩むな。実質、一択だろ？」
201800 ,,,,,,,恋鳥,恋鳥,04kot131_017.wav,kotori,,5,,,,,「１と２で迷うぞ」
201900 ,,,,,,,優哉,優哉,,kotori,,5,,,,,「どうあっても、あなたは俺をこの世から抹殺したい
　みたいですネェ！」
202000 ,,,,,,,,,,kotori,,5,,,,,　ここまで存在を否定されると、逆に清々しい。
202100 ,,,,,,,大家さん,大家さん,16oya131_006.wav,kotori,,5,,,,,「……恋鳥ちゃん、３なんてどうかしら？」
202200 ,,,,,,,,,,kotori,,5,,,,,　と、思わぬところから助け船が。
202300 ,,,,,,,恋鳥,恋鳥,04kot131_018.wav,kotori,,0,,,,,「３はケーキ」
202400 ,,,,,,,大家さん,大家さん,16oya131_007.wav,kotori,,0,,,,,「恋鳥ちゃん、甘いモノが好きよね？
　これから優哉くんと一緒に、ケーキ屋さんへ行って
　きたらどう？」
202500 ,,,,,,,恋鳥,恋鳥,04kot131_019.wav,kotori,,5,,,,,「あいつはいらない」
202600 ,,,,,,,優哉,優哉,,kotori,,5,,,,,「俺はいるだろ」
202700 ,,,,,,,恋鳥,恋鳥,04kot131_020.wav,kotori,,5,,,,,「いらない」
202800 ,,,,,,,優哉,優哉,,kotori,,5,,,,,「いる！」
202900 ,,,,,,,恋鳥,恋鳥,04kot131_021.wav,kotori,,5,,,,,「温泉部にも……」
203000 ,,,,,,,優哉,優哉,,kotori,,5,,,,,「いるいるいるいるいる！」
203100 ,,,,,,,,,,kotori,,5,,,,,　必死になってアピールすると、恋鳥は大家さんの
　背中に隠れてポツリと呟く。
203200 ,,,,,,,恋鳥,恋鳥,04kot131_022.wav,kotori,,5,,,,,「どうでもいい」
203300 ,,,,,,,,,,kotori,,0,,,,,　飽きたオモチャを投げ捨てる子供のようだった。
203400 ,,,,,,,優哉,優哉,,kotori,,0,,,,,「でもマジでケーキ屋に行かねえか？
　俺がおごってやるからさ」
203500 ,,,,,,,恋鳥,恋鳥,04kot131_023.wav,kotori,,5,,,,,「…………」
203600 ,,,,,,,優哉,優哉,,kotori,,0,,,,,「やっぱ、モンブランかなあ……プリンアラモードも
　いいなあ。いやいや洋なしのタルトも捨てがたいぞ」
203700 ,,,,,,,恋鳥,恋鳥,04kot131_024.wav,kotori,,0,,,,,「フランボワーズシフォンケーキ」
203800 ,,,,,,,優哉,優哉,,kotori,,0,,,,,「なんだ、それ？　それも美味いのか？」
203900 ,,,,,,,恋鳥,恋鳥,04kot131_025.wav,kotori,,0,,,,,「ウマウマ」
204000 ,,,,,,,優哉,優哉,,kotori,,0,,,,,「ほぉ……ならそのフラなんとかシフォンケーキが
　食いたいか？」
204100 ,,,,,,,恋鳥,恋鳥,04kot131_026.wav,kotori,,0,,,,,「食いたいぞ」
204200 ,,,,,,,,,,kotori,,0,,,,,　恋鳥の目が輝き出している。
204300 ,,,,,,,優哉,優哉,,kotori,,0,,,,,「それには三択問題の何番目を選べばいいか……
　聡明な恋鳥くんには分かるよね？」
204400 ,,,,,,,恋鳥,恋鳥,04kot131_027.wav,kotori,,5,,,,,「…………」
204500 ,,,,,,,,,,kotori,,5,,,,,　いよいよ恋鳥も陥落か？
204600 ,,,,,,,,,,kotori,,5,,,,,　いっちゃう？　恋鳥に顔面シャワーいっちゃう？
204700 ,,,,,,,恋鳥,恋鳥,04kot131_028.wav,kotori,,4,,,,,「……おばあちゃんが一緒なら、３」
204800 ,,,,,,,優哉,優哉,,kotori,,4,,,,,「っくしっ！」
204900 ,,,,,,,,,,kotori,,4,,,,,　見事に不発だった！
205000 ,,,,,,,,,,kotori,,4,,,,,　まあ、しょうがないか。
205100 ,,,,,,,,,,kotori,,4,,,,,　大家さんがそばにいる方が、恋鳥も安心できるだろう
　し……。
205200 ,,,,,,,,,,kotori,,4,,,,,　ていうか、本当に孫みたいだな。恋鳥は……。
205300 ,,,,,,,優哉,優哉,,kotori,,90,,,,,「恋鳥はこう言ってますけど、
　大家さんはどうですか？」
205400 ,,,,,,,大家さん,大家さん,16oya131_008.wav,kotori,,90,,,,,「優哉くんがよろしければ、是非ご一緒させていただ
　きたいわ」
205500 ,,,,,,,優哉,優哉,,kotori,,90,,,,,「じゃあ、決まりっすね！」
205600 ,,,,,,,,,,,,,,,,,　胸を叩いて頼りがいのある男を気取りながら、
　こっそり財布の中身を確かめる。
205700 ,,,,,,,,,,,,,,,,,　小銭を合わせて、手持ちは１８３３円。
205800 ,,,,,,,,,,,,,,,,,　＜１８＝いやー＞＜３３＝さんざん＞か。覚えやすいな。
205900 ,,,,,,,,,,,,,,,,,　……不吉すぎるだろ。
206200 ,,<!move_normal>,,12200,,,,,,,,,,,,,　そんなわけで、俺たちは学校の近くにある
　『ル・ファニーユ』を目指し、≪仲良く≫三人
　で歩いていた。
206300 ,,,,,,,,,,,,,,,,,　最近できたケーキ屋で、なかなかお洒落な店らしい。
206400 ,,,,,,,,,,,,,,,,,　そんなところ、なかなか男ひとりで行く機会が
　ないため、地味に楽しみだったりする。
206500 ,,,,,,,恋鳥,恋鳥,04kot131_029.wav,kotori,,0,,,,,「墨崎優哉」
206600 ,,,,,,,優哉,優哉,,kotori,,0,,,,,「あん？」
206700 ,,,,,,,恋鳥,恋鳥,04kot131_030.wav,kotori,,7,,,,,「あっち行け」
206800 ,,,,,,,,,,kotori,,7,,,,,　仲良く三人で歩いていた（二度目）。
206900 ,,,,,,,優哉,優哉,,kotori,,7,,,,,「しかし、恋鳥が甘いモノ好きだったなんて
　意外だったな。女ってそういうもの？」
207000 ,,,,,,,恋鳥,恋鳥,04kot131_031.wav,kotori,,7,,,,,「……お前は他人」
207100 ,,,,,,,優哉,優哉,,kotori,,7,,,,,「金だけの繋がりかよ。分かりやすいな、お前は……」
207200 ,,,,,,,大家さん,大家さん,16oya131_009.wav,kotori,,7,,,,,「優哉くん、ケーキのお金は私が払いますよ。
　まだ二人は学生なんですから……」
207300 ,,,,,,,優哉,優哉,,kotori,,7,,,,,「いや、ここは俺に任せてください！」
207400 ,,,,,,,,,,kotori,,7,,,,,　じゃないと、恋鳥との接点がなくなります。
207800 ,,<!move_short>,9,12400,,,店員,店員,34ten131_001.wav,,,,,,,,「いらっしゃいませー」
207900 ,,,,,,,優哉,優哉,,,,,,,,,「へー、意外と中は広いんだなあ……」
208000 ,,,,,,,,,,,,,,,,,　先頭を切って入店。
208100 ,,,,,,,,,,,,,,,,,　ガラス張りで明るく清潔な店内の雰囲気は、ＯＬや
　若い女性たちに人気が出そうな感じだった。
208200 ,,,,,,,,,,,,,,,,,　持ち帰りだけでなく、＜店内飲食＝イートイン＞もできるようで、
　表から見る以上に店内は活気がある。
208300 ,,,,,,,優哉,優哉,,,,,,,,,「せっかくだし、ここで食ってくか」
208400 ,,,,,,,恋鳥,恋鳥,04kot131_032.wav,kotori,,1,,,,,「……ケーキ」
208500 ,,,,,,,,,,kotori,,1,,,,,　恋鳥はショーケースに顔をくっつけて、じーっと
　中の商品に熱視線を送っていた。
208600 ,,,,,,,,,,kotori,,1,,,,,　なんだろうな、これ……娘を持った父親の心境？
208700 ,,,,,,,,,,kotori,,1,,,,,　思わずなんでも買ってやりたくなる。
208800 ,,,,,,,優哉,優哉,,kotori,,1,,,,,「で、噂のフランソワーズはあったのか？」
208900 ,,,,,,,恋鳥,恋鳥,04kot131_033.wav,kotori,,90,,,,,「フランボワーズシフォンケーキだ」
209000 ,,,,,,,優哉,優哉,,kotori,,90,,,,,「ああ、それそれ。って、４００円！？」
209100 ,,,,,,,,,,kotori,,90,,,,,　値札を見て、俺は驚愕した。
209200 ,,,,,,,,,,kotori,,90,,,,,　ケーキなんて所詮、２００～３００円程度かとバカに
　していたが……。
209300 ,,,,,,,,,,kotori,,90,,,,,　手持ちの金はいくらだったっけか……
　ああ、＜１８＝いやー＞＜３３＝さんざん＞か。
209400 ,,,,,,,,,,kotori,,90,,,,,　４つぐらいしか買えないな。
209500 ,,,,,,,,,,kotori,,90,,,,,　果たしてそれで、フードファイター以上の胃袋を
　満足させられるのか……。
209600 ,,,,,,,優哉,優哉,,,,,,,,,「えっと、大家さんは何にしますか？」
209700 ,,,,,,,大家さん,大家さん,16oya131_010.wav,,,,,,,,「私も頼んでいいのですか？
　それじゃあ……私はこの抹茶ロールケーキで……」
209800 ,,,,,,,,,,,,,,,,,　ほっ、ロールケーキなら定番メニューで安めだ。
209900 ,,,,,,,,,,,,,,,,,　これならなんとかイケそうか。
210000 ,,,,,,,大家さん,大家さん,16oya131_011.wav,,,,,,,,「Ｓサイズを一本」
210100 ,,,,,,,優哉,優哉,,,,,,,,,「一本！？」
210200 ,,,,,,,,,,,,,,,,,　見かけによらず容赦ない人だった！
210300 ,,,,,,,,,,,,,,,,,　Ｓサイズ一本っていくらだよ……。
210400 ,,,,,,,,,,,,,,,,,　値札には大きく『大人気！』『９９９円！』の
　文字が。
210500 ,,,,,,,,,,,,,,,,,　くっ、主婦の心理を上手くついてきやがる……。
210600 ,,,,,,,優哉,優哉,,,,,,,,,「じゃあ、それとフランボワーズっていうのと、
　俺は……水で」
210700 ,,,,,,,,,,,,,,,,,　心の汗が止まらなかった。
210800 ,,,,,,,,,,,,,,,,,　まあ、ヘコんでてもしょうがない。
210900 ,,,,,,,,,,,,,,,,,　今日はあくまで恋鳥の接待が目的だしな。
211000 ,,,,,,,優哉,優哉,,,,,,,,,「よし、奥のテーブルで待ってようぜ？」
211100 ,,,,,,,,,,,,,,,,,　ショーケースにへばりついている恋鳥を引きはがし、
　空いているテーブルを探す。
211200 ,,,,,,,悠,？？？,02yuu131_001.wav,,,,,,,,「お客様、お待たせいたしました。
　こちら、フルーツロールとアプリコットタルトに
　なります」
211300 ,,,,,,,,,,,,,,,,,　ん？　この声、どこかで……。
211500 ,,,,,6301,,悠,悠,02yuu131_002.wav,,,,,,,,「お客様、こちらの席へどうぞー」
211600 ,,,,,6301,,,,,,,,,,,,　別の客が奥のテーブルに案内され、俺はその声を
　発した店員の姿に釘付けとなる。
211700 ,,,,,6301,,,,,,,,,,,,　悠だよな、あれ？
211800 ,,,,,6301,,,,,,,,,,,,　髪の毛をほどいてるから、いつもと少し印象が違って
　みえるが……。
211900 ,,,,,6301,,,,,,,,,,,,　…………。
212000 ,,,,,6301,,,,,,,,,,,,　しかし、なんちゅー格好をしてるんだ。あいつは。
212100 ,,,,,6301,,,,,,,,,,,,　ほんの少し、『萌え』というあだ名に抵抗のなくなっ
　た自分が悔しかった。
212200 ,,,,,6301,,優哉,優哉,,,,,,,,,「すいませーん。
　３人なんですけど、空いてるテーブルありますか？」
212300 ,,,,,6301,,悠,悠,02yuu131_003.wav,,,,,,,,「あ、はいっ。３名様ですねっ」
212400 ,,,,,6301,,,,,,,,,,,,　一度チラリとこちらに目をやり、そのあとに
　ものすごい勢いで二度見する悠。
212600 ,,,,,6302,,悠,悠,02yuu131_004.wav,,,,,,,,「あ……ゆ、優哉どうして……こんなところに……」
212700 ,,,,,6302,,恋鳥,恋鳥,04kot131_034.wav,,,,,,,,「恋鳥もいるぞ」
212800 ,,,,,6302,,優哉,優哉,,,,,,,,,「ついでに大家さんもいる」
212900 ,,,,,6302,,悠,悠,02yuu131_005.wav,,,,,,,,「テ、テーブルはそこら辺に空いているところを
　どうぞっ」
213000 ,,,,,6302,,優哉,優哉,,,,,,,,,「まあまあ、ゆっくり話を聞こうじゃないか。んん？」
213100 ,,,,,6302,,優哉,優哉,,,,,,,,,「温泉部の部長さんが、こんなところで何をしてるの
　かな～？」
213200 ,,,,,6302,,恋鳥,恋鳥,04kot131_035.wav,,,,,,,,「……恋鳥もそれ着たいぞ」
213300 ,,,,,6302,,悠,悠,02yuu131_006.wav,,,,,,,,「これは……このお店の制服だから仕方なく……」
213400 ,,,,,6302,,優哉,優哉,,,,,,,,,「しかし馬子にも衣装とはよく言ったもんだなあ」
213500 ,,,,,6302,,悠,悠,02yuu131_007.wav,,,,,,,,「あんた、何言っ……お、お客様、あとで覚えてなさ
　いよ。こちらのテーブルへどうぞ」
213600 ,,,,,6302,,,,,,,,,,,,　こんな支離滅裂な店員は嫌だ。
213700 ,,,,,6302,,優哉,優哉,,,,,,,,,「せっかくメイドの格好してるんだから、お客様じゃ
　なくてご主人様って呼んだ方がよくないか？」
213800 ,,,,,6302,,悠,悠,02yuu131_008.wav,,,,,,,,「わ、私はただ、店長に言われた通り働くだけです
　から……」
213900 ,,,,,6302,,優哉,優哉,,,,,,,,,「よし分かった。俺が店長に話をつけてこよう」
214000 ,,,,,6302,,悠,悠,02yuu131_009.wav,,,,,,,,「ちょっ、優っ……お客様っ！？」
214200 ,,,,9000,,,,,,,,,,,,,　……………………。
214300 ,,,,,,,,,,,,,,,,,　………………。
214400 ,,,,,,,,,,,,,,,,,　…………。
214700 ,,,,,6302,,店長,店長,,,,,,,,,「あー、翠川くん。今日からお客様のことはご主人様
　と呼んでくれるかな？」
214800 ,,,,,6302,,悠,悠,02yuu131_010.wav,,,,,,,,「はあっ！？　店長、どうしてっ……」
214900 ,,,,,6302,,,,,,,,,,,,　俺と肩を組んで店の奥から姿を現した店長。
215000 ,,,,,6302,,,,,,,,,,,,　メイド談義で思いっきり意気投合した。
215100 ,,,,,6302,,,,,,,,,,,,　親友と書いてダチと読む。我、＜終生＝しゅうせい＞の友を得たり！
215200 ,,,,,6302,,優哉,優哉,,,,,,,,,「あ、悪いけどお＜冷＝ひ＞やくれる？」
215300 ,,,,,6302,,悠,悠,02yuu131_011.wav,,,,,,,,「……はい。少々お待ちくださいませ、ご主人様」
215500 ,,,,12400,,,,,,,,,,,,,　こりゃ、毎日ここに通って調教するしかないな。
215600 ,,,,,,,,,,,,,,,,,　店長は戻り際、俺に親指を突き立てて口を斜めに
　吊り上げていた。
215700 ,,,,,,,,,,,,,,,,,　あの人は、≪分かってる≫。デキる人だ。
215800 ,,,,,,,優哉,優哉,,kotori,,90,,,,,「恋鳥もここでバイトすれば？
　あのヒラヒラな服、着たいんだろ？」
215900 ,,,,,,,優哉,優哉,,kotori,,90,,,,,「恋鳥にもぜひ、俺をご主人様と呼んでもらいたい」
216000 ,,,,,,,恋鳥,恋鳥,04kot131_036.wav,kotori,,4,,,,,「……犬」
216100 ,,,,,,,優哉,優哉,,kotori,,4,,,,,「犬？」
216200 ,,,,,,,恋鳥,恋鳥,04kot131_037.wav,kotori,,4,,,,,「あの服を着たら、お前をそう呼ぶ」
216300 ,,,,,,,優哉,優哉,,kotori,,4,,,,,「…………」
216400 ,,,,,,,,,,kotori,,90,,,,,　一瞬、メイド服を着て、俺を見下しながら『犬め』と
　吐き捨てる恋鳥を想像した。
216500 ,,,,,,,,,,kotori,,90,,,,,　……いいかもしれない。
216600 ,,,,,,,,,,kotori,,90,,,,,　あとであの店長に相談してみよう。
216700 ,,,,,,,,,,kotori,,90,,,,,　この店には、男の＜浪漫＝ろまん＞がいっぱいだ。
216900 ,,,,,6302,,悠,悠,02yuu131_012.wav,,,,,,,,「……ご主人様、お冷やでございます」
217000 ,,,,,6302,,,,,,,,,,,,　悠が水と一緒に恋鳥と大家さんが注文したものを
　運んできた。
217100 ,,,,,6302,,優哉,優哉,,,,,,,,,「おい、メイド。無愛想だぞ。
　もっと愛想よく笑ったらどうだ？」
217200 ,,,,,6302,,悠,悠,02yuu131_013.wav,,,,,,,,「も、元よりこういう顔つきですので……」
217300 ,,,,,6302,,優哉,優哉,,,,,,,,,「おい、メイド。何か面白いことやれ」
217400 ,,,,,6302,,悠,悠,02yuu131_014.wav,,,,,,,,「困ります、ご主人様。
　当店はそのようなサービスはしておりません」
217500 ,,,,,6302,,優哉,優哉,,,,,,,,,「おい、メイド。お冷や、おかわり」
217600 ,,,,,6302,,悠,悠,02yuu131_015.wav,,,,,,,,「当店は、お冷やを無料で出すサービスもしておりま
　せん。普通の飲食店と勘違いすんな、でございます」
217700 ,,,,,6302,,優哉,優哉,,,,,,,,,「おい、メイド。しばらくここに居座るぞ」
217800 ,,,,,6302,,悠,悠,02yuu131_016.wav,,,,,,,,「ごゆっくりしないで、さっさと食って帰れ、でござ
　います。ご主人様」
218000 ,,,,,,,,,,,,,,,,,　う～む……まだまだ調教が足りないか。
218100 ,,,,,,,,,,,,,,,,,　つーか、調教するたびに生意気になってるな。
　あのメイドは……。
218200 ,,,,,,,,,,kotori,,0,,,,,　その間にも、恋鳥と大家さんはおいしそうに注文の
　品を頬張っていた。
218300 ,,,,,,,大家さん,大家さん,16oya131_012.wav,kotori,,0,,,,,「優哉くんも少しどうですか？」
218400 ,,,,,,,優哉,優哉,,kotori,,0,,,,,「あ、俺はいいっす……」
218500 ,,,,,,,,,,kotori,,0,,,,,　ロールケーキを切らずに一気食いしているあなたに、
　何を求めろと……。
218600 ,,,,,,,,,,kotori,,0,,,,,　ここに来て、少し大家さんの印象が変わりつつあっ
　た。
218700 ,,,,,,,,,,kotori,,0,,,,,　しかし食いっぷりもよく似てるな、この二人……。
218800 ,,,,,,,優哉,優哉,,kotori,,0,,,,,「恋鳥、美味いか？」
218900 ,,,,,,,恋鳥,恋鳥,04kot131_038.wav,kotori,,1,,,,,「ん……美味いぞ」
219000 ,,,,,,,優哉,優哉,,kotori,,1,,,,,「そっか」
219100 ,,,,,,,,,,kotori,,1,,,,,　本当はケーキを釣りにして温泉部の話をするつもり
　だったのにな……。
219200 ,,,,,,,,,,kotori,,1,,,,,　恋鳥が幸せそうにケーキを食べている姿を見たら、
　なんだかどうでもよくなった。
219400 ,,,,,6302,,悠,悠,02yuu131_017.wav,,,,,,,,「お冷や。これで最後にしてよ。
　……でございます、ご主人様」
219500 ,,,,,6301,,優哉,優哉,,,,,,,,,「ああ、俺もふざけすぎちまった。
　仕事の邪魔して悪かったな」
219600 ,,,,,6301,,悠,悠,02yuu131_018.wav,,,,,,,,「こちら、いちごのショートケーキでございます」
219700 ,,,,,6301,,優哉,優哉,,,,,,,,,「いや、こんなの頼んでねえよ」
219800 ,,,,,6301,,悠,悠,02yuu131_019.wav,,,,,,,,「貧乏臭いご主人様に、心優しい萌え萌えメイドからの
　サービスでございます」
219900 ,,,,,6301,,優哉,優哉,,,,,,,,,「随分、肩書きの長いメイドだなあ……」
220000 ,,,,,6301,,恋鳥,恋鳥,04kot131_039.wav,,,,,,,,「……いちご」
220100 ,,,,,6301,,優哉,優哉,,,,,,,,,「お……早速、目をつけてきやがったな。
　この食いしん坊め」
220200 ,,,,,6301,,悠,悠,02yuu131_020.wav,,,,,,,,「恋鳥、それは優哉のだから……」
220300 ,,,,,6301,,優哉,優哉,,,,,,,,,「いいよ。元々、恋鳥の接待で来たんだから。
　ごめんな。気を使わせちまって……」
220400 ,,,,,6301,,悠,悠,02yuu131_021.wav,,,,,,,,「……いえ、ご主人様の＜仰＝おお＞せのままに」
220600 ,,,,,,,,,,,,,,,,,　ペコリと頭を下げ、店の奥に消えていく悠。
220700 ,,,,,,,,,,,,,,,,,　最後が一番、メイドっぽかったな……。
220800 ,,,,,,,恋鳥,恋鳥,04kot131_040.wav,kotori,,0,,,,,「……はんぶんこ」
220900 ,,,,,,,優哉,優哉,,kotori,,0,,,,,「ん？」
221000 ,,,,,,,,,,kotori,,0,,,,,　恋鳥はいちごの三角ショートを半分に切り、
　その一方を俺に差し出してくる。
221100 ,,,,,,,恋鳥,恋鳥,04kot131_041.wav,kotori,,3,,,,,「いちごは恋鳥のだぞ」
221200 ,,,,,,,優哉,優哉,,kotori,,3,,,,,「食え食え。気にせず、た～んと食え」
221300 ,,,,,,,恋鳥,恋鳥,04kot131_042.wav,kotori,,0,,,,,「……優哉も食え」
221400 ,,,,,,,優哉,優哉,,kotori,,0,,,,,「あ、ああ……」
221500 ,,,,,,,,,,kotori,,0,,,,,　素っ気なく勧められ、俺もショートケーキを口に
　放りこむ。
221600 ,,,,,,,恋鳥,恋鳥,04kot131_043.wav,kotori,,1,,,,,「んまいか？」
221700 ,,,,,,,優哉,優哉,,kotori,,1,,,,,「んまいな」
221800 ,,,,,,,,,,kotori,,1,,,,,　恋鳥が俺を、優哉と下の名前だけで呼んでくれたの
　は、このときが初めてだった……。
222000 ,,<!timepass_1_long>,8,12201,,,優哉,優哉,,,,,,,,,「ふぅ、すっかり日も暮れてきちまったな……」
222100 ,,,,,,,大家さん,大家さん,16oya131_013.wav,,,,,,,,「……優哉くん、何か恋鳥ちゃんに話があったのでは
　ないですか？」
222200 ,,,,,,,優哉,優哉,,,,,,,,,「あ……いや、いいんです。もう……」
222300 ,,,,,,,,,,,,,,,,,　結局、最後まで温泉部の話をする気にはならなかっ
　た。
222400 ,,,,,,,,,,,,,,,,,　食べ物で釣って俺を受け入れさせる、というやり方に
　抵抗があったのも事実だった。
222500 ,,,,,,,恋鳥,恋鳥,04kot131_044.wav,kotori,,0,,,,,「……優哉」
222600 ,,,,,,,優哉,優哉,,kotori,,0,,,,,「ん？」
222700 ,,,,,,,恋鳥,恋鳥,04kot131_045.wav,kotori,,0,,,,,「恋鳥はまた来たいぞ」
222800 ,,,,,,,優哉,優哉,,kotori,,0,,,,,「……俺が一緒でもいいのか？」
222900 ,,,,,,,恋鳥,恋鳥,04kot131_046.wav,kotori,,0,,,,,「ん」
223000 ,,,,,,,,,,,,,,,,,　否定とも肯定ともとれる、微妙な返事だった。
223100 ,,,,,,,,,,,,,,,,,　何はともあれ、少しは前進した……ということなの
　か。
223200 ,,,,,,,悠,悠,02yuu131_022.wav,,,,,,,,「ちょっと待ちなさいよ～！」
223300 ,,,,,,,,,,,,,,,,,　そろそろ恋鳥と別れる地点が迫っていたところで、
　背後からバタバタとうるさい足音が近づいてくる。
223400 ,,,,,,,,,,,,,,,,,　振り返らずとも、その相手が誰なのかは分かった。
223500 ,,,,,,,優哉,優哉,,,,,,,,,「どうしたんだよ、お前。メイドのバイトは？」
223600 ,,,,,,,悠,悠,02yuu131_023.wav,,,,"yuu,private",,0,,「今日はもうあがりっ。
　それにメイドのバイトじゃないってばっ」
223700 ,,,,,,,,,,,,,yuu,,0,,　アルバイトで動き回って、学校でも走り回って、
　それでもこれだけの元気が余ってるのはすごい。
223800 ,,,,,,,悠,悠,02yuu131_024.wav,,,,yuu,,5,,「はあ……まさかあんたにあんな姿を見られるなんて」
223900 ,,,,,,,恋鳥,恋鳥,04kot131_047.wav,yuu,,5,kotori,,90,,「恋鳥も見たぞ」
224000 ,,,,,,,悠,悠,02yuu131_025.wav,yuu,,5,kotori,,90,,「優哉に見られるのは屈辱なのっ」
224100 ,,,,,,,優哉,優哉,,yuu,,5,kotori,,90,,「んでもお前、なんでアルバイトなんかしてるんだ？
　生活、そんなに苦しいのかよ」
224200 ,,,,,,,悠,悠,02yuu131_026.wav,yuu,,2,kotori,,90,,「べ、別に生活は苦しくないけど……」
224300 ,,,,,,,優哉,優哉,,yuu,,2,kotori,,90,,「そうか、男に貢いでるのか」
224400 ,,,,,,,恋鳥,恋鳥,04kot131_048.wav,yuu,,2,kotori,,90,,「泥沼人生」
224500 ,,,,,,,悠,悠,02yuu131_027.wav,yuu,,2,kotori,,90,,「貢いでないってばっ。私の人生、バラ色だしっ」
224600 ,,,,,,,優哉,優哉,,yuu,,2,kotori,,90,,「ま、今時珍しくもねえか。
　女って服とかに金かかりそうだもんな」
224700 ,,,,,,,悠,悠,02yuu131_028.wav,yuu,,12,kotori,,90,,「……しょうがないじゃん。温泉部の部費、
　なくなっちゃうかもしれないんだから……」
224800 ,,,,,,,優哉,優哉,,yuu,,12,kotori,,90,,「そうか、温泉部に貢いでるのか」
224900 ,,,,,,,恋鳥,恋鳥,04kot131_049.wav,yuu,,12,kotori,,2,,「…………」
225000 ,,,,,,,優哉,優哉,,yuu,,12,kotori,,2,,「って、なぬっ！？　そんな話、聞いてねえぞ！」
225100 ,,,,,,,悠,悠,02yuu131_029.wav,yuu,,1,kotori,,2,,「うん、話した覚えもないし」
225200 ,,,,,,,,,,yuu,,1,kotori,,2,,　悠はあっけらかんと答える。
225300 ,,,,,,,,,,yuu,,1,kotori,,2,,　その途中、恋鳥が急に俺たちから遅れ始めた。
225400 ,,,,,,,優哉,優哉,,yuu,,1,kotori,,2,,「お前さ、そういうことは俺たちに相談してからにしろ
　よな」
225500 ,,,,,,,悠,悠,02yuu131_030.wav,yuu,,4,kotori,,2,,「相談してどうするの？」
225600 ,,,,,,,優哉,優哉,,yuu,,4,kotori,,2,,「だから……みんなで小遣い出し合ってとか、色々やれ
　るかもしれないだろうが」
225700 ,,,,,,,悠,悠,02yuu131_031.wav,yuu,,12,kotori,,2,,「そんなこと、かわいい部員たちにさせられるわけない
　じゃん。却下却下」
225800 ,,,,,,,優哉,優哉,,yuu,,12,kotori,,2,,「俺だって部長のお前に、出稼ぎみたいなことさせたく
　ねえよ」
225900 ,,,,,,,,,,yuu,,12,kotori,,2,,　気付くと背後にいた恋鳥は、完全に足を止めて
　しまっていた。
226000 ,,,,,,,,,,yuu,,90,kotori,,2,,　悠はそれを振り返り、凛とした眼差しを向ける。
226100 ,,,,,,,悠,悠,02yuu131_032.wav,yuu,,90,kotori,,2,,「……恋鳥、温泉部部則その３ってなんだっけ？」
226200 ,,,,,,,恋鳥,恋鳥,04kot131_050.wav,yuu,,90,kotori,,5,,「…………」
226300 ,,,,,,,恋鳥,恋鳥,04kot131_051.wav,yuu,,90,kotori,,0,,「……部長は……全力で部員たちのことを……」
226400 ,,,,,,,,,,yuu,,90,kotori,,0,,　恋鳥は止めていた歩みを再開させ、俺たちの前まで
　やってくる。
226500 ,,,,,,,,,,yuu,,90,kotori,,0,,　そしてそのまま悠の横に肩を並べ、
226700 ,,,,,,,悠＠恋鳥,悠＆恋鳥,02yuu131_033.wav＠04kot131_052.wav＠ext131_e01.wav,yuu,,90,kotori,,0,,「守らなければならない」
226800 ,,,,,,,,,,yuu,,4,kotori,,4,,　二人の視線が真っ直ぐに俺を射抜いていた。
226900 ,,,,,,,優哉,優哉,,yuu,,4,kotori,,4,,「……なら、その部則その３に追加しろ」
227000 ,,,,,,,悠,悠,02yuu131_034.wav,yuu,,4,kotori,,4,,「追加？」
227100 ,,,,,,,,,,yuu,,4,kotori,,4,,　俺は目を逸らさずに二人へ頷き返す。
227200 ,,,,,,,優哉,優哉,,yuu,,4,kotori,,4,,「ただし」
227300 ,,,,,,,優哉,優哉,,yuu,,4,kotori,,4,,「部員たちが全力で部長を守る例外も認める」
227400 ,,,,,,,悠,悠,02yuu131_035.wav,yuu,,4,kotori,,4,,「……恋鳥は？」
227500 ,,,,,,,恋鳥,恋鳥,04kot131_053.wav,yuu,,4,kotori,,5,,「ん……」
227600 ,,,,,,,恋鳥,恋鳥,04kot131_054.wav,yuu,,4,kotori,,90,,「……賛成」
227700 ,,,,,,,悠,悠,02yuu131_036.wav,yuu,,4,kotori,,90,,「優哉が温泉部に入ることには？」
227800 ,,,,,,,恋鳥,恋鳥,04kot131_055.wav,yuu,,4,kotori,,90,,「…………それは不本意だが」
227900 ,,,,,,,,,,yuu,,4,kotori,,0,,　恋鳥はぷいっと顔を背け、俺に小さな紙片を差し出し
　てくる。
228000 ,,,,,,,,,,yuu,,1,kotori,,0,,　悠はそれを見て、にっこりと微笑んだ。
228100 ,,,,,,,恋鳥,恋鳥,04kot131_056.wav,yuu,,1,kotori,,0,,「温泉部部員、葛城恋鳥」
228300 ,,,,,,,,,,yuu,,1,kotori,,0,,　そんな二度目の自己紹介は、彼女の携帯の番号と
　共に。
228400 ,,,,,,,,,,yuu,,1,kotori,,0,,　ほんの少しだけ拗ねた彼女と、それを見守る部長の
　優しい眼差しにのせて――。
228600 ,,<s_fade time=""5000"" param=""file=af/a005.af&range=255"">,,13101,,,優哉,優哉,,,,,,,,,「墨崎優哉です。よろしくお願いします！」
228700 ,,,,,,,悠,悠,02yuu131_037.wav,,,,,,,,「あいよ、よろしく～」
228800 ,,,,,,,恋鳥,恋鳥,04kot131_057.wav,,,,,,,,「……よろしく」
228900 ,,,,,,,大家さん,大家さん,16oya131_014.wav,,,,,,,,「私、ここにいていいのかしらねえ……」
229000 ,,,,,,,,,,,,,,,,,　高く澄んだ秋空の下、
229100 ,,,,,,,,,,,,,,,,,　俺たちは、
229200 ,,,,,,,,,,,,,,,,,　俺たち温泉部は、その心をひとつにして――。
229300 ,,,,,,,恋鳥,恋鳥,04kot131_058.wav,,,,,,,,「……不本意だが」
229400 ,,,,,,,,,,,,,,,,,　ほんの少し、乱れながらも、
229500 ,,,,,,,,,,,,,,,,,　前へ、進み始めた……。
229590 ,,<!Lend_move>,0,9000,,,,,,,,,,,,,
229599 ,,<!ec_kotori_pri>,,,,,,,,,,,,,,,
229800 ,@140,,,,,,,,,,,,,,,,
230100 ,,<!Lbegin_move>,7,1101,,,悠,悠,02yuu140_001.wav,"yuu,private",,0,"kotori,uniform",,0,,「なぁに？　あんたまだ、ふて腐れてんの？」
230200 ,,,,,,,優哉,優哉,,yuu,,0,kotori,,0,,「……お前さ、最初から≪これ≫が目的だっただろ？」
230300 ,,,,,,,悠,悠,02yuu140_002.wav,yuu,,5,kotori,,0,,「そんな、まるで私が露天風呂目当てで優哉を温泉部に
　誘ったみたいなこと言わないでくれる？」
230400 ,,,,,,,恋鳥,恋鳥,04kot140_001.wav,yuu,,5,kotori,,1,,「……悠、ナイス」
230500 ,,,,,,,悠,悠,02yuu140_003.wav,yuu,,17,kotori,,90,,「偶然よ、偶然。さ、早くいこいこっ」
230600 ,,,,,,,優哉,優哉,,yuu,,17,kotori,,90,,「はあ……」
230700 ,,,,,,,,,,,,,,,,,　――３人が揃ったお祝いしない？
230800 ,,,,,,,,,,,,,,,,,　そう言い出したのは悠だった。
230900 ,,,,,,,,,,,,,,,,,　――旅館『すみさき』で！
231000 ,,,,,,,,,,,,,,,,,　そう付け加えたのも悠。
231100 ,,,,,,,,,,,,,,,,,　こいつら絶対、タダで露天風呂に入る気だろ……。
231200 ,,,,,,,悠,悠,02yuu140_004.wav,yuu,,1,,,,,「優哉、歩くの遅いよー！」
231300 ,,,,,,,優哉,優哉,,yuu,,1,,,,,「分かったから大声を出すなって」
231400 ,,,,,,,,,,yuu,,1,,,,,　客とまちがわれて親父に出てこられたら厄介だ。
231500 ,,,,,,,,,,yuu,,1,,,,,　ここはできるだけ穏便に……。
231800 ,,<!move_short>,,1200,,,英俊,英俊,13eis140_001.wav,yuu,,0,kotori,,0,,「いやぁ！　よぉく来たねぇ、お嬢ちゃんたち！
　さ、遠慮せず入って入って」
231900 ,,,,,,,,,,yuu,,0,kotori,,0,,　既に手遅れだった！
232000 ,,,,,,,悠,悠,02yuu140_005.wav,yuu,,1,kotori,,0,,「あのぉ、私たちぃ、優哉くんの知り合いでぇ」
232100 ,,,,,,,英俊,英俊,13eis140_002.wav,yuu,,1,kotori,,0,,「おお、優哉の！　それはそれは、いつもあのバカ息子
　がお世話になっております～」
232200 ,,,,,,,悠,悠,02yuu140_006.wav,yuu,,1,kotori,,0,,「いいえー、こちらこそいつも優哉くんには優しくして
　もらってま～す▼」
232300 ,,,,,,,,,,yuu,,1,kotori,,0,,　親父の業務用スマイルも気持ち悪かったが、悠の
　明らかに作った人格も負けじと気色悪い。
232400 ,,,,,,,英俊,英俊,13eis140_003.wav,yuu,,90,kotori,,0,,「おや、そちらのお嬢ちゃんもかわゆぃ～」
232500 ,,,,,,,,,,yuu,,90,kotori,,0,,　バカめ、恋鳥はああいうナンパなヤツを一番嫌う
　タイプなのにな。
232600 ,,,,,,,,,,yuu,,90,kotori,,0,,　俺もそれで何度失敗したことか……。
232700 ,,,,,,,恋鳥,恋鳥,04kot140_002.wav,yuu,,90,kotori,,1,,「……いい人」
232800 ,,,,,,,英俊,英俊,13eis140_004.wav,yuu,,90,kotori,,1,,「お嬢ちゃんこそ、見るからに育ちがよさそうで……」
232900 ,,,,,,,恋鳥,恋鳥,04kot140_003.wav,yuu,,90,kotori,,4,,「息子はバカ」
233000 ,,,,,,,英俊,英俊,13eis140_005.wav,yuu,,90,kotori,,4,,「まったくその通り！　あいつは子供の頃から
　救いようのないバカでねえ……」
233100 ,,,,,,,恋鳥,恋鳥,04kot140_004.wav,yuu,,90,kotori,,90,,「名を聞こう」
233200 ,,,,,,,英俊,英俊,13eis140_006.wav,yuu,,90,kotori,,90,,「ええ、わたくし、ここの支配人をさせていただいて
　いる墨崎英俊と申します。以後、お見知りおきを」
233300 ,,,,,,,恋鳥,恋鳥,04kot140_005.wav,yuu,,90,kotori,,90,,「葛城恋鳥だ」
233400 ,,,,,,,英俊,英俊,13eis140_007.wav,yuu,,90,kotori,,90,,「おや！　これはまたかわいらしい名前でぇ」
233500 ,,,,,,,悠,悠,02yuu140_007.wav,yuu,,1,kotori,,90,,「私はぁ、翠川悠っていいますぅ▼」
233600 ,,,,,,,英俊,英俊,13eis140_008.wav,yuu,,1,kotori,,90,,「恋鳥ちゃんに悠さん！　いやぁ、今日はお二人に
　お会いできて本当にめでたい！」
233700 ,,,,,,,恋鳥,恋鳥,04kot140_006.wav,yuu,,1,kotori,,1,,「恋鳥も嬉しいぞ」
233800 ,,,,,,,,,,yuu,,1,kotori,,1,,　……ウソだ。
233900 ,,,,,,,,,,yuu,,1,kotori,,1,,　なんで恋鳥が親父なんかと意気投合を……。
234000 ,,,,,,,,,,yuu,,1,kotori,,1,,　つーか、俺の今までの苦労は一体……。
234100 ,,,,,,,英俊,英俊,13eis140_009.wav,yuu,,1,kotori,,1,,「ちょっと失礼……」
234200 ,,,,,,,,,,,,,,,,,　こちらに気付いた親父が、ペコペコと周りに頭を
　下げながら近づいてきた。
234300 ,,,,,,,英俊,英俊,13eis140_010.wav,,,,,,,,「あの背の高い子が、８８・５６・８６。
　横の小さい子が、７１・５４・７７だね」
234400 ,,,,,,,優哉,優哉,,,,,,,,,「はあ？　なんだよ、その数字」
234500 ,,,,,,,英俊,英俊,13eis140_011.wav,,,,,,,,「彼女たちのスリーサイズ」
234600 ,,,,,,,優哉,優哉,,,,,,,,,「ぶっ！？　なんでそんなの分かるんだよ、親父っ」
234700 ,,,,,,,英俊,英俊,13eis140_012.wav,,,,,,,,「長年この仕事をしていればそれぐらいはね。
　あの背の高いお嬢ちゃん……悠ちゃんだったかな？」
234800 ,,,,,,,英俊,英俊,13eis140_013.wav,,,,,,,,「あの子は着痩せするタイプ。
　相当、胸がデカいぞぉ。あれは……」
234900 ,,,,,,,優哉,優哉,,,,,,,,,「……無駄な特殊能力、身につけてんじゃねえよ」
235000 ,,,,,,,英俊,英俊,13eis140_014.wav,,,,,,,,「それで、どっちが本命だい？　悠ちゃん？
　それとも恋鳥ちゃん？」
235100 ,,,,,,,優哉,優哉,,,,,,,,,「はあっ！？　そんなんじゃねえよ、あいつらは」
235200 ,,,,,,,優哉,優哉,,,,,,,,,「最近、温泉部っていう部活に入ってな。
　あの二人はそこの部員だ」
235300 ,,,,,,,英俊,英俊,13eis140_015.wav,,,,,,,,「ほぉ、まだどちらにも手を出しないのかね」
235400 ,,,,,,,優哉,優哉,,,,,,,,,「これから先も出す予定はねえよ。
　それより親父、少しだけ露天風呂借りてもいいか？」
235500 ,,,,,,,英俊,英俊,13eis140_016.wav,,,,,,,,「ああ、いいよ」
235600 ,,,,,,,優哉,優哉,,,,,,,,,「ず、ずいぶん簡単なんだな」
235700 ,,,,,,,英俊,英俊,13eis140_017.wav,,,,,,,,「使う人がいなくて困っていたところだからね」
235800 ,,,,,,,優哉,優哉,,,,,,,,,「相変わらずなんだな、ここは……でもあいつら、
　金は払わないと思うぜ？」
235900 ,,,,,,,英俊,英俊,13eis140_018.wav,,,,,,,,「私がそんな、息子のガールフレンドたちからお金を
　とるような小さい男だと思うかい？」
236000 ,,,,,,,優哉,優哉,,,,,,,,,「親父……ごめん。俺、親父のこと誤解してたかも」
236100 ,,,,,,,英俊,英俊,13eis140_019.wav,,,,,,,,「入り終わったら、露天風呂の掃除を頼むよ。
　時給０円で」
236200 ,,,,,,,,,,,,,,,,,　……俺の感動を返せ。
236400 ,,<!move_short>,,1601,,,悠,悠,02yuu140_008.wav,yuu,,3,kotori,,0,,「ねえねえ、ずいぶんおじさんと長く話してたけど、
　だいじょぶだった？」
236500 ,,,,,,,優哉,優哉,,yuu,,3,kotori,,0,,「心配するぐらいなら、うちでお祝いしようとか言い
　出すなよな……」
236600 ,,,,,,,恋鳥,恋鳥,04kot140_007.wav,,,,kotori,,4,,「ん……」
236700 ,,,,,,,優哉,優哉,,,,,kotori,,4,,「恋鳥はどうした？　そんなとこで立ち止まって」
236800 ,,,,,,,恋鳥,恋鳥,04kot140_008.wav,,,,kotori,,4,,「……贋作」
236900 ,,,,,,,,,,,,,kotori,,4,,　飾ってあった絵画を指差す。
237000 ,,,,,,,,,,,,,kotori,,4,,　あれって確か、親父が何百万も出して古物商から
　買ったものだったような……。
237100 ,,,,,,,悠,悠,02yuu140_009.wav,yuu,,0,kotori,,0,,「にしても、全然お客さんいなくない？」
237200 ,,,,,,,優哉,優哉,,yuu,,0,kotori,,0,,「言うな。そのことには触れるな」
237300 ,,,,,,,悠,悠,02yuu140_010.wav,yuu,,0,kotori,,0,,「中もこんな綺麗なのに、どうして＜流行＝はや＞んないのかな」
237400 ,,,,,,,優哉,優哉,,yuu,,0,kotori,,0,,「んー、せめて美人女将とか仲居さんがいれば固定客
　はつきそうなんだけどなあ」
237500 ,,,,,,,悠,悠,02yuu140_011.wav,yuu,,1,kotori,,0,,「呼んだ？」
237600 ,,,,,,,優哉,優哉,,yuu,,1,kotori,,0,,「お前みたいにドテドテ走るヤツは向いてない」
237700 ,,,,,,,優哉,優哉,,yuu,,1,kotori,,0,,「やっぱこう、古風な感じのする大和撫子タイプが
　ベストだろうなあ……」
237800 ,,,,,,,悠,悠,02yuu140_012.wav,yuu,,2,kotori,,0,,「やまとなでしこぉ？
　今時そんなのいないって。男の幻想」
237900 ,,,,,,,,,,yuu,,2,kotori,,0,,　言い切りやがったよ、こいつ……。
238000 ,,,,,,,悠,悠,02yuu140_013.wav,yuu,,2,kotori,,0,,「大体さあ、女なんて本性はみんな……」
238090 ,,,,,,,,,,,,,,,,,
238100 ,,,,,,,つむぎ,女性,05tum140_001.wav,"tumugi,nakai",,1,,,,,「あ……ごゆっくりどうぞ」
238190 ,,,,,,,,,,,,,,,,,
238200 ,,,,,,,,,,yuu,,0,kotori,,0,,　あれ？
238300 ,,,,,,,,,,yuu,,0,kotori,,0,,　今すれ違った女の人、どこかで見たような……。
238400 ,,,,,,,悠,悠,02yuu140_014.wav,yuu,,0,kotori,,0,,「……いたね、大和撫子」
238500 ,,,,,,,恋鳥,恋鳥,04kot140_009.wav,yuu,,0,kotori,,0,,「美人」
238600 ,,,,,,,悠,悠,02yuu140_015.wav,yuu,,0,kotori,,0,,「ねえ、今の人って誰？　けっこう若いよね？」
238700 ,,,,,,,優哉,優哉,,yuu,,0,kotori,,0,,「さあ……仲居さんの格好してたけど、新しく入った
　人かな？」
238800 ,,,,,,,優哉,優哉,,yuu,,0,kotori,,0,,「俺の記憶では、あんな仲居さんは……」
239100 ,,<!scene_past_begin>,0,9000,1102,#sep,,,,,,,,,,,　……あ。
239200 ,,,,,1102,#sep,,,,,,,,,,,　そうか、あのときの……。
239400 ,,<!scene_past_end>,8,1601,,,,,,yuu,,0,kotori,,0,,　すみさきの従業員だったのか。
239500 ,,,,,,,,,,yuu,,0,kotori,,0,,　しかし親父も、経営が苦しいのによく新しい人を
　雇ったな……。
239600 ,,,,,,,悠,悠,02yuu140_016.wav,yuu,,1,kotori,,0,,「ねえ、優哉。露天風呂はどこ～？」
239700 ,,,,,,,優哉,優哉,,yuu,,1,kotori,,0,,「バカ、変なとこ行くな。こっちだよ、こっち」
239800 ,,,,,,,優哉,優哉,,yuu,,1,kotori,,0,,「俺はここで待ってるから、好きなだけ入ってこい」
239900 ,,,,,,,悠,悠,02yuu140_017.wav,yuu,,53,kotori,,0,,「はあ？　あんた、なに言ってんの？」
240000 ,,,,,,,優哉,優哉,,yuu,,53,kotori,,0,,「だから露天風呂入るんだろ、お前ら？」
240100 ,,,,,,,悠,悠,02yuu140_018.wav,yuu,,0,kotori,,0,,「あんたも一緒に決まってるでしょーが。
　バカじゃないの、ここで待ってるとか」
240200 ,,,,,,,優哉,優哉,,yuu,,0,kotori,,0,,「お、お前こそバカだろ！
　ここの露天風呂は混浴だぞ？
　男と女が同じ湯に入るんだぞ？」
240300 ,,,,,,,悠,悠,02yuu140_019.wav,yuu,,1,kotori,,0,,「だから？　それが普通っしょ。ねえ、恋鳥？」
240400 ,,,,,,,恋鳥,恋鳥,04kot140_010.wav,yuu,,1,kotori,,90,,「普通」
240500 ,,,,,,,,,,yuu,,1,kotori,,90,,　こいつら、思春期の男を舐めすぎだろ……。
240600 ,,<!scene_past_begin>,0,1200,,#sep,英俊,英俊,13eis140_020.wav,,,,,,,,「長年この仕事をしていればそれぐらいはね。
　あの背の高いお嬢ちゃん……悠ちゃんだったかな？」
240700 ,,,,,,#sep,英俊,英俊,13eis140_021.wav,,,,,,,,「あの子は着痩せするタイプ。
　相当、胸がデカいぞぉ。あれは……」
240800 ,,<!scene_past_end>,8,1601,,,,,,,,,,,,,　だぁぁぁっ！　親父、黙れっっっ！
240900 ,,,,,,,優哉,優哉,,yuu,,1,kotori,,90,,「分かったよ、上等だ。
　一緒に入ってやろうじゃねえか」
241000 ,,,,,,,悠,悠,02yuu140_020.wav,yuu,,1,kotori,,90,,「にしし、そうこなくっちゃね！」
241100 ,,,,,,,恋鳥,恋鳥,04kot140_011.wav,yuu,,1,kotori,,4,,「……この壺も贋作」
241400 ,,<!move_short>,,1302,,,悠,悠,02yuu140_021.wav,"yuu,bathtowel",,1,"kotori,bathtowel",,0,,「うっわー、ひろーい！　恋鳥、こっち来てみなー」
241500 ,,,,,,,恋鳥,恋鳥,04kot140_012.wav,yuu,,1,kotori,,52,,「恋鳥は泳ぐぞ」
241600 ,,,,,,,悠,悠,02yuu140_022.wav,yuu,,1,kotori,,52,,「眺めもいいし、さいっこぉ！
　ほんと、なんでここ流行らないんだろー」
241700 ,,,,,,,優哉,優哉,,yuu,,1,kotori,,52,,「…………」
241800 ,,,,,,,悠,悠,02yuu140_023.wav,yuu,,5,kotori,,90,,「ん？　優哉、あんたそんな隅っこで何してんの？」
241900 ,,,,,,,優哉,優哉,,yuu,,5,kotori,,90,,「風呂ってのは黙って入るもんだ」
242000 ,,,,,,,悠,悠,02yuu140_024.wav,yuu,,0,kotori,,90,,「はは～ん、もしかしてあんた……アレ？」
242100 ,,,,,,,優哉,優哉,,yuu,,0,kotori,,90,,「アレってなんだよ」
242200 ,,,,,,,悠,悠,02yuu140_025.wav,yuu,,1,kotori,,90,,「あんた、皮かぶってんの？」
242300 ,,,,,,,優哉,優哉,,yuu,,1,kotori,,90,,「ぶっ！？　おまっ……アホか！」
242400 ,,,,,,,悠,悠,02yuu140_026.wav,yuu,,12,kotori,,90,,「うわ、動揺してんの！」
242500 ,,,,,,,優哉,優哉,,yuu,,12,kotori,,90,,「してねーよ！」
242600 ,,,,,,,悠,悠,02yuu140_027.wav,yuu,,0,kotori,,90,,「いいじゃん、別にかぶってたってさー。
　恋鳥も皮付き好きっしょ？」
242700 ,,,,,,,恋鳥,恋鳥,04kot140_013.wav,yuu,,0,kotori,,1,,「……皮付きウィンナーは好きだぞ」
242800 ,,,,,,,悠,悠,02yuu140_028.wav,yuu,,1,kotori,,1,,「あ、私も皮付きウィンナー好き～♪」
242900 ,,,,,,,優哉,優哉,,yuu,,1,kotori,,1,,「お前ら、露天風呂に入ってそんな話しかできねえの
　か……」
243000 ,,,,,,,悠,悠,02yuu140_029.wav,yuu,,5,kotori,,0,,「あんたがひとりでノリが悪いからじゃない。
　せっかく、こうやって３人揃ったのにさー」
243100 ,,,,,,,優哉,優哉,,yuu,,5,kotori,,0,,「……疲れたんだよ、少し。
　正式な部員になるまで色々あったから……」
243200 ,,,,,,,悠,悠,02yuu140_030.wav,yuu,,0,kotori,,0,,「そういえばあんた、風邪気味なのにお風呂入って
　平気なの？」
243300 ,,,,,,,優哉,優哉,,yuu,,0,kotori,,0,,「こじれたら看病しろよ。徹夜で」
243400 ,,,,,,,恋鳥,恋鳥,04kot140_014.wav,yuu,,0,kotori,,4,,「……バカは風邪ひかないぞ」
243500 ,,,,,,,悠,悠,02yuu140_031.wav,yuu,,0,kotori,,4,,「ほんと優哉ってバカだよね～。
　昨日、雨降ってんのに恋鳥のアパートに行くとか
　言っちゃってさあ」
243600 ,,,,,,,恋鳥,恋鳥,04kot140_015.wav,yuu,,0,kotori,,3,,「……恋鳥のアパート？」
243700 ,,,,,,,悠,悠,02yuu140_032.wav,yuu,,0,kotori,,0,,「優哉からの電話で聞いたけど、恋鳥は傘持ってきて
　なかったんでしょ？」
243800 ,,,,,,,悠,悠,02yuu140_033.wav,yuu,,0,kotori,,0,,「それで優哉、恋鳥が雨の中を濡れて帰ったんじゃな
　いかって必死になってんの」
243900 ,,,,,,,悠,悠,02yuu140_034.wav,yuu,,0,kotori,,0,,「それでずぶ濡れになって、風邪ひいたんよね～？」
244000 ,,,,,,,優哉,優哉,,yuu,,0,kotori,,0,,「はいはい、バカで結構。
　俺のことはもうほっといてくれ」
244100 ,,,,,,,恋鳥,恋鳥,04kot140_016.wav,yuu,,0,kotori,,3,,「…………」
244200 ,,,,,,,優哉,優哉,,yuu,,0,kotori,,3,,「それより、湯に＜浸＝つ＞かりすぎるなよ？
　素人は温泉ではしゃいで、すぐのぼせるんだよな」
244300 ,,,,,,,悠,悠,02yuu140_035.wav,yuu,,1,kotori,,3,,「えー、そんなバカいないっしょ～」
244400 ,,,,,,,優哉,優哉,,yuu,,1,kotori,,3,,「んじゃ、もし温泉部でのぼせたヤツがでたら、
　一日だけ、そいつに温泉バカの称号を与えよう」
244500 ,,,,,,,優哉,優哉,,yuu,,1,kotori,,3,,「一日中、バカ！　バカ！　と罵倒され続ける素敵な
　権利だ」
244600 ,,,,,,,悠,悠,02yuu140_036.wav,yuu,,0,kotori,,3,,「それって優哉にとっては日常じゃない？」
244700 ,,,,,,,優哉,優哉,,yuu,,0,kotori,,3,,「いいからさっさとのぼせろ」
244800 ,,,,,,,悠,悠,02yuu140_037.wav,yuu,,0,kotori,,3,,「私は絶対、のぼせないね～。
　恋鳥は平気？　さっきからずいぶん静かだけど……」
244900 ,,,,,,,恋鳥,恋鳥,04kot140_017.wav,yuu,,0,kotori,,5,,「……ん」
245000 ,,,,,,,悠,悠,02yuu140_038.wav,yuu,,3,kotori,,5,,「どったの？　具合悪くなった？」
245100 ,,,,,,,恋鳥,恋鳥,04kot140_018.wav,yuu,,3,kotori,,0,,「……どうもしないぞ」
245200 ,,,,,,,悠,悠,02yuu140_039.wav,yuu,,5,kotori,,0,,「……？」
245280 ,,<m_fade fadeout=""12000""><hide>,0,,,,,,,yuu,,5,kotori,,0,,
245289 ,,<hide><yugami id=""0"" lx=""80"" ly=""100"" rad_rate=""100"" spd_rate=""100"" fadein_time=""8000"" fadeout_time=""0"">,,,,,,,,yuu,,5,kotori,,0,,
245290 ,,<hide><wait time=""5000""><s_fade wa time=""10000"">,,9000,,,,,,,,,,,,,
245390 ,,<hide><stop id=""0"">,,,,,,,,,,,,,,,
245400 ,,<hide><s_fade time=""1500"">,8,1200,,,,,,,,,,,,,　……萎えた。
245500 ,,,,,,,,,,,,,,,,,　自分にマジで萎えた。
245600 ,,,,,,,悠,悠,02yuu140_040.wav,"yuu,private",,0,,,,,「よっ、ば～か▼」
245700 ,,,,,,,優哉,優哉,,yuu,,0,,,,,「ぐっ」
245800 ,,,,,,,悠,悠,02yuu140_041.wav,yuu,,1,,,,,「ここまでバカだと、バカ！　って呼ぶのもかわいそう
　になってくるわ」
245900 ,,,,,,,優哉,優哉,,yuu,,1,,,,,「俺は湯にのぼせたんじゃない。
　可憐な君たちにのぼせたんだ」
246000 ,,,,,,,悠,悠,02yuu140_042.wav,yuu,,12,,,,,「起きなくていいから、横になってなよ。
　ほんと、世話が焼けんだから……」
246100 ,,,,,,,,,,yuu,,12,,,,,　ロビーの横にある休憩室を拝借中。
246200 ,,,,,,,,,,yuu,,12,,,,,　まさか自分が温泉でのぼせるとは……。
246300 ,,,,,,,優哉,優哉,,yuu,,12,,,,,「恋鳥はもう帰ったのか？」
246400 ,,,,,,,悠,悠,02yuu140_043.wav,yuu,,90,,,,,「恋鳥？　そういえばどこ行ったんだろ、あの子……」
246500 ,,,,,,,優哉,優哉,,yuu,,90,,,,,「お前もそろそろ帰れよ。外、暗くなっちまうぞ？」
246600 ,,,,,,,悠,悠,02yuu140_044.wav,yuu,,0,,,,,「ば～～～～～～～か！」
246700 ,,,,,,,悠,悠,02yuu140_045.wav,yuu,,0,,,,,「あんたのこと、放って帰れるわけないでしょーが」
246800 ,,,,,,,優哉,優哉,,yuu,,0,,,,,「……お前って、すげえよな」
246900 ,,,,,,,悠,悠,02yuu140_046.wav,yuu,,0,,,,,「あにがよ」
247000 ,,,,,,,優哉,優哉,,yuu,,0,,,,,「いや、普通は恥ずかしくて口に出せないこと、
　思いっきり直球で言ってくるから」
247100 ,,,,,,,悠,悠,02yuu140_047.wav,yuu,,0,,,,,「そぉ？　私はただ、思ったことをそのまま口に出し
　てるだけよ？」
247200 ,,,,,,,優哉,優哉,,yuu,,0,,,,,「それが……なんかすげえよ」
247300 ,,,,,,,,,,yuu,,0,,,,,　俺はきっと、悠のように真っ直ぐにはなれない。
247400 ,,,,,,,,,,yuu,,0,,,,,　悠や恋鳥を大事に思う気持ちはあるのに、それを
　言葉に出して伝えることは……きっとできない。
247500 ,,,,,,,,,,yuu,,0,,,,,　自分に素直になるというのは、簡単なようで難しい。
247600 ,,,,,,,優哉,優哉,,yuu,,0,,,,,「でも恋鳥が心配だな。
　あいつ、途中から急に元気なくなってたし……」
247700 ,,,,,,,悠,悠,02yuu140_048.wav,yuu,,0,,,,,「そうね～。私、ちょっとその辺を捜してくるわ」
247800 ,,,,,,,優哉,優哉,,yuu,,0,,,,,「ああ。親父には捕まるなよ」
247900 ,,,,,,,悠,悠,02yuu140_049.wav,yuu,,0,,,,,「あいよ～」
248000 ,,,,,,,英俊,英俊,13eis140_022.wav,,,,,,,,「おや、悠ちゃん！
　もうお風呂には入ったのかぃ～？」
248100 ,,,,,,,,,,,,,,,,,　……ご愁傷様。
248200 ,,,,,,,,,,,,,,,,,　はあ、ダメだ。俺も頭がぼーっとしてきた……。
248400 ,,<s_fade time=""3000"" type=""shadeoff"" param=""type=n"">,,9000,,,,,,,,,,,,,　………………。
248500 ,,,,,,,,,,,,,,,,,　…………。
248600 ,,,,,,,,,,,,,,,,,　……。
248790 ,,<!timepass_1_long>,,9000,,,,,,,,,,,,,
248800 ,,<s_fade time=""3000"" type=""shadeoff"" param=""type=r"">,,1200,3401,,優哉,優哉,,,,,,,,,「…………」
248900 ,,,,,3401,,,,,,,,,,,,　ずいぶん、静かだな。
249000 ,,,,,3401,,,,,,,,,,,,　悠は親父から逃げられたのか？
249200 ,,,,,3402,,優哉,優哉,,,,,,,,,「って、うおっ！？　恋鳥、何やってんだ！？」
249300 ,,,,,3402,,恋鳥,恋鳥,04kot140_019.wav,,,,,,,,「……何も」
249400 ,,,,,3402,,,,,,,,,,,,　寝ている俺の頭上に、危険なデルタ地帯があった。
249500 ,,,,,3402,,,,,,,,,,,,　ある意味、＜魔の＝バミューダ＞＜三角＝トライ＞＜海域＝アングル＞よりヤバい。
249600 ,,,,,3402,,優哉,優哉,,,,,,,,,「なあ……俺が目を覚ますまで、ずっとそうやってた
　のか？」
249700 ,,,,,3402,,恋鳥,恋鳥,04kot140_020.wav,,,,,,,,「……ずっとこうしていたぞ」
249800 ,,,,,3402,,優哉,優哉,,,,,,,,,「なんで？」
249900 ,,,,,3402,,恋鳥,恋鳥,04kot140_021.wav,,,,,,,,「起こすのが面倒」
250000 ,,,,,3402,,優哉,優哉,,,,,,,,,「いや、そうやって立ってる方が面倒だろ」
250100 ,,,,,3402,,恋鳥,恋鳥,04kot140_022.wav,,,,,,,,「……選べ」
250200 ,,,,,3402,,優哉,優哉,,,,,,,,,「選べって何を？」
250300 ,,,,,3402,,恋鳥,恋鳥,04kot140_023.wav,,,,,,,,「牛乳」
250400 ,,,,,3402,,優哉,優哉,,,,,,,,,「もしかして俺のために買ってきてくれたのか……？」
250500 ,,,,,3402,,恋鳥,恋鳥,04kot140_024.wav,,,,,,,,「まちがって２本買った」
250600 ,,,,,3402,,優哉,優哉,,,,,,,,,「まちがって……ね」
250700 ,,,,,3402,,,,,,,,,,,,　それにしても、目のやり場に困るな。これ……。
250800 ,,,,,3402,,恋鳥,恋鳥,04kot140_025.wav,,,,,,,,「茶色がコーヒー牛乳」
250900 ,,,,,3402,,恋鳥,恋鳥,04kot140_026.wav,,,,,,,,「白い方がふつーの牛乳だぞ」
251000 ,,,,,3402,,優哉,優哉,,,,,,,,,「恋鳥はどっちが好きなんだ？」
251100 ,,,,,3402,,恋鳥,恋鳥,04kot140_027.wav,,,,,,,,「…………」
251200 ,,,,,3402,,,,,,,,,,,,　目だけを動かして、左右の牛乳瓶を見比べる恋鳥。
251300 ,,,,,3402,,,,,,,,,,,,　散々に迷ったあげく、
251400 ,,,,,3402,,恋鳥,恋鳥,04kot140_028.wav,,,,,,,,「……牛乳はキライだ」
251500 ,,,,,3402,,優哉,優哉,,,,,,,,,「だったら、なんで買ったんだよ……」
251600 ,,,,,3402,,恋鳥,恋鳥,04kot140_029.wav,,,,,,,,「温泉のあとは牛乳」
251700 ,,,,,3402,,優哉,優哉,,,,,,,,,「でも牛乳はキライなんだろ？」
251800 ,,,,,3402,,恋鳥,恋鳥,04kot140_030.wav,,,,,,,,「キライ」
251900 ,,,,,3402,,,,,,,,,,,,　ダメだ、まったく恋鳥の思考が理解できない……。
252000 ,,,,,3402,,悠,悠,02yuu140_050.wav,,,,,,,,「ねえ、優哉。恋鳥が見つからないんだけどさー」
252100 ,,,,,3402,,優哉,優哉,,,,,,,,,「おかえり」
252200 ,,,,,3402,,悠,悠,02yuu140_051.wav,,,,,,,,「あ、なんだ。戻ってきてたんだ。
　ていうか、何してんの？」
252300 ,,,,,3402,,優哉,優哉,,,,,,,,,「好きな方の牛乳を選べと選択を迫られてる」
252400 ,,,,,3402,,悠,悠,02yuu140_052.wav,,,,,,,,「じゃあ、さっさと選べばいいじゃん。
　恋鳥が好きなのはコーヒー牛乳だっけ？」
252500 ,,,,,3402,,恋鳥,恋鳥,04kot140_031.wav,,,,,,,,「…………」
252600 ,,,,,3402,,優哉,優哉,,,,,,,,,「そうなのか？
　でもさっき、どっちもキライだって言ってたぞ？」
252700 ,,,,,3402,,悠,悠,02yuu140_053.wav,,,,,,,,「あんた、絶望的に鈍いわね～。恋鳥が好きなのを
　言ったら、あんたが選びにくくなるでしょうが」
252800 ,,,,,3402,,優哉,優哉,,,,,,,,,「あ……」
252900 ,,,,,3402,,恋鳥,恋鳥,04kot140_032.wav,,,,,,,,「……悠、うるさい」
253000 ,,,,,3402,,悠,悠,02yuu140_054.wav,,,,,,,,「ほら、あんたが早く選ばないから私にとばっちりが
　くるんでしょー」
253100 ,,,,,3402,,,,,,,,,,,,　選ぶも何も、誰かさんが恋鳥の好きな方をバラした
　おかげで選択肢はないわけだが。
253200 ,,,,,3402,,優哉,優哉,,,,,,,,,「じゃ、じゃあ、白い方の牛乳で」
253300 ,,,,,3402,,恋鳥,恋鳥,04kot140_033.wav,,,,,,,,「白……」
253400 ,,,,,3402,,,,,,,,,,,,　恋鳥は呟いて、左手の牛乳瓶を俺の顔の真上に
　持ってくる。
253500 ,,,,,3402,,恋鳥,恋鳥,04kot140_034.wav,,,,,,,,「……投下」
253700 ,,,,1200,,,優哉,優哉,,,,,,,,,「うおっ！？」
253800 ,,,,,,,,,,,,,,,,,　着弾まで僅か５ミリ。
253900 ,,,,,,,,,,,,,,,,,　真上から投下された瓶を真剣白刃取りで挟みこみ、
　俺はなんとか寿命の延長に成功した。
254000 ,,,,,,,,,,,,,,,,,　ピンポイントで眉間を狙ってきやがったぞ……。
254100 ,,,,,,,悠,悠,02yuu140_055.wav,yuu,,1,"kotori,uniform",,0,,「惜しい！
　もう少し、落下に勢いがあればね～」
254200 ,,,,,,,恋鳥,恋鳥,04kot140_035.wav,yuu,,1,kotori,,52,,「次回に期待」
254300 ,,,,,,,優哉,優哉,,yuu,,1,kotori,,0,,「ねえよ、次回なんて！」
254400 ,,,,,,,,,,yuu,,1,kotori,,0,,　牛乳を飲むのも命がけなのか、この部活は……。
254500 ,,,,,,,悠,悠,02yuu140_056.wav,yuu,,0,kotori,,0,,「そうだ、せっかくだし乾杯しよっか？
　新しい温泉部のスタートを祝して！」
254600 ,,,,,,,優哉,優哉,,yuu,,0,kotori,,0,,「別にいいけど、お前は飲み物あるのか？」
254700 ,,,,,,,悠,悠,02yuu140_057.wav,yuu,,1,kotori,,0,,「実はまちがって、牛乳３本も買っちゃってさー」
254800 ,,,,,,,,,,yuu,,1,kotori,,0,,　と、悠は懐から３本のコーヒー牛乳を取り出す。
254900 ,,,,,,,,,,yuu,,1,kotori,,0,,　まったく、こいつらときたら……。
255000 ,,,,,,,悠,悠,02yuu140_058.wav,yuu,,0,kotori,,0,,「んじゃ、みんなおっけー？　いくよ～？」
255100 ,,,,,,,優哉,優哉,,yuu,,0,kotori,,0,,「あいよ」
255200 ,,,,,,,恋鳥,恋鳥,04kot140_036.wav,yuu,,0,kotori,,0,,「……いいぞ」
255300 ,,,,,,,悠,悠,02yuu140_059.wav,yuu,,0,kotori,,0,,「新たな温泉部の門出を祝って～～！」
255500 ,,<!move_look>,,1102,,,悠,悠,02yuu140_060.wav,,,,,,,,「かんぱーーーーーーーい▼」
255600 ,,,,,,,恋鳥,恋鳥,04kot140_037.wav,,,,,,,,「……乾杯」
255700 ,,,,,,,優哉,優哉,,,,,,,,,「かんぱ……恋鳥、俺と乾杯しろって、おい！」
255800 ,,,,,,,恋鳥,恋鳥,04kot140_038.wav,,,,,,,,「バカとは乾杯しない」
255900 ,,,,,,,悠,悠,02yuu140_061.wav,,,,,,,,「私もバカとはしなーい」
256000 ,,,,,,,優哉,優哉,,,,,,,,,「くっ、お前らぁぁぁっ！」
256090 ,,<!Lend_day_change>,0,9000,,,,,,,,,,,,,
256099 ,,<!ec_yuu_uni>,,,,,,,,,,,,,,,
256250 ,@char_select_1,,,,,,,,,,,,,,,,
256269 ,,<!before_charselect>,0,512,,,,,,,,,,,,,
256270 ,$char_select 1,,,,,,,,,,,,,,,,ここにシーケンスが入るハズ
256279 ,,<!after_char_select>,0,9000,,,,,,,,,,,,,
256280 ,$jump_begin,,,,,,,,,,,,,,,,
↓,"$jump_item 0,愛歌（１５１）,151",,,,,,,,,,,,,,,,
↓,"$jump_item 1,悠（１５２）,152",,,,,,,,,,,,,,,,
↓,"$jump_item 2,恋鳥（１５３）,153",,,,,,,,,,,,,,,,
↓,"$jump_item 3,千紗（１５４）【つむぎルート】,154",,,,,,,,,,,,,,,,
↓,$jump_end,,,,,,,,,,,,,,,,
256300 ,@151,,,,,,,,,,,,,,,,
256490 ,"$fadd %manaka,1",,,,,,,,,,,,,,,,
256800 ,,<!Lbegin_morning>,1,500,,,千紗,？？？,06tis151_001.wav,,,,,,,,「お兄ちゃーんっ！　起きてるーっ？」
256900 ,,,,,,,優哉,優哉,,,,,,,,,「……んん……」
257000 ,,,,,,,,,,,,,,,,,　いつも通り、千紗の声でまどろみから引きずり出される。
257100 ,,,,,,,優哉,優哉,,,,,,,,,「起きてるよーっ……あふぁ」
257200 ,,,,,,,千紗,千紗,06tis151_002.wav,,,,,,,,「千紗もう行くからねーっ、お兄ちゃんちゃんとごはん食べてってねーっ」
257300 ,,,,,,,優哉,優哉,,,,,,,,,「はいよー……」
257400 ,,,,,,,,,,,,,,,,,　あくびをかみ殺しながら返事を返すと、
257500 ,,,,,,,千紗,千紗,06tis151_003.wav,,,,,,,,「なーんか怪しいなあ……まあいいや、行こ、陽向」
257600 ,,,,,,,,,,,,,,,,,　陽向の返事と同時に玄関のドアが閉まる音。
257700 ,,,,,,,,,,,,,,,,,　そして、家の中に静寂が戻ってきた。
257800 ,,,,,,,優哉,優哉,,,,,,,,,「……さて、今日も楽しく二度寝、二度寝、と……」
257900 ,,,,,,,,,,,,,,,,,　ふとんを肩まで引っぱり上げてぬくぬくしながらまぶたを閉じる。
258100 ,,,,9000,,,,,,,,,,,,,　………………
258200 ,,,,,,,,,,,,,,,,,　…………
258300 ,,,,,,,愛歌,？？？,01man151_001.wav,,,,,,,,「……優哉ちゃん、起きて……ないね、やっぱり」
258400 ,,,,,,,愛歌,？？？,01man151_002.wav,,,,,,,,「優哉ちゃん、起きて、起きて……」
258500 ,,,,,,,,,,,,,,,,,　ばさっと布団が引きはがされ、視界にまぶしい朝の光が差し込んでくる。
258700 ,,,,,1201,,優哉,優哉,,,,,,,,,「うおお……」
258800 ,,,,,1201,,愛歌,愛歌,01man151_003.wav,,,,,,,,「優哉ちゃん、おはよう。起きないと遅刻しちゃうよ」
258900 ,,,,,1201,,,,,,,,,,,,　ほがらかに笑いかけてくる愛歌。その笑顔に背を向け、俺は布団を頭まで引っぱり上げる。
259000 ,,,,,1201,,優哉,優哉,,,,,,,,,「……ダメだ、俺は起きられん」
259100 ,,,,,1201,,愛歌,愛歌,01man151_004.wav,,,,,,,,「え、な、なんで？」
259200 ,,,,,1201,,優哉,優哉,,,,,,,,,「いつも通りおはようのキスをしてもらわないことには……」
259300 ,,,,,1202,,愛歌,愛歌,01man151_005.wav,,,,,,,,「だからいつもしてないってば……」
259400 ,,,,,1202,,,,,,,,,,,,　その言葉に俺は布団の中でにやりと笑った。
259500 ,,,,,1202,,優哉,優哉,,,,,,,,,「……じゃあ代わりにこないだと同じようにしようか」
259600 ,,,,,1201,,愛歌,愛歌,01man151_006.wav,,,,,,,,「え？　こないだ、って……？」
259700 ,,,,,1201,,優哉,優哉,,,,,,,,,「おはようのケツを……っ！」
259800 ,,,,,1201,,,,,,,,,,,,　布団をはねとばして起きあがりつつ、伸ばした手はふくよかな柔らかい感触を……
259900 ,,,,,1202,,愛歌,愛歌,01man151_007.wav,,,,,,,,「そっ、そういうのはダメだってばぁっ」
260000 ,,,,,1202,,,,,,,,,,,,　ぐいいぃいっ！
260200 ,,"<!se_punch_comical><shake target=""sc"" time=""700,700"" x=""24,180,0"" y=""18,160,0"">",,500,1202,,,,,,,,,,,,　つかんだ瞬間、愛歌のつきだした手が俺の顔面にめり込んだ。
260300 ,,,,,1202,,優哉,優哉,,,,,,,,,「あだっ、いてっいててっ！　鼻が、鼻がつぶれる！」
260400 ,,,,,1202,,,,,,,,,,,,　鼻を押し込むようにめり込んだ手のひらが、ぐいぐいと突き出されてきて意外と痛い。
260500 ,,,,,1202,,,,,,,,,,,,　もちろん尻はつかんでられずに手をはなしてしまった。
260600 ,,,,,1203,,愛歌,愛歌,01man151_008.wav,,,,,,,,「あっ！？　ご、ごめんね、優哉ちゃん……」
260700 ,,,,,1203,,,,,,,,,,,,　このまま鼻がつぶれたらどう責任を取ってもらおう、とか人ごとのように考える。
260800 ,,,,,1203,,優哉,優哉,,,,,,,,,「あ、あやまるなら、手、放せっ……」
260900 ,,,,,1203,,,,,,,,,,,,　愛歌は言われてやっと気づいたみたいに、あわてて顔にめり込んだ手のひらを放す。
261000 ,,,,,1203,,優哉,優哉,,,,,,,,,「は、鼻の骨がめり込むかと思った……」
261100 ,,,,,1203,,愛歌,愛歌,01man151_009.wav,,,,,,,,「お、おおげさだよ……」
261200 ,,,,,1203,,優哉,優哉,,,,,,,,,「おおげさじゃないっ、かなり痛かったんだぞっ」
261300 ,,,,,1203,,愛歌,愛歌,01man151_010.wav,,,,,,,,「う、うん。じゃあ次から痛くないように気をつけるよ」
261400 ,,,,,1203,,,,,,,,,,,,　次があるのか、おい。
261500 ,,,,,1203,,優哉,優哉,,,,,,,,,「俺は盛大に機嫌を損ねた！　やっぱりおはようのキスがないと起きるわけにはいかない！」
261600 ,,,,,1203,,,,,,,,,,,,　俺はわめきながら再び布団の中に潜り込む。
261700 ,,,,,1202,,愛歌,愛歌,01man151_011.wav,,,,,,,,「だ、ダメだってばぁ……」
261800 ,,,,,1202,,,,,,,,,,,,　近づいてくる愛歌。その絶好のチャンス！
261900 ,,,,,1202,,優哉,優哉,,,,,,,,,「それでは代わりにおはようのケツを……っ！」
262000 ,,,,,1202,,愛歌,愛歌,01man151_012.wav,,,,,,,,「もうっ、優哉ちゃんったらっ！」
262100 ,,,,,1202,,,,,,,,,,,,　再び顔面を圧迫する手のひら。
262200 ,,,,,1202,,,,,,,,,,,,　ぐいいいいいいいっっっ！！
262400 ,,,,,1202,,優哉,優哉,,,,,,,,,「にぎゃああああああッ！　め、目に指がっ、刺さっギャアアアァっ！！」
262590 ,,,,9000,,,,,,,,,,,,,
262800 ,,<!move_long>,,100,,,優哉,優哉,,"manaka,uniform",,3,,,,,「………………」
262900 ,,,,,,,愛歌,愛歌,01man151_013.wav,manaka,,3,,,,,「……はうぅ、ごめんね、優哉ちゃん……」
263000 ,,,,,,,,,,manaka,,3,,,,,　２度の顔面押しでまだ首が痛い。
263100 ,,,,,,,優哉,優哉,,manaka,,3,,,,,「やっぱりおはようのキスぐらいしてもらわないと割にあわないぞ……」
263200 ,,,,,,,愛歌,愛歌,01man151_014.wav,manaka,,6,,,,,「そ、それはダメだよぉ……」
263300 ,,,,,,,秋香,？？？,11aki151_009.wav,manaka,,6,,,,,「あらあら二人とも、今日も仲むつまじいわね▼」
263500 ,,,,,,,,,,manaka,,0,,,,,　突然後ろからかけられた声に俺たちは慌てて振り返る。
263800 ,,,,,,,愛歌,愛歌,01man151_015.wav,"akika,private",,1,manaka,,0,,「あ、お母さん」
263900 ,,,,,,,秋香,秋香,11aki151_001.wav,akika,,1,manaka,,0,,「うふふ、おはよう優哉くん」
264000 ,,,,,,,優哉,優哉,,akika,,1,manaka,,0,,「おはようございます、＜秋香＝あきか＞さん」
264100 ,,,,,,,,,,akika,,0,manaka,,0,,　この人は＜秋里＝あきさと＞＜秋香＝あきか＞さん。ほとんど＜一目＝いちもく＞＜瞭然＝りょうぜん＞だが、愛歌のお母さんだ。
264200 ,,,,,,,,,,akika,,0,manaka,,0,,　俺にとっても母親みたいな……そんな人のはずなんだけど、ちょっとばかりノリがよすぎてたまにそういうのを忘れることもある。
264300 ,,,,,,,秋香,秋香,11aki151_002.wav,akika,,1,manaka,,0,,「なぁに？　じっと見て……おっぱいが恋しくなっちゃった？」
264400 ,,,,,,,優哉,優哉,,akika,,1,manaka,,0,,「ち、違いますよ！」
264500 ,,,,,,,,,,akika,,1,manaka,,0,,　アセって否定する俺に、くすくす笑う秋香さん、頬を赤らめておろおろする愛歌。これもいつもの光景だ。
264600 ,,,,,,,秋香,秋香,11aki151_003.wav,akika,,0,manaka,,0,,「うふふ、そうよねえ。今日も優哉くんは朝からオ・サ・カ・ンだったみたいだし▼」
264700 ,,,,,,,優哉,優哉,,akika,,0,manaka,,0,,「お、オサカンってそんな別に……」
264800 ,,,,,,,秋香,秋香,11aki151_004.wav,akika,,1,manaka,,0,,「おはようのキスをーってやってたじゃない？　外まで聞こえてたわよ」
264900 ,,,,,,,,,,akika,,1,manaka,,0,,　ぐ、ぐわああああ！　誰かに聞かれてたってだけで恥ずかしいのに、秋香さんに聞かれてたってのがよけい恥ずかしい！
265000 ,,,,,,,優哉,優哉,,akika,,1,manaka,,0,,「ソ、ソレハデスネ……？」
265100 ,,,,,,,愛歌,愛歌,01man151_016.wav,akika,,1,manaka,,15,,「お、お母さん、あれはその……」
265170 ,,,,,,,,,,akika,,1,manaka,,3,,
265180 ,,,,,,,,,,akika,,1,manaka,,6,,
265300 ,,,,,,,優哉＠愛歌,二人,01man151_017.wav＠ext151_e01.wav,akika,,0,manaka,,6,,「………………」
265400 ,,,,,,,,,,akika,,0,manaka,,6,,　俺たちは何も言えなくなってしまう。
265500 ,,,,,,,秋香,秋香,11aki151_005.wav,akika,,1,manaka,,6,,「…………ぷっ……ふふふ、はははは、あはははは……」
265600 ,,,,,,,秋香,秋香,11aki151_006.wav,akika,,1,manaka,,6,,「うん、二人とも仲がよくてけっこうけっこう。その調子でイチャイチャなさい▼」
265700 ,,,,,,,,,,,,,manaka,,6,,　言いながら秋香さんは軽く手を振って俺たちに背を向ける。
265800 ,,,,,,,愛歌,愛歌,01man151_018.wav,,,,manaka,,6,,「も、もうお母さん、私と優哉ちゃんはイチャイチャなんて……」
266100 ,,,,,,,秋香,秋香,11aki151_007.wav,akika,,1,manaka,,6,,「おはようのキスーっ▼」
266200 ,,,,,,,愛歌,愛歌,01man151_019.wav,akika,,1,manaka,,15,,「もうっ、お母さんっ！」
266300 ,,,,,,,秋香,秋香,11aki151_008.wav,akika,,1,manaka,,15,,「あははっ、愛歌が怒ったーっ」
266400 ,,,,,,,,,,manaka,,15,,,,,　笑いながら秋香さんが逃げていく。見る間に角を曲がって見えなくなった。
266500 ,,,,,,,,,,manaka,,15,,,,,　さすが星河原のイタズラクイーン、逃げ足が速いぜ。もちろんこの称号は俺がつけた。
266600 ,,,,,,,愛歌,愛歌,01man151_020.wav,manaka,,3,,,,,「ご、ごめんね。お母さんがあんなこといって……帰ったら怒っておくからね？」
266700 ,,,,,,,優哉,優哉,,manaka,,3,,,,,「いや、別にいいよ。楽しいし。っていうか、愛歌にとってあれは怒らなきゃならないことなのか？」
266800 ,,,,,,,愛歌,愛歌,01man151_021.wav,manaka,,6,,,,,「……え？」
266900 ,,,,,,,優哉,優哉,,manaka,,6,,,,,「そんなに俺とイチャイチャするのがイヤなのか……そうか、そうか……」
267000 ,,,,,,,,,,manaka,,6,,,,,　哀しげな笑みを浮かべてふらふらと歩いて見せると、愛歌があわてて後ろから追いすがってくる。
267100 ,,,,,,,愛歌,愛歌,01man151_022.wav,manaka,,15,,,,,「ゆ、優哉ちゃん、あのね、えっと……だから……イヤって言う訳じゃなくて……そのね……ただちょっと……ええっと……」
267200 ,,,,,,,優哉,優哉,,manaka,,15,,,,,「……なーんつってな。おい、それより時間もうヤバくないか？」
267300 ,,,,,,,,,,manaka,,3,,,,,　一瞬あっけにとられた愛歌は、うなされるままに時間を確認する。
267400 ,,,,,,,愛歌,愛歌,01man151_023.wav,manaka,,2,,,,,「え、あ、うん……って、もうこんな時間？」
267500 ,,,,,,,優哉,優哉,,manaka,,2,,,,,「ほら、急ぐぞ愛歌」
267600 ,,,,,,,,,,manaka,,2,,,,,　時計を見てる間にちょっと先に行ってみたりして。
267700 ,,,,,,,愛歌,愛歌,01man151_024.wav,manaka,,15,,,,,「えっ……ちょ、ちょっと待って、早いよ優哉ちゃん」
267800 ,,,,,,,優哉,優哉,,manaka,,15,,,,,「……お前やっぱりちょっとトロいよな」
267900 ,,,,,,,愛歌,愛歌,01man151_025.wav,manaka,,0,,,,,「そ、そんなことないもん……これぐらいが女の子の普通だもん……」
268000 ,,,,,,,優哉,優哉,,manaka,,0,,,,,「はいはい。ほら、さっさと行くぞ？」
268100 ,,,,,,,,,,manaka,,0,,,,,　言いながら手を差し出すと、愛歌は俺の手と顔を見比べてからあわてて手を取って、うれしそうに頷いた。
268200 ,,,,,,,愛歌,愛歌,01man151_026.wav,manaka,,1,,,,,「うんっ！」
268290 ,,<!Lend_day_change>,0,9000,,,,,,,,,,,,,
268299 ,,<!ec_manaka_uni>,,,,,,,,,,,,,,,
268390 ,$go 160,,,,,,,,,,,,,,,,
268500 ,@152,,,,,,,,,,,,,,,,
268690 ,"$fadd %yuu,1",,,,,,,,,,,,,,,,
268800 ,,<!Lbegin_day_change>,7,4300,,,,,,,,,,,,,　腹を満たした後の昼休み、俺は何をするでもなく
　廊下の窓から入ってくる風で涼んでいた。
268900 ,,,,,,,愛歌,愛歌,01man152_001.wav,"manaka,uniform",,0,,,,,「優哉ちゃん、何してるの？」
269000 ,,,,,,,優哉,優哉,,manaka,,0,,,,,「ん？　見て分かるだろ？　何もしてないんだよ」
269100 ,,,,,,,愛歌,愛歌,01man152_002.wav,manaka,,3,,,,,「え、あ、うん。そうなんだ……」
269200 ,,,,,,,優哉,優哉,,manaka,,3,,,,,「そうなんだよ」
269300 ,,,,,,,,,,manaka,,3,,,,,　正直、胃に血が行っちまってるせいでかったるい。
　愛歌には悪いが、ここは適当にやり過ごそう。
　…………と思っていたら
269400 ,,,,,,,大和,大和,08yam152_001.wav,manaka,,3,"yamato,uniform",,1,,「ん！　んん～？　いかんぞ？　いい若いモンが！
せっかく天気がいいのに、そんな覇気のない事で
どうするんだ！」
269500 ,,,,,,,,,,manaka,,3,yamato,,1,,　また面倒くさいヤツがきやがった……
269600 ,,,,,,,優哉,優哉,,manaka,,3,yamato,,1,,「……なんと言うか、お前まだキャラを模索
してたんだな。今度は近所のじいさんか？
それとも現代に生きるサムライか？」
269700 ,,,,,,,大和,大和,08yam152_002.wav,manaka,,3,yamato,,0,,「何とでも言ってくれ。
だがな、せっかくの休み時間だぞ？
もっと有意義に使ったらどうなんだ？」
269800 ,,,,,,,愛歌,愛歌,01man152_003.wav,manaka,,90,yamato,,0,,「有意義って、どんな風に過ごしたらいいのかな？」
269900 ,,,,,,,優哉,優哉,,manaka,,90,yamato,,0,,「お前も興味ありげに尋ねるな。
そんな事したら余計コイツが調子に乗るだろうが」
270000 ,,,,,,,大和,大和,08yam152_003.wav,manaka,,90,yamato,,1,,「いい質問だ秋里。ここは……やはりスポーツだろう。
余暇を活動的に楽しんでる印象を与え、爽やかな汗で
女子をノックアウトするって寸法だ」
270100 ,,,,,,,優哉,優哉,,manaka,,90,yamato,,1,,「結局、女子狙いの打算的行動か。
ちょっと顔がいいからって、そこまで
変態ジゴロ道を邁進する事もないんだぞ？」
270200 ,,,,,,,大和,大和,08yam152_004.wav,manaka,,90,yamato,,7,,「誰が変態ジゴロだ誰が！　いくら優哉と言えども、
俺の忍耐力にも限界ってヤツが…………」
270300 ,,,,,,,,,,manaka,,90,yamato,,7,,　と、
　大和が珍しくキレそうになったまさにその時だった。
270400 ,,,,,,,悠,？？？,02yuu152_001.wav,manaka,,90,yamato,,7,,「ごめん！　どいてどいてどいて、どいて～っ！」
270500 ,,,,,,,,,,manaka,,90,yamato,,7,,　のんべんだらりと弛緩していた俺の体が、
　その声を聞いた瞬間にぴん！　と張り詰める。
270600 ,,,,,,,愛歌,愛歌,01man152_004.wav,manaka,,2,yamato,,7,,「ふぇっ！？　優哉ちゃん？」
270700 ,,,,,,,,,,,,,yamato,,2,,　愛歌の腕をつかんで引っ張り、
　俺はその体を抱きとめるように
　予想される危険地域から離脱した。次の瞬間。
270990 ,,,,,,,,,,,,,yamato,,53,,
271000 ,,<!ef_body_hit>,,,,,大和,大和,08yam152_005.wav,,,,yamato,,53,,「がはあぁぁっ…………！！」
271100 ,,,,,,,,,,,,,,,,,　大和の体はきりもみスピンをしながら、
　天井のすぐそばまで跳ね上げられていた。
271200 ,,,,,,,優哉,優哉,,,,,,,,,「ここまでの威力とは……！
ヤツの力はすでに１０００万パワーを超えたか！？」
271300 ,,,,,,,,,,,,,,,,,　畏怖すら混ざった俺と愛歌の視線の先には、
　痙攣している大和の身体に頭を下げている
　暴走特急女の姿があった
271400 ,,,,,,,悠,悠,02yuu152_002.wav,,,,"yuu,uniform",,2,,「うわわっ！　ごめん！　ホントにごめんね！
……って、だれが悪魔超人かーっ！」
271500 ,,,,,,,優哉,優哉,,,,,yuu,,2,,「お前以外に誰がいるって言うんだ？
角もないくせにショルダータックルじゃなくて、
ハリ○ーン・ミキサーが出せてるじゃないか」
271600 ,,,,,,,悠,悠,02yuu152_003.wav,,,,yuu,,53,,「これはぶつかっただけ！　不幸な事故でしょ？
必殺技出したワケじゃないんだから！」
271700 ,,,,,,,優哉,優哉,,,,,yuu,,53,,「無意識でこの威力か……末恐ろしい奴だな」
271800 ,,,,,,,悠,悠,02yuu152_004.wav,,,,yuu,,53,,「だーかーらーっ！」
271900 ,,,,,,,,,,,,,yuu,,53,,　丁々発止の俺と悠のやり取りに、
　おずおずと愛歌が割り込んできた
272000 ,,,,,,,愛歌,愛歌,01man152_005.wav,yuu,,53,manaka,,0,,「あの……　悠？」
272100 ,,,,,,,悠,悠,02yuu152_005.wav,yuu,,0,manaka,,0,,「あ、愛歌も何か言ってよー！
いくら私が温厚なセクシーウーマンだって、
許せる事と許せない事があるんだからね！」
272200 ,,,,,,,愛歌,愛歌,01man152_006.wav,yuu,,0,manaka,,3,,「あのね？　悠、
何か用事があるから急いでるんじゃないの？
お話してても大丈夫？」
272300 ,,,,,,,,,,yuu,,2,manaka,,3,,　愛歌の大変冷静な言葉で悠も思い出したらしく、
　いきなり踵を返して走り始めた。
272500 ,,<se file=""yuu_run_RL.wav"">,,,301,,悠,悠,02yuu152_006.wav,,,,,,,,「しまったあっ！！　優哉、この決着は後でね。
ごめんごめんごめん！　どいてどいて～っ！」
272600 ,,,,,301,,,,,,,,,,,,　まったく持ってあわただしい奴だ。
　あいつにはもう少し落ち着いて生きるって事を
　学ばせた方がいいらしい。
272700 ,,,,,301,,愛歌,愛歌,01man152_007.wav,,,,,,,,「悠、忙しそうだね」
272800 ,,,,,301,,優哉,優哉,,,,,,,,,「……お前、よくそれだけの感想で済ませられるな」
272900 ,,,,,301,,愛歌,愛歌,01man152_008.wav,,,,,,,,「え？　え？　私、何かおかしい事言った？」
273000 ,,,,,301,,大和,大和,08yam152_006.wav,,,,,,,,「…………よくもまあ、
毎日あんなに走り回れるもんだと思うよ」
273100 ,,,,,301,,,,,,,,,,,,　お、もう復活したか。思ったよりタフだな、大和。
273200 ,,,,,301,,愛歌,愛歌,01man152_009.wav,,,,,,,,「それだけ頼りにされてるんだよ。
すごい事だと思うよ？」
273300 ,,,,,301,,大和,大和,08yam152_007.wav,,,,,,,,「部活の助っ人だけならまだしも、
色んな雑用まで引き受けてるんだろう？
そこまで行くと、便利に使われてるって感じだけどな」
273400 ,,,,,301,,,,,,,,,,,,　大和は肩をすくめてみせた。
273500 ,,,,,301,,大和,大和,08yam152_008.wav,,,,,,,,「俺はそこまでお人よしなの、どうかと思うぜ」
273600 ,,,,,301,,,,,,,,,,,,　確かに、悠はお人よしが過ぎる気はする。
　他人の為に、身体が壊れそうなくらい働いて、
　そこら中を駆けずり回ってる。
273700 ,,,,,301,,,,,,,,,,,,　でも…………
273800 ,,,,,301,,優哉,優哉,,,,,,,,,「なかなかできる事じゃないよな」
273900 ,,,,,301,,愛歌,愛歌,01man152_010.wav,,,,,,,,「優哉ちゃん？」
274000 ,,,,,301,,優哉,優哉,,,,,,,,,「俺とか大和は、
確かにあそこまでお人よしになれないし、
あんなに走り回るのだってゴメンだって思っちまう」
274200 ,,<se file=""yuu_run_LR.wav"">,,,302,,悠,悠,02yuu152_007.wav,,,,,,,,「ごめん！　ごめんねーっ！、どいて～っ！」
274300 ,,,,,302,,優哉,優哉,,,,,,,,,「でも、あいつはそれを苦になんかしてない。
……それはそれで、すげえ事なんじゃないかって、
思ったりもするんだよな」
274400 ,,,,,302,,愛歌,愛歌,01man152_011.wav,,,,,,,,「うん……そうだよね。悠ってすごいよね」
274500 ,,,,,302,,大和,大和,08yam152_009.wav,,,,,,,,「まあ、そうかもしれないな……」
274600 ,,,,,302,,悠,悠,02yuu152_008.wav,,,,,,,,「きゃああああっ！」
274900 ,,"<se file=""explosion.wav""><shake id=""0"" target=""cg"" time=""1200,1200"" y=""-8,200,0"" x=""30,200,0"">",,,302,,男子生徒,男子生徒,,,,,,,,,「ぐあはああああっ！！」
275000 ,,,,,302,,男子生徒,男子生徒,,,,,,,,,「ああっ！　柔道部の松本が！」
275100 ,,,,,302,,悠,悠,02yuu152_009.wav,,,,,,,,「ごめんっ！　ごめんね？　大丈夫！？」
275200 ,,,,,302,,男子生徒,男子生徒,,,,,,,,,「これは……タンカだ！　タンカ持って来い！」
275300 ,,,,,302,,大和,大和,08yam152_010.wav,,,,,,,,「……なあおい。柔道部の松本って、
体重１００キロ超えてたよな？」
275400 ,,,,,302,,愛歌,愛歌,01man152_012.wav,,,,,,,,「う、うん。すごいおっきい人だよね」
275500 ,,,,,302,,優哉,優哉,,,,,,,,,「……人がちょっと見直して
しんみりすりゃあ、これかよ」
275600 ,,,,,302,,,,,,,,,,,,　見れば、松本は大の字で泡吹いて気絶していた。
　まったく、悠の威力は底が知れねえ。
275700 ,,,,,302,,悠,悠,02yuu152_010.wav,,,,,,,,「私急いでるから！　本当にごめんね！」
275800 ,,,,,302,,,,,,,,,,,,　そしてまた、暴走特急は走り始める。
　今日だけで一体何人が犠牲になるのやら……
275900 ,,,,,302,,優哉,優哉,,,,,,,,,「やっぱり、
あいつ退学にした方が平和じゃないのか？」
276000 ,,,,,302,,,,,,,,,,,,　こうして俺は、改めて悠の恐ろしさを
　痛感するハメになったのだった。
276090 ,,<!Lend_day_change>,0,9000,,,,,,,,,,,,,
276099 ,,<!ec_yuu_uni>,,,,,,,,,,,,,,,
276190 ,$go 160,,,,,,,,,,,,,,,,
276300 ,@153,,,,,,,,,,,,,,,,
276490 ,"$fadd %kotori,1",,,,,,,,,,,,,,,,
276600 ,,<!Lbegin_day_change>,8,4400,,,,,,,,,,,,,　温泉部も、やっとこ３人が揃った。
276700 ,,,,,,,,,,,,,,,,,　相変わらず悠はダンプカーで、恋鳥は無愛想だが、とりあえず部室に居辛いという事はなくなった。
276800 ,,,,,,,,,,,,,,,,,　居辛いはずがない……んだが、急になれなれしく出来るほど、恋鳥のガードは甘くない。
276900 ,,,,,,,,,,,,,,,,,　今だって――。
277000 ,,,,,,,優哉,優哉,,"kotori,uniform",,0,,,,,「なぁ、恋鳥」
277100 ,,,,,,,恋鳥,恋鳥,04kot153_001.wav,kotori,,0,,,,,「……（ごろん）」
277200 ,,,,,,,優哉,優哉,,kotori,,0,,,,,「おーい、恋鳥」
277300 ,,,,,,,恋鳥,恋鳥,04kot153_002.wav,kotori,,0,,,,,「……（ごろごろん）」
277400 ,,,,,,,優哉,優哉,,kotori,,0,,,,,「なぁ、飴玉いるか？」
277500 ,,,,,,,恋鳥,恋鳥,04kot153_003.wav,kotori,,90,,,,,「いる」
277600 ,,,,,,,優哉,優哉,,kotori,,90,,,,,「お前、欲望に正直だなぁ」
277700 ,,,,,,,,,,kotori,,0,,,,,　机の上でゴロゴロゴロゴロ……。
277800 ,,,,,,,,,,kotori,,0,,,,,　寝てるのか起きてるのか、まぁ反応があるから起きてるんだが、それにしても始終こんな調子だ。
277900 ,,,,,,,,,,kotori,,0,,,,,　会話なんてあったもんじゃない。
278000 ,,,,,,,,,,kotori,,0,,,,,　罵倒されてた頃の方が、まだ話してたよな。
278100 ,,,,,,,,,,kotori,,0,,,,,　もはや全てが懐かしいぜ……。いや、また罵倒されたいわけじゃないが。
278200 ,,,,,,,恋鳥,恋鳥,04kot153_004.wav,kotori,,90,,,,,「おい、お前」
278300 ,,,,,,,優哉,優哉,,kotori,,90,,,,,「はいはい、なんでしょうかね恋鳥さん」
278400 ,,,,,,,恋鳥,恋鳥,04kot153_005.wav,kotori,,4,,,,,「……飴玉」
278500 ,,,,,,,優哉,優哉,,kotori,,4,,,,,「お前、そんな手ぇ伸ばしてまで欲しいのか」
278600 ,,,,,,,恋鳥,恋鳥,04kot153_006.wav,kotori,,7,,,,,「嘘なのか。この詐欺師、偽善者、変態、不能」
278700 ,,,,,,,優哉,優哉,,kotori,,7,,,,,「やるよ！　っつーか余計な言葉多いな！
　不能は特に余計だ」
278800 ,,,,,,,恋鳥,恋鳥,04kot153_007.wav,kotori,,0,,,,,「……不能の代わりに、猥褻を入れてやる」
278900 ,,,,,,,優哉,優哉,,kotori,,0,,,,,「なんでそうなるんだ」
279000 ,,,,,,,恋鳥,恋鳥,04kot153_008.wav,kotori,,90,,,,,「俺は不能じゃないと大アピールしたぞ」
279100 ,,,,,,,優哉,優哉,,kotori,,90,,,,,「そこだけ脚色して切り出すんじゃねぇよ！」
279200 ,,,,,,,,,,kotori,,90,,,,,　確かにソレだけだと、見事に猥褻ですね。
279300 ,,,,,,,,,,kotori,,90,,,,,　でも変態が入ってるなら、それぐらいは許せよ。
279400 ,,,,,,,,,,kotori,,90,,,,,　……ん？
279500 ,,,,,,,優哉,優哉,,kotori,,90,,,,,「そもそも俺は変態でもねぇ！」
279600 ,,,,,,,恋鳥,恋鳥,04kot153_009.wav,kotori,,4,,,,,「そんな事より飴玉」
279700 ,,,,,,,優哉,優哉,,kotori,,4,,,,,「くそ、甘いものが本当にお好きな事で」
279800 ,,,,,,,,,,kotori,,4,,,,,　なんたる傍若無人。やっぱ罵倒されっぱなしだ。
279900 ,,,,,,,優哉,優哉,,kotori,,4,,,,,「ほれ」
280000 ,,,,,,,,,,kotori,,4,,,,,　手を出したまま固まっていた恋鳥に、飴玉を渡してやる。家にあった貰い物だけどな。
280100 ,,,,,,,,,,kotori,,4,,,,,　のそのそと包みを剥がし、口に入れて……俺の前で毒気のない恋鳥とは、もしや貴重な一幕かコレ。
280200 ,,,,,,,恋鳥,恋鳥,04kot153_010.wav,kotori,,2,,,,,「……おぉ」
280300 ,,,,,,,優哉,優哉,,kotori,,2,,,,,「なんだ、気にいったのか？」
280400 ,,,,,,,恋鳥,恋鳥,04kot153_011.wav,kotori,,90,,,,,「コレ一つで、お前から変態を除いてもいい」
280500 ,,,,,,,優哉,優哉,,kotori,,90,,,,,「偽善者と変質者は残るのかよ」
280600 ,,,,,,,恋鳥,恋鳥,04kot153_012.wav,kotori,,5,,,,,「憶えているとは、細かいヤツめ」
280700 ,,,,,,,優哉,優哉,,kotori,,5,,,,,「お前こそ、名誉毀損で訴えるぞ」
280800 ,,,,,,,恋鳥,恋鳥,04kot153_013.wav,kotori,,5,,,,,「なんと器の小さい男だ。こんなのが温泉部の後輩とは、恋鳥は情けないぞ」
280900 ,,,,,,,,,,kotori,,5,,,,,　あぁもう！　コイツに勝てない序列の自分が憎い！
281000 ,,,,,,,,,,kotori,,5,,,,,　でもまぁ。甘いもの食べてる時は、本当に幸せそうな顔してるんだよなぁ。
281100 ,,,,,,,,,,kotori,,5,,,,,　罪のない顔しやがって。
281200 ,,,,,,,優哉,優哉,,kotori,,5,,,,,「口さえ開かなけりゃ、結構イケてるのになぁ」
281300 ,,,,,,,恋鳥,恋鳥,04kot153_014.wav,kotori,,7,,,,,「恋鳥の口を塞ぎたいとは、やはり変態め」
281400 ,,,,,,,優哉,優哉,,kotori,,7,,,,,「それは想像力が、豊か過ぎるんじゃないのか？」
281500 ,,,,,,,恋鳥,恋鳥,04kot153_015.wav,kotori,,0,,,,,「恋鳥がどんな想像をしたのか、言い当ててみろ」
281600 ,,,,,,,優哉,優哉,,kotori,,0,,,,,「そりゃ、後ろから羽交い絞めにして……」
281700 ,,,,,,,恋鳥,恋鳥,04kot153_016.wav,kotori,,0,,,,,「やはり真性か。自分から描写しだすとは」
281800 ,,,,,,,優哉,優哉,,kotori,,0,,,,,「異議あり！　誘導尋問だ！」
281900 ,,,,,,,恋鳥,恋鳥,04kot153_017.wav,kotori,,0,,,,,「お前、本当にバカだろう」
282000 ,,,,,,,優哉,優哉,,kotori,,0,,,,,「ノリがいいと言ってくれ」
282100 ,,,,,,,恋鳥,恋鳥,04kot153_018.wav,kotori,,0,,,,,「……ふぅ、ヤレヤレだぞ」
282200 ,,,,,,,,,,kotori,,0,,,,,　うわ、マジでダルそうに首振られた。
282300 ,,,,,,,,,,kotori,,0,,,,,　……ん？　これはこれで、会話が成立してるのか。
282400 ,,,,,,,,,,kotori,,0,,,,,　意外と関係は良好になってるのかもな。
282500 ,,,,,,,,,,kotori,,0,,,,,　まぁ冷静に考えて、大家さん込みとは言え、嫌いなヤツとケーキ食いに行ったりはしないか。
282600 ,,,,,,,優哉,優哉,,kotori,,0,,,,,「そういや恋鳥は、大家さんと同居なのか？　今時、割と珍しいよな。お婆さんと一緒とか」
282700 ,,,,,,,恋鳥,恋鳥,04kot153_019.wav,kotori,,3,,,,,「……違うぞ」
282800 ,,,,,,,優哉,優哉,,kotori,,3,,,,,「え。だって、あんなに仲良く――」
282900 ,,,,,,,恋鳥,恋鳥,04kot153_020.wav,kotori,,3,,,,,「おばあちゃんは、恋鳥のお婆ちゃんじゃないぞ」
283000 ,,,,,,,,,,kotori,,3,,,,,　かなり意外だな。いい組み合わせだったのに。
283100 ,,,,,,,,,,kotori,,3,,,,,　それじゃあ、恋鳥の家族は他にいるのか。
283200 ,,,,,,,優哉,優哉,,kotori,,3,,,,,「へぇー。すると両親共働きとかか？」
283300 ,,,,,,,恋鳥,恋鳥,04kot153_021.wav,kotori,,5,,,,,「……じぃじは、もう死んだぞ」
283400 ,,,,,,,優哉,優哉,,kotori,,5,,,,,「いや、そうじゃなくて、ご両親――」
283500 ,,,,,,,恋鳥,恋鳥,04kot153_022.wav,kotori,,5,,,,,「いないぞ。恋鳥の家族は、じぃじだけだ」
283600 ,,,,,,,,,,kotori,,5,,,,,　ん。それはつまり、恋鳥は――天涯孤独って事か？
283700 ,,,,,,,優哉,優哉,,kotori,,5,,,,,「そっか……。そいつは、悪かった」
283800 ,,,,,,,恋鳥,恋鳥,04kot153_023.wav,kotori,,5,,,,,「事実は事実だ。悪いと言われると、気分が悪いぞ」
283900 ,,,,,,,優哉,優哉,,kotori,,5,,,,,「……そうだな。スマン、俺の配慮が足りなかった」
284000 ,,,,,,,,,,kotori,,5,,,,,　まぁ、線引きは人それぞれだよな。
284100 ,,,,,,,,,,kotori,,5,,,,,　今のは俺の色眼鏡か。
284200 ,,,,,,,恋鳥,恋鳥,04kot153_024.wav,kotori,,0,,,,,「配慮よりもデリカシーが……そうか、だから変質者なのか」
284300 ,,,,,,,優哉,優哉,,kotori,,0,,,,,「変なトコで納得してんじゃねぇよ！」
284400 ,,,,,,,恋鳥,恋鳥,04kot153_025.wav,kotori,,0,,,,,「恋鳥の納得は論理的だ。保健体育以外赤点のお前に、ここで負ける気はしないぞ」
284500 ,,,,,,,優哉,優哉,,kotori,,0,,,,,「本当にアレな限定が好きだなお前。流石にそこまで、成績は悪くねぇよ」
284600 ,,,,,,,恋鳥,恋鳥,04kot153_026.wav,kotori,,90,,,,,「さもいいように言うが、大してよくない事は悠から聞いてるぞ」
284700 ,,,,,,,優哉,優哉,,kotori,,90,,,,,「あんのヤロォ～！」
284800 ,,,,,,,,,,kotori,,90,,,,,　親友同士のクオリティですか。ツーカーで何言われてるのか、ゾッとしないなぁ。
284900 ,,,,,,,,,,kotori,,90,,,,,　悠のヤツ、さもあったかのように一夜を過ごしたとか、言いそうだもんな。
285000 ,,,,,,,,,,kotori,,90,,,,,　……気にしたら負けだ。うん、俺は強い子。
285100 ,,,,,,,優哉,優哉,,kotori,,90,,,,,「話は戻すが、それじゃあ、恋鳥は一人暮らしか」
285200 ,,,,,,,恋鳥,恋鳥,04kot153_027.wav,kotori,,3,,,,,「そうだぞ。……まさか、襲いに来る気か」
285300 ,,,,,,,優哉,優哉,,kotori,,3,,,,,「もう付き合う気力はねぇよ……。ま、無用心になりがちだろうし、気をつけろよ」
285400 ,,,,,,,恋鳥,恋鳥,04kot153_028.wav,kotori,,52,,,,,「当然だぞ。じぃじに教わった方法で、何重にも罠がしかけてある」
285500 ,,,,,,,優哉,優哉,,kotori,,52,,,,,「……マジかよ」
285600 ,,,,,,,,,,kotori,,52,,,,,　俺、何も気にしてなかったが、よく無事だったな。
285700 ,,,,,,,恋鳥,恋鳥,04kot153_029.wav,kotori,,0,,,,,「何でも信じるのは、バカのする事だ」
285800 ,,,,,,,優哉,優哉,,kotori,,0,,,,,「あぁそうですね、そういうこったろうと思ったよ！」
285900 ,,,,,,,,,,kotori,,0,,,,,　もしかして俺、＜玩具＝おもちゃ＞にされてる？
286000 ,,,,,,,恋鳥,恋鳥,04kot153_030.wav,kotori,,52,,,,,「……ふん、まだまだだな、後輩」
286100 ,,,,,,,優哉,優哉,,kotori,,52,,,,,「一体どうすりゃこの坂を上りきれるのか、俺には分かんねぇよ……」
286200 ,,,,,,,恋鳥,恋鳥,04kot153_031.wav,kotori,,1,,,,,「永遠に未完だぞ」
286300 ,,,,,,,優哉,優哉,,kotori,,1,,,,,「つまりずっと同じポジションか」
286400 ,,,,,,,恋鳥,恋鳥,04kot153_032.wav,kotori,,1,,,,,「恋鳥が飽きるまでだ」
286500 ,,,,,,,優哉,優哉,,kotori,,1,,,,,「本当に容赦ないなぁオイ！」
286600 ,,,,,,,,,,kotori,,1,,,,,　罵倒されっぱなしでなくなったように、これからも少しずつ変化はしていくんだろうけど。
286700 ,,,,,,,,,,kotori,,1,,,,,　やっぱり先行きが不安だなぁ。
286800 ,,,,,,,,,,kotori,,1,,,,,　だって俺、今日も部活らしい事してないし。
286900 ,,,,,,,,,,kotori,,1,,,,,　温泉部、本当に大丈夫か？
286990 ,,<!Lend_day_change>,0,9000,,,,,,,,,,,,,
286999 ,,<!ec_kotori_uni>,,,,,,,,,,,,,,,
287090 ,$go 160,,,,,,,,,,,,,,,,
287200 ,@154,,,,,,,,,,,,,,,,
287390 ,"$fadd %tsumugi,1",,,,,,,,,,,,,,,,
287500 ,,<!Lbegin_day_change>,8,202,,,優哉,優哉,,,,,,,,,「うぉぉ……だるぅ……」
287600 ,,,,,,,,,,,,,,,,,　久しぶりの部活は思いのほか体にきた。
　数時間学校に長くいるだけでこれほど疲れるとは。
287700 ,,,,,,,千紗,千紗,06tis154_001.wav,"chisa,private",,3,,,,,「お兄ちゃん何うめいてるの？
　声、変だよ」
287800 ,,,,,,,優哉,優哉,,chisa,,3,,,,,「いやぁ、もう若くないな、と思ってな。
　千紗、俺はもうだめだ……」
287900 ,,,,,,,,,,chisa,,3,,,,,　ばたり、と廊下に倒れ伏してみる。
288000 ,,,,,,,,,,chisa,,3,,,,,　実際、そうしたいくらい疲れていた。
288100 ,,,,,,,,,,chisa,,3,,,,,　あ、ひんやりした床が意外と気持ちいい。
288200 ,,,,,,,千紗,千紗,06tis154_002.wav,chisa,,15,,,,,「やだ！　お兄ちゃん！　だいじょうぶ？！」
288300 ,,,,,,,,,,chisa,,15,,,,,　千紗がかけよって、俺を揺さぶる。
　目が涙目だ。
288400 ,,,,,,,,,,chisa,,15,,,,,　しまった、ふざけすぎた。
288500 ,,,,,,,優哉,優哉,,chisa,,15,,,,,「ちょ、泣くな。大丈夫！　大丈夫だから。
　ちょっと、クラブで疲れただけだ」
288600 ,,,,,,,千紗,千紗,06tis154_003.wav,chisa,,0,,,,,「もう～、それならそうって言ってよ～。
　でもよかった。温泉部、順調なんだね」
288700 ,,,,,,,優哉,優哉,,chisa,,0,,,,,「順調ねぇ。……順調かぁ？」
288800 ,,,,,,,,,,chisa,,0,,,,,　人数は少ないくせに色々ありすぎだあのクラブ。
　悠と恋鳥の組み合わせからしてトンでもない。
288900 ,,,,,,,,,,chisa,,0,,,,,　心が休まらないとはああいう事を言うんだろう。
289000 ,,,,,,,千紗,千紗,06tis154_004.wav,chisa,,0,,,,,「そっか～、お兄ちゃん疲れてるんだ」
289100 ,,,,,,,優哉,優哉,,chisa,,0,,,,,「肩とか揉んでくれていいぞ。ほれ」
289200 ,,,,,,,千紗,千紗,06tis154_005.wav,chisa,,5,,,,,「ん～それはちょっと……」
289300 ,,,,,,,優哉,優哉,,chisa,,5,,,,,「冗談を真剣に断られるとショックだな……」
289400 ,,,,,,,千紗,千紗,06tis154_006.wav,chisa,,15,,,,,「わわわ、断ってないよ！
　ただもっといいこと思いついただけだよ！」
289500 ,,,,,,,,,,chisa,,15,,,,,　なんとからかいがいのある奴よ。
　匙加減がむずかしいが楽しい時間だよなぁ。
289600 ,,,,,,,優哉,優哉,,chisa,,15,,,,,「コレも冗談だからそう慌てるなって」
289700 ,,,,,,,千紗,千紗,06tis154_007.wav,chisa,,7,,,,,「お兄ちゃん、イジワルだよ～」
289800 ,,,,,,,優哉,優哉,,chisa,,7,,,,,「わはは、まぁ許せ。それよりいい事って何だ？」
289900 ,,,,,,,,,,chisa,,6,,,,,　とたんに千紗がもじもじとうつむいて赤くなる。
290000 ,,,,,,,千紗,千紗,06tis154_008.wav,chisa,,6,,,,,「えっとね～……」
290100 ,,,,,,,優哉,優哉,,chisa,,6,,,,,「な、なんだよ」
290200 ,,,,,,,,,,chisa,,6,,,,,　もしかして、アレですか。
290300 ,,,,,,,,,,chisa,,6,,,,,　禁断の兄妹愛？
　お兄ちゃん、そんなの困っちゃうぞ！
290400 ,,,,,,,優哉,優哉,,chisa,,6,,,,,「なーんて、そんなはずは……」
290500 ,,,,,,,,,,chisa,,6,,,,,　自分の妄想に自分で突っ込みを入れかけたのを
　千紗の言葉がさえぎった。
290600 ,,,,,,,千紗,千紗,06tis154_009.wav,chisa,,6,,,,,「……お風呂で背中、流してあげるよ」
290700 ,,,,,,,,,,chisa,,6,,,,,　とどめのような上目遣い。
290800 ,,,,,,,,,,chisa,,6,,,,,　俺の頭の中を極彩色の象が駆け回った。
290900 ,,,,,,,優哉,優哉,,chisa,,6,,,,,「……は？」
291000 ,,,,,,,千紗,千紗,06tis154_010.wav,chisa,,6,,,,,「だからぁ……一緒にお風呂、入ろうって
　言ってるの」
291100 ,,,,,,,,,,chisa,,6,,,,,　ちょっと、待て。ありえない。
　俺の妄想、こんなとこで具現化しなくてもいい！
291200 ,,,,,,,優哉,優哉,,chisa,,6,,,,,「まてまてまて、お前もうそんな年じゃないだろ」
291300 ,,,,,,,千紗,千紗,06tis154_011.wav,chisa,,5,,,,,「え～一緒に入ろうよ。それとも……イヤ？」
291400 ,,,,,,,優哉,優哉,,chisa,,5,,,,,「嫌とかそれ以前に問題が山積みだろ」
291500 ,,,,,,,千紗,千紗,06tis154_012.wav,chisa,,5,,,,,「温泉部の人と一緒に入ってたよね？」
291600 ,,,,,,,優哉,優哉,,chisa,,5,,,,,「それはそうだが、部活だし」
291700 ,,,,,,,千紗,千紗,06tis154_013.wav,chisa,,1,,,,,「部活でＯＫなら兄妹はもっとＯＫだよ」
291800 ,,,,,,,優哉,優哉,,chisa,,1,,,,,「その理屈がよく分からん」
291900 ,,,,,,,千紗,千紗,06tis154_014.wav,chisa,,3,,,,,「うぅ、よその人はよくて千紗はダメなんだ……」
292000 ,,,,,,,優哉,優哉,,chisa,,3,,,,,「おいその顔は卑怯だ！　泣くな泣くな泣くな！
　分かった、一緒に入る！　入ります！」
292100 ,,,,,,,千紗,千紗,06tis154_015.wav,chisa,,1,,,,,「ホント？　やった～、お兄ちゃん大好き！」
292200 ,,,,,,,優哉,優哉,,chisa,,1,,,,,「泣きかけてたよな、お前……」
292300 ,,,,,,,千紗,千紗,06tis154_016.wav,chisa,,1,,,,,「わーい、お兄ちゃんとお風呂、おっふろ～」
292400 ,,,,,,,,,,chisa,,1,,,,,　なんでこんな時だけパワーがあるんだコイツ。
　下着を取る間もなく俺は風呂場に連行されて――
292600 ,,<!scene_h_begin>,,,7501,,優哉,優哉,,,,,,,,,「なし崩しに入ってしまった……。妹と風呂……」
292700 ,,,,,7501,,,,,,,,,,,,　そう、妹と風呂。妙な味わいの言葉だ。
　俺は何かを守って何かを失った気がする。
292800 ,,,,,7501,,千紗,千紗,06tis154_017.wav,,,,,,,,「お兄ちゃん、いいお湯だね～」
292900 ,,,,,7501,,優哉,優哉,,,,,,,,,「楽しそうだな千紗」
293000 ,,,,,7501,,千紗,千紗,06tis154_018.wav,,,,,,,,「うん、お兄ちゃんとお風呂は久しぶりだもん」
293100 ,,,,,7501,,優哉,優哉,,,,,,,,,「最後に入った時は
　まだお前ランドセル背負ってたもんなぁ」
293200 ,,,,,7501,,千紗,千紗,06tis154_019.wav,,,,,,,,「ずいぶん昔だねぇ。お兄ちゃん急に嫌がるし」
293300 ,,,,,7501,,優哉,優哉,,,,,,,,,「いや、割とここ数年までの話な気がするし
　流れとしては当然だと思うんだが」
293400 ,,,,,7501,,千紗,千紗,06tis154_020.wav,,,,,,,,「千紗が大人になってから一緒に入りたくなっても
　どうしよっかな～とか言うかもしれないよ？」
293500 ,,,,,7501,,,,,,,,,,,,　きっと言わんと思うぞ。というかその時は断れ。
　でも千紗もそのうち大人になるんだよなぁ。
293600 ,,,,,7501,,千紗,千紗,06tis154_021.wav,,,,,,,,「それにこの年の女の子は数年でグッと成長する、
　って愛歌お姉ちゃんが言ってたよ」
293700 ,,,,,7501,,優哉,優哉,,,,,,,,,「愛歌が言ったとなると相当笑えるな」
293800 ,,,,,7501,,千紗,千紗,06tis154_022.wav,,,,,,,,「一日分お姉さんだって、いつも言ってるのに」
293900 ,,,,,7501,,優哉,優哉,,,,,,,,,「俺からしたら誤差だよ。やっぱり兄妹みたいだ」
294000 ,,,,,7501,,千紗,千紗,06tis154_023.wav,,,,,,,,「そっかぁ、それじゃお兄ちゃんは、
　愛歌お姉ちゃんともお風呂はいったりする？」
294100 ,,,,,7501,,優哉,優哉,,,,,,,,,「ぶほっ！」
294200 ,,,,,7501,,,,,,,,,,,,　突然何を言いだすのかこの妹は。
　愛歌と風呂？　……想像するな俺！
　思い出すな尻の手触り！
294300 ,,,,,7501,,優哉,優哉,,,,,,,,,「あのなぁ、いくら幼馴染で兄妹みたいでも、
　あいつと俺は他人なの」
294400 ,,,,,7501,,千紗,千紗,06tis154_024.wav,,,,,,,,「それじゃ一緒に入らない？」
294500 ,,,,,7501,,優哉,優哉,,,,,,,,,「当たり前だろうが」
294600 ,,,,,7501,,千紗,千紗,06tis154_025.wav,,,,,,,,「それじゃお兄ちゃんと家でお風呂に入れるのは
　千紗だけだね～」
294700 ,,,,,7501,,優哉,優哉,,,,,,,,,「陽向もいるぞ」
294800 ,,,,,7501,,千紗,千紗,06tis154_026.wav,,,,,,,,「陽向はいいの、弟で男の子だもん」
294900 ,,,,,7501,,優哉,優哉,,,,,,,,,「よく分からん区分けだな、ソレ」
295000 ,,,,,7501,,,,,,,,,,,,　まぁ千紗が満足ならそれでいいか。
　発育も含めて先行きがちょっと不安だけれど。
　そこは愛歌を見習ってもいいな。
295100 ,,,,,7501,,,,,,,,,,,,　……ついでに料理の腕も見習って欲しい。
295200 ,,,,,7501,,千紗,千紗,06tis154_027.wav,,,,,,,,「あ～、お兄ちゃん今なにか失礼な事考えた！」
295300 ,,,,,7501,,優哉,優哉,,,,,,,,,「断定かよ」
295400 ,,,,,7501,,千紗,千紗,06tis154_028.wav,,,,,,,,「考えてないの？」
295500 ,,,,,7501,,優哉,優哉,,,,,,,,,「極めて現実的にお前の先行きを案じただけだ」
295600 ,,,,,7501,,千紗,千紗,06tis154_029.wav,,,,,,,,「千紗は何も問題ないです～」
295700 ,,,,,7501,,優哉,優哉,,,,,,,,,「成績とか」
295800 ,,,,,7501,,千紗,千紗,06tis154_030.wav,,,,,,,,「うっ、それはお兄ちゃんもでしょ」
295900 ,,,,,7501,,優哉,優哉,,,,,,,,,「発育とか」
296000 ,,,,,7501,,千紗,千紗,06tis154_031.wav,,,,,,,,「お兄ちゃんは運動不足だよね」
296100 ,,,,,7501,,優哉,優哉,,,,,,,,,「……」
296200 ,,,,,7501,,千紗,千紗,06tis154_032.wav,,,,,,,,「……？」
296300 ,,,,,7501,,優哉,優哉,,,,,,,,,「どうやら少しおしおきが必要だな」
296400 ,,,,,7501,,千紗,千紗,06tis154_033.wav,,,,,,,,「えっ、お兄ちゃんなんでズル――」
296500 ,,,,,7501,,優哉,優哉,,,,,,,,,「問答無用。それっ！」
296600 ,,,,,7501,,千紗,千紗,06tis154_034.wav,,,,,,,,「ちょ、お兄ちゃん、くすぐったあはははは！」
296700 ,,,,,7501,,,,,,,,,,,,　膝にのっけた俺が脇をくすぐれば抵抗不可能。
　これぞ兄の優位を生かした攻撃！
296800 ,,,,,7501,,優哉,優哉,,,,,,,,,「どうだ、参ったか、参ったと言え！」
296900 ,,,,,7501,,千紗,千紗,06tis154_035.wav,,,,,,,,「参ったからゆるしあはははははは！」
297000 ,,,,,7501,,,,,,,,,,,,　千紗が暴れるのに構わず続けてみたら、
　笑いすぎで耳まで赤くなってきた。
297100 ,,,,,7501,,千紗,千紗,06tis154_036.wav,,,,,,,,「ひゃうぅっ、もうゆるしてぇ～」
297200 ,,,,,7501,,優哉,優哉,,,,,,,,,「よし、ならばこの件は不問にしよう。
　随分お湯をムダにしてしまった……」
297300 ,,,,,7501,,千紗,千紗,06tis154_037.wav,,,,,,,,「うぅ、お兄ちゃんひどい……。
　お風呂で襲われた～」
297400 ,,,,,7501,,優哉,優哉,,,,,,,,,「誤解を招くような言い方をするな！」
297500 ,,,,,7501,,千紗,千紗,06tis154_038.wav,,,,,,,,「……何が？」
297600 ,,,,,7501,,優哉,優哉,,,,,,,,,「……分かってないならいい。
　とりあえず俺と風呂に入ったとか口外するなよ」
297700 ,,,,,7501,,千紗,千紗,06tis154_039.wav,,,,,,,,「え～、なんで～」
297800 ,,,,,7501,,優哉,優哉,,,,,,,,,「大人になりかけの女の子は
　例え兄とでも男と風呂には入りません」
297900 ,,,,,7501,,千紗,千紗,06tis154_040.wav,,,,,,,,「お兄ちゃんは特別だよ」
298000 ,,,,,7501,,優哉,優哉,,,,,,,,,「世間じゃそうは思わないの。
　分かったらのぼせる前に体洗うぞ。
　背中流してくれるんだろ？」
298100 ,,,,,7501,,千紗,千紗,06tis154_041.wav,,,,,,,,「うん！　きれいにしてあげるね」
298200 ,,,,,7501,,,,,,,,,,,,　結局最後までこんな調子で
　風呂からあがる頃には俺はグッタリしていた。
　ちなみに千紗は終始ゴキゲンだった。
298400 ,,<!scene_h_end>,,9000,,,優哉,優哉,,,,,,,,,「結局なんのために風呂に入ったんだか……」
298500 ,,,,,,,,,,,,,,,,,　今度こそ本気で疲れた。
　さぞや今夜の眠りは深いことだろう……。
298590 ,,<!Lend_day_change>,0,9000,,,,,,,,,,,,,
298599 ,,<!ec_chisa_pri>,,,,,,,,,,,,,,,
298690 ,$go 160,,,,,,,,,,,,,,,,
298800 ,@160,,,,,,,,,,,,,,,,
299100 ,,<!Lbegin_day_change>,7,4300,,,優哉,優哉,,,,,,,,,「ちーっす！」
299200 ,,<!se_bushitsu_hard>,,4400,,,,,,,,,,,,,　俺は景気よく部室の扉を開けた。
299400 ,,<!se_head_hit>,,,,,優哉,優哉,,,,,,,,,「ぐぼはっ！」
299500 ,,,,,,,,,,,,,,,,,　……なぜか、次の瞬間、目の前に火花が散った。
299600 ,,,,,,,悠,悠,02yuu160_001.wav,"yuu,uniform",,53,,,,,「もう～、何やってんのよ。ドア、壊さないでよね」
299700 ,,,,,,,優哉,優哉,,yuu,,53,,,,,「いてててて……な、なんだ？
　何が起こったんだ？」
299800 ,,,,,,,,,,yuu,,5,,,,,　痛む額をこする俺を、悠がなんだかじと目で
　見ている。
299900 ,,,,,,,悠,悠,02yuu160_002.wav,yuu,,5,,,,,「乱暴にドア開けたせいで、戻ってきたところに
　頭ぶつけたんでしょーが。
　あんた、ほんと……バカ」
300000 ,,,,,,,優哉,優哉,,yuu,,5,,,,,「なにを！
　この部室のドアがボロなのが悪いんだろうが。
　だいたいちったぁ、俺の心配もしろよ」
300100 ,,,,,,,悠,悠,02yuu160_003.wav,yuu,,0,,,,,「ドアは壊れたら直さないとだめだけど、
　あんたの石頭はほっといても治るでしょ」
300200 ,,,,,,,優哉,優哉,,yuu,,0,,,,,「おいおい……もうちょっと貴重な部員を
　いたわってくれたっていいだろう？」
300300 ,,,,,,,悠,悠,02yuu160_004.wav,yuu,,5,,,,,「だったら、貴重な部室もいたわってよね！」
300400 ,,,,,,,,,,yuu,,5,,,,,　……それはごもっともだ。
300500 ,,,,,,,,,,yuu,,5,,,,,　部活だからって、ちっと気合入れすぎた。
300600 ,,,,,,,悠,悠,02yuu160_005.wav,yuu,,90,,,,,「まあ……確かにこれで辞められても困るけど」
300700 ,,,,,,,,,,yuu,,90,,,,,　と、悠がいきなり立って、タオルを水で濡らすと
　俺に突きだしてきた。
300800 ,,,,,,,優哉,優哉,,yuu,,90,,,,,「なんだなんだ？　天変地異の前触れか？
　悠が俺をいたわるなどと……！」
300900 ,,,,,,,悠,悠,02yuu160_006.wav,yuu,,53,,,,,「誰が天変地異かっ！
　そんなこというなら、貸さないよっ！
　そこでデコでも抑えてなさいよ」
301000 ,,,,,,,,,,yuu,,53,,,,,　受け取ろうとしていたものをひっこめられて
　俺の手が宙を泳ぐ。
301100 ,,,,,,,優哉,優哉,,yuu,,53,,,,,「あ、いや、とりあえず貸してくれ。
　雨でも降ったことにする」
301200 ,,,,,,,悠,悠,02yuu160_007.wav,yuu,,5,,,,,「失礼な！
　やっぱ貸すのやーめた！」
301300 ,,,,,,,,,,yuu,,5,,,,,　悠がそっぽを向いて、
　どすん、と乙女にあるまじき音を立てて
　椅子に座った。
301400 ,,,,,,,優哉,優哉,,yuu,,5,,,,,「うーん、食欲の秋、か……」
301500 ,,,,,,,,,,yuu,,5,,,,,　推定何キロ増しと言ったところだろう。
301600 ,,,,,,,,,,yuu,,5,,,,,　俺は獲物を狙うハンターのごとき目つきで、
　悠の肉付きを追う。
301700 ,,,,,,,,,,yuu,,5,,,,,　……お、さすが校内を走り回ってるだけあって、
　美味そうな脚だ。
301800 ,,,,,,,,,,yuu,,5,,,,,　さて、その上は……と視線を上げたところで、
　また目に火花が散った。
301990 ,,,,,,,,,,yuu,,7,,,,,
302000 ,,"<!se_punch><shake target=""sc"" time=""800,800"" x=""20,130,0"" y=""6,230,0"">",,,,,優哉,優哉,,yuu,,7,,,,,「ぐげはぁぁっっ！」
302100 ,,,,,,,悠,悠,02yuu160_008.wav,yuu,,7,,,,,「何をさっきから失礼な目で人を見とるかっ！」
302200 ,,,,,,,,,,yuu,,7,,,,,　打ったところにクリーンヒットした拳に
　さすがに俺はうずくまった。
302300 ,,,,,,,優哉,優哉,,yuu,,7,,,,,「さ、さすが一子相伝の拳法使いは違うな……」
302400 ,,,,,,,悠,悠,02yuu160_009.wav,yuu,,7,,,,,「私の胸に七つの傷とかあるわけないでしょ！」
302500 ,,,,,,,優哉,優哉,,yuu,,7,,,,,「……いや、あるだろう、絶対」
302600 ,,,,,,,悠,悠,02yuu160_010.wav,yuu,,7,,,,,「ないって言ってんだろぉぉぉぉぉっっっ！」
302700 ,,,,,,,,,,yuu,,7,,,,,　顔を真っ赤にして、悠が地団駄を踏む。
302800 ,,,,,,,,,,yuu,,7,,,,,　やばい、機関車暴走寸前だ。
302900 ,,,,,,,優哉,優哉,,yuu,,7,,,,,「ちょ、悠、ブレイク、ブレイクっ！
　お前とて、部室を破壊したくはないだろ」
303000 ,,,,,,,悠,悠,02yuu160_011.wav,yuu,,7,,,,,「人を破壊魔みたいに言うなっ！
　だいたいあんた、何しにきたのよっ！」
303100 ,,,,,,,優哉,優哉,,yuu,,7,,,,,「おいおい、それはごあいさつだな。
　部活に来たに決まってんだろ」
303200 ,,,,,,,,,,yuu,,90,,,,,　悠は納得したようにぽん、と手を叩いた。
303300 ,,,,,,,悠,悠,02yuu160_012.wav,yuu,,90,,,,,「あ、それもそっか」
303400 ,,,,,,,優哉,優哉,,yuu,,90,,,,,「おいっ！」
303500 ,,,,,,,悠,悠,02yuu160_013.wav,yuu,,1,,,,,「いや～、優哉が真面目に来てくれるなんてさ。
　そうだよね、そういうとこ律儀だもんね～」
303600 ,,,,,,,,,,yuu,,1,,,,,　なんか失礼なことを言われてる気もしたが、
　にへらっと笑っている悠の顔があんまりにも
　うれしそうなので我慢してやることにする。
303700 ,,,,,,,,,,yuu,,1,,,,,　……こいつはこいつなりに
　がんばってるんだもんな。
303800 ,,,,,,,優哉,優哉,,yuu,,1,,,,,「うむ、真面目に来てやったぞ。
　で、今日は何をするんだ？」
303900 ,,,,,,,,,,yuu,,1,,,,,　悠の隣の椅子にふんぞり返る。
304000 ,,,,,,,,,,yuu,,1,,,,,　一応、こうして毎日集まるからには
　なにか活動内容があるに違いない。
304100 ,,,,,,,,,,yuu,,1,,,,,　さあ、なんでもこい！
304200 ,,,,,,,悠,悠,02yuu160_014.wav,yuu,,12,,,,,「ん～……どうしよっか？」
304300 ,,,,,,,,,,yuu,,12,,,,,　俺は思わず、机に顔面から突っ込んだ。
304400 ,,,,,,,,,,yuu,,12,,,,,　三度目の打撃を受ける額が痛い。
304500 ,,,,,,,悠,悠,02yuu160_015.wav,yuu,,3,,,,,「おーい、ちょっとどうしたのよ？
　生きてる～ぅ？」
304600 ,,,,,,,,,,yuu,,3,,,,,　つんつん、とほっぺたをシャーペンで
　つつかれる。
304700 ,,,,,,,優哉,優哉,,yuu,,3,,,,,「生きとるわぁぁっっ！」
304800 ,,,,,,,悠,悠,02yuu160_016.wav,yuu,,2,,,,,「うわぁっ！　びっくりしたぁ……」
304900 ,,,,,,,,,,yuu,,2,,,,,　俺は勢いよく起きあがると、その勢いのまま、
　びっくりした顔の悠にまくしたてた。
305000 ,,,,,,,優哉,優哉,,yuu,,2,,,,,「なんだよ、その悠長な返事は！
　部員勧誘するとか、宣伝するとか
　やることいっぱいあるだろーっ！」
305100 ,,,,,,,悠,悠,02yuu160_017.wav,yuu,,12,,,,,「や～、それはそうかもしれないけど」
305200 ,,,,,,,優哉,優哉,,yuu,,12,,,,,「部員集めないと、廃部になるんだろ？
　お前はそれでもいいのかよ！」
305300 ,,,,,,,悠,悠,02yuu160_018.wav,yuu,,4,,,,,「いや、よくはないよ」
305400 ,,,,,,,,,,yuu,,4,,,,,　いまいち、悠の態度は煮え切らない。
305500 ,,,,,,,優哉,優哉,,yuu,,4,,,,,「だったら、なんでそんなのんきにしてるんだよ」
305600 ,,,,,,,,,,yuu,,1,,,,,　俺が怒ってるのにも関わらず、
　いきなり悠が俺の方を見てにっこり笑った。
305700 ,,,,,,,優哉,優哉,,yuu,,1,,,,,「な、なんだよ」
305800 ,,,,,,,,,,yuu,,1,,,,,　さすがにそれには毒気を抜かれた。
305900 ,,,,,,,悠,悠,02yuu160_019.wav,yuu,,0,,,,,「優哉がそれだけ真面目に考えてくれてるの
　うれしいなぁ、って思ってさ」
306000 ,,,,,,,,,,yuu,,0,,,,,　そんなまっすぐに言われると
　なんだか気恥ずかしい。
306100 ,,,,,,,,,,yuu,,0,,,,,　俺は思わず悠から目をそらした。
306200 ,,,,,,,優哉,優哉,,yuu,,0,,,,,「ま、まあ、俺だって部員だしな」
306300 ,,,,,,,悠,悠,02yuu160_020.wav,yuu,,12,,,,,「でも、まだ期限が切られたわけじゃないし、
　それに温泉部みんなの問題なんだから
　恋鳥抜きで話を進めるのもどうかなって」
306400 ,,,,,,,優哉,優哉,,yuu,,12,,,,,「……確かに」
306500 ,,,,,,,,,,yuu,,12,,,,,　仲間はずれにしたら、あとが怖そうだ。
306600 ,,,,,,,悠,悠,02yuu160_021.wav,yuu,,0,,,,,「でしょ？
　あの子、今日、部活休みだから
　また来たときに話しよーよ」
306700 ,,,,,,,優哉,優哉,,yuu,,0,,,,,「そだな。
　じゃ、今日は帰っていいのか？」
306800 ,,,,,,,悠,悠,02yuu160_022.wav,yuu,,1,,,,,「うん、わざわざありがとーね。
　明日もちゃんと来てねー」
306900 ,,,,,,,優哉,優哉,,yuu,,1,,,,,「言われなくても来るよ！」
307000 ,,<!move_veryshort><!se_bushitsu_openclose>,,4300,,,,,,,,,,,,,　俺は慎重にドアを開けて、部室を後にした。
307100 ,,,,,,,,,,,,,,,,,　さて、これからどうすっかな。
308890 ,,<!Lend_day_change>,0,9000,,,,,,,,,,,,,
308899 ,,<!ec_yuu_uni>,,,,,,,,,,,,,,,
309050 ,@char_select_2,,,,,,,,,,,,,,,,
309069 ,,<!before_charselect>,0,512,,,,,,,,,,,,,
309070 ,$char_select 2,,,,,,,,,,,,,,,,160の中で既に選択されてる→改造するそうで
309079 ,,<!after_char_select>,0,9000,,,,,,,,,,,,,
309080 ,$jump_begin,,,,,,,,,,,,,,,,
↓,"$jump_item 0,愛歌（１７１）,171",,,,,,,,,,,,,,,,
↓,"$jump_item 1,悠（１７２）,172",,,,,,,,,,,,,,,,
↓,"$jump_item 2,恋鳥（１７３）,173",,,,,,,,,,,,,,,,
↓,$jump_end,,,,,,,,,,,,,,,,
309100 ,@171,,,,,,,,,,,,,,,,
309190 ,"$fadd %manaka,1",,,,,,,,,,,,,,,,
309300 ,,<!Lbegin_day_change>,2,12201,,,,,,"manaka,uniform",,0,,,,,　部活も終わって帰途につく。
309400 ,,,,,,,,,,manaka,,0,,,,,　いつもの通り愛歌と落ち合い、他愛もない話をしながら橋に向かって歩いていく。
309500 ,,,,,,,愛歌,愛歌,01man171_001.wav,manaka,,0,,,,,「そういえば、優哉ちゃん。温泉部、どんな感じ？」
309600 ,,,,,,,優哉,優哉,,manaka,,0,,,,,「んー……」
309700 ,,,,,,,,,,manaka,,0,,,,,　どう、っていうのもなかなか難しい質問だなあ。
309800 ,,,,,,,優哉,優哉,,manaka,,0,,,,,「まあまあ、って感じかな。恋鳥のことって話したっけ？」
309900 ,,,,,,,愛歌,愛歌,01man171_002.wav,manaka,,0,,,,,「ううん。恋鳥ちゃん、って女の子だよね。悠のクラスの」
310000 ,,,,,,,優哉,優哉,,manaka,,0,,,,,「そうそう、すごい無愛想なヤツでさ。でも、まあ仲良くなれたよ」
310100 ,,,,,,,愛歌,愛歌,01man171_003.wav,manaka,,42,,,,,「そ、そうなんだ……」
310200 ,,,,,,,優哉,優哉,,manaka,,42,,,,,「ん？　どうかしたか？」
310300 ,,,,,,,愛歌,愛歌,01man171_004.wav,manaka,,0,,,,,「あ、な、なんでもないよ、なんでもない。……よかったね、仲良くなれて」
310400 ,,,,,,,優哉,優哉,,manaka,,0,,,,,「おう、同じ部活のヤツに嫌われてたらやりづらいしな。まあこれで温泉部もようやくちゃんと動き始めたって感じだぜ」
310500 ,,,,,,,愛歌,愛歌,01man171_005.wav,manaka,,42,,,,,「そうなんだ……」
310600 ,,,,,,,,,,manaka,,42,,,,,　でもあと二人部員がいるんだよな……今度こそ愛歌を誘ってみるか？
310800 ,,,,,,,,,,,,,,,,,　なんて考えていると、横にいたはずの愛歌の姿がなくなっていた。
310900 ,,,,,,,優哉,優哉,,,,,,,,,「……あ、あれ？　おい、愛歌？」
311000 ,,,,,,,,,,,,,,,,,　あわてて振り返ってみると……なんだ、自販機の前で立ち止まってた。
311100 ,,,,,,,優哉,優哉,,,,,,,,,「なんだよ、急にいなくなったのかと思ってビックリしたじゃないか」
311200 ,,,,,,,愛歌,愛歌,01man171_006.wav,manaka,,90,,,,,「あ、ごめんね……ちょっと、のど乾いちゃったから」
311300 ,,,,,,,優哉,優哉,,manaka,,90,,,,,「そんなに暑いわけでもないのに、珍しいな」
311400 ,,,,,,,愛歌,愛歌,01man171_007.wav,manaka,,90,,,,,「私だってたまには飲み物ぐらい買うもん」
311500 ,,,,,,,,,,manaka,,90,,,,,　と、いいながらも愛歌の指先は小銭を自販機に入れたままボタンを押そうとしない。
311600 ,,,,,,,優哉,優哉,,manaka,,90,,,,,「おい、お金入れただろ？　買わないのか？」
311700 ,,,,,,,愛歌,愛歌,01man171_008.wav,manaka,,90,,,,,「ううん、ただちょっと何飲もうか迷ってて……」
311800 ,,,,,,,,,,manaka,,4,,,,,　真剣なまなざしで愛歌は自販機をにらみつける。細い指が三つのボタンの前でふらふらとさまよう。
311900 ,,,,,,,,,,manaka,,4,,,,,　基本中の基本『そぉい！　お茶』。
　さっぱり爽やか『忘我コーラ』。
　甘くてコクのある『深夜のティータイム』。
312000 ,,,,,,,優哉,優哉,,manaka,,4,,,,,「愛歌が忘我コーラなんて珍しいな。炭酸ダメじゃなかったっけ？」
312100 ,,,,,,,愛歌,愛歌,01man171_009.wav,manaka,,4,,,,,「ううん、たまには飲むよ……いつもはお茶だけど」
312200 ,,,,,,,優哉,優哉,,manaka,,4,,,,,「じゃあお茶にしとけば？」
312300 ,,,,,,,愛歌,愛歌,01man171_010.wav,manaka,,4,,,,,「でも今日は他のも飲みたい気分なんだよ」
312400 ,,,,,,,優哉,優哉,,manaka,,4,,,,,「紅茶もお茶じゃないのか？」
312500 ,,,,,,,愛歌,愛歌,01man171_011.wav,manaka,,4,,,,,「ミルクティーだもん。お茶とは違うよ……」
312600 ,,,,,,,,,,manaka,,4,,,,,　しゃべるたびに指が別のボタンに向かって動く。全然決まる様子がない。
312700 ,,,,,,,優哉,優哉,,manaka,,4,,,,,「おいおい、愛歌、このままじゃ日が暮れちゃうぞ。俺が選んでやろうか？」
312800 ,,,,,,,愛歌,愛歌,01man171_012.wav,manaka,,2,,,,,「ダメっ！」
312900 ,,,,,,,,,,manaka,,2,,,,,　俺が伸ばした手をいきなり愛歌がつかんで止める。
313000 ,,,,,,,愛歌,愛歌,01man171_013.wav,manaka,,90,,,,,「こういうのは自分で決めないと、ダメなんだよ」
313100 ,,,,,,,優哉,優哉,,manaka,,90,,,,,「こういうの、って、飲み物買うだけだろ？」
313200 ,,,,,,,愛歌,愛歌,01man171_014.wav,manaka,,90,,,,,「そうだけど、ちゃんといろいろ決める決心とか、判断力とかないと、将来すごく困るんだから」
313300 ,,,,,,,優哉,優哉,,manaka,,90,,,,,「自販機で飲み物買うだけで判断力ねえ……」
313400 ,,,,,,,愛歌,愛歌,01man171_015.wav,manaka,,5,,,,,「そうだよ、今何が飲みたいのかとかちゃんと決められなきゃ……優柔不断になっちゃうの。私みたいに」
313500 ,,,,,,,優哉,優哉,,manaka,,5,,,,,「……そりゃ、そうかもしれないけど……」
313600 ,,,,,,,,,,manaka,,5,,,,,　愛歌はたしかに優柔不断というか、ちょっとおっとりしてるところがある。でもそんなに気にするほどのことじゃないと思うんだけどな……
313700 ,,,,,,,愛歌,愛歌,01man171_016.wav,manaka,,4,,,,,「……うん、やっぱりコーラ。今日はコーラにする」
313800 ,,<se file=""jihanki.wav"">,,,,,,,,manaka,,4,,,,,　ものすごい決定でもするような顔で、愛歌はコーラのボタンを押す。
314000 ,,,,,,,,,,manaka,,4,,,,,　ゴトゴトと落ちてきたコーラを取って、愛歌は緊張した面持ちでふたを開ける。ぷしゅーっと音を立てて炭酸が抜けた。
314100 ,,,,,,,優哉,優哉,,manaka,,4,,,,,「……まあ、いいけどさ」
314200 ,,,,,,,,,,manaka,,4,,,,,　なんかもやもやした気分だけど、何がイヤなのか自分でもいまいちわからない。
314300 ,,,,,,,,,,manaka,,4,,,,,　愛歌はおそるおそるといった様子で缶に口を付けて少し飲んではしびれたような顔をする。
314400 ,,,,,,,愛歌,愛歌,01man171_017.wav,manaka,,5,,,,,「は、はふぅ～……」
314500 ,,,,,,,,,,manaka,,5,,,,,　舌を出して息をつく顔、よく見たら目尻に涙が浮かんでいる。
314600 ,,,,,,,優哉,優哉,,manaka,,5,,,,,「そんな無理して飲むことないだろ……」
314700 ,,,,,,,愛歌,愛歌,01man171_018.wav,manaka,,3,,,,,「ら、らってひぶんでえらんらんらもん……」
314800 ,,,,,,,優哉,優哉,,manaka,,3,,,,,「自分で選んだら全部自分の責任ってわけじゃないだろ。半分飲んでやろうか？」
314900 ,,,,,,,愛歌,愛歌,01man171_019.wav,manaka,,5,,,,,「………………うん」
315000 ,,,,,,,,,,manaka,,5,,,,,　愛歌の差し出したコーラを受け取って一口あおる。炭酸はぴりぴりと舌を刺して甘く痛い。
315100 ,,,,,,,優哉,優哉,,manaka,,5,,,,,「……苦手なのになんで炭酸にしたんだよ」
315200 ,,,,,,,愛歌,愛歌,01man171_020.wav,manaka,,90,,,,,「……すっきりしたかったの。それと、いつまでも苦手だからって避けてちゃダメだな、って思って」
315300 ,,,,,,,,,,manaka,,90,,,,,　そういった愛歌の横顔はいつものおっとりしたそれとはちょっと違っていて、
315400 ,,,,,,,優哉,優哉,,manaka,,90,,,,,「……ふうん」
315500 ,,,,,,,,,,manaka,,90,,,,,　だから俺は、うなずくぐらいしか出来なかった。
315590 ,,<!Lend_day_change>,0,9000,,,,,,,,,,,,,
315599 ,,<!ec_manaka_uni>,,,,,,,,,,,,,,,
315690 ,$go 180,,,,,,,,,,,,,,,,
315800 ,@172,,,,,,,,,,,,,,,,
315990 ,"$fadd %yuu,1",,,,,,,,,,,,,,,,
316100 ,,<!Lbegin_day_change>,2,1200,,,優哉,優哉,,,,,,,,,「ぼーくの名前を知ってるか～
温泉太郎と言うんだよ～　っと……」
316200 ,,,,,,,,,,,,,,,,,　何の気なしに親父の様子を見に来た俺は、
　予想通り仕事を押し付けられた。
　今日はどうやら露天風呂の掃除らしい。
316300 ,,,,,,,優哉,優哉,,,,,,,,,「親父め、若いモンの使いどころを心得てやがるな。
キッツいのをまわしてくれるもんだ」
316400 ,,,,,,,,,,,,,,,,,　紅葉の季節も近づいた今あたりから、
　露天風呂には落ち葉が舞い込んでくるようになる。
　特に湯に入ったヤツは見た目が悪くなるから
316500 ,,,,,,,,,,,,,,,,,　全部すくい取るのは確かに必要な作業なんだが……
　あれ、腰にクるんだよな。時間もかかるし
316600 ,,,,,,,優哉,優哉,,,,,,,,,「まあ、しょうがねえ。チャッチャと終わらせるか！」
316700 ,,,,,,,,,,,,,,,,,　自らを鼓舞しつつ、すくい網に穴が開いてないか
　チェックしていると。背後から聞き慣れた声が
　かけられた。
316800 ,,,,,,,悠,？？？,02yuu172_001.wav,,,,,,,,「お、お家の手伝い？　感心感心。
しっかりやんなさいよねー」
316900 ,,,,,,,優哉,優哉,,,,,,,,,「……なんでお前がここにいるんだ？　悠」
317000 ,,,,,,,,,,"yuu,uniform",,0,,,,,　振り向けば、そこには我らが温泉部の部長である
　悠の姿が当然のようにあるわけで。
317100 ,,,,,,,悠,悠,02yuu172_002.wav,yuu,,0,,,,,「なんでって、
ここ温泉旅館でしょ？　温泉がウリの旅館」
317200 ,,,,,,,優哉,優哉,,yuu,,0,,,,,「そうだな」
317300 ,,,,,,,悠,悠,02yuu172_003.wav,yuu,,17,,,,,「じゃあ、温泉部部長である私がいても
何の問題もないでしょ？」
317400 ,,,,,,,優哉,優哉,,yuu,,17,,,,,「その理屈で行くんなら、わざわざすみさきに
いなくてもよくなるんだがな？」
317500 ,,,,,,,悠,悠,02yuu172_004.wav,yuu,,5,,,,,「もー、意地悪言うの禁止だよ！
この前入った時、予想以上に気持ちよかったからさ。
個人的にチェックしにきたの！」
317600 ,,,,,,,優哉,優哉,,yuu,,5,,,,,「それはまいどどうも……って、
そんなに気に入ったのか？」
317700 ,,,,,,,悠,悠,02yuu172_005.wav,yuu,,0,,,,,「ここの露天、なんかいいんだよねー。
今まで入ってきた温泉の中でもトップクラスかも！
で、部長としてはぜひ良さの原因をつきとめたいなと」
317800 ,,,,,,,優哉,優哉,,yuu,,0,,,,,「なんだ、急にマジメぶって。熱でも出たのか？」
317900 ,,,,,,,悠,悠,02yuu172_006.wav,yuu,,0,,,,,「なんで部長様にそういう事言うかなぁっ！」
318000 ,,,,,,,,,,yuu,,0,,,,,　まぜっかえしながら、俺は不覚にもジンとしていた。
　すみさきが評価された事にもだが、思っていた以上に
　悠が真摯に温泉と向き合っていたからだ。
318100 ,,,,,,,,,,yuu,,0,,,,,　あれ？　でも俺、何か忘れてないか……？
318200 ,,,,,,,優哉,優哉,,yuu,,0,,,,,「あー……悠、すまん。露天風呂は今から入場禁止だ」
318300 ,,,,,,,悠,悠,02yuu172_007.wav,yuu,,53,,,,,「えー！？　なんでなんで？
まさか、客が私だからとか言うんじゃないよね？
そんな横暴、絶対許さないから！」
318400 ,,,,,,,優哉,優哉,,yuu,,53,,,,,「そんなんじゃねえって。
実は親父から露天風呂の掃除を頼まれてるんだ。
だから終わるまではちょっとな……」
318500 ,,,,,,,,,,yuu,,53,,,,,　俺の説明を聞いて、悠がむむむと考え込みだす。
　まあ悠には申し訳ないが、こればっかりはなあ。
318600 ,,,,,,,悠,悠,02yuu172_008.wav,yuu,,0,,,,,「ね、掃除ってどれくらいやるの？」
318700 ,,,,,,,優哉,優哉,,yuu,,0,,,,,「どれくらいって……とりあえず
湯に入ってる落ち葉すくって、後は
洗い場にブラシかけるくらいか」
318800 ,,,,,,,悠,悠,02yuu172_009.wav,yuu,,1,,,,,「じゃあ一緒に入ろうよ。で、優哉は掃除するの。
これで全部問題なしでしょ？」
318900 ,,,,,,,優哉,優哉,,yuu,,1,,,,,「な、バカ！　問題アリアリだろうが！」
319000 ,,,,,,,悠,悠,02yuu172_010.wav,yuu,,0,,,,,「あれ～？　お前の色じかけは通用しないとか、
萌えないって言ってたのに、やっぱり恥ずかしい？」
319100 ,,,,,,,,,,yuu,,0,,,,,　クソ、人がせっかく
　レディらしく扱ってやってんのに
　そんな挑発してくるのかよ。上等じゃねえか！
319200 ,,,,,,,優哉,優哉,,yuu,,0,,,,,「そんなワケねえっての。
よーし、じゃあ一緒に行くか。
言っておくが、後から泣き入れるなよ？」
319300 ,,,,,,,悠,悠,02yuu172_011.wav,yuu,,0,,,,,「そんな事しないって。それじゃ、先に行っててよ。
さすがに服脱いでる所見せたら襲われそうだし」
319400 ,,,,,,,優哉,優哉,,yuu,,0,,,,,「おお、じゃあ後でな」
319500 ,,,,,,,,,,yuu,,0,,,,,　さて、面倒くさい事になってきたぞ……
319800 ,,<!move_normal>,,1302,,,,,,,,,,,,,　とりあえず、洗い場に湯をぶちまけてからブラシを
　かける。悠は湯船に入る前に体を流すだろうから、
　先回りで作業しとかないとな
319900 ,,,,,,,悠,悠,02yuu172_012.wav,,,,,,,,「お、やっとるねー！　感心感心！」
320000 ,,,,,,,,,,,,,,,,,　普段から掃除をこまめにしているおかげで、
　悠が入ってくるまでには、次の作業に移る事が
　できた。
320100 ,,,,,,,優哉,優哉,,,,,,,,,「……お前、そんな格好で平気か？」
320200 ,,,,,,,,,,"yuu,bathtowel",,1,,,,,　悠は俺を男と思ってるのか思ってないのか、
　バスタオル一丁の刺激的な格好でやって来た。
320300 ,,,,,,,悠,悠,02yuu172_013.wav,yuu,,1,,,,,「湯浴み着じゃ雰囲気出ないんだもん。それに、
けなげにお手伝いする優哉にサービス♪　だよ。
ほらほら、このチラリズムがたまらないでしょ？」
320400 ,,,,,,,優哉,優哉,,yuu,,1,,,,,「やめろって！」
320500 ,,,,,,,,,,yuu,,1,,,,,　そう言いながら目をそらし、すくい網を
　バシャバシャやるが、俺の脳裏には悠の
　夕焼けが映える程白い肌が焼きついて離れない。
320600 ,,,,,,,悠,悠,02yuu172_014.wav,yuu,,0,,,,,「ねえ」
320700 ,,,,,,,優哉,優哉,,yuu,,0,,,,,「何だよ」
320800 ,,,,,,,,,,yuu,,0,,,,,　話しかけられただけで、少しドギマギしちまう。
　落ち着け優哉。クールに行こうぜ？
320900 ,,,,,,,悠,悠,02yuu172_015.wav,yuu,,0,,,,,「湯船のゴミ取り、終わった？
私そろそろお湯につかりたいナー」
321000 ,,,,,,,,,,yuu,,0,,,,,　ぼんやりと動かしていた手を止めて湯船を見渡す。
　心ここにあらずで作業してたが、長年の慣れのせいか
　ゴミや落ち葉は取りきれているようだった。
321100 ,,,,,,,優哉,優哉,,yuu,,0,,,,,「ああ、もういいぜ。ゆっくりつかってくれよ」
321200 ,,,,,,,,,,yuu,,0,,,,,　今度は湯船から離れて、
　もう一度洗い場の方を確認する。
　その間に、悠は湯船の方に移動していた。
321300 ,,<!se_bath_in>,,,,,悠,悠,02yuu172_016.wav,yuu,,1,,,,,「くうぅ～っ！　あぁ…………
やっぱりここは、まず湯加減がいいよね！」
321400 ,,,,,,,優哉,優哉,,yuu,,1,,,,,「かけ流しだから、よそと同じだろ？
別に沸かしてるわけじゃないんだから」
321500 ,,,,,,,悠,悠,02yuu172_017.wav,yuu,,1,,,,,「いや、全然違うよ～。
この温泉郷の大半の温泉を体験した
この部長様が言うんだからまちがいナシ！」
321600 ,,,,,,,,,,yuu,,1,,,,,　ふと顔を上げると、悠が本当に気持ちよさそうに
　伸びをしている。そうすると白い肌でスラッとした
　腕と、その……脇が目に飛び込んでくるわけで
321700 ,,,,,,,優哉,優哉,,yuu,,1,,,,,「だからお前、ちょっとは気を使えって！」
321800 ,,,,,,,,,,yuu,,1,,,,,　顔が赤くなりそうになるから、つい大声出しちまう。
　悠はニヤニヤしながら脇を見せつけてくる
321900 ,,,,,,,悠,悠,02yuu172_018.wav,yuu,,1,,,,,「お、優哉クン脇フェチってヤツ？
いや～。初心者にはちょっとまぶしすぎたかな？」
322000 ,,,,,,,優哉,優哉,,yuu,,1,,,,,「あーもう！」
322100 ,,,,,,,悠,悠,02yuu172_019.wav,yuu,,1,,,,,「ほらほら～。恥ずかしがらなくてもいいんだよ～？」
322300 ,,,,9000,,,,,,,,,,,,,　結局、それからずっと悠にからかわれながら
　掃除をやりとげるハメになった。
322400 ,,,,,,,,,,,,,,,,,　親父、このタイミングで掃除を言いつけた
　アンタをちょっとだけ恨むぜ…………
322490 ,,<!Lend_day_change>,0,9000,,,,,,,,,,,,,
322499 ,,<!ec_yuu_uni>,,,,,,,,,,,,,,,
322590 ,$go 180,,,,,,,,,,,,,,,,
322700 ,@173,,,,,,,,,,,,,,,,2007/8/5　2:49
322790 ,"$fadd %kotori,1",,,,,,,,,,,,,,,,
322900 ,,<!Lbegin_day_change>,7,4400,,,優哉,優哉,,,,,,,,,「ういーっす……っと」
323000 ,,,,,,,,,,,,,,,,,　今日は激突しないように、
　勢いよく扉を開くのはやめておいた。
323190 ,,,,,,,,,,kotori,,2,,,,,　部室の中には、恋鳥だけがいた。
323200 ,,,,,,,優哉,優哉,,kotori,,2,,,,,「あれっ、悠は？」
323300 ,,,,,,,恋鳥,恋鳥,04kot173_002.wav,kotori,,0,,,,,「……すぐに来る」
323400 ,,,,,,,,,,kotori,,0,,,,,　恋鳥がそう言ったとたんに、
　どどどど、と足音が響いて、
323600 ,,,,,,,悠,悠,02yuu173_001.wav,,,,,,,,「みんなぁーっ、おおーっす！！」
323890 ,,<!se_bushitsu_hard>,,,,,,,,"yuu,uniform",,1,,,,,
323900 ,,"<!se_head_hit><shake target=""sc"" time=""1000,1000"" x=""40,200,0"" y=""30,100,0"">",,,,,,,,"yuu,uniform",,1,,,,,　後ろからつっこんできた悠が
　扉ごと俺を突き飛ばし、跳ね返った扉は
　先日より激しく俺に激突した。
324000 ,,,,,,,優哉,優哉,,"yuu,uniform",,1,,,,,「……っってええええええ！！」
324100 ,,,,,,,,,,"yuu,uniform",,1,,,,,　思わず激突した頭を抱えて床を転がる。
　悶絶ってのはこういうことを言うのか……ッ。
324200 ,,,,,,,悠,悠,02yuu173_002.wav,yuu,,12,,,,,「あ、あちゃー。
　ごめん、優哉。
　だ……大丈夫？」
324300 ,,,,,,,優哉,優哉,,yuu,,12,,,,,「大丈夫なわけあるかっ、お前
　俺がどんだけ丈夫だと思ってんだよ！」
324400 ,,,,,,,悠,悠,02yuu173_003.wav,yuu,,0,,,,,「石頭」
324500 ,,,,,,,優哉,優哉,,yuu,,0,,,,,「石頭だったら痛くないわけじゃないんだぞ！」
324600 ,,,,,,,恋鳥,恋鳥,04kot173_003.wav,yuu,,0,kotori,,0,,「鉄頭」
324700 ,,,,,,,優哉,優哉,,yuu,,0,kotori,,0,,「かわんねえ！
　っていうか言葉を作るな！」
324800 ,,,,,,,恋鳥,恋鳥,04kot173_004.wav,yuu,,0,kotori,,7,,「……悠、こいつは心が狭い」
324900 ,,,,,,,悠,悠,02yuu173_004.wav,yuu,,0,kotori,,7,,「心に余裕がないんだよね。
　やれやれだよ……」
325000 ,,,,,,,優哉,優哉,,yuu,,0,kotori,,7,,「余裕ぶるんじゃねぇーっていうか
　人に激突させたんだから謝れよっ」
325100 ,,,,,,,悠,悠,02yuu173_005.wav,yuu,,1,kotori,,0,,「あ、ごっめーん☆」
325200 ,,,,,,,,,,yuu,,1,kotori,,0,,　む、ムカつくなおい！
325300 ,,,,,,,優哉,優哉,,yuu,,1,kotori,,0,,「……いや、落ち着け俺……
　平常心だ、こいつらに振り回されるな……
　こいつらは俺をからかってるんだ……」
325400 ,,,,,,,恋鳥,恋鳥,04kot173_005.wav,yuu,,1,kotori,,7,,「おい、お前」
325500 ,,,,,,,優哉,優哉,,yuu,,1,kotori,,7,,「……なんだよ」
325600 ,,,,,,,恋鳥,恋鳥,04kot173_006.wav,yuu,,1,kotori,,7,,「廊下の風が冷たいから早く閉めろ」
325700 ,,,,,,,優哉,優哉,,yuu,,1,kotori,,7,,「むがーっ、お前らはぁ！」
325800 ,,,,,,,悠,悠,02yuu173_006.wav,yuu,,0,kotori,,0,,「わー、優哉が怒ったー」
325900 ,,,,,,,恋鳥,恋鳥,04kot173_007.wav,yuu,,0,kotori,,0,,「……わー」
326000 ,,,,,,,,,,,,,kotori,,0,,　楽しげに笑って部屋を飛び出していく悠、
　パソコンの前で無表情に声を上げるだけの恋鳥。
　……なんか怒る気力が抜けてしまった。
326100 ,,,,,,,優哉,優哉,,,,,kotori,,0,,「……ったく。
　お前らこれでよく今までやってこられたな」
326200 ,,,,,,,恋鳥,恋鳥,04kot173_008.wav,,,,kotori,,0,,「……悠がこんなに暴れるようになったのは、
　お前が来てからだ」
326300 ,,,,,,,優哉,優哉,,,,,kotori,,0,,「何？　今までああじゃなかったのか」
326400 ,,,,,,,恋鳥,恋鳥,04kot173_009.wav,,,,kotori,,0,,「恋鳥は大人で落ち着いてるからな。
　一人で騒いでることがあっても、
　お前みたいに大騒ぎにすることはなかったぞ」
326500 ,,,,,,,,,,,,,kotori,,0,,　なるほどな……
　まあなんとなくわかるけどさ。
326600 ,,,,,,,優哉,優哉,,,,,kotori,,0,,「……それじゃ、お前は？」
326700 ,,,,,,,恋鳥,恋鳥,04kot173_010.wav,,,,kotori,,3,,「……恋鳥？　恋鳥がなんだ」
326800 ,,,,,,,優哉,優哉,,,,,kotori,,3,,「お前はどうなんだよ、
　俺が来てから変わったのか？」
326900 ,,,,,,,恋鳥,恋鳥,04kot173_011.wav,,,,kotori,,90,,「……そうだな。
　恋鳥もお前が来てから騒々しくなった」
327000 ,,,,,,,,,,,,,kotori,,90,,　そういって恋鳥は俺の顔を見る。
　なんだかそれは……
327100 ,,,,,,,優哉,優哉,,,,,kotori,,90,,「俺の影響力大ってことか？」
327200 ,,,,,,,,,,,,,kotori,,90,,　とかふざけて言ってみたら、
　恋鳥はいきなりぷいっと顔を背けた。
327300 ,,,,,,,恋鳥,恋鳥,04kot173_012.wav,,,,kotori,,0,,「……お前のせいで静かな部活が台無しだ。
　まったく愚かしい話だな」
327400 ,,,,,,,,,,,,,kotori,,0,,　ブツブツと不満げにつぶやく恋鳥。
　その顔がなんだか面白くて、
　俺はつい笑ってしまった。
327500 ,,,,,,,恋鳥,恋鳥,04kot173_013.wav,,,,kotori,,7,,「……何笑ってるんだ」
327600 ,,,,,,,,,,,,,kotori,,7,,　ぎろりとにらみつけてくる恋鳥。
　でもその頬は少しだけ赤く染まっている。
327700 ,,,,,,,優哉,優哉,,,,,kotori,,7,,「恋鳥、ほっぺたが紅いぞ」
327800 ,,,,,,,恋鳥,恋鳥,04kot173_014.wav,,,,kotori,,0,,「……そんなことはない。
　お前は色彩感覚がおかしいんだ」
327900 ,,,,,,,,,,,,,kotori,,0,,　恋鳥がまた、ツンと俺から顔を背ける。
　……俺はその表情をちょっと可愛いなと思った。
328200 ,,<!timepass_2_short>,8,12201,,,,,,,,,,,,,　部活が終わって帰り道。
　悠は先に帰って、恋鳥は用事があると
　どこかにいってしまった。
328300 ,,,,,,,,,,,,,,,,,　こんな時間に一緒に帰る相手もいない。
　一人でふらふらと街の中を歩いていると……
328400 ,,,,,,,大家さん,？？？,15oya173_001.wav,,,,,,,,「あら、優哉くんじゃないですか。
　こんにちは」
328500 ,,,,,,,優哉,優哉,,,,,,,,,「あ、大家さん。
　どうも、こんにちは」
328600 ,,,,,,,,,,,,,,,,,　ぺこりと頭を下げると、大家さんは
　にこにこ笑って俺に歩み寄ってきた。
328700 ,,,,,,,大家さん,大家さん,15oya173_002.wav,,,,,,,,「この間はお世話になったわね」
328800 ,,,,,,,優哉,優哉,,,,,,,,,「いや、お世話になったのは俺の方で……
　ケーキ屋さんに連れて行ってくださって
　ありがとうございました」
328900 ,,,,,,,大家さん,大家さん,15oya173_003.wav,,,,,,,,「いいえ、お礼は私が言わなきゃいけないんですよ。
　恋鳥ちゃんがね、また部活動に行くようになって、
　私はとってもうれしかったんですから」
329000 ,,,,,,,優哉,優哉,,,,,,,,,「いやぁ、俺も一緒にやりたかったですから……
　それだとお互い様っていうことですかね」
329100 ,,,,,,,大家さん,大家さん,15oya173_004.wav,,,,,,,,「そうね、お互い様だわ。
　お互いにありがとうで、いいわね」
329200 ,,,,,,,,,,,,,,,,,　そういって大家さんは上品に笑う。
　なんていうか、落ち着いたいい人だよなあ……。
329300 ,,,,,,,恋鳥,？？？,04kot173_015.wav,,,,,,,,「……あれ、おばあちゃん、
　こんなところでこんなヤツと何してるんだ？」
329400 ,,,,,,,,,,,,,,,,,　後ろからかかった聞き覚えのある声に、
　俺は振り返って笑いかける。
329500 ,,,,,,,優哉,優哉,,kotori,,90,,,,,「おう、恋鳥。
　今帰りか？」
329600 ,,,,,,,恋鳥,恋鳥,04kot173_016.wav,kotori,,90,,,,,「……ん。
　やることも終わったからもう帰るところだ」
329700 ,,,,,,,大家さん,大家さん,15oya173_005.wav,kotori,,90,,,,,「あらあら、それじゃあ一緒に帰りましょうか、
　恋鳥ちゃん」
329800 ,,,,,,,恋鳥,恋鳥,04kot173_017.wav,kotori,,1,,,,,「うん、おばあちゃん。
　……お前は、ばいばい」
329900 ,,,,,,,,,,kotori,,1,,,,,　おざなりだな、おい。
　苦笑いして恋鳥に応じる。
330000 ,,,,,,,優哉,優哉,,kotori,,1,,,,,「はいはい、お邪魔はしませんよ。
　じゃあな、恋鳥。
　さようなら、大家さん」
330100 ,,,,,,,大家さん,大家さん,15oya173_006.wav,kotori,,1,,,,,「そうね、さようなら、優哉くん」
330200 ,,,,,,,,,,kotori,,1,,,,,　二人は自然に手に手を取って、
　寄り添うように歩き始めた。
330400 ,,,,,,,,,,,,,,,,,　二人の背中が並んで遠ざかっていく。
　何かを話しているのか、時たま顔を見合わせて
　小さく笑ったり、うなずいたりしている。
330500 ,,,,,,,優哉,優哉,,,,,,,,,「……恋鳥のあんな顔、見たことなかったな」
330600 ,,,,,,,,,,,,,,,,,　無表情な恋鳥があんなに柔らかく笑うなんて、
　思いもしなかった。
330700 ,,,,,,,優哉,優哉,,,,,,,,,「なんか……親子みたいだな、あの二人」
330800 ,,,,,,,,,,,,,,,,,　そんな様子を俺は、
　いいな、と素直に思った。
330890 ,,<!Lend_day_change>,0,9000,,,,,,,,,,,,,
330899 ,,<!ec_kotori_uni>,,,,,,,,,,,,,,,
330990 ,$go 180,,,,,,,,,,,,,,,,
331100 ,@180,,,,,,,,,,,,,,,,
331400 ,,<!Lbegin_day_change>,7,4500,,,優哉,優哉,,,,,,,,,「ふあーぁ、食った食った……」
331500 ,,,,,,,,,,,,,,,,,　弁当箱を片づけると、俺は大きく伸びをした。
331600 ,,,,,,,大和,？？？,08yam180_001.wav,,,,,,,,「いてっ」
331700 ,,,,,,,,,,,,,,,,,　と、手に軽い衝撃と、背後で謎の声がした。
331800 ,,,,,,,大和,大和,08yam180_002.wav,"yamato,uniform",,5,,,,,「優哉～、もうちょっと後方に注意しろよ。
　お前の目はどこについてるんだ」
331900 ,,,,,,,,,,yamato,,5,,,,,　どうやら大和のでこにクリーンヒットしたらしい。
332000 ,,,,,,,優哉,優哉,,yamato,,5,,,,,「目が前についてんのに、後方に注意できるか。
　このどあほう」
332100 ,,,,,,,大和,大和,08yam180_003.wav,yamato,,7,,,,,「なにを～っ」
332200 ,,,,,,,,,,yamato,,7,,,,,　大和が拳を振り上げるのを、俺は華麗に
　首を動かして避けた。
332300 ,,,,,,,優哉,優哉,,yamato,,7,,,,,「ふはははは、腕がなまったようだな」
332400 ,,,,,,,大和,大和,08yam180_004.wav,yamato,,7,,,,,「くぬっ、くぬっ、くぬっ」
332500 ,,,,,,,,,,yamato,,7,,,,,　大和め、武器を持ち出しやがった。
332600 ,,,,,,,,,,yamato,,7,,,,,　そっちが箸なら、こっちはフォークだ！
332700 ,,,,,,,愛歌,愛歌,01man180_001.wav,yamato,,7,"manaka,uniform",,7,,「もう～、二人とも何やってるの？
　お箸でふざけてたら危ないよ～」
332800 ,,,,,,,,,,yamato,,7,manaka,,7,,　俺と大和がちゃんちゃんばらばらやってるのを
　見て、愛歌が飛んできた。
332900 ,,,,,,,優哉,優哉,,yamato,,7,manaka,,7,,「ええい、止めるな、愛歌。
　男の勝負に水を差すな！」
333000 ,,,,,,,大和,大和,08yam180_005.wav,yamato,,4,manaka,,7,,「そうだそうだー。こいつに一矢報いるぞ、俺は」
333100 ,,,,,,,,,,yamato,,4,manaka,,7,,　再び、箸を構える大和！
333200 ,,,,,,,,,,yamato,,4,manaka,,7,,　を、見て、俺は……。
333300 ,,,,,,,優哉,優哉,,yamato,,4,manaka,,7,,「いーちぬーけたっ」
333400 ,,,,,,,,,,yamato,,4,manaka,,7,,　フォークをしまうと、大和に背中を向けた。
333500 ,,,,,,,大和,大和,08yam180_006.wav,yamato,,53,manaka,,7,,「あ、おい、逃げるかっ！　卑怯者っ！」
333600 ,,,,,,,愛歌,愛歌,01man180_002.wav,yamato,,53,manaka,,3,,「いいの？　真剣勝負じゃないの？」
333700 ,,,,,,,優哉,優哉,,yamato,,53,manaka,,3,,「いや、アホをからかってただけだ」
333800 ,,,,,,,大和,大和,08yam180_007.wav,yamato,,53,manaka,,3,,「お前、それはないだろーっ」
333900 ,,,,,,,,,,yamato,,53,manaka,,3,,　何か言ってるが空耳空耳。
334000 ,,,,,,,愛歌,愛歌,01man180_003.wav,yamato,,53,manaka,,0,,「そっかぁ～」
334100 ,,,,,,,大和,大和,08yam180_008.wav,yamato,,50,manaka,,0,,「秋里も納得すんなよっ」
334200 ,,,,,,,愛歌,愛歌,01man180_004.wav,,,,manaka,,90,,「そういえば、温泉部、順調？」
334300 ,,,,,,,,,,,,,manaka,,90,,　愛歌にすらスルーされて、大和が机につっぷした。
　うむ、静かになった。
334400 ,,,,,,,優哉,優哉,,,,,manaka,,90,,「まあ、順調……っつーか、なんつーか」
334500 ,,,,,,,愛歌,愛歌,01man180_005.wav,,,,manaka,,1,,「頑張ってね。私も応援してるよ」
334600 ,,,,,,,,,,,,,manaka,,1,,　だったら、温泉部に入ってくれ……と言う言葉を
　ぐっと飲み込み、俺は頷いた。
334700 ,,,,,,,,,,,,,manaka,,1,,　順調どころか、毎日部活のハードルが
　上がっている気がするが、やるしかあるまい。
334800 ,,,,,,,,,,,,,manaka,,1,,　まずは、部員勧誘からだな……。
335000 ,,<!move_long><!se_bushitsu_open>,2,4400,,,優哉,優哉,,,,,,,,,「ちーっす、今日も来てやったぞー！」
335100 ,,,,,,,,,,,,,,,,,　この間の教訓を生かして、いくぶん控えめに
　ドアを開ける。
335200 ,,,,,,,恋鳥,恋鳥,04kot180_001.wav,"kotori,uniform",,0,,,,,「…………」
335300 ,,,,,,,,,,kotori,,0,,,,,　が、俺を今日迎えたのは冷たい視線だった。
335400 ,,,,,,,恋鳥,恋鳥,04kot180_002.wav,kotori,,7,,,,,「……こなくていい」
335500 ,,,,,,,,,,kotori,,0,,,,,　そうぼそっとつぶやくと、俺から顔を背けて、
　またPCに没頭されてしまった。
335600 ,,,,,,,,,,kotori,,0,,,,,　さすがに、こうも無視されると立つ瀬がない。
335700 ,,,,,,,優哉,優哉,,kotori,,0,,,,,「立つ瀬がないなら、座ってみるか」
335800 ,,,,,,,,,,kotori,,0,,,,,　俺はとりあえず鞄を置いて、恋鳥の隣の椅子に
　腰掛けた。
335900 ,,,,,,,,,,,,,,,,,　そのとたん、恋鳥が黙ってPCの電源を落とすと
　立ちあがる。
336000 ,,,,,,,,,,,,,,,,,　そして、俺から一番遠い椅子まで離れた。
336100 ,,,,,,,優哉,優哉,,,,,,,,,「おいおい、そりゃないだろ」
336200 ,,,,,,,恋鳥,恋鳥,04kot180_003.wav,kotori,,7,,,,,「近づくな」
336300 ,,,,,,,,,,kotori,,7,,,,,　俺が席を立っただけで、恋鳥が警戒の視線を
　俺に向ける。
336400 ,,,,,,,,,,kotori,,7,,,,,　……この野良猫娘め。
336500 ,,,,,,,,,,kotori,,7,,,,,　とはいえ、前ほど腹立たしくないのは、
　こいつの態度に慣れてきたせいか。
336600 ,,,,,,,優哉,優哉,,kotori,,7,,,,,「わかったよ、近づかないし、何もしない。
　だから、ちっとは安心しろよ」
336700 ,,,,,,,,,,kotori,,0,,,,,　同じ椅子に座り直す。
　恋鳥の顔が少し安堵したように見えた。
336800 ,,,,,,,恋鳥,恋鳥,04kot180_004.wav,kotori,,0,,,,,「それでいい。その椅子から動くな」
336900 ,,,,,,,優哉,優哉,,kotori,,0,,,,,「お前、それはちょっと調子に乗りすぎだろうっ」
337000 ,,,,,,,,,,kotori,,3,,,,,　俺が再度、立ちあがろうとすると、恋鳥の肩が
　微妙に震えた。
337100 ,,,,,,,,,,kotori,,3,,,,,　いかんいかん……懐かせようとしているのに、
　怖がらせてどうする。
337200 ,,,,,,,,,,kotori,,3,,,,,　……って、本当に野良猫相手にしてるみたいだ。
337300 ,,,,,,,優哉,優哉,,kotori,,3,,,,,「そういや、悠はどうした？」
337400 ,,,,,,,,,,kotori,,3,,,,,　このやたら緊張した空気をなんとかしてくれそうな
　破壊神の名前を出してみる。
337500 ,,,,,,,恋鳥,恋鳥,04kot180_005.wav,kotori,,0,,,,,「悠なら出て行ったぞ。
　今日は忙しいって言ってた」
337600 ,,,,,,,優哉,優哉,,kotori,,0,,,,,「そうか。
　……って、ことは今日も勧誘の話はなしかよ？！」
337700 ,,,,,,,恋鳥,恋鳥,04kot180_006.wav,kotori,,0,,,,,「そうなるな」
337800 ,,,,,,,優哉,優哉,,kotori,,0,,,,,「なあ……部員入れないとやばいんじゃないのか？」
337900 ,,,,,,,恋鳥,恋鳥,04kot180_007.wav,kotori,,5,,,,,「まずい」
338000 ,,,,,,,,,,kotori,,5,,,,,　それにしては悠もこいつものんきな……。
338100 ,,,,,,,優哉,優哉,,kotori,,5,,,,,「あーっ！　もうこうなったら、俺がなんか超すごい
　部員勧誘アイデアを練ってやるっ！
　何が何でも温泉部を潰させたりしねーぞ！」
338200 ,,,,,,,,,,kotori,,5,,,,,　とにかく温泉部の魅力を伝えるべく、
　俺は棚の資料を漁って、机にぶちまけた。
338300 ,,,,,,,,,,kotori,,0,,,,,　そんな俺を恋鳥は、今度は止めなかった。
338400 ,,,,,,,恋鳥,恋鳥,04kot180_008.wav,kotori,,1,,,,,「……がんばれ」
338500 ,,,,,,,優哉,優哉,,kotori,,1,,,,,「え？」
338600 ,,,,,,,恋鳥,恋鳥,04kot180_009.wav,kotori,,0,,,,,「なんでもない」
338700 ,,,,,,,,,,kotori,,0,,,,,　今、確かに頑張れって……。
338800 ,,,,,,,,,,kotori,,0,,,,,　緊張していたと思った空気がかすかだが
　ゆるんでいるのを感じる。
338900 ,,,,,,,,,,kotori,,0,,,,,　俺は、口元に笑みが浮かぶのを止められなかった。
338990 ,,<!Lend_scene_change>,0,9000,,,,,,,,,,,,,
338999 ,,<!ec_kotori_uni>,,,,,,,,,,,,,,,
339200 ,@190,,,,,,,,,,,,,,,,
339600 ,,<!Lbegin_scene_change>,8,12201,,,,,,,,,,,,,　夕方、学校の帰り道。
339700 ,,,,,,,,,,,,,,,,,　何となく今日は回り道でもしてみようかなと街の中心
　の方に足を運んでみた。
339800 ,,,,,,,,,,,,,,,,,　犬も歩けば何とやら。
　何か面白いものにぶつかる事もあるかもしれない。
339900 ,,,,,,,優哉,優哉,,,,,,,,,「……ん？　……」
340000 ,,,,,,,,,,,,,,,,,　街の雑踏の中に悠の姿が微かに見えた。
　……見えた気がする……。
340100 ,,,,,,,優哉,優哉,,,,,,,,,「見間違いかな？
　いや、でも、確かに……」
340200 ,,,,,,,,,,,,,,,,,　悠の姿が見えた方向へと歩を進める。
　ちらりと悠の髪が流れていくのが見える。
340300 ,,,,,,,優哉,優哉,,,,,,,,,「間違いない、悠だな。
　ま、暇だしちょっと声でもかけてみっか」
340400 ,,,,,,,,,,,,,,,,,　俺は悠の見えた方向へと足早に歩いてた。
340500 ,,,,,,,,,,,,,,,,,　しかし悠の動きはかなり速かった。
340600 ,,,,,,,,,,,,,,,,,　視界に悠を捉えるのがやっとで
　なかなか追いつけない。
340700 ,,,,,,,優哉,優哉,,,,,,,,,「な、なんて歩くのが速いんだ……」
340800 ,,,,,,,,,,,,,,,,,　普段からあんな速さで歩いているのだろうか。
340900 ,,,,,,,,,,,,,,,,,　走ると速いのは知っていたが、歩いている時も速かっ
　たのか……。
341000 ,,,,,,,優哉,優哉,,,,,,,,,「…………」
341100 ,,,,,,,,,,,,,,,,,　という事は、普段俺と一緒に歩いてる時は……。
　俺に歩を合わせているのかもしれないな。
341300 ,,<!move_normal>,,1101,,,優哉,優哉,,,,,,,,,「……え？　……」
341400 ,,,,,,,,,,,,,,,,,　悠を追いかけていたら旅館に辿り着いた。
　旅館の中に入っていったような気がする。
341500 ,,,,,,,,,,,,,,,,,　途中から追いかける事に夢中で、どこを歩いているの
　かなどまったく意識してなかった。
341700 ,,<!move_short>,,1200,,,優哉,優哉,,,,,,,,,「何をやっているんだろう……俺は……」
341800 ,,,,,,,,,,,,,,,,,　とりあえず旅館の中に入ってはみたけど、
　悠の姿は見当たらない。
341900 ,,,,,,,優哉,優哉,,,,,,,,,「まったく……あいつには振り回されっぱなしだぜ」
342000 ,,,,,,,つむぎ,つむぎ,05tum190_001.wav,"tumugi,nakai",,0,,,,,「あ……優哉さん……？」
342100 ,,,,,,,優哉,優哉,,tumugi,,0,,,,,「おっ……つむぎ、お疲れさん。
　毎日大変だな」
342200 ,,,,,,,つむぎ,つむぎ,05tum190_002.wav,tumugi,,1,,,,,「は、はい……ありがとうございます。
　オーナーに御用でしょうか」
342300 ,,,,,,,優哉,優哉,,tumugi,,1,,,,,「いんや、オヤジは別にいいわ。
　悠が来なかったか？」
342400 ,,,,,,,つむぎ,つむぎ,05tum190_003.wav,tumugi,,0,,,,,「悠さんでしたら……。
　確か足湯の方に行かれましたね」
342500 ,,,,,,,優哉,優哉,,tumugi,,0,,,,,「そっか、わかった。
　んじゃまたな、つむぎ」
342600 ,,,,,,,つむぎ,つむぎ,05tum190_004.wav,tumugi,,0,,,,,「…………」
342790 ,,<!move_normal>,2,,4308,,,,,,,,,,,,
342800 ,,<!se_bath_in>,,,4308,,悠,悠,02yuu190_001.wav,,,,,,,,「ふはぁぁ～、さいこうぅぅ……ほふぅぅ……。
　きっもちいいぃぃ……ふにゃふぅぅぅ……」
342900 ,,,,,4308,,,,,,,,,,,,　温泉に足を浸して気持ち良さそうに
　くつろいでいる悠を見つけた。
343000 ,,,,,4307,,,,,,,,,,,,　悠もこちらに気づいて振り向き、視線が合った。
343100 ,,,,,4307,,優哉,優哉,,,,,,,,,「ふぅ……やっと追いついたぜ……。
　悠は本当に温泉が好きなんだな」
343200 ,,,,,4307,,悠,悠,02yuu190_002.wav,,,,,,,,「あれっ？　優哉じゃん。
　優哉も温泉に入りにきたの？」
343300 ,,,,,4307,,優哉,優哉,,,,,,,,,「そのつもりはなかったんだけどな。
　街でお前を見つけて追いかけて来たんだ」
343400 ,,,,,4307,,悠,悠,02yuu190_003.wav,,,,,,,,「えっ？　街からずっと後をつけてきたの？
　ストーカーみたいでなんか気持ちわるぅ～」
343500 ,,,,,4307,,優哉,優哉,,,,,,,,,「悠の足が速すぎるのが悪いんだよ！
　走ってもぜんぜん追いつけなかったぞ……」
343600 ,,,,,4307,,悠,悠,02yuu190_004.wav,,,,,,,,「それは優哉の足が遅すぎるだけでしょ～に」
343700 ,,,,,4307,,優哉,優哉,,,,,,,,,「ふん、悪かったな。
　いつもあんなに速く歩いてるのか？」
343800 ,,,,,4307,,悠,悠,02yuu190_005.wav,,,,,,,,「んん～、そうかもね～。
　意識して速く歩いてるわけじゃないけどぉ」
343900 ,,,,,4307,,優哉,優哉,,,,,,,,,「じゃあ、俺と一緒の時は歩幅を合わせてるんだな。
　まあ俺に限った話じゃねえか」
344000 ,,,,,4307,,悠,悠,02yuu190_006.wav,,,,,,,,「…………」
344100 ,,,,,4307,,優哉,優哉,,,,,,,,,「んっ？」
344200 ,,,,,4307,,悠,悠,02yuu190_007.wav,,,,,,,,「いいじゃないそんなことっ！
　優哉も足を入れてみなよ、気持ちいいよ？」
344300 ,,,,,4307,,優哉,優哉,,,,,,,,,「なんではぐらかすんだよ」
344400 ,,,,,4307,,悠,悠,02yuu190_008.wav,,,,,,,,「べっつにぃ～」
344500 ,,,,,4307,,優哉,優哉,,,,,,,,,「…………」
344600 ,,,,,4307,,,,,,,,,,,,　まぁ、いっか……。
　悠の標準的な歩行速度の事なんて気にしても仕方がな
　いかな。
344700 ,,,,,4307,,悠,悠,02yuu190_009.wav,,,,,,,,「さぁさぁ、遠慮しないで入った入った♪
　熱くてあったかくてぬるくてとても気持ちいいよ～」
344800 ,,,,,4307,,優哉,優哉,,,,,,,,,「熱いのかあったかいのかぬるいのかハッキリしろ」
344900 ,,,,,4307,,悠,悠,02yuu190_010.wav,,,,,,,,「いーから入ればわかるってぇ～♪
　熱い温泉が足先からぬるっと冷やっこくなってぇ」
345000 ,,,,,4307,,悠,悠,02yuu190_011.wav,,,,,,,,「あったかい刺激がスッチャスッチャと上がってきて
　フトモモまでメタァって凍っていくのよ～ん♪」
345100 ,,,,,4307,,優哉,優哉,,,,,,,,,「お前の皮膚感覚はよくわからねぇ……」
345200 ,,<!se_bath_in>,,,4307,,,,,,,,,,,,　俺も靴下を脱いで温泉の中へと足を入れた。
　足首の痺れと疲れが一気に抜けていく……。
345300 ,,,,,4307,,優哉,優哉,,,,,,,,,「ふぅ～……ごくらくごくらく……」
345400 ,,,,,4307,,悠,悠,02yuu190_012.wav,,,,,,,,「うわぁ、なんかジジくさい」
345500 ,,,,,4307,,優哉,優哉,,,,,,,,,「お前を追いかけてきて疲れたんだよ！」
345600 ,,,,,4307,,悠,悠,02yuu190_013.wav,,,,,,,,「知らないわよぅ、そんな事。
　私だって運動部のヘルプとかで疲れてるんだからぁ」
345700 ,,,,,4307,,優哉,優哉,,,,,,,,,「そんなにあっちこっちから頼まれてるのか？」
345800 ,,,,,4307,,悠,悠,02yuu190_014.wav,,,,,,,,「うん、まあね～。
　この前のバレーの試合なんてうちの学校のエースが休
　んじゃってさ～」
345900 ,,,,,4307,,悠,悠,02yuu190_015.wav,,,,,,,,「いきなり頼まれて大変だったんだから！
　勝ったから良かったけどね、楽しかったし」
346000 ,,,,,4307,,優哉,優哉,,,,,,,,,「いいけどさ……でもなぁ……」
346100 ,,,,,4307,,悠,悠,02yuu190_016.wav,,,,,,,,「ふにっ？」
346200 ,,,,,4307,,優哉,優哉,,,,,,,,,「悠は温泉部の部長だろ。
　今は廃部の危機で大変な状況だしさ……」
346300 ,,,,,4307,,優哉,優哉,,,,,,,,,「無理して手伝いにいく事はないんじゃないか？
　それより今は部員の確保が先決だろ？」
346400 ,,,,,4307,,悠,悠,02yuu190_017.wav,,,,,,,,「むむぅ……」
346500 ,,,,,4307,,優哉,優哉,,,,,,,,,「…………」
346600 ,,,,,4307,,悠,悠,02yuu190_018.wav,,,,,,,,「それは……確かにそうかもしれないけど。
　でも……頼まれたら断れないじゃない……？」
346700 ,,,,,4307,,優哉,優哉,,,,,,,,,「いや、断われよ」
346800 ,,,,,4307,,悠,悠,02yuu190_019.wav,,,,,,,,「むむぅ……」
346900 ,,,,,4307,,優哉,優哉,,,,,,,,,「まぁ……お前らしいかもな。
　悠がいいならいいんじゃねぇの」
347000 ,,,,,4307,,悠,悠,02yuu190_020.wav,,,,,,,,「だよねぇ～♪」
347100 ,,,,,4307,,優哉,優哉,,,,,,,,,「…………」
347200 ,,,,,4308,,悠,悠,02yuu190_021.wav,,,,,,,,「ふにゃはぁ～、気持ちいいぃぃ～。
　ふぁぁんっ……あぁぁんっ……いいぃぃ……。
　気持ちいいのぉぉ……いっぱいきてるぅぅ……」
347300 ,,,,,4308,,優哉,優哉,,,,,,,,,「いやらしい声を出すなーっ！」
347400 ,,,,,4307,,悠,悠,02yuu190_022.wav,,,,,,,,「いやらしいと思う方がいやらしいっ！」
347500 ,,,,,4307,,優哉,優哉,,,,,,,,,「いやらしくて悪かったな！」
347600 ,,,,,4307,,悠,悠,02yuu190_023.wav,,,,,,,,「ふふーんだ、こんのすっけべやろ～♪」
347700 ,,,,,4307,,優哉,優哉,,,,,,,,,「…………」
347800 ,,,,,4307,,,,,,,,,,,,　しかし足湯に浸かっている悠は確かに色っぽい。
　とても奇麗で肉付きの良い太腿が眩しい……。
347900 ,,,,,4307,,,,,,,,,,,,　運動で鍛えているからか、足の付け根からつま先まで
　が美しいラインで形成されている。
348000 ,,,,,4307,,優哉,優哉,,,,,,,,,「…………」
348100 ,,,,,4307,,,,,,,,,,,,　苦労して追いかけてきた価値はあったかもな。
　俺はしばしその美脚に見とれていた。
348200 ,,,,,4307,,優哉,優哉,,,,,,,,,「……ふぅ……」
348300 ,,,,,4307,,悠,悠,02yuu190_024.wav,,,,,,,,「なにぼおっとしてんの？」
348400 ,,,,,4307,,優哉,優哉,,,,,,,,,「別に……お前は本当に温泉が好きだな」
348500 ,,,,,4307,,悠,悠,02yuu190_025.wav,,,,,,,,「そりゃあ温泉部の部長だもん♪」
348600 ,,,,,4307,,優哉,優哉,,,,,,,,,「そうか……そうだよな……」
348700 ,,,,,4307,,悠,悠,02yuu190_026.wav,,,,,,,,「そうだよ～、やっぱり温泉は最高だよね～♪」
348800 ,,,,,4307,,優哉,優哉,,,,,,,,,「あんまりスカートまくるとパンツ見えちまうぞ」
348900 ,,,,,4307,,悠,悠,02yuu190_027.wav,,,,,,,,「んもうっ！　どうしてそうすぐにいやらしい考えに走
　るかなぁ～っ」
349000 ,,,,,4307,,優哉,優哉,,,,,,,,,「悪かったな……」
349100 ,,,,,4307,,悠,悠,02yuu190_028.wav,,,,,,,,「あっ！　さては私の悩ましげなフトモモを見て
　いやらしい妄想でもしてたんでしょっ」
349200 ,,,,,4307,,優哉,優哉,,,,,,,,,「…………」
349300 ,,,,,4307,,悠,悠,02yuu190_029.wav,,,,,,,,「……なんで黙るの？」
349400 ,,,,,4307,,優哉,優哉,,,,,,,,,「う、うるせぇーっ！
　お前も黙って入ってろよっ！」
349500 ,,,,,4308,,悠,悠,02yuu190_030.wav,,,,,,,,「あっふぅ……ああぁんっ……ひゃうぅんっ……。
　気持ちいいぃぃ……もっとふかくぅぅ……。
　ああぁーんっ……足の先がいっちゃうぅぅ……」
349600 ,,,,,4308,,優哉,優哉,,,,,,,,,「いやらしい声を出すなーっ！」
349690 ,,<!Lend_day_change>,0,9000,,,,,,,,,,,,,
349699 ,,<!ec_yuu_uni>,,,,,,,,,,,,,,,
349900 ,,,,,,,,,,,,,,,,,
350000 ,@common1_end,,,,,,,,,,,,,,,,common1終了　common2へ
350100 ,$go common2_begin,,,,,,,,,,,,,,,,
354300 ,@Debug_tsumugi_open,,,,,,,,,,,,,,,,デバッグ用
354400 ,"$fset %tsumugi_route_open,1",,,,,,,,,,,,,,,,つむぎルートフラグＯＮ
354500 ,$go 000,,,,,,,,,,,,,,,,最初からスタート
354600 ,,,,,,,,,,,,,,,,,
,,,,,,,,,,,,,,,,,


