%line%,%seq%,%effect%,%music%,%bg%,%cg%,%ov%,%truename%,%name%,%voice%,%st0_name%,%st0_pos%,%st0_face%,%st1_name%,%st1_pos%,%st1_face%,%pageflag%,%text%
10390 ,@common3_begin,,,,,,,,,,,,,,,,
10400 ,@330,,,,,,,,,,,,,,,,
10700 ,,<!Lbegin_move><!se_room_close>,8,201,,,優哉,優哉,,,,,,,,,「ふぃー、ただいま。腹が減ったなあ……」
10800 ,,,,,,,千紗,千紗,06tis330_001.wav,"chisa,private",,0,,,,,「お兄ちゃん、おかえりなさい。
　おなかすいたの？」
10900 ,,,,,,,優哉,優哉,,chisa,,0,,,,,「ああ。メシの前に、なにかでちょっと
　小腹を満たすとするかな」
11000 ,,,,,,,千紗,千紗,06tis330_002.wav,chisa,,1,,,,,「だったら、千紗がホットケーキ作ってあげよっか」
11100 ,,,,,,,優哉,優哉,,chisa,,1,,,,,「ホットケーキ？
　いや、それはやめとこうかな……」
11200 ,,,,,,,千紗,千紗,06tis330_003.wav,chisa,,2,,,,,「ええっ、どうして？」
11300 ,,,,,,,優哉,優哉,,chisa,,2,,,,,「だってさ、ほら……夕飯に響きそうだし」
11400 ,,,,,,,陽向,陽向,07hin330_001.wav,chisa,,2,"hinata,private",,0,,「じゃあ夕ごはん、お兄ちゃんの分は
　ちょっと少なめにしてあげるから
　気にせずホットケーキ食べていいよ？」
11500 ,,,,,,,優哉,優哉,,chisa,,2,hinata,,0,,「うわっ、お前いたのか」
11600 ,,,,,,,陽向,陽向,07hin330_002.wav,chisa,,0,hinata,,1,,「うん。お兄ちゃんおかえり～」
11700 ,,,,,,,,,,chisa,,0,hinata,,1,,　突然わいて出てきた陽向が、
　千紗にとっては魅力的な提案を、
　俺にとっては不利な提案を持ち上げる。
11800 ,,,,,,,千紗,千紗,06tis330_004.wav,chisa,,15,hinata,,0,,「それなら、千紗のホットケーキ食べても
　問題ないよね？　ね！？」
11900 ,,,,,,,優哉,優哉,,chisa,,15,hinata,,0,,「あ、ああ……。多分な……」
12000 ,,,,,,,,,,chisa,,15,hinata,,0,,　俺は千紗の勢いに押され、
　思わず了承してしまった。
12100 ,,,,,,,,,,chisa,,15,hinata,,0,,　陽向、余計なアシストしやがって。
　恨むぞ、陽向……。
12200 ,,,,,,,千紗,千紗,06tis330_005.wav,chisa,,0,hinata,,0,,「千紗、ホットケーキの作り方は
　愛歌お姉ちゃんに習ったから、
　美味しいと思うよ。食べてみて、お兄ちゃん」
12300 ,,,,,,,優哉,優哉,,chisa,,0,hinata,,0,,「そうか、愛歌に習ったのか」
12400 ,,,,,,,,,,chisa,,0,hinata,,0,,　それを聞いて、少し安心する。
12500 ,,,,,,,,,,chisa,,0,hinata,,0,,　料理上手の愛歌に教えてもらったなら、
　いくら破滅的に料理センスのない千紗でも
　ある程度は大丈夫だろう……。
12600 ,,,,,,,,,,chisa,,0,hinata,,0,,　きっと……。
　たぶん……。
12700 ,,,,,,,陽向,陽向,07hin330_003.wav,chisa,,0,hinata,,1,,「お姉ちゃん、頑張ってね」
12800 ,,,,,,,千紗,千紗,06tis330_006.wav,chisa,,1,hinata,,1,,「うん。頑張るね」
12900 ,,,,,,,,,,,,,hinata,,1,,　千紗はなぜだかすごく張り切った様子で、
　リビングに隣接するキッチンへと向かっていった。
13100 ,,<!timepass_1_long>,,201,,,優哉,優哉,,,,,hinata,,0,,「うーん…………」
13200 ,,,,,,,陽向,陽向,07hin330_004.wav,,,,hinata,,0,,「お兄ちゃん、気になる？」
13300 ,,,,,,,優哉,優哉,,,,,hinata,,0,,「そりゃ気になるぜ。
　千紗の料理のヤバさは、お前もよく知ってるだろ？」
13400 ,,,,,,,,,,,,,hinata,,0,,　千紗はなかなかよくできた妹だが、
　料理だけは全くダメなのだ。
13500 ,,,,,,,,,,,,,hinata,,0,,　何回やっても、なぜか不思議と上達しない。
13600 ,,,,,,,,,,,,,hinata,,0,,　俺も試食に付き合わされ、
　トイレとお友達になったことは
　一度や二度じゃなかった。
13700 ,,,,,,,陽向,陽向,07hin330_005.wav,,,,hinata,,1,,「そんなに気になるんなら、のぞいてみよっか」
13800 ,,,,,,,優哉,優哉,,,,,hinata,,1,,「のぞく？」
13900 ,,,,,,,陽向,陽向,07hin330_006.wav,,,,hinata,,6,,「キッチンを、＜リビング＝ここ＞からこっそりのぞくの。
　静かに見てれば、お姉ちゃんきっと気づかないよ？」
14000 ,,,,,,,優哉,優哉,,,,,hinata,,6,,「なるほど……。そうだな。いろいろ心配だし、
　ちょっと様子をのぞいてみるか……」
14200 ,,,,,501,,千紗,千紗,06tis330_007.wav,chisa,,0,,,,,「ふんふんふ～ん♪　らんららんら、ら～ん♪」
14300 ,,,,,501,,,,,,,,,,,,　俺たちはそーっとキッチンにつながる扉を開き、
　千紗の様子を確認した。
14400 ,,,,,501,,,,,,,,,,,,　キッチンの千紗は楽しそうに、
　鼻歌交じりでホットケーキを作っている。
14500 ,,,,,501,,陽向,陽向,07hin330_007.wav,hinata,,0,,,,,「楽しそうだね、お姉ちゃん」
14600 ,,,,,501,,優哉,優哉,,,,,,,,,「あ、ああ、そうだな」
14700 ,,,,,501,,陽向,陽向,07hin330_008.wav,hinata,,0,,,,,「ちゃんと手つきもしっかりしてるし、
　大丈夫だよ、あれなら」
14800 ,,,,,501,,優哉,優哉,,,,,,,,,「そうだな、思ったよりは
　マトモなモノが期待できるかも……」
14900 ,,,,,501,,,,,,,,,,,,　と、俺が安心しかけた、その瞬間。
15100 ,,,,,502,,千紗,千紗,06tis330_008.wav,chisa,,0,,,,,「らんらら～ん♪　……よっ、と！」
15200 ,,,,,502,,,,,,,,,,,,　な……ッ！？
15300 ,,,,,502,,優哉,優哉,,,,,,,,,「お、おい、陽向！　ホットケーキの上に
　緑色の何か形容しがたきものが
　見え隠れしてるぞ！？」
15400 ,,,,,502,,陽向,陽向,07hin330_009.wav,hinata,,0,,,,,「うん、そうだね……。
　あんまり直視しない方がいいかも」
15500 ,,,,,502,,優哉,優哉,,,,,,,,,「なんだよあれ！　あれは絶対ヤバいって！
　ホットケーキに緑色のモノって普通入らないだろ！」
15600 ,,,,,502,,陽向,陽向,07hin330_010.wav,hinata,,0,,,,,「え～～？
　緑色でキノコっぽいし、
　食べたら１機増えるかもよ？」
15700 ,,,,,502,,優哉,優哉,,,,,,,,,「増えねぇよ！
　てか、あんなヤバそげなホットケーキ食ったら
　むしろ１機減るっての！」
15800 ,,,,,502,,陽向,陽向,07hin330_011.wav,hinata,,0,,,,,「ぶー。お兄ちゃんひどいなぁ……。
　お姉ちゃんが、あんな一生懸命に作ってるのに……」
15900 ,,,,,502,,優哉,優哉,,,,,,,,,「じゃあ、お前が食えばいいじゃないか」
16000 ,,,,,502,,陽向,陽向,07hin330_012.wav,hinata,,0,,,,,「それは…………えっと、ボク、お医者さんから
　ホットケーキは食べちゃダメって言われてるし」
16100 ,,,,,502,,優哉,優哉,,,,,,,,,「うっわ、そう逃げやがるか。
　いつから病弱キャラになったんだお前は」
16200 ,,,,,502,,陽向,陽向,07hin330_013.wav,hinata,,0,,,,,「とにかく、大丈夫だよきっと。
　…………たぶん」
16300 ,,,,,502,,優哉,優哉,,,,,,,,,「多分ってなんだよおい！」
16600 ,,,,201,,,千紗,千紗,06tis330_009.wav,,,,,,,,「お兄ちゃん？　どうかした？」
16700 ,,,,,,,,,,,,,,,,,　不意に、千紗から声をかけられる。
16800 ,,,,,,,,,,,,,,,,,　俺たちはとっさにリビングへ戻り、
　何事もなかったかのように
　キッチンの千紗へと声を帰した。
16900 ,,,,,,,優哉,優哉,,,,,,,,,「い、いや！　なんでもねぇよ！
　まだかな～、って思ってさ」
17100 ,,,,,,,千紗,千紗,06tis330_010.wav,,,,,,,,「もう、お兄ちゃんってば子供みたいなんだから。
　あと少しだから、もうちょっとだけ待っててね～♪」
17200 ,,,,,,,優哉,優哉,,,,,,,,,「あ、ああ……。楽しみにしてるぜ」
17300 ,,,,,,,,,,,,,,,,,　俺は背中に悪寒を感じつつ、
　リビングのソファでホットケーキの完成を待った。
17400 ,,,,,,,陽向,陽向,07hin330_014.wav,,,,hinata,,6,,「それじゃお兄ちゃん、ボク、お部屋に戻るね」
17500 ,,,,,,,優哉,優哉,,,,,,,,,「あっ、おい、陽向……！」
17600 ,,,,,,,,,,,,,,,,,　陽向は、トタトタと階段を上がっていく。
17700 ,,,,,,,,,,,,,,,,,　あいつ、ホントに逃げやがった……。
17800 ,,,,,,,千紗,千紗,06tis330_011.wav,chisa,,1,,,,,「お兄ちゃん、お待たせっ」
17900 ,,,,,,,優哉,優哉,,chisa,,1,,,,,「わわっ！？」
18000 ,,,,,,,,,,chisa,,1,,,,,　千紗が、できたてのホットケーキを
　テーブルの上に置く。
18100 ,,,,,,,,,,chisa,,1,,,,,　見た目は普通の、ホットケーキ。
　だがそれゆえに、言いようのない不安を感じる。
18200 ,,,,,,,,,,chisa,,1,,,,,　なにせ俺はさっき、
　ひっくり返していたモノをこの目で見てしまった。
　あんなモノを食えば、正気を失うのは確実……ッ！
18300 ,,,,,,,優哉,優哉,,chisa,,1,,,,,「あ、お、俺、大事な用事思い出した！
　今からちょっと出かけてくるわ！」
18400 ,,,,,,,千紗,千紗,06tis330_012.wav,chisa,,2,,,,,「ええっ？
　ちょっ、ちょっと、お兄ちゃん！？」
18500 ,,,,,,,,,,chisa,,2,,,,,　あっけにとられたままの千紗を置いて、
　俺は外へと逃げ出す。
18600 ,,,,,,,千紗,千紗,06tis330_013.wav,chisa,,5,,,,,「あう……。
　じゃあ、これラップかけて置いとこ……」
18800 ,,<!timepass_1_long>,4,,,,英俊,英俊,13eis330_001.wav,,,,,,,,「……ふぅ、ただいま。
　お父さん帰ったぞ～」
18900 ,,,,,,,英俊,英俊,13eis330_002.wav,,,,,,,,「なんだ。久しぶりに家に帰ってきたのに
　誰も出迎えてくれんのか。さみしいなあ……。
　家庭崩壊だなあ。父さん浮気しちゃおっかなあ……」
19000 ,,,,,,,英俊,英俊,13eis330_003.wav,,,,,,,,「おっ、こんなところに美味しそうなホットケーキが
　あるじゃないか。ちょうど腹も減っていたところ
　だし、頂くとしようか……」
19100 ,,,,,,,英俊,英俊,13eis330_004.wav,,,,,,,,「んっ、もぐっ……んぐっ……。
　ふむ、イカの足のようなものが入っているな。
　深遠な味が口の中でシャッキリぽんと……」
19500 ,,<!move_long_r>,8,12302,,,,,,,,,,,,,　千紗の形容しがたき混沌ホットケーキから
　逃れた俺は、しばらく街で時間をつぶしたあと
　頃合いを見て家に帰ってきた。
19700 ,,,,,,,優哉,優哉,,,,,,,,,「なんだ？　救急車？」
19800 ,,,,,,,優哉,優哉,,,,,,,,,「……ってあの位置、ウチか！？
　おい、何があったってんだ……！！！」
20000 ,,<!move_normal_r>,12,102,,,,,,,,,,,,,　家の前には救急車が止まり、
　近所の人たちが集まって人垣ができている。
20100 ,,,,,,,優哉,優哉,,,,,,,,,「おい、いったいどうした！
　なにがあっ……………………ああっ！？」
20200 ,,,,,,,,,,,,,,,,,　人垣の中には、
　担架で運ばれていく親父の姿があった。
20300 ,,,,,,,英俊,英俊,13eis330_005.wav,,,,,,,,「あ……おお…………」
20400 ,,,,,,,優哉,優哉,,,,,,,,,「おい、親父！？」
20500 ,,,,,,,英俊,英俊,13eis330_006.wav,,,,,,,,「お湯が噴いたり引っ込んだりしている。大きい……。
　間欠泉かな……。いや、違う、違うな。
　間欠泉はもっとバァーッて噴くもんな……」
20600 ,,,,,,,優哉,優哉,,,,,,,,,「親父ーーーッ！？」
20800 ,,,,9000,,,,,,,,,,,,,　なお、親父は翌日にはケロッと回復して職場復帰し、
　千紗は猟奇的尊属殺人事件の容疑者にならずには
　済んだのだった。
21000 ,,,8,202,,,優哉,優哉,,chisa,,50,,,,,「とりあえず、千紗が料理作るのはひとまず禁止な。
　死人が出る」
21100 ,,,,,,,千紗,千紗,06tis330_014.wav,chisa,,50,,,,,「あう……。
　千紗、頑張ったのに……」
21190 ,,<!Lend_day_change>,0,9000,,,,,,,,,,,,,
21199 ,,<!ec_chisa_uni>,,,,,,,,,,,,,,,
21350 ,@char_select_7,,,,,,,,,,,,,,,,
21369 ,,<!before_charselect>,0,512,,,,,,,,,,,,,
21370 ,$char_select 7,,,,,,,,,,,,,,,,
21379 ,,<!after_char_select>,0,9000,,,,,,,,,,,,,
21380 ,$jump_begin,,,,,,,,,,,,,,,,
↓,"$jump_item 0,愛歌（３３１）,331",,,,,,,,,,,,,,,,
↓,"$jump_item 1,悠（３３２）,332",,,,,,,,,,,,,,,,
↓,"$jump_item 2,つむぎ（３３３）,333",,,,,,,,,,,,,,,,
↓,$jump_end,,,,,,,,,,,,,,,,
21400 ,@331,,,,,,,,,,,,,,,,
21590 ,"$fadd %manaka,1",,,,,,,,,,,,,,,,
21800 ,,<!Lbegin_day_change>,1,9000,,,愛歌,？？？,01man331_001.wav,,,,,,,,「……ちゃん」
21900 ,,,,,,,,,,,,,,,,,　んー。もうちょい寝かせろ……。
22000 ,,,,,,,愛歌,？？？,01man331_002.wav,,,,,,,,「優哉ちゃん……」
22100 ,,,,,,,,,,,,,,,,,　体がミシミシ言ってるのに、揺らすなって。
22200 ,,,,,,,愛歌,愛歌,01man331_003.wav,,,,,,,,「優哉ちゃん、もうおきないとダメだってば」
22300 ,,,,,,,優哉,優哉,,,,,,,,,「えぇい、毎回俺の安眠を……」
22400 ,,,,,,,,,,,,,,,,,　邪魔するとは。愛歌め、オシオキが必要だな。
22500 ,,,,,,,愛歌,愛歌,01man331_004.wav,,,,,,,,「ねぇってば。ほら、先生が……」
22600 ,,,,,,,優哉,優哉,,,,,,,,,「……あー、いつものヤツしてくれたら起きる」
22700 ,,,,,,,愛歌,愛歌,01man331_005.wav,,,,,,,,「ちょ、ちょっと優哉ちゃん……！」
22800 ,,,,,,,大和,大和,08yam331_001.wav,,,,,,,,「おい、いつものって何だよ優哉」
22900 ,,,,,,,,,,,,,,,,,　なんだ。そんな事も知らないのか。
23000 ,,,,,,,優哉,優哉,,,,,,,,,「おはようのキスに決まってんだろ……」
23100 ,,,,,,,,,,,,,,,,,　ざわ……。
23200 ,,,,,,,,,,,,,,,,,　ざわ、ざわ……。
23300 ,,,,,,,,,,,,,,,,,　なんだなんだ。なんでこう周りが騒々しいんだ。
23400 ,,,,,,,優哉,優哉,,,,,,,,,「…………？」
23500 ,,,,,,,優哉,優哉,,,,,,,,,「……ってまさか……！」
23690 ,,<stop id=""1"">,,9001,,,,,,,,,,,,,
23800 ,,,2,4500,,,,,,,,,,,,,　飛び起きると案の定――。
23900 ,,,,,,,,,,"manaka,uniform",,15,,,,,　クラス中の視線を受けて、愛歌は固まっていた。
24000 ,,,,,,,大和,大和,08yam331_002.wav,,,,"yamato,uniform",,1,,「えー、当事者の秋里さん。
　優哉は相変わらず寝てますが、実際は
　日頃どうなんでしょう？」
24100 ,,,,,,,,,,,,,yamato,,1,,　やっべ、アドリブに弱い愛歌がピンチだ。
24200 ,,,,,,,優哉,優哉,,,,,yamato,,1,,「えーと、愛歌さん？」
24300 ,,,,,,,愛歌,愛歌,01man331_006.wav,manaka,,6,,,,,「ぁぅ……」
24400 ,,,,,,,優哉,優哉,,manaka,,6,,,,,「スマン、完全に寝ぼけてて……」
24500 ,,,,,,,愛歌,愛歌,01man331_007.wav,manaka,,40,,,,,「優哉ちゃんの……バカ……」
24600 ,,,,,,,,,,manaka,,40,,,,,　あ、涙目。
24700 ,,,,,,,優哉,優哉,,manaka,,40,,,,,「えーと、大和。悪いが状況を手短にプリーズ」
24800 ,,,,,,,大和,大和,08yam331_003.wav,,,,yamato,,1,,「優哉くん爆睡。起き抜けにセクハラ。
　今はショートホームルームの三本です。
　やーい、この性犯罪者ー。外道ー」
24900 ,,,,,,,優哉,優哉,,,,,yamato,,1,,「……ふっ、金で買えない目覚めもあるんだぜ」
25000 ,,,,,,,担任,担任,21tan250_004.wav,,,,yamato,,1,,「よーし、今日はここまでー。きりーつ、れーい」
25100 ,,,,,,,,,,,,,yamato,,1,,　うわ、担任に流された?!
25200 ,,,,,,,大和,大和,08yam331_004.wav,,,,yamato,,0,,「俺も帰るわ。ま、取り繕ってないで頑張れよ」
25300 ,,,,,,,,,,,,,,,,,　大和にまで?!
25400 ,,,,,,,つむぎ,つむぎ,05tum331_001.wav,,,,"tumugi,uniform",,1,,「私も仕事がありますから、今日はこれで……」
25500 ,,,,,,,,,,,,,,,,,　つむぎ、お前もか！
25600 ,,,,,,,,,,,,,,,,,　ぞろぞろと、薄情な連中が俺を置いて去っていく。
　教室に残ったのは、野次馬と、俺と――
25700 ,,,,,,,愛歌,愛歌,01man331_008.wav,manaka,,6,,,,,「…………」
25800 ,,,,,,,優哉,優哉,,manaka,,6,,,,,「あーと、えーと……。
　愛歌、部活いこっか？」
25900 ,,,,,,,愛歌,愛歌,01man331_009.wav,manaka,,5,,,,,「うん」
26000 ,,,,,,,,,,manaka,,5,,,,,　そう言って、愛歌はこくりと頷く。
26100 ,,<!move_veryshort>,,4300,,,,,,,,,,,,,　うーわー、超気まずい。
　寝ぼけるんじゃねぇよ、俺！
26200 ,,,,,,,,,,,,,,,,,　教室を出てもクラスメイトの視線が痛いぜ……。
26500 ,,<!move_short><!se_bushitsu_open>,4,4400,,,優哉,優哉,,,,,,,,,「ういーす、聞いてくれよ、俺寝ぼけてさぁ――
　って。誰もいないんでやんの」
26600 ,,,,,,,,,,,,,,,,,　扉を開ければ、そこは無人だった。
26700 ,,,,,,,,,,,,,,,,,　うむ、何の捻りもなく誰もない。
　悠も恋鳥も揃っていないって、珍しいもんだなぁ。
26800 ,,,,,,,優哉,優哉,,,,,,,,,「ん、待てよ……」
26900 ,,,,,,,,,,,,,,,,,　つむぎは仕事で。悠と恋鳥がいないとなると。
27000 ,,,,,,,,,,,,,,,,,　５から３引いたら残りは――２。
27100 ,,,,,,,,,,,,,,,,,　うぉぉぉぉぉぉ、この状況で愛歌と二人きりか！
27200 ,,,,,,,愛歌,愛歌,01man331_010.wav,manaka,,3,,,,,「優哉ちゃん、なんで悶えてるの？」
27300 ,,,,,,,優哉,優哉,,manaka,,3,,,,,「いや、こう、現実の理不尽さに打ちひしがれてた」
27400 ,,,,,,,愛歌,愛歌,01man331_011.wav,manaka,,15,,,,,「……もう、本当に優哉ちゃんは困ったさんだね」
27500 ,,,,,,,優哉,優哉,,manaka,,15,,,,,「否定は……しようがないな、特に今日は」
27600 ,,,,,,,愛歌,愛歌,01man331_012.wav,manaka,,3,,,,,「いっつも変なことするし。
　本当にさっきは、物凄い恥ずかしかったよぉ～」
27700 ,,,,,,,,,,manaka,,3,,,,,　そりゃそうだろう。寝ぼけた俺ですら恥ずかしい。
27800 ,,,,,,,,,,manaka,,3,,,,,　俯いたままでも分かるくらい、愛歌の顔は赤い。
27900 ,,,,,,,愛歌,愛歌,01man331_013.wav,manaka,,6,,,,,「あ、ああいうのは家でだけにしてね？」
28000 ,,,,,,,優哉,優哉,,manaka,,6,,,,,「家でならいいのかよ。
　つーか、いつも変な事なんかしてるか？」
28100 ,,,,,,,,,,manaka,,6,,,,,　とりようによっては物凄い傷つくな、ソレ。
　まぁ愛歌の事だから、他意はないんだろうけど。
28200 ,,,,,,,愛歌,愛歌,01man331_014.wav,manaka,,6,,,,,「だってだって、急にお尻触ったりとか、
　抱っこしてくれとか、膝枕してくれとか、
　他にも色々、急に言い出すじゃない……！」
28300 ,,,,,,,優哉,優哉,,manaka,,6,,,,,「いや、ソレはほら、お前がお姉さんで
　甘えていいって言うからさ」
28400 ,,,,,,,,,,manaka,,6,,,,,　姉貴風をびゅうびゅう吹かせられてる分、
　それくらいは役得として甘えたっていいだろう。
28500 ,,,,,,,,,,manaka,,6,,,,,　まあ、言うたびに恥ずかしがるわりには
　最終的にやってくれる愛歌が悪い。
28600 ,,,,,,,愛歌,愛歌,01man331_015.wav,manaka,,5,,,,,「家でならいいけど、人前じゃ恥ずかしすぎるよぉ」
28700 ,,,,,,,優哉,優哉,,manaka,,5,,,,,「ふーむ。……なぁ、愛歌」
28800 ,,,,,,,愛歌,愛歌,01man331_016.wav,manaka,,90,,,,,「なぁに？　優哉ちゃん」
28900 ,,,,,,,優哉,優哉,,manaka,,90,,,,,「丁度いま、＜人気＝ひとけ＞もないんで
　膝枕してくれ」
29000 ,,,,,,,愛歌,愛歌,01man331_017.wav,manaka,,2,,,,,「えーーーーーーーーーーーーーーー！」
29100 ,,,,,,,,,,manaka,,2,,,,,　うはは、分かりやすい反応するなぁコイツ。
　こんな美味しいシチュエーションで、
　俺が愛歌をからかわないはずがない。
29200 ,,,,,,,愛歌,愛歌,01man331_018.wav,manaka,,15,,,,,「でででででで、でも、悠とか恋鳥ちゃんが
　来たらどうするの?!」
29300 ,,,,,,,優哉,優哉,,manaka,,15,,,,,「いや、ほら、見られても恥ずかしくないじゃん。
　アイツらなら大丈夫だろ」
29400 ,,,,,,,,,,manaka,,15,,,,,　それに、教室であれだけ自爆った俺に、
　もはや怖いモノなど何もない。
29500 ,,,,,,,愛歌,愛歌,01man331_019.wav,manaka,,5,,,,,「大丈夫じゃないよぅ～……」
29600 ,,,,,,,優哉,優哉,,manaka,,5,,,,,「それに今の言い方だと、来なけりゃいいんだろ。
　ほれ、速やかに椅子を引いて膝を出すがよい」
29700 ,,,,,,,愛歌,愛歌,01man331_020.wav,manaka,,6,,,,,「う、うぅ～……」
29800 ,,,,,,,,,,manaka,,6,,,,,　おぉ、赤面して硬直してる。
　こんな愛歌は中々見られないぞ。
29900 ,,,,,,,,,,manaka,,6,,,,,　家だといつも、オールオッケーだもんな。
30000 ,,,,,,,優哉,優哉,,manaka,,6,,,,,「お前が膝をあけない場合、俺は強硬手段にでる」
30100 ,,,,,,,愛歌,愛歌,01man331_021.wav,manaka,,40,,,,,「そんなのヒドイよ優哉ちゃん。
　ね、お願いだから学校じゃナシにしとこ？」
30200 ,,,,,,,優哉,優哉,,manaka,,40,,,,,「やーだー。お姉ちゃんがイジワルするー」
30300 ,,,,,,,愛歌,愛歌,01man331_022.wav,manaka,,5,,,,,「うぅ～。こんな時だけお姉ちゃん扱いはズルイよ」
30400 ,,,,,,,優哉,優哉,,manaka,,5,,,,,「ふふっ、コレが弟の特権ってヤツだ」
30500 ,,,,,,,,,,manaka,,5,,,,,　便利だなぁ弟！
30600 ,,,,,,,,,,manaka,,5,,,,,　いかん、こんなに楽しいなら弟もアリかもしれん。
30700 ,,,,,,,優哉,優哉,,manaka,,5,,,,,「１０数えるぞ」
30800 ,,,,,,,愛歌,愛歌,01man331_023.wav,manaka,,15,,,,,「え――」
30900 ,,,,,,,優哉,優哉,,manaka,,15,,,,,「１０。はい終了ー」
31000 ,,,,,,,愛歌,愛歌,01man331_024.wav,manaka,,40,,,,,「そんな、カウントダウンしてないじゃない！」
31100 ,,,,,,,優哉,優哉,,manaka,,40,,,,,「ちゃんと１０って数えただろ」
31200 ,,,,,,,愛歌,愛歌,01man331_025.wav,manaka,,6,,,,,「そ、そんな、心の準備が……」
31300 ,,,,,,,,,,manaka,,6,,,,,　隣の愛歌に、にじり寄って腕を掴み、膝に向けて頭を突き出す。
31400 ,,,,,,,愛歌,愛歌,01man331_026.wav,manaka,,40,,,,,「いや～、だめ～！
　家でしてあげるから、今は許して～！」
31500 ,,,,,,,優哉,優哉,,manaka,,40,,,,,「よいではないかよいではないか」
31600 ,,,,,,,,,,manaka,,40,,,,,　ぐりぐり。
31700 ,,,,,,,,,,manaka,,40,,,,,　腕をこじあけながら、体重を乗せて体を――。
31800 ,,,,,,,,,,manaka,,40,,,,,　あ、この動きはまさか……。
31900 ,,,,,,,優哉,優哉,,manaka,,40,,,,,「顔にムネが……！」
32000 ,,,,,,,,,,manaka,,40,,,,,　やべ、つい口走ってしまった。
　でもなー。抵抗らしい抵抗ないしなー。
32100 ,,,,,,,,,,manaka,,40,,,,,　押し付け放題なんだぜ、今。
32200 ,,,,,,,愛歌,愛歌,01man331_027.wav,manaka,,4,,,,,「ゆ、優哉ちゃんの……！」
32300 ,,,,,,,優哉,優哉,,manaka,,4,,,,,「俺の？」
32400 ,,,,,,,愛歌,愛歌,01man331_028.wav,manaka,,7,,,,,「えっち……！」
32500 ,,,,,,,優哉,優哉,,manaka,,7,,,,,「罵るなら罵るがいい。だが俺は反省しない！」
32600 ,,,,,,,愛歌,愛歌,01man331_029.wav,manaka,,40,,,,,「もう、優哉ちゃんのバカバカバカバカ～！」
32700 ,,,,,,,,,,manaka,,40,,,,,　許せ愛歌。からかい甲斐のあるお前が悪いんだ。
32800 ,,,,,,,,,,manaka,,40,,,,,　そうこうしてる間に俺の頭は軟着陸。
　愛歌も抵抗を諦めて、おとなしく膝枕モードに。
32900 ,,,,,,,,,,manaka,,40,,,,,　……椅子に座ったままコレって、実は腰が痛いんだよな。
33000 ,,,,,,,,,,manaka,,40,,,,,　勢いに任せてやってしまったが、後で響くかも。
33100 ,,,,,,,愛歌,愛歌,01man331_030.wav,manaka,,3,,,,,「ふぅ。優哉ちゃんはほんっと～～～～～～～に、
　困ったさんだね」
33200 ,,,,,,,優哉,優哉,,manaka,,3,,,,,「愛歌おねえちゃんだいちゅきー」
33300 ,,,,,,,愛歌,愛歌,01man331_031.wav,manaka,,42,,,,,「もう、バカぁ……」
33400 ,,,,,,,,,,manaka,,42,,,,,　あぁ、なんだかんだでいつもの感じだな。
33500 ,,,,,,,,,,manaka,,42,,,,,　一度形にはまると愛歌も慣れたもので、
　無意識に俺の髪を撫で始める。
33600 ,,,,,,,,,,manaka,,42,,,,,　落ち着くなぁ、このまったりした空気。
33700 ,,,,,,,優哉,優哉,,manaka,,42,,,,,「しかしまぁ、俺からやっといてなんだけど。
　どこでも一緒だなぁ、俺ら」
33800 ,,,,,,,愛歌,愛歌,01man331_032.wav,manaka,,3,,,,,「そうだね、場所どころかやる事も一緒だね」
33900 ,,,,,,,,,,manaka,,3,,,,,　う、じと目で見るなよ、愛歌さん。
34000 ,,,,,,,優哉,優哉,,manaka,,3,,,,,「部活まで一緒になるとは、夢にも思わなかった。
　しかも、よりにもよって温泉部でだぜ？」
34100 ,,,,,,,愛歌,愛歌,01man331_033.wav,manaka,,0,,,,,「優哉ちゃん、料理部に誘っても嫌がったもんねぇ」
34200 ,,,,,,,優哉,優哉,,manaka,,0,,,,,「お前の料理はウチで食えるもん」
34300 ,,,,,,,愛歌,愛歌,01man331_034.wav,manaka,,90,,,,,「うふふ、そうだね。
　……ね、優哉ちゃん。
　私達、これからも一緒かな？」
34400 ,,,,,,,優哉,優哉,,manaka,,90,,,,,「ん、そりゃそうだろ。家も近いし」
34500 ,,,,,,,,,,manaka,,90,,,,,　何を当たり前の事を聞くのか。
34600 ,,,,,,,愛歌,愛歌,01man331_035.wav,manaka,,1,,,,,「そっかぁ～、一緒かぁ～」
34700 ,,,,,,,優哉,優哉,,manaka,,1,,,,,「ま、生まれて二ヶ月からだしな。
　一緒の飯食って、一緒の風呂入って、
　一緒の寝床使って」
34800 ,,,,,,,優哉,優哉,,manaka,,1,,,,,「下手したら老人ホームまで一緒かもな？」
34900 ,,,,,,,愛歌,愛歌,01man331_036.wav,manaka,,90,,,,,「その時は、どうぞよろしくお願いします」
35000 ,,,,,,,優哉,優哉,,manaka,,90,,,,,「おう、こちらこそな」
35100 ,,,,,,,,,,manaka,,90,,,,,　膝枕のまま、愛歌が頭を下げてくる。
　うーむ、近いなぁ。
35200 ,,,,,,,優哉,優哉,,manaka,,90,,,,,「なぁ、愛歌」
35300 ,,,,,,,愛歌,愛歌,01man331_037.wav,manaka,,90,,,,,「？」
35400 ,,,,,,,優哉,優哉,,manaka,,90,,,,,「ちゅーしてくれ」
35500 ,,,,,,,愛歌,愛歌,01man331_038.wav,manaka,,40,,,,,「っ！　もう、優哉ちゃんなんか知らない！」
35600 ,,,,,,,,,,manaka,,40,,,,,　あ、バカ、今立ち上がるなって――！
35790 ,,,,4400,,,,,,,,,,,,,
35800 ,,<!ef_body_down_int_other>,,,,,優哉,優哉,,,,,,,,,「あいててて……調子に、乗りすぎた……ガクリ」
35900 ,,,,,,,,,,,,,,,,,　明日、痛いのは腰だけじゃなさそうだ。
36000 ,,,,,,,,,,,,,,,,,　ってパンツ見えてるぞ。
　愛歌は本当にガードが緩いなぁ。
36100 ,,,,,,,,,,,,,,,,,　教室の外で、悠と恋鳥が聞き耳を立ててるのを、
　この時の俺達はまだ知らなかった――。
36190 ,,<!Lend_day_change>,0,9000,,,,,,,,,,,,,
36199 ,,<!ec_manaka_uni>,,,,,,,,,,,,,,,
36290 ,$go 340,,,,,,,,,,,,,,,,
36400 ,@332,,,,,,,,,,,,,,,,
36590 ,"$fadd %yuu,1",,,,,,,,,,,,,,,,
36700 ,,<!Lbegin_day_change>,2,12200,,,優哉,優哉,,,,,,,,,「さて……たまには早く帰って、
夕飯の仕込みを終わらせておくか」
36800 ,,,,,,,,,,,,,,,,,　最近は温泉部の活動とかで、食事は陽向と千紗に
　頼りっきりだからな。ここらで楽させてやらないと
　兄として大変バツが悪い。
36900 ,,,,,,,優哉,優哉,,,,,,,,,「買い物して戻る方が手っ取り早いな」
37000 ,,,,,,,,,,,,,,,,,　さほど多くはない財布の中身を確認しつつ、
　食料品を買いこむ為に歩き出した俺の背中を、
　えらい大声が呼び止めた。
37100 ,,,,,,,悠,？？？,02yuu332_001.wav,,,,,,,,「あーっ！　優哉だ！　おーい。やっほ～」
37200 ,,,,,,,優哉,優哉,,,,,,,,,「なんだあ！？」
37300 ,,,,,,,,,,,,,,,,,　辺りを見回すと、見覚えのある足湯所があった。
　待てよ？　ここで声かけられるって事は……
37400 ,,,,,,,悠,悠,02yuu332_002.wav,,,,,,,,「こっちだよー、こっちこっち！」
37500 ,,,,,,,優哉,優哉,,,,,,,,,「…………やっぱりお前かよ。悠」
37700 ,,,,,4302,,,,,,,,,,,,　声をかけられた以上、仕方なく足湯所に近づくと、
　そこには予想通り足湯を堪能している悠がいた。
37800 ,,,,,4302,,悠,悠,02yuu332_003.wav,yuu,,0,,,,,「いや～、やっぱり疲れてる時こそ温泉だよね！
お風呂セットがメンテ中なのは残念だけど、
この足湯も効くからまあいいか」
37900 ,,,,,4302,,優哉,優哉,,,,,,,,,「お前、普段お風呂セットなんか持ち歩いてるのか？
というか、メンテ中ってなんだよメンテ中って」
38000 ,,,,,4302,,,,,,,,,,,,　お風呂セットなんて、石鹸とシャンプーにタオルと
　体洗い用の道具くらいだろ？　あとオモチャか？
　メンテなんか必要か？
38100 ,,,,,4302,,悠,悠,02yuu332_004.wav,yuu,,0,,,,,「私のは優哉が使ってるのより繊細なの！
メンテは必須なんだよ？」
38200 ,,,,,4302,,優哉,優哉,,,,,,,,,「ああはいはい。どうせ俺はガサツだから、
お風呂セットとやらもいい加減なヤツしか
使ってないよ」
38300 ,,,,,4302,,悠,悠,02yuu332_005.wav,yuu,,0,,,,,「本当は温泉部員として恥ずべき事なんだよ？
全国狙うとか言ってるのにそんな事じゃ、基本が
出来てないって公言してるようなもんなんだから」
38400 ,,,,,4302,,,,,,,,,,,,　……じゃあ、全国狙うヤツが使うべき
　お風呂セットはどんなんだよ？
38500 ,,,,,4302,,,,,,,,,,,,　当然の疑問が俺の中から湧いてくるが、
　これをぶつけた日には、そのまま温泉談義に突入して
　夕飯を作る時間がなくなるのは目に見えている。
38600 ,,,,,4302,,優哉,優哉,,,,,,,,,「しっかし、また助っ人疲れか？
お前もご苦労様なこったよな」
38700 ,,,,,4302,,,,,,,,,,,,　俺はあえて話題を転換し、
　この場から離脱するタイミングを図る事にした。
　すまんな悠。だがこれも我が家の食卓のためだ。
38800 ,,,,,4302,,悠,悠,02yuu332_006.wav,yuu,,0,,,,,「まあねー。でも今回はしょうがないんだよ。
みんなに最後のご奉公をして回ってるからさ。
どうしてもいつもよりハードになっちゃうんだよね」
38900 ,,,,,4302,,優哉,優哉,,,,,,,,,「最後のご奉公？　何だお前、助っ人やめるのか？」
39000 ,,,,,4302,,,,,,,,,,,,　あんだけ人の為に走り回ってたヤツが、
　いったいどんな心境の変化だ？
39100 ,,,,,4302,,悠,悠,02yuu332_007.wav,yuu,,0,,,,,「完全にやめるってワケじゃないんだけどさ。
引き受ける量とか減らそうと思ってるんだ。
だから、所によっては最後のご奉公になるの」
39300 ,,,,,4301,,悠,悠,02yuu332_008.wav,yuu,,0,,,,,「温泉部もついに正式稼動だからね。
やっぱり活動に集中したいじゃない？
そうすると、なかなか助っ人はね……」
39400 ,,,,,4301,,,,,,,,,,,,　悠の瞳がきらめいてるのは、
　足湯からの反射だけでは絶対になかった。
　こいつの中で、希望と期待が燃え盛っている証だ。
39500 ,,,,,4301,,優哉,優哉,,,,,,,,,「全国を狙う温泉部部長として、
やる事は山ほどあるもんな。」
39600 ,,,,,4301,,悠,悠,02yuu332_009.wav,yuu,,0,,,,,「そうだよね、やっぱり！
とりあえずは『星河原に温泉部あり！』って、
大々的に名乗りをあげたいよねえ」
39700 ,,,,,4301,,優哉,優哉,,,,,,,,,「そりゃいいな。優秀な新入部員の確保にしろ、
予算の獲得にしろ、知名度があるのはプラスになる」
39800 ,,,,,4301,,悠,悠,02yuu332_010.wav,yuu,,0,,,,,「部室はもらえてるけど、
部費の方は微々たるもんだもんねえ。
備品をそろえようと思うと、予算獲得は急務だよ」
39900 ,,,,,4301,,,,,,,,,,,,　ため息なんかついてみせるが、
　悠は心底からうれしそうに
　温泉部の展望について語り続けている
40000 ,,,,,4301,,,,,,,,,,,,　それを見ていた俺の脳裏に唐突に、
　本当に唐突に疑問が湧く。俺は考えるより
　前に言葉が口にしていた。
40100 ,,,,,4301,,優哉,優哉,,,,,,,,,「悠は……本当に温泉部が大事なんだな」
40200 ,,,,,4301,,悠,悠,02yuu332_011.wav,yuu,,0,,,,,「どしたの？　急に。そりゃ部長だもん、
大事に決まってるじゃない」
40300 ,,,,,4301,,優哉,優哉,,,,,,,,,「いや、部長だからっていう責任感とかじゃなくて。
なんというか、心の底から大事に思ってないか？」
40400 ,,,,,4301,,,,,,,,,,,,　今までの悠の行動や、今の言動を見ていると、
　責任感で説明をつけようとするのは無理がある。
　じゃあ、何が悠をここまで駆り立ててるんだ？
40500 ,,,,,4301,,悠,悠,02yuu332_012.wav,yuu,,0,,,,,「恋鳥と二人で守ってきた場所だもん。
心の底から大事に思うのは当然じゃない？」
40600 ,,,,,4301,,優哉,優哉,,,,,,,,,「いや、そうじゃなくてな……」
40700 ,,,,,4301,,,,,,,,,,,,　猛烈にもどかしい。俺がふと抱いた疑問を
　どう説明すれば悠から答えを引き出せるのだろう？
　自分の脳みその回らなさに腹が立つほどだ。
40800 ,,,,,4301,,悠,悠,02yuu332_013.wav,yuu,,0,,,,,「へんな優哉」
40900 ,,,,,4301,,,,,,,,,,,,　悠は小首をかしげながら、テーブルの上に置かれてた
　菓子を一口つまんで、お茶をすする。
41100 ,,,,,4302,,悠,悠,02yuu332_014.wav,yuu,,0,,,,,「ああ～。おおぃしぃ～！　ここはお湯もいいけど、
このお菓子がまたいいんだよね！」
41200 ,,,,,4302,,,,,,,,,,,,　極楽極楽、といった感じで額を手で叩いたりしてる。
41300 ,,,,,4301,,悠,悠,02yuu332_015.wav,yuu,,0,,,,,「そうだ！　今度の活動で、みんなでここに来ようか。
おいしいお菓子でお茶しながら、足湯を堪能！
恋鳥も愛歌もつむぎさんも喜ぶよね？」
41400 ,,,,,4301,,優哉,優哉,,,,,,,,,「ああ、そうだな……
甘い物が苦手なヤツはいなかったと思うぞ」
41500 ,,,,,4301,,,,,,,,,,,,　説明できない疑問を悶々と考えていても仕方ない。
　俺は悠に話を合わせ、とりあえず頭の中の疑問を
　どっか隅っこの方に投げ捨てておく事にした。
41600 ,,,,,4301,,悠,悠,02yuu332_016.wav,yuu,,0,,,,,「ホームグラウンドである星河原を熟知するためにも、
温泉部はこれからどんどん外に出て行かないとね！」
41700 ,,,,,4301,,優哉,優哉,,,,,,,,,「でもまあ、はたから見れば温泉につかって
遊びまわってるいい若いモンの群れだけどな」
41800 ,,,,,4301,,悠,悠,02yuu332_017.wav,yuu,,0,,,,,「あー、その言い方はヒドイ！
温泉を楽しめない人は温泉部員として
やっていけないんだから、これでいいの！」
42100 ,,<!move_long>,,12201,,,,,,,,,,,,,　そんなしょうもない言い合いをしながら、
　俺達は日暮れまでこれからの展望について
　たっぷり語り合っちまった。
42200 ,,,,,,,優哉,優哉,,,,,,,,,「ヤバいな……晩飯の支度、間に合うか？」
42300 ,,,,,,,,,,,,,,,,,　まあ、楽しそうに瞳をキラキラさせながら
　これからの事を話し続ける悠を見てると、
　温泉部に入った甲斐ってもんを感じたけどな
42400 ,,,,,,,優哉,優哉,,,,,,,,,「とりあえず、ダッシュだ！！」
42490 ,,<!Lend_day_change>,0,9000,,,,,,,,,,,,,
42499 ,,<!ec_yuu_uni>,,,,,,,,,,,,,,,
42590 ,$go 340,,,,,,,,,,,,,,,,
42700 ,@333,,,,,,,,,,,,,,,,
42890 ,"$fadd %tsumugi,1",,,,,,,,,,,,,,,,
43000 ,,<!Lbegin_day_change>,8,202,,,陽向,陽向,07hin333_001.wav,,,,,,,,「お兄ちゃん、ちょっといい？」
43100 ,,,,,,,優哉,優哉,,,,,,,,,「ん？」
43200 ,,,,,,,,,,,,,,,,,　リビングでテレビを見ていると、
　キッチンの陽向から声をかけられる。
43300 ,,,,,,,優哉,優哉,,,,,,,,,「どうした？」
43400 ,,,,,,,優哉,優哉,,,,,,,,,「……っておまえ何だその粉だらけは」
43500 ,,,,,,,,,,,,,,,,,　キッチンを覗くと、あちらこちらに
　粉をくっつけた陽向の姿。
43600 ,,,,202,,,陽向,陽向,07hin333_002.wav,"hinata,private",,0,,,,,「えっ？　ど、どこに粉ついてるの？？」
43700 ,,,,,,,優哉,優哉,,hinata,,0,,,,,「鼻の頭とか、ほっぺたとか」
43800 ,,,,,,,陽向,陽向,07hin333_003.wav,hinata,,6,,,,,「ふえぇ～……ちょっと見ないで～恥ずかしいな～」
43900 ,,,,,,,優哉,優哉,,hinata,,6,,,,,「ん？　なに作ってるんだ？　餅……？」
44000 ,,,,,,,陽向,陽向,07hin333_004.wav,hinata,,1,,,,,「う、うん。大福とかお団子とか色々作ってるんだ」
44100 ,,,,,,,優哉,優哉,,hinata,,1,,,,,「へえ、美味そうじゃないか。一つつまんでいいか？」
44200 ,,,,,,,陽向,陽向,07hin333_005.wav,hinata,,0,,,,,「うん、そこの大福できてるよー」
44300 ,,,,,,,,,,hinata,,0,,,,,　タオルで顔をこすりながら、陽向が皿を指さす。
44400 ,,,,,,,優哉,優哉,,hinata,,0,,,,,「んっ、いただきー。むぐむぐ……」
44500 ,,,,,,,陽向,陽向,07hin333_006.wav,hinata,,3,,,,,「ど、どうかな～？」
44600 ,,,,,,,優哉,優哉,,hinata,,3,,,,,「うん、美味いぞ。お、苺はいってるじゃん」
44700 ,,,,,,,陽向,陽向,07hin333_007.wav,hinata,,5,,,,,「え？　あ、あーーっ！　苺入りは、
ちょっとしかなかったのに～っ！」
44800 ,,,,,,,優哉,優哉,,hinata,,5,,,,,「なんだよ、もぎゅ……ごくんっ、別にいいだろ」
44900 ,,,,,,,陽向,陽向,07hin333_008.wav,hinata,,0,,,,,「そうじゃなくてー、このできあがってるの、
旅館に持って行って欲しかったんだ」
45000 ,,,,,,,優哉,優哉,,hinata,,0,,,,,「あ？　あー、差し入れだったのか。
どうりで量が多いわけだ」
45100 ,,,,,,,陽向,陽向,07hin333_009.wav,hinata,,1,,,,,「うん。お願いできるかなー？　今おまんじゅうも
ふかしててね、ボクもあとから持って行くから」
45200 ,,,,,,,,,,hinata,,1,,,,,　ガスレンジを見ると、大きな蒸し器が、
　シュンシュンと湯気を吹き出していた。
45300 ,,,,,,,,,,hinata,,1,,,,,　……相変わらず器用な弟だ。
45400 ,,,,,,,優哉,優哉,,hinata,,0,,,,,「ああ、分かった。じゃあこの大福と団子だな？」
45500 ,,,,,,,,,,hinata,,0,,,,,　山のような和菓子に、ラップをかけていく。
45600 ,,,,,,,陽向,陽向,07hin333_010.wav,hinata,,1,,,,,「うん、おねがーい」
45800 ,,<!move_short>,,1102,,,,,,,,,,,,,　とりあえず、オヤジに声かけるか……。
46000 ,,<!move_veryshort>,,1200,,,英俊,英俊,13eis333_001.wav,,,,,,,,「うっ、うぅぅ～……やっぱり陽向は
優しい子だねえ～～」
46100 ,,,,,,,英俊,英俊,13eis333_002.wav,,,,,,,,「うっ、うぐぅ～……！」
46200 ,,,,,,,,,,,,,,,,,　口いっぱいに大福や団子を頬張って
　感涙するバカオヤジ。
46300 ,,,,,,,優哉,優哉,,,,,,,,,「おい、一人で食うなよオヤジ」
46400 ,,,,,,,従業員・１【男】,従業員,,,,,,,,,「あ、オーナー。なんですかそれ」
46500 ,,,,,,,従業員・２【女】,従業員,,,,,,,,,「あら、おいしそう～」
46600 ,,,,,,,,,,,,,,,,,　オヤジの大げさなリアクションにつられ、
　従業員さんたちが集まってくる。
46700 ,,,,,,,優哉,優哉,,,,,,,,,「あ、お疲れ様です」
46800 ,,,,,,,従業員・１【男】,従業員,,,,,,,,,「おお、優哉坊ちゃん。
これは陽向ぼっちゃまの手作りですか？」
46900 ,,,,,,,優哉,優哉,,,,,,,,,「はい。まだ後から持ってくるそうですから、
皆さんどんどん召し上がってください」
47000 ,,,,,,,,,,,,,,,,,　俺の言葉が終わるやいなや、
　一斉に皿に向かって手が伸びる。
47100 ,,,,,,,,,,,,,,,,,　陽向の菓子、大人気だな。
47200 ,,,,,,,英俊,英俊,13eis333_003.wav,,,,,,,,「むぐむぐ……あ、そうだ。
つむぎくんも呼んできてくれ」
47300 ,,,,,,,優哉,優哉,,,,,,,,,「ん、どこにいるんだ？　仕事中？」
47400 ,,,,,,,英俊,英俊,13eis333_004.wav,,,,,,,,「もう休んで貰ってるからね、部屋だと思うよ」
47500 ,,,,,,,優哉,優哉,,,,,,,,,「もう？　はやくないか？」
47600 ,,,,,,,英俊,英俊,13eis333_005.wav,,,,,,,,「うん。今日もお客さんゼロだから」
47700 ,,,,,,,優哉,優哉,,,,,,,,,「あ……そ」
47800 ,,,,,,,,,,,,,,,,,　ホントこの宿、大丈夫……？
48000 ,,<!move_short>,4,1602,,,優哉,優哉,,,,,,,,,「つむぎの部屋……たしかここだったな」
48100 ,,,,,,,,,,,,,,,,,　住み込み従業員部屋の前で、立ち止まる。
48200 ,,,,,,,優哉,優哉,,,,,,,,,「…………」
48300 ,,,,,,,,,,,,,,,,,　なんか、夜に女の子の部屋を訪ねるって
　ちょっと緊張するかも。
48400 ,,,,,,,優哉,優哉,,,,,,,,,「……すぅーー……はぁー……」
48500 ,,,,,,,,,,,,,,,,,　深呼吸して――
48700 ,,<!se_room_knock>,,,,,優哉,優哉,,,,,,,,,「おーい、つむぎー。いるかー？」
48800 ,,,,,,,,,,,,,,,,,　扉をノックする。
48900 ,,,,,,,つむぎ,つむぎ,05tum333_001.wav,,,,,,,,「は、はいー」
49000 ,,,,,,,,,,,,,,,,,　あ、いた。
49100 ,,,,,,,優哉,優哉,,,,,,,,,「俺だ、優哉だ。ちょっといいか？」
49200 ,,,,,,,つむぎ,つむぎ,05tum333_002.wav,,,,,,,,「あ、は、はい……何でしょう？」
49400 ,,,,,,,,,,,,,,,,,　扉が小さく開く。
49500 ,,,,,,,優哉,優哉,,,,,,,,,「あのさー、今ロビーで……」
49600 ,,,,,,,,,,,,,,,,,　その扉を、俺がガラッと開け放つ。
49700 ,,,,,,,つむぎ,つむぎ,05tum333_003.wav,,,,,,,,「あっ！　ゆ、優哉さんっ！！」
49800 ,,,,,,,優哉,優哉,,,,,,,,,「ん？？？」
50100 ,,<!move_veryshort>,3,1500,,,つむぎ,つむぎ,05tum333_004.wav,"tumugi,pajamas",,2,,,,,「！！！」
50300 ,,,,,,,優哉,優哉,,tumugi,,2,,,,,「ん？？？？」
50600 ,,,,,,,優哉,優哉,,tumugi,,2,,,,,「ん！？？？？」
50900 ,,,,,,,優哉,優哉,,tumugi,,2,,,,,「んんんんんんーーーー！？？？」
51000 ,,,,,,,優哉,優哉,,tumugi,,2,,,,,「なっ……」
51200 ,,"<shake target=""sc"" time=""1000,1000"" x=""40,100,0"" y=""20,100,0"">",,,,,優哉,優哉,,tumugi,,2,,,,,「なんじゃこれはーーーーーーーっ！！！？？？？」
51300 ,,,,,,,,,,tumugi,,2,,,,,　す、すげえ！　すごすぎる！
51400 ,,,,,,,,,,tumugi,,2,,,,,　見えそうなんてもんじゃない！　見えてる！
51600 ,,,,,,,つむぎ,つむぎ,05tum333_005.wav,tumugi,,7,,,,,「あ……あ……あ……あ……あ……」
51700 ,,,,,,,,,,tumugi,,7,,,,,　清楚なつむぎが、なんつー……
　なんつーけしからんパジャマを！！
51800 ,,,,,,,優哉,優哉,,tumugi,,7,,,,,「エロすぎだろーーーーっ！！！」
51900 ,,,,,,,つむぎ,つむぎ,05tum333_006.wav,tumugi,,40,,,,,「ひっ……」
52000 ,,,,,,,優哉,優哉,,tumugi,,40,,,,,「……はっ！！」
52100 ,,,,,,,,,,tumugi,,40,,,,,　身体にばかり目がいっていた。
52200 ,,,,,,,優哉,優哉,,tumugi,,40,,,,,「…………」
52300 ,,,,,,,,,,tumugi,,40,,,,,　視線を上げていくと……
　つむぎの怯えきった目。
52400 ,,,,,,,優哉,優哉,,tumugi,,40,,,,,「う、うわ！　ちが……っ！！
違う、今の俺は俺でなく――」
52500 ,,,,,,,つむぎ,つむぎ,05tum333_007.wav,tumugi,,40,,,,,「ひあぁぁぁぁぁぁぁぁ～～～っ！！！」
52700 ,,,0,9000,,,,,,,,,,,,,　………………
52900 ,,,4,1502,,,優哉,優哉,,,,,,,,,「悪かった！　マジで謝る！」
53100 ,,,,,,,つむぎ,つむぎ,05tum333_008.wav,"tumugi,private",,40,,,,,「うっ……うぅぅ……っ、
は、恥ずかしかったですー……」
53200 ,,,,,,,,,,"tumugi,private",,40,,,,,　私服に着替えたつむぎの前で、何度も土下座する俺。
53300 ,,,,,,,,,,"tumugi,private",,40,,,,,　いや、ホントさっきは我を失ってしまった。
53400 ,,,,,,,,,,"tumugi,private",,40,,,,,　実はまだ興奮が冷めないんだが……。
53500 ,,,,,,,優哉,優哉,,"tumugi,private",,40,,,,,「いや……さ。聞いても、いいか？」
53600 ,,,,,,,つむぎ,つむぎ,05tum333_009.wav,tumugi,,5,,,,,「な、なんでしょう……？」
53700 ,,,,,,,優哉,優哉,,tumugi,,5,,,,,「……あのパジャマ…………おまえの趣味？」
53800 ,,,,,,,つむぎ,つむぎ,05tum333_010.wav,tumugi,,6,,,,,「ちっ、ちがいますっ！！」
53900 ,,,,,,,,,,tumugi,,6,,,,,　つむぎが真っ赤になって首を振る。
54000 ,,,,,,,優哉,優哉,,tumugi,,6,,,,,「じゃあ……あれ……」
54100 ,,,,,,,つむぎ,つむぎ,05tum333_011.wav,tumugi,,5,,,,,「…………そ、その……」
54200 ,,,,,,,優哉,優哉,,tumugi,,5,,,,,「……？」
54300 ,,,,,,,つむぎ,つむぎ,05tum333_012.wav,tumugi,,0,,,,,「いただいたんです……」
54400 ,,,,,,,優哉,優哉,,tumugi,,0,,,,,「誰に！？？」
54500 ,,,,,,,,,,tumugi,,0,,,,,　あんなエロエロアイテムをつむぎにプレゼントするなんて、どこの不埒なエロ野郎だ！？
54600 ,,,,,,,つむぎ,つむぎ,05tum333_013.wav,tumugi,,5,,,,,「……その…………オーナーから」
54700 ,,,,,,,優哉,優哉,,tumugi,,5,,,,,「ブッ！！！」
54800 ,,,,,,,,,,tumugi,,5,,,,,　オヤジかよ！
54900 ,,,,,,,つむぎ,つむぎ,05tum333_014.wav,tumugi,,0,,,,,「……そそ、の……私、こちらで働かせていただく
ことになった時、何も持ち合わせていなくて……」
55000 ,,,,,,,つむぎ,つむぎ,05tum333_015.wav,tumugi,,5,,,,,「それで、お客様用の浴衣でも良いので、
夜具を貸して欲しいとお願いしたら……」
55100 ,,,,,,,優哉,優哉,,tumugi,,5,,,,,「…………」
55200 ,,,,,,,つむぎ,つむぎ,05tum333_016.wav,tumugi,,6,,,,,「あ、あの夜具を、出してくださったんです」
55300 ,,,,,,,,,,tumugi,,6,,,,,　恥ずかしそうに、身体を縮めるつむぎ。
55400 ,,,,,,,優哉,優哉,,tumugi,,6,,,,,「……そ、そうだったんだ……（ピクピクピクッ）」
55500 ,,,,,,,,,,tumugi,,6,,,,,　あのクソオヤジ……今日という今日は
　親子の縁を切りたくなったぜ。
55600 ,,,,,,,つむぎ,つむぎ,05tum333_017.wav,tumugi,,4,,,,,「せっかくいただいたものを使わないのも申し訳ないので……あの……その……ですから、私の趣味というわけでは……」
55700 ,,,,,,,優哉,優哉,,tumugi,,4,,,,,「うん、わかった。ハハハハハ……」
55800 ,,,,,,,,,,tumugi,,4,,,,,　つーかオヤジ、なんであんなパジャマ持ってたんだよ。
55900 ,,,,,,,優哉,優哉,,tumugi,,4,,,,,「ハハ……ハ」
56000 ,,,,,,,,,,tumugi,,4,,,,,　まあ、眼福だったわけではあるが……。
　あー……変な汗出てきたぜ。
56100 ,,,,,,,つむぎ,つむぎ,05tum333_018.wav,tumugi,,40,,,,,「う、うぅぅ～……あの……忘れて、くださいね？」
56200 ,,,,,,,優哉,優哉,,tumugi,,40,,,,,「うん、まあ……あはははははは」
56300 ,,,,,,,つむぎ,つむぎ,05tum333_019.wav,tumugi,,90,,,,,「……？　お、お願いしますよ？」
56400 ,,,,,,,,,,tumugi,,90,,,,,　つむぎ、多感なお年頃の青少年が、
　忘れるわけがなかろう。
56500 ,,,,,,,つむぎ,つむぎ,05tum333_020.wav,tumugi,,0,,,,,「あ……そういえば、優哉さん
どうしたんですか？こんな夜に」
56600 ,,,,,,,優哉,優哉,,tumugi,,0,,,,,「いや……え？　あっ！　そうだ、
パジャマの強烈さで忘れてた！」
56700 ,,,,,,,つむぎ,つむぎ,05tum333_021.wav,tumugi,,40,,,,,「はぅぅっ……で、ですから忘れてくださいぃ～」
56800 ,,,,,,,優哉,優哉,,tumugi,,40,,,,,「つむぎ、和菓子は好きか？　大福とか団子」
56900 ,,,,,,,つむぎ,つむぎ,05tum333_022.wav,tumugi,,2,,,,,「えっ？　あ、はい……」
57000 ,,,,,,,優哉,優哉,,tumugi,,2,,,,,「ロビーにいっぱいあるから。おまえも来いよ」
57100 ,,,,,,,,,,tumugi,,2,,,,,　手を引っ張って、つむぎを立たせる。
57200 ,,,,,,,つむぎ,つむぎ,05tum333_023.wav,tumugi,,0,,,,,「え？　あ、あのっ……ええと……」
57300 ,,,,,,,優哉,優哉,,tumugi,,0,,,,,「苺大福とか好きか？」
57400 ,,,,,,,つむぎ,つむぎ,05tum333_024.wav,tumugi,,2,,,,,「いちご大福？」
57500 ,,,,,,,優哉,優哉,,tumugi,,2,,,,,「食ったことないのか、苺大福」
57600 ,,,,,,,つむぎ,つむぎ,05tum333_025.wav,tumugi,,3,,,,,「は、はい……」
57700 ,,,,,,,優哉,優哉,,tumugi,,3,,,,,「大福の中にな、苺がそのまま入ってて美味いぜ。
ホラ、行くぞ」
57800 ,,,,,,,つむぎ,つむぎ,05tum333_026.wav,tumugi,,2,,,,,「い、いちごだいふく……」
58000 ,,<!move_short>,,1200,,,優哉,優哉,,,,,,,,,「おーい、つむぎ連れてきたぞー」
58100 ,,,,,,,英俊,英俊,13eis333_006.wav,,,,,,,,「お、遅かったなー。だいぶ無くなっちまったぞー」
58200 ,,,,,,,つむぎ,つむぎ,05tum333_027.wav,tumugi,,5,,,,,「あ、す、すみませんー……」
58300 ,,,,,,,優哉,優哉,,tumugi,,5,,,,,「オヤジ、苺大福くれ」
58400 ,,,,,,,英俊,英俊,13eis333_007.wav,tumugi,,5,,,,,「あー、苺大福ねー。あれは美味しかったよー」
58500 ,,,,,,,つむぎ,つむぎ,05tum333_028.wav,tumugi,,6,,,,,「はあ……（どきどき）」
58600 ,,,,,,,従業員・１【男】,従業員,,tumugi,,6,,,,,「そうですねー。苺が大きくてうまかったです」
58700 ,,,,,,,つむぎ,つむぎ,05tum333_029.wav,tumugi,,2,,,,,「いちごが……」
58800 ,,,,,,,従業員・２【女】,従業員,,tumugi,,2,,,,,「あれって誰が始めたのかしらねー？
すごい発明だわ」
58900 ,,,,,,,つむぎ,つむぎ,05tum333_030.wav,tumugi,,3,,,,,「すごい発明……」
59000 ,,,,,,,従業員・３,従業員,,tumugi,,3,,,,,「イチゴとアンコのフレーバー、
ベリーマッチだったデーす！」
59100 ,,,,,,,つむぎ,つむぎ,05tum333_031.wav,tumugi,,7,,,,,「あんこと……」
59200 ,,,,,,,,,,tumugi,,7,,,,,　皆の言葉にいちいち反応して、つむぎが目を丸くする。
59300 ,,,,,,,つむぎ,つむぎ,05tum333_032.wav,tumugi,,3,,,,,「……（どきどきどきどき）」
59400 ,,,,,,,優哉,優哉,,tumugi,,3,,,,,「大きめのヤツあげてくれよ、オヤ――」
59500 ,,,,,,,英俊,英俊,13eis333_008.wav,tumugi,,3,,,,,「あらら～？　もうないねぇ……ははは、ざんねーーん」
59600 ,,,,,,,つむぎ,つむぎ,05tum333_033.wav,tumugi,,2,,,,,「ふぇ…………」
59700 ,,,,,,,,,,tumugi,,2,,,,,　心底気が抜けた声。
59800 ,,,,,,,つむぎ,つむぎ,05tum333_034.wav,tumugi,,40,,,,,「は、はぅぅぅぅぅっ！」
59900 ,,,,,,,,,,tumugi,,40,,,,,　……すまんつむぎ。
　……俺のつまみ食いのせいかも。
59990 ,,<!Lend_day_change>,0,9000,,,,,,,,,,,,,
59999 ,,<!ec_tsumugi_pri>,,,,,,,,,,,,,,,
60090 ,$go 340,,,,,,,,,,,,,,,,
60200 ,@340,,,,,,,,,,,,,,,,
60500 ,,<!Lbegin_day_change>,8,1200,,,優哉,優哉,,,,,,,,,「ふー……しかし、温泉入ってるだけなのに、
　なんでこんなに疲れるのかねえ」
60600 ,,,,,,,,,,,,,,,,,　ロビーでコーヒー牛乳などたしなみつつ、
　俺はソファでぐっと伸びをした。
60700 ,,,,,,,優哉,優哉,,,,,,,,,「やっぱあの暴走機関車、周りからエネルギー吸って
　動いてんじゃないだろうか」
60800 ,,,,,,,,,,,,,,,,,　温泉での悠のはしゃぎようを思い出す。
60900 ,,,,,,,,,,,,,,,,,　……思い出すだけで疲れてきたのでやめた。
61000 ,,,,,,,,,,,,,,,,,　恋鳥はしゃべらないだけで、行動がアレだし。
61100 ,,,,,,,,,,,,,,,,,　つむぎと愛歌はつっこむわけでないしなぁ……。
61200 ,,,,,,,優哉,優哉,,,,,,,,,「そうかっ、あの部活に足りないのはツッコミだっ」
61300 ,,,,,,,,,,,,,,,,,　もっともそれに気づいたところで、
　何か得るものもないわけだが。
61400 ,,,,,,,,,,,,,,,,,　奇妙に脱力感を覚えながら、俺はずるずるとソファに
　もたれた。
61500 ,,,,,,,温泉卿,温泉卿,12ons340_001.wav,"onsenkyou,private",,4,,,,,「くぉらっ、いい若者がだらけるでないっ！」
61600 ,,,,,,,,,,onsenkyou,,4,,,,,　頭上から一喝された。
61700 ,,,,,,,,,,onsenkyou,,4,,,,,　びくっと反射的に姿勢を正す俺。
61800 ,,,,,,,温泉卿,温泉卿,12ons340_002.wav,onsenkyou,,17,,,,,「うむ、それでよい」
61900 ,,,,,,,優哉,優哉,,onsenkyou,,17,,,,,「温泉卿……今日も浸かりにきたんですか？」
62000 ,,,,,,,温泉卿,温泉卿,12ons340_003.wav,onsenkyou,,1,,,,,「うむ、ここの湯はよい湯であるからな。
　今日もいい湯加減であった」
62100 ,,,,,,,,,,onsenkyou,,1,,,,,　って、ことは今日もあの熱湯風呂に入ったのか。
62200 ,,,,,,,,,,onsenkyou,,1,,,,,　元気なじーさんだなあ……。
62300 ,,,,,,,,,,onsenkyou,,1,,,,,　いや、年寄りほど熱い湯を好むってものか。
62490 ,,<s_fade wa time=""1"">,,,,,,,,onsenkyou,,2,,,,,
62500 ,,"<!se_punch><shake target=""sc"" time=""600,600"" x=""20,130,0"" y=""0,0,0"">",,,,,温泉卿,温泉卿,12ons340_004.wav,onsenkyou,,2,,,,,「ワシを年寄り扱いするでないわ、こわっぱ！」
62600 ,,,,,,,優哉,優哉,,onsenkyou,,2,,,,,「いててて……なんでわかるんですか」
62700 ,,,,,,,温泉卿,温泉卿,12ons340_005.wav,onsenkyou,,17,,,,,「まだまだ修行が足りぬな。精進せい」
62800 ,,,,,,,優哉,優哉,,onsenkyou,,17,,,,,「は、はぁ……」
62900 ,,,,,,,温泉卿,温泉卿,12ons340_006.wav,onsenkyou,,0,,,,,「そういえば、『温泉部』とやらはどうかね？」
63000 ,,,,,,,優哉,優哉,,onsenkyou,,0,,,,,「あ、まあ、順調ですよ。
　毎日、うちでただ風呂に浸かってるだけのような
　気もしますけど……」
63100 ,,,,,,,温泉卿,温泉卿,12ons340_007.wav,onsenkyou,,17,,,,,「けっこうけっこう。
　毎日、温泉に浸かる。素晴らしいことではないか」
63200 ,,,,,,,温泉卿,温泉卿,12ons340_008.wav,onsenkyou,,17,,,,,「それに、温泉の効能というものは、一日二日で
　効いてくるものでもない。
　一定期間、浸かることで、わかることもある」
63300 ,,,,,,,温泉卿,温泉卿,12ons340_010.wav,onsenkyou,,2,,,,,「そういったことを研究しているのではないのかね？」
63400 ,,,,,,,優哉,優哉,,onsenkyou,,2,,,,,「はぁ……まぁ……」
63500 ,,,,,,,,,,onsenkyou,,2,,,,,　大まじめな温泉卿の様子に、さすがに
63600 ,,,,,,,,,,onsenkyou,,2,,,,,『いや～、遊んでるだけっす』
63700 ,,,,,,,,,,onsenkyou,,2,,,,,　とは言えなかった。
63800 ,,,,,,,,,,onsenkyou,,2,,,,,　恐ろしすぎる。
63900 ,,,,,,,温泉卿,温泉卿,12ons340_011.wav,onsenkyou,,0,,,,,「そもそも温泉というものはだな……」
64000 ,,,,,,,,,,onsenkyou,,0,,,,,　大河ドラマスペシャルより長くなりそうな話が
　始まろうとしていた。
64100 ,,,,,,,大和,大和,08yam340_001.wav,onsenkyou,,0,"yamato,private",,5,,「おい、じーちゃん、こんなところで何やってるんだ？」
64200 ,,,,,,,温泉卿,温泉卿,12ons340_012.wav,onsenkyou,,2,yamato,,5,,「んむ？」
64300 ,,,,,,,,,,onsenkyou,,2,yamato,,5,,　話の腰どころか首を叩き折られて、温泉卿が
　不機嫌に振り返った。
64400 ,,,,,,,優哉,優哉,,onsenkyou,,2,yamato,,5,,「なんだ、お前か。何しに来た」
64500 ,,,,,,,,,,onsenkyou,,2,yamato,,5,,　明らかに朝礼の校長並みに長そうな話から救われて
　ほっとしたがそれを言うとまたうるさそうなので
　黙っておく。
64600 ,,,,,,,,,,onsenkyou,,2,yamato,,5,,　だいたい、大和に恩を着せられそうだしな。
64700 ,,,,,,,大和,大和,08yam340_002.wav,onsenkyou,,0,yamato,,3,,「じーちゃんがここにいるって聞いたから、
　迎えにきたんだよ」
64800 ,,,,,,,優哉,優哉,,onsenkyou,,0,yamato,,3,,「じーちゃん？」
65000 ,,<!se_punch>,,,,,大和,大和,08yam340_003.wav,onsenkyou,,0,yamato,,53,,「いってぇぇぇ！」
65100 ,,,,,,,温泉卿,温泉卿,12ons340_013.wav,onsenkyou,,4,yamato,,53,,「温泉卿と呼べと言っておるだろう、この馬鹿が」
65200 ,,,,,,,優哉,優哉,,onsenkyou,,4,yamato,,53,,「え……？」
65300 ,,,,,,,大和,大和,08yam340_004.wav,onsenkyou,,4,yamato,,50,,「温泉卿は俺の大叔父なんだよ。ばーちゃんの兄貴」
65400 ,,,,,,,優哉,優哉,,onsenkyou,,4,yamato,,50,,「なるほど……」
65500 ,,,,,,,,,,onsenkyou,,4,yamato,,50,,　どっかずれたとこが誰かに似てると思っていたが、
　そういうことか。
65600 ,,,,,,,温泉卿,温泉卿,12ons340_014.wav,onsenkyou,,2,yamato,,50,,「なんだ？　お前たち、知り合いか？」
65700 ,,,,,,,優哉,優哉,,onsenkyou,,2,yamato,,50,,「いや、全然」
65800 ,,,,,,,大和,大和,08yam340_005.wav,onsenkyou,,2,yamato,,53,,「おいっ、俺たち、同じクラスの親友だろぉっ！」
65900 ,,,,,,,,,,onsenkyou,,2,yamato,,53,,　大和が俺の首根っこをひっつかんでがっくんがっくん　揺さぶってくる。
66000 ,,,,,,,優哉,優哉,,onsenkyou,,2,yamato,,53,,「あー、わかった、わかったから揺するな。
　まあ、親友になった覚えはないが、そういう感じです」
66100 ,,,,,,,温泉卿,温泉卿,12ons340_015.wav,onsenkyou,,3,yamato,,3,,「この馬鹿が迷惑をかけておるようだな」
66200 ,,,,,,,優哉,優哉,,onsenkyou,,3,yamato,,3,,「いや、まあ、それほどでも……ありますが」
66300 ,,,,,,,大和,大和,08yam340_006.wav,onsenkyou,,3,yamato,,5,,「お前ら、ほんっと言いたい放題だなっ！」
66400 ,,,,,,,明日香,？？？,09asu340_001.wav,onsenkyou,,3,yamato,,5,,「もう、お爺さまもお兄さまもいい加減にしてください。
　他のお客様にご迷惑ですよ？」
66500 ,,,,,,,,,,onsenkyou,,3,yamato,,5,,　と、鈴を振るような声が後ろから聞こえた。
66600 ,,,,,,,,,,,,,,,,,　振り向けば、そこには見覚えのある女の子がいた。
　大和の妹……明日香ちゃんだ。
66700 ,,,,,,,明日香,明日香,09asu340_002.wav,"asuka,private",,3,,,,,「優哉さんもご迷惑おかけして申し訳ございません」
66800 ,,,,,,,優哉,優哉,,"asuka,private",,3,,,,,「いや、こっちこそ騒がしくてごめん。
　千紗ならまだ帰ってないけど」
66900 ,,,,,,,明日香,明日香,09asu340_003.wav,asuka,,1,,,,,「あ、千紗とさっき一緒に帰ってきたんです。
　それで、そのついでにお兄さまとお爺さまを呼びに」
67000 ,,,,,,,優哉,優哉,,asuka,,1,,,,,「なるほど」
67100 ,,,,,,,,,,asuka,,1,,,,,　礼儀正しいいい子だ。
67200 ,,,,,,,,,,asuka,,1,,,,,　こういう子が千紗の友人というのは、兄として
　喜ばしいものがある。
67300 ,,,,,,,,,,asuka,,1,,,,,　が、彼女は目の前の奇っ怪生物の実の妹。
67400 ,,,,,,,,,,asuka,,1,,,,,　本当に血が繋がっているのかどうかは俺は
　常に疑っている。
67500 ,,,,,,,大和,大和,08yam340_007.wav,asuka,,1,yamato,,3,,「俺たちを呼びに……って、信頼ねえなあ」
67600 ,,,,,,,明日香,明日香,09asu340_004.wav,asuka,,0,yamato,,3,,「お爺さまがいらしてるからですよ。
　さ、帰りましょう？」
67700 ,,,,,,,温泉卿,温泉卿,12ons340_016.wav,asuka,,0,onsenkyou,,83,,「おうおう、可愛い明日香や。
　家へ帰ろうな。その前になにかお土産でも
　買ってあげようかね？」
67800 ,,,,,,,,,,asuka,,0,onsenkyou,,83,,　さっきまでとは別人のような甘ったるい猫なで声に
　俺の背筋に一瞬寒気が走った。
67900 ,,,,,,,,,,asuka,,0,onsenkyou,,83,,　ちらり、と温泉卿の顔を見れば、
　でれでれとだらしなく笑み崩れている。
68000 ,,,,,,,明日香,明日香,09asu340_005.wav,asuka,,1,onsenkyou,,83,,「そんな、お爺さまが元気でいらしてくださったら、
　なんにもいりませんわ。
　ごはんの支度もできてますし、早く帰りましょう」
68100 ,,,,,,,温泉卿,温泉卿,12ons340_017.wav,asuka,,1,onsenkyou,,83,,「そうか？　遠慮せずとも明日香の欲しいものは
　おじいちゃんが何でも買ってあげるよ？」
68200 ,,,,,,,明日香,明日香,09asu340_006.wav,asuka,,2,onsenkyou,,83,,「帰ってこられた最初の日に、もう十分いろいろ
　いただきましたから。
　その気持ちだけでいいですよ」
68300 ,,,,,,,温泉卿,温泉卿,12ons340_018.wav,asuka,,2,onsenkyou,,83,,「明日香は本当にいい子じゃなぁ……」
68400 ,,,,,,,,,,asuka,,2,onsenkyou,,83,,　溶けそうな、という表現がまさにしっくりくる。
68500 ,,,,,,,優哉,優哉,,,,,,,,,「なあ、もしかして……」
68600 ,,,,,,,大和,大和,08yam340_008.wav,yamato,,5,,,,,「ああ、じー……温泉卿は明日香にめろめろなんだよ」
68700 ,,,,,,,,,,yamato,,5,,,,,　大和が遠い目をする。
68800 ,,,,,,,,,,yamato,,5,,,,,　まるで恋人のように明日香ちゃんに接する姿は、
　俺に雷を落とした姿からは想像できない。
68900 ,,,,,,,優哉,優哉,,yamato,,5,,,,,「こういうのも、孫馬鹿っていうんだろうか」
69000 ,,,,,,,大和,大和,08yam340_009.wav,yamato,,3,,,,,「適切な言葉が思い浮かばないからそれでいい気もする」
69100 ,,,,,,,,,,,,,,,,,　気が付けば、迎えにきた大和を放置して、温泉卿は
　明日香ちゃんの手を引いて、すでに入り口へと
　向かっていた。
69200 ,,,,,,,温泉卿,温泉卿,12ons340_019.wav,onsenkyou,,0,,,,,「また入りにくるでな。
　それまでしっかり精進せいよ」
69300 ,,,,,,,明日香,明日香,09asu340_007.wav,asuka,,42,,,,,「それでは、また……失礼します」
69400 ,,,,,,,大和,大和,08yam340_010.wav,yamato,,53,,,,,「ちょっ、おい、置いてくなよ。待てってー」
69500 ,,,,,,,,,,,,,,,,,　大和が慌てて後をおいかける。
69600 ,,,,,,,,,,,,,,,,,　それを見送ると、さっきよりもさらに疲労感が
　体にずっしりとのしかかってきた。
69700 ,,,,,,,優哉,優哉,,,,,,,,,「とっとと、俺も帰るか……」
69790 ,,<!Lend_day_change>,0,9000,,,,,,,,,,,,,
70000 ,@350,,,,,,,,,,,,,,,,
70300 ,,<!Lbegin_day_change>,2,4500,,,優哉,優哉,,,,,,,,,「……うげっ」
70400 ,,,,,,,,,,,,,,,,,　休み時間、携帯に届いていたメールを見た俺は、
　思わず声を上げる。
70500 ,,,,,,,大和,大和,08yam350_001.wav,"yamato,uniform",,2,,,,,「どうした？　優哉」
70600 ,,,,,,,優哉,優哉,,yamato,,2,,,,,「ああ、妹からのメールだ。
　最近また、料理の練習を再会してな。
　ことあるごとに、報告してくるんだよ」
70700 ,,,,,,,大和,大和,08yam350_002.wav,yamato,,1,,,,,「いいじゃないか。女の子らしくて」
70800 ,,,,,,,優哉,優哉,,yamato,,1,,,,,「まあ、ちゃんとしたモノを作ってくれるんなら、
　いいんだがな……」
70900 ,,,,,,,大和,大和,08yam350_003.wav,yamato,,2,,,,,「…………？」
71200 ,,,,,,,愛歌,愛歌,01man350_001.wav,yamato,,0,"manaka,uniform",,0,,「ねえ大和くん。
　明日香ちゃんって、料理もするの？」
71300 ,,,,,,,大和,大和,08yam350_005.wav,yamato,,1,"manaka,uniform",,0,,「ああ、明日香は結構やるぞ。
　俺もたまに食わせてもらってる」
71400 ,,,,,,,愛歌,愛歌,01man350_002.wav,yamato,,1,manaka,,3,,「そうなんだ～。
　いいね、食べさせてあげる兄妹がいると」
71500 ,,,,,,,優哉,優哉,,yamato,,1,manaka,,3,,「お前は、さんざん俺に食わせてきたじゃないか」
71600 ,,,,,,,愛歌,愛歌,01man350_003.wav,yamato,,1,manaka,,1,,「ははっ……そうだね」
71700 ,,,,,,,優哉,優哉,,yamato,,0,manaka,,1,,「しかし、明日香ちゃんは料理上手なのか。
　ウチの千紗とは全然違うな」
71800 ,,,,,,,愛歌,愛歌,01man350_004.wav,yamato,,0,manaka,,90,,「千紗ちゃん、熱心に勉強してるよ～。
　大丈夫、きっといつか上手くなるよ」
71900 ,,,,,,,優哉,優哉,,yamato,,0,manaka,,90,,「ああ、そうだな。誰かが犠牲になる前に、
　お前がよろしく導いてやってくれ」
72000 ,,,,,,,愛歌,愛歌,01man350_005.wav,yamato,,0,manaka,,1,,「あはは……。うん……」
72100 ,,,,,,,優哉,優哉,,yamato,,0,manaka,,1,,「つむぎは、料理とかするの？」
72200 ,,,,,,,つむぎ,つむぎ,05tum350_001.wav,"tumugi,uniform",,2,manaka,,1,,「えっ、私ですか？」
72300 ,,,,,,,つむぎ,つむぎ,05tum350_002.wav,tumugi,,3,manaka,,1,,「私は、少しならできます。
　そんなに手の込んだものはできませんが……」
72400 ,,,,,,,愛歌,愛歌,01man350_006.wav,tumugi,,3,manaka,,0,,「つむぎさんって、煮物とか得意そうな感じするよね」
72500 ,,,,,,,優哉,優哉,,tumugi,,3,manaka,,0,,「ああ、するする」
72600 ,,,,,,,つむぎ,つむぎ,05tum350_003.wav,tumugi,,0,manaka,,0,,「そうですか……？
　できなくはないですけど、
　美味しいかどうかは……わかりません」
72700 ,,,,,,,優哉,優哉,,tumugi,,0,manaka,,0,,「へえ、一度食べてみたいもんだな」
72800 ,,,,,,,つむぎ,つむぎ,05tum350_004.wav,tumugi,,5,manaka,,0,,「そんな……私のなんて、
　人に食べてもらえるものじゃないですよ……」
72900 ,,,,,,,愛歌,愛歌,01man350_007.wav,tumugi,,5,manaka,,0,,「あっ、そうだ」
73000 ,,,,,,,優哉,優哉,,,,,manaka,,0,,「どうした、愛歌」
73100 ,,,,,,,愛歌,愛歌,01man350_008.wav,,,,manaka,,1,,「だったら、今度のお休み、
　みんなでお弁当作って集まろうか？
　つむぎさんと、明日香ちゃんにも作ってもらって」
73200 ,,,,,,,優哉,優哉,,,,,manaka,,1,,「弁当？」
73300 ,,,,,,,愛歌,愛歌,01man350_009.wav,,,,manaka,,90,,「うん。そういう目標があった方が、
　お料理って上達するし」
73400 ,,,,,,,優哉,優哉,,,,,manaka,,90,,「ああ……なるほど、それはいいな」
73500 ,,,,,,,愛歌,愛歌,01man350_010.wav,,,,manaka,,1,,「でしょ？
　明日香ちゃんやつむぎさんの料理も食べれるし」
73600 ,,,,,,,優哉,優哉,,,,,manaka,,1,,「うむ。実に素晴らしい提案だが、
　ひとつだけ条件がある」
73700 ,,,,,,,愛歌,愛歌,01man350_011.wav,,,,manaka,,3,,「なぁに？」
73800 ,,,,,,,優哉,優哉,,,,,manaka,,3,,「千紗が、弁当作りに関わるのだけは禁止だ」
73900 ,,,,,,,愛歌,愛歌,01man350_012.wav,,,,manaka,,15,,「ええっ、なんで？」
74000 ,,,,,,,優哉,優哉,,,,,manaka,,15,,「お前、この前ウチに救急車来たの知ってるだろ？
　あれをもう一度引き起こせってのか」
74100 ,,,,,,,愛歌,愛歌,01man350_013.wav,,,,manaka,,1,,「あ、あはは……。
　そうだね…………」
74200 ,,,,,,,優哉,優哉,,,,,manaka,,1,,「千紗以外の人が作った弁当なら、俺は大歓迎だ。
　というか、食べさせて下さいお願いします」
74300 ,,,,,,,大和,大和,08yam350_006.wav,yamato,,1,manaka,,1,,「うわ、えらい卑屈だな」
74400 ,,,,,,,愛歌,愛歌,01man350_014.wav,yamato,,1,manaka,,90,,「じゃあ、土曜日のお昼とかどうかな。
　授業もないし。
　つむぎさん、いい？」
74500 ,,,,,,,つむぎ,つむぎ,05tum350_005.wav,tumugi,,0,manaka,,90,,「はい、その日は大丈夫だと思います」
74600 ,,,,,,,大和,大和,08yam350_007.wav,yamato,,0,manaka,,90,,「明日香にも、俺から言っておくよ。
　多分、大丈夫だろ」
74700 ,,,,,,,優哉,優哉,,yamato,,0,manaka,,90,,「時間と場所はどうする？」
74800 ,,,,,,,愛歌,愛歌,01man350_015.wav,yamato,,0,manaka,,3,,「えっと……土曜日の１１時半、校門に集合とか」
74900 ,,,,,,,優哉,優哉,,yamato,,0,manaka,,3,,「校門？」
75000 ,,,,,,,愛歌,愛歌,01man350_016.wav,yamato,,0,manaka,,0,,「学園の中庭の芝生で食べようよ。
　広いし、きっと気持ちいいよ」
75100 ,,,,,,,優哉,優哉,,yamato,,0,manaka,,0,,「ああ、なるほど。それはいいな」
75200 ,,,,,,,,,,tumugi,,0,manaka,,0,,　俺は、ふたりの肩を軽く叩いた。
75300 ,,,,,,,優哉,優哉,,tumugi,,0,manaka,,0,,「ふたりとも、美味いヤツ、期待してるぜ」
75400 ,,,,,,,愛歌,愛歌,01man350_017.wav,tumugi,,0,manaka,,1,,「うん、頑張るね」
75500 ,,,,,,,つむぎ,つむぎ,05tum350_006.wav,tumugi,,1,manaka,,1,,「私も頑張ります」
75800 ,,<!timepass_day_long>,2,4100,,,,,,,,,,,,,　そして、数日後……。
75900 ,,,,,,,,,,,,,,,,,　俺は愛歌とともに、待ち合わせ場所の校門で
　みんなが来るのを待っていた。
76000 ,,,,,,,愛歌,愛歌,01man350_018.wav,manaka,,5,,,,,「ねぇ優哉ちゃん、ちょっと早かったかな？」
76100 ,,,,,,,優哉,優哉,,manaka,,5,,,,,「ああ、ちょいと早く来すぎたかもな」
76200 ,,,,,,,,,,manaka,,5,,,,,　千紗はいちど大和の家に行って、
　大和＆明日香の兄妹と一緒に来るらしい。
76300 ,,,,,,,,,,manaka,,5,,,,,　つむぎは、旅館から直接ここに
　向かっているらしかった。
76400 ,,,,,,,千紗,千紗,06tis350_001.wav,,,,"chisa,uniform",,1,,「あっ、お兄ちゃ～ん！」
76500 ,,,,,,,優哉,優哉,,,,,chisa,,1,,「よう、千紗。ちゃんと迷わずに来れたか？」
76600 ,,,,,,,千紗,千紗,06tis350_002.wav,,,,chisa,,7,,「千紗、そこまでバカじゃないもん……」
76700 ,,,,,,,,,,,,,chisa,,7,,　俺が千紗の頭をわしゃわしゃと撫でていると、
　大和の妹の明日香ちゃんが
　ちょこんと丁寧にお辞儀をした。
76800 ,,,,,,,明日香,明日香,09asu350_001.wav,"asuka,uniform",,0,,,,,「こんにちは、優哉さん。
　いつも兄がお世話になっております」
76900 ,,,,,,,優哉,優哉,,"asuka,uniform",,0,,,,,「ああ……いやいや。
　こっちこそ、いつも千紗が世話になってるね」
77000 ,,,,,,,明日香,明日香,09asu350_002.wav,asuka,,1,,,,,「いえ。
　千紗は、私の大切な親友ですから」
77100 ,,,,,,,,,,asuka,,1,,,,,　明日香ちゃんはそう言って、
　優しい笑顔を見せた。
77200 ,,,,,,,,,,asuka,,1,,,,,　明日香ちゃんとまともに話すのは初めてだが、
　確かに利発そうな印象を受ける。
77300 ,,,,,,,,,,asuka,,1,,,,,　兄の大和とは、大違いだな。
77400 ,,,,,,,明日香,明日香,09asu350_003.wav,asuka,,2,,,,,「どうかいたしましたか？」
77500 ,,,,,,,優哉,優哉,,asuka,,2,,,,,「あ、いや、なんでもないよ」
77600 ,,,,,,,大和,大和,08yam350_008.wav,yamato,,5,,,,,「……優哉、ちょっと後で話がある」
77700 ,,,,,,,優哉,優哉,,yamato,,5,,,,,「のわっ、なんだいきなりお前！？」
77800 ,,,,,,,,,,,,,,,,,　そうしていると、最後につむぎがやってきた。
77900 ,,,,,,,つむぎ,つむぎ,05tum350_007.wav,"tumugi,uniform",,3,,,,,「すみません、遅れてしまいました……」
78000 ,,,,,,,優哉,優哉,,,,,tumugi,,3,,「いや、まだ集合時刻は過ぎてないよ。
　みんなが早すぎただけさ」
78100 ,,,,,,,愛歌,愛歌,01man350_019.wav,manaka,,1,tumugi,,3,,「うん。張り切りすぎて、早く来すぎちゃった」
78200 ,,,,,,,,,,manaka,,1,tumugi,,3,,　つむぎは安心したように息をつくと、
　明日香たちと挨拶し始めた。
78300 ,,,,,,,優哉,優哉,,manaka,,1,tumugi,,3,,「それじゃ、中庭に行って弁当を広げようぜ。
　俺、朝から食ってないから腹ぺこなんだよ」
78400 ,,,,,,,愛歌,愛歌,01man350_020.wav,manaka,,90,tumugi,,3,,「うん、行こっか」
78500 ,,,,,,,千紗,千紗,06tis350_003.wav,chisa,,1,manaka,,90,,「わー、お兄ちゃんの学園入るの初めて～」
78600 ,,,,,,,明日香,明日香,09asu350_004.wav,asuka,,1,chisa,,1,,「私もです。楽しみですね……」
78800 ,,,9,,3601,,,,,,,,,,,,　俺たちは中庭に適当な場所を見つけると、
　早速、みんなで持ち寄った弁当を開いた。
78900 ,,,,,3601,,優哉,優哉,,,,,,,,,「おお……」
79000 ,,,,,3601,,大和,大和,08yam350_009.wav,yamato,,0,,,,,「こいつはすごいな」
79100 ,,,,,3601,,,,,,,,,,,,　目の前には、色とりどりのおかずが広げられている。
79200 ,,,,,3601,,,,,,,,,,,,　なんというか、手作り弁当特有の匂いが……
　たまんないよなあ。
79300 ,,,,,3601,,つむぎ,つむぎ,05tum350_008.wav,tumugi,,0,,,,,「優哉さん、大和さん。これ、お使い下さい」
79400 ,,,,,3601,,,,,,,,,,,,　俺たちが弁当に見とれていると、
　つむぎが紙皿を配ってくれる。
79500 ,,,,,3601,,大和,大和,08yam350_010.wav,yamato,,0,,,,,「おっ、悪いね」
79600 ,,,,,3601,,優哉,優哉,,,,,,,,,「ありがとな、つむぎ。
　つむぎはそういうとこ気配りが細かくて、
　さすがだよな」
79700 ,,,,,3601,,つむぎ,つむぎ,05tum350_009.wav,tumugi,,0,,,,,「いえ…………」
79800 ,,,,,3601,,千紗,千紗,06tis350_004.wav,chisa,,0,,,,,「…………むっ、千紗も頑張らないと」
79900 ,,,,,3601,,千紗,千紗,06tis350_005.wav,chisa,,0,,,,,「ねぇねぇお兄ちゃん、お茶飲む？」
80000 ,,,,,3601,,優哉,優哉,,,,,,,,,「今はいいよ。後でな」
80100 ,,,,,3601,,千紗,千紗,06tis350_006.wav,chisa,,0,,,,,「じゃ、じゃあ、おかず取ってあげよっか」
80200 ,,,,,3601,,優哉,優哉,,,,,,,,,「いいってば。ひとりでできるよ、それぐらい」
80300 ,,,,,3601,,千紗,千紗,06tis350_007.wav,chisa,,0,,,,,「あぅ……」
80400 ,,,,,3601,,明日香,明日香,09asu350_005.wav,asuka,,0,,,,,「千紗、焦らなくても大丈夫。
　まだまだ、これからだから、ね？」
80500 ,,,,,3601,,千紗,千紗,06tis350_008.wav,chisa,,0,,,,,「うん…………」
80600 ,,,,,3601,,愛歌,愛歌,01man350_021.wav,manaka,,0,,,,,「それじゃ、食べよっか」
80700 ,,,9,,3601,,大和,大和,08yam350_011.wav,yamato,,0,,,,,「ああ、そうだな」
80800 ,,,,,3601,,愛歌＠千紗＠つむぎ＠明日香＠大和,一同,01man350_022.wav＠06tis350_009.wav＠05tum350_010.wav＠09asu350_006.wav＠08yam350_012.wav＠ext350_e01.wav,,,,,,,,「いただきまーすっ！」
80900 ,,,,,3601,,,,,,,,,,,,　俺は、まず美味しそうなきつね色をしている
　唐揚げに箸をのばした。
81000 ,,,,,3601,,優哉,優哉,,,,,,,,,「おっ、この唐揚げうまいな」
81100 ,,,,,3601,,明日香,明日香,09asu350_007.wav,asuka,,0,,,,,「あ、それは私です」
81200 ,,,,,3601,,優哉,優哉,,,,,,,,,「うん、美味い。これは美味いよ。
　明日香ちゃん、ホントに料理上手だね」
81300 ,,,,,3601,,明日香,明日香,09asu350_008.wav,asuka,,0,,,,,「ありがとうございます。
　お口に合って、嬉しいです」
81400 ,,,,,3601,,大和,大和,08yam350_013.wav,yamato,,0,,,,,「………………」
81500 ,,,,,3601,,大和,大和,08yam350_014.wav,yamato,,0,,,,,「明日香、俺にも唐揚げくれ」
81600 ,,,,,3601,,明日香,明日香,09asu350_009.wav,asuka,,0,,,,,「お兄様、その唐揚げは朝に試食だと言って
　５つも食べましたよ？
　いんですか？」
81700 ,,,,,3601,,大和,大和,08yam350_015.wav,yamato,,0,,,,,「いいんだよ。くれ」
81800 ,,,,,3601,,明日香,明日香,09asu350_010.wav,asuka,,0,,,,,「……ふふっ。はい、どうぞ」
81900 ,,,,,3601,,,,,,,,,,,,　大和は明日香ちゃんから唐揚げを受け取り、
　もしゃもしゃと食べ始めた。
82000 ,,,,,3601,,優哉,優哉,,,,,,,,,「おっ、この卵焼き美味しそうだな」
82100 ,,,,,3601,,愛歌,愛歌,01man350_023.wav,manaka,,0,,,,,「あ、それは私だよ～」
82200 ,,,,,3601,,優哉,優哉,,,,,,,,,「なんだ、愛歌のか。
　愛歌の卵焼きは食い慣れてるから、
　別の人のにしよう」
82300 ,,,,,3601,,愛歌,愛歌,01man350_024.wav,manaka,,0,,,,,「あぅっ、ひどいよ～」
82400 ,,,,,3601,,優哉,優哉,,,,,,,,,「とすると、こっちの煮豆はつむぎ？」
82500 ,,,,,3601,,つむぎ,つむぎ,05tum350_011.wav,tumugi,,0,,,,,「あっ、はい……そうです」
82600 ,,,,,3601,,優哉,優哉,,,,,,,,,「よし、じゃこれをいただくとするか。
　……うん、額に貼り付けるのに
　ちょうど良さそうな、この粘りがいいね」
82700 ,,,,,3601,,,,,,,,,,,,　俺は煮豆を紙皿によそうと、
　一粒ずつゆっくりと噛み締めた。
82800 ,,,,,3601,,つむぎ,つむぎ,05tum350_012.wav,tumugi,,0,,,,,「どう…………ですか？」
82900 ,,,,,3601,,優哉,優哉,,,,,,,,,「うん、美味い。
　味付けも甘すぎず、豆そのものの味が生きてる」
83000 ,,,,,3601,,つむぎ,つむぎ,05tum350_013.wav,tumugi,,0,,,,,「良かったです……。優哉さんに、喜んでもらえて」
83100 ,,,,,3601,,愛歌,愛歌,01man350_025.wav,manaka,,0,,,,,「優哉ちゃん、私の卵焼きも食べてよぉ……」
83200 ,,,,,3601,,優哉,優哉,,,,,,,,,「わ、わかったよ、愛歌」
83300 ,,,,,3601,,,,,,,,,,,,　そうして、代わる代わるみんなの料理を楽しむ。
83400 ,,,,,3601,,,,,,,,,,,,　俺たちは、そんな至福の時間を過ごしたのだった。
83600 ,,<!timepass_1_long>,,,3601,,千紗,千紗,06tis350_010.wav,chisa,,0,,,,,「ねぇねぇお兄ちゃん、
　デザートにごま団子があるんだよ？
　お弁当とは別にして持ってきたの」
83700 ,,,,,3601,,優哉,優哉,,,,,,,,,「ほう、それはいいな。
　ごま団子といえば、愛歌の得意レパートリーだよな。
　きっと愛歌が作ったんだろ？」
83800 ,,,,,3601,,愛歌,愛歌,01man350_026.wav,manaka,,0,,,,,「あ、う、うん……」
83900 ,,,,,3601,,,,,,,,,,,,　千紗が取り出したタッパーの中のごま団子を見て、
　おお、と歓声が上がる。
84000 ,,,,,3601,,大和,大和,08yam350_016.wav,yamato,,0,,,,,「これはまた、本格的だな」
84100 ,,,,,3601,,明日香,明日香,09asu350_011.wav,asuka,,0,,,,,「さすがですね。すごく美味しそうです」
84200 ,,,,,3601,,愛歌,愛歌,01man350_027.wav,manaka,,0,,,,,「うん…………」
84300 ,,,,,3601,,,,,,,,,,,,　俺たちは、ひとりに１つずつ
　ごま団子を行き渡らせた。
84400 ,,,,,3601,,優哉,優哉,,,,,,,,,「じゃ、いただくぜ……」
84500 ,,,,,3601,,千紗,千紗,06tis350_011.wav,chisa,,0,,,,,「あ、待って待って」
84600 ,,,,,3601,,優哉,優哉,,,,,,,,,「なんだ、どうした、千紗」
84700 ,,,,,3601,,千紗,千紗,06tis350_012.wav,chisa,,0,,,,,「えっと、この中に、千紗が作ったごま団子が
　ひとつだけ入ってま～す。
　……さて、それはどれでしょう♪」
84800 ,,,,,3601,,優哉,優哉,,,,,,,,,「………………」
84900 ,,,,,3601,,優哉,優哉,,,,,,,,,「…………マジ？」
85000 ,,,,,3601,,千紗,千紗,06tis350_013.wav,chisa,,0,,,,,「うん」
85100 ,,,,,3601,,愛歌,愛歌,01man350_028.wav,manaka,,0,,,,,「………………」
85200 ,,,,,3601,,つむぎ,つむぎ,05tum350_014.wav,tumugi,,0,,,,,「…………」
85300 ,,,,,3601,,明日香,明日香,09asu350_012.wav,asuka,,0,,,,,「………………」
85400 ,,,,,3601,,大和,大和,08yam350_017.wav,yamato,,0,,,,,「…………？」
85500 ,,,,,3601,,優哉,優哉,,,,,,,,,「お前なんてことすんだ。
　楽しいランチタイムが
　一瞬で凍りついちまったじゃないか」
85600 ,,,,,3601,,千紗,千紗,06tis350_014.wav,chisa,,0,,,,,「え～っ、なんで？
　愛歌お姉ちゃんと一緒になって作ったのに」
85700 ,,,,,3601,,,,,,,,,,,,　千紗は、きょとんとする。
85800 ,,,,,3601,,,,,,,,,,,,　自覚なき殺人者は、本当に手に負えない。
85900 ,,,,,3601,,優哉,優哉,,,,,,,,,「おい愛歌、一緒に作ったんなら
　どうして止めなかった」
86000 ,,,,,3601,,愛歌,愛歌,01man350_029.wav,manaka,,0,,,,,「だ、だって……。
　千紗ちゃん、すごく頑張ってたし……」
86100 ,,,,,3601,,愛歌,愛歌,01man350_030.wav,manaka,,0,,,,,「作ってるときは、
　私がつきっきりで見てたから大丈夫だよ！
　材料だって私と同じのを使ってるし！」
86200 ,,,,,3601,,優哉,優哉,,,,,,,,,「無毒の材料を使って
　致死毒物を生成できるのが千紗の特殊能力だ。
　甘く見ると死ぬぞ。マジで」
86300 ,,,,,3601,,愛歌,愛歌,01man350_031.wav,manaka,,0,,,,,「あぅ…………」
86400 ,,,,,3601,,,,,,,,,,,,　まあ……タッパーの中には
　団子がいくつか残ってるし、その中に千紗が作った
　当たりが残されてるとも限らない。
86500 ,,,,,3601,,千紗,千紗,06tis350_015.wav,chisa,,0,,,,,「ねぇねぇ、食べよっ？」
86600 ,,,,,3601,,優哉,優哉,,,,,,,,,「あ、ああ……。そうだな…………」
86700 ,,,,,3601,,,,,,,,,,,,　しかし……何の因果で、楽しい弁当タイムのシメが
　ロシアンルーレットじみた暗いイベントに
　ならねばならんのだ……。
86800 ,,,,,3601,,つむぎ,つむぎ,05tum350_015.wav,tumugi,,0,,,,,「えっと、いただきます」
86900 ,,,,,3601,,,,,,,,,,,,　まずはつむぎが、臆することなくかぶりついた。
87000 ,,,,,3601,,つむぎ,つむぎ,05tum350_016.wav,tumugi,,0,,,,,「あっ、甘くて美味しいです……。
　ごまの風味が広がって……」
87100 ,,,,,3601,,優哉,優哉,,,,,,,,,「良かったなつむぎ、それは当たりだ。
　……いや、はずれか？
　ともかく、命はつないだな」
87200 ,,,,,3601,,,,,,,,,,,,　早々にクリアしてしまったつむぎを見て、
　俺は安心したような、
　舌打ちをしたくなるような気持ちになる。
87300 ,,,,,3601,,愛歌,愛歌,01man350_032.wav,manaka,,0,,,,,「じゃ、私も……。あむっ」
87400 ,,,,,3601,,明日香,明日香,09asu350_013.wav,asuka,,0,,,,,「んっ、はむっ……美味しいです」
87500 ,,,,,3601,,,,,,,,,,,,　俺がためらっている間に、
　愛歌と明日香ちゃんが一気に通過していく。
87600 ,,,,,3601,,優哉,優哉,,,,,,,,,「ふたりとも、大丈夫か？」
87700 ,,,,,3601,,明日香,明日香,09asu350_014.wav,asuka,,0,,,,,「ええ、すごく美味しかったです」
87800 ,,,,,3601,,愛歌,愛歌,01man350_033.wav,manaka,,0,,,,,「う、うん……。
　私のは、自分が作ったやつだったよ……」
87900 ,,,,,3601,,,,,,,,,,,,　すると……残るは、俺と大和か。
88000 ,,,,,3601,,優哉,優哉,,,,,,,,,「なあ大和、俺たち同時に行かないか」
88100 ,,,,,3601,,大和,大和,08yam350_018.wav,yamato,,0,,,,,「おう、いいぜ。
　一気に食ってやろうじゃないか」
88200 ,,,,,3601,,,,,,,,,,,,　大和は何も恐れることなく、
　一気にごま団子をほおばった。
88300 ,,,,,3601,,,,,,,,,,,,　俺も意を決して、団子を一気に噛み締める。
88400 ,,,,,3601,,大和,大和,08yam350_019.wav,yamato,,0,,,,,「んっ、もぐっ……。
　うん、美味いな」
88500 ,,,,,3601,,優哉,優哉,,,,,,,,,「俺も……普通だ……。
　これは食い慣れた愛歌の味だ。間違いない」
88600 ,,,,,3601,,,,,,,,,,,,　俺たちは、何事もなく団子を食べ終えた。
　どうやら、俺たちも当たりではなかったようだ。
88700 ,,,,,3601,,,,,,,,,,,,　……とすると、千紗が作った当たりは
　あの残されたタッパーの中か！
88800 ,,,,,3601,,優哉,優哉,,,,,,,,,「強運だったな、俺ら。
　あの残ってるヤツを封印すれば、万事解決だ」
88900 ,,,,,3601,,,,,,,,,,,,　俺は、心から安堵のため息をつく。
89000 ,,,,,3601,,優哉,優哉,,,,,,,,,「死人が出なくて、良かった良かった……」
89100 ,,,0,,3601,,大和,大和,08yam350_020.wav,yamato,,0,,,,,「………………へけっ」
89200 ,,,12,,3601,,優哉,優哉,,,,,,,,,「……ん？」
89400 ,,"<shake id=""0"" target=""sc"" time=""2000,2000"" x=""10,100,0"" y=""3,200,0"">",,,3601,,大和,大和,08yam350_021.wav,yamato,,0,,,,,「ぶぅぅぅぅるぁぁぁぁぁぁぁぁ！！！！！」
89500 ,,,,,3601,,明日香,明日香,09asu350_015.wav,asuka,,0,,,,,「お兄様！？　お兄様！？」
89700 ,,"<shake id=""0"" target=""sc"" time=""2000,2000"" x=""12,100,0"" y=""5,200,0"">",,,3601,,大和,大和,08yam350_022.wav,yamato,,0,,,,,「ぶぅぅぅるぁ、るぁぁぁぁぁぁぁぁぁぁ！！！！！」
89800 ,,,,,3601,,優哉,優哉,,,,,,,,,「大和、落ち着け！　てか、お前が当たってたのか！
　すぐに気づかないなんてどういう味覚してんだよ！
　＜救護兵＝メディーック＞！　＜救護兵＝メディーック＞！」
90000 ,,,,9000,,,,,,,,,,,,,　こうして、前科二犯となった千紗は
　料理禁止の執行猶予は撤回され……。
90100 ,,<stop id=""0"">,,,,,,,,,,,,,,,　人心を惑わす混沌料理は
　再び封印されることになったのだった。
90190 ,,<!Lend_day_change>,0,9000,,,,,,,,,,,,,
90199 ,,<!ec_chisa_uni>,,,,,,,,,,,,,,,
90350 ,@char_select_8,,,,,,,,,,,,,,,,
90369 ,,<!before_charselect>,,,,,,,,,,,,,,,
90370 ,$char_select 8,,,,,,,,,,,,,,,,
90379 ,,<!after_char_select>,0,9000,,,,,,,,,,,,,
90380 ,$jump_begin,,,,,,,,,,,,,,,,
↓,"$jump_item 0,愛歌（３７１）,371",,,,,,,,,,,,,,,,
↓,"$jump_item 1,恋鳥（３７２）,372",,,,,,,,,,,,,,,,
↓,"$jump_item 2,つむぎ（３７３）【つむぎルート】,373",,,,,,,,,,,,,,,,
↓,$jump_end,,,,,,,,,,,,,,,,
90400 ,@371,,,,,,,,,,,,,,,,
90490 ,"$fadd %manaka,1",,,,,,,,,,,,,,,,
90600 ,,<!Lbegin_morning>,1,500,,,,,,,,,,,,,　ばたん、とドアの閉まる音がする。
　千紗と陽向がちょうど出て行ったところだ。
90700 ,,,,,,,,,,,,,,,,,　もちろん千紗には
　バッチリだ！　起きてる！
　と言ってある。
90800 ,,,,,,,優哉,優哉,,,,,,,,,「……さて、二度寝するか」
90900 ,,,,,,,,,,,,,,,,,　首もとまで布団を引き上げて、
　ぬくぬくと暖かさを味わっていると、
　すぐに意識がとろけていった。
91000 ,,,,,,"bg/b.pgx,0,0,60",,,,,,,,,,,……………………
91100 ,,,,,,"bg/b.pgx,0,0,180",,,,,,,,,,,………………
91200 ,,,,9000,,,,,,,,,,,,,…………
91290 ,,<!timepass_1_long>,0,,,,,,,,,,,,,,
91400 ,,,,9000,,,愛歌,？？？,01man371_001.wav,,,,,,,,「……ちゃん、優哉ちゃん、
　起きて、起きて……」
91600 ,,,1,,,,,,,,,,,,,,　……体をゆさゆさと揺すられる感覚。
　ううん、気持ち悪い……
91700 ,,,,,,,優哉,優哉,,,,,,,,,「いつも通り目覚めの……」
91800 ,,,,,,,,,,,,,,,,,　いや待てっ、もしかしてこれは、
　また秋香さんだったりしないだろうなっ！？
92000 ,,,,9001,,,,,,,,,,,,,　あわてて布団を跳ね上げ、
　がばっと起きあがる。
92100 ,,,,500,,,愛歌,愛歌,01man371_002.wav,"manaka,uniform",,2,,,,,「きゃっ！？」
92290 ,,,,,,,,,,,,,,,,,
92300 ,,<!ef_body_down_int_other>,,,201,,,,,,,,,,,,　その勢いに驚いて尻餅をついたのは……
　愛歌だった。
92400 ,,,,,201,,優哉,優哉,,,,,,,,,「……なんだ愛歌か」
92500 ,,,,,201,,,,,,,,,,,,　跳ね上げた布団をつかみ、
　再び敷き布団にごろりと横たわる。
92700 ,,,,,202,,愛歌,愛歌,01man371_003.wav,manaka,,7,,,,,「な、なんだじゃないよー、
　起きてよぉ、優哉ちゃん」
92800 ,,,,,202,,優哉,優哉,,manaka,,7,,,,,「愛歌が来たなら安心だ。
　俺はぜんぜん心配がないぞ」
92900 ,,,,,202,,愛歌,愛歌,01man371_004.wav,manaka,,40,,,,,「私は心配だらけだよぉ、遅刻しちゃうよー」
93000 ,,,,,202,,優哉,優哉,,manaka,,40,,,,,「いやいや大丈夫。
　愛歌が起こしに来た日はいつも間に合う」
93100 ,,,,,202,,愛歌,愛歌,01man371_005.wav,manaka,,2,,,,,「それは優哉ちゃんが最終的には
　起きるからでほんとに寝てたら
　間に合わないよー」
93200 ,,,,,202,,優哉,優哉,,manaka,,2,,,,,「大丈夫大丈夫。
　じゃあおやすみ……」
93300 ,,,,,202,,愛歌,愛歌,01man371_006.wav,manaka,,40,,,,,「優哉ちゃーん……」
93400 ,,,,9000,,,,,,,,,,,,,　愛歌の情けない声を尻目に俺は再び目をつむる。
93500 ,,,,,,,,,,,,,,,,,……………………
93600 ,,,,,,,,,,,,,,,,,………………
93700 ,,,,,,,,,,,,,,,,,…………
93800 ,,,,,,,愛歌,愛歌,01man371_007.wav,,,,,,,,「優哉ちゃん、ほんとにもう遅刻しちゃうよ、
　走らなきゃダメだよ、限界突破だよ」
93900 ,,,,,,,,,,,,,,,,,　愛歌の言葉に布団の中に抱え込んだ目覚ましを
　確認する。……お、確かにそろそろヤバいな。
94000 ,,,,,,,愛歌,愛歌,01man371_008.wav,,,,,,,,「ねえ、優哉ちゃ……」
94100 ,,,,,,,優哉,優哉,,,,,,,,,「よし、起きるぞっ」
94200 ,,,,,,,愛歌,愛歌,01man371_009.wav,,,,,,,,「えうっ！？」
94600 ,,<!ef_body_hit><!ef_shasei_l>,,500,,,,,,,,,,,,,　勢いよく跳ね起きた瞬間、目の前に星が散った。
　続いて襲いくる強烈な痛み。
94700 ,,,,,,,優哉＠愛歌,２人,01man371_010.wav＠ext371_e01.wav,manaka,,40,,,,,「いったぁ……」
94800 ,,,,,,,優哉,優哉,,manaka,,40,,,,,「な、なんでぶつかるような場所にいるんだ……」
94900 ,,,,,,,愛歌,愛歌,01man371_011.wav,manaka,,2,,,,,「ふええ……
　優哉ちゃんが急に起きたからだよぅ……」
95000 ,,,,,,,,,,manaka,,2,,,,,　額をさすりさすり抗議してくる愛歌。
　目尻に涙の粒がたまっている。
95100 ,,,,,,,優哉,優哉,,manaka,,2,,,,,「ええと、その、さすがにすまん……」
95200 ,,,,,,,,,,manaka,,2,,,,,　謝りつつ俺も額をさする。
　いかん、頭がぐらぐらする。
95300 ,,,,,,,愛歌,愛歌,01man371_012.wav,manaka,,7,,,,,「優哉ちゃん、遅刻……」
95400 ,,,,,,,優哉,優哉,,manaka,,7,,,,,「そ、そうだった。
　よし、着替えるから愛歌、部屋を出ろ」
95500 ,,,,,,,愛歌,愛歌,01man371_013.wav,manaka,,5,,,,,「う、うん……あれ……」
95600 ,,,,,,,,,,,,,,,,,　ふらふらっと座り込む愛歌。
　俺も立ち上がろうとしてふらふら座り込む。
95700 ,,,,,,,愛歌,愛歌,01man371_014.wav,manaka,,2,,,,,「くらくらして立てないよ……」
95800 ,,,,,,,優哉,優哉,,manaka,,2,,,,,「俺もだ……
　ちょ、ちょっと休もう」
95900 ,,,,,,,愛歌,愛歌,01man371_015.wav,manaka,,5,,,,,「遅刻しちゃうよ……」
96000 ,,,,,,,,,,manaka,,5,,,,,　俺の裾を引っ張る愛歌。
　……くそ、この困り顔に弱いな、俺。
96100 ,,,,,,,優哉,優哉,,manaka,,5,,,,,「わかった、じゃあ……がんばろう」
96200 ,,,,,,,,,,,,,,,,,　ベッドのはしにつかまりつつ、
　ふらふらと立ち上がる俺。
　うなずいてやっぱりふらふら立ち上がる愛歌。
96300 ,,,,,,,,,,,,,,,,,　……着替えるのも大変そうだな……
96500 ,,<!move_normal>,,100,,,,,,,,,,,,,　結局ふらふらする足で走って学校に行く
　はめになり、俺は自分の生活態度を
　少し反省した……
96590 ,,<!Lend_day_change>,0,9000,,,,,,,,,,,,,
96599 ,,<!ec_manaka_uni>,,,,,,,,,,,,,,,
96690 ,$go 380,,,,,,,,,,,,,,,,
96800 ,@372,,,,,,,,,,,,,,,,
96890 ,"$fadd %kotori,1",,,,,,,,,,,,,,,,
97000 ,,<!Lbegin_day_change>,2,4400,,,,,,,,,,,,,　今日も今日とて部室にたむろす温泉部一同。
97100 ,,,,,,,,,,,,,,,,,　しかもいつも以上に今日はすることがない。
　みんなそれぞれに部室の中でダレている。
97200 ,,,,,,,優哉,優哉,,,,,,,,,「……おい、部長。
　なんか活動内容はないのか……」
97300 ,,,,,,,悠,悠,|scenario.g2/02yuu372_001.wav,"yuu,uniform",,1,,,,p,「へっへー、実はとっておきの……
97390 ,,,,,,,悠,悠,|scenario.g2/02yuu372_001_2.wav,yuu,,12,,,,,　っていいたいとこだけど、
　……ないのよねえ」
97400 ,,,,,,,愛歌,愛歌,01man372_001.wav,yuu,,12,"manaka,uniform",,42,,「……＜完膚＝かんぷ＞無きまでに暇な集団だね……」
97500 ,,,,,,,つむぎ,つむぎ,05tum372_001.wav,"tumugi,uniform",,1,manaka,,42,,「こんな風にゆったりするのも、
　楽しいですけどね」
97600 ,,,,,,,恋鳥,恋鳥,04kot372_001.wav,tumugi,,1,"kotori,uniform",,5,,「……恋鳥は温泉に入りたいぞ……」
97700 ,,,,,,,,,,tumugi,,1,kotori,,5,,　恋鳥のつぶやきに一瞬で全員がうなずき合い、
　視線が悠に集まる。しかし悠は手元の
　部費用財布を覗いて嘆息した。
97790 ,,,,,,,,,,,,,,,,,
97800 ,,,,,,,悠,悠,02yuu372_002.wav,yuu,,5,,,,,「うーん、ダメだぁ……
　今日は３人分しか出せないよ。
　バイト代まだ出てないんだよねえ」
97900 ,,,,,,,,,,yuu,,5,,,,,　後ろ頭をポリポリとかく悠に、
　一同嘆息を隠せない。
98000 ,,,,,,,優哉,優哉,,yuu,,5,,,,,「……いや、３人は入れるんだな？」
98100 ,,,,,,,,,,yuu,,5,,,,,　俺の目がギラリと輝く。
　ふっふっふ、その限定条件が燃えるぜ。
98200 ,,,,,,,優哉,優哉,,yuu,,5,,,,,「……どうだ、
　入浴をかけてゲームでもしないか？」
98300 ,,,,,,,愛歌,愛歌,01man372_002.wav,,,,manaka,,0,,「ゲーム？　トランプとか？」
98400 ,,,,,,,,,,,,,manaka,,0,,　言いながらカバンからトランプを出す愛歌。
　……お前、用意いいな。
98500 ,,,,,,,悠,悠,02yuu372_003.wav,yuu,,0,manaka,,0,,「へえ、面白そうじゃない」
98600 ,,,,,,,恋鳥,恋鳥,04kot372_002.wav,yuu,,0,kotori,,52,,「恋鳥はやりたいぞ」
98700 ,,,,,,,つむぎ,つむぎ,05tum372_002.wav,tumugi,,3,kotori,,52,,「わ、私はルールがよくわからない
　のですけれど……」」
98800 ,,,,,,,優哉,優哉,,tumugi,,3,kotori,,52,,「あ、そうか。
　つむぎ、こういう遊び
　あんまりしたことないか」
98900 ,,,,,,,悠,悠,02yuu372_004.wav,tumugi,,3,yuu,,1,,「ババ抜きとか、わかりやすいルールので
　遊べばいいんじゃない？」
99000 ,,,,,,,優哉,優哉,,tumugi,,3,yuu,,1,,「そうだな。
　つむぎ、ババ抜きっていうのはね……」
99200 ,,<!timepass_1_short>,,4400,,,優哉,優哉,,,,,,,,,「……って感じなんだけど。
　どうかな、わかった？」
99300 ,,,,,,,つむぎ,つむぎ,05tum372_003.wav,tumugi,,3,,,,,「はい、わかった……と思います」
99400 ,,,,,,,優哉,優哉,,tumugi,,3,,,,,「よぉし……」
99500 ,,,,,,,,,,,,,,,,,　俺はトランプを持って全員の顔を順繰りに見る。
　ゆっくりとシャッフルしてる愛歌、楽しそうな悠、
　緊張してるつむぎ、そしていつも通りの恋鳥。
99600 ,,,,,,,愛歌,愛歌,01man372_003.wav,,,,manaka,,1,,「じゃあ配るよー」
99700 ,,,,,,,悠,悠,02yuu372_005.wav,yuu,,1,manaka,,1,,「よしこいっ、ここから勝負の始まりだよっ」
99800 ,,,,,,,恋鳥,恋鳥,04kot372_003.wav,kotori,,52,manaka,,1,,「……恋鳥はトランプ得意」
99900 ,,,,,,,愛歌,愛歌,01man372_004.wav,kotori,,52,manaka,,1,,「すごいポーカーフェイスだもんね……」
100000 ,,,,,,,,,,kotori,,52,manaka,,1,,　でもかすかに鼻の穴広がってるぞ、恋鳥。
100100 ,,,,,,,,,,,,,,,,,……………………
100200 ,,,,,,,,,,,,,,,,,………………
100300 ,,,,,,,,,,,,,,,,,…………
100400 ,,,,,,,,,,,,,,,,,　ということで各自の手にカードが行き渡り、
　ばさばさとペアのカードが捨てられていく。
100500 ,,,,,,,悠,悠,02yuu372_006.wav,,,,yuu,,90,,「……で、ババ抜きはともかく、
　温泉行くのは上位３人？」
100600 ,,,,,,,優哉,優哉,,,,,yuu,,90,,「それがわかりやすいだろ？
　下位二人は温泉の前で立って待つ、
　ってのはどうだ」
100700 ,,,,,,,恋鳥,恋鳥,04kot372_004.wav,kotori,,2,yuu,,90,,「一発勝負で決めるのか？」
100800 ,,,,,,,愛歌,愛歌,01man372_005.wav,kotori,,2,manaka,,3,,「それだとちょっとつむぎさんがつらくないかな」
100900 ,,,,,,,優哉,優哉,,kotori,,2,manaka,,3,,「そうだな……
　じゃあ十番勝負ってことで、どうだ？
　そんだけやればつむぎだってなれるだろ」
101000 ,,,,,,,つむぎ,つむぎ,05tum372_004.wav,tumugi,,3,manaka,,3,,「そうですね……難しくはないですし」
101100 ,,,,,,,優哉,優哉,,tumugi,,3,manaka,,3,,「それじゃ、それでいこう。
　……へへ、負けないぜ」
101200 ,,,,,,,愛歌,愛歌,01man372_006.wav,tumugi,,3,manaka,,0,,「私だって、むざむざ負けたりはしないんだよー」
101300 ,,,,,,,悠,悠,02yuu372_007.wav,yuu,,5,manaka,,0,,「私は勝つのが好きなんだよ、負けるのは嫌い！」
101400 ,,,,,,,恋鳥,恋鳥,04kot372_005.wav,yuu,,5,kotori,,52,,「恋鳥は負けないからな……特にお前には！」
101500 ,,,,,,,つむぎ,つむぎ,05tum372_005.wav,tumugi,,1,kotori,,52,,「ええと……よろしくお願いします」
101600 ,,,,,,,,,,,,,,,,,　全員の視線が絡み合い、背景に雷が落ちる！
　俺たちの熱い戦いが今始まった！
101800 ,,<!timepass_1_long>,,4400,,,優哉,優哉,,,,,,,,,「くそ、トップは悠かよ」
101900 ,,,,,,,悠,悠,02yuu372_008.wav,yuu,,17,,,,,「へっへん、余裕ー」
102000 ,,,,,,,愛歌,愛歌,01man372_007.wav,manaka,,1,,,,,「ふぅ、なんとか二番だよー」
102100 ,,,,,,,つむぎ,つむぎ,05tum372_006.wav,tumugi,,2,,,,,「あ、あの……」
102200 ,,,,,,,恋鳥,恋鳥,04kot372_006.wav,kotori,,5,,,,,「……なんで恋鳥が四番なんだ」
102300 ,,,,,,,優哉,優哉,,,,,,,,,「俺ドベだぞ……
　くそ、次だ次！　やるぞ！」
102400 ,,,,,,,,,,,,,,,,,……………………
102500 ,,,,,,,,,,,,,,,,,………………
102600 ,,,,,,,,,,,,,,,,,…………
102700 ,,,,,,,優哉,優哉,,,,,,,,,「ま、また負けたァーッ！？」
102800 ,,,,,,,悠,悠,02yuu372_009.wav,yuu,,17,,,,,「余裕余裕っ、かかってきなさい」
102900 ,,,,,,,愛歌,愛歌,01man372_008.wav,manaka,,1,,,,,「ふふふ、勝っちゃったよ」
103000 ,,,,,,,つむぎ,つむぎ,05tum372_007.wav,tumugi,,1,,,,,「よかった、あがれました……」
103100 ,,,,,,,恋鳥,恋鳥,04kot372_007.wav,kotori,,7,,,,,「…………次だ」
103200 ,,,,,,,,,,,,,,,,,……………………
103300 ,,,,,,,,,,,,,,,,,………………
103400 ,,,,,,,,,,,,,,,,,…………
103500 ,,,,,,,悠,悠,02yuu372_010.wav,yuu,,17,,,,,「ふふーん、最初の大言壮語が思い出されるねえ、
　優哉ぁ？」
103600 ,,,,,,,優哉,優哉,,yuu,,17,,,,,「くっ、くそぉぉ……」
103700 ,,,,,,,愛歌,愛歌,01man372_009.wav,manaka,,3,,,,,「……優哉ちゃん、顔に出やすくなってるよ」
103800 ,,,,,,,つむぎ,つむぎ,05tum372_008.wav,tumugi,,90,,,,,「だんだんコツがわかってきました」
103900 ,,,,,,,恋鳥,恋鳥,04kot372_008.wav,kotori,,7,,,,,「…………次っ」
104000 ,,,,,,,,,,,,,,,,,……………………
104100 ,,,,,,,,,,,,,,,,,………………
104200 ,,,,,,,,,,,,,,,,,…………
104400 ,,<!timepass_2_short>,,4401,,,,,,,,,,,,,　八戦目に至ってすでに勝敗は決していた。
　俺と恋鳥のボロ負けだ。
104500 ,,,,,,,悠,悠,02yuu372_011.wav,yuu,,17,,,,,「ふふーん、これはもう決まったかなー？」
104600 ,,,,,,,,,,yuu,,17,,,,,　毎回ほぼトップを譲らない悠。
104700 ,,,,,,,愛歌,愛歌,01man372_010.wav,manaka,,3,,,,,「そ、そうかも……
　優哉ちゃん、今日調子悪い？」
104800 ,,,,,,,,,,manaka,,3,,,,,　着実に二番、三番手につく愛歌。
104900 ,,,,,,,優哉,優哉,,manaka,,3,,,,,「く、くそー、何が悪いんだ……」
105000 ,,,,,,,つむぎ,つむぎ,05tum372_009.wav,tumugi,,1,,,,,「だんだん楽しくなってきました」
105100 ,,,,,,,,,,tumugi,,1,,,,,　初心者ゆえの幸運か、元々勝負強さがあるのか、
　ともかく負けだけはしないつむぎ。
105200 ,,,,,,,恋鳥,恋鳥,04kot372_009.wav,kotori,,0,,,,,「…………」
105300 ,,,,,,,,,,kotori,,0,,,,,　じっとりした目で俺をにらむ恋鳥、
　目下俺と最下位争い中。
105400 ,,,,,,,,,,kotori,,0,,,,,　どうも愛歌やつむぎは最近のつきあいで
　恋鳥の些細な表情が読めるようになってるみたいで、
　かなりさくさくと負けている。
105500 ,,,,,,,恋鳥,恋鳥,04kot372_010.wav,kotori,,7,,,,,「……何見てるんだお前」
105600 ,,,,,,,,,,kotori,,7,,,,,　明らかに不機嫌だ。
　恋鳥は無表情だけどぜんぜん
　ポーカーフェイスじゃない。
105700 ,,,,,,,優哉,優哉,,kotori,,7,,,,,「ふん、こうなったら温泉行きは問題じゃない。
　俺はお前にだけは負けないからな」
105800 ,,,,,,,恋鳥,恋鳥,04kot372_011.wav,kotori,,0,,,,,「それはこっちの台詞だ。
　お前には負けないぞ」
105900 ,,,,,,,,,,kotori,,0,,,,,　俺と恋鳥の間に想像の火花が散る！
　すでに本来の勝負は置いてきた状態だ。
106000 ,,,,,,,愛歌,愛歌,01man372_011.wav,manaka,,0,,,,,「じゃあ配るよー」
106100 ,,,,,,,,,,manaka,,0,,,,,　しゃっ、しゃっと配られるトランプ。
　俺はそれも見ずに恋鳥とにらみ合っていた。
106200 ,,,,,,,,,,,,,,,,,……………………
106300 ,,,,,,,,,,,,,,,,,………………
106400 ,,,,,,,,,,,,,,,,,…………
106600 ,,<!timepass_2_short>,,4402,,,恋鳥,恋鳥,04kot372_012.wav,kotori,,5,,,,,「………………」
106700 ,,,,,,,優哉,優哉,,kotori,,5,,,,,「………………」
106800 ,,,,,,,悠,悠,02yuu372_012.wav,yuu,,1,,,,,「いやぁー、なんか悪いねえ、
　ストレート勝ちでねえ！」
106900 ,,,,,,,愛歌,愛歌,01man372_012.wav,yuu,,1,manaka,,1,,「あはは、なんだか今日は幸運の分配が
　片寄ってた気がするよ」
107000 ,,,,,,,つむぎ,つむぎ,05tum372_010.wav,tumugi,,3,manaka,,1,,「あの……優哉さん、恋鳥さん……？」
107100 ,,,,,,,優哉,優哉,,tumugi,,3,manaka,,1,,「………………恋鳥、お前最下位だぞ」
107190 ,,,,,,,,,,,,,,,,,
107200 ,,,,,,,恋鳥,恋鳥,04kot372_013.wav,kotori,,7,,,,,「………………何言ってる、お前が最下位だ」
107300 ,,,,,,,優哉,優哉,,kotori,,7,,,,,「何ぃ！？　お前最下位五回取って……」
107400 ,,,,,,,恋鳥,恋鳥,04kot372_014.wav,kotori,,7,,,,,「お前も五回最下位取ってる。
　……一回つむぎが四位になって、
　そのとき恋鳥は三位だった」
107500 ,,,,,,,,,,kotori,,7,,,,,　くっ！？　そういえばそんなこともあったか。
107600 ,,,,,,,優哉,優哉,,kotori,,7,,,,,「……どっちにしても俺たちは……」
107700 ,,,,,,,恋鳥,恋鳥,04kot372_015.wav,kotori,,5,,,,,「……温泉いけない……」
107800 ,,,,,,,,,,kotori,,5,,,,,　にらみ合うのも今はむなしい。
107900 ,,,,,,,悠,悠,02yuu372_013.wav,yuu,,12,,,,,「あー、そのことなんだけどね。
　……時計見て？」
108000 ,,,,,,,優哉,優哉,,yuu,,12,,,,,「……ってうわ、もうこんな時間かよ。
　閉門時間もうすぐじゃないか！」
108100 ,,,,,,,愛歌,愛歌,01man372_013.wav,yuu,,12,manaka,,42,,「どっちにしても今日はもう
　温泉はいけないね」
108200 ,,,,,,,つむぎ,つむぎ,05tum372_011.wav,tumugi,,1,manaka,,42,,「そうですね、もう帰らないと……」
108300 ,,,,,,,,,,tumugi,,1,manaka,,42,,　時間のおかげで温泉前で待ちぼうけの
　屈辱からは救われたが、
　敗北の屈辱は色濃く残ることになった。
108400 ,,,,,,,悠,悠,02yuu372_014.wav,yuu,,0,manaka,,42,,「さ、片づけしよう」
108500 ,,,,,,,,,,,,,,,,,　悠はそう言って、率先して寄せた机とイスを
　がたがたと動かし始める。
108600 ,,,,,,,,,,,,,,,,,　俺と恋鳥ものたのたと片づけにくわわったが、
　そのショックは明らかに顔に浮かび上がっていた。
108700 ,,,,,,,恋鳥,恋鳥,04kot372_016.wav,kotori,,90,,,,,「……今度やったら、
　主にお前をギタギタにして
　トップになってやる」
108800 ,,,,,,,,,,kotori,,90,,,,,　イスを運びながらつぶやく恋鳥。
108900 ,,,,,,,優哉,優哉,,kotori,,90,,,,,「俺の方こそ、お前をギタギタにして
　トップになってやる」
109000 ,,,,,,,恋鳥,恋鳥,04kot372_017.wav,kotori,,7,,,,,「……悠！　明日もババ抜きするぞ！」
109100 ,,,,,,,優哉,優哉,,kotori,,7,,,,,「そうだ！　明日こそ俺が勝つ！」
109200 ,,,,,,,恋鳥,恋鳥,04kot372_018.wav,kotori,,7,,,,,「いや、恋鳥が勝つ」
109300 ,,,,,,,優哉,優哉,,kotori,,7,,,,,「……俺と恋鳥が勝って頂上決戦でどうだ」
109400 ,,,,,,,恋鳥,恋鳥,04kot372_019.wav,kotori,,52,,,,,「……まあそれでも許してやらないこともない」
109500 ,,,,,,,,,,,,,,,,,　勢いよくやり合い続ける俺たちに、
　悠と愛歌と恋鳥はそろって肩をすくめた。
109600 ,,,,,,,悠＠愛歌＠つむぎ,三人,02yuu372_015.wav＠01man372_014.wav＠05tum372_012.wav＠ext372_e01.wav,,,,,,,,「もー二人でやっててよぉ！」
109690 ,,<!Lend_day_change>,0,9000,,,,,,,,,,,,,
109699 ,,<!ec_kotori_uni>,,,,,,,,,,,,,,,
109790 ,$go 380,,,,,,,,,,,,,,,,
109900 ,@373,,,,,,,,,,,,,,,,
110090 ,"$fadd %tsumugi,1",,,,,,,,,,,,,,,,
110200 ,,<!Lbegin_day_change>,4,12200,,,優哉,優哉,,,,,,,,,「なあ、ケーキ屋寄ってかないか？」
110300 ,,,,,,,つむぎ,つむぎ,05tum373_001.wav,"tumugi,uniform",,2,,,,,「え？　けえきですか？」
110400 ,,,,,,,,,,tumugi,,2,,,,,　つむぎと二人の帰り道、
　俺は思いつきで寄り道を提案する。
110500 ,,,,,,,つむぎ,つむぎ,05tum373_002.wav,tumugi,,3,,,,,「……あ、あの……？」
110600 ,,,,,,,,,,tumugi,,3,,,,,　何だか良く分かっていない顔をしているつむぎ。
110700 ,,,,,,,,,,tumugi,,3,,,,,　ああ、やっぱりケーキ屋のこと知らないか。
110800 ,,,,,,,優哉,優哉,,tumugi,,3,,,,,「ああ。『ル・ファニーユ』っていってさ、
結構感じのいい店だぜ？」
110900 ,,,,,,,つむぎ,つむぎ,05tum373_003.wav,tumugi,,0,,,,,「え、ええと……あの……」
111000 ,,,,,,,優哉,優哉,,tumugi,,0,,,,,「店内でイートインできるからさ、
ちょっと茶でも飲んでいかないか？」
111100 ,,,,,,,つむぎ,つむぎ,05tum373_004.wav,tumugi,,5,,,,,「あ、あの……その……優哉さん」
111200 ,,,,,,,優哉,優哉,,tumugi,,5,,,,,「ん？」
111300 ,,,,,,,つむぎ,つむぎ,05tum373_005.wav,tumugi,,4,,,,,「も、申し訳ありませんっ！　そ、その……
わ、私……けえきを食べたことがないのですっ」
111400 ,,,,,,,優哉,優哉,,tumugi,,4,,,,,「えええっ！？　マ、マジで？？？」
111500 ,,,,,,,,,,tumugi,,4,,,,,　つむぎくらいの年の女の子がケーキを
　食べたことがないなんて、普通ありえんだろ！？
111600 ,,,,,,,,,,tumugi,,4,,,,,　うちの千紗なんて、身体の半分はケーキで出来てるんじゃないかってくらい、ケーキ好きだぞ？
111700 ,,,,,,,つむぎ,つむぎ,05tum373_006.wav,tumugi,,6,,,,,「で、ですから、わ、私……ご一緒できませんっ」
111800 ,,,,,,,優哉,優哉,,tumugi,,6,,,,,「えええっ、で、なんでそうなるっ？？」
111900 ,,,,,,,つむぎ,つむぎ,05tum373_007.wav,tumugi,,5,,,,,「だ、だって……私なんかがご一緒したら、
優哉さんに恥をかかせてしまいます……」
112000 ,,,,,,,,,,tumugi,,5,,,,,　ビクビクと怯えながら目を潤ませてくる。
112100 ,,,,,,,優哉,優哉,,tumugi,,5,,,,,「いや、そんな礼儀作法が必要なわけじゃないし」
112200 ,,,,,,,つむぎ,つむぎ,05tum373_008.wav,tumugi,,4,,,,,「で、ですが……なにをどう注文したら良いのかも
わかりませんし……」
112300 ,,,,,,,優哉,優哉,,tumugi,,4,,,,,「……おまえって、未知のモノに対する
警戒心が強すぎだろ」
112400 ,,,,,,,つむぎ,つむぎ,05tum373_009.wav,tumugi,,5,,,,,「は、はい……すいません……」
112500 ,,,,,,,優哉,優哉,,tumugi,,5,,,,,「おまえって、好奇心＜警戒心で、
色々なチャンス逃してないか？」
112600 ,,,,,,,つむぎ,つむぎ,05tum373_010.wav,tumugi,,0,,,,,「う……そ、そうだと思います……」
112700 ,,,,,,,,,,tumugi,,0,,,,,　さも申し訳なさそうに、つむぎは
　しゅんとなってしまう。
112800 ,,,,,,,優哉,優哉,,tumugi,,0,,,,,「あ、いや、別に責めてるわけじゃないぞ。
性格は人それぞれだし」
112900 ,,,,,,,つむぎ,つむぎ,05tum373_011.wav,tumugi,,5,,,,,「いえ、私がふがいないんです……」
113000 ,,,,,,,優哉,優哉,,tumugi,,5,,,,,「まあ、何でも初めての時は怖いのはわかるけどさ。
今日は俺がついてるから大丈夫だよ」
113100 ,,,,,,,つむぎ,つむぎ,05tum373_012.wav,tumugi,,2,,,,,「優哉さん……」
113200 ,,,,,,,優哉,優哉,,tumugi,,2,,,,,「うー……説教くさいコト言ってすまん」
113300 ,,,,,,,つむぎ,つむぎ,05tum373_013.wav,tumugi,,90,,,,,「いいえ。私こそ、後ろ向きなことばかりで
申し訳ないです」
113400 ,,,,,,,,,,tumugi,,90,,,,,　道の真ん中で、謝り会う俺たち。
　何やってんだか……。
113500 ,,,,,,,優哉,優哉,,tumugi,,90,,,,,「ただ単純にさ、あそこのケーキが上手かったから、
つむぎにも食べさせてやりたかっただけなんだよ」
113600 ,,,,,,,優哉,優哉,,tumugi,,90,,,,,「ええと、甘いモノ、きらいか？」
113700 ,,,,,,,つむぎ,つむぎ,05tum373_014.wav,tumugi,,3,,,,,「いえ……その、きらいではありません」
113800 ,,,,,,,優哉,優哉,,tumugi,,3,,,,,「うん、じゃあ大して問題ねーよ」
113900 ,,,,,,,つむぎ,つむぎ,05tum373_015.wav,tumugi,,1,,,,,「は……い……」
114000 ,,,,,,,優哉,優哉,,tumugi,,1,,,,,「それにさ、そのケーキ屋って、
悠がバイトしてるんだぜ？」
114100 ,,,,,,,優哉,優哉,,tumugi,,1,,,,,「あいつがバイトしてるくらいなんだから、
恥かくこととか、難しいコトなんて何もないって」
114200 ,,,,,,,つむぎ,つむぎ,05tum373_016.wav,tumugi,,2,,,,,「ゆ、悠さんが……」
114300 ,,,,,,,優哉,優哉,,tumugi,,2,,,,,「ん……まあ、ちょっと俺も強引に誘いすぎてるかな」
114400 ,,,,,,,優哉,優哉,,tumugi,,2,,,,,「どうしても行きたくないなら
無理強いはしないけど……」
114500 ,,,,,,,つむぎ,つむぎ,05tum373_017.wav,tumugi,,5,,,,,「い、いいえ……では……あ、あの……」
114600 ,,,,,,,,,,tumugi,,5,,,,,　つむぎが、胸の前できゅっと自分の手を握りしめた。
114700 ,,,,,,,つむぎ,つむぎ,05tum373_018.wav,tumugi,,1,,,,,「お願い……します。ご一緒させてください」
114800 ,,,,,,,,,,tumugi,,1,,,,,　こわごわとではあるが、つむぎが、前向きに微笑んだ。
114900 ,,,,,,,優哉,優哉,,tumugi,,1,,,,,「ん。じゃあ、行こうぜ」
115000 ,,,,,,,つむぎ,つむぎ,05tum373_019.wav,tumugi,,90,,,,,「はい……」
115100 ,,,,,,,,,,,,,,,,,　俺が歩き出すと、その後ろをつむぎが着いてくる。
115200 ,,,,,,,,,,,,,,,,,　……なんか、これって客観的に見て……
　デート、みたいだな。
115500 ,,<!move_normal>,9,12400,,,,,,,,,,,,,　店内に入るなり、甘い匂いが鼻先をくすぐってくる。
115600 ,,,,,,,店員,店員,34ten373_001.wav,,,,,,,,「いらっしゃいませー」
115700 ,,,,,,,,,,,,,,,,,　おお、相変わらず女うけしそうな内装。
115800 ,,,,,,,優哉,優哉,,,,,,,,,「な？　つむぎ、いい感じだろ？」
115900 ,,,,,,,優哉,優哉,,,,,,,,,「…………」
116000 ,,,,,,,,,,,,,,,,,　しーーーーん
116100 ,,,,,,,優哉,優哉,,,,,,,,,「？？？」
116200 ,,,,,,,,,,,,,,,,,　横を見ても、つむぎの姿は見えない。
116300 ,,,,,,,優哉,優哉,,,,,,,,,「……ん？」
116400 ,,,,,,,,,,,,,,,,,　後ろを見ても……
116500 ,,,,,,,優哉,優哉,,,,,,,,,「つ、つむぎぃ！？？」
116600 ,,,,,,,,,,,,,,,,,　つむぎがいない！
116700 ,,,,,,,,,,,,,,,,,　慌てて周りを見回す。
　あれ？　ついさっきまで後ろを歩いてたはずなのに。
116800 ,,,,,,,優哉,優哉,,,,,,,,,「つむぎ！？　つむ……えぇぇッ！？？」
117000 ,,,,,101,,,,,,,,,,,,　自動ドアの向こうに、立ち往生してるつむぎの姿。
117100 ,,,,,101,,優哉,優哉,,,,,,,,,「お、おい……何やって……」
117200 ,,,,,101,,つむぎ,つむぎ,05tum373_020.wav,tumugi,,0,,,,,「～～～」
117300 ,,,,,101,,優哉,優哉,,,,,,,,,「……？」
117400 ,,,,,101,,,,,,,,,,,,　祈るような目で、こっちを見ている。
117500 ,,,,,101,,優哉,優哉,,,,,,,,,「つむぎ、はやく入って来……」
117700 ,,,,,102,,つむぎ,つむぎ,05tum373_021.wav,tumugi,,0,,,,,「…………」
117800 ,,,,,102,,,,,,,,,,,,　あっちにうろうろ
118000 ,,,,,103,,つむぎ,つむぎ,05tum373_022.wav,tumugi,,0,,,,,「うぅ～～～っ」
118100 ,,,,,103,,,,,,,,,,,,　こっちにうろうろ
118200 ,,,,,103,,,,,,,,,,,,　無反応。
118300 ,,,,,103,,つむぎ,つむぎ,05tum373_023.wav,tumugi,,0,,,,,「…………う、うぅぅ」
118400 ,,,,,103,,,,,,,,,,,,　そして、また助けを求めるように俺の方を見る。
118500 ,,,,,103,,優哉,優哉,,,,,,,,,「……（ごくっ）」
118600 ,,,,,103,,,,,,,,,,,,　……この展開、もしや。
118700 ,,,,,103,,つむぎ,つむぎ,05tum373_024.wav,tumugi,,0,,,,,「……う、うぅぅ～」
118800 ,,,,,103,,,,,,,,,,,,　あいつ、自動ドアに引っかかってる！？？
118900 ,,,,,103,,つむぎ,つむぎ,05tum373_025.wav,tumugi,,0,,,,,「……ど、どうして開かないのでしょうか～……」
119000 ,,,,,103,,,,,,,,,,,,　おろおろしながら、立ち位置を
　ちいさく前後左右に移すつむぎ。
119100 ,,,,,103,,つむぎ,つむぎ,05tum373_026.wav,tumugi,,0,,,,,「お、お願いです～……反応してください～」
119200 ,,,,,103,,,,,,,,,,,,　まったく無反応。
119300 ,,,,,103,,,,,,,,,,,,　機械とは、無情なものだ。
119500 ,,,,,104,,つむぎ,つむぎ,05tum373_027.wav,tumugi,,0,,,,,「あぅぅ……ゆ、優哉さんの時はすぅーって
開いたのに……どうして……」
119600 ,,,,,104,,,,,,,,,,,,　半泣きになりながら、また左右に位置をずらす。
119800 ,,,,,102,,つむぎ,つむぎ,05tum373_028.wav,tumugi,,0,,,,,「あいて……」
120000 ,,,,,103,,つむぎ,つむぎ,05tum373_029.wav,tumugi,,0,,,,,「くださいぃ～……っ」
120100 ,,,,,103,,,,,,,,,,,,　まったくつむぎを感知しようとしないセンサー。
120300 ,,,,,104,,つむぎ,つむぎ,05tum373_030.wav,tumugi,,0,,,,,「うっ……うぅぅぅぅぅぅ～～～」
120400 ,,,,,104,,,,,,,,,,,,　どうにもならない機械仕掛けの扉を見上げ……
120600 ,,,,,105,,つむぎ,つむぎ,05tum373_031.wav,tumugi,,0,,,,,「う、うぅ……ぐ、ぐすっ……」
120700 ,,,,,105,,,,,,,,,,,,　つむぎがべそをかきだしてしまった。
120900 ,,,,,,,優哉,優哉,,,,,,,,,「……っと！」
121000 ,,,,,,,,,,,,,,,,,　いかんいかん。思わず不思議現象を見入ってしまった。
121100 ,,,,,,,優哉,優哉,,,,,,,,,「つむぎ、そこで待ってろ！」
121200 ,,,,,,,,,,,,,,,,,　つむぎを助けようと、自動ドアに一歩近づく。
121300 ,,,,,,,つむぎ,つむぎ,05tum373_032.wav,,,,,,,,「ゆ、優哉さ……え？」
121400 ,,,,,,,,,,,,,,,,,　スーーーーーッ
121500 ,,,,,,,,,,,,,,,,,　俺を感知して、いとも簡単に開いてしまうドア。
121600 ,,,,,,,優哉,優哉,,,,,,,,,「あ……」
121700 ,,,,,,,つむぎ,つむぎ,05tum373_033.wav,,,,,,,,「あ、あき……ました……」
121800 ,,,,,,,,,,,,,,,,,　早足で、こっちに入ってくるつむぎ。
122000 ,,,,,,,つむぎ,つむぎ,05tum373_034.wav,tumugi,,3,,,,,「ゆ、優哉さんっ、優哉さんっ……うっ、うぅっ……
あ、ありがとうございますっ」
122100 ,,,,,,,優哉,優哉,,tumugi,,3,,,,,「い、いや……俺、特に何にもしてないけど……
とにかく良かった！」
122200 ,,,,,,,つむぎ,つむぎ,05tum373_035.wav,tumugi,,40,,,,,「うっ……うぅ～……ご、ごめんなさい。
やっぱり優哉さんに迷惑をかけてしまいましたっ」
122300 ,,,,,,,優哉,優哉,,tumugi,,40,,,,,「ま、まあつむぎが悪いワケじゃないよ……たぶん」
122400 ,,,,,,,,,,tumugi,,40,,,,,　ボロボロ泣きはじめるつむぎを、肩を叩いてなだめる。
122500 ,,,,,,,つむぎ,つむぎ,05tum373_036.wav,tumugi,,40,,,,,「うっ……で、ですが……
いくら私が近づいても何も……」
122600 ,,,,,,,優哉,優哉,,tumugi,,40,,,,,「まあ、そういう日もあるさ……」
122800 ,,,,,,,悠,悠,02yuu373_001.wav,"yuu,waitress",,3,,,,,「って言うかさ、あんたらソレ何のコント？」
122900 ,,,,,,,,,,"yuu,waitress",,3,,,,,　気づけば、悠をはじめとした店員さんや他の
　お客さんまでが生暖かい目でこっちを見守っていた。
123000 ,,,,,,,優哉,優哉,,,,,,,,,「！」
123100 ,,,,,,,,,,,,,,,,,　かぁぁぁぁ～～……！！！
123200 ,,,,,,,,,,,,,,,,,　恥ずっ！
123300 ,,,,,,,つむぎ,つむぎ,05tum373_037.wav,tumugi,,1,,,,,「はっ！　ゆ、優哉さんっ、これがけえきですか？
すごくたくさんありますよ？　綺麗です……！」
123400 ,,,,,,,,,,tumugi,,1,,,,,　ショーケースの中身に気づき、つむぎは
　パッと泣きべその表情を変える。
123500 ,,,,,,,,,,tumugi,,1,,,,,　やっぱりつむぎでも、ケーキには反応するか。
123700 ,,<!move_short>,,9000,,,,,,,,,,,,,　……………………
123900 ,,,8,12201,,,優哉,優哉,,,,,,,,,「なかなかだっただろ？」
124000 ,,,,,,,つむぎ,つむぎ,05tum373_038.wav,tumugi,,90,,,,,「はい。とても美味しかったです」
124100 ,,,,,,,,,,tumugi,,90,,,,,　良かった良かった。
124200 ,,,,,,,,,,tumugi,,90,,,,,　色々あったが、俺たちは無事にケーキを食い終わり、
　帰路についた。
124300 ,,,,,,,,,,tumugi,,90,,,,,　俺の手には家への土産のプリン。
124400 ,,,,,,,,,,tumugi,,90,,,,,　つむぎの手には、すみさきへの土産のシュークリーム。
124500 ,,,,,,,優哉,優哉,,tumugi,,90,,,,,「つむぎが気に入って良かったよ」
124600 ,,,,,,,つむぎ,つむぎ,05tum373_039.wav,tumugi,,1,,,,,「はい。あの栗のけえき、美味しかった……」
124700 ,,,,,,,,,,tumugi,,1,,,,,　つむぎは悩んだ末に注文した
　モンブランが、けっこう気に入ったようだ。
124800 ,,,,,,,,,,tumugi,,1,,,,,　一口目を食べて、目を輝かせた時のつむぎ、
　可愛かったな……。
124900 ,,,,,,,つむぎ,つむぎ,05tum373_040.wav,tumugi,,90,,,,,「……優哉さん、誘ってくれてありがとうございます」
125000 ,,,,,,,優哉,優哉,,tumugi,,90,,,,,「ん……」
125100 ,,,,,,,,,,tumugi,,90,,,,,　なんか照れるな。
125200 ,,,,,,,つむぎ,つむぎ,05tum373_041.wav,tumugi,,1,,,,,「洋菓子って和菓子とは違うんですね……風味とか、
舌触りとか……あの……興味が出てきてしまいました」
125300 ,,,,,,,つむぎ,つむぎ,05tum373_042.wav,tumugi,,12,,,,,「私、ちょこれーとくらいしか食べたことがなかったんです。だから、ええと……」
125400 ,,,,,,,,,,tumugi,,12,,,,,　つむぎは、頬を染めながら初体験の感動を
　言葉で表そうとしている。
125500 ,,,,,,,,,,tumugi,,12,,,,,　ケーキのおかげで、今日のつむぎはちょっと饒舌だ。
125600 ,,,,,,,つむぎ,つむぎ,05tum373_043.wav,tumugi,,0,,,,,「ええと……あの……優哉さん」
125700 ,,,,,,,優哉,優哉,,tumugi,,0,,,,,「また行こうな」
125800 ,,,,,,,つむぎ,つむぎ,05tum373_044.wav,tumugi,,2,,,,,「え……あ……」
125900 ,,,,,,,つむぎ,つむぎ,05tum373_045.wav,tumugi,,1,,,,,「は……はい……」
126000 ,,,,,,,,,,tumugi,,1,,,,,　はにかみながら、つむぎは小さくうなずいた。
126090 ,,<!Lend_day_change>,0,9000,,,,,,,,,,,,,
126099 ,,<!ec_tsumugi_uni>,,,,,,,,,,,,,,,
126190 ,$go 380,,,,,,,,,,,,,,,,
126300 ,@380,,,,,,,,,,,,,,,,
126600 ,,<!Lbegin_day_change>,2,4500,,,大和,大和,08yam380_001.wav,"yamato,uniform",,0,,,,,「なあ優哉、今度の祭り、知ってるか？」
126700 ,,,,,,,優哉,優哉,,"yamato,uniform",,0,,,,,「……祭り？」
126800 ,,,,,,,大和,大和,08yam380_002.wav,yamato,,1,,,,,「ほら、毎年恒例の『星の＜河原＝かわら＞祭り』だよ。
　理由はわからんが、今年は大々的にやるらしいぞ」
126900 ,,,,,,,優哉,優哉,,yamato,,1,,,,,「へぇ～。そうなんだ」
127000 ,,,,,,,大和,大和,08yam380_003.wav,yamato,,5,,,,,「なんだか反応薄いな、おい」
127100 ,,,,,,,優哉,優哉,,yamato,,5,,,,,「ま、特に興味もないからな。
　祭りに対し感想を抱くとしたら、親父の旅館が
　忙しくなって儲かってくれりゃいいな～、ぐらいだ」
127200 ,,,,,,,大和,大和,08yam380_004.wav,yamato,,5,,,,,「相変わらず現実的だな、お前は」
127300 ,,,,,,,優哉,優哉,,yamato,,5,,,,,「まあ、この年になると
　祭りってぐらいじゃそんなにワクワクしないぜ」
127400 ,,,,,,,大和,大和,08yam380_005.wav,yamato,,0,,,,,「まあ、それは言えるかもな」
127500 ,,,,,,,愛歌,愛歌,01man380_001.wav,yamato,,0,"manaka,uniform",,1,,「でもさ、夜店とか出るんだよ？
　楽しみだよ～」
127600 ,,,,,,,優哉,優哉,,yamato,,0,manaka,,1,,「誰も一緒に行くとは言ってねぇぞ」
127700 ,,,,,,,愛歌,愛歌,01man380_002.wav,yamato,,0,manaka,,5,,「あぅ」
127800 ,,,,,,,大和,大和,08yam380_006.wav,yamato,,5,manaka,,5,,「ひどいな優哉。秋里と行ってやれよ」
127900 ,,,,,,,優哉,優哉,,yamato,,5,manaka,,5,,「去年も行ったし、おととしも行った……。
　その前も、またその前も行った気がするぞ。
　中身についてはあんま覚えてないが」
128000 ,,,,,,,大和,大和,08yam380_007.wav,yamato,,2,manaka,,5,,「すごいな、皆勤か？
　さすがは生まれて２ヶ月以来の幼なじみだな」
128100 ,,,,,,,愛歌,愛歌,01man380_003.wav,yamato,,2,manaka,,1,,「だったら、今年も一緒に行こうよ。
　きっと楽しいよ？」
128300 ,,,,,,,優哉,優哉,,yamato,,0,manaka,,1,,「ああ……愛歌が何回やっても金魚をすくえなくて、
　それでテキ屋の親父に同情されて
　一匹もらう光景が目に浮かぶな」
128400 ,,,,,,,愛歌,愛歌,01man380_004.wav,yamato,,0,manaka,,15,,「あぅぅ、ひどいよぉ……。
　……多分、またそうなりそうだけど」
128700 ,,,,,,,優哉,優哉,,yamato,,0,manaka,,15,,「……ま、考えとくよ」
128900 ,,,,,,,大和,大和,08yam380_008.wav,yamato,,1,manaka,,0,,「なんにしても、今年の祭りは
　規模も結構大きくなりそうだからな。
　行って損はないと思うぜ」
129000 ,,,,,,,優哉,優哉,,yamato,,1,manaka,,0,,「なんか特別なことでもやるのか？」
129100 ,,,,,,,大和,大和,08yam380_009.wav,yamato,,0,manaka,,0,,「具体的な話は知らないが、ちょっと聞いたところでは
　いろんな媒体を使って大々的に宣伝をするらしい」
129200 ,,,,,,,優哉,優哉,,yamato,,0,manaka,,0,,「まあ、あんま人気のない温泉街だしな。
　ここらで一発ドカーンとアピールしないと
　ヤバいんだろう」
129300 ,,,,,,,愛歌,愛歌,01man380_005.wav,yamato,,0,manaka,,0,,「いっぱい人が来て、それでにぎわったらいいね」
129400 ,,,,,,,大和,大和,08yam380_010.wav,yamato,,0,manaka,,0,,「そういや、つむぎは祭りの期間も働いてるのかい？」
129500 ,,,,,,,つむぎ,つむぎ,05tum380_001.wav,yamato,,0,"tumugi,uniform",,1,,「はい、そうですよ。
　きっと旅館のお仕事が忙しくなります」
129600 ,,,,,,,優哉,優哉,,yamato,,0,tumugi,,1,,「嬉しそうだな、つむぎ」
129700 ,,,,,,,つむぎ,つむぎ,05tum380_002.wav,yamato,,0,tumugi,,90,,「だって、お仕事がもっと充実しますから……。
　お客様にいっぱいお世話ができて、幸せです」
129800 ,,,,,,,優哉,優哉,,yamato,,0,tumugi,,90,,「まあ祭りのおかげで人手が足りなくて、
　俺まで親父に召喚される可能性があるんだがな」
129900 ,,,,,,,大和,大和,08yam380_011.wav,yamato,,0,tumugi,,90,,「いいじゃないか。親孝行だろ、優哉」
130000 ,,,,,,,優哉,優哉,,yamato,,0,tumugi,,90,,「雀の涙程度の安い時給で働かされるのは、
　ごめんだぜ」
130100 ,,,,,,,大和,大和,08yam380_012.wav,yamato,,1,tumugi,,90,,「ま、頑張って賃上げ要求するこった」
130200 ,,,,,,,,,,yamato,,1,tumugi,,90,,　大和は俺の肩を、ぽんぽんと軽く叩く。
130300 ,,,,,,,愛歌,愛歌,01man380_006.wav,yamato,,1,manaka,,1,,「楽しみだね……。お祭り。
　今年はきっといいお祭りになるよ」
130400 ,,,,,,,大和,大和,08yam380_013.wav,yamato,,0,manaka,,1,,「そうだな」
130500 ,,,,,,,優哉,優哉,,yamato,,0,manaka,,1,,「ああ」
130600 ,,,,13400,,,,,,,,,,,,,　口に出た言葉とは逆に、そうだろうか？　という
　漠然とした不安をなぜか感じながら、
　俺は窓の外を見た。
130700 ,,,,,,,,,,,,,,,,,　切り立った山が、ところどころ紅く秋化粧をして
　そびえ立っている。
130800 ,,,,,,,,,,,,,,,,,　青く澄んだ秋空が、それよりもっと高い位置に
　広がっていた。
130890 ,,<!Lend_day_change>,0,9000,,,,,,,,,,,,,
130899 ,,<!ec_tsumugi_uni>,,,,,,,,,,,,,,,
131100 ,@390,,,,,,,,,,,,,,,,
131390 ,$heroine_begin,,,,,,,,,,,,,,,,
131400 ,,<!Lbegin_day_change>,4,12301,,,,,,,,,,,,,　その日……私は
　いつもどおり旅館へと向かっていました。
131500 ,,,,,,,,,,,,,,,,,　もうすぐ祭りがあって、
　いろいろ忙しくなるかと思うと
　不安半分、期待半分でした。
131600 ,,,,,,,つむぎ,つむぎ,05tum390_001.wav,,,,,,,,「あ…………」
131700 ,,,,,,,,,,,,,,,,,　そのときふと、
　道の向こうに立つ男性に気付きました。
131800 ,,,,,,,温泉卿,温泉卿,12ons390_001.wav,"onsenkyou,private",,2,,,,,「…………………………」
131900 ,,,,,,,,,,onsenkyou,,2,,,,,　男性は私をじっと見＜据＝す＞え、
　それからつぶやくように私の名前を呼びました。
132000 ,,,,,,,温泉卿,温泉卿,12ons390_002.wav,onsenkyou,,2,,,,,「つむぎ…………」
132100 ,,,,,,,つむぎ,つむぎ,05tum390_002.wav,onsenkyou,,2,,,,,「えっ？」
132200 ,,,,,,,,,,onsenkyou,,2,,,,,　私は彼に自分の名前を呼ばれて、
　とある男性の姿を思い起こしました。
132300 ,,,,,,,,,,onsenkyou,,2,,,,,　その青い眼。銀色の髪。
132400 ,,,,,,,,,,onsenkyou,,2,,,,,　まさか、まさか………………。
132500 ,,,,,,,つむぎ,つむぎ,05tum390_003.wav,onsenkyou,,2,,,,,「スバル……！？」
132600 ,,,,,,,温泉卿,温泉卿,12ons390_003.wav,onsenkyou,,2,,,,,「つむぎ！！！」
132700 ,,,10,,,,,,,onsenkyou,,2,,,,,　彼は私に駆け寄ると、がっしりとした手で
　私の肩をつかみました。
132800 ,,,,,,,,,,onsenkyou,,2,,,,,　そして前後に強く揺すり、
　驚きの顔で私を見つめました。
132900 ,,,,,,,温泉卿,温泉卿,12ons390_004.wav,onsenkyou,,2,,,,,「つむぎ、お主は本当につむぎなのか？
　ワシは夢を見ているのではあるまいな！？」
133000 ,,,,,,,つむぎ,つむぎ,05tum390_004.wav,onsenkyou,,2,,,,,「………………」
133100 ,,,,,,,温泉卿,温泉卿,12ons390_005.wav,onsenkyou,,2,,,,,「つむぎ、なぜその姿をしておる。
　そしてなぜ…………生きておる」
133200 ,,,,,,,つむぎ,つむぎ,05tum390_005.wav,onsenkyou,,2,,,,,「それは………………」
133300 ,,,,,,,つむぎ,つむぎ,05tum390_006.wav,onsenkyou,,2,,,,,「………………」
133400 ,,,,,,,,,,onsenkyou,,2,,,,,　彼は口をつぐむ私の姿を見て、
　大きく息をつきました。
133500 ,,,,,,,,,,onsenkyou,,2,,,,,　そしてようやく私の肩から手を離し、
　ふと、私が髪につけている鈴に目をやりました。
133600 ,,,,,,,温泉卿,温泉卿,12ons390_006.wav,onsenkyou,,3,,,,,「つむぎ、その鈴は……」
133700 ,,,,,,,つむぎ,つむぎ,05tum390_007.wav,onsenkyou,,3,,,,,「………………」
133800 ,,,,,,,温泉卿,温泉卿,12ons390_007.wav,onsenkyou,,0,,,,,「叔夜から渡されたものじゃな」
133900 ,,,,,,,,,,onsenkyou,,0,,,,,　彼は、私の目を見つめて言いました。
134000 ,,,,,,,,,,onsenkyou,,0,,,,,　私は、何も答えられずにいました。
134100 ,,,,,,,,,,onsenkyou,,0,,,,,　しばらくすると、彼は懐から
　折りたたんだ布を取り出し、
　その中身を見せました。
134200 ,,,,,,,温泉卿,温泉卿,12ons390_008.wav,onsenkyou,,3,,,,,「つむぎ、これを」
134300 ,,,,,,,つむぎ,つむぎ,05tum390_008.wav,onsenkyou,,3,,,,,「それは……」
134400 ,,,,,,,,,,onsenkyou,,3,,,,,　彼が取りだしたものは、錆びた鈴でした。
134500 ,,,,,,,,,,onsenkyou,,3,,,,,　ところどころ錆び、朽ちかけていました。
134600 ,,,,,,,温泉卿,温泉卿,12ons390_009.wav,onsenkyou,,0,,,,,「これはな、あの祭りが中止になる前、
　ワシが叔夜とともに買った鈴じゃ。
　ふたりで、同じものを買った」
134700 ,,,,,,,温泉卿,温泉卿,12ons390_010.wav,onsenkyou,,0,,,,,「叔夜が渡した鈴……その髪にある鈴と、
　全く同じ鈴なのじゃ」
134800 ,,,,,,,つむぎ,つむぎ,05tum390_009.wav,onsenkyou,,0,,,,,「……………………」
134900 ,,,,,,,温泉卿,温泉卿,12ons390_011.wav,onsenkyou,,0,,,,,「ワシが渡せなかった鈴は、朽ちた。
　お前が持っておる鈴は、朽ちておらん」
135000 ,,,,,,,温泉卿,温泉卿,12ons390_012.wav,onsenkyou,,3,,,,,「……どういうことなのだ、つむぎ」
135100 ,,,,,,,,,,onsenkyou,,3,,,,,　それから長い沈黙の時間が、過ぎていきました。
135200 ,,,,,,,,,,onsenkyou,,3,,,,,　私も、彼も、何もしゃべりませんでした。
135300 ,,,,,,,,,,onsenkyou,,3,,,,,　そして、ようやく彼が……。
　重く、ゆっくりと言葉を口にしました。
135400 ,,,,,,,温泉卿,温泉卿,12ons390_013.wav,onsenkyou,,4,,,,,「聞かせてくれるか、つむぎ。
　あのとき、何が起こっていたのかを」
135500 ,,,,,,,つむぎ,つむぎ,05tum390_010.wav,onsenkyou,,4,,,,,「……………………」
135600 ,,,,,,,つむぎ,つむぎ,05tum390_011.wav,onsenkyou,,4,,,,,「はい…………」
135690 ,,<!Lend_day_change>,0,9000,,,,,,,,,,,,,
135698 ,,<!ec_tsumugi_pri>,,,,,,,,,,,,,,,
135699 ,$heroine_end,,,,,,,,,,,,,,,,
135850 ,@char_select_9,,,,,,,,,,,,,,,,
135869 ,,<!before_charselect>,0,512,,,,,,,,,,,,,
135870 ,$char_select 9,,,,,,,,,,,,,,,,シーケンスがここに
135879 ,,<!after_char_select>,0,9000,,,,,,,,,,,,,
135880 ,$jump_begin,,,,,,,,,,,,,,,,
↓,"$jump_item 0,悠（４０１）,401",,,,,,,,,,,,,,,,
↓,"$jump_item 1,恋鳥（４０２）,402",,,,,,,,,,,,,,,,
↓,$jump_end,,,,,,,,,,,,,,,,
135900 ,@401,,,,,,,,,,,,,,,,
136090 ,"$fadd %yuu,1",,,,,,,,,,,,,,,,
136290 ,,<!Lbegin_day_change>,2,4400,,,,,,,,,,,,,
136300 ,,,,,,,悠,悠,02yuu401_001.wav,"yuu,uniform",,0,,,,,「ふふぅ……星の河原祭り……これはチャーンス」
136400 ,,,,,,,優哉,優哉,,yuu,,0,,,,,「…………」
136500 ,,,,,,,,,,yuu,,0,,,,,　部室へ行くと悠が楽しげな様子で待っていた。
　にやにやと笑みを浮かべながら俺の方へと近づいてく
　る。
136600 ,,,,,,,,,,yuu,,0,,,,,　恋鳥は相変わらずパソコンに向かったまま一言も喋る
　気配がない。
136700 ,,,,,,,優哉,優哉,,yuu,,0,,,,,「おい……恋鳥も会話に入れよ」
136800 ,,,,,,,恋鳥,恋鳥,04kot401_001.wav,,,,"kotori,uniform",,0,,「恋鳥は忙しい。気にしなくていい」
136900 ,,,,,,,優哉,優哉,,,,,kotori,,0,,「…………」
137000 ,,,,,,,悠,悠,02yuu401_002.wav,yuu,,1,,,,,「今年の星の河原祭りは規模が大きいらしいじゃない。
　温泉部としては黙っていられないっ！」
137100 ,,,,,,,悠,悠,02yuu401_003.wav,yuu,,0,,,,,「これはチャンスよ！　私達の温泉部をアピールする絶
　好の機会だわっ！」
137200 ,,,,,,,優哉,優哉,,yuu,,0,,,,,「そうか……まあ、頑張ってくれ」
137300 ,,,,,,,悠,悠,02yuu401_004.wav,yuu,,53,,,,,「優哉も頑張るのっ！」
137400 ,,,,,,,優哉,優哉,,yuu,,53,,,,,「めんどくせえ……」
137500 ,,,,,,,悠,悠,02yuu401_005.wav,yuu,,7,,,,,「ちょっとぉ、それでも温泉部の一員っ！？」
137600 ,,,,,,,優哉,優哉,,yuu,,7,,,,,「なあ、廃部の危機は去った事だしさぁ……。
　俺もう辞めてもいいよな？」
137700 ,,,,,,,悠,悠,02yuu401_006.wav,yuu,,2,,,,,「え、えぇっ？」
137800 ,,,,,,,優哉,優哉,,yuu,,2,,,,,「やっぱり俺は帰宅部ライフの方が性にあってる気がす
　るんだよな～」
137900 ,,,,,,,悠,悠,02yuu401_007.wav,yuu,,3,,,,,「ううっ……優哉……それ、本気で言ってるの？」
138000 ,,,,,,,,,,yuu,,3,,,,,　悠が悲しそうな表情で俺を見た。
　瞳が潤んできて、今にも泣きそうな顔になっている。
138100 ,,,,,,,優哉,優哉,,yuu,,3,,,,,「い、いや、冗談……冗談だよ」
138200 ,,,,,,,悠,悠,02yuu401_008.wav,yuu,,3,,,,,「ううっ……そんな……ひどい……。
　優哉が温泉部を辞めたら……わたし……」
138300 ,,,,,,,優哉,優哉,,yuu,,3,,,,,「だから冗談だって……わ、悪かったよ」
138400 ,,,,,,,悠,悠,02yuu401_009.wav,yuu,,12,,,,,「毎日部室でストレス解消できなくなっちゃう！　
　そんなのいやぁぁーっ！！」
138500 ,,,,,,,優哉,優哉,,yuu,,12,,,,,「おいっ！　俺をストレス解消に使ってたのかよ！」
138600 ,,,,,,,悠,悠,02yuu401_010.wav,yuu,,1,,,,,「優哉と話してると気分爽快なのよねっ♪　
　適当にガンガン言っても優哉なら平気だし！」
138700 ,,,,,,,優哉,優哉,,yuu,,1,,,,,「…………」
138800 ,,,,,,,,,,yuu,,1,,,,,　悠は俺をトークのサンドバック代わりにしていたとい
　うわけか。
138900 ,,,,,,,,,,yuu,,1,,,,,　まったく……毎日お前のハイテンションに付き合わさ
　れるこっちの身もなってくれよ……。
139000 ,,,,,,,優哉,優哉,,yuu,,1,,,,,「やっぱ俺、辞めようかな……」
139100 ,,,,,,,悠,悠,02yuu401_011.wav,yuu,,53,,,,,「だめぇぇーっ！　絶対にやめちゃだめぇぇーっ！」
139200 ,,,,,,,,,,yuu,,53,,,,,　悠は叫びながら俺の身体にしがみついてきた。
139300 ,,,,,,,優哉,優哉,,yuu,,53,,,,,「うわっ！　おい！　はなせ、離せよっ！」
139400 ,,,,,,,悠,悠,02yuu401_012.wav,yuu,,1,,,,,「いやぁーっ！　絶対に離さないぃぃーっ！」
139500 ,,,,,,,優哉,優哉,,yuu,,1,,,,,「や、やめねえから！温泉部やめるとかもう言わねえか
　ら離せーっ！」
139600 ,,,,,,,悠,悠,02yuu401_013.wav,yuu,,17,,,,,「にゃふぅーんっ！　離さないよっ！」
139700 ,,,,,,,,,,yuu,,17,,,,,　悠の腕が凄まじい力で俺の身体を締め付ける。
　背骨がぎりぎりと軋むような音をたてた。
139800 ,,,,,,,優哉,優哉,,yuu,,17,,,,,「いてててっ！　は、離してくれよっ！
　せ、背中がぁっ……」
139900 ,,,,,,,,,,yuu,,17,,,,,　しかし悠の柔らかい胸や腕の感触が押し付けられてち
　ょっと心地好い気も……。
140000 ,,,,,,,,,,yuu,,17,,,,,　いや、でもマジ痛え！　骨が折れる！　死ぬって！　
140100 ,,,,,,,悠,悠,02yuu401_014.wav,yuu,,0,,,,,「優哉ーっ！　裏切ったら許さないんだからっ！」
140200 ,,,,,,,優哉,優哉,,yuu,,0,,,,,「わ、わかったから！　離してくれよっ！　
　ぎゃああぁーっ！　背骨が折れるーっ！」
140300 ,,,,,,,優哉,優哉,,yuu,,0,,,,,「こ、恋鳥っ……助けてくれーっ！」
140400 ,,,,,,,恋鳥,恋鳥,04kot401_002.wav,,,,kotori,,0,,「恋鳥は忙しい」
140500 ,,,,,,,優哉,優哉,,,,,kotori,,0,,「たのむっ！　助けてくれーっ！　恋鳥ーっ！」
140600 ,,,,,,,恋鳥,恋鳥,04kot401_003.wav,,,,kotori,,81,,「うるさい」
140700 ,,,,,,,悠,悠,02yuu401_015.wav,yuu,,1,,,,,「優哉ーっ！　にゃふふぅぅーんっ！」
140800 ,,,,,,,,,,yuu,,1,,,,,　しがみつく悠の腕が背骨にギシギシと食い込んだ。
　凄まじい痛みが俺の全神経を駆け巡る。
140900 ,,,,,,,優哉,優哉,,yuu,,1,,,,,「ぎゃああぁぁーっ！！」
141000 ,,<!se_school_open>,,,,,,,,yuu,,1,,,,,　あまりの激痛に俺が絶叫を上げた直後……。
　部室のドアが開いて愛歌とつむぎが入ってきた。
141090 ,,,,,,,,,,,,,,,,,
141100 ,,,,,,,つむぎ,つむぎ,05tum401_001.wav,"manaka,uniform",,2,"tumugi,uniform",,0,,「……えっ？……」
141200 ,,,,,,,愛歌,愛歌,01man401_001.wav,manaka,,2,tumugi,,0,,「……優哉ちゃん？……」
141300 ,,,,,,,優哉,優哉,,manaka,,2,tumugi,,0,,「んぐぐっ！？」
141390 ,,,,,,,,,,,,,,,,,
141400 ,,,,,,,悠,悠,02yuu401_016.wav,yuu,,1,,,,,「あっ、愛歌、つむぎ。
　こんちゃっ！　まあ適当に座って」
141490 ,,,,,,,,,,,,,,,,,
141500 ,,,,,,,つむぎ,つむぎ,05tum401_002.wav,manaka,,2,tumugi,,3,,「…………」
141600 ,,,,,,,愛歌,愛歌,01man401_002.wav,manaka,,3,tumugi,,3,,「悠……いったい……何をしているの？」
141690 ,,,,,,,,,,,,,,,,,
141700 ,,,,,,,悠,悠,02yuu401_017.wav,yuu,,1,,,,,「ふにっ？　何って、見ればわかるじゃん」
141800 ,,,,,,,優哉,優哉,,yuu,,1,,,,,「わかるわけねえだろっ！　
　いいから離してくれっ！」
141900 ,,,,,,,,,,yuu,,1,,,,,　愛歌とつむぎが入ってきても悠は構わず俺の身体にし
　がみついたままだった。
142000 ,,,,,,,悠,悠,02yuu401_018.wav,yuu,,12,,,,,「いやぁぁーっ！　絶対に離さないよーっ！　
　私と別れるなんて言った優哉が悪いんだからっ！」
142100 ,,,,,,,優哉,優哉,,yuu,,12,,,,,「ぐぁあぁーっ！！」
142190 ,,,,,,,,,,,,,,,,,
142200 ,,,,,,,つむぎ,つむぎ,05tum401_003.wav,manaka,,15,tumugi,,2,,「……よく、わかりませんけど……。
　ふたりはそういう関係だったのですね」
142300 ,,,,,,,愛歌,愛歌,01man401_003.wav,manaka,,15,tumugi,,2,,「知らなかった……。
　悠と優哉ちゃんがそんな事になっていたなんて」
142400 ,,,,,,,優哉,優哉,,manaka,,15,tumugi,,2,,「ちょ……待ってくれ！　絶対に誤解してるって！　
　俺と悠はそういう関係じゃないっ！」
142490 ,,,,,,,,,,,,,,,,,
142500 ,,,,,,,悠,悠,02yuu401_019.wav,yuu,,90,,,,,「ふにっ？　どういう関係？」
142600 ,,,,,,,優哉,優哉,,yuu,,90,,,,,「いいからお前は離れろーっ！」
142700 ,,,,,,,悠,悠,02yuu401_020.wav,yuu,,1,,,,,「だめぇぇーっ！　絶対に離さないーっ！」
142800 ,,,,,,,優哉,優哉,,yuu,,1,,,,,「アアァァーッ！！」
142900 ,,,,,,,恋鳥,恋鳥,04kot401_004.wav,kotori,,5,,,,,「……うるさい……」
142990 ,,<!Lend_move>,0,9000,,,,,,,,,,,,,
142999 ,,<!ec_yuu_uni>,,,,,,,,,,,,,,,
143090 ,$go check_flag,,,,,,,,,,,,,,,,
143200 ,@402,,,,,,,,,,,,,,,,
143390 ,"$fadd %kotori,1",,,,,,,,,,,,,,,,
143500 ,,<!Lbegin_day_change>,8,4300,,,,,,,,,,,,,　授業を終えたら部室に行く。そんな生活が当たり前になっている。
143600 ,,,,,,,,,,,,,,,,,　行く先が、単なるダベリ部と化している温泉部ってあたりも、割と模範的かもしれん。
143700 ,,,,,,,,,,,,,,,,,　最初の頃はなんだかんだ言ってたが、いざ入ってしまうと意外に楽しんでるんだよなぁ。
143800 ,,,,,,,,,,,,,,,,,　まぁ、活動って言っても風呂に入るだけだしな。
143900 ,,,,,,,優哉,優哉,,,,,,,,,「さて、今日も温泉部のはじまりはじまり～っと」
144200 ,,<!move_veryshort><!se_bushitsu_open>,,4400,,,恋鳥,恋鳥,04kot402_001.wav,,,,,,,,「……（すやすや）」
144300 ,,,,,,,優哉,優哉,,,,,,,,,「……恋鳥？」
144400 ,,,,,,,恋鳥,恋鳥,04kot402_002.wav,,,,,,,,「……（すやすや）」
144500 ,,,,,,,,,,,,,,,,,　うわ、微動だにしない。熟睡してやがるコイツ。
144600 ,,,,,,,優哉,優哉,,,,,,,,,「無用心なヤツだなぁ。部室に一人だしいいのか？」
144700 ,,,,,,,,,,,,,,,,,　相変わらず、５人しかいないのに集まりが微妙な部活だ。
144800 ,,,,,,,,,,,,,,,,,　一応、起こさないようにそっと椅子につく。
144900 ,,,,,,,,,,,,,,,,,　……密室に、無防備な恋鳥と、二人きり。
145000 ,,,,,,,優哉,優哉,,,,,,,,,「――これはもしや、チャンスか？」
145100 ,,,,,,,,,,,,,,,,,　日頃、鉄面皮な恋鳥をいじれる機会はそう無い。
145200 ,,,,,,,,,,,,,,,,,　今こそ俺の復権の時ではなかろうか。
145300 ,,,,,,,優哉,優哉,,,,,,,,,「そうと決まれば……うりゃ」
145400 ,,,,,,,,,,,,,,,,,　最初はジャブだ。ほっぺをつつこうと指を――
145500 ,,,,,,,恋鳥,恋鳥,04kot402_003.wav,"kotori,uniform",,5,,,,,「……ん」
145600 ,,,,,,,,,,kotori,,5,,,,,　ぱちくり。あら、目が覚めましたか恋鳥さん。
145700 ,,,,,,,,,,kotori,,5,,,,,　タイミング最悪だ。
145800 ,,,,,,,恋鳥,恋鳥,04kot402_004.wav,kotori,,7,,,,,「……お前、何をしようとしてた」
145900 ,,,,,,,優哉,優哉,,kotori,,7,,,,,「いや、特に何も――あいででででで！　噛むな！　指を噛むな！」
146000 ,,,,,,,,,,kotori,,7,,,,,　くそ、言い訳を聞く気すらないのかコイツ！
146100 ,,,,,,,恋鳥,恋鳥,04kot402_005.wav,kotori,,7,,,,,「ふぉふぉふぃふぃふぁふぃふぉふぃふぉふぉふぉふぃふぁ」
146200 ,,,,,,,優哉,優哉,,kotori,,7,,,,,「ぎゃあああ！　歯を食いしばりながら喋るな！　お前最初からダメージ与えるのが目的だろう！」
146300 ,,,,,,,,,,kotori,,7,,,,,　こういう時こそ、指を舐められてエロイ展開とかないのか?!
146400 ,,,,,,,,,,kotori,,7,,,,,　……無いよなぁ。
146500 ,,,,,,,優哉,優哉,,kotori,,7,,,,,「うぉぉぉぉ、いってぇ～……！」
146600 ,,,,,,,恋鳥,恋鳥,04kot402_006.wav,kotori,,7,,,,,「ふん、寝てる恋鳥に悪さしようとするからだ」
146700 ,,,,,,,,,,kotori,,7,,,,,　割と声にならない。噛まれてた間、骨がギリギリ言ってたもんなぁ。
146800 ,,,,,,,,,,kotori,,7,,,,,　つーか悪さって確定なのかよ。否定要素もないが。
146900 ,,,,,,,優哉,優哉,,kotori,,7,,,,,「俺の指が千切れたら、どうしてくれる！」
147000 ,,,,,,,恋鳥,恋鳥,04kot402_007.wav,kotori,,0,,,,,「速やかに吐き出すぞ」
147100 ,,,,,,,優哉,優哉,,kotori,,0,,,,,「冷静だなお前！」
147200 ,,,,,,,,,,kotori,,0,,,,,　くそ、どこまで鉄面皮なんだコイツ。
147300 ,,,,,,,,,,kotori,,0,,,,,　鉄面皮……鉄面皮？　よく見たらコイツ――。
147400 ,,,,,,,優哉,優哉,,kotori,,0,,,,,「凄いな、お前」
147500 ,,,,,,,恋鳥,恋鳥,04kot402_008.wav,kotori,,7,,,,,「何がだ」
147600 ,,,,,,,優哉,優哉,,kotori,,7,,,,,「ほっぺたに跡がついてて、口元に涎がついてて、前髪に寝癖がついてる。
　睡眠のグランドスラム達成おめでとう」
147700 ,,,,,,,恋鳥,恋鳥,04kot402_009.wav,kotori,,2,,,,,「なにっ……！」
147800 ,,,,,,,優哉,優哉,,kotori,,2,,,,,「おーおー、慌てて顔を撫でまわしても、そう簡単になおるもんじゃないぜ」
147900 ,,,,,,,優哉,優哉,,kotori,,2,,,,,「こんなに気合の入ったねぼすけは、実に久しぶりに見たよ。いやー眼福眼福」
148000 ,,,,,,,,,,kotori,,2,,,,,　あ、なんか肩がプルプルしてる。
148100 ,,,,,,,恋鳥,恋鳥,04kot402_010.wav,kotori,,4,,,,,「かくなる上は……」
148200 ,,,,,,,優哉,優哉,,kotori,,4,,,,,「上は？」
148300 ,,,,,,,恋鳥,恋鳥,04kot402_012.wav,kotori,,4,,,,,「お前を殺してお前を殺す……！」
148400 ,,,,,,,優哉,優哉,,kotori,,4,,,,,「待て！　それは俺が死ぬだけだ！」
148500 ,,,,,,,恋鳥,恋鳥,04kot402_013.wav,kotori,,1,,,,,「それ以外に何もいらないぞ」
148600 ,,,,,,,優哉,優哉,,kotori,,1,,,,,「純情ぶった台詞で誤魔化すんじゃねぇ！」
148700 ,,,,,,,恋鳥,恋鳥,04kot402_014.wav,kotori,,52,,,,,「言いたい事は、もうないな」
148800 ,,,,,,,優哉,優哉,,kotori,,52,,,,,「くっ、交渉決裂か。……だが、カロリー足らずで胸の平たいお前に、俺が捉えられるかな？」
148900 ,,,,,,,恋鳥,恋鳥,04kot402_015.wav,kotori,,81,,,,,「お前は恋鳥を怒らせた……！」
149000 ,,,,,,,優哉,優哉,,kotori,,81,,,,,「うわ、ちょ、逃げる前から椅子をふりかぶるな！　ゴメン、俺が悪かった！　今度こないだのケーキ屋でおごる！」
149100 ,,,,,,,恋鳥,恋鳥,04kot402_016.wav,kotori,,0,,,,,「……ふむ」
149200 ,,,,,,,,,,kotori,,0,,,,,　あ、止まった。マジか。ある意味、物凄い単純だなぁコイツ。
149300 ,,,,,,,恋鳥,恋鳥,04kot402_017.wav,kotori,,52,,,,,「……個数制限なしなら許す」
149400 ,,,,,,,優哉,優哉,,kotori,,52,,,,,「制限があったらどうなるんだ？」
149500 ,,,,,,,恋鳥,恋鳥,04kot402_018.wav,kotori,,0,,,,,「それを聞く権利があると思ってるのか」
149600 ,,,,,,,優哉,優哉,,kotori,,0,,,,,「いえ、謹んでおごらせていただきます」
149700 ,,,,,,,,,,kotori,,0,,,,,　気がつけば床で平伏している俺がいる。いいのか、こんな生き方で。
149800 ,,,,,,,,,,kotori,,0,,,,,　……自分で自分に疑問を持つって、悲しいなぁ。
149900 ,,,,,,,恋鳥,恋鳥,04kot402_019.wav,kotori,,3,,,,,「ところで、悠は来てないのか？」
150000 ,,,,,,,優哉,優哉,,kotori,,3,,,,,「ん？　あぁ、まだ来てないぞ。バイトじゃないか？」
150100 ,,,,,,,優哉,優哉,,kotori,,3,,,,,「つむぎは仕事があるし、愛歌も顔が広いしな。暇で友達が少ないのはお前ぐらいだ」
150200 ,,,,,,,恋鳥,恋鳥,04kot402_020.wav,kotori,,7,,,,,「お前もそうだろう」
150300 ,,,,,,,優哉,優哉,,kotori,,7,,,,,「よし、俺とお前は同類だ！　言質はとったぞ！」
150400 ,,,,,,,恋鳥,恋鳥,04kot402_021.wav,kotori,,3,,,,,「……くっ、一生の不覚だぞ」
150500 ,,,,,,,,,,kotori,,3,,,,,　悲しい同類項ではある。暇かつ友達いないって、あんまりだよなぁ。
150600 ,,,,,,,恋鳥,恋鳥,04kot402_022.wav,kotori,,5,,,,,「悠が来ないと、秋祭りの話もできないぞ」
150700 ,,,,,,,優哉,優哉,,kotori,,5,,,,,「ん、秋祭りがどうかしたのか？」
150800 ,,,,,,,恋鳥,恋鳥,04kot402_023.wav,kotori,,0,,,,,「この間、何か温泉部らしい活動をしようと、悠と話した。また生徒会に文句をつけられてもつまらないからな」
150900 ,,,,,,,優哉,優哉,,kotori,,0,,,,,「は～、アイツも一応考えてたんだな。
　で、祭りで何やんの？」
151000 ,,,,,,,恋鳥,恋鳥,04kot402_024.wav,kotori,,0,,,,,「知らないぞ」
151100 ,,,,,,,優哉,優哉,,kotori,,0,,,,,「は？」
151200 ,,,,,,,恋鳥,恋鳥,04kot402_025.wav,kotori,,0,,,,,「悠は何かしようと話して、途中でどっか行ったぞ」
151300 ,,,,,,,優哉,優哉,,kotori,,0,,,,,「うわぁ～。悠のヤツ、相変わらずグダグダだなぁ」
151400 ,,,,,,,恋鳥,恋鳥,04kot402_026.wav,kotori,,0,,,,,「きっと近いうちにミーティングがあるぞ。悠はこういう時、皆で騒ぎたがるからな」
151500 ,,,,,,,優哉,優哉,,kotori,,0,,,,,「違いない。……またロクでもないイベントになるのかね」
151600 ,,,,,,,,,,kotori,,0,,,,,　なるんだろうなぁ。ダンプカーだもんな、アイツ。
151700 ,,,,,,,恋鳥,恋鳥,04kot402_027.wav,kotori,,7,,,,,「お前も何か考えておけ。ちゃんと反対票の準備はしておいてやるぞ」
151800 ,,,,,,,優哉,優哉,,kotori,,7,,,,,「やる前から、やる気なくさすなよ」
151900 ,,,,,,,恋鳥,恋鳥,04kot402_028.wav,kotori,,52,,,,,「戦いは始まる前に終わってるんだぞ」
152000 ,,,,,,,優哉,優哉,,kotori,,52,,,,,「始める前に終わらせるなって言ってるんだ！」
152100 ,,,,,,,恋鳥,恋鳥,04kot402_029.wav,kotori,,0,,,,,「歴史に逆らうとは尊大なヤツめ……」
152200 ,,,,,,,,,,kotori,,0,,,,,　いや、お前ほど尊大じゃないって。俺はピュアな小市民だからな。
152300 ,,,,,,,,,,kotori,,0,,,,,　しかし温泉部らしい活動ね。何があるだろう。
152400 ,,,,,,,優哉,優哉,,kotori,,0,,,,,「いっそ風呂場を借り切って、皆でダラダラと混浴でもするか」
152500 ,,,,,,,恋鳥,恋鳥,04kot402_030.wav,kotori,,0,,,,,「ソレは悠も言ってたぞ」
152600 ,,,,,,,優哉,優哉,,kotori,,0,,,,,「げぇっ！　それはショックだ……」
152700 ,,,,,,,恋鳥,恋鳥,04kot402_031.wav,kotori,,52,,,,,「安心しろ。悠は単なる思い付きで、お前のは単なるスケベ心だと分けておいてやる」
152800 ,,,,,,,優哉,優哉,,kotori,,52,,,,,「優しさが胸に痛いわ！」
152900 ,,,,,,,,,,kotori,,52,,,,,　つーか嫌がらせだソレは。
153000 ,,,,,,,優哉,優哉,,kotori,,52,,,,,「ま、とりあえず真面目に幾つか考えておくよ。悠の思いつきに振り回されるのは、ゴメンだからな」
153100 ,,,,,,,恋鳥,恋鳥,04kot402_032.wav,kotori,,0,,,,,「せいぜい無い知恵を絞るといい。……ただし」
153200 ,,,,,,,優哉,優哉,,kotori,,0,,,,,「ただし？」
153300 ,,,,,,,恋鳥,恋鳥,04kot402_033.wav,kotori,,52,,,,,「そっちにかまけて、忘れるんじゃないぞ。ケーキのおごり」
153400 ,,,,,,,優哉,優哉,,kotori,,52,,,,,「へいへい、忘れませんよ」
153500 ,,,,,,,,,,kotori,,52,,,,,　しっかりしてるよなぁ。何でこうなったんだか。
153600 ,,,,,,,,,,kotori,,52,,,,,　……二人きりでも騒がしくなるあたり、温泉部の相性って意外といいのかもな。
153700 ,,,,,,,,,,kotori,,52,,,,,　俺の立場が低いのだけは、どうにかしたい所だが。
153790 ,,<!Lend_move>,0,9000,,,,,,,,,,,,,
153799 ,,<!ec_kotori_uni>,,,,,,,,,,,,,,,
153890 ,$go check_flag,,,,,,,,,,,,,,,,
153907 ,@check_flag,,,,,,,,,,,,,,,,
153908 ,"$fset %menu_0_canselect,0",,,,,,,,,,,,,,,,
153909 ,"$fset %menu_1_canselect,0",,,,,,,,,,,,,,,,
153910 ,"$fset %menu_2_canselect,0",,,,,,,,,,,,,,,,ここでフラグチェック
153915 ,"$fset %menu_3_canselect,0",,,,,,,,,,,,,,,,
153918 ,"$cmp %manaka,>=,4",,,,,,,,,,,,,,,,
153919 ,$true,,,,,,,,,,,,,,,,
↓,"$fset %menu_0_canselect,1",,,,,,,,,,,,,,,,
153927 ,"$cmp %yuu,>=,5",,,,,,,,,,,,,,,,
153928 ,$true,,,,,,,,,,,,,,,,
↓,"$fset %menu_1_canselect,1",,,,,,,,,,,,,,,,
153930 ,"$cmp %kotori,>=,5",,,,,,,,,,,,,,,,
153938 ,$true,,,,,,,,,,,,,,,,
↓,"$fset %menu_2_canselect,1",,,,,,,,,,,,,,,,
153940 ,"$cmp %tsumugi,>=,5",,,,,,,,,,,,,,,,
153950 ,$true,,,,,,,,,,,,,,,,
↓,"$fset %menu_3_canselect,1",,,,,,,,,,,,,,,,
153960 ,"$cmp %tsumugi_223_select,==,0",,,,,,,,,,,,,,,,必須シナリオ223を選択していないと無効
153970 ,$true,,,,,,,,,,,,,,,,
↓,"$fset %menu_3_canselect,0",,,,,,,,,,,,,,,,
154000 ,@410,,,,,,,,,,,,,,,,
154300 ,,<!Lbegin_move>,8,12210,,,,,,,,,,,,,　町を歩いていると、もうすでにちらほらと祭り提灯を
　つけている家が見えた。
154400 ,,,,,,,,,,,,,,,,,　やぐらを組むための建材を運んでいくトラックが
　俺の横を通り過ぎていく。
154500 ,,,,,,,優哉,優哉,,,,,,,,,「おー、今年ももうすぐ祭りだなぁ」
154600 ,,,,,,,,,,,,,,,,,　＜祭囃子＝まつりばやし＞の練習の音が紅葉舞う風に
　乗って聞こえてくると、そう実感する。
154700 ,,,,,,,優哉,優哉,,,,,,,,,「そういや、今年はなんか大々的にやるんだっけか」
154800 ,,,,,,,,,,,,,,,,,　確かに、いい温泉地だと思うが、寂れていく一方の
　星河原温泉をなんとかするために、
　祭りを大々的にやるのはいいことだよな。
154900 ,,,,,,,優哉,優哉,,,,,,,,,「うちの旅館にも、客がいっぱい来ればいいんだけどな」
155000 ,,,,,,,,,,,,,,,,,　このままじゃ、俺が継ぐ前に
　潰れるんじゃないだろうか。
155100 ,,,,,,,,,,,,,,,,,　ときどきそんな不安が浮かばないかと言えば、
　さすがに嘘になる。
155200 ,,,,,,,優哉,優哉,,,,,,,,,「潰れる……といや、温泉部のことも、真面目に
　考えないとまずいんだよなぁ……」
155300 ,,,,,,,,,,,,,,,,,　全国を目指すと言った以上、やるしかない。
155400 ,,,,,,,優哉,優哉,,,,,,,,,「でも、温泉部って、何で全国を目指せばいいんだ？」
155500 ,,,,,,,,,,,,,,,,,　温泉長浸かり我慢大会ギネス記録でも狙うか？
155600 ,,,,,,,,,,,,,,,,,　……無理があるか。
155700 ,,,,,,,優哉,優哉,,,,,,,,,「はぁ……」
155800 ,,,,,,,,,,,,,,,,,　小石を蹴飛ばしながら歩く。
155900 ,,,,,,,,,,,,,,,,,　考えはなかなかまとまらない。
156000 ,,,,,,,,,,,,,,,,,　なんかガツンとしたものがあれば……。
156100 ,,,,,,,温泉卿,温泉卿,12ons410_001.wav,,,,,,,,「違う！　そこはもっとガツンとしたものが
　あるべきじゃ！」
156200 ,,,,,,,優哉,優哉,,,,,,,,,「そう、ガツンとしたものが……って、温泉卿？」
156300 ,,,,,,,,,,,,,,,,,　突然、聞こえてきた声に、俺はなんとなくとっさに
　隠れてしまった。
156400 ,,,,,,,,,,,,,,,,,　顔だけ出して覗いてみると、温泉卿が祭りの
　実行スタッフらしき人に頭を下げられている。
156500 ,,,,,,,,,,,,,,,,,　さっきのセリフはどうやら、俺に向けられたわけでは
　なかったらしい。
156600 ,,,,,,,スタッフ,スタッフ,,,,,,,,,「ガツンとしたものと言いますと……」
156700 ,,,,,,,温泉卿,温泉卿,12ons410_002.wav,"onsenkyou,private",,4,,,,,「この温泉の魅力は、何よりも美しい星空じゃろう？
　それを温泉の名と共にアピールするような
　方向で言ったほうが良いのではないのかね？」
156800 ,,,,,,,スタッフ,スタッフ,,onsenkyou,,4,,,,,「はっ、もう一度、考え直してきます！」
156900 ,,,,,,,温泉卿,温泉卿,12ons410_003.wav,onsenkyou,,0,,,,,「うむ」
157000 ,,,,,,,,,,onsenkyou,,0,,,,,　温泉卿が頷くと、また別のスタッフが走りよってくる。
157100 ,,,,,,,スタッフ,スタッフ,,onsenkyou,,0,,,,,「あ、こちらにおられましたか。
　あちらに席をご用意しましたので、お座りください」
157200 ,,,,,,,温泉卿,温泉卿,12ons410_004.wav,onsenkyou,,0,,,,,「構わぬよ。
　この星河原温泉はワシにとって特別な場所。
　好きでやってることじゃ」
157300 ,,,,,,,スタッフ,スタッフ,,onsenkyou,,0,,,,,「ありがとうございます。
　世界各地の温泉に詳しい温泉卿に来ていただけて、
　非常に助かっております」
157400 ,,,,,,,温泉卿,温泉卿,12ons410_005.wav,onsenkyou,,1,,,,,「なーに、好きなことをしていたまで。
　温泉めぐりをしていたら、ここにいただけのことよ」
157500 ,,,,,,,,,,onsenkyou,,1,,,,,　かんらかんらと温泉卿が笑う。
157600 ,,,,,,,スタッフ,スタッフ,,onsenkyou,,1,,,,,「いえいえ、温泉業界の重鎮たる温泉卿を
　この星の河原祭りにお呼び出来て本当に光栄です」
157700 ,,,,,,,,,,,,,,,,,　見る間に温泉卿の周りに人だかりができていく。
157800 ,,,,,,,優哉,優哉,,,,,,,,,「あのじーさん、そんなに偉い人だったのか……」
157900 ,,,,,,,,,,,,,,,,,　明日香ちゃんへの態度なんかを見ていると、
　とてもそうとは思えないのだが。
158000 ,,,,,,,,,,,,,,,,,　わざわざ、地域振興をかけた祭りのゲストとして
　呼ぶほどの温泉業界の重鎮……。
158100 ,,,,,,,優哉,優哉,,,,,,,,,「なんか、今回は本当に気合入ってるんだなあ」
158200 ,,,,,,,,,,,,,,,,,　見てみれば、縁日に予定されている区画も、
　いつもより広く取られているような気がする。
158300 ,,,,,,,優哉,優哉,,,,,,,,,「星河原温泉もまだまだいけるってことだよな」
158400 ,,,,,,,,,,,,,,,,,　そう考えると、なんとはなしに気分が浮き立った。
158500 ,,,,,,,,,,,,,,,,,　いくら、不便でひなびたところでも、俺にとっては
　子供の頃からずっといる大切な町だ。
158600 ,,,,,,,優哉,優哉,,,,,,,,,「うーし、明日もまた頑張るか」
158700 ,,,,,,,,,,,,,,,,,　しかし、こうして変わりそうな町を見ると、
　いろいろと思うところはある。
158800 ,,,,,,,,,,,,,,,,,　たとえば……
159330 ,"$fset %tmp,%menu_0_canselect",,,,,,,,,,,,,,,,
159340 ,"$fadd %tmp,%menu_1_canselect",,,,,,,,,,,,,,,,
159350 ,"$fadd %tmp,%menu_2_canselect",,,,,,,,,,,,,,,,
159360 ,"$fadd %tmp,%menu_3_canselect",,,,,,,,,,,,,,,,
159370 ,"$cmp %tmp,==,0",,,,,,,,,,,,,,,,
159380 ,$true,,,,,,,,,,,,,,,,
↓,"$fset %jump%,99",,,,,,,,,,,,,,,,
↓,$go char_select_10,,,,,,,,,,,,,,,,
159390 ,$menu_begin,,,,,,,,,,,,,,,,
↓,"$menu_item 0,今年の祭りは本当におもしろそうだ,410_0,%menu_0_canselect",,,,,,,,,,,,,,,,
↓,"$menu_item 1,この祭り、部活に利用できないかな,410_1,%menu_1_canselect",,,,,,,,,,,,,,,,
↓,"$menu_item 2,再開発とかもされそうだな,410_2,%menu_2_canselect",,,,,,,,,,,,,,,,
↓,"$menu_item 3,旅館でも何かやるのかな,410_3,%menu_3_canselect",,,,,,,,,,,,,,,,
↓,$menu_end,,,,,,,,,,,,,,,,
159395 ,*410_0,,,,,,,,,,,,,,,,
159500 ,,,,,,,,,,,,,,,,,　うん、毎年、祭りには遊びに行ってるけど、
　今年はひと味違っておもしろそうだ。
159600 ,,,,,,,,,,,,,,,,,　そういや、愛歌が縁日に行きたいって言ってたな。
159700 ,,,,,,,,,,,,,,,,,　明日、話してみるか。
159870 ,"$fset %jump%,0",,,,,,,,,,,,,,,,
159880 ,$go 410_end,,,,,,,,,,,,,,,,
159890 ,*410_1,,,,,,,,,,,,,,,,
160000 ,,,,,,,,,,,,,,,,,　うーん、せっかくこんな大きな祭りなわけだし、
　温泉部も何かできないもんかな。
160100 ,,,,,,,,,,,,,,,,,　まあ、悠あたりはもう考えてそうな気もするか。
160200 ,,,,,,,,,,,,,,,,,　明日、話してみるとするか。
160370 ,"$fset %jump%,1",,,,,,,,,,,,,,,,
160380 ,$go 410_end,,,,,,,,,,,,,,,,
160390 ,*410_2,,,,,,,,,,,,,,,,
160500 ,,,,,,,,,,,,,,,,,　街に活気が出て来たのはいいことだが、なんだか最近、
　工事が増えてる気もする。
160600 ,,,,,,,,,,,,,,,,,　再開発で街の風景が変わるのはさみしい、というのも
　勝手な言いぐさだが、変わってほしくないものもある。
160700 ,,,,,,,,,,,,,,,,,　なんとなく変わり始めた気のする、街の中心部を
　見ながら、俺はそう思った。
160870 ,"$fset %jump%,2",,,,,,,,,,,,,,,,
160880 ,$go 410_end,,,,,,,,,,,,,,,,
160890 ,*410_3,,,,,,,,,,,,,,,,
161000 ,,,,,,,,,,,,,,,,,　そういや、こんだけ大規模な祭りなんだから、
　うちの旅館でもきっと何かやるよな。
161100 ,,,,,,,,,,,,,,,,,　ってことは、俺も手伝った方がいいんだろうなあ。
161200 ,,,,,,,,,,,,,,,,,　明日は、旅館に顔を出すか。
161370 ,"$fset %jump%,3",,,,,,,,,,,,,,,,
161380 ,$go 410_end,,,,,,,,,,,,,,,,
161390 ,*410_end,,,,,,,,,,,,,,,,
161490 ,,<!Lend_day_change>,0,9000,,,,,,,,,,,,,
161650 ,@char_select_10,,,,,,,,,,,,,,,,
161680 ,$jump_begin,,,,,,,,,,,,,,,,
↓,"$jump_item 0,愛歌（４３１）,431",,,,,,,,,,,,,,,,
↓,"$jump_item 1,悠（４３２）,432",,,,,,,,,,,,,,,,
↓,"$jump_item 2,恋鳥（４３３）,433",,,,,,,,,,,,,,,,
↓,"$jump_item 3,つむぎ（４３４）,434",,,,,,,,,,,,,,,,
↓,$jump_end,,,,,,,,,,,,,,,,
161688 ,,<!Lend_day_change>,0,9000,,,,,,,,,,,,,
161689 ,$go 440,,,,,,,,,,,,,,,,
161700 ,@431,,,,,,,,,,,,,,,,
162000 ,,<!Lbegin_day_change>,2,4500,,,優哉,優哉,,,,,,,,,「ふあぁぁふ……」
162100 ,,,,,,,,,,,,,,,,,　よし、今日も授業終了っ。よく寝たぜ。
　大きくのびをして勢いよくイスを立ったところに
　愛歌がやってくる。
162200 ,,,,,,,愛歌,愛歌,01man431_001.wav,,,,"manaka,uniform",,0,,「優哉ちゃん、温泉部行こ？」
162300 ,,,,,,,優哉,優哉,,,,,manaka,,0,,「おう。
　つむぎは今日は？」
162400 ,,,,,,,つむぎ,つむぎ,05tum431_001.wav,"tumugi,uniform",,90,manaka,,0,,「はい、行きます」
162500 ,,,,,,,愛歌,愛歌,01man431_002.wav,tumugi,,90,manaka,,2,,「あ、つむぎさん。
　あのね、お料理のことなんだけど……」
162700 ,,,,,,,,,,,,,,,,,　楽しそうに話しながら教室を出る愛歌と
　つむぎと一緒に行こうとすると、
　大和に裾をつままれた。
162800 ,,,,,,,大和,大和,08yam431_001.wav,"yamato,uniform",,0,,,,,「……おい、優哉。
　お前今すごい幸せな状況なのわかってるか？」
162900 ,,,,,,,優哉,優哉,,yamato,,0,,,,,「おう、自覚はあるぞ」
163000 ,,,,,,,,,,yamato,,0,,,,,　まあ実感はあんまりないけどな。
163100 ,,,,,,,大和,大和,08yam431_002.wav,yamato,,5,,,,,「……お前、今絶対わかってない顔をしてたぞ」
163200 ,,,,,,,優哉,優哉,,yamato,,5,,,,,「そうか？」
163500 ,,,,,,,愛歌,愛歌,01man431_003.wav,yamato,,5,,,,,「優哉ちゃん、行くよー」
163600 ,,,,,,,優哉,優哉,,yamato,,5,,,,,「おう！
　んじゃな！　大和」
163700 ,,,,,,,大和,大和,08yam431_003.wav,yamato,,53,,,,,「あ、くそ、待てこの鈍感ヤロー！」
163800 ,,<!move_veryshort>,,4300,,,,,,,,,,,,,　背中にぶつかる大和の遠吠えはとりあえず放置して、
　俺は二人を追いかける。
164000 ,,<!move_veryshort>,,4400,,,,,,,,,,,,,　放課後の部室にみんなが三々五々集まってくる。
　いつからいるのか恋鳥。
　次に俺と愛歌、つむぎ。
164200 ,,,,,,,,,,,,,,,,,　そして最後はいつも通り、騒々しいヤツが
　放課後の校舎を騒々しく駆け抜けて
　部室に勢いよく飛び込んでくる。
164400 ,,<!se_bushitsu_hard>,,,,,悠,悠,02yuu431_001.wav,"yuu,uniform",,1,,,,,「おーい、みんなっ！
　耳より情報入手ーっ！」
164600 ,,,,,,,優哉,優哉,,yuu,,1,,,,,「なんだよ、耳より情報って」
164800 ,,,,,,,悠,悠,02yuu431_002.wav,yuu,,90,,,,,「うんっ。
　ちょっと知り合いから教えてもらったんだけどね。
　ほら、この辺ケーブルテレビ局あるでしょ？」
164900 ,,,,,,,優哉,優哉,,yuu,,90,,,,,「ああ、あるなあ。
　うちの家にも通ってるぜ、ケーブル」
165000 ,,,,,,,愛歌,愛歌,01man431_004.wav,yuu,,90,manaka,,0,,「星河原では入れてる家の方が多いんじゃないかな？
　＜山間＝やまあい＞だから電波の入り悪いとこもあるし」
165100 ,,,,,,,優哉,優哉,,yuu,,90,manaka,,0,,「だな。
　で、そのケーブルテレビがどうした？」
165200 ,,,,,,,悠,悠,02yuu431_003.wav,yuu,,0,manaka,,0,,「うん、ケーブル局にもその局のチャンネルって
　あるでしょ？」
165300 ,,,,,,,恋鳥,恋鳥,04kot431_001.wav,yuu,,0,"kotori,uniform",,0,,「……地域の番組とかやるチャンネルは、
　３１チャンネルだったはず……」
165400 ,,,,,,,悠,悠,02yuu431_004.wav,yuu,,1,kotori,,0,,「そうそう！
　そのチャンネルで星の河原祭りの特集番組を
　作るっていう話でね」
165500 ,,,,,,,つむぎ,つむぎ,05tum431_002.wav,yuu,,1,tumugi,,0,,「特集番組、ですか？」
165600 ,,,,,,,悠,悠,02yuu431_005.wav,yuu,,90,tumugi,,0,,「うん、星の河原祭りと協賛の温泉宿を大特集！
　って感じでね。
　けっこー力入れてるみたい」
165700 ,,,,,,,恋鳥,恋鳥,04kot431_002.wav,yuu,,90,kotori,,0,,「ウェブサイトもできてる……これ」
165800 ,,,,,,,,,,yuu,,90,kotori,,0,,　恋鳥が示したパソコンの画面には、
　確かに「星の河原祭大特集！」の文字がデカデカと
　表示されていた。
165900 ,,,,,,,優哉,優哉,,yuu,,90,kotori,,0,,「へえ……
　でもそれが温泉部となんの関係があるんだ？」
166000 ,,,,,,,悠,悠,02yuu431_006.wav,yuu,,17,kotori,,0,,「チッチッチッ、優哉は察しが悪いねえ……」
166100 ,,,,,,,,,,yuu,,17,kotori,,0,,　聞くと悠は肩をすくめて鼻で笑いやがった。
　こ、このやろー……
166200 ,,,,,,,悠,悠,02yuu431_007.wav,yuu,,5,kotori,,0,,「温泉宿の特集だよ？　私たちは温泉部。
　温泉のプロ……まではいかないけど、
　アマチュア温泉家じゃない！」
166300 ,,,,,,,つむぎ,つむぎ,05tum431_003.wav,yuu,,5,tumugi,,0,,「なるほど。
　温泉知識を活かして地元協力者として
　テレビに出してもらおう、ということですね」
166400 ,,,,,,,悠,悠,02yuu431_008.wav,yuu,,1,tumugi,,0,,「そーそー、そゆこと！
　で、代わりに宣伝もさせてもらうの」
166500 ,,,,,,,愛歌,愛歌,01man431_005.wav,yuu,,1,manaka,,0,,「なるほどー、
　そういうことなら出してもらえるかもね」
166600 ,,,,,,,優哉,優哉,,yuu,,1,manaka,,0,,「そんなうまくいくかぁ？」
166700 ,,,,,,,悠,悠,02yuu431_009.wav,yuu,,17,,,,,「へへ、実はそのケーブルテレビ局に知り合いがいてね
　協力してって言われてるんだ～」
166800 ,,,,,,,優哉,優哉,,yuu,,17,,,,,「なるほど、向こうから言われてるのか。
　じゃあ出してもらえる望みがあるんだな」
166900 ,,,,,,,悠,悠,02yuu431_010.wav,yuu,,1,,,,,「へへー、そういうこと。
　条件があえばピンでしゃべらせてもらえるってさ」
167000 ,,,,,,,優哉,優哉,,yuu,,1,,,,,「へえー、そりゃすごいな。
　……で、条件ってのはなんだ？」
167100 ,,,,,,,悠,悠,02yuu431_011.wav,yuu,,90,,,,,「うん。
　温泉入浴レポート撮らせてくれるなら
　ある程度時間くれるって」
167200 ,,,,,,,優哉＠愛歌＠恋鳥＠つむぎ,４人,01man431_006.wav＠04kot431_003.wav＠05tum431_004.wav＠ext431_e01.wav,yuu,,90,,,,,「……………………」
167300 ,,,,,,,恋鳥,恋鳥,04kot431_004.wav,yuu,,90,kotori,,5,,「……悠、それって」
167400 ,,,,,,,愛歌,愛歌,01man431_007.wav,yuu,,90,manaka,,15,,「……入浴レポート、ってことは……」
167500 ,,,,,,,つむぎ,つむぎ,05tum431_005.wav,yuu,,90,tumugi,,0,,「水着かバスタオル、ですよね……？」
167600 ,,,,,,,優哉,優哉,,yuu,,90,tumugi,,0,,「だろうなあ……
　っていうかそれ、コンパニオンじゃねえか！」
167700 ,,,,,,,悠,悠,02yuu431_012.wav,yuu,,2,tumugi,,0,,「えっ、あっ、あれっ？」
167800 ,,,,,,,,,,yuu,,2,tumugi,,0,,　あわてて手元の紙を見直す悠。
　……こいつ、わかってなかったな。
167900 ,,,,,,,悠,悠,02yuu431_013.wav,yuu,,1,tumugi,,0,,「……あ、そ、そうだねー。はっはっはっ。
　気がつかなかった。こりゃコンパニオンだね」
168000 ,,,,,,,愛歌,愛歌,01man431_008.wav,yuu,,1,manaka,,3,,「アピールできるっていうのはいいけど……
　それはちょっとね」
168100 ,,,,,,,優哉,優哉,,yuu,,1,manaka,,3,,「つむぎは旅館の方の宣伝で出るんじゃないか？」
168200 ,,,,,,,つむぎ,つむぎ,05tum431_006.wav,yuu,,1,tumugi,,5,,「私、テレビに出るのはちょっと……」
168300 ,,,,,,,,,,yuu,,1,tumugi,,5,,　微笑みつつも困った様子のつむぎ。
168400 ,,,,,,,優哉,優哉,,yuu,,1,tumugi,,5,,「あ、そうなのか。
　いや、無理に出てほしいってことじゃないよ。
　ただ出られそうだな、と思っただけ」
168500 ,,,,,,,つむぎ,つむぎ,05tum431_007.wav,yuu,,1,tumugi,,5,,「すみません、私目立つのは……」
168600 ,,,,,,,優哉,優哉,,yuu,,1,tumugi,,5,,「や、気にしないでくれ。
　……いいチャンスだから、もったいないといえば
　もったいないんだが……」
168700 ,,,,,,,悠,悠,02yuu431_014.wav,yuu,,5,tumugi,,5,,「う、うーん、こまったな……
　ぜんぜん気づかなかったよ」
168800 ,,,,,,,優哉,優哉,,yuu,,5,tumugi,,5,,「言い出しっぺのお前がいったらどうだ、悠。
　部長なんだし」
168900 ,,,,,,,悠,悠,02yuu431_015.wav,yuu,,6,tumugi,,5,,「だ、ダメだよお。
　私が出るのは、その……」
169000 ,,,,,,,優哉,優哉,,yuu,,6,tumugi,,5,,「なんだよ、いつもの勢いで出ちゃえばいいじゃん」
169100 ,,,,,,,悠,悠,02yuu431_016.wav,yuu,,3,tumugi,,5,,「や、だって私……自信ないし……」
169200 ,,,,,,,恋鳥,恋鳥,04kot431_005.wav,yuu,,3,kotori,,0,,「……恥ずかしい？」
169300 ,,,,,,,,,,yuu,,3,kotori,,0,,　赤くなってコクリとうなずく悠。
　普段見ないような表情で上目遣いに見上げてくる
　その仕草は、妙にかわいげがあった。
169400 ,,,,,,,優哉,優哉,,yuu,,3,kotori,,0,,「そ、そうか。まあ恥ずかしいならしょうがないな。
　愛歌と恋鳥は……」
169500 ,,,,,,,愛歌,愛歌,01man431_009.wav,yuu,,3,manaka,,15,,「わ、私も恥ずかしいよお」
169600 ,,,,,,,恋鳥,恋鳥,04kot431_006.wav,yuu,,3,kotori,,0,,「……私は別に」
169700 ,,,,,,,優哉,優哉,,yuu,,3,kotori,,0,,「いやまあ、乗り気じゃないなら出なくていいよ」
169800 ,,,,,,,,,,yuu,,3,kotori,,0,,　……恋鳥は恥ずかしくなくても出すべきじゃない
　と思うんだ。主に言動の問題で。
169900 ,,,,,,,優哉,優哉,,yuu,,3,kotori,,0,,「……でも誰も出られないから、
　この話意味ないんじゃないか？」
170000 ,,,,,,,,,,yuu,,3,kotori,,0,,　俺の言葉に４人は顔を見合わせて曖昧に笑いあう。
170100 ,,,,,,,愛歌,愛歌,01man431_010.wav,yuu,,3,manaka,,42,,「……そうだね」
170200 ,,,,,,,悠,悠,02yuu431_017.wav,yuu,,12,manaka,,42,,「……残念だけど、無理かな」
170300 ,,,,,,,恋鳥,恋鳥,04kot431_007.wav,yuu,,12,kotori,,0,,「……私は別に」
170400 ,,,,,,,優哉,優哉,,yuu,,12,kotori,,0,,「まあほら、乗り気ではないんだろ？」
170500 ,,,,,,,つむぎ,つむぎ,05tum431_008.wav,yuu,,12,tumugi,,12,,「難しいですねえ」
170600 ,,,,,,,優哉,優哉,,yuu,,12,tumugi,,12,,「まあ、この話は頭のすみに置いておく、
　ってことで」
170700 ,,,,,,,愛歌,愛歌,01man431_011.wav,yuu,,12,manaka,,42,,「そうだね、誰か出られるなら、かな。
　……出そうにないけど」
170800 ,,,,,,,優哉＠愛歌＠悠＠恋鳥＠つむぎ,一同,01man431_012.wav＠02yuu431_018.wav＠04kot431_008.wav＠05tum431_009.wav＠ext431_e02.wav,yuu,,12,manaka,,42,,「…………はぁ…………」
170900 ,,,,,,,,,,,,,,,,,……………………
171000 ,,,,,,,,,,,,,,,,,………………
171100 ,,,,,,,,,,,,,,,,,…………
171200 ,,,,,,,優哉,優哉,,,,,,,,,「……で、悠」
171300 ,,,,,,,悠,悠,02yuu431_019.wav,yuu,,90,,,,,「ん？　何？」
171400 ,,,,,,,優哉,優哉,,yuu,,90,,,,,「温泉家ってなんだ」
171500 ,,,,,,,悠,悠,02yuu431_020.wav,yuu,,12,,,,,「知らない！」
171600 ,,,,,,,優哉,優哉,,yuu,,12,,,,,「変な職業を創作すんなお前は」
171700 ,,,,,,,悠,悠,02yuu431_021.wav,yuu,,53,,,,,「優哉はノリが悪いなあ！」
171800 ,,,,,,,優哉,優哉,,yuu,,53,,,,,「お前が適当にしゃべりすぎなんだっつーの」
171890 ,,<!Lend_move>,0,9000,,,,,,,,,,,,,
171899 ,,<!ec_manaka_uni>,,,,,,,,,,,,,,,
171990 ,$go 451,,,,,,,,,,,,,,,,
172100 ,@432,,,,,,,,,,,,,,,,
172400 ,,<!Lbegin_day_change>,2,4300,,,優哉,優哉,,,,,,,,,「やれやれ。部員全員緊急召集なんて、
悠のヤツ、なんか悪だくみでもしてるのか？」
172700 ,,<!move_veryshort><!se_bushitsu_open>,,4400,,,優哉,優哉,,,,,,,,,「よう、来てやったぞ」
172800 ,,,,,,,愛歌,愛歌,01man432_001.wav,"manaka,uniform",,0,,,,,「あ、優哉ちゃんだ。いらっしゃい」
172900 ,,,,,,,つむぎ,つむぎ,05tum432_001.wav,manaka,,0,"tumugi,uniform",,0,,「こんにちは……優哉さん」
173000 ,,,,,,,恋鳥,恋鳥,04kot432_001.wav,manaka,,0,kotori,,0,,「……遅い。ノロマ」
173100 ,,,,,,,,,,manaka,,0,kotori,,0,,　出迎え方はそれぞれだが、確かに部室には
　温泉部員が全員勢ぞろいしていた。
173200 ,,,,,,,優哉,優哉,,manaka,,0,kotori,,0,,「悪かったな。ヤボ用があったんだよ。
大体悠だってまだ来てないじゃないか。
部長が来る前だったらセーフじゃないのか？」
173300 ,,,,,,,恋鳥,恋鳥,04kot432_002.wav,manaka,,0,kotori,,7,,「ペーペーの平部員は早く来てて当たり前。
恋鳥より遅い時点でありえない」
173400 ,,,,,,,優哉,優哉,,manaka,,0,kotori,,7,,「そこまで体育会系だったか？　知らなかったな。
次からは気をつけてやるよ」
173500 ,,,,,,,愛歌,愛歌,01man432_002.wav,manaka,,1,kotori,,0,,「優哉ちゃん、何か飲む？
私つむぎさんと色々買ってきたんだけど」
173600 ,,,,,,,優哉,優哉,,manaka,,1,kotori,,0,,「お、さすが愛歌。よく気がつくな」
173700 ,,,,,,,,,,manaka,,1,kotori,,0,,　とりあえず机の上に出ている紙パック達の中から
　麦茶を手にとって席につく。
173800 ,,,,,,,優哉,優哉,,manaka,,1,kotori,,0,,「本当にアイツどうしたんだ？
緊急招集なんて言うくらいだから、
いの一番に来てるかと思ったのに」
173900 ,,,,,,,つむぎ,つむぎ,05tum432_002.wav,manaka,,0,tumugi,,0,,「何か……緊急のご用事でも
入られたのかもしれませんね」
174000 ,,,,,,,優哉,優哉,,manaka,,0,tumugi,,0,,「いや、つむぎ。あいつの中では
今、一番優先度が高いのは温泉部の事だ」
174100 ,,,,,,,,,,manaka,,0,tumugi,,0,,　やっぱり、何かとんでもない事を
　仕込んでるんじゃねえのか……？
174190 ,,<!se_bushitsu_open>,,,,,,,,,,,,,,,
174200 ,,,,,,,悠,悠,02yuu432_001.wav,"yuu,uniform",,12,,,,,「やー、ごめんごめん！
遅くなっちゃってホントごめんね！」
174300 ,,,,,,,,,,"yuu,uniform",,12,,,,,　当の部長ご本人は、いつものように
　ニコニコと謝りながらご登場した。
174400 ,,,,,,,愛歌,愛歌,01man432_003.wav,"yuu,uniform",,12,manaka,,1,,「あ、悠。じゃなくて
部長さんだね。こんにちは！」
174500 ,,,,,,,つむぎ,つむぎ,05tum432_003.wav,"yuu,uniform",,12,tumugi,,0,,「悠さん、ご苦労様です」
174600 ,,,,,,,恋鳥,恋鳥,04kot432_003.wav,"yuu,uniform",,12,kotori,,0,,「……バカに示しがつかないから、
あんまり遅くならないように」
174700 ,,,,,,,,,,"yuu,uniform",,12,kotori,,0,,　……今、さりげに失礼な発言がなかったか？
174800 ,,,,,,,悠,悠,02yuu432_002.wav,yuu,,90,kotori,,0,,「りょーかいりょーかい。それじゃ、
さっそく温泉部緊急会議を開きますか！」
174900 ,,,,,,,,,,yuu,,90,kotori,,0,,　そう言いながら、悠はカバンから引っ張り出した
　紙束を机の上に広げた。
175000 ,,,,,,,愛歌,愛歌,01man432_004.wav,yuu,,90,manaka,,2,,「わ、たくさんあるね。これって……」
175100 ,,,,,,,つむぎ,つむぎ,05tum432_004.wav,yuu,,90,tumugi,,0,,「みんな……星の河原祭りに関連したチラシですね」
175200 ,,,,,,,悠,悠,02yuu432_003.wav,yuu,,0,tumugi,,0,,「うん、実はみんなに集まってもらったのは
他でもなくて、このお祭りに合わせて企画を
考えてもらいたいんだよね」
175300 ,,,,,,,恋鳥,恋鳥,04kot432_004.wav,yuu,,0,kotori,,5,,「企画…………？」
175400 ,,,,,,,優哉,優哉,,yuu,,0,kotori,,5,,「なるほど。祭りに合わせて何かやる事で、
温泉部の知名度を一気に上げる作戦か」
175500 ,,,,,,,悠,悠,02yuu432_004.wav,yuu,,1,kotori,,5,,「その通り！　優哉、今日は冴えてるねえ」
175600 ,,,,,,,,,,yuu,,1,kotori,,5,,　定数に達したとは言え、温泉部は超弱小部活だ。
　知名度を上げて、みんなに存在を認知させる事は
　やっておくべき急務だろう。
175700 ,,,,,,,,,,yuu,,1,kotori,,5,,　街全体で盛り上げようと騒いでいる祭りで
　何か出来れば、街どころか全国にこの部活を
　アピールするチャンスもできるって考えか……
175800 ,,,,,,,優哉,優哉,,yuu,,1,kotori,,5,,「ほめてもらうのはまんざらでもないが、
こりゃ難題だぞ？　生半可な事をやっても
注目されないし、俺達にはかける金もないからな」
175900 ,,,,,,,恋鳥,恋鳥,04kot432_005.wav,yuu,,1,kotori,,3,,「……確かに。部費を部員から徴収しないかぎり、
予算はほぼゼロと考えなきゃいけない」
176000 ,,,,,,,悠,悠,02yuu432_005.wav,yuu,,90,kotori,,3,,「お金の心配はしなくても大丈夫！
そりゃ、湯水のようには使えないけど、
それなりの額はプールしてあるからさ」
176100 ,,,,,,,優哉,優哉,,yuu,,90,kotori,,3,,「そりゃすげえな」
176200 ,,,,,,,,,,yuu,,90,kotori,,3,,　そういえば、悠は恥ずかしいのなんの言いながら
　ケーキ屋でバイトしてたもんな。あの稼ぎを大半
　部費に回すんだから、こいつは男前だ。
176300 ,,,,,,,悠,悠,02yuu432_006.wav,yuu,,0,kotori,,3,,「というわけで、みんなにはお金とか気にせず
自由な発想で温泉部をアピールする企画を考えて
欲しいんだよね！」
176400 ,,,,,,,,,,yuu,,0,kotori,,3,,　そう言われてみんな真剣に考え出すが、
　なかなか口が開けない。まあ当然だよな。
　生半可な企画じゃやるだけムダなんだから……
176500 ,,,,,,,つむぎ,つむぎ,05tum432_005.wav,yuu,,0,tumugi,,3,,「あの……すみさきでもお祭りに合わせて
企画があるそうですので、それに協力するというのは
いかがでしょうか？」
176600 ,,,,,,,,,,yuu,,0,,,,,　口火を切ったつむぎの案は、手堅い路線だった。
176700 ,,,,,,,愛歌,愛歌,01man432_005.wav,yuu,,0,manaka,,1,,「それいいかも！　おじさんだったら私達が
お手伝いしたいって言えばオーケーしてくれそうだし」
176800 ,,,,,,,恋鳥,恋鳥,04kot432_006.wav,yuu,,0,kotori,,0,,「まあ、リスクは少なく部の存在をアピール
するという意味ではいいかもしれない」
176900 ,,,,,,,優哉,優哉,,yuu,,0,kotori,,0,,「だがなあ、リスクが少ない代わりに
アピール度も高くないぞ？　協力しただけじゃ
名前がデカデカと出るわけじゃないからな」
177000 ,,,,,,,,,,yuu,,0,kotori,,0,,　『協力：温泉部』なんてチラシに入るだけじゃ、
　認知度の上昇なんてたかが知れている。
177100 ,,,,,,,悠,悠,02yuu432_007.wav,yuu,,5,kotori,,0,,「うーん、コネは強いからスムーズに進みそうだけど、
確かに威力に難ありだね……ごめん、つむぎさん」
177200 ,,,,,,,つむぎ,つむぎ,05tum432_006.wav,yuu,,5,tumugi,,12,,「いえ。お役に立てず、申し訳ありません」
177300 ,,,,,,,恋鳥,恋鳥,04kot432_007.wav,yuu,,5,kotori,,7,,「……アピール度を優先するなら、
メディアへの露出が一番効果的」
177400 ,,,,,,,,,,yuu,,5,kotori,,7,,　お、今度は恋鳥の案か。
177500 ,,,,,,,悠,悠,02yuu432_008.wav,yuu,,0,kotori,,7,,「ふむふむ。一理あるね」
177600 ,,,,,,,,,,yuu,,0,kotori,,7,,　恋鳥は机の上にある紙束から一枚を引っ張り出した。
177700 ,,,,,,,恋鳥,恋鳥,04kot432_008.wav,yuu,,0,kotori,,52,,「……こんなものがある。挑戦してみるか？」
177800 ,,,,,,,,,,yuu,,0,kotori,,52,,　恋鳥が引っ張り出したチラシには、デカデカと
　『決定、星河原の姫君！』と書かれている。
　……こりゃつまり、ミスコンってヤツか？
177900 ,,,,,,,愛歌,愛歌,01man432_006.wav,yuu,,0,manaka,,2,,「あ、これ……
大和くんがやるって言ってたコンテストだ。
優勝すると、イメージガールに採用されるんだって」
178000 ,,,,,,,,,,yuu,,0,manaka,,2,,　紫藤グループが主催のイメージガールコンテスト？
　となれば、優勝者はほぼ全国レベルで有名になる。
　温泉部からそれを輩出したとなれば話題にはなるな。
178100 ,,,,,,,優哉,優哉,,yuu,,0,manaka,,2,,「こいつはハイリターンだな。確かに威力バツグンだ」
178200 ,,,,,,,悠,悠,02yuu432_009.wav,yuu,,5,manaka,,2,,「でも、そもそもコンテストに優勝しないと
意味がないわけでしょ？　自信のある子いる？」
178300 ,,,,,,,,,,yuu,,5,manaka,,2,,　悠の問いかけに、女性陣は顔を見合わせた。
178400 ,,,,,,,つむぎ,つむぎ,05tum432_007.wav,yuu,,5,tumugi,,0,,「私、こういうのはちょっと……」
178500 ,,,,,,,愛歌,愛歌,01man432_007.wav,yuu,,5,manaka,,0,,「私も大和くんに誘われたけど、断ったから……」
178600 ,,,,,,,恋鳥,恋鳥,04kot432_009.wav,yuu,,5,kotori,,0,,「恋鳥は出ろと言われればやぶさかではないけど、
出る人数が少ないと優勝確率は下がる一方」
178700 ,,,,,,,悠,悠,02yuu432_010.wav,yuu,,3,kotori,,0,,「だよねえ……
だとすると、ちょっと無理があるかなあ」
178800 ,,,,,,,愛歌,愛歌,01man432_008.wav,yuu,,3,manaka,,0,,「メディアへの露出が重要なら、
テレビなんかどうかな？　お祭りを取材に来た
テレビ番組に協力とかして、出演させてもらうの！」
178900 ,,,,,,,優哉,優哉,,yuu,,3,manaka,,0,,「お前、
なんかツテというかコネはあるのか？　テレビ番組の」
179000 ,,,,,,,愛歌,愛歌,01man432_009.wav,yuu,,3,manaka,,15,,「ふぇ？　ううん。ないよ」
179100 ,,,,,,,優哉,優哉,,yuu,,3,manaka,,15,,「じゃあお前、それ飛びこみで申しこむ気か？
取材に来たスタッフにいきなり話しかけて、
協力するから出してくれって？」
179200 ,,,,,,,愛歌,愛歌,01man432_010.wav,yuu,,3,manaka,,5,,「…………ダメかな？」
179300 ,,,,,,,,,,yuu,,3,manaka,,5,,　そんな胡散臭い協力の申し出、普通受けるか？
　まあ当然、部長様も難色を示されるわけで。
179400 ,,,,,,,悠,悠,02yuu432_011.wav,yuu,,5,manaka,,5,,「うーん、ちょっと無理があるかなあ」
179500 ,,,,,,,,,,yuu,,5,manaka,,5,,　俺はここでちょっとだけ話題を誘導してみる
　事にした。
179600 ,,,,,,,優哉,優哉,,yuu,,5,manaka,,5,,「じゃあ、ここで部長様の出番と行こうじゃないか。
なんか案を持ってる風に見えるから、言ってみろよ」
179700 ,,,,,,,悠,悠,02yuu432_012.wav,yuu,,2,manaka,,5,,「私？　優哉が先に言わなくていいの？」
179800 ,,,,,,,優哉,優哉,,yuu,,2,manaka,,5,,「部活の事考えてる量から言えば、
悠の企画の方が出来がよさそうじゃないか？
俺のは悠がダメだった時のおさえって事で」
179900 ,,,,,,,悠,悠,02yuu432_013.wav,yuu,,90,manaka,,5,,「じゃあ、お先に失礼するよ。
まずこれを見て欲しいんだけど」
180000 ,,,,,,,,,,yuu,,90,manaka,,5,,　悠は机の上に何やら地図と、本のコピーを
　どさっと並べ始めた。
180100 ,,,,,,,悠,悠,02yuu432_014.wav,yuu,,4,manaka,,5,,「温泉郷の事を色々調べてた時に見つけたんだけど、
今と昔で、この温泉郷が使ってる源泉の数に違い
があるんだよね」
180200 ,,,,,,,愛歌,愛歌,01man432_011.wav,yuu,,4,manaka,,3,,「源泉の……数？」
180300 ,,,,,,,悠,悠,02yuu432_015.wav,yuu,,0,manaka,,3,,「そう。どうも今は使われてない源泉が
一つあるみたいなんだよ」
180400 ,,,,,,,つむぎ,つむぎ,05tum432_008.wav,yuu,,0,tumugi,,5,,「――――っ！」
180500 ,,,,,,,,,,yuu,,0,tumugi,,5,,　その時、つむぎの表情に
　何か暗いものが走ったように見えた。
180600 ,,,,,,,優哉,優哉,,yuu,,0,tumugi,,5,,「つむぎ？　どうかしたか？」
180700 ,,,,,,,つむぎ,つむぎ,05tum432_009.wav,yuu,,0,tumugi,,12,,「いえ……何でも、何でもありません」
180800 ,,,,,,,悠,悠,02yuu432_016.wav,yuu,,5,tumugi,,12,,「結構昔の記録にしか出てこないから、
枯れたのかなとも思ったんだけど、どうも
そうじゃないらしいんだよね」
180900 ,,,,,,,,,,yuu,,5,tumugi,,12,,　そう言って、悠は
　古い文書のコピーらしきものを指差す。
181000 ,,,,,,,悠,悠,02yuu432_017.wav,yuu,,4,tumugi,,12,,「最近の記録から意図的に削除されてる
みたいで、知る人ぞ知る秘湯になっちゃってるの」
181100 ,,,,,,,恋鳥,恋鳥,04kot432_010.wav,yuu,,4,kotori,,0,,「で、悠はこれをどうしたい？」
181200 ,,,,,,,悠,悠,02yuu432_018.wav,yuu,,1,kotori,,0,,「状態にもよるんだけど……
私達の手で復活できないかなあって。
幻となった秘湯を私達が再プロデュース！」
181300 ,,,,,,,,,,yuu,,1,kotori,,0,,　こりゃまた思い切った案だな……
　相変わらず突拍子のなさならピカ一だ。
181400 ,,,,,,,つむぎ,つむぎ,05tum432_010.wav,yuu,,1,tumugi,,3,,「ですが……そのような事が可能なんでしょうか？
大変障害が多いように思いますし、意図的に
記録から削除されているのも気になります」
181500 ,,,,,,,愛歌,愛歌,01man432_012.wav,yuu,,1,manaka,,3,,「うん。大変そうだよね……」
181600 ,,,,,,,,,,yuu,,1,manaka,,3,,　つむぎと愛歌はしごく真っ当な意見を述べる。
　そう、普通に考えれば大変だからあまりやりたい
　プランじゃないだろう。
181700 ,,,,,,,恋鳥,恋鳥,04kot432_011.wav,yuu,,1,kotori,,4,,「恋鳥達で復活させられそうなら、
予算はあまりかからないし、
アピール度はある。恋鳥は悪くないと思う」
181800 ,,,,,,,,,,yuu,,1,kotori,,4,,　つむぎと愛歌が反対、恋鳥は悠について、
　これで二対二か……俺の一票で話が決まるわけだ。
181900 ,,,,,,,悠,悠,02yuu432_019.wav,yuu,,90,kotori,,4,,「優哉はどう思う？」
182000 ,,,,,,,優哉,優哉,,yuu,,90,kotori,,4,,「俺は……悪くないと思う。
もちろん、もう手に負えないくらい荒れてたり、
湯が枯れてたらお手上げだけどな」
182100 ,,,,,,,優哉,優哉,,yuu,,90,kotori,,4,,「一度確認しに行って、俺達でやれそうなら
温泉を一つ復活させるのは面白いと思うぜ。
秘湯復活は、街にとってもいいイベントだしな」
182200 ,,,,,,,,,,yuu,,90,kotori,,4,,　俺も悠と部活で一緒にいる内に、
　悪い影響を受けちまったみたいだ。
　突拍子はなくて大変だが…………
182300 ,,,,,,,,,,yuu,,90,kotori,,4,,　面白そうなのに、体がうずうずするほど
　反応しちまってるんだからな
182400 ,,,,,,,悠,悠,02yuu432_020.wav,yuu,,0,kotori,,4,,「オッケー！　じゃあ愛歌、つむぎさん。
とりあえず確認に行くって事でいいかな？
ダメそうだったらすっぱりあきらめるって事で」
182500 ,,,,,,,愛歌,愛歌,01man432_013.wav,yuu,,0,manaka,,0,,「私はかまわないよ」
182600 ,,,,,,,つむぎ,つむぎ,05tum432_011.wav,yuu,,0,tumugi,,0,,「確認してからなら……私もかまいません」
182700 ,,,,,,,悠,悠,02yuu432_021.wav,yuu,,1,tumugi,,0,,「よーし、決まり！　それじゃあ次の日曜、
みんなで秘湯を見に行こう！」
182800 ,,,,,,,,,,yuu,,1,tumugi,,0,,　俺の一票の勢いを借りて、
　悠は会議をまとめ上げちまった。
183000 ,,,,9000,,,,,,,,,,,,,　さて、次の日曜か……
　一体どうなることやら……
183090 ,,<!Lend_day_change>,0,9000,,,,,,,,,,,,,
183099 ,,<!ec_yuu_uni>,,,,,,,,,,,,,,,
183190 ,$go 452,,,,,,,,,,,,,,,,
183300 ,@433,,,,,,,,,,,,,,,,
183500 ,,<!Lbegin_day_change>,2,4401,,,悠,悠,02yuu433_001.wav,"yuu,uniform",,2,,,,,「あ、いっけない！」
183600 ,,,,,,,,,,yuu,,2,,,,,　と唐突に悠が言う時はだいたい
　俺にお鉢が回ってくる。
183700 ,,,,,,,,,,yuu,,2,,,,,　ちなみに愛歌は古巣の料理部に助っ人に行き、
　つむぎはすみさきの手伝いに帰った。
183800 ,,,,,,,優哉,優哉,,yuu,,2,,,,,「……今日はどうした。
　弁当箱洗い忘れて腐ったか、
　それとも半年前の宿題でも思い出したか」
183900 ,,,,,,,悠,悠,02yuu433_002.wav,yuu,,53,,,,,「そんなことじゃないよっ。
　それじゃいつもそんなことで
　困ってるみたいじゃない」
184000 ,,,,,,,優哉,優哉,,yuu,,53,,,,,「……にたようなもんじゃないか。
　じゃあ今日はなんだよ」
184100 ,,,,,,,悠,悠,02yuu433_003.wav,yuu,,5,,,,,「うん、忘れてたんだけど、
　恋鳥に渡さなきゃいけない
　書類があったのよ」
184200 ,,,,,,,優哉,優哉,,yuu,,5,,,,,「何の書類だ」
184300 ,,,,,,,悠,悠,02yuu433_004.wav,yuu,,5,,,,,「温泉部の会計書類。
　会計資料、全部恋鳥が持ってるのよね。
　で、これ今日提出日なのよ」
184400 ,,,,,,,優哉,優哉,,yuu,,5,,,,,「ずいぶん急だなおい。
　いつ受け取ったんだ」
184500 ,,,,,,,悠,悠,02yuu433_005.wav,yuu,,3,,,,,「……先週だっけな？」
184600 ,,,,,,,優哉,優哉,,yuu,,3,,,,,「おい。１週間カバンにいれっぱなしかよ」
184700 ,,,,,,,悠,悠,02yuu433_006.wav,yuu,,12,,,,,「へへ……カバンの中身ほとんど出さないから
　忘れてたよ。
　……で、優哉」
184800 ,,,,,,,優哉,優哉,,yuu,,12,,,,,「なんだ」
184900 ,,,,,,,悠,悠,02yuu433_007.wav,yuu,,90,,,,,「これ、恋鳥の家に届けてくれない？」
185000 ,,,,,,,優哉,優哉,,yuu,,90,,,,,「……何で俺が届けなきゃならんのだ」
185100 ,,,,,,,悠,悠,02yuu433_008.wav,yuu,,12,,,,,「私は今から生徒会に交渉して
　提出期限一日延ばしてもらうからさ。
　届けるのはお願いできない？」
185200 ,,,,,,,優哉,優哉,,yuu,,12,,,,,「……ったく、しょうがねえな」
185300 ,,,,,,,悠,悠,02yuu433_009.wav,yuu,,1,,,,,「頼んだよっ！
　んじゃ私行ってくるから」
185600 ,,,,,,,,,,,,,,,,,　言ったと思ったらあっという間に去っていった。
　……気の早いヤツだ。
185700 ,,,,,,,優哉,優哉,,,,,,,,,「……んじゃ、行ってくるか」
185900 ,,<!move_long>,8,7101,,,優哉,優哉,,,,,,,,,「ふう、やっとついた。
　なれない道歩くと疲れるな……」
186000 ,,,,,,,,,,,,,,,,,　軽く一息ついて深呼吸。
　田舎で大した距離も離れてないのに、
　竹林を抜けるとすっきりするから不思議だ。
186200 ,,,,,,,,,,,,,,,,,　と、あれは恋鳥のとこの大家さんじゃないか。
186300 ,,,,,,,優哉,優哉,,,,,,,,,「大家さん、こんに……」
186400 ,,,,,,,,,,,,,,,,,　と、声をかけようとして、俺はあわてて声を抑えた。
　ついでにすぐそばの壁の裏に身を潜め、
　少しだけ顔を出して耳をそばだてる。
186600 ,,,,,,,,,,,,,,,,,　大家さんは黒服の男と何か話している。
　……それだけならいいんだが、
　どうも様子が変だ。
186700 ,,,,,,,黒服,黒服,31kro433_001.wav,,,,,,,,「……そういうわけでお話をさせて頂いております。
　決して悪い話ではないと思いますが……」
186800 ,,,,,,,大家さん,大家さん,15oya433_001.wav,,,,,,,,「そう、ですわね……
　でも……」
186900 ,,,,,,,,,,,,,,,,,　コワモテの割には意外と丁寧なヤツだ。
　でも大家さんは困ってるな。
187000 ,,,,,,,黒服,黒服,31kro433_002.wav,,,,,,,,「お迷いになるのも当然です、急な話ですから。
　……よろしければ、この書類をご検討ください」
187100 ,,,,,,,大家さん,大家さん,15oya433_002.wav,,,,,,,,「はぁ……それでは頂いておきます」
187200 ,,,,,,,黒服,黒服,31kro433_003.wav,,,,,,,,「色よいお答えがいただけることを期待しております。
　それでは、また」
187300 ,,,,,,,,,,,,,,,,,　そういってブリーフケースを閉じると、
　男はカツカツとこちらに向かって歩いてきた。
187400 ,,,,,,,優哉,優哉,,,,,,,,,「！　やべっ！」
187500 ,,,,,,,,,,,,,,,,,　あわてて壁の後ろに体を押し込め、
　出来るだけ縮こまる。
　俺は石……俺は石……
187600 ,,,,,,,黒服,黒服,31kro433_004.wav,,,,,,,,「………………」
187800 ,,,,,,,,,,,,,,,,,　横を通る時一瞬ちらっと見られた気がしたが……
　ともかく男はそのまま去っていった。
187900 ,,,,,,,優哉,優哉,,,,,,,,,「……大家さん」
188000 ,,,,,,,大家さん,大家さん,15oya433_003.wav,,,,,,,,「……あ、あらあら、優哉くん。こんにちは」
188100 ,,,,,,,優哉,優哉,,,,,,,,,「こんにちは。……あの、すみません。
　立ち聞きする気はなかったんですが、今の」
188200 ,,,,,,,大家さん,大家さん,15oya433_004.wav,,,,,,,,「……あ、ごめんなさいね。
　ちょっと、このアパートのことでね……」
188300 ,,,,,,,優哉,優哉,,,,,,,,,「あの、よければ聞かせてもらえませんか。
　友達の住んでるところだし……
　無関係じゃ、ありません」
188400 ,,,,,,,大家さん,大家さん,15oya433_005.wav,,,,,,,,「……そうね、
　優哉くんは恋鳥ちゃんのお友達だし……
　お話するわ」
188500 ,,,,,,,,,,,,,,,,,　大家さんは手にした書類を俺に見せてくれた。
188600 ,,,,,,,優哉,優哉,,,,,,,,,「スターショア・リゾート＜（仮）＝かっこかり＞
　建設計画要項……？」
188700 ,,,,,,,,,,,,,,,,,　その書類には、このアパートの周辺一帯、
　竹林のあたりまでを開発し、一大リゾートホテルを
　建築するという計画が説明されていた。
188800 ,,,,,,,大家さん,大家さん,15oya433_006.wav,,,,,,,,「……そのホテルの建設のために立ち退いて欲しい
　っていう、お話らしいのよ」
188900 ,,,,,,,優哉,優哉,,,,,,,,,「………………」
189000 ,,,,,,,,,,,,,,,,,　書類の下の方を見る。
　施工計画者は……紫藤グループだ。
189100 ,,,,,,,優哉,優哉,,,,,,,,,「紫藤グループっていったら……
　大和のオヤジの会社だな」
189200 ,,,,,,,,,,,,,,,,,　観光業界でもかなりの大手。
　うちのすみさきなんか比べものにならない
　＜大店＝おおだな＞だ。
189300 ,,,,,,,,,,,,,,,,,　ここ、星河原にももう何軒かの
　観光ホテルを持っていたはず……。
189400 ,,,,,,,優哉,優哉,,,,,,,,,「大家さん、乱暴とかはされてないですよね？」
189500 ,,,,,,,大家さん,大家さん,15oya433_007.wav,,,,,,,,「ええ、荒っぽい感じじゃなかったけど……
　でも、和やかな雰囲気じゃなかったわね」
189600 ,,,,,,,,,,,,,,,,,　哀しげに微笑む大家さん。
　やり方が荒っぽけりゃ承知しねえところだが、
　ひとまずは安心だ。
189700 ,,,,,,,優哉,優哉,,,,,,,,,「でも、なんかやな予感がするな……」
189800 ,,,,,,,,,,,,,,,,,　それは本当にささやかな、
　けれどのどにひっかかった魚の骨のような、
　確かに存在感のある不安だった。
189900 ,,,,,,,優哉,優哉,,,,,,,,,「あの、大家さん。
　何かあったら、俺……」
190100 ,,<!se_kotori_door_open>,,,,,,,,,,,,,,,　と、言いかけたところで、
　アパートの方から人の動く気配がした。
190200 ,,,,,,,恋鳥,恋鳥,04kot433_001.wav,"kotori,private",,90,,,,,「……お前、何しにきた」
190300 ,,,,,,,大家さん,大家さん,15oya433_008.wav,kotori,,90,,,,,「ああ、恋鳥ちゃん」
190400 ,,,,,,,,,,kotori,,90,,,,,　とりあえず今の話は恋鳥には
　聞かせない方がいいよな……
190500 ,,,,,,,,,,kotori,,90,,,,,　大家さんの方をちらっと見ると、
　大家さんはこくりとうなずいた。
190600 ,,,,,,,優哉,優哉,,kotori,,90,,,,,「……おう、恋鳥。
　お前最初っからご挨拶だな」
190700 ,,,,,,,恋鳥,恋鳥,04kot433_002.wav,kotori,,4,,,,,「とーぜんだ、お前に振りまく愛想の
　持ち合わせなんかないんだからな」
190800 ,,,,,,,優哉,優哉,,kotori,,4,,,,,「おうおう、ご挨拶だな。
　せっかく届け物持ってきてやったっつーのに」
190900 ,,,,,,,,,,kotori,,4,,,,,　カバンから預かった書類を引っ張り出す。
191000 ,,,,,,,恋鳥,恋鳥,04kot433_003.wav,kotori,,2,,,,,「あ、それ……」
191100 ,,,,,,,優哉,優哉,,kotori,,2,,,,,「悠から預かったんだ。
　明日締め切りだってよ」
191200 ,,,,,,,恋鳥,恋鳥,04kot433_004.wav,kotori,,5,,,,,「いつもながら悠は物忘れが過ぎる……」
191300 ,,,,,,,優哉,優哉,,kotori,,5,,,,,「そうだな……」
191400 ,,,,,,,,,,kotori,,5,,,,,　二人、久々に意見が一致した。
191500 ,,,,,,,恋鳥,恋鳥,04kot433_005.wav,kotori,,0,,,,,「……ん、ありがと」
191600 ,,,,,,,優哉,優哉,,kotori,,0,,,,,「お、感謝の言葉も言えるんだな」
191700 ,,,,,,,恋鳥,恋鳥,04kot433_006.wav,kotori,,7,,,,,「お前は恋鳥をどんな恥知らずだと思っていたんだ」
191800 ,,,,,,,大家さん,大家さん,15oya433_009.wav,kotori,,7,,,,,「うふふ、二人とも仲が良いのね」
191900 ,,,,,,,恋鳥,恋鳥,04kot433_007.wav,kotori,,6,,,,,「そ、そんなことないぞっ、おばあちゃん」
192000 ,,,,,,,優哉,優哉,,kotori,,6,,,,,「そうですよ、恋鳥と俺は……
　なんていうか、なんだろう？」
192100 ,,,,,,,恋鳥,恋鳥,04kot433_008.wav,kotori,,7,,,,,「思いつかないなら言うな」
192200 ,,,,,,,大家さん,大家さん,15oya433_010.wav,kotori,,7,,,,,「喧嘩するほど仲が良いって言うわよ？」
192300 ,,,,,,,恋鳥,恋鳥,04kot433_009.wav,kotori,,5,,,,,「違うってば、おばあちゃん」
192400 ,,,,,,,大家さん,大家さん,15oya433_011.wav,kotori,,5,,,,,「うふふ、そういうことにしておきましょ」
192500 ,,,,,,,優哉,優哉,,kotori,,5,,,,,「………………」
192600 ,,,,,,,,,,kotori,,5,,,,,　その本当の祖母と孫みたいな二人を見て、
　俺は悪態をつくような気分じゃなくなってきた。
192700 ,,,,,,,優哉,優哉,,kotori,,5,,,,,「んじゃ、用事もすんだし。
　俺は帰るからな」
192800 ,,,,,,,大家さん,大家さん,15oya433_012.wav,kotori,,5,,,,,「あらもう帰るの？
　晩ごはん食べていきませんか？」
192900 ,,,,,,,優哉,優哉,,kotori,,5,,,,,「いや、妹が用意してくれてるんで……
　今日はご遠慮します。すみません」
193000 ,,,,,,,大家さん,大家さん,15oya433_013.wav,kotori,,5,,,,,「そう、それじゃ、また来てね」
193100 ,,,,,,,恋鳥,恋鳥,04kot433_010.wav,kotori,,0,,,,,「早く帰れ帰れ。
　せいせいだぞ」
193200 ,,,,,,,優哉,優哉,,kotori,,0,,,,,「うっせえ。
　お前明日学校でひどい目にあわしちゃるぞ」
193300 ,,,,,,,恋鳥,恋鳥,04kot433_011.wav,kotori,,7,,,,,「やれるもんならやってみろ。
　痛い目にあわせてやるぞ」
193400 ,,,,,,,,,,kotori,,7,,,,,　にらみ合う俺たちに、大家さんが優しく微笑んでいる。
　俺はなんだか笑えてきて、にらむ気力が失せた。
193500 ,,,,,,,優哉,優哉,,kotori,,7,,,,,「やめやめ、不毛だ。
　……じゃあな、恋鳥。
　大家さん、さようなら」
193600 ,,,,,,,大家さん,大家さん,15oya433_014.wav,kotori,,7,,,,,「ええ、さようなら」
193700 ,,,,,,,恋鳥,恋鳥,04kot433_012.wav,kotori,,0,,,,,「ふん、べーっだぞ」
193800 ,,,,,,,,,,kotori,,0,,,,,　苦笑いしながら二人に手を振って
　アパートの前を離れる。
194000 ,,,,,,,,,,,,,,,,,　……少し離れたところで振り返ると、
　大家さんと恋鳥が何か話しながら二人ならんで
　大家さんの家に入っていくところだった。
194100 ,,,,,,,優哉,優哉,,,,,,,,,「このアパートをなくして、
　リゾートホテル……？
　なんつーか、いいセンスじゃねえな」
194200 ,,,,,,,,,,,,,,,,,　胸の奥に何かつっかえを残したまま、
　俺は一人の帰路についた。
194290 ,,<!Lend_move>,0,9000,,,,,,,,,,,,,
194299 ,,<!ec_kotori_pri>,,,,,,,,,,,,,,,
194390 ,$go 453,,,,,,,,,,,,,,,,
194500 ,@434,,,,,,,,,,,,,,,,
194800 ,,<!Lbegin_day_change>,8,1101,,,,,,,,,,,,,　祭りを前にして、ウチの旅館は
　ちゃんと客が入ってるんだろうか。
194900 ,,,,,,,,,,,,,,,,,　俺はふと思い立って、旅館へと行ってみた。
195100 ,,<!move_veryshort>,,1200,,,,,,,,,,,,,　旅館の玄関をくぐると、
　すでに慌ただしさが伝わってきていた。
195200 ,,,,,,,,,,,,,,,,,　いつもヒマそうな雰囲気がただよっているはずの
　ロビーは、ぱたぱたと行き交う仲居さんたちで
　にぎわっていた。
195300 ,,,,,,,優哉,優哉,,,,,,,,,「ああ、やっぱり忙しそうだね」
195400 ,,,,,,,仲居Ａ,仲居,38naa434_001.wav,,,,,,,,「ああ、若。
　まぁねぇ、祭りが近いからねぇ」
195500 ,,,,,,,,,,,,,,,,,　お膳を運んでいるトメさんが、
　少しやつれた様子で答えてくれる。
195600 ,,,,,,,優哉,優哉,,,,,,,,,「どう、珍しく繁盛してる？」
195700 ,,,,,,,仲居Ａ,仲居,38naa434_002.wav,,,,,,,,「うんうん、ホントに珍しくね。
　こんな＜入＝い＞り、ここ数年なかったわよ」
195800 ,,,,,,,,,,,,,,,,,　やっぱり、今年は大々的に宣伝してるという
　祭りの影響は大きかったか。
195900 ,,,,,,,,,,,,,,,,,　この様子だと、
　やっぱ俺も手伝うことになりそうだな。
196000 ,,,,,,,,,,,,,,,,,　……まあ、家業が繁盛するのはいいことだけど。
196100 ,,,,,,,仲居Ａ,仲居,38naa434_003.wav,,,,,,,,「それじゃ若、あたしは行きますね」
196200 ,,,,,,,優哉,優哉,,,,,,,,,「うん、邪魔してごめんね、トメさん」
196300 ,,,,,,,,,,,,,,,,,　俺は、客室へと向かっていくトメさんを見送った。
196500 ,,,,,,,つむぎ,つむぎ,05tum434_001.wav,"tumugi,nakai",,2,,,,,「あ、優哉さん……」
196600 ,,,,,,,,,,tumugi,,2,,,,,　今度は入れ替わりに、つむぎがやってきた。
196700 ,,,,,,,優哉,優哉,,tumugi,,2,,,,,「やあ、つむぎ。忙しそうだな。
　大丈夫か？」
196800 ,,,,,,,つむぎ,つむぎ,05tum434_002.wav,tumugi,,1,,,,,「はい、大丈夫です。
　お仕事が多いと、むしろ充実します」
196900 ,,,,,,,,,,tumugi,,1,,,,,　そう言って、つむぎは屈託なく笑う。
197000 ,,,,,,,,,,tumugi,,1,,,,,　しかし、なんて言うか……。
　つむぎの頑張りには、ちょっと危うさを感じるよな。
197100 ,,,,,,,,,,tumugi,,1,,,,,　まあ、俺がどうこうできる問題でも
　なさそうだけど……。
197200 ,,,,,,,優哉,優哉,,tumugi,,1,,,,,「じゃ、仕事の邪魔になるといけないから、
　俺はここで帰るよ」
197300 ,,,,,,,つむぎ,つむぎ,05tum434_003.wav,tumugi,,90,,,,,「あ、はい。
　お疲れ様です、優哉さん」
197400 ,,,,,,,優哉,優哉,,tumugi,,90,,,,,「いや、俺は何もやってないから。
　お疲れなのは、むしろつむぎたちだよ」
197500 ,,,,,,,,,,,,,,,,,　俺はそう苦笑してつむぎと別れ、
　玄関に向かおうとする。
197600 ,,,,,,,仲居Ａ,仲居,38naa434_004.wav,,,,,,,,「ああ、ああ、つむぎちゃん。
　今からちょいと休憩してきなよ」
197700 ,,,,,,,,,,,,,,,,,　今度は空の膳を持ってやってきたトメさんが、
　つむぎを呼び止めた。
197800 ,,,,,,,つむぎ,つむぎ,05tum434_004.wav,tumugi,,0,,,,,「えっ、私は大丈夫ですけど……」
197900 ,,,,,,,仲居Ａ,仲居,38naa434_005.wav,tumugi,,0,,,,,「いいのいいの。ほら、若もいるんだし、
　ふたりで散歩とかしてきたらどう？」
198000 ,,,,,,,つむぎ,つむぎ,05tum434_005.wav,tumugi,,5,,,,,「でも、その…………」
198100 ,,,,,,,仲居Ａ,仲居,38naa434_006.wav,tumugi,,5,,,,,「若も時間あるんでしょ？　ね？」
198200 ,,,,,,,優哉,優哉,,tumugi,,5,,,,,「えっ？　う、うん……。
　そうだな。つむぎ、ちょっと気分転換に
　外でも出てみる？」
198300 ,,,,,,,つむぎ,つむぎ,05tum434_006.wav,tumugi,,6,,,,,「はっ、はい……。
　優哉さんがおっしゃるのなら……」
198400 ,,,,,,,,,,tumugi,,6,,,,,　つむぎは控えめにうなずいて、
　それからトメさんの方を見た。
198500 ,,,,,,,,,,tumugi,,6,,,,,　トメさんが笑顔でうなずいたのを見て、
　つむぎは外に出る支度を始める。
198600 ,,,,,,,仲居Ａ,仲居,38naa434_007.wav,tumugi,,6,,,,,「つむぎちゃん、時間は気にしなくていいからね～。
　うふふふふっ」
198700 ,,,,,,,,,,,,,,,,,　トメさんのちょっと下世話な笑い声を
　背中越しに聞きながら、俺たちは旅館を後にした。
198900 ,,<!move_normal>,4,12301,,,,,,,,,,,,,　俺たちは旅館を出て、近くの道を歩いた。
199000 ,,,,,,,,,,,,,,,,,　陽は、山の向こうに落ちかけている。
　少し夜の雰囲気をまとった風が、身体に心地いい。
199100 ,,,,,,,優哉,優哉,,,,,,,,,「なあ、つむぎ。これから祭りに近づくにしたがって
　さらにお客さんは増えると思うけど、
　旅館の人たちは大丈夫かな？」
199300 ,,,,,,,つむぎ,つむぎ,05tum434_007.wav,tumugi,,1,,,,,「はい、なんとかやっています。
　皆さん、忙しいけど嬉しそうですよ」
199400 ,,,,,,,優哉,優哉,,tumugi,,1,,,,,「そっか。それならいいけど……。
　でも大変なことには変わりないだろう？」
199500 ,,,,,,,つむぎ,つむぎ,05tum434_008.wav,tumugi,,12,,,,,「そうですね。
　でもやっぱり、気持ちが充実してます。
　すごく嬉しいです」
199600 ,,,,,,,優哉,優哉,,tumugi,,12,,,,,「つむぎはホントに働き者だなあ。
　あんまり無茶しないでくれよ。
　つむぎ、頑張りすぎることがあるから……」
199700 ,,,,,,,つむぎ,つむぎ,05tum434_009.wav,tumugi,,6,,,,,「は、はい……」
199800 ,,,,,,,,,,tumugi,,6,,,,,　つむぎは少しうつむき加減に、俺の隣を歩いていた。
199900 ,,,,,,,,,,tumugi,,6,,,,,　そのとき不意に、山の端から顔を出した太陽が
　谷底の景色を＜黄金色＝こがねいろ＞に染めた。
200000 ,,,,,,,,,,tumugi,,6,,,,,　＜金色＝こんじき＞の陽射しが美しい光の線となり、
　つむぎを照らし出す。
200100 ,,,,,,,優哉,優哉,,tumugi,,6,,,,,「つむぎ…………」
200200 ,,,,,,,,,,tumugi,,6,,,,,　その光景に見とれた俺は、
　思わず感嘆の声が出てしまった。
200300 ,,,,,,,優哉,優哉,,tumugi,,6,,,,,「綺麗だな……」
200400 ,,,,,,,つむぎ,つむぎ,05tum434_010.wav,tumugi,,2,,,,,「えっ？　あっ……その…………」
200500 ,,,,,,,,,,tumugi,,2,,,,,　照れしきるつむぎを見て、俺もハッと気づく。
200600 ,,,,,,,優哉,優哉,,tumugi,,2,,,,,「い、いやその、さっきのは、照らされたつむぎが
　すごく綺麗だったからで……。
　って、俺は何を言ってるんだ」
200700 ,,,,,,,つむぎ,つむぎ,05tum434_011.wav,tumugi,,6,,,,,「ぅ……ぁ……」
200800 ,,,,,,,つむぎ,つむぎ,05tum434_012.wav,tumugi,,6,,,,,「恥ずかしいです……優哉さん……」
200900 ,,,,,,,,,,tumugi,,6,,,,,　そうしてしばらくつむぎに見とれていた俺は、
　目の前に立っていた人影に気がつかなかった。
201100 ,,,,,,,千紗,千紗,06tis434_001.wav,"chisa,uniform",,4,,,,,「……………………」
201200 ,,,,,,,千紗,千紗,06tis434_002.wav,chisa,,3,,,,,「お兄ちゃん……。つむぎさん…………」
201300 ,,,,,,,優哉,優哉,,chisa,,3,,,,,「お、おう、千紗。いま帰りか？」
201400 ,,,,,,,つむぎ,つむぎ,05tum434_013.wav,chisa,,3,tumugi,,1,,「こ、こんにちは、千紗ちゃん」
201500 ,,,,,,,千紗,千紗,06tis434_003.wav,chisa,,4,tumugi,,1,,「こんにちは……」
201600 ,,,,,,,,,,chisa,,4,tumugi,,1,,　慌てて場を取り繕う俺たちに、
　千紗は顔を伏せたまま言葉を返した。
201700 ,,,,,,,優哉,優哉,,chisa,,4,tumugi,,1,,「なあ、千紗。今日の夕飯、なんだろうな。
　陽向から聞いてないか？」
201800 ,,,,,,,千紗,千紗,06tis434_004.wav,chisa,,5,tumugi,,1,,「……………………」
201900 ,,,,,,,優哉,優哉,,chisa,,5,tumugi,,1,,「どうした、千紗？」
202000 ,,,,,,,千紗,千紗,06tis434_005.wav,chisa,,1,tumugi,,1,,「う、ううん。
　千紗、先に帰ってるね」
202100 ,,,,,,,優哉,優哉,,chisa,,1,tumugi,,1,,「お、おい、千紗！？」
202200 ,,,,,,,,,,,,,tumugi,,1,,　千紗は俺の横を走ってすり抜けると、
　そのまま家に向かって駆けていってしまった。
202300 ,,,,,,,つむぎ,つむぎ,05tum434_014.wav,,,,tumugi,,2,,「……………………」
202400 ,,,,,,,つむぎ,つむぎ,05tum434_015.wav,,,,tumugi,,3,,「千紗ちゃん…………」
302490 ,,<!Lend_continue>,0,9000,,,,,,,,,,,,,
ERR,,<!ec_tsumugi_pri>,,,,,,,,,,,,,,,
202590 ,$go 454,,,,,,,,,,,,,,,,
202700 ,@440,,,,,,,,,,,,,,,,バッドエンド
203000 ,,<!Lbegin_day_change>,7,4401,,,,,,,,,,,,,　結局、何か積極的な考えもないまま、俺たちは
　今日も部室に集まっていた。
203100 ,,,,,,,,,,,,,,,,,　悠、恋鳥、愛歌、つむぎ……そして、俺。
203200 ,,,,,,,,,,,,,,,,,　欠席者は誰もいない。
203300 ,,,,,,,,,,,,,,,,,　温泉部メンバー勢揃い、だ。
203400 ,,,,,,,悠,悠,02yuu440_001.wav,"yuu,uniform",,0,,,,,「や～、今日もいい天気だねえ」
203500 ,,,,,,,,,,yuu,,0,,,,,　部室の窓から差し込む夕日が、悠の頬を赤く染める。
203600 ,,,,,,,恋鳥,恋鳥,04kot440_001.wav,"kotori,uniform",,0,,,,,「うん、いい夕焼け」
203700 ,,,,,,,愛歌,愛歌,01man440_001.wav,"manaka,uniform",,0,,,,,「ほんと、明日もきっといいお天気だね」
203800 ,,,,,,,つむぎ,つむぎ,05tum440_001.wav,"tumugi,uniform",,1,,,,,「ええ、きっとそうですね」
203900 ,,,,,,,,,,,,,,,,,　それぞれが口々に頷く。
204000 ,,,,,,,,,,,,,,,,,　まったりとした時間が流れた。
204100 ,,,,,,,,,,,,,,,,,　それを、悠がどんっと机を叩いて、ぶちやぶる。
204200 ,,,,,,,悠,悠,02yuu440_002.wav,yuu,,0,,,,,「と、いうわけで、こんないい夕焼けの日は実に
　温泉日和だと思うんだけどっ」
204300 ,,,,,,,優哉,優哉,,yuu,,0,,,,,「で？」
204400 ,,,,,,,悠,悠,02yuu440_003.wav,yuu,,1,,,,,「温泉部の活動として、今日もすみさきの露天風呂に
　行こうってことよ」
204500 ,,,,,,,,,,yuu,,1,,,,,　にぱぁっと真夏の太陽みたいな顔で笑う。
204600 ,,,,,,,優哉,優哉,,yuu,,1,,,,,「はぁ～、またかよ。
　お前な、タダで入りたいだけじゃないのか？」
204700 ,,,,,,,悠,悠,02yuu440_004.wav,yuu,,12,,,,,「あはは、まあ、いいじゃん。
　うちの部費少ないんだしさ～」
204800 ,,,,,,,,,,yuu,,12,,,,,　当たり前だ。
204900 ,,,,,,,,,,yuu,,12,,,,,　これでまともな部費が出ていたら、
　他のクラブに悪い。
205000 ,,,,,,,悠,悠,02yuu440_005.wav,yuu,,0,,,,,「ほら、さっさと行こうよ。暗くなっちゃうよ。
　まあ、星見風呂ってのもいいけどさ」
205100 ,,,,,,,優哉,優哉,,yuu,,0,,,,,「へいへい」
205200 ,,,,,,,恋鳥,恋鳥,04kot440_002.wav,,,,kotori,,0,,「あがったら、コーヒー牛乳、飲む」
205300 ,,,,,,,愛歌,愛歌,01man440_002.wav,manaka,,1,kotori,,0,,「あ、私、今日、おニューのタオル、持ってきたんだ」
205400 ,,,,,,,つむぎ,つむぎ,05tum440_002.wav,tumugi,,12,kotori,,0,,「お酒はだめですけど、お風呂の中で、ジュース、
　飲んじゃいましょうか。ご用意いたしますよ」
205500 ,,,,,,,優哉,優哉,,tumugi,,12,kotori,,0,,「お、それいいな」
205600 ,,,,,,,恋鳥,恋鳥,04kot440_003.wav,tumugi,,12,kotori,,4,,「オレンジジュース」
205700 ,,,,,,,つむぎ,つむぎ,05tum440_003.wav,tumugi,,1,kotori,,4,,「はいはい、オレンジジュースですね」
205800 ,,,,,,,愛歌,愛歌,01man440_003.wav,manaka,,0,kotori,,4,,「今日もきっと紅葉が綺麗だろうねえ」
205900 ,,,,,,,悠,悠,02yuu440_006.wav,yuu,,0,manaka,,0,,「うん、昨日も綺麗だったしね。
　秋はまだまだ長いから、存分に楽しめるよ」
206000 ,,,,,,,恋鳥,恋鳥,04kot440_004.wav,yuu,,0,kotori,,2,,「早く、行こう」
206100 ,,,,,,,悠,悠,02yuu440_007.wav,yuu,,1,kotori,,2,,「じゃ、れっつらごーっ！」
206190 ,,,,,,,,,,,,,,,,,
206200 ,,<!se_bushitsu_open>,,,,,,,,,,,,,,,　言うが早いか、悠が部室を飛び出していく。
206300 ,,,,,,,,,,,,,,,,,　その後にみんなが続く。
206400 ,,,,,,,,,,,,,,,,,　まあ、こうやってみんなで楽しくやっていけるなら、
　温泉部はこれでいいのかもしれない。
206500 ,,,,,,,,,,,,,,,,,　俺はドアを閉める前に窓から夕日を見上げた。
206600 ,,,,,,,,,,,,,,,,,　窓枠に切り取られた狭い空が見える。
206700 ,,,,,,,,,,,,,,,,,　明日は、ここからどんな空が見えるんだろうか。
206800 ,,<!move_veryshort>,,,,,悠,悠,02yuu440_008.wav,,,,,,,,「おーい、優哉、早くおいでよー！」
206900 ,,,,,,,恋鳥,恋鳥,04kot440_005.wav,,,,,,,,「置いていけばいい」
207000 ,,,,,,,愛歌,愛歌,01man440_004.wav,,,,,,,,「優哉ちゃん、早く早く～」
207100 ,,,,,,,つむぎ,つむぎ,05tum440_004.wav,,,,,,,,「行きましょう、優哉さん」
207200 ,,,,,,,優哉,優哉,,,,,,,,,「ああ、わかった。今、いくよ」
207300 ,,<!se_bushitsu_close>,,4301,,,,,,,,,,,,,　俺は部室のドアを閉め、後を追いかけた。
207400 ,,,,,,,,,,,,,,,,,　見える空がどんな空だとしても、
　このメンバーで見るなら、それはきっと……。
207500 ,,,,,,,,,,,,,,,,,　それはきっと……。
207580 ,,<m_fade fadeout=""10000"">,0,,,,,,,,,,,,,,
207590 ,,<hide><s_fade wa time=""6000"" type=""shadeoff"" param=""type=n"">,,9001,,,,,,,,,,,,,
207599 ,,<hide><wait time=""6000"">,,,,,,,,,,,,,,,
207690 ,$exit,,,,,,,,,,,,,,,,
207800 ,@451,,,,,,,,,,,,,,,,
208000 ,,<!Lbegin_move>,8,12201,,,悠,悠,02yuu451_001.wav,,,,"yuu,uniform",,1,,「それじゃ、ここで解散。
　みんな、また明日！」
208100 ,,,,,,,愛歌,愛歌,01man451_001.wav,"manaka,uniform",,0,yuu,,1,,「悠、恋鳥ちゃん、またね」
208200 ,,,,,,,つむぎ,つむぎ,05tum451_001.wav,"tumugi,uniform",,0,yuu,,1,,「お二人とも、さようなら」
208300 ,,,,,,,恋鳥,恋鳥,04kot451_001.wav,tumugi,,0,"kotori,uniform",,0,,「……また来週ー」
208400 ,,,,,,,優哉,優哉,,tumugi,,0,kotori,,0,,「明日だろ？」
208500 ,,,,,,,恋鳥,恋鳥,04kot451_002.wav,tumugi,,0,kotori,,5,,「……間違えた。
　ばいばい」
208600 ,,,,,,,優哉,優哉,,tumugi,,0,kotori,,5,,「おう、じゃあな」
208800 ,,<!move_normal>,,12301,,,優哉,優哉,,,,,,,,,「……ったく、悠のヤツ、
　ちゃんと話の中身を吟味してから持ってこい
　ってのな」
208900 ,,,,,,,愛歌,愛歌,01man451_002.wav,manaka,,1,,,,,「あはは……
　まあ、悠だからね」
209000 ,,,,,,,つむぎ,つむぎ,05tum451_002.wav,manaka,,1,tumugi,,12,,「でも、確かに一番いい方法ではありますよね。
　目立ちますし、このあたりの家には
　だいたい通ってるんでしょう？」
209100 ,,,,,,,優哉,優哉,,manaka,,1,tumugi,,12,,「そうだなあ、知り合いの家にはだいたい
　通ってるし……すみさきの従業員室にも
　ケーブル通したテレビがあるはずだよ」
209200 ,,,,,,,つむぎ,つむぎ,05tum451_003.wav,manaka,,1,tumugi,,0,,「そうなんですか。
　あんまり見たことがないので知りませんでした」
209300 ,,,,,,,愛歌,愛歌,01man451_003.wav,manaka,,90,tumugi,,0,,「『すみさき』さんって、そういうところに
　ちゃんとお金かけてるよね」
209400 ,,,,,,,優哉,優哉,,manaka,,90,tumugi,,0,,「ああ。
　流行ってるわけでもないのに、あの余裕は
　どこからでてくるんだろうな」
209500 ,,,,,,,愛歌＠つむぎ,二人,01man451_004.wav＠05tum451_004.wav＠ext451_e01.wav,manaka,,90,tumugi,,0,,「あはは……」
209600 ,,,,,,,つむぎ,つむぎ,05tum451_005.wav,manaka,,90,tumugi,,2,,「あ、いけない。
　私今日はオーナーに呼ばれていたんでした」
209700 ,,,,,,,愛歌,愛歌,01man451_005.wav,manaka,,2,tumugi,,2,,「え、大変。時間は大丈夫？」
209800 ,,,,,,,つむぎ,つむぎ,05tum451_006.wav,manaka,,2,tumugi,,1,,「はい。でもちょっと急がないといけないから……
　私、先に行きますね」
209900 ,,,,,,,優哉,優哉,,manaka,,2,tumugi,,1,,「おし、愛歌。
　俺たちも急ごうか」
210000 ,,,,,,,つむぎ,つむぎ,05tum451_007.wav,manaka,,2,tumugi,,90,,「いえ、お二人はゆっくり帰ってください。
　私がちょっと忘れていただけですから」
210100 ,,,,,,,優哉,優哉,,manaka,,2,tumugi,,90,,「そうか？
　まあつむぎがそういうなら
　無理には急がないけどさ」
210200 ,,,,,,,つむぎ,つむぎ,05tum451_008.wav,manaka,,2,tumugi,,12,,「ええ、せっかく夕焼け空もきれいだし、
　ゆっくり歩かなきゃもったいないですよ」
210300 ,,,,,,,,,,,,,,,,,　言いながらつむぎは小走りに走り出して、
　ちょっと先に立ってくるっと振り返った。
210500 ,,,,,,,つむぎ,つむぎ,05tum451_009.wav,,,,tumugi,,1,,「それじゃ、先に行きます。
　優哉さん、また今夜。
　愛歌さん、また明日」
210600 ,,,,,,,,,,,,,tumugi,,1,,　うなずく俺、手を振る愛歌。
　つむぎは頭を下げて走っていった。
210900 ,,,,,,,,,,,,,,,,,　急にひょう、と冷たい風が吹く。
　思わず小さく震えると、同じように
　両腕をさする愛歌と目があった。
211000 ,,,,,,,優哉,優哉,,,,,,,,,「……んじゃ、俺たちもさっさと帰るか」
211100 ,,,,,,,愛歌,愛歌,01man451_006.wav,manaka,,0,,,,,「……そだね。早く帰らないと風邪ひいちゃいそう」
211400 ,,<!move_normal>,,101,,,,,,,,,,,,,　しばらくどうでもいい話をしながら家までを歩く。
　陽向が今度は裁縫に興味を持ってるとか、
　千紗が愛歌に料理を教わりたがってるとか。
211500 ,,,,,,,愛歌,愛歌,01man451_007.wav,manaka,,1,,,,,「……ふふふ、そっか。
　私は大丈夫だから、千紗ちゃんにいつでも
　呼んでって伝えてね」
211600 ,,,,,,,優哉,優哉,,manaka,,1,,,,,「おう、頼むぜ。
　……あいつの料理がうまくなれば
　それにこしたことはないんだしな」
211700 ,,,,,,,愛歌,愛歌,01man451_008.wav,manaka,,0,,,,,「そうだね。ふふ、教え甲斐がありそう」
211800 ,,,,,,,,,,manaka,,0,,,,,　その言葉のあと、少しの間沈黙が落ちた。
211900 ,,<st_fade>,,,,,愛歌,愛歌,01man451_009.wav,,,,manaka,,3,,「……あ、ねえ……う、ううん……」
212100 ,,<st_fade>,,,,,優哉,優哉,,,,,manaka,,3,,「…………？
　どうした、愛歌」
212200 ,,,,,,,愛歌,愛歌,01man451_010.wav,,,,manaka,,42,,「んと……悠の言ってたテレビの話なんだけどね」
212300 ,,,,,,,優哉,優哉,,,,,manaka,,42,,「ああ、あれな。
　なんか、あるのか？」
212400 ,,,,,,,愛歌,愛歌,01man451_011.wav,,,,manaka,,6,,「ううん、私は……恥ずかしいし。
　でも、あれ出られたらきっと部員増えるよね」
212500 ,,,,,,,優哉,優哉,,,,,manaka,,6,,「そうだなあ……間違いなく増えるよな」
212600 ,,,,,,,愛歌,愛歌,01man451_012.wav,,,,manaka,,3,,「……でも、出たい子いるかなあ……」
212700 ,,,,,,,優哉,優哉,,,,,manaka,,3,,「悠が出ると思ったんだけどな」
212800 ,,,,,,,愛歌,愛歌,01man451_013.wav,,,,manaka,,0,,「悠はああ見えてもけっこう恥じらい
　深いタイプなんだよ」
212900 ,,,,,,,優哉,優哉,,,,,manaka,,0,,「そういうもんか……？
　まあ、どっちにしても出られないしなあ……」
213000 ,,,,,,,秋香,秋香,11aki451_001.wav,,,,manaka,,0,,「……ねえねえ、何の話してるの？」
213100 ,,,,,,,愛歌,愛歌,01man451_014.wav,,,,manaka,,2,,「えっ、お、お母さん！？」
213200 ,,,,,,,優哉,優哉,,,,,manaka,,2,,「秋香さん、ど、どこに？」
213400 ,,,,,,,秋香,秋香,11aki451_002.wav,akika,,1,manaka,,2,,「ここ、ここ」
213500 ,,,,,,,愛歌,愛歌,01man451_015.wav,akika,,1,manaka,,15,,「お母さん……なんでそんなとこにいるの？」
213600 ,,,,,,,秋香,秋香,11aki451_003.wav,akika,,0,manaka,,15,,「え？　だって愛歌に買い物いってもらおうと
　思ったのに遅いから、自分で行ってきたのよぉ」
213700 ,,,,,,,愛歌,愛歌,01man451_016.wav,akika,,0,manaka,,3,,「あ、ごめん。
　でも今日温泉部だから遅いって……」
213800 ,,,,,,,秋香,秋香,11aki451_004.wav,akika,,1,manaka,,3,,「うん、忘れてたの。
　さっき買い物してて思い出したのよぉ」
213900 ,,,,,,,優哉,優哉,,akika,,1,manaka,,3,,「……秋香さんらしいというか……」
214000 ,,,,,,,秋香,秋香,11aki451_005.wav,akika,,0,manaka,,3,,「それはともかく～。
　……テレビの話って、どういう話なの？」
214100 ,,,,,,,愛歌,愛歌,01man451_017.wav,akika,,0,manaka,,15,,「え、えっと、それは……」
214200 ,,,,,,,優哉,優哉,,akika,,0,manaka,,15,,「なんか、ケーブルテレビで星の河原祭り特集を
　やるらしいんですよ。
　で、そのとき一緒に温泉特集もやるらしくて」
214300 ,,,,,,,秋香,秋香,11aki451_006.wav,akika,,1,manaka,,3,,「へえ……温泉特集。
　で、温泉部がなんかするの？」
214400 ,,,,,,,優哉,優哉,,akika,,1,manaka,,3,,「温泉入ってレポートしろって言うんですよ。
　それじゃコンパニオンみたいなもんだし、
　恥ずかしくて出られないじゃないかって」
214500 ,,,,,,,秋香,秋香,11aki451_007.wav,akika,,2,manaka,,3,,「あらぁ……
　愛歌、出ないの？」
214600 ,,,,,,,愛歌,愛歌,01man451_018.wav,akika,,2,manaka,,15,,「だ、だって、カメラの前で温泉入るんだよ？
　恥ずかしいよ……」
214700 ,,,,,,,秋香,秋香,11aki451_008.wav,akika,,1,manaka,,15,,「そぉ？　面白そうじゃない。
　……私出ちゃおうかなぁ▼」
214800 ,,,,,,,優哉＠愛歌,二人,01man451_019.wav＠ext451_e02.wav,akika,,1,manaka,,15,,「……ええええええええええええっっっ！！？？」
214900 ,,,,,,,愛歌,愛歌,01man451_020.wav,akika,,1,manaka,,2,,「だ、だってお母さん！　温泉だよ？　カメラだよ？
　ビデオだよ？　テレビだよ？　地元放送だよ？
　星河原中のテレビに映っちゃうんだよ？」
215000 ,,,,,,,秋香,秋香,11aki451_009.wav,akika,,0,manaka,,2,,「いいじゃない？　たぶん今逃したらもう出来ないし。
　こんな機会もうなさそうでしょ？」
215100 ,,,,,,,,,,akika,,0,manaka,,2,,　ほ、本気か？　秋香さん。
215200 ,,,,,,,愛歌,愛歌,01man451_021.wav,akika,,0,manaka,,3,,「それはそうだけど……」
215300 ,,,,,,,優哉,優哉,,akika,,0,manaka,,3,,「い、いやあ、でも温泉部にってことでもらった
　話なんで、温泉部からも誰か出さないと
　いけないんですよ」
215400 ,,,,,,,秋香,秋香,11aki451_010.wav,akika,,1,manaka,,3,,「ん、じゃあ愛歌出て？
　お母さんのお・ね・が・い▼」
215500 ,,,,,,,愛歌,愛歌,01man451_022.wav,akika,,1,manaka,,2,,「……え、ええええええええっっ！？
　私っ！？　私が出るのっ！？」
215600 ,,,,,,,秋香,秋香,11aki451_011.wav,akika,,1,manaka,,2,,「うんっ、愛歌がいっしょならカンペキじゃない。
　美人親子が温泉レポート！　なんて▼」
215700 ,,,,,,,愛歌,愛歌,01man451_023.wav,akika,,1,manaka,,6,,「び、美人って……」
215800 ,,,,,,,秋香,秋香,11aki451_012.wav,akika,,0,manaka,,6,,「ほらほら、優哉くん。
　これで決定じゃダメかなっ？」
215900 ,,,,,,,優哉,優哉,,akika,,0,manaka,,6,,「あ、ええと……
　悠！　そうだ、悠に聞いてみますよ。
　部長なんで、悠に聞かないと」
216000 ,,,,,,,秋香,秋香,11aki451_013.wav,akika,,1,manaka,,6,,「じゃあ今聞いて？
　ケイタイの番号知ってるでしょ？」
216100 ,,,,,,,優哉,優哉,,akika,,1,manaka,,6,,「あ、はい……」
216200 ,,,,,,,,,,akika,,1,manaka,,6,,　秋香さんのものすごい勢いに押されて、
　俺は思わず電話をかけてしまう。
216390 ,,<!se_ch_phone_call>,,,,,,,,,,,,,,,
216490 ,,<wait time=""5000"">,,,,,,,,,,,,,,,
216600 ,,<stop id=""1"">,,,,,悠,悠,02yuu451_002.wav,,,,,,,,「ん？　もしもーし、優哉？
　どしたの、電話なんて珍しいじゃん」
216700 ,,,,,,,優哉,優哉,,,,,,,,,「あ、ああ……ええとな。
　ケーブルの特集番組の話なんだが……」
216800 ,,,,,,,悠,悠,02yuu451_003.wav,,,,,,,,「ん？　何、優哉が出るとか？
　でも男じゃダメだよー」
216900 ,,,,,,,,,,,,,,,,,　ちらっと見ると、
　不安でいっぱいの目で見ている愛歌、
　期待に満ちた目で見ている秋香さん。
217000 ,,,,,,,優哉,優哉,,,,,,,,,「いや、俺じゃなくてな。
　……秋香さんが、愛歌と出るって言ってるんだよ」
217100 ,,,,,,,悠,悠,02yuu451_004.wav,,,,,,,,「秋香さん……って愛歌のお母さんの？
　出てくれるって？」
217200 ,,,,,,,優哉,優哉,,,,,,,,,「おう、そうだ。
　すごい乗り気なんだよ」
217300 ,,,,,,,悠,悠,02yuu451_005.wav,,,,,,,,「いいんじゃなーい？」
217400 ,,,,,,,,,,,,,,,,,　ま、マジか！？
217500 ,,,,,,,優哉,優哉,,,,,,,,,「い、いいのか？
　愛歌のお母さんだぞ？」
217600 ,,,,,,,悠,悠,02yuu451_006.wav,,,,,,,,「いいじゃない、秋香さん美人だし。
　それに愛歌も出るんでしょ？」
217700 ,,,,,,,優哉,優哉,,,,,,,,,「……あ、ああ。
　そうなる……みたいだが」
217800 ,,,,,,,悠,悠,02yuu451_007.wav,,,,,,,,「じゃあ問題ないじゃない。
　秋香さんにありがとうって言ってね」
217900 ,,,,,,,優哉,優哉,,,,,,,,,「あ、ああ……」
218000 ,,,,,,,悠,悠,02yuu451_008.wav,,,,,,,,「じゃあ詳しい話は明日学校でするから。
　じゃあねーっ！」
218290 ,,<!se_keitai_pi>,,,,,,,,,,,,,,,
218390 ,,<!se_ch_busy>,,,,,,,,,,,,,,,
218399 ,,<wait time=""3000"">,,,,,,,,,,,,,,,
218400 ,,<stop id=""1"">,,,,,,,,,,,,,,,　期待と不安のいっぱいに詰まった視線を
　背中で受けながらケイタイを懐にしまう。
218500 ,,,,,,,愛歌,愛歌,01man451_024.wav,,,,manaka,,5,,「優哉ちゃん……
　悠、何だって？」
218600 ,,,,,,,優哉,優哉,,,,,manaka,,5,,「……いいんじゃないかって。
　詳しいことは明日話すってさ」
218700 ,,,,,,,愛歌,愛歌,01man451_025.wav,,,,manaka,,15,,「ふええ……」
218800 ,,,,,,,秋香,秋香,11aki451_014.wav,akika,,1,manaka,,15,,「やったー！
　愛歌と一緒にテレビ出られるなんてうれしいわぁ。
　今日からダイエット体操しようかしら」
218900 ,,,,,,,,,,akika,,1,manaka,,15,,　必要あるのか？
　それはともかく、愛歌は……
219000 ,,,,,,,愛歌,愛歌,01man451_026.wav,akika,,0,manaka,,5,,「優哉ちゃん……どうしよう……」
219100 ,,,,,,,優哉,優哉,,akika,,0,manaka,,5,,「……すまん、愛歌。
　やってみてくれ」
219200 ,,,,,,,愛歌,愛歌,01man451_027.wav,akika,,0,manaka,,40,,「ふえええーっ……」
219300 ,,,,,,,,,,akika,,0,manaka,,40,,　混乱しきった愛歌の声が、
　夕方の温泉街に響くのだった……
219390 ,,<!Lend_day_change>,0,9000,,,,,,,,,,,,,
219399 ,,<!ec_manaka_pri>,,,,,,,,,,,,,,,
219490 ,$go manaka1_begin,,,,,,,,,,,,,,,,
219600 ,@452,,,,,,,,,,,,,,,,
219900 ,,<!Lbegin_day_change>,9,9000,,,,,,,,,,,,,　という訳で、今日は日曜日。
　悠が宣言した秘湯探しの日なわけだ
220100 ,,,,4100,,,優哉,優哉,,,,,,,,,「しっかし、わざわざ休みの日に校舎に来ると、
モーレツにユーウツになるな……体育会系の奴らは、
よくこんな気分に耐えられるもんだ」
220300 ,,<!move_short>,,4300,,,,,,,,,,,,,　誰もいない廊下をヒタヒタと歩いていると、
　不思議なくらい心が不安に揺さぶられ始めるのは
　俺だけなんだろうか？
220400 ,,,,,,,優哉,優哉,,,,,,,,,「実は悠が他の部員と結託して仕掛けた
壮大なドッキリで、部室にはタイマー録画になってる
ビデオカメラが置いてあるだけ……とかな」
220500 ,,,,,,,,,,,,,,,,,　そうだったら、とりあえず女子が顔を真っ赤にする
　ような卑猥な単語を連呼して、映像確認自体が
　不可能なようにしてやる……
220600 ,,,,4400,,,優哉,優哉,,,,,,,,,「うおーっす。俺が到着したぞー」
220900 ,,<!move_veryshort><!se_bushitsu_openclose>,,,,,つむぎ,つむぎ,05tum452_001.wav,"tumugi,uniform",,0,,,,,「あ、優哉さん。おはようございます」
221000 ,,,,,,,優哉,優哉,,tumugi,,0,,,,,「おお、つむぎ。おはよう。お前も早いな」
221100 ,,,,,,,,,,tumugi,,0,,,,,　これでも集合時間よりちょっと早く来たんだが、
　部室にはもうつむぎがいた。とりあえずドッキリ
　ではなかった事がこれで証明されたな……
221200 ,,,,,,,つむぎ,つむぎ,05tum452_002.wav,tumugi,,3,,,,,「いえ、そんな……私が来た時には、
もう恋鳥さんがいらっしゃってましたし」
221300 ,,,,,,,恋鳥,恋鳥,04kot452_001.wav,tumugi,,3,"kotori,uniform",,0,,「……今日はまあまあ。ちょっとは学習したな」
221400 ,,,,,,,,,,tumugi,,3,"kotori,uniform",,0,,　訂正。部室にはつむぎと恋鳥がいた。
221500 ,,,,,,,優哉,優哉,,tumugi,,3,"kotori,uniform",,0,,「お、恋鳥からそんな言葉が聞けるとはな。
どうやら俺も少しは成長してるらしい」
221600 ,,,,,,,恋鳥,恋鳥,04kot452_002.wav,tumugi,,3,kotori,,7,,「本当に少しだけだ」
221700 ,,,,,,,優哉,優哉,,tumugi,,3,kotori,,7,,「しないよりはマシだろ。ところで、
愛歌と悠はまだ来てないのか？」
221800 ,,,,,,,つむぎ,つむぎ,05tum452_003.wav,tumugi,,0,kotori,,7,,「はい。お二人ともまだいらっしゃってません」
221900 ,,,,,,,,,,tumugi,,0,kotori,,7,,　つむぎがそう言って、扉の方を見た時だった。
222090 ,,<!se_bushitsu_open>,,,,,,,,,,,,,,,
222100 ,,,,,,,愛歌,愛歌,01man452_001.wav,"yuu,uniform",,12,"manaka,uniform",,15,,「ごめんね。遅くなっちゃった……」
222200 ,,,,,,,悠,悠,02yuu452_001.wav,"yuu,uniform",,12,manaka,,15,,「お、もしかして私達が最後？
すごいすごい！　みんなやる気にあふれてるね！」
222300 ,,,,,,,,,,"yuu,uniform",,12,manaka,,15,,　大きなお重らしき包みを持った愛歌と、
　地図らしき紙を持った悠がやってきた。
222400 ,,,,,,,優哉,優哉,,"yuu,uniform",,12,manaka,,15,,「集合時間厳守を言いつけたのは部長の悠だろ？
部長が部員に言いつけた事を守れなくてどうする」
222500 ,,,,,,,悠,悠,02yuu452_002.wav,yuu,,17,manaka,,15,,「私と愛歌は集合時間ピッタリだって。
三人のやる気が、体をおさえられなくて
集合時間前に来てるんだよ。いい事いい事！」
222600 ,,,,,,,,,,yuu,,17,manaka,,15,,　ニコニコ笑いながら部員の顔を見回すと、
　悠は右腕を突き上げて音頭を取った。
222700 ,,,,,,,悠,悠,02yuu452_003.wav,yuu,,1,manaka,,15,,「よーし、それではこれより温泉部特別活動、
『幻の秘湯探索大作戦！』を行いまーす。
みんながんばろー！　エイ、エイ、オー！！」
222800 ,,,,,,,愛歌,愛歌,01man452_002.wav,yuu,,1,manaka,,1,,「お、オー！」
222900 ,,,,,,,恋鳥,恋鳥,04kot452_003.wav,yuu,,1,kotori,,0,,「……おー」
223000 ,,,,,,,つむぎ,つむぎ,05tum452_004.wav,yuu,,1,tumugi,,1,,「おー！」
223100 ,,,,,,,優哉,優哉,,yuu,,1,tumugi,,1,,「……それじゃ、とりあえず出かけるか」
223200 ,,,,,,,,,,yuu,,1,tumugi,,1,,　俺達はゾロゾロと、雁首をそろえて出発した。
223400 ,,<!move_short>,,4100,,,優哉,優哉,,,,,,,,,「で、悠。改めて聞くんだが、
幻の秘湯とやらの手がかりは
その手に持ってる地図だけなのか？」
223500 ,,,,,,,悠,悠,02yuu452_004.wav,yuu,,5,,,,,「うん、最近の記録とか地図には全然載ってなくてさ、
これでも一番新しい時代の地図持ってきたんだけど、
ちょっと問題あるかもなんだよね～」
223600 ,,,,,,,優哉,優哉,,yuu,,5,,,,,「ちょっと見せてみろよ」
223700 ,,,,,,,,,,yuu,,5,,,,,　悠の手からひったくった地図を見ると、
　現代人ではえらく読みづらい達筆で
　集落名やら地名やら源泉名やらが書いてある
223800 ,,,,,,,優哉,優哉,,yuu,,5,,,,,「おいおいおい、お前こんなの読めんのか？
少なくとも俺とか愛歌は無理だぞ、こんなん」
223900 ,,,,,,,悠,悠,02yuu452_005.wav,yuu,,1,,,,,「読めないよ？」
224000 ,,,,,,,優哉,優哉,,yuu,,1,,,,,「即答かよ！」
224100 ,,,,,,,悠,悠,02yuu452_006.wav,yuu,,12,,,,,「だからちょっと問題あるって言ったでしょ？
星河原の地形は昔から変わってないみたいだから、
形で追っかければ何とかなると思うんだけどね」
224200 ,,,,,,,優哉,優哉,,yuu,,12,,,,,「それは現代の正確精密に測量された地図に慣れた
ヤツの考え方だ。昔の地図は結構目分量だから、
位置ズレなんかは日常茶飯事なんだぞ？」
224300 ,,,,,,,悠,悠,02yuu452_007.wav,yuu,,1,,,,,「大丈夫大丈夫！
日が暮れるまでには何とかなるって！」
224400 ,,,,,,,,,,yuu,,1,,,,,　その、ノー根拠な自信が
　いっそまぶしいくらいだぜ……
224500 ,,,,,,,悠,悠,02yuu452_008.wav,yuu,,0,,,,,「ほらほら、歩かないと終わるものも終わらないよ？
とりあえず出発しゅっぱーつ！」
224600 ,,,,,,,,,,,,,,,,,　悠の勢いに押されて、みんなゾロゾロと歩き出す。
　本当に大丈夫なんだろうな？　おい…………
224800 ,,<!move_normal>,,12200,,,,,,,,,,,,,　とりあえず街の中心まで出た俺達は、
　道を確認するべく、円陣を組んで
　地図を眺め始めた。
224900 ,,,,,,,愛歌,愛歌,01man452_003.wav,,,,manaka,,3,,「とりあえず、川を渡るの？」
225000 ,,,,,,,悠,悠,02yuu452_009.wav,yuu,,90,manaka,,3,,「ううん、多分病院の方にある
山を目指すんだと思うんだ。
ほら、ここに泉とか何とか書いてあるでしょ？」
225100 ,,,,,,,恋鳥,恋鳥,04kot452_004.wav,yuu,,90,kotori,,0,,「……でも、星河原の温泉街は
川を渡った方が中心だぞ。そこから外れるのか？」
225200 ,,,,,,,優哉,優哉,,yuu,,90,kotori,,0,,「いや、幻の秘湯って言うなら、
温泉街の反対側にある方がらしいだろ？
悠の方が出目があると思うぜ。つむぎはどう思う？」
225300 ,,,,,,,,,,yuu,,90,kotori,,0,,　俺に話を振られたつむぎは、えらく驚いたように
　体をビクッ！　とふるわせた
225400 ,,,,,,,つむぎ,つむぎ,05tum452_005.wav,yuu,,90,tumugi,,2,,「！！　は、はい！　なんでしょうか？」
225500 ,,,,,,,優哉,優哉,,yuu,,90,tumugi,,2,,「いや、秘湯っぽい場所はどっちの山側だと思う？」
225600 ,,,,,,,,,,yuu,,90,tumugi,,2,,　何だか、考え事でもしてたみたいだな。
　何だってんだ？
225700 ,,,,,,,つむぎ,つむぎ,05tum452_006.wav,yuu,,90,tumugi,,0,,「そうですね……この地図から考えると、
神社のある山の方ではないでしょうか」
225800 ,,,,,,,悠,悠,02yuu452_010.wav,yuu,,0,tumugi,,0,,「よーし、じゃあ川を渡らずに病院の方に行こう！」
225900 ,,,,,,,,,,yuu,,0,tumugi,,0,,　部長の最終決定を受けて、俺達は再びゾロゾロと
　病院のある山側に向かって歩き始めた。
226100 ,,<!move_normal>,,12100,,,,,,,,,,,,,　前に恋鳥の住んでるアパートに行く時に通った
　竹林の中を進む。深呼吸すると、ちょっとした
　森林浴気分だ。
226200 ,,,,,,,愛歌,愛歌,01man452_004.wav,,,,manaka,,0,,「なんだか、
みんなでハイキングしてるみたいで楽しいね」
226300 ,,,,,,,,,,,,,manaka,,0,,　さすが愛歌だ。何と言うか子供っぽいにも程がある
　カワイイ発言をしてくれる。
226400 ,,,,,,,悠,悠,02yuu452_011.wav,yuu,,0,manaka,,0,,「これからは、温泉部としても
色んな温泉を訪ねる予定だからね。
こういう機会は増えると思うよ」
226500 ,,,,,,,愛歌,愛歌,01man452_005.wav,yuu,,0,manaka,,1,,「本当に？　うわ～、それすっごく楽しみだよ」
226600 ,,,,,,,,,,yuu,,0,manaka,,1,,　茶々を入れて雰囲気を壊すのもバカバカしくて、
　俺は病院まで黙々と歩いた。
226800 ,,<!move_normal>,,10100,,,,,,,,,,,,,　病院の前で、また俺達は
　円陣を組んでの作戦会議に入る。
226900 ,,,,,,,愛歌,愛歌,01man452_006.wav,,,,manaka,,3,,「ここからだと……
昔、遠足とかで行った丘の近くなのかな？」
227000 ,,,,,,,悠,悠,02yuu452_012.wav,yuu,,5,manaka,,3,,「うーん、確かにそれだと
すぐに山のふもとにつけるんだけどね」
227100 ,,,,,,,恋鳥,恋鳥,04kot452_005.wav,yuu,,5,kotori,,0,,「目指してるのがこの印だとすれば、
もっとこの川の近くじゃないとおかしい」
227200 ,,,,,,,,,,yuu,,5,kotori,,0,,　恋鳥は現在の地図を悠から奪い取って、
　山頂の方から街の近くを流れている川に
　合流している細い川を指差す。
227300 ,,,,,,,,,,yuu,,5,kotori,,0,,　確かに二つの地図を比べると、目的地は
　丘の方よりは細い川の方に近いようだった。
227400 ,,,,,,,悠,悠,02yuu452_013.wav,yuu,,5,kotori,,0,,「でも、その辺りって道あったっけ？
普段行く人が全然いないから、分からないんだよね」
227500 ,,,,,,,つむぎ,つむぎ,05tum452_007.wav,yuu,,5,tumugi,,0,,「…………」
227600 ,,,,,,,,,,yuu,,5,tumugi,,0,,　判断に困って全員が黙りこくった時、
　俺の頭の中でとある記憶がフラッシュバックした。
227700 ,,,,,,,優哉,優哉,,yuu,,5,tumugi,,0,,「いや……道ならある。確か吊り橋のある獣道が、
山の中までつながってたはずだ」
227800 ,,,,,,,,,,yuu,,5,tumugi,,0,,　昔、『探検ごっこ』と称して
　色んな所を歩き回ってた時に見かけた道だ。
　あの時はマジビビって吊り橋の奥に行けなかった……
227900 ,,,,,,,悠,悠,02yuu452_014.wav,yuu,,0,tumugi,,0,,「じゃあ、優哉の記憶を信じてみようか。
その吊り橋の所まで案内してよ」
228000 ,,,,,,,優哉,優哉,,yuu,,0,tumugi,,0,,「分かった。ついてこいよ」
228200 ,,<!move_normal>,,14300,,,,,,,,,,,,,　古い記憶を引っ張り出しながら歩いて、
　俺は何とか一行を吊り橋まで案内した。
　補強はしてあるものの、えらく古い橋だ。
228300 ,,,,,,,愛歌,愛歌,01man452_007.wav,manaka,,2,,,,,「うわあ……これ、渡れるの？」
228400 ,,,,,,,恋鳥,恋鳥,04kot452_006.wav,manaka,,2,kotori,,0,,「それなりに老朽化してるけど、まだ大丈夫。
……体重の重い男はどうなるか分からないけど」
228500 ,,,,,,,悠,悠,02yuu452_015.wav,yuu,,12,kotori,,0,,「じゃあ、橋落とされると困るから優哉最後ね」
228600 ,,,,,,,恋鳥,恋鳥,04kot452_007.wav,yuu,,12,kotori,,52,,「たっぷり揺らしておいてやるから覚悟しておけ」
228700 ,,,,,,,優哉,優哉,,yuu,,12,kotori,,52,,「……本当に容赦ねえな。おい」
228800 ,,,,,,,,,,,,,,,,,　ここまで来た以上、戻るのはバカバカしい。
　ブルってた愛歌も覚悟を決めて、女性陣が
　物怖じしないつむぎを先頭に吊り橋を渡る。
228900 ,,,,,,,恋鳥,恋鳥,04kot452_008.wav,,,,kotori,,4,,「……くらえ」
229000 ,,,,,,,,,,,,,,,,,　……そして、恋鳥は本当にたっぷり揺らしながら
　吊り橋を渡りやがった。俺はちょっと酔いそうに
　なりながら、どうにか橋を渡りきる。
229100 ,,,,,,,優哉,優哉,,,,,,,,,「くそ……いつか、何かの形で反撃してやるからな」
229200 ,,,,,,,恋鳥,恋鳥,04kot452_009.wav,,,,kotori,,52,,「できるものならやってみろ」
229300 ,,,,,,,悠,悠,02yuu452_016.wav,yuu,,0,,,,,「さあ、ここからは山の中だからね。
くれぐれもはぐれないように気をつけて。
しゅっぱーつ！」
229400 ,,,,,,,,,,yuu,,0,,,,,　俺達温泉部は、とうとう秘湯を求めて
　山の中に分け入った。
229600 ,,<!move_look>,,13400,,,,,,,,,,,,,　数時間後…………
229800 ,,,,,301,,悠,悠,02yuu452_017.wav,yuu,,0,,,,,「あーもう！　一体どこにあるのよ～！！」
229900 ,,,,,301,,,,,,,,,,,,　休憩時間だってのに、
　悠はそこらじゅうを走り回っていた。
230000 ,,,,,301,,優哉,優哉,,,,,,,,,「おい悠！　休む時はきちんと休まないと、
バテちまっても知らないぞ？」
230190 ,,,,,302,,,,,,,,,,,,
230200 ,,,,,302,,悠,悠,02yuu452_018.wav,yuu,,0,,,,,「休んでなんかいられないわよ！
なんでこんなに見つからないの？」
230300 ,,,,,302,,,,,,,,,,,,　山の中は獣道がキチンとついていて、
　迷う事はなさそうだった。だがしかし、
　悠の求めている秘湯は一向に見つからないのだ。
230400 ,,,,,302,,優哉,優哉,,,,,,,,,「まあ確かに、もう結構歩き回ってるからな……」
230500 ,,,,,302,,,,,,,,,,,,　そろそろ昼飯の時間くらいだろうか？
　山の中までが順調すぎたから、
　悠もあせっているんだろう。
230700 ,,,,,301,,悠,悠,02yuu452_019.wav,yuu,,0,,,,,「どーしたらいいかなぁ～！　もー！」
230800 ,,,,,301,,,,,,,,,,,,　ウロウロと走り回りながら考え事とは、
　なんとも器用なヤツだ。
230900 ,,,,,301,,つむぎ,つむぎ,05tum452_008.wav,tumugi,,0,,,,,「あの……悠さん。
地図を見せていただいても構いませんか？」
231100 ,,,,13400,,,,,,,,,,,,,　それまで黙って座っていたつむぎが、
　悠から新旧二つの地図を受け取って、
　熱心に眺め始めた。
231200 ,,,,,,,優哉,優哉,,,,,,,,,「つむぎ……何か分かるのか？」
231300 ,,,,,,,つむぎ,つむぎ,05tum452_009.wav,,,,,,,,「………………」
231400 ,,,,,,,,,,,,,,,,,　つむぎは答えない。ただ、
　俺の方から見えるつむぎの横顔は、
　何かつらい事に耐えている表情だった。
231500 ,,,,,,,つむぎ,つむぎ,05tum452_010.wav,,,,,,,,「……自信があるわけではないんですが、
この地図の感じからすると、こっちの方向の
ような気がします」
231600 ,,,,,,,,,,,,,,,,,　す、とつむぎが一方を指差す。それを見た
　悠は走り回るのをやめた。
231700 ,,,,,,,悠,悠,02yuu452_020.wav,,,,,,,,「よーし、つむぎさんのカンを信じてみるよ！
休憩が終わったらその方向に出発！」
231900 ,,<!move_short>,,9000,,,,,,,,,,,,,　そして、俺達は…………
232100 ,,<!move_short>,,11310,,,,,,,,,,,,,　なんと、見事に温泉跡にたどり着いてしまった。
　つむぎのカンとやらは、こわいくらいにドンピシャ
　だったわけだ。
232200 ,,,,,,,愛歌,愛歌,01man452_008.wav,manaka,,2,,,,,「わ、わ。すごい……これが、幻の秘湯？」
232300 ,,,,,,,恋鳥,恋鳥,04kot452_010.wav,manaka,,2,kotori,,0,,「間違いないみたいだ。古びてはいるけど、
露天風呂として整備されてた跡だからな」
232400 ,,,,,,,悠,悠,02yuu452_021.wav,yuu,,1,kotori,,0,,「すごーい！　つむぎさん本当にすごいよ！！
サンキューね！　ありがとう！！」
232500 ,,,,,,,つむぎ,つむぎ,05tum452_011.wav,yuu,,1,tumugi,,12,,「いえ……私は大した事はしてませんから」
232600 ,,,,,,,優哉,優哉,,yuu,,1,tumugi,,12,,「喜ぶのはちょっと早いだろ。
確かに幻の秘湯とやらの跡は見つけたが、
問題は再利用できるかどうかだからな」
232700 ,,,,,,,,,,,,,,,,,　俺は、湯の入ってない浴槽と洗い場の荒れ方を
　チェックする。俺達が作業するだけでまた使える
　ようになるなら、いいんだが……
232800 ,,,,,,,悠,悠,02yuu452_022.wav,yuu,,0,,,,,「私、お湯がまだ引けるかどうか見てくる！」
232900 ,,,,,,,,,,,,,,,,,　悠は奥の方に姿を消した。俺は他の三人にも
　浴槽と洗い場の状態をチェックするように頼んだ。
233000 ,,,,,,,,,,,,,,,,,　しばらく経って、四人で顔をつき合わせて
　結果を確認する。
233100 ,,,,,,,優哉,優哉,,,,,,,,,「どう思う？」
233200 ,,,,,,,愛歌,愛歌,01man452_009.wav,manaka,,90,,,,,「洗い場の方は落ち葉が積もってるだけだから、
お掃除と……あと草刈りすれば大丈夫じゃないかな」
233300 ,,,,,,,恋鳥,恋鳥,04kot452_011.wav,,,,kotori,,0,,「浴槽の岩が少し崩れて土砂が入ってるけど、
土砂を取り除いて少し石組みをすれば大丈夫。
お前の出番だぞ」
233400 ,,,,,,,つむぎ,つむぎ,05tum452_012.wav,tumugi,,0,,,,,「あとは、お湯がちゃんと引けるかと……
あの木をどけられるかだけだと思います」
233500 ,,,,,,,,,,,,,,,,,　露天風呂のど真ん中に、
　そこそこ大きい倒木が転がっている。
　確かにこれは問題だが……
233600 ,,,,,,,優哉,優哉,,,,,,,,,「全体としては、俺達でなんとかなりそうだな。
倒木と石組みは、俺が何とかする」
233700 ,,,,,,,,,,,,,,,,,　俺がそうまとめた時、悠が帰ってきた。
233800 ,,,,,,,悠,悠,02yuu452_023.wav,yuu,,90,,,,,「ただいまー！　ちょっと量が少ないけど、
まだお湯引けるみたい！　そっちはどう？」
233900 ,,,,,,,優哉,優哉,,yuu,,90,,,,,「あの倒木がやっかいだが、
それ以外は何とかなりそうだ。部長はどう判断する？」
234000 ,,,,,,,悠,悠,02yuu452_024.wav,yuu,,1,,,,,「男手がいないわけじゃないし、
これならいけそうだね！　よーし、
温泉部幻の秘湯復活プロジェクト、正式稼動だーっ！」
234100 ,,,,,,,愛歌,愛歌,01man452_010.wav,yuu,,1,manaka,,2,,「お、オー！」
234200 ,,,,,,,恋鳥,恋鳥,04kot452_012.wav,yuu,,1,kotori,,0,,「……おー」
234300 ,,,,,,,つむぎ,つむぎ,05tum452_013.wav,yuu,,1,tumugi,,12,,「おー！」
234400 ,,,,,,,,,,yuu,,1,tumugi,,12,,　……こうして、俺達の当面の活動が決定した。
234490 ,,<!Lend_day_change>,0,9000,,,,,,,,,,,,,
234499 ,,<!ec_yuu_pri>,,,,,,,,,,,,,,,
234590 ,$go yuu1_begin,,,,,,,,,,,,,,,,
234700 ,@453,,,,,,,,,,,,,,,,
234900 ,,<!Lbegin_move>,8,501,,,優哉,優哉,,,,,,,,,「ふぅ……」
235000 ,,,,,,,,,,,,,,,,,　帰ってきて最初にすることは深いため息。
　次にカバンをいつもの場所に放り投げ、
　上着を脱いでハンガーにかける。
235100 ,,,,,,,,,,,,,,,,,　いつも通りの行動で学校の事後処理を終えて、
　そのまま布団に後ろ向きにダイブする。
235400 ,,,,,,,優哉,優哉,,,,,,,,,「さっきの黒服……紫藤グループの、
　地上げ担当ってことだよな……」
235500 ,,,,,,,,,,,,,,,,,　大家さんと話していた男を思い出す。
　コワモテ顔ではあったが、態度は悪くなかった。
　だが……
235600 ,,,,,,,優哉,優哉,,,,,,,,,「地上げ屋ってことに代わりはないしな……」
235700 ,,,,,,,,,,,,,,,,,　大家さんのところに来たのも用地買収のためだ。
　つまり、あのアパートを潰すってことになる。
235800 ,,,,,,,優哉,優哉,,,,,,,,,「くそっ、なんか無性に気になるな……」
235900 ,,,,,,,,,,,,,,,,,　よくわからないいらいらを抱えて部屋を出た。
236100 ,,<!timepass_1_long>,,,,,,,,,,,,,,,　オヤジの部屋から星河原温泉旅館組合の
　ここ数年の資料を借りてきた。
　さて、紫藤グループ、紫藤グループは……と。
236200 ,,,,,,,優哉,優哉,,,,,,,,,「お、これだな……」
236300 ,,,,,,,,,,,,,,,,,　とはいえ、書いてあることに自分の知っている
　ことと大差はない。
236400 ,,,,,,,,,,,,,,,,,　紫藤グループは観光業界有数の
　大手ホテルチェーンで、
　すでに星河原に３軒のホテルを持ち、
236500 ,,,,,,,優哉,優哉,,,,,,,,,「……そして今後さらに大規模な進出を
　企画している、ってことか」
236600 ,,,,,,,,,,,,,,,,,　……くそ、もやもやした気分だけど……
　俺に出来ることなんか、あるのか？
236700 ,,,,,,,優哉,優哉,,,,,,,,,「……なんにもない、な……」
236800 ,,,,,,,,,,,,,,,,,　資料を机に放り出して、
　また俺は布団に寝転がる。
236900 ,,,,,,,,,,,,,,,,,　胸の中にもやもやしたものが渦を巻いて、
　ひどく気分が悪かった。
237200 ,,<!timepass_day_long>,2,12100,,,,,,,,,,,,,　それから何日かして……
237300 ,,,,,,,優哉,優哉,,,,,,,,,「やっぱり気になるな……
　最近恋鳥、すぐ帰っちまって話も聞けないし」
237400 ,,,,,,,,,,,,,,,,,　走らないまでも、急ぎ足でアパートの方に向かう。
　何もないといいんだが……
237600 ,,<!move_normal>,,7100,,,,,,,,,,,,,　恋鳥の家の前までついたときには
　少し息が上がっていた。
　つばを呑んで渇いた喉をごまかす。
237700 ,,,,,,,優哉,優哉,,,,,,,,,「……はっ、はっ……はぁっ……」
237800 ,,,,,,,,,,,,,,,,,　少し息を整えて顔を上げると、
　恋鳥と大家さんの姿が見えた。
238000 ,,,,,,,,,,,,,,,,,　そして黒服の男……
　今日は何人かの部下を連れた男の姿も。
238100 ,,,,,,,黒服,黒服,31kro453_001.wav,,,,,,,,「……ご検討頂けましたか」
238200 ,,,,,,,,,,,,,,,,,　聞こえる声に少し迷ったが、俺はまた、
　少し離れたところで立ち止まって
　様子をうかがうことにした。
238300 ,,,,,,,大家さん,大家さん,15oya453_001.wav,,,,,,,,「え、ええ……
　でも……」
238400 ,,,,,,,恋鳥,恋鳥,04kot453_001.wav,"kotori,uniform",,7,,,,,「………………」
238500 ,,,,,,,,,,,,,,,,,　恋鳥は敵意をむき出しにした瞳で
　黒服たちをじっとにらみつけている。
238600 ,,,,,,,黒服,黒服,31kro453_002.wav,,,,,,,,「お分かりいただきたいのは、
　私どもはあなたがたの土地を無理に取り上げよう
　という意図は持っていないと言うことです」
238700 ,,,,,,,大家さん,大家さん,15oya453_002.wav,,,,,,,,「ええ……」
238800 ,,,,,,,黒服,黒服,31kro453_003.wav,,,,,,,,「その上でなぜあなた様にお話を持ちかけさせて
　いただいたかと言えば、こちらの条件です」
238900 ,,,,,,,,,,,,,,,,,　と、男は大家さんに手に持った書類を示す。
239000 ,,,,,,,大家さん,大家さん,15oya453_003.wav,,,,,,,,「……交渉は以下の条件に当てはまる物件を優先する。
　１、単身者が多い物件。
　２、入居者の少ない物件……」
239100 ,,,,,,,黒服,黒服,31kro453_004.wav,,,,,,,,「はい。私どもが調べさせていただいたところ、
　こちらのアパートにはそちらの、葛城様しか
　入居者がいらっしゃらないとのこと」
239200 ,,,,,,,大家さん,大家さん,15oya453_004.wav,,,,,,,,「……ええ、確かに」
239300 ,,,,,,,黒服,黒服,31kro453_005.wav,,,,,,,,「その条件を鑑みて、私どもとしましては
　こちらの土地は最優先買収候補と
　なっているのですが……」
239400 ,,,,,,,恋鳥,恋鳥,04kot453_002.wav,kotori,,5,,,,,「…………おばあちゃん……」
239500 ,,,,,,,,,,kotori,,5,,,,,　小さく声を漏らす恋鳥。
　その手を大家さんがきゅっと握った。
239600 ,,,,,,,黒服,黒服,31kro453_006.wav,kotori,,5,,,,,「いかがでしょう、お立ち退きいただくわけには
　いきませんか。
　もちろん相応の対価はお支払いします」
239700 ,,,,,,,大家さん,大家さん,15oya453_005.wav,kotori,,5,,,,,「……それは……」
239800 ,,,,,,,,,,kotori,,5,,,,,　大家さんは眉根を寄せた困り顔だ。
　周囲を囲んだ黒服の男たちは、
　無表情に二人を見るばかり……。
239900 ,,,,,,,,,,kotori,,5,,,,,　……くそ、俺に何か出来ることは……
240000 ,,,,,,,恋鳥,恋鳥,04kot453_003.wav,kotori,,5,,,,,「……こ、恋鳥はここを出たくない」
240100 ,,,,,,,,,,kotori,,5,,,,,　かすれた声でつぶやく用に言う恋鳥。普段通りの
　無表情に見えるが、額に汗の粒が浮かんでいる。
240200 ,,,,,,,,,,kotori,,5,,,,,　しかし黒服はためらった様子もなく、
　そちらを見て言い放った。
240300 ,,,,,,,黒服,黒服,31kro453_007.wav,kotori,,5,,,,,「ええ、もちろん入居者のあなたにも
　お話ししているんですよ。けれど、
　あなただけが入居している状況ではね……」
240400 ,,,,,,,大家さん,大家さん,15oya453_006.wav,kotori,,5,,,,,「………………」
240500 ,,,,,,,,,,kotori,,5,,,,,　そう、今はわりと穏当な交渉を持ちかけているが、
　相手は大きな経済力だ。
　二人だけで抵抗できる相手じゃ、ない……
240600 ,,,,,,,恋鳥,恋鳥,04kot453_004.wav,kotori,,3,,,,,「……どうなったら……
　交渉を考え直すんだ？」
240700 ,,,,,,,黒服,黒服,31kro453_008.wav,kotori,,3,,,,,「……そうですね。あなたが単身者でなければ……
　つまり、旦那様でもいらっしゃって
　所帯をもっているなら、またお話が違うのですが」
240800 ,,,,,,,,,,,,,,,,,　……！
　つまりそれは……そうだ！
240900 ,,,,,,,,,,,,,,,,,　俺は隠れていた壁の後ろから飛び出し、
　黒服の部下の一人を押しのけ、
　恋鳥たちと黒服の間に割り込んだ！
241000 ,,,,,,,恋鳥,恋鳥,04kot453_005.wav,kotori,,2,,,,,「……お前……」
241100 ,,,,,,,大家さん,大家さん,15oya453_007.wav,kotori,,2,,,,,「……優哉くん」
241200 ,,,,,,,黒服,黒服,31kro453_009.wav,kotori,,2,,,,,「………………」
241300 ,,,,,,,,,,kotori,,2,,,,,　突然の乱入にも黒服はあわてず、
　ただ眉を少し上げただけだ。
241400 ,,,,,,,黒服,黒服,31kro453_010.wav,kotori,,2,,,,,「あなたは……どちら様です？」
241500 ,,,,,,,,,,kotori,,2,,,,,　その問いかけに、俺はからっからに渇いた
　喉を鳴らして、声を絞り出す。
241600 ,,,,,,,優哉,優哉,,kotori,,2,,,,,「あ……
　あんたたちが調べた資料は、ちょっと古いんだ！」
241700 ,,,,,,,黒服,黒服,31kro453_011.wav,kotori,,2,,,,,「ほう、それはまた……どういう意味ですか？」
241800 ,,,,,,,優哉,優哉,,kotori,,2,,,,,「俺は……俺は、」
241900 ,,,,,,,,,,kotori,,2,,,,,　ぐるりと振り返る。
　後ろで体を縮めて俺たちの会話を見上げていた
　恋鳥を引き寄せ……腕の中に抱きしめる。
242100 ,,,,,400421,,優哉,優哉,,,,,,,,,「……俺は恋鳥一緒に暮らしてる。
　恋鳥は、単身者じゃないっ！」
242200 ,,,,,400421,,優哉,優哉,,,,,,,,,「……俺たちは所帯を持っているんだっ！」
242300 ,,,,,400421,,恋鳥,恋鳥,04kot453_006.wav,kotori,,0,,,,,「……ゆうや、お前……」
242400 ,,,,,400421,,,,,,,,,,,,　俺の腕の中、恋鳥は俺を見上げて呆然としていた。
242500 ,,,,,400421,,黒服,黒服,31kro453_012.wav,,,,,,,,「……ほう」
242600 ,,,,,400421,,優哉,優哉,,,,,,,,,「……単身者じゃないなら、事情は違うんだろ」
242700 ,,,,,400421,,黒服,黒服,31kro453_013.wav,,,,,,,,「……ふっ、そうですね。
　これはいったん話を見直さなければなりませんか」
242800 ,,,,,400421,,,,,,,,,,,,　口元をにやりとゆがませ、
　男は大家さんに視線を送る。
242900 ,,,,,400421,,大家さん,大家さん,15oya453_008.wav,,,,,,,,「……ええ、この男の子……
　優哉くんは、葛城さんと一緒に暮らしています。
　登録書類は……更新が遅れていたんです」
243000 ,,,,,400421,,黒服,黒服,31kro453_014.wav,,,,,,,,「なるほど。よくわかりました。
　ひとまず社に帰って交渉の順序を
　見直さなければならないようです」
243100 ,,,,,400421,,優哉,優哉,,,,,,,,,「……ああ、そうしてくれ。
　出来れば考え直してくれると
　助かるぜ」
243200 ,,,,,400421,,,,,,,,,,,,　荒い息をつきながら、黒服をにらみつける。
　周りを囲まれている怖さはすでに吹っ飛んでいた。
243300 ,,,,,,,黒服,黒服,31kro453_015.wav,,,,,,,,「……ふ、またお邪魔しますよ」
243400 ,,,,,,,,,,,,,,,,,　深々と一礼して、黒服は部下にあごをしゃくる。
　部下たちは男を囲み、ぞろぞろと
　アパートを離れていった……
243490 ,,<!Lend_continue>,0,9000,,,,,,,,,,,,,
243499 ,,<!ec_kotori_pri>,,,,,,,,,,,,,,,
243590 ,$go kotori1_begin,,,,,,,,,,,,,,,,
243700 ,@454,,,,,,,,,,,,,,,,
244090 ,$heroine_begin,,,,,,,,,,,,,,,,
244100 ,,<!Lbegin_continue>,8,1102,,,優哉,優哉,,,,,,,,,「じゃあ、また明日な。つむぎ」
244200 ,,,,,,,つむぎ,つむぎ,05tum454_001.wav,,,,,,,,「はい。また……明日」
244300 ,,,,,,,優哉,優哉,,,,,,,,,「ん……」
244400 ,,,,,,,,,,,,,,,,,　一瞬、不器用な笑みを浮かべて
　私に背を向ける優哉さん。
244500 ,,,,,,,,,,,,,,,,,　私は、あの笑顔が好き。
244600 ,,,,,,,,,,,,,,,,,　そっけないようでいて優しさが込められていることを知っているから。
244700 ,,,,,,,,,,,,,,,,,　あの人の笑顔を見ると、胸が締め付けられそうになってしまう。
244800 ,,,,,,,つむぎ,つむぎ,05tum454_002.wav,,,,,,,,「…………」
244900 ,,,,,,,,,,,,,,,,,　小さくなっていく優哉さんの後ろ姿。
245000 ,,,,,,,,,,,,,,,,,　完全に姿が闇に消えるまで、私は彼を見送り続ける。
245200 ,,<!move_look>,13,13102,,,,,,,,,,,,,　毎日訪れる優哉さんとの別れ。
　……胸が、せつない。
245300 ,,,,,,,,,,,,,,,,,　そして、そして……
245400 ,,,,,,,,,,,,,,,,,　“また明日”というあの人の言葉に、
　期待や喜びを抱いてしまっている自分がいる。
245600 ,,<!move_short>,,1503,,,つむぎ,つむぎ,05tum454_003.wav,,,,,,,,「いけないのに……」
245700 ,,,,,,,,,,,,,,,,,　何度も何度も抑えているのに、どうして
　湧き上がってきてしまうのだろう……。
　この気持ちの正体は、分かっている。
245800 ,,,,,,,,,,,,,,,,,　分かっているからこそ、
　この思いを、はやく消さなくてはならない。
245900 ,,,,,,,,,,,,,,,,,　頭では分かっているのに。
246000 ,,,,,,,つむぎ,つむぎ,05tum454_004.wav,,,,,,,,「優哉さん……」
246100 ,,,,,,,,,,,,,,,,,　優哉さんが私の中から消えてくれない。
246200 ,,,,,,,つむぎ,つむぎ,05tum454_005.wav,,,,,,,,「どうしてこんなに優哉さんで
いっぱいになってしまったのでしょう……」
246300 ,,,,,,,,,,,,,,,,,　いつの間にか、心が一人歩きして優哉さんに
　惹かれはじめてしまった。
246400 ,,,,,,,,,,,,,,,,,　不器用な笑顔。ぶっきらぼうな優しさ。
　まれに溢れ出す強い感情。
246500 ,,,,,,,,,,,,,,,,,　彼のすべてに心が惹きつけられてしまう。
246600 ,,,,,,,つむぎ,つむぎ,05tum454_006.wav,,,,,,,,「私は……優哉さんを……」
246700 ,,,,,,,,,,,,,,,,,　甘い疼きに、胸を押さえる。
246800 ,,,,,,,,,,,,,,,,,　トクントクンと震える胸。
　これは、私が生きているあかし。
246900 ,,,,,,,つむぎ,つむぎ,05tum454_007.wav,,,,,,,,「…………だめ……そんなの、いけない」
247000 ,,,,,,,,,,,,,,,,,　きつく拳を握りしめて、揺れる心を戒める。
247100 ,,,,,,,,,,,,,,,,,　これ以上、優哉さんを意識してはいけない。
247200 ,,,,,,,,,,,,,,,,,　これ以上、あの人を……。
247300 ,,,,,,,つむぎ,つむぎ,05tum454_008.wav,,,,,,,,「好きになっては……いけない」
247400 ,,,,,,,,,,,,,,,,,　胸が、ズキンと痛む。
247500 ,,,,,,,つむぎ,つむぎ,05tum454_009.wav,,,,,,,,「もう、よさないと……」
247600 ,,,,,,,つむぎ,つむぎ,05tum454_010.wav,,,,,,,,「私は、人を愛してはいけないのだから……」
247690 ,,<!Lend_day_change>,0,9000,,,,,,,,,,,,,
247698 ,,<!ec_tsumugi_pri>,,,,,,,,,,,,,,,
247699 ,$heroine_end,,,,,,,,,,,,,,,,
247790 ,$go tsumugi1_begin,,,,,,,,,,,,,,,,
,,,,,,,,,,,,,,,,,


