%line%,%seq%,%effect%,%music%,%bg%,%cg%,%ov%,%truename%,%name%,%voice%,%st0_name%,%st0_pos%,%st0_face%,%st1_name%,%st1_pos%,%st1_face%,%pageflag%,%text%
10390 ,@kotori1_begin,,,,,,,,,,,,,,,,
10400 ,@701,,,,,,,,,,,,,,,,
10600 ,,<!Lbegin_continue>,2,7100,,,優哉,優哉,,,,,,,,,「……ぷはぁ……っ！」
10700 ,,,,,,,,,,,,,,,,,　黒服の姿が角を曲がり視界から消えて、
　俺はようやく大きく息をついた。
10800 ,,,,,,,大家さん,大家さん,15oya701_001.wav,,,,,,,,「……大丈夫？　優哉くん」
10900 ,,,,,,,,,,,,,,,,,　荒い息をつく俺の背中を、
　大家さんが優しくさすってくれる。
11000 ,,,,,,,優哉,優哉,,,,,,,,,「だ、大丈夫です。
　それより二人とも、何かされてないですか？」
11100 ,,,,,,,大家さん,大家さん,15oya701_002.wav,,,,,,,,「大丈夫、人は連れてきていたけど
　荒っぽいことはしなかったわ」
11200 ,,,,,,,恋鳥,恋鳥,04kot701_001.wav,"kotori,uniform",,0,,,,,「……恋鳥も大丈夫だ」
11300 ,,,,,,,,,,kotori,,0,,,,,　返ってきた恋鳥の声がやたら近くて一瞬驚く。
　……そうか、俺肩を抱いたままで……
11400 ,,,,,,,優哉,優哉,,kotori,,0,,,,,「……わり、痛くなかったか？」
11500 ,,,,,,,恋鳥,恋鳥,04kot701_002.wav,kotori,,3,,,,,「……大丈夫だ」
11600 ,,,,,,,,,,kotori,,3,,,,,　いつも通りのぶっきらぼうな応え。
　俺は少し安心して恋鳥から離れる。
11700 ,,,,,,,大家さん,大家さん,15oya701_003.wav,kotori,,0,,,,,「それにしても……
　優哉くん、すごかったわね」
11800 ,,,,,,,優哉,優哉,,kotori,,0,,,,,「す、すいません口挟んじゃって。
　でも、見てられなくて」
11900 ,,,,,,,大家さん,大家さん,15oya701_004.wav,kotori,,0,,,,,「いいのよ。助かったわ」
12000 ,,,,,,,,,,kotori,,0,,,,,　大家さんの手のひらが俺の頭をなでる。
　恥ずかしい……と思う間もなかった。
12100 ,,,,,,,優哉,優哉,,kotori,,0,,,,,「でも俺、とんでもないこといっちまって……
　恋鳥と一緒に暮らしてるなんて……」
12200 ,,,,,,,大家さん,大家さん,15oya701_005.wav,kotori,,0,,,,,「あら、いいでしょう？」
12300 ,,,,,,,優哉＠恋鳥,２人,04kot701_003.wav＠ext701_e01.wav,kotori,,2,,,,,「えっ！？」
12400 ,,,,,,,大家さん,大家さん,15oya701_006.wav,kotori,,2,,,,,「だってあの人たち、またきっと調査に来るでしょう？
　そのときに恋鳥ちゃん一人だったら、
　さっきと同じことになるわ」
12500 ,,,,,,,優哉,優哉,,kotori,,2,,,,,「そ、それは……」
12600 ,,,,,,,恋鳥,恋鳥,04kot701_004.wav,kotori,,90,,,,,「……確かに、そうだけど……」
12700 ,,,,,,,優哉,優哉,,kotori,,90,,,,,「い、いやでも待ってくださいよ！
　それってつまり俺と恋鳥が一緒に住む
　ってことでしょう！？」
12800 ,,,,,,,大家さん,大家さん,15oya701_007.wav,kotori,,90,,,,,「そうなるわね」
12900 ,,,,,,,恋鳥,恋鳥,04kot701_005.wav,kotori,,3,,,,,「……そ、そうなるのか？」
13000 ,,,,,,,大家さん,大家さん,15oya701_008.wav,kotori,,3,,,,,「そうなるでしょう？」
13100 ,,,,,,,,,,kotori,,3,,,,,　ね？　と言われて俺も恋鳥も否定できない。
13200 ,,,,,,,大家さん,大家さん,15oya701_009.wav,kotori,,3,,,,,「……今夜また来ないとも限らないわ。
　今日からにしたらどう？」
13300 ,,,,,,,優哉,優哉,,kotori,,3,,,,,「え、ええっ」
13400 ,,,,,,,恋鳥,恋鳥,04kot701_006.wav,kotori,,5,,,,,「で、でもそれなら恋鳥の部屋じゃなくても……」
13500 ,,,,,,,大家さん,大家さん,15oya701_010.wav,kotori,,5,,,,,「アパートの他の部屋はお掃除してないし、
　私の家も今は泊めてあげられる
　場所がないわ」
13600 ,,,,,,,恋鳥,恋鳥,04kot701_007.wav,kotori,,5,,,,,「……う、あ……」
13700 ,,,,,,,優哉,優哉,,kotori,,5,,,,,「こ、恋鳥……」
13800 ,,,,,,,,,,kotori,,5,,,,,　こ、こんなことになるなんて予想外だ。
　ど、どうすれば……
13900 ,,,,,,,大家さん,大家さん,15oya701_011.wav,kotori,,5,,,,,「恋鳥ちゃん……イヤなの？」
14000 ,,,,,,,恋鳥,恋鳥,04kot701_008.wav,kotori,,3,,,,,「そ、それはいやだけど……
　でも、恋鳥はここに……
　ううっ……」
14100 ,,,,,,,,,,kotori,,3,,,,,　珍しく無表情を崩した恋鳥。
　俺も頬が火照ってどんな顔色をしているか
　わからない。
14200 ,,,,,,,大家さん,大家さん,15oya701_012.wav,kotori,,3,,,,,「恋鳥ちゃん……」
14300 ,,,,,,,,,,kotori,,3,,,,,　うながすような大家さんの声に、
　恋鳥は何かを吹っ切ったように
　俺を見た。
14400 ,,,,,,,恋鳥,恋鳥,04kot701_009.wav,kotori,,6,,,,,「……お前！　ゆうや！」
14500 ,,,,,,,優哉,優哉,,kotori,,6,,,,,「お、おう！」
14600 ,,,,,,,恋鳥,恋鳥,04kot701_010.wav,kotori,,6,,,,,「と、泊めてやるから……ありがたく思えっ」
14700 ,,,,,,,優哉,優哉,,kotori,,6,,,,,「……あ、ああ……」
14800 ,,,,,,,,,,kotori,,6,,,,,　顔を真っ赤にしてわめく恋鳥。
　その勢いに押されて俺は思わずうなずいてしまった。
14900 ,,,,,,,大家さん,大家さん,15oya701_013.wav,kotori,,6,,,,,「じゃあそれでいいわね」
15000 ,,,,,,,,,,kotori,,6,,,,,　柔らかく微笑む大家さん。
　くそ、もう覚悟を決めろ、俺。
15100 ,,,,,,,優哉,優哉,,kotori,,6,,,,,「……恋鳥、よろしく頼む」
15200 ,,,,,,,恋鳥,恋鳥,04kot701_011.wav,kotori,,6,,,,,「……こ、こっちこそ、よろしく……」
15300 ,,,,,,,,,,kotori,,6,,,,,　こんな時まで強がってみせる恋鳥の台詞に
　俺は思わず吹き出してしまって。
　それで少し、気が軽くなった。
15390 ,,<!Lend_scene_change>,0,9000,,,,,,,,,,,,,
15399 ,,<!ec_kotori_pri>,,,,,,,,,,,,,,,
15500 ,@702,,,,,,,,,,,,,,,,
15800 ,,<!Lbegin_scene_change>,2,7100,,,,,,,,,,,,,　同居するなら、それなりに準備がいる。
　俺はいったん家に戻り、荷物を取ってくる事にした。
15900 ,,,,,,,恋鳥,恋鳥,04kot702_001.wav,"kotori,uniform",,5,,,,,「分かった。
　恋鳥は部屋を片づけておく」
16000 ,,,,,,,,,,kotori,,5,,,,,　恋鳥はまだ、納得できないようだ。
　俺だって……戸惑ってる。
16100 ,,,,,,,恋鳥,恋鳥,04kot702_002.wav,kotori,,0,,,,,「余分なスペースは少ない。
　あまりたくさんの荷物は、持ってくるな」
16200 ,,,,,,,優哉,優哉,,kotori,,0,,,,,「分かってるよ。
　せいぜい着替えと洗面道具ぐらいにするさ」
16300 ,,,,,,,,,,kotori,,0,,,,,　黒服達が、立ち退きをあきらめるまで。
　そんなに長くはならないと、自分に言い聞かせる。
16390 ,,,,,,,,,,kotori,,0,,,,,　すると恋鳥は、俺を見て何か思いついたように。
　ぴん、と人差し指を立てて、左右に振った。
16400 ,,,,,,,恋鳥,恋鳥,04kot702_003.wav,kotori,,4,,,,,「歯ブラシは、おそろいにするか？」
16500 ,,,,,,,優哉,優哉,,kotori,,4,,,,,「なっ……っ！？」
16600 ,,,,,,,恋鳥,恋鳥,04kot702_004.wav,kotori,,1,,,,,「冗談だ。本気にするな」
16700 ,,,,,,,,,,,,,,,,,　ああもう、疲れる。
　俺はこれからの気苦労を思いやって。
　胃の辺りを押さえながら、そそくさと家に戻った。
16900 ,,<!move_normal>,,200,,,陽向,陽向,07hin702_001.wav,"hinata,private",,1,,,,,「あ、お帰りなさい、お兄ちゃん！」
17000 ,,,,,,,,,,hinata,,1,,,,,　リビングに入ると、陽向が宿題をしていた。
　誰に言われなくても、きちんと勉強するんだよな。
17090 ,,,,,,,,,,hinata,,1,,,,,　俺はとりあえず冷蔵庫から、お茶を出して飲んだ。
　陽向の分も湯飲みに注ぎ、渡してやる。
17100 ,,,,,,,優哉,優哉,,hinata,,1,,,,,「ただいま、陽向。オヤジは旅館か？」
17200 ,,,,,,,陽向,陽向,07hin702_002.wav,hinata,,0,,,,,「あ、ありがとう、おにいちゃん！
　うん、お父さんはまだ、帰ってきてないよ」
17300 ,,,,,,,優哉,優哉,,,,,,,,,「今は旅館かな？」
17400 ,,,,,,,,,,,,,,,,,　一応、アレでも俺の親だ。
　了解は取っておくか。
17490 ,,,,,,,,,,,,,,,,,　荷物を片手でまとめてカバンに入れながら、俺は携帯で旅館に電話をかけた。
17500 ,,<!se_ch_phone_call>,,,,,,,,,,,,,,,――プルルルルル。プルルルルル。ガチャッ！
17600 ,,<stop id=""1""><wait time=""4000"">,,,,,英俊,英俊,13eis702_001.wav,,,,,,,,「はいはい、旅館すみさきです」
17700 ,,,,,,,優哉,優哉,,,,,,,,,「オヤジ？　俺だ」
17800 ,,,,,,,英俊,英俊,13eis702_002.wav,,,,,,,,「オレオレかい？　ウチには金はありませんよ」
17900 ,,,,,,,優哉,優哉,,,,,,,,,「詐欺じゃねぇっ！
　声で分かるだろ、アンタの息子だっ！」
18000 ,,,,,,,英俊,英俊,13eis702_003.wav,,,,,,,,「はははっ、すまないね。
　しかし電話の話し方は、きちんとした方が得だぞ」
18100 ,,,,,,,英俊,英俊,13eis702_004.wav,,,,,,,,「それで、用件は？
　用事があるから、かけてきたんだろう？」
18200 ,,,,,,,優哉,優哉,,,,,,,,,「ああ、実は……」
18300 ,,,,,,,,,,,,,,,,,　俺は恋鳥のアパートの立ち退き騒動と、
　その顛末をかいつまんで話した。
18400 ,,,,,,,優哉,優哉,,,,,,,,,「……と、言うわけだ。
　だからしばらく俺、恋鳥の家に住む事になる」
18500 ,,,,,,,,,,,,,,,,,　さすがに恋鳥との同居を告げるのは、勇気がいる。
　あるいは善良な父として、反対するか妙案を出すか。
　どちらかを期待したんだが。
18600 ,,,,,,,英俊,英俊,13eis702_005.wav,,,,,,,,「いいねぇ。実にいい。
　よし優哉、しっかり協力しなさい」
18700 ,,,,,,,優哉,優哉,,,,,,,,,「本当に、それでいいのかよっ！」
18800 ,,,,,,,英俊,英俊,13eis702_006.wav,,,,,,,,「良いも悪いも、人助けじゃないか。
　恋鳥ちゃんの為だ。しっかり励みなさい。
　がんばれ、我が息子よ！」
18900 ,,,,,,,,,,,,,,,,,――ガチャ。ツー。ツー。ツー。
19000 ,,,,,,,優哉,優哉,,,,,,,,,「ったく、どいつもこいつも脳天気だな」
19100 ,,,,,,,,,,,,,,,,,　思わずグチってから、ふとシャツを引っぱられる。
19200 ,,,,,,,優哉,優哉,,hinata,,3,,,,,「ん？　陽向。どうした？」
19300 ,,,,,,,陽向,陽向,07hin702_003.wav,hinata,,3,,,,,「お兄ちゃん、お泊まりに行くの？」
19400 ,,,,,,,優哉,優哉,,hinata,,3,,,,,「ああ、聞いてたのか。そうだよ。
　恋鳥のために少しの間、泊ってくるよ」
19500 ,,,,,,,優哉,優哉,,hinata,,3,,,,,「急な話だけど、千紗にも伝えておいてくれ。
　家の事……しっかり護ってくれよ。陽向」
19600 ,,,,,,,陽向,陽向,07hin702_004.wav,hinata,,1,,,,,「うん。ボクにまかせて、お兄ちゃん！」
19700 ,,,,,,,,,,hinata,,1,,,,,　にぱっと屈託のない笑顔で、頷く陽向。
　俺はご褒美に、頭をくしゃくしゃと撫でてやった。
19800 ,,,,,,,優哉,優哉,,hinata,,1,,,,,「それじゃ、行ってくる。
　ときどき帰ってくるから、心配するなよ」
19900 ,,,,,,,陽向,陽向,07hin702_005.wav,hinata,,1,,,,,「はーいっ！　いってらっしゃーい！」
20100 ,,<!move_normal>,,12200,,,,,,,,,,,,,　さてと。
　荷物を抱えて、足早に街を歩きながら。
　俺は今後の事を考えてみた。
20200 ,,,,,,,優哉,優哉,,,,,,,,,「そうだ……愛歌にも言わなきゃな。
　でないと明日、迎えに来てしまうよな」
20300 ,,,,,,,,,,,,,,,,,　愛歌にも電話しようと思い、俺は電柱の陰に隠れた。
　何となく後ろめたい気がするんだよな、やっぱり。
　番号をプッシュして、待つ事しばし。
20390 ,,<!se_ch_phone_call>,,,,,,,,,,,,,,,
20400 ,,<stop id=""1""><wait time=""5000"">,,,,,愛歌,愛歌,01man702_001.wav,,,,,,,,「はい、愛歌です。優哉ちゃん、どうしたの？」
20500 ,,,,,,,優哉,優哉,,,,,,,,,「いや、ちょっと話しがあってさ。
　明日から、俺を迎えに来なくてもいいぞ」
20600 ,,,,,,,愛歌,愛歌,01man702_002.wav,,,,,,,,「……えっ？
　ど、どうして？」
20700 ,,,,,,,,,,,,,,,,,　俺の言葉に、なぜか慌ててる愛歌。
　なんでそんなに、びっくりするんだろう。
20800 ,,,,,,,優哉,優哉,,,,,,,,,「ちょっと込み入った事情があってさ。
　今日から俺、家にいないんだよ」
20900 ,,,,,,,愛歌,愛歌,01man702_003.wav,,,,,,,,「えええっ！？
　それって、家出しちゃうの？」
21000 ,,,,,,,優哉,優哉,,,,,,,,,「いや、そうじゃなくて。
　恋鳥のアパートが、立ち退きさせられそうなんだ」
21100 ,,,,,,,愛歌,愛歌,01man702_004.wav,,,,,,,,「恋鳥ちゃんのアパートが？
　それは大変だよね……でも、それがどうしたの？」
21200 ,,,,,,,,,,,,,,,,,　うーん。
　ここで愛歌に、全部話していいものか。
21290 ,,,,,,,,,,,,,,,,,　とはいえ中途半端な説明じゃ、納得させられないか。
　今のうちに説明した方が、いいよな。
21300 ,,,,,,,優哉,優哉,,,,,,,,,「立ち退きを防ぐために、
　恋鳥と一緒に暮らす事になったんだ」
21400 ,,,,,,,愛歌,愛歌,01man702_005.wav,,,,,,,,「えええ～～～～っ！？
　ほ、本当なの、優哉ちゃん！」
21500 ,,,,,,,優哉,優哉,,,,,,,,,「ああ、俺もなんでそうなったのか、
　いまいち納得できないんだけどな」
21600 ,,,,,,,,,,,,,,,,,　大家さんに、上手く乗せられた気がする。
　普通は愛歌みたいに、びっくりするよなぁ。
21700 ,,,,,,,愛歌,愛歌,01man702_006.wav,,,,,,,,「優哉ちゃんが恋鳥ちゃんと、一緒に暮らすんだ……」
21800 ,,,,,,,優哉,優哉,,,,,,,,,「ヘンな勘違いしないでくれよ、愛歌。
　立ち退きを防ぐためだからな！」
21900 ,,,,,,,愛歌,愛歌,01man702_007.wav,,,,,,,,「そ、そうだよね！
　他に理由なんかないよね！」
22000 ,,,,,,,優哉,優哉,,,,,,,,,「そういう訳だからさ。
　しばらくは朝の出迎え、無しで頼む」
22100 ,,,,,,,愛歌,愛歌,01man702_008.wav,,,,,,,,「う、うん……分かったよ。
　ちょっと寂しいけど……」
22200 ,,,,,,,優哉,優哉,,,,,,,,,「そうか？
　これで毎朝、ゆっくり寝れるだろ」
22300 ,,,,,,,愛歌,愛歌,01man702_009.wav,,,,,,,,「優哉ちゃん……なんにも分かってないよ」
22400 ,,,,,,,,,,,,,,,,,　あれ？
　なんだか愛歌、拗ねた声になってる。
22490 ,,,,,,,,,,,,,,,,,　ちょっと無神経すぎたかな。
　毎朝、起こしてもらってたのに。
22500 ,,,,,,,優哉,優哉,,,,,,,,,「ごめんごめん。
　それでもう一つ、頼みがあるんだ」
22600 ,,,,,,,愛歌,愛歌,01man702_010.wav,,,,,,,,「なあに、優哉ちゃん」
22700 ,,,,,,,,,,,,,,,,,　うーん。
　電話の向こうで、頬をふくらませてるんじゃないか？
　でもまぁ、言うだけ言っておかないと。
22800 ,,,,,,,優哉,優哉,,,,,,,,,「俺が恋鳥と一緒に住むこと、みんなには内緒な」
22900 ,,,,,,,愛歌,愛歌,01man702_011.wav,,,,,,,,「う……うん、そうだよね。
　事情があるからって言っても、
　やっぱり男の子と女の子が、一緒に暮らすんだから」
23000 ,,,,,,,愛歌,愛歌,01man702_012.wav,,,,,,,,「大騒ぎになったら、
　恋鳥ちゃんも優哉ちゃんも困っちゃうものね」
23100 ,,,,,,,愛歌,愛歌,01man702_013.wav,,,,,,,,「だから安心していいよ！
　私、誰にも言わないから」
23200 ,,,,,,,優哉,優哉,,,,,,,,,「愛歌、お前……なんか無理してないか？」
23400 ,,,,,,,愛歌,愛歌,01man702_014.wav,,,,,,,,「ううん、ぜんぜん。
　あ、そろそろ私、電話切るね。
　それじゃ優哉ちゃん。また明日、学校で！」
23500 ,,,,,,,,,,,,,,,,,　慌ただしく一方的に、愛歌は電話を切った。
　まるで俺から、逃げるみたいに。
　こんな愛歌は初めてだ。
23600 ,,,,,,,優哉,優哉,,,,,,,,,「……やっぱり、簡単な事じゃないよな。
　男と女が、一緒に住むってコトはさ」
23700 ,,,,,,,,,,,,,,,,,　明日、愛歌にあったら、ちゃんと説明しよう。
　そう思いながら、俺は恋鳥の家に向かったんだ。
23790 ,,<!Lend_move>,0,9000,,,,,,,,,,,,,
23799 ,,<!ec_kotori_pri>,,,,,,,,,,,,,,,
24000 ,@703,,,,,,,,,,,,,,,,
24300 ,,<!Lbegin_move>,8,7100,,,大家さん,大家さん,16oya703_001.wav,,,,,,,,「お帰りなさい、優哉くん」
24400 ,,,,,,,優哉,優哉,,,,,,,,,「はい。お世話になります」
24500 ,,,,,,,,,,,,,,,,,　恋鳥のアパートの前で、大家さんが待っていた。
　神妙な気持ちで、頭を下げる。
24600 ,,,,,,,大家さん,大家さん,16oya703_002.wav,,,,,,,,「ごめんなさいね。
　私のせいで、優哉くんに無理を頼んで」
24700 ,,,,,,,優哉,優哉,,,,,,,,,「俺がついた嘘なんだし、責任取りますよ。
　それに……恋鳥を放っておけなかったから」
24800 ,,,,,,,大家さん,大家さん,16oya703_003.wav,,,,,,,,「ありがとう、優哉くん。
　そう言ってもらえると、助かるわ」
24900 ,,,,,,,大家さん,大家さん,16oya703_004.wav,,,,,,,,「さぁ、恋鳥ちゃんの部屋はこっちよ。
　……あ、二人の部屋だったわね？」
25000 ,,,,,,,優哉,優哉,,,,,,,,,「――っ！！」
25100 ,,,,,,,,,,,,,,,,,　直球の一言でからかわれて、真っ赤になる。
　大家さんは、茶目っ気たっぷりに微笑んだ。
25300 ,,<!move_short>,,7200,,,恋鳥,恋鳥,04kot703_001.wav,"kotori,pajamas",,0,,,,,「来たか。遅かったな」
25400 ,,,,,,,優哉,優哉,,kotori,,0,,,,,「オヤジと陽向に、事情を説明してたんだ。
　愛歌にも電話して……」
25500 ,,,,,,,恋鳥,恋鳥,04kot703_002.wav,kotori,,90,,,,,「そうか。こちらはだいたい片づいた」
25600 ,,,,,,,,,,kotori,,90,,,,,　ぱんぱんと、手の埃を払う仕草がわざとらしい。
25700 ,,,,,,,恋鳥,恋鳥,04kot703_003.wav,kotori,,5,,,,,「なんだ？　何をじろじろ見てる？」
25800 ,,,,,,,優哉,優哉,,kotori,,5,,,,,「いや、ジャージを着てるから、
　掃除が大変だったんだな……と」
25900 ,,,,,,,恋鳥,恋鳥,04kot703_004.wav,kotori,,0,,,,,「私はいつも、ジャージだぞ。
　楽だからな」
26000 ,,,,,,,,,,kotori,,0,,,,,　そうか、そりゃあいい。
　色気のない恰好の方が、俺も落ち着く。
26100 ,,,,,,,大家さん,大家さん,16oya703_005.wav,kotori,,0,,,,,「ほらほら、戸口で見つめ合ってないで。
　私も部屋に、入れてくれないかしら？」
26200 ,,,,,,,恋鳥,恋鳥,04kot703_005.wav,kotori,,7,,,,,「み、見つめ合っていない！」
26300 ,,,,,,,,,,kotori,,7,,,,,　ぷいっと、そっぽを向く恋鳥。
　俺だって、頬が熱い。
26390 ,,,,,,,,,,kotori,,7,,,,,　うう、女の子の部屋に入るのって、緊張するな。
　最初の一歩をなかなか踏み出せずにいると、
26400 ,,,,,,,,,,kotori,,7,,,,,　大家さんが軽く俺の背中を押してくれた。
26500 ,,,,,,,優哉,優哉,,kotori,,0,,,,,「……ふう」
26600 ,,,,,,,,,,kotori,,0,,,,,　部屋の空気は暖かくて、居心地は悪くない。
　そんな第一印象だ。
26700 ,,,,,,,優哉,優哉,,kotori,,0,,,,,「ぬいぐるみ、多いな」
26800 ,,,,,,,恋鳥,恋鳥,04kot703_006.wav,kotori,,7,,,,,「うるさい」
26900 ,,,,,,,,,,kotori,,7,,,,,　大家さんにソファを勧め、
　俺にはつっけんどんな恋鳥。
　二人で畳に腰を下ろして。
27000 ,,,,,,,恋鳥,恋鳥,04kot703_007.wav,kotori,,5,,,,,「…………」
27100 ,,,,,,,優哉,優哉,,kotori,,5,,,,,「…………」
27200 ,,,,,,,,,,kotori,,5,,,,,　お、落ち着かないな！
　やっぱり……気まずいって。
27300 ,,,,,,,大家さん,大家さん,16oya703_006.wav,kotori,,5,,,,,「ねぇ、二人とも？」
27500 ,,,,,,,恋鳥,恋鳥＆優哉,04kot703_008.wav,kotori,,0,,,,,「はいっ！」
27700 ,,,,,,,,,,kotori,,7,,,,,　は、ハモってしまった。
　恥ずかしいからって俺をにらむな、恋鳥。
27800 ,,,,,,,大家さん,大家さん,16oya703_007.wav,kotori,,0,,,,,「くすくすっ、仲が良いわね」
27900 ,,,,,,,恋鳥,恋鳥,04kot703_009.wav,kotori,,5,,,,,「……ただの偶然」
28000 ,,,,,,,優哉,優哉,,kotori,,5,,,,,「それで、今度はなんです？」
28100 ,,,,,,,大家さん,大家さん,16oya703_008.wav,kotori,,5,,,,,「三人で、一緒に夕ご飯を食べましょうよ」
28200 ,,,,,,,恋鳥,恋鳥,04kot703_010.wav,kotori,,2,,,,,「えっ？」
28300 ,,,,,,,大家さん,大家さん,16oya703_009.wav,kotori,,2,,,,,「ふふ、たまにはいいでしょう？
　みんなで食べると、きっと楽しいわよ」
28400 ,,,,,,,恋鳥,恋鳥,04kot703_011.wav,kotori,,90,,,,,「外に食べに？」
28500 ,,,,,,,大家さん,大家さん,16oya703_010.wav,kotori,,90,,,,,「ううん、ここでよ。
　そうと決まったら、食材がいるわね」
28600 ,,,,,,,恋鳥,恋鳥,04kot703_012.wav,kotori,,3,,,,,「あ……そんなことは」
28700 ,,,,,,,大家さん,大家さん,16oya703_011.wav,kotori,,3,,,,,「いいのよ、遠慮しなくても。
　ちょっと待っててね。すぐに取ってくるから」
28800 ,,,,,,,恋鳥,恋鳥,04kot703_013.wav,kotori,,2,,,,,「ま、待て……」
28900 ,,,,,,,,,,kotori,,2,,,,,――ぱたん。
29000 ,,,,,,,,,,kotori,,2,,,,,　止めるヒマもなく、大家さんが部屋を出て行った。
29100 ,,,,,,,優哉,優哉,,kotori,,2,,,,,「なあ、恋鳥」
29200 ,,,,,,,恋鳥,恋鳥,04kot703_014.wav,kotori,,0,,,,,「…………なんだ？」
29300 ,,,,,,,優哉,優哉,,kotori,,0,,,,,「大家さんって、いつもあんな調子なのか？」
29400 ,,,,,,,,,,kotori,,0,,,,,　腰を浮かせて、玄関を恨めしそうに見ていた恋鳥が、
　ふう、と溜息をつきながら座りなおす。
　拳でぐりぐりと、ぬいぐるみをいじりながら。
29500 ,,,,,,,恋鳥,恋鳥,04kot703_015.wav,kotori,,5,,,,,「いや、普段はもっと落ち着いた人だぞ。
　正直な所、今日は驚く事ばかりだ」
29600 ,,,,,,,優哉,優哉,,kotori,,5,,,,,「そうか……」
29700 ,,,,,,,,,,kotori,,5,,,,,　何か気の利いた事でも、言えればいいのに。
　俺はぼんやりと答えてしまい、会話が途切れた。
29790 ,,,,,,,,,,kotori,,5,,,,,　別に下着とかが、放り出してある訳じゃないけど。
　恋鳥の生活を盗み見してるみたいで、
29800 ,,,,,,,,,,kotori,,5,,,,,　目のやり場に困る。
29900 ,,,,,,,恋鳥,恋鳥,04kot703_016.wav,kotori,,5,,,,,「…………」
30000 ,,,,,,,,,,kotori,,5,,,,,　恋鳥は、ぬいぐるみをいじめてる。
　俺の方を見ようとしない。
　まぁ、じっと見つめられたら、それも困るが。
30100 ,,,,,,,優哉,優哉,,kotori,,5,,,,,「大家さん、遅いな」
30200 ,,,,,,,恋鳥,恋鳥,04kot703_017.wav,kotori,,3,,,,,「ああ」
30300 ,,,,,,,,,,kotori,,0,,,,,　ああ、じゃねぇっ！
　会話のキャッチボールって、あるだろ？
　もうちょっと話の続きそうな返事をしろって。
30400 ,,,,,,,優哉,優哉,,kotori,,0,,,,,「あ～～～」
30500 ,,,,,,,,,,kotori,,0,,,,,　なんとかこの重苦しい雰囲気を、和らげるために。
　話題を探しつつ、声をかけると。
　ぎゅっとぬいぐるみを抱きしめて、恋鳥が身構えた。
30600 ,,,,,,,恋鳥,恋鳥,04kot703_018.wav,kotori,,7,,,,,「な、なんだっ！」
30700 ,,,,,,,優哉,優哉,,kotori,,7,,,,,「え、えっとな？」
30800 ,,,,,,,,,,kotori,,7,,,,,　しまった、目があった！
　だから恋鳥を妙に意識したら、ダメなんだっ！
30890 ,,,,,,,,,,kotori,,7,,,,,　自然体で振る舞わないと、いけないんだよ。
　それなのに、真剣な瞳で見つめるなって！
30900 ,,,,,,,恋鳥,恋鳥,04kot703_019.wav,kotori,,3,,,,,「お、お前、何を……」
31000 ,,,,,,,優哉,優哉,,kotori,,3,,,,,「う、いや、その……」
31100 ,,,,,,,,,,kotori,,3,,,,,　うわああああ、頭が固まってる！
31190 ,,,,,,,,,,kotori,,3,,,,,　お、落ち着け、俺！
　もうすぐ大家さんが、戻ってくるんだぞ。
　そうしたら二人っきりじゃ……なくなる。
31200 ,,,,,,,,,,kotori,,3,,,,,　ってことは、今はまだ、二人っきり？
31300 ,,,,,,,恋鳥,恋鳥,04kot703_020.wav,kotori,,7,,,,,「こ、こらっ、何を赤くなってる！？」
31400 ,,,,,,,優哉,優哉,,kotori,,7,,,,,「え、ええっ！？」
31500 ,,,,,,,,,,kotori,,7,,,,,　ダメだ、恋鳥から目が反らせない。
31600 ,,,,,,,優哉,優哉,,kotori,,7,,,,,「こ、恋鳥だって、その……」
31700 ,,<!se_kotori_door_openclose>,,,,,,,,kotori,,7,,,,,――がちゃっ。
31800 ,,,,,,,大家さん,大家さん,16oya703_012.wav,kotori,,7,,,,,「ただいま。遅くなってごめんなさいね」
31900 ,,,,,,,優哉,優哉,,kotori,,2,,,,,「うわあああっ！！！」
32000 ,,,,,,,,,,kotori,,2,,,,,　び、びっくりした！！
　はぁはぁ……し、心臓に悪い。
32090 ,,,,,,,,,,kotori,,2,,,,,　危なかった。
　もう少しで俺、何か口走っちゃいそうだったよ。
32100 ,,,,,,,,,,kotori,,2,,,,,　あ～～、もう。
32200 ,,,,,,,恋鳥,恋鳥,04kot703_021.wav,kotori,,0,,,,,「は、早く飯にしよう」
32300 ,,,,,,,,,,,,,,,,,　そそくさと立ち上がった恋鳥が
　大家さんとキッチンに。
　畳の上には、ぬいぐるみが転がった。
32400 ,,,,,,,,,,,,,,,,,　取り上げると、ほのかな温もりを手のひらに感じる。
　その暖かさが、恋鳥の体温だと気づいた。
32500 ,,,,,,,優哉,優哉,,,,,,,,,「う～～～。
　これで保つのか、俺の理性は」
32600 ,,,,,,,,,,,,,,,,,　情けない気分で、ぬいぐるみを弄んでいると。
　キッチンから楽しそうな声が、聞こえてきた。
32700 ,,,,,,,大家さん,大家さん,16oya703_013.wav,,,,,,,,「ゴボウはきんぴらにするから、せん切りにね。
　ほら、早く水に浸さないと」
32800 ,,,,,,,恋鳥,恋鳥,04kot703_022.wav,,,,,,,,「酢水につけた方が、アクが抜けるぞ？」
32900 ,,,,,,,大家さん,大家さん,16oya703_014.wav,,,,,,,,「私も昔はそうしてたけど、水の方が楽なの。
　色も変わりにくいし、大して変わらないみたいよ」
33000 ,,,,,,,恋鳥,恋鳥,04kot703_023.wav,,,,,,,,「そうなのか。ふむ、勉強になるな」
33100 ,,,,,,,,,,,,,,,,,　とんとんとん、とリズミカルな包丁の音。
　中火でじゅっと焼かれる、白い魚の切り身。
　醤油の焦げる香ばしさに、甘い砂糖の匂いが混ざる。
33200 ,,,,,,,大家さん,大家さん,16oya703_015.wav,,,,,,,,「ぶりの良いのがあったからね。
　多めに買っておいてよかったわ」
33300 ,,,,,,,恋鳥,恋鳥,04kot703_025.wav,,,,,,,,「うん、脂がのって、美味しそうだ」
33400 ,,,,,,,大家さん,大家さん,16oya703_016.wav,,,,,,,,「味付けは、ちょっと濃いめよ。
　歳をとるとね、味覚が弱くなるから」
33500 ,,,,,,,恋鳥,恋鳥,04kot703_026.wav,,,,,,,,「大丈夫、恋鳥は濃い味が好きだ。
　あいつはごちそうされるのだから、文句言えまい」
33600 ,,,,,,,,,,,,,,,,,　大家さんと恋鳥が、並んで料理を作ってる様子は。
　まるで孫がお祖母さんを、手伝っているみたいで。
　すごく微笑ましい光景だった。
33700 ,,,,,,,大家さん,大家さん,16oya703_017.wav,,,,,,,,「そういえば一緒に料理するの、初めてね」
33800 ,,,,,,,恋鳥,恋鳥,04kot703_027.wav,,,,,,,,「うん。いつもは一人だ」
33900 ,,,,,,,大家さん,大家さん,16oya703_018.wav,,,,,,,,「こんなに楽しいとは、思わなかったわ。
　ほら、優哉くん。食卓の支度をして」
34000 ,,,,,,,優哉,優哉,,,,,,,,,「あ、はい。
　食器はどこですか？」
34100 ,,,,,,,恋鳥,恋鳥,04kot703_028.wav,kotori,,0,,,,,「ちょっと待て、予備を出すから……」
34200 ,,,,,,,大家さん,大家さん,16oya703_019.wav,kotori,,0,,,,,「風呂敷の中に、うちの余りを持ってきたわ。
　優哉くんに使ってもらおうと思って」
34300 ,,,,,,,優哉,優哉,,kotori,,0,,,,,「すみません、気をつかってもらって」
34400 ,,,,,,,大家さん,大家さん,16oya703_020.wav,kotori,,0,,,,,「いいのよ。使わないともったいないでしょう？
　ああ、優哉くんの分、新しく買ってもいいのよ」
34500 ,,,,,,,恋鳥,恋鳥,04kot703_029.wav,kotori,,4,,,,,「うむ、無駄遣いは敵だ。大切に使おう」
34600 ,,,,,,,,,,kotori,,4,,,,,　イタズラっぽい大家さんの笑顔に真顔で応じる恋鳥。
　すごく打ち解けていて、家族みたいだな。
　血は繋がってないけど、気持ちが通じてる。
34700 ,,,,,,,,,,kotori,,90,,,,,　だからそう感じるんだろう。
34800 ,,,,,,,優哉,優哉,,kotori,,90,,,,,「待ち遠しいなぁ。お腹がペコペコだ」
34900 ,,,,,,,恋鳥,恋鳥,04kot703_030.wav,kotori,,0,,,,,「もう少し待て。こらえ性がないぞ」
35000 ,,,,,,,,,,,,,,,,,　この後の食事は、にこやかで楽しくなるだろう。
　俺は手際の良い二人の、料理する背中を眺めながら。
　ぬいぐるみをきちんと、ソファに座らせてやった。
35090 ,,<!Lend_scene_change>,0,9000,,,,,,,,,,,,,
35300 ,@704,,,,,,,,,,,,,,,,
35600 ,,<!Lbegin_scene_change>,8,7202,,,優哉,優哉,,,,,,,,,「ふう、食べた食べた。
　いやあ、ごちそうだったなぁ」
35700 ,,,,,,,大家さん,大家さん,16oya704_001.wav,,,,,,,,「お粗末さまでした。
　喜んでもらえて、うれしいわ。
　恋鳥ちゃんも、まんざら悪い気はしないでしょう？」
35800 ,,,,,,,恋鳥,恋鳥,04kot704_001.wav,"kotori,pajamas",,1,,,,,「うむ。
　いい食べっぷりだったな、お前」
35900 ,,,,,,,優哉,優哉,,kotori,,1,,,,,「そうだなあ。
　あんまり美味しいから、つい食べ過ぎたよ」
36000 ,,,,,,,恋鳥,恋鳥,04kot704_002.wav,kotori,,90,,,,,「腹八分目が、健康の秘訣だ。
　少しは遠慮しろ」
36100 ,,,,,,,大家さん,大家さん,16oya704_002.wav,kotori,,90,,,,,「いいのよ、恋鳥ちゃん。
　美味しそうに食べてもらえて、嬉しいんだから」
36200 ,,,,,,,恋鳥,恋鳥,04kot704_003.wav,kotori,,1,,,,,「よし、後かたづけはお前に任せよう」
36300 ,,,,,,,優哉,優哉,,kotori,,1,,,,,「はいはい。もちろん喜んでやりますよ」
36400 ,,,,,,,,,,kotori,,90,,,,,　残ったきんぴらを、冷蔵庫にしまう。
　大家さんと恋鳥は、二人でお茶をすすっていた。
　家族写真みたいに、絵になる光景だ。
36500 ,,,,,,,大家さん,大家さん,16oya704_003.wav,kotori,,90,,,,,「それじゃ、私は帰りますね」
36600 ,,,,,,,恋鳥,恋鳥,04kot704_004.wav,kotori,,2,,,,,「えっ、もう帰るのか？」
36700 ,,,,,,,大家さん,大家さん,16oya704_004.wav,kotori,,2,,,,,「この年になるとね、夜更かしができないのよ」
36800 ,,,,,,,恋鳥,恋鳥,04kot704_005.wav,kotori,,0,,,,,「そうか」
36900 ,,,,,,,,,,kotori,,0,,,,,　風呂敷をきちんと畳んで、立ち上がる大家さんに。
　恋鳥はなごり惜しそうだった。
37000 ,,,,,,,優哉,優哉,,kotori,,0,,,,,「でも、本当に良いんですか？
　俺と恋鳥の二人っきりというのは、
　マズイでしょう？」
37100 ,,,,,,,,,,kotori,,0,,,,,　やっぱりまだ、踏ん切りはつかない。
37200 ,,,,,,,恋鳥,恋鳥,04kot704_006.wav,kotori,,0,,,,,「…………」
37300 ,,,,,,,,,,kotori,,0,,,,,　恋鳥は、黙ったままだ。
　俺と大家さんのやり取りを、じっと見守ってる。
　だけど大家さんは、うふふっと笑った。
37400 ,,,,,,,大家さん,大家さん,16oya704_005.wav,kotori,,0,,,,,「優哉くんなら、大丈夫」
37500 ,,,,,,,恋鳥,恋鳥,04kot704_007.wav,kotori,,3,,,,,「どうして、そう思う？
　どうしておばあちゃんは、こいつを信じられるんだ？」
37600 ,,,,,,,大家さん,大家さん,16oya704_006.wav,kotori,,3,,,,,「それはね」
37700 ,,,,,,,,,,kotori,,3,,,,,　可愛い孫に、噛んで含めるように。
　大家さんは穏やかな口調で、恋鳥に答える。
37800 ,,,,,,,大家さん,大家さん,16oya704_007.wav,kotori,,3,,,,,「優哉くんはあの時、恋鳥ちゃんを護ってくれたわ。
　真剣だったから、今も貴女を案じて悩んでるの」
37900 ,,,,,,,大家さん,大家さん,16oya704_008.wav,kotori,,3,,,,,「そんな優哉くんを疑うの？」
38000 ,,,,,,,,,,kotori,,3,,,,,　チラリと、俺を見て。
　恋鳥は眉根を寄せて、黙り込んだ。
38100 ,,,,,,,大家さん,大家さん,16oya704_009.wav,kotori,,3,,,,,「それとも恋鳥ちゃんの方が、自信ないのかしらね。
　逆に優哉くんを、襲っちゃいそう？」
38200 ,,,,,,,恋鳥,恋鳥,04kot704_008.wav,kotori,,7,,,,,「な、何を言うか！
　そのようなバカな真似、するはずがない！」
38300 ,,,,,,,,,,kotori,,7,,,,,　すっかり大家さんの手玉に取られてるなぁ、恋鳥。
　俺は反論するのをあきらめ、恋鳥に助け船を出した。
38400 ,,,,,,,優哉,優哉,,kotori,,0,,,,,「それじゃ、下まで大家さんを送ってくるよ。
　ほら、荷物を持ちましょう」
38500 ,,,,,,,大家さん,大家さん,16oya704_010.wav,kotori,,0,,,,,「あら、残念。
　もう少しお話ししたかったのに」
38600 ,,,,,,,優哉,優哉,,kotori,,0,,,,,「勘弁して下さいよ……」
38700 ,,,,,,,恋鳥,恋鳥,04kot704_009.wav,kotori,,0,,,,,「おばあちゃん、今日はごちそうさまでした！」
38800 ,,,,,,,大家さん,大家さん,16oya704_011.wav,kotori,,0,,,,,「はい、それじゃ、またね」
39000 ,,<!move_veryshort><!se_kotori_door_close>,,7102,,,,,,,,,,,,,――ぱたん。
39100 ,,,,,,,大家さん,大家さん,16oya704_012.wav,,,,,,,,「ふふふっ、お邪魔したわね。
　久しぶりに、楽しかったわ」
39200 ,,,,,,,優哉,優哉,,,,,,,,,「ええ、楽しかったですね……。
　でも今夜の事を考えると、胃が痛いですよ」
39400 ,,,,13102,,,,,,,,,,,,,　ゆっくりと、大家さんの歩調に合わせて。
　夜道を歩きながら、ぼやいてみる。
39500 ,,,,,,,大家さん,大家さん,16oya704_013.wav,,,,,,,,「そんなに深刻に考えても、どうにもならないわよ」
39600 ,,,,,,,大家さん,大家さん,16oya704_014.wav,,,,,,,,「男と女は、なるようにしかならないし。
　立ち退きを防げたのは、優哉くんのお手柄よ」
39700 ,,,,,,,優哉,優哉,,,,,,,,,「ええ、でも……」
39800 ,,,,,,,,,,,,,,,,,　ふと大家さんが、立ち止まって。
　俺の手を取り、両手の掌で包む。
39900 ,,,,,,,大家さん,大家さん,16oya704_015.wav,,,,,,,,「私のせいにしていいのよ。
　私が優哉くんと恋鳥ちゃんに、望んだ事だから」
40000 ,,,,,,,大家さん,大家さん,16oya704_016.wav,,,,,,,,「それに何か起こっちゃっても、
　優哉くんなら恋鳥ちゃんにふさわしいと思うから」
40100 ,,,,,,,優哉,優哉,,,,,,,,,「そう……ですか？」
40200 ,,,,,,,優哉,優哉,,,,,,,,,「でも大家さんのせいには、したくないですよ。
　言ったのは俺だから、俺が責任を取ります」
40300 ,,,,,,,大家さん,大家さん,16oya704_017.wav,,,,,,,,「ええ、頼りにしてるわ、優哉くん。
　じゃあ、ここでいいわ」
40400 ,,,,,,,優哉,優哉,,,,,,,,,「家まで送りますよ？」
40500 ,,,,,,,大家さん,大家さん,16oya704_018.wav,,,,,,,,「いいのよ、ここで十分。
　はやく恋鳥ちゃんの部屋に、帰ってあげて」
40600 ,,,,,,,大家さん,大家さん,16oya704_019.wav,,,,,,,,「あの子も不安だと思うから。
　お休みなさい、優哉くん」
40700 ,,,,,,,優哉,優哉,,,,,,,,,「分かりました。
　お休みなさい、大家さん」
40790 ,,<!Lend_move>,0,9000,,,,,,,,,,,,,
40799 ,,<!ec_kotori_pri>,,,,,,,,,,,,,,,
41000 ,@705,,,,,,,,,,,,,,,,
41300 ,,<!Lbegin_move>,8,7102,,,優哉,優哉,,,,,,,,,「さてと……すーはー、すーはー」
41400 ,,,,,,,,,,,,,,,,,　今から恋鳥の部屋で、夜を過ごすんだ。
　邪な気持ちは、捨てていかないとな。
41490 ,,,,,,,,,,,,,,,,,　恋鳥の部屋に入る前に、大きく深呼吸して。
　気を落ち着かせてから、俺はドアを開けた。
41600 ,,<!move_veryshort><!se_kotori_door_open>,,7202,,,優哉,優哉,,,,,,,,,「ただいま」
41700 ,,,,,,,恋鳥,恋鳥,04kot705_001.wav,"kotori,pajamas",,4,,,,,「……お帰り」
41800 ,,,,,,,,,,kotori,,4,,,,,　恋鳥は机にチラシの裏を広げて、勉強していた。
　家では勉強してるのか……意外だな。
41900 ,,,,,,,恋鳥,恋鳥,04kot705_002.wav,kotori,,4,,,,,「遅かったな」
42000 ,,,,,,,優哉,優哉,,kotori,,4,,,,,「ああ、大家さんを送った後さ。
　ついうっかり自分の家に、帰りそうになって」
42100 ,,,,,,,恋鳥,恋鳥,04kot705_003.wav,kotori,,90,,,,,「そうか。まぁ、無理もない」
42200 ,,,,,,,,,,kotori,,90,,,,,　無愛想な返事は、いつもの恋鳥だ。
　俺はとりあえず洗面台に行き、手と顔を洗ってから。
　軽く話題を振ってみる事にした。
42300 ,,,,,,,優哉,優哉,,kotori,,90,,,,,「それ、数学の宿題？」
42400 ,,,,,,,恋鳥,恋鳥,04kot705_004.wav,kotori,,90,,,,,「違う」
42500 ,,,,,,,恋鳥,恋鳥,04kot705_005.wav,kotori,,90,,,,,「ぶりの照り焼きと、きんぴらごぼうのレシピだ。
　おばあちゃんの味付けを、覚えたくてな」
42600 ,,,,,,,優哉,優哉,,kotori,,90,,,,,「ああ、料理のメモだったのか。
　残念。課題だったら、見せてもらおうと思ったのに」
42700 ,,,,,,,恋鳥,恋鳥,04kot705_006.wav,kotori,,90,,,,,「自分の面倒は、自分で見ろ。
　向上心がなければ、おのれを育てられないぞ」
42800 ,,,,,,,恋鳥,恋鳥,04kot705_007.wav,kotori,,90,,,,,「ふむ、こんなものか」
42900 ,,,,,,,,,,kotori,,90,,,,,　恋鳥はチラシをくしゃくしゃに丸め、
　ゴミ箱にぽいっと放り込んだ。
43000 ,,,,,,,優哉,優哉,,kotori,,90,,,,,「いいのか？　メモだろ？」
43100 ,,,,,,,恋鳥,恋鳥,04kot705_008.wav,kotori,,0,,,,,「要点を理解したから、必要なくなった」
43200 ,,,,,,,,,,kotori,,0,,,,,　さすが成績トップクラス。
　凡人クラスの俺は、真面目に宿題をすることにした。
43300 ,,,,,,,恋鳥,恋鳥,04kot705_009.wav,kotori,,0,,,,,「……ヒマだ」
43400 ,,,,,,,優哉,優哉,,kotori,,0,,,,,「だったら、ここを教えてくれよ」
43500 ,,,,,,,恋鳥,恋鳥,04kot705_010.wav,kotori,,7,,,,,「簡単な問題だ。例題をよく読みかえせ」
43600 ,,,,,,,,,,kotori,,7,,,,,　ダメだ。
43690 ,,,,,,,,,,kotori,,7,,,,,　間が持たないから、宿題を始めたんだが。
　これじゃ会話が減って、逆効果だ。
　それに、ソファに座る恋鳥を意識してしまう。
43700 ,,,,,,,恋鳥,恋鳥,04kot705_011.wav,kotori,,0,,,,,「…………」
43800 ,,,,,,,,,,kotori,,0,,,,,　ソファに寝転がって、他のチラシを見てる恋鳥。
　ジロジロ見られないだけ、マシなんだけど。
　やっぱり落ち着かないぞ。
43900 ,,,,,,,恋鳥,恋鳥,04kot705_012.wav,kotori,,3,,,,,「……頼みがある」
44000 ,,,,,,,優哉,優哉,,kotori,,3,,,,,「えっ！？」
44100 ,,,,,,,恋鳥,恋鳥,04kot705_013.wav,kotori,,3,,,,,「先に、風呂に入っていいか？
　その……ほこりまみれで、気持ち悪い」
44200 ,,,,,,,優哉,優哉,,kotori,,3,,,,,「ああ、そうか。
　俺のために、部屋を片づけてくれたんだよな」
44300 ,,,,,,,恋鳥,恋鳥,04kot705_014.wav,kotori,,0,,,,,「客を迎えるなら、当然の事だ。
　特別扱いだと、勘違いするな」
44400 ,,,,,,,,,,kotori,,0,,,,,　ぷいっと俺から、そっぽをむいて。
　ワキワキと何かを探す、小さな手。
44500 ,,,,,,,,,,kotori,,0,,,,,――ぼすっ。
44600 ,,,,,,,優哉,優哉,,kotori,,0,,,,,「うわっ、なんでぬいぐるみを投げるんだよ！」
44700 ,,,,,,,恋鳥,恋鳥,04kot705_015.wav,kotori,,7,,,,,「着替えを出すから、こっちを見るな！」
44800 ,,,,,,,優哉,優哉,,kotori,,7,,,,,「着替え？」
44900 ,,,,,,,恋鳥,恋鳥,04kot705_016.wav,kotori,,7,,,,,「そうだ。お前は恋鳥の下着を見たいか？
　だとしたら変質者と認定して、実力で排除するぞ」
45000 ,,,,,,,優哉,優哉,,kotori,,7,,,,,「いや待て、すぐに目を閉じるから！」
45100 ,,,,9000,,,,,,,,,,,,,　銃を突きつけられた、映画の主人公みたいに。
　慌てて背を向け、ついでにぬいぐるみへ顔を埋める。
45200 ,,,,,,,優哉,優哉,,,,,,,,,「よし、見えないぞ。これで大丈夫だ」
45300 ,,,,,,,恋鳥,恋鳥,04kot705_017.wav,,,,,,,,「上出来だ。
　……いいぞ、もう終わった」
45400 ,,,,7202,,,,,,,,,,,,,　ちょっと呆れてる、恋鳥の苦笑が聞こえて。
45500 ,,,,,,,恋鳥,恋鳥,04kot705_018.wav,kotori,,0,,,,,「恋鳥が先でいいな？」
45600 ,,,,,,,優哉,優哉,,kotori,,0,,,,,「ああ、お先にどうぞ」
45700 ,,,,,,,恋鳥,恋鳥,04kot705_019.wav,kotori,,0,,,,,「よし、そのまま動かずに、十数えろ」
45800 ,,,,,,,,,,kotori,,0,,,,,　ノリがすっかり強盗なんですけど。
　人差し指を、突きつけられてる気がする。
　逆らっても、いい事ないだろうな。
45900 ,,,,,,,優哉,優哉,,kotori,,0,,,,,「わーん、つぅー、すりー」
46000 ,,,,,,,恋鳥,恋鳥,04kot705_020.wav,kotori,,0,,,,,「テンカウントまで、ダウンしていろ。
　まったくふざけた奴だ」
46100 ,,,,,,,,,,kotori,,0,,,,,　文句を言ってるけど、ちょっと語尾が弾んでる。
　やっぱりお風呂が、好きなんだな。
　この辺は温泉部だよ、恋鳥も。
46200 ,,,,,,,恋鳥,恋鳥,04kot705_021.wav,kotori,,7,,,,,「いちおう念を押しておくが、覗くなよ」
46300 ,,,,,,,優哉,優哉,,kotori,,7,,,,,「安心しろ。
　俺は貧にゅ……ぐえっ！」
46400 ,,<!se_punch>,,,,,,,,kotori,,81,,,,,――ドカっ！　グリグリグリ。
46500 ,,,,,,,恋鳥,恋鳥,04kot705_022.wav,kotori,,81,,,,,「恋鳥の胸が、貧弱だと申したか？」
46600 ,,,,,,,優哉,優哉,,kotori,,81,,,,,「せ、拙者その様な事は……」
46700 ,,,,,,,,,,kotori,,81,,,,,　足蹴にする恋鳥から、怖いオーラが漂ってくる。
　やばい、このままヤられるかも！
46800 ,,,,,,,恋鳥,恋鳥,04kot705_023.wav,kotori,,81,,,,,「ばか」
46900 ,,,,,,,,,,,,,,,,,　とりあえず、十まで数えてから。
　畳の上にむくりと起きあがった。
47000 ,,,,,,,優哉,優哉,,,,,,,,,「恋鳥でも、気にしてるんだなぁ」
47100 ,,,,,,,,,,,,,,,,,――しゅるしゅる、ぱさっ。
47200 ,,,,,,,優哉,優哉,,,,,,,,,「う……」
47400 ,,,,9001,,,,,,,,,,,,,――ぱさ。ぱちん。ぱさ。
47500 ,,,,,,,,,,,,,,,,,　静かな部屋に、聞こえてくる衣擦れの音が
　俺の想像を掻き立てた。
47590 ,,,,,,,,,,,,,,,,,　ジャージを脱いで、ズボン。
　その後のぱちんって、ブラのホックを外したのか！？
47600 ,,,,,,,,,,,,,,,,,――しゅるるるるっ、ぱさっ
47800 ,,,,7202,,,,,,,,,,,,,　今のはパンティだよな、多分。
　と言う事は、恋鳥は真っ裸に？
47900 ,,,,,,,優哉,優哉,,,,,,,,,「落ち着け、俺。
　ふ、風呂に入ってるんだから、当たり前だろ？」
48100 ,,<!se_bath_water_zaba>,,9001,,,,,,,,,,,,,―カララララッ……ばしゃああん。
48200 ,,,,,,,,,,,,,,,,,　掛かり湯はお湯を汚さないための、当然の作法。
　細い恋鳥の身体に、お湯がすべり落ちて……。
48400 ,,,,7202,,,優哉,優哉,,,,,,,,,「うあああっ、妄想やめっ！
　消えろ、消えてくれーっっ！！！」
48500 ,,,,,,,,,,,,,,,,,　畳の上をゴロゴロと、転げ回る俺。
　ああ、大の男が何をやってるんだ……。
48700 ,,<!se_bath_in>,,9001,,,,,,,,,,,,,――ちゃぽん。
48800 ,,,,,,,恋鳥,恋鳥,04kot705_024.wav,,,,,,,,「ふう……」
48900 ,,,,,,,,,,,,,,,,,　気持ちよさそうな溜息をつくなって。
　どんな顔か、想像しちゃうじゃないか！
　白い湯気の中、ほっとくつろぐ恋鳥の湯浴み姿。
49100 ,,,,7202,,,優哉,優哉,,,,,,,,,「そ、そうだ！
　宿題しなくちゃな！」
49200 ,,,,,,,,,,,,,,,,,　俺は思いっきり頭を振って、妄想を追い出して。
　難解極まる数学の世界に没頭する事にした。
49300 ,,,,,,,優哉,優哉,,,,,,,,,「方程式ｘ３－３ｘ２＋ｂｘ－２＝０ が、
　ｘ＝１＋i を解に持つとき、ｂの値を求めなさい？」
49400 ,,,,,,,,,,,,,,,,,　あっという間に、集中力が尽きてしまう。
　いやその、大切な勉強だって分かるんだ。
　でも人間には、向き不向きってものが……。
49600 ,,,,9001,,,,,,,,,,,,,――しゃかしゃかしゃかしゃか。
49700 ,,,,,,,優哉,優哉,,,,,,,,,「今度はシャンプーか。
　あのツインテールは、洗うの面倒だろうな」
49800 ,,,,,,,,,,,,,,,,,　ちょこんと座って、髪をほどいて。
　シャンプーで泡だらけになってる、恋鳥のハダカ。
49900 ,,,,,,,,,,,,,,,,,――しゃああああああああ……。
50000 ,,,,,,,,,,,,,,,,,　シャワーから降り注ぐ、熱いお湯が。
　白い泡を洗い流して、隠れていた場所を露わに……。
50200 ,,,,7202,,,優哉,優哉,,,,,,,,,「待てっ！　妄想やめっ！！
　こ、これじゃ変態じゃないか！」
50300 ,,,,,,,,,,,,,,,,,　耳を塞いで、音を聞かないようにする。
　はぁはぁ……ヤバイ、心臓がドキドキしてるよ。
50400 ,,,,,,,優哉,優哉,,,,,,,,,「落ち着け、俺。落ち着け、俺。
　いいか、深呼吸だ。すはー、すはー」
50500 ,,,,,,,恋鳥,恋鳥,04kot705_025.wav,kotori,,0,,,,,「あがったぞ」
50600 ,,,,,,,優哉,優哉,,kotori,,0,,,,,「なまんだぶなまんだぶなまんだぶなまんだぶ」
50700 ,,,,,,,恋鳥,恋鳥,04kot705_026.wav,kotori,,3,,,,,「聞こえないのか？」
50800 ,,,,,,,優哉,優哉,,kotori,,3,,,,,「なむほうれんげーきょ。
　けいけいりぼらさまらさまらそわか」
50900 ,,,,,,,恋鳥,恋鳥,04kot705_027.wav,kotori,,7,,,,,「いい加減に気づけ！！」
51000 ,,<!se_punch>,,,,,,,,kotori,,7,,,,,――ゲシッ！！
51100 ,,,,,,,優哉,優哉,,kotori,,7,,,,,「うわっ、恋鳥っ！？
　風呂から出たのか！」
51200 ,,,,,,,恋鳥,恋鳥,04kot705_028.wav,kotori,,7,,,,,「さっきから、そう言ってる。
　何をやっていたんだ、お前は」
51300 ,,,,,,,優哉,優哉,,kotori,,7,,,,,「精神集中の特訓だよ。雑念を払おうと思って。
　気やすく蹴らないでくれ」
51400 ,,,,,,,恋鳥,恋鳥,04kot705_029.wav,kotori,,7,,,,,「人の家で、奇行に走るからだ」
51500 ,,,,,,,,,,kotori,,7,,,,,　ふう、とにかくこれで、一段落か。
　今からこの調子じゃ、先が思いやられるな。
51600 ,,,,,,,優哉,優哉,,kotori,,7,,,,,「あれ、またジャージなのか？」
51700 ,,,,,,,恋鳥,恋鳥,04kot705_030.wav,kotori,,0,,,,,「ちゃんと別のに着替えたぞ。
パジャマ姿を期待していたのか？」
51800 ,,,,,,,優哉,優哉,,kotori,,0,,,,,「いや、期待はしてないぞ！」
51900 ,,,,,,,恋鳥,恋鳥,04kot705_031.wav,kotori,,0,,,,,「それならいい」
52000 ,,,,,,,,,,kotori,,0,,,,,　髪を丁寧に拭きながら、ほかほかの湯上がり恋鳥。
　石けんのいい匂いが、部屋いっぱいに広がってる。
52090 ,,,,,,,,,,kotori,,0,,,,,　ジャージの胸元から、上気した肌がちらっと見えて。
　心臓が跳ね上がりそうだ。
52100 ,,,,,,,恋鳥,恋鳥,04kot705_032.wav,kotori,,0,,,,,「お前も風呂に入ってこい。
　汗くさいぞ」
52200 ,,,,,,,優哉,優哉,,kotori,,0,,,,,「ああ、そうするよ！」
52300 ,,,,,,,,,,kotori,,0,,,,,　水でもかぶって、頭を冷やすとするか。
　カバンから着替えを取り出そうとして、
　ふとさっきの会話を思い出した。
52400 ,,,,,,,優哉,優哉,,kotori,,0,,,,,「なぁ、恋鳥。
　俺のパンツ、見たい？」
52500 ,,,,,,,恋鳥,恋鳥,04kot705_033.wav,kotori,,7,,,,,「誰が見るか！　さっさと入れ！」
52600 ,,,,,,,,,,,,,,,,,　今度はバスタオルを投げつけられて。
　俺はいそいそと、脱衣所に逃げ込んだのだった。
52690 ,,<!Lend_scene_change>,0,9000,,,,,,,,,,,,,
52900 ,@706,,,,,,,,,,,,,,,,
53100 ,,<!Lbegin_scene_change>,8,7202,,,,,,,,,,,,,　風呂上がり、どうにかさっぱりした気分で台所に向かう。
53200 ,,,,,,,優哉,優哉,,,,,,,,,「ああ、やっぱり風呂上がりの冷たい水は
　最高だなあ……」
53300 ,,,,,,,,,,"kotori,pajamas",,0,,,,,　わざとらしい独り言に反応がないのを確認して
　部屋に戻ると、恋鳥の頭がこっくりこっくりと
　船をこいでいた。
53400 ,,,,,,,恋鳥,恋鳥,04kot706_001.wav,kotori,,0,,,,,「……ふぅ……うぅ……
　んく……ふぅ……」
53500 ,,,,,,,,,,kotori,,0,,,,,　半分眠ったみたいな息をつく恋鳥。
　まだ早いけど、ちゃんと寝た方がよさそうだ。
53600 ,,,,,,,優哉,優哉,,kotori,,0,,,,,「……おい、恋鳥」
53700 ,,,,,,,恋鳥,恋鳥,04kot706_002.wav,kotori,,2,,,,,「……ふぁっ？！
　寝てないぞ、寝てない……」
53800 ,,,,,,,,,,kotori,,2,,,,,　驚いてふるふると頭を振る恋鳥。
　でも目は半目だしまだ眠そうだ。
53900 ,,,,,,,優哉,優哉,,kotori,,2,,,,,「おい、恋鳥。
　眠いんだろ、もう寝ようぜ」
54000 ,,,,,,,恋鳥,恋鳥,04kot706_003.wav,kotori,,90,,,,,「……うー」
54100 ,,,,,,,,,,kotori,,90,,,,,　目をこすりこすりうなずく恋鳥。
　立ち上がってずるずると布団を引っ張り出した。
54200 ,,,,,,,優哉,優哉,,kotori,,90,,,,,「ああ、おい。手伝うって」
54300 ,,,,,,,,,,kotori,,90,,,,,　あわてて恋鳥の手から布団を取ると、
54400 ,,,,,,,恋鳥,恋鳥,04kot706_004.wav,kotori,,0,,,,,「……ん。
　じゃあそっち、やれ」
54500 ,,,,,,,,,,kotori,,0,,,,,　もう一枚布団を引っ張り出して来た。
　……ま、そりゃそうだよな。
54600 ,,,,,,,,,,kotori,,0,,,,,　そんなに広い部屋じゃないわけで、
　２枚の布団が並ぶことになる。
54700 ,,,,,,,恋鳥,恋鳥,04kot706_005.wav,kotori,,0,,,,,「……恋鳥はこっち。
　お前はそっちだぞ」
54800 ,,,,,,,優哉,優哉,,kotori,,0,,,,,「わかってるよ」
54900 ,,,,,,,恋鳥,恋鳥,04kot706_006.wav,kotori,,7,,,,,「……こっち来るなよ。
　絶対来るなよ」
55000 ,,,,,,,,,,kotori,,7,,,,,　がるる、と牙をむく……
　ってほど＜獰猛＝どうもう＞には見えないが、
　とりあえず威嚇してくる恋鳥。
55100 ,,,,,,,優哉,優哉,,kotori,,7,,,,,「はいはい、わぁかってるって。
　そんな噛みつかれそうなことしねぇよ」
55200 ,,,,,,,恋鳥,恋鳥,04kot706_007.wav,kotori,,7,,,,,「……じゃあ、早く寝るんだぞ。
　寝顔とか見てたら通報するからな」
55300 ,,,,,,,,,,,,,,,,,　どこにだよ。
　って、恋鳥、もうとっくに布団に
　潜り込んでるし。
55400 ,,,,,,,優哉,優哉,,,,,,,,,「……まあ、いいや。
　んじゃ、電気消すぞ」
55500 ,,,,,,,恋鳥,恋鳥,04kot706_008.wav,,,,,,,,「……ん」
55790 ,,,,7203,,,,,,,,,,,,,
55800 ,,,,,,,,,,,,,,,,,　電気を消し、ちょっとフラつきながら
　足下の布団に潜り込む。
55900 ,,,,,,,優哉,優哉,,,,,,,,,「……あ、そうだ。
　おい、恋鳥、明日は何時に……」
56000 ,,,,,,,恋鳥,恋鳥,04kot706_009.wav,,,,,,,,「……すぅ……すぅ……」
56100 ,,,,,,,,,,,,,,,,,　……もう寝てるし。
　早いなおい。
56200 ,,,,,,,優哉,優哉,,,,,,,,,「ま、いいや……ふぁぁぁ」
56300 ,,,,,,,,,,,,,,,,,　俺ももう眠い……
　眠いんだが、まだちょっと眠れない。
56400 ,,,,,,,,,,,,,,,,,　とりあえず布団の中で恋鳥の方に背中を向ける。
　寝顔見てたら通報、だからな。
56500 ,,,,,,,優哉,優哉,,,,,,,,,「……ってか、どうなるんだろうなあ、これから」
56600 ,,,,,,,,,,,,,,,,,　同じ部屋で女の子が寝ている……
　なんて、考えただけで落ち着かない。
56700 ,,,,,,,,,,,,,,,,,　大家さんは大丈夫って言ったけど、
　ほんとにこいつと二人で大丈夫なのか？
　俺、血迷ったりしないかな。
56800 ,,,,,,,優哉,優哉,,,,,,,,,「……考えててもしょうがねえか」
56900 ,,,,,,,,,,,,,,,,,　起きてても明日がつらくなるだけだ。寝よう。
　布団を首元まで引っぱり上げ、
　闇の向こうに寝ている恋鳥に声をかける。
57000 ,,,,,,,優哉,優哉,,,,,,,,,「……おやすみ、恋鳥」
57100 ,,,,,,,,,,,,,,,,,　少し目をつぶっていると、
　驚くほど早く睡魔が意識をさらっていった……
57290 ,,,0,9000,,,,,,,,,,,,,
57300 ,,<!timepass_1_short>,,,,,,,,,,,,,,,……………………
57400 ,,,,,,,,,,,,,,,,,………………
57500 ,,,,,,,,,,,,,,,,,…………
57690 ,,,,9001,,,,,,,,,,,,,
57900 ,,,1,7200,,,優哉,優哉,,,,,,,,,「……ん、ふぁ……
　……もう朝か」
58000 ,,,,,,,,,,,,,,,,,　昨日の晩は早く寝たはずだったのにな。
　やたら眠い……
58100 ,,,,,,,,,,,,,,,,,　目をこすろうと腕を上げようとして、
　何かが腕の上にのっかっていることに気づいた。
58200 ,,,,,,,恋鳥,恋鳥,04kot706_010.wav,,,,,,,,「……すぅ……すぅ……」
58300 ,,,,,,,,,,,,,,,,,　視線を下げると、
　俺の腕を押しつぶすようにのっかって
　恋鳥が寝息を立てている。
58400 ,,,,,,,優哉,優哉,,,,,,,,,「……っ……！？」
58500 ,,,,,,,,,,,,,,,,,　あわてて自分の寝ている布団を確認する。
　……昨日寝についた方の布団だ、
　恋鳥の寝ていた布団じゃない。
58600 ,,,,,,,恋鳥,恋鳥,04kot706_011.wav,,,,,,,,「……んにゅ……むにゅむにゅ……」
58700 ,,,,,,,,,,,,,,,,,　口の中で何かをつぶやく恋鳥。
　くそ、気持ちよさそうにねやがって。
　こっちは気が気じゃない。
58800 ,,,,,,,優哉,優哉,,,,,,,,,「ともかく、起こさないように腕を……」
58900 ,,,,,,,,,,,,,,,,,　引っこ抜こうとして、
　指先に触れる何かやわらかな感触に気がつく。
59000 ,,,,,,,優哉,優哉,,,,,,,,,「おい、なんだこれ」
59100 ,,,,,,,,,,,,,,,,,　動揺のせいか思わず口に出してしまった。
　……とたんに恋鳥がぱちりと目を開く。
59200 ,,,,,,,恋鳥,恋鳥,04kot706_012.wav,kotori,,2,,,,,「…………ふぁ。
　…………ん。
　…………！」
59300 ,,,,,,,,,,kotori,,91,,,,,　無表情な恋鳥の顔に
　血の気が上ってくるのがわかる。
59400 ,,,,,,,優哉,優哉,,kotori,,91,,,,,「……よ、よく見ろよ。
　こっちは俺の布団だぞ！」
59500 ,,,,,,,,,,kotori,,91,,,,,　とりあえず言い訳をしておく。
　腕がまだ恋鳥の下にある以上それ以外に
　どうしようもない。
59600 ,,,,,,,恋鳥,恋鳥,04kot706_013.wav,kotori,,0,,,,,「………………」
59700 ,,,,,,,,,,kotori,,0,,,,,　恋鳥は布団を見、
　となりの自分の寝ていた布団を見、
　俺を見て、
59800 ,,,,,,,恋鳥,恋鳥,04kot706_014.wav,kotori,,5,,,,,「………………」
59900 ,,,,,,,,,,kotori,,5,,,,,　小刻みに震えながら、俺の上からどいた。
60000 ,,,,,,,,,,kotori,,5,,,,,　ようやく自由になった腕ごと布団の中から出て、
　俺は少し距離を離す。
60100 ,,,,,,,優哉,優哉,,kotori,,0,,,,,「こ、これは事故だ。
　な？　そうだろ？」
60200 ,,,,,,,恋鳥,恋鳥,04kot706_015.wav,kotori,,0,,,,,「………………」
60300 ,,,,,,,,,,kotori,,0,,,,,　弁明する俺を無表情に見つめる恋鳥。
　針のむしろに座らされた気分で、
　俺はしびれた腕をさすった。
60390 ,,<!Lend_scene_change>,0,9000,,,,,,,,,,,,,
60399 ,,<!ec_kotori_pri>,,,,,,,,,,,,,,,
60600 ,@707,,,,,,,,,,,,,,,,
60900 ,,<!Lbegin_scene_change>,1,7200,,,優哉,優哉,,,,,,,,,「ふぁぁ……ねみぃ……」
61000 ,,,,,,,,,,,,,,,,,　恋鳥に布団から蹴り出された後、
　恋鳥は布団から出ていったので、
　俺はもう一度寝直す事にした。
61100 ,,,,,,,,,,,,,,,,,　恋鳥はどこに行ったんだろう？
　どこかから物音が聞こえるけど。
61200 ,,,,,,,優哉,優哉,,,,,,,,,「ん……まだこんな時間じゃないか……」
61300 ,,,,,,,,,,,,,,,,,　時計を見ると、まだ６時半だ……。
　昨日早寝したせいかねぇ……。
61400 ,,,,,,,恋鳥,恋鳥,04kot707_001.wav,"kotori,pajamas",,0,,,,,「目が覚めたんなら、さっさと起きろ」
61500 ,,,,,,,,,,kotori,,0,,,,,　恋鳥は一人で朝食の準備を始めたようだ。
　だけど、男は朝はすぐに起きられないんだよな。
61600 ,,,,,,,優哉,優哉,,kotori,,0,,,,,「へいへい……」
61700 ,,,,,,,,,,kotori,,0,,,,,　何とか収まってくれたので立ち上がる。
61800 ,,,,,,,恋鳥,恋鳥,04kot707_002.wav,kotori,,90,,,,,「朝飯にするぞ。席につけ……」
61900 ,,,,,,,,,,kotori,,90,,,,,　ん？　昨日から大家さんが用意してたのかな？
62000 ,,,,,,,優哉,優哉,,kotori,,90,,,,,「あぁ……」
62100 ,,,,,,,,,,kotori,,90,,,,,　恋鳥に料理が出来るのか疑問もあったが席につく。
62300 ,,,,,400453,,優哉,優哉,,,,,,,,,「って、白飯とレトルトの味噌汁だけかよっ！」
62400 ,,,,,400453,,,,,,,,,,,,　炊飯器はあるし、自分で米は炊いてるんだな……。
62500 ,,,,,400453,,恋鳥,恋鳥,04kot707_003.wav,,,,,,,,「文句があるのか？　さっさと食え……」
62600 ,,,,,400453,,,,,,,,,,,,　恋鳥は俺の苦情に耳を貸さず、食べ始める。
62700 ,,,,,400453,,優哉,優哉,,,,,,,,,「うーん……せめて、佃煮とかないのか？」
62800 ,,,,,400453,,,,,,,,,,,,　白飯は佃煮なしじゃ食えない体だからな。
　それか、卵ご飯だな……。
62900 ,,,,,400453,,恋鳥,恋鳥,04kot707_004.wav,,,,,,,,「お、お前……佃煮なんて食べるのか？　恐ろしい」
63000 ,,,,,400453,,,,,,,,,,,,　恋鳥は顔をひきつらせた。
　おいおい、何か勘違いしてないか？
63100 ,,,,,400453,,優哉,優哉,,,,,,,,,「ああ……割と普通に食べるぞ？　朝飯なら特にな」
63200 ,,,,,400453,,恋鳥,恋鳥,04kot707_005.wav,,,,,,,,「そうか……お前が食べてくれるのなら嬉しい……」
63300 ,,,,,400453,,,,,,,,,,,,　恋鳥はそう言うや、食材をいれている箱から、
　小ぶりな瓶を一つ取りだした。
63400 ,,,,,400453,,優哉,優哉,,,,,,,,,「小さい入れ物だな。市販品じゃないよな？」
63500 ,,,,,400453,,恋鳥,恋鳥,04kot707_006.wav,,,,,,,,「おばあちゃんの特製だ……食え。全部食え」
63600 ,,,,,400453,,優哉,優哉,,,,,,,,,「ん？　別にいいけど……嫌いなのか？」
63700 ,,,,,400453,,,,,,,,,,,,　ふたを開けてみるけど、痛んでいるようにもない。
　が、緑色の何かが交じってるな……。
63800 ,,,,,400453,,優哉,優哉,,,,,,,,,「イナゴの佃煮か？　懐かしいなぁ……」
63900 ,,,,,400453,,,,,,,,,,,,　ほっとした俺は飯の上に全部盛り上げて食う。
　うぇっ？　この味はいなごじゃねー……。
　何かざりざりすんだけど……。
64000 ,,,,,400453,,優哉,優哉,,,,,,,,,「こ、これは……もしかしなくても、
　カマキリじゃねーか。くっ、食えなくはないけどな」
64100 ,,,,,400453,,,,,,,,,,,,　イナゴとカマキリが半々だからか、
　妙な苦みはあるものの、何とか食う事が出来た。
　けど、ハリガネムシとか大丈夫かよ（危険です）。
64200 ,,,,,400453,,優哉,優哉,,,,,,,,,「ご、ごちそう様……」
64300 ,,,,,400453,,,,,,,,,,,,　何とか味噌汁でご飯と佃煮を飲み込んだ俺は、
　いやな汗を流しながら、先程の記憶を消去していた。
64500 ,,,,,,,優哉,優哉,,kotori,,0,,,,,「んー……まだまだ早いけど、学校に行くか？」
64600 ,,,,,,,恋鳥,恋鳥,04kot707_007.wav,kotori,,0,,,,,「お前と二人で居続けるよりはマシだからな……」
64700 ,,,,,,,優哉,優哉,,kotori,,0,,,,,「へいへい……」
64800 ,,,,,,,,,,kotori,,0,,,,,　俺は寝間着を脱いでワイシャツを着始めた。
64900 ,,,,,,,恋鳥,恋鳥,04kot707_008.wav,kotori,,7,,,,,「お前がそこにいたら、着替えられないぞ」
65000 ,,<!se_punch>,,,,,,,,kotori,,7,,,,,　恋鳥は俺の尻にキックをいれて部屋から追い出した。
65200 ,,<!move_veryshort>,,9000,,,優哉,優哉,,,,,,,,,「うーん……女との同居なんて気を使う一方だろうに、
　よりにもよって恋鳥とは……失敗したかなぁ……」
65300 ,,,,,,,,,,,,,,,,,　俺は台所の隅で制服に着替えながらぼやいていた。
　少ししてＯＫが出たので部屋に戻り、部屋を出た。
65500 ,,<!move_veryshort><!se_kotori_door_openclose>,,7100,,,優哉,優哉,,,,,,,,,「あ、おはようございます……大家さん」
65600 ,,,,,,,,,,,,,,,,,　大家さんはアパートの回りをほうきで掃いていた。
　もしかして、俺たちの事が不安だから待ってた？
65700 ,,,,,,,大家さん,大家さん,15oya707_001.wav,,,,,,,,「おや、恋鳥ちゃんがこんな時間に起きたのかい？」
65800 ,,,,,,,,,,,,,,,,,　って、遅刻多いとは聞いた事あるなぁ……。
65900 ,,,,,,,恋鳥,恋鳥,04kot707_009.wav,"kotori,uniform",,0,,,,,「こいつと一緒なら起きられそうだから、
　ずっと一緒にいて欲しいぐらいだ……」
66000 ,,,,,,,,,,kotori,,0,,,,,　おいおい……それは皮肉にしてもよく分からんぞ？
　昨日も今朝もムッチャ怒ってたくせに。
66100 ,,,,,,,恋鳥,恋鳥,04kot707_010.wav,kotori,,90,,,,,「あ、おばあちゃん。こいつが佃煮好きなんだって。
　今朝も全部食べてた」
66200 ,,,,,,,,,,kotori,,90,,,,,　うーん……恋鳥の苦手な物を押しつけられたのか。
　もしかし、これからも佃煮を食べさせる為に、
　俺にいて欲しいとか思ってるのか？
66300 ,,,,,,,大家さん,大家さん,15oya707_002.wav,kotori,,90,,,,,「あら、そうかい……じゃ、新作あるから届けとくね」
66400 ,,,,,,,,,,kotori,,90,,,,,　大家さんは上機嫌で俺たちを送り出した。
　新作ねぇ……少なくともカマキリじゃないなら、
　大丈夫だろう……。
66500 ,,,,,,,恋鳥,恋鳥,04kot707_011.wav,kotori,,1,,,,,「ありがとう……おばあちゃん……」
66600 ,,,,,,,,,,kotori,,1,,,,,　うーん……今朝は一口も食ってなかったし、
　どうも、その線がくさいな……。
　捨てりゃいいと思うんだが、それは気が引けるのか。
66700 ,,,,,,,優哉,優哉,,kotori,,1,,,,,「じゃ、行ってきます」
66800 ,,,,,,,,,,kotori,,1,,,,,　俺はいろいろな面で若干の不安を抱いたが、
　それらを抑え込んで大家さんと別れた。
66900 ,,,,,,,恋鳥,恋鳥,04kot707_012.wav,kotori,,0,,,,,「行って来ます」
67000 ,,,,,,,,,,kotori,,0,,,,,　恋鳥は大家さんから見える位置では俺と並んで、
　歩いていたが、見えなくなると距離を置いた。
67100 ,,,,,,,,,,kotori,,0,,,,,　大家さんにはいろいろ気を使ってるんだなぁ……。
　まぁ、身よりはないし、唯一の知り合いだからな。
67190 ,,<!Lend_move>,0,9000,,,,,,,,,,,,,
67400 ,@708,,,,,,,,,,,,,,,,
67700 ,,<!Lbegin_move>,2,12100,,,,,,,,,,,,,　竹の葉がさらさらと鳴る、細い小径を。
　俺と恋鳥は、一緒に歩いていた。
　木漏れ日が小さくきらきらと、降り注いでる。
67800 ,,,,,,,優哉,優哉,,,,,,,,,「良い天気だな、恋鳥」
67900 ,,,,,,,恋鳥,恋鳥,04kot708_001.wav,"kotori,uniform",,0,,,,,「そうだな」
68000 ,,,,,,,優哉,優哉,,kotori,,0,,,,,「この道、朝は清々しいな。
　竹林の間を抜けるから、空気がきれいだ」
68100 ,,,,,,,恋鳥,恋鳥,04kot708_002.wav,kotori,,0,,,,,「ああ」
68200 ,,,,,,,優哉,優哉,,kotori,,0,,,,,「……気の抜けた返事ばかりだな」
68300 ,,,,,,,恋鳥,恋鳥,04kot708_003.wav,kotori,,0,,,,,「いや、恋鳥も久しぶりだ。
　こんな時間に、この道を歩くのは」
68400 ,,,,,,,,,,kotori,,0,,,,,　なんだか落ち着かない様子で、周りを見回した。
　紫髪が小さく弧を書いて、さらりと揺れる。
68500 ,,,,,,,恋鳥,恋鳥,04kot708_004.wav,kotori,,0,,,,,「そうか……こんな景色だったな」
68600 ,,,,,,,優哉,優哉,,kotori,,0,,,,,「毎朝、遅刻ばっかりしてるんだな。
　よく叱られないもんだ」
68700 ,,,,,,,恋鳥,恋鳥,04kot708_005.wav,kotori,,0,,,,,「やるべき事は、きちんとしているからな。
　それよりお前、恋鳥に合わせて歩いてないか？」
68800 ,,,,,,,恋鳥,恋鳥,,kotori,,0,,,,,「いつもはもっと早く、歩いているだろう？」
68900 ,,,,,,,,,,kotori,,0,,,,,　確かに俺としては遅めの、のんびりした歩みだ。
　だけどそれに気がつくなんて、注意深いな。
69000 ,,,,,,,優哉,優哉,,kotori,,0,,,,,「いつもは愛歌と、一緒に歩いてるからな。
　自然と歩幅を合わせるんだよ」
69100 ,,,,,,,優哉,優哉,,kotori,,0,,,,,「お嬢さまをエスコートするのに、
　慣れてしまったって訳だ」
69200 ,,,,,,,恋鳥,恋鳥,04kot708_006.wav,kotori,,0,,,,,「そうか、慣れているのか」
69300 ,,,,,,,,,,kotori,,0,,,,,　オレの肩の横に、恋鳥の頭があって。
　こんなに小さかったんだな、と改めて実感する。
　愛歌より背が低くて、ひょいっと抱えられそうだ。
69400 ,,,,,,,恋鳥,恋鳥,04kot708_007.wav,kotori,,0,,,,,「愛歌とは、毎朝一緒だったのか？」
69500 ,,,,,,,優哉,優哉,,kotori,,0,,,,,「あ～、そうだな。
　お姉さんぶって、いつも起こしに来るからさ」
69600 ,,,,,,,優哉,優哉,,kotori,,0,,,,,「今日は立場が違って、新鮮な朝だよ」
69700 ,,,,,,,恋鳥,恋鳥,04kot708_008.wav,kotori,,5,,,,,「ふん……」
69800 ,,,,,,,,,,kotori,,5,,,,,　起き抜けのドタバタを思い出して、
　恋鳥が不本意そうに、しかめっ面で眉根を寄せた。
70000 ,,<!move_short>,,12200,,,,,,,,,,,,,　竹林を抜け、町中に入ると。
　通勤通学に向かう人が、ちらほらと増えてきた。
70090 ,,,,,,,,,,,,,,,,,　街の外に勤めに出るサラリーマン。
　自分の畑で取れた野菜を、軒先に並べるおばさん。
70100 ,,,,,,,,,,,,,,,,,　それに集団登校していく子供たち。
　道ばたのゴミをつつくカラスに、眠そうな猫。
　車もけっこう通る。
70200 ,,,,,,,恋鳥,恋鳥,04kot708_009.wav,kotori,,0,,,,,「なかなか、にぎやかだな……ふぁ」
70300 ,,,,,,,,,,kotori,,0,,,,,　ちょっと驚いたみたいに、目をぱちくりさせて。
　ふと口元に手を当てて、小さく欠伸をする。
　ここにも猫がいるな。
70400 ,,,,,,,優哉,優哉,,kotori,,0,,,,,「本当に寝てるんだな、いつもは」
70500 ,,,,,,,恋鳥,恋鳥,04kot708_010.wav,kotori,,7,,,,,「うるさい。恋鳥の勝手だ。
　……それより、聞いておきたい事がある」
70600 ,,,,,,,恋鳥,恋鳥,04kot708_011.wav,kotori,,0,,,,,「同居の事、学園や皆には説明するのか？」
70700 ,,,,,,,優哉,優哉,,kotori,,0,,,,,「そういえば、まだ話し合ってなかったなぁ」
70800 ,,,,,,,,,,kotori,,0,,,,,　往来とはいえ、朝はみんな忙しい。
　俺たちに気を止める人もいないから、
　何げなく歩きながら答える。
70900 ,,,,,,,優哉,優哉,,kotori,,0,,,,,「恋鳥は、どうしたい？」
71000 ,,,,,,,恋鳥,恋鳥,04kot708_012.wav,kotori,,5,,,,,「隠し事は、性に合わないが……。
　学園に知れたら、色々と面倒だろう」
71100 ,,,,,,,優哉,優哉,,kotori,,5,,,,,「だよな……不純異性交遊だ。
　二人そろって、どんな罰を受けるか分からないか」
71200 ,,,,,,,恋鳥,恋鳥,04kot708_013.wav,kotori,,0,,,,,「恋鳥は、どうなってもかまわん。
　これは元々、恋鳥の問題だからな」
71300 ,,,,,,,恋鳥,恋鳥,04kot708_014.wav,kotori,,0,,,,,「だが、お前に迷惑を掛けたくない。
　恩を仇で返すほうが、もっといやだ」
71400 ,,,,,,,,,,kotori,,0,,,,,　つくづく、男らしいなぁ。
　となると、答えは一つだ。
71500 ,,,,,,,優哉,優哉,,kotori,,0,,,,,「みんなには、黙っておくか」
71600 ,,,,,,,恋鳥,恋鳥,04kot708_015.wav,kotori,,90,,,,,「うむ。
　バレないように気をつけろよ」
71700 ,,,,,,,優哉,優哉,,kotori,,90,,,,,「それはお互い様だろ？」
71800 ,,,,,,,恋鳥,恋鳥,04kot708_016.wav,kotori,,90,,,,,「うっかり者は、お前の方だ。
　恋鳥は口を滑らしたりしない」
71900 ,,,,,,,恋鳥,恋鳥,04kot708_017.wav,kotori,,52,,,,,「後先考えずに、嘘をつくとかな？」
72000 ,,,,,,,,,,kotori,,52,,,,,　ふふん、としてやったりと。
　俺は恋鳥に、一本取られたのだった。
72200 ,,<!move_short>,,4100,,,,,,kotori,,0,,,,,　おはよー、おはよーと挨拶の声が響く中。
　俺と恋鳥は、学園に着く。
72300 ,,,,,,,優哉,優哉,,kotori,,0,,,,,「一応、離れて歩くか？」
72400 ,,,,,,,,,,kotori,,0,,,,,　周囲が気になって、尋ねてみると。
72500 ,,,,,,,恋鳥,恋鳥,04kot708_018.wav,kotori,,7,,,,,「今さら不自然だ」
72600 ,,,,,,,,,,kotori,,0,,,,,　一言で、ばっさり斬られた。
　恋鳥は俺の方をふり向かず、憮然と告げる。
72700 ,,,,,,,恋鳥,恋鳥,04kot708_019.wav,kotori,,0,,,,,「お前と恋鳥は温泉部員だ。
　一緒にいて不思議はない」
72800 ,,,,,,,優哉,優哉,,kotori,,0,,,,,「そりゃ、そうか」
72900 ,,,,,,,恋鳥,恋鳥,04kot708_020.wav,kotori,,1,,,,,「男はもっと悠然と構えるものだぞ」
73000 ,,,,,,,,,,kotori,,1,,,,,　確かに侠気があって、かっこいい。
　男らしく、度量の大きさを見せろって事か。
73100 ,,,,,,,優哉,優哉,,kotori,,1,,,,,「恋鳥の好みって、分かりやすいな」
73200 ,,,,,,,恋鳥,恋鳥,04kot708_021.wav,kotori,,90,,,,,「お前が軟弱なのだ。
　少しはじぃじを見習え」
73300 ,,,,,,,,,,kotori,,90,,,,,　たわいない会話をしながら、廊下を歩いていると。
　どういう訳か、周囲から見られてる気がする。
73400 ,,,,,,,優哉,優哉,,kotori,,90,,,,,「……恋鳥、視線を感じないか？」
73500 ,,,,,,,,,,kotori,,90,,,,,　耳打ちしたりせず、できる限り声を押さえて。
　俺は周囲に気づかれないよう、恋鳥に囁いた。
73600 ,,,,,,,恋鳥,恋鳥,04kot708_022.wav,kotori,,3,,,,,「自意識過剰な小心者め。
　そんなはずが……むぅ？」
73700 ,,,,,,,,,,kotori,,3,,,,,　にべもなく、言下に否定しかけた恋鳥だが。
　驚いた表情で立ち止まる、クラスメイトを見て。
　流石に困惑して、俺の方にふり向いた。
73800 ,,,,,,,恋鳥,恋鳥,04kot708_023.wav,kotori,,5,,,,,「どういう事だ。
　皆、お前と恋鳥に驚いているぞ！」
73900 ,,,,,,,優哉,優哉,,kotori,,5,,,,,「俺だって驚いてる！
　落ち着け！」
74000 ,,,,,,,,,,kotori,,5,,,,,　みんなが俺たちを見てる理由を、考えてみる。
74090 ,,,,,,,,,,kotori,,5,,,,,　一、同棲がみんなにバレている。
　二、俺と恋鳥の仲を、誤解している。
　三、何か恥ずかしい事をしている。
74100 ,,,,,,,恋鳥,恋鳥,04kot708_024.wav,kotori,,3,,,,,「どれにせよ、不本意だ！」
74200 ,,,,,,,,,,kotori,,3,,,,,　うむむ、どれをとってもよろしくない。
　恋鳥の憧れる、悠然自若はどこへやら。
　混乱を隠せないまま、俺たちは恋鳥の教室に着く。
74400 ,,<!move_short>,,4500,,,クラスメイト,クラスメイト,,kotori,,0,,,,,「あ、おはよ……って、ええ～～～～っ！？」
74500 ,,,,,,,,,,kotori,,0,,,,,　教室に入る恋鳥を出迎えたのは、
　クラスメイトの大きなどよめきだった。
74600 ,,,,,,,恋鳥,恋鳥,04kot708_025.wav,kotori,,2,,,,,「ど、どうしたのだ？」
74700 ,,,,,,,,,,kotori,,2,,,,,　猫だましを喰らった仔猫のように、
　びっくりした顔でツインテールを逆立てる恋鳥に。
74800 ,,,,,,,クラスメイト,クラスメイト,,kotori,,2,,,,,「だって、まだチャイムも鳴ってないのに」
74900 ,,,,,,,クラスメイト,クラスメイト,,kotori,,2,,,,,「一時限目から、葛城さんが来るなんて！」
75000 ,,,,,,,,,,kotori,,2,,,,,　ざわ……ざわ……。
　……ざわ……ざわ……。
75100 ,,,,,,,恋鳥,恋鳥,04kot708_026.wav,kotori,,2,,,,,「ま、まて……そんなに変か？
　恋鳥が朝から来ると？」
75200 ,,,,,,,,,,kotori,,2,,,,,　どよめくクラスメイトたちに、恋鳥にも衝撃が疾る！
　きょろきょろと不安そうに、周りを見渡すが。
75300 ,,,,,,,クラスメイト,クラスメイト,,kotori,,2,,,,,「きっと今日は大雨……いいえ、嵐だわ」
75400 ,,,,,,,クラスメイト,クラスメイト,,kotori,,2,,,,,「株価が暴落するぞ！　売りだ、全部売ってしまえ！」
75500 ,,,,,,,,,,kotori,,2,,,,,　まるで世界の終末が来たかのような、混乱ぶり。
　ノリがいいというか、流石は悠のクラスというか。
75600 ,,,,,,,悠,悠,02yuu708_001.wav,"yuu,uniform",,2,kotori,,2,,「おっはよーっ！
　みんな朝から元気だね……って、恋鳥ぃっ！？」
75700 ,,,,,,,,,,yuu,,2,kotori,,2,,　悠まで、この反応かよ！
　……恋鳥って、みんなにどう思われていたんだ？
75800 ,,,,,,,恋鳥,恋鳥,04kot708_027.wav,kotori,,2,,,,,「ああああああああああ…………」
75900 ,,,,,,,優哉,優哉,,kotori,,2,,,,,「これからは、真面目に来ような？」
76000 ,,,,,,,,,,kotori,,2,,,,,　茫然自失の体で、入り口に立ちつくす恋鳥の肩を。
　励ましと慰めを込めて、ぽんぽんと叩いてやった。
76090 ,,<!Lend_day_change>,0,9000,,,,,,,,,,,,,
76099 ,,<!ec_kotori_uni>,,,,,,,,,,,,,,,
76300 ,@709,,,,,,,,,,,,,,,,
76600 ,,<!Lbegin_day_change>,7,4400,,,,,,,,,,,,,　恋鳥との同棲生活を始めて以来、学校では地味に気を使うようになった。
76700 ,,,,,,,,,,,,,,,,,　ウッカリすると凡ミスでバレるわけで、身内ばかりの部活は一番危ないんだが……。
76800 ,,,,,,,悠,悠,02yuu709_001.wav,"yuu,uniform",,1,,,,,「にっはっはー。優哉～、今日も出席だね。えらいえらい、褒めてつかわす。
　恋鳥も最近は遅刻しないし、いい事ばっかりだ」
76900 ,,,,,,,,,,yuu,,1,,,,,　コイツ、何も知らないくせに、やたらとその辺を踏むんだよな。天然って怖い。
77000 ,,,,,,,優哉,優哉,,yuu,,1,,,,,「テンションたけーよ、俺の周囲の気温を上げるな。
　地球はともかく、俺の健康を損なうだろうが」
77100 ,,,,,,,悠,悠,02yuu709_002.wav,yuu,,0,,,,,「にゃにぃ～?!　部長様に向かって、なんたる態度。コレは鉄拳制裁も辞さない感じでＯＫ？」
77200 ,,,,,,,優哉,優哉,,yuu,,0,,,,,「毎回、相手をする俺の身にもなれ。
　……お前、もしかして俺に惚れてるのか？」
77300 ,,,,,,,悠,悠,02yuu709_003.wav,yuu,,53,,,,,「が～ん。ちょっと聞いた？　優哉が私の事を虐待するのよ、言葉責めってヤツじゃない？」
77400 ,,,,,,,愛歌,愛歌,01man709_001.wav,yuu,,53,"manaka,uniform",,0,,「悠、言葉責めは違うと思うなぁ」
77500 ,,,,,,,恋鳥,恋鳥,04kot709_001.wav,yuu,,53,"kotori,uniform",,0,,「勢いで押し切れる範囲にも、限度があるぞ」
77600 ,,,,,,,つむぎ,つむぎ,05tum709_001.wav,yuu,,53,"tumugi,uniform",,0,,「あの～、虐待は少し言いすぎではないかと。
　もっとこう、言葉の……でっどぼーるですか？」
77700 ,,,,,,,,,,yuu,,53,tumugi,,0,,　それは危ないなぁ、つむぎ。
77800 ,,,,,,,,,,yuu,,53,,,,,　つーか思いのほか、悠の味方が少ないな。
77900 ,,,,,,,優哉,優哉,,yuu,,53,,,,,「悠は人望がないなぁ。可哀想だから１０円やろう」
78000 ,,,,,,,悠,悠,02yuu709_004.wav,yuu,,0,,,,,「こぉのやろぉ～。ちょっと味方が多いからって、調子に乗るなよ？」
78100 ,,,,,,,優哉,優哉,,yuu,,0,,,,,「うわ、マジで１０円とりやがった」
78200 ,,,,,,,悠,悠,02yuu709_005.wav,yuu,,1,,,,,「あと１１０円ちょーだい、ジュース買うから」
78300 ,,,,,,,優哉,優哉,,yuu,,1,,,,,「微妙にこすいな！」
78400 ,,,,,,,悠,悠,02yuu709_006.wav,yuu,,0,,,,,「いーじゃん、ジュースぐらい。その代わり、今度こそ一晩つきあったげよっか？　ホレホレ」
78500 ,,,,,,,優哉,優哉,,yuu,,0,,,,,「だからスカートをいじるな！　そういうのは無しって言っただろうが」
78600 ,,,,,,,悠,悠,02yuu709_007.wav,yuu,,1,,,,,「やぁ～ん、口では硬派を気取りつつ、視線は釘付けじゃん。お客さ～ん、溜まってますねぇ、にひひ」
78700 ,,,,,,,,,,yuu,,1,,,,,　いやまぁ、それは一応、本能ですし。ね？
78800 ,,,,,,,恋鳥,恋鳥,04kot709_002.wav,,,,kotori,,0,,「……ふん」
78900 ,,,,,,,,,,,,,kotori,,0,,　あ、コイツ今、鼻先でバカにしやがった。
79000 ,,,,,,,,,,,,,kotori,,0,,　せめて視線ぐらい向けろよ。
79100 ,,,,,,,愛歌,愛歌,01man709_002.wav,manaka,,7,kotori,,0,,「もう～、皆、もうちょっと仲良くしようよぉ～」
79200 ,,,,,,,つむぎ,つむぎ,05tum709_002.wav,manaka,,7,tumugi,,0,,「愛歌さん、これが普通だと思いますよ？」
79300 ,,,,,,,愛歌,愛歌,01man709_003.wav,manaka,,15,tumugi,,0,,「あぁっ、つむぎさんまで毒されてる……」
79400 ,,,,,,,恋鳥,恋鳥,04kot709_003.wav,manaka,,15,kotori,,90,,「今更、一人で常識人の顔をしても、遅い」
79500 ,,,,,,,愛歌,愛歌,01man709_004.wav,manaka,,2,kotori,,90,,「恋鳥ちゃん、ひどいよぉ～」
79600 ,,,,,,,,,,,,,kotori,,90,,　……地味に恋鳥、今、自分も含めて常識人がいないって言わなかったか？
79700 ,,,,,,,恋鳥,恋鳥,04kot709_004.wav,,,,kotori,,52,,「恋鳥は特別」
79800 ,,,,,,,優哉,優哉,,,,,kotori,,52,,「うわ、まるで読心術！」
79900 ,,,,,,,悠,悠,02yuu709_008.wav,yuu,,0,kotori,,52,,「ん～。最近あんた達、仲良くなった？」
80000 ,,,,,,,,,,yuu,,0,kotori,,52,,　悠が、俺と恋鳥の顔を交互に見てくる。
80100 ,,,,,,,,,,yuu,,0,kotori,,52,,　部長を名乗るだけあって、多少は人の感情に敏感じゃないか。
80200 ,,,,,,,恋鳥,恋鳥,04kot709_005.wav,,,,kotori,,0,,「そんな事実は微塵もない」
80300 ,,,,,,,,,,,,,kotori,,0,,　コイツは鉄面皮だな！　肯定されても困るけど。
80400 ,,,,,,,優哉,優哉,,,,,kotori,,0,,「まぁ、初めて会った頃よりはマシじゃないか？　あの頃は全く会話にならんかったしな」
80500 ,,,,,,,恋鳥,恋鳥,04kot709_006.wav,,,,kotori,,7,,「今では言葉が通じているような言い草だな」
80600 ,,,,,,,優哉,優哉,,,,,kotori,,7,,「俺もお前も話してるのは、日本語ですよね？」
80700 ,,,,,,,恋鳥,恋鳥,04kot709_007.wav,,,,kotori,,3,,「……憐れなヤツめ」
80800 ,,,,,,,優哉,優哉,,,,,kotori,,3,,「くそっ！　いわれのない中傷だ！　これこそ言葉の虐待ってヤツだ！」
80900 ,,,,,,,つむぎ,つむぎ,05tum709_003.wav,tumugi,,1,kotori,,0,,「あらあら、本当に仲がよくなったんですね。
　よかったですね」
81000 ,,,,,,,,,,tumugi,,1,kotori,,0,,　つむぎ、お前は今すぐ、目を取り替えてくるべきだ。
81100 ,,,,,,,愛歌,愛歌,01man709_005.wav,manaka,,3,kotori,,0,,「本当に、羨ましいぐらい……」
81200 ,,,,,,,,,,manaka,,3,kotori,,0,,　愛歌、お前は色々と見つめなおせ。
81300 ,,,,,,,悠,悠,02yuu709_009.wav,yuu,,17,kotori,,0,,「いやぁ、流石の私も、二人がこうも分かり合うとは思わなかったよ。コレも部長の人徳かな？」
81400 ,,,,,,,,,,yuu,,17,kotori,,0,,　悠、お前はもう生まれ変わってきなさい。
81500 ,,,,,,,恋鳥,恋鳥,04kot709_008.wav,,,,kotori,,0,,「コレが現実だ。皆の言うとおり、恋鳥とお前は、何一つ近くなってないぞ」
81600 ,,,,,,,優哉,優哉,,,,,kotori,,0,,「お前の耳は節穴か！　どこをどう聞いたらそう聞こえるんだよ！」
81700 ,,,,,,,,,,,,,,,,,　なんだこの展開。ボケ４人にツッコミ一人とか。
81800 ,,,,,,,,,,,,,,,,,　もしかして温泉部って、物凄いバランス悪いんじゃないか？
81900 ,,,,,,,,,,,,,,,,,　くそ、胃がキリキリするぜ……。
82000 ,,,,,,,悠,悠,02yuu709_010.wav,yuu,,2,,,,,「やぁだもう、お腹なんか押さえちゃって。もしかして……生理？」
82100 ,,,,,,,優哉,優哉,,yuu,,2,,,,,「んなわけあるかっ！」
82200 ,,,,,,,悠,悠,02yuu709_011.wav,yuu,,0,,,,,「何を真に受けてんのよ、バカ」
82300 ,,,,,,,優哉,優哉,,yuu,,0,,,,,「うわ、何気にひどいなお前」
82400 ,,,,,,,愛歌,愛歌,01man709_006.wav,manaka,,3,,,,,「優哉ちゃん、痛み止めのお薬ならあるよ？」
82500 ,,,,,,,優哉,優哉,,manaka,,3,,,,,「うん、お前のその優しさだけは、忘れないよ俺」
82600 ,,,,,,,つむぎ,つむぎ,05tum709_004.wav,tumugi,,0,,,,,「残りの半分は、何で出来てるんでしょうね？」
82700 ,,,,,,,恋鳥,恋鳥,04kot709_009.wav,kotori,,0,,,,,「ほろ苦い嘘だ」
82800 ,,,,,,,優哉,優哉,,kotori,,0,,,,,「んなわけあるかっ！」
82900 ,,,,,,,恋鳥,恋鳥,04kot709_010.wav,kotori,,5,,,,,「同じツッコミだぞ。定番のボケに、底の浅い男だ」
83000 ,,,,,,,優哉,優哉,,kotori,,5,,,,,「あぁもうっ！　誰か俺に平穏な時間をくれ！」
83100 ,,,,,,,,,,,,,,,,,　本当にもう。なんで温泉にも入らないで、こんなに疲れるんだか。
83200 ,,,,,,,,,,,,,,,,,　楽しいは楽しいけど、今の事情がアレだからなぁ。
83300 ,,,,,,,,,,,,,,,,,　できる事なら、もっと楽しめるテンションの時にお願いしたいもんだ。
83400 ,,,,,,,,,,,,,,,,,　……お願い？
83500 ,,,,,,,,,,,,,,,,,　いやいやいや、それは何かおかしいだろう。
83600 ,,,,,,,,,,,,,,,,,　俺も随分、毒されてるな……。
83690 ,,<!Lend_scene_change>,0,9000,,,,,,,,,,,,,
83699 ,,<!ec_kotori_uni>,,,,,,,,,,,,,,,
83900 ,@710,,,,,,,,,,,,,,,,
84200 ,,<!Lbegin_scene_change>,8,4101,,,悠,悠,02yuu710_001.wav,"yuu,uniform",,1,,,,,「よぉーっし、今日も家に帰りますかっ！
　おっ疲れ～！」
84300 ,,,,,,,愛歌,愛歌,01man710_001.wav,yuu,,1,"manaka,uniform",,0,,「悠は帰りも元気だねー」
84400 ,,,,,,,恋鳥,恋鳥,04kot710_001.wav,yuu,,1,"kotori,uniform",,0,,「まったくだ。
　元気のない悠は見たくないが」
84500 ,,,,,,,悠,悠,02yuu710_002.wav,yuu,,0,kotori,,0,,「それってやっぱり私が、
　健康美人って事かなっ？」
84600 ,,,,,,,恋鳥,恋鳥,04kot710_002.wav,yuu,,0,kotori,,0,,「いや悠が静かな時は、ロクでもない事が起きる」
84700 ,,,,,,,愛歌,愛歌,01man710_002.wav,yuu,,0,manaka,,1,,「それは納得できるよー」
84800 ,,,,,,,悠,悠,02yuu710_003.wav,yuu,,5,manaka,,1,,「ひっどぉ～いっ！
　私だって、たまには物思いに耽る乙女だぞっ！」
84900 ,,,,,,,愛歌,愛歌,01man710_003.wav,yuu,,5,manaka,,1,,「うふふっ、今日の晩ご飯は、何かなって？」
85000 ,,,,,,,悠,悠,02yuu710_004.wav,yuu,,53,manaka,,1,,「愛歌まで、ひどぉぉぉぉいっ！！」
85100 ,,,,,,,優哉,優哉,,yuu,,53,manaka,,1,,「あはははははっ！」
85200 ,,,,,,,,,,,,,,,,,　一緒にいると、退屈しないって言うより。
　悠はみんなを盛り上げる、スパイスなんだな。
　温泉部に恋鳥が入ったのも、分かるって感じだ。
85300 ,,<!move_normal>,,12201,,,,,,,,,,,,,　和気あいあいと他愛のないおしゃべりをしながら、
　いつもの分かれ道までやって来た。
85500 ,,,,,,,悠,悠,02yuu710_005.wav,yuu,,0,,,,,「ここでケーキ屋に行くか、どーするか？
　みんなの意見を、表明しなさいっ！」
85600 ,,,,,,,優哉,優哉,,yuu,,0,,,,,「俺は、まっすぐ家に帰るよ」
85700 ,,,,,,,悠,悠,02yuu710_006.wav,yuu,,53,,,,,「えーっ！
　付き合い悪いなぁっ！」
85800 ,,,,,,,愛歌,愛歌,01man710_004.wav,manaka,,5,,,,,「私は、どうしようかな？」
85900 ,,,,,,,,,,manaka,,5,kotori,,7,,　ちらっと、俺を見る愛歌。
　なんで恨みがましい視線なんだ？
　恋鳥も一瞬、俺を睨んだ気がする。
86000 ,,,,,,,恋鳥,恋鳥,04kot710_003.wav,manaka,,5,kotori,,0,,「悠がいくなら付き合おう。
　糖分が足りない気がするからな」
86100 ,,,,,,,優哉,優哉,,manaka,,5,,,,,「ほら行ってこいよ、愛歌。
　俺はちょっと、家で用事があるからさ」
86200 ,,,,,,,,,,manaka,,5,,,,,　本当は、ここで恋鳥と一緒に帰るのに気が引けて。
86290 ,,,,,,,,,,,,,,,,,　方角としては、ぜんぜん別だからなぁ。
　事情の分かってる愛歌はともかく、
　悠にはおかしいと思われるだろう。
86300 ,,,,,,,,,,manaka,,5,,,,,　ついでだから、もう少し荷物を取ってこよう。
86400 ,,,,,,,愛歌,愛歌,01man710_005.wav,manaka,,0,,,,,「うん……分かったよ。
　優哉ちゃんの分も、食べちゃうんだからー」
86500 ,,,,,,,悠,悠,02yuu710_007.wav,yuu,,0,,,,,「おっと、今さら来たいって言ってもダメだよっ！
　男に二言は無し！」
86600 ,,,,,,,恋鳥,恋鳥,04kot710_004.wav,yuu,,0,kotori,,0,,「そのまま、もう二度と来なくてもいいぞ」
86700 ,,,,,,,,,,yuu,,0,kotori,,0,,　えーと、それはケーキ屋に？
　それとも恋鳥の家か？
　力なく笑うしかない俺と、毒づく恋鳥を見比べて。
86800 ,,,,,,,悠,悠,02yuu710_008.wav,yuu,,90,kotori,,0,,「どうしたんだ、恋鳥？
　寝不足で機嫌が悪いの？」
86900 ,,,,,,,恋鳥,恋鳥,04kot710_005.wav,yuu,,0,kotori,,0,,「まぁ、そんなところだ。
　とっとと家に帰れ、軟弱者」
87000 ,,,,,,,愛歌,愛歌,01man710_006.wav,manaka,,0,kotori,,0,,「あははは……言い過ぎだよ、恋鳥ちゃん」
87100 ,,,,,,,,,,,,,,,,,　事情を知らない悠は、すっかりハテナ顔だ。
　愛歌も苦笑するしかなくて、困ってる。
　これは早々に、退散した方がいいな。
87200 ,,,,,,,優哉,優哉,,,,,,,,,「じゃあ、お先に！」
87300 ,,,,,,,愛歌,愛歌,01man710_007.wav,manaka,,0,,,,,「うん、優哉ちゃん、また明日ねー」
87400 ,,,,,,,恋鳥,恋鳥,04kot710_006.wav,kotori,,0,,,,,「ふん」
87500 ,,,,,,,悠,悠,02yuu710_009.wav,yuu,,5,,,,,「？？？」
87600 ,,,,,,,,,,,,,,,,,　この後ケーキ屋で、どんな会話になるんだろう？
　そう思うと、成り行きが心配だったけど。
　引き返しようがなく、そのまま家路に着いたんだ。
87690 ,,<!Lend_day_change>,0,9000,,,,,,,,,,,,,
87900 ,@711,,,,,,,,,,,,,,,,
88200 ,,<!Lbegin_day_change>,8,12101,,,優哉,優哉,,,,,,,,,「ちょっと遅くなったかな？
　でも昨日は暇が潰せなくて、困ったからなぁ」
88300 ,,,,,,,,,,,,,,,,,　昨日は慌ただしく家を出てきたので、
　帰って準備をしてみると、意外と荷物が多くなった。
　それをカバン一つに収めて、俺は恋鳥の家に戻った。
88400 ,,,,,,,,,,,,,,,,,　だいたいは、読みかけの本とかだ。
　残りはときどき、家に戻って交換する事にしよう。
88600 ,,<!move_normal>,,7101,,,,,,"kotori,uniform",,0,,,,,　家の前までたどり着くと、庭に恋鳥の姿が見えた。
　しゃがみ込んでるみたいだ。
88700 ,,,,,,,優哉,優哉,,kotori,,0,,,,,「なにをしてるんだ、恋鳥？」
88800 ,,,,,,,,,,kotori,,0,,,,,　お腹が痛いのかな？
　だとしたら、大家さんを呼んだ方がいいかな？
　それとも恋鳥の部屋に、薬があるだろうか？
88890 ,,,,,,,,,,kotori,,0,,,,,　そんな心配は、ただの杞憂だった。
88900 ,,,,,,,恋鳥,恋鳥,04kot711_001.wav,kotori,,90,,,,,「石塚に、手をあわせている」
89000 ,,,,,,,,,,kotori,,90,,,,,　恋鳥は半分埋もれた丸い石を、拝んでいたんだ。
　ろくに手入れもされていない庭の、簡素な石塚。
　由来も名前もなく、ただそこにあるだけの石。
89100 ,,,,,,,優哉,優哉,,kotori,,90,,,,,「何か謂われでも、あるのか？」
89200 ,,,,,,,恋鳥,恋鳥,04kot711_002.wav,kotori,,90,,,,,「知らない」
89300 ,,,,,,,,,,kotori,,90,,,,,　恋鳥の手で、作ったものではなさそうだ。
　苔むしていて、庭の風景に溶け込んでいる。
89400 ,,,,,,,,,,kotori,,90,,,,,　今は寂れているけど、
　庭と一緒に手入れをされていなければ
　こんな落ち着いた風情にはならないだろう。
89500 ,,,,,,,恋鳥,恋鳥,04kot711_003.wav,kotori,,0,,,,,「ただ……じぃじが、こうしていた」
89600 ,,,,,,,,,,kotori,,0,,,,,　ぽつりと、恋鳥が呟く。
　故人を偲ぶ懐かしさも、寂しさも。
　俺に感じさせないように、淡々と。
89700 ,,,,,,,恋鳥,恋鳥,04kot711_004.wav,kotori,,0,,,,,「いつも、こうして拝んでいた。
　大切そうに」
89800 ,,,,,,,優哉,優哉,,kotori,,0,,,,,「そうか」
89900 ,,,,,,,,,,kotori,,0,,,,,　それっきり、俺は何も言わなかった。
90000 ,,,,,,,,,,kotori,,0,,,,,  今は恋鳥と、鉄太郎さんの時間だ。
90100 ,,,,,,,,,,kotori,,0,,,,,　恋鳥にとって鉄太郎さんは、育ての恩人で。
　そして……大切な父親だったんだ。
90190 ,,,,,,,,,,kotori,,0,,,,,　今でも恋鳥は、鉄太郎さんを忘れてない。
　一生、忘れないだろう。
90200 ,,,,,,,,,,kotori,,0,,,,,　鉄太郎さんが話した事、大切にしていた石塚。
　人を思いやる優しさと、義理人情を護った男らしさ。
　そして恋鳥を可愛がってくれた、大切な想い出を。
90290 ,,,,,,,,,,kotori,,0,,,,,　そんな、大切な時間だ。
90300 ,,,,,,,恋鳥,恋鳥,04kot711_005.wav,kotori,,90,,,,,「…………待たせた。部屋に入ろう」
90400 ,,,,,,,優哉,優哉,,kotori,,90,,,,,「ああ」
90500 ,,,,,,,,,,kotori,,90,,,,,　恋鳥は俺がここにいた事を、
　良いとも悪いとも言わずに。
　でも一緒に、家に入れてくれたんだ。
90590 ,,<!Lend_scene_change>,0,9000,,,,,,,,,,,,,
90599 ,,<!ec_kotori_pri>,,,,,,,,,,,,,,,
90800 ,@712,,,,,,,,,,,,,,,,
91000 ,,<!Lbegin_scene_change>,8,7202,,,優哉,優哉,,,,,,,,,「あ、大家さん、こんばんは」
91100 ,,,,,,,恋鳥,恋鳥,04kot712_001.wav,"kotori,pajamas",,1,,,,,「おばあちゃん、こんばんは」
91200 ,,,,,,,大家さん,大家さん,15oya712_001.wav,kotori,,1,,,,,「はい、こんばんは」
91300 ,,,,,,,,,,kotori,,1,,,,,　今日も大家さんが夕飯を作りに来てくださった。
　ありがたやありがたや。
91400 ,,,,,,,,,,kotori,,1,,,,,　恋鳥の作る飯は……なんというか、
　ハイセンスすぎるか味気ないか
　どっちかだからな。
91500 ,,,,,,,恋鳥,恋鳥,04kot712_002.wav,kotori,,0,,,,,「おばあちゃん、今日は何を作るんだ？」
91600 ,,,,,,,大家さん,大家さん,15oya712_002.wav,kotori,,0,,,,,「今日は里芋と牛肉があるから……
　そうそう、キノコのパックもあったわね。
　それじゃあいも煮にしましょうか」
91700 ,,,,,,,優哉,優哉,,kotori,,0,,,,,「へえ、美味しそうですね」
91800 ,,,,,,,恋鳥,恋鳥,04kot712_003.wav,kotori,,52,,,,,「……ふふん」
91900 ,,,,,,,優哉,優哉,,kotori,,0,,,,,「なんでお前が誇らしげなんだよ！」
92000 ,,,,,,,,,,kotori,,0,,,,,　俺の非難を華麗にスルーして恋鳥は台所に
　向かう。大家さんも微笑みながらその後を
　追って台所に立った。
92100 ,,,,,,,,,,kotori,,0,,,,,　俺も手伝いたいところだが……
　さすがにこの部屋の台所に３人はつらい。
　申し訳ないが見学だ。
92300 ,,,,,,,恋鳥,恋鳥,04kot712_004.wav,,,,,,,,「さ、里芋の皮ってけっこうむきづらいな……」
92400 ,,,,,,,大家さん,大家さん,15oya712_003.wav,,,,,,,,「あらあら、あぶなっかしい。
　貸してごらんなさい……こうするの。ね？」
92500 ,,,,,,,恋鳥,恋鳥,04kot712_005.wav,,,,,,,,「おお……おばあちゃん、鮮やかなお手並みだ」
92600 ,,,,,,,大家さん,大家さん,15oya712_004.wav,,,,,,,,「うふふ、ありがとう。
　要領はわかった？　里芋は任せていいかしら？」
92700 ,,,,,,,恋鳥,恋鳥,04kot712_006.wav,,,,,,,,「うんっ。
　……おばあちゃんはどうするんだ？」
92800 ,,,,,,,大家さん,大家さん,15oya712_005.wav,,,,,,,,「私はキノコを下ごしらえしちゃうわね。
　全部調理が違うから、今度ちゃんと教えてあげる」
92900 ,,,,,,,恋鳥,恋鳥,04kot712_007.wav,,,,,,,,「うんっ、楽しみだ」
93000 ,,,,,,,,,,,,,,,,,　……恋鳥も楽しそうでよいことだ。
　俺は思わず頬が緩んでくるのを感じる。
93100 ,,,,,,,恋鳥,恋鳥,04kot712_008.wav,,,,,,,,「おばあちゃん、これからもずっと、
　料理を教えてほしいぞ」
93200 ,,,,,,,大家さん,大家さん,15oya712_006.wav,,,,,,,,「そうね、恋鳥ちゃんがそういうなら、
　そうしようかしらね」
93300 ,,,,,,,,,,,,,,,,,　微笑み合う二人。
　俺も思わず優しい気分になってしまう。
93500 ,,,,,,,恋鳥,恋鳥,04kot712_009.wav,kotori,,7,,,,,「……何変な顔してるんだ、お前」
93600 ,,,,,,,優哉,優哉,,kotori,,7,,,,,「うっせえ」
93700 ,,,,,,,大家さん,大家さん,15oya712_007.wav,kotori,,7,,,,,「あらあら、＜喧嘩＝けんか＞しないのよ？」
93800 ,,,,,,,,,,kotori,,7,,,,,　いけね、大家さんを心配させてしまった。
93900 ,,,,,,,優哉,優哉,,kotori,,7,,,,,「あー、大家さん。
　なんというかこれは……
　お約束なんですよ、お約束」
94000 ,,,,,,,,,,kotori,,7,,,,,　あわてて言い訳すると恋鳥も同調する。
94100 ,,,,,,,恋鳥,恋鳥,04kot712_010.wav,kotori,,3,,,,,「そ、そうだぞ、
　こいつとはその……仲がいいから、なっ？」
94200 ,,,,,,,,,,kotori,,3,,,,,　ぎこちない笑みを向けてくる恋鳥。
　……ま、そういうことにしとこうぜ。
　俺もうなずきを返す。
94300 ,,,,,,,大家さん,大家さん,15oya712_008.wav,kotori,,3,,,,,「若い人のお約束は難しいわね。
　……それじゃ恋鳥ちゃん、煮付けましょうか」
94400 ,,,,,,,恋鳥,恋鳥,04kot712_011.wav,kotori,,0,,,,,「あ、うんっ」
94500 ,,,,,,,,,,,,,,,,,　ぱたぱたとコンロの方に戻っていく恋鳥。
94600 ,,,,,,,,,,,,,,,,,　俺はそれを見て、
　恋鳥もけっこう可愛いとこがあるのかもしれない
　……なんて思ってしまった。
94690 ,,<!Lend_scene_change>,0,9000,,,,,,,,,,,,,
94900 ,@713,,,,,,,,,,,,,,,,
95100 ,,<!Lbegin_scene_change>,8,7202,,,,,,,,,,,,,　……というわけで、
　美味しく楽しい晩ご飯の時間は終わり、
　大家さんは帰っていった。
95200 ,,,,,,,優哉,優哉,,,,,,,,,「ぷふー、美味くてつい食い過ぎた。
　……腹いっぱいで動けん」
95300 ,,,,,,,,,,,,,,,,,　恋鳥と大家さんが作ってくれたので、
　皿洗いは俺の仕事だ。
95400 ,,,,,,,,,,,,,,,,,　でも食後すぐに働けっつーのも酷な話だ。
　ちょっと食休みをして……
95500 ,,,,,,,恋鳥,恋鳥,04kot713_001.wav,"kotori,pajamas",,7,,,,,「お前、ちゃんと皿洗いしろよ。
　サボるなよ」
95600 ,,,,,,,,,,kotori,,7,,,,,　容赦のない言葉が飛んできた。
　恋鳥がじっとりした目で俺を見ている。
95700 ,,,,,,,優哉,優哉,,kotori,,7,,,,,「ちょっと食休みだって。
　ちゃんとやるから安心しろ」
95800 ,,,,,,,恋鳥,恋鳥,04kot713_002.wav,kotori,,0,,,,,「……油物の皿はお湯を張っておいた方が
　落ちやすいから、さっさともってけ」
95900 ,,,,,,,,,,kotori,,0,,,,,　なるほど、そういう理屈か。
　しかしちと……
96000 ,,,,,,,優哉,優哉,,kotori,,0,,,,,「すまん、腹が苦しい。
　ちゃんと責任もって洗うから、
　ちょっと休ませてくれ」
96100 ,,,,,,,恋鳥,恋鳥,04kot713_003.wav,kotori,,5,,,,,「時間が経つと油が膜になって手間が増えるぞ。
　……それに汚れたままじゃステファニーが
　かわいそうだ」
96200 ,,,,,,,優哉,優哉,,kotori,,5,,,,,「わかったわかった。今やるよ。
　お前おかず作らないのに皿洗いには
　やたらうるさいのな」
96300 ,,,,,,,恋鳥,恋鳥,04kot713_004.wav,kotori,,0,,,,,「……じいじがごはんを作ってた頃は、
　恋鳥がお皿洗ってた。
　そのころじいじに言われたんだ」
96400 ,,,,,,,優哉,優哉,,kotori,,0,,,,,「なるほど、そいつはまっとうな話だ。
　……ところで、恋鳥。
　ステファニーってなんだ？」
96500 ,,,,,,,,,,kotori,,0,,,,,　尋ねる俺に、恋鳥はいも煮が入っていた
　ファンシーなキャラもの子供用どんぶりを
　指さした。
96600 ,,,,,,,恋鳥,恋鳥,04kot713_005.wav,kotori,,0,,,,,「ステファニーだ」
96700 ,,,,,,,優哉,優哉,,kotori,,0,,,,,「……お前、皿に名前つけてるのか」
96800 ,,,,,,,恋鳥,恋鳥,04kot713_006.wav,kotori,,0,,,,,「そうだぞ。お皿だってちゃんとかわいがれば
　長持ちするんだ。ステファニーは恋鳥が
　子供の頃から一緒だ」
96900 ,,,,,,,優哉,優哉,,kotori,,0,,,,,「な、なるほど……」
97000 ,,,,,,,,,,kotori,,0,,,,,　なんか変なとこで古くさいことを言うよな……
　まあ身の回りにいたのが鉄太郎さんと
　大家さんだけならしょうがないことか。
97100 ,,,,,,,恋鳥,恋鳥,04kot713_007.wav,kotori,,0,,,,,「ちなみにお前が使っている茶碗は武蔵。
　恋鳥が生まれる前からいるんだぞ」
97200 ,,,,,,,優哉,優哉,,kotori,,0,,,,,「ほう、これは？」
97300 ,,,,,,,恋鳥,恋鳥,04kot713_008.wav,kotori,,0,,,,,「それはパイメイ。中国生まれだ」
97400 ,,,,,,,優哉,優哉,,kotori,,0,,,,,「じゃあこれは」
97500 ,,,,,,,恋鳥,恋鳥,04kot713_009.wav,kotori,,0,,,,,「それはマードック。
　３回落下しても＜割＝し＞＜れ＝な＞なかった歴戦の勇者だぞ」
97600 ,,,,,,,優哉,優哉,,kotori,,0,,,,,「落とすな。
　この大皿は？」
97700 ,,,,,,,恋鳥,恋鳥,04kot713_010.wav,kotori,,0,,,,,「ジョナサン。
　ちなみにそっちの中皿がジョージ２世で、
　組の小皿がジョゼフとスージーだ」
97800 ,,,,,,,優哉,優哉,,kotori,,0,,,,,「これは？
　割れた後があるな」
97900 ,,,,,,,恋鳥,恋鳥,04kot713_011.wav,kotori,,0,,,,,「それはアパッチ。
　恋鳥が昔投げて遊んで割った」
98000 ,,,,,,,,,,kotori,,0,,,,,　　め、命名基準がわからん。
98100 ,,,,,,,優哉,優哉,,kotori,,0,,,,,「だ、大事にしてるのはわかったが、
　俺もそれを覚える必要はあるのか？」
98200 ,,,,,,,恋鳥,恋鳥,04kot713_012.wav,kotori,,0,,,,,「……お前はアホだからたぶん忘れるな。
　覚えなくてもしょうがないから、
　ちゃんと敬意を持って扱うんだぞ」
98300 ,,,,,,,優哉,優哉,,kotori,,0,,,,,「敬意？　例えばどうやって」
98400 ,,,,,,,恋鳥,恋鳥,04kot713_013.wav,kotori,,7,,,,,「ハシでちゃかちゃか叩いたりするな。
　フォークでこすってキズをつけるな。
　寄せ箸もダメだぞ」
98500 ,,,,,,,,,,kotori,,7,,,,,　なるほど、そりゃ当然だな。
98600 ,,,,,,,恋鳥,恋鳥,04kot713_014.wav,kotori,,7,,,,,「あと、かっこんで食べたり、
　汁物をすすって飲んだり、
　欠けたところをいじったりするなよ」
98700 ,,,,,,,,,,kotori,,7,,,,,　ううむ、行儀よく食えということか？
98800 ,,,,,,,恋鳥,恋鳥,04kot713_015.wav,kotori,,3,,,,,「あとは……無理矢理キスしたり、
　抱きしめて放さなかったり、
　べろんべろんなめ回したり……」
98900 ,,,,,,,優哉,優哉,,kotori,,3,,,,,「せんわっ！？
　というか俺は皿に欲情すると思われてるのか！？」
99000 ,,,,,,,恋鳥,恋鳥,04kot713_016.wav,kotori,,3,,,,,「……一応だぞ、一応」
99100 ,,,,,,,,,,kotori,,3,,,,,　……何を疑われているのか。
99200 ,,,,,,,優哉,優哉,,kotori,,3,,,,,「……ま、わかったよ。
　丁寧に洗うから、な？」
99300 ,,,,,,,,,,kotori,,3,,,,,　言いながら立ち上がり、皿を重ねて流しに運ぶ。
99400 ,,,,,,,恋鳥,恋鳥,04kot713_017.wav,kotori,,90,,,,,「……恋鳥は見てるからな。
　なめ回したりするなよ」
99500 ,,,,,,,優哉,優哉,,kotori,,90,,,,,「だから何を疑ってんだよ！？」
99600 ,,,,,,,,,,,,,,,,,　その後、湯を張って油や固まった米を浮かし、
　全部の皿を洗い終わるまで恋鳥はじとっと俺を
　見つめていた。
99700 ,,,,,,,,,,,,,,,,,　……普通に洗ってんだろおっ！？
99790 ,,<!Lend_day_change>,0,9000,,,,,,,,,,,,,
99799 ,,<!ec_kotori_pri>,,,,,,,,,,,,,,,
100000 ,@714,,,,,,,,,,,,,,,,
100300 ,,<!Lbegin_morning>,0,7200,,,優哉,優哉,,,,,,,,,「んっ……こ、これは金縛りか？　体が動かねー」
100400 ,,,,,,,,,,,,,,,,,　目覚めたかと思ったけど、朝から恐怖体験かよ。
　というか、夢であって欲しいなぁ……。
100500 ,,,,,,,優哉,優哉,,,,,,,,,「ひっ……腕がもう一本ある……ゆ、ゆーれいかよ」
100600 ,,,,,,,,,,,,,,,,,　すみさきにも、そういう部屋があったんだよな……。
　１０年ぐらい前にお祓いして貰ったそうだけど……。
100700 ,,,,,,,優哉,優哉,,,,,,,,,「って、もしかしなくても恋鳥じゃねーか……。
　あんまり脅かすなよな……ったく」
100800 ,,,,,,,,,,,,,,,,,　昨日の事を考えると恋鳥が起きない内に、
　脱出した方が良さそうだ……。
100900 ,,,,,,,,,,,,,,,,,　しかし、恋鳥と密着してもあまり、嬉しくねーな。
　きょにゅーの子なら、それなりに嬉しいかもだが。
101000 ,,,,,,,恋鳥,恋鳥,04kot714_001.wav,,,,,,,,「すぅ……すぅ……」
101100 ,,,,,,,,,,,,,,,,,　起きるなよ……起きてくれるなよ？
　一瞬背後から乳を揉んでやろうかと思ったが、
　揉む程の乳も無さそうだし、止めておいた。正解だ。
101200 ,,,,,,,優哉,優哉,,,,,,,,,「って、腕を抜かないとな……ぬぅ……」
101300 ,,,,,,,,,,,,,,,,,　俺の左手を巻き込む形で恋鳥が寝ており、
　しかも腕は恋鳥の左胸の下なんだよな……。
101400 ,,,,,,,,,,,,,,,,,　爆弾処理班が必要だ……処理出来なければ、
　恋鳥のかんしゃく玉が破裂するのは必至だ。
101500 ,,,,,,,優哉,優哉,,,,,,,,,「そっと……そーっと……うぅ」
101600 ,,,,,,,,,,,,,,,,,　恋鳥を刺激しないように抜こうとするが、
　恋鳥の体重もあって簡単にはいかない。
101700 ,,,,,,,優哉,優哉,,,,,,,,,「うーん……そうだ……」
101800 ,,,,,,,,,,,,,,,,,　俺は恋鳥を左側に転がせる事を思いついた。
　俺は恋鳥の右肩を掴んで転がし始めた。
　よーし……もうすぐだ……。
101900 ,,,,,,,恋鳥,恋鳥,04kot714_002.wav,"kotori,pajamas",,81,,,,,「この手はなんだ……」
102000 ,,,,,,,,,,kotori,,81,,,,,　うぇっ！？　起きてしまわれたぁー！
102100 ,,,,,,,優哉,優哉,,kotori,,81,,,,,「って、おまえが寝ぼけるから悪いんだろ」
102200 ,,,,,,,恋鳥,恋鳥,04kot714_003.wav,kotori,,91,,,,,「寝ぼけてたら、恋鳥の胸に触っていいのか？」
102300 ,,,,,,,,,,kotori,,91,,,,,　って、肩を押してたつもりが、
　手がすべって恋鳥の右胸に……分かりませんから。
102400 ,,,,,,,優哉,優哉,,kotori,,91,,,,,「いや……これはだな……事故というか何というか」
102500 ,,,,,,,恋鳥,恋鳥,04kot714_004.wav,kotori,,91,,,,,「ごたくを並べる前に手を離せ」
102600 ,,<!se_punch>,,,,,,,,,,,,,,,　俺は昨日より強烈に布団から蹴り出された。
102800 ,,,1,,400453,,優哉,優哉,,,,,,,,,「ふぅ……朝からひどい目にあった……」
102900 ,,,,,400453,,,,,,,,,,,,　トイレから帰って来ると朝食の準備が出来ており、
　俺は席についた。
103000 ,,,,,400453,,優哉,優哉,,,,,,,,,「って、今日も白飯と味噌汁だけかよ！」
103100 ,,,,,400453,,,,,,,,,,,,　昨日は簡略したんだと思ったが、
　これが恋鳥のデフォルトなのか？
103200 ,,,,,400453,,恋鳥,恋鳥,04kot714_005.wav,,,,,,,,「安心しろ。おばあちゃんから新作を預かっている」
103300 ,,,,,400453,,,,,,,,,,,,　自分で食うつもりは毛頭ないようで、
　恋鳥は俺に謎の佃煮入りの小瓶を押しつける。
103400 ,,,,,400453,,優哉,優哉,,,,,,,,,「うーん……今日は何だろうな」
103500 ,,,,,400453,,,,,,,,,,,,　佃煮にしてしまえば、何でも食えるというのが、
　俺の自論であり、議論の余地なく白飯に盛りつける。
103600 ,,,,,400453,,優哉,優哉,,,,,,,,,「あの……恋鳥サン。これ、羽が生えてるんですけど」
103700 ,,,,,400453,,,,,,,,,,,,　も、もしかして、カイコとかじゃねーだろうな。
　それ、何て野麦峠？　つーか、いじめ？
　女工哀史とか蟹工船などのキーワードが頭をよぎる。
103800 ,,,,,400453,,恋鳥,恋鳥,04kot714_006.wav,,,,,,,,「ハチの子とか言ってた。安心していい」
103900 ,,,,,400453,,,,,,,,,,,,　ハチの子かよ……けど、それなら俺的にセーフか。
104000 ,,,,,400453,,優哉,優哉,,,,,,,,,「うーん……うん。普通にうまい……。
　羽の食感が気にならなくもないけどな」
104100 ,,,,,400453,,,,,,,,,,,,　けど、精力つくんじゃないだろうな？
　こんな状態じゃ逆に困るんだけどな。
104300 ,,<!timepass_1_long>,,,,,優哉,優哉,,,,,,,,,「ふぅ……着替えて来るよ」
104400 ,,,,,,,,,,,,,,,,,　寝汗やら冷や汗をかいたのでシャツが濡れており、
　下着の着替えを持って洗面所に行く。
　俺には学習能力があるからな……。
104600 ,,<!move_veryshort>,,9000,,,優哉,優哉,,,,,,,,,「今日も朝から気を使うなぁ……。
　こんな事じゃいつまで続けられるか分からんな」
104700 ,,,,,,,,,,,,,,,,,　俺は着替えながらつい愚痴を漏らしてしまう……。
104900 ,,,,,,,優哉,優哉,,,,,,,,,「ん？　恋鳥？」
105000 ,,,,,,,,,,,,,,,,,　磨りガラスの向こうに人影が見えた。
　トイレにでも入ったのかな？
105200 ,,<!timepass_1_short>,,7200,,,優哉,優哉,,,,,,,,,「よし、忘れ物はないな。恋鳥はどうだ？」
105300 ,,,,,,,恋鳥,恋鳥,04kot714_007.wav,"kotori,uniform",,0,,,,,「大丈夫。行くぞ」
105400 ,,,,,,,,,,kotori,,0,,,,,　恋鳥は表情一つ浮かべずに鞄を手に立ち上がった。
　うーん……女の子と登校って雰囲気じゃねーな。
105600 ,,<!move_short>,,7100,,,優哉,優哉,,,,,,,,,「おはようございます、大家さん」
105700 ,,,,,,,,,,,,,,,,,　今日も掃き掃除をしていた大家さんに声をかける。
105800 ,,,,,,,大家さん,大家さん,15oya714_001.wav,,,,,,,,「あぁ、優哉くん、おはようさん」
105900 ,,,,,,,恋鳥,恋鳥,04kot714_008.wav,kotori,,1,,,,,「おはよう、おばあちゃん。
　優哉が佃煮おいしいって、全部食べちゃった」
106000 ,,,,,,,,,,kotori,,1,,,,,　おい、また押しつけるつもりか？
　つか、作らない方向に誘導してくれよ。
106100 ,,,,,,,大家さん,大家さん,15oya714_002.wav,kotori,,1,,,,,「そうかい……そりゃ、嬉しいねぇ。
　優哉くんが来て、にぎやかになったねぇ」
106200 ,,,,,,,,,,kotori,,1,,,,,　大家さんは朝からご機嫌のようだ……。
　その影には人柱がいるんだけどな……。
　明日も佃煮決定だな。
106300 ,,,,,,,優哉,優哉,,kotori,,1,,,,,「じゃ、行って来ます」
106400 ,,,,,,,恋鳥,恋鳥,04kot714_009.wav,kotori,,0,,,,,「行って来ます、おばあちゃん」
106500 ,,,,,,,,,,kotori,,0,,,,,　恋鳥はいかにも仲良く暮らしているかのように、
　俺とよりそう形で歩き始めた。
　大家さんを心配させたくないんだろうな。
106590 ,,<!Lend_scene_change>,0,9000,,,,,,,,,,,,,
106800 ,@715,,,,,,,,,,,,,,,,
107200 ,,<!Lbegin_scene_change><!se_schoolchime_int>,8,4500,,,,,,,,,,,,,　午前中の授業が終わった。
107300 ,,,,,,,,,,,,,,,,,　いつもなら、真っ先に昼飯に手をつける所だが、今日はちょっと別件がある。
107400 ,,,,,,,,,,"yamato,uniform",,0,,,,,　すぐ傍の大和に向きなおり、机に弁当を置く。
107500 ,,,,,,,大和,大和,08yam715_001.wav,yamato,,1,,,,,「どうした優哉、今日は俺に≪あ～ん≫ってして欲しいのか？」
107600 ,,,,,,,,,,yamato,,1,,,,,　悪いが、冗談に付き合える感じじゃないんだよな。
107700 ,,,,,,,,,,yamato,,1,,,,,　うーむ、聞きたい事の内容がアレなだけに、呼吸が掴みにくいぜ。
107800 ,,,,,,,優哉,優哉,,yamato,,1,,,,,「……なぁ大和。単刀直入に聞くが、お前んトコの会社は、星河原の地上げもやってるのか？」
107900 ,,,,,,,大和,大和,08yam715_002.wav,yamato,,2,,,,,「なんだよ急に。どういう風の吹き回しだい？
　もしかして、一緒に事業でもしたくなった？」
108000 ,,,,,,,優哉,優哉,,yamato,,2,,,,,「真面目に答えてくれ。そういう事はしてるのか？」
108100 ,,,,,,,,,,yamato,,2,,,,,　大和の目をじっとみる。
108200 ,,,,,,,,,,yamato,,2,,,,,　いつもなら、すぐに下らない冗談でも出てくる所だけど。
108300 ,,,,,,,,,,yamato,,2,,,,,　今日はそうは行かない。何せ俺は、珍しく真面目モードだからな。
108400 ,,,,,,,大和,大和,08yam715_003.wav,yamato,,4,,,,,「……確かに、事業にはそういう分野もあるね」
108500 ,,,,,,,優哉,優哉,,yamato,,4,,,,,「お前にしちゃあ、歯切れが悪いな」
108600 ,,,,,,,大和,大和,08yam715_004.wav,yamato,,4,,,,,「俺は所詮、跡取り息子だからね。
　将来的にはともかく、今、実家の仕事の全てを知ってるわけじゃあない」
108700 ,,,,,,,優哉,優哉,,yamato,,4,,,,,「それでも耳に入る程度には、デカイ仕事なのか」
108800 ,,,,,,,大和,大和,08yam715_005.wav,yamato,,4,,,,,「まぁね。……どうしたんだよ優哉。
　やけに熱心に聞いてくるね」
108900 ,,,,,,,,,,yamato,,4,,,,,　まぁ、事情が事情だからな。
109000 ,,,,,,,,,,yamato,,4,,,,,　こっちは女二人の生活を背負ってるんだ。
109100 ,,,,,,,優哉,優哉,,yamato,,4,,,,,「なぁ、具体的にどういう事をやってるか、知ってるか？」
109200 ,,,,,,,大和,大和,08yam715_006.wav,yamato,,4,,,,,「そりゃ地主と交渉して、正当な価格で土地を取引してるだけだろ」
109300 ,,,,,,,優哉,優哉,,yamato,,4,,,,,「正当な価格、ねぇ。それって住民感情はコミ？」
109400 ,,,,,,,大和,大和,08yam715_007.wav,yamato,,4,,,,,「当然。≪正当な価格≫だからね。
　住民感情を消化できる分の上乗せぐらい、ウチはちゃんとやってるさ」
109500 ,,,,,,,優哉,優哉,,yamato,,4,,,,,「……なるほどね」
109600 ,,,,,,,,,,,,,,,,,　――思い出も、金で買えるか。
109700 ,,,,,,,,,,,,,,,,,　あまり好きになれない考え方だな。
109800 ,,,,,,,,,,,,,,,,,　仮にソレで取引が上手くいく事があったとしても。
109900 ,,,,,,,,,,,,,,,,,　恋鳥のアパートは、そういう風にできない場所だ。
110000 ,,,,,,,大和,大和,08yam715_008.wav,yamato,,5,,,,,「なんだよ優哉、さっきから。
　妙な目で俺を見るなよ。俺、何か悪い事したか？」
110100 ,,,,,,,優哉,優哉,,yamato,,5,,,,,「いや、お前は何も悪くない。
　だがまぁ、気付かないもんなんだな、とは思ってるよ」
110200 ,,,,,,,大和,大和,08yam715_009.wav,yamato,,5,,,,,「歯切れの悪いのは、どっちだよ。変なヤツだな」
110300 ,,,,,,,優哉,優哉,,yamato,,5,,,,,「いや、スマン。ちょっと知り合いから、気にかかる話を聞いただけだよ」
110400 ,,,,,,,大和,大和,08yam715_010.wav,yamato,,0,,,,,「ホントに――いや、まぁ、そういう話なら、仕方ないか。……さっさと昼飯食おうぜ」
110500 ,,,,,,,,,,yamato,,0,,,,,　大和のヤツ、言葉を飲み込みやがった。
110600 ,,,,,,,,,,yamato,,0,,,,,　こういう所は、俺より随分と大人だよな。
110700 ,,,,,,,,,,yamato,,0,,,,,　俺は、聞きたい事を聞いただけのくせに、大和の顔を見て飯が食えそうにない。
110800 ,,,,,,,,,,yamato,,0,,,,,　我ながら、恐ろしく勝手な話だ。
110900 ,,,,,,,優哉,優哉,,yamato,,0,,,,,「あー、学食で食ってくるわ」
111000 ,,,,,,,大和,大和,08yam715_011.wav,yamato,,53,,,,,「あ、おい、優哉！　お前、弁当じゃないのかよ！」
111100 ,,,,,,,,,,,,,,,,,　なんでだろう。びっくりするほど動揺してるな。
111200 ,,,,,,,,,,,,,,,,,　あの男が地上げしてるのが、確定したから？
111300 ,,,,,,,,,,,,,,,,,　……恋鳥のアパート、どうやれば守れるんだ？
111400 ,,,,,,,,,,,,,,,,,　そんな事ばかりが気になって、どうしようもない。
111490 ,,<!Lend_scene_change>,0,9000,,,,,,,,,,,,,
111700 ,@716,,,,,,,,,,,,,,,,
112000 ,,<!Lbegin_scene_change>,7,4400,,,,,,,,,,,,,　今日も今日とて、特にやる事のない部活が終わる。
112100 ,,,,,,,,,,,,,,,,,　日が傾く前まで、部室でウダウダしてるだけだし、楽と言えば楽なんだが――
112200 ,,,,,,,,,,,,,,,,,　俺はこんな事でいいのかね。
112300 ,,,,,,,,,,,,,,,,,　ま、今日もカバンを片付けて、後は帰るだけだ。
112400 ,,,,,,,悠,悠,02yuu716_001.wav,"yuu,uniform",,0,,,,,「ところでさー、優哉。アンタ、香水でもつけた？」
112500 ,,,,,,,優哉,優哉,,yuu,,0,,,,,「なんだ唐突に。
　俺からフェロモンでも出てるのか？」
112600 ,,,,,,,悠,悠,02yuu716_002.wav,yuu,,0,,,,,「瘴気かスケベオーラなら出てるかもね。まぁそんな事はどうでもよくってさ。なーんか違うんだよね、最近の匂いが」
112700 ,,,,,,,優哉,優哉,,yuu,,0,,,,,「コラ、人の頭を嗅ぐんじゃない。
　イヌかお前は。つーか年頃の娘がやる行動か」
112800 ,,,,,,,悠,悠,02yuu716_003.wav,yuu,,1,,,,,「いいじゃん、優哉を異性としてカウントしてないと思えば、何も問題ないっしょ？」
112900 ,,,,,,,悠,悠,02yuu716_004.wav,yuu,,0,,,,,「ん～。くんくん……この匂いは……恋鳥？」
113000 ,,,,,,,恋鳥,恋鳥,04kot716_001.wav,yuu,,0,"kotori,uniform",,0,,「呼んだか」
113100 ,,,,,,,悠,悠,02yuu716_005.wav,yuu,,0,kotori,,0,,「いやさ～、なんかこの匂い、恋鳥の髪と同じ感じがするんだよね～。だから気になるわけよ」
113200 ,,,,,,,優哉,優哉,,yuu,,0,kotori,,7,,「嗅ぎ比べとか、お前かなり変態っぽいぞ」
113300 ,,,,,,,悠,悠,02yuu716_006.wav,yuu,,1,kotori,,7,,「優哉がやったら訴訟沙汰だろね。でも私、美少女だし。……ん～、恋鳥、相変わらずいい匂い」
113400 ,,,,,,,,,,yuu,,1,kotori,,7,,　コイツ、地味にアレな性癖でもあるんじゃないか。
113500 ,,,,,,,,,,yuu,,1,kotori,,7,,　……つーかコレ、もしかしてピンチか？
113600 ,,,,,,,恋鳥,恋鳥,04kot716_002.wav,yuu,,0,kotori,,5,,「悠、それは失礼だぞ。恋鳥とコイツが同じところなんて、遺伝子レベルでありえないぞ」
113700 ,,,,,,,優哉,優哉,,yuu,,0,kotori,,5,,「俺は最低限、人間だっつーの！」
113800 ,,,,,,,愛歌,愛歌,01man716_001.wav,"manaka,uniform",,0,,,,,「そうだよ、優哉ちゃんはちゃんと哺乳類だよ」
113900 ,,,,,,,優哉,優哉,,manaka,,0,,,,,「愛歌、さりげなく枠を拡大するんじゃない」
114000 ,,,,,,,つむぎ,つむぎ,05tum716_001.wav,"tumugi,uniform",,0,,,,,「えーと、それはつまり、同じしゃんぷーを使っているとか、そういう事ですか？」
114100 ,,,,,,,優哉,優哉,,,,,,,,,「いやいやそんな、まさかな。
　恋鳥が使ってるシャンプーは、どこのメーカーだ？」
114200 ,,,,,,,恋鳥,恋鳥,04kot716_003.wav,kotori,,7,,,,,「なんだ、そんな事も忘れ――むぐっ！」
114300 ,,,,,,,,,,kotori,,0,,,,,　こういう時はあわせろよ！　いいな？
114400 ,,,,,,,,,,kotori,,0,,,,,　視線で合図して、手を離す。
114500 ,,,,,,,,,,kotori,,0,,,,,　うわー、疑いの視線が雨あられだ。アイタタタ。
114600 ,,,,,,,恋鳥,恋鳥,04kot716_004.wav,kotori,,7,,,,,「この突発性セクハラ男。恋鳥は昔っから、じぃじと同じヤツしか使ってないぞ」
114700 ,,,,,,,優哉,優哉,,,,,,,,,「だよなー、細かに罵倒しながらの返事ありがとう。
　まぁ、ウチは千紗に任せてるからな。
　同じの買ってきたんじゃないか？」
114800 ,,,,,,,悠,悠,02yuu716_007.wav,yuu,,0,,,,,「渋い趣味してるねぇ、千紗ちゃん。
　あのパッケージで試し買いとか、勇気あるなぁ」
114900 ,,,,,,,愛歌,愛歌,01man716_002.wav,yuu,,0,manaka,,0,,「まぁ、ほら。千紗ちゃんもお年頃だし。
　色々と試したいんだよ。ね？　優哉ちゃん」
115000 ,,,,,,,優哉,優哉,,yuu,,0,manaka,,0,,「うむ。年頃の娘の考える事は、俺には分からんよ」
115100 ,,,,,,,悠,悠,02yuu716_008.wav,yuu,,0,manaka,,0,,「うーん、まぁ、そんなトコかぁ。
　偶然以外に、理由も思いつかないもんね」
115200 ,,,,,,,つむぎ,つむぎ,05tum716_002.wav,yuu,,0,tumugi,,0,,「例えば、同じお風呂に入ったとかですか？」
115300 ,,,,,,,,,,yuu,,0,tumugi,,0,,　つむぎ、すまんが黙っててくれ！　お前凄いなぁ。
115400 ,,,,,,,悠,悠,02yuu716_009.wav,yuu,,2,tumugi,,0,,「優哉と、恋鳥が、同じお風呂？
　にゃはははははは！　そんな事ありえないって！
　仮に同じ銭湯でも、恋鳥が違うの使うしね」
115500 ,,,,,,,恋鳥,恋鳥,04kot716_005.wav,,,,kotori,,0,,「コイツには、水で充分」
115600 ,,,,,,,優哉,優哉,,,,,kotori,,0,,「俺にもシャンプーぐらい使わせろよ！」
115700 ,,,,,,,恋鳥,恋鳥,04kot716_006.wav,,,,kotori,,90,,「……人類になってから言え」
115800 ,,,,,,,優哉,優哉,,,,,kotori,,90,,「俺は人類だ！」
115900 ,,,,,,,愛歌,愛歌,01man716_003.wav,manaka,,0,kotori,,90,,「そうだよ、哺乳類だよ！」
116000 ,,,,,,,,,,manaka,,0,kotori,,90,,　あぁもう、グダグダだなぁ！
116100 ,,,,,,,悠,悠,02yuu716_010.wav,yuu,,12,kotori,,90,,「ま、偶然ぐらい幾らでもあるよね。
　ご～めんごめん、恋鳥、機嫌なおしてね？」
116200 ,,,,,,,恋鳥,恋鳥,04kot716_007.wav,yuu,,12,kotori,,0,,「ケーキ一つで手を打つ」
116300 ,,,,,,,悠,悠,02yuu716_011.wav,yuu,,12,kotori,,0,,「あいたぁ～っ！　分かりました、んじゃ今度ね」
116400 ,,,,,,,恋鳥,恋鳥,04kot716_008.wav,yuu,,12,kotori,,0,,「ん」
116500 ,,,,,,,つむぎ,つむぎ,05tum716_003.wav,tumugi,,1,,,,,「いつも通り、仲がよろしいですね」
116600 ,,,,,,,,,,,,,,,,,　俺の人権以外は、全て丸くおさまった感じか？
116700 ,,,,,,,,,,,,,,,,,　……身の安全のためとは言え、失ったものは大きかったなぁ。
116800 ,,,,,,,愛歌,愛歌,01man716_004.wav,manaka,,0,,,,,「優哉ちゃん、ファイト！」
116900 ,,,,,,,,,,manaka,,0,,,,,　お前も微妙に支援じゃなかった気もする。
117000 ,,,,,,,,,,,,,,,,,　……次からはもうちょいマシな言い訳を、自前で考えておくとするか。
117100 ,,,,,,,,,,,,,,,,,　はぁ……。疲れる。
117190 ,,<!Lend_scene_change>,0,9000,,,,,,,,,,,,,
117400 ,@717,,,,,,,,,,,,,,,,
117600 ,,<!Lbegin_scene_change>,8,7202,,,,,,"kotori,pajamas",,90,,,,,　ぱんっと手を合わせて、一拍一礼。
　ハシを手に取る。
117700 ,,,,,,,大家さん,大家さん,15oya717_001.wav,kotori,,90,,,,,「いただきます」
117800 ,,,,,,,恋鳥＠優哉,２人,04kot717_001.wav＠ext717_e01.wav,kotori,,90,,,,,「いただきます」
117900 ,,,,,,,,,,kotori,,90,,,,,　今日も大家さんが夕飯を作りに来てくださった。
　今夜のおかずは豚のキャベツ・チーズ巻きだ。
　もちろん恋鳥が手伝って俺は見学だ。
118000 ,,,,,,,優哉,優哉,,kotori,,90,,,,,「……おお、チーズと豚肉が濃厚な味わいを……」
118100 ,,,,,,,恋鳥,恋鳥,04kot717_002.wav,kotori,,1,,,,,「……おいしい、おいしいぞこれ、おばあちゃん」
118200 ,,,,,,,大家さん,大家さん,15oya717_002.wav,kotori,,1,,,,,「あらあら、ありがとう。
　二人とも若いからお肉ちゃんと食べて
　体をしっかりつくらないとね」
118300 ,,,,,,,,,,kotori,,1,,,,,　ありがたい話だ。
　恋鳥の飯は肉どころかおかずがないからな……。
118400 ,,,,,,,大家さん,大家さん,15oya717_003.wav,kotori,,1,,,,,「………………」
118500 ,,,,,,,恋鳥,恋鳥,04kot717_003.wav,kotori,,3,,,,,「……おばあちゃん、どうかしたか？」
118600 ,,,,,,,大家さん,大家さん,15oya717_004.wav,kotori,,3,,,,,「う、ううん、なんでもないのよ？
　ちょっと考え事があっただけ」
118700 ,,,,,,,優哉,優哉,,kotori,,3,,,,,「よければ聞かせてください。
　食事のお礼ってわけじゃないけど、
　力になれることがあるかもしれません」
118800 ,,,,,,,大家さん,大家さん,15oya717_005.wav,kotori,,3,,,,,「……そうね、あなたたちにも関係
　あることだから、話しておいたほうが
　いいわね」
118900 ,,,,,,,,,,kotori,,3,,,,,　大家さんの言葉に、
　俺と恋鳥は思わず身を乗り出す。
119000 ,,,,,,,大家さん,大家さん,15oya717_006.wav,kotori,,3,,,,,「……実はね。
　この近くにあった別のアパートにも、
　前の男の人が来たらしいの」
119100 ,,,,,,,優哉,優哉,,kotori,,3,,,,,「前の、っていうと……
　紫藤グループの？」
119200 ,,,,,,,恋鳥,恋鳥,04kot717_004.wav,kotori,,7,,,,,「……あの、黒服か……」
119300 ,,,,,,,大家さん,大家さん,15oya717_007.wav,kotori,,7,,,,,「ええ、たぶん。
　土地のことで交渉に来たって。
　丁寧な人だったって言ってたわ」
119400 ,,,,,,,優哉,優哉,,kotori,,7,,,,,「そうなんですか……」
119500 ,,,,,,,大家さん,大家さん,15oya717_008.wav,kotori,,7,,,,,「それでいろいろ聞いてみたんだけど、
　どうも方々のアパートに来てるみたいでね……」
119600 ,,,,,,,恋鳥,恋鳥,04kot717_005.wav,kotori,,7,,,,,「………………」
119700 ,,,,,,,優哉,優哉,,kotori,,7,,,,,「なるほど……」
119800 ,,,,,,,,,,kotori,,7,,,,,　紫藤グループもついに本腰、ってことか。
　……明日大和に話を聞いてみた方がいいかな。
119900 ,,,,,,,大家さん,大家さん,15oya717_009.wav,kotori,,7,,,,,「……私は、あなたたちがすんでいる限り、
　ここを売る気はないんですけどね……」
120000 ,,,,,,,恋鳥,恋鳥,04kot717_006.wav,kotori,,0,,,,,「おばあちゃん……」
120100 ,,,,,,,優哉,優哉,,kotori,,0,,,,,「大家さん……ありがとうございます」
120200 ,,,,,,,大家さん,大家さん,15oya717_010.wav,kotori,,0,,,,,「ふふ、あなたたちが幸せに暮らしてくれるなら、
　私もうれしいから、いいんですよ」
120300 ,,,,,,,優哉,優哉,,kotori,,0,,,,,「幸せにってのはわかりませんが……
　少なくとも俺は、ここで暮らしてるの
　楽しいですよ」
120400 ,,,,,,,大家さん,大家さん,15oya717_011.wav,kotori,,0,,,,,「そう、うれしいわ。
　恋鳥ちゃんは？」
120500 ,,,,,,,恋鳥,恋鳥,04kot717_007.wav,kotori,,2,,,,,「え、えと……
　恋鳥は……」
120600 ,,,,,,,,,,kotori,,2,,,,,　突然の指名にとまどいを見せる恋鳥。
　俺は大家さんと顔を見合わせて少し笑ってしまう。
120700 ,,,,,,,大家さん,大家さん,15oya717_012.wav,kotori,,2,,,,,「いいのよ、幸せって難しいからね。
　でもあなたたちが一緒にいて楽しいとか
　うれしいとか思えるなら、それが一番だわ」
120800 ,,,,,,,恋鳥,恋鳥,04kot717_008.wav,kotori,,1,,,,,「恋鳥は……おばあちゃんも一緒がいい」
120900 ,,,,,,,大家さん,大家さん,15oya717_013.wav,kotori,,1,,,,,「ふふふ、あなたたちがいるなら、
　私はここを売ったりしませんよ」
121000 ,,,,,,,優哉,優哉,,kotori,,1,,,,,「……はい、大家さん」
121100 ,,,,,,,,,,,,,,,,,　大家さんの優しい言葉に、俺は強くうなずく。
　……恋鳥、お前はどうするんだ？
　とはさすがに聞けなかったけれど。
121200 ,,,,9000,,,,,,,,,,,,,……………………
121300 ,,,,,,,,,,,,,,,,,………………
121400 ,,,,,,,,,,,,,,,,,…………
121700 ,,<!scene_charchange>,,7203,,,,,,,,,,,,,　……眠れない。
121800 ,,,,,,,,,,,,,,,,,　食事も終わっておばあちゃんは帰った。
　お風呂に入ったり宿題したりしていたら
　眠くなって、今日も布団を並べて寝る。
121900 ,,,,,,,恋鳥,恋鳥,04kot717_009.wav,,,,,,,,「……お前、どうしてそんな風にするんだ？」
122000 ,,,,,,,,,,,,,,,,,　背中を向けて眠っている優哉に聞きたい。
　でも……聞けない。
　そんなこと聞いてもしょうがないじゃないか。
122100 ,,,,,,,恋鳥,恋鳥,04kot717_010.wav,,,,,,,,「……こいつはアホでスケベで変なヤツだけど……
　やっぱり変で、いいヤツなんだ……」
122200 ,,,,,,,,,,,,,,,,,　このアパートを、おばあちゃんを大事に
　してくれる、私以外のもう一人。
122300 ,,,,,,,恋鳥,恋鳥,04kot717_011.wav,,,,,,,,「……仲良くしなきゃ、こいつと」
122400 ,,,,,,,,,,,,,,,,,　スケベでアホなのはやだけど……
　おばあちゃんは恋鳥とこいつが
　仲がいいほうがいいみたいだし。
122500 ,,,,,,,恋鳥,恋鳥,04kot717_012.wav,,,,,,,,「そうだ、おばあちゃんのために
　恋鳥はお前と仲良くするんだ」
122600 ,,,,,,,,,,,,,,,,,　何かひっかかるような気がするけど、
　恋鳥はそういうことに決めた。
122700 ,,,,,,,,,,,,,,,,,　決めたから、今日はもう寝よう。
　明日からこいつと仲良くして
　やらなきゃいけないんだ。
122800 ,,,,,,,恋鳥,恋鳥,04kot717_013.wav,,,,,,,,「きっと疲れるだろうから……
　もう、寝よう……」
122900 ,,,,,,,,,,,,,,,,,　……すぅ……
123090 ,,<!Lend_day_change>,0,9000,,,,,,,,,,,,,
123099 ,,<!ec_kotori_pri>,,,,,,,,,,,,,,,
123300 ,@718,,,,,,,,,,,,,,,,
123600 ,,<!Lbegin_day_change>,,13100,,,,,,,,,,,,,　こうして、俺達の奇妙な同居生活は続いた。
123700 ,,,,,,,,,,,,,,,,,　最初はぎこちなかった関係も、多少マシになった。
123800 ,,,,,,,,,,,,,,,,,　それでもギクシャクする事はあるけれど、背に腹は変えられない。
123900 ,,,,,,,,,,,,,,,,,　恋鳥のアパートを守るためには、必要な事だ。
124000 ,,,,,,,,,,,,,,,,,　家に事情は話してあるし、当分戻るつもりもない。
124100 ,,,,,,,,,,,,,,,,,　まぁ、大家さんの飯は美味いしな。
124200 ,,,,,,,,,,,,,,,,,　恋鳥が作ると大変な事になるけど……。
124300 ,,,,,,,,,,,,,,,,,　それぐらいは、日常のスパイスだ。
124400 ,,,,,,,,,,,,,,,,,　学校でバレないかとか、恋鳥が相変わらずな事とか、スパイスはちょっと多すぎる気もする。
124500 ,,,,,,,,,,,,,,,,,　けれど、乗りかかった船だ。
124600 ,,,,,,,,,,,,,,,,,　こうなったら、最後まで戦ってやる。
124700 ,,,,,,,,,,,,,,,,,　とは言っても、俺にできる事は、この生活を維持する事ぐらいなんだけど。
124800 ,,,,,,,,,,,,,,,,,　――最近、この生活が日常になり始めている自分がいる。
124900 ,,,,,,,,,,,,,,,,,　それは多分、悪い事じゃあないんだろう。
125000 ,,,,,,,,,,,,,,,,,　恋鳥も少しぐらい、俺を認めてくれていれば救われるんだが、まぁ。
125100 ,,,,,,,,,,,,,,,,,　そういうのは、過剰な期待ってもんだ。
125200 ,,,,,,,,,,,,,,,,,　とにかく俺は、日々を恋鳥の家族として過ごしていればいい。
125300 ,,,,,,,,,,,,,,,,,　そんな生活は、ここ数日、割とつつがなく続いていた。
125390 ,,<!Lend_day_change>,0,9000,,,,,,,,,,,,,
125399 ,,<!ec_kotori_pri>,,,,,,,,,,,,,,,
125600 ,@719,,,,,,,,,,,,,,,,
125900 ,,<!Lbegin_day_change>,1,7100,,,優哉,優哉,,,,,,,,,「あ、大家さん……行ってきます」
126000 ,,,,,,,,,,,,,,,,,　一日にどれぐらい作業をしているのか、
　今日も大家さんは何かの作業をしていた。
126100 ,,,,,,,恋鳥,恋鳥,04kot719_001.wav,"kotori,uniform",,3,,,,,「おばあちゃん……行ってきます。
　今日は暑いから、あんまり無理しないでね」
126200 ,,,,,,,,,,kotori,,3,,,,,　うーん……やっぱり、恋鳥は大家さんには優しいな。
　その１０分の１の優しさを同居人にも向けてくれよ。
126300 ,,,,,,,大家さん,大家さん,15oya719_001.wav,kotori,,3,,,,,「ああ、優哉くん……恋鳥ちゃん。
　気をつけていってらっしゃいな」
126400 ,,,,,,,,,,kotori,,3,,,,,　大家さんは額の汗を拭いながら笑顔で答えた。
126500 ,,,,,,,優哉,優哉,,kotori,,3,,,,,「はい。大家さんも気をつけて下さいね」
126600 ,,,,,,,大家さん,大家さん,15oya719_002.wav,kotori,,3,,,,,「いやー……昨日もそんな気がしてたんだけど……。
　鉄太郎さんに優哉くんが似て来たように思うねぇ」
126700 ,,,,,,,,,,kotori,,3,,,,,　うーん。その鉄太郎さんは昔気質な人なんだよな？
　見た目が似てるって事なのかな……よく分からない。
126800 ,,,,,,,恋鳥,恋鳥,04kot719_002.wav,kotori,,7,,,,,「じぃじはこんなヤツに似てないから！」
126900 ,,,,,,,,,,kotori,,7,,,,,　恋鳥は体をぶるぶると震わせていたかと思うと、
　突然大声で言いはなった。
　やっぱり、俺の事を認められないんだろうなぁ。
127000 ,,,,,,,,,,kotori,,7,,,,,　けど、恋鳥がそこまで気を許してただなんて、
　鉄太郎さんって、どんな人だったんだろう……。
127090 ,,<!Lend_move>,0,9000,,,,,,,,,,,,,
127300 ,@720,,,,,,,,,,,,,,,,
127600 ,,<!Lbegin_move>,2,12100,,,優哉,優哉,,"kotori,uniform",,7,,,,,「なぁ、恋鳥……大家さんって何時に起きてるんだ？
　家を出る時に外に出てない時って、滅多にないだろ」
127700 ,,,,,,,,,,kotori,,7,,,,,　恋鳥はまだ機嫌が悪いようなので、
　恋鳥が気を許している大家さんの話題を振ってみる。
127800 ,,,,,,,恋鳥,恋鳥,04kot720_001.wav,kotori,,0,,,,,「さぁ……知らない。いつも早起きだから――」
127900 ,,,,,,,,,,kotori,,0,,,,,　うわ、にべもないな……うーん。
　もうちょっと良好な関係にしないとな。
128000 ,,,,,,,優哉,優哉,,kotori,,0,,,,,「そうだ……鉄太郎さんってどんな人だったんだ？
　恋鳥の養父だって事ぐらいしか知らないんだけど」
128100 ,,,,,,,恋鳥,恋鳥,04kot720_002.wav,kotori,,90,,,,,「お前には関係ない。
　おばあちゃんがあんな事言ったけど、
　恋鳥は認めてないぞ」
128200 ,,,,,,,,,,kotori,,90,,,,,　うーん……ガード堅いなぁ……。
128300 ,,,,,,,優哉,優哉,,kotori,,90,,,,,「そう言わずに教えてくれよ……。
　鉄太郎さんが生きてた頃は紫藤グループも、
　大人しかったんだろう？　知りたいんだよ」
128400 ,,,,,,,恋鳥,恋鳥,04kot720_003.wav,kotori,,0,,,,,「……じぃじは、この辺りの顔役だったらしい。
　この街の人たちを、不利益から守ってた」
128500 ,,,,,,,優哉,優哉,,kotori,,0,,,,,「守る？」
128700 ,,,,,,,恋鳥,恋鳥,04kot720_004.wav,kotori,,0,,,,,「そう。もめ事の仲裁とか、
　悪さする人を捕まえたりとか」
128800 ,,,,,,,優哉,優哉,,kotori,,0,,,,,「なるほど」
128900 ,,,,,,,恋鳥,恋鳥,04kot720_005.wav,kotori,,90,,,,,「温泉街は、外からそういうのが
　入り込みやすいらしい」
129300 ,,<!move_normal>,,12200,,,恋鳥,恋鳥,04kot720_006.wav,kotori,,0,,,,,「じぃじは、曲がった事が大嫌いだった。
　筋を通さないことを、なにより嫌った」
129400 ,,,,,,,優哉,優哉,,kotori,,0,,,,,「へぇ。凄い人だったんだな。
　いろいろあったみたいだけど、恐くはなかったの？」
129500 ,,,,,,,恋鳥,恋鳥,04kot720_007.wav,kotori,,0,,,,,「若い頃は、激しい性格だったらしい。
　でも、恋鳥が知ってるじぃじは優しいおじいちゃん」
129600 ,,,,,,,優哉,優哉,,kotori,,0,,,,,「ふーん……」
129700 ,,,,,,,,,,kotori,,0,,,,,　ますます、俺と鉄太郎さんは似てない気がするなぁ。
129800 ,,,,,,,恋鳥,恋鳥,04kot720_008.wav,kotori,,0,,,,,「じぃじは、孤児の里親捜しもやっていたらしい。
　最後に、恋鳥を自分の養女として引き取ってくれた」
129900 ,,,,,,,,,,kotori,,0,,,,,　そうか……恋鳥にはやさしい、じぃじだったんだな。
　恋鳥はどうして孤児だったんだろうな。
　何も事情知らないしな。
130100 ,,<!move_normal>,,4100,,,優哉,優哉,,kotori,,0,,,,,「その、じぃじと大家さんと暮らしてたのか……」
130200 ,,,,,,,,,,kotori,,0,,,,,　えーと大家さんは鉄太郎さんの奥さんじゃないよな。
　鉄太郎さんに奥さんはいなかったのかな……。
130300 ,,,,,,,恋鳥,恋鳥,04kot720_009.wav,kotori,,0,,,,,「おばあちゃんは、部屋をじぃじに貸してくれた。
　すごい安い値段で。
　……それは、今でも同じ」
130400 ,,,,,,,優哉,優哉,,kotori,,0,,,,,「そうか……ところで」
130500 ,,,,,,,,,,kotori,,0,,,,,　鉄太郎さんと大家さんの関係が気になるよなぁ。
130600 ,,,,,,,恋鳥,恋鳥,04kot720_010.wav,kotori,,90,,,,,「誰かに見られたら困るから、後で――」
130700 ,,,,,,,,,,,,,,,,,　恋鳥は話を中断して、すたすたと歩いて行く。
　ちぇっ……もう少し、話を聞きたかったのにな。
130800 ,,,,,,,,,,,,,,,,,　あんなに恋鳥がしゃべるなんて、滅多にないし。
　そんなに、俺と歩いてる所を見られたくないかねぇ。
130900 ,,,,,,,,,,,,,,,,,　別に一緒に歩いてるから同居してるって、
　一足飛びにバレる筈もないだろうに……。
131000 ,,,,,,,,,,,,,,,,,　まぁ、学校ではあまり踏み込まない方が、
　お互いの為だな……共通の知人もいる事だし。
131100 ,,,,,,,,,,,,,,,,,　俺は悠や愛歌の顔を思い出しながら、足を速めた。
131190 ,,<!Lend_scene_change>,0,9000,,,,,,,,,,,,,
131400 ,@721,,,,,,,,,,,,,,,,
131700 ,,<!Lbegin_scene_change>,7,4300,,,優哉,優哉,,"kotori,uniform",,90,,,,,「ん？　どうかしたのか？　恋鳥」
131800 ,,,,,,,,,,kotori,,90,,,,,　俺は恋鳥に呼び出されて、廊下へと出て行った。
　まぁ、温泉部の活動もあるし、問題ないだろう。
131900 ,,,,,,,恋鳥,恋鳥,04kot721_001.wav,kotori,,0,,,,,「これを買って来て……おばあちゃんに頼まれた」
132000 ,,,,,,,,,,kotori,,0,,,,,　恋鳥は手に握りしめていたメモを、
　俺の眼前に突きだした。
132100 ,,,,,,,,,,kotori,,0,,,,,　んー……相変わらず、固いんだよなぁ、恋鳥は。
　もっと心を許してくれないもんかね……。
132200 ,,,,,,,,,,kotori,,0,,,,,　第三者が俺たちを見て、一つ屋根の下で、
　布団を並べて寝てるって言っても絶対信じないって。
132300 ,,,,,,,優哉,優哉,,kotori,,0,,,,,「ん……わかった……」
132400 ,,,,,,,,,,kotori,,0,,,,,　大家さんはアパートが狙われている事もあり、
　あまり留守にしたくないようだった。
　メモには、夕食の材料が何点か示されていた。
132500 ,,,,,,,,,,kotori,,0,,,,,　どうやら、今夜の夕食は肉じゃがと焼き魚のようだ。
　大家さんが作る料理って、ヘルシーなんだよな……。
132600 ,,,,,,,,,,kotori,,0,,,,,　実家にいる頃は肉ばかり食いたがったけど、
　最近は前ほど肉を食いたくないしな。
　和食も悪くないと思うようになった。
132700 ,,,,,,,恋鳥,恋鳥,04kot721_002.wav,kotori,,0,,,,,「じゃ……それだけだから」
132800 ,,,,,,,,,,,,,,,,,　恋鳥は笑み一つ浮かべるどころか、
　表情すら変えずに自分の教室に帰っていった。
　何だかなぁ……。
132890 ,,<!Lend_scene_change>,0,9000,,,,,,,,,,,,,
133100 ,@722,,,,,,,,,,,,,,,,
133400 ,,<!Lbegin_scene_change><!se_kotori_door_open>,8,7202,,,優哉,優哉,,,,,,,,,「ただいまー……」
133500 ,,,,,,,,,,,,,,,,,　玄関を開けると、恋鳥と大家さんの靴が並ぶ。
　どうやら、もう大家さんが来ているらしい。
133600 ,,,,,,,,,,,,,,,,,　学校を出る直前に悠につかまって、
　用事を言いつけられてしまったからなぁ……。
133700 ,,,,,,,大家さん,大家さん,15oya722_001.wav,,,,,,,,「優哉くん、おかえりー」
133800 ,,,,,,,恋鳥,恋鳥,04kot722_001.wav,"kotori,pajamas",,0,,,,,「おかえり……」
133900 ,,,,,,,,,,kotori,,0,,,,,　大家さんと恋鳥は何か話をしていたのか、
　テーブルで顔をつきあわせていた。
134000 ,,,,,,,優哉,優哉,,kotori,,0,,,,,「えーと、肉じゃがなんだよね？
　それにしたら、材料がちょっと妙なんだけど」
134100 ,,,,,,,,,,kotori,,0,,,,,　魚は焼くだけにしても、謎な材料があったよな。
　ベーコンは分かるんだけどカマンベールチーズとか。
134200 ,,,,,,,大家さん,大家さん,15oya722_002.wav,kotori,,0,,,,,「今日は西欧風肉じゃがに挑戦してみるから……」
134300 ,,,,,,,,,,kotori,,0,,,,,　って、西欧かよっ！　けど前に食べた、
　インド風肉じゃがはカレー風味で悪くなかったなぁ。
　俺は納得して袋を大家さんに手渡した。
134400 ,,,,,,,大家さん,大家さん,15oya722_003.wav,kotori,,0,,,,,「じゃ、恋鳥ちゃん。始めようか」
134500 ,,,,,,,,,,,,,,,,,　大家さんと恋鳥は夕食の準備を始めた。
　んー……なんか、こういうのって、いいよな。
134700 ,,<!timepass_1_long>,,,,,大家さん,大家さん,15oya722_004.wav,,,,,,,,「さ、いただきましょうかね」
134800 ,,,,,,,優哉,優哉,,,,,,,,,「いただきまーす…………」
134900 ,,,,,,,,,,,,,,,,,　うー……肉じゃがに溶けたカマンベールチーズが、
　絡んでいて、独特のにおいだよ……。
　これ、絶対肉じゃがの匂いじゃないよ。
135000 ,,,,,,,恋鳥,恋鳥,04kot722_002.wav,kotori,,0,,,,,「いただきます……」
135100 ,,,,,,,,,,kotori,,0,,,,,　おっと、恋鳥はいきなり焼き魚かよ……。
　俺もそうすれば良かったかな？
　いや、ここでひるんじゃ大家さんに悪いよな。
135200 ,,,,,,,優哉,優哉,,kotori,,0,,,,,「ん……んまい」
135300 ,,,,,,,,,,kotori,,0,,,,,　牛肉の代わりに厚めのベーコンが大量に入っていて、
　しらたきも糸こんにゃくも少なめなんだけど、
　カマンベールチーズが不思議にマッチしていた。
135400 ,,,,,,,,,,kotori,,0,,,,,　普通に調理しただけだと、妙な味になりそうだけど、
　大家さんが調理すれば、妙に旨くなるんだな。
135500 ,,,,,,,恋鳥,恋鳥,04kot722_003.wav,kotori,,90,,,,,「…………」
135600 ,,,,,,,,,,kotori,,90,,,,,　俺が食べたのを確認して、恋鳥も箸を伸ばす。
　うーん。前回と今回は当たりだったけどもしかして、
　ハズレの時もあるのかな……。
135700 ,,,,,,,恋鳥,恋鳥,04kot722_004.wav,kotori,,1,,,,,「おいしい……おいしいよ、おばあちゃん」
135800 ,,,,,,,,,,kotori,,1,,,,,　恋鳥はもとをほころばせて笑みを浮かべた。
135900 ,,,,,,,大家さん,大家さん,15oya722_005.wav,kotori,,1,,,,,「そうかい。どんどん食べな」
136000 ,,,,,,,,,,kotori,,1,,,,,　大家さんも嬉しそうに西欧風肉じゃがを食べていた。
136100 ,,,,,,,優哉,優哉,,kotori,,1,,,,,「焼き魚は好きじゃなかったんだけど、美味しいよ」
136200 ,,,,,,,,,,kotori,,1,,,,,　今日も夕食の時間をいい雰囲気で過ごす事が出来た。
　明日もこうだといいな。
136290 ,,<!Lend_day_change>,0,9000,,,,,,,,,,,,,
136299 ,,<!ec_kotori_pri>,,,,,,,,,,,,,,,
136500 ,@723,,,,,,,,,,,,,,,,
136800 ,,<!Lbegin_morning>,1,7200,,,優哉,優哉,,,,,,,,,「なにかいい夢でも見てたような気がするんだけど。
　ってもうこんな時間か？　やっべぇ……」
136900 ,,,,,,,,,,,,,,,,,　俺はいまだに残っている眠気を振り払い、
　まだ寝ている恋鳥の寝顔に視線を向けた。
137000 ,,,,,,,恋鳥,恋鳥,04kot723_001.wav,,,,,,,,「くぅ…………すぅ…………んっ…………」
137100 ,,,,,,,,,,,,,,,,,　このままでは遅刻は確定で、
　イエローカードをもらう事になりそうだが、
　恋鳥の寝顔は俺を躊躇わせる……。
137200 ,,,,,,,優哉,優哉,,,,,,,,,「ずっと見ていたいけど、そういう訳にもいかないか。
　おい、起きろよ、朝だぞ、恋鳥！」
137300 ,,,,,,,,,,,,,,,,,　俺は寝ている恋鳥の布団をめくって肩を揺する、
　お目覚めの儀式を開始した。
137400 ,,,,,,,,,,,,,,,,,　これまでの共同生活で知ったんだけど、
　どちらかと言うと恋鳥は低血圧気味で、
　寝起きは弱いんだよなぁ。
137500 ,,,,,,,恋鳥,恋鳥,04kot723_002.wav,,,,,,,,「んっ……んぅ……だめ……そういうの、だめだから」
137600 ,,,,,,,,,,,,,,,,,ちょっと待った……なんて寝言をつぶやいてるんだ。
137700 ,,,,,,,,,,,,,,,,,誰かに聞かれでもしたら誤解されるような事を……。
137800 ,,,,,,,優哉,優哉,,,,,,,,,「おい、今月あと一回イエロー貰うだけで罰掃除だぞ」
137900 ,,,,,,,,,,,,,,,,,　何を思ってか、温泉部の顧問が定めた罰則で、
　パイプやら湯船を洗わされる事になるんだよな。
138000 ,,,,,,,恋鳥,恋鳥,04kot723_008.wav,"kotori,pajamas",,0,,,,,「今……何か不吉な言葉を……言わなかった？」
138100 ,,,,,,,,,,kotori,,0,,,,,　恋鳥は体をぴくりとも動かさずに、
　まぶただけを押し上げて俺に問いかけて来た。
　そういうのやめてくれよ、恐いから。
138200 ,,,,,,,優哉,優哉,,kotori,,0,,,,,「このままじゃイエローカードが三枚になるから、
　早く起きてくれって言ったんだよ…………」
138300 ,,,,,,,恋鳥,恋鳥,04kot723_003.wav,kotori,,7,,,,,「お前、何でもっと早く起こしてくれなかった」
138400 ,,,,,,,,,,kotori,,7,,,,,　恋鳥はむすっとしたような表情で俺の顔を見つめる。
138500 ,,,,,,,優哉,優哉,,kotori,,7,,,,,「そりゃ、俺も寝坊したけどさ、
　さっきから何度も起こしてるから……。
　ほら早く起きて。まったく……」
138600 ,,,,,,,,,,kotori,,7,,,,,　俺は壁掛け時計をにらみながら着ていた寝間着を、
　脱いだそばから足元に放り投げていった。
138700 ,,,,,,,恋鳥,恋鳥,04kot723_004.wav,kotori,,3,,,,,「目覚まし時計は……鳴らなかったのか？」
138800 ,,,,,,,,,,kotori,,3,,,,,　恋鳥は俺を責めている訳ではないが、
　ここまで危機的状況に追い込まれた事が、
　納得出来ていないらしい。
138900 ,,,,,,,優哉,優哉,,kotori,,3,,,,,「普段のように、ここに置いてたんだけど……ないな。
　って、恋鳥の足元にあるのそれだろ……投げたな？」
139000 ,,,,,,,恋鳥,恋鳥,04kot723_005.wav,kotori,,0,,,,,「さぁ。覚えてないから……わからない」
139100 ,,,,,,,,,,kotori,,0,,,,,　恋鳥はまだエンジンがかかってないのか、
　のろのろとした動きで寝間着を脱いでいった。
139200 ,,,,,,,,,,kotori,,0,,,,,　そりゃ、俺の事をあまり意識してないから、
　恋鳥的には無問題なのかも知れないけど……。
139300 ,,,,,,,優哉,優哉,,kotori,,0,,,,,「ちょっと！　律儀に寝間着を畳んでる時間なんて、
　ないんだってば！　その辺にほっぽっとけよ！」
139400 ,,,,,,,,,,kotori,,0,,,,,　平気な顔で着替えられると逆に気まずいって。
　俺は恋鳥の下着姿を直視しないように方向を変えた。
139500 ,,,,,,,,,,kotori,,0,,,,,　普段は結構いい加減な癖に何でこんな時ばっかり、
　時間のかかる事をするんだか。
139600 ,,,,,,,恋鳥,恋鳥,04kot723_006.wav,kotori,,5,,,,,「わかった……そうするから……」
139700 ,,,,,,,優哉,優哉,,kotori,,5,,,,,「ん？　ああ……」
139800 ,,,,,,,,,,,,,,,,,　俺は再び視線を反らして自分の着替えに集中した。
140000 ,,<!timepass_1_long>,,7100,,,優哉,優哉,,"kotori,uniform",,5,,,,,「ほら、行くよ…………普段だって気にしないのに、
　寝ぐせなんて　気にしなくていいって」
140100 ,,,,,,,大家さん,大家さん,16oya723_001.wav,kotori,,5,,,,,「おやおや、朝っぱらから騒がしいねぇ……。
　私らの若い頃はね、起きたら回り三件両隣まで……」
140200 ,,,,,,,,,,kotori,,5,,,,,　大家さんはため息交じりの苦笑を浮かべて、
　俺と恋鳥を交互に見回した後、
　肩をすくめて昔語りを始めた。
140300 ,,,,,,,優哉,優哉,,kotori,,5,,,,,「ごめん、急いでるんだ。
　話はまた今度ゆっくり聞くから、じゃ行ってきます」
140400 ,,,,,,,恋鳥,恋鳥,04kot723_007.wav,kotori,,1,,,,,「おばあちゃん、行ってきます～」
140500 ,,,,,,,,,,kotori,,1,,,,,　俺は大家さんに二の句を継がせないタイミングで、
　言葉を挟み、恋鳥の腕を引いて家から出て行った。
140590 ,,<!Lend_move>,0,9000,,,,,,,,,,,,,
140800 ,@724,,,,,,,,,,,,,,,,
141100 ,,<!Lbegin_move>,1,12100,,,優哉,優哉,,,,,,,,,「ふぅ……ふぅ……寝起きで全力疾走はキツいな……」
141200 ,,,,,,,,,,,,,,,,,　街の中心へと伸びる竹林の中の小道を走って行くと、
　朝の清らかな空気を体中で感じる事が出来た……。
141300 ,,,,,,,恋鳥,恋鳥,04kot724_001.wav,"kotori,uniform",,5,,,,,「はぁっ……はぁっ……ふぅっ……はぁっ…………」
141400 ,,,,,,,,,,kotori,,5,,,,,　恋鳥は朝からの全力疾走が相当つらいのか、
　横っ腹を押さえて顔をゆがませながら走っていた。
141500 ,,,,,,,優哉,優哉,,kotori,,5,,,,,「頑張れよぉ～恋鳥…………昔の偉い人が言うには、
　苦有れば楽あり……楽あれば苦有りだ……」
141600 ,,,,,,,,,,kotori,,5,,,,,　恋鳥の今のペースだと遅刻してしまいそうなので、
　若干ペースを落として並走しながら励ました。
141700 ,,,,,,,恋鳥,恋鳥,04kot724_002.wav,kotori,,5,,,,,「直線距離だと……はぁっ……近いはずなのに……。
　なぜこんなに遠回りをしないと……けふっ」
141800 ,,,,,,,,,,kotori,,5,,,,,　確かにそれは考えないでもなかったが、
　道なき道を進むのもそれはそれで疲れるだろう。
141900 ,,,,,,,優哉,優哉,,kotori,,5,,,,,「今度から、手の届かない所に目覚まし時計置くかな」
142000 ,,,,,,,,,,kotori,,5,,,,,　俺はため息をひとつついて、恋鳥を背後から支えた。
142100 ,,,,,,,恋鳥,恋鳥,04kot724_003.wav,kotori,,6,,,,,「んぁっ……そこ弱いから押すなぁっ……」
142200 ,,,,,,,,,,kotori,,5,,,,,　恋鳥はなまめかしい吐息を漏らした後に腕を払った。
142300 ,,,,,,,優哉,優哉,,kotori,,5,,,,,「そ、そうか？　悪い……ほら、急がないと」
142400 ,,,,,,,,,,kotori,,5,,,,,　俺は恋鳥の白くて細い手を握ってペースを上げた。
142500 ,,,,,,,恋鳥,恋鳥,04kot724_004.wav,kotori,,5,,,,,「そ、そんなペース、無理だぞ」
142600 ,,,,,,,優哉,優哉,,kotori,,5,,,,,「大丈夫。ほら、息を整えて……ヒッヒッフー……」
142700 ,,,,,,,,,,kotori,,5,,,,,　俺もあまり走るのが得意な訳じゃないが、
　恋鳥の呼吸は乱れすぎているように思える。
142800 ,,,,,,,恋鳥,恋鳥,04kot724_005.wav,kotori,,3,,,,,「ヒッヒッフー、ヒッヒッフー……って、それ違うぞ」
142900 ,,,,,,,,,,kotori,,3,,,,,　そう言われると微妙に違う気もしないでもないな。
143000 ,,,,,,,恋鳥,恋鳥,04kot724_006.wav,kotori,,3,,,,,「ダメだ、もう限界……。
　恋鳥の事はいいから、お前は先に行け」
143100 ,,,,,,,,,,kotori,,3,,,,,　まだ全行程の三分の一も来ていないのに、
　恋鳥はついに音を上げてペースを落としていった。
143200 ,,,,,,,優哉,優哉,,kotori,,3,,,,,「うーん……仕方ないなぁ……。
　だけどイエローカードの枚数、
　恋鳥もヤバイんじゃなかったっけ？」
143300 ,,,,,,,恋鳥,恋鳥,04kot724_007.wav,kotori,,3,,,,,「恋鳥はまだ余裕がある……。
　だから、お前は先に行け……」
143400 ,,,,,,,,,,kotori,,3,,,,,　ぬぅ……恋鳥は時折、無気力というか、
　あきらめが早く　なるんだよなぁ……。
143500 ,,,,,,,優哉,優哉,,kotori,,3,,,,,「これ以上無理させて倒れでもしたら大変だからなぁ。
　わかった。先に行くよ」
143600 ,,,,,,,,,,,,,,,,,　俺は恋鳥を残して行く事に若干の不安を残しながら、
　その場を立ち去った。
143690 ,,<!Lend_move>,0,9000,,,,,,,,,,,,,
143900 ,@725,,,,,,,,,,,,,,,,
144200 ,,<!Lbegin_move>,7,4300,,,優哉,優哉,,,,,,,,,「ふぅ……ふぅ……校門はセーフだったけど……。
　担任はまだ来てない筈だよな」
144300 ,,,,,,,,,,,,,,,,,　校門のチェックさえクリアすれば、
　イエローカードを切られるような事もない……。
144400 ,,,,,,,,,,,,,,,,,　窓が開け放たれた廊下には心地よい風が流れており、
　俺はワイシャツの胸元を開けて息を一つついた。
144500 ,,,,,,,優哉,優哉,,,,,,,,,「ふぅ。秋だと言うのにあっちぃなぁ……。
　って、走りさえしなければそんな事もないか」
144600 ,,,,,,,,,,,,,,,,,　夏のなごりのセミが鳴き止んで久しく、
　夕方にもなると赤とんぼが飛んでる時期だものな。
144700 ,,,,,,,女生徒,女生徒,,,,,,,,,「それでね、聞いてよヨっちゃん。
　昨日新しい靴を下ろしたんだけど、足が痛くてぇ」
144800 ,,,,,,,,,,,,,,,,,　俺の目の前に一人、確か隣のクラスだったと思う、
　キレイ目な女の子が携帯を片手に誰かと話していた。
144900 ,,,,,,,,,,,,,,,,,　相手は男か女かどっちだ？　別にどうでもいいが。
　チキショー……いいなぁ、らぶらぶでよぉ。
145000 ,,,,,,,優哉,優哉,,,,,,,,,「はぁ、こりゃ間違いなく恋鳥は遅刻だったな」
145100 ,,,,,,,,,,,,,,,,,　成り行きで恋鳥と暮らすような事になったけど、
　それって他の選択肢を放棄するような物なんだよな。
145200 ,,,,,,,,,,,,,,,,,　前よりは良好な関係に近付いて来てはいるが、
　親密かつ密接な関係にはほど遠いという所だろう。
145300 ,,,,,,,女生徒,女生徒,,,,,,,,,「きゃっ……やだぁ……もぉ～」
145400 ,,,,,,,,,,,,,,,,,　突然、突風が窓から吹き込み廊下を駆け抜けて行き、
　前を歩いていた女生徒のスカートが風でめくれた。
145500 ,,,,,,,優哉,優哉,,,,,,,,,「うわっと……」
145600 ,,,,,,,,,,,,,,,,,　瞬間的に目を細めたが、
　前の女生徒の薄いピンクのショーツが目に入り、
　俺は魂のシャッターを切った。
145700 ,,,,,,,,,,,,,,,,,　薄いピンクか。恋鳥は絶対はきそうにない色だな。
　って、ヤベ。この程度の刺激で大きくなりやがって。
145800 ,,,,,,,優哉,優哉,,,,,,,,,「ふぅ。何とか収まって来たな」
145900 ,,,,,,,,,,,,,,,,,　ＨＲ開始直前の時間の誰もいない廊下を歩きながら、
　俺は必死に劣情を抑え込んでいた……。
146000 ,,,,,,,,,,,,,,,,,　だけど、それも無理ないわな……。
　恋鳥の家で住み始めてからは一度も抜いてないし。
146100 ,,,,,,,優哉,優哉,,,,,,,,,「恋鳥もなぁ……俺という男と暮らしていても、
　別段何とも思ってなさそうな雰囲気だしなぁ……」
146200 ,,,,,,,,,,,,,,,,,　考えた事もなかったが、
　恋鳥は性欲をもてあましたりはしないのかな……。
　って、また大きくなって来たし。
146300 ,,,,,,,,,,,,,,,,,　こりゃ早い所何とか処理する必要があるけど、
　オカズもなければ一人になれる空間もないよな。
146400 ,,,,,,,,,,,,,,,,,　背後から担任教師の足音が響いて来たので、
　俺は慌てて教室に向かった。
146490 ,,<!Lend_scene_change>,0,9000,,,,,,,,,,,,,
146499 ,,<!ec_kotori_uni>,,,,,,,,,,,,,,,
146700 ,@726,,,,,,,,,,,,,,,,
147000 ,,<!Lbegin_scene_change>,8,7200,,,優哉,優哉,,,,,,,,,「ふぅー……ただいまぁ～っと。少し暑いな。んっ？」
147100 ,,,,,,,,,,,,,,,,,　先に恋鳥の家に帰り着いた俺は部屋を横切って、
　窓を開けようとした時、足下に違和感を感じた。
147300 ,,,,,,,,,,,,,,,,,「あぁ、朝脱ぎ捨てた寝間着か……。
　畳んでおいてやるかな……げぇっ、恋鳥…………」
147400 ,,,,,,,,,,,,,,,,,　寝間着の下には朝まで穿いていたと思わしき、
　恋鳥のショーツが鎮座ましましていた。
147500 ,,,,,,,優哉,優哉,,,,,,,,,「ちょ……待て。待て待て待てぇ～……って事は、
　俺が後ろ向いてる間に下着まで替えてたってか？」
147600 ,,,,,,,,,,,,,,,,,　瞬間湯沸かし器のように煩悩のスイッチがはいり、
　これまで押さえつけていたタガが外れてしまった。
147700 ,,,,,,,優哉,優哉,,,,,,,,,「ないって……ありえないって…………。
　隣に男がいるのに、そこまで着替えるか？」
147800 ,,,,,,,,,,,,,,,,,　もし、あの時恋鳥の方に振り向いていたら……。
　つまり、下半身はすっぽんぽんだったって事かー。
147900 ,,,,,,,,,,,,,,,,,　一瞬意識が飛ぶ程の論理的帰結に達した俺の視線は、
　脱ぎ捨てられたショーツに集中していき、
　アリの一匹ぐらい殺せる勢いで焦点を合わせた。
148000 ,,,,,,,優哉,優哉,,,,,,,,,「しかし、いくら俺が放っておけって言ったからって、
　脱ぎたてのショーツをこんな所に放置するか？」
148100 ,,,,,,,優哉,優哉,,,,,,,,,「こんな布地が少なくて恋鳥の尻が全部隠れるのか？
　うわ、想像するんじゃない、バカ！」
148200 ,,,,,,,,,,,,,,,,,　脳裏では瞬間的に朝のパンチラ映像が恋鳥のそれに、
　置き換えられてしまい俺のブレーカーは吹き飛んだ。
148300 ,,,,,,,優哉,優哉,,,,,,,,,「意外と可愛いショーツじゃないか……いい趣味だな」
148400 ,,,,,,,,,,,,,,,,,　水色の木綿のショーツは普通の量産品のようだが、
　恋鳥の尻にはきっと似合っているんだろうな……。
148500 ,,,,,,,優哉,優哉,,,,,,,,,「ええい、尻から離れろ、尻から……」
148600 ,,,,,,,,,,,,,,,,,　今朝のパンチラで擦り込まれでもしたのか、
　このショーツをはいた恋鳥の姿を妄想していた。
148700 ,,,,,,,優哉,優哉,,,,,,,,,「って、意識しすぎたら、ヤバイって。
　恋鳥と一つ屋根の下で理性を保てなくなるだろ。
　でも……うーん…………」
148800 ,,,,,,,,,,,,,,,,,　恋鳥と同居してもあまり意識しなくて済んだのに、
　恋鳥を一度そういう対象として見てしまうと……。
148900 ,,,,,,,,,,,,,,,,,　直接的かつ扇情的な出来事のせいで胸は高鳴り、
　すでに下半身の極一部への血流は増大しつつあった。
149000 ,,,,,,,優哉,優哉,,,,,,,,,「待て……俺たちはまだそんな関係じゃないんだし、
　相手の意志を無視して劣情を抱くだなんて……」
149100 ,,,,,,,,,,,,,,,,,　滅多に出てこない俺の中の天使の部分（謎）が、
　俺を必死にいさめようとする。
149200 ,,,,,,,優哉,優哉,,,,,,,,,「だけど、このまま不完全燃焼じゃ、
　恋鳥の事を変な目で見てしまいそうだよなぁ……」
149300 ,,,,,,,,,,,,,,,,,　無意識の内に視線が脱ぎ捨てられたショーツに、
　吸い寄せられて行き、金縛り状態に陥る始末だ。
149400 ,,,,,,,優哉,優哉,,,,,,,,,「目の毒だから、片づけるべきかな……いやまて……。
　勝手に片づけたりしたらドン引きだろう……」
149500 ,,,,,,,,,,,,,,,,,　いつしか伸ばしかけていた手を慌てて引っ込める。
　やべー……もう、かなりイっちゃってるのかも……。
149600 ,,,,,,,優哉,優哉,,,,,,,,,「不思議だよな……普段も意識しないだけで、
　普通にはいている物だって言うのに、
　脱いでおいてあるだけで、こんなに……」
149700 ,,,,,,,優哉,優哉,,,,,,,,,「中身にしか興味はない筈なんだけど…………」
149800 ,,,,,,,,,,,,,,,,,　幸いにもまだ恋鳥が帰って来そうな気配はない。
　それに、大家さんと挨拶とかするし、分かるよな。
149900 ,,,,,,,,,,,,,,,,,　俺は意を決して、恋鳥のショーツに手を伸ばした。
150000 ,,,,,,,優哉,優哉,,,,,,,,,「……へぇ、意外と薄いけど丈夫なんだな……」
150100 ,,,,,,,,,,,,,,,,,　俺は出来るだけ平静を装って、
　手にしたショーツを検分していった。
150200 ,,,,,,,優哉,優哉,,,,,,,,,「あまり意識してなかったけど、
　この前はいつ着替えたんだろうな……」
150300 ,,,,,,,,,,,,,,,,,　割とマメに替えているのか、
　染みのような物は発見出来なかった。
150400 ,,,,,,,優哉,優哉,,,,,,,,,「ここは……お約束として……その、なんだ……。
　って、マジで変態ぽいよな……俺」
150500 ,,,,,,,,,,,,,,,,,　背徳感を押し殺して俺はショーツに鼻先を近づける。
　何というか、恋鳥のにおいのような物を感じ取る。
150600 ,,,,,,,,,,,,,,,,,　マニアなら、下着だけに興味が行くんだろうけど、
　俺は恋鳥と関連付けでないと興奮出来ないようだ。
150700 ,,,,,,,優哉,優哉,,,,,,,,,「こんな布地で……アソコを隠してるんだな……」
150800 ,,,,,,,,,,,,,,,,,　未だ見た事のない女性の秘所に思いをはせると、
　股間のものがはちきれそうな程に膨張し始める。
150900 ,,,,,,,優哉,優哉,,,,,,,,,「このままじゃ、夢精しちゃいそうだな……。
　それもマズいし……抜いておくか……」
151000 ,,,,,,,,,,,,,,,,,　勝手に恋鳥の下着で興奮してオナニーするなんて、
　あまり褒められた事ではないかも知れないけど……。
151100 ,,,,,,,優哉,優哉,,,,,,,,,「って、いつ帰って来るか分からないんだけど。
　今は数少ないチャンスだよな……」
151200 ,,,,,,,優哉,優哉,,,,,,,,,「待て待て……もしバレでもしたら、
　俺、この家にいられなくなるどころか、
　この街から追放されるんじゃね？　ヤバイだろ」
151300 ,,,,,,,優哉,優哉,,,,,,,,,「だけど、こんな生々しい物見せられたら……。
　むしろ、これには恋鳥にも責任があると言える訳で」
151400 ,,,,,,,,,,,,,,,,,　って、恋鳥に責任転嫁するのはさすがに人間として、
　かなり終わってるよな。落ち着け、俺。
　下半身に理性がないって本当だな。
151500 ,,,,,,,優哉,優哉,,,,,,,,,「だけど、スッキリさせておかないと、
　自分の理性が信用出来ない……。
　つまり、これは恋鳥を守る事に繋がるんだ」
151600 ,,,,,,,,,,,,,,,,,　どう考えても＜詭弁＝きべん＞だけど……。
　生理的現象ってのは止められないから仕方ないよな。
　俺は自分にそう言い聞かせてズボンに手をかけた。
151800 ,,<se file=""door_kotori_open.wav"" vol=""-1500""><m_fade fadeout=""4000"">,0,,,,,,,,,,,,,,　かすかな物音に俺のたかぶっていた気持ちは、
　塩をまかれたナメクジのように溶けていった。
151900 ,,,,,,,,,,,,,,,,,　全然気付かなかったけど……まさか……。
　俺はゆっくりと扉の方をうかがい見る。
152000 ,,<!move_look_r>,,,,,恋鳥,恋鳥,04kot726_001.wav,"kotori,uniform",,2,,,,,「……………………」
152100 ,,,,,,,,,,kotori,,2,,,,,　恋鳥は黙してしゃべらなかったが、その目は雄弁に、
　アンタ何やってんの？　と語っていた。
152200 ,,,,,,,優哉,優哉,,kotori,,2,,,,,「いや、待ってくれ……何か誤解があるようだ……」
152300 ,,,,,,,,,,kotori,,90,,,,,　一応言ってはみたものの股間にはテントを張り、
　ショーツを持ってズボンを下ろしてる状態では……。
152400 ,,,,,,,恋鳥,恋鳥,04kot726_002.wav,kotori,,90,,,,,「……………………」
152500 ,,<!se_kotori_door_close>,,,,,,,,,,,,,,,　いや、待て……無言で扉を閉めるな。
　しかも、かわいそうな何かを見る目でよう……。
152600 ,,,8,,,,,,,,,,,,,,　いや、まて……この誤解（？）された状態を、
　大家さんに告げ口でもされたら、俺は破滅だ！
152700 ,,,,,,,優哉,優哉,,,,,,,,,「待て！　いや、待って下さい恋鳥様！」
152800 ,,,,,,,,,,,,,,,,,　俺はズボンをずりあげながら、
　必死に恋鳥の後を追っていった。
153000 ,,<!move_veryshort>,,7100,,,恋鳥,恋鳥,04kot726_003.wav,kotori,,7,,,,,「なんで追いかけて来る、バカ」
153100 ,,,,,,,優哉,優哉,,kotori,,7,,,,,「だって、おまえ何か誤解してるみたいだし……」
153200 ,,,,,,,恋鳥,恋鳥,04kot726_004.wav,kotori,,7,,,,,「別に誤解はしてないぞ」
153300 ,,,,,,,,,,,,,,,,,　恋鳥はそう言って、大家さんの家へと駆けていった。
　夕食を作る手伝いをする約束でもしてたのかな……。
153400 ,,,,,,,優哉,優哉,,,,,,,,,「というか、俺ヤバい？　超ヤバい！　宇宙ヤバイ」
153500 ,,,,,,,,,,,,,,,,,　これまで一度もその瞬間を見られた事がないだけに、
　筆舌に尽くしがたい宇宙的恐怖（謎）に震えていた。
153700 ,,<!timepass_2_long>,,7202,,,優哉,優哉,,,,,,,,,「なぁ、この南蛮漬け食ってみろよ、恋鳥……」
153800 ,,,,,,,,,,,,,,,,,　テーブルには大家さんが作ったりおかずが並び、
　頂きますの挨拶をしたはいいんだけど……。
153900 ,,,,,,,,,,,,,,,,,　あれから３０分ぐらいしか経ってないし、
　釈明しようとしても、俺から逃げ回ってたし……。
　やっぱり、空気が重いよなぁ……。
154000 ,,,,,,,恋鳥,恋鳥,04kot726_005.wav,kotori,,5,,,,,「いい。いらない」
154100 ,,,,,,,,,,kotori,,5,,,,,　いつもは奪い合いになるサバの南蛮漬けも、
　今の状態の恋鳥の気を引く事は出来なかった。
154200 ,,,,,,,,,,kotori,,5,,,,,　食事を始めてからも、ぶすーっとした表情のままで、
　俺は不発弾処理をする技術者のような気分だった。
154300 ,,,,,,,大家さん,大家さん,15oya726_001.wav,kotori,,5,,,,,「食事が進んでないみたいだけど、大丈夫かい？」
154400 ,,,,,,,恋鳥,恋鳥,04kot726_006.wav,kotori,,0,,,,,「体はどこも悪くないよ、おばあちゃん……」
154500 ,,,,,,,大家さん,大家さん,15oya726_002.wav,kotori,,0,,,,,「そうかい？　学校で何か嫌な事でもあったのかい？」
154600 ,,,,,,,,,,kotori,,0,,,,,　ここまで不機嫌な恋鳥を見た事がないのか、
　大家さんも不穏な何かを感じているようだった。
154700 ,,,,,,,,,,kotori,,0,,,,,　まさか、この場で地雷を炸裂させる気なんじゃ……。
　そんな事を大家さんに言いでもしたら、逝くだろ。
154800 ,,,,,,,,,,kotori,,0,,,,,　だから言えない……言えないよな……。
　俺が恋鳥の下着に欲情してしまっただなんて……。
154900 ,,,,,,,恋鳥,恋鳥,04kot726_007.wav,kotori,,5,,,,,「……………………」
155000 ,,,,,,,,,,kotori,,5,,,,,　恋鳥は心なしか顔を赤くして押し黙っていた。
　これは一応セーフという事なんだろうか……。
155100 ,,,,,,,,,,kotori,,5,,,,,　だけど、大家さんに言いつけないのは武士の情けで、
　別に許してくれた訳でもなさそうだなぁ…………。
155200 ,,,,,,,大家さん,大家さん,15oya726_003.wav,kotori,,5,,,,,「ふーん……何だか知らないけど、
　そう悪い事でもないようだね……。
　若い内はいろいろある事だよ……」
155300 ,,,,,,,,,,kotori,,5,,,,,　大家さんは別の物を感じ取ってしまったようで、
　にこやかに笑いながら俺と恋鳥を見つめていた。
155390 ,,<!Lend_scene_change>,0,9000,,,,,,,,,,,,,
155600 ,@727,,,,,,,,,,,,,,,,
155900 ,,<!Lbegin_scene_change>,8,7202,,,大家さん,大家さん,15oya727_001.wav,,,,,,,,「さて、そろそろおいとましようかね……」
156000 ,,,,,,,,,,,,,,,,,　大家さんは食後のお茶を飲みながら、
　恋鳥と世間話をしていたが、立ち上がった。
156100 ,,,,,,,優哉,優哉,,,,,,,,,「ご馳走様でした。大家さん……」
156200 ,,,,,,,大家さん,大家さん,15oya727_002.wav,,,,,,,,「優哉くん、恋鳥ちゃん……仲良くな……。
　じゃ、おやすみなさいね」
156300 ,,,,,,,恋鳥,恋鳥,04kot727_001.wav,"kotori,uniform",,2,,,,,「おばあちゃん、ひとりで帰るの？
　お皿とか重いんじゃ……」
156400 ,,,,,,,,,,kotori,,2,,,,,　洗い物は済ませているものの、
　重ねたお皿は軽くはないはずだ。
　いつもは俺か恋鳥が運んでるんだけど。
156500 ,,,,,,,,,,kotori,,2,,,,,　恋鳥は立ち上がって大家さんを送ろうとしたが、
　手で軽く制止されていた。
156600 ,,,,,,,大家さん,大家さん,15oya727_003.wav,kotori,,2,,,,,「大丈夫大丈夫……それじゃ、またあした……」
156700 ,,<!se_kotori_door_openclose>,,,,,,,,kotori,,90,,,,,　大家さんは意味深な笑みを俺に向けた後、
　なぜだか上機嫌で部屋を出ていった。
156800 ,,,,,,,,,,kotori,,90,,,,,　押し黙っていた恋鳥と俺を見て、
　特に何も思わなかったのかな……謎だ。
　まぁ、追求されても困るんだけどさ……。
157000 ,,,,,,,優哉,優哉,,kotori,,7,,,,,「ふぅ…………」
157100 ,,,,,,,,,,kotori,,7,,,,,　何か急に首筋に冷たい視線のような物を感じて、
　俺は汗をぬぐうふりをしながら視線をそらした。
157200 ,,,,,,,恋鳥,恋鳥,04kot727_002.wav,kotori,,7,,,,,「……………………」
157300 ,,,,,,,,,,kotori,,7,,,,,　恋鳥は無言のまま、ジトっとした視線を向けるが、
　俺は気付かないフリをしていた。
　触らぬ恋鳥にたたりなし……だから。
157400 ,,,,,,,恋鳥,恋鳥,04kot727_003.wav,kotori,,7,,,,,「……………………」
157500 ,,,,,,,,,,kotori,,7,,,,,　だが、恋鳥は俺のそんな態度に業を煮やしたのか、
　冷たい視線がいつしか、冷たい殺気のように……。
　っていうか、目が全然笑ってないのは怖いって。
157600 ,,,,,,,優哉,優哉,,kotori,,7,,,,,「……………………」
157700 ,,,,,,,,,,kotori,,7,,,,,　さすがにこのままではマズイ……。
　マズイには違いないが虎の尾を踏みたくもない。
　どうすればいいんだ……謝るべきではあるんだが。
157800 ,,,,,,,恋鳥,恋鳥,04kot727_004.wav,kotori,,7,,,,,「…………」
157900 ,,,,,,,,,,kotori,,7,,,,,　俺のやりすごそうという考えなんか、
　とっくに読まれているようで、
　このままではヤバすぎるっ！
158000 ,,,,,,,優哉,優哉,,kotori,,7,,,,,「そ、そういえばさ……さっきの大家さんってさ、
　何か、とってもうれしそうだったよな？
　恋鳥にもそう見えなかった？」
158100 ,,,,,,,,,,kotori,,7,,,,,　俺の脳裏にひらめいたのは、
　先程の大家さんの謎な態度だった。
158200 ,,,,,,,恋鳥,恋鳥,04kot727_005.wav,kotori,,0,,,,,「ん。そういえば、そうだ」
158300 ,,,,,,,,,,kotori,,0,,,,,　敬愛している大家さんの事なら食いつくと思ったが、
　それは正解だった。いいぞ、このまま話をそらそう。
　俺は一点突破すべく、脳みそをフル回転させた……。
158400 ,,,,,,,優哉,優哉,,kotori,,0,,,,,「俺、大家さんの事、好きだし……いつも、
　ああやって笑っていて欲しいって思うんだよ」
158500 ,,,,,,,,,,kotori,,0,,,,,　恋鳥の意識をそらす為に慎重に言葉を選んだが、
　別にこれは偽りでも何でもない……本心なんだよな。
158600 ,,,,,,,恋鳥,恋鳥,04kot727_006.wav,kotori,,0,,,,,「恋鳥もそう思う。おばあちゃんには、
　もっと楽をさせてあげたい」
158700 ,,,,,,,,,,kotori,,0,,,,,　そうだよなぁ……あの肩にはいろいろと、
　重い物がのっかってるんだもんなぁ……。
　この上、俺たちの事で悩ませたりしちゃいけないな。
158800 ,,,,,,,優哉,優哉,,kotori,,0,,,,,「そうだよな……縁あってこうして暮らしてるんだし、
　俺も出来る限り、大家さんが喜ぶような事を……」
158900 ,,,,,,,,,,kotori,,0,,,,,　実際、俺と大家さんに血のつながりはないけれど、
　もう一人のおばあさんのように思えるんだよな……。
159000 ,,,,,,,優哉,優哉,,kotori,,0,,,,,「どうすれば……もっと大家さんに喜んで貰えるかな。
　一緒に考えてみようよ、恋鳥……」
159100 ,,,,,,,,,,kotori,,0,,,,,　俺と恋鳥がもしそういう関係になったとしたら……。
　大家さんは我が事のように喜んでくれるに違いない。
　ある意味、恋鳥への求愛のようなつもりの言葉だ。
159200 ,,,,,,,恋鳥,恋鳥,04kot727_007.wav,kotori,,81,,,,,「それはいい考えだぞ。
　でも、それとこれとは話が別だ」
159300 ,,,,,,,,,,kotori,,81,,,,,　大家さんの事を話し始めてから、
　若干目元が柔らかくなっていたんだけど……。
　やっぱり、忘れた訳じゃないんだよな……。
159400 ,,,,,,,優哉,優哉,,kotori,,81,,,,,「これって……何の事だっけ…………」
159500 ,,,,,,,,,,kotori,,81,,,,,　俺のバカ……謝るならさっきしかなかったのに。
　と、後悔しても遅く、恋鳥の目は座ってしまった。
159600 ,,,,,,,恋鳥,恋鳥,04kot727_008.wav,kotori,,91,,,,,「恋鳥の口から言わせたいのか。変態」
159700 ,,,,,,,,,,kotori,,91,,,,,　うわ……よく白眼視って言葉を聞くけど、
　そこまで怒ると本当に白目になるんだぁ……。
　その邪気眼の魔力に俺は圧倒されていた。
159800 ,,,,,,,優哉,優哉,,kotori,,91,,,,,「ちょ、変態って……何か勘違いしてるんじゃ……」
159900 ,,,,,,,恋鳥,恋鳥,04kot727_009.wav,kotori,,7,,,,,「変態じゃなきゃ、なんだ。……異常性欲者か」
160000 ,,,,,,,,,,kotori,,7,,,,,　うわ、やっぱり藪蛇だったか……。
　俺は恋鳥の眼球から放たれた殺気に体を震わせた。
160100 ,,,,,,,優哉,優哉,,kotori,,7,,,,,「異常って、そんな人聞きの悪い……。
　その、俺だって健康な男子なのであってだな……。
　生存権の行使の次ぐらいに重大な事なんだぞ？」
160200 ,,,,,,,,,,kotori,,7,,,,,　極論をいえば、仕事をするのも家庭を作るのも、
　全ては遺伝子を残す為なのであって……。
　俺が言っている事は決して論理的に破綻は……。
160300 ,,,,,,,恋鳥,恋鳥,04kot727_010.wav,kotori,,7,,,,,「異常じゃなければなんだ。お前は息を吸うように、
　私のショーツで興奮したり、変な事をするのが
　普通の事だって言うんだな」
160400 ,,,,,,,優哉,優哉,,kotori,,7,,,,,「ちょ、ちょっと待ってくれよ。だから誤解だってば。
　別に変な事とかしてないだろ……だよな？」
160500 ,,,,,,,,,,kotori,,7,,,,,　決定的瞬間を見せてしまった訳じゃない……。
　ズボンを下ろそうとしている所は見られたけど……。
160600 ,,,,,,,恋鳥,恋鳥,04kot727_011.wav,kotori,,7,,,,,「うるさい。自分の体をどうしようと勝手だけど、
　恋鳥の下着を勝手にそんな事に使うなって言ってる」
160700 ,,,,,,,,,,kotori,,7,,,,,　うわ、もう断定されちゃったよ……無理もないけど。
　そこらはあえてグレーなままにして欲しかった。
160800 ,,,,,,,優哉,優哉,,kotori,,7,,,,,「いや、だからね？　帰って来て暑かったから、
　ズボンを脱いで普段着に着替えようとしてる時に、
　恋鳥のショーツが墜ちてるのを見つけただけだって」
160900 ,,,,,,,,,,kotori,,7,,,,,　かなり苦しいかな……けど、ここで否定しないと、
　俺の立場は悪くなる一方だしな……。
161000 ,,,,,,,恋鳥,恋鳥,04kot727_012.wav,kotori,,81,,,,,「そうなのか。生存権の行使がどうとか、
　その話はどこに行った」
161100 ,,,,,,,,,,kotori,,81,,,,,　いや、マジ勘弁して下さいよ……。
　謝りたいのは山々だけど、
　恋鳥のショーツを使った事は認めちゃダメだ。
161200 ,,,,,,,優哉,優哉,,kotori,,81,,,,,「いや……その……何ていうか……」
161300 ,,,,,,,,,,kotori,,81,,,,,　その後も恋鳥は冷ややかな目で俺を見つめ続け、
　針のむしろに座らされたかのような気分だった。
161390 ,,<!Lend_day_change>,0,9000,,,,,,,,,,,,,
161399 ,,<!ec_kotori_pri>,,,,,,,,,,,,,,,
161600 ,@728,,,,,,,,,,,,,,,,
162000 ,,<!Lbegin_morning>,1,7200,,,優哉,優哉,,,,,,,,,「ん……もう朝か……っと、目覚ましはっと」
162100 ,,,,,,,,,,,,,,,,,　俺の私物入れとなっている段ボール箱に手を伸ばし、
　スイッチを止めて起きあがる。
162200 ,,,,,,,優哉,優哉,,,,,,,,,「ふぅ……どうしたもんかね……」
162300 ,,,,,,,,,,,,,,,,,　今朝も股間の物は元気良くテントを張っており、
　落ちつくまで立ちあがる事も出来ない状態だ。
162400 ,,,,,,,優哉,優哉,,,,,,,,,「おい、起きろよ……恋鳥」
162500 ,,,,,,,,,,,,,,,,,　若干の余裕はあるが二日続けて走るのは嫌なので、
　俺は恋鳥を刺激しないように気を使って声をかけた。
162700 ,,<!timepass_1_long>,,,,,優哉,優哉,,,,,,,,,「うし、準備出来たな……行こうか」
162800 ,,,,,,,恋鳥,恋鳥,04kot728_001.wav,"kotori,uniform",,7,,,,,「……ん」
162900 ,,,,,,,,,,kotori,,7,,,,,　結局夕べはうやむやの内に済ませた事もあって、
　あまり恋鳥の機嫌は良くないようだ……。
163100 ,,<!move_short>,,7100,,,恋鳥,恋鳥,04kot728_002.wav,kotori,,3,,,,,「あれ、おばあちゃんがいない…………」
163200 ,,,,,,,優哉,優哉,,kotori,,3,,,,,「ほんとだ……いつも掃除とかしてるのに……」
163300 ,,,,,,,,,,kotori,,3,,,,,　朝は大家さんに見送られて学校に行くのが、
　最近の日課と化していたので、少し残念だ。
163400 ,,,,,,,恋鳥,恋鳥,04kot728_003.wav,kotori,,5,,,,,「今日は、打ち水もしてないし、おばあちゃん、
　まだ出て来てないみたい……」
163500 ,,,,,,,,,,kotori,,5,,,,,　言われてみると、家の前の掃き掃除もしてないようだ。
163600 ,,,,,,,優哉,優哉,,kotori,,5,,,,,「うーん、確かに気になるな」
163700 ,,,,,,,恋鳥,恋鳥,04kot728_004.wav,kotori,,3,,,,,「おばあちゃんが朝の日課をやらないなんて
　滅多にないから、恋鳥は心配だぞ」
163900 ,,,,,,,優哉,優哉,,kotori,,3,,,,,「だったら、軽く様子を見に行こうぜ。
　軽くだったら、そんな時間のロスにもならないだろうし」
164000 ,,,,,,,,,,kotori,,3,,,,,　俺は恋鳥の決断を後押しする形でフォローをした。
164100 ,,,,,,,恋鳥,恋鳥,04kot728_005.wav,kotori,,0,,,,,「ん、わかった。おばあちゃんの様子を見る」
164200 ,,,,,,,優哉,優哉,,kotori,,0,,,,,「うん。その方が安心出来るって。
　目覚ましが鳴らなかっただけかも知れないけど」
164300 ,,,,,,,,,,,,,,,,,　俺たちは大家さんの家へと早足で歩いていった。
164500 ,,<!move_look>,,,,,優哉,優哉,,,,,,,,,「えっと、鍵がかかってるみたいだな……」
164600 ,,,,,,,,,,,,,,,,,　押しても引いても大家さんの家の扉は動かない。
164700 ,,,,,,,恋鳥,恋鳥,04kot728_006.wav,kotori,,0,,,,,「合い鍵。これで開けるといいぞ」
164800 ,,,,,,,,,,kotori,,0,,,,,　恋鳥はサイフの中から古びた鍵を取り出した。
164900 ,,,,,,,優哉,優哉,,kotori,,0,,,,,「お、おう……こうかな？　うし、開いた……」
165000 ,,,,,,,,,,kotori,,0,,,,,　俺は鍵を引き抜いて解錠されたのを確かめて、
　後ろで控えている恋鳥に鍵を手渡した。
165100 ,,,,9000,,,恋鳥,恋鳥,04kot728_007.wav,,,,,,,,「おばあちゃん、おばあちゃん？」
165200 ,,,,,,,,,,,,,,,,,　恋鳥はためらわずに中へ入って行った。
　女性の一人暮らしだし、俺は玄関で待つ事にする。
165300 ,,,12,,,,恋鳥,恋鳥,04kot728_008.wav,,,,,,,,「ちょっと来て！　おばあちゃんが！」
165400 ,,,,,,,,,,,,,,,,,　少しすると、恋鳥の悲痛な声が響き、
　俺も慌てて中へと入っていった。
165500 ,,,,,,,優哉,優哉,,,,,,,,,「ちょ、大家さん、大丈夫なの？」
165600 ,,,,,,,,,,,,,,,,,　大家さんは寝室にいて、立ち上がろうとした所で、
　目でも回ったのか、床に倒れ込んでいた。
165700 ,,,,,,,恋鳥,恋鳥,04kot728_009.wav,,,,,,,,「熱はないみたいだけど、様子がおかしい……」
165800 ,,,,,,,優哉,優哉,,,,,,,,,「わかった。とりあえず恋鳥の部屋に運ぼうか。
　俺が上半身を支えるから、恋鳥は足を！」
165900 ,,,,,,,,,,,,,,,,,　大家さんの家ではどこに何があるのかも分からず、
　看病とかしにくいので、そういう結論に俺は達した。
166100 ,,<!move_short>,,7200,,,優哉,優哉,,,,,,,,,「よっと……こんな感じでいいかな。降ろすよ」
166200 ,,,,,,,恋鳥,恋鳥,04kot728_010.wav,kotori,,3,,,,,「うん。あ、そこ気を付けてね……そーっとね」
166300 ,,,,,,,,,,kotori,,3,,,,,　二人がかりで恋鳥の布団に大家さんを寝かせ、
　大家さんの容体を見守った。
166400 ,,,,,,,優哉,優哉,,kotori,,3,,,,,「うーん……まだ意識が回復しないのか……。
　救急車を呼んだ方がいいかな……」
166500 ,,,,,,,,,,kotori,,3,,,,,　この辺りまで往診に来てくれる医者はいないし、
　足もないから病院に連れて行くのは無理がある。
166600 ,,,,,,,恋鳥,恋鳥,04kot728_011.wav,kotori,,4,,,,,「あ、口が動いた……静かにして」
166700 ,,,0,,,,,,,kotori,,4,,,,,　恋鳥には大家さんのわずかな変化が分かったようで、
　大家さんの言葉を聞き取る為に耳を近づけていた。
166800 ,,,7,,,,大家さん,大家さん,15oya728_001.wav,kotori,,4,,,,,「大丈夫。ただ疲れているだけだから……ありがとね」
166900 ,,,,,,,優哉,優哉,,kotori,,4,,,,,「本当にいいの？　お医者さんに来てもらうとかは？」
167000 ,,,,,,,,,,kotori,,4,,,,,　すぐは無理かも知れないけど、
　交渉すればここまで来てくれる可能性はある。
167100 ,,,,,,,恋鳥,恋鳥,04kot728_012.wav,kotori,,1,,,,,「わかった……わかったから、安心して寝てね……」
167200 ,,,,,,,,,,kotori,,1,,,,,　恋鳥はいとおしそうに大家さんの頬をなでた。
167300 ,,,,,,,大家さん,大家さん,15oya728_002.wav,kotori,,1,,,,,「ありがとね……」
167400 ,,,,,,,,,,,,,,,,,　恋鳥に見守られている事で安心したのか、
　大家さんは少し安らかな表情でまぶたを閉じ、
　少しすると寝息が聞こえ始めた。
167600 ,,<!move_veryshort>,,7100,,,優哉,優哉,,,,,,,,,「病院にも連れていかない、医者も呼ばない状態じゃ、
　大家さんを一人で置いておく訳にもいかないよな」
167700 ,,,,,,,恋鳥,恋鳥,04kot728_013.wav,kotori,,3,,,,,「そうね……一時的なものだとは思うけど……。
　恋鳥は今日休むから、先生に言っておいて……」
167800 ,,,,,,,優哉,優哉,,kotori,,3,,,,,「恋鳥一人に任せる訳にはいかないよ。
　男手が必要な事もあるかも知れないし……」
167900 ,,,,,,,恋鳥,恋鳥,04kot728_014.wav,kotori,,0,,,,,「いいの？　ちょっと不安だったんだ。ありがとう」
168000 ,,,,,,,,,,kotori,,0,,,,,　恋鳥は少しほっとしたのか、表情を緩ませた。
168090 ,,<!Lend_scene_change>,0,9000,,,,,,,,,,,,,
168300 ,@729,,,,,,,,,,,,,,,,
168600 ,,<!Lbegin_scene_change>,8,7200,,,優哉,優哉,,,,,,,,,「大家さん、お茶のむ？　わかった、こっち向いて。
　そうそう……そんな感じで」
168700 ,,,,,,,,,,,,,,,,,　食器たんすに入っていた曲がるストローを使って、
　俺は大家さんにお茶を飲ませてあげる事にした。
168800 ,,,,,,,,,,,,,,,,,　恋鳥は大家さんの家で細々とした用事をしており、
　今は俺一人で大家さんの介護をしている訳で……。
168900 ,,,,,,,優哉,優哉,,,,,,,,,「暑くない？　熱は出てないよね」
169000 ,,,,,,,,,,,,,,,,,　俺はそっと大家さんの額に手をあてがって調べた。
　平温がどれぐらいかは知れないけど、大丈夫だろう。
169100 ,,,,,,,大家さん,大家さん,15oya729_001.wav,,,,,,,,「優哉くん……」
169200 ,,,,,,,,,,,,,,,,,　大家さんは少し涙ぐみ俺の名前を呼んだので、
　俺はそっと大家さんの手を握ってあげた。
　きっと、俺たちが休んだ事を気にしてるんだろうな。
169300 ,,,,,,,優哉,優哉,,,,,,,,,「その事は気にしないでって言ったでしょ？
　疲れてるんなら、体を休めてよ……」
169400 ,,,,,,,恋鳥,恋鳥,04kot729_001.wav,"kotori,uniform",,0,,,,,「一応、火元とか水回りは確認してきた……」
169500 ,,,,,,,大家さん,大家さん,15oya729_002.wav,kotori,,0,,,,,「ああ、ありがとうねぇ、恋鳥ちゃん……」
169600 ,,,,,,,優哉,優哉,,kotori,,0,,,,,「恋鳥からも、気にするなって言ってやってよ」
169700 ,,,,,,,,,,kotori,,0,,,,,　俺が言うより、その方がきっと効果的だろう。
169800 ,,,,,,,恋鳥,恋鳥,04kot729_002.wav,kotori,,3,,,,,「気にしなくていいぞ、おばあちゃん。
　恋鳥たちは、大丈夫」
169900 ,,,,,,,大家さん,大家さん,15oya729_003.wav,kotori,,3,,,,,「そうかい？　だけど、老い先短い私にとってみたら、
　恋鳥ちゃんと優哉くんの関係の方が心配だよ。
　本当にうまくやれてるのかい？」
170000 ,,,,,,,,,,kotori,,3,,,,,　む……そんな心配をされていたのか。
　って、ある意味当然ではあるかもなー。
　最初は俺もどうなるかと思ったし。
170100 ,,,,,,,優哉,優哉,,kotori,,3,,,,,「最初はちょっと戸惑ってたけど、今は大丈夫だよ。
　割とうまくやっていけてるからさ……」
170200 ,,,,,,,,,,kotori,,3,,,,,　こうして一緒に住む前に感じていた、
　恋鳥のイメージも一変したんだし……。
　きっと、これからもうまくやれる筈だ。
170300 ,,,,,,,恋鳥,恋鳥,04kot729_003.wav,kotori,,1,,,,,「そう、おばあちゃん。そんな事心配しないで。
　うまくいってなきゃ、一緒になんか暮らしてない」
170400 ,,,,,,,,,,kotori,,1,,,,,　実際の所、お互いのベクトルというか歯車は今一、
　はまってないような気もするけど……。
　同じ目的のために何かをしようって気持ちは一緒だ。
170500 ,,,,,,,大家さん,大家さん,15oya729_004.wav,kotori,,1,,,,,「そうかい？　まぁ、二人がそう言うんなら、
　大丈夫なんだろうけどねぇ……」
170600 ,,,,,,,,,,kotori,,1,,,,,　すべてを見透かしているかのような大家さんの目。
　うーん……今一信用されてないような……。
　どうすれば、信用してもらえるのかな……。
170700 ,,,,,,,優哉,優哉,,kotori,,1,,,,,（そりゃ、恋鳥ともっと親密になれば……。
　って、それは無理があるよなぁ……。
　現状維持だけでも大変だし……でも……）
170900 ,,,,,,,,,,kotori,,1,,,,,　一つ屋根の下で暮らしているといっても、
　同棲とかじゃなく、目的の為の行動だしなぁ……。
　大家さんの為にももうちょっと……。
171100 ,,,,,,,優哉,優哉,,kotori,,0,,,,,「ん？　何だろう……」
171200 ,,,,,,,,,,kotori,,0,,,,,　恋鳥が普段にない表情で俺をちらちら見てる……。
　言いたい事があれば我慢するような奴じゃないけど。
171400 ,,,,,,,恋鳥,恋鳥,04kot729_004.wav,kotori,,6,,,,,「……………………」
171500 ,,,,,,,,,,kotori,,6,,,,,　何か口をぱくぱくしてるが、何を伝えたいんだ？
　何だ？　大家さんに見えないように指さしてるな。
171600 ,,,,,,,優哉,優哉,,kotori,,6,,,,,（もしかして、同じ事を考えてるのか？）
171700 ,,,,,,,,,,kotori,,6,,,,,　俺は大家さんが恋鳥の方を向いている瞬間に、
　自分と恋鳥。そして最後に大家さんを指さしてみた。
171800 ,,,,,,,恋鳥,恋鳥,04kot729_005.wav,kotori,,0,,,,,「おばあちゃん、お昼はおそうめんなら食べられる？」
171900 ,,,,,,,大家さん,大家さん,15oya729_005.wav,kotori,,0,,,,,「そうだねぇ……そうめんなら」
172000 ,,,,,,,,,,kotori,,0,,,,,　恋鳥は大家さんにうなずきながらも、
　視線はこっちの方に来ていた。
172100 ,,,,,,,,,,kotori,,0,,,,,　やっぱり、そうに違いないな。
　けど、どういう風にアプローチすればいいんだ？
172200 ,,,,,,,恋鳥,恋鳥,04kot729_006.wav,kotori,,6,,,,,「優哉も思ったより頼りがいあるし、
　優哉にはいろいろ助けてもらってる」
172300 ,,,,,,,,,,kotori,,6,,,,,　せっかく褒めてるのに、俺の名前の部分だけは、
　何か違和感あるなぁ。まぁ普段は”お前”だからか。
172400 ,,,,,,,優哉,優哉,,kotori,,6,,,,,「思っていた程にはぶっきらぼうじゃなかったし、
　いろいろ誤解されるタイプなんだよな。
　それが分かってからは、結構うまくやれてるって」
172500 ,,,,,,,,,,kotori,,6,,,,,　俺も恋鳥の褒める部分を探して、並べ立ててみた。
172600 ,,,,,,,大家さん,大家さん,15oya729_006.wav,kotori,,6,,,,,「そうかい……まぁ、仲良くおやりよ……」
172700 ,,,,,,,,,,kotori,,6,,,,,　半分ぐらいはバレてた気もするけれど、
　大家さんは表情を和らげて、その後眠りについた。
172900 ,,<!timepass_2_long>,,7201,,,恋鳥,恋鳥,04kot729_007.wav,kotori,,5,,,,,「ちょっと、熱が出てきたみたい……」
173000 ,,,,,,,,,,kotori,,5,,,,,　大家さんは寝入っているものの、
　少し呼吸も荒いし、顔も若干赤いみたいだ。
173100 ,,,,,,,優哉,優哉,,kotori,,5,,,,,「そうだな……解熱剤とかあったっけ？」
173200 ,,,,,,,恋鳥,恋鳥,04kot729_008.wav,kotori,,3,,,,,「薬はダメ。おばあちゃん、そういうのが嫌いだから。
　風邪引いた時は、葛根湯に生姜湯で治してた」
173300 ,,,,,,,優哉,優哉,,kotori,,3,,,,,「葛根湯に生姜湯ね……名前は聞いた事あるけど、
　作り方とか知ってるのか？　恋鳥……」
173400 ,,,,,,,恋鳥,恋鳥,04kot729_009.wav,kotori,,3,,,,,「まだ習ってないけど……そうだ、裏の家庭菜園に、
　ショウガがある筈だから、取ってくる」
173500 ,,,,,,,優哉,優哉,,,,,,,,,「気の早い奴だな……作り方も分かっちゃいないのに」
173690 ,,<!timepass_1_short>,,,,,,,,,,,,,,,
173700 ,,,,,,,優哉,優哉,,kotori,,0,,,,,「で、その山盛りの生姜をどうするんだ？」
173800 ,,,,,,,恋鳥,恋鳥,04kot729_010.wav,kotori,,0,,,,,「思い出した。ネギを首に巻くといいって言う」
173900 ,,,,,,,優哉,優哉,,kotori,,0,,,,,「聞いた事はあるけど、ショウガを首に巻くのか？」
174000 ,,,,,,,恋鳥,恋鳥,04kot729_011.wav,kotori,,0,,,,,「そうじゃない。首に巻くだけでも効くのなら、
　体に直接触れさせれば効くって事に違いない」
174100 ,,,,,,,,,,kotori,,0,,,,,　恋鳥は俺の言葉を待たずに、
　水洗いしたショウガを大家さんの寝間着の中へと、
　放り込もうとした。
174200 ,,,,,,,優哉,優哉,,kotori,,0,,,,,「待て待て……探せばおろし金ぐらいあるだろ？
　子供の頃、ショウガをおろした事あるし」
174300 ,,,,,,,,,,,,,,,,,　その後、何とか俺は生姜湯を作る事に成功した。
174500 ,,<!timepass_2_long>,,7202,,,優哉,優哉,,"kotori,pajamas",,0,,,,,「恋鳥……疲れてるみたいだし、先に寝ていいぞ」
174600 ,,,,,,,,,,kotori,,0,,,,,　夕食が終わり、洗い物を終えた恋鳥を見て、
　俺はそう提案した。
174700 ,,,,,,,恋鳥,恋鳥,04kot729_012.wav,kotori,,0,,,,,「ん……。じゃ、４時ぐらいに起こして……」
174800 ,,,,,,,,,,,,,,,,,　確かにその時間なら、交代で眠れるな。
　俺は引き続き、大家さんの看病をする事にした。
175000 ,,<!timepass_day_short>,,7203,,,優哉,優哉,,,,,,,,,「うーん……もう４時半だけど起こすには忍びないな」
175100 ,,,,,,,,,,,,,,,,,　恋鳥は深い眠りに落ちているようで、
　幸せそうな寝顔で何かをつぶやいていた。
　男だし、徹夜の一晩や二晩大丈夫だよな。
175190 ,,<!Lend_scene_change>,0,9000,,,,,,,,,,,,,
175199 ,,<!ec_kotori_pri>,,,,,,,,,,,,,,,
175400 ,@730,,,,,,,,,,,,,,,,
175690 ,$heroine_begin,,,,,,,,,,,,,,,,
175700 ,,<!Lbegin_day_change>,0,7200,,,恋鳥,恋鳥,04kot730_001.wav,,,,,,,,「んぅ…………」
175800 ,,,,,,,,,,,,,,,,,　何だかやけにまぶしいな……。
　明かりをつけたまま寝たのか？
175900 ,,,,,,,恋鳥,恋鳥,04kot730_002.wav,,,,,,,,「……………………」
176000 ,,,,,,,,,,,,,,,,,　おばあちゃんの寝息を感じる……。
　こうして、一緒に寝るのは久しぶりだ。
　どうして、今夜は一緒に寝たんだっけ……。
176100 ,,,,,,,優哉,優哉,,,,,,,,,「……ふぅ……」
176200 ,,,,,,,,,,,,,,,,,　ん？　あいつは何をしてるんだろう……。
　おばあちゃんの汗をふいてる？
　そ、そうだった……おばあちゃんが……。
176300 ,,,,,,,恋鳥,恋鳥,04kot730_003.wav,,,,,,,,「……………………」
176400 ,,,,,,,,,,,,,,,,,　どうして……四時に交代するって言ってたのに。
　もう外が明るい……六時ぐらいなのか？
　なんで……なんで恋鳥を起こさなかったんだろう。
176500 ,,,,,,,優哉,優哉,,,,,,,,,「こんなものかな……熱は少し下がったかな……」
176600 ,,,,,,,,,,,,,,,,,　たった一人でおばあちゃんの看病をしてる……。
　恋鳥もする筈だったのに……起きられなかった？
176700 ,,,,,,,,,,,,,,,,,　そう考えると説明がつく……。
　おばあちゃんが倒れた、こんな大事な時なのに……。
176800 ,,,,,,,優哉,優哉,,,,,,,,,「ふぅ……もう六時か……ふぁぁ……
　おっと、恋鳥を起こしちゃマズイな」
176900 ,,,,,,,,,,,,,,,,,　あいつは恋鳥の事を気遣ってくれている……。
　あいつにとって、おばあちゃんは単なる大家で……。
　そこまでする義理はないはずなのに、なんで……。
177000 ,,,,,,,優哉,優哉,,,,,,,,,「最近、健康的な時間に寝起きしてたしな……ふぁ。
　濃いコーヒーでも用意しときゃ良かったなぁ……。
　せめて、眠気覚ましのガムでもあれば……ふぅ」
177100 ,,,,,,,,,,,,,,,,,　今からでも恋鳥が名乗りを上げて交代すべきなのに。
　何でだろう……あいつの事をもっと見ていたい……。
　この感情に名前をつけるのが怖いような気がする。
177200 ,,,,,,,恋鳥,恋鳥,04kot730_004.wav,,,,,,,,「……………………」
177300 ,,,,,,,,,,,,,,,,,　恋鳥にとってのあいつは最初、
　あまり好ましいものじゃなかったのに。
　あいつがいてくれている事でほっとしてるなんて。
177400 ,,,,,,,優哉,優哉,,,,,,,,,「んぅ……すぴ……っと、いけね……。
　そろそろ、タオルを替えるかな……」
177500 ,,,,,,,,,,,,,,,,,　氷の入った洗面器にタオルを浸してるみたいだ。
　昨日の事もあるし、よっぽど恋鳥より……。
　もっと恋鳥もおばあちゃんの役に立ちたかったのに。
177600 ,,,,,,,,,,,,,,,,,　昨晩恋鳥が寝てから今まで、一人でずっとおばあちゃんの看病を……。
　恋鳥になら出来ただろうか……きっと無理だ。
177700 ,,,,,,,,,,,,,,,,,　あんなにふらふらになってるのに……。
　普段はいい加減な奴だと思ってたのに……。
177800 ,,,,,,,,,,,,,,,,,　こんなにじっくりあいつの顔を見たのは始めてだ。
　普段はふざけてたりするけど……。
　おばあちゃんを看病しているあいつの横顔は……。
177900 ,,,,,,,恋鳥,恋鳥,04kot730_005.wav,,,,,,,,「…………」
178000 ,,,,,,,,,,,,,,,,,　だけど、恋鳥とあいつは只の同居人……。
　おばあちゃんにあいつが協力してくれてるだけ。
178100 ,,,,,,,,,,,,,,,,,　もし、その問題が解決したら、あいつは…………。
　だめだ……そんな事考えてちゃ……だめなのに……。
178200 ,,,,,,,優哉,優哉,,,,,,,,,「うー……この時間が一番キツイよなぁ……。
　早く恋鳥が起きてくれないかなぁ？」
178300 ,,,,,,,,,,,,,,,,,　だめっ……気付かれる。
　寝たふり……寝たふり……。
178400 ,,,,,,,恋鳥,恋鳥,04kot730_006.wav,,,,,,,,「すぅ……すぅ……」
178500 ,,,,,,,,,,,,,,,,,　良かった気付かれてないみたい。
178600 ,,,,,,,優哉,優哉,,,,,,,,,「それも無理な話だな……あいつ、低血圧だし。
　いつも起こすのに手間取ってるしな。
　起こさなくて正解だよ……ふわぁ……」
178700 ,,,,,,,,,,,,,,,,,　むっ……確かにそうかも知れないけど……。
　起こさなくて正解ってどういう事よ……。
　恋鳥の事をどんな風に思ってるんだろう。
178800 ,,,,,,,,,,,,,,,,,　なぜだろう……。
　あいつがいる事が普通になりつつある……。
　あいつだけでいい。あいつにここにいて欲しい……。
178900 ,,,,,,,恋鳥,恋鳥,04kot730_007.wav,,,,,,,,「ありがと――」
179000 ,,,,,,,,,,,,,,,,,　あいつに聞こえないように、お礼を言ってみる。
　これが今の恋鳥の精一杯だから……。
179090 ,,<!Lend_scene_change>,0,9000,,,,,,,,,,,,,
179099 ,$heroine_end,,,,,,,,,,,,,,,,
179300 ,@731,,,,,,,,,,,,,,,,
179600 ,,<!Lbegin_scene_change>,1,7200,,,優哉,優哉,,,,,,,,,「ん？　今何か聞こえたような……」
179700 ,,,,,,,,,,,,,,,,,　かすかな声だが、確かに何かが聞こえた気がする。
　む……何か違和感を感じるなぁ……。
179800 ,,,,,,,,,,,,,,,,,　恋鳥だ……いつもの寝顔と微妙に違うぞ？
　心なしか顔も赤いような気がしないでもない。
179900 ,,,,,,,優哉,優哉,,,,,,,,,「恋鳥……おまえ、起きてるだろ」
180000 ,,,,,,,恋鳥,恋鳥,04kot731_001.wav,,,,,,,,「……すぅ……すぅ……」
180100 ,,,,,,,,,,,,,,,,,　起こさない程度にカマをかけてみると、
　恋鳥は怪しいタイミングで寝息を吐いた。
180200 ,,,,,,,優哉,優哉,,,,,,,,,「バレてるぞ……鼻ひくひくして、豚みたい」
180300 ,,,,,,,恋鳥,恋鳥,04kot731_002.wav,"kotori,pajamas",,7,,,,,「恋鳥は、豚じゃないぞ」
180400 ,,,,,,,,,,kotori,,7,,,,,　よほど腹に据えかねたのか、恋鳥は跳ね起きた。
180500 ,,,,,,,優哉,優哉,,kotori,,7,,,,,「やっぱり、起きてたんじゃねーか……」
180600 ,,,,,,,恋鳥,恋鳥,04kot731_003.wav,kotori,,0,,,,,「……う」
180900 ,,<!timepass_2_short>,,,,,大家さん,大家さん,15oya731_001.wav,,,,,,,,「んっ……もう、朝かい？　よく寝たよ……」
181000 ,,,,,,,,,,,,,,,,,　７時をちょっと回った頃に大家さんも目を覚ます。
181100 ,,,,,,,恋鳥,恋鳥,04kot731_004.wav,kotori,,0,,,,,「あ、おばあちゃん起きたの？　具合はどう？」
181200 ,,,,,,,,,,kotori,,0,,,,,　簡素な朝食を持って来た恋鳥が大家さんに駆け寄る。
181300 ,,,,,,,大家さん,大家さん,15oya731_002.wav,kotori,,0,,,,,「ああ、おかげさんでね。だいぶ楽になったよ……」
181400 ,,,,,,,,,,kotori,,0,,,,,　実際、熱も引いたようだし、かなり楽そうだ。
　だけど、年が年だけに無理はさせられないだろう。
181500 ,,,,,,,恋鳥,恋鳥,04kot731_005.wav,kotori,,3,,,,,「ごはん、柔らかめに煮てみたけど、食べられる？」
181600 ,,,,,,,大家さん,大家さん,15oya731_003.wav,kotori,,3,,,,,「ああ、ありがとうよ。すまないねぇ……」
181700 ,,,,,,,,,,kotori,,3,,,,,　俺の脳裏に、懐かしいフレーズが蘇ったのは内緒だ。
181800 ,,,,,,,大家さん,大家さん,15oya731_004.wav,kotori,,3,,,,,「おかげで、今日一日休めばあしたには何とか……」
181900 ,,,,,,,優哉,優哉,,kotori,,3,,,,,「んー……だけど、何かあった時に、
　大家さんの家にわざわざ出向くよりはさ、
　この部屋で養生してもらった方がいいんじゃない？」
182000 ,,,,,,,恋鳥,恋鳥,04kot731_006.wav,kotori,,0,,,,,「ん、そうかも。
　優哉、たまにはいいこと言う」
182100 ,,,,,,,大家さん,大家さん,15oya731_005.wav,kotori,,0,,,,,「いや、恋鳥ちゃん。そこまでして貰うのは……」
182200 ,,,,,,,,,,kotori,,0,,,,,　どうやら大家さんは今回の事すら遠慮してるようだ。
　何の為に俺たちがここに住んでるかを考えると、
　大家さんの健康も重要なんだけどな。
182300 ,,,,,,,恋鳥,恋鳥,04kot731_007.wav,kotori,,3,,,,,「完全に回復するまで、ここで養生した方がいい」
182400 ,,,,,,,,,,kotori,,3,,,,,　同感だな。支える人がいないと、いろいろ恐いし。
　恋鳥は反論を許さない勢いで決定事項となった。
182600 ,,<!timepass_1_long>,,,,,恋鳥,恋鳥,04kot731_008.wav,kotori,,0,,,,,「おい、優哉。恋鳥、今日は休むぞ。
　先生には、適当に言っておいて」
182700 ,,,,,,,,,,kotori,,0,,,,,　朝飯を食い終わり洗い物をしていると、
　恋鳥が背後から話しかけて来た。
182800 ,,,,,,,優哉,優哉,,kotori,,0,,,,,「さすがにそれはマズいんじゃないか？
　必要なら、俺が休むからさ……」
182900 ,,,,,,,,,,kotori,,0,,,,,　何か恋鳥って休みがちだった事あるって、
　前に誰かから聞いた事があるな……ヤバいだろ。
183000 ,,,,,,,恋鳥,恋鳥,04kot731_009.wav,kotori,,7,,,,,「お前は一人で徹夜したんだから、
　今度は恋鳥の番。おばあちゃんの事は任せろ」
183100 ,,,,,,,大家さん,大家さん,15oya731_006.wav,kotori,,7,,,,,「ちょっと、ちょっと……何揉めてるんだい？
　話は聞かせて貰ったけど二人とも学校に行きなさい。
　ここで養生させて貰えるだけで充分だよ私は……」
183200 ,,,,,,,,,,kotori,,7,,,,,　いつの間にか大声で話していたせいで、
　大家さんは心配そうに布団から上半身を浮かせる。
183300 ,,,,,,,恋鳥,恋鳥,04kot731_010.wav,kotori,,3,,,,,「ん、わかった……。
　何かあったら、いつでも連絡して」
183400 ,,,,,,,優哉,優哉,,kotori,,3,,,,,「大家さんがそう言うなら……。
　帰りに何か買って来ようか？」
183500 ,,,,,,,,,,,,,,,,,　そういえば、昔風邪を引くと玉子豆腐を食べてたな。
　今でも、売ってるんだろうか。
183590 ,,<!Lend_scene_change>,0,9000,,,,,,,,,,,,,
183800 ,@732,,,,,,,,,,,,,,,,
184100 ,,<!Lbegin_scene_change>,7,4500,,,優哉,優哉,,,,,,,,,「ふぅ……何か落ち着かないなぁ……」
184200 ,,,,,,,,,,,,,,,,,　ついいらいらして、貧乏揺すりをしてしまう。
　やはり、大家さんの事が気にならない訳もない。
　なにせ、結構なお年だからな……。
184300 ,,,,,,,悠,悠,02yuu732_001.wav,"yuu,uniform",,0,,,,,「やあ、優哉。昨日は休みだったね……。
　どうかしたのかい？　それとも、ズル休み？」
184400 ,,,,,,,,,,yuu,,0,,,,,　うわ、今一番追求して欲しくない方が、
　向こうからわざわざやってきましたよ……。
184500 ,,,,,,,,,,yuu,,0,,,,,　うーん。恋鳥と一緒に暮らしててそこの大家さんが、
　病気で倒れたから看病してました……。
　だなんて、口が裂けても言える訳ないけど……。
184600 ,,,,,,,,,,yuu,,0,,,,,　悠は妙にカンが働くのか、嘘が通じないしなぁ。
184700 ,,,,,,,優哉,優哉,,yuu,,0,,,,,「あぁ……ちょっと具合が悪くてね。
　目眩と頭痛だったけど、一日寝たら治ったよ」
184800 ,,,,,,,悠,悠,02yuu732_002.wav,yuu,,3,,,,,「へぇ……あまり、病気しそうにないのにね。
　そりゃ、お大事に……」
184900 ,,,,,,,優哉,優哉,,yuu,,3,,,,,「まるで、俺が馬鹿だと言われてるようだな」
185000 ,,,,,,,悠,悠,02yuu732_003.wav,yuu,,90,,,,,「それは、優哉……被害妄想というヤツだと思うよ？」
185100 ,,,,,,,優哉,優哉,,yuu,,90,,,,,「そうかもな……じゃ、後で……」
185200 ,,,,,,,,,,,,,,,,,　馬鹿と関係してるのは風邪だけだったか。
　これ以上話すとボロが出かねないので、
　俺は悠と別れて、水を飲みに教室を出た。
185400 ,,<!move_veryshort>,,4300,,,恋鳥,恋鳥,04kot732_001.wav,"kotori,uniform",,5,,,,,「…………」
185500 ,,,,,,,,,,kotori,,3,,,,,　恋鳥が不安そうに窓から外を見ていたが、
　俺に気付いて近寄って来た。
185600 ,,,,,,,優哉,優哉,,kotori,,3,,,,,「大丈夫……大家さんの事は心配ないって。
　もし、具合が悪くなるような事があっても、
　俺の携帯の番号知ってるから、かけて来るよ」
185700 ,,,,,,,恋鳥,恋鳥,04kot732_002.wav,kotori,,3,,,,,「そうか……だけど、お前が心配する事はない……」
185800 ,,,,,,,,,,kotori,,3,,,,,　うーん……相変わらずだなぁ……。
　なんで、そんなに攻撃的なんだか。
185900 ,,,,,,,恋鳥,恋鳥,04kot732_003.wav,kotori,,0,,,,,「だけど……ありがたくは思っているんだからな……」
186000 ,,,,,,,優哉,優哉,,kotori,,0,,,,,「わかったよ……じゃあ後でな……」
186100 ,,,,,,,,,,kotori,,0,,,,,　俺は恋鳥に軽く手を振って教室に戻った。
186300 ,,<!move_veryshort>,,4500,,,,,,,,,,,,,　不安を抑えるために水を飲もうと思ったけど、
　やっぱり大家さんの側にいて看病をした方が、
　精神衛生上もいいだろう。
186400 ,,,,,,,優哉,優哉,,,,,,,,,「うーん……」
186500 ,,,,,,,,,,,,,,,,,　だけど、この事を知らせたら、
　恋鳥が心配して、一緒に早退すると言いかねない。
186600 ,,,,,,,,,,,,,,,,,　だけど、あいつは遅刻も多い上に休みがちじゃ、
　出席数が心配だ。ここは、恋鳥に黙っておくに限る。
186700 ,,,,,,,優哉,優哉,,,,,,,,,「先生は職員室か……」
186800 ,,,,,,,,,,,,,,,,,　さっき悠に使ったごまかしで、早退する事にしよう。
　何……俺はこう見えてほぼ皆勤だから、問題ない。
186890 ,,<!Lend_scene_change>,0,9000,,,,,,,,,,,,,
187100 ,@733,,,,,,,,,,,,,,,,
187400 ,,<!Lbegin_scene_change>,8,7200,,,優哉,優哉,,,,,,,,,「これなら、体が弱ってる時も食べやすいから。
　おやつみたいなもんだけど、食べてみてよ」
187500 ,,,,,,,,,,,,,,,,,　俺は学校帰りに商店街で調達して来た玉子豆腐を、
　皿に入れてスプーンを添えて大家さんに差し出した。
187600 ,,,,,,,大家さん,大家さん,15oya733_001.wav,,,,,,,,「すまないねぇ……結局、学校まで休ませちゃって」
187700 ,,,,,,,優哉,優哉,,,,,,,,,「いいって。こんな時しか役に立てないんだから。
　それに、出席日数は余裕でセーフなんだし」
187800 ,,,,,,,,,,,,,,,,,　大家さんは俺から皿を受け取りながら、
　早退して来た俺にすまなそうに頭を下げた。
187900 ,,,,,,,,,,,,,,,,,　それに、大家さんの事を気にしながら、
　学校で集中力を欠くよりはマシだったしなぁ。
188000 ,,,,,,,,,,,,,,,,,　一つ心配事が残ってるんだよな……ある意味本命だ。
　恋鳥には何の説明もしなかった事なんだけど……。
188100 ,,,,,,,大家さん,大家さん,15oya733_002.wav,,,,,,,,「恋鳥ちゃんの様子はどうだった？
　あの子には心配かけてばっかりで……ん？」
188300 ,,<!se_kotori_door_open>,,,,,優哉,優哉,,,,,,,,,「げ……まさか……あいつまで早退したのか？」
188400 ,,,,,,,,,,,,,,,,,　バレる事は想定してたが、早退までするなんて……。
　ある意味最悪の展開かもしれない……。
188600 ,,,,,,,恋鳥,恋鳥,04kot733_001.wav,"kotori,uniform",,7,,,,,「優哉……なんでここにいる」
188700 ,,,,,,,,,,kotori,,7,,,,,　恋鳥はものすごい勢いで俺に詰め寄って来た。
　一体どこから走って来たのか、息が上がっていた。
188800 ,,,,,,,優哉,優哉,,kotori,,7,,,,,「まて……話せば分かる……落ち着くんだ、恋鳥」
188900 ,,,,,,,,,,kotori,,7,,,,,　俺は慌てて立ち上がって廊下で恋鳥を制止した。
189000 ,,,,,,,恋鳥,恋鳥,04kot733_002.wav,kotori,,7,,,,,「優哉は、どうしてここにいる」
189100 ,,,,,,,優哉,優哉,,kotori,,7,,,,,「わかった……わかったから……」
189200 ,,,,,,,,,,kotori,,7,,,,,　俺は恋鳥に引きずられる形で玄関へ歩いていった。
189400 ,,<!move_short>,,7100,,,恋鳥,恋鳥,04kot733_003.wav,kotori,,7,,,,,「優哉、なんでひとりだけで帰った」
189500 ,,,,,,,,,,kotori,,7,,,,,　恋鳥は今にも噛みつきかねない勢いで問いただした。
189600 ,,,,,,,優哉,優哉,,kotori,,7,,,,,「なんでって言われてもな……大家さんの事が心配で。
　出席日数も余裕だったし……怒る事じゃないだろ？」
189700 ,,,,,,,恋鳥,恋鳥,04kot733_004.wav,kotori,,7,,,,,「恋鳥に相談せず、一人で決めたのが悪い。
　ひとことぐらい相談しろ」
189800 ,,,,,,,,,,kotori,,7,,,,,　まぁ、そりゃそうだが……そんな事したら、
　恋鳥も帰るとか言うのは見えてたからなぁ。
189900 ,,,,,,,優哉,優哉,,kotori,,7,,,,,「恋鳥に相談したら、休むって言うと思ったからだよ。
　現に今も、早退して来てるんだろ？」
190000 ,,,,,,,,,,kotori,,7,,,,,　気利かした意味が全然ねぇよな……。
　出席日数は大丈夫なのか？　ほんとに。
190100 ,,,,,,,恋鳥,恋鳥,04kot733_005.wav,kotori,,7,,,,,「うるさい」
190200 ,,,,,,,,,,kotori,,7,,,,,　そりゃ関係は深くはないけど看病とは関係ないだろ。
　なんか、恋鳥も相当テンパってるなぁ……。
　それだけ、大家さんの事が心配って事なのか。
190300 ,,,,,,,優哉,優哉,,kotori,,7,,,,,「それに、恋鳥は出席日数がヤバいんだろ？
　おまえも早退するとか言い出しかねないから、
　自分の判断で俺だけ帰った訳だよ」
190400 ,,,,,,,恋鳥,恋鳥,04kot733_006.wav,kotori,,7,,,,,「大きなお世話だ。
　おばあちゃんのためなら、学園なんてどうでもいい」
190500 ,,,,,,,,,,kotori,,7,,,,,　恋鳥は今にも火を吐きそうな程に激怒して、
　俺を睨み付けたが、そこまで言われるのも、
　正直納得のいかないものがあるな……。
190600 ,,,,,,,優哉,優哉,,kotori,,7,,,,,「わかったよ……けど、良かれと思ってやったんだ。
　その事はわかってくれよ……」
190700 ,,,,,,,,,,kotori,,7,,,,,　未だに俺と恋鳥の間には隔たりがあるんだよな。
　まぁ、今のところそれを飛び越す気力もないけども。
190800 ,,,,,,,恋鳥,恋鳥,04kot733_007.wav,kotori,,5,,,,,「別に、感謝してない訳じゃない。
　恋鳥に黙って勝手なことするからだ」
190900 ,,,,,,,,,,kotori,,5,,,,,　少しは落ちついて来たのか、
　恋鳥は気まずそうにしながら俺の様子を窺っていた。
191000 ,,,,,,,優哉,優哉,,kotori,,5,,,,,「わかった……大家さんが心配してるといけないから」
191100 ,,,,,,,,,,kotori,,5,,,,,　俺は恋鳥を何とかなだめて、部屋に戻った。
191300 ,,<!move_short>,,7200,,,大家さん,大家さん,15oya733_003.wav,kotori,,3,,,,,「恋鳥ちゃんまで帰って来たのかい？
　見ての通り、たいした事はないんだから、
　あしたはちゃんと学校行って頂戴ね？」
191400 ,,,,,,,恋鳥,恋鳥,04kot733_008.wav,kotori,,0,,,,,「うん……わかってる……大丈夫だから……。
　冷蔵庫に材料あんまりないし、買い物行って来るね」
191500 ,,,,,,,,,,,,,,,,,　恋鳥は財布の中身を確認してから、
　買い物かごを手に部屋を出て行った。
191600 ,,,,,,,優哉,優哉,,,,,,,,,「あちゃー……あそこまで怒るとは思わなかったよ」
191700 ,,,,,,,,,,,,,,,,,　俺は突然の恋鳥の襲来に冷や汗をぬぐい、
　空になっていた皿を流しに持って行った。
191800 ,,,,,,,大家さん,大家さん,15oya733_004.wav,,,,,,,,「あの子は昔から、こうと決めた事は譲らなくてねぇ」
191900 ,,,,,,,,,,,,,,,,,　お茶を用意して大家さんに手渡すと、
　大家さんは目を細めながら語り始めた。
192000 ,,,,,,,優哉,優哉,,,,,,,,,「昔から、ああなんですか……」
192100 ,,,,,,,,,,,,,,,,,　意志が強いとかそういう類の話じゃなくて……。
　視野狭窄してるような感じで危なっかしいんだよな。
192200 ,,,,,,,大家さん,大家さん,15oya733_005.wav,,,,,,,,「あの子が一年留年してる事は知ってるわよね？」
192300 ,,,,,,,,,,,,,,,,,　本人から聞いた訳じゃないけど、一応うなずく。
192400 ,,,,,,,大家さん,大家さん,15oya733_006.wav,,,,,,,,「以前も私の体調を心配して学校に行かなかったり、
　早退したりして、出席数が足らなくなってねぇ……。
　それで結局、進級出来なくなっちゃって……」
192500 ,,,,,,,,,,,,,,,,,　大家さんはそうなった経緯を余程悔いているのか、
　かなり辛そうにしていた。
　自分の体調が原因で看病して貰って……じゃなぁ。
192600 ,,,,,,,優哉,優哉,,,,,,,,,「そうだったんですか……。
　詳しい経緯は知りませんでした」
192700 ,,,,,,,,,,,,,,,,,　おばあちゃと呼んではいるけど、恋鳥と大家さんは、
　只の大家と店子だよな……。
192800 ,,,,,,,,,,,,,,,,,　大家といえば親も同然店子といえば子も同然、
　とか聞いた事あるけど、度を越してるよな……。
192900 ,,,,,,,,,,,,,,,,,　だけど、普段は誰とも関わりたがらないのに、
　大家さんの事となるとあそこまで変わるのか。
193000 ,,,,,,,,,,,,,,,,,　前からよく分からない奴だとは思っていたけど……。
　けど、大家さんを思う時のあいつを見てると……。
193100 ,,,,,,,大家さん,大家さん,15oya733_007.wav,,,,,,,,「優哉くんにも、本当に世話になって……。
　こんなに迷惑かけるんじゃ……」
193200 ,,,,,,,優哉,優哉,,,,,,,,,「俺もあいつも迷惑だなんて、思ってないですよ。
　恋鳥だって大家さんに側にいて欲しいから、
　あんなに一所懸命なんだし……」
193300 ,,,,,,,大家さん,大家さん,15oya733_008.wav,,,,,,,,「そうだねぇ……私が弱気になってちゃいけないねぇ」
193400 ,,,,,,,,,,,,,,,,,　大家さんの鼻をすする音を聞くと俺まで……。
193490 ,,<!Lend_scene_change>,,,,,,,,,,,,,,,
193499 ,,<!ec_kotori_uni>,,,,,,,,,,,,,,,
193700 ,@734,,,,,,,,,,,,,,,,
194000 ,,<!Lbegin_scene_change>,8,7200,,,恋鳥,恋鳥,04kot734_001.wav,"kotori,uniform",,0,,,,,「ただいま。すぐ晩御飯の準備を……。
　って、おばあちゃん、起きてていいのか？」
194100 ,,,,,,,,,,kotori,,0,,,,,　俺と恋鳥に話しておきたい事があるからと、
　大家さんは布団を畳み、ざぶとんに座っていたのだ。
194200 ,,,,,,,大家さん,大家さん,15oya734_001.wav,kotori,,0,,,,,「恋鳥ちゃんと優哉くんに、ちょっと話があるの。
　晩御飯の準備は後でいいから、聞いてくれる？」
194300 ,,,,,,,恋鳥,恋鳥,04kot734_002.wav,kotori,,3,,,,,「いいけど……おばあちゃん、一体どうかしたの？」
194400 ,,,,,,,,,,kotori,,3,,,,,　恋鳥は冷蔵庫に買って来た物を入れながら答えた。
194500 ,,,,,,,大家さん,大家さん,15oya734_002.wav,kotori,,3,,,,,「二人には迷惑のかけどおしで本当に悪いと思ってる。
　二人の純粋な好意には本当に助かっているんだけど、
　年寄りが若者の足を引っ張るのは心苦しいんだよ」
194600 ,,,,,,,,,,kotori,,3,,,,,　大家さんは苦渋を浮かべて話を切り出した。
194700 ,,,,,,,恋鳥,恋鳥,04kot734_003.wav,kotori,,0,,,,,「どうして、そういうこと言う……。
　恋鳥もこいつも、納得ずくで暮らしてる」
194800 ,,,,,,,優哉,優哉,,kotori,,0,,,,,「それは気にしなくていいんだって、
　俺も言ってるんだけど……」
194900 ,,,,,,,大家さん,大家さん,15oya734_003.wav,kotori,,0,,,,,「聞いてちょうだい……。今の私が一番心配なのはね、
　恋鳥ちゃんと優哉くんの二人の関係なんだよ……」
195000 ,,,,,,,,,,kotori,,0,,,,,　何がそれほど心配なんだろう……。
　関係良好とは言えないけど、
　目的の為に納得も理解もしてるのに。
195100 ,,,,,,,恋鳥,恋鳥,04kot734_004.wav,kotori,,3,,,,,「こいつが不満とか言ったりしたの？」
195200 ,,,,,,,,,,kotori,,3,,,,,　お前とか、こいつとか……ひどい言われ方だな……。
195300 ,,,,,,,大家さん,大家さん,15oya734_004.wav,kotori,,3,,,,,「そういう事じゃないよ。優哉くんの事をこいつとか、
　そんな呼び方をしてる関係なのに、同居してる事に、
　無理があるんじゃないかと思ってるんだよ……」
195400 ,,,,,,,,,,kotori,,3,,,,,　大家さんがいる時は若干抑えめだったけど、
　やっぱりバレてない訳なかったか……。
195500 ,,,,,,,恋鳥,恋鳥,04kot734_005.wav,kotori,,5,,,,,「そんな事…………」
195600 ,,,,,,,大家さん,大家さん,15oya734_005.wav,kotori,,5,,,,,「だから、迷惑とか困難な事があるのなら、
　無理に続けさせる訳にはいかないの。
　優哉くん。正直な所を聞かせて頂戴……」
195700 ,,,,,,,,,,,,,,,,,　え……いきなり、俺に返答迫るなんて……。
　って、恋鳥は多分今の関係続けるって言うし、
　俺の意志を確認しておきたいって事なんだろうな。
195800 ,,,,,,,優哉,優哉,,,,,,,,,「……………………」
195900 ,,,,,,,,,,,,,,,,,　何ていえばいいのかな……。迷惑な訳じゃないけど、
　長期的にこれを続ける事には不安があるんだよな。
196000 ,,,,,,,恋鳥,恋鳥,04kot734_006.wav,kotori,,3,,,,,「…………」
196100 ,,,,,,,,,,kotori,,3,,,,,　なんで、そんな目で見るんだよ、恋鳥……。
　ズルいだろ……こんな時にそんな寂しそうな顔……。
　学校や友達にバレても問題だったりするし、うーん。
196200 ,,,,,,,優哉,優哉,,kotori,,3,,,,,「恋鳥って……口は悪いけど、これはこれでそれほど、
　悪い関係でもないんですよ。こういう共同生活も、
　ちょっと楽しくなって来てますし……」
196300 ,,,,,,,,,,kotori,,3,,,,,　嘘じゃないけど、限りなく嘘に近い思いやりだな。
　恋鳥とは最初の印象が悪すぎたんだよな……。
　この先、どうにもならないかも知れないけど……。
196400 ,,,,,,,大家さん,大家さん,15oya734_006.wav,kotori,,3,,,,,「本当かい？　優哉くん……そう言ってくれるなら、
　こんなに嬉しい事はないよ……ありがとう……」
196500 ,,,,,,,,,,kotori,,3,,,,,　大家さんは相当心配していたのか、
　目じりにながれた涙を片手で拭きながら、
　俺の手を握って上下させた。
196600 ,,,,,,,恋鳥,恋鳥,04kot734_007.wav,kotori,,90,,,,,「…………」
196700 ,,,,,,,,,,kotori,,90,,,,,　恋鳥も俺の言葉で一応納得してくれたようだ。
196900 ,,<!timepass_1_long>,,,,,恋鳥,恋鳥,04kot734_008.wav,kotori,,0,,,,,「ふぅ……明日はもっと美味しい物作るからね……」
197000 ,,,,,,,優哉,優哉,,kotori,,0,,,,,「風呂の準備出来たけど、大家さん入れる？」
197100 ,,,,,,,,,,kotori,,0,,,,,　洗い物を終えた恋鳥と風呂場から出て来た俺が、
　扉の所で接近遭遇してしまい一瞬硬直してしまった。
197200 ,,,,,,,恋鳥,恋鳥,04kot734_009.wav,kotori,,5,,,,,「通りにくいから、下がって」
197300 ,,,,,,,優哉,優哉,,kotori,,5,,,,,「お、おう……」
197400 ,,,,,,,,,,kotori,,5,,,,,　俺たちの掛け合いを大家さんは温かい目で見ていた。
197500 ,,,,,,,大家さん,大家さん,15oya734_007.wav,kotori,,5,,,,,「もう入っても大丈夫みたいだけど、
　年寄りに初湯は刺激が強すぎて良くなくてねぇ……」
197600 ,,,,,,,優哉,優哉,,kotori,,5,,,,,「じゃ、先入っていいぞ……」
197700 ,,,,,,,恋鳥,恋鳥,04kot734_010.wav,kotori,,0,,,,,「ちゃんと掃除出来てるか、チェックするぞ」
197800 ,,,,,,,,,,kotori,,0,,,,,　恋鳥はそんな憎まれ口を利いてから、
　用意していた着替えを手にして立ち上がった。
197900 ,,,,,,,大家さん,大家さん,15oya734_008.wav,kotori,,0,,,,,「あ、そうそう……何なら二人で入って来たら？」
198000 ,,,,,,,恋鳥,恋鳥,04kot734_011.wav,kotori,,2,,,,,「おばあちゃん！　なに言って……！」
198100 ,,,,,,,,,,kotori,,2,,,,,　確かに俺も何をどう聞き違えたかと思った程だった。
　恋鳥はあまりに突然の事に頬を染めているぐらいだ。
198200 ,,,,,,,大家さん,大家さん,15oya734_009.wav,kotori,,2,,,,,「裸の付き合いって言うでしょ？　そうすれば、
　二人の関係ももう少しうまくいくと思うのよ」
198300 ,,,,,,,,,,kotori,,2,,,,,　だからって、混浴薦めるのか？　大家さん……。
198400 ,,,,,,,恋鳥,恋鳥,04kot734_012.wav,kotori,,3,,,,,「そんな……けど、おばあちゃんが望んでるなら……」
198500 ,,,,,,,,,,kotori,,3,,,,,　おいっ！　いいのかよ！　と、心の中で突っ込む。
198600 ,,,,,,,優哉,優哉,,kotori,,3,,,,,「その……俺は恋鳥がいいなら……別に……いいスよ」
198700 ,,,,,,,,,,kotori,,3,,,,,　うわ、緊張してしゃべりが変になってるよ……。
　一体、どうやったら、こんな展開になるんだよ！
　うわぁ。ドキがムネムネして、とまんねぇよ……。
198800 ,,,,,,,大家さん,大家さん,15oya734_010.wav,kotori,,3,,,,,「じゃ、決まりだね。仲良く入っておいで……」
198900 ,,,,,,,,,,kotori,,3,,,,,　大家さんは満面の笑みを浮かべて俺達を送り出した。
198990 ,,<!Lend_scene_change>,0,9000,,,,,,,,,,,,,
199200 ,@735,,,,,,,,,,,,,,,,
199500 ,,<!Lbegin_scene_change>,2,9001,,,恋鳥,恋鳥,04kot735_001.wav,,,,,,,,「あんまりこっちを見るな……」
199600 ,,,,,,,,,,,,,,,,,　磨りガラスの向こうで恋鳥が着替えながら、
　こっちを牽制して来る。
　完全には見えないが意識するなというのは無理だろ。
199700 ,,,,,,,優哉,優哉,,,,,,,,,「わかってるから、早く着替えて先に入ってろよ」
199800 ,,,,,,,,,,,,,,,,,　手早く服を脱ぎ捨てながらも、
　視覚聴覚の情報は恋鳥のそれを最優先していた。
　直接見るよりエロいんだよな……こういうのって。
200000 ,,<!se_school_open>,,,,,優哉,優哉,,,,,,,,,「さすがにタオルぐらいは巻くか……」
200100 ,,,,,,,,,,,,,,,,,　恋鳥が入って行く瞬間、白い物が見えたので、
　バスタオルか何かだと判断し、少しがっくり……。
　って、恋鳥の事をどうとかじゃないけど、男の性か。
200300 ,,<!se_bath_kapon>,,,,,優哉,優哉,,,,,,,,,「まだ、入っちゃダメなんだろうな……」
200400 ,,,,,,,,,,,,,,,,,　もう服は全て脱ぎ捨てて、
　タオルで股間を隠している状態なんだが、
　なかなか許可が下りないんだよな。
200500 ,,,,,,,,,,,,,,,,,　まず、体を軽く洗ってるんだな……さすが、温泉部。
200700 ,,<!se_bath_in>,,,,,恋鳥,恋鳥,04kot735_002.wav,,,,,,,,「入って来てもいいぞ……」
200800 ,,,,,,,優哉,優哉,,,,,,,,,「お、おう……」
200900 ,,,,,,,,,,,,,,,,,　俺はつばをごくりと飲んで風呂場に入っていった。
201100 ,,,,,400441,,恋鳥,恋鳥,04kot735_003.wav,,,,,,,,「こっち見るな！
　おばあちゃんのため、仕方なくなんだぞ……」
201200 ,,,,,400441,,,,,,,,,,,,　恋鳥は浴槽に体を沈めて両ひざを抱えた体勢で、
　俺の無遠慮な視線をとがめた。
201300 ,,,,,400441,,,,,,,,,,,,　へぇ……着替えた時はバスタオルで隠してたのに。
　浴槽にタオルをつけないとは、さすが温泉部員。
201400 ,,,,,400441,,優哉,優哉,,,,,,,,,「かといって、風呂場で目をつぶっていたら、
　すべって転んで大分県になっちまうだろうが」
201500 ,,,,,400441,,,,,,,,,,,,　俺は体にかけ湯をして、浴槽に近付きながら答えた。
201600 ,,,,,400441,,恋鳥,恋鳥,04kot735_004.wav,,,,,,,,「恋鳥が入ってるんだから来るな！」
201700 ,,,,,400441,,,,,,,,,,,,　惜しい……あと一歩踏み込んでたら、
　恋鳥のあそこを拝めたかも知れないのに……。
201800 ,,,,,400441,,優哉,優哉,,,,,,,,,「はぁ？　大家さんのためなんだろ？
　そんなんじゃ、いつまで経っても変わらないだろ」
202000 ,,,,,400442,,恋鳥,恋鳥,04kot735_005.wav,,,,,,,,「まず、体を洗え……。恋鳥はまだ、心の準備が……」
202100 ,,,,,400442,,,,,,,,,,,,　うわ、ちょっと可愛かったので許す。
202300 ,,,,,400441,,優哉,優哉,,,,,,,,,「へいへい……」
202400 ,,,,,400441,,,,,,,,,,,,　とはいって、温泉と違って、さほど広くもなく、
　身体を洗っている間にもちらちら見えるんだけど。
202500 ,,,,,400441,,恋鳥,恋鳥,04kot735_006.wav,,,,,,,,「ふぅ……なんで、こんな事に……」
202600 ,,,,,400441,,,,,,,,,,,,　ため息をもらしながら、首筋に湯をかける恋鳥。
　恋鳥の視線をかいくぐって胸元に目がいってしまう。
202700 ,,,,,400441,,恋鳥,恋鳥,04kot735_007.wav,,,,,,,,「一緒に入りたいのなら、ちゃんと洗え」
202800 ,,,,,400441,,,,,,,,,,,,　あれ？　あれあれ？　それって、少し問題発言……。
　まぁ、恋鳥だけさっさと外に出たりしたら、
　大家さんを安心させる事なんて出来ないもんな。
202900 ,,,,,400441,,優哉,優哉,,,,,,,,,「へいへい……軽く湯に浸かってからの方がいいけど」
203000 ,,,,,400441,,,,,,,,,,,,　俺は仕方なく、本格的に身体を洗い始めた。
203200 ,,,,,400442,,優哉,優哉,,,,,,,,,「ん？」
203300 ,,,,,400442,,,,,,,,,,,,　なんか、さっきから恋鳥の様子が変だぞ……。
　視線がちらちらと下にいって顔が赤い……。
　うわ、息子をガン見されてるじゃん……。
203400 ,,,,,400442,,優哉,優哉,,,,,,,,,「コホン…………」
203500 ,,,,,400442,,,,,,,,,,,,　うわ、我ながらわざとらしいせき払い……。
　浴槽が邪魔になって丸見えじゃないと思うんだが。
　まぁ、こっちも見させて貰ってるから等価交換か。
203700 ,,,,,400441,,恋鳥,恋鳥,04kot735_008.wav,,,,,,,,「どうかしたのか？　風邪か？　寒いのか？」
203800 ,,,,,400441,,,,,,,,,,,,　うわ、気付いてないんだ……いや、待てよ？
203900 ,,,,,400441,,優哉,優哉,,,,,,,,,「風邪って程じゃないけど、少し寒いかな……」
204000 ,,,,,400441,,恋鳥,恋鳥,04kot735_009.wav,,,,,,,,「そ、そうなのか……それなら仕方ないな……入れ」
204100 ,,,,,400441,,優哉,優哉,,,,,,,,,「ああ、そうさせて貰うよ……」
204200 ,,,,,400441,,,,,,,,,,,,　俺は体についた泡を流した後、
　恋鳥が俺の為に浴槽から出ろうとした直前、
　稲光のような速度で浴槽に体を沈めた。
204500 ,,<!se_bath_water_h>,,,400442,,恋鳥,恋鳥,04kot735_010.wav,,,,,,,,「ば、バカっ……一緒に入っていいなんて言ってない。
　それに、お湯がもったいないぞ……」
204600 ,,,,,400442,,優哉,優哉,,,,,,,,,「ほら、もうちょっと詰めてくれよ……。
　大家さんの言う一緒に風呂ってのはこういう事だよ」
204700 ,,,,,400442,,,,,,,,,,,,　うわ、間近で恋鳥の裸身を見ると……ヤベぇ……。
　俺は大きくなろうとする息子を必死に抑え込んだ。
204800 ,,,,,400442,,恋鳥,恋鳥,04kot735_011.wav,,,,,,,,「だって、こんなの……恥ずかしすぎるぞ……」
204900 ,,,,,400442,,優哉,優哉,,,,,,,,,「バーロー……俺だって恥ずかしいんだよ。さっき、
　俺の体をじろじろ見てただろ？　お互い様だ……」
205000 ,,,,,400442,,恋鳥,恋鳥,04kot735_012.wav,,,,,,,,「優哉はひどい奴だ……。わっ！？」
205100 ,,,,,400442,,,,,,,,,,,,　恋鳥は恥ずかしさのあまり、体を隠そうとしたが、
　狭い浴槽に二人で入っているので、
　逆に尻がすべって密着してしまっていた。
205200 ,,,,,400442,,優哉,優哉,,,,,,,,,「うわっ……」
205300 ,,,,,400442,,,,,,,,,,,,　恋鳥のその動きのせいで、
　恋鳥の太ももに俺の足が触れてしまい、
　その柔らかさに俺は声を出してしまった。
205400 ,,,,,400442,,,,,,,,,,,,　ふ、ふとももが……や、やわらけぇ～～。
　頭では分かっていたつもりだけど、本物は違うよな。
　三次元が二次元に勝ってしまう瞬間なんだな……。
205500 ,,,,,400442,,,,,,,,,,,,　俺も二次元の世界に行ければ同じか……。
　って、何か俺、壊れて来てる？　ヤッベぇ……。
205600 ,,,,,400442,,恋鳥,恋鳥,04kot735_013.wav,,,,,,,,「……………………」
205700 ,,,,,400442,,,,,,,,,,,,　ふと、恋鳥の方を見ると、恋鳥は恋鳥で、
　この肉体的接触に動揺してしまっているようだった。
205800 ,,,,,400442,,優哉,優哉,,,,,,,,,「おい、大丈夫か？」
205900 ,,,,,400442,,,,,,,,,,,,　仕方ないので、俺はあぐらを組み、
　恋鳥は膝を抱える格好で共存する事になった。
206000 ,,,,,400442,,恋鳥,恋鳥,04kot735_014.wav,,,,,,,,「まったく……強引だぞ……」
206100 ,,,,,400442,,,,,,,,,,,,　恋鳥はぶつぶつ言いながらも、
　少しは落ちついて来たようだ。
206200 ,,,,,400442,,優哉,優哉,,,,,,,,,「しかし……」
206300 ,,,,,400442,,,,,,,,,,,,　同じ家に大家さんがいなければ……。
　この状態では理性を抑えきれなかったかもな……。
206400 ,,,,,400442,,,,,,,,,,,,　恋鳥も頬を赤く染めてるし……。
　こういう表情は悪くないやな……。
206500 ,,,,,400442,,優哉,優哉,,,,,,,,,「恥ずかしく思うから、恥ずかしいんだぞ？
　温泉部の活動の一環と思えば恥ずかしくない筈だ」
206600 ,,,,,400442,,恋鳥,恋鳥,04kot735_015.wav,,,,,,,,「……………………」
206700 ,,,,,400442,,,,,,,,,,,,　うわ、思いっきり温度の低そうなジト目かよ……。
　ええ、そうですよ。あわよくばガードを下げようと、
　思いましたよ……さすがにモロバレですかい……。
206800 ,,,,,400442,,優哉,優哉,,,,,,,,,「…………」
206900 ,,,,,400442,,,,,,,,,,,,　お互い向き合っているせいもあって、
　無言の緊張状態はどこまで続くんだ？
207000 ,,,,,400442,,恋鳥,恋鳥,04kot735_016.wav,,,,,,,,「その……なんだ……優哉……」
207100 ,,,,,400442,,優哉,優哉,,,,,,,,,「ん？　どうかしたのか？」
207200 ,,,,,400442,,,,,,,,,,,,　二人きりでちゃんと俺の名前を呼ぶなんて、
　珍しいな……。
207400 ,,,,,400443,,恋鳥,恋鳥,04kot735_017.wav,,,,,,,,「あの……言おう言おうと思ってたけど……。
　なかなか言えなくて……。こんな時だから、
　言ってもいいか？」
207500 ,,,,,400443,,優哉,優哉,,,,,,,,,「な、何だよ、急にかしこまって……言えよ」
207600 ,,,,,400443,,,,,,,,,,,,　まさか、愛の告白か？　って、それはないな。
　けど、この雰囲気を続けられたらヤバいかも……。
207700 ,,,,,400443,,恋鳥,恋鳥,04kot735_018.wav,,,,,,,,「優哉が……その、おばあちゃんの事を心配して……。
　いろいろ面倒みてくれたりした事……うれしかった。
　もっと早く言うつもりだったけど……優哉が……」
207800 ,,,,,400443,,優哉,優哉,,,,,,,,,「すまん……」
207900 ,,,,,400443,,,,,,,,,,,,　俺がいろいろとバカをやりすぎて、
　言う機会を逃したんだろうな。
208000 ,,,,,400443,,恋鳥,恋鳥,04kot735_019.wav,,,,,,,,「徹夜でおばあちゃんの看病してくれた時……。
　他人がそんな事してくれるなんて思ってなかった。
　うれしいけど、びっくりして……」
208100 ,,,,,400443,,優哉,優哉,,,,,,,,,「もう他人だと俺は思ってなかったんだけど……。
　いいや、続けて……」
208200 ,,,,,400443,,,,,,,,,,,,　恋鳥がその小さい胸\（笑\）にため込んでいた何かを、
　今は吐き出す時だ。もっと小さくなっても困るが。
208300 ,,,,,400443,,恋鳥,恋鳥,04kot735_020.wav,,,,,,,,「優哉……ありがとう……。
　それだけを言いたかった……」
208400 ,,,,,400443,,,,,,,,,,,,　恋鳥の頬にかすかに流れているのは涙だろうか……。
　俺はその恋鳥の表情に見入ってしまっていた。
208600 ,,<!timepass_1_long>,,,400442,,優哉,優哉,,,,,,,,,「ふぅ……いい湯だな……」
208700 ,,,,,400442,,,,,,,,,,,,　気付けば、かなりの時間湯船に浸かりっぱなしだ。
　２０分ぐらいは経っているだろうか……。
208800 ,,,,,400442,,恋鳥,恋鳥,04kot735_021.wav,,,,,,,,「はぁ…………」
208900 ,,,,,400442,,,,,,,,,,,,　聞きようによってはなまめかしい恋鳥の吐息が、
　間近に聞こえる……。
209000 ,,,,,400442,,優哉,優哉,,,,,,,,,「どうした？　のぼせそうなら、出ろよ。
　俺はもう少し入って行くけど……」
209100 ,,,,,400442,,恋鳥,恋鳥,04kot735_022.wav,,,,,,,,「うぅ……お前、分かって言ってるだろう……」
209200 ,,,,,400442,,,,,,,,,,,,　バレたか……。恋鳥が湯船を出るって事は、
　その裸身の全てを拝めるって事で……。
209300 ,,,,,400442,,優哉,優哉,,,,,,,,,「それと、ちゃんと体を洗ってるのか？」
209400 ,,,,,400442,,,,,,,,,,,,　さっきガン見されたお返しだ……。
　って、恋鳥が洗ってる所見たらある意味ヤバイけど。
209500 ,,,,,400442,,恋鳥,恋鳥,04kot735_023.wav,,,,,,,,「うるさい。いいから、目をつぶれ。
　目を開けたら、許さないぞ」
209600 ,,,,,400442,,優哉,優哉,,,,,,,,,「わかったよ。冗談だよ。出来心だよ。ついだよ」
209700 ,,,,9000,,,,,,,,,,,,,　もっと恋鳥をからかっていたかったが、
　命の危険を感じたので、俺は眼と口を閉じて、
　恋鳥が浴槽を出て体を拭いている様子を聞いていた。
209790 ,,<!Lend_scene_change>,0,9000,,,,,,,,,,,,,
210000 ,@736,,,,,,,,,,,,,,,,
210300 ,,<!Lbegin_scene_change>,8,9001,,,優哉,優哉,,,,,,,,,「ふぅーさっぱりした……」
210400 ,,,,,,,,,,,,,,,,,　恋鳥が風呂を出てから頭を洗い、
　タオルで頭の水気を取りながら浴室から出て行く。
210500 ,,,,,,,恋鳥,恋鳥,04kot736_001.wav,,,,,,,,「ちょっと、なんて格好でうろついてる」
210600 ,,,,,,,,,,,,,,,,,　もういないかと思ったら恋鳥は洗面器の所で、
　ドライヤーを使って頭をセットしていた。
210700 ,,,,,,,優哉,優哉,,,,,,,,,「へ？」
210800 ,,,,,,,,,,,,,,,,,　一瞬の事に理解が出来ない。
210900 ,,,,,,,恋鳥,恋鳥,04kot736_002.wav,,,,,,,,「隠せ…………バカ」
211000 ,,,,,,,,,,,,,,,,,　恋鳥は首にかけていたタオルを放り投げて、
　顔を背けた。
211100 ,,,,,,,優哉,優哉,,,,,,,,,「あ、そうか……すまん……」
211200 ,,,,,,,,,,,,,,,,,　腰に巻くタオルで頭拭いてたんだから、
　そりゃ無防備宣言都市（謎）だわな……。
211300 ,,,,,,,恋鳥,恋鳥,04kot736_003.wav,,,,,,,,「もうすぐ終わるから、中で待ってろ」
211400 ,,,,,,,,,,,,,,,,,　恋鳥はもう寝間着に着替えており、
　俺は仕方なく、風呂場へと戻り、
　恋鳥がいなくなるのを待って服を身につけた。
211600 ,,<!move_short>,,7201,,,優哉,優哉,,,,,,,,,「ふぅ……ん？　どうかしたか？　恋鳥……」
211700 ,,,,,,,,,,,,,,,,,　部屋に戻ると大家さんの姿はなく、
　恋鳥がテーブルの前で膝をついてぼーっとしていた。
211800 ,,,,,,,恋鳥,恋鳥,04kot736_004.wav,"kotori,pajamas",,0,,,,,「優哉…………これ…………」
211900 ,,,,,,,優哉,優哉,,kotori,,0,,,,,「どれどれ…………」
212000 ,,,,,,,,,,kotori,,0,,,,,　テーブルの上には”優哉くん・恋鳥ちゃんへ”と、
　冒頭に書かれた置き手紙が置かれていた。
212100 ,,,,,,,優哉,優哉,,kotori,,0,,,,,「なになに？　私はもう大丈夫だから、帰ります。
　二人でずっと仲良く暮らして下さいね……か」
212200 ,,,,,,,,,,kotori,,0,,,,,　反発しがちな俺たち二人にまとめ役の大家さん……。
　大家さんもこの部屋にいる事が普通になりかけてた。
　近くに住んでいるんだけど、何故か寂しさを感じる。
212300 ,,,,,,,恋鳥,恋鳥,04kot736_005.wav,kotori,,90,,,,,「おばあちゃん……」
212400 ,,,,,,,,,,kotori,,90,,,,,　恋鳥も置き手紙で里心がついたのか、
　少し寂しそうにしていた。
212500 ,,,,,,,優哉,優哉,,kotori,,90,,,,,「ふぅ……喉が渇いたな……何か飲むか？　恋鳥」
212600 ,,,,,,,恋鳥,恋鳥,04kot736_006.wav,kotori,,0,,,,,「冷蔵庫に牛乳があるはずだ。優哉も飲んでいいぞ」
212700 ,,,,,,,優哉,優哉,,kotori,,0,,,,,「恋鳥って、牛乳好きだよな……」
212800 ,,,,,,,,,,kotori,,0,,,,,　俺は冷蔵庫から紙パック入りの牛乳を取りだして、
　コップを使うのも面倒なので直飲みしてから、
　紙パックを恋鳥に手渡した。
212900 ,,,,,,,恋鳥,恋鳥,04kot736_007.wav,kotori,,1,,,,,「お、お前……。ま、まあいいか………………」
213000 ,,,,,,,,,,kotori,,1,,,,,　恋鳥は半ば笑いながらつぶやいてから、
　俺と同じように牛乳を飲み始めた。
213100 ,,,,,,,優哉,優哉,,kotori,,1,,,,,「さて、風呂も入ったし、寝冷えしない内に寝るか」
213200 ,,,,,,,,,,,,,,,,,　俺は恋鳥が牛乳を冷蔵庫に返しに行くのを見ながら、
　寝る準備を始めた。
213400 ,,<!timepass_2_short>,,7203,,,優哉,優哉,,,,,,,,,「ふぅ……もう大家さんはとっくに寝てるんだろうな」
213500 ,,,,,,,,,,,,,,,,,　時計を見ると１０時を少し回った所だ……。
　今どきの学生にしては早く寝すぎてる気もするが、
　この家には何の娯楽もないからなぁ……。
213600 ,,,,,,,恋鳥,恋鳥,04kot736_008.wav,,,,,,,,「９時には寝てるぞ。……けど、寝が浅いから、
　３時ぐらいには一度目が覚めるって言ってた」
213700 ,,,,,,,,,,,,,,,,,　電気を消して布団の中なので表情は見えないが、
　恋鳥は少し嬉しそうに大家さんの話をしていた。
213800 ,,,,,,,優哉,優哉,,,,,,,,,「そうか……年寄りは朝早いからなぁ……」
213900 ,,,,,,,恋鳥,恋鳥,04kot736_009.wav,,,,,,,,「じぃじもかなり早起きだった……。
　朝、寝てるじぃじを見たのは……最期の時だけ」
214000 ,,,,,,,優哉,優哉,,,,,,,,,「そっか……元気な人だったんだな……鉄太郎さんは」
214100 ,,,,,,,恋鳥,恋鳥,04kot736_010.wav,,,,,,,,「うん…………」
214200 ,,,,,,,,,,,,,,,,,　意図に反して少ししんみりしてしまったので、
　もう少し話を続けてみる事にする。
214300 ,,,,,,,優哉,優哉,,,,,,,,,「恋鳥は学園を卒業したら、どうするつもりなんだ？」
214400 ,,,,,,,恋鳥,恋鳥,04kot736_011.wav,,,,,,,,「そういう、お前はどうなんだ」
214500 ,,,,,,,優哉,優哉,,,,,,,,,「うーん……親は大学に行って欲しそうな感じだけど、
　観光ホテル系の専門学校でもいいかなと思ってる」
214600 ,,,,,,,恋鳥,恋鳥,04kot736_012.wav,,,,,,,,「へぇ……そんな専門学校もあるのか」
214700 ,,,,,,,,,,,,,,,,,　あまり雰囲気は変わらぬまま俺は眠りに落ちた。
214790 ,,<!Lend_night>,0,9000,,,,,,,,,,,,,
214799 ,,<!ec_kotori_pri>,,,,,,,,,,,,,,,
215000 ,@737,,,,,,,,,,,,,,,,
215300 ,,<!Lbegin_morning>,1,7200,,,優哉,優哉,,,,,,,,,「ん……ふぅ……朝か……」
215400 ,,,,,,,,,,,,,,,,,　子供の頃のような夢を見ていたような気がする。
　あの頃はどんな事にも興味を持っていたし、
　どんな事にも物怖じしなかったっけ…………。
215500 ,,,,,,,,,,,,,,,,,　その性格のせいで、軽い怪我が絶えなかったっけ。
　死んだじいちゃんは、いつも笑ってたっけ……。
215600 ,,,,,,,恋鳥,恋鳥,04kot737_001.wav,,,,,,,,「すぅ…………」
215700 ,,,,,,,,,,,,,,,,,　恋鳥の寝息が突然耳に入って来る。
　昨日はいろんな事があったよな。
　あいつの知らない一面を見たような気もする。
215800 ,,,,,,,,,,,,,,,,,　胸も貧弱だし、何だかお子様体型だけど……。
　あんな風でも……やっぱり女の子なんだよな……。
　何を今更って感じだけど、普段とのギャップがな。
215900 ,,,,,,,優哉,優哉,,,,,,,,,「…………」
216000 ,,,,,,,,,,,,,,,,,　あまり意識しすぎてもいけないんだけどな。
　妙な勘違いしたりしても、トラブルの元だし。
　昨日の事はボーナスステージか何かと思う事にする。
216200 ,,,,,,,恋鳥,恋鳥,04kot737_002.wav,,,,,,,,「んっ…………」
216300 ,,,,,,,,,,,,,,,,,　畜生……びっくりしたじゃないか……寝返りかよ。
　しかも、なまめかしい声出しやがって……。
　うぅ……今起ってんのはただの朝立ちだ……朝立ち。
216400 ,,,,,,,優哉,優哉,,,,,,,,,「ふぅ…………」
216500 ,,,,,,,,,,,,,,,,,　なんだか、二人きりの空間……しかも相手が寝てる、
　となると、急に息苦しさみたいな物を感じるな。
216600 ,,,,,,,,,,,,,,,,,　そういえば、大家さんの事を忘れてたけど、
　その後体調はどうなんだろうか……。
216700 ,,,,,,,優哉,優哉,,,,,,,,,「起きるなよ……」
216800 ,,,,,,,,,,,,,,,,,　俺は出来るだけ物音を立てないようにして、
　布団から抜け出して、玄関へと歩いていった。
217000 ,,<!move_short>,,7100,,,優哉,優哉,,,,,,,,,「普段なら、この時間にはいる筈だけど……いたよ」
217100 ,,,,,,,,,,,,,,,,,　大家さんは病み上がりだというのに、
　いつもの日課を淡々とこなしていた。
217200 ,,,,,,,大家さん,大家さん,15oya737_001.wav,,,,,,,,「あら、優哉くん。おはようさん……」
217300 ,,,,,,,,,,,,,,,,,　ほうきとちりとりを手に大家さんが振り返る。
217400 ,,,,,,,優哉,優哉,,,,,,,,,「おはよう……けど、起きてて大丈夫なの？」
217500 ,,,,,,,大家さん,大家さん,15oya737_002.wav,,,,,,,,「おかげさんで、ほぼ全快だよ……。ありがとねぇ」
217600 ,,,,,,,,,,,,,,,,,　確かにいつもの大家さんだ。顔色もいい。
　一時的な体調悪化だったんだな……良かった。
217700 ,,,,,,,優哉,優哉,,,,,,,,,「いえいえ……特に何も出来なくて……」
217800 ,,,,,,,大家さん,大家さん,15oya737_003.wav,,,,,,,,「ところで、恋鳥ちゃんは？」
217900 ,,,,,,,,,,,,,,,,,　俺だけ出て来たので、喧嘩でもしたと思ったかな？
218000 ,,,,,,,優哉,優哉,,,,,,,,,「や、俺だけ早く目が覚めちゃって……まだ寝てます」
218100 ,,,,,,,大家さん,大家さん,15oya737_004.wav,,,,,,,,「あのね……こんな事を頼めた義理じゃないんだけど」
218200 ,,,,,,,,,,,,,,,,,　大家さんは少し悩んでいるようだったが口を開いた。
218300 ,,,,,,,優哉,優哉,,,,,,,,,「何でしょう？　俺で出来る事なら言って下さいよ」
218400 ,,,,,,,大家さん,大家さん,15oya737_005.wav,,,,,,,,「ほかでもない恋鳥ちゃんの事なんだけどね……。
　鉄太郎さんが亡くなってからのあの子には、
　どうしても支えが必要なんだけど……」
218500 ,,,,,,,優哉,優哉,,,,,,,,,「ええ…………」
218600 ,,,,,,,,,,,,,,,,,　俺には家があり家族があるけど、
　恋鳥には守ってくれる肉親はいないんだよな。
218700 ,,,,,,,大家さん,大家さん,15oya737_006.wav,,,,,,,,「今は私に依存している事で、何とかなってるけどね、
　いずれ私がいなくなった時が怖くてたまらないの」
218800 ,,,,,,,,,,,,,,,,,　言わんとする所は理解出来る……。
　その時点まで俺たちが今のような関係を維持出来て、
　いられるかは謎だけど。今は俺しかいないんだよな。
218900 ,,,,,,,優哉,優哉,,,,,,,,,「でも、正直なところ……俺でいいんでしょうか？
　時々思うんですけど今の関係はいつまでも続かない。
　前進するか後退するかしかないと思うんです」
219000 ,,,,,,,大家さん,大家さん,15oya737_007.wav,,,,,,,,「それは優哉くんでなくても誰でも起こりうる事よね」
219100 ,,,,,,,優哉,優哉,,,,,,,,,「最初は良好な関係じゃなかったし、今の関係だって、　大家さんがいるから　何とかまとまってる状態だし、
　俺が恋鳥を傷つけるような事になったらと……」
219200 ,,,,,,,,,,,,,,,,,　このまま大家さんがいなくなれば、
　俺たちはお互いを傷つけあうかも知れない。
　その時、より大きい傷を負うのは恋鳥だろう……。
219300 ,,,,,,,,,,,,,,,,,　それを考えると、適任が現れるまでは、
　友達というスタンスで居続けた方がいいような気も。
219400 ,,,,,,,大家さん,大家さん,15oya737_008.wav,,,,,,,,「そうやって悩みながらも恋鳥ちゃんと向き合おうと
　してる優哉くんだから、優哉くんに支えて欲しいの。
　私は優哉くんでないとダメだと思っているのね……」
219500 ,,,,,,,優哉,優哉,,,,,,,,,「そこまで、俺の事を信頼してくれていいんですか？
　俺は今どきの子供で責任感も薄いし自分勝手だし、
　いつ、自分の欲望で恋鳥を汚してしまうかも……」
219600 ,,,,,,,,,,,,,,,,,　恋人というにはほど遠い存在だけど……。
　目の前に自分を頼りにしてくれる女の子がいれば、
　恋愛感情が芽生えてなくても手を出すかも知れない。
219700 ,,,,,,,,,,,,,,,,,　俺にとっては、そうなるのが一番怖いんだよな……。
　全然自分の事も恋鳥の事も信用出来ていない……。
　こんな俺に本当に恋鳥を支えられるんだろうか……。
219800 ,,,,,,,大家さん,大家さん,15oya737_009.wav,,,,,,,,「そうやって、自分の事を客観的に判断出来るのなら、
　大丈夫よ。最初から何でもうまくいく人はいないし、
　後は二人で築き上げていくものでしょ？」
219900 ,,,,,,,,,,,,,,,,,　大家さんは俺の肩を叩いて話が終わった事を示した。
219990 ,,<!Lend_move>,0,9000,,,,,,,,,,,,,
220200 ,@738,,,,,,,,,,,,,,,,
220500 ,,<!Lbegin_move>,2,7200,,,優哉,優哉,,,,,,,,,「ふぅ……朝から頭を使いすぎた」
220600 ,,,,,,,,,,,,,,,,,　俺は大家さんと別れて恋鳥の部屋に戻って来た。
220700 ,,,,,,,恋鳥,恋鳥,04kot738_001.wav,,,,,,,,「すぅ……すぅ……」
220800 ,,,,,,,,,,,,,,,,,　恋鳥はまだ寝ているようだが、たぬき寝入りか？
　やはり、確かめてみる必要があるだろう……。
220900 ,,,,,,,優哉,優哉,,,,,,,,,「…………」
221000 ,,,,,,,,,,,,,,,,,　俺は足音を立てずに恋鳥の側まで歩いていった。
　もし、たぬき寝入りなら鼻をつまんでやろうかな。
221100 ,,,,,,,恋鳥,恋鳥,04kot738_002.wav,,,,,,,,「すぅ……」
221200 ,,,,,,,,,,,,,,,,,　やべえ……やけに寝顔が可愛いじゃねーか。
　起きている時は眉根が寄っている事あり、
　無防備な状態の恋鳥の寝顔は可愛かった。
221300 ,,,,,,,優哉,優哉,,,,,,,,,「さて、学校の準備でもするか……」
221400 ,,,,,,,,,,,,,,,,,　俺は時間割を確かめて必要な物を鞄に詰めていった。
　今日は体育があるから、体操服もか……。
　体育が合同だったら、恋鳥の体操服姿も……。
221600 ,,<!timepass_1_long>,,,,,恋鳥,恋鳥,04kot738_003.wav,"kotori,pajamas",,0,,,,,「今、何時？」
221700 ,,,,,,,優哉,優哉,,kotori,,0,,,,,「７時ちょいって所かな。そろそろ起きろよ」
221800 ,,,,,,,恋鳥,恋鳥,04kot738_004.wav,kotori,,6,,,,,「うん……」
221900 ,,,,,,,,,,kotori,,6,,,,,　恋鳥は昨日の事を思い出したのか、
　俺の顔を見て、少し頬を染めていた。
222000 ,,,,,,,優哉,優哉,,,,,,,,,「じゃ、朝飯の準備するか」
222100 ,,,,,,,,,,,,,,,,,　恋鳥が着替え始めたので、俺は朝食の準備を始めた。
　昨日の内に大家さんが準備してくれているから、
　たいして手間も時間もかからない。
222300 ,,,,,400453,,優哉,優哉,,,,,,,,,「大家さんの作るご飯食べるまではパン党だったのに、
　最近はご飯じゃないと力が出ないんだよな……」
222400 ,,,,,400453,,,,,,,,,,,,　まぁ、時間のない時はパンで済ますけどな。
222500 ,,,,,400453,,優哉,優哉,,,,,,,,,「やっぱり、目玉焼きには醤油だな……。
　恋鳥、佃煮取ってくれよ……佃煮」
222600 ,,,,,400453,,恋鳥,恋鳥,04kot738_005.wav,,,,,,,,「前のは全部食べたから、新しいのになるけど」
222700 ,,,,,400453,,,,,,,,,,,,　恋鳥は段ボール箱から、瓶を取り出した。
　今日のは一体何が入っているんだか。
222800 ,,,,,400453,,優哉,優哉,,,,,,,,,「どれ……ん？　別に普通っぽいけどな……」
222900 ,,,,,400453,,,,,,,,,,,,　俺は白飯の上に佃煮を乗せて、箸でかき込んだ。
223000 ,,,,,400453,,優哉,優哉,,,,,,,,,「何か、じゃこみたいなのが入ってるみたいだな。
　って、何かやたら太いじゃこが交じってた」
223100 ,,,,,400453,,,,,,,,,,,,　口の中で違和感を感じる”それ”を取り出してみる。
223200 ,,,,,400453,,優哉,優哉,,,,,,,,,「あれ……大家さんって、長野出身じゃないよな……」
223300 ,,,,,400453,,恋鳥,恋鳥,04kot738_006.wav,,,,,,,,「違うと思うけど身体にいい物なら何でもいいみたい」
223400 ,,,,,400453,,,,,,,,,,,,　って、事はこれが噂のざざ虫って奴かぁぁー。
　俺は佃煮の正体に気付いて背筋を凍らせた。
223500 ,,,,,400453,,,,,,,,,,,,　味は普通だったので、早口で食べて食事を終えた。
　学校に行く間もリフレインしたのには閉口した。
223590 ,,<!Lend_scene_change>,0,9000,,,,,,,,,,,,,
223800 ,@739,,,,,,,,,,,,,,,,
224100 ,,<!Lbegin_scene_change>,2,4500,,,優哉,優哉,,,,,,,,,「うーす……おはよー」
224200 ,,,,,,,,,,"manaka,uniform",,0,"kotori,uniform",,0,,　恋鳥と時間をずらす為に男子トイレに入ってから、
　教室に入ると、恋鳥と愛歌が世間話していた。
224300 ,,,,,,,愛歌,愛歌,01man739_001.wav,manaka,,1,kotori,,0,,「あ、優哉ちゃん、おはよーっ！
　今ね、恋鳥ちゃんと、音楽の課題の話してたのー」
224400 ,,,,,,,,,,manaka,,1,kotori,,0,,　うーん、あんまり興味のある話題じゃないなぁ……。
　愛歌はいつも俺を話に引き込もうとするなぁ。
224500 ,,,,,,,恋鳥,恋鳥,04kot739_001.wav,manaka,,0,kotori,,5,,「あんまり音楽は得意じゃない……譜面も読めないし」
224600 ,,,,,,,,,,manaka,,0,kotori,,5,,　そのままのイメージだな。
224700 ,,,,,,,優哉,優哉,,manaka,,0,kotori,,0,,「小学校低学年の頃にちょろっとピアノ習ったけど、
　もう全然覚えてないぐらいだからなぁ……」
224800 ,,,,,,,,,,,,,,,,,　そういえば、大和はピアノも弾けるんだっけ……。
224900 ,,,,,,,大和,大和,08yam739_001.wav,"yamato,uniform",,3,,,,,「…………」
225000 ,,,,,,,,,,,,,,,,,　うーん……声をかけようかと思ったけど、気まずい。
　それは大和も同じみたいだけど、複雑だなぁ……。
225100 ,,,,,,,優哉,優哉,,manaka,,0,kotori,,0,,「ん……何か頭の芯が重い感じだ」
225200 ,,,,,,,,,,manaka,,0,kotori,,0,,　俺は軽く頭を振ってから席に座る。
　もしかして、今朝のアレのせいか？
　いや、さすがにそれは違うか。
225300 ,,,,,,,愛歌,愛歌,01man739_002.wav,manaka,,3,kotori,,3,,「えーっ大丈夫なの？　優哉ちゃん」
225400 ,,,,,,,,,,,,,,,,,　愛歌が心配してくれるが、ＨＲが始まってしまう。
225480 ,,,,,,,優哉,優哉,,manaka,,3,kotori,,3,,「気にすんなって。これぐらい、なんてことはないぜ」
225489 ,,,,,,,,,,manaka,,3,kotori,,3,,　とりあえず、強がっておいた。
225490 ,,<!Lend_day_change>,0,9000,,,,,,,,,,,,,
225499 ,,<!ec_kotori_uni>,,,,,,,,,,,,,,,
225700 ,@740,,,,,,,,,,,,,,,,
226000 ,,<!Lbegin_day_change>,8,7200,,,優哉,優哉,,,,,,,,,「ふぅ……もう昼か……うぇぇ……頭重い上に、
　鼻まで詰まってやがる……嫌なんだよなぁ……」
226100 ,,,,,,,,,,,,,,,,,　俺はティッシュを数枚引き出して鼻をかんだ。
226200 ,,,,,,,優哉,優哉,,,,,,,,,「ふぇっ……ふぇっ……ふぃっくしょんっ！」
226300 ,,,,,,,,,,,,,,,,,　急に背中に寒気が走り、俺は派手にくしゃみをした。
　こりゃ、完全に風邪を引いたみたいだな……。
　今日が休みで良かったよ……。
226400 ,,,,,,,恋鳥,恋鳥,04kot740_001.wav,"kotori,pajamas",,0,,,,,「起きたのか……大丈夫か？　優哉」
226500 ,,,,,,,,,,kotori,,0,,,,,　隣で本を読みながらうたた寝してたっぽい、
　恋鳥がこちらをうかがいながら声をかける。
226600 ,,,,,,,優哉,優哉,,kotori,,0,,,,,「んー……風邪引いちまったみたいだな……喉いてぇ」
226700 ,,,,,,,,,,kotori,,0,,,,,　相変わらず頭に重しでも乗せられてるかのようだ。
　まだ、せきは出てないけど、喉も痛くて不快感が。
226800 ,,,,,,,恋鳥,恋鳥,04kot740_002.wav,kotori,,5,,,,,「おばあちゃんといい、風邪が流行っているのか？」
226900 ,,,,,,,優哉,優哉,,kotori,,5,,,,,「どうだろう……恋鳥は何ともないんだな？」
227000 ,,,,,,,恋鳥,恋鳥,04kot740_003.wav,kotori,,0,,,,,「恋鳥は、普段と一緒だ」
227100 ,,,,,,,,,,kotori,,0,,,,,　恋鳥もあまり体が丈夫そうな感じはしないが、
　今風邪じゃないのなら、移すのもマズイな。
227200 ,,,,,,,優哉,優哉,,kotori,,0,,,,,「そっか……じゃ、俺……家に帰るわ……」
227300 ,,,,,,,,,,kotori,,0,,,,,　俺は体をふらつかせながらも立ち上がろうとした。
227400 ,,,,,,,恋鳥,恋鳥,04kot740_004.wav,kotori,,7,,,,,「そんな、ふらついてて何言ってる……。
　お前は恋鳥が看病する。寝ていろ」
227500 ,,,,,,,,,,kotori,,7,,,,,　恋鳥は起きあがろうとしていた俺は布団に押し戻す。
227600 ,,,,,,,優哉,優哉,,kotori,,7,,,,,「ちょっ……家に帰るぐらい大丈夫だって……。
　それに、おまえ出席日数がヤバイだろ……」
227700 ,,,,,,,恋鳥,恋鳥,04kot740_005.wav,kotori,,7,,,,,「うるさい。これでもくわえていろ」
227800 ,,,,,,,,,,kotori,,7,,,,,　恋鳥は救急箱をどこからともなく取り出して、
　俺の口に体温計をくわえさせた。
227900 ,,,,,,,優哉,優哉,,kotori,,7,,,,,「うぅー…………」
228000 ,,,,,,,,,,kotori,,7,,,,,　体温計を口で計るなんて初めてだよ……。
　しかもこれ、水銀の奴だし、危ねぇ……。
228100 ,,,,,,,,,,kotori,,7,,,,,　数分後……。
228200 ,,,,,,,恋鳥,恋鳥,04kot740_006.wav,kotori,,3,,,,,「３７度６分……立派な風邪だから、寝てろ……。
　えーと、暖かくして汗をかかせるんだったな」
228300 ,,,,,,,,,,kotori,,3,,,,,　恋鳥はそう言うや、たんすの中をひっかきまわして、
　冬物のセーターやらマフラーを取り出した。
228400 ,,,,,,,優哉,優哉,,kotori,,3,,,,,「おい！　それを俺に着ろってか……女物じゃないか」
228500 ,,,,,,,,,,kotori,,3,,,,,　まぁ、恋鳥の家のたんすに男物がある方が問題か。
228600 ,,,,,,,恋鳥,恋鳥,04kot740_007.wav,kotori,,7,,,,,「うるさい！　病人は素直に言う事聞いておけ！」
228700 ,,,,,,,優哉,優哉,,kotori,,7,,,,,「うう……これが嫌だから家に帰りたかったんだが」
228800 ,,,,,,,,,,kotori,,7,,,,,　今更、タクシー呼んで帰るといっても無理だろう。
　俺は渋々恋鳥のセーター等を着込んでいった。
228900 ,,,,,,,,,,kotori,,7,,,,,　数分後……。
229000 ,,,,,,,優哉,優哉,,kotori,,7,,,,,「あちー……確かに汗をかくけど、ここまでやると、
　逆に苦しいような気がするんだけどな……」
229100 ,,,,,,,恋鳥,恋鳥,04kot740_008.wav,kotori,,0,,,,,「我慢しろ……恋鳥がついていてやるから……」
229200 ,,,,,,,,,,kotori,,0,,,,,　あの……それ、全然安心出来ないんですけども……。
229300 ,,,,,,,,,,kotori,,0,,,,,　数分後……。
229400 ,,,,,,,恋鳥,恋鳥,04kot740_009.wav,kotori,,0,,,,,「昼飯が出来たぞ……優哉。ほら、起きろって。
　これなら、どんな病人でも床からはい出す筈だ」
229500 ,,,,,,,,,,kotori,,0,,,,,　って、死人が棺からはい出す類じゃなかろうな。
229600 ,,,,,,,優哉,優哉,,kotori,,0,,,,,「雑炊か。って、なんだ？　このゴロゴロしてるのは」
229700 ,,,,,,,恋鳥,恋鳥,04kot740_010.wav,kotori,,0,,,,,「ニンニクだ！　じぃじは生で丸かじりしてたから、
　あんなに元気だったんだぞ？　ほら、食え……」
229800 ,,,,,,,優哉,優哉,,kotori,,0,,,,,「あのなぁ……こんな状態でそんなもん食ったら、
　余計悪くなるから……勘弁してくれよ……」
229900 ,,,,,,,恋鳥,恋鳥,04kot740_011.wav,kotori,,5,,,,,「むぅ……」
230000 ,,,,,,,,,,kotori,,5,,,,,　雑炊を横取りしてニンニクの塊を口に入れる恋鳥。
　そりゃ、その状態じゃ食えたもんじゃないだろう。
230100 ,,,,,,,優哉,優哉,,kotori,,5,,,,,「食えないだろ？　それに、雑炊よりおかゆがいいな」
230200 ,,,,,,,恋鳥,恋鳥,04kot740_012.wav,kotori,,3,,,,,「おかゆ？　おかゆはどうやって作るんだ？」
230300 ,,,,,,,,,,kotori,,3,,,,,　おいおい、マジですか……これがゆとり教育か？
230400 ,,,,,,,優哉,優哉,,kotori,,3,,,,,「大家さんに聞いてくればいいじゃないか」
230500 ,,,,,,,恋鳥,恋鳥,04kot740_013.wav,kotori,,7,,,,,「それはダメだぞ。
　おばあちゃんもまだ本調子じゃないし、
　優哉の事は恋鳥が看病する」
230600 ,,,,,,,,,,kotori,,7,,,,,　うぇぇ……そう来ましたか……。
230700 ,,,,,,,優哉,優哉,,kotori,,90,,,,,「仕方ないな……教えてやるから、横で見てろ」
230800 ,,,,,,,,,,kotori,,90,,,,,　俺は立ち上がり、台所の前へ歩いていった。
　厚着してるのもあって、体の動きが重くてのろい。
230900 ,,,,,,,恋鳥,恋鳥,04kot740_014.wav,kotori,,4,,,,,「覚える……ちゃんと覚えるから……」
231000 ,,,,,,,優哉,優哉,,,,,,,,,「わかったわかった……えーとこの雑炊を再利用って、
　ニンニクはまずいな。後で焼いて食うか……。
　ったく、なんで病人のはずの俺が料理してんだか」
231100 ,,,,,,,,,,,,,,,,,　俺は恋鳥作の謎雑炊からニンニクを取り出して、
　土鍋に雑炊を入れて水を足して梅干しを投入して、
　ことことと煮始めた。
231200 ,,,,,,,,,,,,,,,,,　数分後……。
231300 ,,,,,,,恋鳥,恋鳥,04kot740_015.wav,kotori,,1,,,,,「ん……おいしい……。
　梅干しはあんまり好きじゃないけど、これなら……」
231400 ,,,,,,,,,,kotori,,1,,,,,　恋鳥は旨そうにおかゆを口にしていた。
　なんだか、倍疲れたような気分だ。
231500 ,,,,,,,優哉,優哉,,,,,,,,,「んー……頭重いし寝るわ……夕方になったら、
　起こしてくれよ……」
231600 ,,,,,,,,,,,,,,,,,　俺ははいずるように布団に潜り込んでいった。
231800 ,,<!timepass_2_long>,,7201,,,優哉,優哉,,,,,,,,,「うー……もう夕方か……夢も見なかったよ……」
231900 ,,,,,,,,,,,,,,,,,　気付くと額に塗らしたタオルが乗せられている。
　が、氷を切らしていたのか、かなりぬるかった。
232000 ,,,,,,,恋鳥,恋鳥,04kot740_016.wav,kotori,,3,,,,,「優哉……汗かいてるな。拭いてやるぞ」
232100 ,,,,,,,優哉,優哉,,kotori,,3,,,,,「え？　いいって……自分で拭くから……あれっ」
232200 ,,,,,,,,,,kotori,,3,,,,,　身体が重く、すぐには動き出せない……。
　こりゃ、３８度は間違いなく超えてるな……。
232300 ,,,,,,,恋鳥,恋鳥,04kot740_017.wav,kotori,,0,,,,,「遠慮するな……おばあちゃんの看病してくれた礼だ」
232400 ,,,,,,,,,,kotori,,0,,,,,　そう言って恋鳥は俺の手を引いて起きあがらせて、
　汗が染みこんだセーターやら寝間着の上を脱がせた。
232500 ,,,,,,,恋鳥,恋鳥,04kot740_018.wav,kotori,,1,,,,,「気持ちいいか？　背中も拭かないと……」
232600 ,,,,,,,,,,kotori,,1,,,,,　恋鳥に上半身を拭かれている内に、意識が遠く……。
232700 ,,,,,,,恋鳥,恋鳥,04kot740_019.wav,kotori,,0,,,,,「下も拭いてやろうか？　いいんだな」
232800 ,,,,,,,,,,,,,,,,,　ちょ、どさくさに紛れて何言ってるんだ……。
　って、あれ……あれ……視界が暗く…………。
233100 ,,<!timepass_2_long>,,7202,,,優哉,優哉,,,,,,,,,「う……何か暗くなってるし……」
233200 ,,,,,,,,,,,,,,,,,　一体、どれだけの間意識がなかったんだ？
233300 ,,,,,,,恋鳥,恋鳥,04kot740_020.wav,kotori,,0,,,,,「そういえば、救急箱に風邪薬があった。飲むか？」
233400 ,,,,,,,,,,kotori,,0,,,,,　今更な感じだが、夜に熱が上がる傾向があるからな。
233500 ,,,,,,,優哉,優哉,,kotori,,0,,,,,「飲む……って、粉薬じゃないだろうな？」
233600 ,,,,,,,,,,kotori,,0,,,,,　こんだけ弱った状態で粉薬は辛いんだよ。
233700 ,,,,,,,恋鳥,恋鳥,04kot740_021.wav,kotori,,1,,,,,「大丈夫……錠剤。大人は三錠か……。
　ほら優哉、口をあけろ」
233800 ,,,,,,,優哉,優哉,,kotori,,1,,,,,「あ、ああ……よっと」
233900 ,,,,,,,,,,kotori,,1,,,,,　腕を持ち上げるのもしんどい感じだ。
234000 ,,,,,,,恋鳥,恋鳥,04kot740_022.wav,kotori,,0,,,,,「水……水……」
234100 ,,,,,,,,,,kotori,,0,,,,,　おいっ！　そういうのを用意してから飲ませろよ。
　口の中が苦いじゃねーか、コンチクショー。
234200 ,,,,,,,恋鳥,恋鳥,04kot740_023.wav,kotori,,0,,,,,「あったあった……優哉、頭をもっとあげろ」
234300 ,,,,,,,,,,kotori,,0,,,,,　恋鳥はミネラルウォーターのペットボトルを、
　手にして、俺の口元に近づけて来た。
234400 ,,,,,,,優哉,優哉,,kotori,,0,,,,,「無理……曲がるストローとかないのか？」
234500 ,,,,,,,恋鳥,恋鳥,04kot740_024.wav,kotori,,1,,,,,「使い切ったみたいだ……。何なら、口移しでも……」
234600 ,,,,,,,,,,kotori,,1,,,,,　その言葉に俺は死力を振り絞って頭を上げた。
234700 ,,,,,,,優哉,優哉,,kotori,,1,,,,,「んっ……んっ……ぷはぁ……汗かいてるんだから、
　もっと水分補給しないといけないんだよな。
　スポーツドリンクがあれば飲みたいんだが……」
234800 ,,,,,,,恋鳥,恋鳥,04kot740_025.wav,kotori,,90,,,,,「スポーツドリンク……はないな。ちょっと見てみる」
234900 ,,,,,,,,,,,,,,,,,　恋鳥は冷蔵庫の方にいって、調べ始めた。
235000 ,,,,,,,恋鳥,恋鳥,04kot740_026.wav,,,,,,,,「んー……こんなのしかないけど、体に良さそうだ」
235100 ,,,,,,,,,,kotori,,1,,,,,　恋鳥が持ってきたのはまむし入りドリンクだった。
235200 ,,,,,,,優哉,優哉,,kotori,,1,,,,,「なんで、こんなもん冷蔵庫に入ってるんだよ……」
235300 ,,,,,,,恋鳥,恋鳥,04kot740_027.wav,kotori,,1,,,,,「前に試供品もらったの忘れてた。ほら、飲め」
235400 ,,,,,,,,,,kotori,,1,,,,,　恋鳥は俺の返事を待たずキャップを開けて、
　瓶の口を俺にくわえさせた。
235500 ,,,,,,,優哉,優哉,,kotori,,1,,,,,「んっ……んっ……んぁ……はぁ……」
235600 ,,,,,,,,,,kotori,,1,,,,,　風邪で弱った体で一気のみは辛いんだがな。
　って、別の所が元気になったらどうするんだよ。
235700 ,,,,,,,恋鳥,恋鳥,04kot740_028.wav,kotori,,0,,,,,「晩御飯はどうする？　また、おかゆか？」
235800 ,,,,,,,優哉,優哉,,kotori,,0,,,,,「わかった……作るよ……って、体が重い」
235900 ,,,,,,,恋鳥,恋鳥,04kot740_029.wav,kotori,,0,,,,,「じゃ、恋鳥が作る……待ってて」
236000 ,,,,,,,優哉,優哉,,kotori,,0,,,,,「待て待て！　そこにあるあんパンでいいだろ……」
236100 ,,,,,,,,,,kotori,,0,,,,,　この状態で昼間みたいな事やったらぶっ倒れる。
　俺はあんパンをちぎって一口づつ食べていった。
236300 ,,<!timepass_2_long>,,7203,,,優哉,優哉,,,,,,,,,「うー……気持ち悪い……」
236400 ,,,,,,,,,,,,,,,,,　１０時ぐらいに目が覚めると、
　吐き気こそないものの、目まいを感じていた。
236500 ,,,,,,,恋鳥,恋鳥,04kot740_030.wav,kotori,,3,,,,,「大丈夫か……優哉。かなり熱があるぞ……」
236600 ,,,,,,,,,,kotori,,3,,,,,　んー。この感じだと９度いっちゃったかも。
　って、寝ずに看病してくれていたのか……。
236700 ,,,,,,,優哉,優哉,,kotori,,3,,,,,「そうみたいだけど……何も考えられん……」
236800 ,,,,,,,,,,kotori,,3,,,,,　だけど、一晩熱を出して汗をかけば、
　かなり楽になるタイプなんだよな、俺は。
236900 ,,,,,,,恋鳥,恋鳥,04kot740_031.wav,kotori,,0,,,,,「あ、そういえば民間療法で……ちょっと待て」
237000 ,,,,,,,,,,,,,,,,,　そう言って冷蔵庫へと歩いて行く恋鳥。
　何か嫌な予感がバリバリするんだが……。
237100 ,,,,,,,恋鳥,恋鳥,04kot740_032.wav,kotori,,1,,,,,「あったあった。ネギは風邪にいいんだからな」
237200 ,,,,,,,優哉,優哉,,kotori,,1,,,,,「ネギを首に巻くのか？　咳はないし、違うだろ」
237300 ,,,,,,,恋鳥,恋鳥,04kot740_033.wav,kotori,,1,,,,,「熱を下げるのにいいって、確か、
　おばあちゃんが言ってた」
237400 ,,,,,,,,,,kotori,,1,,,,,　嫌な予感的中……冷や汗がどっと流れるのを感じる。
237500 ,,,,,,,優哉,優哉,,kotori,,1,,,,,「おいおい……ネギは勘弁してくれよ……」
237600 ,,,,,,,恋鳥,恋鳥,04kot740_034.wav,kotori,,5,,,,,「えーと、鼻に刺すんだったか……入らないな……」
237700 ,,,,,,,優哉,優哉,,kotori,,5,,,,,「違う！　そんな太いネギが鼻に入るか！」
237800 ,,,,,,,恋鳥,恋鳥,04kot740_035.wav,kotori,,5,,,,,「鼻じゃない？　口でもなければ…………」
237900 ,,,,,,,,,,kotori,,5,,,,,　恋鳥は何かを思い出そうとしているようだけど、
　さすがにアレを実体験した訳じゃないなら、
　分からないだろうな……って、俺も一度きりだが。
238000 ,,,,,,,恋鳥,恋鳥,04kot740_036.wav,kotori,,0,,,,,「わかった、尻だ。尻！
　ほら、パンツおろせ優哉……」
238100 ,,,,,,,,,,kotori,,0,,,,,　頼むからそんな言葉を連呼すんな。
238200 ,,,,,,,優哉,優哉,,kotori,,0,,,,,「それだけは勘弁してくれ……余計に熱が上がる」
238300 ,,,,,,,恋鳥,恋鳥,04kot740_037.wav,kotori,,1,,,,,「大丈夫。さっき着替えさせる時に見たから、
　もう恥ずかしくないだろ……言う事を聞け！」
238400 ,,,,,,,,,,kotori,,1,,,,,　うわ、暴君だ。暴君恋鳥がいる……。
　その後も散々恋鳥の暴虐に抵抗したあげく、
　自分でネギを尻に入れるハメになったのは秘密だ。
238490 ,,<!Lend_day_change>,0,9000,,,,,,,,,,,,,
238700 ,@741,,,,,,,,,,,,,,,,
239000 ,,<!Lbegin_day_change>,2,7210,,,優哉,優哉,,,,,,,,,「ふぅ……もう鼻も詰まってないし、熱もないな」
239100 ,,,,,,,,,,,,,,,,,　昨夜は散々な目にあったが、回復しているようだ。
　起きあがるのもスムーズだし、頭も痛くない。
239200 ,,,,,,,恋鳥,恋鳥,04kot741_001.wav,"kotori,pajamas",,1,,,,,「だいぶ良くなったみたいだぞ。恋鳥のおかげだ」
239300 ,,,,,,,,,,kotori,,1,,,,,　それを言い切れる根拠を見せろと小一時間……。
239400 ,,,,,,,優哉,優哉,,kotori,,1,,,,,「いやー一応検討してみたけど、それはないわ」
239500 ,,,,,,,恋鳥,恋鳥,04kot741_002.wav,kotori,,5,,,,,「何でだ。ちゃんと看病してあげたぞ」
239600 ,,,,,,,優哉,優哉,,kotori,,5,,,,,「ちゃんと……ねぇ。看病してくれた事に対しては、
　お礼を言う事はやぶさかじゃないけどな」
239700 ,,,,,,,恋鳥,恋鳥,04kot741_003.wav,kotori,,7,,,,,「ムカつく……。けど、元気になったならいいか」
239800 ,,,,,,,,,,kotori,,1,,,,,　恋鳥は少し柔らかい表情で、笑みを浮かべていた。
239900 ,,,,,,,優哉,優哉,,kotori,,1,,,,,「ところでさっきから気になってたんだが、恋鳥よ。
　パンダのぬいぐるみが増えてるような気がするが」
240000 ,,,,,,,,,,kotori,,1,,,,,　恋鳥の部屋の細部まで覚えてる訳じゃないから、
　あくまで印象なんだが、前より増えている気がする。
　っていうか、パンダが好きなんだな……。
240100 ,,,,,,,恋鳥,恋鳥,04kot741_004.wav,kotori,,0,,,,,「ん、気のせいだぞ……」
240200 ,,,,,,,,,,kotori,,0,,,,,　そうなのか……けど、最初の頃に比べると、
　丸くなって来たのかけんか腰にならなくなったよな。
240290 ,,<!Lend_day_change>,0,9000,,,,,,,,,,,,,
240299 ,,<!ec_kotori_pri>,,,,,,,,,,,,,,,
240500 ,@742,,,,,,,,,,,,,,,,
240800 ,,<!Lbegin_day_change>,8,7210,,,優哉,優哉,,,,,,,,,「ふぅ。月曜に休んでると祭日みたいだな……」
240900 ,,,,,,,,,,,,,,,,,　今日は振り替え休日なので、土曜から三連休だ。
　三日目ともなると退屈するけど、娯楽もないしな。
241000 ,,,,,,,恋鳥,恋鳥,04kot742_001.wav,"kotori,pajamas",,7,,,,,「そんなにやる事がないなら、家の用事でもしろ」
241100 ,,,,,,,,,,kotori,,7,,,,,　俺の独り言を聞いていたのか、
　大家さんの所に顔を出していた恋鳥が現れる。
241200 ,,,,,,,優哉,優哉,,kotori,,7,,,,,「家の用事ねぇ。けど、ここはお前の家だしな……。
　あまり勝手にいろいろいじる訳にもいかんだろう」
241300 ,,,,,,,恋鳥,恋鳥,04kot742_002.wav,kotori,,0,,,,,「恋鳥の家だというなら、恋鳥が家長でお前は居候だ。
　恋鳥の方が年上なんだから、言う事聞け」
241400 ,,,,,,,優哉,優哉,,kotori,,0,,,,,「百歩譲って家長の方は認めるとしてもだ。
　年上ったって、同級生なんだし、あんまり関係は」
241500 ,,,,,,,恋鳥,恋鳥,04kot742_003.wav,kotori,,7,,,,,「あるぞ。
　……そうだ、まずは洗濯物を干してもらおうか」
241600 ,,,,,,,優哉,優哉,,kotori,,7,,,,,「はぁ？　ボロいけど、乾燥機あるじゃないか」
241700 ,,,,,,,恋鳥,恋鳥,04kot742_004.wav,kotori,,7,,,,,「いい天気なんだから、それぐらいしろ。
　それとも、草むしりの方がいいか？」
241800 ,,,,,,,優哉,優哉,,kotori,,7,,,,,「喜んで干させて頂きます」
241900 ,,,,,,,,,,kotori,,7,,,,,　って、恋鳥の下着類があるから、
　俺には洗濯とかさせなかったのにな。
242000 ,,,,,,,恋鳥,恋鳥,04kot742_005.wav,kotori,,0,,,,,「もうすぐ洗い終わる筈だから、物干しの準備する！」
242100 ,,,,,,,優哉,優哉,,kotori,,0,,,,,「へいへい……」
242300 ,,<!move_short>,,7100,,,優哉,優哉,,,,,,,,,「これでいいかな……」
242400 ,,,,,,,,,,,,,,,,,　これまでは女の一人暮らしだという事もあり、
　めったに干してなかったそうで、
　物竿すらもセットされていなかった。
242500 ,,,,,,,恋鳥,恋鳥,04kot742_006.wav,kotori,,0,,,,,「はい、これ。主に優哉の下着とかタオル類だぞ」
242600 ,,,,,,,,,,,,,,,,,　確かに風邪引いて寝てたから、結構多いなぁ。
　恋鳥の下着は干さないのか。って、前科あるしな。
242700 ,,,,,,,優哉,優哉,,,,,,,,,「ふぅ……物干しに乾すなんて久しぶりだな……」
242800 ,,,,,,,,,,,,,,,,,　実家では業務用の乾燥機つきの大きい洗濯機が、
　あるからなぁ……。
242900 ,,,,,,,,,,,,,,,,,　一応病み上がりなんだが、
　重労働という訳でもないので、黙々と干していく。
243000 ,,,,,,,優哉,優哉,,,,,,,,,「あれ……こんなに下着替えたっけ……木曜の朝に、
　洗濯したばかりなのに……二回分多いような……」
243100 ,,,,,,,,,,,,,,,,,　意識のない間に二回も俺の下着を替えさせたのか？
　想像すると、何か落ち込んで来る。
　俺だけ凄い損をしてるような気がするんだよなぁ。
243200 ,,,,,,,,,,,,,,,,,　けど、そんだけ世話してくれたって事だよな……。
　口には出しにくいが、心の中で感謝をしておこう。
243400 ,,<!move_short>,,7210,,,恋鳥,恋鳥,04kot742_007.wav,kotori,,0,,,,,「洗濯物は全部干したか？　次は布団を干すぞ」
243500 ,,,,,,,,,,kotori,,0,,,,,　洗濯を乾し終えて部屋に戻ると、
　恋鳥が布団を指さして命令した。
243600 ,,,,,,,優哉,優哉,,kotori,,0,,,,,「へいへい……」
243700 ,,,,,,,,,,,,,,,,,　って、よく考えてみたら、これっていつもとあまり、
　変わらないような気もするな……。
　つまり、普段からこき使われてるって事か？
243900 ,,<!timepass_1_long>,,7210,,,優哉,優哉,,,,,,,,,「ふぅ……全部干したぞぉ……腰いてぇ……」
244000 ,,,,,,,,,,,,,,,,,　俺は部屋に戻り、床に腰を降ろして休憩した。
244100 ,,,,,,,恋鳥,恋鳥,04kot742_008.wav,kotori,,1,,,,,「ところで、そろそろお昼だぞ」
244200 ,,,,,,,優哉,優哉,,kotori,,1,,,,,「そうだな……今日は何を作るんだ？」
244300 ,,,,,,,,,,kotori,,1,,,,,　恋鳥が作る昼飯なら、失敗のないそうめんぐらいか。
244400 ,,,,,,,恋鳥,恋鳥,04kot742_009.wav,kotori,,7,,,,,「優哉が作る」
244500 ,,,,,,,優哉,優哉,,kotori,,7,,,,,「ぐへぇ……分かったけど、少し休ませてくれよ」
244600 ,,,,,,,,,,kotori,,7,,,,,　もう１２時回ってるし、恋鳥が用意してるのかと。
244700 ,,,,,,,恋鳥,恋鳥,04kot742_010.wav,kotori,,0,,,,,「……ん、わかった。仕方ない」
244800 ,,,,,,,,,,kotori,,0,,,,,　恋鳥も腹が減っているのか、腹を押さえていた。
244890 ,,<!timepass_1_short>,,,,,,,,,,,,,,,
244900 ,,,,,,,,,,,,,,,,,　数分後……。
245000 ,,,,,,,優哉,優哉,,,,,,,,,「けど、材料あまり残ってないんじゃないかなぁ」
245100 ,,,,,,,,,,,,,,,,,　恋鳥の催促する視線に絶えきれなくなり腰を上げた。
245200 ,,,,,,,恋鳥,恋鳥,04kot742_011.wav,kotori,,90,,,,,「食べられれば、なんでもいい。
　その代わり、美味しく作ってくれ」
245300 ,,,,,,,,,,kotori,,90,,,,,　あれあれ？　何か思いっきり矛盾してるような……。
　いや、そういう訳でもないのか……しかし……。
245400 ,,,,,,,優哉,優哉,,kotori,,90,,,,,「うーん……冷や飯と鶏肉とベーコンか……。
　チャーハンでいいか？」
245500 ,,,,,,,恋鳥,恋鳥,04kot742_012.wav,kotori,,1,,,,,「恋鳥、チャーハンは好きだぞ」
245600 ,,,,,,,,,,kotori,,1,,,,,　まったく……素直じゃないんだから……。
　だけど、こんなやりとりも悪くないよな……。
　
245700 ,,,,,,,,,,,,,,,,,　昼飯を食ってからも、俺はここぞとばかりに、
　こきつかわれ続けた。
245900 ,,<!timepass_2_long>,,7211,,,優哉,優哉,,,,,,,,,「ふぅ……買い物行ってきたぞ……恋鳥？」
246000 ,,,,,,,,,,,,,,,,,　俺は両手に買い物袋を提げて恋鳥の部屋に入る。
246100 ,,,,,,,恋鳥,恋鳥,04kot742_013.wav,,,,,,,,「すー……すー……」
246200 ,,,,,,,優哉,優哉,,,,,,,,,「なんだ、寝てるのか…………」
246300 ,,,,,,,,,,,,,,,,,　何気なく、寝ている恋鳥の顔をうかがい見る。
　最初の頃に比べれば、警戒感のない寝顔だよな。
246400 ,,,,,,,優哉,優哉,,,,,,,,,「飯が出来たら起こせばいいか……」
246500 ,,,,,,,,,,,,,,,,,　俺は買ってきた物を冷蔵庫に運ぶ為に立ち上がった。
246700 ,,<!timepass_2_short>,,7212,,,恋鳥,恋鳥,04kot742_014.wav,kotori,,0,,,,,「ごちそうさま……この、鯖の南蛮漬けおいしかった」
246800 ,,,,,,,,,,kotori,,0,,,,,　出来合いの惣菜二品とチキンのボイルサラダを、
　二人で片づけていると、恋鳥が顔を上げて微笑んだ。
246900 ,,,,,,,優哉,優哉,,kotori,,0,,,,,「そうか。恋鳥は買わないけど俺は結構好きなんだよ」
247000 ,,,,,,,恋鳥,恋鳥,04kot742_015.wav,kotori,,1,,,,,「そうか……今度買ってみる……」
247100 ,,,,,,,,,,kotori,,1,,,,,　何だろう……なぜか寂しそうな笑顔だ……。
247200 ,,,,,,,優哉,優哉,,kotori,,1,,,,,「さて、片づけるか……」
247300 ,,,,,,,,,,kotori,,1,,,,,　恋鳥が食べ終わったのを確認して、
　俺はお盆に茶碗や皿を並べて行く。
247400 ,,,,,,,恋鳥,恋鳥,04kot742_016.wav,kotori,,0,,,,,「いい。それは恋鳥がやる。風呂の準備をしてくれ」
247500 ,,,,,,,優哉,優哉,,kotori,,0,,,,,「そうか？　じゃ、そうする」
247600 ,,,,,,,,,,,,,,,,,　そういえば、最初の頃に食事を作らなかった方が、
　洗い物をするとか決めたっけな。守られてないけど。
247700 ,,,,,,,,,,,,,,,,,　風呂に入った後、病み上がりという事もあり、
　今日は早めに寝る事になった。
　本当に健康的な生活だよな……。
247900 ,,<!timepass_2_short>,,7213,,,優哉,優哉,,,,,,,,,「じゃ、おやすみ……」
248000 ,,,,,,,恋鳥,恋鳥,04kot742_017.wav,"kotori,pajamas",,0,,,,,「ん？　ああ……おやすみ」
248100 ,,,,,,,,,,,,,,,,,　恋鳥は何か考え事をしていたのか、反応が遅かった。
　今日の夕方ぐらいから、何かふさぎ込んでるような、
　感じだな…………。
248200 ,,,,,,,,,,,,,,,,,　あまり壁を感じなくなったと思ったのは気のせいか。
　特に男女がお互いを理解しあうのは難しいって、
　言うからな……。
248300 ,,,,,,,,,,,,,,,,,　普段は一言二言交わす事もあるんだけど、
　今日は妙な緊張感のまま一日を終えてしまい、
　恋鳥の事がますます分からなくなったように思う。
248390 ,,<!Lend_night>,0,9000,,,,,,,,,,,,,
248399 ,,<!ec_kotori_pri>,,,,,,,,,,,,,,,
248600 ,@kotori1_end,,,,,,,,,,,,,,,,kotori1終了　kotori2へ
248700 ,$go kotori2_begin,,,,,,,,,,,,,,,,


