%line%,%seq%,%effect%,%music%,%bg%,%cg%,%ov%,%truename%,%name%,%voice%,%st0_name%,%st0_pos%,%st0_face%,%st1_name%,%st1_pos%,%st1_face%,%pageflag%,%text%
10390 ,@kotori2_begin,,,,,,,,,,,,,,,,
10400 ,@743,,,,,,,,,,,,,,,,
10700 ,,<!Lbegin_morning>,2,7210,,,優哉,優哉,,,,,,,,,「恋鳥、トーストは何枚食うんだ？」
10800 ,,,,,,,,,,,,,,,,,　俺はフレンチトーストにするための卵を割りながら、
　飲み物の準備をしている恋鳥に問いかける。
10900 ,,,,,,,恋鳥,恋鳥,04kot743_001.wav,"kotori,pajamas",,0,,,,,「一枚じゃ足りないけど、二枚は多い……かな？」
11000 ,,,,,,,優哉,優哉,,kotori,,0,,,,,「じゃ、一枚半づつで三枚でいいな……」
11100 ,,,,,,,,,,kotori,,0,,,,,　三枚分の卵と牛乳とはちみつを用意して、
　小さめのボウルで混ぜてから、食パンを浸す。
　これを焼き上げるとしっとりした食感になるんだ。
11200 ,,,,,,,恋鳥,恋鳥,04kot743_002.wav,kotori,,1,,,,,「食べた事ないから、楽しみ……」
11300 ,,,,,,,,,,kotori,,1,,,,,　恋鳥はオレンジジュースを入れたグラスを置いて、
　食パンをボウルの溶液となじませているのを覗く。
11400 ,,,,,,,,,,,,,,,,,　なんか、二人とも馴染んだような気がするなぁ……。
　恋鳥の笑顔を見るのは嬉しいし、
　恋鳥を喜ばせてあげたいと思うこの感情は何だろう。
11500 ,,,,,,,,,,,,,,,,,　実際の所、恋愛感情の有無を問われたら、
　現在の所は無いと断言出来るだろう。
　けど、何かと気になる存在ではある……。
11600 ,,,,,,,,,,,,,,,,,　というか、恋愛感情があったら、こんな二人きりで、
　共同生活なんか出来ないって。生殺しって奴だろう。
11700 ,,,,,,,,,,,,,,,,,　って、恋鳥の側の事を計算に入れてなかったな。
　多分、俺と大差ないと思うんだが、今一読めない。
11800 ,,,,,,,,,,,,,,,,,　はっきりしない事で続けられる関係というのも、
　あるのかも知れない。
11900 ,,,,,,,恋鳥,恋鳥,04kot743_003.wav,kotori,,90,,,,,「……早く焼け、優哉」
12000 ,,,,,,,,,,kotori,,90,,,,,　おっと、考え事が過ぎたようだ。
12100 ,,,,,,,優哉,優哉,,kotori,,90,,,,,「そうだな……始めるか」
12200 ,,,,,,,,,,kotori,,90,,,,,　俺はフライパンを火にかけ、食用油をなじませる。
　本当はバターの方がいいかも知れないが、
　残念な所にバターもチーズもこの家にはないのだ。
12300 ,,,,,,,,,,kotori,,90,,,,,　フライパンが熱しきったところで、
　手際よく三枚の食パンをフライパンに並べる。
12400 ,,,,,,,優哉,優哉,,kotori,,90,,,,,「よっと……」
12500 ,,,,,,,,,,kotori,,90,,,,,　何ともいえない香りが漂いだした頃、
　俺はフライパン返し代わりのしゃもじで裏返す。
12600 ,,,,,,,恋鳥,恋鳥,04kot743_004.wav,kotori,,2,,,,,「ん、美味しそう……。まだなのか？」
12700 ,,,,,,,,,,kotori,,2,,,,,　恋鳥は無意識の内に口からよだれを垂らしていた。
12900 ,,<!timepass_1_long>,,,,,恋鳥,恋鳥,04kot743_005.wav,kotori,,0,,,,,「いただきます……はむっ……んー……んぐ」
13000 ,,,,,,,,,,kotori,,0,,,,,　恋鳥は夢中になってフレンチトーストを味わう。
13100 ,,,,,,,優哉,優哉,,kotori,,0,,,,,「久々に作ったけど、その様子じゃ成功みたいだな」
13200 ,,,,,,,,,,kotori,,0,,,,,　俺はナイフとフォークを使って、
　切り分けたフレンチトーストを口に放り込む。
13300 ,,,,,,,恋鳥,恋鳥,04kot743_006.wav,kotori,,1,,,,,「おいしいぞ……これは。毎日これでもいいかも」
13400 ,,,,,,,,,,kotori,,1,,,,,　さすがに太るだろうと思うが、悪い気はしない。
13490 ,,<!Lend_scene_change>,0,9000,,,,,,,,,,,,,
13700 ,@744,,,,,,,,,,,,,,,,
14000 ,,<!Lbegin_scene_change>,7,4500,,,優哉,優哉,,,,,,,,,「ふぅ……やっと昼休みか。ねみーよ……」
14100 ,,,,,,,,,,,,,,,,,　三時限目ぐらいから、眠気と格闘していたが、
　何とか休み時間になり、俺は胸を撫で下ろした。
14200 ,,,,,,,愛歌,愛歌,01man744_001.wav,"manaka,uniform",,0,"kotori,uniform",,0,,「連休の後って、長く感じるよねぇ……」
14300 ,,,,,,,,,,manaka,,0,kotori,,0,,　愛歌は何というか、相変わらずって感じだが、
　それはそれで安心出来ていいのかもな……。
14400 ,,,,,,,恋鳥,恋鳥,04kot744_001.wav,manaka,,0,kotori,,90,,「途中から寝てたし、眠気は覚めたぞ……」
14500 ,,,,,,,,,,manaka,,0,kotori,,90,,　おいおい、本当に大丈夫なのか？　恋鳥。
　一学年で留年は一回までで、二回だと退学だろうに。
14600 ,,,,,,,愛歌,愛歌,01man744_002.wav,manaka,,90,kotori,,90,,「そういえば、お祭りの日も近いよねぇ……」
14700 ,,,,,,,,,,manaka,,90,kotori,,90,,　この辺りで祭りといえば、秋祭りを意味している。
　収穫祭としての意味はあまりないんだけど、
　何故か秋に祭りをやるのは、他に追従してるのか？
14800 ,,,,,,,恋鳥,恋鳥,04kot744_002.wav,manaka,,90,kotori,,0,,「秋祭りか……じぃじもこの時期は忙しそうにしてた」
14900 ,,,,,,,愛歌,愛歌,01man744_003.wav,manaka,,3,kotori,,0,,「つむぎさんも学校休んでるし、大変なんだよね？」
15000 ,,,,,,,,,,,,,,,,,　星河原温泉郷の秋祭りといえばかなり有名だから、
　この時期は宿泊客も増えてかき入れ時なんだよな。
15100 ,,,,,,,,,,,,,,,,,　俺も去年は家の手伝いに駆り出されたけど、
　今年はまだ何も言って来てないんだよな。
　祭りの時期に何が起こらなければいいんだが。
15190 ,,<!Lend_scene_change>,0,9000,,,,,,,,,,,,,
15199 ,,<!ec_kotori_uni>,,,,,,,,,,,,,,,
15400 ,@745,,,,,,,,,,,,,,,,
15700 ,,<!Lbegin_scene_change>,8,4100,,,優哉,優哉,,,,,,,,,「だいぶ涼しくなって来たな。
　祭りが終わると、肌寒くなって来るんだよな」
15800 ,,,,,,,,,,,,,,,,,　恋鳥は愛歌につきあって図書室に行っているので、
　俺は一人で家路についた。
15990 ,,<!se_ch_keitai_ring>,,,,,,,,,,,,,,,
16000 ,,<wait time=""4000"">,,,,,優哉,優哉,,,,,,,,,「ん？　誰だ？　オヤジか。久しぶりだな……」
16100 ,,<!se_keitai_pi><stop id=""1"">,,,,,,,,,,,,,,,　俺は懐から携帯を取り出して通話ボタンを押した。
16200 ,,,,,,,英俊,英俊,13eis745_001.wav,,,,,,,,「私だ。もう学校は終わったんだよな？」
16300 ,,,,,,,,,,,,,,,,,　授業中は切ってるが、まだ学校にいるかと思って、
　気を使ってくれているようだった。
16400 ,,,,,,,優哉,優哉,,,,,,,,,「ああ。今、校門を出た所だけど、どうかしたの？」
16500 ,,,,,,,,,,,,,,,,,　この時期にオヤジから電話がかかる時点で、
　用件は想像出来ていたのだが、少しはぐらかす。
16600 ,,,,,,,英俊,英俊,13eis745_002.wav,,,,,,,,「祭りだよ。秋祭り。今年も予約が一杯でな、
　番頭さんが危うくオーバーブッキングする所だった」
16700 ,,,,,,,,,,,,,,,,,　まぁ、若干涼しくなって温泉に入りやすい時期だし、
　色づき始めた紅葉を眺めながら露天風呂と来たら、
　温泉好きが黙っている訳もないわなぁ……。
16800 ,,,,,,,優哉,優哉,,,,,,,,,「んー。そろそろかかって来るとは思ってたんだけど、
　あまり長期間留守はしたくないんだよな……」
16900 ,,,,,,,英俊,英俊,13eis745_003.wav,,,,,,,,「その件については、こっちも手は打ってる所だし、
　少しぐらいなら大丈夫だろうから、頼むよ……」
17000 ,,,,,,,優哉,優哉,,,,,,,,,「んー……。まぁ、祭りとあれば仕方ないか……。
　つむぎなんか、学校休んでるぐらいだもんな」
17100 ,,,,,,,英俊,英俊,13eis745_004.wav,,,,,,,,「そうか……助かる。んじゃ、今日から頼むわ」
17200 ,,,,,,,,,,,,,,,,,　祭りの直前とかに風邪引いてたら顰蹙ものだったな。
　今年も散々こき使われるんだろうなぁ……。
　去年の悪夢を思い出すと、少し腰が引けてしまう。
17300 ,,,,,,,優哉,優哉,,,,,,,,,「んー……わかった。服着替えたら、すぐ行くから」
17400 ,,,,,,,,,,,,,,,,,　だけど、一応跡取り息子が逃げる訳にもいかないし。
17500 ,,,,,,,英俊,英俊,13eis745_005.wav,,,,,,,,「よろしく。恋鳥ちゃんによろしくな……。
　うまくやってるか？　三代目は欲しいけど、
　せめて、大学を卒業してからにしろよ？」
17600 ,,,,,,,優哉,優哉,,,,,,,,,「ちょっ、そんなんじゃないって言ってるだろ？
　まったく……じゃ、後で」
17700 ,,<!se_keitai_pi>,,,,,,,,,,,,,,,　俺は電話を切って、再び歩き始める。
17900 ,,<!move_normal>,,12210,,,優哉,優哉,,,,,,,,,「おー、準備してる準備してる……。
　今年は花火を何百発上げるんだったかなぁ……」
18000 ,,,,,,,,,,,,,,,,,　町の中心の側の祭りの会場ではやぐらが組まれ、
　テントや仮設店舗や仮設トイレの設置が進んでいた。
18100 ,,,,,,,優哉,優哉,,,,,,,,,「って、のんびりしてる暇はないんだった。急ぐか」
18190 ,,<!Lend_move>,0,9000,,,,,,,,,,,,,
18400 ,@746,,,,,,,,,,,,,,,,
18700 ,,<!Lbegin_move>,8,7210,,,優哉,優哉,,,,,,,,,「さすがに、まだ帰ってはないか……」
18800 ,,,,,,,,,,,,,,,,,　一本道なんだし、俺を追い越したら分かるよな。
　けど、本の返却につきあうだけなら、
　それほど時間かからないよな……。
18900 ,,,,,,,優哉,優哉,,,,,,,,,「待ってるのも何だし、大家さんに伝言頼むかな。
　えーと、何を持ってきゃいいんだ？
　遅くなるなら、実家で泊まるだろうし……」
19000 ,,,,,,,,,,,,,,,,,　結局、脱いだ制服と筆記用具や教科書を鞄に入れて、
　俺は立ち上がった。
19200 ,,<!move_short>,,7100,,,大家さん,大家さん,15oya746_001.wav,,,,,,,,「おや、優哉くん。帰ってたのかい」
19300 ,,,,,,,優哉,優哉,,,,,,,,,「丁度よかった。祭りが近付いて実家が忙しくて、
　ヘルプが来たから、ちょっと帰って来ます。
　恋鳥は知らないから、伝言お願いしますね」
19400 ,,,,,,,大家さん,大家さん,15oya746_002.wav,,,,,,,,「そうかい……もう、そんな時期なんだねぇ……」
19500 ,,,,,,,優哉,優哉,,,,,,,,,「あ、そうだ。また黒服が来たらすぐ連絡して下さい」
19600 ,,,,,,,,,,,,,,,,,　一番大事な事を忘れる所だった……。
19700 ,,,,,,,大家さん,大家さん,15oya746_003.wav,,,,,,,,「ああ、心得てるよ。安心して行ってきな！」
19800 ,,,,,,,優哉,優哉,,,,,,,,,「じゃ、よろしくー」
19900 ,,,,,,,,,,,,,,,,,　俺は大家さんに手を振って、背中を向けた。
20000 ,,,,,,,恋鳥,恋鳥,04kot746_001.wav,"kotori,uniform",,3,,,,,「優哉……何してる。荷物なんか持って……」
20100 ,,,,,,,,,,kotori,,3,,,,,　恋鳥の顔は何故か少しひきつっているように見えた。
　片手には買い物袋を提げており、
　夕食の買い物をして来たのだと理解した。
20200 ,,,,,,,優哉,優哉,,kotori,,3,,,,,「お、ちょうどいい所に戻って来たな」
20300 ,,,,,,,,,,kotori,,3,,,,,　やはり、直接言っておくに越した事はないからな。
20400 ,,,,,,,恋鳥,恋鳥,04kot746_002.wav,kotori,,3,,,,,「まさか……帰るのか？　実家に…………」
20500 ,,,,,,,,,,kotori,,3,,,,,　なんだか、空気が寒いな……。
20600 ,,,,,,,優哉,優哉,,kotori,,3,,,,,「帰る途中でオヤジから電話があってな。
　秋祭りが近付いて、旅館が手が回らない状態で、
　手伝いに来いって言うんだよ」
20700 ,,,,,,,恋鳥,恋鳥,04kot746_0013.wav,kotori,,5,,,,,「そ、そうか」
20800 ,,,,,,,,,,,,,,,,,　恋鳥は何故か俺の言葉に衝撃を受けたようで、
　少し青ざめた顔で部屋に入っていった。
20900 ,,,,,,,大家さん,大家さん,15oya746_004.wav,,,,,,,,「じゃ、気をつけて行っておいでね……」
21000 ,,,,,,,,,,,,,,,,,　大家さんに先程の恋鳥の態度について聞こうと、
　思ったが、用事があるのか中に入ってしまった。
21100 ,,,,,,,優哉,優哉,,,,,,,,,「相変わらず嫌われてるって事なのかな」
21200 ,,,,,,,,,,,,,,,,,　あくまで目的の為に同居してるだけなんだよな……。
　分かっていたつもりだけど、勘違いしてたのかもな。
21300 ,,,,,,,,,,,,,,,,,　俺は思っていたより、恋鳥の事を気にしてるようだ。
　それが、俺だけのひとりよがりなのが、哀しいな。
21400 ,,,,,,,,,,,,,,,,,　恋鳥の反応に気が重くなったが、
　オヤジも待っている事だし、恋鳥の家を後にした。
21490 ,,<!Lend_move>,0,9000,,,,,,,,,,,,,
21700 ,@747,,,,,,,,,,,,,,,,
21990 ,$heroine_begin,,,,,,,,,,,,,,,,
22000 ,,<!Lbegin_move>,10,7210,,,恋鳥,恋鳥,04kot747_001.wav,,,,,,,,「あいつがいないと、部屋が広い……」
22100 ,,,,,,,,,,,,,,,,,　別にあいつがいないとおばあちゃんを守れないって、
　訳じゃないんだし……。
　いなくなったらいなくなったで、せいせいするかも。
22300 ,,,,,,,恋鳥,恋鳥,04kot747_002.wav,,,,,,,,「あ……せっかく、買い物して来たのに……」
22400 ,,,,,,,,,,,,,,,,,　あいつに料理して貰おうとおもって、
　美味しそうなものを買って来たのに――。
　鯖の南蛮漬けも買って来たのに――。
22500 ,,,,,,,,,,,,,,,,,　別にあいつがいなくたって一人でやっていけるもん。
　おばあちゃんを守るのだって、
　これまでは一人でやれてたんだから…………。
22600 ,,,,,,,恋鳥,恋鳥,04kot747_003.wav,,,,,,,,「ちょっと早いけど、ご飯にしようか……」
22700 ,,,,,,,,,,,,,,,,,　つい、あいつがいる時のように声をかけてしまう。
　前は一人だったんだから、すぐ慣れる筈よ……。
　立ち上がり、食器の準備を始める。
22800 ,,,,,,,恋鳥,恋鳥,04kot747_004.wav,,,,,,,,「あ……何やってるんだろう。本当に……」
22900 ,,,,,,,,,,,,,,,,,　ふと気付くと茶碗もお皿も二枚づつ用意していた。
　あいつに戻って来て欲しいなんて、思ってないのに。
23100 ,,<!timepass_2_short>,,7211,,,恋鳥,恋鳥,04kot747_005.wav,,,,,,,,「いただきます…………」
23200 ,,,,,,,,,,,,,,,,,　鯖の南蛮漬けと買ってきたハムを適当に焼いた物を、
　おかずにご飯を食べる……。
23300 ,,,,,,,,,,,,,,,,,　昨日はあんなに美味しく感じた南蛮漬けも、
　今日はあまり美味しく感じない……。
23400 ,,,,,,,,,,,,,,,,,　焼いたハムは油を敷くの忘れてたから、
　焦げ焦げになってしまってて、美味しくない。
23500 ,,,,,,,恋鳥,恋鳥,04kot747_006.wav,,,,,,,,「パンでも食べよう……」
23600 ,,,,,,,,,,,,,,,,,　南蛮漬けは半分ぐらい残ったので冷蔵庫へ入れる。
　お腹が空いたので、菓子パンをちびちびと食べる。
23700 ,,,,,,,,,,,,,,,,,　何故なのかな。寂しくて仕方がない……。
　今日はごちそうが食べられると思ったからかな。
23800 ,,,,,,,恋鳥,恋鳥,04kot747_007.wav,,,,,,,,「はぁ…………」
23900 ,,,,,,,,,,,,,,,,,　何か胸が締め付けられるようなこの感じ……。
　じぃじが死んだ時以外は感じなかったのに……。
　恋鳥……弱くなったのかな……。
24000 ,,,,,,,恋鳥,恋鳥,04kot747_008.wav,,,,,,,,「なんで…………」
24100 ,,,,,,,,,,,,,,,,,　何故脳裏にあいつの姿が浮かぶのか……。
　あいつが鞄を持って家を出て行くのを見てから……。
　いつまでも一緒にいられない事を思い知ったのかな。
24200 ,,,,,,,,,,,,,,,,,　違う……そうじゃなくて……。
　恋鳥が置き去りにされるんじゃないかと思ったんだ。
　あの時のように、また一人になるんじゃないかって。
24300 ,,,,,,,恋鳥,恋鳥,04kot747_009.wav,,,,,,,,「ダメだ……」
24400 ,,,,,,,,,,,,,,,,,　考えれば考えるほど胸は痛み、
　あいつ……優哉の事が頭に浮かぶ……。
24500 ,,,,,,,,,,,,,,,,,　恋鳥の中であいつの占める領域が広がっている。
　それは決して不快ではないけれど。
　じぃじとおばあちゃんとは違う、ただの男なのに。
24700 ,,<!timepass_2_long>,,7212,,,恋鳥,恋鳥,04kot747_010.wav,,,,,,,,「あいつ、なにしてるんだ……」
24800 ,,,,,,,,,,,,,,,,,　実家を手伝うったって、食事運んだりとかじゃ、
　ないの？　もう帰って来てもいい頃じゃ……。
　あ、布団を敷いたりもしないといけないのかな。
24900 ,,,,,,,恋鳥,恋鳥,04kot747_011.wav,,,,,,,,「なんで恋鳥があいつの心配しなきゃいけないんだ」
25000 ,,,,,,,,,,,,,,,,,　一人で夜道を歩いて帰って来るのかな……。
　もし、黒服とかに襲われでもしたら、
　こんな田舎じゃ誰も気付かないかも……。
25200 ,,<!se_room_knock>,,,,,恋鳥,恋鳥,04kot747_012.wav,,,,,,,,「ゆーや！？」
25300 ,,,,,,,,,,,,,,,,,　帰ってきた……あいつが帰って来たんだ！
　そう思うと、もう体が勝手に立ち上がり、
　玄関へと全力で走らせてしまう――。
25400 ,,,,,,,恋鳥,恋鳥,04kot747_013.wav,,,,,,,,「今、開けるからね……ゆーやっ！」
25500 ,,<!se_kotori_door_open>,,,,,,,,,,,,,,,　ロックを外して扉を解き放つ……。
　だけど……そこには……。
25600 ,,,,,,,大家さん,大家さん,15oya747_001.wav,,,,,,,,「いやー、悪いね……私なんだけど、いいかい？」
25700 ,,,,,,,恋鳥,恋鳥,04kot747_014.wav,,,,,,,,「あ、もちろんいいよ……入って」
25800 ,,,,,,,,,,,,,,,,,　お、おばあちゃん？　私さっき、何て言ったっけ。
　よりにもよって、あいつの名前を……忘れよう。
　だけど、あいつ……今日は帰ってこないのかな？
25890 ,,<!Lend_scene_change>,0,9000,,,,,,,,,,,,,
25899 ,$heroine_end,,,,,,,,,,,,,,,,
26100 ,@748,,,,,,,,,,,,,,,,
26390 ,$heroine_begin,,,,,,,,,,,,,,,,
26400 ,,<!Lbegin_scene_change>,8,7212,,,恋鳥,恋鳥,04kot748_001.wav,"kotori,pajamas",,0,,,,,「おばあちゃん、お茶でも飲む？」
26500 ,,,,,,,,,,kotori,,0,,,,,　恋鳥ちゃんはさっき優哉くんの名前を呼んだのが、
　恥ずかしいのか、少しそわそわしているようだった。
26600 ,,,,,,,大家さん,大家さん,15oya748_001.wav,kotori,,0,,,,,「ありがと……せっかくだから、頂こうかね」
26700 ,,,,,,,,,,,,,,,,,　恋鳥ちゃんが動揺しながらもお茶の準備をしている。
　私はテーブルの前のクッションに腰を降ろす。
　座布団の方がしっくり来るんだけどねぇ……。
26800 ,,,,,,,恋鳥,恋鳥,04kot748_002.wav,kotori,,5,,,,,「あんまり美味しくないかも知れないけど……」
26900 ,,,,,,,,,,kotori,,5,,,,,　恋鳥ちゃんが急須と湯飲みを二つ持ってくる。
　前に礼儀作法の一貫として、一通り教えたんだけど、
　その後一人ではあまり練習してないのが見て取れる。
27000 ,,,,,,,大家さん,大家さん,15oya748_002.wav,kotori,,5,,,,,「いただきます……」
27100 ,,,,,,,,,,kotori,,5,,,,,　湯飲みを手に持ち、まだ熱いお茶を少しすする。
27200 ,,,,,,,恋鳥,恋鳥,04kot748_003.wav,kotori,,3,,,,,「…………」
27300 ,,,,,,,,,,kotori,,3,,,,,　恋鳥ちゃんは落ちつかないのか、
　少しそわそわしながら、私の方を見ていた。
　さっきの事はまだ触れない方がいいのかもね……。
27400 ,,,,,,,恋鳥,恋鳥,04kot748_004.wav,kotori,,3,,,,,「どう……かな？」
27500 ,,,,,,,,,,kotori,,3,,,,,　うーん。この子ももっと素直になる事とか、
　自分の事を表現出来るようになればいいのに。
　本質的な所では臆病なのかも知れないねぇ……。
27600 ,,,,,,,大家さん,大家さん,15oya748_003.wav,kotori,,3,,,,,「うん……教えた通り作れてると思うよ……」
27700 ,,,,,,,,,,kotori,,3,,,,,　細かい所をいえば、改善点はいくらでもあるけど、
　この歳ではうまくいれられている方だろうね……。
27800 ,,,,,,,恋鳥,恋鳥,04kot748_005.wav,kotori,,1,,,,,「そう……よかった」
27900 ,,,,,,,,,,kotori,,1,,,,,　恋鳥ちゃんは安心したのか、ようやくお茶を含む。
　私じゃ、これ以上の成長を引き出すのは無理かねぇ。
　となると、優哉くんがいい刺激になる筈だけど……。
28000 ,,,,,,,,,,kotori,,1,,,,,　さすがに自分の気持ちには気付いているだろうけど、
　それを認めてないし、認めたくないのかねぇ……。
　どうすれば、この子の氷を溶かせられるのかねぇ。
28100 ,,,,,,,大家さん,大家さん,15oya748_004.wav,kotori,,1,,,,,「今の恋鳥ちゃんを見てると、昔の自分を思い出すよ」
28200 ,,,,,,,恋鳥,恋鳥,04kot748_006.wav,kotori,,2,,,,,「おばあちゃんも……昔はこんな感じだったの？」
28300 ,,,,,,,,,,kotori,,2,,,,,　恋鳥ちゃんったら、目を丸くしちゃって。
　私にだって娘っ子の時代があったんだって事を、
　考えた事もなかったのかねぇ……。
28400 ,,,,,,,大家さん,大家さん,15oya748_005.wav,kotori,,2,,,,,「どこが似てるとかじゃなくて……。
　自分の気持ちに素直になれない事とか、
　自分の心が傷つくのが恐かった所とかかねぇ……」
28500 ,,,,,,,恋鳥,恋鳥,04kot748_007.wav,kotori,,6,,,,,「え？　な、何言ってるの？　おばあちゃん……」
28600 ,,,,,,,,,,kotori,,6,,,,,　優哉くんとの事を言われると思ったのか、
　恋鳥ちゃんは動揺してしまっていた。
　こういう所が可愛いねぇ……。
28700 ,,,,,,,大家さん,大家さん,15oya748_006.wav,kotori,,6,,,,,「まぁ、落ちついてお聞きなよ……。
　実はね……私が恋鳥ちゃんぐらいの頃に、
　ずっと思ってる人がいたんだよ……」
28800 ,,,,,,,恋鳥,恋鳥,04kot748_008.wav,kotori,,0,,,,,「そうなの……その人が亡くなったって言う、
　おばあちゃんの旦那さん？」
28900 ,,,,,,,大家さん,大家さん,15oya748_007.wav,kotori,,0,,,,,「それが違うのよ……。ずっと思ってる人には、
　結局、自分の思いを伝えられなくてね……」
29000 ,,,,,,,,,,kotori,,0,,,,,　恋鳥ちゃんは私の言葉に耳を傾けてくれている。
　恥ずかしいけど、自分の体験談ぐらいでしか、
　何かを語るなんて事は出来ないもんだからね。
29100 ,,,,,,,大家さん,大家さん,15oya748_008.wav,kotori,,0,,,,,「その人と結ばれるなんて事は色々と問題があって、
　多分親が許さなかったのもあって、言えなくてね。
　結局、親に従って結婚してしまったんだよ……」
29200 ,,,,,,,,,,kotori,,0,,,,,　あの時の事を思い出すと胸が痛む……。
29300 ,,,,,,,大家さん,大家さん,15oya748_009.wav,kotori,,0,,,,,「その旦那もまだ若い頃に亡くなったんだけど、
　思い人も独身だったんだけど、他人に嫁いだ身で、
　今更思いを告げる事も出来なくてね……」
29400 ,,,,,,,恋鳥,恋鳥,04kot748_009.wav,kotori,,3,,,,,「…………」
29500 ,,,,,,,,,,kotori,,3,,,,,　思い通り、優哉くんの事を考えてるみたいだね。
29600 ,,,,,,,大家さん,大家さん,15oya748_010.wav,kotori,,3,,,,,「だからね……つまらない事で意固地になったり、
　いつまでも勇気を出せずにいると、
　結局は後で悲しむ事になるんだからね……」
29700 ,,,,,,,,,,kotori,,3,,,,,　旦那が亡くなり婚家からも半ば追い出される形で、
　行く末がなくなった時にここに住まわせてくれた
　のはあの人だったのに……何も出来なくて……。
29800 ,,,,,,,恋鳥,恋鳥,04kot748_010.wav,kotori,,3,,,,,「おばあちゃん…………」
29900 ,,,,,,,,,,kotori,,3,,,,,　恋鳥ちゃんも自分の事を考えてくれているのか、
　少し涙目になっていた。いい傾向だよ。
30000 ,,,,,,,大家さん,大家さん,15oya748_011.wav,kotori,,3,,,,,「何より大事にしないといけないのは、
　自分の気持ちだよ。それを裏切ったら駄目だから。
　後悔しないように、今出来る事をするといいよ――」
30100 ,,,,,,,,,,kotori,,3,,,,,　それだけ言って空になった湯飲みを置いて席を立つ。
30200 ,,,,,,,恋鳥,恋鳥,04kot748_011.wav,kotori,,90,,,,,「おばあちゃん……もう帰るの？」
30300 ,,,,,,,大家さん,大家さん,15oya748_012.wav,kotori,,90,,,,,「ああ……優哉くんと仲良くね……素直が一番だよ」
30400 ,,,,,,,恋鳥,恋鳥,04kot748_012.wav,kotori,,1,,,,,「うん……ありがとう、おばあちゃん……」
30500 ,,,,,,,,,,kotori,,1,,,,,　やっぱり、恋鳥ちゃんはいい子だね。
　あの人の養い子だけの事はあるよ……。
30600 ,,,,,,,大家さん,大家さん,15oya748_013.wav,kotori,,1,,,,,「それじゃ、おやすみね……」
30700 ,,<!move_veryshort>,,7102,,,,,,,,,,,,,　最後に恋鳥ちゃんの手を握ってから、部屋を出る。
　夜にもなると肌寒くなって来たねぇ……。
30900 ,,,,,,,大家さん,大家さん,15oya748_014.wav,,,,,,,,「これで良かったのかねぇ……鉄太郎さん」
31000 ,,,,,,,,,,,,,,,,,　なんとなしに星空を眺めていると、
　星々のきらめきが鉄太郎さんの笑顔に見えた。
31090 ,,<!Lend_day_change>,0,9000,,,,,,,,,,,,,
31098 ,,<!ec_kotori_pri>,,,,,,,,,,,,,,,
31099 ,$heroine_end,,,,,,,,,,,,,,,,
31300 ,@749,,,,,,,,,,,,,,,,
31600 ,,<!Lbegin_day_change>,0,7100,,,優哉,優哉,,,,,,,,,「ふわぁぁ……眠い……」
31700 ,,,,,,,,,,,,,,,,,　昨夜は１時過ぎまでこきつかわれて、
　そのまま泥のように眠ったら、もう朝で。
31800 ,,,,,,,,,,,,,,,,,　そのまま学校に行っても良かったんだけど、
　何か恋鳥がちゃんと起きられるか心配で、
　俺は恋鳥の家へと向かっていた。
31900 ,,,,,,,,,,,,,,,,,　今は６時半……まだ大家さんも出て来てないな。
　恋鳥も寝てるだろうけど、音を立てなければいいか。
32000 ,,,,,,,優哉,優哉,,,,,,,,,「えーと、あった……」
32100 ,,,,,,,,,,,,,,,,,　合い鍵をそっと恋鳥の部屋の鍵穴にいれる。
32200 ,,,,,,,優哉,優哉,,,,,,,,,「あ、あれ？　不用心だな……」
32300 ,,,,,,,,,,,,,,,,,　だが、鍵はかけられていないようなので、
　俺は鍵を引き抜いて、音を立てないように、
　扉をそーっと押し開けた。
32500 ,,<!move_short>,,7210,,,,,,,,,,,,,　あれ、布団に寝てないぞ？
　大家さんの所にで一緒に寝てるのかな？
32700 ,,,,,,,恋鳥,恋鳥,04kot749_001.wav,"kotori,pajamas",,3,,,,,「えっ？」
32800 ,,,,,,,,,,kotori,,3,,,,,　声がした方を振り向くと食卓に座ったままで、
　寝こけていたらしい恋鳥が気付いて顔を上げた。
32900 ,,,,,,,恋鳥,恋鳥,04kot749_002.wav,kotori,,3,,,,,「優哉………………？　ゆーや！」
33000 ,,,4,,,,,,,kotori,,3,,,,,　恋鳥はどうやら寝ぼけているようだが、
　突然立ち上がって俺に抱きついて来た。
33100 ,,,,,,,優哉,優哉,,kotori,,3,,,,,「どうしたんだよ？　何か悪いことがあったのか？」
33200 ,,,,,,,,,,kotori,,3,,,,,　まさか、大家さんが入院でもしたのか？
　それとも、黒服の男達に何か動きでも？
33300 ,,,,,,,恋鳥,恋鳥,04kot749_003.wav,kotori,,5,,,,,「ゆーや……ゆーや……バカ……。
　もう、戻って来ないかと思った……」
33400 ,,,,,,,,,,kotori,,5,,,,,　最後の方は殆ど言葉にすらなっておらず、
　ただ恋鳥は俺に抱きついて泣きじゃくっていた。
33500 ,,,,,,,優哉,優哉,,,,,,,,,「ごめん、恋鳥……心配かけちゃったみたいだな……」
33600 ,,,,,,,,,,,,,,,,,　まだ泣きやまない恋鳥の頭を撫でながら謝る。
　そういえば、実家で寝るって言ってなかったかな？
　だけど……それだけでもないみたいだな…………。
33700 ,,,,,,,優哉,優哉,,,,,,,,,「寂しくなって帰って来たんだ……。
　旅館にはここから通うことにしたから……」
33800 ,,,,,,,,,,,,,,,,,　恋鳥が何か不安を抱えている事に気付き、
　俺はすこしおどけた顔で恋鳥に話しかける。
33900 ,,,,,,,恋鳥,恋鳥,04kot749_004.wav,kotori,,90,,,,,「優哉…………」
34000 ,,,,,,,優哉,優哉,,kotori,,90,,,,,「俺が……ここにいてもいいのかな？
　恋鳥の側にいてもいいのかな？」
34100 ,,,,,,,恋鳥,恋鳥,04kot749_005.wav,kotori,,1,,,,,「当たり前だぞ。バカ」
34200 ,,,,,,,,,,kotori,,1,,,,,　恋鳥は俺の胸をぽかぽかと叩きがらも、
　少し嬉しそうに俺の瞳を見つめてくれていた。
34290 ,,<!Lend_continue>,0,9000,,,,,,,,,,,,,
34500 ,@750,,,,,,,,,,,,,,,,
34800 ,,<!Lbegin_continue>,2,7210,,,優哉,優哉,,,,,,,,,「腹減ったな……朝飯は何にする？」
34900 ,,,,,,,恋鳥,恋鳥,04kot750_001.wav,"kotori,pajamas",,0,,,,,「この前みたいなトーストがいい……」
35000 ,,,,,,,,,,kotori,,0,,,,,　フレンチトーストか……よほど気に入ったんだな。
　冷蔵庫開けて材料を確認してみるが……。
35100 ,,,,,,,優哉,優哉,,kotori,,0,,,,,「うーん……卵が足りないから、今日は無理だな」
35200 ,,,,,,,,,,kotori,,0,,,,,　はちみつも牛乳もあるんだが、卵が足りない。
35300 ,,,,,,,恋鳥,恋鳥,04kot750_002.wav,kotori,,90,,,,,「そう……じゃ、普通のトーストにするから、
　恋鳥が焼く。優哉は、飲み物の準備でもしてて」
35400 ,,,,,,,,,,kotori,,90,,,,,　俺と一緒に朝食の準備をするのでも、
　これまでとは態度がかなり違うな……。
35500 ,,,,,,,優哉,優哉,,kotori,,90,,,,,「わかった……任せるよ……」
35600 ,,,,,,,,,,,,,,,,,　トーストに妙ちくりんな物を塗りたくったり
　しないだろうな？　ウニをぬりたくるとか……。
　まぁ、いいや。トーストならコーヒーかな……。
35700 ,,,,,,,,,,,,,,,,,　トーストだけじゃ栄養足りないし、
　目玉焼きでも作るかな……。
35900 ,,,,,,,恋鳥,恋鳥,04kot750_003.wav,kotori,,1,,,,,「トースト焼けたぞ」
36000 ,,,,,,,,,,kotori,,1,,,,,　恋鳥が熱そうにトーストを取り出しながら、
　はずむ声で俺に声をかける。
36100 ,,,,,,,優哉,優哉,,kotori,,1,,,,,「ああ。こっちもＯＫだ」
36200 ,,,,,,,,,,kotori,,1,,,,,　出来たコーヒーと目玉焼きをテーブルに持っていく。
36400 ,,,,,400453,,恋鳥,恋鳥,04kot750_004.wav,,,,,,,,「いただきます」
36500 ,,,,,400453,,,,,,,,,,,,　恋鳥は元気そうに両手を合わせて食事を始めた。
36600 ,,,,,400453,,優哉,優哉,,,,,,,,,「いただきまーす」
36700 ,,,,,400453,,,,,,,,,,,,　片方だけ焼いてもう片方は蒸し焼きにした、
　目玉焼きの黄身をつついてやぶき、
　ちぎった白身につけて口を運ぶ。
36800 ,,,,,400453,,優哉,優哉,,,,,,,,,「うん。うまい」
36900 ,,,,,400453,,,,,,,,,,,,　トーストの上に目玉焼きを載せて食うという、
　技もあるんだが、制服着てる状態では、
　あまりにもリスクが高すぎるんだよな。
37100 ,,,,,400454,,恋鳥,恋鳥,04kot750_005.wav,,,,,,,,「はむ……んむ……んむ」
37200 ,,,,,400454,,,,,,,,,,,,　恋鳥はトーストを口にくわえてフリーハンドで、
　器用に食べていた。
37300 ,,,,,400454,,優哉,優哉,,,,,,,,,「何でそんな食い方してるんだ？
　箸を持ってる右手はともかく、
　左手は空いてるだろ？」
37500 ,,,,,400451,,恋鳥,恋鳥,04kot750_006.wav,,,,,,,,「んぅーんふっ……んぇっ……」
37600 ,,,,,400451,,,,,,,,,,,,　恋鳥は口にトーストをくわえたまま、
　何かを俺に伝えようとしているが、
　それで伝わる訳がないだろう。
37700 ,,,,,400451,,優哉,優哉,,,,,,,,,「おまえは何を言っているんだ」
37800 ,,,,,400451,,,,,,,,,,,,　クロアチア出身の総合格闘家バリの目つきで、
　恋鳥の謎の行動にツッコミをいれてみる。
37900 ,,,,,400453,,恋鳥,恋鳥,04kot750_007.wav,,,,,,,,「二人でする食事はこうやってする、って
　おばあちゃんに習ったぞ」
38000 ,,,,,400453,,,,,,,,,,,,　嘘だっ！！　あからさまな嘘すぎる。
　大家さんがそんなアドバイスする訳がないだろう。
　これまでの奇行とはレベルが違いすぎるように思う。
38100 ,,,,,400453,,優哉,優哉,,,,,,,,,「は？　二人で……って事は、それを俺にも食えと？」
38200 ,,,,,400453,,,,,,,,,,,,　一晩留守にしたぐらいで、えらい変わりようだな。
　もしかして、俺が共同生活を止めて、
　実家に戻るんじゃないかと思ってでもいるのか？
38300 ,,,,,400453,,,,,,,,,,,,　だとしたら、そんな風に思われた俺の不徳だな……。
　昨日の去り際も何か怒ってたし、その線かな……。
38400 ,,,,,400453,,恋鳥,恋鳥,04kot750_008.wav,,,,,,,,「そうだぞ。食え、優哉」
38500 ,,,,,400451,,,,,,,,,,,,　恋鳥はそう言って、再びパンを口に戻す。
　まぁ、恋鳥がそういうのなら、断る理由もないな。
38600 ,,,,,400451,,優哉,優哉,,,,,,,,,「わ、わかったよ……」
38700 ,,,,,400451,,,,,,,,,,,,　って、ジュースにストロー二本挿すのに通じる程の、
　恥ずかしいシチュエーションだよな……。
　８０年代のラブ米漫画でも読んだのか？　恋鳥よ。
38900 ,,,,,400452,,,,,,,,,,,,　恋鳥がくわえているトーストの片方に食らいつく。
　って、これがポッキーだったら、
　最後まで食った時点でキスになったりするんだよな。
39000 ,,,,,400452,,,,,,,,,,,,　少しドキドキしていたが残りの３分の１は、
　恋鳥が一気に俺の口に放り込んだ。
　ちっ……さすがにそこまではないか……。
39200 ,,,,,400453,,優哉,優哉,,,,,,,,,「うーん。味噌汁ぐらいは用意した方が良かったかな」
39300 ,,,,,400453,,,,,,,,,,,,　俺はパンと味噌汁の相性は悪くない派だからな。
39400 ,,,,,400453,,恋鳥,恋鳥,04kot750_009.wav,,,,,,,,「優哉が、レトルトじゃないの作るなら食べたい」
39500 ,,,,,400453,,,,,,,,,,,,　また出たよ、その呼び方……。
　以前の”お前”とかとは隔絶の感があるな。
　どういう心境の変化なんだろうなぁ……。
39600 ,,,,,400453,,,,,,,,,,,,　まぁ悪い気はしないけどさ……。
　学校では勘弁してくれよ？
　俺も呼び方変えるべきかな？
39800 ,,<!timepass_1_long>,,,,,優哉,優哉,,,,,,,,,「あんまり、時間ないぞー……忘れ物ないか？」
39900 ,,,,,,,,,,,,,,,,,　俺は昨日準備していたので、
　恋鳥の支度が終わるのを待つ。
40000 ,,,,,,,恋鳥,恋鳥,04kot750_010.wav,"kotori,uniform",,5,,,,,「あ、もうちょっと待て……優哉」
40100 ,,,,,,,,,,kotori,,5,,,,,　明かに態度が柔らかくなって来たよな……。
40200 ,,,,,,,優哉,優哉,,kotori,,5,,,,,「なぁ、祭りが終わって時間が出来たらだけど、
　二人でどこかに出かけないか？」
40300 ,,,,,,,,,,kotori,,5,,,,,　恋鳥が一歩足を踏み出したのなら、
　俺もそれに応えてやるべきなんだろう。
40400 ,,,,,,,恋鳥,恋鳥,04kot750_011.wav,kotori,,3,,,,,「どこか……って、どこだ？」
40500 ,,,,,,,,,,kotori,,3,,,,,　う、俺の早計だったかな……機嫌悪くするか？
40600 ,,,,,,,優哉,優哉,,kotori,,3,,,,,「まだ考えてないから、恋鳥の行きたい所で……」
40700 ,,,,,,,恋鳥,恋鳥,04kot750_012.wav,kotori,,1,,,,,「恋鳥の好きな所でいいのか？　ならＯＫだぞ」
40800 ,,,,,,,,,,kotori,,1,,,,,　恋鳥は満面の笑みを浮かべてくれた。
40890 ,,<!Lend_scene_change>,0,9000,,,,,,,,,,,,,
41100 ,@751,,,,,,,,,,,,,,,,
41400 ,,<!Lbegin_scene_change>,7,4500,,,優哉,優哉,,,,,,,,,「うーっす。どうした、眠そうだな？　愛歌」
41500 ,,,,,,,,,,,,,,,,,　教室に入ると、愛歌がぐったりした表情で、
　机にうずくまっていた。
41600 ,,,,,,,愛歌,愛歌,01man751_001.wav,"manaka,uniform",,5,,,,,「あ、優哉ちゃん……おはよう……」
41700 ,,,,,,,,,,manaka,,5,,,,,　試験前でもないのに、どうしたんだ？
　愛歌まで仲居のバイトさせた訳じゃないだろうし。
41800 ,,,,,,,愛歌,愛歌,01man751_002.wav,manaka,,5,,,,,「あのね……ついうっかり……部屋の模様替えを
　始めちゃったんだけど、全部片づけないとね、
　寝る場所もない状態で、朝の四時まで…………」
41900 ,,,,,,,,,,,,,,,,,　話してる途中に寝るなんて、相当だな。
42000 ,,,,,,,優哉,優哉,,,,,,,,,「ほんと、愛歌は自爆属性持ってるよな……」
42100 ,,,,,,,,,,,,,,,,,　ん？　廊下から誰か見てる……って、恋鳥かよ。
　愛歌と話すのなら、入って来る筈だし……。
42200 ,,,,,,,優哉,優哉,,,,,,,,,「先生来たら起こしてやるから、休んでおけよ」
42300 ,,,,,,,,,,,,,,,,,　俺は愛歌に声をかけて、廊下へと歩いていった。
42500 ,,<!move_veryshort>,,4300,,,優哉,優哉,,,,,,,,,「恋鳥……どうかしたか？」
42600 ,,,,,,,恋鳥,恋鳥,04kot751_001.wav,"kotori,uniform",,3,,,,,「あっ……優哉……別に用事はないけど……」
42700 ,,,,,,,,,,kotori,,3,,,,,　挙動不審な奴だな、まったく……。
　けど、俺の事でキョドってるのなら、悪くないかも。
　けど、誰かに聞かれたら勘違いされそうだな。
42800 ,,,,,,,優哉,優哉,,kotori,,3,,,,,「そうか？　何かあったら遠慮なく言っていいんだぞ」
42900 ,,,,,,,,,,kotori,,3,,,,,　って、実家に俺がずっと帰るんじゃないかって、
　まだ心配してるんじゃないだろうな？
　だとしたら、独り相撲もいい所だ。
43000 ,,,,,,,恋鳥,恋鳥,04kot751_002.wav,kotori,,0,,,,,「じゃ……またな、優哉」
43100 ,,,,,,,,,,,,,,,,,　うーん……俺の機嫌取りだとしたら、
　素直に喜べないどころか、俺たちの関係は、
　後退してるって事じゃねーか……まいったな。
43300 ,,<!timepass_1_long>,,4500,,,優哉,優哉,,,,,,,,,「おい、愛歌……食ってる最中に寝るなって」
43400 ,,,,,,,愛歌,愛歌,01man751_003.wav,,,,,,,,「うにゅう…………」
43500 ,,,,,,,,,,,,,,,,,　だめだ。全然っだめだ。飯食いながら熟睡してる。
43600 ,,,,,,,優哉,優哉,,,,,,,,,「ん？」
43700 ,,,,,,,,,,,,,,,,,　なんだ？　また、廊下から恋鳥が見てる。
　何か俺に言いたいような事でもあるのか？
　だとしたら、あまりいい内容じゃなさそうだ。
43800 ,,,,,,,愛歌,愛歌,01man751_004.wav,,,,,,,,「……………………」
43900 ,,,,,,,,,,,,,,,,,　何か幸せそうに眠ってるな。
　愛歌に見られたら、誤解されそうだし、丁度いいか。
　俺は覚悟を決めて立ち上がり、廊下へと向かった。
44100 ,,<!move_veryshort>,,4300,,,恋鳥,恋鳥,04kot751_003.wav,kotori,,2,,,,,「あ、優哉……」
44200 ,,,,,,,優哉,優哉,,kotori,,2,,,,,「なぁ、恋鳥……どんな事でも受け止めるから、
　言いたい事があるなら、言ってくれないか？」
44300 ,,,,,,,恋鳥,恋鳥,04kot751_004.wav,kotori,,3,,,,,「別に……言いたい事はないぞ……」
44400 ,,,,,,,,,,kotori,,3,,,,,　分からんなぁ……じゃ、何なんだ？
　けど、トラブルとか、そういうのじゃなさそうだ。
44500 ,,,,,,,優哉,優哉,,kotori,,3,,,,,「そうか……昼飯ぐらい、ここで食ってきゃいいのに」
44600 ,,,,,,,恋鳥,恋鳥,04kot751_005.wav,kotori,,0,,,,,「別になんでもない……。じゃ、戻る」
44700 ,,,,,,,,,,,,,,,,,　恋鳥はいつもと同じような表情で立ち去っていった。
44800 ,,,,,,,優哉,優哉,,,,,,,,,「んー…………」
45100 ,,<!timepass_2_short>,8,4501,,,愛歌,愛歌,01man751_005.wav,manaka,,3,,,,,「優哉ちゃん……おやすみー……」
45200 ,,,,,,,優哉,優哉,,manaka,,3,,,,,「お、おう……心ゆくまで寝てもいいが、
　帰り道で眠るなよ？　おやすみ……」
45300 ,,,,,,,,,,,,,,,,,　って、俺までおやすみモードかよ。
45400 ,,,,,,,優哉,優哉,,,,,,,,,「さて、今日も満室だし、早く帰るかな……」
45600 ,,<!move_veryshort>,,4301,,,恋鳥,恋鳥,04kot751_006.wav,kotori,,3,,,,,「…………」
45700 ,,,,,,,,,,kotori,,3,,,,,　恋鳥は押し黙って俺の様子を窺っていた。
　俺が動揺していたせいで、委縮したのかな……。
45800 ,,,,,,,優哉,優哉,,kotori,,3,,,,,「恋鳥……途中までだけど、一緒に帰るか？」
45900 ,,,,,,,,,,kotori,,3,,,,,　俺は表情を意識的に和らげて恋鳥に問いかけた。
46000 ,,,,,,,恋鳥,恋鳥,04kot751_007.wav,kotori,,90,,,,,「…………」
46100 ,,,,,,,,,,kotori,,90,,,,,　恋鳥は頬を染めて小さくうなずいた。
46200 ,,,,,,,優哉,優哉,,kotori,,90,,,,,「じゃ、帰ろう……」
46300 ,,,,,,,,,,kotori,,1,,,,,　俺が恋鳥の手を取って歩き始めると、
　恋鳥も嬉しそうにしていた。
46390 ,,<!Lend_move>,0,9000,,,,,,,,,,,,,
46600 ,@752,,,,,,,,,,,,,,,,
46900 ,,<!Lbegin_move>,8,4101,,,優哉,優哉,,"kotori,uniform",,1,,,,,「今日、愛歌が朝からずーっと眠そうにしてたんだよ。
　うっかり、部屋の模様替え始めてしまったんだとさ」
47000 ,,,,,,,,,,kotori,,1,,,,,　人目のある校門に来たので、手は離したものの、
　こうして二人並んで帰るのは初めての事で、
　俺も相当意識してしまっていた。
47100 ,,,,,,,恋鳥,恋鳥,04kot752_001.wav,kotori,,1,,,,,「……………………」
47200 ,,,,,,,,,,kotori,,1,,,,,　恋鳥といえば、しゃべる俺をじーっと見てるだけだ。
　けど、表情は軟らかいし、いい傾向なんだろう……。
47300 ,,,,,,,優哉,優哉,,kotori,,1,,,,,「あのな……恋鳥……」
47400 ,,,,,,,,,,kotori,,1,,,,,　だけど、今日みたいな事を続けるとさすがにマズい。
　別に俺と恋鳥がつきあう事に障害がある訳じゃない。
　だけど、俺たちの現状を考えると、大問題だよなぁ。
47500 ,,,,,,,恋鳥,恋鳥,04kot752_002.wav,kotori,,0,,,,,「なんだ？　優哉……」
47600 ,,,,,,,優哉,優哉,,kotori,,0,,,,,「俺としては嬉しいんだけど、頻繁に教室に来るとな、
　他のヤツが興味を持つんじゃないかと思うんだ……」
47700 ,,,,,,,,,,kotori,,0,,,,,　うん。言葉は選んでるよな……。
　悪い状態じゃないけど今の段階ってのは、
　デリケートな対応が必要なんだろうな。
47800 ,,,,,,,恋鳥,恋鳥,04kot752_003.wav,kotori,,3,,,,,「だ、だって……恋鳥が優哉を見たいんだから、
　仕方ないだろ。それとも、見られたくないのか？」
47900 ,,,,,,,,,,kotori,,3,,,,,　うわ、今の恋鳥の表情ムッチャかわえー……。
　最初の出逢いの頃の俺にタイムマシンで教えても、
　絶対嘘だと言うだろうなぁ……。
48000 ,,,,,,,優哉,優哉,,kotori,,3,,,,,「いや、そんな事はないけど、ほら……。
　同棲してる事がバレたらヤバいだろ？
　その結果、一緒に居られなくなったら困る訳だし」
48100 ,,,,,,,,,,kotori,,3,,,,,　って、同棲じゃなくて同居だろ……。
　けど、こんな調子じゃ同棲寸前だな。
48200 ,,,,,,,恋鳥,恋鳥,04kot752_004.wav,kotori,,5,,,,,「うっ……それは困るぞ」
48300 ,,,,,,,優哉,優哉,,kotori,,5,,,,,「その……なんだ。堂々と言えるようになるまでは、
　大人しくしとこうって話だから……」
48400 ,,,,,,,,,,kotori,,5,,,,,　今の恋鳥にはネガティブなイメージの言葉は禁物だ。
48600 ,,<!move_normal>,,12211,,,優哉,優哉,,kotori,,0,,,,,「祭りももうすぐだな……手伝いがなかったら、
　一緒に花火を見に行けるんだけどかき入れ時だから」
48700 ,,,,,,,恋鳥,恋鳥,04kot752_005.wav,kotori,,0,,,,,「夜に優哉と会えるのなら、我慢する……」
48800 ,,,,,,,,,,kotori,,0,,,,,　恋鳥は少し頬を染める。
　おいおい……なんか意味深な言葉に聞こえるぞ。
48900 ,,,,,,,優哉,優哉,,kotori,,0,,,,,「じゃ、実家に戻るから、ここでな……。
　今日中には帰るけど、先に寝ててもいいから」
49000 ,,,,,,,恋鳥,恋鳥,04kot752_006.wav,kotori,,0,,,,,「うん。わかった……気をつけて、ゆーや」
49100 ,,,,,,,優哉,優哉,,kotori,,0,,,,,「うん。ありがとう、行ってくるよ……恋鳥」
49200 ,,,,,,,,,,kotori,,90,,,,,　俺は恋鳥に別れを告げて歩き始めた。
　振り返ると恋鳥は俺を見つめていた。
49290 ,,<!Lend_move>,0,9000,,,,,,,,,,,,,
49500 ,@753,,,,,,,,,,,,,,,,
49790 ,$heroine_begin,,,,,,,,,,,,,,,,
49800 ,,<!Lbegin_move>,8,7211,,,恋鳥,恋鳥,04kot753_001.wav,,,,,,,,「ごちそうさま……」
49900 ,,,,,,,,,,,,,,,,,　今日は全部出来合いの惣菜を買って来たので、
　それを食べたけど、何か物足りない……。
　ゆーやが作るご飯とは何かが違うのかな。
50000 ,,,,,,,恋鳥,恋鳥,04kot753_002.wav,,,,,,,,「今頃、ゆーやは何してるのかな……」
50100 ,,,,,,,,,,,,,,,,,　風呂場を洗わされたりしてるのかな？
　それとも、仲居さんをしてるとか……。
　だめ。行った事ないから、想像出来ない。
50200 ,,,,,,,恋鳥,恋鳥,04kot753_003.wav,,,,,,,,「片づけよ……」
50300 ,,,,,,,,,,,,,,,,,　台所を使ってないので、すぐに終わってしまう。
　やる事がない……何にも……。
50500 ,,<!timepass_2_short>,,7212,,,恋鳥,恋鳥,04kot753_004.wav,,,,,,,,「うぅ……ちっとも時間が経たない……」
50600 ,,,,,,,,,,,,,,,,,　久々に学校の勉強の予習をやってみたけど、
　４０分も経っていなかった。
50700 ,,,,,,,,,,,,,,,,,　今はまだ８時で、ゆーやが帰るまでしばらくある。
　どうやって、時間を過ごせばいいんだろう……。
50800 ,,,,,,,,,,,,,,,,,　ゆーやがいなかった頃の事が思い出せない。
　ゆーやが芯となって恋鳥の生活の中心にいるようだ。
50900 ,,,,,,,恋鳥,恋鳥,04kot753_005.wav,,,,,,,,「普段は見ないけど、テレビでもあればいいのに……」
51000 ,,,,,,,,,,,,,,,,,　この家にはテレビはおろか、ラジオもない。
　恋鳥には必要なかったし、どうしても見たい時は、
　おばあちゃんの所に行けばいいから……。
51100 ,,,,,,,恋鳥,恋鳥,04kot753_006.wav,,,,,,,,「こんな気持ちは初めてかも……」
51200 ,,,,,,,,,,,,,,,,,　別の事を考えようとしても、
　気がつくとゆーやの事を考えていたり、
　恋鳥とゆーやが恋人になった状態を妄想したり……。
51300 ,,,,,,,,,,,,,,,,,　うん。ゆーやも恋鳥の事を今ではそんなに、
　嫌いだとは思ってない筈だ……そうに違いない。
51400 ,,,,,,,恋鳥,恋鳥,04kot753_007.wav,,,,,,,,「うぅ……ゆーやが帰るのを待っていたいし……」
51500 ,,,,,,,,,,,,,,,,,　何もする事はないし、したくもないけど、
　ゆーやの帰りを寝て待つなんて事出来ない。
51600 ,,,,,,,,,,,,,,,,,　ゆーやが帰って来たら、寝るまで一杯話そう……。
51800 ,,<!timepass_1_long>,,,,,恋鳥,恋鳥,04kot753_008.wav,,,,,,,,「はぁ……ゆーや……会いたい……」
51900 ,,,,,,,,,,,,,,,,,　居ても立ってもいられなくなり、
　おもむろに立ち上がって、部屋をうろついてみる。
　だめ……なんか、胸の辺りがキューってなって。
52000 ,,,,,,,恋鳥,恋鳥,04kot753_009.wav,,,,,,,,「ゆーや……ゆーや……」
52100 ,,,,,,,,,,,,,,,,,　何故かな……ゆーやの事を考えていると、
　胸が痛くならない。
　けど、会いたい気持ちは膨らむばかりで。
52200 ,,,,,,,,,,,,,,,,,　これまで、こんな不安を体験した事なんてない。
　すべては、ゆーやに会いたいからなのか……。
52300 ,,,,,,,恋鳥,恋鳥,04kot753_010.wav,,,,,,,,「駄目……もう、我慢できない……」
52400 ,,,,,,,,,,,,,,,,,　せめて、ゆーやの声を一言聞けば安心出来るのに。
　そうだ……一目だけでも、ゆーやに会いにいこう。
　何があるか分からないから、お財布だけ持って。
52600 ,,<!move_long>,,6102,,,,,,,,,,,,,　突然ゆーやの顔を見に家を出たけれど、
　よく考えたら、ゆーやの家を知らなかったので、
　家を知ってるだろう悠に聞きに来たけれど……。
52700 ,,,,,,,,,,,,,,,,,　何ていえば、いいんだろう……。
　恋鳥とゆーやが同棲してる事も知らないし、
　温泉部の活動でとか、嘘もつけない……困った。
52800 ,,,,,,,,,,,,,,,,,　いくら待っても、ピンポンを押す勇気が出ない。
　近くまで行ったら分かるかも知れないし。
52900 ,,,,,,,悠,悠,02yuu753_001.wav,"yuu,private",,0,,,,,「およっ？　何でこんなとこにいるの？　恋鳥」
53000 ,,,,,,,,,,yuu,,0,,,,,　私が背中を向けた瞬間に、
　どこかから戻って来たらしい悠が現れる。
　い、今のは心臓に悪そうだ……。
53100 ,,,,,,,恋鳥,恋鳥,04kot753_011.wav,yuu,,0,,,,,「あの……ゆーやの家、どこか知らないか？
　その、ノートを借りてたんだけど、返すの忘れて」
53200 ,,,,,,,,,,yuu,,0,,,,,　うん。うまい。これなら無理がないだろう。
53300 ,,,,,,,悠,悠,02yuu753_002.wav,yuu,,0,,,,,「そうなんか……まぁ、いいか。
　えーとな、橋は分かるでしょ？　橋を渡ったら、
　川沿いに行けば、すぐに分かるから」
53400 ,,,,,,,恋鳥,恋鳥,04kot753_012.wav,yuu,,0,,,,,「川を渡ったら橋沿いに……ありがとう……」
53500 ,,,,,,,,,,yuu,,0,,,,,　目の前がぱーっと開けた気分だ。
　悠がこんなに頼もしく見えるなんて……。
53600 ,,,,,,,悠,悠,02yuu753_003.wav,yuu,,1,,,,,「ほな、優哉によろしくなー」
53700 ,,,,,,,,,,,,,,,,,　私は何度も頭を下げてから、悠の家を辞去した。
　って、ノートどころか、鞄も持ってなかった……。
　悠にバレてしまったのかな……恥ずかしい……。
53900 ,,<!move_long>,,1102,,,恋鳥,恋鳥,04kot753_013.wav,,,,,,,,「はぁ……やっと着いた……。川沿いにすぐって、
　言ってたのに、遠かったぞ……」
54000 ,,,,,,,,,,,,,,,,,　って、何て言って中に入るつもりだったの？
　うぅ……ゆーやの事だとおかしくなるな……。
54200 ,,,,,,,恋鳥,恋鳥,04kot753_014.wav,,,,,,,,「ここまで来て、ゆーやの顔を見ずに帰るなんて……」
54300 ,,,,,,,,,,,,,,,,,　そんな事したら、余計に不安になりそうだ……。
　というか、絶対泣く……泣いちゃうよ。
54400 ,,,,,,,恋鳥,恋鳥,04kot753_015.wav,,,,,,,,「用事があって……そう。用事があるって事で」
54500 ,,,,,,,,,,,,,,,,,　私は口実を考えながら、入り口に近付いていった。
54600 ,,,,,,,優哉,優哉,,,,,,,,,「ふぃー……やっと、休憩かよ。
　オヤジ、こきつかいすぎにも程があるだろ」
54700 ,,,,,,,,,,,,,,,,,　よかった……恋鳥の思いが通じたんだ。
　ゆーや……会いたかったよぉ……。
54800 ,,,,,,,つむぎ,つむぎ,05tum753_001.wav,"tumugi,nakai",,0,,,,,「あ、ここでしたか、優哉さん。
　オーナーが空のビール瓶を運ぶようにって……」
54900 ,,,,,,,,,,tumugi,,0,,,,,　うぇっ……せっかく、ゆーやと話せる所だったのに、
　つむぎが出てくるなんて……そうか、ゆーやの家で、
　仲居のバイトをしてるんだった……何かずるい。
55000 ,,,,,,,優哉,優哉,,tumugi,,0,,,,,「えー……やっと休憩出来たのに……。
　けど、つむぎ一人にやらせる訳にはいかんしな」
55100 ,,,,,,,つむぎ,つむぎ,05tum753_002.wav,tumugi,,12,,,,,「私一人じゃ夜中までかかりますよ。
　一緒にやれば、すぐ終わりますから……」
55200 ,,,,,,,,,,tumugi,,12,,,,,　つむぎは、いつもゆーやと仕事してるんだ……。
　別にゆーやには恋鳥しかいない訳じゃないんだ。
55300 ,,,,,,,優哉,優哉,,tumugi,,12,,,,,「そうだな……じゃ、もう一働きするか」
55400 ,,,,,,,,,,,,,,,,,　どうして、つむぎと笑ってるの？　ゆーやっ！
　恋鳥はこんなに不安なのに……そんなのってない。
55500 ,,,,,,,,,,,,,,,,,　つむぎと仲良くする、ゆーやなんか見たくない。
　恋鳥はこんなに、ゆーやの事を想っているのに……。
55600 ,,,,,,,恋鳥,恋鳥,04kot753_016.wav,,,,,,,,「そんな……」
55700 ,,,,,,,,,,,,,,,,,　もしかして、ゆーやはつむぎの方がいいの？
　大人しそうだし、言う事何でも聞きそうだし。
　恋鳥みたいなのより、いいに決まってる……。
55800 ,,,,,,,,,,,,,,,,,　これ以上、あの二人をみてても辛いだけだ……。
　こんな所まで来た恋鳥がバカだったんだよ……。
　私は発作的にゆーやに背中を向けて駆けだした。
55900 ,,,,,,,優哉,優哉,,,,,,,,,「ん？　今のはもしかして……」
55990 ,,<!Lend_scene_change>,0,9000,,,,,,,,,,,,,
55999 ,$heroine_end,,,,,,,,,,,,,,,,
56200 ,@754,,,,,,,,,,,,,,,,
56500 ,,<!Lbegin_scene_change>,0,1102,,,優哉,優哉,,,,,,,,,「ふぃー……今日の仕事もつらかった～～」
56600 ,,,,,,,,,,,,,,,,,　時間は夜の１０時を少し回った所だ。
56700 ,,,,,,,,,,,,,,,,,　普段なら全員がこの時間まで起きてる事はないけど、
　次から次へとやらないといけない事があって、
　しなきゃいけない事が溜まりに溜まってたからなぁ。
56800 ,,,,,,,,,,,,,,,,,　もう少し人員を増やして欲しいとはいっても、
　ここまで忙しいのはこの時期だけだし、
　常時その分の人員を抱えていたら大赤字だ。
56900 ,,,,,,,,,,,,,,,,,　かといってこの時期だけバイトを雇おうとしても、
　忙しいのは他の温泉旅館も一緒で、
　なかなか確保出来るものでもない。
57000 ,,,,,,,,,,,,,,,,,　それに、最低限の教育をするのも大変だ。
　仲居専用の派遣サービスでもやれば、儲かるか？
　って、この時期だけじゃ意味ないだろ……。
57100 ,,,,,,,,,,,,,,,,,　歩きながら、旅館の事を考えていると、
　いい加減疲れた身体が重くなるので、
　待っている恋鳥に思いを巡らせる。
57200 ,,,,,,,優哉,優哉,,,,,,,,,「恋鳥も待ってるし、とっとと帰るか……」
57300 ,,,,,,,,,,,,,,,,,　今日の恋鳥の様子を考えると、
　あまり長時間独りにさせておきたくない。
　俺は足早に町の中心へと向かっていった。
57500 ,,<!move_long>,,7103,,,優哉,優哉,,,,,,,,,「ふぅ……やっと帰り着いた……ん？　寝てるかな？」
57600 ,,,,,,,,,,,,,,,,,　恋鳥の部屋には電気がついていなかった。
　恋鳥は寝る時も豆球つけるのに、真っ暗だ。
57700 ,,,,,,,優哉,優哉,,,,,,,,,「大家さんの家にでも行ってるかな？」
57800 ,,,,,,,,,,,,,,,,,　けど、こんな時間にそれはないだろう。
　俺はとりあえず、恋鳥の部屋に向かった。
58000 ,,<!move_short>,,7213,,,優哉,優哉,,,,,,,,,「恋鳥……ただいま……って、いないな。
　風呂かトイレか？」
58100 ,,,,,,,,,,,,,,,,,　念のため両方調べてみたけど、姿はない。
　鍵もかかっていたし、いないって事なんだろうな。
58200 ,,,,,,,優哉,優哉,,,,,,,,,「そういえば……」
58300 ,,,,,,,,,,,,,,,,,　つむぎとビール瓶を運んでいた時に、
　恋鳥のような姿格好の人の後ろ姿を見たような……。
58400 ,,,,,,,優哉,優哉,,,,,,,,,「うーん……一体、どこに行ったんだよ、恋鳥……」
58500 ,,,,,,,,,,,,,,,,,　大家さんに相談してみるか？　って、
　さっき大家さんはとっくに寝てる筈だよな。
　電気も消えてたような気がするし……。
58600 ,,,12,,,,優哉,優哉,,,,,,,,,「一体、何があったんだ？　まさか、黒服の男か？」
58700 ,,,,,,,,,,,,,,,,,　黒服の男でなくても、何かの緊急事態かも知れない。
　俺はいてもたってもいられなくなり、
　部屋を飛び出した。
58900 ,,<!move_short>,,7103,,,優哉,優哉,,,,,,,,,「やっぱり、大家さんの部屋もついてないよな。
　恋鳥が大家さんの所に行ったのなら、
　電気がついてないと、おかしいもんな」
59000 ,,,,,,,優哉,優哉,,,,,,,,,「恋鳥……一体、どこに行ったんだよ……」
59100 ,,,,,,,,,,,,,,,,,　辺りを見回すが、人っ子一人いる筈もない。
　この辺りにはコンビニ一つないし、
　こんな夜中に出歩く所なんて……。
59200 ,,,,,,,優哉,優哉,,,,,,,,,「恋鳥……どこだよ、恋鳥～」
59300 ,,,,,,,,,,,,,,,,,　俺は不安で心臓が喉までせりあがるような、
　感覚に包まれ、恋鳥の姿を求めて走り出した。
59500 ,,<!move_short>,12,12102,,,優哉,優哉,,,,,,,,,「恋鳥……恋鳥！」
59600 ,,,,,,,,,,,,,,,,,　竹林を何度か往復してみたが、恋鳥の姿はない。
59700 ,,,,,,,,,,,,,,,,,　いくらなんでもこんな夜中に恋鳥が灯りも持たずに、
　病院や神社の方に行く筈もなく、
　俺は竹林の中を町の中心に向けて駆けていった。
59900 ,,<!move_short>,,12212,,,優哉,優哉,,,,,,,,,「どこだ……どこにいるんだ？」
60000 ,,,,,,,,,,,,,,,,,　念のため、町の中心にある駐在所に顔を出す。
　だが、巡回でもしているのか、駐在さんの姿はない。
60100 ,,,,,,,,,,,,,,,,,　まさか、学校にはいる筈もないし、
　俺は必死になって、様々な可能性を探った。
60200 ,,,,,,,,,,,,,,,,,　もし、病気でもしてたら……救急病院じゃないけど、
　電話で確認ぐらいしておくべきだった……。
60300 ,,,,,,,,,,,,,,,,,　すみさきまで来てたにしても、
　かなり経つしもういないだろう。
60390 ,,<!Lend_continue>,0,9000,,,,,,,,,,,,,
60600 ,@755,,,,,,,,,,,,,,,,
60900 ,,<!Lbegin_continue>,12,12212,,,優哉,優哉,,,,,,,,,「どうすればいいんだ……情報無さすぎるんだ……」
61000 ,,,,,,,,,,,,,,,,,　そういえば電気はついてなかったけど、
　大家さんの家に恋鳥がいた可能性も否定出来ない。
　今から帰って大家さんを起こすしかないのかな。
61100 ,,,,,,,,,,,,,,,,,　違ってたら熟睡してる最中に起こす事になるし、
　もし大家さんの所にいるのなら、
　置き手紙ぐらいするだろう……うーん……。
61200 ,,,,,,,優哉,優哉,,,,,,,,,「こんな時に頼りになりそうなヤツは……そうだ」
61300 ,,,,,,,,,,,,,,,,,　恋鳥の行き先として、普通じゃ行かないだろう所も、
　恋鳥が場所を知っている所を候補に含めてみると、
　悠の家が浮かび上がった。
61400 ,,,,,,,,,,,,,,,,,　前に恋鳥と家で話した事があるとか、
　悠が言っていた筈だ……。
　携帯携帯……。電話帳から悠の番号にアクセスする。
61490 ,,<!se_ch_phone_call>,,,,,,,,,,,,,,,
61500 ,,<wait time=""5000""><stop id=""1"">,,,,,悠,悠,02yuu755_001.wav,,,,,,,,「ああ、優哉」
61600 ,,,,,,,,,,,,,,,,,　ラッキーな事にまだ起きていたようで、
　すぐに悠が出てくれた。
61700 ,,,,,,,優哉,優哉,,,,,,,,,「実は…………」
61800 ,,,,,,,,,,,,,,,,,　何から話せばいいんだろうか……。
　頭の中が混乱していて整理出来ない。
　ようやく、整理した所で、悠が遮る。
61900 ,,,,,,,悠,悠,02yuu755_002.wav,,,,,,,,「分かってる……迷い猫がウチに来てるよ」
62000 ,,,,,,,優哉,優哉,,,,,,,,,「恋鳥か！？」
62100 ,,,,,,,,,,,,,,,,,　まさか……こんな時間に悠の所に行ってるなんて。
　何か、困った事でも起きたのかも知れない……。
62200 ,,,,,,,優哉,優哉,,,,,,,,,「なぁ、今から行っていいか？」
62300 ,,,,,,,,,,,,,,,,,　悠の口ぶりなら今からの訪問も許してくれるだろう。
62400 ,,,,,,,悠,悠,02yuu755_003.wav,,,,,,,,「いいよ……待ってるから」
62500 ,,,,,,,,,,,,,,,,,　やっぱり、あの後ろ姿は恋鳥だったんだな。
　何かあって、悠の所に転がり込んだんだろう。
　まさか、温泉郷の客に絡まれでもしたのか？
62600 ,,,,,,,,,,,,,,,,,　もし、恋鳥の身に何かあったらと思うと、
　心臓を掴まれたような気分になる。
　が、悠の口ぶりからは、そんな状態には思えない。
62700 ,,,,,,,,,,,,,,,,,　ここで考えていても仕方ないな。
　恋鳥に早く会わないと。
62800 ,,,,,,,優哉,優哉,,,,,,,,,「わ、わかった。すぐ行くから……」
62900 ,,,,,,,,,,,,,,,,,　俺は悠にお礼を言うのも忘れて電話を切ろうとした。
　って、何か忘れてないか？　忘れてるって！
63000 ,,,,,,,優哉,優哉,,,,,,,,,「そ、そうだ……。お前の家ってどこにあるか、
　聞いてもいいか？」
63100 ,,,,,,,,,,,,,,,,,　そうだよ。俺は悠の家に行った事ないんだった。
63200 ,,,,,,,悠,悠,02yuu755_004.wav,,,,,,,,「ああ、そうだったねえ……。
　今日はいろんな人に道案内した気がする」
63300 ,,,,,,,優哉,優哉,,,,,,,,,「ああ、割と新しい住宅街の辺りだな……ありがとう」
63400 ,,,,,,,,,,,,,,,,,　俺は悠に場所を聞いて、悠の家の方角に駆けだした。
63490 ,,<!Lend_move>,0,9000,,,,,,,,,,,,,
63700 ,@756,,,,,,,,,,,,,,,,
63900 ,,<!Lbegin_move>,8,12202,,,,,,,,,,,,,　悠の教えてくれた目印を頼りに夜の街を走っていく。
64000 ,,,,,,,優哉,優哉,,,,,,,,,「……ええと、どっちだ？」
64100 ,,,,,,,,,,,,,,,,,　普段見慣れてるはずの学校までの道なのに、
　夜だと言うだけでぜんぜん道がわからない。
64200 ,,,,,,,優哉,優哉,,,,,,,,,「ええと……大野堂の看板を右、
　……だったよな、確か」
64400 ,,<!timepass_1_long>,,,,,,,,,,,,,,,　教わった目印を見つけるにも面倒がつきまとう。
　暗いってだけでいつも見えてるものが
　よくわからなくなる。
64500 ,,,,,,,優哉,優哉,,,,,,,,,「ええと……ああ、あの家かな……？」
64700 ,,<!move_veryshort>,,6102,,,優哉,優哉,,,,,,,,,「ええっと……ここのはずだな。
　こんな時間にチャイム鳴らすのは迷惑だし、
　ケイタイにかけるか……」
64800 ,,,,,,,,,,,,,,,,,　履歴から悠の番号を呼び出して鳴らしてみる。
　耳元で２、３回の呼び出し音が鳴ったと思うと、
　家の前にいた人影がこっちに近づいてくる。
64900 ,,,,,,,悠,悠,02yuu756_001.wav,"yuu,private",,90,,,,,「……うっす、優哉。
　ごくろーさんだね」
65000 ,,,,,,,優哉,優哉,,yuu,,90,,,,,「おう。悪いな、こんな夜中に」
65100 ,,,,,,,悠,悠,02yuu756_002.wav,yuu,,4,,,,,「まあ恋鳥のことだからね、いいってことよ。
　……それより、入って。外で話してるのもなんだし」
65200 ,,,,,,,,,,yuu,,4,,,,,　悠はすたすたと家に向かい、ドアを開けて俺を招く。
65300 ,,,,,,,優哉,優哉,,yuu,,4,,,,,「あ、ああ。
　じゃあ、お邪魔します……」
65400 ,,,,,,,悠,悠,02yuu756_003.wav,yuu,,90,,,,,「あ、親もう寝てるから。
　出来るだけ足音とか気をつけてね」
65500 ,,,,,,,,,,yuu,,90,,,,,　……こんな夜中に娘の部屋に同級生の男が
　やってきたなんて知れたら……
　うわ、やな予感しかしねえ。背筋が寒いぜ。
65600 ,,,,,,,優哉,優哉,,yuu,,90,,,,,「……わかった、気をつける」
65700 ,,,,,,,,,,yuu,,90,,,,,　俺は足音を忍ばせ、ゆっくりとドアを閉じた。
65900 ,,<!move_short><!se_room_open>,,9000,,,悠,悠,02yuu756_004.wav,,,,,,,,「こっちだよ、ほら、この部屋」
66000 ,,,,,,,優哉,優哉,,,,,,,,,「お、おう。じゃあ……失礼します」
66100 ,,,,6212,,,,,,,,,,,,,　部屋に入ってすぐ目に入ったのは、
　ベッドに頭をもたれさせて眠っている
　恋鳥の姿だった。
66200 ,,,,,,,優哉,優哉,,,,,,,,,「…………はぁ……」
66300 ,,,,,,,,,,,,,,,,,　やっと人心地ついてため息が出る。
　ったく、心配させやがって……。
66400 ,,,,,,,悠,悠,02yuu756_005.wav,yuu,,0,,,,,「さっき、電話がかかってくるちょっと前まで
　起きてたんだけどね。うとうとしてたから
　寝かしといたよ」
66500 ,,,,,,,,,,yuu,,0,,,,,　そういえば肩口まですっぽり覆うように
　薄いピンク色の毛布がかけられている。
66600 ,,,,,,,優哉,優哉,,yuu,,0,,,,,「……悪いな、世話かけちまって」
66700 ,,,,,,,悠,悠,02yuu756_006.wav,yuu,,4,,,,,「気にすることじゃないよ、友達なんだから。
　……それより、何かあったの？」
66800 ,,,,,,,優哉,優哉,,yuu,,4,,,,,「ああ……実は俺、しばらく前から、恋鳥と
　一緒に暮らしてるんだ。恋鳥のアパートが
　ピンチで、一緒に暮らしてるって言っちゃって」
66900 ,,,,,,,悠,悠,02yuu756_007.wav,yuu,,90,,,,,「……そっか。
　なるほどねー」
67000 ,,,,,,,優哉,優哉,,yuu,,90,,,,,「……ああ、それで……」
67100 ,,,,,,,,,,yuu,,90,,,,,　続きを口に出そうとした俺の口元に、
　悠がぴっと人差し指を当てた。
67200 ,,,,,,,悠,悠,02yuu756_008.wav,yuu,,0,,,,,「……いいよ。だいたいわかった」
67300 ,,,,,,,,,,yuu,,0,,,,,　悠はそれ以上追求しようともせず、
　ただ笑って俺の肩を叩いた。
67400 ,,,,,,,優哉,優哉,,yuu,,0,,,,,「……すまん、ありがとな」
67500 ,,,,,,,悠,悠,02yuu756_009.wav,yuu,,17,,,,,「いいってことよぅ。
　それよりそろそろ起こしてあげなって。
　恋鳥、あんたを待ってたんだよ」
67600 ,,,,,,,優哉,優哉,,yuu,,17,,,,,「あ、ああ」
67700 ,,,,,,,,,,,,,,,,,　言われるままに俺は恋鳥に近づき、
　肩を軽く揺さぶる。
67800 ,,,,,,,優哉,優哉,,,,,,,,,「おい、恋鳥、迎えに来たぞ。
　……おーい、恋鳥さん？
　起きてくださいませんかー？」
67900 ,,,,,,,,,,,,,,,,,　……揺さぶってもぜんぜん起きる様子がない。
　というかそのまま床にずり落ちて寝続けてる……
68000 ,,,,,,,悠,悠,02yuu756_010.wav,yuu,,12,,,,,「ああ、そういや恋鳥、一回寝入るとぜんぜん
　起きないんだった……はは、ごめんごめん」
68100 ,,,,,,,優哉,優哉,,yuu,,12,,,,,「そうか……。でもこのままってわけにいかないし。
　しょうがない、抱いて帰るよ」
68200 ,,,,,,,悠,悠,02yuu756_011.wav,yuu,,1,,,,,「ああ、そうしてあげな。
　きっと喜ぶから」
68300 ,,,,,,,優哉,優哉,,yuu,,1,,,,,「おう、こっからアパートまで
　絶対おろしてやんねえ」
68400 ,,,,,,,,,,yuu,,1,,,,,　二人で笑い合って見下ろした先、
　床に丸くなった恋鳥が、
　むにゃむにゃと寝言で抗議していた。
68490 ,,<!Lend_move>,0,9000,,,,,,,,,,,,,
68700 ,@757,,,,,,,,,,,,,,,,
68900 ,,<!Lbegin_move>,8,6102,,,,,,"yuu,private",,90,,,,,　恋鳥を抱えて忍び足で階段を下り、
　ひっそりと家を退出する。
　悠も家の前まで見送りに出てきてくれた。
69000 ,,,,,,,優哉,優哉,,yuu,,90,,,,,「……ありがとな、悠。
　悪かったな、こんな夜中に」
69100 ,,,,,,,悠,悠,02yuu757_001.wav,yuu,,12,,,,,「何度も言わすなっ。
　友達だから、とーぜんだよ」
69200 ,,,,,,,優哉,優哉,,yuu,,12,,,,,「そうか……いや、でもありがとう。
　恋鳥の代わりに礼を言わせてくれ」
69300 ,,,,,,,悠,悠,02yuu757_002.wav,yuu,,90,,,,,「……わかった。
　でも、もたもたしてないで早く帰ってあげな。
　恋鳥が風邪引いちゃう」
69400 ,,,,,,,優哉,優哉,,yuu,,90,,,,,「……そうだな。
　それじゃ、行くよ。……また明日な」
69500 ,,,,,,,悠,悠,02yuu757_003.wav,yuu,,90,,,,,「うん、じゃあね。
　……また明日」
69600 ,,,,,,,,,,,,,,,,,　家の前から見送ってくれる悠に手を振り、
　俺は薄い月明かりの照らす中を歩き始めた。
69800 ,,<!move_normal>,,12202,,,,,,,,,,,,,　蛍光灯の下、ちょっと歩きにくくてふらふら
　しながら、胸元に恋鳥を抱えて街の中を歩く。
69900 ,,,,,,,優哉,優哉,,,,,,,,,「恋鳥、軽いな……」
70000 ,,,,,,,,,,,,,,,,,　そんな素直な感想を抱くけど、
　力の抜けた人の体ってのは意外と持ちにくい。
70100 ,,,,,,,優哉,優哉,,,,,,,,,「……ま、それでもイヤな感じはしないな。
　ちょうどいい重さだ」
70200 ,,,,,,,,,,,,,,,,,　暖かさが近くにあると、独り言が多くなる。
　いい癖じゃないな。
70300 ,,,,,,,優哉,優哉,,,,,,,,,「……おーい、恋鳥。
　いつまで寝てるんだよ」
70400 ,,,,,,,,,,,,,,,,,　声をかけてみるけど、ぐっすり寝込んだ恋鳥が
　起きる様子はぜんぜんない。
70500 ,,,,,,,,,,,,,,,,,　それどころかちょっと震えてるような気もする。
70600 ,,,,,,,優哉,優哉,,,,,,,,,「……ホントに風邪ひかせたらたまんないな。
　急いで帰ろう」
70800 ,,<!move_normal>,,12102,,,,,,,,,,,,,　人工物の多い街中を外れ、薄暗い竹林に入った。
　さらさらと鳴る葉の音に、なんとなく耳を奪われる。
70900 ,,,,,,,,,,,,,,,,,　ふと恋鳥の顔から目を離して顔を上げると、
　いつも歩いている道が月の光に照らされて
　まったく違う表情を見せていた。
71000 ,,,,,,,優哉,優哉,,,,,,,,,「……ふぅ、もうちょいだ」
71100 ,,,,,,,,,,,,,,,,,　少し汗をかいた額をぬぐって＜瞬＝まばた＞きをする。
　見上げれば、葉と葉の隙間から覗く輝く星と月。
　見下ろせば、青白く照らされた恋鳥の寝顔。
71200 ,,,,,,,優哉,優哉,,,,,,,,,「……＜綺麗＝きれい＞だな」
71300 ,,,,,,,,,,,,,,,,,　自分らしくもない、でも素直な感想が思わず
　口をついて出た。
71400 ,,,,,,,,,,,,,,,,,　それは空で輝く星や月のことか、
　それともそれに青白く照らされて
　浮かび上がる恋鳥の横顔のことなのか……
71500 ,,,,,,,優哉,優哉,,,,,,,,,「どっちでもいいか。
　……なんていうと恋鳥が怒りそうだな。
　両方、かな」
71600 ,,,,,,,,,,,,,,,,,　そんなことをつぶやいた時、
　腕の中の恋鳥のまぶたがゆっくりと開いた。
71700 ,,,,,,,恋鳥,恋鳥,04kot757_001.wav,,,,,,,,「…………ふぁ……」
71800 ,,,,,,,,,,,,,,,,,　大きなあくびを漏らし、両腕をぐっと
　突き上げて伸び上がる。
71900 ,,,,,,,恋鳥,恋鳥,04kot757_002.wav,,,,,,,,「……んんんーっ」
72000 ,,,,,,,,,,,,,,,,,　伸ばした手のひらが俺の頬にめり込んでくる。
　いてえいてえ、顔がゆがむ！
72100 ,,,,,,,,,,,,,,,,,　恋鳥が目元にたまった涙をぬぐい、
　きょろきょろと左右を見回して……
　そこでやっと俺と目が合った。
72190 ,,<!Lend_continue>,0,9000,,,,,,,,,,,,,
72400 ,@758,,,,,,,,,,,,,,,,
72600 ,,<!Lbegin_continue>,0,12102,400471,,恋鳥,恋鳥,04kot758_001.wav,,,,,,,,「…………ふあっ！？」
72700 ,,,,,400471,,,,,,,,,,,,　ものすごいマヌケな声を上げる恋鳥。
　狼狽してじたばた暴れようとするのを
　腕に力を込めて押さえる。
72800 ,,,,,400471,,優哉,優哉,,,,,,,,,「お、落ちる、落ちるから暴れるなって」
72900 ,,,,,400471,,恋鳥,恋鳥,04kot758_002.wav,,,,,,,,「……はわ、あう。
　……ご、ごめん」
73000 ,,,,,400471,,,,,,,,,,,,　言ったとたんにほんとに落ちそうになって、
　恋鳥はあわてて俺の胸元にしがみついた。
73100 ,,,,,400471,,恋鳥,恋鳥,04kot758_003.wav,,,,,,,,「……あ、あの、でも、なんで……
　なんで優哉、ここにいるんだ……？」
73200 ,,,,,400471,,優哉,優哉,,,,,,,,,「いや、アパートに帰ったら恋鳥が
　いなかったからさ、悠の家まで迎えに行った」
73300 ,,,,,400471,,恋鳥,恋鳥,04kot758_004.wav,,,,,,,,「……え、あ、う。
　恋鳥は悠の家で寝ちゃった、のか……」
73400 ,,,,,400471,,,,,,,,,,,,　ようやく思い出したのか、
　急に頬が真っ赤に染まっていく。
73500 ,,,,,400471,,恋鳥,恋鳥,04kot758_005.wav,,,,,,,,「うう、悠にもばれた……」
73600 ,,,,,400471,,優哉,優哉,,,,,,,,,「はは、まあ怪しまれてたし……
　友達に隠し事し続けるのもなんだしな」
73700 ,,,,,400471,,恋鳥,恋鳥,04kot758_006.wav,,,,,,,,「……それは、そうだけど」
73800 ,,,,,400471,,,,,,,,,,,,　もごもごと小声で何かをつぶやく。
　歯切れがいい恋鳥にしちゃ珍しいな、
　と思うとちょっと面白かった。
73900 ,,,,,400471,,恋鳥,恋鳥,04kot758_007.wav,,,,,,,,「……なんだゆーや。
　恋鳥の顔に何かついてるか？」
74000 ,,,,,400471,,優哉,優哉,,,,,,,,,「いや……ごめんな」
74100 ,,,,,400471,,,,,,,,,,,,　思わず口をついて出た言葉に、
　恋鳥が小さく息を吐いた。
74200 ,,,,,400471,,恋鳥,恋鳥,04kot758_008.wav,,,,,,,,「………………」
74300 ,,,,,400471,,優哉,優哉,,,,,,,,,「恋鳥に寂しい思いさせた。
　恋鳥に心配、させたんだよな、俺は。
　またひとりぼっちにするんじゃないかって」
74400 ,,,,,400471,,恋鳥,恋鳥,04kot758_009.wav,,,,,,,,「……それは……」
74500 ,,,,,400471,,優哉,優哉,,,,,,,,,「謝らせてくれ。俺、今すごく後悔してる。
　ちゃんと話しなくて……恋鳥を悲しませたこと」
74600 ,,,,,400471,,恋鳥,恋鳥,04kot758_010.wav,,,,,,,,「ゆーや……」
74700 ,,,,,400471,,優哉,優哉,,,,,,,,,「恋鳥、俺がいちばん大事なのは恋鳥だ。
　……ずっと、一緒にいたい」
74800 ,,,,,400471,,,,,,,,,,,,　俺は、ずっと胸につかえていた気持ちを
　ようやく口に出すことが出来た。
74900 ,,,,,400471,,優哉,優哉,,,,,,,,,「……いさせて、くれるか？」
75000 ,,,,,400471,,恋鳥,恋鳥,04kot758_011.wav,,,,,,,,「……ばか……」
75100 ,,,,,400471,,,,,,,,,,,,　うつむいてしまう恋鳥。
　俺はあわてて言い訳してしまう。
75200 ,,,,,400471,,優哉,優哉,,,,,,,,,「あ、突然言われても、困る、よな……
　悪い、今のは……」
75300 ,,,,,400471,,恋鳥,恋鳥,04kot758_012.wav,,,,,,,,「……ばかっ、ばかっ！　ゆーやのばかっ！
　おそいぞっ、恋鳥、さびしかったんだぞっ……」
75400 ,,,,,400471,,,,,,,,,,,,　うつむいたままぽこぽこと胸元を叩く恋鳥。
　……痛くないけど、胸に響く。
75500 ,,,,,400471,,恋鳥,恋鳥,04kot758_013.wav,,,,,,,,「恋鳥は……恋鳥は、ずっと前から、
　ゆーやといっしょにいたいんだぞ……」
75600 ,,,,,400471,,,,,,,,,,,,　つぶやくような恋鳥の＜応＝こた＞え。
　その言葉をつむぎだした恋鳥のうつむいた顔を、
　俺はぎゅっと抱き寄せて……
75700 ,,,3,,400472,,恋鳥,恋鳥,04kot758_014.wav,,,,,,,,「………………」
75800 ,,,,,400472,,,,,,,,,,,,　口をふさぐように少し荒っぽく、
　キスをした。
75900 ,,,,,400472,,恋鳥,恋鳥,04kot758_015.wav,,,,,,,,「……は、ふぅっ……
　ゆーや……ゆーやぁ……」
76000 ,,,,,400472,,,,,,,,,,,,　抱きかかえた胸元に恋鳥の暖かさを強く感じながら、
　俺は満たされた気持ちでいっぱいになった。
76090 ,,<!Lend_move>,0,9000,,,,,,,,,,,,,
76300 ,@759,,,,,,,,,,,,,,,,
76500 ,,<!Lbegin_move>,8,7212,,,優哉,優哉,,,,,,,,,「とぉーちゃく～、っと」
76600 ,,,,,,,恋鳥,恋鳥,04kot759_001.wav,,,,,,,,「……ん、ありがと……」
76700 ,,,,,,,,,,,,,,,,,　部屋に着いて恋鳥をおろす。
　ちぢこまった腰を伸ばすと、
　ビキビキッと響いた。
76800 ,,,,,,,優哉,優哉,,,,,,,,,「……悠んところからここまでずっとってのは
　さすがにちょっと疲れたな……」
76900 ,,,,,,,,,,,,,,,,,　部屋の真ん中に倒れ込み、
　大きくのびをして固くなった体をほぐす。
77000 ,,,,,,,恋鳥,恋鳥,04kot759_002.wav,"kotori,pajamas",,0,,,,,「……何やってるんだ？　体操？」
77100 ,,,,,,,,,,kotori,,0,,,,,　洗面所にいった恋鳥が着替えた服を片手に戻ってくる。
77200 ,,,,,,,優哉,優哉,,kotori,,0,,,,,「いや、ちょっと疲れたから……
　って、もう着替えたのか」
77300 ,,,,,,,恋鳥,恋鳥,04kot759_003.wav,kotori,,90,,,,,「……ん。
　楽な格好の方がいいし」
77400 ,,,,,,,,,,kotori,,90,,,,,　そういって俺の横に座った恋鳥はジャージ姿だった。
　俺も寝転がった姿勢はやめて、改めて座り直す。
77500 ,,,,,,,恋鳥,恋鳥,04kot759_004.wav,kotori,,1,,,,,「ゆーや、今日はありがとう」
77600 ,,,,,,,優哉,優哉,,kotori,,1,,,,,「礼を言われるようなことじゃないって。
　俺が恋鳥のこと放っていっちまったのが
　悪いんだからな」
77700 ,,,,,,,恋鳥,恋鳥,04kot759_005.wav,kotori,,1,,,,,「……寂しかったから、そういうことにする」
77800 ,,,,,,,,,,kotori,,1,,,,,　恋鳥の応えに思わずふっと笑いが漏れる。
　見れば恋鳥も小さく微笑んでいた。
77900 ,,,,,,,恋鳥,恋鳥,04kot759_006.wav,kotori,,3,,,,,「ゆーや……恋鳥は重くなかったか？」
78000 ,,,,,,,優哉,優哉,,kotori,,3,,,,,「いや、そんなに。
　っていうか、軽かった。
　ちょっとびっくりしたよ」
78100 ,,,,,,,恋鳥,恋鳥,04kot759_007.wav,kotori,,0,,,,,「そうか……ちょっと安心」
78200 ,,,,,,,優哉,優哉,,kotori,,0,,,,,「なんでだよ。
　恋鳥やせてるし、重いってことないだろ」
78300 ,,,,,,,恋鳥,恋鳥,04kot759_008.wav,kotori,,3,,,,,「……だって不安だったんだ」
78400 ,,,,,,,優哉,優哉,,kotori,,3,,,,,「大丈夫だよ。
　なんならまたやったっていいぐらいだぜ」
78500 ,,,,,,,恋鳥,恋鳥,04kot759_009.wav,kotori,,1,,,,,「……うん、またしてほしい。
　だっこして運んでもらったの、うれしかった」
78600 ,,,,,,,,,,kotori,,1,,,,,　頬を赤らめて恋鳥が言って、
　俺はなんとなく気恥ずかしくなって話をそらす。
78700 ,,,,,,,優哉,優哉,,kotori,,1,,,,,「あ、暑かったりしなかったか？」
78800 ,,,,,,,恋鳥,恋鳥,04kot759_010.wav,kotori,,1,,,,,「ううん……気持ちよかった。
　ゆーやといっしょに部屋に帰ってきたの、
　すごくうれしかった……」
78900 ,,,,,,,優哉,優哉,,kotori,,1,,,,,「そっか。
　……俺も、恋鳥を抱いて帰ってきて、
　なんかすごい、帰ってきたって気がしたよ」
79000 ,,,,,,,恋鳥,恋鳥,04kot759_011.wav,kotori,,6,,,,,「じゃあ……ゆーや」
79100 ,,,,,,,,,,kotori,,6,,,,,　恋鳥がくっと俺のすそをつまんで引っ張る。
　上目遣いの視線でおずおずと俺を見上げた。
79200 ,,,,,,,恋鳥,恋鳥,04kot759_012.wav,kotori,,6,,,,,「……また、だっこしてほしい」
79300 ,,,,,,,優哉,優哉,,kotori,,6,,,,,「……おうっ」
79400 ,,,,,,,,,,kotori,,6,,,,,　その控えめな主張にたまらなくなって、
　俺は恋鳥を勢いよく抱きしめる。
79500 ,,,,,,,恋鳥,恋鳥,04kot759_013.wav,kotori,,90,,,,,「ゆーや……ゆーやぁ……」
79600 ,,,,,,,,,,kotori,,90,,,,,　胸の中から俺を見上げて小さく声を漏らす恋鳥。
　瞳が切なげにうるみ、そっとまぶたを閉じた。
79700 ,,,,,,,恋鳥,恋鳥,04kot759_014.wav,kotori,,90,,,,,「ゆーや……」
79800 ,,,,,,,,,,kotori,,90,,,,,　そのささやきに応えて、俺は恋鳥の唇をふさいだ。
79900 ,,,,,,,恋鳥,恋鳥,04kot759_015.wav,kotori,,1,,,,,「ふ、ぅ…………
　あふぁ……ゆーや……」
80000 ,,,,,,,,,,kotori,,1,,,,,　恋鳥の唇は甘く柔らかで……
　抱きついてくる小柄な体も柔らかくて、
　俺は……図らずも高ぶりを感じる。
80100 ,,,,,,,優哉,優哉,,kotori,,1,,,,,「恋鳥……俺、その……」
80200 ,,,,,,,恋鳥,恋鳥,04kot759_016.wav,kotori,,6,,,,,「……あ……」
80300 ,,,,,,,,,,kotori,,6,,,,,　お尻の下で堅くなったものの感触を感じたか、
　恋鳥は頬を赤らめて……
　ジャージの胸元を少し開いた。
80400 ,,,,,,,恋鳥,恋鳥,04kot759_017.wav,kotori,,3,,,,,「……ゆーやなら、いいから……
　来て……」
80500 ,,,,,,,,,,kotori,,3,,,,,　俺はもう一度、恋鳥を強く抱きしめた。
80800 ,@760,,,,,,,,,,,,,,,,■■■恋鳥Ｈ１回目■■■
81390 ,,<!Lbegin_continue>,3,7212,401411,,,,,,,,,,,,
81399 ,*mem,,,,,,,,,,,,,,,,
81400 ,,,3,,401411,,,,,,,,,,,,　見てはいけないと思いつつも、目線が下に向いてしま
　う。
81500 ,,,,,401411,,,,,,,,,,,,　ある意味、想像通りだった。
81600 ,,,,,401411,,,,,,,,,,,,　普段から華奢で発育途上な印象はあったが、それが
　ここにきて覆されることはなかった。
81700 ,,,,,401411,,,,,,,,,,,,　ほとんどクビレのない腰回り。
81800 ,,,,,401411,,,,,,,,,,,,　頼りない肉付きの太腿が、目の前に投げ出されてい
　る。
81900 ,,,,,401411,,,,,,,,,,,,　そして初めて生で目にする女性器。
82000 ,,,,,401411,,,,,,,,,,,,　すっ…と縦に伸びたシンプルな溝が、恋鳥の表情と
　同じように無感情を装っていた。
82100 ,,,,,401411,,優哉,優哉,,,,,,,,,「なんか……綺麗だな」
82200 ,,,,,401411,,恋鳥,恋鳥,04kot760_001.wav,,,,,,,,「……きれい？」
82300 ,,,,,401411,,,,,,,,,,,,　頷いて応え、指先で内側の腿肉を撫で上げる。
82400 ,,,,,401411,,,,,,,,,,,,　すると恋鳥はそれだけで両足を突っぱね、もどかしそ
　うに膝小僧を擦り合わせた。
82500 ,,,,,401411,,恋鳥,恋鳥,04kot760_002.wav,,,,,,,,「ゆーや……」
82600 ,,,,,401411,,,,,,,,,,,,　自分の意思とは関係なく動く身体が不安なのか、
　珍しく気弱な声が聞こえてくる。
82700 ,,,,,401411,,,,,,,,,,,,　それがかわいくて次々に太腿へ指先を＜奔＝はし＞らせると、
　恋鳥は紅潮を強めて下唇を噛んだ。
82800 ,,,,,401411,,優哉,優哉,,,,,,,,,（表情はいつもとそんなに変わらないけど……）
82900 ,,,,,401411,,,,,,,,,,,,　強く握りしめられた両の手が、恋鳥の精神状態を
物語っている。
83000 ,,,,,401411,,,,,,,,,,,,　じっと顔を見つめていると、目を逸らして小振りな胸
　を隠そうとした。
83100 ,,,,,401411,,恋鳥,恋鳥,04kot760_003.wav,,,,,,,,「……もう見せるのはおしまいだ」
83200 ,,,,,401411,,優哉,優哉,,,,,,,,,「どうして？　ずっとそうやって持っててくれよ」
83300 ,,,,,401411,,恋鳥,恋鳥,04kot760_004.wav,,,,,,,,「ダメだ。見せると、ゆーやが＜助平＝すけべい＞な顔になる」
83400 ,,,,,401411,,優哉,優哉,,,,,,,,,「健全な男っていうのはみんなそうなるんだっ」
83500 ,,,,,401411,,恋鳥,恋鳥,04kot760_005.wav,,,,,,,,「……これだから男というのは」
83600 ,,,,,401411,,優哉,優哉,,,,,,,,,「なんつー愛のない言葉を……ああ、そうかい。
　分かった。隠したければ隠せばいいさ」
83700 ,,,,,401411,,優哉,優哉,,,,,,,,,「それならこっちにも考えがある」
83800 ,,,,,401411,,恋鳥,恋鳥,04kot760_006.wav,,,,,,,,「ん……ゆうっ……んっん！？
　ちゅっ……ん……ちゅぅっ……ん……ちゅっ……
　ぢゅっ……ぢゅぅっ……」
83900 ,,,,,401411,,,,,,,,,,,,　胸を隠すのに気を取られていた恋鳥の隙を狙い、
　一方的に唇を奪う。
84000 ,,,,,401411,,,,,,,,,,,,　舌が絡み合った瞬間、身体が跳ね上がり、頑なに胸を
　隠そうとしていた手がふっと緩むのを感じた。
84100 ,,,,,401411,,優哉,優哉,,,,,,,,,「もう胸は隠さなくていいのか？」
84200 ,,,,,401411,,,,,,,,,,,,　恋鳥はただ呆然としたまま、俺の唾液で濡れた唇を
　半開きにしている。
84300 ,,,,,401411,,,,,,,,,,,,　心なしか、幼い乳房の先端がキスをする前より芽吹い
　ているように見えた。
84400 ,,,,,401411,,恋鳥,恋鳥,04kot760_007.wav,,,,,,,,「……性犯罪者」
84500 ,,,,,401411,,,,,,,,,,,,　唇を奪われて、バツが悪そうな表情がかわいい。
84600 ,,,,,401411,,,,,,,,,,,,　大抵のことはソツなくこなすタイプの恋鳥が、キスの
　舌使いは稚拙だった。
84700 ,,,,,401411,,,,,,,,,,,,　未成熟な身体と同様、恋鳥自身が男という生き物に
　順応しきれていないように見える。
84800 ,,,,,401411,,優哉,優哉,,,,,,,,,「恋鳥、もう一回キスしてもいいか？」
84900 ,,,,,401411,,恋鳥,恋鳥,04kot760_008.wav,,,,,,,,「……何かを企んでいる顔だ」
85000 ,,,,,401411,,優哉,優哉,,,,,,,,,「失敬だな、君は。
　俺は純粋に愛を確かめ合う行為として……」
85100 ,,,,,401411,,恋鳥,恋鳥,04kot760_009.wav,,,,,,,,「話せば話すほど＜胡散＝うさん＞臭いぞ」
85200 ,,,,,401411,,,,,,,,,,,,　すっかり唇の方を警戒し、一方で最も大切に守るべき
　場所が無防備になっていた。
85300 ,,,,,401411,,,,,,,,,,,,　再び身を乗り出し、唇を奪う振りをする。
85400 ,,,,,401411,,,,,,,,,,,,　そちらに注意を引きつけ、涼しい顔で本命の『下唇』
　を襲う。
85700 ,,,,,401412,,恋鳥,恋鳥,04kot760_010.wav,,,,,,,,「ん……ぁ……ぁ……」
85800 ,,,,,401412,,,,,,,,,,,,　気の抜けたような声。
85900 ,,,,,401412,,,,,,,,,,,,　傷つけないように未発達な陰唇を開き、これまでほと
　んど外気に触れることのなかった粘膜と対面する。
86000 ,,,,,401412,,,,,,,,,,,,　少し痛々しいような鮭肉色が露わになり、俺は指先に
　力を入れすぎないよう何度も生唾を飲みこんだ。
86100 ,,,,,401412,,,,,,,,,,,,　――熱い。
86200 ,,,,,401412,,,,,,,,,,,,　恋鳥の粘膜に触れた指先の細胞が疼いている。
86300 ,,,,,401412,,,,,,,,,,,,　今まで何の違和感もなかったが、よく見ると恋鳥はま
　だ恥毛すら生えていなかった。
86400 ,,,,,401412,,優哉,優哉,,,,,,,,,「痛くないか？」
86500 ,,,,,401412,,恋鳥,恋鳥,04kot760_011.wav,,,,,,,,「ん……痛くはない……」
86600 ,,,,,401412,,,,,,,,,,,,　慎重に動かしていると、僅かな窪みが指先に触れた。
86700 ,,,,,401412,,,,,,,,,,,,　それはとても穴と呼べるようなものではなく、ここに
　自分の生殖器が入っていくなんて想像もできない。
86800 ,,,,,401412,,優哉,優哉,,,,,,,,,（小さすぎないか？　これ……）
86900 ,,,,,401412,,,,,,,,,,,,　率直な感想だった。
87000 ,,,,,401412,,,,,,,,,,,,　こんな話は時期尚早だが、この指一本すら入るのか
　疑わしい窪みから、赤ん坊が産まれてくるイメージ
　が湧いてこない。
87100 ,,,,,401412,,,,,,,,,,,,　試しに指先へ力を込めると、恋鳥は腰を引いて異物の
　侵入を拒んだ。
87200 ,,,,,401412,,恋鳥,恋鳥,04kot760_012.wav,,,,,,,,「……ゆーやは恋鳥に何をしようとしている？
　悪いことか？」
87300 ,,,,,401412,,優哉,優哉,,,,,,,,,「いやいやいや、悪いことなんて何も……」
87400 ,,,,,401412,,恋鳥,恋鳥,04kot760_013.wav,,,,,,,,「最初から恋鳥のカラダだけが目当てだったのだな」
87500 ,,,,,401412,,優哉,優哉,,,,,,,,,「そんなことないない！
　信じてくれ！　この真っさらで透き通った瞳を……」
87600 ,,,,,401412,,恋鳥,恋鳥,04kot760_014.wav,,,,,,,,「……血走って必死だな」
87700 ,,,,,401412,,優哉,優哉,,,,,,,,,「あー、分かった。もうこの際、はっきり言わせても
　らうからな。今日という今日は……」
87800 ,,,,,401412,,恋鳥,恋鳥,04kot760_015.wav,,,,,,,,「うむ、言ってみるといい」
87900 ,,,,,401412,,優哉,優哉,,,,,,,,,「俺、恋鳥のことがメチャクチャ好きだ。
　だから恋鳥のことをメチャクチャにしたい！」
88000 ,,,,,401412,,恋鳥,恋鳥,04kot760_016.wav,,,,,,,,「……ゆーやは、恋鳥が好きだとメチャクチャに
　したくなるのか？」
88100 ,,,,,401412,,優哉,優哉,,,,,,,,,「ぶっちゃけていいのか？」
88200 ,,,,,401412,,恋鳥,恋鳥,04kot760_017.wav,,,,,,,,「ぶっちゃけていい」
88300 ,,,,,401412,,優哉,優哉,,,,,,,,,「よーし、分かった。いくぞ？　俺は……俺はなぁ！」
88400 ,,,,,401412,,優哉,優哉,,,,,,,,,「今すぐ恋鳥の×××に俺の×××を××して、
　××で××を××したい！」
88500 ,,,,,401412,,恋鳥,恋鳥,04kot760_018.wav,,,,,,,,「チョメチョメが多くて意味不明だ」
88600 ,,,,,401412,,優哉,優哉,,,,,,,,,「だから、俺が言いたいのはっ……」
88700 ,,,,,401412,,恋鳥,恋鳥,04kot760_019.wav,,,,,,,,「……分かった。恋鳥もゆーやのことはキライでないか
　ら、メチャクチャにされてやってもいいぞ」
88800 ,,,,,401412,,優哉,優哉,,,,,,,,,「は？」
88900 ,,,,,401412,,恋鳥,恋鳥,04kot760_020.wav,,,,,,,,「ん……よく分からないから恋鳥もぶっちゃけてみた」
89000 ,,,,,401412,,,,,,,,,,,,　言い終わったあと、無表情のままで目を伏せ、恋鳥は
　耳までを真っ赤に染めていく。
89100 ,,,,,401412,,,,,,,,,,,,　こういう時に限って、気の利いた言葉が出てこない。
89200 ,,,,,401412,,,,,,,,,,,,　一方で、男としての妙な義務感が芽生え始めていた。
89300 ,,,,,401412,,,,,,,,,,,,　――恋鳥を気持ちよくさせてやりたい。
89400 ,,,,,401412,,,,,,,,,,,,　それが男の自己満足だと分かりつつも、俺の指で恋鳥
　に何かを感じてほしかった。
89500 ,,,,,401412,,優哉,優哉,,,,,,,,,「恋鳥、痛かったら素直に言ってな？」
89700 ,,,,,401413,,恋鳥,恋鳥,04kot760_021.wav,,,,,,,,「ん……ぁっ……んっん……ゆーや……」
89800 ,,,,,401413,,,,,,,,,,,,　僅かに湿り気を帯びた肉溝をなぞり、包皮で保護され
　た陰核を指先ですくう。
89900 ,,,,,401413,,,,,,,,,,,,　瞬間、勢いよく恋鳥の腰が跳ね上がり、初めて感情の
　読み取れる表情になった。
90000 ,,,,,401413,,,,,,,,,,,,　包皮の上から軽く突起を撫でると、きゅ～っと腿肉が
　内側に擦り寄っていく。
90100 ,,,,,401413,,,,,,,,,,,,　そんな心地よい太腿の圧力を感じながら、さらに恋鳥
　の陰核を責め立てていく。
90200 ,,,,,401413,,恋鳥,恋鳥,04kot760_022.wav,,,,,,,,「んっん……んんっ……はあっ……ゆーや、恋鳥に
　何をした？　こんなの……聞いてないぞっ」
90300 ,,,,,401413,,,,,,,,,,,,　恐らく恋鳥が生まれて初めて経験する性的快感。
90400 ,,,,,401413,,,,,,,,,,,,　敏感な感覚神経がビーズ一個分の大きさに集中し、
　軽く指で払っただけでも幼い身体が波打っていく。
90500 ,,,,,401413,,恋鳥,恋鳥,04kot760_023.wav,,,,,,,,「ん……ぁっ……ゆうっ……やっ……ぁぁっ……」
90600 ,,,,,401413,,,,,,,,,,,,　触っているうちに陰核はシコリを強め、指先にかかり
　やすくなった。
90700 ,,,,,401413,,,,,,,,,,,,　勝手にビクつく身体が恥ずかしいのか、恋鳥は身を
　＜捩＝よじ＞って快感から逃れようとする。
90800 ,,,,,401413,,恋鳥,恋鳥,04kot760_024.wav,,,,,,,,「んぁっ！？　ぁぁっ……ぁっぁっぁっぁぁぁっ……
　ゆーや、指っ……んぅぅぅっ！？」
90900 ,,,,,401413,,,,,,,,,,,,　一時的に指先でのタッチを速めると、面白いように
　両足が伸びきった。
91000 ,,,,,401413,,,,,,,,,,,,　普段の生活では想像すらできなかった恋鳥の嬌声。
91100 ,,,,,401413,,,,,,,,,,,,　いくら外見が幼くても、やっぱり女なんだな……と
　変なところで感心してしまう。
91200 ,,,,,401413,,優哉,優哉,,,,,,,,,「恋鳥、さっきから声を出すの我慢してないか？」
91300 ,,,,,401413,,恋鳥,恋鳥,04kot760_025.wav,,,,,,,,「知らなっ……そんな……のっ……んっん……
　ぁっ……はあっ、我慢なんて……してないぞ」
91400 ,,,,,401413,,,,,,,,,,,,　どうやら恋鳥は、俺の前で喘ぐという行為に強い罪悪
　感を覚えているようだった。
91500 ,,,,,401413,,,,,,,,,,,,　そんな呪縛の檻から恋鳥を解き放つため、先ほどから
　膣口を濡らしていた愛液をたっぷりと指に絡める。
91600 ,,,,,401413,,,,,,,,,,,,　そして粘液武装した指の腹の部分を、陰核の真下から
　押し当てた。
91700 ,,,,,401413,,恋鳥,恋鳥,04kot760_026.wav,,,,,,,,「んっ、んっん！？　んんんんーーっ！？」
91800 ,,,,,401413,,,,,,,,,,,,　包皮と肉芽の間に指先のヌルヌルを流しこみ、滑りや
　すくなったそれを揉みくちゃにする。
91900 ,,,,,401413,,,,,,,,,,,,　恋鳥はシーツに身体を張りつかせ、何度も病的な痙攣
　を繰り返していた。
92000 ,,,,,401413,,優哉,優哉,,,,,,,,,（考えてみたらすごいことだよな。恋鳥のこんな表情
　を見られるの、俺だけなんだから……）
92100 ,,,,,401413,,,,,,,,,,,,　日常生活での感情の希薄さが、今の恋鳥の希少価値を
　一層高めている。
92200 ,,,,,401413,,,,,,,,,,,,　指先で陰核を押した時の、活きのいいぷりぷり感が
　堪らなかった。
92300 ,,,,,401413,,優哉,優哉,,,,,,,,,（しかしあの恋鳥がこんな表情をするってことは……）
92400 ,,,,,401413,,恋鳥,恋鳥,04kot760_027.wav,,,,,,,,「んはぁっ……んっ……ぁっ、ぁっ、ぁっぁ……
　ゆーや……ゆーやぁ……」
92500 ,,,,,401413,,優哉,優哉,,,,,,,,,（……相当、気持ちいいんだろうな。これ）
92600 ,,,,,401413,,,,,,,,,,,,　恋鳥が感じれば感じるほど愛液の分泌が増え、溢れた
　分だけそれを陰核へ塗りつけるという好循環が続く。
92700 ,,,,,401413,,,,,,,,,,,,　緊張と弛緩を繰り返していた身体が、段々と汗ばんで
　いく。
92800 ,,,,,401413,,,,,,,,,,,,　汗をかくこと自体、恋鳥には珍しいことかもしれな
　い。
92900 ,,,,,401413,,,,,,,,,,,,　こんなにも心拍数の上がった恋鳥は滅多に見られるも
　のじゃない。
93000 ,,,,,401413,,恋鳥,恋鳥,04kot760_028.wav,,,,,,,,「はあ……はあ……はあ……ゆーや……」
93100 ,,,,,401413,,優哉,優哉,,,,,,,,,「ん？」
93200 ,,,,,401413,,恋鳥,恋鳥,04kot760_029.wav,,,,,,,,「恋鳥は……さっきから変だぞ……カラダがビリビリし
　ている……」
93300 ,,,,,401413,,恋鳥,恋鳥,04kot760_030.wav,,,,,,,,「それに、ゆーやに触られると……」
93400 ,,,,,401413,,優哉,優哉,,,,,,,,,「気持ちいいか？」
93500 ,,,,,401413,,,,,,,,,,,,　露骨な問いかけをすると、恋鳥は拗ねたような表情を
　浮かべ、
93600 ,,,,,401413,,恋鳥,恋鳥,04kot760_031.wav,,,,,,,,「……別に気持ちよくはないぞ」
93700 ,,,,,401413,,,,,,,,,,,,　下半身とは裏腹な乙女心というヤツだろうか？
93800 ,,,,,401413,,,,,,,,,,,,　包皮を剥いてゆる～く肉芽をこね回すと、それが強が
　りだということはすぐに分かった。
93900 ,,,,,401413,,,,,,,,,,,,　人差し指、中指、薬指とそれぞれに使い分けて恋鳥の
　敏感な部分を撫で上げていく。
94000 ,,,,,401413,,,,,,,,,,,,　中指がお気に召したらしく、触れるか触れないかぐら
　いのタッチが一番感じるようだった。
94100 ,,,,,401413,,優哉,優哉,,,,,,,,,「恋鳥、声は我慢しなくていいからな？」
94200 ,,,,,401413,,恋鳥,恋鳥,04kot760_032.wav,,,,,,,,「っん……はあっ……我慢するぞ、恋鳥は……」
94300 ,,,,,401413,,優哉,優哉,,,,,,,,,「だったら我慢させないぞ、優哉は」
94400 ,,,,,401413,,恋鳥,恋鳥,04kot760_033.wav,,,,,,,,「んっん！？　ゆうっ……がまんっ……んっ、んっん、
　ぁぁっ、ぁっ、ぁっ、ぁっ、ぁぁっ…」
94500 ,,,,,401413,,,,,,,,,,,,　しつこく陰核に粘着すると、細い腰が右へ左へと逃げ
　ていった。
94600 ,,,,,401413,,,,,,,,,,,,　恋鳥は自分の手を噛んで声を抑えようとするが、勢い
　よくのけ反って顎が突き上がる。
94700 ,,,,,401413,,,,,,,,,,,,　逃げていた腰の動きも止まり、初めて自分から陰部を
　押しつけてくる。
94800 ,,,,,401413,,恋鳥,恋鳥,04kot760_034.wav,,,,,,,,「ぁぁっ、ぁぁぁっ、ぁっぁ、ぁぁぁっ……ゆーや、
　声が……」
94900 ,,,,,401413,,優哉,優哉,,,,,,,,,「我慢させないって言ったろ？」
95000 ,,,,,401413,,恋鳥,恋鳥,04kot760_035.wav,,,,,,,,「んっ、はあっ……ゆーやは……恋鳥の声を聞いても
　キライにならないか？」
95100 ,,,,,401413,,優哉,優哉,,,,,,,,,「二度目になるが信じてくれ。
　この真っさらで透き通った瞳を……」
95200 ,,,,,401413,,恋鳥,恋鳥,04kot760_036.wav,,,,,,,,「ん……ゆーやも恋鳥を信じてほしいぞ。
　恋鳥はゆーやにしか……んっん！？」
95300 ,,,,,401413,,恋鳥,恋鳥,04kot760_037.wav,,,,,,,,「ぁあっ、あっ、んっ、はあっ…ゆーやにっ……しか
　っ……あっ、あっ、あっ、んっ、あっ、あっ、あっ、
　あっ……」
95400 ,,,,,401413,,,,,,,,,,,,　上擦っていく恋鳥の声を聞いていたら、思わず指先に
　も力が入った。
95500 ,,,,,401413,,,,,,,,,,,,　こんな小さな身体に少女と女が宿っている。
95600 ,,,,,401413,,,,,,,,,,,,　ゆらゆらと瞳を揺らし、理性と快楽の狭間で恋鳥は
　翻弄されている。
95700 ,,,,,401413,,恋鳥,恋鳥,04kot760_038.wav,,,,,,,,「あっあ、ああっ、んっん、んぅぅぅっ！？
　んんんんーーっ！？」
95800 ,,,,,401413,,優哉,優哉,,,,,,,,,（もしかしてイクのか……？）
95900 ,,,,,401413,,,,,,,,,,,,　休まず陰核を撫で回していると、恋鳥はシーツを蹴り
　ながらずり上がっていった。
96000 ,,,,,401413,,,,,,,,,,,,　そこへさらに追い打ちをかけ、コリコリの勃起肉を
　弄り倒す。
96100 ,,,,,401413,,,,,,,,,,,,　指の腹からぷりっ、ぷりっ…と押し出されるたびに
　恋鳥はかわいく身悶えし、布団の上で蕩けていく。
96200 ,,,,,401413,,恋鳥,恋鳥,04kot760_039.wav,,,,,,,,「あっ、あっ、あっ、ゆーやっ……分からない……
　恋鳥は……恋鳥はっ……んっん！？　んぅぅっ！？
　んんっん！？　あぁぁぁっ！？」
96500 ,,<!ef_shasei_l>,,,401414,,恋鳥,恋鳥,04kot760_040.wav,,,,,,,,「あっあ、ああっ、ああぁっ、んぅぅぅっ！？
　んぅぅぅっ！？　んんぅぅぅぅ～～～っ！？」
96600 ,,,,,401414,,,,,,,,,,,,　視覚的にも恋鳥の絶頂はすぐに分かった。
96700 ,,,,,401414,,,,,,,,,,,,　太腿を締め、元から小さいカラダをさらに縮こまらせ
　る。
96800 ,,,,,401414,,,,,,,,,,,,　その最中に下腹部が震え、全身にビクビクが＜拡＝ひろ＞がっていく。
96900 ,,,,,401414,,,,,,,,,,,,　放心する恋鳥には声をかけず、しばらくその表情を
　見守っていた。
97000 ,,,,,401414,,,,,,,,,,,,　いわゆるアクメ顔というやつだが、恋鳥の気持ちよさ
　そうな表情を見ているだけで幸せな気分になる。
97200 ,,,,,401413,,恋鳥,恋鳥,04kot760_041.wav,,,,,,,,「……ゆーや、悲しいお知らせがある」
97300 ,,,,,401413,,優哉,優哉,,,,,,,,,「ん？　急にどうしたんだ、悲しいお知らせって……」
97400 ,,,,,401413,,恋鳥,恋鳥,04kot760_042.wav,,,,,,,,「恋鳥はもうじき死ぬみたいだ」
97500 ,,,,,401413,,優哉,優哉,,,,,,,,,「ぶっ！？　死ぬって、なんでっ！」
97600 ,,,,,401413,,恋鳥,恋鳥,04kot760_043.wav,,,,,,,,「分からない。でもさっき、頭の中が真っ白になって
　生死の狭間をさまよった」
97700 ,,,,,401413,,恋鳥,恋鳥,04kot760_044.wav,,,,,,,,「今もカラダが痺れて思うように動かない……」
97800 ,,,,,401413,,恋鳥,恋鳥,04kot760_045.wav,,,,,,,,「息も苦しくなって、カラダが何度も痙攣した。
　恋鳥はもう長くない……」
97900 ,,,,,401413,,優哉,優哉,,,,,,,,,「……もしかして、天国とかも見えちゃったりしたの
　か？」
98000 ,,,,,401413,,恋鳥,恋鳥,04kot760_046.wav,,,,,,,,「ん……見えた。天国はふわふわして気持ちよかった
　ぞ」
98100 ,,,,,401413,,,,,,,,,,,,　話を総合的にまとめると。
98200 ,,,,,401413,,,,,,,,,,,,　つまり、死ぬほど気持ちよかったということらしい。
98300 ,,,,,401413,,,,,,,,,,,,　多分、恋鳥は『イク』という感覚が分かっていない。
98400 ,,,,,401413,,,,,,,,,,,,　だからこそ今の自分に戸惑っているんだろう。
98500 ,,,,,401413,,,,,,,,,,,,　それを無理に教えようとは思わなかった。
98600 ,,,,,401413,,,,,,,,,,,,　俺はただ、恋鳥が気持ちよくなってくれればいい。
98700 ,,,,,401413,,優哉,優哉,,,,,,,,,「恋鳥、怖くないから少しじっとしててな？」
98800 ,,,,,401413,,恋鳥,恋鳥,04kot760_047.wav,,,,,,,,「…………」
98900 ,,,,,401413,,,,,,,,,,,,　恋鳥の頷きを確かめ、愛液の源泉に指先を奔らせる。
99000 ,,,,,401413,,,,,,,,,,,,　沼地のようになったそこを優しくマッサージし、少し
　ずつ粘膜をほぐしていく。
99100 ,,,,,401413,,,,,,,,,,,,　改めて見ても、これを女性器と呼んでいいのか判断が
　つかなかった。
99200 ,,,,,401413,,,,,,,,,,,,　年齢は俺よりひとつ上だが、とても母親になる準備が
　できているとは思えない。
99300 ,,,,,401413,,,,,,,,,,,,　外見だけで見るなら、初潮すらまだのように思える。
99400 ,,,,,401413,,優哉,優哉,,,,,,,,,（そろそろかな……）
99500 ,,,,,401413,,,,,,,,,,,,　指の爪が伸びていないのを確かめ、じっくりと膣口へ
　の圧力を強めていった。
99600 ,,,,,401413,,,,,,,,,,,,　処女膜を傷つけてしまいそうな怖さもあったが、
　その分、恋鳥の反応を慎重に見守る。
99700 ,,,,,401413,,,,,,,,,,,,　できるだけ緊張を誘わないよう、一定の圧力で膣口を
　押し拡げていく。
99800 ,,,,,401413,,恋鳥,恋鳥,04kot760_048.wav,,,,,,,,「ん……恋鳥の中に……何かが潜ってきている……」
99900 ,,,,,401413,,優哉,優哉,,,,,,,,,「ああ、俺の指だよ」
100000 ,,,,,401413,,恋鳥,恋鳥,04kot760_049.wav,,,,,,,,「ゆーやの指？　ゆーやの指が恋鳥の中に……」
100100 ,,,,,401413,,,,,,,,,,,,　そんな呟きのあと、奥の粘膜から粘り気の強い愛液が
　染み出してくる。
100200 ,,,,,401413,,,,,,,,,,,,　その力を借りて中指を流しこむと、締め上げるように
　恋鳥の膣肉が擦り寄ってきた。
100300 ,,,,,401413,,恋鳥,恋鳥,04kot760_050.wav,,,,,,,,「んっ……んっん！？　んんっ！？　んんんんーっ！」
100400 ,,,,,401413,,優哉,優哉,,,,,,,,,「うっあ、なんだこれっ……」
100500 ,,,,,401413,,,,,,,,,,,,　腕の力を抜いた瞬間、自然に指が呑みこまれていく。
100600 ,,,,,401413,,,,,,,,,,,,　生まれて初めて他人の侵入を許し、巣を破壊された
　働き蟻のように粘膜が暴れ始める。
100700 ,,,,,401413,,,,,,,,,,,,　何もかもが外見通りだった。
100800 ,,,,,401413,,,,,,,,,,,,　狭い膣内は指一本で満席状態になり、明らかに未成熟
　だと分かる。
100900 ,,,,,401413,,,,,,,,,,,,　そこは産道と呼ぶにはまだ早すぎた。
101000 ,,,,,401413,,,,,,,,,,,,　それでも指を抜こうとすると、引き留めるように粘膜
　が吸いついてくる。
101100 ,,,,,401413,,,,,,,,,,,,　粘度の高い愛液が指の股まで流れこみ、甘酸っぱい
　性臭を漂わせていく。
101200 ,,,,,401413,,恋鳥,恋鳥,04kot760_051.wav,,,,,,,,「ん……ゆーや、恋鳥は何をすればいい？」
101300 ,,,,,401413,,優哉,優哉,,,,,,,,,「何もしないでいいよ。
　恋鳥が俺の指を感じてくれれば……」
101400 ,,,,,401413,,恋鳥,恋鳥,04kot760_052.wav,,,,,,,,「ゆーやの指を……感じる……」
101500 ,,,,,401413,,,,,,,,,,,,　頃合いを見てゆっくりと指を出し入れし、異物感に
　慣れさせていった。
101600 ,,,,,401413,,,,,,,,,,,,　男を知らないだけに時間はかかりそうだったが、それ
　も恋鳥のためだと思えば苦にはならない。
101700 ,,,,,401413,,,,,,,,,,,,　せめて少しでも初体験の痛みを抑えてやりたい。
101800 ,,,,,401413,,,,,,,,,,,,　指を抜いた時、なんとも言えない表情で放心する恋鳥
　がかわいかった。
102100 ,,,,,401414,,恋鳥,恋鳥,04kot760_053.wav,,,,,,,,「ん……ゆーや……」
102200 ,,,,,401414,,,,,,,,,,,,　濡れ方が激しくなり、単純なピストンをするだけで
　ニチュ……ヌチュ……と奥で＜籠＝こ＞もるような音がする。
102300 ,,,,,401414,,,,,,,,,,,,　少しずつ動きを加速させると、今度はクチクチと膣口
　付近から粘膜の悲鳴が聞こえてくる。
102400 ,,,,,401414,,恋鳥,恋鳥,04kot760_054.wav,,,,,,,,「んっ、んっん、んんっ……ゆーや……それはイヤだ
　ぞ……恋鳥は……」
102500 ,,,,,401414,,,,,,,,,,,,　窮屈そうに腋を締めてイヤイヤする恋鳥に、今度は
　根本まで指を挿れてみる。
102800 ,,,,,401415,,恋鳥,恋鳥,04kot760_055.wav,,,,,,,,「んぅぅぅっ！？　んんっん！？　んぅぅぅーっ！？
　ゆぅっ……くるしっ……んっうっ！？」
102900 ,,,,,401415,,,,,,,,,,,,　締め付けが強くなったところで勢いよく指を引き抜く
　と、湧き水のように蜜汁が溢れ出してきた。
103000 ,,,,,401415,,,,,,,,,,,,　それは布団にまで濃いシミを作り、今もその面積を
　拡げている。
103100 ,,,,,401415,,優哉,優哉,,,,,,,,,「すごいな、これ……おしっこみたいだ」
103200 ,,,,,401415,,恋鳥,恋鳥,04kot760_056.wav,,,,,,,,「んっ！？　おしっこじゃないっ……恋鳥はおしっこ
　なんてしてないぞっ……」
103300 ,,,,,401415,,,,,,,,,,,,　珍しく動揺する恋鳥に、わざと膣口から愛液が糸を
　引く様子を見せてやる。
103400 ,,,,,401415,,恋鳥,恋鳥,04kot760_057.wav,,,,,,,,「っ……バカっ……ゆーやなんてキライだっ……」
103500 ,,,,,401415,,優哉,優哉,,,,,,,,,「そんな風に言われると、もっとお漏らしさせたく
　なっちゃうんだよな」
103600 ,,,,,401415,,恋鳥,恋鳥,04kot760_058.wav,,,,,,,,「恋鳥は……おもらし……なんてっ……んっん！？
　んんっ、あっ、あっ、あっあ、あああっ……」
103700 ,,,,,401415,,,,,,,,,,,,　かまわず指を挿れてかき回してやると、本当に尿意を
　催したかのようにぶるっ、ぶるっ…と恋鳥の腰が震え
　た。
103800 ,,,,,401415,,,,,,,,,,,,　次第に表情も虚ろになっていき、またひとつ、俺しか
　知らない恋鳥が記憶されていく。
103900 ,,,,,401415,,優哉,優哉,,,,,,,,,「恋鳥、もっと腰を上げてくれるか？」
104000 ,,,,,401415,,恋鳥,恋鳥,04kot760_059.wav,,,,,,,,「んっ、んっん、んんっ、ゆーやっ……あっ、あっ、
　あっ、あっ、あっ、ああっ！？」
104100 ,,,,,401415,,,,,,,,,,,,　最初は控えめだったが、膣肉を指で擦り続けると放っ
　ておいても腰が反発してきた。
104200 ,,,,,401415,,,,,,,,,,,,　それを自ら唇で迎えにいく。
104300 ,,,,,401415,,,,,,,,,,,,　張りつめた陰核を下唇で拾い上げる。
104500 ,,,,,401415,,恋鳥,恋鳥,04kot760_060.wav,,,,,,,,「んっん！？　んんんっ！？　んぅぅぅっ！？
　んんんんーーーっ！？」
104700 ,,,,,401415,,優哉,優哉,,,,,,,,,「ぢゅっ、ちゅぅぅっ、ぢゅるるっ、ぢゅっぱ、
　ぢゅぅぅっ、ぢゅぅぅっ…」
104800 ,,,,,401415,,恋鳥,恋鳥,04kot760_061.wav,,,,,,,,「はあはあ、ゆーや……また頭の中が……白く……
　ゆーや、どこにいる？　ゆーやぁっ……」
104900 ,,,,,401415,,優哉,優哉,,,,,,,,,「大丈夫だよ、ずっと傍にいるから」
105000 ,,,,,401415,,恋鳥,恋鳥,04kot760_062.wav,,,,,,,,「でも恋鳥はっ……もう死んっ……天ごっ、くっ……
　ふぁっ、あっ、あっ、あっ、ああっ！？」
105300 ,,<!ef_shasei>,,,401416,,恋鳥,恋鳥,04kot760_063.wav,,,,,,,,「んんんっ！？　んっんん！？　んぅぅぅっ！？
　んぅぅぅぅっ！？　んぅぅぅぅーっ！？」
105400 ,,,,,401416,,,,,,,,,,,,　一際大きく腰が跳ね上がったかと思うと、まさに悶絶
　といった感じで恋鳥はのけ反っていった。
105500 ,,,,,401416,,,,,,,,,,,,　同時に無茶なほど膣圧が強まり、生々しい粘膜のヒク
　つきが伝わってくる。
105600 ,,,,,401416,,,,,,,,,,,,　しばらくその感触に浸っていたかったが、放心状態の
　恋鳥を放っておけず、そっと抱きしめた。
105800 ,,,,,401413,,恋鳥,恋鳥,04kot760_064.wav,,,,,,,,「ん……ゆーや……」
105900 ,,,,,401413,,優哉,優哉,,,,,,,,,「また今度も悲しいお知らせか？」
106000 ,,,,,401413,,恋鳥,恋鳥,04kot760_065.wav,,,,,,,,「……んーん。とても悲しいお知らせだ」
106100 ,,,,,401413,,優哉,優哉,,,,,,,,,「とてもがつくのかよ……」
106200 ,,,,,401413,,恋鳥,恋鳥,04kot760_066.wav,,,,,,,,「恋鳥は、死んでゆーやに逢えなくなるのが怖かった」
106300 ,,,,,401413,,優哉,優哉,,,,,,,,,「でも今は生きてるだろ？
　だったら悲しいお知らせなんかじゃ……」
106400 ,,,,,401413,,恋鳥,恋鳥,04kot760_067.wav,,,,,,,,「……分からないのか？
　恋鳥はもう、ゆーやがそばにいないとダメらしい」
106500 ,,,,,401413,,恋鳥,恋鳥,04kot760_068.wav,,,,,,,,「こんなに悲しいことはない……」
106600 ,,,,,401413,,優哉,優哉,,,,,,,,,「真顔で聞くが、悲しいことなのかそれは？」
106700 ,,,,,401413,,恋鳥,恋鳥,04kot760_069.wav,,,,,,,,「ん……つまりこれからは、風呂もトイレも寝る時も
　ずっと一緒じゃないといけないということだ」
106800 ,,,,,401413,,優哉,優哉,,,,,,,,,「そんな生活が嫌なのか？」
106900 ,,,,,401413,,恋鳥,恋鳥,04kot760_070.wav,,,,,,,,「ん……イヤではない」
107000 ,,,,,401413,,優哉,優哉,,,,,,,,,「俺とはずっと一緒にいたくないってことか？」
107100 ,,,,,401413,,恋鳥,恋鳥,04kot760_071.wav,,,,,,,,「……ずっと一緒にいてやってもいいぞ」
107200 ,,,,,401413,,優哉,優哉,,,,,,,,,「…………」
107300 ,,,,,401413,,,,,,,,,,,,　いまいち噛み合わない会話を続けていると、恋鳥は
　自分から抱きついてきた。
107400 ,,,,,401413,,,,,,,,,,,,　軽く頭を撫でてやると、安心しきった表情で俺に委ね
　てくる。
107500 ,,,,,401413,,,,,,,,,,,,　俺はそんな恋鳥に頬ずりしながら、儀式の準備を進め
　た。
107600 ,,,,,401413,,,,,,,,,,,,　恋鳥もなんとなく空気で悟ったのか、着衣を脱がしに
　かかっても抵抗を見せない。
107700 ,,,,,401413,,優哉,優哉,,,,,,,,,「一応、最後の確認をとっておきたいんだけどさ。
　本当に相手が俺でいいんだよな？」
107800 ,,,,,401413,,恋鳥,恋鳥,04kot760_072.wav,,,,,,,,「……誰でもいいわけじゃないぞ」
107900 ,,,,,401413,,優哉,優哉,,,,,,,,,「ああ、それは分かってる。だから恋鳥の気持ちが
　聞きたい。いいんだよな？　俺が相手で……」
108000 ,,,,,401413,,恋鳥,恋鳥,04kot760_073.wav,,,,,,,,「ん……ゆーやは……」
108100 ,,,,,401413,,優哉,優哉,,,,,,,,,「ん？　俺……？」
108200 ,,,,,401413,,恋鳥,恋鳥,04kot760_074.wav,,,,,,,,「ゆーやは……相手が恋鳥でもいいのか？」
108300 ,,,,,401413,,,,,,,,,,,,　大きな瞳で見つめられ、思わず壊れそうなほど恋鳥を
　抱きしめてしまう。
108400 ,,,,,401413,,,,,,,,,,,,　それだけで想いが伝わったのか、恋鳥は少し照れ臭そ
　うに言葉を続けた。
108500 ,,,,,401413,,恋鳥,恋鳥,04kot760_075.wav,,,,,,,,「……その代わり、責任はとってもらうぞ」
108600 ,,,,,401413,,優哉,優哉,,,,,,,,,「恋鳥っ」
108700 ,,,,,401413,,,,,,,,,,,,　冷静ではいられなくなり、夢中でペニスの先を幼い
　割れ目へと奔らせる。
108800 ,,,,,401413,,,,,,,,,,,,　恋鳥の力みを感じたが、あえてここは性の衝動に身を
　任せた。
109100 ,,,,,401421,,恋鳥,恋鳥,04kot760_076.wav,,,,,,,,「んっん！？　んんんっ！？　んんんんーっ！？」
109200 ,,,,,401421,,,,,,,,,,,,　暴力的に男の象徴を押しこみ、恋鳥が今日まで守り続
　けてきた純潔を奪う。
109300 ,,,,,401421,,,,,,,,,,,,　入り口付近の強い抵抗を抜けると、そのあとは吸いこ
　まれるように奥へ引きこまれた。
109400 ,,,,,401421,,,,,,,,,,,,　それでも破瓜の痛みが、恋鳥の全身から伝わってく
　る。
109500 ,,,,,401421,,優哉,優哉,,,,,,,,,「ごめん、恋鳥。痛いよな……？」
109600 ,,,,,401421,,恋鳥,恋鳥,04kot760_077.wav,,,,,,,,「ん……このぐらい……なんでも……ないぞ」
109700 ,,,,,401421,,,,,,,,,,,,　そうして顔を引きつらせながら笑おうとする恋鳥。
109800 ,,,,,401421,,,,,,,,,,,,　見るからにサイズが合っていない恋鳥の膣は、半分ほ
　ど俺のを呑みこむと閉塞感でいっぱいになった。
109900 ,,,,,401421,,,,,,,,,,,,　まさにギチギチといった感じで、このまま性運動に
　入る気にはなれない。
110000 ,,,,,401421,,優哉,優哉,,,,,,,,,「やっぱりこれで終わりにするわ。
　これ以上、恋鳥のこと見てられない」
110100 ,,,,,401421,,恋鳥,恋鳥,04kot760_078.wav,,,,,,,,「いい……恋鳥なら大丈夫だ」
110200 ,,,,,401421,,優哉,優哉,,,,,,,,,「でもさ……」
110300 ,,,,,401421,,恋鳥,恋鳥,04kot760_079.wav,,,,,,,,「ゆーやは……恋鳥のことをメチャクチャにしたいの
　だろう？」
110400 ,,,,,401421,,恋鳥,恋鳥,04kot760_080.wav,,,,,,,,「恋鳥をそんな風にできるのは……ゆーやだけだぞ」
110500 ,,,,,401421,,優哉,優哉,,,,,,,,,「恋鳥……」
110600 ,,,,,401421,,,,,,,,,,,,　言葉を聞いているだけでも、股間がずくずくと疼く。
110700 ,,,,,401421,,,,,,,,,,,,　こんな時にさえペニスは膨張を続け、伸縮性の乏しい
　恋鳥の膣粘膜を押し拡げている。
110800 ,,,,,401421,,優哉,優哉,,,,,,,,,「なら、少しだけ動くぞ……？」
110900 ,,,,,401421,,恋鳥,恋鳥,04kot760_081.wav,,,,,,,,「ん……いいぞ、メチャクチャにされてやる」
111000 ,,,,,401421,,,,,,,,,,,,　それが恋鳥なりの愛情表現なのだと理解し、ゆっくり
　と抽送を開始した。
111300 ,,,,,401422,,恋鳥,恋鳥,04kot760_082.wav,,,,,,,,「んっ……んっん……ふっん……はあっ、んっ……
　んんっ……んっん……」
111400 ,,,,,401422,,優哉,優哉,,,,,,,,,「あんまり力は入れないでな？」
111500 ,,,,,401422,,恋鳥,恋鳥,04kot760_083.wav,,,,,,,,「はあはあ……ゆーや……んっん、んんっ、んんっ、
　あっ……んっん！？　んんっ！？　んっんん！？」
111600 ,,,,,401422,,,,,,,,,,,,　恋鳥が息を吐いた時に挿入を深め、暴れようとする
　両足を押さえつける。
111700 ,,,,,401422,,,,,,,,,,,,　さすがに奥まで入ると苦しいのか、恋鳥は息を止めて
　俺の蹂躙を受け入れていた。
111800 ,,,,,401422,,優哉,優哉,,,,,,,,,（しかし、これって……）
111900 ,,,,,401422,,,,,,,,,,,,　正直、相手を気遣う余裕なんてなかった。
112000 ,,,,,401422,,,,,,,,,,,,　狭い恋鳥の膣内は、単純な前後運動をしているだけで
　も気持ちいい。
112100 ,,,,,401422,,,,,,,,,,,,　どの位置でも常に締めつけられている感じがして、
　気を許すとすぐに暴発しそうだった。
112200 ,,,,,401422,,優哉,優哉,,,,,,,,,「奥は嫌か……？」
112300 ,,,,,401422,,恋鳥,恋鳥,04kot760_084.wav,,,,,,,,「ん……奥は苦しい……でもゆーやが奥までくると、
　少し安心するぞ……」
112400 ,,,,,401422,,,,,,,,,,,,　調子に乗って膣奥まで押し入ると、恋鳥は顔を真っ赤
　にしてしがみついてこようとする。
112500 ,,,,,401422,,,,,,,,,,,,　それを許さず、今度は両肩を押さえつけて、真上から
　恋鳥の表情を見つめた。
112600 ,,,,,401422,,,,,,,,,,,,　その瞬間、ぽっと頬に赤みが差す。
112700 ,,,,,401422,,,,,,,,,,,,　目を逸らそうとした恋鳥の唇を奪う。
112800 ,,,,,401422,,恋鳥,恋鳥,04kot760_085.wav,,,,,,,,「ん……ちゅっ……んん……ちゅぅっ……ちゅっ……
　んふ……ちゅっ……ちゅぅっ……ちゅっ……」
112900 ,,,,,401422,,,,,,,,,,,,　唇を重ねると、膣肉がこれまでにない擦り寄りを見せ
　た。
113000 ,,,,,401422,,,,,,,,,,,,　柔＜能＝よ＞く剛を制す……じゃないが、俺の剛直を弄ぶよう
　にキュッキュッと熱い粘膜が締め上げてくる。
113100 ,,,,,401422,,,,,,,,,,,,　自分が動かなくても、膣内で亀頭を揉みくちゃにされ
　ているような感覚。
113200 ,,,,,401422,,,,,,,,,,,,　今までは侵入者を排除するような締まり方だったが、
　それが奥へ招き入れるようなうねりに変わっていた。
113300 ,,,,,401422,,恋鳥,恋鳥,04kot760_086.wav,,,,,,,,「ん……ゆーや、もっと口で……したいぞ」
113400 ,,,,,401422,,,,,,,,,,,,　かわいすぎるおねだりに頭の中が真っ白になる。
113500 ,,,,,401422,,恋鳥,恋鳥,04kot760_087.wav,,,,,,,,「ちゅっ……んっ、ちゅぅっ……んっ……ちゅっ……
　ちゅぅっ……あむ……ぢゅぅっ……ちゅぅぅっ……」
113600 ,,,,,401422,,,,,,,,,,,,　無警戒な唇を拾い上げ、一方的に舌を絡ませた。
113700 ,,,,,401422,,,,,,,,,,,,　するとそれまで緊張していた手足が急に脱力していく。
113800 ,,,,,401422,,,,,,,,,,,,　意地悪をしたくなって一緒に唾液を流しこむと、
　恋鳥は乳飲み子のようにチュクチュクと俺の舌を
　吸った。
113900 ,,,,,401422,,,,,,,,,,,,　そして細い喉元が波打つと、ちょっとした征服感が
　こみ上げてくる。
114000 ,,,,,401422,,,,,,,,,,,,　恋鳥は自分の仕事を見つけたかのように、黙々と俺の
　唾液を飲み続けた。
114100 ,,,,,401422,,優哉,優哉,,,,,,,,,（ていうか、ヤバいな。これ……）
114200 ,,,,,401422,,,,,,,,,,,,　恋鳥が舌を吸うと、同期して膣肉も目まぐるしく吸い
　ついてくる。
114300 ,,,,,401422,,,,,,,,,,,,　唾液と一緒に精液の方まで吸い出されそうになる。
114400 ,,,,,401422,,優哉,優哉,,,,,,,,,「はあはあ……恋鳥、もうキスは……」
114500 ,,,,,401422,,恋鳥,恋鳥,04kot760_088.wav,,,,,,,,「ん……イヤだ、もっとゆーやとする……んっ、んん、
　ちゅぅっ……ちゅっ……んん……ちゅっ……ちゅぅ
　っ……」
114600 ,,,,,401422,,優哉,優哉,,,,,,,,,（うあああああ～～～～～っ……）
114700 ,,,,,401422,,,,,,,,,,,,　これまで受け身だった恋鳥が、初めて自分から貪りに
　きた。
114800 ,,,,,401422,,,,,,,,,,,,　目の前に迫った幼い表情は、より強く俺の被虐心を
　焚きつける。
114900 ,,,,,401422,,恋鳥,恋鳥,04kot760_089.wav,,,,,,,,「こーするとゆーやのが……恋鳥の中でビクビクする。
　それがちょっと嬉しい……」
115000 ,,,,,401422,,優哉,優哉,,,,,,,,,「なら、もっとキスするか？」
115100 ,,,,,401422,,恋鳥,恋鳥,04kot760_090.wav,,,,,,,,「ん……やめておこう。ゆーやとすると、頭の中が
　真っ白になる。今度こそ、本当に恋鳥は死んでし
　まうぞ」
115200 ,,,,,401422,,優哉,優哉,,,,,,,,,「そっか……」
115300 ,,,,,401422,,恋鳥,恋鳥,04kot760_091.wav,,,,,,,,「うむ。それよりゆーやは……んっん！？　んんん！？
　ぢゅっ、んっん！？　ぢゅぅっ……ぢゅっ、んん！？
　んっん！？　んんんーっ！？」
115400 ,,,,,401422,,,,,,,,,,,,　言葉の途中で強引に唇を重ね、同時に大きく腰を回し
　た。
115500 ,,,,,401422,,,,,,,,,,,,　舌は時計回りに、ペニスは半時計回りに、それぞれの
　粘膜をかき回してやる。
115600 ,,,,,401422,,,,,,,,,,,,　さすがの恋鳥も二箇所同時の責めには対応しきれず、
　両手をバンザイさせて激しく身悶えした。
115700 ,,,,,401422,,恋鳥,恋鳥,04kot760_092.wav,,,,,,,,「ぢゅっ、んんっん、ぢゅぅっ、んっん……んっ、
　んっ、んっん、ぢゅぅっ、んっん、んっんん！？」
115800 ,,,,,401422,,,,,,,,,,,,　今度は恋鳥に舌を吸わせず、これまで触れずにいた
　歯茎の裏を舐め回す。
115900 ,,,,,401422,,,,,,,,,,,,　そうした初めての刺激には敏感で、恋鳥は微乳をせり
　出しながら綺麗に反っていった。
116000 ,,,,,401422,,恋鳥,恋鳥,04kot760_093.wav,,,,,,,,「はあ、はあ、はあ……これが……メチャクチャにさ
　れるということなのか……」
116100 ,,,,,401422,,,,,,,,,,,,　恋鳥の瞳が弱々しく揺れている。
116200 ,,,,,401422,,,,,,,,,,,,　俗な言い方をすると、男に完全な服従を誓ってしまっ
　たかのような。
116300 ,,,,,401422,,,,,,,,,,,,　少なくとも日常生活では見たことのない俺への従属の
　眼差しが、恥じらい色の頬と共に向けられていた。
116400 ,,,,,401422,,優哉,優哉,,,,,,,,,（ダメだ、普通にメチャクチャにしてやりたい……）
116500 ,,,,,401422,,,,,,,,,,,,　身体を起こして両足を開かせると、改めて恋鳥が無防
　備なことに気付く。
116600 ,,,,,401422,,,,,,,,,,,,　クニャクニャになった股関節には抵抗する意志がまる
　で感じられず、ペニスを押しこむとさらに瞳の従属色
　が強くなっていった。
116700 ,,,,,401422,,優哉,優哉,,,,,,,,,「くっ、恋鳥っ」
116800 ,,,,,401422,,恋鳥,恋鳥,04kot760_094.wav,,,,,,,,「んっあ、あっ、あっん、んっん、はあっ……んっ、
　んっん、ああっ、ゆーやっ……」
116900 ,,,,,401422,,恋鳥,恋鳥,04kot760_095.wav,,,,,,,,「もっと………恋鳥をメチャクチャにしていいぞ。
　ゆーやになら恋鳥は……恋鳥は……」
117000 ,,,,,401422,,恋鳥,恋鳥,04kot760_096.wav,,,,,,,,「あっあ、ああっ、あっ、あっ、あっ、あっ、んっん、
　んんっ、んっ、んっ、んっ、ふっ、んっ、んっ……」
117100 ,,,,,401422,,,,,,,,,,,,　夢中で腰を振り、何度も恋鳥の膣奥を突いた。
117200 ,,,,,401422,,,,,,,,,,,,　こちらの動きに合わせて洩れる喘ぎがかわいすぎて、
　ピストンを止められなくなる。
117300 ,,,,,401422,,,,,,,,,,,,　恋鳥は首から上が真っ赤になり、腋壺の窪みに滲んだ
　汗が体温の上昇を訴えていた。
117400 ,,,,,401422,,,,,,,,,,,,　こんな幼い身体つきで俺の欲望を受け止める姿が、
　健気でしょうがない。
117500 ,,,,,401422,,,,,,,,,,,,　恋鳥の全てを征服してしまいたくなる。
117600 ,,,,,401422,,,,,,,,,,,,　両腕を押さえつけ、腋壺を舐め回し、首筋からも汗の
　潮味を堪能した。
117700 ,,,,,401422,,,,,,,,,,,,　身体を密着させると、お互いの肌が離れるのを惜しむ
　ようにへばりつく。
117800 ,,,,,401422,,恋鳥,恋鳥,04kot760_097.wav,,,,,,,,「はあはあ……ゆーやは……そうやって恋鳥を突くの
　が気持ちいいのか？」
117900 ,,,,,401422,,優哉,優哉,,,,,,,,,「はあはあはあ……あっく、ううっ！？」
118000 ,,,,,401422,,,,,,,,,,,,　頷きながら恋鳥に＜縋＝すが＞りつくと、ぎゅぅっと首の後ろの
　辺りを抱き寄せられた。
118100 ,,,,,401422,,,,,,,,,,,,　ミルクのような甘い香り。
118200 ,,,,,401422,,,,,,,,,,,,　無性に首筋へ噛みつきたくなる。
118300 ,,,,,401422,,,,,,,,,,,,　浮き上がった鎖骨へ舌を這わせ、微かな胸の膨らみに
　むしゃぶりつく。
118400 ,,,,,401422,,恋鳥,恋鳥,04kot760_098.wav,,,,,,,,「……ゆーやが気持ちいいなら、もっと恋鳥を突いて
　もいいぞ」
118500 ,,,,,401422,,優哉,優哉,,,,,,,,,「はあはあ……恋鳥は痛くないのか？」
118600 ,,,,,401422,,恋鳥,恋鳥,04kot760_099.wav,,,,,,,,「ん……恋鳥も、いっぱいゆーやに突いてほしい。
　もっともっと、ゆーやに突いてほしい」
118700 ,,,,,401422,,優哉,優哉,,,,,,,,,「くっ、そんなこと言ったらっ……」
118800 ,,,,,401422,,恋鳥,恋鳥,04kot760_100.wav,,,,,,,,「んっ、あっ、あっ、あっ、んっ、あっ……ゆーや、
　気持ちいいか？　そうやって恋鳥をいっぱい突くと
　気持ちいいのか？」
118900 ,,,,,401422,,優哉,優哉,,,,,,,,,「ああ、メチャクチャっ……気持ちっ……」
119000 ,,,,,401422,,恋鳥,恋鳥,04kot760_101.wav,,,,,,,,「ああっ、ああっ、あああっ、恋鳥もっ……ゆーやに
　突かれっ……んぅっ！？　んっんん！？　んっん！？
　んぅぅぅぅっ！？」
119100 ,,,,,401422,,恋鳥,恋鳥,04kot760_102.wav,,,,,,,,「はあはあ、ゆーやが……恋鳥の＜膣内＝なか＞で膨らんで……
　ゆーや……恋鳥はゆーやのことがっ……」
119200 ,,,,,401422,,優哉,優哉,,,,,,,,,「はあはあ、好きだ恋鳥っ……恋鳥っ」
119300 ,,,,,401422,,恋鳥,恋鳥,04kot760_103.wav,,,,,,,,「ああっ、んっん、はあっ、あっ……恋鳥も……
　すっ……すっきっ……ゆーやのことが……」
119400 ,,,,,401422,,恋鳥,恋鳥,04kot760_104.wav,,,,,,,,「んっん、あああっ、しゅっ、きっ……しゅきっ……
　ゆーやがしゅきぃぃ」
119800 ,,<!ef_shasei>,,,401423,,,,,,,,,,,,　そのまま背中に爪が立つほど抱きしめられ、俺は恋鳥
　の一番奥深くで射精した。
119900 ,,,,,401423,,,,,,,,,,,,　激しいペニスの脈動に合わせ、恋鳥の腰もビクビクと
　跳ね上がる。
120000 ,,,,,401423,,,,,,,,,,,,　精液を子宮口に塗りつけるように動いてしまったの
　は、ほとんど本能からだった。
120100 ,,,,,401423,,優哉,優哉,,,,,,,,,「はあはあはあ……恋鳥……あそこで、しゅきぃぃは
　反則すぎ」
120200 ,,,,,401423,,恋鳥,恋鳥,04kot760_105.wav,,,,,,,,「ん……ゆーやがいっぱい突くから上手く言えなかっ
　ただけだ」
120300 ,,,,,401423,,優哉,優哉,,,,,,,,,「あ、大丈夫かな。＜膣内＝なか＞で出しちゃったけど……」
120400 ,,,,,401423,,恋鳥,恋鳥,04kot760_106.wav,,,,,,,,「うむ……恋鳥も気になっていた。
　恋鳥の中で熱いのが出ていたが、あれはなんだ？」
120500 ,,,,,401423,,優哉,優哉,,,,,,,,,「何ってその……精液だよ」
120600 ,,,,,401423,,恋鳥,恋鳥,04kot760_107.wav,,,,,,,,「せーえき……なるほど。ゆーやは恋鳥の中にせーえ
　きを出したのか。ということは……」
120700 ,,,,,401423,,,,,,,,,,,,　何度か頷いた恋鳥は軽く横手を打ち、
120800 ,,,,,401423,,恋鳥,恋鳥,04kot760_108.wav,,,,,,,,「ゆーやは恋鳥を妊娠させたかったのか？」
120900 ,,,,,401423,,優哉,優哉,,,,,,,,,「ぶっ！？」
121000 ,,,,,401423,,恋鳥,恋鳥,04kot760_109.wav,,,,,,,,「嫁入り前の恋鳥を妊娠させて、何かよからぬことを
　企んでいたわけだな、ゆーやは」
121100 ,,,,,401423,,優哉,優哉,,,,,,,,,「いやいや、何も企んでない。
　ただ、恋鳥の＜膣内＝なか＞が気持ちよすぎて……」
121200 ,,,,,401423,,恋鳥,恋鳥,04kot760_110.wav,,,,,,,,「…………」
121300 ,,,,,401423,,優哉,優哉,,,,,,,,,「うっあ、ちょっ！？　待った待った！
　恋鳥、締めすぎ締めすぎっ」
121400 ,,,,,401423,,恋鳥,恋鳥,04kot760_111.wav,,,,,,,,「ん……恋鳥は何もしていないぞ」
121500 ,,,,,401423,,優哉,優哉,,,,,,,,,「何もしてないって……」
121600 ,,,,,401423,,,,,,,,,,,,　射精したばかりのペニスにぞわぞわと擦り寄ってくる
　恋鳥の膣肉。
121700 ,,,,,401423,,,,,,,,,,,,　尿道に残っていた精液まで吸い出され、なおも俺の
　モノを締めつけてきている。
121800 ,,,,,401423,,,,,,,,,,,,　恋鳥に息んでいる様子はなかった。
121900 ,,,,,401423,,,,,,,,,,,,　それでいて身体の方は、もっともっとと精液をせがむ
　ように男性器を貪っている。
122000 ,,,,,401423,,優哉,優哉,,,,,,,,,（女の身体って……すごすぎだな）
122100 ,,,,,401423,,,,,,,,,,,,　顔ではその気がなさそうなのに、恋鳥の女の部分は
　貪欲に男を求め続けている。
122200 ,,,,,401423,,,,,,,,,,,,　そんなギャップがますますペニスの膨張を後押しし、
　このまま終了というわけにはいかなくなった。
122300 ,,,,,401423,,優哉,優哉,,,,,,,,,「……恋鳥、もう一回してもいいか？」
122400 ,,,,,401423,,恋鳥,恋鳥,04kot760_112.wav,,,,,,,,「ん……どうあっても恋鳥を妊娠させたいようだな」
122500 ,,,,,401423,,優哉,優哉,,,,,,,,,「いや、そういうつもりはまったく……」
122600 ,,,,,401423,,恋鳥,恋鳥,04kot760_113.wav,,,,,,,,「でも恋鳥は不安だ」
122700 ,,,,,401423,,優哉,優哉,,,,,,,,,「妊娠のことがか？」
122800 ,,,,,401423,,恋鳥,恋鳥,04kot760_114.wav,,,,,,,,「それもあるが……ゆーやの嫁になるということは、
　毎日のように激しく求められるということだろう？」
122900 ,,,,,401423,,恋鳥,恋鳥,04kot760_115.wav,,,,,,,,「こんな風に毎日されたら、恋鳥は壊れてしまいそう
　だ」
123000 ,,,,,401423,,優哉,優哉,,,,,,,,,「そんなに激しくはしないって。
　恋鳥が嫌なら、もっと優しくするしさ」
123100 ,,,,,401423,,恋鳥,恋鳥,04kot760_116.wav,,,,,,,,「ん……そうじゃない。このままだと恋鳥は……
　エッチな恋鳥になってしまう」
123200 ,,,,,401423,,恋鳥,恋鳥,04kot760_117.wav,,,,,,,,「恋鳥はゆーやの前でそんな風になるのはイヤだ……」
123300 ,,,,,401423,,優哉,優哉,,,,,,,,,「恋鳥……」
123400 ,,,,,401423,,,,,,,,,,,,　恥ずかしくなったのか、恋鳥は視線を横に逃がして
　顔をうつむかせる。
123500 ,,,,,401423,,,,,,,,,,,,　そんな恋鳥の頬を指で突っつき、俺は休んでいた
　性運動を静かに再開した。
123800 ,,,,,401424,,恋鳥,恋鳥,04kot760_118.wav,,,,,,,,「んっ、あっ、あっ、ゆーや……どうして……」
123900 ,,,,,401424,,優哉,優哉,,,,,,,,,「普通の恋鳥でもエッチな恋鳥でもいいよ。
　これからはずっと一緒なんだから……」
124000 ,,,,,401424,,恋鳥,恋鳥,04kot760_119.wav,,,,,,,,「ゆーやは……恋鳥がエッチになってもいいのか？」
124100 ,,,,,401424,,優哉,優哉,,,,,,,,,「そしたら俺も、エッチな優哉になる！」
124200 ,,,,,401424,,恋鳥,恋鳥,04kot760_120.wav,,,,,,,,「ん……ゆーやは元々、エッチだ」
124300 ,,,,,401424,,優哉,優哉,,,,,,,,,「ははっ、否定できないのが悲しいな」
124400 ,,,,,401424,,恋鳥,恋鳥,04kot760_121.wav,,,,,,,,「でも恋鳥は……そんなゆーやが好きだぞ」
124500 ,,,,,401424,,,,,,,,,,,,　自分で言っておいて顔を真っ赤にしているのだから、
　恋鳥も相当テンパっているようだ。
124600 ,,,,,401424,,,,,,,,,,,,　でも男からすると、そういった姿はどうしようもなく
　愛おしい。
124700 ,,,,,401424,,優哉,優哉,,,,,,,,,（嫁にしたいって思っちゃうよな、単純に……）
124800 ,,,,,401424,,,,,,,,,,,,　目を合わせようとしない恋鳥にかまわず、抽送を続け
　て膣奥から精液をかき出してやる。
124900 ,,,,,401424,,,,,,,,,,,,　それが新たな潤滑油となって、恋鳥の痛みを和らげて
　いるようだった。
125000 ,,,,,401424,,,,,,,,,,,,　愛液と混ざり合って泡立った精液が、幼い性器を無惨
　に装飾していく。
125100 ,,,,,401424,,,,,,,,,,,,　限界まで挿入すると、細い傷口から搾り出された血液
　のように子種汁が溢れていった。
125200 ,,,,,401424,,恋鳥,恋鳥,04kot760_122.wav,,,,,,,,「……これがゆーやのせーえきか？」
125300 ,,,,,401424,,優哉,優哉,,,,,,,,,「ああ。男の精液なんて見るの初めてか？」
125400 ,,,,,401424,,恋鳥,恋鳥,04kot760_123.wav,,,,,,,,「ん……好きな男のでもなければ見たいとも思わない」
125500 ,,,,,401424,,優哉,優哉,,,,,,,,,「まあ、それもそうか」
125600 ,,,,,401424,,恋鳥,恋鳥,04kot760_124.wav,,,,,,,,「ゆーやは、これが出ると気持ちいいのか……」
125700 ,,,,,401424,,優哉,優哉,,,,,,,,,「これだけ出ると気が狂いそうになるけどな。
　もう、恋鳥しゅきぃぃぃ！　ってぐらいに」
125800 ,,,,,401424,,恋鳥,恋鳥,04kot760_125.wav,,,,,,,,「……どうすれば、ゆーやはせーえきが出るんだ？」
125900 ,,,,,401424,,優哉,優哉,,,,,,,,,「え？　どうやったらって……」
126000 ,,,,,401424,,恋鳥,恋鳥,04kot760_126.wav,,,,,,,,「恋鳥もゆーやにせーえきを出させてみたい……」
126100 ,,,,,401424,,恋鳥,恋鳥,04kot760_127.wav,,,,,,,,「と、エッチな恋鳥が言っていた」
126200 ,,,,,401424,,優哉,優哉,,,,,,,,,「だったら、そのエッチな恋鳥ちゃんに伝えておいて
　くれるか？」
126300 ,,,,,401424,,恋鳥,恋鳥,04kot760_128.wav,,,,,,,,「ん……」
126400 ,,,,,401424,,優哉,優哉,,,,,,,,,「何もしなくていいから、ただずっと俺を見つめてい
　てほしいって……」
126500 ,,,,,401424,,恋鳥,恋鳥,04kot760_129.wav,,,,,,,,「あっ……ゆーやっ……んっ、ふっ、んっ、んっ、
　あっ、あっ、あっ、ああっ……」
126600 ,,,,,401424,,,,,,,,,,,,　本当に俺には、それだけで充分だった。
126700 ,,,,,401424,,,,,,,,,,,,　膣の締まりだとか、スタイルの良し悪しだとか、そん
　なことはどうでもよくて。
126800 ,,,,,401424,,,,,,,,,,,,　顔を真っ赤にして俺の抽送を受け止めている恋鳥を
　見ているだけで、二度目の発射をしてしまいそうに
　なった。
126900 ,,,,,401424,,優哉,優哉,,,,,,,,,「はあはあ……今度は外に出すからっ」
127000 ,,,,,401424,,恋鳥,恋鳥,04kot760_130.wav,,,,,,,,「んっ、ふっ、んっん……ゆーやは恋鳥の＜膣内＝なか＞に出した
　くないのか？」
127100 ,,,,,401424,,優哉,優哉,,,,,,,,,「そりゃあ……出したくないって言えばウソになるけ
　ど……」
127200 ,,,,,401424,,恋鳥,恋鳥,04kot760_131.wav,,,,,,,,「それなら、ゆーやの好きなところに出せばいい。
　恋鳥はゆーやの嫁になる覚悟はできている」
127300 ,,,,,401424,,優哉,優哉,,,,,,,,,「よ、嫁って……うああっ！？」
127400 ,,,,,401424,,,,,,,,,,,,　恋鳥の決意表明と共に、分かりやすく膣内が狭窄し
　た。
127500 ,,,,,401424,,,,,,,,,,,,　前屈みになって辛うじて射精を堪えたが、そのまま
　恋鳥に頭を抱えこまれる。
127600 ,,,,,401424,,恋鳥,恋鳥,04kot760_132.wav,,,,,,,,「すまない……胸のない嫁だが……」
127700 ,,,,,401424,,優哉,優哉,,,,,,,,,「っっっ！」
127800 ,,,,,401424,,,,,,,,,,,,　恋鳥は自信なさげに乳房で俺の顔を迎え入れ、強く
　束縛してくる。
127900 ,,,,,401424,,,,,,,,,,,,　目の前にはツンと上向きになった薄ピンク色の乳首が
　あった。
128000 ,,,,,401424,,,,,,,,,,,,　微乳なだけに余計、その屹立具合が目立って見える。
128100 ,,,,,401424,,,,,,,,,,,,　俺はそんな恋鳥のおしゃぶりの部分を口に含み、夢中
　でピストンを続けた。
128200 ,,,,,401424,,恋鳥,恋鳥,04kot760_133.wav,,,,,,,,「はあっ……ゆーや、吸うのはっ……んっん！？
　んぅぅっ！？　んんっ！？　んんんーっ！？」
128300 ,,,,,401424,,,,,,,,,,,,　身悶えする恋鳥を抱き返すと、先ほどの言葉が何度も
　リフレインする。
128400 ,,,,,401424,,,,,,,,,,,,　――すまない……胸のない嫁だが……。
128500 ,,,,,401424,,,,,,,,,,,,　――胸のない嫁だが……。
128600 ,,,,,401424,,,,,,,,,,,,　あまりにも自分のツボすぎた。
128700 ,,,,,401424,,,,,,,,,,,,　胸のない嫁？　まったく、けしからん。
128800 ,,,,,401424,,,,,,,,,,,,　最高すぎる――。
128900 ,,,,,401424,,,,,,,,,,,,　次第にほぐれ始めた膣内をかき回し、腹を突き破るよ
　うな勢いで突き続けた。
129000 ,,,,,401424,,,,,,,,,,,,　お互い汗だくになり、揺れない恋鳥の乳房にも俺の額
　から流れた汗が滴っていく。
129100 ,,,,,401424,,,,,,,,,,,,　露骨なまでのオスとメスの接合音。
129200 ,,,,,401424,,,,,,,,,,,,　かき出せるだけ精液をかき出すと、恋鳥の膣肉は飢え
　た真蛸のようにうねり始めた。
129300 ,,,,,401424,,優哉,優哉,,,,,,,,,「はあはあ、恋鳥もうすぐ出るっ……」
129400 ,,,,,401424,,恋鳥,恋鳥,04kot760_134.wav,,,,,,,,「んっ、ふっ、んんっ、はあっ……胸のない嫁でいい
　のか？」
129500 ,,,,,401424,,優哉,優哉,,,,,,,,,「胸のない嫁じゃなきゃダメだ！」
129600 ,,,,,401424,,,,,,,,,,,,　思いっきり即答し、最後の追いこみをかける。
129700 ,,,,,401424,,,,,,,,,,,,　両足を肩に担ぎ、恋鳥の子宮口に粘着する。
129800 ,,,,,401424,,恋鳥,恋鳥,04kot760_135.wav,,,,,,,,「ああっ、ああっあ、あああっ、ゆーっ……んっん！？
　んぅぅっ！？　んぅぅぅっ！？」
129900 ,,,,,401424,,優哉,優哉,,,,,,,,,「恋鳥っ！」
130000 ,,,,,401424,,恋鳥,恋鳥,04kot760_136.wav,,,,,,,,「出していいぞっ……ゆーやのせーえき……恋鳥のっ、
　＜膣内＝なか＞にっ、んっぅ、んんっん、っぅぅぅっ！？」
130100 ,,,,,401424,,優哉,優哉,,,,,,,,,「くぅぅぅっ！？」
130900 ,,<!ef_shasei>,,,401425,,恋鳥,恋鳥,04kot760_137.wav,,,,,,,,「あっあ、ああっ、せーえきっ……＜膣内＝なか＞にっ……
　ゆーやっ……ゆーやぁっ」
131000 ,,,,,401425,,恋鳥,恋鳥,04kot760_138.wav,,,,,,,,「はあはあ……気持ちいいか？
　恋鳥の＜膣内＝なか＞にせーえき出すの、気持ちいいのか？」
131100 ,,,,,401425,,恋鳥,恋鳥,04kot760_139.wav,,,,,,,,「まだ出るなら……もっと＜膣内＝なか＞に出していいぞ」
131200 ,,,,,401425,,優哉,優哉,,,,,,,,,「うっあ、ああっ、あああっ…」
131300 ,,,,,401425,,,,,,,,,,,,　射精した瞬間に亀頭を締めつけられると、気が狂いそ
　うになった。
131400 ,,,,,401425,,,,,,,,,,,,　気持ちよすぎて手足が痺れている。
131500 ,,,,,401425,,,,,,,,,,,,　そんな俺を、恋鳥は優しく抱いてくれていた。
131600 ,,,,,401425,,優哉,優哉,,,,,,,,,「恋鳥……ごめんな。俺、重いだろ？」
131700 ,,,,,401425,,,,,,,,,,,,　すると恋鳥は俺の頭を抱きながら、
131800 ,,,,,401425,,恋鳥,恋鳥,04kot760_140.wav,,,,,,,,「バカ……嫁として当たり前のことをしているだけだ」
131900 ,,,,,401425,,,,,,,,,,,,　なんだかんだで、恋鳥はやっぱり年上なんだと実感す
　る。
132000 ,,,,,401425,,優哉,優哉,,,,,,,,,（最強の嫁だよな、恋鳥って……）
132100 ,,,,,401425,,,,,,,,,,,,　恋鳥と初体験を済ませた悦びもある。
132200 ,,,,,401425,,,,,,,,,,,,　ただそれ以上に、恋鳥が当たり前のように自分を
　『嫁』と言っていることが嬉しかった。
132300 ,,,,,401425,,優哉,優哉,,,,,,,,,「あー、もうっ！　恋鳥は俺の嫁っ」
132400 ,,,,,401425,,恋鳥,恋鳥,04kot760_141.wav,,,,,,,,「……子供みたいだな、ゆーやは」
132500 ,,,,,401425,,,,,,,,,,,,　微笑む恋鳥にキスをせがみ、胸のない嫁を抱きしめ
　る。
132600 ,,,,,401425,,,,,,,,,,,,　時間はゆっくりと流れていた。
132700 ,,,,,401425,,,,,,,,,,,,　睦み合う俺たちの仲を、静かに見守るように……。
135880 ,$event_return,,,,,,,,,,,,,,,,
135890 ,,<!scene_h_end>,0,9000,,,,,,,,,,,,,
135899 ,,<!ec_kotori_pri>,,,,,,,,,,,,,,,
136100 ,@761,,,,,,,,,,,,,,,,
136400 ,,<!Lbegin_morning>,1,7210,,,優哉,優哉,,,,,,,,,「……ん、んん……
　ふあ、ああああ……」
136500 ,,,,,,,,,,,,,,,,,　……あ、もう朝か……昨日、俺は……
　ぼんやりと暖かなイメージを思い出しながら、
　横に手をついて体を起こす。
136600 ,,,,,,,,,,,,,,,,,　……ついた手に触れるふにゅっとした感触。
　なんだこれ……
136700 ,,,,,,,恋鳥,恋鳥,04kot761_001.wav,,,,,,,,「……あぅ……」
136800 ,,,,,,,優哉,優哉,,,,,,,,,「ぅぉぁっ！？」
136900 ,,,,,,,,,,,,,,,,,　あ、あぶねえ、大声出すとこだった……
　ぴったり横にくっついてる恋鳥の胸に
　思いっきり手をついてしまった。
137000 ,,,,,,,,,,,,,,,,,　っていうかなんで一緒に……
137100 ,,,,,,,優哉,優哉,,,,,,,,,「……ぁぁっ！！」
137200 ,,,,,,,,,,,,,,,,,　その瞬間ようやく昨晩のことを思い出した。
137490 ,,<!scene_past_begin>,0,9000,401425,#sep,,,,,,,,,,,
137600 ,,<wait time=""1500""><!scene_past_end>,1,7210,,,,,,,,,,,,,　俺はとりあえず恋鳥の胸元からゆっくりと
　手を離し、起きあがろうとして……
137700 ,,,,,,,恋鳥,恋鳥,04kot761_002.wav,"kotori,pajamas",,0,,,,,「……むにゅ」
137800 ,,,,,,,,,,kotori,,0,,,,,　ぱちりと開く瞳、むにむにと顔をこする恋鳥。
　胸元におかれた俺の手を見て……
137900 ,,,,,,,恋鳥,恋鳥,04kot761_003.wav,kotori,,6,,,,,「……やん」
138000 ,,,,,,,,,,kotori,,6,,,,,　恥ずかしげに頬を染めた。
138100 ,,,,,,,優哉,優哉,,kotori,,6,,,,,「す、すまん。
　あー、その……おはよう、恋鳥」
138200 ,,,,,,,,,,kotori,,6,,,,,　さりげなく手を引き離しつつ、
　自然なスマイルで朝の挨拶をする。
138300 ,,,,,,,恋鳥,恋鳥,04kot761_004.wav,kotori,,1,,,,,「……おはよう、ゆーや」
138400 ,,,,,,,,,,kotori,,1,,,,,　さわったのはどうやらスルーらしい。
　一息ついてまだ布団の中から出てないことに気づく。
138500 ,,,,,,,優哉,優哉,,kotori,,1,,,,,「……起きるか」
138600 ,,,,,,,恋鳥,恋鳥,04kot761_005.wav,kotori,,1,,,,,「……うん」
138700 ,,,,,,,,,,,,,,,,,　二人一緒に布団を出、まだぬくもりの残る
　布団をたたむ。
　俺が敷き布団、恋鳥が掛け布団。
138800 ,,,,,,,,,,,,,,,,,　たたんだ布団をいつもどおりしまって
　一息つくと、いつの間にか恋鳥が
　すぐそばに寄ってきていた。
138900 ,,,,,,,恋鳥,恋鳥,04kot761_006.wav,kotori,,6,,,,,「あの、ゆーや、そのな……」
139000 ,,,,,,,,,,kotori,,6,,,,,　もじもじと俺を上目遣いで見上げてくる恋鳥。
139100 ,,,,,,,優哉,優哉,,kotori,,6,,,,,「ん、どうした？」
139200 ,,,,,,,恋鳥,恋鳥,04kot761_007.wav,kotori,,6,,,,,「あの、えっとその……」
139300 ,,,,,,,,,,kotori,,6,,,,,　口ごもっていた恋鳥が、意を決した用にまなじりを
　上げ、おもむろに俺の腕をぎゅっと抱きしめた。
139400 ,,,,,,,恋鳥,恋鳥,04kot761_008.wav,kotori,,6,,,,,「………………」
139500 ,,,,,,,,,,kotori,,6,,,,,　頬を赤く染めながらも、恋鳥は俺の腕に
　うれしそうに頬をこすりつける。
139600 ,,,,,,,恋鳥,恋鳥,04kot761_009.wav,kotori,,1,,,,,「ゆーや……▼」
139700 ,,,,,,,,,,kotori,,1,,,,,　髪のシャンプーの香り、
　ひだまりみたいなぬくもり、
　腕に押しつけられた心地よい柔らかさ。
139800 ,,,,,,,,,,kotori,,1,,,,,　見上げてくる恋鳥の瞳には今、
　俺しか映っていない。
139900 ,,,,,,,恋鳥,恋鳥,04kot761_010.wav,kotori,,1,,,,,「……ゆーや、恋鳥はゆーやが、す」
140000 ,,,,,,,,,,kotori,,2,,,,,　ぴっと指を立て恋鳥の言葉を押し止める。
140100 ,,,4,,,,優哉,優哉,,kotori,,2,,,,,「今度は俺から言わせてくれ。
　……恋鳥、好きだ」
140200 ,,,,,,,恋鳥,恋鳥,04kot761_011.wav,kotori,,6,,,,,「……あっ……
　ゆーや……ゆーや、
　恋鳥も……恋鳥も、好きだぞっ！」
140300 ,,,,,,,優哉,優哉,,kotori,,6,,,,,「ありがとう、恋鳥。
　……好きだからな……
　もう置いてったりしないから」
140400 ,,,,,,,恋鳥,恋鳥,04kot761_012.wav,kotori,,6,,,,,「うん……うん、ゆーや。
　恋鳥もゆーやが好きだ……」
140500 ,,,,,,,優哉,優哉,,kotori,,6,,,,,「俺も、恋鳥が好きだ……
　一緒にいたい」
140600 ,,,,,,,恋鳥,恋鳥,04kot761_013.wav,kotori,,6,,,,,「うん……うんっ。
　恋鳥も、恋鳥も一緒にいたいぞっ」
140700 ,,,,,,,,,,kotori,,6,,,,,　頬を染め、こくこくと勢いよくうなずく恋鳥。
140800 ,,,,,,,優哉,優哉,,kotori,,6,,,,,「ずっと一緒にいような」
140900 ,,,,,,,恋鳥,恋鳥,04kot761_014.wav,kotori,,1,,,,,「……うんっ」
141000 ,,,,,,,,,,kotori,,1,,,,,　俺たちはその言葉の幸せを噛みしめるみたいに、
　しばらく強く抱き合っていた。
141090 ,,<!Lend_scene_change>,0,9000,,,,,,,,,,,,,
141300 ,@762,,,,,,,,,,,,,,,,
141600 ,,<!Lbegin_scene_change>,7,12101,,,,,,,,,,,,,　学校の帰り道……。
　恋鳥と一緒に竹林の中を歩いていく。
141700 ,,,,,,,恋鳥,恋鳥,04kot762_001.wav,"kotori,uniform",,90,,,,,「……ゆーや……」
141800 ,,,,,,,,,,kotori,,90,,,,,　気が付くと恋鳥は俺に身体をすり寄せていた。
141900 ,,,,,,,優哉,優哉,,kotori,,90,,,,,「……ま、いいか……」
142000 ,,,,,,,,,,kotori,,90,,,,,　周囲に人気はない。
　見つかる可能性は低いだろう。
142100 ,,,,,,,,,,kotori,,90,,,,,　俺は恋鳥の手をそっと掴んだ。
　自然と指先が絡み合い、俺と恋鳥の手が繋がった。
142200 ,,,,,,,恋鳥,恋鳥,04kot762_002.wav,kotori,,1,,,,,「…………」
142300 ,,,,,,,,,,kotori,,1,,,,,　ああ……そうだった。
　ここで昨日、恋鳥に告白したんだっけか。
142400 ,,,,,,,,,,kotori,,1,,,,,　この竹林は俺と恋鳥にとって思い出の場所になるんだ
　ろうな。
142500 ,,,,,,,恋鳥,恋鳥,04kot762_003.wav,kotori,,0,,,,,「…………」
142600 ,,,,,,,,,,kotori,,0,,,,,　恋鳥はより強くその小さな身体をすり寄せてくる。
142700 ,,,,,,,恋鳥,恋鳥,04kot762_004.wav,kotori,,0,,,,,「……だっこ……」
142800 ,,,,,,,優哉,優哉,,kotori,,0,,,,,「ん？」
142900 ,,,,,,,恋鳥,恋鳥,04kot762_005.wav,kotori,,0,,,,,「……お姫様だっこ……」
143000 ,,,,,,,優哉,優哉,,kotori,,0,,,,,「いや、だっこはまずいだろう、だっこは……」
143100 ,,,,,,,恋鳥,恋鳥,04kot762_006.wav,kotori,,5,,,,,「…………」
143200 ,,,,,,,優哉,優哉,,kotori,,5,,,,,「流石にそれは誰かに見つかったらまずい……というか
　恥ずかしい……だろ」
143300 ,,,,,,,恋鳥,恋鳥,04kot762_007.wav,kotori,,5,,,,,「…………」
143400 ,,,,,,,,,,kotori,,5,,,,,　恋鳥は少し不満そうな顔をした。
143500 ,,,,,,,優哉,優哉,,kotori,,5,,,,,「部屋に戻ったらいくらでもだっこしてやるよ」
143600 ,,,,,,,恋鳥,恋鳥,04kot762_008.wav,kotori,,1,,,,,「うん」
143700 ,,,,,,,優哉,優哉,,kotori,,1,,,,,「今日の夕飯はどうする？」
143800 ,,,,,,,恋鳥,恋鳥,04kot762_009.wav,kotori,,90,,,,,「なんでもいい」
143900 ,,,,,,,優哉,優哉,,kotori,,90,,,,,「……そうか」
144000 ,,,,,,,恋鳥,恋鳥,04kot762_010.wav,kotori,,1,,,,,「優哉と一緒なら、何でもいい」
144100 ,,,,,,,優哉,優哉,,kotori,,1,,,,,「……そうだな。俺も恋鳥と一緒なら何でもいい」
144200 ,,,,,,,恋鳥,恋鳥,04kot762_011.wav,kotori,,1,,,,,「…………」
144300 ,,,,,,,優哉,優哉,,kotori,,1,,,,,「着替えたら買い物行こうぜ」
144400 ,,,,,,,恋鳥,恋鳥,04kot762_012.wav,kotori,,1,,,,,「うん」
144500 ,,,,,,,,,,,,,,,,,　夕焼けに染まる空の下……
　恋鳥と手を繋いで歩いていく。
144600 ,,,,,,,,,,,,,,,,,　特に何事もない、平和な日常だけど。
　恋鳥が側にいるというだけで不思議と心が満たされて
　いくように感じられた。
144700 ,,,,,,,優哉,優哉,,kotori,,1,,,,,「はぁ……綺麗な夕焼けだな」
144800 ,,,,,,,恋鳥,恋鳥,04kot762_013.wav,kotori,,1,,,,,「うん」
144900 ,,,,,,,優哉,優哉,,kotori,,1,,,,,「明日も晴れるといいな……」
145000 ,,,,,,,恋鳥,恋鳥,04kot762_014.wav,kotori,,1,,,,,「うん」
145100 ,,,,,,,,,,kotori,,90,,,,,　今まで感じた事のない……奇妙な安心感。
　恋鳥の小さな手の感触がとても愛おしい。
145200 ,,,,,,,,,,kotori,,90,,,,,　こうして毎日……何事もなく……。
　ずっと恋鳥と一緒に歩いて行ける事を……。
　俺は願わずにはいられなかった。
145300 ,,,,,,,優哉,優哉,,kotori,,90,,,,,「……恋鳥……」
145400 ,,,,,,,恋鳥,恋鳥,04kot762_015.wav,kotori,,1,,,,,「……ゆーや……」
145500 ,,,,,,,優哉,優哉,,kotori,,1,,,,,「これから先、何があるかわかんねえけどさ」
145600 ,,,,,,,恋鳥,恋鳥,04kot762_016.wav,kotori,,4,,,,,「うん」
145700 ,,,,,,,優哉,優哉,,kotori,,4,,,,,「一緒に協力していきゃ、きっと何とかなるよな」
145800 ,,,,,,,恋鳥,恋鳥,04kot762_017.wav,kotori,,4,,,,,「うん……だから、ゆーや」
145900 ,,,,,,,優哉,優哉,,kotori,,4,,,,,「ん……？」
146000 ,,,,,,,恋鳥,恋鳥,04kot762_018.wav,kotori,,4,,,,,「ずっと……いっしょ……」
146100 ,,,,,,,優哉,優哉,,kotori,,4,,,,,「ああ、ずっと一緒にいようぜ、恋鳥」
146200 ,,,,,,,恋鳥,恋鳥,04kot762_019.wav,kotori,,1,,,,,「うん……」
146300 ,,,,,,,,,,kotori,,1,,,,,　夕焼けに照らされた恋鳥の顔は、ほのかに笑っていた。
146390 ,,<!Lend_scene_change>,0,9000,,,,,,,,,,,,,
146600 ,@763,,,,,,,,,,,,,,,,
146900 ,,<!Lbegin_scene_change>,8,7212,,,恋鳥,恋鳥,04kot763_001.wav,"kotori,pajamas",,0,,,,,「…………」
147000 ,,,,,,,優哉,優哉,,kotori,,0,,,,,「……ふぅ……」
147100 ,,,,,,,,,,kotori,,0,,,,,　手際良く……テーブルに食材や皿が並んでいく。
147200 ,,,,,,,,,,kotori,,0,,,,,　一切、言葉は交わさない、その必要もない。
　言葉を交わさなくてもお互いのやるべき事はわかって
　いるからな。
147300 ,,,,,,,,,,kotori,,0,,,,,　俺と恋鳥はただ黙々と夕食の用意を続ける。
147400 ,,,,,,,恋鳥,恋鳥,04kot763_002.wav,kotori,,0,,,,,「…………」
147500 ,,,,,,,優哉,優哉,,kotori,,0,,,,,「ん……こっちかな」
147600 ,,,,,,,,,,kotori,,0,,,,,　恋鳥の小さな身体が台所とテーブルの間をひょいひょ
　いと動き回る。
　隙間をぬうように俺も台所を這い回る。
147700 ,,,,,,,恋鳥,恋鳥,04kot763_003.wav,kotori,,0,,,,,「…………」
147800 ,,,,,,,優哉,優哉,,kotori,,0,,,,,「よし……できたぞ恋鳥」
147900 ,,,,,,,,,,kotori,,0,,,,,　恋鳥が座って箸に手をかけたのを見て、俺も箸を手に
　とって食事を始める。
148000 ,,,,,,,恋鳥,恋鳥,04kot763_004.wav,kotori,,0,,,,,「…………」
148100 ,,,,,,,,,,kotori,,0,,,,,　恋鳥はぼうっとした顔で、もくもくと口を動かす。
148200 ,,,,,,,優哉,優哉,,kotori,,0,,,,,「明日は……晴れか……いい天気になりそうだ」
148300 ,,,,,,,恋鳥,恋鳥,04kot763_005.wav,kotori,,0,,,,,「…………」
148400 ,,,,,,,優哉,優哉,,kotori,,0,,,,,「恋鳥、眠いのか？」
148500 ,,,,,,,恋鳥,恋鳥,04kot763_006.wav,kotori,,0,,,,,「そうでもない」
148600 ,,,,,,,優哉,優哉,,kotori,,0,,,,,「ん……そうか……」
148700 ,,,,,,,恋鳥,恋鳥,04kot763_007.wav,kotori,,0,,,,,「うん……へーき」
148800 ,,,,,,,優哉,優哉,,kotori,,0,,,,,「恋鳥、明日は特に予定はないのか」
148900 ,,,,,,,恋鳥,恋鳥,04kot763_008.wav,kotori,,3,,,,,「ない……ゆーやは仕事か？」
149000 ,,,,,,,優哉,優哉,,kotori,,3,,,,,「ん……どうだろうな……。
　旅館はひとくぎりついたって感じだったけど」
149100 ,,,,,,,恋鳥,恋鳥,04kot763_009.wav,kotori,,3,,,,,「…………」
149200 ,,,,,,,優哉,優哉,,,,,,,,,「さてと……」
149300 ,,,,,,,,,,,,,,,,,　恋鳥より少し早く夕食を終えた俺は携帯を手にとって
　旅館に電話した。
149400 ,,,,,,,優哉,優哉,,,,,,,,,「もしもし……はい、オヤジはいますか？
　はい、すいません……お願いします」
149500 ,,,,,,,恋鳥,恋鳥,04kot763_010.wav,,,,,,,,「…………」
149600 ,,,,,,,優哉,優哉,,,,,,,,,「ああ、明日の仕事なんだけどさ……どんな感じ？
　うん……へえ、そうなのか、なるほどな」
149700 ,,,,,,,恋鳥,恋鳥,04kot763_011.wav,,,,,,,,「…………」
149800 ,,,,,,,優哉,優哉,,,,,,,,,「ん……ああ、わかった……つむぎによろしくな。
　あぁん？　うるせえ、余計な御世話だ……」
149900 ,,,,,,,恋鳥,恋鳥,04kot763_012.wav,,,,,,,,「…………」
150000 ,,,,,,,優哉,優哉,,,,,,,,,「オヤジ……あんまつむぎに無理させんなよ……。
　ふんっ……言うと思ったぜ……じゃあな」
150100 ,,,,,,,,,,,,,,,,,　俺は携帯を切ってテーブルに置いた。
150200 ,,,,,,,恋鳥,恋鳥,04kot763_013.wav,kotori,,5,,,,,「明日……やっぱり仕事なのか」
150300 ,,,,,,,優哉,優哉,,kotori,,5,,,,,「いや、休みをもらった。
　明日は１日中ここにいられる」
150400 ,,,,,,,恋鳥,恋鳥,04kot763_014.wav,kotori,,0,,,,,「え？　休み？　本当？　……本当か？」
150500 ,,,,,,,優哉,優哉,,kotori,,0,,,,,「ああ……」
150600 ,,,,,,,恋鳥,恋鳥,04kot763_015.wav,kotori,,1,,,,,「良かった……」
150700 ,,,,,,,優哉,優哉,,kotori,,1,,,,,「のんびりしようぜ、ここ最近慌ただしかったしさ。
　毎日オヤジの仕事の手伝いで疲れちまったぜ……」
150800 ,,,,,,,,,,kotori,,1,,,,,　そう言ったら何か一気に疲れが出てきた。
　俺はごろりとその場に横になる。
150900 ,,,,,,,恋鳥,恋鳥,04kot763_016.wav,kotori,,4,,,,,「…………」
151000 ,,,,,,,優哉,優哉,,kotori,,4,,,,,「ん～、眠ぃ……今日は早く寝ようぜ、恋鳥」
151100 ,,,,,,,恋鳥,恋鳥,04kot763_017.wav,kotori,,4,,,,,「折角の……休み」
151200 ,,,,,,,優哉,優哉,,kotori,,4,,,,,「ん？」
151300 ,,,,,,,恋鳥,恋鳥,04kot763_018.wav,kotori,,90,,,,,「恋鳥はデートがしたい」
151400 ,,,,,,,優哉,優哉,,kotori,,90,,,,,「な、なにっ！？」
151500 ,,,,,,,恋鳥,恋鳥,04kot763_019.wav,kotori,,0,,,,,「よく考えたら……ゆーやとデートした事がない」
151600 ,,,,,,,優哉,優哉,,kotori,,0,,,,,「ん……言われてみれば……だな」
151700 ,,,,,,,,,,kotori,,0,,,,,　外で恋鳥と一緒だと、同棲がバレてしまう。
　一緒に出かける事はほとんどなかったからな。
151800 ,,,,,,,恋鳥,恋鳥,04kot763_020.wav,kotori,,0,,,,,「ゆーやとデートしたい……」
151900 ,,,,,,,優哉,優哉,,kotori,,0,,,,,「そうだな……まあ、そういうのもいいか」
152000 ,,,,,,,恋鳥,恋鳥,04kot763_021.wav,kotori,,1,,,,,「わぁい」
152100 ,,,,,,,,,,kotori,,1,,,,,　仮に誰かに見られてもデートなら問題ないだろう。
　つきあってる事がバレても同棲している事がバレなけ
　れば大丈夫だしな。
152200 ,,,,,,,恋鳥,恋鳥,04kot763_022.wav,kotori,,0,,,,,「…………」
152300 ,,,,,,,優哉,優哉,,kotori,,0,,,,,「…………」
152400 ,,,,,,,,,,kotori,,0,,,,,　しかし急にデートって言われても……どこに行って何
　をすれば良いんだろうか……思いつかねえ。
152500 ,,,,,,,恋鳥,恋鳥,04kot763_023.wav,kotori,,3,,,,,「……ゆーや……」
152600 ,,,,,,,優哉,優哉,,kotori,,3,,,,,「恋鳥、どこか行きたい場所……あるか？」
152700 ,,,,,,,恋鳥,恋鳥,04kot763_024.wav,kotori,,0,,,,,「ゆーやと一緒ならどこでもいい」
152800 ,,,,,,,優哉,優哉,,kotori,,0,,,,,「そうか」
152900 ,,,,,,,恋鳥,恋鳥,04kot763_025.wav,kotori,,90,,,,,「できればケーキ屋がいい」
153000 ,,,,,,,優哉,優哉,,kotori,,90,,,,,「そうか」
153100 ,,,,,,,恋鳥,恋鳥,04kot763_026.wav,kotori,,90,,,,,「午後１時、町の中心……橋のところで待ち合わせ」
153200 ,,,,,,,優哉,優哉,,kotori,,90,,,,,「そうか……って、ちょっと待て」
153300 ,,,,,,,恋鳥,恋鳥,04kot763_027.wav,kotori,,90,,,,,「…………」
153400 ,,,,,,,優哉,優哉,,kotori,,90,,,,,「同じ部屋に住んでるのに待ち合わせする意味……ある
　のか？」
153500 ,,,,,,,恋鳥,恋鳥,04kot763_028.wav,kotori,,6,,,,,「恋鳥はデートがしたい」
153600 ,,,,,,,優哉,優哉,,kotori,,6,,,,,「ここから一緒に出て行けばいいだろ……」
153700 ,,,,,,,恋鳥,恋鳥,04kot763_029.wav,kotori,,6,,,,,「恋人みたいに……待ち合わせしたい」
153800 ,,,,,,,優哉,優哉,,kotori,,6,,,,,「俺達もう恋人同士じゃんか」
153900 ,,,,,,,恋鳥,恋鳥,04kot763_030.wav,kotori,,5,,,,,「…………」
154000 ,,,,,,,,,,kotori,,5,,,,,　恋鳥の不満そうな表情に俺は思わず苦笑した。
　相変わらずどこかズレてる……恋鳥らしいな……。
154100 ,,,,,,,,,,kotori,,5,,,,,　それに何となくわかるような気もする。
　いきなり同棲を始めて、長い付き合いを経る事無くす
　ぐに恋人同士になってしまった。
154200 ,,,,,,,,,,kotori,,5,,,,,　何か大事なプロセスをかっ飛ばしてしまってるような
　印象は確かにあるな。
154300 ,,,,,,,,,,kotori,,5,,,,,　そうだな……待ち合わせしてデート。
　俺と恋鳥にはそういうのも必要なのかもしれない。
154400 ,,,,,,,優哉,優哉,,kotori,,5,,,,,「恋鳥……待ち合わせしたいのか？」
154500 ,,,,,,,恋鳥,恋鳥,04kot763_031.wav,kotori,,0,,,,,「うん」
154600 ,,,,,,,優哉,優哉,,kotori,,0,,,,,「わかった、じゃあそうしよう」
154700 ,,,,,,,恋鳥,恋鳥,04kot763_032.wav,kotori,,1,,,,,「うん」
154800 ,,,,,,,,,,kotori,,1,,,,,　恋鳥は嬉しそうに顔をほころばせると俺に抱きついて
　きた。
154890 ,,<!Lend_day_change>,0,9000,,,,,,,,,,,,,
154899 ,,<!ec_kotori_pri>,,,,,,,,,,,,,,,
155100 ,@764,,,,,,,,,,,,,,,,
155400 ,,<!Lbegin_day_change>,9,12200,,,,,,,,,,,,,　デート当日……恋鳥が出発してから３０分ぐらい遅れ
　て俺は家から出た。
155500 ,,,,,,,,,,,,,,,,,　恋鳥とどこに行こうか考えながら１時間ほど商店街を
　歩きまわった。
155600 ,,,,,,,,,,,,,,,,,　カラオケとかは……恋鳥は好きじゃないかな。
　ぬいぐるみが好きなんだっけ、じゃあゲームセンター
　に行くのもいいかもしれない。
155700 ,,,,,,,,,,,,,,,,,　ん……そろそろ時間だな。
　恋鳥を待たせたくないし、少し早めに行くか。
155800 ,,,,,,,恋鳥,恋鳥,04kot764_001.wav,"kotori,uniform",,5,,,,,「…………」
155900 ,,,,,,,,,,kotori,,5,,,,,　待ち合わせ場所に行くと恋鳥がそわそわしながら待っ
　ていた。
156000 ,,,,,,,優哉,優哉,,kotori,,5,,,,,「えーっと……やあ、恋鳥。待たせたな」
156100 ,,,,,,,恋鳥,恋鳥,04kot764_002.wav,kotori,,0,,,,,「……ゆーや……」
156200 ,,,,,,,優哉,優哉,,kotori,,0,,,,,「……もしかしてずっと待ってたのか？」
156300 ,,,,,,,恋鳥,恋鳥,04kot764_003.wav,kotori,,0,,,,,「…………」
156400 ,,,,,,,優哉,優哉,,kotori,,0,,,,,「…………」
156500 ,,,,,,,恋鳥,恋鳥,04kot764_004.wav,kotori,,1,,,,,「いこう、ゆーや」
156600 ,,,,,,,優哉,優哉,,kotori,,1,,,,,「ああ、うん」
156700 ,,,,,,,,,,kotori,,1,,,,,　恋鳥と手を繋ぐと、俺は再び商店街へと向かった。
156800 ,,<!move_short>,,,,,優哉,優哉,,,,,,,,,「恋鳥、ぬいぐるみ好きだよな」
156900 ,,,,,,,恋鳥,恋鳥,04kot764_005.wav,kotori,,1,,,,,「うん」
157000 ,,,,,,,優哉,優哉,,kotori,,1,,,,,「そこのファンシーショップとかどうだ？」
157100 ,,,,,,,恋鳥,恋鳥,04kot764_006.wav,kotori,,90,,,,,「入る」
157200 ,,,,,,,,,,kotori,,90,,,,,　恋鳥はファンシーショップの前に来るとショーウイン
　ドウに並べられているぬいぐるみにじっと見入った。
157300 ,,,,,,,,,,kotori,,90,,,,,　俺はそれを後ろから眺めながらふと気付いた。
157400 ,,,,,,,優哉,優哉,,kotori,,90,,,,,「あのさ……」
157500 ,,,,,,,恋鳥,恋鳥,04kot764_007.wav,kotori,,0,,,,,「どうした」
157600 ,,,,,,,優哉,優哉,,kotori,,0,,,,,「部屋にあるあのパンダのぬいぐるみって、どこで買っ
　てるんだ？」
157700 ,,,,,,,,,,kotori,,0,,,,,　ショーウインドウにはたくさんのぬいぐるみが敷き詰
　められていたが、恋鳥の部屋にあるあのパンダは見当
　たらなかった。
157800 ,,,,,,,恋鳥,恋鳥,04kot764_008.wav,kotori,,0,,,,,「…………」
157900 ,,,,,,,優哉,優哉,,kotori,,0,,,,,「ここには置いてないみてえだな」
158000 ,,,,,,,恋鳥,恋鳥,04kot764_009.wav,kotori,,0,,,,,「うん」
158100 ,,,,,,,優哉,優哉,,kotori,,0,,,,,「あのパンダは珍しいぬいぐるみなのか？　俺は他で見
　た事がないんだが……」
158200 ,,,,,,,恋鳥,恋鳥,04kot764_010.wav,kotori,,52,,,,,「秘密」
158300 ,,,,,,,優哉,優哉,,kotori,,0,,,,,「…………」
158400 ,,,,,,,,,,kotori,,0,,,,,　ずっと一緒に住んできて、恋鳥の事はもう知り尽くし
　たような気になっていたが。
158500 ,,,,,,,,,,kotori,,0,,,,,　やはりこいつはまだまだ底知れない不思議が秘められ
　ているのかもしれない……と思った。
158700 ,,<!move_long>,,12400,,,,,,,,,,,,,　ファンシーショップやゲームセンターを見て回った後
　お腹がすいたのでケーキ屋へとやってきた。
158800 ,,,,,,,優哉,優哉,,,,,,,,,「今日は悠はバイトしてないみたいだな」
158900 ,,,,,,,恋鳥,恋鳥,04kot764_011.wav,kotori,,0,,,,,「うん……」
159000 ,,,,,,,優哉,優哉,,kotori,,0,,,,,「まあ悠になら見つかっても問題ないしな」
159100 ,,,,,,,恋鳥,恋鳥,04kot764_012.wav,kotori,,0,,,,,「うん……」
159200 ,,,,,,,店員,店員,34ten764_001.wav,kotori,,0,,,,,「いっらしゃいませ、ご注文はお決まりですか」
159300 ,,,,,,,優哉,優哉,,kotori,,0,,,,,「何にする？　恋鳥」
159400 ,,,,,,,恋鳥,恋鳥,04kot764_013.wav,kotori,,52,,,,,「全部」
159500 ,,,,,,,優哉,優哉,,kotori,,52,,,,,「おい……」
159600 ,,,,,,,恋鳥,恋鳥,04kot764_014.wav,kotori,,0,,,,,「ゆーやと一緒なら食べられる」
159700 ,,,,,,,優哉,優哉,,kotori,,0,,,,,「正気かよ……」
159800 ,,,,,,,,,,kotori,,0,,,,,　まあいいや……とりあえず上から５つ注文してと。
159900 ,,,,,,,店員,店員,34ten764_002.wav,kotori,,0,,,,,「店内でお召し上がりになりますか？」
160000 ,,,,,,,,,,kotori,,0,,,,,　ケーキ屋の中にはイートインが設置されておりそこで
　食べる事が出来る。
160100 ,,,,,,,優哉,優哉,,kotori,,0,,,,,「はい、ここで食べていきます」
160200 ,,,,,,,恋鳥,恋鳥,04kot764_015.wav,kotori,,52,,,,,「ふふっ……」
160300 ,,,,,,,優哉,優哉,,kotori,,52,,,,,「…………」
160400 ,,,,,,,,,,kotori,,52,,,,,　恋鳥の笑みに俺は只ならぬ戦慄を感じていた。
　この感覚……以前どこかで……。
160500 ,,,,,,,,,,kotori,,52,,,,,　……本当にこいつ……全部食う気なのか？
160700 ,,,,,407,,優哉,優哉,,kotori,,90,,,,,「美味いか？　恋鳥」
160800 ,,,,,407,,恋鳥,恋鳥,04kot764_016.wav,kotori,,1,,,,,「うん、美味しい、美味しい」
160900 ,,,,,407,,,,,,,,,,,,最初に注文した５つは恋鳥があっという間に平らげてしまった。
161100 ,,,,,407,,,,,,,,,,,,俺はふたつほど食べたところでもうギブアップ。
161200 ,,,,,408,,,,,,,,,,,,しかし恋鳥は次から次へと注文する。
161300 ,,,,,408,,優哉,優哉,,kotori,,1,,,,,「美味しいか？　恋鳥」
161400 ,,,,,408,,恋鳥,恋鳥,04kot764_017.wav,kotori,,1,,,,,「うまうま……」
161500 ,,,,,408,,,,,,,,,,,,メニューを見ながら片っ端から注文する恋鳥。
161600 ,,,,,408,,,,,,,,,,,,ずらりと並んだケーキやパフェがあっという間に恋鳥の
161700 ,,,,,408,,,,,,,,,,,,小さな口の中へと消えていく。
161800 ,,,,,408,,優哉,優哉,,kotori,,1,,,,,「美味しいか？　恋鳥」
161900 ,,,,,408,,恋鳥,恋鳥,04kot764_018.wav,kotori,,1,,,,,「マイウー」
162000 ,,,,,410,,優哉,優哉,,kotori,,1,,,,,「…………」
162100 ,,,,,410,,恋鳥,恋鳥,04kot764_019.wav,kotori,,3,,,,,「ゆーやはもう食べないのか？」
162200 ,,,,,410,,優哉,優哉,,kotori,,3,,,,,「俺は……もういい……。
　恋鳥の顔見てるだけで腹いっぱいだよ」
162300 ,,,,,410,,,,,kotori,,0,,,,,　恋鳥は次々と甘味を平らげていく。
　ひたすら食いまくっている。
162400 ,,,,,410,,恋鳥,恋鳥,04kot764_020.wav,kotori,,0,,,,,「えっと……まだこれ食べてない。
　ハイペリオンケーキとアリヘルケンチーズ……」
162500 ,,,,,411,,優哉,優哉,,kotori,,0,,,,,「おい、まだ食うのか？」
162600 ,,,,,411,,恋鳥,恋鳥,04kot764_021.wav,kotori,,52,,,,,「全部食べる」
162700 ,,,,,411,,優哉,優哉,,kotori,,52,,,,,「マジか……」
162800 ,,,,,411,,恋鳥,恋鳥,04kot764_022.wav,kotori,,0,,,,,「おちつけ」
162900 ,,,,,412,,,,,,,,,,,,　本当に全部食べちまうぞ……いや、まさか。
　この店の甘味全てを食らい尽くすつもりじゃないだろ
　うな。
163000 ,,,,,412,,,,,,,,,,,,　この小さな身体のどこに大量の甘味を吸収するスペ
　ースがあるんだろうか。
　恋鳥の胃袋は……どうなってるんだ？
163100 ,,,,,412,,優哉,優哉,,kotori,,0,,,,,「…………」
163200 ,,,,,414,,恋鳥,恋鳥,04kot764_023.wav,kotori,,0,,,,,「コンプリート、完全制覇」
163300 ,,,,,414,,優哉,優哉,,kotori,,0,,,,,「満足したか？」
163400 ,,,,,415,,恋鳥,恋鳥,04kot764_024.wav,kotori,,0,,,,,「２週目に突入する」
163500 ,,,,,415,,優哉,優哉,,kotori,,0,,,,,「おいっ！」
163600 ,,,,,415,,,,,,,,,,,,　再びメニューの１番上から注文する恋鳥。
　店員はあきれた顔で恋鳥を見ていた。
163700 ,,,,,415,,,,,,,,,,,,　財布は大丈夫だろうか……オヤジから一応、仕事の報
　酬をいくらか受け取ってはいるんだが。
163800 ,,,,,415,,優哉,優哉,,,,,,,,,「…………」
163900 ,,,,,415,,,,,,,,,,,,　ああ……思い出した。
　最初に恋鳥と仲良くしようと思った時に甘味で機嫌を
　とろうとしたんだっけな。
164000 ,,,,,415,,,,,,,,,,,,　その時、甘味を食いまくる恋鳥を想像して得体の知れ
　ない戦慄を覚えた。
　その光景が現実のものになろうとは。
164100 ,,,,,416,,恋鳥,恋鳥,04kot764_025.wav,kotori,,1,,,,,「ふぅ……恋鳥は今、とても幸せ……ゆーや」
164200 ,,,,,416,,優哉,優哉,,kotori,,1,,,,,「……そうか……」
164300 ,,,,,416,,恋鳥,恋鳥,04kot764_026.wav,kotori,,90,,,,,「ゆーやは……幸せか？」
164400 ,,,,,416,,優哉,優哉,,kotori,,90,,,,,「ああ、幸福の絶頂だよ」
164500 ,,,,,416,,恋鳥,恋鳥,04kot764_027.wav,kotori,,90,,,,,「そうか……良かった。
　えっと……次はサラマンダーチョコパフェ」
164600 ,,,,,416,,優哉,優哉,,kotori,,90,,,,,「まだ食うのかよ！！」
164700 ,,,,,416,,,,,kotori,,90,,,,,　恋鳥はあまり手間のかからない女だと思っていたが、
　甘味への出費は覚悟しておいた方が良さそうだ。
164900 ,,<!move_normal>,,12200,,,恋鳥,恋鳥,04kot764_028.wav,kotori,,0,,,,,「おなかいっぱい」
165000 ,,,,,,,優哉,優哉,,kotori,,0,,,,,「ああ、俺も……腹いっぱいだ」
165100 ,,,,,,,恋鳥,恋鳥,04kot764_029.wav,kotori,,0,,,,,「また来よう」
165200 ,,,,,,,優哉,優哉,,kotori,,0,,,,,「あ、ああ、うん……またな」
165300 ,,,,,,,,,,kotori,,0,,,,,　俺はもうしばらくケーキやパフェは見たくないけどな
　……。
165400 ,,,,,,,恋鳥,恋鳥,04kot764_030.wav,kotori,,0,,,,,「ゆーや」
165500 ,,,,,,,優哉,優哉,,kotori,,0,,,,,「ん？」
165600 ,,,,,,,恋鳥,恋鳥,04kot764_031.wav,kotori,,6,,,,,「だっこして」
165700 ,,,,,,,優哉,優哉,,kotori,,6,,,,,「い、いや、ここ……街のド真ん中だし……」
165800 ,,,,,,,恋鳥,恋鳥,04kot764_032.wav,kotori,,3,,,,,「だめか……？」
165900 ,,,,,,,優哉,優哉,,kotori,,3,,,,,「流石に、恥ずかしすぎるって」
166000 ,,,,,,,恋鳥,恋鳥,04kot764_033.wav,kotori,,5,,,,,「うぅ……」
166100 ,,,,,,,優哉,優哉,,kotori,,5,,,,,「ほら、手は繋いでもいいぜ」
166200 ,,,,,,,恋鳥,恋鳥,04kot764_034.wav,kotori,,0,,,,,「うん……」
166300 ,,,,,,,,,,kotori,,0,,,,,　恋鳥は手を繋ぐと俺の方へと身体をすり寄せてきた。
166400 ,,,,,,,優哉,優哉,,kotori,,0,,,,,「……恋鳥……」
166500 ,,,,,,,恋鳥,恋鳥,04kot764_035.wav,kotori,,6,,,,,「……ゆーや……」
166600 ,,,,,,,,,,kotori,,6,,,,,　誰がどう見ても……恋人同士だよな。
　学校の人に見つかったらどうやっても弁解はできない
　だろう。
166700 ,,,,,,,,,,kotori,,6,,,,,　まあ同棲さえバレなきゃ……問題ない。
　今日はとにかく恋鳥と甘い時間を満喫したかった。
166800 ,,,,,,,優哉,優哉,,kotori,,0,,,,,「ん？」
166900 ,,,,,,,,,,kotori,,0,,,,,恋鳥と商店街を歩いていると見慣れた姿の女の子が近づいてきた。
167100 ,,,,,,,悠,悠,02yuu764_001.wav,"yuu,private",,0,kotori,,0,,「あっ……恋鳥？　優哉？」
167200 ,,,,,,,優哉,優哉,,yuu,,0,kotori,,0,,「げっ、悠……」
167300 ,,,,,,,,,,yuu,,0,kotori,,0,,　悠は手にデパートの紙袋を持っていた。
　どこかで買い物でもしていたんだろう。
167400 ,,,,,,,恋鳥,恋鳥,04kot764_036.wav,yuu,,0,kotori,,0,,「…………」
167500 ,,,,,,,悠,悠,02yuu764_002.wav,yuu,,1,kotori,,0,,「今日はすみさきの方はいいの？　っていうかデートな
　んかしちゃったりしてるわけ？」
167600 ,,,,,,,優哉,優哉,,yuu,,1,kotori,,0,,「やっぱり……そう見えるよな」
167700 ,,,,,,,悠,悠,02yuu764_003.wav,yuu,,1,kotori,,0,,「そりゃあねぇ～♪」
167800 ,,,,,,,恋鳥,恋鳥,04kot764_037.wav,yuu,,1,kotori,,6,,「…………」
167900 ,,,,,,,,,,yuu,,1,kotori,,6,,　べったりと俺に張り付いている恋鳥を悠はにやにやし
　ながら見ていた。
168000 ,,,,,,,優哉,優哉,,yuu,,1,kotori,,6,,「まあ悠ならいいか……俺達の事は知ってるしな」
168100 ,,,,,,,悠,悠,02yuu764_004.wav,yuu,,0,kotori,,6,,「あの時はビックリしたよ～。まさかとは思ってたけど
　ね……」
168200 ,,,,,,,優哉,優哉,,yuu,,0,kotori,,6,,「もしかして愛歌やつむぎも俺達の事は気づいてんのか
　な」
168300 ,,,,,,,悠,悠,02yuu764_005.wav,yuu,,0,kotori,,6,,「ん～、それはないと思うけど」
168400 ,,,,,,,優哉,優哉,,yuu,,0,kotori,,6,,「なら……いいんだけどな……」
168500 ,,,,,,,,,,yuu,,0,kotori,,6,,　つむぎはともかく愛歌はこういう事にはニブそうだか
　ら気付いているという事はなさそうだ。
168600 ,,,,,,,優哉,優哉,,yuu,,0,kotori,,6,,「まあ……あのふたりになら付き合ってる事がバレても
　問題はねえか」
168700 ,,,,,,,恋鳥,恋鳥,04kot764_038.wav,yuu,,0,kotori,,0,,「……悠……」
168800 ,,,,,,,悠,悠,02yuu764_006.wav,yuu,,2,kotori,,0,,「ふにっ？」
168900 ,,,,,,,恋鳥,恋鳥,04kot764_039.wav,yuu,,2,kotori,,0,,「この前は……迷惑かけた」
169000 ,,,,,,,優哉,優哉,,yuu,,2,kotori,,0,,「…………」
169100 ,,,,,,,悠,悠,02yuu764_007.wav,yuu,,1,kotori,,0,,「にゃははっ！　別にいいって！　恋鳥も優哉も温泉部
　の大事な部員だもんね♪」
169200 ,,,,,,,恋鳥,恋鳥,04kot764_040.wav,yuu,,1,kotori,,90,,「…………」
169300 ,,,,,,,悠,悠,02yuu764_008.wav,yuu,,17,kotori,,90,,「その代わりっ！　これからも温泉部の為に頑張って活
　動するのよっ！　わかった？」
169400 ,,,,,,,優哉,優哉,,yuu,,17,kotori,,90,,「やれやれ……弱みを握られちまったな。
　今まで以上にこき使われそうだ」
169500 ,,,,,,,恋鳥,恋鳥,04kot764_041.wav,yuu,,17,kotori,,90,,「…………」
169600 ,,,,,,,悠,悠,02yuu764_009.wav,yuu,,0,kotori,,90,,「はぁ～、いいなぁ……私も素敵な恋をしてみたい♪」
169700 ,,,,,,,恋鳥,恋鳥,04kot764_042.wav,yuu,,0,kotori,,90,,「…………」
169800 ,,,,,,,悠,悠,02yuu764_010.wav,yuu,,0,kotori,,90,,「いつか私にも現れるのかな……運命の人っ！」
169900 ,,,,,,,優哉,優哉,,yuu,,0,kotori,,90,,「ああ、現れるといいな……悠にも」
170000 ,,,,,,,悠,悠,02yuu764_011.wav,yuu,,1,kotori,,90,,「運命の赤い糸っていうの？　そういうのってあるのか
　な～♪」
170100 ,,,,,,,優哉,優哉,,yuu,,1,kotori,,90,,「赤い糸ね……悠も意外と女の子っぽい考え方するんだ
　な」
170200 ,,,,,,,悠,悠,02yuu764_012.wav,yuu,,53,kotori,,90,,「い、意外って何よ！　私は女の子っぽくないって言う
　のっ？　ひっどーい！」
170300 ,,,,,,,優哉,優哉,,yuu,,53,kotori,,90,,「い、いや、ははは……そういうわけじゃ……」
170400 ,,,,,,,恋鳥,恋鳥,04kot764_043.wav,yuu,,53,kotori,,1,,「ふふふっ……」
170500 ,,,,,,,優哉,優哉,,yuu,,53,kotori,,1,,「恋鳥、いま笑ったろ」
170600 ,,,,,,,恋鳥,恋鳥,04kot764_044.wav,yuu,,53,kotori,,90,,「笑ってない」
170700 ,,,,,,,悠,悠,02yuu764_013.wav,yuu,,0,kotori,,90,,「じゃあね、恋鳥、優哉。
　デートの邪魔しちゃって悪いねっ！」
170800 ,,,,,,,,,,kotori,,90,,,,,　悠は無邪気に笑うと手を振りながら去っていった。
　俺と恋鳥も手を振りながら悠を見送る。
170900 ,,,,,,,優哉,優哉,,kotori,,0,,,,,「さて……恋鳥、次はどこにいく？」
171000 ,,,,,,,恋鳥,恋鳥,04kot764_045.wav,kotori,,0,,,,,「どこでもいい」
171100 ,,,,,,,優哉,優哉,,kotori,,0,,,,,「少し疲れたかな……」
171200 ,,,,,,,恋鳥,恋鳥,04kot764_046.wav,kotori,,90,,,,,「うん……」
171300 ,,,,,,,優哉,優哉,,kotori,,90,,,,,「公園で少し休もうぜ」
171400 ,,,,,,,恋鳥,恋鳥,04kot764_047.wav,kotori,,90,,,,,「うん……」
171500 ,,,,,,,優哉,優哉,,kotori,,90,,,,,「なんか飲み物でも買ってくるか」
171600 ,,,,,,,恋鳥,恋鳥,04kot764_048.wav,kotori,,1,,,,,「うん……」
171700 ,,,,,,,,,,,,,,,,,　空が夕焼けに染まるまで……俺と恋鳥は身体をくっつ
　けたまま街のあちこちを歩いて回った。
171790 ,,<!Lend_scene_change>,0,9000,,,,,,,,,,,,,
172000 ,@765,,,,,,,,,,,,,,,,
172300 ,,<!Lbegin_scene_change>,8,12101,,,優哉,優哉,,,,,,,,,「いやー。今日は楽しかったなぁ」
172400 ,,,,,,,,,,,,,,,,,　帰り道、今日の記憶を反芻する。
172500 ,,,,,,,,,,,,,,,,,　ヤバイ、楽しかった事しか思い出せない。
172600 ,,,,,,,,,,,,,,,,,　ついつい顔が緩むぜ。
172700 ,,,,,,,,,,,,,,,,,　隣の恋鳥が、くいくいと服を引っぱってくる。
172800 ,,,,,,,恋鳥,恋鳥,04kot765_001.wav,"kotori,uniform",,0,,,,,「ゆーや、アホ面」
172900 ,,,,,,,優哉,優哉,,kotori,,0,,,,,「恋鳥。もう少し、注意の仕方があるんじゃないか？」
173000 ,,,,,,,恋鳥,恋鳥,04kot765_002.wav,kotori,,90,,,,,「……ゆーや、バカ面」
173100 ,,,,,,,優哉,優哉,,kotori,,90,,,,,「誰がバリエーション増やせって言ったよ」
173200 ,,,,,,,,,,kotori,,90,,,,,　コレでも俺ら、恋人同士なんだよな。
173300 ,,,,,,,,,,kotori,,90,,,,,　……今日のデート、本当に楽しかったもんな。
173400 ,,,,,,,恋鳥,恋鳥,04kot765_003.wav,kotori,,2,,,,,「あ――」
173500 ,,,,,,,優哉,優哉,,kotori,,2,,,,,「ん、恋鳥、どうした？」
173600 ,,,,,,,恋鳥,恋鳥,04kot765_004.wav,kotori,,5,,,,,「ゆーや、物凄い忘れ物をしてた」
173700 ,,,,,,,優哉,優哉,,kotori,,5,,,,,「財布とか、そういうのか？」
173800 ,,,,,,,恋鳥,恋鳥,04kot765_005.wav,kotori,,5,,,,,「違う」
173900 ,,,,,,,優哉,優哉,,kotori,,5,,,,,「それじゃ何だよ。甘い物が食い足りないとかじゃないだろうな？」
174000 ,,,,,,,恋鳥,恋鳥,04kot765_006.wav,kotori,,5,,,,,「…………」
174100 ,,,,,,,,,,kotori,,5,,,,,　まさか図星……なわけないよな。
　心なしか、恋鳥の視線がドンドン下がって、赤面してきてるような気はするけど。
174200 ,,,,,,,恋鳥,恋鳥,04kot765_007.wav,kotori,,3,,,,,「……別々に帰るのを、忘れてたぞ」
174300 ,,,,,,,優哉,優哉,,kotori,,3,,,,,「……あーあーあー、そういう事か」
174400 ,,,,,,,,,,kotori,,3,,,,,　なるほど、それはデッカイ忘れ物だ。
174500 ,,,,,,,恋鳥,恋鳥,04kot765_008.wav,kotori,,3,,,,,「戻ろう、ゆーや」
174600 ,,,,,,,優哉,優哉,,kotori,,3,,,,,「お前は本当にいきなりだな。もう遅いって。
　ほら、もうつくじゃないか」
174800 ,,<!move_short>,,7101,,,,,,,,,,,,,　だらだら喋ってる間に、もうアパートの前だ。
174900 ,,,,,,,,,,,,,,,,,　大家さんが、軒先の掃除をしている。
175000 ,,,,,,,恋鳥,恋鳥,04kot765_009.wav,kotori,,5,,,,,「無念だぞ。この借りは必ず返す」
175100 ,,,,,,,優哉,優哉,,kotori,,5,,,,,「誰にだよ。――どうも、今帰りました」
175200 ,,,,,,,大家さん,大家さん,15oya765_001.wav,kotori,,5,,,,,「あら、恋鳥ちゃんに優哉くん。お帰りなさい」
175300 ,,,,,,,恋鳥,恋鳥,04kot765_010.wav,kotori,,0,,,,,「うん。ただいま」
175400 ,,,,,,,大家さん,大家さん,15oya765_002.wav,kotori,,0,,,,,「恋鳥ちゃん、今日は楽しかったみたいね」
175500 ,,,,,,,恋鳥,恋鳥,04kot765_011.wav,kotori,,1,,,,,「うん。恋鳥のおかげだぞ」
175600 ,,,,,,,優哉,優哉,,kotori,,1,,,,,「なんの自慢だそれは」
175700 ,,,,,,,,,,kotori,,1,,,,,　しかし、見ただけで恋鳥の機嫌が分かるなんて、やっぱり大家さんは凄いな。
175800 ,,,,,,,,,,kotori,,1,,,,,　俺ももっと勘を磨いていかなければ。
175900 ,,,,,,,大家さん,大家さん,15oya765_003.wav,kotori,,1,,,,,「随分と早かったみたいですし。
　これからお部屋で、晩御飯かしら」
176000 ,,,,,,,優哉,優哉,,kotori,,1,,,,,「えぇ、一応そのつもりです。
　大家さんも一緒にどうですか？」
176100 ,,,,,,,大家さん,大家さん,15oya765_004.wav,kotori,,1,,,,,「そんな野暮な事はできませんよ。
　最後まで、二人水入らずで過ごして下さい」
176200 ,,,,,,,恋鳥,恋鳥,04kot765_012.wav,kotori,,90,,,,,「ゆーやは送り狼になると宣言してたぞ」
176300 ,,,,,,,優哉,優哉,,kotori,,90,,,,,「してねぇよ！」
176400 ,,,,,,,大家さん,大家さん,15oya765_005.wav,kotori,,90,,,,,「あらあら、それは余計にお邪魔できないわね」
176500 ,,,,,,,,,,kotori,,90,,,,,　くそー、今から同じ部屋に戻る以上、強く否定もできないじゃないか。
176600 ,,,,,,,,,,kotori,,90,,,,,　これは本当に後で狼になるしか――。
176790 ,,<!se_ch_phone_ring>,,,,,,,,,,,,,,,
176800 ,,,,,,,大家さん,大家さん,15oya765_006.wav,kotori,,0,,,,,「あら、電話だわ」
176900 ,,,,,,,優哉,優哉,,kotori,,0,,,,,「この感じだと、ウチじゃないですね」
177000 ,,,,,,,大家さん,大家さん,15oya765_007.wav,kotori,,0,,,,,「みたいですね。
　ごめんなさいね、お話の途中だけど私はこれで」
177100 ,,,,,,,優哉,優哉,,kotori,,0,,,,,「あ、はい。どうぞ俺達にはお構いなく」
177200 ,,,,,,,恋鳥,恋鳥,04kot765_013.wav,kotori,,90,,,,,「早く行った方がいい」
177300 ,,,,,,,大家さん,大家さん,15oya765_008.wav,kotori,,90,,,,,「ありがとうね。……一体誰からかしら、珍しい」
177400 ,,,,,,,,,,kotori,,90,,,,,　そう言うと、大家さんは自室に戻っていった。
177500 ,,<stop id=""1"">,,,,,,,,kotori,,90,,,,,　まぁ、冷静に考えて、俺らののろけ話より電話の方が大事だもんな。
177600 ,,,,,,,優哉,優哉,,kotori,,90,,,,,「それじゃ恋鳥、俺達も部屋に戻るか」
177700 ,,,,,,,恋鳥,恋鳥,04kot765_014.wav,kotori,,0,,,,,「ん。別々に戻るぞ。恋鳥が先だ」
177800 ,,,,,,,優哉,優哉,,kotori,,0,,,,,「まだ引っぱるのか」
177900 ,,,,,,,,,,kotori,,0,,,,,　まぁ、雰囲気って重要ですよね。
178000 ,,,,,,,,,,kotori,,0,,,,,　モチロン従いますともさ。
178100 ,,,,,,,,,,kotori,,0,,,,,　俺も楽しかったからな、別々に集まるの。
178190 ,,<!Lend_scene_change>,0,9000,,,,,,,,,,,,,
178400 ,@767,,,,,,,,,,,,,,,,
178700 ,,<!Lbegin_scene_change>,8,7212,,,,,,,,,,,,,　大家さんと別れてから、簡単に晩飯をすませた。
178800 ,,,,,,,,,,,,,,,,,　そして既に恒例の、並んで食後の団欒。
178900 ,,,,,,,,,,,,,,,,,　いいなぁ、こういうじんわりした幸せ。
179000 ,,,,,,,優哉,優哉,,,,,,,,,「ふぅ～。それにしても恋鳥、よく食べられたな」
179100 ,,,,,,,恋鳥,恋鳥,04kot767_001.wav,"kotori,pajamas",,0,,,,,「甘いものは別腹だぞ」
179200 ,,,,,,,優哉,優哉,,kotori,,0,,,,,「お前の場合は、甘いものがメインだろうが」
179300 ,,,,,,,,,,kotori,,0,,,,,　男の俺はともかく、恋鳥がこんだけ食えると、本当に別腹としか思えんなぁ。
179400 ,,,,,,,,,,kotori,,0,,,,,　しかし悲しいかな、恋鳥の胸はぺったんこ。
179500 ,,,,,,,,,,kotori,,0,,,,,　いつも寝てる上にコレとなると、どこにカロリーを使ってるんだか。
179600 ,,,,,,,恋鳥,恋鳥,04kot767_002.wav,kotori,,7,,,,,「……ゆーや、今物凄く失礼な事を考えたな」
179700 ,,,,,,,優哉,優哉,,kotori,,7,,,,,「いや、極めて現実的に評価――おぶっ！　座布団で殴るな！」
179800 ,,,,,,,恋鳥,恋鳥,04kot767_003.wav,kotori,,7,,,,,「ゆーやが悪いんだぞ。
　恋鳥の胸をジロジロ見るからだ」
179900 ,,,,,,,優哉,優哉,,kotori,,7,,,,,「ジロジロって……。何度か生で見てるの――ぶっ！」
180000 ,,,,,,,,,,kotori,,7,,,,,　二発目、命中。
180100 ,,,,,,,恋鳥,恋鳥,04kot767_004.wav,kotori,,0,,,,,「デリカシーのない奴だ。……気にしてるのに」
180300 ,,,,,,,優哉,優哉,,kotori,,0,,,,,「盛大な勘違いがあるようなので言っておくが、俺は別に巨乳派じゃないからな」
180400 ,,,,,,,恋鳥,恋鳥,04kot767_005.wav,kotori,,7,,,,,「ダウト」
180500 ,,,,,,,優哉,優哉,,kotori,,7,,,,,「即答かよ！」
180600 ,,,,,,,恋鳥,恋鳥,04kot767_006.wav,kotori,,7,,,,,「ゆーやが言うと、説得力に欠ける」
180700 ,,,,,,,優哉,優哉,,kotori,,7,,,,,「そうかー？　俺、デート中にヨソ見とかしたか？」
180800 ,,,,,,,恋鳥,恋鳥,04kot767_007.wav,kotori,,2,,,,,「………………おぉ、してないぞ」
180900 ,,,,,,,優哉,優哉,,kotori,,2,,,,,「ほれ見ろ」
181200 ,,,,,,,優哉,優哉,,kotori,,2,,,,,「いいか、俺はさわれん乳なんかに興味はないんだ。
　重要なのは、俺のかどうかなんだよ」
181300 ,,,,,,,恋鳥,恋鳥,04kot767_008.wav,kotori,,6,,,,,「こ、恋鳥の胸は――」
181400 ,,,,,,,優哉,優哉,,kotori,,6,,,,,「俺のじゃないのか？」
181500 ,,,,,,,恋鳥,恋鳥,04kot767_009.wav,kotori,,6,,,,,「ち、違わないぞ……」
181600 ,,,,,,,,,,kotori,,7,,,,,　だよなぁ。何せ生で見たもんな――あいたっ！
181700 ,,,,,,,優哉,優哉,,kotori,,7,,,,,「恋鳥さん、もう何の疑問もなく、俺の心を読んでますね」
181800 ,,,,,,,恋鳥,恋鳥,04kot767_010.wav,kotori,,0,,,,,「ふん、優哉は恋鳥のだからな。
　妙な事を考えたら、すぐに分かる」
181900 ,,,,,,,優哉,優哉,,kotori,,0,,,,,「さりげに大胆だよなぁ、お前。可愛いヤツめ」
182000 ,,,,,,,恋鳥,恋鳥,04kot767_011.wav,kotori,,6,,,,,「こら、ゆーや、抱きつくな……」
182100 ,,,,,,,優哉,優哉,,kotori,,6,,,,,「ふふふ、目を細めてしなだれかかってちゃ、全く説得力がないぜ」
182200 ,,,,,,,恋鳥,恋鳥,04kot767_012.wav,kotori,,6,,,,,「恋鳥は悪い男にたぶらかされた」
182300 ,,,,,,,優哉,優哉,,kotori,,6,,,,,「わはは、もっと蕩けてしまえ。
　俺は一向に構わん！」
182400 ,,,,,,,,,,kotori,,6,,,,,　いやもう本当に。以前のバイオレンス具合を考えたら、もっとデレデレでもいいと思うぞ。
182500 ,,,,,,,恋鳥,恋鳥,04kot767_013.wav,kotori,,6,,,,,「……ゆーや」
182600 ,,,,,,,優哉,優哉,,kotori,,6,,,,,「どうした恋鳥」
182700 ,,,,,,,恋鳥,恋鳥,04kot767_014.wav,kotori,,6,,,,,「……胸、触って楽しいのか？」
182800 ,,,,,,,優哉,優哉,,kotori,,6,,,,,「楽しいに決まってるだろ。
　本当なら、今すぐ服をめくってしまいたい気分だ」
182900 ,,,,,,,恋鳥,恋鳥,04kot767_015.wav,kotori,,0,,,,,「……それはダメだ」
183000 ,,,,,,,,,,kotori,,0,,,,,　ここまで許しておきながら、何たるガードの硬さ。
183100 ,,,,,,,恋鳥,恋鳥,04kot767_016.wav,kotori,,6,,,,,「でも、お風呂ぐらいなら、許してやる」
183200 ,,,,,,,,,,kotori,,6,,,,,　大胆だなおい！
183300 ,,,,,,,,,,kotori,,6,,,,,　マッハで前言撤回するわ俺。
183400 ,,,,,,,優哉,優哉,,kotori,,6,,,,,「よし、今入ろうすぐ入ろう、何ならここで脱がせてやろ――ぶはっ！　今拳骨だったな?!」
183500 ,,,,,,,恋鳥,恋鳥,04kot767_017.wav,kotori,,7,,,,,「乙女心の分からんヤツめ」
183600 ,,,,,,,優哉,優哉,,kotori,,7,,,,,「ノーブラ、ジャージの時点で説得りょくってぇ！
　痛い痛い！　すみません俺が悪かったです！」
183700 ,,,,,,,,,,kotori,,7,,,,,　なんて容赦のない女だ。
183800 ,,,,,,,,,,kotori,,7,,,,,　くそ、なんでこんなのに骨抜きなんだろう俺。
183900 ,,,,,,,,,,kotori,,7,,,,,　まぁ風呂は絶対に入るけどな。
184100 ,,<!timepass_1_long>,,,400441,,優哉,優哉,,,,,,,,,「お嬢ちゃん、お兄さんが体を綺麗にしてあげよう」
184200 ,,,,,400441,,恋鳥,恋鳥,04kot767_018.wav,,,,,,,,「ゆーや、それは素で引くぞ」
184300 ,,,,,400441,,優哉,優哉,,,,,,,,,「ちぇっ、冗談の通じないヤツめ」
184400 ,,,,,400441,,恋鳥,恋鳥,04kot767_019.wav,,,,,,,,「言いながらタオルをはがすな。
　……もっとムードに気を使え」
184500 ,,,,,400441,,,,,,,,,,,,　ムードとな。任せておけ。
184600 ,,,,,400441,,優哉,優哉,,,,,,,,,「恋鳥……、お前の生まれたままの姿をゴハッ！」
184700 ,,,,,400441,,恋鳥,恋鳥,04kot767_020.wav,,,,,,,,「テンプレート。大減点」
184800 ,,,,,400441,,優哉,優哉,,,,,,,,,「お前、今日は本当にツッコミがきついな。
　……もしかして、照れてるのか？」
184900 ,,,,,400442,,恋鳥,恋鳥,04kot767_021.wav,,,,,,,,「…………バカ」
185000 ,,,,,400442,,優哉,優哉,,,,,,,,,「うぉっ！　恋鳥っ！　お前いま超可愛かった！」
185100 ,,,,,400442,,恋鳥,恋鳥,04kot767_022.wav,,,,,,,,「……恋鳥は、いつも可愛いはずだぞ」
185200 ,,,,,400442,,優哉,優哉,,,,,,,,,「うん、それは本当にそうだな」
185300 ,,,,,400442,,恋鳥,恋鳥,04kot767_023.wav,,,,,,,,「素で返すな、バカ」
185400 ,,,,,400442,,優哉,優哉,,,,,,,,,「照れ照れだなぁ、恋鳥。
　こういう顔を知ってるのは、俺だけなんだなぁ」
185500 ,,,,,400442,,恋鳥,恋鳥,04kot767_024.wav,,,,,,,,「勝手に言っていろ――ひぅっ！　くすぐったいぞ」
185600 ,,,,,400442,,,,,,,,,,,,　まぁ素手ボディソープだからな。
185700 ,,,,,400442,,,,,,,,,,,,　合法的に体触れるっていいよなぁ。
185800 ,,,,,400442,,恋鳥,恋鳥,04kot767_025.wav,,,,,,,,「いいか優哉。こういうのは――ひゃっ！
　こういうのは、恋鳥にだけ、していいんだぞ」
185900 ,,,,,400442,,優哉,優哉,,,,,,,,,「言われなくてもだ。
　俺だって、好きなヤツ以外にするもんか」
186000 ,,,,,400443,,恋鳥,恋鳥,04kot767_026.wav,,,,,,,,「なら……許す」
186100 ,,,,,400443,,優哉,優哉,,,,,,,,,「許すって。俺、何か悪い事してるか？」
186200 ,,,,,400443,,恋鳥,恋鳥,04kot767_027.wav,,,,,,,,「むぅ。今だって、そんな所――あぅっ！」
186300 ,,,,,400443,,,,,,,,,,,,　いや、あの、普通に背中洗ってるだけですけど。
186400 ,,,,,400443,,,,,,,,,,,,　……まぁ、つい手が滑って胸とかは、否定しないけどな。
186500 ,,,,,400443,,,,,,,,,,,,　セーブしながら一緒に風呂とか、厳しいな。
186600 ,,,,,400443,,,,,,,,,,,,　このまま収まりがつきゃいいけど……。
186700 ,,,,,400443,,優哉,優哉,,,,,,,,,「なぁ、恋鳥」
186800 ,,,,,400443,,恋鳥,恋鳥,04kot767_028.wav,,,,,,,,「なんだ？」
186900 ,,,,,400443,,優哉,優哉,,,,,,,,,「俺、我慢できないかも」
187000 ,,,,,400443,,恋鳥,恋鳥,04kot767_029.wav,,,,,,,,「……バカ、上がるまで我慢しろ」
187100 ,,,,,400443,,,,,,,,,,,,　拒否はしないんだな。
187200 ,,,,,400443,,,,,,,,,,,,　あぁもう、マジで可愛いなぁコイツ。
187300 ,,,,,400443,,,,,,,,,,,,　一生大事にしよう。飛躍しすぎかもしれないけど、そう思う。
187400 ,,,,,400443,,恋鳥,恋鳥,04kot767_030.wav,,,,,,,,「ふふん」
187500 ,,,,,400443,,,,,,,,,,,,　あぁ、これもお見通しですか。
187600 ,,,,,400443,,,,,,,,,,,,　こりゃもう、勝てそうにないなぁ。
187700 ,,,,,400443,,,,,,,,,,,,　ずっと一緒に居られるなら、それもいいか。
188000 ,@768,,,,,,,,,,,,,,,,■■■恋鳥Ｈ２回目■■■
188500 ,,<!Lbegin_continue>,8,7212,400441,,優哉,優哉,,,,,,,,,「なあ……さっきからずっと俺のこと見てるけど、
　何か不満でもあるのか？」
188600 ,,,,,400441,,恋鳥,恋鳥,04kot768_001.wav,,,,,,,,「ん……別に不満はないぞ」
188700 ,,,,,400441,,優哉,優哉,,,,,,,,,「なら、もう少し楽しそうにしようぜ？
　せっかく一緒に風呂入ってるんだし……」
188800 ,,,,,400441,,恋鳥,恋鳥,04kot768_002.wav,,,,,,,,「…………」
188900 ,,,,,400441,,優哉,優哉,,,,,,,,,「そういえば風呂に入る前、熱心に何の本を読んでたん
　だ？」
189000 ,,,,,400441,,恋鳥,恋鳥,04kot768_003.wav,,,,,,,,「あれは……嫁の心得という本だ」
189100 ,,,,,400441,,優哉,優哉,,,,,,,,,「嫁の心得？　そんな本売ってるのか。
　今は色んな本があるんだなあ……」
189200 ,,,,,400441,,,,,,,,,,,,　内容はタイトルそのままだと予想されるが、恋鳥が
　それを読むようになった＜経緯＝いきさつ＞が気になる。
189300 ,,,,,400441,,,,,,,,,,,,　やはり俺のため……なんだろうか？
189400 ,,,,,400441,,恋鳥,恋鳥,04kot768_004.wav,,,,,,,,「耳寄りな情報だが、亭主の心得という本も売っていた
　ぞ」
189500 ,,,,,400441,,優哉,優哉,,,,,,,,,「へー」
189600 ,,,,,400441,,恋鳥,恋鳥,04kot768_005.wav,,,,,,,,「……興味はないのか？」
189700 ,,,,,400441,,優哉,優哉,,,,,,,,,「恋鳥を泣かせるようなことはしない。
　それが俺の心得」
189800 ,,,,,400441,,恋鳥,恋鳥,04kot768_006.wav,,,,,,,,「……恋鳥は泣かされっぱなしだ」
189900 ,,,,,400441,,優哉,優哉,,,,,,,,,「げっ、マジで？　俺、そんなに空気読めない発言とか
　連発してたかな……」
190100 ,,,,,400442,,恋鳥,恋鳥,04kot768_007.wav,,,,,,,,「…………」
190200 ,,,,,400442,,,,,,,,,,,,　と、恋鳥の目線が僅かに下を向く。
190300 ,,,,,400442,,,,,,,,,,,,　何事かと思ってその視線の先を追うと、そこにはまさ
　しく空気も読まずに反り返っている男の象徴が。
190400 ,,,,,400442,,優哉,優哉,,,,,,,,,「あ、これは違うんだって！
　別に心にやましいことがあるとかじゃなくて……」
190500 ,,,,,400442,,恋鳥,恋鳥,04kot768_008.wav,,,,,,,,「……先にカラダを洗うぞ。
　ゆーやのこともあとで洗ってやろう」
190800 ,,,,9001,,,,,,,,,,,,,　何度か俺のモノをチラ見しながら立ち上がる恋鳥。
190900 ,,,,,,,,,,,,,,,,,　それでも浴槽の湯の≪かさ≫はほとんど変わらない。
191000 ,,,,,,,,,,,,,,,,,　恋鳥の浸かっていた分の容積は、本当に小さい子供
　一人分程度しかない。
191100 ,,,,,,,優哉,優哉,,,,,,,,,「そうだ、恋鳥待った。湯船からは出なくていいよ。
　ここで洗おう。えーっと、石鹸は……」
191200 ,,,,,,,恋鳥,恋鳥,04kot768_009.wav,,,,,,,,「おーちゃくはよくないぞ。
　ここで洗ったら湯が汚れる」
191300 ,,,,,,,優哉,優哉,,,,,,,,,「いいからいいから。いっぱい泡立てれば、泡風呂みた
　いになってよさげじゃないか？」
191400 ,,,,,,,恋鳥,恋鳥,04kot768_010.wav,,,,,,,,「……ずいぶん楽しそうだな、ゆーや」
191500 ,,,,,,,優哉,優哉,,,,,,,,,「そりゃもう。
　やっぱ、お風呂は楽しく入らないとな～」
191600 ,,,,,,,,,,,,,,,,,　手に取った石鹸を目一杯に泡立て、鼻歌まじりに恋鳥
　の背後へと回る。
191700 ,,,,,,,,,,,,,,,,,　幼い体つきとはいえ、無警戒なうなじは傍で見ている
　と妙に色っぽかった。
191800 ,,,,,,,恋鳥,恋鳥,04kot768_011.wav,,,,,,,,「ん……ゆーや、どうした？
　そんな狭いところに立っ……っぁ！？」
192090 ,,<!scene_h_begin>,3,,401431,,,,,,,,,,,,
192099 ,*mem,,,,,,,,,,,,,,,,
192100 ,,,3,,401431,,恋鳥,恋鳥,04kot768_012.wav,,,,,,,,「ゆーや、恋鳥は自分で洗えるぞっ……」
192200 ,,,,,401431,,優哉,優哉,,,,,,,,,「はい、暴れない暴れない。
　きれ～に身体、洗おうな～？」
192300 ,,,,,401431,,恋鳥,恋鳥,04kot768_013.wav,,,,,,,,「ん……んっ……恋鳥を子供扱いするな。
　ゆーや……聞こえてないのか？」
192400 ,,,,,401431,,優哉,優哉,,,,,,,,,「本には書いてなかったのか？　嫁はいつもここを
　綺麗にしておかなきゃいけないって……」
192500 ,,,,,401431,,,,,,,,,,,,　浴槽の底を蹴ってつま先立ちになる恋鳥を、泡まみれ
　の手でぎゅ～っと抱きしめる。
192600 ,,,,,401431,,,,,,,,,,,,　お団子気味に結わえられた髪はほのかに甘く、爽やか
　な柑橘系の香りがする。
192700 ,,,,,401431,,,,,,,,,,,,　その甘味と酸味が混ざり合ったレモネードのような
　匂いが、いかにも恋鳥らしいな……と思ってしまう。
192800 ,,,,,401431,,優哉,優哉,,,,,,,,,「ほら、ちゃんと自分の足で立ってないとダメだぜ？」
192900 ,,,,,401431,,恋鳥,恋鳥,04kot768_014.wav,,,,,,,,「ん……恋鳥をバカにするな。自分の足でぐらい……
　んっ……ふ……んん……」
193000 ,,,,,401431,,,,,,,,,,,,　よろけながら下肢を踏ん張らせる恋鳥だったが、石鹸
　の泡を胸の先のかわいい野苺に塗りつけると、膝を折
　って崩れそうになった。
193100 ,,,,,401431,,,,,,,,,,,,　それでも太腿をぷるぷると震わせながら立ち続ける姿
　が、健気で愛おしい。
193200 ,,,,,401431,,優哉,優哉,,,,,,,,,「このぐらいでふらふらしてたら、お嫁さん失格じゃな
　いか？」
193300 ,,,,,401431,,,,,,,,,,,,　耳元で囁いてやり、指先でツンツンと野苺狩りの下準
　備を始める。
193400 ,,,,,401431,,恋鳥,恋鳥,04kot768_015.wav,,,,,,,,「ん……んんー、んんんー」
193500 ,,,,,401431,,,,,,,,,,,,　恋鳥はもどかしそうに身を＜捩＝よじ＞るが、それもシャンプー
　を怖がる幼児のようにしか見えなかった。
193600 ,,,,,401431,,優哉,優哉,,,,,,,,,「恋鳥、知ってるか？　噂ではこうやって男に胸を
　揉まれると大きくなるらしい」
193700 ,,,,,401431,,恋鳥,恋鳥,04kot768_016.wav,,,,,,,,「……そうなのか？」
193800 ,,,,,401431,,,,,,,,,,,,　暴れていた恋鳥の動きが止まる。
193900 ,,,,,401431,,優哉,優哉,,,,,,,,,「一説では、女性ホルモンの分泌が促進されるとかで
　豊胸効果があるとかないとか……」
194000 ,,,,,401431,,,,,,,,,,,,　ここだけの話、それで誰でも胸が大きくなれば、ほと
　んどの女性が秋歌さんのようになるわけで。
194100 ,,,,,401431,,,,,,,,,,,,　現実というのは残酷だ。
194200 ,,,,,401431,,恋鳥,恋鳥,04kot768_017.wav,,,,,,,,「…………」
194300 ,,,,,401431,,優哉,優哉,,,,,,,,,「もっと揉んでほしいか？」
194400 ,,,,,401431,,恋鳥,恋鳥,04kot768_018.wav,,,,,,,,「……そういうことなら揉ませてやってもいいが」
194500 ,,,,,401431,,,,,,,,,,,,　改めて泡を作り直し、肋骨の辺りからすっ……と手の
　ひらで撫で上げる。
194600 ,,,,,401431,,,,,,,,,,,,　寄せるほどの肉もなく、収穫時を迎えた野苺だけが
　唯一の女の象徴として俺の指に触れた。
194700 ,,,,,401431,,恋鳥,恋鳥,04kot768_019.wav,,,,,,,,「ん……ん……ぁ……っぁ……んん……」
194800 ,,,,,401431,,優哉,優哉,,,,,,,,,（あ～……この乳首のコリコリが気持ちよすぎる……）
194900 ,,,,,401431,,,,,,,,,,,,　先っぽを摘むたびに恋鳥は肩を震わせ、鼻から抜ける
　ような息を洩らす。
195000 ,,,,,401431,,,,,,,,,,,,　正直なところ、恋鳥を巨乳にしたいという欲求はなか
　った。
195100 ,,,,,401431,,,,,,,,,,,,　むしろ、この無乳のままでいてほしい。
195200 ,,,,,401431,,,,,,,,,,,,　無乳でスジな嫁がいい……。
195300 ,,,,,401431,,優哉,優哉,,,,,,,,,「恋鳥の方が年上だから、一応は姉さん女房ってことに
　なるんだよな」
195400 ,,,,,401431,,恋鳥,恋鳥,04kot768_020.wav,,,,,,,,「ん……そうだぞ。年上の言うことは聞くべきだ」
195500 ,,,,,401431,,優哉,優哉,,,,,,,,,「じゃあ、年下の俺を恋鳥がリードしてくれるか？」
195600 ,,,,,401431,,恋鳥,恋鳥,04kot768_021.wav,,,,,,,,「っあ……ぁっ、ぁっ、ぁっ、んっ……ん……」
195700 ,,,,,401431,,,,,,,,,,,,　軽く肩口に歯を立て、そこから首筋を経由して耳の裏
　まで舌で舐め上げる。
195800 ,,,,,401431,,,,,,,,,,,,　すると恋鳥はビクッとして身体を前に屈めるが、耳た
　ぶを甘噛みするとすぐに後ろへ反って反発してきた。
195900 ,,,,,401431,,,,,,,,,,,,　自分が恋鳥を操縦できているという充実感。
196000 ,,,,,401431,,,,,,,,,,,,　それでも表情を崩さず理性を保とうとする姿に、
　激しく加虐心をそそられた。
196100 ,,,,,401431,,優哉,優哉,,,,,,,,,「いいのか、恋鳥？　年下の俺に好き勝手されて……」
196200 ,,,,,401431,,恋鳥,恋鳥,04kot768_022.wav,,,,,,,,「……勘違いするな。
　今は泳がせてやっているだけだ」
196300 ,,,,,401431,,優哉,優哉,,,,,,,,,「へ～。んじゃ、今のうちにたくさん泳いでおこうか
　な」
196400 ,,,,,401431,,恋鳥,恋鳥,04kot768_023.wav,,,,,,,,「ぁっぁ、ぁっ、んっ、ん、ふっぁ……」
196500 ,,,,,401431,,優哉,優哉,,,,,,,,,「どうしたんだ？　かわいい声を出して……」
196600 ,,,,,401431,,,,,,,,,,,,　石鹸の泡を過剰生産した右手で、優しく恋鳥の性器を
　包んでやる。
196700 ,,,,,401431,,,,,,,,,,,,　特に細かい目標は決めず、手のひらでクチュクチュと
　泳がすようにして。
196800 ,,,,,401431,,優哉,優哉,,,,,,,,,「ほら、暴れたらダメだよ。嫁ならここもきちんと
　綺麗にしておかないと……」
196900 ,,,,,401431,,恋鳥,恋鳥,04kot768_024.wav,,,,,,,,「っぁ、ぁっ、ゅーゃっ……そのぐらい自分で……
　洗えるぞ」
197000 ,,,,,401431,,優哉,優哉,,,,,,,,,「ク○トリスもきちんと剥いて洗わないとな。
　ほら、キュッと」
197100 ,,,,,401431,,恋鳥,恋鳥,04kot768_025.wav,,,,,,,,「っん！？　んんっ！？　ゆーっ……っあ、はあっ、
　んぅぅっ！？」
197200 ,,,,,401431,,,,,,,,,,,,　何度も＜蕩＝とろ＞けそうになりながら我慢を続ける恋鳥を見て
　いたら、ついつい意地悪をしたくなってしまう。
197300 ,,,,,401431,,,,,,,,,,,,　体格的には嫁というより娘を抱いているような感覚だ
　ったが、この未成熟な身体が自分より年上だと思うと
　余計に興奮した。
197400 ,,,,,401431,,優哉,優哉,,,,,,,,,「恋鳥のアソコは小さくてかわいいな」
197500 ,,,,,401431,,,,,,,,,,,,　細い肉溝をすっ、すっ……となぞり、奥の粘膜まで
　しっかりと泡を馴染ませる。
197600 ,,,,,401431,,,,,,,,,,,,　内側にくるまった控えめな陰唇が、生意気にも指に
　吸いついてくる。
197700 ,,,,,401431,,優哉,優哉,,,,,,,,,「なあ、恋鳥。気持ちよかったらもっと声を出してい
　いんだぞ？」
197800 ,,,,,401431,,恋鳥,恋鳥,04kot768_026.wav,,,,,,,,「ん……恋鳥は我慢するぞ」
197900 ,,,,,401431,,優哉,優哉,,,,,,,,,「どうして？」
198000 ,,,,,401431,,恋鳥,恋鳥,04kot768_027.wav,,,,,,,,「……嫁は亭主の前では、はしたない声など出さない
　ものだ」
198100 ,,,,,401431,,優哉,優哉,,,,,,,,,「と、本に書いてあったのか？」
198200 ,,,,,401431,,恋鳥,恋鳥,04kot768_028.wav,,,,,,,,「うむ。それが嫁の心得だからな」
198300 ,,,,,401431,,優哉,優哉,,,,,,,,,「でも絶対、声を出した方が気持ちいいと思うんだけど
　なあ……」
198400 ,,,,,401431,,恋鳥,恋鳥,04kot768_029.wav,,,,,,,,「ん……ゆーや、恋鳥はもう綺麗になったぞ。
　今度はゆーやが……」
198500 ,,,,,401431,,優哉,優哉,,,,,,,,,「しっ！　静かに……ほら、聞こえるか？」
198600 ,,,,,401431,,,,,,,,,,,,　クチュ……ニチュ……ヌチュ……。
198700 ,,,,,401431,,恋鳥,恋鳥,04kot768_030.wav,,,,,,,,「ぁ……ん……っぁ……ぁっ……恋鳥は……何も聞こ
　えないぞ……」
198800 ,,,,,401431,,,,,,,,,,,,　わざと手の中に空気を溜めこみ、強情な恋鳥の性器を
　やわ揉みする。
198900 ,,,,,401431,,,,,,,,,,,,　そうすることで石鹸の泡立ちがよくなり、粘性の擦れ
　音が大きく響いていった。
199000 ,,,,,401431,,優哉,優哉,,,,,,,,,「いいのか、恋鳥？
　嫁がこんなに、はしたない音を出して……」
199100 ,,,,,401431,,恋鳥,恋鳥,04kot768_031.wav,,,,,,,,「っん……ん……っぅ……」
199200 ,,,,,401431,,,,,,,,,,,,　恋鳥が首を振ってそれを否定しても、肥大し始めた
　陰唇が俺の手のひらにキスをせがんでくる。
199300 ,,,,,401431,,,,,,,,,,,,　風呂場だけに濡れ音が響き、フラついた恋鳥の足が
　ちゃぷちゃぷと浴槽の湯を鳴らす。
199400 ,,,,,401431,,優哉,優哉,,,,,,,,,「恋鳥はこれが好きなんだよな……」
199500 ,,,,,401431,,恋鳥,恋鳥,04kot768_032.wav,,,,,,,,「っ、ふぁ……んっん……んっ……ぁっ……っぁ、
　んんっ……んぅぅっ……」
199600 ,,,,,401431,,,,,,,,,,,,　乳首とク○トリスを同時にこね回すと、恋鳥はエンス
　トを起こした車のようにガクガクと身体を震わせた。
199700 ,,,,,401431,,優哉,優哉,,,,,,,,,「恋鳥、気持ちいいか？」
199800 ,,,,,401431,,恋鳥,恋鳥,04kot768_033.wav,,,,,,,,「ん……気持ちよく……ないぞ……」
199900 ,,,,,401431,,優哉,優哉,,,,,,,,,「こんなにク○トリスもぷりぷりになってるのに？」
200000 ,,,,,401431,,恋鳥,恋鳥,04kot768_034.wav,,,,,,,,「っぁ、ぁっ、んんっ、んっ……ぷりぷりになど……
　なって……っん！？」
200100 ,,,,,401431,,優哉,優哉,,,,,,,,,「ほら、ぷりっぷりだ♪」
200200 ,,,,,401431,,恋鳥,恋鳥,04kot768_035.wav,,,,,,,,「んっん！？　んんっ！？　んっんん！？
　んんんぅぅっ！？」
200300 ,,,,,401431,,,,,,,,,,,,　身体だけじゃなく耳からも責め、恋鳥の理性を揺さぶ
　っていく。
200400 ,,,,,401431,,,,,,,,,,,,　それでもよほど嫁の心得とやらに影響されたのか、
　なかなか理性を崩すことができない。
200500 ,,,,,401431,,優哉,優哉,,,,,,,,,「どうしても気持ちいいとは言いたくないのか？」
200600 ,,,,,401431,,恋鳥,恋鳥,04kot768_036.wav,,,,,,,,「……恋鳥は、はしたない嫁にはならないぞ」
200700 ,,,,,401431,,優哉,優哉,,,,,,,,,「そっか……」
200800 ,,,,,401431,,,,,,,,,,,,　ここまでは予想通りの流れだった。
200900 ,,,,,401431,,,,,,,,,,,,　別に言葉で言わせなくても、いくらだって方法はある。
201000 ,,,,,401431,,,,,,,,,,,,　そのために俺は後ろから密着し、恋鳥の腰が後ろへ
　逃げられないようにスペースを埋めた。
201100 ,,,,,401431,,優哉,優哉,,,,,,,,,「よしっと。これで身体は綺麗になったかな」
201200 ,,,,,401431,,恋鳥,恋鳥,04kot768_037.wav,,,,,,,,「ん……」
201300 ,,,,,401431,,,,,,,,,,,,そうして恋鳥の緊張が緩んだ瞬間――。
201600 ,,,,,401432,,恋鳥,恋鳥,04kot768_038.wav,,,,,,,,「っあ、ゆうっ……んっん、んんっ、はあっ……
　あっ、っぁ、あぁぁっ……」
201700 ,,,,,401432,,優哉,優哉,,,,,,,,,「あー、気持ちよさそうな顔になっちゃったぁ」
201800 ,,,,,401432,,,,,,,,,,,,　ク○トリスへの刺激は続けながら、中指一本を膣内に
　挿入する。
201900 ,,,,,401432,,,,,,,,,,,,　泡の力で、にゅるっ……と第一関節まで吸いこまれ、
　そこからは粘膜の蠢きに任せた。
202000 ,,,,,401432,,優哉,優哉,,,,,,,,,「恋鳥、いいのか？
　何もしてないのに、どんどん指が奥に入って……」
202100 ,,,,,401432,,恋鳥,恋鳥,04kot768_039.wav,,,,,,,,「ん……ゆーや、指を……っぁ、ぁっ、はぁっ……
　指を抜いっ……んっん！？　んんっん！？」
202200 ,,,,,401432,,優哉,優哉,,,,,,,,,「ああ……すごい締まってる。
　俺はすぐにでも指を抜きたいのに、ほら……」
202300 ,,,,,401432,,恋鳥,恋鳥,04kot768_040.wav,,,,,,,,「っあ、っっ、んっ……ゆーやの指が……太くっ……」
202400 ,,,,,401432,,優哉,優哉,,,,,,,,,「俺の指が太くなってるんじゃなくて、恋鳥が締めつけ
　てきてるんだ」
202500 ,,,,,401432,,優哉,優哉,,,,,,,,,「恋鳥はほんと、はしたない嫁だよな……」
202600 ,,,,,401432,,恋鳥,恋鳥,04kot768_041.wav,,,,,,,,「んっ……違うぞ……恋鳥はそんな嫁では……」
202700 ,,,,,401432,,優哉,優哉,,,,,,,,,「じゃあ、どうしてそんな気持ちよさそうな顔をしてる
　んだ？」
202800 ,,,,,401432,,恋鳥,恋鳥,04kot768_042.wav,,,,,,,,「ぁっ、ぁっ、ぁっ、んっん、んっ、はあはあ、っぁ、
　ぁぁっ、ぁぁっ、ぁぁぁっ…」
202900 ,,,,,401432,,優哉,優哉,,,,,,,,,「ほらほら、どんどん奥からヌルヌルしたのが溢れて
　きてる……音も聞かせた方がいいか？」
203000 ,,,,,401432,,恋鳥,恋鳥,04kot768_043.wav,,,,,,,,「っ！？　んっん！？　んんっ！？　んっぁ！？
　ゃっぁ、ぁぁっ、んんっ、んぅぅぅっ！？」
203100 ,,,,,401432,,,,,,,,,,,,　近くでこの表情を見ているだけで幸せだった。
203200 ,,,,,401432,,,,,,,,,,,,　懸命に感じていない表情を作ろうとするが、首筋を
　吸って軽く膣肉をかき回すだけで顔の筋肉が緩みき
　ってしまう。
203300 ,,,,,401432,,,,,,,,,,,,　やはり未発達の産道では、膨張した男性器よりも指の
　方がフィットするらしい。
203400 ,,,,,401432,,優哉,優哉,,,,,,,,,「少しずつ慣れていこうな、恋鳥……」
203500 ,,,,,401432,,恋鳥,恋鳥,04kot768_044.wav,,,,,,,,「ん……恋鳥は……湯あたりしたようだ。
　頭がぼーっとしてきたぞ……」
203600 ,,,,,401432,,優哉,優哉,,,,,,,,,「何も考えなくていいよ。
　俺がずっと支えてるから……」
203700 ,,,,,401432,,,,,,,,,,,,　どさくさに紛れて反り返ったペニスを恋鳥の尻に押し
　つけても、拒絶はされなかった。
203800 ,,,,,401432,,,,,,,,,,,,　まさに夢心地。
203900 ,,,,,401432,,,,,,,,,,,,　恋鳥の小さなお尻に、泡まみれの亀頭を擦りつけてい
　るだけで射精しそうになる。
204000 ,,,,,401432,,優哉,優哉,,,,,,,,,（ダメだ……こんな顔を見せられたら、意地悪なんて
　続けられない……）
204100 ,,,,,401432,,,,,,,,,,,,　慣れない言葉責めなどをしてみたが、俺の指一本で
　＜蕩＝とろ＞けてしまっている恋鳥を見たら、ひたすら溺愛し
　たくなった。
204200 ,,,,,401432,,,,,,,,,,,,　恋鳥をもっと俺に依存させたい。
204300 ,,,,,401432,,,,,,,,,,,,　この身体が俺から離れられなくなるようにしたい。
204400 ,,,,,401432,,優哉,優哉,,,,,,,,,「きちんと＜膣内＝なか＞も綺麗にしておこうな」
204500 ,,,,,401432,,恋鳥,恋鳥,04kot768_045.wav,,,,,,,,「っぁ、んっ、ぁっ、ぁぁっ、ゅーゃっ……んっん、
　んぅぅっ、ぁぁぁぁっ……」
204600 ,,,,,401432,,,,,,,,,,,,　じっくりと粘膜の吸いつきを感じながら指をピストン
　し、膣の特徴を調べていく。
204700 ,,,,,401432,,,,,,,,,,,,　ペニスを挿れていた時はただキツいだけだったが、
　小さい膣なりにきちんと締まりの強い場所もある。
204800 ,,,,,401432,,,,,,,,,,,,　感度の方は、比較的浅い位置の方が鋭いようだ。
204900 ,,,,,401432,,優哉,優哉,,,,,,,,,「恋鳥、今日からこれも嫁の心得に追加な？
　嫁は毎日、風呂で旦那にアソコの中まで綺麗にして
　もらわなきゃいけないっていう……」
205100 ,,,,,401431,,恋鳥,恋鳥,04kot768_046.wav,,,,,,,,「ぁっ、っん、っっ……毎日、恋鳥は……ゆーやに指を
　挿れてもらうのか？」
205200 ,,,,,401431,,優哉,優哉,,,,,,,,,「ああ。そうだ、じゃあ練習してみようか？」
205300 ,,,,,401431,,優哉,優哉,,,,,,,,,「洗ってもらう時は必ず……そうだなあ。
　優哉の指で恋鳥の＜膣内＝なか＞をかき回して！　とか」
205400 ,,,,,401431,,恋鳥,恋鳥,04kot768_047.wav,,,,,,,,「……おねだりすればいいのか？」
205500 ,,,,,401431,,優哉,優哉,,,,,,,,,「そうそう、かわいくな」
205600 ,,,,,401431,,恋鳥,恋鳥,04kot768_048.wav,,,,,,,,「ん……分かった。やってみよう」
205700 ,,,,,401431,,,,,,,,,,,,　指を抜いて待っていると、恋鳥はチラッと後ろを見て
　顔をうつむかせる。
205800 ,,,,,401431,,,,,,,,,,,,　俺は俺で、目の前で露わになったうなじにキスを散ら
　していると、
205900 ,,,,,401431,,恋鳥,恋鳥,04kot768_049.wav,,,,,,,,「……ゆーやの指で、恋鳥の＜膣内＝なか＞をかき回してほしい
　ぞ」
206000 ,,,,,401431,,優哉,優哉,,,,,,,,,「…………」
206100 ,,,,,401431,,恋鳥,恋鳥,04kot768_050.wav,,,,,,,,「こんなところか？」
206200 ,,,,,401431,,優哉,優哉,,,,,,,,,「う～ん。いまいち、かわいさが足りないなあ」
206300 ,,,,,401431,,恋鳥,恋鳥,04kot768_051.wav,,,,,,,,「……せーいっぱい、かわいく言ったつもりだが」
206400 ,,,,,401431,,優哉,優哉,,,,,,,,,「じゃあ、分かった。セリフを変えてみよう。
　次は……」
206500 ,,,,,401431,,優哉,優哉,,,,,,,,,「ブーブー！　恋鳥は豚ですっ！　優哉様のメス豚で
　すっ！　メス豚の恋鳥に厳しい＜躾＝しつけ＞をしてください！」
206600 ,,,,,401431,,恋鳥,恋鳥,04kot768_052.wav,,,,,,,,「……それはイヤだぞ」
206700 ,,,,,401431,,優哉,優哉,,,,,,,,,「Ｂｏｏ！　Ｂｏｏｏｏｏ！」
206800 ,,,,,401431,,恋鳥,恋鳥,04kot768_053.wav,,,,,,,,「ブーイングしたいのは恋鳥の方だ」
206900 ,,,,,401431,,優哉,優哉,,,,,,,,,「まあ、さすがに冗談だけどさ。
　こんなの全然、愛がないし……」
207000 ,,,,,401431,,恋鳥,恋鳥,04kot768_054.wav,,,,,,,,「…………」
207100 ,,,,,401431,,優哉,優哉,,,,,,,,,「ん～、他に何かいいセリフは……」
207200 ,,,,,401431,,恋鳥,恋鳥,04kot768_055.wav,,,,,,,,「……恋鳥は豚です。ゆーや様のメス豚です。
　メス豚の恋鳥に厳しい躾をしてください……ぶー」
207300 ,,,,,401431,,優哉,優哉,,,,,,,,,「こ、恋鳥……」
207400 ,,,,,401431,,恋鳥,恋鳥,04kot768_056.wav,,,,,,,,「さいごのぶーは、ブーイングだぞ」
207500 ,,,,,401431,,,,,,,,,,,,　照れ臭そうに目を逸らす恋鳥を見ていたら、居ても
　立っても居られない気分になった。
207600 ,,,,,401431,,,,,,,,,,,,　放したくない。
207700 ,,,,,401431,,,,,,,,,,,,　もう絶対、恋鳥を放したくない。
207900 ,,,,,401432,,恋鳥,恋鳥,04kot768_057.wav,,,,,,,,「っぁ、ぁぁっ、ゆーやっ……んっ、んっん、んんっ、
　んぅぅっ、んんんっ！？」
208000 ,,,,,401432,,,,,,,,,,,,　再び指を挿入し、手首をひねりながら恋鳥の粘膜を
　かき分けてやる。
208100 ,,,,,401432,,,,,,,,,,,,　奥は相変わらずの狭さだったが、微妙に膣肉がほぐれ
　てきているような感じがした。
208200 ,,,,,401432,,,,,,,,,,,,　まるで主人である恋鳥の表情に触発されたかのように。
208300 ,,,,,401432,,,,,,,,,,,,　痛いだけだった締めつけが、今は包んで扱くような
　うねりに変わっていた。
208400 ,,,,,401432,,優哉,優哉,,,,,,,,,「……ここか？」
208500 ,,,,,401432,,恋鳥,恋鳥,04kot768_058.wav,,,,,,,,「ぁぁっ、ぁぁぁっ、んんっ、んぅぅっ！？」
208600 ,,,,,401432,,,,,,,,,,,,　位置的にはちょうど、膀胱の裏側辺りだろうか？
208700 ,,,,,401432,,,,,,,,,,,,　膣内で指を曲げてそのスポットを刺激すると、恋鳥は
　小さく跳ねて腰を後ろへ逃がそうとした。
208800 ,,,,,401432,,,,,,,,,,,,　その拍子に、ヘソまで反り返っていたペニスが恋鳥の
　＜臀裂＝でんれつ＞にすっぽりと収まる。
208900 ,,,,,401432,,,,,,,,,,,,　このまま挿入したい気持ちを抑えて、逃げてきた腰を
　押し返してやる。
209000 ,,,,,401432,,優哉,優哉,,,,,,,,,「せっかく洗ったのに、汗かいてきちゃったな……」
209100 ,,,,,401432,,,,,,,,,,,,　首筋に浮かんだ汗を吸い、改めて恋鳥を抱き直した。
209200 ,,,,,401432,,,,,,,,,,,,　恋鳥特有のミルク臭。
209300 ,,,,,401432,,,,,,,,,,,,　人の肉肌にはそれぞれ独特の匂いがあるが、恋鳥の
　粉ミルクのような匂いは病みつきになりそうだった。
209400 ,,,,,401432,,,,,,,,,,,,　これをフェロモンと呼ぶにはあまりにかわいすぎる。
209500 ,,,,,401432,,恋鳥,恋鳥,04kot768_059.wav,,,,,,,,「んっ、んっ、っぁ、ぁぁっ、ゆーや……恋鳥を……
　綺麗に……んっん！？　ふっぁ、ぁっぁ、ぁぁっ、
　ぁぁぁっ……」
209600 ,,,,,401432,,優哉,優哉,,,,,,,,,「こうやってクチュクチュか？」
209700 ,,,,,401432,,恋鳥,恋鳥,04kot768_060.wav,,,,,,,,「はあはあ……ゆーや……くちゅくちゅ……ぁっ、
　ぁっ、くちゅくちゅぅぅ……」
209800 ,,,,,401432,,優哉,優哉,,,,,,,,,「はあはあ……恋鳥、お嫁さんになるのって気持ちい
　いだろ？」
209900 ,,,,,401432,,恋鳥,恋鳥,04kot768_061.wav,,,,,,,,「っぁ……お嫁さん……気持ひ……んくっ、んっ、
　ぁっ、ゆーやのお嫁さ……きもひいぃ……」
210000 ,,,,,401432,,恋鳥,恋鳥,04kot768_062.wav,,,,,,,,「ゅーゃ……ゅーゃ……くちゅくちゅぅ……くちゅ
　くちゅぅぅぅ」
210100 ,,,,,401432,,,,,,,,,,,,　催促に応えてわざと擦れ音を鳴らし、突発的な恋鳥の
　痙攣を密着姿勢で愉しんだ。
210200 ,,,,,401432,,,,,,,,,,,,　速まる呼吸。上擦っていく声。
210300 ,,,,,401432,,,,,,,,,,,,　汗をかいた頬や額に髪の毛がへばりつき、表情をより
　扇情的に見せている。
210400 ,,,,,401432,,優哉,優哉,,,,,,,,,「今日から毎日だからな？
　毎日こうやって恋鳥のことっ……」
210500 ,,,,,401432,,恋鳥,恋鳥,04kot768_063.wav,,,,,,,,「っあ、あっ、あっ、あっ、ああっ、ゆーやっ……
　毎日……くちゅくちゅぅ？」
210600 ,,,,,401432,,優哉,優哉,,,,,,,,,「ああ。毎日、クチュクチュだ」
210700 ,,,,,401432,,恋鳥,恋鳥,04kot768_064.wav,,,,,,,,「はあはあ、ゆーや……ゆーや……ゆーやぁ……」
210800 ,,,,,401432,,恋鳥,恋鳥,04kot768_065.wav,,,,,,,,「はあぁぁっ……ああっ、ああっ、ああっ、ゆーやの
　くちゅくちゅ……すご……い……あぁぁっ……」
211000 ,,<!ef_shasei>,,,401433,,恋鳥,恋鳥,04kot768_066.wav,,,,,,,,「っあ、あっ、あっ、ああっ、ゆーやっ……ゆーっ！？
　んぅぅっ！？　んんんっ！？　んんんっん！？
　んぅぅぅっ！？」
211100 ,,,,,401433,,恋鳥,恋鳥,04kot768_067.wav,,,,,,,,「あっあ、ああっ、ああああっ、ああああーっ！？」
211200 ,,,,,401433,,,,,,,,,,,,　次の瞬間、恋鳥は膝から下をハの字にし、全身の
　筋肉を収縮させていった。
211300 ,,,,,401433,,,,,,,,,,,,　膣内も狂ったように狭窄し、奥に溜まっていた愛液が
　噴き出してくる。
211400 ,,,,,401433,,,,,,,,,,,,　そのうちに段々と痙攣の感覚が延びていき、最後は
　完全に脱力して俺に身を預けてきた。
211500 ,,,,,401433,,優哉,優哉,,,,,,,,,「ん？」
211600 ,,,,,401433,,,,,,,,,,,,　しばらくして落ち着いたかと思うと、いきなりまた
　恋鳥の身体がぶるるっと震え出す。
211700 ,,,,,401433,,,,,,,,,,,,　最初は二次的な絶頂かと思っていたが、
211900 ,,<!ef_shasei_l>,,,401434,,,,,,,,,,,,　ぴゅるっ、ぴゅっ、ぴゅるるるっ！
212000 ,,,,,401434,,優哉,優哉,,,,,,,,,「え……ちょっ！？」
212100 ,,,,,401434,,,,,,,,,,,,　突然、指の隙間から溢れ出した黄金色の液体。
212200 ,,,,,401434,,,,,,,,,,,,　よほど緊張が緩んで安心したのか、恋鳥は自分の意思
　と関係なく小水を漏らしてしまっていた。
212300 ,,,,,401434,,恋鳥,恋鳥,04kot768_068.wav,,,,,,,,「っあ、ああっ、ゆーやっ……おしっっっ……」
212400 ,,,,,401434,,優哉,優哉,,,,,,,,,「いいよ、全部しちゃいな？」
212500 ,,,,,401434,,恋鳥,恋鳥,04kot768_069.wav,,,,,,,,「あぁっ、あぁぁっ、ゆーっ……っあ、ああぁぁっ、
　しっこ……しっこぉっ……」
212600 ,,,,,401434,,,,,,,,,,,,　生温かい恋鳥の尿を手のひらで受け止めながら、何度
　も頬や首筋に唇を重ねる。
212700 ,,,,,401434,,,,,,,,,,,,　恋鳥は必死にお漏らしを止めようとしていたが、一度
　奔流となったそれを中断することはできなかった。
212800 ,,,,,401434,,,,,,,,,,,,　思春期の少女には残酷すぎる排尿音。
212900 ,,,,,401434,,,,,,,,,,,,　浴槽の湯にじょろじょろと注がれ、入浴剤のように
　その色を広げていく。
213000 ,,,,,401434,,,,,,,,,,,,　小学校の頃、尿検査で女子のおしっこの色に興奮した
　ものだが、恋鳥のも見事な薄麦茶色だった。
213100 ,,,,,401434,,恋鳥,恋鳥,04kot768_070.wav,,,,,,,,「あっぁ、あぁっ、ふっぅ、んんっ、んっぅぅっ……」
213200 ,,,,,401434,,,,,,,,,,,,　次第に勢いを失った尿は、湯の切れたポットのように
　途切れ途切れの流れになる。
213300 ,,,,,401434,,,,,,,,,,,,　恋鳥でもおしっこをするんだな……と変なところで
　感動を覚えた。
213400 ,,,,,401434,,,,,,,,,,,,　さすがに恋鳥も恥ずかしかったのか、完全に言葉を
　失ってしまっている。
213600 ,,,,,401433,,優哉,優哉,,,,,,,,,「恋鳥、今度は俺のを綺麗にしてくれるか？」
213700 ,,,,,401433,,恋鳥,恋鳥,04kot768_071.wav,,,,,,,,「ん……ゆーやのを？」
213800 ,,,,,401433,,優哉,優哉,,,,,,,,,「ああ。ほら、こっちに……」
214100 ,,,,,,,,,,,,,,,,,　お風呂マットを布団代わりにし、先にその上で横に
　なった。
214200 ,,,,,,,,,,,,,,,,,　すると恋鳥は、男を知らない少女のように頬を赤ら
　め、小さく頷く。
214300 ,,,,,,,恋鳥,恋鳥,04kot768_072.wav,,,,,,,,「ゆーや、恋鳥もそっちを向く」
214400 ,,,,,,,優哉,優哉,,,,,,,,,「いいよ、このまま挿れるから」
214500 ,,,,,,,恋鳥,恋鳥,04kot768_073.wav,,,,,,,,「……挿れる？　身体を洗うのではないのか？」
214600 ,,,,,,,,,,,,,,,,,　経験の少ない恋鳥には、向かい合ってする正常位以外
　の体位は考えられないようだった。
214700 ,,,,,,,,,,,,,,,,,　そんな恋鳥の太腿を抱え、ペニスの先を奔らせる。
215000 ,,,,,401441,,恋鳥,恋鳥,04kot768_074.wav,,,,,,,,「んっ、ゆーやっ……んっん！？　んぅぅぅっ！？」
215100 ,,,,,401441,,,,,,,,,,,,　小さな女性器をこじ開け、何度も繰り返し腰を押しこ
　む。
215200 ,,,,,401441,,,,,,,,,,,,　狭く、奥行きもない恋鳥の産道。
215300 ,,,,,401441,,,,,,,,,,,,　すぐに俺のモノでいっぱいになり、頬ずりした背肉が
　緊張していった。
215400 ,,,,,401441,,恋鳥,恋鳥,04kot768_075.wav,,,,,,,,「ゆーや、恋鳥はこんなのイヤだぞ。
　足を閉じっ、んっん！？　っあ、んんんーっ！？」
215500 ,,,,,401441,,,,,,,,,,,,　かまわず抽送を開始すると、恋鳥は防衛本能からか、
　身体をひねってうつ伏せになろうとする。
215600 ,,,,,401441,,,,,,,,,,,,　普段は冷静な恋鳥が、この時ばかりは慌てた様子を
　見せてかわいかった。
215700 ,,,,,401441,,優哉,優哉,,,,,,,,,「あぁぁ……キツくて気持ちいい……」
215800 ,,,,,401441,,恋鳥,恋鳥,04kot768_076.wav,,,,,,,,「ん……これでゆーやのカラダは綺麗になるのか？」
215900 ,,,,,401441,,優哉,優哉,,,,,,,,,「ああ。恋鳥のお腹の中で洗ってもらってる。
　綺麗になると大きくなるんだ、俺のは……」
216000 ,,,,,401441,,恋鳥,恋鳥,04kot768_077.wav,,,,,,,,「……でも恋鳥は相当、恥ずかしい格好だぞ」
216100 ,,,,,401441,,優哉,優哉,,,,,,,,,「まったく、はしたない嫁だな」
216200 ,,,,,401441,,恋鳥,恋鳥,04kot768_078.wav,,,,,,,,「はしたないのはゆーやの方だ。
　恋鳥にこんな格好をさせて……」
216300 ,,,,,401441,,優哉,優哉,,,,,,,,,「ははっ、ワンちゃんがおしっこする時のポーズみたい
　だぞ？」
216400 ,,,,,401441,,恋鳥,恋鳥,04kot768_079.wav,,,,,,,,「んっ、ん……恋鳥はワンちゃんじゃ……あっぁ、
　あぁっ、んっん、んぅぅっ……」
216500 ,,,,,401441,,,,,,,,,,,,　閉じかけた太腿を抱え直し、恋鳥の子宮をけん玉の
　木球に見立てて突き続ける。
216600 ,,,,,401441,,,,,,,,,,,,　すると先ほどの残りか、ぴゅっぴゅっと小水がほとば
　しり、恋鳥は頬を赤らめた。
216700 ,,,,,401441,,優哉,優哉,,,,,,,,,「あー、恋鳥のはほんと狭くて気持ちいい……」
216800 ,,,,,401441,,恋鳥,恋鳥,04kot768_080.wav,,,,,,,,「っぅ、んんっ、ふっぅ、ゆーやのは……おっきっ……
　おっきっ、んっぅ、ぁぁっ、ぁっぅ、んっん……」
216900 ,,,,,401441,,優哉,優哉,,,,,,,,,「おっきいのでワンワンされるのがいいのか？」
217000 ,,,,,401441,,恋鳥,恋鳥,04kot768_081.wav,,,,,,,,「はぁっ、んっぅ、ワンワン……ゆーやので……ワン
　ワンっ……んっん、ふっ、んぅぅっ、んんっん！？」
217100 ,,,,,401441,,,,,,,,,,,,　膣奥までしっかりと肉の楔を打ちこみ、亀頭の先で
　子宮を押し上げてやる。
217200 ,,,,,401441,,,,,,,,,,,,　激しく突けば突くほど恋鳥は従順になり、濃厚な蜜汁
　を溢れさせてくる。
217300 ,,,,,401441,,優哉,優哉,,,,,,,,,「恋鳥、見えるか？
　こんなに赤ちゃんの通り道がトロトロになって……」
217400 ,,,,,401441,,恋鳥,恋鳥,04kot768_082.wav,,,,,,,,「んぅっ、ぁあっ、んっぅ、赤ちゃ……ゆーやっ……
　赤っ、んっん！？　あっ、っう、ふぁっ……」
217500 ,,,,,401441,,,,,,,,,,,,　その喘ぎ声さえぎこちなく、幼い体型と表情を見てい
　ると妙な罪悪感に苛まれた。
217600 ,,,,,401441,,,,,,,,,,,,　カリでかき出された膣汁は白く濁り、精液の残りカス
　のようにサオへ付着していく。
217700 ,,,,,401441,,,,,,,,,,,,　糸を引いたそれを見せつけると、恋鳥は慌てて結合部
　を手で覆い隠そうとした。
217800 ,,,,,401441,,,,,,,,,,,,　それを途中で掴み、軽く笑いながら耳たぶを甘噛みし
　てやる。
217900 ,,,,,401441,,優哉,優哉,,,,,,,,,「ちゃんと見てないとダメだからな……？」
218000 ,,,,,401441,,,,,,,,,,,,　続けて耳殻に舌を這わせると、恋鳥はバンザイをして
　その場に蕩けていった。
218100 ,,,,,401441,,,,,,,,,,,,　熱い鉄板の上に置かれたバターのようになり、そんな
　恋鳥の目の前で白濁を強めた膣汁が泡立っていく。
218200 ,,,,,401441,,,,,,,,,,,,　大小の気泡が幼い陰唇を装飾し、子作りの儀式の卑猥
　さを際立たせていた。
218300 ,,,,,401441,,恋鳥,恋鳥,04kot768_083.wav,,,,,,,,「ゆーや……恋鳥は淫らな嫁なのか？」
218400 ,,,,,401441,,優哉,優哉,,,,,,,,,「嫁は亭主の前でなら淫らになっていいんだよ」
218500 ,,,,,401441,,恋鳥,恋鳥,04kot768_084.wav,,,,,,,,「んっぅ、それでも恋鳥は……ゆーやの前では……
　っふ、んっん、っあ、あっ、ゆーやのっ……前で
　はっ……」
218600 ,,,,,401441,,,,,,,,,,,,　貞淑な嫁でありたかったんだろうか？
218700 ,,,,,401441,,,,,,,,,,,,　自分の秘処から男性器が出入りする様子を見つめなが
　ら、恋鳥は何度も頭を横に振っていた。
218800 ,,,,,401441,,,,,,,,,,,,　生卵を溶くようにして膣内をかき回すと、ますます
　泡立ちのよくなった膣汁が溢れ出してくる。
218900 ,,,,,401441,,,,,,,,,,,,　それがちょうど卵白のように粘り、亀頭へと絡みつい
　てくる。
219000 ,,,,,401441,,優哉,優哉,,,,,,,,,（意外と恋鳥って濡れやすいのかな……）
219100 ,,,,,401441,,,,,,,,,,,,　かき出してもかき出しても止まらない愛液を見ていた
　ら、恋鳥の理性をドロドロに溶かしたくなった。
219200 ,,,,,401441,,,,,,,,,,,,　葛城恋鳥を発情させてみたい。
219300 ,,,,,401441,,,,,,,,,,,,　俺とセックスすることしか考えられないようにしてみ
　たい。
219400 ,,,,,401441,,恋鳥,恋鳥,04kot768_085.wav,,,,,,,,「んっ、っぅ、ゆーや……恋鳥はもうこの格好はイヤだ
　ぞ……ゆーやと向かい合ってが……んっぅ！？」
219500 ,,,,,401441,,,,,,,,,,,,　背骨の溝に舌を這わせ、そのままうなじまで闊歩す
　る。
219600 ,,,,,401441,,,,,,,,,,,,　恋鳥はびくんっと初々しく肩を震わせ、俺の方に背を
　反らしてくる。
219700 ,,,,,401441,,優哉,優哉,,,,,,,,,「そんなにこの格好がイヤか？」
219800 ,,,,,401441,,恋鳥,恋鳥,04kot768_086.wav,,,,,,,,「あっ、あっぅ、んんっ、あっあ、ああっ、ゆーっ、
　んっん！？　んぅぅっ！？　んっんん！？」
219900 ,,,,,401441,,,,,,,,,,,,　今度は脇腹から舌を奔らせ、胸の微妙な膨らみに寄り
　道してから腋壺を舐め回した。
220000 ,,,,,401441,,,,,,,,,,,,　体毛の処理など全く必要がない、無防備な腋の窪み。
220100 ,,,,,401441,,,,,,,,,,,,　唇に吸いつく肉肌の感触が、さすがは十代の肌だと
　思わせる。
220200 ,,,,,401441,,,,,,,,,,,,　一方で野蛮な腰使いを続けていると、恋鳥は瞳をゆら
　ゆらさせてかわいく啼き始めた。
220300 ,,,,,401441,,恋鳥,恋鳥,04kot768_087.wav,,,,,,,,「あっ、あっ、ふっぁ、あっ、あっ、あっ、ゆぅやぁ、
　ゆぅっ、ぁぁっ、ぁぁっ、ぁぁっ、ぁぁぁっ……」
220400 ,,,,,401441,,優哉,優哉,,,,,,,,,（……恋鳥がアホな子の顔になってる）
220500 ,,,,,401441,,,,,,,,,,,,　決して楽な体勢ではないものの、男がほぼ一方的に
　仕掛けられるこの体位は独占欲を大いに満たしてく
　れる。
220600 ,,,,,401441,,優哉,優哉,,,,,,,,,「恋鳥は後ろからこうやって突くと何もできなくなっ
　ちゃうんだな……」
220700 ,,,,,401441,,,,,,,,,,,,　散々に腋壺を犯して耳元で囁き、迂闊な唇を奪った。
220800 ,,,,,401441,,,,,,,,,,,,　すると恋鳥は瞳に涙を溜め、無言で口をぱくぱくと
　動かす。
220900 ,,,,,401441,,,,,,,,,,,,　整った顔立ちが快楽で歪むと、嫌でもペニスの勢いが
　増した。
221000 ,,,,,401441,,優哉,優哉,,,,,,,,,（ほんと、恋鳥がこんな顔をするなんて誰も思わない
　だろうな……）
221100 ,,,,,401441,,,,,,,,,,,,　学校の成績は、体育以外は常にトップクラス。
221200 ,,,,,401441,,,,,,,,,,,,　そんな『勉強のできる女の子』が、俺とのセックスで
　バカになっていく姿が堪らなく興奮した。
221300 ,,,,,401441,,,,,,,,,,,,　恋鳥の体温は俺よりもずっと低い。
221400 ,,,,,401441,,,,,,,,,,,,　普段、手を握るとその冷たさに驚くこともあったし、
　今も触れ合った俺の肌から体温を奪っていっている。
221500 ,,,,,401441,,,,,,,,,,,,　なのに膣内は＜滾＝たぎ＞るように熱く、貪欲に男の生殖器を
　貪ってきていた。
221600 ,,,,,401441,,恋鳥,恋鳥,04kot768_088.wav,,,,,,,,「はあはあ、恋鳥は……ゆーやに何もしてやれないの
　か？」
221700 ,,,,,401441,,優哉,優哉,,,,,,,,,「充分、頑張ってくれてるよ。
　ほら、俺のこんなに綺麗になってるだろ？」
221800 ,,,,,401441,,,,,,,,,,,,　結合を解いて反り返ったペニスを見せつけると、恋鳥
　はその≪惨状≫から目を逸らした。
221900 ,,,,,401441,,恋鳥,恋鳥,04kot768_089.wav,,,,,,,,「全然……綺麗になっていないぞ。
　白く……ドロドロになって……」
222000 ,,,,,401441,,,,,,,,,,,,　亀頭は白濁した膣汁で染まり、練乳をぶっかけた苺の
　ようになっていた。
222100 ,,,,,401441,,,,,,,,,,,,　それは尿道口にまで染みこみ、＜噎＝む＞せるような性臭を
　漂わせてくる。
222200 ,,,,,401441,,優哉,優哉,,,,,,,,,「これは汚れじゃないって。牛乳石鹸って知ってるだ
　ろ？」
222300 ,,,,,401441,,優哉,優哉,,,,,,,,,「それが恋鳥の＜膣内＝なか＞からいっぱい溢れてきてるんだ」
222400 ,,,,,401441,,恋鳥,恋鳥,04kot768_090.wav,,,,,,,,「牛乳……石鹸？」
222500 ,,,,,401441,,優哉,優哉,,,,,,,,,「ああ。だからこのヌルヌルをいっぱい俺のに塗って、
　こうやって……」
222600 ,,,,,401441,,恋鳥,恋鳥,04kot768_091.wav,,,,,,,,「んっぅ！？　んんっ、あぁっ、ゆーやっ……また入っ
　てっ……んっ、んっん、んぅぅっ、んんっん！？」
222700 ,,,,,401441,,優哉,優哉,,,,,,,,,「はあはあ、恋鳥の牛乳石鹸は泡立ちもいいっ」
222800 ,,,,,401441,,恋鳥,恋鳥,04kot768_092.wav,,,,,,,,「ゆーやっ、かき回すのは……かき回すのは……
　んっぅ、っあ、あぁっ、ああっ、あああっ！？」
222900 ,,,,,401441,,,,,,,,,,,,　ぐちゅぐちゅと卑猥な濡れ音を洩らし、恋鳥は四肢を
　痙攣させながら性の暴力を受け入れる。
223000 ,,,,,401441,,,,,,,,,,,,　いかにも形成されたばかりといったヒダ肉が絡みつ
　き、亀頭を優しく揉み洗いしてくれる。
223100 ,,,,,401441,,優哉,優哉,,,,,,,,,（きっとこれから先、どんどんヒダも増えてエロい具合
　になっていくんだろうな……）
223200 ,,,,,401441,,,,,,,,,,,,　処女を失ったとはいえ、恋鳥の膣はまだ発育途中。
223300 ,,,,,401441,,,,,,,,,,,,　その少女から女に成長していく過程を、俺は自らの
　生殖器で味わうことになる。
223400 ,,,,,401441,,,,,,,,,,,,　抱けば抱くほど気持ちよくなっていくこの身体は、
　まさに麻薬そのものだった。
223500 ,,,,,401441,,恋鳥,恋鳥,04kot768_093.wav,,,,,,,,「はあはあ、ゆーや……石鹸は……恋鳥だけなのか？」
223600 ,,,,,401441,,優哉,優哉,,,,,,,,,「ん？」
223700 ,,,,,401441,,恋鳥,恋鳥,04kot768_094.wav,,,,,,,,「ゆーやは牛乳石鹸……」
223800 ,,,,,401441,,優哉,優哉,,,,,,,,,「あー、俺も出るよ。でも恋鳥と違って俺は淫乱じゃ
　ないから、すぐには出ないんだ」
223900 ,,,,,401441,,恋鳥,恋鳥,04kot768_095.wav,,,,,,,,「ん……恋鳥は淫乱じゃ……あっぅ、んっん、んっぅ、
　んんっ、んんっ、あぁっ、ああっ、あああっ……」
224000 ,,,,,401441,,優哉,優哉,,,,,,,,,「ほら、またいっぱい牛乳石鹸が溢れてきた……ダメだ
　なあ、淫乱な嫁は……」
224100 ,,,,,401441,,恋鳥,恋鳥,04kot768_096.wav,,,,,,,,「っ、っ……違う……恋鳥は淫乱な嫁では……」
224300 ,,,,,401441,,恋鳥,恋鳥,04kot768_097.wav,,,,,,,,「あっあ、ああっ、あああっ、んぅぅぅっ、んっんん、
　ふっぅ、んんんーーっ！？」
224500 ,,,,,401441,,,,,,,,,,,,　ちゅっ、ちゅっぱ、ぢゅぅっ、ぢゅるるっ、ぢゅっ、
　ぢゅっぱ、ちゅぅぅぅっ
224600 ,,,,,401441,,,,,,,,,,,,　話の途中で胸のおしゃぶりに吸いつくと、恋鳥は俺の
　頭を腋に挟みながら暴れ始めた。
224700 ,,,,,401441,,,,,,,,,,,,　切なく張りつめた乳首を口の中で舐め転がし、言い訳
　ができないほど膣汁をかき出してやる。
224800 ,,,,,401441,,恋鳥,恋鳥,04kot768_098.wav,,,,,,,,「んっぅ、んんっ、んっん、んぅぅぅぅっ……」
224900 ,,,,,401441,,,,,,,,,,,,　かわいく震える喉元へ軽く歯を立て、恋鳥の呼吸を
　奪いにいく。
225000 ,,,,,401441,,恋鳥,恋鳥,04kot768_099.wav,,,,,,,,「はあっ、ゆーやっ……恋鳥は……ことり……は……
　んっん！？　んんっん！？」
225100 ,,,,,401441,,恋鳥,恋鳥,04kot768_100.wav,,,,,,,,「ぢゅっ…んっん！？　んぅぅっ！？　んっんん！？
　ぢゅぅっ、ぢゅっ、んっん、ぢゅぅぅっ…」
225200 ,,,,,401441,,,,,,,,,,,,　唇を吸ってなおもかき回すと、恋鳥は首から上を真っ
　赤にしてマットに身体を張りつかせた。
225300 ,,,,,401441,,,,,,,,,,,,　かまわず膣奥へ粘着すると、焦点を失っていた瞳が
　激しく上下に揺れる。
225400 ,,,,,401441,,,,,,,,,,,,　下腹部がビクビクと波打ち、それまで涼しい顔をして
　いた全身の毛穴が一気に開き出す。
225500 ,,,,,401441,,恋鳥,恋鳥,04kot768_101.wav,,,,,,,,「あっ、あっ、ああっ、ゆーやっ……奥はっ……
　んっん！？　あっあ、ああっ、あああーっ！？」
225600 ,,,,,401441,,,,,,,,,,,,　最奥にある赤ん坊の搬出口へ亀頭を擦りつけると、
　恋鳥は半泣きの表情で落涙し始める。
225700 ,,,,,401441,,,,,,,,,,,,　それをキスで拾いつつ、パツパツと音を鳴らして小さ
　な桃尻を突き上げた。
225800 ,,,,,401441,,優哉,優哉,,,,,,,,,（ヤバい。子宮口のコリコリが癖になりそうだ……）
225900 ,,,,,401441,,,,,,,,,,,,　痛がるかとも思ったが、恋鳥は俺がそこを突くたびに
　満たされた表情を浮かべた。
226000 ,,,,,401441,,,,,,,,,,,,　体温の低かった肌が汗ばんでくると、甘いミルク臭が
　漂ってくる。
226100 ,,,,,401441,,,,,,,,,,,,　無乳で、ミルクの匂いがして、子宮口を突くと喜ぶ
　嫁。
226200 ,,,,,401441,,,,,,,,,,,,　こんな無茶な設定の嫁を手放せるわけがなかった。
226300 ,,,,,401441,,優哉,優哉,,,,,,,,,「はあはあ……恋鳥、ちゅーしよ？」
226400 ,,,,,401441,,恋鳥,恋鳥,04kot768_102.wav,,,,,,,,「んっん、ちゅっ、ちゅぅっ……ぢゅっ……んっ、
　ぢゅぅっ、ちゅっ、ちゅぅぅっ……」
226500 ,,,,,401441,,優哉,優哉,,,,,,,,,（あ～～～締まる締まる……）
226600 ,,,,,401441,,,,,,,,,,,,　舌が絡み合った瞬間に恋鳥の太腿を抱え、ぐりぐりと
　腰を回す。
226700 ,,,,,401441,,,,,,,,,,,,　途中で気持ちよくなったのか、恋鳥はビクッと震えて
　キスを中断させる。
226800 ,,,,,401441,,恋鳥,恋鳥,04kot768_103.wav,,,,,,,,「ん……ちゅっ……ぴちゃぴちゃぴちゅ、ちゅっ、
　ちゅっ、ぴちゅぴちゃぴちゃ……」
226900 ,,,,,401441,,,,,,,,,,,,　逃げ遅れた舌を追撃すると、恋鳥もぎこちない動きで
　応えてきた。
227000 ,,,,,401441,,,,,,,,,,,,　お互いに舌だけを突き出し、柔らかな粘膜の感触を
　確かめ合って。
227100 ,,,,,401441,,優哉,優哉,,,,,,,,,（しかし、勉強もできて大概のことはソツなくこなす
　タイプなのに……）
227200 ,,,,,401441,,恋鳥,恋鳥,04kot768_104.wav,,,,,,,,「んう゛っ！？　んん゛ーっ！？　ぢゅっ、んっん、
　ぢゅぅっ、んう゛ーっ！？　んんん゛ーっ！？」
227300 ,,,,,401441,,優哉,優哉,,,,,,,,,（キスとか、エッチの時の腰使いは全然上達しないん
　だよな……）
227400 ,,,,,401441,,,,,,,,,,,,　恋鳥は少しこちらが本気で舌を使うと、すぐにぼ～っ
　と放心してしまう。
227500 ,,,,,401441,,,,,,,,,,,,　そのくたっとなった様子がかわいくて、無防備に開か
　れた唇を狂ったように吸ってしまう。
227600 ,,,,,401441,,恋鳥,恋鳥,04kot768_105.wav,,,,,,,,「はあはあ、ゆーや……ゆーや、待っ……んっん！？
　ぢゅっ、ぢゅぅっ、んっ、ぢゅぅぅっ、ぢゅっ……」
227700 ,,,,,401441,,,,,,,,,,,,　鼻孔に充満する甘い匂いに、俺の方も頭がクラクラし
　た。
227800 ,,,,,401441,,,,,,,,,,,,　汗ばんだ腋壺に頬ずりすると、しっとりと濡れた肌が
　吸いついてくる。
227900 ,,,,,401441,,,,,,,,,,,,　言い訳ができないほど乱れ、恋鳥はごく自然に俺の
　耳元で呟いた。
228000 ,,,,,401441,,恋鳥,恋鳥,04kot768_106.wav,,,,,,,,「ゆーや……気持ちいい……」
228100 ,,,,,401441,,優哉,優哉,,,,,,,,,「ああ。俺も気持ちいい」
228200 ,,,,,401441,,,,,,,,,,,,　あの恋鳥が、ぎこちないながらも自分から腰を動かし
　始めている。
228300 ,,,,,401441,,,,,,,,,,,,　それから背後にいた俺の方を振り返り、甘い吐息まじ
　りに言葉が続けられた。
228400 ,,,,,401441,,恋鳥,恋鳥,04kot768_107.wav,,,,,,,,「はあっ……恋鳥なりに色々と考えてみたが……」
228500 ,,,,,401441,,優哉,優哉,,,,,,,,,「ん……考えてみた？」
228600 ,,,,,401441,,,,,,,,,,,,　頷いた恋鳥は、俺の頭を撫でながら下唇を噛みしめ
　る。
228700 ,,,,,401441,,優哉,優哉,,,,,,,,,「恋鳥……？」
228800 ,,,,,401441,,恋鳥,恋鳥,04kot768_108.wav,,,,,,,,「っ……んんっ、んんんーっ！　んっんん！
　んんんっ！　んぅぅぅぅっ！！」
228900 ,,,,,401441,,優哉,優哉,,,,,,,,,「うっあ、恋鳥っ！？　何をっ……」
229000 ,,,,,401441,,,,,,,,,,,,　突然、ペニスに奔る圧痛。
229100 ,,,,,401441,,,,,,,,,,,,　恋鳥は俺が抱えていた太腿を勢いよく閉じ、腿肉で
　サオを挟みこんできていた。
229200 ,,,,,401441,,,,,,,,,,,,　抽送もかき回すこともできず、俺は必死で小さな恋鳥
　の身体にしがみつく。
229300 ,,,,,401441,,,,,,,,,,,,　恋鳥は膝小僧を擦り合わせ、サオの根本を腿肉でプレ
　スした状態で腰をくねらせてくる。
229400 ,,,,,401441,,恋鳥,恋鳥,04kot768_109.wav,,,,,,,,「ん……ちゅっ、ちゅぅっ、んっ、ちゅっ、ちゅるっ、
　ちゅっ、ちゅぅぅっ、ちゅっ……」
229500 ,,,,,401441,,,,,,,,,,,,　下半身を放棄して唇を奪ってみたが、太腿の圧力は
　強くなる一方だった。
229600 ,,,,,401441,,恋鳥,恋鳥,04kot768_110.wav,,,,,,,,「……これは恋鳥のだぞ」
229700 ,,,,,401441,,優哉,優哉,,,,,,,,,「！？」
229800 ,,,,,401441,,恋鳥,恋鳥,04kot768_111.wav,,,,,,,,「ゆーやは恋鳥のものだ」
229900 ,,,,,401441,,優哉,優哉,,,,,,,,,「恋鳥……」
230000 ,,,,,401441,,,,,,,,,,,,　かわいい独占欲を見せつけられ、萎えかけていたペニ
　スが一気に反発した。
230100 ,,,,,401441,,優哉,優哉,,,,,,,,,「恋鳥、しっかり掴まっててくれな？」
230200 ,,,,,401441,,恋鳥,恋鳥,04kot768_112.wav,,,,,,,,「ん……ゆーや、急に大きく……んっう！？
　んっん！？　んんんっ！？」
230300 ,,,,,401441,,恋鳥,恋鳥,04kot768_113.wav,,,,,,,,「あっあ、あっ、あっ、あっ、あっ、んっ、はあっ、
　ゆーやの……おっきっ……んっん！？　ああっ！？」
230400 ,,,,,401441,,優哉,優哉,,,,,,,,,「はあはあ、恋鳥っ！」
230500 ,,,,,401441,,恋鳥,恋鳥,04kot768_114.wav,,,,,,,,「んぅぅっ！？　んんっん！？　あっあ、ああっ、
　ああっ、ふっぅ、んんっん、んんんっ！？」
230600 ,,,,,401441,,,,,,,,,,,,　あえて傲慢に腰を使い、ずりゅずりゅと恋鳥の産道を
　＜均＝なら＞していく。
230700 ,,,,,401441,,,,,,,,,,,,　中折れすることなく反り返ったペニスは、いとも簡単
　に子宮へと続く粘膜の＜管＝くだ＞を占拠した。
230800 ,,,,,401441,,優哉,優哉,,,,,,,,,「また恋鳥のこと、奥までいっぱい突いていいか？」
230900 ,,,,,401441,,恋鳥,恋鳥,04kot768_115.wav,,,,,,,,「はあはあ、今日はダメだぞ……ゆーやのが大きすぎて
　奥は……んぅぅっ！？」
231000 ,,,,,401441,,優哉,優哉,,,,,,,,,「そんなに今日のは大きいか？」
231100 ,,,,,401441,,恋鳥,恋鳥,04kot768_116.wav,,,,,,,,「んっぅ、んんっ……おっきっ……はあっ、ゆーやの
　おっきっ……おっきぃっ……」
231200 ,,,,,401441,,恋鳥,恋鳥,04kot768_117.wav,,,,,,,,「あっあ、ゆーやっ……奥っ……んっ、あっ、あっ、
　あっ、んっ、奥ぅ……あぁっ、奥ぅぅぅっ」
231300 ,,,,,401441,,,,,,,,,,,,　思わぬおねだりに頭の中の血管が切れそうになった。
231400 ,,,,,401441,,,,,,,,,,,,　望み通りに膣奥を突いてやると、恋鳥は甘いミルク臭
　と共にのけ反ってくる。
231500 ,,,,,401441,,優哉,優哉,,,,,,,,,「はあはあ、恋鳥っ……」
231600 ,,,,,401441,,恋鳥,恋鳥,04kot768_118.wav,,,,,,,,「んっ、あっ、あっ、あっ、ゆーやっ……ゆーやっ、
　ああっ、ああっ、あああっ……」
231700 ,,,,,401441,,恋鳥,恋鳥,04kot768_119.wav,,,,,,,,「はあはあ、んっぅ、すごい……ゆーやのすごい……
　すごい……ゆーやのすごいっ……」
231800 ,,,,,401441,,,,,,,,,,,,　言葉遣いが普段の恋鳥ではなくなり、残留していた
　僅かな理性が一気にぶっ飛んだ。
231900 ,,,,,401441,,,,,,,,,,,,　ガツガツと肉の楔を打ちこみ、恋鳥の口から繰り返し
　『すごい』を搾り出す。
232000 ,,,,,401441,,,,,,,,,,,,　限界まで膨張した亀頭を、育ちきっていない子宮の
　入り口へ押しつける。
232100 ,,,,,401441,,恋鳥,恋鳥,04kot768_120.wav,,,,,,,,「んぅぅぅっ、んぅぅぅぅっ、んんんんーっ！？」
232200 ,,,,,401441,,,,,,,,,,,,　悶絶する恋鳥を抱きしめ、目の前の酸素を奪い合うよ
　うに唇を重ねた。
232300 ,,,,,401441,,恋鳥,恋鳥,04kot768_121.wav,,,,,,,,「ぢゅっ、んっん、ぢゅぅっ、ぢゅっ、んんっ、
　んぅぅっ、ぢゅぅっ、ぢゅるっ、ぢゅぅぅっ…」
232400 ,,,,,401441,,恋鳥,恋鳥,04kot768_122.wav,,,,,,,,「んっ、ぢゅぅっ、はあっ……ゆーや……ゆーやぁ」
232500 ,,,,,401441,,恋鳥,恋鳥,04kot768_123.wav,,,,,,,,「せーえき……せーえき、でゆ？
　ゆーやのせーえき……せーえきぃ……」
232600 ,,,,,401441,,優哉,優哉,,,,,,,,,「くっ……恋鳥、出るっ！？」
233000 ,,<!ef_shasei>,,,401442,,恋鳥,恋鳥,04kot768_124.wav,,,,,,,,「んっん！？　んぅっん！？　んぅぅっ！？
　せーえきっ、ゆーっ、んっぅ！？　んっんん！？」
233100 ,,,,,401442,,,,,,,,,,,,　子宮口に密着状態で射精すると、恋鳥は勢いよく腰を
　跳ね上げた。
233200 ,,,,,401442,,,,,,,,,,,,　暴れる太腿を力の限り抱え上げ、最後の一滴まで濃厚
　な種汁を注ぎこむ。
233300 ,,,,,401442,,,,,,,,,,,,　射精のリズムに合わせて恋鳥の腰も震え、狭い膣内は
　瞬く間にオスの生殖細胞で溢れかえった。
233400 ,,,,,401442,,優哉,優哉,,,,,,,,,「はあはあ……恋鳥、俺の牛乳石鹸……」
233500 ,,,,,401442,,恋鳥,恋鳥,04kot768_125.wav,,,,,,,,「ん……優哉の石鹸は……こんなに熱いのか……」
233600 ,,,,,401442,,優哉,優哉,,,,,,,,,「ごめん、このまま恋鳥の＜膣内＝なか＞も洗っていか？」
233700 ,,,,,401442,,恋鳥,恋鳥,04kot768_126.wav,,,,,,,,「はぁっ、恋鳥の……＜膣内＝なか＞っ……んっぅ！？
　んっ、んっ、あっ、あっ、あっ、ああっ、んっん、
　んぅぅっ！？」
233800 ,,,,,401442,,恋鳥,恋鳥,04kot768_127.wav,,,,,,,,「はあはあはあ、優哉の石鹸が……ぐちゅぐちゅっ、
　いってっ……あっ、んっ、あっ、あっ、ああっ……」
233900 ,,,,,401442,,優哉,優哉,,,,,,,,,「ああ。恋鳥のお腹の中が綺麗になってる音だ……」
234000 ,,,,,401442,,恋鳥,恋鳥,04kot768_128.wav,,,,,,,,「んっぅ、んっん、ふっぅ、はあっ……恋鳥を……
　綺麗に……奥までっ……ゆーや、奥までぇっ……」
234100 ,,,,,401442,,,,,,,,,,,,　気が狂うほど膣肉に精液を塗りつけ、奥に溜まった
　子種を子宮口まで運ぶ。
234200 ,,,,,401442,,優哉,優哉,,,,,,,,,「はあはあ、これも……これも恋鳥のだからなっ」
234300 ,,,,,401442,,恋鳥,恋鳥,04kot768_129.wav,,,,,,,,「あっあ、ああっ、んぅぅっ、ゆーやのせーっ……
　えきっ……ぐちゅぐちゅぅ……んんぅぅっ！？」
234400 ,,,,,401442,,恋鳥,恋鳥,04kot768_130.wav,,,,,,,,「あぁっ、あぁぁっ、ゆーやっ……気持ち……い……
　きもひっ……ひぃっ……」
234500 ,,,,,401442,,優哉,優哉,,,,,,,,,「恋鳥、俺もっ……」
234600 ,,,,,401442,,恋鳥,恋鳥,04kot768_131.wav,,,,,,,,「はあっ、ゆーやっ……ワンワン……ゆーやので恋鳥を
　ワンワンっ……んっん！？　んぅっ！？　んっ！？
　あっあ、あぁっ！？」
234700 ,,,,,401442,,恋鳥,恋鳥,04kot768_132.wav,,,,,,,,「ゆーやっ、ゆーやっ、ワンワンっ、ワンワンっ……
　ゆーやのおっきいのでワンワンっ」
234800 ,,,,,401442,,恋鳥,恋鳥,04kot768_133.wav,,,,,,,,「ああっ、ああっ、ゆーやのワンワン、もっとっ……
　恋鳥にワンワンっ、もっとワンワンっ、ワンワンっ、
　ああぁぁっ……」
234900 ,,,,,401442,,優哉,優哉,,,,,,,,,「はあはあ、また出るっ！？」
235000 ,,,,,401442,,恋鳥,恋鳥,04kot768_134.wav,,,,,,,,「ああっ、あっあ、んっぁ、せーえきっ……ぴゅぅぅ、
　すゆ？　ワンワンでぴゅぅっ、ぴゅぅ？」
235100 ,,,,,401442,,優哉,優哉,,,,,,,,,「はあはあ……くっ、ぴゅぅぅ……すゆーーーっ！」
235300 ,,<!ef_shasei>,,,401442,,恋鳥,恋鳥,04kot768_135.wav,,,,,,,,「あっあ！？　ゆーっ……ぴゅぅっ……ぴゅぅぅっ、
　んぅぅっ！？　んっん！？　んんぅぅぅっ！？」
235400 ,,,,,401442,,恋鳥,恋鳥,04kot768_136.wav,,,,,,,,「あっあ、せーえきっ……出てっ……あっ、あっ、
　ああっ、ゆーやっ……」
235500 ,,,,,401442,,,,,,,,,,,,　再び膣の奥深くで吐精し、小さな子宮口に亀頭を密着
　させる。
235600 ,,,,,401442,,,,,,,,,,,,　最初の頃よりもコリコリ感が薄れ、若干ほぐれている
　感じがした。
235700 ,,,,,401442,,優哉,優哉,,,,,,,,,（ダメだ、気持ちよすぎる……）
235800 ,,,,,401442,,,,,,,,,,,,　欲望に＜抗＝あらが＞うことができず、子種が溢れ出さないよう
　ペニスで蓋をする。
235900 ,,,,,401442,,優哉,優哉,,,,,,,,,「あー……せっかく綺麗に洗ったのに、また汚しちゃっ
　たな」
236000 ,,,,,401442,,恋鳥,恋鳥,04kot768_137.wav,,,,,,,,「……恋鳥はゆーやに汚されるのはイヤじゃないぞ」
236100 ,,,,,401442,,優哉,優哉,,,,,,,,,「そんなこと言ったら今度は顔にかけちゃうからな」
236200 ,,,,,401442,,恋鳥,恋鳥,04kot768_138.wav,,,,,,,,「顔に……恋鳥の顔にせーえきをかけるのか？」
236300 ,,,,,401442,,優哉,優哉,,,,,,,,,「もう、顔が精液でドロドロのグチャグチャになって、
　きっとお嫁さんにいけなくなるな」
236400 ,,,,,401442,,恋鳥,恋鳥,04kot768_139.wav,,,,,,,,「ん……それは困るぞ」
236500 ,,,,,401442,,優哉,優哉,,,,,,,,,「ま、冗談だけどさ。恋鳥にそんな酷いことは……」
236600 ,,,,,401442,,恋鳥,恋鳥,04kot768_140.wav,,,,,,,,「でも少しだけ」
236700 ,,,,,401442,,優哉,優哉,,,,,,,,,「ん？」
236800 ,,,,,401442,,恋鳥,恋鳥,04kot768_141.wav,,,,,,,,「少しだけ……ゆーやのせーえきで顔をドロドロの
　グチャグチャにされてみたい」
236900 ,,,,,401442,,恋鳥,恋鳥,04kot768_142.wav,,,,,,,,「……気もする」
237000 ,,,,,401442,,優哉,優哉,,,,,,,,,「恋鳥……思春期の健全な男子の前でそういうこと
　言うの禁止な」
237100 ,,,,,401442,,,,,,,,,,,,　後始末のことを考えると少し鬱になったが、恋鳥の
　体温を感じていると全てがどうでもよくなった。
237200 ,,,,,401442,,恋鳥,恋鳥,04kot768_143.wav,,,,,,,,「……恋鳥は疲れたぞ」
237300 ,,,,,401442,,優哉,優哉,,,,,,,,,「ははっ、なんで俺たちこんな汗だくになってるんだ
　ろうな。風呂で……」
237400 ,,,,,401442,,恋鳥,恋鳥,04kot768_144.wav,,,,,,,,「ん……でもゆーやの匂いは好きだ……」
237500 ,,,,,401442,,優哉,優哉,,,,,,,,,「あ、こんなところで寝るなよ？
　風邪ひいちゃうから……」
237600 ,,,,,401442,,恋鳥,恋鳥,04kot768_145.wav,,,,,,,,「ん」
237700 ,,,,,401442,,,,,,,,,,,,　気怠そうにしながらも恋鳥は頷き、俺にべったりくっ
　ついてくる。
237800 ,,,,,401442,,,,,,,,,,,,　次第に冷え始めた肌の温もりを惜しむように。
237900 ,,,,,401442,,恋鳥,恋鳥,04kot768_146.wav,,,,,,,,「ゆーやは……温かいな……」
238000 ,,,,,401442,,,,,,,,,,,,　俺はそんな恋鳥の体温がこれ以上失われないよう、
　夢中で抱きしめていた……。
238080 ,$event_return,,,,,,,,,,,,,,,,
238090 ,,<!scene_h_end>,0,9000,,,,,,,,,,,,,
238099 ,,<!ec_kotori_pri>,,,,,,,,,,,,,,,
238300 ,@769,,,,,,,,,,,,,,,,
238600 ,,<!Lbegin_day_change>,8,7222,,,優哉,優哉,,,,,,,,,「ただいまー」
238700 ,,,,,,,,,,,,,,,,,　俺は、いつものように玄関を開けた。
238800 ,,,,,,,,,,,,,,,,,　もうすっかり、恋鳥の部屋に帰ってくることに
　違和感はなくなっている。
238900 ,,,,,,,,,,,,,,,,,　むしろ、たまに家に顔を出すと、そっちの方が
　なんだかおかしく感じるくらいだ。
239000 ,,,,,,,,,,,,,,,,,　それくらい、俺にとっては恋鳥との同棲生活が
　当たり前になっていた。
239100 ,,,,,,,恋鳥,恋鳥,04kot769_001.wav,"kotori,pajamas",,0,,,,,「おかえり、ゆーや」
239200 ,,,,,,,,,,kotori,,0,,,,,　扉の開く音を聞きつけてか、恋鳥がぱたぱたと
　走って出迎えた。
239300 ,,,,,,,,,,kotori,,0,,,,,　夕飯を作っていたのか、片手にはおたまを持っている。
239400 ,,,,,,,,,,kotori,,0,,,,,　ひょこひょことそれを弄んでいる姿が、まるで
　尻尾を振っている子犬みたいで可愛い。
239500 ,,,,,,,,,,kotori,,0,,,,,　料理を中断して、俺を出迎えにきた恋鳥に
　俺はなんともいえない愛しさを感じた。
239600 ,,,,,,,優哉,優哉,,kotori,,0,,,,,「ああ、ただいま」
239700 ,,,,,,,恋鳥,恋鳥,04kot769_002.wav,kotori,,90,,,,,「ごはんにするか？　それとも風呂か？」
239800 ,,,,,,,,,,kotori,,90,,,,,　おたまを片手に恋鳥が可愛らしく小首をかしげる。
239900 ,,,,,,,,,,kotori,,90,,,,,　お、そ、そのセリフは新婚さん定番の……！
240000 ,,,,,,,,,,kotori,,90,,,,,　つまり、この続きは……。
240100 ,,,,,,,,,,kotori,,90,,,,,　恋鳥はとどめとばかりに、上目遣いで俺を
　じっとみつめた。
240200 ,,,,,,,,,,kotori,,90,,,,,　早く言え！　言ってくれ！
240300 ,,,,,,,,,,kotori,,90,,,,,　万感の思いをこめて、視線を返した俺から
　恋鳥が少し顔を赤らめて目をそらした。
240400 ,,,,,,,恋鳥,恋鳥,04kot769_003.wav,kotori,,6,,,,,「……それとも、恋鳥、か？」
240500 ,,,,,,,優哉,優哉,,kotori,,6,,,,,「恋鳥に決まってんだろぉぉぉぉっっ！」
240600 ,,,,,,,,,,kotori,,2,,,,,　がばぁっっ！
240700 ,,,,,,,,,,kotori,,2,,,,,　ル●ンダイブよろしく、俺は恋鳥に抱きついた。
240800 ,,,,,,,恋鳥,恋鳥,04kot769_004.wav,kotori,,6,,,,,「んっ……ゆ、ゆーやっ！　苦しい……」
240900 ,,,,,,,,,,kotori,,6,,,,,　恋鳥のまるで子供みたいな＜華奢＝きゃしゃ＞な体が　俺の腕の中でもがく。
241000 ,,,,,,,優哉,優哉,,kotori,,0,,,,,「ごめんごめん」
241100 ,,,,,,,,,,kotori,,0,,,,,　俺は力をゆるめると、少しかがんで、恋鳥の唇を
　自分の唇でふさいだ。
241200 ,,,,,,,恋鳥,恋鳥,04kot769_005.wav,kotori,,6,,,,,「んっ……そ、いきな……んんんっ……」
241300 ,,,,,,,,,,kotori,,6,,,,,　恋鳥は抗うように首をふりかけたが、髪を撫でて
　それを抑えた。
241400 ,,,,,,,,,,kotori,,6,,,,,　あんな可愛いお出迎えをされて、
　我慢できるわけがない。
241500 ,,,,,,,,,,kotori,,6,,,,,　恋鳥の柔らかく閉じられた唇を舌で強引に割り、
　その甘い口の中をたっぷりと味わう。
241600 ,,,,,,,恋鳥,恋鳥,04kot769_006.wav,kotori,,6,,,,,「んっ……ちゅむっ……ちゅっ、ちゅっ……んんっ……
　ぁ……んむぅ……」
241700 ,,,,,,,,,,kotori,,6,,,,,　恋鳥の抵抗が徐々にゆるみ、むしろ、その腕が俺の
　背中にまわされて、抱きしめられた。
241800 ,,,,,,,恋鳥,恋鳥,04kot769_007.wav,kotori,,6,,,,,「ちゅぅっ……んっ……ゆーやのキス……恋鳥、を……
おかしくするっ……ん、ちゅぅ……」
241900 ,,,,,,,,,,kotori,,6,,,,,　恋鳥からも舌をからめてくる。
242000 ,,,,,,,,,,kotori,,6,,,,,　恋鳥と結ばれてから何度も唇を重ねているが、
　最初は恥ずかしがっていても、いつもこうやって
　徐々に恋鳥からも求めてきてくれる。
242100 ,,,,,,,,,,kotori,,6,,,,,　どうやらキスするのは好きみたいだ。
242200 ,,,,,,,,,,kotori,,6,,,,,　……俺も好きだけど。
242300 ,,,,,,,恋鳥,恋鳥,04kot769_008.wav,kotori,,6,,,,,「んっ……んむぅ……ちゅ、う……んん……ちゅっ、
　ちゅ……ちゅぅ……」
242400 ,,,,,,,,,,kotori,,6,,,,,　俺の腕に、恋鳥が甘えるように体重をかけてくる。
242500 ,,,,,,,,,,kotori,,6,,,,,　俺はタイミングを見計らって、
　ジャージのファスナーに指をかけて
　そっと下に降ろそうとした。
242600 ,,,,,,,恋鳥,恋鳥,04kot769_009.wav,kotori,,2,,,,,「……！」
242700 ,,,,,,,優哉,優哉,,kotori,,2,,,,,「うわわっ！」
242800 ,,,,,,,,,,kotori,,3,,,,,　そのとたん、いきなり恋鳥に突き放された。
242900 ,,,,,,,,,,kotori,,3,,,,,　恋鳥が顔を真っ赤にして、こっちを睨むような
　表情で見ている。
243000 ,,,,,,,,,,kotori,,3,,,,,　しまった……やりすぎたかな……。
243100 ,,,,,,,優哉,優哉,,kotori,,3,,,,,「あ、あのー……恋鳥？」
243200 ,,,,,,,恋鳥,恋鳥,04kot769_010.wav,kotori,,6,,,,,「……や、やっぱりだめだ！」
243300 ,,,,,,,優哉,優哉,,kotori,,6,,,,,「そんな！　せっかく恋鳥から食べようと思ったのに！」
243400 ,,,,,,,,,,kotori,,6,,,,,　思わず口から本音がこぼれでた。
243500 ,,,,,,,,,,kotori,,6,,,,,　恋鳥が呆れたように俺を見てくる。
243600 ,,,,,,,恋鳥,恋鳥,04kot769_011.wav,kotori,,6,,,,,「ゆーやはやっぱりエッチだな」
243700 ,,,,,,,優哉,優哉,,kotori,,6,,,,,「しかたないだろう、恋鳥が可愛いんだから」
243800 ,,,,,,,恋鳥,恋鳥,04kot769_012.wav,kotori,,0,,,,,「……なら、許す」
243900 ,,,,,,,優哉,優哉,,kotori,,0,,,,,「じゃあ、やっぱり、恋鳥から……」
244000 ,,,,,,,,,,kotori,,0,,,,,　再び飛びかかろうとした俺を、恋鳥がすっと避けた。
244100 ,,,,,,,優哉,優哉,,kotori,,0,,,,,「ぶーぶー」
244200 ,,,,,,,,,,kotori,,0,,,,,　ブーイングする俺に、軽くため息をつく恋鳥。
　だが、その頬はまだちょっぴり赤い。
244300 ,,,,,,,恋鳥,恋鳥,04kot769_013.wav,kotori,,7,,,,,「だめだ」
244400 ,,,,,,,優哉,優哉,,kotori,,7,,,,,「なんでだよー。さっきはいいって言ったじゃないか」
244500 ,,,,,,,,,,kotori,,6,,,,,　恋鳥がまた赤くなってうつむいた。
244600 ,,,,,,,恋鳥,恋鳥,04kot769_014.wav,kotori,,6,,,,,「今日は……その暑くて、ちょっと汗かいてるから」
244700 ,,,,,,,恋鳥,恋鳥,04kot769_015.wav,kotori,,6,,,,,「だから、先に風呂だ。恋鳥は、綺麗な恋鳥になってから、ゆーやとぎゅってしたいぞ」
244800 ,,,,,,,優哉,優哉,,kotori,,6,,,,,「恋鳥っ！」
244900 ,,,,,,,,,,kotori,,6,,,,,　恋鳥のあまりの健気さに、思わず抱きついた俺を
　今度は避けたりはしなかった。
245000 ,,,,,,,,,,kotori,,6,,,,,　ただ、淡々とした声が不吉な事実を告げた。
245100 ,,,,,,,恋鳥,恋鳥,04kot769_016.wav,kotori,,0,,,,,「でも、風呂の前にごはんだ」
245200 ,,,,,,,優哉,優哉,,kotori,,0,,,,,「えー、せめて、風呂に一緒に入ろうぜ」
245300 ,,,,,,,恋鳥,恋鳥,04kot769_017.wav,kotori,,5,,,,,「……ごはん、作ってる途中だったから。
　もうコゲてるかもしれない」
245400 ,,,,,,,,,,kotori,,5,,,,,　そういえば――
245500 ,,,,,,,,,,kotori,,5,,,,,　俺は恋鳥の持つおたまの意味を思い出した。
245600 ,,,,,,,,,,kotori,,5,,,,,　部屋の奥から、ほんのり香ばしい匂いが漂ってきた。
245800 ,,<!timepass_1_long>,,,,,,,,,,,,,,,　作っていたのが煮物だったこともあって、
　なんとか＜壊滅的＝かいめつてき＞な被害は
　免れていた。
245900 ,,,,,,,,,,,,,,,,,　ちょっと香ばしくなった里芋の煮っ転がしと、
　バターたっぷりのプレーンオムレツ。
　
246000 ,,,,,,,,,,,,,,,,,　それにエゴマのキムチという今日も恋鳥センスの
　溢れる夕食が食卓に並んだ。
246100 ,,,,,,,優哉,優哉,,kotori,,0,,,,,「いただきまーす」
246200 ,,,,,,,恋鳥,恋鳥,04kot769_018.wav,kotori,,0,,,,,「いただきます」
246300 ,,,,,,,,,,kotori,,0,,,,,　二人仲良く手を合わせる。
246400 ,,,,,,,,,,kotori,,0,,,,,　そんなところにも幸せを感じてしまうあたり、
　かなり俺は重症かもしれない。
246500 ,,,,,,,恋鳥,恋鳥,04kot769_019.wav,kotori,,3,,,,,「どうした、ゆーや。顔がにやけてるぞ」
246600 ,,,,,,,優哉,優哉,,kotori,,3,,,,,「いや、幸せだなあ、と思って」
246700 ,,,,,,,恋鳥,恋鳥,04kot769_020.wav,kotori,,1,,,,,「そうか。恋鳥も幸せだ」
246800 ,,,,,,,,,,kotori,,0,,,,,　さらりとそう言ったように見えたが、やっぱり
　少し照れていたのか、恋鳥がそう口にしてすぐに
　俺から目をそらして箸で芋をつつく。
246900 ,,,,,,,恋鳥,恋鳥,04kot769_021.wav,kotori,,5,,,,,「ごめん、ちょっとこげた。おいしくなかったら、
　食べなくていい」
247000 ,,,,,,,,,,kotori,,5,,,,,　無表情ながらも、しゅんとしているような恋鳥の
　様子に、俺も芋に箸をつけた。
　そして、口に運ぶ。
247100 ,,,,,,,,,,kotori,,5,,,,,　やや味が濃くなってる気もするが、美味い。
247200 ,,,,,,,,,,kotori,,5,,,,,　芋を＜咀嚼＝そしゃく＞している俺を、ちらちらと
　見てくる恋鳥のために俺はことさらに
　オーバーアクションをとった。
247300 ,,,,,,,優哉,優哉,,kotori,,5,,,,,「いや、美味い、美味いよ。この煮物。
　さすが恋鳥の作った味だなあ」
247400 ,,,,,,,恋鳥,恋鳥,04kot769_022.wav,kotori,,3,,,,,「ほんとにそう思ってるか……？」
247500 ,,,,,,,,,,kotori,,3,,,,,　まだ不安そうな恋鳥のために、俺は２コ、３コと
　続けて芋を食った。
247600 ,,,,,,,優哉,優哉,,kotori,,3,,,,,「本当に美味いって。恋鳥はいい嫁だなあ。
　こんな嫁がもらえて、俺は幸せだよ」
247700 ,,,,,,,恋鳥,恋鳥,04kot769_023.wav,kotori,,1,,,,,「そうか……じゃあ、こっちも食べろ」
247800 ,,,,,,,,,,kotori,,1,,,,,　恋鳥がプレーンオムレツの皿を俺に押し出す。
247900 ,,,,,,,,,,kotori,,1,,,,,　箸で切り分け、それももらうことにする。
248000 ,,,,,,,,,,kotori,,1,,,,,　うん、塩加減が絶妙で美味い。
248100 ,,,,,,,優哉,優哉,,kotori,,1,,,,,「こっちも美味いよ。
　こんな料理を毎日食べられるなんて、ほんとに
　恋鳥さまさまだな」
248200 ,,,,,,,恋鳥,恋鳥,04kot769_024.wav,kotori,,3,,,,,「恋鳥はいい嫁か？」
248300 ,,,,,,,優哉,優哉,,kotori,,3,,,,,「ああ、いい嫁だよ」
248400 ,,,,,,,,,,kotori,,3,,,,,　恋鳥を抱き寄せて、頭をぐりぐりと撫でてやる。
248500 ,,,,,,,恋鳥,恋鳥,04kot769_025.wav,kotori,,6,,,,,「んー、くすぐったいぞ」
248600 ,,,,,,,優哉,優哉,,kotori,,6,,,,,「撫でられている間は亭主に従うこと。
　それも嫁のつとめだぞ？」
248700 ,,,,,,,恋鳥,恋鳥,04kot769_026.wav,kotori,,0,,,,,「……わかった」
248800 ,,,,,,,,,,kotori,,0,,,,,　ひとしきりじゃれあいながら、俺たちは食事を
　すませた。
248900 ,,,,,,,優哉,優哉,,kotori,,0,,,,,「そういえば、さっきの……」
249000 ,,,,,,,恋鳥,恋鳥,04kot769_027.wav,kotori,,90,,,,,「ん？」
249100 ,,,,,,,優哉,優哉,,kotori,,90,,,,,「いや、ごはんかお風呂か恋鳥か……って」
249200 ,,,,,,,恋鳥,恋鳥,04kot769_028.wav,kotori,,4,,,,,「嫁は亭主が帰ってきたらそうするものだって、
　聞いたぞ」
249300 ,,,,,,,,,,kotori,,4,,,,,　誰にだ、というツッコミはやめておこう。
249400 ,,,,,,,,,,kotori,,4,,,,,　むしろ、ビバ！　恋鳥にそう教えたヤツ！
249500 ,,,,,,,優哉,優哉,,kotori,,4,,,,,「メシも食ったことだし、次は風呂にしないか？」
249600 ,,,,,,,恋鳥,恋鳥,04kot769_029.wav,kotori,,0,,,,,「また一緒に入るのか？」
249700 ,,,,,,,優哉,優哉,,kotori,,0,,,,,「もちろん。嫁の体を洗うのは俺の役目だからな」
249800 ,,,,,,,恋鳥,恋鳥,04kot769_030.wav,kotori,,6,,,,,「しかたないな……」
249900 ,,,,,,,,,,kotori,,0,,,,,　恋鳥が上目遣いに俺をみつめる。
250000 ,,,,,,,,,,kotori,,0,,,,,　それだけで股間に血が集まりそうだ。
250100 ,,,,,,,,,,kotori,,0,,,,,　だが、それを見透かすように恋鳥は……。
250200 ,,,,,,,恋鳥,恋鳥,04kot769_031.wav,kotori,,3,,,,,「ただし、風呂でエッチするのはなしだぞ」
250300 ,,,,,,,優哉,優哉,,kotori,,3,,,,,「えー」
250400 ,,,,,,,恋鳥,恋鳥,04kot769_032.wav,kotori,,5,,,,,「のぼせる。エッチはその……やっぱり布団がいい」
250500 ,,,,,,,優哉,優哉,,kotori,,5,,,,,「わかったよ。嫁のわがままを聞く俺って優しいなあ」
250600 ,,,,,,,恋鳥,恋鳥,04kot769_033.wav,kotori,,0,,,,,「自分で言うな」
250700 ,,,,,,,,,,kotori,,0,,,,,　そう言いながらも恋鳥は甘えるように、俺の胸に
　頭をもたせかけてきた。
250900 ,,<!timepass_1_long>,,7222,,,,,,,,,,,,,　風呂から上がって、しばらく俺たちはたわいもない
　話をしていた。
251000 ,,,,,,,,,,,,,,,,,　学校の事、温泉部のこと、大家さんのこと……。
251100 ,,,,,,,,,,,,,,,,,　風呂上がりの恋鳥のうなじはかぶりつきたいほど、
　色っぽかったが、別に俺、恋鳥の体だけが
　目当てじゃないし。
251200 ,,,,,,,,,,,,,,,,,　……今、ちょっとだけ嘘つきました。すんません。
251300 ,,,,,,,,,,,,,,,,,　とはいえ、ハァハァする心よりも、恋鳥とまったり
　過ごしている幸福感の方が結局今日は上まわった。
251400 ,,,,,,,優哉,優哉,,,,,,,,,「ほんと、あのときの悠といえば……」
251500 ,,,,,,,恋鳥,恋鳥,04kot769_034.wav,kotori,,0,,,,,「うん……ふあぁ……」
251600 ,,,,,,,優哉,優哉,,kotori,,0,,,,,「眠いのか？」
251700 ,,,,,,,恋鳥,恋鳥,04kot769_035.wav,kotori,,5,,,,,「だいじょうぶ、だぞ……」
251800 ,,,,,,,,,,kotori,,5,,,,,　見れば、時計の針はずいぶん進んでいた。
251900 ,,,,,,,優哉,優哉,,kotori,,5,,,,,「明日も学校なんだし、寝ようぜ。
　俺も眠くなってきたし」
252000 ,,,,,,,恋鳥,恋鳥,04kot769_036.wav,kotori,,5,,,,,「ゆーやが寝るなら、恋鳥も寝る……」
252100 ,,,,,,,,,,kotori,,5,,,,,　恋鳥が眠たげに目をこすりながら、
　俺の後をついてくる。
252200 ,,,,,,,,,,kotori,,5,,,,,　だいぶ眠そうだ。
252300 ,,,,,,,,,,kotori,,5,,,,,　俺は手早く、布団を一組だけ敷いた。
252400 ,,,,7223,,,優哉,優哉,,kotori,,5,,,,,「ほら、恋鳥、おいで」
252500 ,,,,,,,,,,kotori,,5,,,,,　先に布団に入ると、恋鳥を手招きして呼び寄せる。
252600 ,,,,,,,恋鳥,恋鳥,04kot769_037.wav,kotori,,5,,,,,「うん……」
252700 ,,,,,,,,,,kotori,,5,,,,,　恋鳥は素直に頷いて、俺の隣に横になった。
252800 ,,,,,,,,,,kotori,,5,,,,,　俺の肩口に頭を乗せ、俺の足に足を絡ませる。
252900 ,,,,,,,,,,kotori,,5,,,,,　細いし、無乳だけど確かに柔らかい女の子のカラダが
　ぴったりと張りつく感触に俺の息子さんがまた元気に
　なりそうになる。
253000 ,,,,,,,恋鳥,恋鳥,04kot769_038.wav,kotori,,3,,,,,「ん……足、硬いの当たってるぞ……」
253100 ,,,,,,,優哉,優哉,,kotori,,3,,,,,「恋鳥がくっついてくるからだろ」
253200 ,,,,,,,恋鳥,恋鳥,04kot769_039.wav,kotori,,3,,,,,「じゃあ、離れて寝る……」
253300 ,,,,,,,,,,kotori,,3,,,,,　離れようとした恋鳥を慌てて抱き留める。
253400 ,,,,,,,優哉,優哉,,kotori,,3,,,,,「わーっ、離れなくていいって。
　何もしないから！
　そんなに今日はいやなのか？」
253500 ,,,,,,,恋鳥,恋鳥,04kot769_040.wav,kotori,,0,,,,,「……いやじゃない」
253600 ,,,,,,,,,,kotori,,0,,,,,　じゃあ、なんで、と言う前に、恋鳥がもぞもぞと
　俺の胸に顔をうずめた。
253700 ,,,,,,,恋鳥,恋鳥,04kot769_041.wav,kotori,,6,,,,,「……でも恥ずかしい」
253800 ,,,,,,,優哉,優哉,,kotori,,6,,,,,「ああ、もう可愛いなぁっ！」
253900 ,,,,,,,,,,kotori,,6,,,,,　俺は恋鳥の肩をぎゅっと抱き寄せた。
254000 ,,,,,,,,,,,,,,,,,　と、その拍子に暗闇の中から俺をみつめてくるモノと
　目があった。
254100 ,,,,,,,優哉,優哉,,,,,,,,,「ん……？」
254200 ,,,,,,,,,,,,,,,,,　恋鳥の部屋に並ぶぬいぐるみたち。
254300 ,,,,,,,,,,,,,,,,,　闇夜の中、俺をみつめてくるそのつぶらな瞳……が。
254400 ,,,,,,,優哉,優哉,,,,,,,,,「なあ、恋鳥、ぬいぐるみ、増えてないか？」
254500 ,,,,,,,恋鳥,恋鳥,04kot769_042.wav,kotori,,6,,,,,「……気のせいだ」
254600 ,,,,,,,優哉,優哉,,kotori,,6,,,,,「そうか？」
254700 ,,,,,,,,,,,,,,,,,　そう言えば、前にもこんなことがあったような……。
254800 ,,,,,,,,,,,,,,,,,　と、いうか、恋鳥が何かうれしそうにするたびに、
　ぬいぐるみが増えている気がする。
254900 ,,,,,,,,,,,,,,,,,　そうか。
　ぬいぐるみは恋鳥の喜びの表れなのかもしれない。
255000 ,,,,,,,,,,,,,,,,,　そう気づくと、なんだかよりいっそう恋鳥が
　可愛らしく感じられた。
255100 ,,,,,,,,,,,,,,,,,　ふだん、ぶっきらぼうに見えても、やっぱり女の子、
　というか、可愛いものが好きなんだよな。
255200 ,,,,,,,優哉,優哉,,,,,,,,,「恋鳥っ」
255300 ,,,,,,,恋鳥,恋鳥,04kot769_043.wav,,,,,,,,「くーすー」
255400 ,,,,,,,,,,,,,,,,,　恋鳥の髪を撫で、キスしようと顔をよせると、恋鳥は
　すでに夢の中だった。
255500 ,,,,,,,,,,,,,,,,,　そ、そういや、かなり眠そうだったもんな……。
255600 ,,,,,,,,,,,,,,,,,　くそう、俺のこのお預けされたもやもやは
　どこへ持っていけば……。
255700 ,,,,,,,恋鳥,恋鳥,04kot769_044.wav,,,,,,,,「すーすー」
255800 ,,,,,,,,,,,,,,,,,　まあ、いいか。
255900 ,,,,,,,,,,,,,,,,,　俺は恋鳥の安らかな寝顔を見ながら、まぶたを閉じた。
256000 ,,,,,,,,,,,,,,,,,　……どうか夢精しませんように。
256090 ,,<!Lend_night>,0,9000,,,,,,,,,,,,,
256300 ,@770,,,,,,,,,,,,,,,,
256600 ,,<!Lbegin_day_change>,7,7100,,,優哉,優哉,,,,,,,,,「えーっと、買ってくるものは醤油と豆腐か……。
　今夜は冷や奴かな」
256700 ,,,,,,,,,,,,,,,,,　俺は恋鳥に渡された買い物メモを確認しながら、
　玄関を出た。
256800 ,,,,,,,大家さん,大家さん,15oya770_001.wav,,,,,,,,「そうは言ってもねえ……私はここを離れたくはないし」
256900 ,,,,,,,,,,,,,,,,,　玄関を出た瞬間、大家さんが誰かと話している声が
　聞こえた？
　
257000 ,,,,,,,,,,,,,,,,,　大家さんがここを離れる？
257100 ,,,,,,,,,,,,,,,,,　店子（もどき）としては聞き捨てならない言葉に、
　俺は大家さんたちの話し声が聞こえる方に近づいた。
257200 ,,,,,,,大家さん,大家さん,15oya770_002.wav,,,,,,,,「このアパートにはまだ人も住んでいるし、
　そう簡単には話を進められないわ」
257300 ,,,,,,,,,,,,,,,,,　また、この間の地上げ屋か？！　
257400 ,,,,,,,,,,,,,,,,,　俺はとっさにそう思ったが、大家さんの目の前にいる　男はこの間の黒服たちじゃなかった。
257500 ,,,,,,,,,,,,,,,,,　むしろ、大家さんとは親しそうに見える。
257600 ,,,,,,,大家さんの息子,？？？,,,,,,,,,「でも、ほとんどは空き室だろ？
　とり壊したってなんの問題もないじゃないか」
257700 ,,,,,,,大家さん,大家さん,15oya770_003.wav,,,,,,,,「そういうわけにはいきませんよ」
257800 ,,,,,,,,,,,,,,,,,　しかし、話している内容は俺にとって……
　いや、俺たちにとって、よくない話のようだ。
257900 ,,,,,,,,,,,,,,,,,　俺はとっさに二人の間に割って入った。
258000 ,,,,,,,優哉,優哉,,,,,,,,,「ちょっと待ってくださいよ！
　アパートを取り壊すとか取り壊さないとか……
　住民の話も聞かずに勝手なこと言わないでください」
258100 ,,,,,,,大家さん,大家さん,15oya770_004.wav,,,,,,,,「優哉くん……」
258200 ,,,,,,,,,,,,,,,,,　大家さんがびっくりしたような顔で俺を見ている。
258300 ,,,,,,,,,,,,,,,,,　でも、その顔には少し安堵の色が混ざっていた。
258400 ,,,,,,,,,,,,,,,,,　やっぱり、雰囲気は違うが、こいつもいつもの
　地上げ屋の仲間か。
258500 ,,,,,,,,,,,,,,,,,　そうと決まれば、遠慮する必要はない。
258600 ,,,,,,,,,,,,,,,,,　俺は自分よりやや背の低いその男を威圧するように
　睨み付けた。
258700 ,,,,,,,優哉,優哉,,,,,,,,,「そういうわけで、あのアパートには人が住んでるし、
　なにより大家さんにその気がないんだから、
　取り壊しなんてしませんよ」
258800 ,,,,,,,優哉,優哉,,,,,,,,,「あの土地が欲しいのはわかったけど、
　こっちには売る気がないんだから、
　とっとと帰ってください！」
258900 ,,,,,,,大家さんの息子,？？？,,,,,,,,,「え、あの土地を売るって……何の話だい？」
259000 ,,,,,,,優哉,優哉,,,,,,,,,「とぼけないでくださいよ！
　あんた、どうせ紫藤グループに言われて、
　ここに来たんだろ？」
259100 ,,,,,,,,,,,,,,,,,　迫る俺に、男は気圧されるように後ずさった。
259200 ,,,,,,,大家さん,大家さん,15oya770_005.wav,,,,,,,,「優哉くん、違うのよ」
259300 ,,,,,,,優哉,優哉,,,,,,,,,「え？」
259400 ,,,,,,,大家さん,大家さん,15oya770_006.wav,,,,,,,,「あのね、そのコは私の息子なの」
259500 ,,,,,,,優哉,優哉,,,,,,,,,「えーっっ！
　あ、す、すいません、俺、てっきり……」
259600 ,,,,,,,,,,,,,,,,,　慌てて、頭を下げる。
259700 ,,,,,,,,,,,,,,,,,　知らぬこととは言え、失礼なことをしてしまった。
259800 ,,,,,,,,,,,,,,,,,　しかし、なにもこんなややこしい時期に、
　大家さんのところにまぎらわしい話を
　しにこなくたっていいじゃないか……。
259900 ,,,,,,,大家さんの息子,大家の息子,,,,,,,,,「いや、いいよ。
　でも、この土地を欲しがってるところがあるなら、
　なおさらいい話だと思うんだけど」
260000 ,,,,,,,,,,,,,,,,,　大家さんの息子さんは、俺の失礼を軽く流すと、
　再度、大家さんに向き合った。
260100 ,,,,,,,大家さんの息子,大家の息子,,,,,,,,,「母さんももう年だし、そろそろ一緒に暮らそう。
　俺の今、いる街はここよりもずっと便利だし、
　母さんもそっちの方が楽だよ」
260200 ,,,,,,,大家さん,大家さん,15oya770_007.wav,,,,,,,,「でもねえ……」
260300 ,,,,,,,,,,,,,,,,,　なるほど。
260400 ,,,,,,,,,,,,,,,,,　確かに大家さんももう年だ。
260500 ,,,,,,,,,,,,,,,,,　それを心配して、息子さんは大家さんに同居を
　勧めにきたのか……。
260600 ,,,,,,,,,,,,,,,,,　これは俺が口を出していい問題じゃない。
260700 ,,,,,,,,,,,,,,,,,　俺は一歩引いて、二人の間からどいた。
260800 ,,,,,,,大家さんの息子,大家の息子,,,,,,,,,「あいつも母さんが一緒に暮らしてもいいって
　言ってるし、部屋もちゃんと用意してあるんだ。
　わかってくれよ、心配なんだよ」
260900 ,,,,,,,大家さん,大家さん,15oya770_008.wav,,,,,,,,「……考えてはおくから、
　返事は少し待ってくれないかしら」
261000 ,,,,,,,,,,,,,,,,,　そうは言いながらもかたくなな態度を崩さない
　大家さんの様子に、息子さんはため息をついた。
261100 ,,,,,,,大家さんの息子,大家の息子,,,,,,,,,「わかったよ。今日のところは帰るけど、
　ちゃんと考えておいてくれよ」
261200 ,,,,,,,,,,,,,,,,,　息子さんはそう言うと、背を向けて歩き出した。
261300 ,,,,,,,,,,,,,,,,,　その背中が完全に見えなくなってから、
　大家さんはほっとしたように軽く息を吐いた。
261400 ,,,,,,,大家さん,大家さん,15oya770_009.wav,,,,,,,,「見苦しいところを見せて、ごめんなさいね」
261500 ,,,,,,,優哉,優哉,,,,,,,,,「いえっ、こっちこそ、家族の事情に
　割り込んでしまってすみません」
261600 ,,,,,,,,,,,,,,,,,　俺はもう一度しっかりと頭を下げた。
261700 ,,,,,,,大家さん,大家さん,15oya770_010.wav,,,,,,,,「ううん、いいのよ。
　ややこしい時期にあのコがきたんだし」
261800 ,,,,,,,,,,,,,,,,,　そう言うと、大家さんはアパートをどこか
　懐かしむような目で見上げた。
261900 ,,,,,,,大家さん,大家さん,15oya770_011.wav,,,,,,,,「確かに、私ももう年だし、この街はいろいろと
　不便なこともあるし、息子やお嫁さんと一緒に
　暮らせたら楽だとは思うの」
262000 ,,,,,,,,,,,,,,,,,　年だ、と言いながら、大家さんは姿勢を正した。
262100 ,,,,,,,,,,,,,,,,,　そのまっすぐに伸びた背筋は年齢を感じさせない。
262200 ,,,,,,,大家さん,大家さん,15oya770_012.wav,,,,,,,,「このアパートね、建ててからもうずいぶん経って、
　古いし、たしかに昔、住んでた人も
　もうみんなどこかへ行ってしまったんだけれど」
262300 ,,,,,,,大家さん,大家さん,15oya770_013.wav,,,,,,,,「でも、このアパートには思い出がたくさんあるから、
　ここから離れたり、壊したりしたくはないのよ」
262400 ,,,,,,,,,,,,,,,,,　そう言って、大家さんはどこか寂しそうに笑った。
262500 ,,,,,,,,,,,,,,,,,　大家さんの今までの人生は、俺みたいな若造には
　想像もできないくらいいろんなことが
　あったんだろう。
262600 ,,,,,,,,,,,,,,,,,　それは俺にはわからない。
262700 ,,,,,,,,,,,,,,,,,　でも、思い出の詰まったアパートを取り壊したくない
　離れたくないという気持ちは俺にもわかる。
262800 ,,,,,,,,,,,,,,,,,　それに、俺だって、まだここから出て行きたくない。
262900 ,,,,,,,,,,,,,,,,,　もっと恋鳥と一緒に暮らしていたい。
263000 ,,,,,,,,,,,,,,,,,　しかし……。
263100 ,,,,,,,大家さん,大家さん,15oya770_014.wav,,,,,,,,「でもね、息子が私の体のことを心配するのも
　よくわかるのよ」
263200 ,,,,,,,大家さん,大家さん,15oya770_015.wav,,,,,,,,「だから、むげにも断れなくてね……」
263300 ,,,,,,,,,,,,,,,,,　そうなのだ。
263400 ,,,,,,,,,,,,,,,,,　紫藤グループとは違って、息子さんは純粋に
　大家さんのことを心配している。
263500 ,,,,,,,,,,,,,,,,,　そこに俺が口を挟む権利はない。
263600 ,,,,,,,大家さん,大家さん,15oya770_016.wav,,,,,,,,「紫藤グループの方もいろいろと
　お話をしにこられるし……
　どうしたらいいのかしらね」
263700 ,,,,,,,,,,,,,,,,,　大家さんはそう弱気につぶやくと、
　すまなそうに俺に笑いかけた。
263800 ,,,,,,,大家さん,大家さん,15oya770_017.wav,,,,,,,,「ああ、優哉くんにこんな話をしてごめんなさいね。
　少なくとも、恋鳥ちゃんが卒業するまでは
　絶対にこのアパート、壊したりしないから」
263900 ,,,,,,,優哉,優哉,,,,,,,,,「はい……ありがとうございます。
　それじゃあ、俺、買い物に行くので……」
264000 ,,,,,,,大家さん,大家さん,15oya770_018.wav,,,,,,,,「はい、いってらっしゃい」
264100 ,,,,,,,優哉,優哉,,,,,,,,,「いってきます」
264200 ,,,,,,,,,,,,,,,,,　俺は、早足でその場を後にした。
264300 ,,,,,,,,,,,,,,,,,　大家さんはああ言ってくれているが、
　この先、どうなるかわからない。
264400 ,,,,,,,,,,,,,,,,,　さっきまで晴れていた空までもが
　気が付けば、灰色に曇りかけていた。
264490 ,,<!Lend_scene_change>,0,9000,,,,,,,,,,,,,
264700 ,@771,,,,,,,,,,,,,,,,
265000 ,,<!Lbegin_scene_change>,8,7222,,,優哉,優哉,,,,,,,,,「はぁー……」
265100 ,,,,,,,,,,,,,,,,,　俺は、さっきの大家さんの話を考えていた。
265200 ,,,,,,,,,,,,,,,,,　考えてみれば、確かに大家さんも年だし、
　息子さんも心配だよな……。
265300 ,,,,,,,,,,,,,,,,,　俺の親父も、再婚した母さんも
　今はぴんぴんしてるからまだ想像しかできないが
　年くって弱ったらやっぱり心配すると思う。
265400 ,,,,,,,,,,,,,,,,,　遠くで離れて暮らしていたら、
　やっぱり近くで一緒に暮らそうって話に
　持っていくかも知れない。
265500 ,,,,,,,優哉,優哉,,,,,,,,,「はぁ……そうだよなあ……」
265600 ,,,,,,,恋鳥,恋鳥,04kot771_001.wav,"kotori,pajamas",,3,,,,,「どうした、ゆーや？」
265700 ,,,,,,,優哉,優哉,,kotori,,3,,,,,「うわわっ！」
265800 ,,,,,,,,,,kotori,,3,,,,,　はっと気が付くと、恋鳥の顔がどアップで迫っていた。
265900 ,,,,,,,,,,kotori,,3,,,,,　思わず、驚いて箸を取り落とす俺。
266000 ,,,,,,,,,,kotori,,3,,,,,　恋鳥がそんな俺を心配そうに見ている。
　いや、表情はそういつもと変わらないのだが。
266100 ,,,,,,,,,,kotori,,3,,,,,　眉がこころもち寄っている気がする。
266200 ,,,,,,,恋鳥,恋鳥,04kot771_002.wav,kotori,,5,,,,,「さっきから箸が進んでないぞ。今日のごはん、失敗したか？」
266300 ,,,,,,,優哉,優哉,,kotori,,5,,,,,「いや、美味いよ。
　恋鳥のごはんは相変わらず最高！」
266400 ,,,,,,,,,,kotori,,5,,,,,　その言葉を証明すべく、卵焼きをおかずに、
　ごはんをかっこみ、空になった茶碗を突き出す。
266500 ,,,,,,,優哉,優哉,,kotori,,5,,,,,「おかわり、くれるか」
266600 ,,,,,,,恋鳥,恋鳥,04kot771_003.wav,kotori,,0,,,,,「そんなにがっついたら喉につめるぞ」
266700 ,,,,,,,優哉,優哉,,kotori,,0,,,,,「恋鳥のメシが美味いから」
266800 ,,,,,,,恋鳥,恋鳥,04kot771_004.wav,kotori,,0,,,,,「……おかわりだな。ちょっと待て」
266900 ,,,,,,,,,,kotori,,0,,,,,　恋鳥が、さっきよりも山盛りにごはんをよそって
　俺に返す。
267000 ,,,,,,,,,,kotori,,0,,,,,　う……食えるかな。
267100 ,,,,,,,,,,kotori,,0,,,,,　まあ、おかずも美味いし、なんとかなるだろう。
267200 ,,,,,,,恋鳥,恋鳥,04kot771_005.wav,kotori,,3,,,,,「で、なにかあったのか？」
267300 ,,,,,,,優哉,優哉,,kotori,,3,,,,,「ん？　なにがだ？」
267400 ,,,,,,,恋鳥,恋鳥,04kot771_006.wav,kotori,,3,,,,,「さっきからためいきばかりついてた。
　恋鳥のごはんが原因じゃないならなんだ？」
267500 ,,,,,,,,,,kotori,,3,,,,,　恋鳥がじっと俺の目を見上げてくる。
267600 ,,,,,,,恋鳥,恋鳥,04kot771_007.wav,kotori,,3,,,,,「何かあるなら恋鳥に話してみろ。
　恋鳥は年上なんだから、なんでも相談に乗るぞ」
267700 ,,,,,,,,,,kotori,,3,,,,,　不器用ながらも俺を心配してそう言ってくる恋鳥に
　俺の胸が熱くなった。
267800 ,,,,,,,,,,kotori,,3,,,,,　最初の頃を思えば、まるで夢のようだ。
267900 ,,,,,,,,,,kotori,,3,,,,,　だが、だからこそさっきのことを話すべきか
　どうか迷う。
268000 ,,,,,,,優哉,優哉,,kotori,,3,,,,,「あー……実はな」
268100 ,,,,,,,,,,kotori,,3,,,,,　迷ったすえに、俺は話すのをやめた。
268200 ,,,,,,,,,,kotori,,3,,,,,　せっかく心を開き始めた恋鳥に、余計な負担を
　かけたくはない。
268300 ,,,,,,,優哉,優哉,,kotori,,3,,,,,「今日の、グラマーの宿題が……」
268400 ,,,,,,,恋鳥,恋鳥,04kot771_008.wav,kotori,,0,,,,,「なんだ、そんなことか」
268500 ,,,,,,,優哉,優哉,,kotori,,0,,,,,「そんなこととはなんだ。
　俺にとっちゃ深刻なんだぞ！
　それとも恋鳥がやってくれるのか？」
268600 ,,,,,,,恋鳥,恋鳥,04kot771_009.wav,kotori,,0,,,,,「そんなわけないだろう。
　宿題は自分の力でやるものだと決まってる」
268700 ,,,,,,,優哉,優哉,,kotori,,0,,,,,「ちぇ、わかったよ」
268800 ,,,,,,,,,,kotori,,0,,,,,　なんとかうまく誤魔化せたみたいだ。
268900 ,,,,,,,,,,kotori,,0,,,,,　……まあ、実際、宿題があるわけだが！
269000 ,,,,,,,,,,kotori,,0,,,,,　それをどうにかしないといけないわけだが！
269100 ,,,,,,,,,,kotori,,0,,,,,　思い出したらさらに頭が痛くなった俺を
　心配したのか、恋鳥が珍しく俺の頭を撫でてくれた。
269200 ,,,,,,,恋鳥,恋鳥,04kot771_010.wav,kotori,,3,,,,,「そんなに難しいのか？」
269300 ,,,,,,,優哉,優哉,,kotori,,3,,,,,「難しい。
　俺にとってはエベレストに登るほど難しい」
269400 ,,,,,,,恋鳥,恋鳥,04kot771_011.wav,kotori,,5,,,,,「……そうか」
269500 ,,,,,,,,,,kotori,,5,,,,,　恋鳥は、しばらく難しい顔をしていたかと思うと、
　俺の頭をまた撫でた。
269600 ,,,,,,,,,,kotori,,5,,,,,　ちょっと視線をずらし、ぼそりとつぶやく恋鳥。
269700 ,,,,,,,恋鳥,恋鳥,04kot771_012.wav,kotori,,0,,,,,「終わったら、ごほうびをやってもいいぞ」
269800 ,,,,,,,優哉,優哉,,kotori,,0,,,,,「なに？　ごほうび？！」
269900 ,,,,,,,,,,kotori,,0,,,,,　がぜん、やる気が出て来た。
270000 ,,,,,,,恋鳥,恋鳥,04kot771_013.wav,kotori,,6,,,,,「お風呂で体を洗ってやってもいい」
270100 ,,,,,,,,,,kotori,,6,,,,,　やる気、出たー！
270200 ,,,,,,,優哉,優哉,,kotori,,6,,,,,「よっし、俺、がんばるぜ。
　だから、早くお風呂入ろうなっ」
270300 ,,,,,,,,,,kotori,,1,,,,,　勢いよく鞄を開ける俺を見て、恋鳥が笑った。
270400 ,,,,,,,恋鳥,恋鳥,04kot771_014.wav,kotori,,1,,,,,「ゆーや、単純……」
270500 ,,,,,,,,,,kotori,,1,,,,,　でも、その声には愛がこもってたから、
　いいことにした。
270590 ,,<!Lend_day_change>,0,9000,,,,,,,,,,,,,
270599 ,,<!ec_kotori_pri>,,,,,,,,,,,,,,,
270800 ,@772,,,,,,,,,,,,,,,,
271100 ,,<!Lbegin_day_change>,8,7221,,,優哉,優哉,,,,,,,,,「平和だなあ……」
271200 ,,,,,,,,,,,,,,,,,　俺は、ごろりと寝っ転がりながら、
　新聞を読んでいた。
271300 ,,,,,,,,,,,,,,,,,　台所から聞こえる何かを刻む音。
　ことことと煮える味噌汁の匂い。
271400 ,,,,,,,,,,,,,,,,,　窓から見える夕日が、明日の晴天を約束している。
271500 ,,,,,,,,,,,,,,,,,　これを平和と呼ばずしてなんと呼ぶのだろう。
271600 ,,,,,,,優哉,優哉,,,,,,,,,「おーい、恋鳥ー。今日の夕飯なんだー？」
271700 ,,,,,,,恋鳥,恋鳥,04kot772_001.wav,,,,,,,,「味噌汁と、麻婆茄子だ。デザートにチョコケーキも
　買ってあるぞ。あ、あと肉じゃがも作った」
271800 ,,,,,,,,,,,,,,,,,　相変わらず微妙に取り合わせの妙なメニューだが、
　そんな食卓にも慣れた。
271900 ,,,,,,,,,,,,,,,,,　むしろ、恋鳥らしい返事に日常を感じて、勝手に
　顔が笑ってしまう。
272000 ,,,,,,,,,,,,,,,,,　夕飯を聞いて、返事が返ってくる。
272100 ,,,,,,,,,,,,,,,,,　しかも、姉さん女房なのに、無乳でスジの嫁から！
272200 ,,,,,,,,,,,,,,,,,　これ以上の幸せがあるだろうか、いや、ない。
272300 ,,<!se_entrance_chime>,,,,,,,,,,,,,,,　などと、俺が幸せに浸っていると、玄関のチャイムが
　鳴った。
272400 ,,,,,,,恋鳥,恋鳥,04kot772_002.wav,,,,,,,,「ゆーや、手が離せないから出てくれ」
272500 ,,,,,,,優哉,優哉,,,,,,,,,「へいへい」
272600 ,,,,,,,,,,,,,,,,,　なんとなく夫婦っぽいやりとりだな。
272700 ,,,,,,,,,,,,,,,,,　またにやけそうな顔を引き締め、俺は玄関に向かった。
272800 ,,,,,,,優哉,優哉,,,,,,,,,「なんですかー？　新聞の勧誘なら、間に合って……」
272900 ,,<!move_veryshort>,,7101,,,優哉,優哉,,,,,,,,,「……って、先生っ？！」
273000 ,,,,,,,,,,,,,,,,,　玄関を開けた先には、なぜか、恋鳥の担任が
　立っていた。
273100 ,,,,,,,,,,,,,,,,,　俺が出て来たことが予想外らしく、口をぱくぱくと
　開けている。
273200 ,,,,,,,優哉,優哉,,,,,,,,,「なんで、ここに……」
273300 ,,,,,,,担任,担任,21tan772_001.wav,,,,,,,,「それはこっちのセリフだ。お前、まさか、葛城と……」
273400 ,,,,,,,,,,,,,,,,,　違います、と俺が答えようとした瞬間、
　俺の後ろから鍋を抱えた恋鳥がやってきた。
273500 ,,,,,,,恋鳥,恋鳥,04kot772_003.wav,"kotori,pajamas",,0,,,,,「どうした、ゆーや。嫁はごはんの支度を終えたぞ」
273600 ,,,,,,,,,,kotori,,2,,,,,　俺の前に立った、担任を見て、恋鳥が顔色を変えた。
273700 ,,,,,,,,,,kotori,,2,,,,,　俺は、恋鳥のセリフを聞いて、
　事態がばれたことを確信した。
273800 ,,,,,,,恋鳥,恋鳥,04kot772_004.wav,kotori,,5,,,,,「そういえば、今日、家庭訪問だった……」
273900 ,,,,,,,,,,kotori,,5,,,,,　担任の顔がじょじょに厳しいものになっていく。
274000 ,,,,,,,担任,担任,21tan772_002.wav,kotori,,5,,,,,「葛城、墨崎、これはどういうことなのか、
　説明してもらおうか」
274100 ,,,,,,,,,,kotori,,5,,,,,　鍋を持ったまま呆然とする恋鳥。
274200 ,,,,,,,,,,kotori,,5,,,,,　俺はとっさに上手い言い訳を考えた。
274300 ,,,,,,,,,,kotori,,5,,,,,　が、出てくるはずもない。
274400 ,,,,,,,,,,kotori,,5,,,,,　ただ、沈黙だけがしばらくその場を支配した……。
274490 ,,<!Lend_scene_change>,0,9000,,,,,,,,,,,,,
274499 ,,<!ec_kotori_uni>,,,,,,,,,,,,,,,
274700 ,@773,,,,,,,,,,,,,,,,
275000 ,,<!Lbegin_scene_change>,4,13101,,,,,,,,,,,,,　夕焼け空の下、俺は恋鳥との待ち合わせ場所に
　向かって、走っていた。
275100 ,,,,,,,優哉,優哉,,,,,,,,,「あいつ、大丈夫かな……」
275200 ,,,,,,,,,,,,,,,,,　俺は、今日の先生たちとのやりとりを思い出して、
　心配になった。
275300 ,,,,,,,,,,,,,,,,,　恋鳥のことだから、見た目には平気そうでも
　きっと落ち込んでるに違いない。
275400 ,,,,,,,優哉,優哉,,,,,,,,,「とにかく、急ぐか……」
275500 ,,,,,,,,,,,,,,,,,　俺はさらにスピードを速めた。
275600 ,,,,,,,,,,,,,,,,,　結局、あのあと必死の言い訳も無駄になって、
　俺と恋鳥との同棲生活は学校にばれてしまった。
275700 ,,,,,,,,,,,,,,,,,　俺は……事情がはっきりするまで停学。
275800 ,,,,,,,,,,,,,,,,,　まあ、それはいい。自業自得だ。
275900 ,,,,,,,,,,,,,,,,,　それに恋鳥にはなんの処分も降りなかったんだから、
　それだけで十分だ。
276000 ,,,,,,,,,,,,,,,,,　全部、俺が言い出したことだとかばった甲斐があった。
276100 ,,,,,,,,,,,,,,,,,　恋鳥におとがめがないなら、俺の停学くらい
　どうってことない。
276200 ,,,,,,,優哉,優哉,,,,,,,,,「けど、いつまでもこのままにしておくわけには
　いかないよなぁ……」
276300 ,,,,,,,,,,,,,,,,,　なにか対策を考えないと。
276400 ,,,,10301,,,,,,,,,,,,,　そんなことを考えながら、走っていたら、
　いつの間にか、目的地についていた。
276500 ,,,,,,,恋鳥,恋鳥,04kot773_001.wav,"kotori,private",,3,,,,,「……遅いぞ」
276600 ,,,,,,,,,,kotori,,3,,,,,　丘の上で、恋鳥がこっちを向いて立っていた。
276700 ,,,,,,,,,,kotori,,3,,,,,　無表情のはずなのに、俺には恋鳥がいまにも
　泣き出しそうに見えた。
276800 ,,,,,,,優哉,優哉,,kotori,,3,,,,,「ごめん」
276900 ,,,,,,,,,,kotori,,3,,,,,　謝って、その小さな体を抱き寄せる。
277000 ,,,,,,,,,,kotori,,3,,,,,　恋鳥の、甘い匂いがした。
277100 ,,,,,,,恋鳥,恋鳥,04kot773_002.wav,kotori,,0,,,,,「ここなら、誰も来ないから」
277200 ,,,,,,,,,,kotori,,0,,,,,　恋鳥がじっと俺を見上げる。
277300 ,,,,,,,恋鳥,恋鳥,04kot773_003.wav,kotori,,6,,,,,「だから……家で、してることも、できるぞ」
277400 ,,,,,,,,,,kotori,,6,,,,,　恋鳥が俺から体を離すと、その場に座った。
277500 ,,,,,,,,,,kotori,,6,,,,,　ここに来い、というように膝をたたく恋鳥。
277600 ,,,,,,,優哉,優哉,,kotori,,6,,,,,「膝枕……してくれるのか？」
277700 ,,,,,,,恋鳥,恋鳥,04kot773_004.wav,kotori,,6,,,,,「それ以外のなんだっていうんだ」
277800 ,,,,,,,,,,kotori,,6,,,,,　恋鳥の顔が夕日に照らされた以外の理由でも
　赤く染まっている。
277900 ,,,,,,,,,,kotori,,6,,,,,　恋鳥からくっつくのを提案されて、俺は
　小躍りしたい気分を抑えつつ、
　その膝に頭を乗せて横になった。
278100 ,,,,,400431,,,,,,,,,,,,　ちょっと柔らかさが足りないが、
　あったかい恋鳥の体温が後頭部から伝わってくる。
278200 ,,,,,400431,,恋鳥,恋鳥,04kot773_005.wav,,,,,,,,「気持ちいいか？」
278300 ,,,,,400431,,優哉,優哉,,,,,,,,,「ああ、気持ちいいぞ。
　やっぱり嫁には膝枕をしてもらわないとな」
278400 ,,,,,400431,,恋鳥,恋鳥,04kot773_006.wav,,,,,,,,「……まだ、恋鳥はゆーやの嫁か？」
278500 ,,,,,400431,,,,,,,,,,,,　恋鳥が俺の顔を覗き込んで、そう口にした。
278600 ,,,,,400431,,,,,,,,,,,,　俺の胸に置かれた手が、かすかに震えている。
278700 ,,,,,400431,,,,,,,,,,,,　そこから恋鳥の不安が伝わってきた。
278800 ,,,,,400431,,優哉,優哉,,,,,,,,,「ああ、恋鳥は俺の嫁だぞ。
　たとえ、一緒に暮らせなくても、それは変わらない」
278900 ,,,,,400431,,恋鳥,恋鳥,04kot773_007.wav,,,,,,,,「恋鳥はいやだ！」
279000 ,,,,,400431,,優哉,優哉,,,,,,,,,「え？」
279100 ,,,,,400431,,,,,,,,,,,,　珍しく大きな恋鳥の声に俺は驚いた。
279200 ,,,,,400432,,恋鳥,恋鳥,04kot773_008.wav,,,,,,,,「ゆーやと一緒に暮らせないのはいやだ……」
279300 ,,,,,400432,,,,,,,,,,,,　恋鳥が俺の服の裾をぎゅっとつかみ、うつむいて
　肩を震わせる。
279400 ,,,,,400432,,優哉,優哉,,,,,,,,,「恋鳥……」
279500 ,,,,,400432,,,,,,,,,,,,　俺は一瞬、恋鳥が泣いているのかと思った。
279600 ,,,,,400432,,恋鳥,恋鳥,04kot773_009.wav,,,,,,,,「恋鳥はゆーやと一緒にいたい……
　ふーふは一緒に暮らすものだ。
　そうだろう……？」
279700 ,,,,,400432,,,,,,,,,,,,　恋鳥は、涙をこぼしてはいなかった。
279800 ,,,,,400432,,,,,,,,,,,,　いつもとさして表情が変わっているようにも
　見えない。
279900 ,,,,,400432,,,,,,,,,,,,　でも、俺の目には確かに泣いている恋鳥が見えた。
280000 ,,,,,400432,,,,,,,,,,,,　不器用で、寂しがり屋の恋鳥。
280100 ,,,,,400432,,,,,,,,,,,,　年上なのに子供みたいな恋鳥。
280200 ,,,,,400432,,,,,,,,,,,,　俺の大好きな恋鳥。
280300 ,,,,,400432,,,,,,,,,,,,　俺の嫁。
280400 ,,,,,400432,,優哉,優哉,,,,,,,,,「そうだな。夫婦は一緒に暮らすものだ」
280500 ,,,,,400432,,,,,,,,,,,,　俺は恋鳥の頭に手を伸ばして抱き寄せた。
280600 ,,,,,400431,,恋鳥,恋鳥,04kot773_010.wav,,,,,,,,「だったら……出て行くな。
　誰が何を行っても、あの家にいろ」
280700 ,,,,,400431,,恋鳥,恋鳥,04kot773_011.wav,,,,,,,,「ゆーやがいないといやだ……」
280800 ,,,,,400431,,優哉,優哉,,,,,,,,,「そういうわけにもいかないだろ？」
280900 ,,,,,400431,,,,,,,,,,,,　だだをこねるように、いやいやと首を振る恋鳥の
　髪をなだめるように撫でた。
281000 ,,,,,400431,,,,,,,,,,,,　それでも、恋鳥の声は不安そうな色を帯びたままだ。
281100 ,,,,,400431,,恋鳥,恋鳥,04kot773_012.wav,,,,,,,,「わかってる……でも、一緒がいい……」
281200 ,,,,,400431,,優哉,優哉,,,,,,,,,「俺だって一緒がいいよ」
281300 ,,,,,400431,,,,,,,,,,,,　恋鳥の頭を抱き寄せ、その不安に揺れる瞳を
　間近で見つめる。
281400 ,,,,,400431,,優哉,優哉,,,,,,,,,「同棲をやめるつもりは絶対ないから」
281500 ,,,,,400431,,恋鳥,恋鳥,04kot773_013.wav,,,,,,,,「本当か……？」
281600 ,,,,,400431,,,,,,,,,,,,　恋鳥の顔にわずかに期待が灯る。
281700 ,,,,,400431,,優哉,優哉,,,,,,,,,「ああ、必ず帰ってくる。
　だから待っててくれ」
281800 ,,,,,400431,,恋鳥,恋鳥,04kot773_014.wav,,,,,,,,「本当だな？」
281900 ,,,,,400431,,優哉,優哉,,,,,,,,,「ああ、本当だ。約束する」
282000 ,,,,,400431,,恋鳥,恋鳥,04kot773_015.wav,,,,,,,,「約束破ったら、ハリセンボン百匹食べてもらうぞ」
282100 ,,,,,400431,,優哉,優哉,,,,,,,,,「それはかなりいやだな」
282200 ,,,,,400431,,,,,,,,,,,,　恋鳥が食卓に一生懸命ハリセンボンを並べているのを
　想像したら、なんだか少しおかしくなった。
282300 ,,,,,400431,,,,,,,,,,,,　笑う俺を見て、恋鳥の表情も少し柔らかくなる。
282400 ,,,,,400431,,恋鳥,恋鳥,04kot773_016.wav,,,,,,,,「いやなら……必ず帰ってこい」
282500 ,,,,,400431,,優哉,優哉,,,,,,,,,「ああ、わかってるよ」
282600 ,,,,,400431,,,,,,,,,,,,　そのまま、俺はじっと恋鳥の目を見つめた。
282700 ,,,,,400431,,,,,,,,,,,,　俺だけを見つめるその純粋な瞳。
　それを絶対に裏切らないと俺は誓った。
282800 ,,,,,400431,,優哉,優哉,,,,,,,,,「恋鳥……愛してる」
282900 ,,,,,400431,,,,,,,,,,,,　自分でもびっくりするくらい、自然に口から
　零れ出た。
283000 ,,,,,400431,,,,,,,,,,,,　恋鳥の顔が一瞬で夕日以上に赤く染まった。
283100 ,,,,,400431,,恋鳥,恋鳥,04kot773_017.wav,,,,,,,,「…………そうか」
283200 ,,,,,400431,,優哉,優哉,,,,,,,,,「だから……必ず帰ってくるよ」
283300 ,,,,,400431,,恋鳥,恋鳥,04kot773_018.wav,,,,,,,,「わかった」
283400 ,,,,,400431,,,,,,,,,,,,　恋鳥が、俺の小指に自分の小指をからめた。
283500 ,,,,,400431,,,,,,,,,,,,　長い時間をかけて、俺たちはその指を離した。
283590 ,,<!Lend_day_change>,0,9000,,,,,,,,,,,,,
283599 ,,<!ec_kotori_pri>,,,,,,,,,,,,,,,
283800 ,@774,,,,,,,,,,,,,,,,
284090 ,$heroine_begin,,,,,,,,,,,,,,,,
284100 ,,<!Lbegin_day_change>,5,7220,,,,,,,,,,,,,　ゆーやがいなくなって、もう何日だろう。
284200 ,,,,,,,,,,,,,,,,,　ごはんが美味しくない。
　美味しくないから、作る気がしない。
284300 ,,,,,,,,,,,,,,,,,　玄関の外で音がするたびに走っていって
　ドアを開けた。
284400 ,,,,,,,,,,,,,,,,,　でも、ゆーやじゃなかった。
284500 ,,,,,,,,,,,,,,,,,　その度に、ゆーやはもう帰ってこないって
　思い知らされるようで、辛かった。
284600 ,,,,,,,,,,,,,,,,,　いや、帰ってこないんじゃない。
284700 ,,,,,,,,,,,,,,,,,　約束、したから。
284800 ,,,,,,,,,,,,,,,,,　ゆーやは必ず帰ってくる。
　でないと、ハリセンボン百匹食べさせる。
284900 ,,,,,,,,,,,,,,,,,　でも、いつ帰ってくるんだろう……。
285090 ,,<!se_kotori_door_open>,,,,,,,,,,,,,,,
285100 ,,<wait time=""1500"">,,,,,恋鳥,恋鳥,04kot774_001.wav,,,,,,,,「ゆーやっ？」
285200 ,,,,,,,,,,,,,,,,,　玄関の開く音がしたから、急いで走った。
285300 ,,,,,,,,,,,,,,,,,　廊下でこけそうになったけど、なんとかこらえた。
285400 ,,,,,,,恋鳥,恋鳥,04kot774_002.wav,,,,,,,,「遅いぞ、恋鳥を待たせる……あ……」
285500 ,,,,,,,,,,,,,,,,,　そこに立っていたのはゆーやじゃなかった。
285600 ,,,,,,,,,,,,,,,,,　恋鳥のもう一人の大事な人。
285700 ,,,,,,,恋鳥,恋鳥,04kot774_003.wav,,,,,,,,「おばあちゃん……」
285800 ,,,,,,,,,,,,,,,,,　でも、残念な顔になるのは止められなかった。
285900 ,,,,,,,,,,,,,,,,,　恋鳥が今、会いたいのはゆーやだから。
286000 ,,,,,,,大家さん,大家さん,15oya774_001.wav,,,,,,,,「優哉くんじゃなくて、ごめんね。
　恋鳥ちゃん、だいじょうぶ？
　ちゃんとごはん食べてる？」
286100 ,,,,,,,,,,,,,,,,,　いつもと同じ優しい声。
　なんだか泣きたくなった。
286200 ,,,,,,,,,,,,,,,,,　でも、泣いたらおばあちゃんが心配する。
　だから、一所懸命我慢した。
286300 ,,,,,,,恋鳥,恋鳥,04kot774_004.wav,,,,,,,,「うん、だいじょうぶ。ちゃんと食べてる。
　恋鳥は、一人でも平気だぞ」
286400 ,,,,,,,,,,,,,,,,,　でも、おばあちゃんの心配そうな顔は
　変わらなかった。
286500 ,,,,,,,,,,,,,,,,,　恋鳥は、そんなに心配かけていたんだろうか。
　そう思ったら、余計悲しくなった。
286600 ,,,,,,,大家さん,大家さん,15oya774_002.wav,,,,,,,,「それならいいんだけど……ごめんね。
　私も何日か留守にするから、恋鳥ちゃん一人に
　なるでしょう？　それが心配で」
286700 ,,,,,,,恋鳥,恋鳥,04kot774_005.wav,,,,,,,,「え？　どこか行くのか？」
286800 ,,,,,,,,,,,,,,,,,　おばあちゃんもいなくなる……。
　胸にどすん、と重たいものがきた。
286900 ,,,,,,,大家さん,大家さん,15oya774_003.wav,,,,,,,,「そうなの。ごめんね。
　恋鳥ちゃん、本当にだいじょうぶ？」
287000 ,,,,,,,,,,,,,,,,,　本当は大丈夫じゃない。
　でも、おばあちゃんにこれ以上心配はかけられない。
287100 ,,,,,,,恋鳥,恋鳥,04kot774_006.wav,,,,,,,,「うん、だいじょうぶだ。
　だから、心配せず出かけていいぞ」
287200 ,,,,,,,,,,,,,,,,,　だから嘘をついた。
287300 ,,,,,,,大家さん,大家さん,15oya774_004.wav,,,,,,,,「そう……じゃあ、よろしくね。
　いってきます」
287400 ,,<!se_kotori_door_close>,,,,,,,,,,,,,,,　おばあちゃんは何度もこっちを気にするように
　振り返りながら出て行った。
287500 ,,,,,,,,,,,,,,,,,　部屋がまた静かになった。
287600 ,,,,,,,,,,,,,,,,,　一人になったんだ。
287700 ,,,,,,,,,,,,,,,,,　そう思ったら、この部屋にいられなくて、
　思わず飛び出していた。
287800 ,,<!move_veryshort>,,7103,,,,,,,,,,,,,　とにかく、ゆーやの声が聞きたかった。
288000 ,,<!move_normal>,,12202,,,,,,,,,,,,,　飛び出してきたはいいけど、
　どこに行ったらいいんだろう？
288100 ,,,,,,,,,,,,,,,,,　どこに行けばゆーやに会える？
　ゆーやに会いたい。
288200 ,,,,,,,,,,,,,,,,,　それだけで頭がいっぱいだった。
288300 ,,,,,,,,,,,,,,,,,　直接、家に行ったら迷惑だろうか。
288400 ,,,,,,,,,,,,,,,,,　迷惑だろう。ゆーやは停学中だ。
288500 ,,,,,,,,,,,,,,,,,　恋鳥のせいでまたゆーやが悪く言われるのは
　いやだ。
288600 ,,,,,,,恋鳥,恋鳥,04kot774_007.wav,,,,,,,,「電話ならいいか……？」
288700 ,,,,,,,,,,,,,,,,,　電話ボックスに入って、ゆーやの家の番号を押した。
288800 ,,<!se_ch_phone_call>,,,,,,,,,,,,,,,　ぷるるるる……ぷるるるる……。
288900 ,,<stop id=""1""><wait time=""3000"">,,,,,陽向,陽向,07hin774_001.wav,,,,,,,,「はい、もしもし、墨崎です」
289000 ,,,,,,,,,,,,,,,,,　電話の向こうで聞こえたのは、ゆーやに似てるけど、
　ずっと小さいコの声だった。
289100 ,,,,,,,,,,,,,,,,,　弟だろうか。
289200 ,,,,,,,,,,,,,,,,,　ちょっと残念だ。
289300 ,,,,,,,恋鳥,恋鳥,04kot774_008.wav,,,,,,,,「もしもし、葛城です。えっと……ゆーや君、いますか？」
289400 ,,,,,,,陽向,陽向,07hin774_002.wav,,,,,,,,「優哉お兄ちゃんですか？
　ごめんなさい、今、ちょっと出かけてます。
　なにか伝言ありますか？」
289500 ,,,,,,,,,,,,,,,,,　しっかりしてる。
289600 ,,,,,,,,,,,,,,,,,　何か伝えてもらおうかと思ったけど、
　うまく口がまわらなかった。
289700 ,,,,,,,恋鳥,恋鳥,04kot774_009.wav,,,,,,,,「いや、いいです」
289800 ,,,,,,,,,,,,,,,,,　それだけ言うと、電話を切った。
289900 ,,,,,,,,,,,,,,,,,　優哉は留守。旅館ならいるだろうか？
290000 ,,,,,,,,,,,,,,,,,　気が付いたら、手が勝手にすみさきの番号を
　押していた。
290100 ,,<!se_ch_phone_call>,,,,,,,,,,,,,,,　ぷるるるる……ぷるるるる……。
290200 ,,<stop id=""1""><wait time=""5000"">,,,,,,,,,,,,,,,　何回か、コール音が鳴る。
　今度こそ、ゆーやが出てくれるだろうか。
290300 ,,,,,,,つむぎ,つむぎ,05tum774_001.wav,,,,,,,,「はい、すみさきです」
290400 ,,,,,,,,,,,,,,,,,　落ち着いた女の人の声だった。
　聞き覚えがある。つむぎの声だ。
290500 ,,,,,,,恋鳥,恋鳥,04kot774_010.wav,,,,,,,,「もしもし……つむぎ、か。恋鳥だ」
290600 ,,,,,,,つむぎ,つむぎ,05tum774_002.wav,,,,,,,,「あ、恋鳥さん……どうなさったんですか？
　優哉さんならいらっしゃいませんけど……」
290700 ,,,,,,,,,,,,,,,,,　ここにもいないのか。
　いよいよ、本当に泣きたくなった。
290800 ,,,,,,,つむぎ,つむぎ,05tum774_003.wav,,,,,,,,「恋鳥さん？　どうかされたんですか？」
290900 ,,,,,,,,,,,,,,,,,　つむぎの声が優しい。
291000 ,,,,,,,恋鳥,恋鳥,04kot774_011.wav,,,,,,,,「ゆーやは出て行ったんだ。
　恋鳥の家から、出て行ったんだ」
291100 ,,,,,,,つむぎ,つむぎ,05tum774_004.wav,,,,,,,,「え……？」
291200 ,,,,,,,恋鳥,恋鳥,04kot774_012.wav,,,,,,,,「学園に、恋鳥と一緒に暮らしてるのがばれて……
　停学になって……一緒に暮らせないって」
291300 ,,,,,,,つむぎ,つむぎ,05tum774_005.wav,,,,,,,,「それは……」
291400 ,,,,,,,,,,,,,,,,,　事情を知らなかったのか、電話の向こうで
　つむぎが驚いてた。
291500 ,,,,,,,,,,,,,,,,,　でも、一度話し出したら、止まらなくなった。
291600 ,,,,,,,恋鳥,恋鳥,04kot774_013.wav,,,,,,,,「ゆーやは必ず帰ってくるって言ったけど、
　まだ帰ってこない……」
291700 ,,,,,,,つむぎ,つむぎ,05tum774_006.wav,,,,,,,,「優哉さん、帰ってくるって言ってらしたんでしょう？」
291800 ,,,,,,,恋鳥,恋鳥,04kot774_014.wav,,,,,,,,「うん」
291900 ,,,,,,,つむぎ,つむぎ,05tum774_007.wav,,,,,,,,「だったら、必ず帰ってこられますよ。
　だから、信じて待っていてあげてください」
292000 ,,,,,,,,,,,,,,,,,　つむぎの声が優しく恋鳥の心に染みた。
292100 ,,,,,,,恋鳥,恋鳥,04kot774_015.wav,,,,,,,,「うん、ありがとう」
292200 ,,,,,,,,,,,,,,,,,　電話を切って、見上げた空は綺麗だった。
292300 ,,,,,,,,,,,,,,,,,　泣きたくなるくらい、星がいっぱいだった。
292500 ,,<!move_normal>,,12102,,,,,,,,,,,,,　泣きそうなのをなんとか我慢した。
　ちょっとでも泣いたら、もう止まりそうにないから。
292600 ,,,,,,,,,,,,,,,,,　でも、家の前まで来て、竹林が見えたら、
　また泣きたくなった。
292700 ,,,,,,,,,,,,,,,,,　鼻の奥がつん、と痛くなる。
　唇をどんなに噛んでも、それが無くなってくれない。
292800 ,,,,,,,恋鳥,恋鳥,04kot774_016.wav,,,,,,,,「ゆーや……ゆーやぁ！」
292900 ,,,,,,,,,,,,,,,,,　どれだけ呼んでも、ゆーやは来てくれない。
　ここで、ゆーやが抱っこしてくれたのは
　つい昨日みたいに思い出せるのに。
293000 ,,,,,,,,,,,,,,,,,　涙がこぼれる。
　もう、だめだ。我慢できない。
293100 ,,,,,,,恋鳥,恋鳥,04kot774_017.wav,,,,,,,,「ゆーやっ！　ゆーやぁっ！
　会いたいっ……ゆーやに、会いたいっ！」
293200 ,,,,,,,,,,,,,,,,,　早く帰ってこい。
　そして、恋鳥を抱っこして。
293300 ,,,,,,,,,,,,,,,,,　たくさん、好きだっていって。
　また愛してるって言って。
293400 ,,,,,,,,,,,,,,,,,　恋鳥は、ゆーやの嫁だから。
　ずっとずっと嫁だから。
293500 ,,,,,,,恋鳥,恋鳥,04kot774_018.wav,,,,,,,,「一人に……するなっ！
　ゆーやぁっっ！」
293600 ,,,,,,,,,,,,,,,,,　恋鳥は、しばらく泣いた。
　ゆーやに抱っこされたことを思い出して、
　今度は自分で自分をぎゅってしながら。
293690 ,,<!Lend_day_change>,0,9000,,,,,,,,,,,,,
293699 ,$heroine_end,,,,,,,,,,,,,,,,
293900 ,@775,,,,,,,,,,,,,,,,
294190 ,$heroine_begin,,,,,,,,,,,,,,,,
294200 ,,<!Lbegin_day_change>,0,7223,,,,,,,,,,,,,　今日もゆーやがいない。
294300 ,,,,,,,,,,,,,,,,,　布団が冷たい。部屋が温かくならない。
294400 ,,,,,,,,,,,,,,,,,　晩御飯は一人で食べた。お風呂も一人で入った。
294500 ,,,,,,,,,,,,,,,,,　部屋を暗くしたら、本当に一人なんだと分かる。
294600 ,,,,,,,,,,,,,,,,,　ゆーやがいない。
294700 ,,,,,,,,,,,,,,,,,　ゆーやの匂いがしない……。
294800 ,,,,,,,恋鳥,恋鳥,04kot775_001.wav,,,,,,,,「……ゆーやぁ」
294900 ,,,,,,,,,,,,,,,,,　寂しい。
295000 ,,,,,,,,,,,,,,,,,　一人は嫌だ。
295100 ,,,,,,,,,,,,,,,,,　一人で寝るのはもう嫌だ。
295200 ,,,,,,,,,,,,,,,,,　ゆーやがいないと、全部嫌だ――。
295500 ,,<!timepass_1_long>,14,9000,,,優哉,優哉,,,,,,,,,「どうした恋鳥、泣きそうな顔して」
295600 ,,,,,,,恋鳥,恋鳥,04kot775_002.wav,,,,,,,,「ゆーや、帰ってきてたのか？」
295700 ,,,,,,,,,,,,,,,,,　いつの間にか、布団にゆーやがいる。
295800 ,,,,,,,,,,,,,,,,,　ゆーやはあったかい。
295900 ,,,,,,,,,,,,,,,,,　特に、胸の中にいると落ち着く。
296000 ,,,,,,,優哉,優哉,,,,,,,,,「おいおい、気付いてなかったのか。
　俺はずっと一緒にいたじゃねぇか」
296100 ,,,,,,,恋鳥,恋鳥,04kot775_003.wav,,,,,,,,「そうか。……そうだった。
　ゆーやはずっと、恋鳥のそばにいたぞ」
296200 ,,,,,,,優哉,優哉,,,,,,,,,「そうだぜ。俺はお前がいないとダメだからな。
　こんな可愛いの残して、どっか行くかよ」
296300 ,,,,,,,恋鳥,恋鳥,04kot775_004.wav,,,,,,,,「ゆーや、痛いぞ……」
296400 ,,,,,,,,,,,,,,,,,　ゆーやの胸は広い。
　両腕で抱きしめられると、動けなくなる。
296500 ,,,,,,,優哉,優哉,,,,,,,,,「ん。でも、手ぇ離していいのか？」
296600 ,,,,,,,恋鳥,恋鳥,04kot775_005.wav,,,,,,,,「それはダメだ。
 ゆーやはずっと、恋鳥と一緒だぞ」
296700 ,,,,,,,優哉,優哉,,,,,,,,,「そうだな、恋鳥」
296800 ,,,,,,,,,,,,,,,,,　ゆーやにしがみつく。
296900 ,,,,,,,,,,,,,,,,,　これは夢だって分かってる。
297000 ,,,,,,,,,,,,,,,,,　それでもゆーやと一緒にいたい。
297100 ,,,,,,,,,,,,,,,,,　抱きしめられていたい。
297200 ,,,,,,,,,,,,,,,,,　一人は嫌だ。
297300 ,,,,,,,,,,,,,,,,,　ゆーやがいないと嫌だ。
297400 ,,,,,,,,,,,,,,,,,　このまま一緒にいられるなら、ずっと夢の中でもいい。
297500 ,,,,,,,,,,,,,,,,,　じぃじみたいに、居なくならないで。
297600 ,,,,,,,恋鳥,恋鳥,04kot775_006.wav,,,,,,,,「ゆーや……！」
297700 ,,,,,,,優哉,優哉,,,,,,,,,「分かってるって恋鳥。
　俺はちゃんとお前のそばにいるから」
297800 ,,,,,,,,,,,,,,,,,　嘘だ。今いないじゃないか。
297900 ,,,,,,,,,,,,,,,,,　恋鳥はこんなに寂しいのに、ゆーやはいないじゃないか。
298000 ,,,,,,,,,,,,,,,,,　起きたらいなくなるくせに。
298100 ,,,,,,,,,,,,,,,,,　起きてもいないくせに。
298200 ,,,,,,,,,,,,,,,,,　嘘つき。嘘つき。嘘つき。
298300 ,,,,,,,優哉,優哉,,,,,,,,,「ゴメンな、恋鳥。でも、夢の中は嘘ばかりだから。
　……だから、そろそろ起きてくれよ」
298400 ,,,,,,,恋鳥,恋鳥,04kot775_007.wav,,,,,,,,「ゆーや？　なんでそんなに遠くに……」
298500 ,,,,,,,,,,,,,,,,,　ゆーやが遠くなる。嫌だ。どうして――
298690 ,,,,9001,,,,,,,,,,,,,
298800 ,,,4,7220,,,優哉,優哉,,,,,,,,,「とり…………恋鳥」
298900 ,,,,,,,恋鳥,恋鳥,04kot775_008.wav,,,,,,,,「ゆーやぁ……」
299000 ,,,,,,,優哉,優哉,,,,,,,,,「ん、やっと起きたか」
299100 ,,,,,,,恋鳥,恋鳥,04kot775_009.wav,,,,,,,,「……？」
299200 ,,,,,,,,,,,,,,,,,　目の前にゆーやの顔がある。
　緊張感のない、見慣れた笑顔で、そこにいる。
299300 ,,,,,,,優哉,優哉,,,,,,,,,「まぁだ寝ぼけてんのか？　恋鳥。
　そんなんだから布団からはみでるんだぜ」
299400 ,,,,,,,,,,,,,,,,,　……恋鳥はもう寝てない。起きてる。それじゃあ。
299500 ,,,,,,,恋鳥,恋鳥,04kot775_010.wav,,,,,,,,「夢じゃ、ないのか……？」
299600 ,,,,,,,優哉,優哉,,,,,,,,,「ちゃんと布団着て寝ろよなー。風邪ひくぞ。
　恋鳥は俺がいないとホントだめだなぁ」
299700 ,,,,,,,恋鳥,恋鳥,04kot775_011.wav,,,,,,,,「……そんな事ないぞ」
299800 ,,,,,,,優哉,優哉,,,,,,,,,「そういう言葉は自分で布団に入ってから言え。
　ほれ、運んでやるからじっとしてろよ？」
299900 ,,,,,,,恋鳥,恋鳥,04kot775_012.wav,,,,,,,,「……？　……ぁ！」
300000 ,,,,,,,,,,,,,,,,,　抱き上げられてる。すっかり油断していた。
　ゆーやめ、なんて手のはやい男だ。
300100 ,,,,,,,優哉,優哉,,,,,,,,,「あーあ、甘えん坊だなぁ恋鳥は。
　俺より年上なのにな」
300200 ,,,,,,,恋鳥,恋鳥,04kot775_013.wav,,,,,,,,「っ！　おりる！　おろせ！　ゆーやのバカ！」
300300 ,,,,,,,優哉,優哉,,,,,,,,,「うわっ！　ちょ、暴れるなって――」
300500 ,,<!ef_body_down_int_other>,,,,,,,,,,,,,,,　落ちた。お尻がいたい。
　この雑な扱いは万死に値する。
300600 ,,,,,,,恋鳥,恋鳥,04kot775_014.wav,,,,,,,,「なんで、もっとちゃんと抱いてないんだ。怠慢だぞ」
300700 ,,,,,,,優哉,優哉,,,,,,,,,「再会していきなり理不尽だなぁ、オイ！」
300800 ,,,,,,,恋鳥,恋鳥,04kot775_015.wav,,,,,,,,「ゆーやが悪いんだぞ」
300900 ,,,,,,,優哉,優哉,,,,,,,,,「おい、恋鳥」
301000 ,,,,,,,恋鳥,恋鳥,04kot775_016.wav,,,,,,,,「ずっと一人で、寂しかったんだぞ……！
　ゆーやのバカ！　なんでもっと、もっと早く――」
301100 ,,,,,,,,,,,,,,,,,　言葉に詰まる。でも言いたくてしょうがない。
　ワガママなのは自分でも分かってる。
301200 ,,,,,,,,,,,,,,,,,　ずっと待ってたんだから。
　ゆーやの事、ずっとだぞ。
301300 ,,,,,,,優哉,優哉,,,,,,,,,「あー、うん。そうだな、俺が悪いよな。
　だから泣くなよ？　ほれ、痛いの痛いの飛んでけー」
301400 ,,,,,,,恋鳥,恋鳥,04kot775_017.wav,,,,,,,,「こんな時に尻を撫でるな」
301500 ,,,,,,,優哉,優哉,,,,,,,,,「だって、打ったのそこだろ」
301600 ,,,,,,,,,,,,,,,,,　あぁ。このバカさ加減は本物のゆーやだ。
301700 ,,,,,,,優哉,優哉,,,,,,,,,「おいおい、失望したような目で納得するなよ、
 俺のチキンハートが痛むじゃないか」
301800 ,,,,,,,恋鳥,恋鳥,04kot775_018.wav,,,,,,,,「嫌だ。許さない。この罪は一生かけて償え」
301900 ,,,,,,,,,,,,,,,,,　そうだ。もう離れないぞ、絶対に。
　首に腕をまわして、力一杯しがみつく。
302000 ,,,,,,,優哉,優哉,,,,,,,,,「はいはい……分かった。分かりました。
　だけどちょっと離れろよ。皆が見てるぜ」
302100 ,,,,,,,恋鳥,恋鳥,04kot775_019.wav,,,,,,,,「皆？」
302200 ,,,,,,,,,,,,,,,,,　言われて、ゆーやの指先を追うと、玄関に――
302300 ,,<!move_look>,,,,,愛歌,愛歌,01man775_001.wav,"manaka,uniform",,6,,,,,「お、お邪魔してまーす」
302400 ,,,,,,,大和,大和,08yam775_001.wav,manaka,,6,"yamato,uniform",,0,,「よう、邪魔するよ」
302500 ,,,,,,,大家さん,大家さん,16oya775_001.wav,manaka,,6,yamato,,0,,「ただいま、恋鳥ちゃん」
302600 ,,,,,,,,,,manaka,,6,yamato,,0,,　皆がいた。いらないのもいる。でもいいや。
302700 ,,,,,,,優哉,優哉,,manaka,,6,yamato,,0,,「全部、見られてたぞ？」
302800 ,,,,,,,恋鳥,恋鳥,04kot775_020.wav,manaka,,6,yamato,,0,,「……いい。ゆーやが全部悪いから。
　恋鳥は何も悪くないぞ」
302900 ,,,,,,,優哉,優哉,,manaka,,0,yamato,,0,,「あー。はい、そうですか。そうですね。
　俺がわるぅございました」
303000 ,,,,,,,恋鳥,恋鳥,04kot775_021.wav,manaka,,0,yamato,,0,,「ん。よろしい」
303100 ,,,,,,,大和,大和,08yam775_002.wav,manaka,,0,yamato,,1,,「尻にしかれてんなぁ、優哉。
　ま、仲良きことは美しきかなってトコか」
303200 ,,,,,,,大和,大和,08yam775_003.wav,manaka,,0,yamato,,0,,「俺達は、とりあえずもう一回外に出るから、
 葛城の準備ができたら呼んでくれよ」
303300 ,,,,,,,優哉,優哉,,manaka,,0,yamato,,0,,「おう。着替えぐらいすぐだ。待ってろ」
303590 ,,<!se_kotori_door_close>,,,,,,,,,,,,,,,
303600 ,,<wait time=""1500"">,,,,,恋鳥,恋鳥,04kot775_022.wav,,,,,,,,「ゆーや、どういう事だ？
　なんでおばあちゃん以外の二人がいるんだ」
303700 ,,,,,,,優哉,優哉,,,,,,,,,「今から全部説明するよ。
　俺が家を空けてた理由も含めて、全部な」
303800 ,,,,,,,恋鳥,恋鳥,04kot775_023.wav,,,,,,,,「そうか」
303900 ,,,,,,,優哉,優哉,,,,,,,,,「そんなわけでまずは着替えだ。
　ほれ、ばんざーい」
304000 ,,,,,,,,,,,,,,,,,　ばんざーい。
304100 ,,,,,,,,,,,,,,,,,　……ん。普通に脱がされた。
　外に人が待ってるのに、恥ずかしいヤツめ。
304200 ,,,,,,,,,,,,,,,,,　でも。
304300 ,,,,,,,,,,,,,,,,,　ゆーやが帰ってきたんだな。
304400 ,,,,,,,恋鳥,恋鳥,04kot775_024.wav,,,,,,,,「ゆーや。……おかえり」
304500 ,,,,,,,優哉,優哉,,,,,,,,,「おう、ただいま」
304600 ,,,,,,,,,,,,,,,,,　うん。今はそれだけでいいや。
304690 ,,<!Lend_scene_change>,0,9000,,,,,,,,,,,,,
304699 ,$heroine_end,,,,,,,,,,,,,,,,
304900 ,@776,,,,,,,,,,,,,,,,
305200 ,,<!Lbegin_scene_change>,4,7220,,,優哉,優哉,,"kotori,private",,0,,,,,「さて、どこから説明したもんかな」
305300 ,,,,,,,,,,kotori,,0,,,,,　速やかに恋鳥を着替えさせ、三人を呼び入れた。
　今は机を真ん中に、五人で車座だ。
305400 ,,,,,,,,,,kotori,,0,,,,,　俺と、恋鳥と、大家さんと、愛歌と、大和。
305500 ,,,,,,,,,,kotori,,0,,,,,　必要な人間を揃えたとはいえ、かなり手狭だな。
305600 ,,,,,,,,,,kotori,,0,,,,,　これから、かなり長い話をしないといけないのに。
305700 ,,,,,,,優哉,優哉,,kotori,,0,,,,,「恋鳥、今から大事な話をするから、お茶でも――」
305800 ,,,,,,,恋鳥,恋鳥,04kot776_001.wav,kotori,,0,,,,,「おばあちゃん、お願い」
305900 ,,,,,,,大家さん,大家さん,15oya776_001.wav,kotori,,0,,,,,「はいはい。皆さん、ちょっと待ってて下さいね」
306000 ,,,,,,,優哉,優哉,,kotori,,0,,,,,「お前なぁ……。さっきから態度悪いぞ」
306100 ,,,,,,,恋鳥,恋鳥,04kot776_002.wav,kotori,,90,,,,,「ゆーやが戻ってきた。だから離れない」
306200 ,,,,,,,優哉,優哉,,kotori,,90,,,,,「うん、それは何度も聞いた。
　ところで恋鳥、もうちょい離れないか？」
306300 ,,,,,,,,,,kotori,,90,,,,,　さっきから、恋鳥が腕にしがみついている。
　別に嫌じゃないが、なんというかこう――。
306400 ,,,,,,,大和,大和,08yam776_001.wav,kotori,,90,"yamato,private",,1,,「あっはっは、カップルが幾らくっついても、
 俺は何一つ気まずくないぞ？」
306500 ,,,,,,,優哉,優哉,,kotori,,90,yamato,,1,,「てんめぇ、楽しんでやがるな」
306600 ,,,,,,,,,,kotori,,90,yamato,,1,,　大和はニヤけた顔で、腕組みしている。
　愛歌にチラチラ視線をやっているが、
306700 ,,,,,,,,,,kotori,,90,"manaka,private",,42,,  愛歌は困ったように笑っているだけだ。
306800 ,,,,,,,,,,kotori,,90,manaka,,42,,　救いの手どころか、合いの手すらありゃしない。
306900 ,,,,,,,優哉,優哉,,kotori,,90,,,,,「……はぁ。もういいや。
　こんな状況で説得力なんてない気もするが、
 まず学校の方はどうにかなったぞ」
307000 ,,,,,,,恋鳥,恋鳥,04kot776_003.wav,kotori,,2,,,,,「本当か？　ゆーや」
307100 ,,,,,,,優哉,優哉,,kotori,,2,,,,,「おう。オヤジに頼んで、手を回してもらった」
307200 ,,,,,,,,,,,,,,,,,　最初は退学まで覚悟した学校も、
307300 ,,,,,,,,,,,,,,,,, 『アパートを守るために俺が派遣されていた』
307400 ,,,,,,,,,,,,,,,,,  というでっち上げで切り抜けられた。
307500 ,,,,,,,,,,,,,,,,,　紫藤グループの強引な進出阻止のため、
　温泉宿の跡取り息子が奔走する。
　まぁ、筋書きとしては悪くなかっただろう。
307600 ,,,,,,,,,,,,,,,,,　この話をした時、大和は苦笑いしてたもんだが。
307700 ,,,,,,,優哉,優哉,,kotori,,2,,,,,「その代わりと言っちゃなんだが、これからココを、
　旅館すみさきの寮にする事になった。
　大家さんもＯＫくれたし、騒がしくなるぞ」
307800 ,,,,,,,優哉,優哉,,kotori,,2,,,,,「分かったか？　恋鳥、俺もまた学校に行けるぞ。
　アパートも潰れないんだ」
307900 ,,,,,,,,,,kotori,,90,,,,,　恋鳥の顔を見る。ちょうど見上げてたのか、目があった。
308000 ,,,,,,,,,,kotori,,90,,,,,　ちょっとした、沈黙。
　こういうの、いちいち気恥ずかしいな。
　周りの視線が気になるぜ……。
308100 ,,,,,,,恋鳥,恋鳥,04kot776_004.wav,kotori,,0,,,,,「……つまり、ゆーやは恋鳥と一緒に暮らせると
　いう事だな。登校も一緒だな？」
308200 ,,,,,,,優哉,優哉,,kotori,,0,,,,,「その解釈は間違いじゃない。
　間違いじゃないが、ほんっとーに緊張感に欠けるなぁ！」
308300 ,,,,,,,,,,kotori,,0,,,,,　大和も愛歌も、呆れてクスクス笑ってやがる。
308400 ,,,,,,,大家さん,大家さん,15oya776_002.wav,kotori,,0,,,,,「はい、お待たせ。熱いから気をつけてね」
308500 ,,,,,,,,,,kotori,,0,,,,,　大家さんの淹れてくれたお茶で、一息いれる。
308600 ,,,,,,,優哉,優哉,,kotori,,0,,,,,「――あー、落ち着くなぁ。
　なんか甘い物でも、買ってくればよかったな」
308700 ,,,,,,,恋鳥,恋鳥,04kot776_031.wav,kotori,,7,,,,,「ゆーや、ないのか」
308800 ,,,,,,,,,,kotori,,7,,,,,　やっべ。恋鳥の目がハンターの輝きをっ！
308900 ,,,,,,,愛歌,愛歌,01man776_002.wav,manaka,,3,kotori,,7,,「ごめんね、恋鳥ちゃん。
　優哉ちゃん、早く恋鳥ちゃんに会いたいって、
　とるものもとりあえず来ちゃったから」
309000 ,,,,,,,,,,manaka,,3,kotori,,7,,　ナイスフォローだ愛歌！
　さっきから空気だけど、さすがここ一番で大活躍！
309100 ,,,,,,,恋鳥,恋鳥,04kot776_005.wav,kotori,,0,,,,,「甘いものは別」
309200 ,,,,,,,優哉,優哉,,kotori,,0,,,,,「本当に容赦ないなお前?!」
309300 ,,,,,,,大家さん,大家さん,15oya776_003.wav,kotori,,0,,,,,「恋鳥ちゃん。お話が全部終わったら、
　皆で一緒に食べに行こうね」
309400 ,,,,,,,恋鳥,恋鳥,04kot776_006.wav,kotori,,1,,,,,「……それなら許す。命拾いしたな、ゆーや」
309500 ,,,,,,,優哉,優哉,,kotori,,0,,,,,「殺意にまで膨れ上がってたのかよ！」
309600 ,,,,,,,,,,kotori,,0,,,,,　大家さんありがとう。
　あなたのおかげで、俺は明日を迎えられそうです。
309700 ,,,,,,,恋鳥,恋鳥,04kot776_007.wav,kotori,,3,,,,,「ところで、ゆーや。
　ここが潰れるとは、どういう事だ？」
309800 ,,,,,,,優哉,優哉,,kotori,,3,,,,,「あれ、そういや話してなかったっけか……」
309900 ,,,,,,,,,,kotori,,3,,,,,　アパートの存続問題は、黙ってた気がする。
　余計な心配かけたくなかったしな――って。
310000 ,,,,,,,優哉,優哉,,kotori,,7,,,,,「いたい、いたい、いーたーいー。
　こら恋鳥、噛み付くな！　俺の腕は餌じゃない！」
310100 ,,,,,,,恋鳥,恋鳥,04kot776_008.wav,kotori,,7,,,,,「甘くないぞ」
310200 ,,,,,,,優哉,優哉,,kotori,,7,,,,,「当たり前だ！　つーか、いきなりなんだ」
310300 ,,,,,,,恋鳥,恋鳥,04kot776_009.wav,kotori,,5,,,,,「どうも恋鳥に、大事な事を黙ってた気がした」
310400 ,,,,,,,優哉,優哉,,kotori,,5,,,,,「あぁ鋭いですね、その通りだよコンチクショウ！」
310500 ,,,,,,,愛歌,愛歌,01man776_003.wav,manaka,,0,,,,,「まぁまぁ、優哉ちゃん、落ち着いて……」
310600 ,,,,,,,大和,大和,08yam776_002.wav,manaka,,0,yamato,,1,,「久しぶりの夫婦喧嘩なんだ。やらせてやれよ秋里」
310700 ,,,,,,,愛歌,愛歌,01man776_004.wav,manaka,,42,yamato,,1,,「でも……そうだね」
310800 ,,,,,,,優哉,優哉,,,,,,,,,「いや、納得すんなよ！」
310900 ,,,,,,,,,,,,,,,,,　これじゃ話が進まない。
　コイツら、説明は全部俺に投げる気か……。
311000 ,,,,,,,,,,,,,,,,,　大家さん、笑ってないでどうにか――。
　いや、ここで黙ってて貰えるだけありがたいのか。
311100 ,,,,,,,恋鳥,恋鳥,04kot776_010.wav,kotori,,0,,,,,「ゆーや、説明」
311200 ,,,,,,,優哉,優哉,,kotori,,0,,,,,「分かった、分かりました。もう諦めたよ……。
　とは言っても、もう解決した話だからな。
　途中で取り乱したりするなよ？」
311300 ,,,,,,,恋鳥,恋鳥,04kot776_011.wav,kotori,,0,,,,,「分かったぞ。恋鳥はゆーやと違って、度胸もある」
311400 ,,,,,,,優哉,優哉,,kotori,,5,,,,,「一人で枕を濡らし――あーいーたーたーたー！！
　……えー、それでは、気を取り直して」
311500 ,,,,,,,,,,kotori,,5,,,,,　涙でそう。もっとカッコよく決めさせろよ。
311600 ,,,,,,,優哉,優哉,,kotori,,5,,,,,「ぶっちゃけると、このアパートは
　取り壊しの危機だったわけだ。
　大家さんの息子さんが提案しててな」
311700 ,,,,,,,恋鳥,恋鳥,04kot776_012.wav,kotori,,7,,,,,「敵――」
311800 ,,,,,,,優哉,優哉,,kotori,,7,,,,,「――じゃありません。
　大家さんを心配して、同居しようとしてたんだ。
　そう悪く言ったもんじゃないぞ」
311900 ,,,,,,,恋鳥,恋鳥,04kot776_013.wav,kotori,,0,,,,,「そうなのか、おばあちゃん」
312000 ,,,,,,,大家さん,大家さん,15oya776_004.wav,kotori,,0,,,,,「ええ。……ありがとうね、恋鳥ちゃん。
　でもうちの息子の言う事も、許してあげてね」
312100 ,,,,,,,恋鳥,恋鳥,04kot776_014.wav,kotori,,0,,,,,「……ん、分かったぞ」
312200 ,,,,,,,,,,kotori,,0,,,,,　苦手だなぁ、この微妙な空気。
　さすがに大和も愛歌も、愛想笑いぐらいしか
　できてない。この静けさが胃に重いぜ。
312300 ,,,,,,,優哉,優哉,,,,,,,,,「やっぱりこの話、大家さんがしてくれませんか？
　俺だと何と言うか、筋違いな気が……」
312400 ,,,,,,,大家さん,大家さん,15oya776_005.wav,,,,,,,,「いえ、優哉くんにお願いするわ。
　わざわざ息子と話し合いまでしてくれた子が、
　筋違いなもんですか」
312500 ,,,,,,,大家さん,大家さん,15oya776_006.wav,,,,,,,,「それに、優哉くんは恋鳥ちゃんの家族でしょう。
　それなら、充分に筋は通ってますよ」
312600 ,,,,,,,,,,,,,,,,,　それを言われると弱いな……。
　勢いででしゃばっただけ、だったりするんだけど。
312700 ,,,,,,,,,,,,,,,,,　まぁ、そういう事なら仕方ない、か。
　他に話す奴もいないもんな。
312800 ,,,,,,,恋鳥,恋鳥,04kot776_015.wav,kotori,,0,,,,,「ゆーや、そんな事もしたのか？」
312900 ,,,,,,,優哉,優哉,,kotori,,0,,,,,「あぁ。んでまぁ、結果を言うとアパートは残る。
　大家さんが寮の管理人を引き受けてくれたんだ」
313000 ,,,,,,,恋鳥,恋鳥,04kot776_016.wav,kotori,,5,,,,,「話が見えないぞ」
313100 ,,,,,,,優哉,優哉,,kotori,,5,,,,,「ほら、お前が、俺がいないとダメなのと一緒。
　大家さんも、頑張る相手がいると大丈夫だって、
　息子さんが分かってくれたんだよ」
313200 ,,,,,,,恋鳥,恋鳥,04kot776_017.wav,kotori,,0,,,,,「なるほど。よく分からないがよく分かったぞ」
313300 ,,,,,,,,,,kotori,,0,,,,,　どっちだよ。っていうか素直じゃないな。
313400 ,,,,,,,大家さん,大家さん,15oya776_007.wav,,,,,,,,「息子も笑ってましたよ。
　母さんがこんなに元気なのは、久しぶりだって。
　だからアパートを残してもいいよ、って」
313500 ,,,,,,,大家さん,大家さん,15oya776_008.wav,,,,,,,,「これから店子さんが増えるかと思うと、
　年甲斐もなくウキウキしてしまって、つい。
　優哉くんが頑張ってくれたおかげですよ」
313600 ,,,,,,,優哉,優哉,,,,,,,,,「いやぁ、そんな事は……」
313700 ,,,,,,,恋鳥,恋鳥,04kot776_018.wav,kotori,,0,,,,,「ゆーやが調子に乗った」
313800 ,,,,,,,優哉,優哉,,kotori,,0,,,,,「ちょっとぐらい乗らせろよ。
　話はまだ、終わってないんだからよ」
313900 ,,,,,,,恋鳥,恋鳥,04kot776_019.wav,kotori,,3,,,,,「……まだあるのか？」
314000 ,,,,,,,優哉,優哉,,kotori,,3,,,,,「あっただろ、地上げの話が」
314100 ,,,,,,,恋鳥,恋鳥,04kot776_020.wav,kotori,,7,,,,,「あ。敵――」
314200 ,,,,,,,優哉,優哉,,kotori,,7,,,,,「――じゃないって、何度言えば分かるんだ。
　ほら、大和は味方だって。愛歌も。
　コラ恋鳥、睨むんじゃありません！」
314300 ,,,,,,,恋鳥,恋鳥,04kot776_021.wav,kotori,,0,,,,,「睨んでないぞ。
　ただ敵なら容赦しないと、目で表現しただけだ」
314400 ,,,,,,,優哉,優哉,,kotori,,0,,,,,「それは威嚇って言うんだ、なお悪いわ！」
314500 ,,,,,,,,,,kotori,,0,,,,,　あぁ、マジで疲れる……。
　冗談抜きで東奔西走してきた俺に、コレはむごい。
314600 ,,,,,,,優哉,優哉,,kotori,,0,,,,,「……大和、今度こそお前に頼んだ。
　しばらく俺に休息をくれ……」
314700 ,,,,,,,大和,大和,08yam776_003.wav,yamato,,0,kotori,,81,,「仕方ないな。俺に感謝しろよ、色々と。
　お代はそのうち体で――あ、すみません。
　調子に乗ってました、冗談です冗談です！」
314800 ,,,,,,,,,,yamato,,0,kotori,,81,,　おぉ。傍目から見たらこんな威力なのか。
　凄いな、恋鳥の眼力。
314900 ,,,,,,,恋鳥,恋鳥,04kot776_022.wav,yamato,,0,kotori,,0,,「フン。小人め」
315000 ,,,,,,,大和,大和,08yam776_004.wav,yamato,,0,,,,,「……コホン。今回の騒ぎの大元は、俺の実家の
　『紫藤グループ』だったわけだけどさ。
　そこのバカが、俺に頭さげてきたのさ」
315100 ,,,,,,,大和,大和,08yam776_005.wav,yamato,,1,,,,,「『すまん大和、俺の大事なモノのために、
　お前の力を貸してくれ！』ってね。
　優哉恋しさに、枕を濡らしていた俺は即ＯＫさ」
315200 ,,,,,,,優哉,優哉,,yamato,,1,,,,,「おい、気持悪いこと言うなよ。睨むぞ」
315300 ,,,,,,,大和,大和,08yam776_006.wav,yamato,,1,,,,,「あぁっ！　もっと俺を見てくれ優哉！」
315400 ,,,,,,,愛歌,愛歌,01man776_005.wav,yamato,,1,manaka,,0,,「あの～、大和くん、恋鳥ちゃんがそろそろ……」
315500 ,,,,,,,,,,yamato,,0,kotori,,7,,　睨む気マンマンですね、恋鳥さん。
　大和が脂汗たらす所なんて、滅多に見られないぞ。
315600 ,,,,,,,大和,大和,08yam776_007.wav,yamato,,0,,,,,「まぁ、だから俺は親父に意見を具申したわけ。
　地上げなんてしてたら、そのうち失敗するぞって」
315700 ,,,,,,,大和,大和,08yam776_008.wav,yamato,,1,,,,,「従来の外部対象のリゾートじゃなく、
　地元密着の経営にした方が長期的にプラスだろう？」
315800 ,,,,,,,大和,大和,08yam776_009.wav,yamato,,1,,,,,「星河原は温泉の町だからね。
　『地域のための温泉』で協調した方が、
　実益でも印象でもいいに決まってる」
315900 ,,,,,,,大和,大和,08yam776_010.wav,yamato,,0,,,,,「温泉卿も援護してくれて、最終的には親父も
　俺の話を飲んでくれたよ。
　いやぁ、そこに至るまで聞くも涙、語るも涙――」
316000 ,,,,,,,恋鳥,恋鳥,04kot776_023.wav,yamato,,0,kotori,,1,,「そうか、よく頑張ったな」
316100 ,,,,,,,,,,yamato,,0,kotori,,4,,　うん。大和には本当に、感謝してもしきれない。
　俺なんかよりもよほど頑張ってくれた。
316200 ,,,,,,,大和,大和,08yam776_011.wav,yamato,,50,,,,,「優哉ぁ～、この子、説明終えたらさっさと切れ、
　みたいな視線を飛ばしてくるよぉ～」
316300 ,,,,,,,優哉,優哉,,yamato,,50,,,,,「うん、お疲れ。もう黙っていいぞ」
316400 ,,,,,,,大和,大和,08yam776_012.wav,yamato,,53,,,,,「ひどっ！　これが親父を敵に回してまで、
　取り戻したかった愛しい優哉なのか！？」
316500 ,,,,,,,愛歌,愛歌,01man776_006.wav,yamato,,53,manaka,,3,,「大和くん……。前々から思ってたけど、
　その、男の人が好きなの？」
316600 ,,,,,,,大和,大和,08yam776_013.wav,yamato,,50,kotori,,7,,「違うよ！　俺は優哉が――すみません、冗談です。
　言葉が過ぎました。許してくださいぃっ！」
316700 ,,,,,,,,,,kotori,,7,,,,,　うーむ。本気で大和を黙らせるとは。
316800 ,,,,,,,優哉,優哉,,kotori,,7,,,,,「凄いなぁ、恋鳥」
316900 ,,,,,,,恋鳥,恋鳥,04kot776_024.wav,kotori,,1,,,,,「ふふん、頭を撫でてもいいぞ」
317000 ,,,,,,,,,,kotori,,1,,,,,　つまり撫でろって事か。
317100 ,,,,,,,,,,kotori,,6,,,,,　素直に撫でてみると、恋鳥が目を細める。
　大和は震えてて、愛歌はオロオロしている。
　……混沌としてんなぁ。
317200 ,,,,,,,愛歌,愛歌,01man776_007.wav,manaka,,90,,,,,「えっとぉ……。それで、大和くんのお父さんは、
　ホテルじゃなくてクアハウスを作るって
　宣言したんだよね？」
317300 ,,,,,,,大和,大和,08yam776_014.wav,manaka,,90,yamato,,0,,「おっと、大事な話を忘れる所だったな。
　そうそう、秋里の言うとおり健康ブームにあやかって
　本格的な保養施設を作るらしいよ」
317400 ,,,,,,,大和,大和,08yam776_015.wav,manaka,,90,yamato,,0,,「その方が温泉卿の好みだったみたいで、
　今は親父の所で色々言ってるみたいだ」
317500 ,,,,,,,,,,manaka,,90,yamato,,0,,　爺さんは本当に温泉が好きだもんな。
　外部も地元も関係なく、皆で温泉を楽しめるなら、
　そっちを推すに決まってる。
317600 ,,,,,,,大和,大和,08yam776_016.wav,manaka,,90,yamato,,1,,「『うむ。成長したな、大和』ってなもんさ。
　凄いだろう？　俺、頑張ったよな？」
317700 ,,,,,,,優哉,優哉,,manaka,,90,yamato,,1,,「うん、頑張った頑張った。
　だからお休み、大和」
317800 ,,,,,,,大和,大和,08yam776_017.wav,manaka,,90,yamato,,53,,「うわぁ～ん、秋里ぉ～！　優哉が冷たいよ～！」
317900 ,,,,,,,愛歌,愛歌,01man776_008.wav,manaka,,0,yamato,,53,,「そうだね、優哉ちゃん、ちょっと厳しいね」
318000 ,,,,,,,優哉,優哉,,manaka,,0,,,,,「む、愛歌にまでそう言われるとは。
　恋鳥が伝染したのかな」
318100 ,,,,,,,恋鳥,恋鳥,04kot776_025.wav,kotori,,52,,,,,「ずっと一緒にいたからな」
318200 ,,,,,,,,,,kotori,,52,,,,,　そこは胸をはる所じゃありません。
318300 ,,,,,,,優哉,優哉,,kotori,,0,,,,,「ま、そんなわけで、だ。
　全部、解決したんだよ、恋鳥」
318400 ,,,,,,,優哉,優哉,,kotori,,0,,,,,「俺も一緒に住めるし、アパートはなくならないし、
　地上げももうない。
　俺達は、ずっと、ここで、一緒だ」
318500 ,,,,,,,恋鳥,恋鳥,04kot776_026.wav,kotori,,0,,,,,「……うん」
318600 ,,,,,,,,,,kotori,,0,,,,,　なんだ、えらく反応が淡白だな。
　話が長くて、疲れたのか？　まさかな。
318700 ,,,,,,,愛歌,愛歌,01man776_009.wav,manaka,,0,yamato,,0,,「大和くん……」
318800 ,,,,,,,大和,大和,08yam776_018.wav,manaka,,0,yamato,,0,,「そうだな……」
318900 ,,,,,,,,,,manaka,,0,yamato,,0,,　ん、二人がゴソゴソしてるけど。
　……それよりも恋鳥か。
319000 ,,,,,,,優哉,優哉,,kotori,,0,,,,,「恋鳥？　どうした？」
319100 ,,,,,,,恋鳥,恋鳥,04kot776_027.wav,kotori,,0,,,,,「優哉、がんばってたんだな」
319200 ,,,,,,,優哉,優哉,,kotori,,0,,,,,「当たり前だろ。お前と一緒にいるためだぞ」
319300 ,,,,,,,恋鳥,恋鳥,04kot776_028.wav,kotori,,3,,,,,「うん。優哉……。
　お前はバカだ……。ほんとにバカだぞ……」
319400 ,,,,,,,優哉,優哉,,kotori,,3,,,,,「そうだな。うん。俺は、大馬鹿だ」
319500 ,,,,,,,,,,kotori,,3,,,,,　恋鳥の声が震える。
319600 ,,,,,,,,,,kotori,,3,,,,,　なるほど――。我慢してるのか。
319700 ,,,,,,,,,,,,,,,,,　恋鳥の頭を抱き寄せて、胸にうずめさせる。
319800 ,,,,,,,,,,,,,,,,,　お前は好きに泣いていいんだぞ。
319900 ,,,,,,,,,,,,,,,,,　こういう顔は、俺のものだ。
　誰にも見せたりしないから。
320000 ,,,,,,,恋鳥,恋鳥,04kot776_029.wav,,,,,,,,「バカ。バカバカバカ……。
　なんで連絡してこなかった。
　そしたらもっとちゃんと、我慢したのに……！」
320100 ,,,,,,,優哉,優哉,,,,,,,,,「色々スマン。これからは全部、ゆっくり聞くから。
　好きなだけ文句言えよ」
320200 ,,,,,,,恋鳥,恋鳥,04kot776_030.wav,,,,,,,,「うん……。うん……。ゆーや……」
320300 ,,,,,,,,,,,,,,,,,　恋鳥が声を押し殺して泣く。
　大和と愛歌は、少し離れて俺達を見ている。
　大家さんも近づいては来ない。
320400 ,,,,,,,,,,,,,,,,,　俺は。
　俺と恋鳥の部屋の真ん中で、恋鳥を抱きしめて。
320500 ,,,,,,,,,,,,,,,,,　皆から無言の笑顔を受けながら、天井を見上げる。
320600 ,,,,,,,,,,,,,,,,,　やっと帰ってきた。そう実感できる。
320700 ,,,,,,,,,,,,,,,,,　ここは俺の居場所だ。
320800 ,,,,,,,,,,,,,,,,,　俺と、恋鳥の居場所。
320900 ,,,,,,,愛歌,愛歌,01man776_010.wav,manaka,,0,,,,,「優哉ちゃん」
321000 ,,,,,,,大和,大和,08yam776_019.wav,yamato,,0,,,,,「優哉」
321100 ,,,,,,,大家さん,大家さん,15oya776_009.wav,,,,,,,,「優哉くん」
321200 ,,,,,,,,,,manaka,,0,yamato,,0,,　三人が目配せしている。
　静かに息を吸い込んで――。
321300 ,,,,,,,大和＠愛歌＠大家さん,一同,08yam776_020.wav＠01man776_011.wav＠15oya776_010.wav＠ext776_e01.wav,manaka,,1,yamato,,1,,「おめでとう」
321400 ,,,,,,,,,,,,,,,,,　俺は天井を見上げている。
321500 ,,,,,,,,,,,,,,,,,　恋鳥の前で、泣けるもんか。
321600 ,,,,,,,,,,,,,,,,,　だから。
321700 ,,,,,,,優哉,優哉,,,,,,,,,「……ありがとう」
321800 ,,,,,,,,,,,,,,,,,　クシャクシャの顔で、笑ってやった。
321900 ,,,,,,,,,,,,,,,,,　ちくしょう、今日はいい日だなぁ！
321990 ,,<!Lend_scene_change>,0,9000,,,,,,,,,,,,,
321999 ,,<!ec_kotori_pri>,,,,,,,,,,,,,,,
322200 ,@777,,,,,,,,,,,,,,,,
322500 ,,<!Lbegin_scene_change>,9,7100,,,,,,,,,,,,,　空は、気持ちがいいくらい晴れ渡っていた。
322600 ,,,,,,,,,,,,,,,,,　澄んだ青の高い、秋の空に雲が一つだけぽっかりと
　浮かんでいる。
322700 ,,,,,,,,,,,,,,,,,　最初は一つだけだった雲は、風が吹いて、
　二つになり、そしてまた風と共に３つになった。
322800 ,,,,,,,優哉,優哉,,,,,,,,,「なんだか、俺たちみたいだな」
322900 ,,,,,,,,,,,,,,,,,　俺は、それを見上げながらそう言った。
323000 ,,,,,,,,,,"kotori,private",,1,,,,,　傍らには恋鳥。
　その後ろには大家さん。
323100 ,,,,,,,,,,kotori,,1,,,,,　しばらく離ればなれになっていたけれど、
　ようやく家族が揃った気がする。
323200 ,,,,,,,恋鳥,恋鳥,04kot777_001.wav,kotori,,1,,,,,「ん」
323300 ,,,,,,,,,,kotori,,1,,,,,　同じように青空を見上げていた恋鳥が、
　頷いて俺の肩に頭をもたせかけた。
323400 ,,,,,,,大家さん,大家さん,15oya777_001.wav,kotori,,1,,,,,「本当ね。最初は私一人だったけれど、
　恋鳥ちゃんが来てくれて……今は優哉くんまで
　ここに来てくれた」
323500 ,,,,,,,,,,kotori,,1,,,,,　大家さんがいつもの優しい笑みを浮かべて、
　俺たち二人を見ている。
323600 ,,,,,,,,,,kotori,,1,,,,,　なんだか照れくさいが、恋鳥と仲良くしている
　ところを見せるのはいやではない。
323700 ,,,,,,,,,,kotori,,6,,,,,　俺は、恋鳥を抱き寄せた。
　恋鳥も、少し頬を赤らめたが、抵抗する様子は
　ない。
323800 ,,,,,,,優哉,優哉,,kotori,,6,,,,,「これからもっと増えますよ。
　うちの社員寮になったんですから」
323900 ,,,,,,,大家さん,大家さん,15oya777_002.wav,kotori,,6,,,,,「そうね、優哉くん、本当にありがとう」
324000 ,,,,,,,優哉,優哉,,kotori,,6,,,,,「いいえ」
324100 ,,,,,,,,,,kotori,,6,,,,,　礼を言いたいのはむしろ俺の方だ。
324200 ,,,,,,,,,,kotori,,6,,,,,　このアパートがなければ、出逢えないものがあった。
324300 ,,,,,,,優哉,優哉,,kotori,,6,,,,,「むしろ、俺の方がありがとうって言うべきですよ」
324400 ,,,,,,,大家さん,大家さん,15oya777_003.wav,kotori,,6,,,,,「あら、どうして？」
324500 ,,,,,,,恋鳥,恋鳥,04kot777_002.wav,kotori,,3,,,,,「なぜだ、ゆーや。
　あ、さては、おばあちゃんに何か甘いものでも
　もらったな」
324600 ,,,,,,,,,,kotori,,7,,,,,　くわっと恋鳥がその鋭い牙を見せる。
324700 ,,,,,,,優哉,優哉,,kotori,,7,,,,,「違うっつーの！」
324800 ,,,,,,,恋鳥,恋鳥,04kot777_003.wav,kotori,,5,,,,,「なんだ、違うのか……」
324900 ,,,,,,,,,,kotori,,5,,,,,　今度は落ち込んだ。
　ええい、忙しいやつめ。
325000 ,,,,,,,優哉,優哉,,kotori,,5,,,,,「わーかった、わかった。
　後でなんか甘いものでも買いに行こう」
325100 ,,,,,,,恋鳥,恋鳥,04kot777_004.wav,kotori,,0,,,,,「約束だぞ」
325200 ,,,,,,,優哉,優哉,,kotori,,0,,,,,「はいはい」
325300 ,,,,,,,恋鳥,恋鳥,04kot777_005.wav,kotori,,7,,,,,「破ったら、ハリセンボン百匹な」
325400 ,,,,,,,優哉,優哉,,kotori,,7,,,,,「マジですか？！」
325500 ,,,,,,,,,,kotori,,7,,,,,　恋鳥の目は本気だった。
　これは買って帰らないと命が危ない。
325600 ,,,,,,,大家さん,大家さん,15oya777_004.wav,kotori,,0,,,,,「じゃあ、角の和菓子屋さんに行きましょうねえ」
325700 ,,,,,,,,,,kotori,,0,,,,,　大家さん、ナイスフォロー！
325800 ,,,,,,,大家さん,大家さん,15oya777_005.wav,kotori,,0,,,,,「で、お礼ってなにかしら？
　私はなにもしていないと思うけれど」
325900 ,,,,,,,,,,kotori,,0,,,,,　唐突に戻った話しに、俺はブーメランが後頭部を
　直撃したような気分になった。
326000 ,,,,,,,,,,kotori,,0,,,,,　さっきまで盛り上がっていた気分を
　必死に思い出してみる。
326100 ,,,,,,,,,,kotori,,0,,,,,　くそ、いっぺんどっちらけるとしんどいな。
326200 ,,,,,,,,,,kotori,,0,,,,,　でも、これ以上、恋鳥にチャチャを入れられる前に
　俺は言葉を継いだ。
326300 ,,,,,,,優哉,優哉,,kotori,,0,,,,,「恋鳥と一緒に暮らさせてくれたこと、ですよ」
326400 ,,,,,,,大家さん,大家さん,15oya777_006.wav,kotori,,0,,,,,「あら、そんなこと……恋鳥ちゃんと優哉くんが
　自分で選んだことよ」
326500 ,,,,,,,優哉,優哉,,kotori,,0,,,,,「いえ、このアパートがあったから……」
326600 ,,,,,,,,,,kotori,,0,,,,,　俺はそこで言葉を切って、恋鳥を抱きしめた。
326700 ,,,,,,,優哉,優哉,,kotori,,6,,,,,「かけがえのないものを見つけられたんです。
　恋鳥っていう名前の……俺の宝物を」
326800 ,,,,,,,,,,kotori,,6,,,,,　恋鳥の顔が瞬間で赤くなった。
326900 ,,,,,,,,,,kotori,,6,,,,,　じたばたともがいているが、腕に力を込める。
　もう、離すもんか。
327000 ,,,,,,,,,,kotori,,6,,,,,　大家さんはどこか遠い目をして、アパートを見上げた。
327100 ,,,,,,,,,,,,,,,,,　俺も同じようにアパートを見上げる。
　恋鳥も、俺の腕の中で顔を上げた。
327200 ,,,,,,,大家さん,大家さん,15oya777_007.wav,,,,,,,,「そうやって……ずっと続いていくのね。
　ふふ、また思い出が増えたわ」
327300 ,,,,,,,,,,,,,,,,,　そうか、そうやってかけがえのないものが
　増えていくんだな。
327400 ,,,,,,,優哉,優哉,,,,,,,,,「もっと……増えますよ。
　思い出だって、これから」
327500 ,,,,,,,,,,,,,,,,,　そう、これから俺たちがまた作っていくのだ。
327600 ,,,,,,,,,,,,,,,,,　この大切なものを握りしめて。
　大好きな人と、ずっとずっと。
327690 ,,<!Lend_day_change>,0,9000,,,,,,,,,,,,,
327900 ,@778,,,,,,,,,,,,,,,,
328200 ,,<!Lbegin_day_change>,4,7221,,,,,,,,,,,,,　あれから数日が経ったが、俺も恋鳥も
　夢から覚めたりはしていない。
328300 ,,,,,,,,,,,,,,,,,　俺の隣には恋鳥がいて、
　恋鳥の隣には俺がいる。
328400 ,,,,,,,,,,,,,,,,,　朝、目が覚めれば恋鳥が傍らにいて、
　一緒に学校に行って、一緒に帰る。
328500 ,,,,,,,,,,,,,,,,,　風呂にも共に入って、布団も同じだ。
328600 ,,,,,,,,,,,,,,,,,　そんな幸せな日常が俺たちの元にようやく
　帰ってきた。
328700 ,,,,,,,恋鳥,恋鳥,04kot778_001.wav,,,,,,,,「ゆーや、醤油とって欲しい」
328800 ,,,,,,,優哉,優哉,,,,,,,,,「ん、はいはい」
329000 ,,,,,400481,,,,,,,,,,,,　最近は、エプロン姿の恋鳥かわいさに、
　俺も一緒に台所に立つようになった。
329100 ,,,,,400481,,,,,,,,,,,,　俺が手渡した醤油を恋鳥が受け取って、
　真剣な顔で計量している。
329200 ,,,,,400481,,優哉,優哉,,,,,,,,,「なにも、そんなに慎重にならなくても。
　別に爆発したりしないぞ？」
329300 ,,,,,400481,,恋鳥,恋鳥,04kot778_002.wav,,,,,,,,「……静かにしろ。失敗する」
329400 ,,,,,400481,,,,,,,,,,,,　さじを見つめる恋鳥の視線は真剣そのものだ。
329500 ,,,,,400481,,,,,,,,,,,,　これは、これ以上口を挟まない方がいいな。
329600 ,,,,,400481,,,,,,,,,,,,　そう判断した俺は、恋鳥をあったかい目で
　見守ってやることにする。
329700 ,,,,,400481,,恋鳥,恋鳥,04kot778_003.wav,,,,,,,,「…………」
329800 ,,,,,400481,,,,,,,,,,,,　さじに、醤油が注ぎ込まれる。
　まるで、地雷を解体するような手つきで、
　恋鳥はそれを鍋に注ぎ込んだ。
329900 ,,,,,400481,,,,,,,,,,,,　そして、鍋の具を崩さないように
　そぉっとそぉっとおたまを動かす恋鳥。
330000 ,,,,,400481,,,,,,,,,,,,　俺がいなくなる前も、こんなふうに
　料理していたんだろうか。
330100 ,,,,,400481,,,,,,,,,,,,　そう考えると、また恋鳥の俺しか知らない一面を
　発見したような気になって、自然と顔がゆるんだ。
330200 ,,,,,400481,,恋鳥,恋鳥,04kot778_004.wav,,,,,,,,「……はーっ」
330300 ,,,,,400481,,恋鳥,恋鳥,04kot778_005.wav,,,,,,,,「……なにがおかしい？」
330400 ,,,,,400481,,,,,,,,,,,,　恋鳥がじろり、と俺をにらむ。
330500 ,,,,,400481,,,,,,,,,,,,　そんな顔すらかわいい。
330600 ,,,,,400481,,優哉,優哉,,,,,,,,,「いや、真剣に料理してくれて、うれしいなあ、と」
330700 ,,,,,400481,,恋鳥,恋鳥,04kot778_006.wav,,,,,,,,「当たり前だ。料理は嫁として当然のことだからな」
330800 ,,,,,400481,,,,,,,,,,,,　えらそうにえっへん、と腰に手を当てて、
　恋鳥がふんぞりかえった。
330900 ,,,,,400481,,,,,,,,,,,,　ことことと、鍋からいい匂いが漂ってくる。
331000 ,,,,,400481,,,,,,,,,,,,　その美味しそうな匂いに、俺の食欲が刺激され、
　腹がぐーっと鳴った。
331100 ,,,,,400481,,恋鳥,恋鳥,04kot778_007.wav,,,,,,,,「ゆーや、おなかすいたのか？」
331200 ,,,,,400481,,優哉,優哉,,,,,,,,,「ああ、まあ、そりゃ、それなりにな」
331300 ,,,,,400481,,,,,,,,,,,,　恋鳥が少し思案するような顔をして、おたまに
　煮物をすくった。
331400 ,,,,,400481,,,,,,,,,,,,　無造作にそれを俺に向かって突き出す。
331500 ,,,,,400481,,恋鳥,恋鳥,04kot778_008.wav,,,,,,,,「味見させてやってもいいぞ」
331600 ,,,,,400481,,優哉,優哉,,,,,,,,,「じゃあ、遠慮無く……」
331700 ,,,,,400481,,,,,,,,,,,,　菜箸を使って、俺はおたまから大根を取った。
　ほかほかと湯気をあげるそれを口に運ぶ。
331800 ,,,,,400481,,,,,,,,,,,,　うん、出汁が染みてうまい。
331900 ,,,,,400481,,優哉,優哉,,,,,,,,,「うん、美味いよ、これ。さすがだな」
332000 ,,,,,400481,,恋鳥,恋鳥,04kot778_009.wav,,,,,,,,「ふふん、恋鳥はすごいだろう。頭を撫でてもいいぞ」
332100 ,,,,,400481,,,,,,,,,,,,　こっちに頭を寄せてくる恋鳥の髪を撫でてやる。
332200 ,,,,,400481,,,,,,,,,,,,　素直じゃないけど、わかりやすいヤツだ。
332300 ,,,,,400481,,優哉,優哉,,,,,,,,,「だいぶ、大家さんの味に近づいてきたんじゃないか？」
332400 ,,,,,400481,,恋鳥,恋鳥,04kot778_010.wav,,,,,,,,「そうか？
　おばあちゃんにこの間、コツを聞いたからな」
332500 ,,,,,400481,,,,,,,,,,,,　最初の頃は、あきらかにヤバいものを作ったり、
　メニューが変だったりもしたが、
　最近は安定して美味しくなってる。
332600 ,,,,,400481,,,,,,,,,,,,　いや、ちょっと前から一品一品は確かに
　美味しくなってきてたんだが。
332700 ,,,,,400481,,,,,,,,,,,,　まあ、恋鳥の努力のたまものだ。
　それは素直にほめてやってもいいと思う。
332800 ,,,,,400481,,,,,,,,,,,,　俺は、もう一度愛をこめて、恋鳥の頭を撫でた。
332900 ,,,,,400481,,,,,,,,,,,,　恋鳥がくすぐったそうに目を細める。
333000 ,,,,,400481,,優哉,優哉,,,,,,,,,「このまま大家さんのところに持っていって
　食べてもらおうか。
　きっと、ほめてくれるぞ」
333100 ,,,,,400481,,恋鳥,恋鳥,04kot778_011.wav,,,,,,,,「いや、いい。まだ、おばあちゃんの方が美味しい」
333300 ,,,,,400481,,,,,,,,,,,,　そう言いながら、恋鳥もまんざらでもなさそうだ。
333400 ,,,,,400481,,優哉,優哉,,,,,,,,,「でも、大家さんも、きっと恋鳥の作った料理を
　食べたら喜ぶぜ」
333500 ,,,,,400481,,恋鳥,恋鳥,04kot778_012.wav,,,,,,,,「……考えてもいい」
333600 ,,,,,400481,,,,,,,,,,,,　ほんの少し、頬を染めて、恋鳥が鍋をかきまわす。
333700 ,,,,,400481,,,,,,,,,,,,　これは、大家さんと三人で恋鳥のごはんを
　食べられる日も近そうだ。
333800 ,,,,,400481,,優哉,優哉,,,,,,,,,「そうなると、渡したいものも用意しないとな……」
333900 ,,,,,400481,,,,,,,,,,,,　俺も、箸や茶碗を用意しはじめる。
334000 ,,,,,400481,,優哉,優哉,,,,,,,,,「恋鳥に渡すとなったら、大家さんにもちゃんと
　見せて話をしたいし……」
334100 ,,,,,400481,,,,,,,,,,,,　浮かれているあまり、考えてることが口から
　こぼれていたようだ。
334200 ,,,,,400481,,,,,,,,,,,,　手を動かしながらぼそりと言った、俺のセリフに
　恋鳥が素早く食いついた。
334300 ,,,,,400481,,恋鳥,恋鳥,04kot778_013.wav,,,,,,,,「渡したいもの？　なんだ？」
334400 ,,,,,400481,,,,,,,,,,,,　恋鳥が獲物を狙う野生動物の目で、俺を見上げてくる。
334500 ,,,,,400481,,,,,,,,,,,,　う……こ、これはまた勘違いされてるか？
334600 ,,,,,400481,,恋鳥,恋鳥,04kot778_014.wav,,,,,,,,「いいものか？　夫婦の間で隠し事はよくないぞ？」
334700 ,,,,,400481,,,,,,,,,,,,　夫婦……いい響きだ。
334800 ,,,,,400481,,,,,,,,,,,,　確かにこうして一緒に台所に立つ姿は
　夫婦そのものだし、恋鳥を嫁にすることに
　まったく異存はない。
334900 ,,,,,400481,,,,,,,,,,,,　と、いうか、むしろ恋鳥がいい。
335000 ,,,,,400481,,,,,,,,,,,,　でも、やっぱまだ早すぎだろう。
335100 ,,,,,400481,,優哉,優哉,,,,,,,,,「あー、いや。
　まだ俺たちには１，２年早かったみたいだ。
　うん、忘れてくれ」
335200 ,,,,,400481,,,,,,,,,,,,　さすがに、学校を卒業してからだよな、うん。
335300 ,,,,,400481,,恋鳥,恋鳥,04kot778_015.wav,,,,,,,,「何が早いんだ。気になるぞ」
335400 ,,,,,400481,,,,,,,,,,,,　恋鳥がぷぅっと頬をふくらませる。
335500 ,,,,,400481,,恋鳥,恋鳥,04kot778_016.wav,,,,,,,,「教えろー、教えろー。でないと、デザートを
　わけてやらないぞ」
335600 ,,,,,400481,,,,,,,,,,,,　頬をふくらませた恋鳥が、俺の腕にしがみついて
　食い下がってくる。
335800 ,,,,,400481,,優哉,優哉,,,,,,,,,「いつか必ず渡すからさ。
　うん、絶対渡したいものなんだから……
　今はいいだろ？」
335900 ,,,,,400481,,,,,,,,,,,,　恋鳥の額をつんつんと指先でつつきながら、
　俺はなだめるようにそう言った。
336000 ,,,,,400481,,,,,,,,,,,,　やっぱり、なんだ、その……覚悟はあるけど
　早いだろう。
336100 ,,,,,400481,,恋鳥,恋鳥,04kot778_017.wav,,,,,,,,「だったら早くくれたっていいだろ。
　早くくれ」
336200 ,,,,,400481,,,,,,,,,,,,　早く早く、と急かすように、恋鳥が両手を
　俺に向かって差し出す。
336300 ,,,,,400481,,,,,,,,,,,,　本当にしょうがないヤツだな。
336400 ,,,,,400481,,,,,,,,,,,,　そんなに俺が欲しいのか。
336500 ,,,,,400481,,優哉,優哉,,,,,,,,,「恋鳥はしょうがないなあ、ほんとに」
336600 ,,,,,400481,,,,,,,,,,,,　いや、しょうがないのは俺も同じだ。
336700 ,,,,,400481,,,,,,,,,,,,　こんなにも恋鳥が欲しくて欲しくてたまらない。
336800 ,,,,,400481,,,,,,,,,,,,　今はまだ【渡したいモノ】を用意していないから。
336900 ,,,,,400481,,,,,,,,,,,,　俺は代わりに両手を差しだした恋鳥に顔を近づけ、
　その唇を奪った。
337000 ,,,,,400481,,恋鳥,恋鳥,04kot778_018.wav,,,,,,,,「？！」
337100 ,,,,,400481,,,,,,,,,,,,　恋鳥が、顔を真っ赤にして、目を見開く。
337200 ,,,,,400481,,,,,,,,,,,,　俺は、そんな未来の嫁を抱きしめて、もう一度
　今度はさっきよりも強く口づけた。
337300 ,,,,,400481,,,,,,,,,,,,　二度と離す事のない、大切な未来に。
337380 ,,<hide><s_fade wa time=""5000"" param=""trans=2"">,,,400481,,,,,,,,,,,,
337390 ,,<hide><wait time=""1000"">,,,400481,,,,,,,,,,,,
337460 ,"$fset %g_kotori_end,1",,,,,,,,,,,,,,,,
337470 ,"$fset %ending,2",,,,,,,,,,,,,,,,
337480 ,$staffroll,,,,,,,,,,,,,,,,
337490 ,$exit kotori,,,,,,,,,,,,,,,,
,,,,,,,,,,,,,,,,,


