%line%,%seq%,%effect%,%music%,%bg%,%cg%,%ov%,%truename%,%name%,%voice%,%st0_name%,%st0_pos%,%st0_face%,%st1_name%,%st1_pos%,%st1_face%,%pageflag%,%text%
10390 ,@manaka1_begin,,,,,,,,,,,,,,,,
10400 ,@501,,,,,,,,,,,,,,,,
10700 ,,<!Lbegin_day_change>,7,4400,,,秋香,秋香,11aki501_001.wav,"akika,private",,1,,,,,「皆さん、遠慮なく食べてくださいね～。
　すみさき温泉名物『ハバネロもなか』。
　とってもおいしいのよ～」
10800 ,,,,,,,愛歌,愛歌,01man501_001.wav,akika,,1,"manaka,uniform",,15,,「もぉ、お母さんそんなのいいってばー」
10900 ,,,,,,,秋香,秋香,11aki501_002.wav,akika,,2,manaka,,15,,「なに言ってるの、愛歌。
　こういうのは最初が肝心なのよ？
　あ、優哉くんもハバネロもなかどう？」
11000 ,,,,,,,優哉,優哉,,akika,,2,manaka,,15,,「は、はあ……」
11100 ,,,,,,,,,,akika,,2,manaka,,15,,　放課後の温泉部。
11200 ,,,,,,,,,,akika,,2,manaka,,15,,　今日は例の収録の説明があるとかで、
　全員が集合していた。
11300 ,,,,,,,,,,akika,,2,manaka,,15,,　で、今回は愛歌と一緒にコンパニオンとして星河原を
　レポートすることになった秋香さんにもご足労いただ
　いたわけだが。
11400 ,,,,,,,悠,悠,02yuu501_001.wav,"yuu,uniform",,0,,,,,「へ～、優哉のとこってこんな名物もあったんだ？」
11500 ,,,,,,,優哉,優哉,,yuu,,0,,,,,「いや、それが息子の俺も初耳だ。
　最近になって作ったんかな？」
11600 ,,,,,,,つむぎ,つむぎ,05tum501_001.wav,yuu,,0,"tumugi,uniform",,0,,「あ……そうみたいです。
　テレビのＰＲに合わせて、オーナーが……」
11700 ,,,,,,,優哉,優哉,,yuu,,0,tumugi,,0,,「ふーん。
　まあ、親父にしてはいい狙いだとは思うが……」
11800 ,,,,,,,,,,yuu,,0,tumugi,,0,,　……なんだろうな。
　このハズレ臭がぷんぷんする商品名は。
11900 ,,,,,,,,,,yuu,,0,tumugi,,0,,　赤と黒のどす黒い箱に詰められ、蓋の部分には
　劇画タッチの絶叫顔が描かれている。
12000 ,,,,,,,,,,yuu,,0,tumugi,,0,,　一応、売り文句は『忘れられない味』とのこと
　だが……。
12100 ,,,,,,,悠,悠,02yuu501_002.wav,yuu,,1,,,,,「じゃあ、とりあえず食べながらで聞いてね」
12200 ,,,,,,,優哉,優哉,,yuu,,1,,,,,「いや、食うのは待て！　これは罠かもしれん」
12300 ,,,,,,,悠,悠,02yuu501_003.wav,yuu,,5,,,,,「罠？」
12400 ,,,,,,,優哉,優哉,,yuu,,5,,,,,「万が一のことを考えて、毒味をさせてみよう。
　愛歌、いけ」
12500 ,,,,,,,愛歌,愛歌,01man501_002.wav,manaka,,2,,,,,「ええっ、私がっ？」
12600 ,,,,,,,優哉,優哉,,manaka,,2,,,,,「部長の悠にもしものことがあったら大変だからな。
　まずは新入りのお前からだ」
12700 ,,,,,,,愛歌,愛歌,01man501_003.wav,manaka,,4,,,,,「…………」
12800 ,,,,,,,,,,manaka,,4,,,,,　袋を破いて中のもなかを差し出すと、愛歌は渋々
　それを受け取る。
12900 ,,,,,,,,,,manaka,,4,,,,,　そして皆が注目する中……。
13000 ,,,,,,,愛歌,愛歌,01man501_004.wav,manaka,,7,,,,,「あむっ」
13100 ,,,,,,,,,,manaka,,7,,,,,　小さな口で、かわいくかぶりつく愛歌。
13200 ,,,,,,,優哉,優哉,,manaka,,7,,,,,「……どうだ？」
13300 ,,,,,,,愛歌,愛歌,01man501_005.wav,manaka,,4,,,,,「…………」
13400 ,,,,,,,愛歌,愛歌,01man501_006.wav,manaka,,7,,,,,「んん！？」
13700 ,,<!se_bushitsu_close>,,,,,優哉,優哉,,,,,,,,,「あ……おい、愛歌！」
13800 ,,,,,,,,,,,,,,,,,　感想もなく、愛歌は突然部室を飛び出していった。
13900 ,,,,,,,,,,,,,,,,,　ホラー映画で、脇役が死ぬ直前に見せるような表情を
　してたが……。
14000 ,,,,,,,悠,悠,02yuu501_004.wav,yuu,,12,,,,,「どったの、愛歌は……？」
14100 ,,,,,,,優哉,優哉,,yuu,,12,,,,,「分からん。分からんが……今この部室で、俺たちの
　想像を絶する何かが起こっている」
14200 ,,,,,,,,,,yuu,,12,,,,,　しばらく沈黙が続き、一同の視線が次の毒味役を
　探し始める。
14300 ,,,,,,,,,,yuu,,12,,,,,　年功序列として、白羽の矢が立ったのは……。
14400 ,,,,,,,つむぎ,つむぎ,05tum501_002.wav,tumugi,,3,,,,,「え……私ですか？」
14500 ,,,,,,,優哉,優哉,,tumugi,,3,,,,,「……生きて帰ってこい、つむぎ」
14600 ,,,,,,,,,,tumugi,,3,,,,,　そっと肩に手を置き、新たなハバネロもなかを
　差し出す。
14700 ,,,,,,,悠,悠,02yuu501_005.wav,yuu,,0,tumugi,,3,,「つむぎさんなら平気でしょ。
　すみさきの従業員なんだし……」
14800 ,,,,,,,,,,yuu,,0,tumugi,,3,,　そんな期待とは裏腹に、つむぎの表情は真剣そのも
　のだった。
14900 ,,,,,,,優哉,優哉,,tumugi,,3,,,,,「がんばれ、つむぎ」
15000 ,,,,,,,つむぎ,つむぎ,05tum501_003.wav,tumugi,,4,,,,,「はい……ではっ。あむっ」
15100 ,,,,,,,,,,tumugi,,4,,,,,　愛歌よりもさらに上品な含み方で、つむぎは口元を
　手で押さえながら＜咀嚼＝そしゃく＞を始める。
15200 ,,,,,,,,,,tumugi,,4,,,,,　再び注目する一同。
15300 ,,,,,,,つむぎ,つむぎ,05tum501_004.wav,tumugi,,2,,,,,「………………ん！」
15400 ,,,,,,,優哉,優哉,,tumugi,,2,,,,,「どうした、つむぎ！？」
15600 ,,<!se_bushitsu_close>,,,,,,,,,,,,,,,　まるで先ほどのリプレイでも見ているように、
　つむぎは部室を飛び出していく。
15700 ,,,,,,,,,,,,,,,,,　珍しいな、あのつむぎがあんなに慌てて走っていく
　なんて……。
15800 ,,,,,,,恋鳥,恋鳥,04kot501_001.wav,"kotori,uniform",,52,,,,,「……残り３人」
15900 ,,,,,,,優哉,優哉,,kotori,,52,,,,,「よし、次の毒味役を決めるか」
16000 ,,,,,,,,,,kotori,,52,,,,,　お客さんの立場な秋香さんは除外しておく。
16100 ,,,,,,,,,,kotori,,52,,,,,　ここは俺たち温泉部の正念場だ。
16200 ,,,,,,,悠,悠,02yuu501_006.wav,yuu,,0,kotori,,0,,「決めるも何も、優哉。次はあんたよ」
16300 ,,,,,,,優哉,優哉,,yuu,,0,kotori,,0,,「な……なに言ってんだよ。愛歌、つむぎと来たら、
　次に部員歴の浅いヤツが……」
16400 ,,,,,,,悠,悠,02yuu501_007.wav,yuu,,17,kotori,,0,,「だからあんた」
16500 ,,,,,,,恋鳥,恋鳥,04kot501_002.wav,yuu,,17,kotori,,4,,「……お別れだな」
16600 ,,,,,,,,,,yuu,,17,kotori,,4,,　同情すらない死刑宣告だった！
16700 ,,,,,,,恋鳥,恋鳥,04kot501_003.wav,yuu,,17,kotori,,1,,「介錯は恋鳥が」
16800 ,,,,,,,優哉,優哉,,yuu,,17,kotori,,1,,「やめろ、目を細めて俺の肩を叩くんじゃねえっ」
16900 ,,,,,,,,,,yuu,,17,kotori,,1,,　恋鳥に差し出されたもなかを受け取り、乾いた唇を
　湿らせる。
17000 ,,,,,,,,,,yuu,,17,kotori,,1,,　試しにもなかを割ってみると、中は不気味な小豆色を
　した＜餡＝あん＞がぎっしり詰まっていた。
17100 ,,,,,,,優哉,優哉,,yuu,,17,kotori,,1,,「……これ、人間の食い物じゃねえぞ」
17200 ,,,,,,,恋鳥,恋鳥,04kot501_004.wav,yuu,,17,kotori,,90,,「早く食え」
17300 ,,,,,,,,,,yuu,,17,kotori,,90,,　死刑執行人にぴったりの性格だよ、お前は……。
17400 ,,,,,,,優哉,優哉,,yuu,,17,kotori,,90,,「分かったよ、くそっ。食えばいいんだろ、食えばっ。
　……あむっ！」
17500 ,,,,,,,,,,yuu,,17,kotori,,90,,　豪快に一口で放りこみ、半分ヤケになってもなかを
　かみ砕く。
17600 ,,,,,,,,,,yuu,,17,kotori,,90,,　その瞬間、口の中で苦いような熱さが広がっていき、
17700 ,,,,,,,優哉,優哉,,yuu,,17,kotori,,90,,「ぐあぁぁぁぁぁっ、辛ぇぇぇぇぇぇっ！？」
17800 ,,,,,,,,,,yuu,,17,kotori,,90,,　つーか、辛いを通り越して痛ぇぇっ！
17900 ,,,,,,,,,,yuu,,17,kotori,,90,,　親父のヤツ、とんでもない食物兵器をッッ！？
18000 ,,,,,,,悠,悠,02yuu501_008.wav,yuu,,0,kotori,,90,,「あはっ、ハバネロもなかって名前見れば分かるわよ
　ねー。普通」
18100 ,,,,,,,恋鳥,恋鳥,04kot501_005.wav,yuu,,0,kotori,,0,,「千切れたミミズ」
18200 ,,,,,,,,,,yuu,,0,kotori,,0,,　床の上で転がり回る俺を見て、恋鳥が指を差す。
18300 ,,,,,,,優哉,優哉,,yuu,,0,kotori,,0,,「悠、お前っ……あがっ、がっ、あががっ！？」
18400 ,,,,,,,,,,yuu,,0,kotori,,0,,　唇にも痛みが伝染し、まともに話すらできなくなる。
18500 ,,,,,,,,,,yuu,,0,kotori,,0,,　そんな俺を冷酷に見下ろす悠と恋鳥。
18600 ,,,,,,,秋香,秋香,11aki501_003.wav,akika,,1,,,,,「よかったわ～、大反響で。
　英さんにもみんなが喜んでたって伝えておくわね▼」
18700 ,,,,,,,悠,悠,02yuu501_009.wav,yuu,,0,,,,,「さっ、愛歌たちが帰ってきたら収録の説明を
　するよー」
18800 ,,,,,,,恋鳥,恋鳥,04kot501_006.wav,kotori,,0,,,,,「瀕死のカエル」
18900 ,,,,,,,,,,kotori,,0,,,,,　痙攣を繰り返す俺を見て、恋鳥は子供のように瞳を
　輝かせていた……。
19100 ,,<!timepass_2_short>,,4401,,,悠,悠,02yuu501_010.wav,yuu,,0,,,,,「ほら、優哉。ちゃんと説明聞いてる？」
19200 ,,,,,,,優哉,優哉,,yuu,,0,,,,,「聞いてるよ。着々とお前への復讐を計画しながらな」
19300 ,,,,,,,悠,悠,02yuu501_011.wav,yuu,,17,,,,,「復讐する相手が違うでしょーに。
　あれ作ったの、あんたのお父さんでしょ？」
19400 ,,,,,,,優哉,優哉,,yuu,,17,,,,,「いいから話を進めてくれ。
　俺はもう空気みたいな扱いでいいから……」
19500 ,,,,,,,恋鳥,恋鳥,04kot501_007.wav,yuu,,17,kotori,,90,,「元々、空気だぞ」
19600 ,,,,,,,,,,yuu,,17,kotori,,90,,　あなた、すごくうるさいです。
19700 ,,,,,,,悠,悠,02yuu501_012.wav,yuu,,90,kotori,,90,,「じゃあ、話を続けるね」
19800 ,,,,,,,悠,悠,02yuu501_013.wav,yuu,,90,kotori,,90,,「番組の収録場所だけど、旅館すみさきの露天風呂を
　提供してもらえることになりました」
19900 ,,,,,,,優哉,優哉,,yuu,,90,kotori,,90,,「おいおい、そんな話聞いてねーよ」
20000 ,,,,,,,悠,悠,02yuu501_014.wav,yuu,,1,kotori,,90,,「おじさん、喜んでたわよ。
　旅館の宣伝にもなる！　って」
20100 ,,,,,,,,,,yuu,,1,kotori,,90,,　なるほど。それでハバネロもなかなんて作ったのか。
20200 ,,,,,,,,,,yuu,,1,kotori,,90,,　しかし、あんな危険な食い物が売れるかね……。
20300 ,,,,,,,秋香,秋香,11aki501_004.wav,akika,,1,,,,,「でも今から収録が楽しみだわ～。
　当日は何色のバスタオルを巻いていこうかしら♪」
20400 ,,,,,,,愛歌,愛歌,01man501_007.wav,akika,,1,manaka,,2,,「お、お母さんっ。
　バスタオルなんて何色でもいいでしょっ」
20500 ,,,,,,,秋香,秋香,11aki501_005.wav,akika,,1,manaka,,2,,「やっぱりテレビ的にはお色気シーンとか、
　ポロリなシーンもあるのかしらねえ？」
20600 ,,,,,,,悠,悠,02yuu501_015.wav,yuu,,12,manaka,,2,,「あー、意外とそういうの求められたりして。
　ポロリよろしくーとか」
20700 ,,,,,,,愛歌,愛歌,01man501_008.wav,yuu,,12,manaka,,3,,「ポ、ポロリって……何するの？」
20800 ,,,,,,,優哉,優哉,,yuu,,12,manaka,,3,,「温泉へ入るときにさり気なくおっぱいを出すんだよ」
20900 ,,,,,,,悠,悠,02yuu501_016.wav,yuu,,0,manaka,,3,,「出るときの方がよくない？
　いきなりポロリは流れ的によくないっしょー」
21000 ,,,,,,,優哉,優哉,,yuu,,0,manaka,,3,,「バカ、最初の掴みが大事なんだって。
　登場シーンで娘がポロリ、最後は親子でポロリ」
21100 ,,,,,,,愛歌,愛歌,01man501_009.wav,yuu,,0,manaka,,6,,「っ……カメラの前で胸なんて出せませんっ」
21200 ,,,,,,,秋香,秋香,11aki501_006.wav,akika,,0,manaka,,6,,「恥じらいは大事よねえ、やっぱり」
21300 ,,,,,,,悠,悠,02yuu501_017.wav,yuu,,0,manaka,,6,,「最初はこう、カメラは色っぽい足下からパンアップ
　していくっていうのはどうかな？」
21400 ,,,,,,,優哉,優哉,,yuu,,0,manaka,,6,,「いいね、ちょっとモジモジしてる感じが出せれば
　最高！」
21500 ,,,,,,,秋香,秋香,11aki501_007.wav,akika,,2,manaka,,6,,「愛歌、立ち位置はどうする？
　私は左斜め４５度が一番キレイに映るのよねえ」
21600 ,,,,,,,愛歌,愛歌,01man501_010.wav,akika,,2,manaka,,15,,「もぉ、お母さんもいい加減にしてってばぁっ。
　私はそんな……人の前で裸を見せるなんて……」
21700 ,,,,,,,秋香,秋香,11aki501_008.wav,akika,,1,manaka,,15,,「大丈夫よ、バスタオルを巻いて入るんだし」
21800 ,,,,,,,愛歌,愛歌,01man501_011.wav,akika,,1,manaka,,6,,「でもポロリとかっ……おっぱいとかっ……」
21900 ,,,,,,,,,,akika,,1,manaka,,6,,　ほんと、すぐ本気にするんだよな。こいつは……。
22000 ,,,,,,,,,,akika,,1,manaka,,6,,　しょうがない。
　幼なじみとして少しフォローしてやるか。
22100 ,,,,,,,優哉,優哉,,akika,,1,manaka,,6,,「大丈夫だよ、愛歌。
　お前が撮影でポロリすることはない」
22200 ,,,,,,,愛歌,愛歌,01man501_012.wav,akika,,1,manaka,,3,,「……ほんと？」
22300 ,,,,,,,優哉,優哉,,akika,,1,manaka,,3,,「ああ。秋香さんと違ってお前の胸のサイズなら、
　まずポロリはない。だから安心しろ」
22400 ,,,,,,,愛歌,愛歌,01man501_013.wav,akika,,1,manaka,,5,,「っ……」
22500 ,,,,,,,優哉,優哉,,akika,,1,manaka,,5,,「え……ちょっ、お前なんで泣い……」
22600 ,,,,,,,愛歌,愛歌,01man501_014.wav,akika,,1,manaka,,40,,「っっ……優哉ちゃんのバカぁっ！」
22800 ,,<!se_bushitsu_hard>,,,,,,,,,,,,,,,　愛歌は、ハバネロもなかを食べたとき以上の勢いで
　部室から飛び出していく。
22900 ,,,,,,,,,,,,,,,,,　周りから向けられる女性陣からの視線が痛い。
23000 ,,,,,,,優哉,優哉,,,,,,,,,「な、なんてね♪」
23100 ,,,,,,,悠,悠,02yuu501_018.wav,yuu,,5,,,,,「……あんたって、空気のくせに空気読めないわよね」
23200 ,,,,,,,つむぎ,つむぎ,05tum501_005.wav,tumugi,,3,,,,,「あの……愛歌さん、大丈夫でしょうか？」
23300 ,,,,,,,恋鳥,恋鳥,04kot501_008.wav,kotori,,4,,,,,「……身投げ」
23400 ,,,,,,,優哉,優哉,,kotori,,4,,,,,「不吉なことをボソっと言うなっ」
23500 ,,,,,,,悠,悠,02yuu501_019.wav,yuu,,5,,,,,「でも追いかけた方がいいんじゃないの？」
23600 ,,,,,,,秋香,秋香,11aki501_009.wav,akika,,3,,,,,「愛歌なら大丈夫ですよ。すぐ帰ってきますから」
23700 ,,,,,,,優哉,優哉,,akika,,3,,,,,「……すいません。俺、悪気があって言ったわけじゃ
　なかったんですけど……」
23800 ,,,,,,,秋香,秋香,11aki501_010.wav,akika,,0,,,,,「分かってるわよ♪
　愛歌も優哉くんも不器用だから……」
24000 ,,<!timepass_1_short>,,9000,,,,,,,,,,,,,　秋香さんの言う通り、しばらくして愛歌は鼻を
　真っ赤にして部室に帰ってきた。
24100 ,,,,,,,,,,,,,,,,,　俺とは目を合わせず、すぐに秋香さんの後ろへ
　隠れてしまったが……。
24200 ,,,,,,,,,,,,,,,,,　正直、愛歌がそんなに傷つくだなんて思っても
　いなかった。
24400 ,,,,4401,,,悠,悠,02yuu501_020.wav,yuu,,0,,,,,「……今日のところはこのぐらいだけど、
　他に質問とかある？」
24500 ,,,,,,,優哉,優哉,,yuu,,0,,,,,「あの、何気ない言葉で幼なじみを傷つけてしまったん
　ですけど、どうすればいいですか？」
24600 ,,,,,,,悠,悠,02yuu501_021.wav,yuu,,5,,,,,「死んで詫びろ！　はい、他に～」
24700 ,,,,,,,優哉,優哉,,yuu,,5,,,,,「あの、幼なじみに無視されてるんですけど、これから
　どうしたらいいですか？」
24800 ,,,,,,,悠,悠,02yuu501_022.wav,yuu,,17,,,,,「そのまま孤独死しろ！　他にはない～？」
24900 ,,,,,,,愛歌,愛歌,01man501_015.wav,yuu,,17,manaka,,3,,「あの……」
25000 ,,,,,,,,,,yuu,,17,manaka,,3,,　秋香さんの後ろに隠れていた愛歌が、おそるおそる
　手をあげる。
25100 ,,,,,,,悠,悠,02yuu501_023.wav,yuu,,0,manaka,,3,,「愛歌も質問？」
25200 ,,,,,,,愛歌,愛歌,01man501_016.wav,yuu,,0,manaka,,3,,「私……やっぱりコンパニオンなんて無理だよ。
　代わりに悠が出てくれない？」
25300 ,,,,,,,悠,悠,02yuu501_024.wav,yuu,,2,manaka,,3,,「私が代わりに？　どうしたのよ、急に……」
25400 ,,,,,,,愛歌,愛歌,01man501_017.wav,yuu,,2,manaka,,5,,「だって……悠の方がスタイルもいいし、お母さんと
　一緒にカメラに映っても釣り合うと思うし……」
25500 ,,,,,,,悠,悠,02yuu501_025.wav,yuu,,5,manaka,,5,,「そ、そんなことないって」
25600 ,,,,,,,,,,yuu,,5,manaka,,5,,　悠は返す言葉に困って、恨めしそうに俺を見た。
25700 ,,,,,,,,,,yuu,,5,manaka,,5,,　愛歌のヤツ、やっぱり俺の言ったことを気にしてる
　のか……。
25800 ,,,,,,,優哉,優哉,,yuu,,5,manaka,,5,,「なあ、愛歌……」
25900 ,,,,,,,秋香,秋香,11aki501_011.wav,akika,,4,manaka,,5,,「……お母さんは、愛歌と一緒がいいわ」
26000 ,,,,,,,愛歌,愛歌,01man501_018.wav,akika,,4,manaka,,2,,「え……？」
26100 ,,,,,,,,,,akika,,4,manaka,,2,,　突然の言葉に、全員が秋香さんの方を見た。
26200 ,,,,,,,秋香,秋香,11aki501_012.wav,akika,,4,manaka,,2,,「今回の話を聞いてね、どうしてもお母さんと愛歌で
　出たかったの」
26300 ,,,,,,,愛歌,愛歌,01man501_019.wav,akika,,4,manaka,,3,,「どうして……？」
26400 ,,,,,,,秋香,秋香,11aki501_013.wav,akika,,0,manaka,,3,,「……寂しかったのかな、お母さん」
26500 ,,,,,,,,,,akika,,0,manaka,,3,,　秋香さんは穏やかに微笑みながら、
　愛歌の髪を撫でる。
26600 ,,,,,,,秋香,秋香,11aki501_014.wav,akika,,3,manaka,,3,,「愛歌も大きくなって、いつかはお嫁にいってしまう
　でしょう？」
26700 ,,,,,,,秋香,秋香,11aki501_015.wav,akika,,3,manaka,,3,,「そしたらあなたと過ごせる時間も、
　あなたと一緒に笑える時間も、
　今よりずっと少なくなってしまうだろうから……」
26800 ,,,,,,,愛歌,愛歌,01man501_020.wav,akika,,3,manaka,,5,,「…………」
26900 ,,,,,,,秋香,秋香,11aki501_016.wav,akika,,0,manaka,,5,,「ほら、いい記念になりそうじゃない？
　なかなか親子でテレビに出られるなんてないことよ」
27000 ,,,,,,,愛歌,愛歌,01man501_021.wav,akika,,0,manaka,,3,,「お母さん……」
27100 ,,,,,,,秋香,秋香,11aki501_017.wav,akika,,5,manaka,,3,,「年を取るってイヤね。あなたを産んだときは涙が
　出るほど嬉しかったのに……」
27200 ,,,,,,,秋香,秋香,11aki501_018.wav,akika,,3,manaka,,3,,「……あなたが大きくなって私の手から離れていくの
　は、少し寂しい……」
27300 ,,,,,,,,,,akika,,3,manaka,,3,,　この場にいる誰もが言葉を失っていた。
27400 ,,,,,,,,,,akika,,3,manaka,,3,,　また泣きそうになっている愛歌を、秋香さんはそっと
　胸に抱き寄せる。
27500 ,,,,,,,秋香,秋香,11aki501_019.wav,akika,,0,manaka,,3,,「うふふっ♪　そんなに泣き虫じゃ、まだまだ
　お母さんのそばからは離れられないわね……」
27600 ,,,,,,,,,,akika,,0,manaka,,3,,　俺はそんな二人を見つめながら、バカみたいな
　妄想をしていた。
27700 ,,,,,,,,,,akika,,0,manaka,,3,,　もし俺が……。
27800 ,,,,,,,,,,akika,,0,manaka,,3,,　もしも俺が、愛歌の結婚相手だったなら……。
28000 ,,,,9000,,,,,,akika,,0,manaka,,0,,　絶対に、二人を引き離したりはしないのに――。
28390 ,,<!Lend_move>,0,9000,,,,,,,,,,,,,
28400 ,@502,,,,,,,,,,,,,,,,
28700 ,,<!Lbegin_move>,2,12301,,,優哉,優哉,,"manaka,uniform",,90,,,,,「あー、まだ口の中がヒリヒリする……」
28800 ,,,,,,,愛歌,愛歌,01man502_001.wav,manaka,,90,,,,,「すごい辛かったよね、ハバネロもなか……」
28900 ,,,,,,,優哉,優哉,,manaka,,90,,,,,「お前は大丈夫か？　口の中……」
29000 ,,,,,,,愛歌,愛歌,01man502_002.wav,manaka,,1,,,,,「うん、水でゆすいできたから平気♪」
29100 ,,,,,,,,,,manaka,,1,,,,,　箱に『忘れられない味！』と書いてあったが、
　確かにアレは忘れられない。
29200 ,,,,,,,,,,manaka,,1,,,,,　もちろん、悪い意味で。
29300 ,,,,,,,秋香,秋香,11aki502_001.wav,"akika,private",,1,,,,,「二人とも味覚が変わってるのねえ。
　私はすごく甘くておいしかったけど……」
29400 ,,,,,,,,,,akika,,1,,,,,　……秋香さんの味覚が壊れてます。
29500 ,,,,,,,,,,akika,,1,,,,,　とも言えず、苦笑いな俺たち。
29600 ,,,,,,,,,,akika,,1,,,,,　愛歌はまだ少し、目が赤かった。
29700 ,,,,,,,優哉,優哉,,manaka,,90,,,,,「あー……愛歌、部室ではごめんな？
　お前に変なこと言っちまって……」
29800 ,,,,,,,愛歌,愛歌,01man502_003.wav,manaka,,90,,,,,「……ううん。私の方こそ、ごめんなさい。
　みんなの前で恥かかせちゃったよね……」
29900 ,,,,,,,,,,manaka,,90,,,,,　何も悪くないのに、愛歌の方から頭を下げられる。
30000 ,,,,,,,,,,manaka,,90,,,,,　こういう人のいい性格は、本当にずっと昔から
　変わらない。
30100 ,,,,,,,秋香,秋香,11aki502_002.wav,akika,,0,manaka,,90,,「愛歌も分かっているわよね？
　あれが優哉くんの優しさだってこと……」
30200 ,,,,,,,優哉,優哉,,akika,,0,manaka,,90,,「あっ、優しさなんかじゃないですっ。
　単に俺のデリカシーがなかっただけで……」
30300 ,,,,,,,秋香,秋香,11aki502_003.wav,akika,,2,manaka,,90,,「デリカシー……優哉くんもそんな言葉を使うように
　なったのね……」
30400 ,,,,,,,,,,akika,,2,manaka,,90,,　少し寂しそうに秋香さんは言う。
30500 ,,,,,,,秋香,秋香,11aki502_004.wav,akika,,0,manaka,,90,,「そういえば覚えてる？　小学校の頃、クラスで
　スカートめくりが＜流行＝はや＞ってて……」
30600 ,,,,,,,秋香,秋香,11aki502_005.wav,akika,,1,manaka,,90,,「優哉くん、いつも愛歌のスカートをめくって
　からかってたわよね」
30700 ,,,,,,,優哉,優哉,,akika,,1,manaka,,90,,「……なんか俺、子供の頃からロクなことしてない
　ですね」
30800 ,,,,,,,秋香,秋香,11aki502_006.wav,akika,,2,manaka,,90,,「そぉ？　でも愛歌はイヤがってなかったわよね？」
30900 ,,,,,,,愛歌,愛歌,01man502_004.wav,akika,,2,manaka,,6,,「ええっ？　私はっ……その……」
31000 ,,,,,,,優哉,優哉,,akika,,2,manaka,,6,,「いや、すっげえ悲鳴あげて逃げ回ってましたよ」
31100 ,,,,,,,優哉,優哉,,akika,,2,manaka,,6,,「さっきの部室のときみたいに、『優哉ちゃんの
　バカぁ！』とか言われて……」
31200 ,,,,,,,,,,akika,,2,manaka,,6,,　考えてみたら、俺はあの頃から全然成長していない。
31300 ,,,,,,,,,,akika,,2,manaka,,6,,　愛歌のことをからかって、その反応を楽しんで。
31400 ,,,,,,,,,,akika,,2,manaka,,6,,　……愛歌はもう、スカートめくりをしていた頃の
　愛歌ではないというのに。
31500 ,,,,,,,秋香,秋香,11aki502_007.wav,akika,,0,manaka,,6,,「……でもある日、愛歌が本気で泣いて帰ってきた日が
　あったのよね」
31600 ,,,,,,,秋香,秋香,11aki502_008.wav,akika,,0,manaka,,6,,「優哉くんじゃない、別のクラスの男の子にスカート
　めくりをされて……私、おかしくなって笑っちゃっ
　た」
31700 ,,,,,,,愛歌,愛歌,01man502_005.wav,akika,,0,manaka,,3,,「ひどいよ、お母さぁん。笑うなんて……」
31800 ,,,,,,,秋香,秋香,11aki502_009.wav,akika,,2,manaka,,3,,「あら、覚えてないの？
　あなた、泣いて帰ってきたとき、お母さんにこう
　言ったのよ？」
31900 ,,,,,,,秋香,秋香,11aki502_010.wav,akika,,0,manaka,,3,,「もう、ゆーやちゃんのお嫁さんになれない！　って」
32000 ,,,,,,,愛歌,愛歌,01man502_006.wav,akika,,0,manaka,,15,,「え……えええっ！？
　言ってないっ、そんなこと言ってないよぉっ」
32100 ,,,,,,,秋香,秋香,11aki502_011.wav,akika,,1,manaka,,15,,「言ったのよ。
　そしてそれを聞いたときにね、私思ったの」
32200 ,,,,,,,秋香,秋香,11aki502_012.wav,akika,,1,manaka,,15,,「この子は将来、本当に優哉くんのお嫁さんになるん
　じゃないかって……」
32300 ,,,,,,,愛歌,愛歌,01man502_007.wav,akika,,1,manaka,,42,,「もうやめてってば、お母さぁん……」
32400 ,,,,,,,,,,akika,,1,manaka,,42,,　……そうだ。思い出した。
32500 ,,,,,,,,,,akika,,1,manaka,,42,,　秋香さんの話には続きがあった。
32600 ,,,,,,,,,,akika,,1,manaka,,42,,　俺は愛歌のスカートをめくったクラスの男子と、
　親を呼び出されるほどのケンカをした。
32700 ,,,,,,,,,,akika,,1,manaka,,42,,　自分が愛歌にしていたことを、他人にされるのが
　許せなかった。
32990 ,,<!scene_past_begin>,4,9000,,,,,,,,,,,,,
33000 ,,,,13101,,,愛歌,愛歌,01man502_008.wav,,,,,,,,「ゆーやちゃん、その顔どうしたの？」
33100 ,,,,,,,優哉,優哉,,,,,,,,,「べ、べつになんでもねーよ」
33200 ,,,,,,,愛歌,愛歌,01man502_009.wav,,,,,,,,「でもいっぱいアザが……」
33300 ,,,,,,,優哉,優哉,,,,,,,,,「なんでもねーって言ってんだろ！」
33400 ,,,,,,,愛歌,愛歌,01man502_010.wav,,,,,,,,「……ご、ごめんなさいっ」
33500 ,,,,,,,優哉,優哉,,,,,,,,,「…………」
33600 ,,,,,,,愛歌,愛歌,01man502_011.wav,,,,,,,,「でも私……ゆーやちゃんがしんぱいで……」
33700 ,,,,,,,優哉,優哉,,,,,,,,,「まなか」
33800 ,,,,,,,愛歌,愛歌,01man502_012.wav,,,,,,,,「あ、はいっ」
33900 ,,,,,,,優哉,優哉,,,,,,,,,「おまえ、イヤならイヤって言えよな」
34000 ,,,,,,,愛歌,愛歌,01man502_013.wav,,,,,,,,「えっ？」
34100 ,,,,,,,優哉,優哉,,,,,,,,,「スカートめくりされるの……イヤだったんだろ？」
34200 ,,,,,,,愛歌,愛歌,01man502_014.wav,,,,,,,,「あ……それは……えと……」
34300 ,,,,,,,優哉,優哉,,,,,,,,,「……ごめんな。
　もうスカートめくりなんてしねえからさ」
34400 ,,,,,,,愛歌,愛歌,01man502_015.wav,,,,,,,,「…………」
34500 ,,,,,,,優哉,優哉,,,,,,,,,「だから……」
34600 ,,,,,,,優哉,優哉,,,,,,,,,「……だから……またいっしょに遊ぼうぜ！」
34700 ,,,,,,,愛歌,愛歌,01man502_016.wav,,,,,,,,「ゆーやちゃん……」
34800 ,,,,,,,優哉,優哉,,,,,,,,,「あ、やべっ。
　早く帰らねえと、あきかさんにしかられるぞっ」
34900 ,,,,,,,愛歌,愛歌,01man502_017.wav,,,,,,,,「ああっ、ゆーやちゃんまってよー」
34990 ,,<!scene_past_end>,0,9000,,,,,,,,,,,,,
35100 ,,,2,12301,,,,,,akika,,0,manaka,,0,,　……ほんと、成長ねえな。俺は。
35200 ,,,,,,,,,,akika,,0,manaka,,0,,　あの頃から何も……。
35300 ,,,,,,,秋香,秋香,11aki502_013.wav,akika,,0,manaka,,0,,「……優哉くんが愛歌のお婿さんになってくれたら、
　私も安心なんだけどな♪」
35400 ,,,,,,,愛歌,愛歌,01man502_018.wav,akika,,0,manaka,,2,,「もー。お母さん、今日は変だよー？」
35500 ,,,,,,,優哉,優哉,,akika,,0,manaka,,2,,「なんか今日は居辛い空気だな、俺……」
35600 ,,,,,,,愛歌,愛歌,01man502_019.wav,akika,,0,manaka,,7,,「優哉ちゃんも気にしないで？　お母さんにはお家に
　帰ったらきちんと言っておくからっ」
35700 ,,,,,,,優哉,優哉,,akika,,0,manaka,,7,,「そうか。じゃあ俺、秋香さんと結婚するわ」
35800 ,,,,,,,愛歌,愛歌,01man502_020.wav,akika,,0,manaka,,2,,「ええっ！？　そんなっ……そんなのダメぇっ！」
35900 ,,,,,,,秋香,秋香,11aki502_014.wav,akika,,1,manaka,,2,,「あら、嬉しいわ～。
　優哉くんだったら、いつでも子作りＯＫよ▼」
36000 ,,,,,,,愛歌,愛歌,01man502_021.wav,akika,,1,manaka,,15,,「こっ、子作りっ！？」
36100 ,,,,,,,優哉,優哉,,akika,,1,manaka,,15,,「じゃ、いきましょうか。秋香さん」
36200 ,,,,,,,秋香,秋香,11aki502_015.wav,akika,,1,manaka,,15,,「はい。あ・な・た▼」
36300 ,,,,,,,,,,akika,,1,,,,,　二人で悪ふざけをして、手を繋ぎながら愛歌の前を
　行く。
36400 ,,,,,,,,,,akika,,1,,,,,　背後から、慌てたあいつの足音が聞こえてくる。
36600 ,,<!move_veryshort>,,13101,,,愛歌,愛歌,01man502_022.wav,,,,,,,,「ああっ、優哉ちゃん待ってよー」
36700 ,,,,,,,,,,,,,,,,,　少し大人びた愛歌の声。
36800 ,,,,,,,,,,,,,,,,,　見上げた空だけは、≪あの日≫と何も変わらずに。
36900 ,,,,,,,,,,,,,,,,,　高く。ただ高く――。
37190 ,,<!Lend_day_change>,0,9000,,,,,,,,,,,,,
37199 ,,<!ec_manaka_uni>,,,,,,,,,,,,,,,
37200 ,@503,,,,,,,,,,,,,,,,
37500 ,,<!Lbegin_day_change>,8,1200,,,,,,,,,,,,,　あれから忙しなく毎日が過ぎていき、
　いよいよ番組収録の日がやってきた。
37600 ,,,,,,,,,,,,,,,,,　いつもは閑散としているロビーも、
　この日ばかりは人で賑わっている。
37700 ,,,,,,,,,,,,,,,,,　愛歌と秋香さんは、今回の収録のディレクター
　らしき人から露天風呂で詳しい説明を受けていた。
37800 ,,,,,,,,,,,,,,,,,　テレビクルーはそれほど大所帯じゃないが、
　その手際のよさはさすがプロだと思わせる。
37900 ,,,,,,,悠,悠,02yuu503_001.wav,"yuu,uniform",,0,,,,,「あれ？　優哉、あんたは露天風呂にいかないの？」
38000 ,,,,,,,優哉,優哉,,yuu,,0,,,,,「今、収録の説明を受けてるんだろ？
　なら部外者はいない方がいいんじゃねえか」
38100 ,,,,,,,悠,悠,02yuu503_002.wav,yuu,,5,,,,,「んー。でも愛歌、朝から緊張でガチガチだったわよ？
　あんたが行って、声をかけてあげた方がいいんじゃな
　い？」
38200 ,,,,,,,,,,yuu,,5,,,,,　悠は悠で、関係者に挨拶をしたり、誘導をしたりで
　忙しそうだった。
38400 ,,<!timepass_1_short>,,,,,英俊,英俊,13eis503_001.wav,,,,,,,,「いよいよだね、番組の収録。
　いやー、旅館続けててよかった」
38500 ,,,,,,,優哉,優哉,,,,,,,,,「息子に黙って、色々とやってたみたいじゃねえか。
　ハバネロもなかだっけか？」
38600 ,,,,,,,英俊,英俊,13eis503_002.wav,,,,,,,,「あれも売れ行きが好調でねえ。
　生産が間に合わないぐらいなんだよ」
38700 ,,,,,,,優哉,優哉,,,,,,,,,「マジで？
　あんなゲロ辛いもなかがどうして売れるんだ？」
38800 ,,,,,,,英俊,英俊,13eis503_003.wav,,,,,,,,「名物に旨いものなし。
　あまりいい意味には使わんがね。旨くないのには
　理由があるんだよ」
38900 ,,,,,,,優哉,優哉,,,,,,,,,「理由？」
39000 ,,,,,,,英俊,英俊,13eis503_004.wav,,,,,,,,「観光名物は、美食家たちに味わってもらうわけじゃ
　ない。大事なのはインパクト」
39100 ,,,,,,,英俊,英俊,13eis503_005.wav,,,,,,,,「特に若い女の子たちは特徴のない味よりも、面白い形
　味……そういうネタになるのを求めてる」
39200 ,,,,,,,英俊,英俊,13eis503_006.wav,,,,,,,,「面白ければいいんだよ、名物なんてのは。
　味なんてのは二の次」
39300 ,,,,,,,優哉,優哉,,,,,,,,,「ったく、その商才をなぜ今の今まで活かせなかった
　んだ？」
39400 ,,,,,,,英俊,英俊,13eis503_007.wav,,,,,,,,「……千鶴の遺言でね」
39500 ,,,,,,,優哉,優哉,,,,,,,,,「千鶴さんの？」
39600 ,,,,,,,英俊,英俊,13eis503_008.wav,,,,,,,,「旅館を有名にすることより、ひとりひとりの
　お客様を大切にもてなしてほしい……と」
39700 ,,,,,,,英俊,英俊,13eis503_009.wav,,,,,,,,「千鶴らしい考えだと思ったがね」
39800 ,,,,,,,優哉,優哉,,,,,,,,,「……ならどうして今になって旅館の宣伝を？」
39900 ,,,,,,,英俊,英俊,13eis503_010.wav,,,,,,,,「さあ、どうしてかな」
40000 ,,,,,,,優哉,優哉,,,,,,,,,「…………」
40100 ,,,,,,,英俊,英俊,13eis503_011.wav,,,,,,,,「……今日の収録で、秋香さんと愛歌ちゃんの話すこと
　を聞いていれば……優哉にも分かるかもしれないね」
40200 ,,,,,,,優哉,優哉,,,,,,,,,「愛歌と秋香さんの……？」
40300 ,,,,,,,英俊,英俊,13eis503_012.wav,,,,,,,,「露天風呂の方へ行ってあげたらどうかね？
　愛歌ちゃんもきっと心細いんだろうから」
40400 ,,,,,,,,,,,,,,,,,　親父はぽんっと俺の肩を叩き、営業用のスマイルを
　振りまき始める。
40500 ,,,,,,,,,,,,,,,,,　肩にのせられた親父の手は、思っていたよりもずっと
　大きかった。
40600 ,,,,,,,優哉,優哉,,,,,,,,,「……俺も露天風呂の方へ行ってみるか」
40800 ,,<!move_short>,,1301,,,ディレクター,ディレクター,,"akika,private",,0,"manaka,uniform",,4,,「……では、温泉のこの辺に浸かってもらってですね、
　あとは自由にこの町や旅館のＰＲをしてください」
40900 ,,,,,,,ディレクター,ディレクター,,akika,,0,manaka,,4,,「そんなに堅苦しい番組ではありませんので、
　肩の力を抜いて自然体でいいですよ」
41000 ,,,,,,,ディレクター,ディレクター,,akika,,0,manaka,,4,,「では、準備が出来次第、収録を開始しますので
　よろしくお願いします」
41100 ,,,,,,,,,,akika,,0,manaka,,4,,　スタッフの説明が終わり、愛歌と秋香さんは
　揃って頭を下げる。
41200 ,,,,,,,,,,akika,,0,manaka,,4,,　ロビーで悠が言っていた通り、愛歌は完全に緊張で
　ガチガチになっていた。
41300 ,,,,,,,,,,akika,,0,manaka,,4,,　まだ着替えていないところを見ると、収録開始まで
　もう少し時間があるんだろうか。
41400 ,,,,,,,優哉,優哉,,manaka,,4,,,,,「愛歌」
41500 ,,,,,,,愛歌,愛歌,01man503_001.wav,manaka,,3,,,,,「あ……優哉ちゃん」
41600 ,,,,,,,,,,manaka,,3,,,,,　軽く手招きすると、愛歌は表情を崩してそばに
　駆け寄ってきた。
41700 ,,,,,,,優哉,優哉,,manaka,,3,,,,,「ちょっと付き合え」
41800 ,,,,,,,愛歌,愛歌,01man503_002.wav,manaka,,2,,,,,「えっ？　あっ……」
41900 ,,,,,,,,,,manaka,,2,,,,,　返事も確かめずに腕を取り、通路の方へ移動する。
42100 ,,<!move_short>,,1600,,,愛歌,愛歌,01man503_003.wav,manaka,,42,,,,,「……どうしたの、優哉ちゃん？」
42200 ,,,,,,,優哉,優哉,,manaka,,42,,,,,「ん……」
42300 ,,,,,,,,,,manaka,,42,,,,,　人がいなくなったところで腕を放し、近くの壁に
　もたれかかる。
42400 ,,,,,,,,,,manaka,,42,,,,,　愛歌は辺りを気にしながら通路の隅に寄り、微妙な
　距離感で俺の横に並んだ。
42500 ,,,,,,,優哉,優哉,,manaka,,42,,,,,「いよいよだな、収録」
42600 ,,,,,,,愛歌,愛歌,01man503_004.wav,manaka,,5,,,,,「……うん。でも上手くできなかったらどうしよう」
42700 ,,,,,,,優哉,優哉,,manaka,,5,,,,,「お前はまた、そういうマイナス思考してるのかよ」
42800 ,,,,,,,愛歌,愛歌,01man503_005.wav,manaka,,5,,,,,「だって……こんなことするの初めてだし、
　本物のテレビカメラを見たら緊張して……」
42900 ,,,,,,,,,,manaka,,5,,,,,　話している間に今にも泣き出しそうな顔になり、
　愛歌は足下に視線を落とす。
43000 ,,,,,,,,,,manaka,,5,,,,,　露天風呂の方から物音が聞こえるたび、
　ビクビクと身体を震わせていた。
43100 ,,,,,,,優哉,優哉,,manaka,,5,,,,,「……別に上手くやる必要なんてねえだろ」
43200 ,,,,,,,愛歌,愛歌,01man503_006.wav,manaka,,3,,,,,「えっ……？」
43300 ,,,,,,,優哉,優哉,,manaka,,3,,,,,「お前はお前らしくやればいいんだよ。
　失敗したって、また走り出せばいいじゃねえか」
43400 ,,,,,,,愛歌,愛歌,01man503_007.wav,manaka,,3,,,,,「私……らしく？」
43500 ,,,,,,,優哉,優哉,,manaka,,3,,,,,「お前、小学校の運動会で俺と二人三脚したときの
　こと覚えてるか？」
43600 ,,,,,,,優哉,優哉,,manaka,,3,,,,,「あん時もお前、同じこと言ってたよな。
　上手くできなかったらどうしよう、ビリになったら
　どうしようって……」
43700 ,,,,,,,愛歌,愛歌,01man503_008.wav,manaka,,42,,,,,「……結果は本当にビリだったよね。
　私、優哉ちゃんの足を引っ張ってばっかりで……」
43800 ,,,,,,,愛歌,愛歌,01man503_009.wav,manaka,,42,,,,,「せっかく優哉ちゃんが私に合わせてくれてたのに、
　私は順位を気にして、一歩を欲張って……」
43900 ,,,,,,,優哉,優哉,,manaka,,42,,,,,「それでもお前、一生懸命だったよな」
44000 ,,,,,,,優哉,優哉,,manaka,,42,,,,,「何度も転んで、膝を擦りむいて……他の走者が
　みんなゴールしても、お前は諦めなかった」
44100 ,,,,,,,優哉,優哉,,manaka,,42,,,,,「だから俺は……」
44200 ,,,,,,,愛歌,愛歌,01man503_010.wav,manaka,,90,,,,,「よくがんばったなって……頭撫でてくれたよね」
44300 ,,,,,,,優哉,優哉,,manaka,,90,,,,,「…………」
44400 ,,,,,,,愛歌,愛歌,01man503_011.wav,manaka,,90,,,,,「私ね、あのときに貰った４等のノート……使うのが
　もったいなくて、今でも持ってるの」
44500 ,,,,,,,愛歌,愛歌,01man503_012.wav,manaka,,90,,,,,「本当は迷惑かけちゃったから、私のノートも
　優哉ちゃんにあげようと思って……」
44600 ,,,,,,,愛歌,愛歌,01man503_013.wav,manaka,,90,,,,,「でも優哉ちゃん、他の種目で１等ばっかりとって、
　そのたびにノートくれるんだもん。渡すタイミングが
　見つからなかったよ……」
44700 ,,,,,,,,,,manaka,,90,,,,,　昔の思い出話ならいくらでもできた。
44800 ,,,,,,,,,,manaka,,90,,,,,　愛歌と共有した思い出は、俺にとっても支えになる
　ことが多かった。
44900 ,,,,,,,,,,manaka,,90,,,,,　一生懸命な愛歌の姿を思い出すと、俺も負けていら
　れない気分になる。
45000 ,,,,,,,,,,manaka,,90,,,,,　そんな金では買えない数々の記憶が、俺と愛歌を
　繋げる全てだった。
45100 ,,,,,,,ＡＤ,ＡＤ,,manaka,,90,,,,,「そろそろ準備お願いしまーす」
45200 ,,,,,,,愛歌,愛歌,01man503_014.wav,manaka,,3,,,,,「あ……そろそろ行かないと」
45300 ,,,,,,,優哉,優哉,,manaka,,3,,,,,「ああ。温泉に浸かりすぎてのぼせるんじゃねーぞ」
45400 ,,,,,,,愛歌,愛歌,01man503_015.wav,manaka,,42,,,,,「……優哉ちゃん、変わらないね」
45500 ,,,,,,,優哉,優哉,,manaka,,42,,,,,「あん？」
45600 ,,,,,,,愛歌,愛歌,01man503_016.wav,manaka,,42,,,,,「優哉ちゃんってこういうとき、いつも笑って私の
　背中を押してくれるの」
45700 ,,,,,,,優哉,優哉,,manaka,,42,,,,,「真面目にがんばれの一言でもかけろ、ってか？」
45800 ,,,,,,,愛歌,愛歌,01man503_017.wav,manaka,,90,,,,,「……ううん。
　そんなことない……全然、そんなことない……」
45900 ,,,,,,,優哉,優哉,,manaka,,90,,,,,「……これから着替えなきゃいけないんだろ？」
46000 ,,,,,,,愛歌,愛歌,01man503_018.wav,manaka,,0,,,,,「うん。ありがとう、優哉ちゃん。
　私、がんばってくるね？」
46100 ,,,,,,,,,,manaka,,0,,,,,　手だけをかざして、脱衣所に向かう愛歌を見届ける。
46200 ,,,,,,,,,,manaka,,0,,,,,　その途中。愛歌は立ち止まり、
46300 ,,,,,,,愛歌,愛歌,01man503_019.wav,manaka,,42,,,,,「優哉ちゃん、私ね……二人三脚で最後までがんばれた
　のは、優哉ちゃんが一緒だったからだよ？」
46400 ,,,,,,,愛歌,愛歌,01man503_020.wav,manaka,,42,,,,,「もし私ひとりだったら……きっと諦めて、途中で
　投げ出しちゃってたと思う……」
46500 ,,,,,,,優哉,優哉,,manaka,,42,,,,,「…………」
46600 ,,,,,,,優哉,優哉,,manaka,,42,,,,,「……早く行けよ。収録の間、ずっと見ててやるから」
46700 ,,,,,,,愛歌,愛歌,01man503_021.wav,manaka,,0,,,,,「うんっ♪」
46800 ,,,,,,,,,,manaka,,0,,,,,　振り返ったその表情は、俺が今まで何度となく目に
　してきた『秋里愛歌』だった。
47000 ,,<!move_short_r>,,1301,,,ＡＤ,ＡＤ,,,,,,,,,「秋里さん、入りまーす」
47100 ,,,,,,,,,,"akika,bathtowel",,0,"manaka,bathtowel",,6,,　収録スタッフのひとりが声を張り上げ、露天風呂に
　バスタオル一枚の愛歌と秋香さんが姿を現す。
47200 ,,,,,,,,,,akika,,0,manaka,,6,,　野次馬ギャラリーからは思わず溜め息が洩れ、
　俺も意識をしてしまって愛歌を直視できなかった。
47300 ,,,,,,,,,,akika,,0,manaka,,6,,　愛歌も終始うつむき加減で、秋香さんに腕を引いて
　もらってようやく歩いている感じだ。
47400 ,,<!move_look>,,,,,悠,悠,02yuu503_003.wav,yuu,,0,,,,,「んしょ。興奮してるかい、青年」
47500 ,,,,,,,優哉,優哉,,yuu,,0,,,,,「なんだ、悠も見学に来たのか」
47600 ,,,,,,,悠,悠,02yuu503_004.wav,yuu,,17,,,,,「一応ねー。やっぱ、愛歌のことが心配だし」
47700 ,,,,,,,優哉,優哉,,yuu,,17,,,,,「…………」
47800 ,,<!move_look>,,,,,悠,悠,02yuu503_005.wav,manaka,,0,,,,,「あ、ほらっ。愛歌がこっち見てるよ？
　手でも振ってやりなさいってばっ」
47900 ,,,,,,,優哉,優哉,,manaka,,0,,,,,「いいんだよ。そんなことしなくたって……」
48000 ,,<!move_look_r>,,,,,悠,悠,02yuu503_006.wav,yuu,,5,,,,,「あんたは相変わらず空気読めないわねえ……
　でも愛歌って、全然スタイルよくない？」
48100 ,,,,,,,優哉,優哉,,yuu,,5,,,,,「あいつは生まれつき、自信というのを持ってないん
　だ。自信過剰なお前と違ってな」
48200 ,,,,,,,悠,悠,02yuu503_007.wav,yuu,,17,,,,,「女は自信を持たないとダメなんだけどねえ……
　あ、そろそろ収録始まるみたい」
48300 ,,,,,,,,,,,,,,,,,　打ち合わせ通りの場所へ浸かった二人は、最後の
　説明を受けて何度か頷いていた。
48400 ,,,,,,,,,,,,,,,,,　そしていよいよ、番組の収録が開始される。
48500 ,,,,,,,,,,,,,,,,,　ドラマの舞台裏などでよく観たことのある光景。
48600 ,,,,,,,,,,,,,,,,,　カウントダウンが始まり、２秒前から指だけの
　合図になった。
48700 ,,,,,,,,,,,,,,,,,　そして――。
49000 ,,<!move_look>,4,,200221,,秋香,秋香,11aki503_001.wav,,,,,,,,「秋といえば温泉の季節！
　深まる＜紅葉＝こうよう＞を眺めながらの露天風呂なんて最高です
　よね！」
49100 ,,,,,200221,,秋香,秋香,11aki503_002.wav,,,,,,,,「今回はここ、星河原温泉郷にある旅館すみさきさんの
　大展望露天風呂から、私たちの町の歴史や温泉などを
　リポートしちゃいます▼」
49200 ,,,,,200221,,秋香,秋香,11aki503_003.wav,,,,,,,,「ほら愛歌、あなたもご挨拶して」
49400 ,,,,,200223,,愛歌,愛歌,01man503_022.wav,,,,,,,,「あ……えっと……愛歌……です」
49500 ,,,,,200223,,秋香,秋香,11aki503_004.wav,,,,,,,,「この子、私の娘なんです。かわいいでしょー？
　温泉でお肌もこんなにツルツル」
49600 ,,,,,200223,,秋香,秋香,11aki503_005.wav,,,,,,,,「私もここの温泉の効能でこんなに胸が育っちゃい
　ましたぁ▼」
49700 ,,,,,200223,,,,,,,,,,,,　と、秋香さんは身体を横に振って爆乳を
　ぷるんぷるんさせる。
49800 ,,,,,200223,,,,,,,,,,,,　うちの温泉に豊胸の効果はないが、いいのか？
49900 ,,,,,200223,,,,,,,,,,,,　いや、いいのか。
50000 ,,,,,200223,,,,,,,,,,,,　ディレクターも乳さえ揺れてればいい、みたいな
　ノリだ。
50100 ,,,,,200223,,,,,,,,,,,,　その後も秋香さんがＰＲをして愛歌が頷く、という
　流れが続き、収録は順調に進んだ。
50200 ,,,,,200223,,,,,,,,,,,,　さすが自ら立候補するだけあって、秋香さんの
　ＰＲは的確だった。
50300 ,,,,,200223,,,,,,,,,,,,　そして予定していた収録時間も僅かになったところ
　で、秋香さんがこれまでと違った動きを見せる。
50500 ,,,,,200222,,秋香,秋香,11aki503_006.wav,,,,,,,,「それじゃあ、愛歌。
　最後に、ここ星河原温泉郷の魅力についてまとめて
　くれる？」
50600 ,,,,,200222,,愛歌,愛歌,01man503_023.wav,,,,,,,,「ええっ？　み、魅力……？」
50700 ,,,,,200222,,,,,,,,,,,,　まさか最後に振られると思っていなかったのか、
　愛歌は明らかに動揺して目を泳がせる。
50800 ,,,,,200222,,,,,,,,,,,,　普通の生番組なら速攻で強制ＣＭだっただろうが、
　収録が中断される様子はなかった。
50900 ,,,,,200222,,,,,,,,,,,,　そうこうしている間に、愛歌と視線が交わる。
51000 ,,,,,200222,,,,,,,,,,,,　胸元を押さえていた手が、ギュッと握られるのが
　分かった。
51100 ,,,,,200222,,愛歌,愛歌,01man503_024.wav,,,,,,,,「わた……私……あの……私……」
51200 ,,,,,200222,,,,,,,,,,,,　紅潮を強め、唇を震わせる愛歌。
51300 ,,,,,200222,,,,,,,,,,,,　正直、見ていられなかった。
51400 ,,,,,200222,,,,,,,,,,,,　できることならタオルを投げ入れて、
　愛歌を緊張から解放してやりたかった。
51500 ,,,,,200222,,,,,,,,,,,,　それでも愛歌は、がんばって声を振り絞ろうとする。
51600 ,,,,,200222,,,,,,,,,,,,　唇を噛みしめ、肩に強く力をこめる。
51700 ,,,,,200222,,愛歌,愛歌,01man503_025.wav,,,,,,,,「っ……私っ……今、好きな人がいますっ！」
51800 ,,,,,200222,,,,,,,,,,,,　ぶっ！？
51900 ,,,,,200222,,,,,,,,,,,,　あまりにも突拍子のない言動に、さすがのテレビ
　クルーたちも顔を見合わせて苦笑いしていた。
52000 ,,,,,200222,,,,,,,,,,,,　秋香さんがフォローに入る様子もなく、かといって
　愛歌も救いを求めてはいない。
52100 ,,,,,200222,,,,,,,,,,,,　少しずつ肩からは力が抜けていっている。
52200 ,,,,,200222,,,,,,,,,,,,　そして一度だけ大きく息を吐いたあと、愛歌は
　穏やかに言葉を続けた。
52400 ,,,,,200221,,愛歌,愛歌,01man503_026.wav,,,,,,,,「でも私、片想いで……きっとその人に想いが届くこと
　はありません」
52500 ,,,,,200221,,愛歌,愛歌,01man503_027.wav,,,,,,,,「今まで何度も忘れようと思いました。諦めなきゃ
　いけないって自分に言い聞かせて……」
52600 ,,,,,200221,,愛歌,愛歌,01man503_028.wav,,,,,,,,「そういう時、お母さんが言うんです。
　ここの温泉へ入ってきなさいって……」
52700 ,,,,,200221,,愛歌,愛歌,01man503_029.wav,,,,,,,,「最初は、失恋の傷を癒すために勧められたんだと
　思いました」
52800 ,,,,,200221,,愛歌,愛歌,01man503_030.wav,,,,,,,,「でもそれは違ったんです。
　お母さんが私にここの温泉を勧めてくれたのは……」
52900 ,,,,,200221,,,,,,,,,,,,　秋香さんは横で小さく頷き、愛歌の頭を撫でようと
　する。
53000 ,,,,,200221,,,,,,,,,,,,　だがその手は愛歌に届くことなく、胸元へ引き戻さ
　れた。
53100 ,,,,,200221,,,,,,,,,,,,　そこには、大人になっていく娘を見守る母親の葛藤が
　あるように見えた。
53200 ,,,,,200221,,愛歌,愛歌,01man503_031.wav,,,,,,,,「ここの温泉に入ると思い出すんです。
　好きな人の優しさとか……温もりとか……
　私が忘れようとしていたもの全部……」
53300 ,,,,,200221,,愛歌,愛歌,01man503_032.wav,,,,,,,,「だから……もしこれを観ている人たちの中で……
　ツラいことや悲しいことを忘れようとしている人
　がいるなら……」
53400 ,,,,,200221,,愛歌,愛歌,01man503_033.wav,,,,,,,,「一度だけでいいです。
　ここの温泉に来てください……」
53500 ,,,,,200221,,愛歌,愛歌,01man503_034.wav,,,,,,,,「何かを忘れて前へ進むのではなく……何かを思い出し
　て今日を生きてください……」
53600 ,,,,,200221,,愛歌,愛歌,01man503_035.wav,,,,,,,,「大好きな人を忘れてしまうのは……本当に……
　本当に悲しいことだから……」
53700 ,,,,,200221,,,,,,,,,,,,　全てを言い終えると、愛歌は思い出したように
　顔を真っ赤に染める。
53800 ,,,,,200221,,秋香,秋香,11aki503_007.wav,,,,,,,,「……はい、よくできました」
53900 ,,,,,200221,,,,,,,,,,,,　秋香さんは最後まで愛歌の頭を撫でずに、胸元で
　強く手を握りしめていた。
54000 ,,,,,200221,,秋香,秋香,11aki503_008.wav,,,,,,,,「あなたも星河原温泉郷で、大切な何かを思い出して
　みませんか？」
54100 ,,,,,200221,,秋香,秋香,11aki503_009.wav,,,,,,,,「きっとここで過ごす時間は、あなたにとって、
　忘れられないものとなるはずです」
54200 ,,,,,200221,,秋香,秋香,11aki503_010.wav,,,,,,,,「ずっと、ずっと、これから先もあなたの中で……
　ここで過ごした時間が、かけがえのないものとな
　りますように……」
54400 ,,<!timepass_1_long>,,1301,,,,,,manaka,,6,,,,,　収録が終わったあと、どこからともなく拍手が
　起こった。
54500 ,,,,,,,,,,manaka,,6,,,,,　俺は恥ずかしそうにうつむく愛歌を、同じように
　拍手で迎えた。
54600 ,,,,,,,優哉,優哉,,manaka,,6,,,,,「おつかれさん」
54700 ,,,,,,,愛歌,愛歌,01man503_036.wav,manaka,,42,,,,,「……うん。私、着替えてくるね」
54800 ,,,,,,,,,,,,,,,,,　愛歌は小走りで脱衣所に消えていく。
54900 ,,,,,,,,,,,,,,,,,　その間、俺はロビーで親父が言っていたことを
　思い出していた。
55000 ,,,,,,,,,,,,,,,,,　親父が千鶴さんの遺言から離れて、この旅館の名を
　売り始めた理由。
55100 ,,,,,,,,,,,,,,,,,　それは、はっきりとは分からなかったけれど。
55200 ,,,,,,,,,,,,,,,,,　でも、もし。
55300 ,,,,,,,,,,,,,,,,,　この旅館の温泉に入って、誰かの心が救われるの
　ならば……。
55400 ,,,,,,,,,,,,,,,,,　俺は、親父が選んだ道を応援したい。
55500 ,,,,,,,,,,,,,,,,,　ひとりでも多くの人が、この温泉で大切な何かを
　思い出せるのなら――。
55790 ,,<!Lend_day_change>,0,9000,,,,,,,,,,,,,
55799 ,,<!ec_manaka_pri>,,,,,,,,,,,,,,,
55800 ,@504,,,,,,,,,,,,,,,,
56100 ,,<!Lbegin_day_change>,7,4400,,,秋香,秋香,11aki504_001.wav,"akika,private",,1,,,,,「今日もたくさん、ハバネロもなか持ってきたので、
　どんどん食べてくださいね～」
56200 ,,,,,,,,,,akika,,1,,,,,　……売れ行き好調で生産が間に合わないんじゃ
　なかったのか親父。
56300 ,,,,,,,,,,akika,,1,,,,,　収録から数日が経ち、俺たちは再び全員＋秋香さんで
　部室に集まっていた。
56400 ,,,,,,,,,,akika,,1,,,,,　さすがに今回は、ハバネロもなかも売れ残っている。
56500 ,,,,,,,,,,akika,,1,,,,,　……かと思いきや。
56600 ,,,,,,,恋鳥,恋鳥,04kot504_001.wav,"kotori,uniform",,2,,,,,「……んまい」
56700 ,,,,,,,,,,kotori,,2,,,,,　秋香さんと同じ特殊な味覚の持ち主がひとり。
56800 ,,,,,,,恋鳥,恋鳥,04kot504_002.wav,kotori,,90,,,,,「優哉も食え」
56900 ,,,,,,,優哉,優哉,,kotori,,90,,,,,「食うかっ。つーか、食えるかっ」
57000 ,,,,,,,,,,kotori,,90,,,,,　あの全身の毛穴が開ききる感覚は、二度と味わいたく
　ない。
57100 ,,,,,,,恋鳥,恋鳥,04kot504_003.wav,kotori,,0,,,,,「悠は？」
57200 ,,,,,,,悠,悠,02yuu504_001.wav,"yuu,uniform",,12,kotori,,0,,「わ、私は遠慮しとく」
57300 ,,,,,,,恋鳥,恋鳥,04kot504_004.wav,yuu,,12,kotori,,90,,「なら、おばあちゃんに持って帰るぞ」
57400 ,,,,,,,,,,yuu,,12,kotori,,90,,　……ショック死するからやめてくれ。
57500 ,,,,,,,,,,yuu,,12,kotori,,90,,　にしても、思わぬところで人気があるな。
　ハバネロもなかは……。
57600 ,,,,,,,優哉,優哉,,yuu,,12,,,,,「……んで、今日はなんだよ。
　それの試食会をするために集まったわけじゃねえん
　だろ？」
57700 ,,,,,,,悠,悠,02yuu504_002.wav,yuu,,1,,,,,「あ、そうそう。みんな、収録の日はお疲れさま！
　おかげですごい反響だったみたいよ」
57800 ,,,,,,,優哉,優哉,,yuu,,1,,,,,「へー、そうなのか？」
57900 ,,,,,,,悠,悠,02yuu504_003.wav,yuu,,0,,,,,「うん。あの温泉に入ってた親子は何者だ！　って
　問い合わせが殺到したとかで……」
58000 ,,,,,,,悠,悠,02yuu504_004.wav,yuu,,0,,,,,「スタッフの人も、二人にお礼を言っておいてくれっ
　て」
58100 ,,,,,,,優哉,優哉,,yuu,,0,,,,,「そういや、うちの旅館もあれ以来、客が増えて親父が
　喜んでたな」
58200 ,,,,,,,悠,悠,02yuu504_005.wav,yuu,,17,,,,,「やっぱ、愛歌の最後のアレがよかったみたいよ。
　同世代の子たちから共感を得て……」
58300 ,,,,,,,秋香,秋香,11aki504_002.wav,yuu,,17,akika,,1,,「うふふっ♪　よかったわね、愛歌。
　みんなに喜んでもらえて……」
58400 ,,,,,,,愛歌,愛歌,01man504_001.wav,yuu,,17,"manaka,uniform",,6,,「うん……思い出すと、すごく恥ずかしいけど……」
58500 ,,,,,,,悠,悠,02yuu504_006.wav,yuu,,12,manaka,,6,,「でも、秋香さんの胸の谷間の反響が一番だったみたい
　だけどね」
58600 ,,,,,,,,,,yuu,,12,manaka,,6,,　部長、美談が台無しです！
58700 ,,,,,,,,,,yuu,,12,manaka,,6,,　てか、世の中やっぱりおっぱいなのかよ……。
58800 ,,,,,,,優哉,優哉,,kotori,,0,,,,,「…………（ちらっ）」
58900 ,,,,,,,恋鳥,恋鳥,04kot504_005.wav,kotori,,7,,,,,「……なんだ、優哉」
59000 ,,,,,,,優哉,優哉,,kotori,,7,,,,,「いや、別に……」
59100 ,,,,,,,,,,kotori,,7,,,,,　たくましく生きてくれ、恋鳥。
59300 ,,<!timepass_2_short>,,4401,,,悠,悠,02yuu504_007.wav,yuu,,1,manaka,,0,,「でもさ、愛歌の好きな男って誰だったの？
　あれって思いっきり告白だったよね？」
59400 ,,,,,,,愛歌,愛歌,01man504_002.wav,yuu,,1,manaka,,6,,「えっ？　あれは……た、たとえばの話だよっ」
59500 ,,,,,,,悠,悠,02yuu504_008.wav,yuu,,0,manaka,,6,,「にしては、かなり真に迫った告白だったような……」
59600 ,,,,,,,つむぎ,つむぎ,05tum504_001.wav,yuu,,0,"tumugi,uniform",,90,,「私……感動しました。愛歌さんの告白を聞いて……」
59700 ,,,,,,,悠,悠,02yuu504_009.wav,yuu,,2,tumugi,,90,,「あれぇ？　つむぎさんもそういう男がいるわけ？
　忘れたくても忘れられない！　みたいなの」
59800 ,,,,,,,つむぎ,つむぎ,05tum504_002.wav,yuu,,2,tumugi,,6,,「それは……あの……」
59900 ,,,,,,,,,,tumugi,,6,,,,,　不意につむぎと目が合う。
60000 ,,,,,,,,,,manaka,,6,,,,,　続けて愛歌とも目が合い、俺は咄嗟に視線を窓の
　外に逃がした。
60100 ,,,,,,,悠,悠,02yuu504_010.wav,yuu,,12,,,,,「はあ……みんないいわよね。
　素敵な恋とかしちゃってさー……」
60200 ,,,,,,,優哉,優哉,,yuu,,12,,,,,「お前はそういうのと無縁っぽいよなあ」
60300 ,,,,,,,,,,yuu,,12,,,,,　からかい半分で振り返ると、今度は悠の視線と
　正面からぶつかった。
60400 ,,,,,,,悠,悠,02yuu504_011.wav,yuu,,6,,,,,「……恋ぐらい、私だってしてるけどさ」
60500 ,,,,,,,優哉,優哉,,yuu,,6,,,,,「ボーイズゲームの登場キャラにか？」
60600 ,,,,,,,悠,悠,02yuu504_012.wav,yuu,,53,,,,,「普通の男だってば！
　あ、普通……ではないかもしれないけど……」
60700 ,,,,,,,優哉,優哉,,yuu,,53,,,,,「どっちなんだよ」
60800 ,,,,,,,悠,悠,02yuu504_013.wav,yuu,,2,,,,,「う、うっさいわねっ。
　こっちにだって色々と事情があんのっ」
60900 ,,,,,,,愛歌,愛歌,01man504_003.wav,manaka,,5,,,,,「…………」
61000 ,,,,,,,,,,manaka,,5,,,,,　再び愛歌と目が合ったが、それはすぐに向こうから
　逸らされた。
61100 ,,,,,,,,,,manaka,,5,,,,,　どうも収録の日から、ぎくしゃくしてるんだよな。
　愛歌とは……。
61200 ,,,,,,,,,,manaka,,5,,,,,　……しかし、どこもかしこも恋・恋・恋か。
61300 ,,,,,,,,,,manaka,,5,,,,,　景気がいいんだか、悪いんだか……。
61400 ,,,,,,,恋鳥,恋鳥,04kot504_006.wav,kotori,,4,,,,,「……恋」
61500 ,,,,,,,優哉,優哉,,kotori,,4,,,,,「お、もしかして恋鳥も恋してるのか？」
61600 ,,,,,,,恋鳥,恋鳥,04kot504_007.wav,kotori,,0,,,,,「ん……」
61700 ,,,,,,,,,,kotori,,0,,,,,　パソコンの前に座っていた恋鳥が、
　何やらキーボードを打ち始める。
61800 ,,,,,,,,,,kotori,,0,,,,,　横からディスプレイを覗きこむと、
　ネットの検索ページが映し出されていた。
61900 ,,,,,,,,,,kotori,,0,,,,,　検索ワードは……保険金　殺害　方法
62000 ,,,,,,,恋鳥,恋鳥,04kot504_008.wav,kotori,,1,,,,,「恋」
62100 ,,,,,,,,,,kotori,,1,,,,,　あなた絶対、勘違いしてます！
62400 ,,<!timepass_2_short><!se_bushitsu_open>,,4301,,,悠,悠,02yuu504_014.wav,yuu,,0,,,,,「あっ、愛歌ちょっと待って！」
62500 ,,,,,,,愛歌,愛歌,01man504_004.wav,yuu,,0,manaka,,0,,「うん。どうしたの、悠？」
62600 ,,,,,,,,,,yuu,,0,manaka,,0,,　本日の部活も無事に終了。その帰り際。
62700 ,,,,,,,,,,yuu,,0,manaka,,0,,　最後に部室を出た悠が、戸締まりをしながら
　声をかけてきた。
62800 ,,,,,,,悠,悠,02yuu504_015.wav,yuu,,1,manaka,,0,,「テレビ局の人があとでＶＴＲ送るって言ってたけど、
　愛歌はいる？」
62900 ,,,,,,,悠,悠,02yuu504_016.wav,yuu,,90,manaka,,0,,「せっかくだし、記念に貰っておけば？」
63000 ,,,,,,,愛歌,愛歌,01man504_005.wav,yuu,,90,manaka,,15,,「ええっ、いらないよー。
　そんなの貰っても絶対に観ないし」
63100 ,,,,,,,優哉,優哉,,yuu,,90,manaka,,15,,「せっかくだし貰っとけよ。マジでいい記念だろ？」
63200 ,,,,,,,悠,悠,02yuu504_017.wav,yuu,,0,manaka,,15,,「優哉は？」
63300 ,,,,,,,優哉,優哉,,yuu,,0,manaka,,15,,「俺が貰ってどうすんだよ。自分が出てもいねえのに」
63400 ,,,,,,,悠,悠,02yuu504_018.wav,yuu,,17,manaka,,15,,「なぁに？
　あんた、秋里親子のおっぱいに興味ないの？」
63500 ,,,,,,,優哉,優哉,,yuu,,17,manaka,,15,,「……一本だけ、いただこうか」
63600 ,,,,,,,愛歌,愛歌,01man504_006.wav,yuu,,17,manaka,,2,,「ええっ！？　優哉ちゃんは貰わなくていいよー」
63700 ,,,,,,,悠,悠,02yuu504_019.wav,yuu,,1,manaka,,2,,「んじゃ、とりあえず愛歌の家にも送ってもらうよう
　連絡しとくね。秋香さんも欲しいだろうしさ」
63800 ,,,,,,,優哉,優哉,,yuu,,1,manaka,,2,,「あれ……そういえば秋香さんは先に帰っちまったの
　か？」
63900 ,,,,,,,愛歌,愛歌,01man504_007.wav,yuu,,1,manaka,,42,,「うん。帰りにお買い物していくって」
64000 ,,,,,,,優哉,優哉,,yuu,,1,manaka,,42,,「そっか。んじゃ、俺らも帰るか」
64100 ,,,,,,,悠,悠,02yuu504_020.wav,yuu,,0,manaka,,42,,「んじゃねー、お二人さんっ。また明日！」
64200 ,,,,,,,優哉,優哉,,yuu,,0,manaka,,42,,「おう。おつかれー」
64300 ,,,,,,,愛歌,愛歌,01man504_008.wav,yuu,,0,manaka,,0,,「おつかれさまー」
64400 ,,,,,,,,,,yuu,,0,manaka,,0,,　俺たちは悠を見送ってから、二人で歩き始めた。
64600 ,,<!move_short>,2,12301,,,,,,manaka,,4,,,,,　……ダメだ、会話が続かねえ。
64700 ,,,,,,,,,,manaka,,4,,,,,　何を話したらいいんだ……今までこんなこと、
　なかったのに……。
64800 ,,,,,,,,,,manaka,,4,,,,,　下校する時間の大半が沈黙で埋まっていた。
64900 ,,,,,,,,,,manaka,,4,,,,,　お互い何かを言いかけるが、それが言葉にならない。
65000 ,,,,,,,,,,manaka,,4,,,,,　こうして家に向かう途中、愛歌は何度も足を止めて
　いた。
65100 ,,,,,,,愛歌,愛歌,01man504_009.wav,manaka,,5,,,,,「あの……私……」
65200 ,,,,,,,優哉,優哉,,manaka,,5,,,,,「ん？」
65300 ,,,,,,,,,,manaka,,5,,,,,　俺も足を止めて、後ろを振り返る。
65400 ,,,,,,,愛歌,愛歌,01man504_010.wav,manaka,,3,,,,,「優哉ちゃんにまだ、お礼言ってなかったよね」
65500 ,,,,,,,優哉,優哉,,manaka,,3,,,,,「礼ってなんの？」
65600 ,,,,,,,愛歌,愛歌,01man504_011.wav,manaka,,42,,,,,「……収録の日、本番前に励ましてくれたでしょう？」
65700 ,,,,,,,優哉,優哉,,manaka,,42,,,,,「バカ。そんなの気にすんなよ、お前は……」
65800 ,,,,,,,愛歌,愛歌,01man504_012.wav,manaka,,90,,,,,「それに……本番中、私が何も言えなくなったとき、
　優哉ちゃんずっと私を見ててくれたよね？」
65900 ,,,,,,,優哉,優哉,,manaka,,90,,,,,「…………」
66000 ,,,,,,,愛歌,愛歌,01man504_013.wav,manaka,,90,,,,,「隣で悠は、見ていられないって顔して横を向いてたの
　に……」
66100 ,,,,,,,優哉,優哉,,manaka,,90,,,,,「……約束しちまったからな。
　収録の間、ずっと見ててやるって……」
66200 ,,,,,,,愛歌,愛歌,01man504_014.wav,manaka,,42,,,,,「…………」
66300 ,,,,,,,,,,manaka,,42,,,,,　これまでとは違う、合意の上での沈黙。
66400 ,,,,,,,,,,manaka,,42,,,,,　それを挟み、愛歌は母親そっくりの笑みを浮かべる。
66500 ,,,,,,,,,,manaka,,42,,,,,　穏やかな秋風が、ふわりと愛歌の髪を揺らしていた。
66600 ,,,,,,,,,,manaka,,42,,,,,　まるで母親が娘の髪を撫でるように。
66700 ,,,,,,,,,,manaka,,42,,,,,　それは、俺たちの狭間で優しく流れ続けて。
66800 ,,,,,,,愛歌,愛歌,01man504_015.wav,manaka,,0,,,,,「ありがとね、優哉ちゃん……」
66900 ,,,,,,,,,,manaka,,0,,,,,　首を横に振りながら、愛歌へ一歩近づく。
67000 ,,,,,,,,,,manaka,,0,,,,,　そして俺は、昔と同じように愛歌の頭へ手を
　伸ばした。
67100 ,,,,,,,優哉,優哉,,manaka,,0,,,,,「……収録、よくがんばったな」
67200 ,,,,,,,愛歌,愛歌,01man504_016.wav,manaka,,42,,,,,「えへへ……二人三脚のときと同じだね♪」
67300 ,,,,,,,,,,manaka,,42,,,,,　幼なじみの秋里愛歌は、≪あの日≫よりもほんの少し、
　強い女の子になっていた。
67400 ,,,,,,,優哉,優哉,,manaka,,42,,,,,「……うし、帰るか」
67500 ,,,,,,,愛歌,愛歌,01man504_017.wav,manaka,,15,,,,,「あ、優哉ちゃんっ」
67600 ,,,,,,,優哉,優哉,,manaka,,15,,,,,「ん？」
67700 ,,,,,,,愛歌,愛歌,01man504_018.wav,manaka,,15,,,,,「…………」
67990 ,,<!scene_past_begin>,7,9000,,,,,,,,,,,,,
68000 ,,,,4401,,#mono,つむぎ,つむぎ,05tum504_001.wav,tumugi,,90,,,,,「私……感動しました。愛歌さんの告白を聞いて……」
68100 ,,,,,,#mono,悠,悠,02yuu504_021.wav,yuu,,2,tumugi,,90,,「あれぇ？　つむぎさんもそういう男がいるわけ？
　忘れたくても忘れられない！　みたいなの」
68200 ,,,,,,#mono,つむぎ,つむぎ,05tum504_002.wav,yuu,,2,tumugi,,6,,「それは……あの……」
68300 ,,,,,,#mono,悠,悠,02yuu504_022.wav,yuu,,12,,,,,「はあ……みんないいわよね。
　素敵な恋とかしちゃってさー……」
68400 ,,,,,,#mono,優哉,優哉,,yuu,,12,,,,,「お前はそういうの無縁っぽいよなあ」
68500 ,,,,,,#mono,悠,悠,02yuu504_023.wav,yuu,,6,,,,,「……恋ぐらい、私だってしてるけどさ」
68600 ,,,,,,#mono,,,,yuu,,6,,,,,　…………。
68700 ,,,,,,#mono,秋香,秋香,11aki504_003.wav,akika,,2,,,,,「……愛歌は大変ね、恋のライバルが多くて」
68800 ,,,,,,#mono,愛歌,愛歌,01man504_019.wav,akika,,2,manaka,,5,,「えっ……」
68900 ,,,,,,#mono,秋香,秋香,11aki504_004.wav,akika,,1,manaka,,5,,「そんなに不安そうな顔をしていたら、
　幸せが逃げちゃうわよ？」
69000 ,,,,,,#mono,愛歌,愛歌,01man504_020.wav,akika,,1,manaka,,3,,「…………」
69100 ,,,,,,#mono,秋香,秋香,11aki504_005.wav,akika,,0,manaka,,3,,「でもあなたはあなたでいいの」
69200 ,,,,,,#mono,秋香,秋香,11aki504_006.wav,akika,,0,manaka,,3,,「誰かと競争する必要はないんだから……あなたは
　自分のペースで、恋をしなさい？」
69300 ,,,,,,#mono,秋香,秋香,11aki504_007.wav,akika,,0,manaka,,3,,「あせらずに自分の想いを大切にしていくの……」
69400 ,,,,,,#mono,愛歌,愛歌,01man504_021.wav,akika,,0,manaka,,42,,「お母さん……」
69490 ,,,0,9000,,,,,,,,,,,,,
69700 ,,<!scene_past_end>,2,12301,,,優哉,優哉,,manaka,,90,,,,,「どうした、愛歌？　帰らねえのか」
69800 ,,,,,,,愛歌,愛歌,01man504_022.wav,manaka,,1,,,,,「……ううん、帰るっ♪」
69900 ,,,,,,,優哉,優哉,,manaka,,1,,,,,「ったく、お前は反応が遅いんだって。昔から……」
70000 ,,,,,,,愛歌,愛歌,01man504_023.wav,manaka,,15,,,,,「ああっ、優哉ちゃん歩くの速いよぉ～」
70200 ,,,,9000,,,秋香,秋香,11aki504_008.wav,akika,,4,,,,,「たとえそれが……
　ずっとずっと遠回りの、長く＜辛＝つら＞い片想いでも――」
70590 ,,<!Lend_day_change>,0,9000,,,,,,,,,,,,,
70599 ,,<!ec_manaka_uni>,,,,,,,,,,,,,,,
70600 ,@505,,,,,,,,,,,,,,,,
70900 ,,<!Lbegin_day_change>,8,4500,,,大和,大和,08yam505_001.wav,"yamato,uniform",,2,,,,,「最近つれないと思ったら、まさか秋里がテレビに
　出てたなんてなあ」
71000 ,,,,,,,大和,大和,08yam505_002.wav,yamato,,1,,,,,「優哉、どんな気分だ？
　幼なじみがどんどん遠い存在になっていくのは……」
71100 ,,,,,,,優哉,優哉,,yamato,,1,,,,,「大げさなんだよ、お前は。たかが地元のケーブル
　放送でちょろっと映っただけじゃねえか」
71200 ,,,,,,,大和,大和,08yam505_003.wav,yamato,,0,,,,,「優哉は分かってないな。
　今なんてネットで話題になれば、映像なんて世界中に
　発信されちまうんだぜ？」
71300 ,,,,,,,大和,大和,08yam505_004.wav,yamato,,0,,,,,「これがきっかけで、秋里も『イブニング娘。』に
　スカウトされたりしてな」
71400 ,,,,,,,愛歌,愛歌,01man505_001.wav,yamato,,0,"manaka,uniform",,4,,「優哉ちゃん、私……タバコなんて吸わないよっ」
71500 ,,,,,,,優哉,優哉,,yamato,,0,manaka,,4,,「……愛歌、そのコメントは相当グレーゾーンだぞ」
71600 ,,,,,,,,,,yamato,,0,manaka,,4,,　最近、イブニング娘。はスキャンダルが絶えない。
71700 ,,,,,,,大和,大和,08yam505_005.wav,yamato,,0,manaka,,4,,「でも秋里……ごめんなー、気付いてやれなくて」
71800 ,,,,,,,愛歌,愛歌,01man505_002.wav,yamato,,0,manaka,,90,,「えっ？　大和くん、なんの話……？」
71900 ,,,,,,,大和,大和,08yam505_006.wav,yamato,,4,manaka,,90,,「あの放送、俺もリアルタイムで観てたんだ。
　秋里の気持ち、真っ直ぐ俺の胸に届いたよ」
72000 ,,,,,,,大和,大和,08yam505_007.wav,yamato,,0,manaka,,90,,「まさか秋里が、俺のことを……あんな風に思ってて
　くれたなんて……」
72100 ,,,,,,,愛歌,愛歌,01man505_003.wav,yamato,,0,manaka,,3,,「……えっと……」
72200 ,,,,,,,,,,yamato,,0,manaka,,3,,　困った様子で愛歌は俺に救いを求めてくる。
72300 ,,,,,,,,,,yamato,,0,manaka,,3,,　まったく、自分で『違います』の一言でも言えば
　済むことだろうに……。
72400 ,,,,,,,優哉,優哉,,yamato,,0,manaka,,3,,「残念だが、大和……」
72500 ,,,,,,,愛歌,愛歌,01man505_004.wav,yamato,,0,manaka,,4,,「あの……大和くんじゃないですっ」
72600 ,,,,,,,優哉,優哉,,yamato,,2,manaka,,4,,「！？」
72700 ,,,,,,,愛歌,愛歌,01man505_005.wav,yamato,,2,manaka,,4,,「ごめんなさい……私の好きな人……違います」
72800 ,,,,,,,,,,yamato,,2,manaka,,4,,　ペコリと頭を下げ、はっきりと自分の気持ちを
　伝える愛歌。
72900 ,,,,,,,,,,yamato,,2,manaka,,4,,　少し前まで、オロオロとしていたその眼差しは、
　迷いなく大和を見据えていた。
73000 ,,,,,,,,,,yamato,,2,manaka,,4,,　愛歌は……あの収録を境に変わり始めている。
73100 ,,,,,,,,,,yamato,,2,manaka,,4,,『優哉、どんな気分だ？
　幼なじみがどんどん遠い存在になっていくのは……』
73300 ,,,,,,,,,,yamato,,2,manaka,,4,,　今頃になって大和の言葉が、錆びついた刃物の
　切れ味で胸へ刺さっていた。
73400 ,,,,,,,大和,大和,08yam505_008.wav,yamato,,0,manaka,,4,,「いいんだ。秋里の気持ちはよく分かってる。
　もう我慢しないでいいんだ……」
73500 ,,,,,,,,,,yamato,,0,manaka,,3,,　……きっとこういう勘違い君が、深夜に女性宅へ
　押しかけたりするんだろうな。
73600 ,,,,,,,,,,yamato,,0,manaka,,3,,　さすがに愛歌も困り果てている。
73700 ,,,,,,,優哉,優哉,,yamato,,0,manaka,,3,,「愛歌がお前なんかを好きになるわけねえだろ」
73800 ,,,,,,,大和,大和,08yam505_009.wav,yamato,,5,manaka,,3,,「なんだよ、優哉。それはどういう意味だ？」
73900 ,,,,,,,優哉,優哉,,yamato,,5,manaka,,3,,「……そのままの意味だろ」
74000 ,,,,,,,大和,大和,08yam505_010.wav,yamato,,0,manaka,,3,,「はは～ん。さてはお前、ヤキモチか？
　やっぱ、秋里の幼なじみなだけに……」
74100 ,,,,,,,優哉,優哉,,yamato,,0,manaka,,3,,「幼なじみだから分かるんだよ。
　愛歌は俺やお前みたいな、いい加減な男を好きに
　なったりしねえし」
74200 ,,,,,,,愛歌,愛歌,01man505_006.wav,yamato,,0,manaka,,5,,「…………」
74300 ,,,,,,,大和,大和,08yam505_011.wav,yamato,,0,manaka,,5,,「なら、優哉。幼なじみから見て、秋里はどんな
　タイプの男を好きになると思う？」
74400 ,,,,,,,優哉,優哉,,yamato,,0,manaka,,5,,「知るか、そんなの」
74500 ,,,,,,,大和,大和,08yam505_012.wav,yamato,,1,manaka,,5,,「幼なじみも大したことないなー」
74600 ,,,,,,,優哉,優哉,,yamato,,1,manaka,,5,,「んだよ、お前。今日はずいぶん、俺に絡んでくるな」
74700 ,,,,,,,大和,大和,08yam505_013.wav,yamato,,4,manaka,,5,,「今日の俺をいつもの紫藤大和だと思ったら、
　痛い目に遭うぜ？」
74800 ,,,,,,,悠,悠,02yuu505_001.wav,"yuu,uniform",,17,,,,,「……ふ～ん。あんたたちでも、そんな風に険悪に
　なったりするんだ？」
74900 ,,,,,,,優哉,優哉,,yuu,,17,,,,,「珍しく静かな登場だな、悠」
75000 ,,,,,,,悠,悠,02yuu505_002.wav,yuu,,53,,,,,「結構前から登場してたけど、あんたたちが気付かな
　かっただけでしょーが」
75100 ,,,,,,,,,,yuu,,53,,,,,　悠の登場で、大和はバツが悪そうに頭を掻いている。
75200 ,,,,,,,悠,悠,02yuu505_003.wav,yuu,,0,,,,,「愛歌も一躍時の人かぁ。
　私もアレに出てれば今頃は……」
75300 ,,,,,,,優哉,優哉,,yuu,,0,,,,,「普段と変わらない日常を送ってるだろうな」
75400 ,,,,,,,悠,悠,02yuu505_004.wav,yuu,,53,,,,,「なんでよっ。私だってイブニング娘。にスカウト
　されて、男たちにチヤホヤされるかもよ？」
75500 ,,,,,,,優哉,優哉,,yuu,,53,,,,,「タバコと妊娠だけはやめとけ。
　それにお笑い芸人との熱愛もだ」
75600 ,,,,,,,悠,悠,02yuu505_005.wav,yuu,,12,,,,,「はあ……アイドルっていうのも大変よね……」
75700 ,,,,,,,優哉,優哉,,yuu,,12,,,,,「その経験者は語るみたいな態度が、至極不愉快なん
　だが」
75800 ,,,,,,,悠,悠,02yuu505_006.wav,yuu,,0,yamato,,5,,「ほら大和、あんたもいつまでふて腐れてんのよっ」
75900 ,,,,,,,大和,大和,08yam505_014.wav,yuu,,0,yamato,,5,,「……翠川がイブニング娘。はないな」
76000 ,,,,,,,悠,悠,02yuu505_007.wav,yuu,,53,yamato,,5,,「あんたたちは揃いもそろってぇぇぇ～っ！」
76100 ,,,,,,,愛歌,愛歌,01man505_007.wav,yuu,,53,manaka,,42,,「ま、まあまあ……悠、落ち着いて」
76200 ,,,,,,,優哉,優哉,,yuu,,53,manaka,,42,,「落ち着くついでに、なんでウチのクラスにきたん
　だ？」
76300 ,,,,,,,悠,悠,02yuu505_008.wav,yuu,,1,manaka,,42,,「……優哉の顔が見たくってぇ」
76400 ,,,,,,,優哉,優哉,,yuu,,1,manaka,,42,,「きめぇ……」
76500 ,,,,,,,悠,悠,02yuu505_009.wav,yuu,,1,yamato,,0,,「…………大和の顔が見たくってぇ」
76600 ,,,,,,,大和,大和,08yam505_015.wav,yuu,,1,yamato,,4,,「ごめんなさい！」
76700 ,,,,,,,悠,悠,02yuu505_010.wav,yuu,,12,manaka,,42,,「………………愛歌、会いたかったっ」
76800 ,,,,,,,愛歌,愛歌,01man505_008.wav,yuu,,12,manaka,,42,,「よ、よしよし……私も会いたかったよ」
76900 ,,,,,,,,,,yuu,,12,manaka,,42,,　本気で涙目だな、悠……。
77000 ,,,,,,,悠,悠,02yuu505_011.wav,yuu,,7,manaka,,42,,「あー、もぉっ。すっごいムシャクシャしてきた。
　今日、学校が終わったらみんなでどっか遊びに
　いこっか？」
77100 ,,,,,,,悠,悠,02yuu505_012.wav,yuu,,0,manaka,,42,,「星の河原祭りが近いし、街も賑やかそうじゃない？」
77200 ,,,,,,,愛歌,愛歌,01man505_009.wav,yuu,,0,manaka,,3,,「でも、もうすぐテストだよ？
　そろそろ勉強しておかないと……」
77300 ,,,,,,,悠,悠,02yuu505_013.wav,yuu,,53,manaka,,3,,「げー！　すっかり忘れてたっ。
　来週からテストだっけ！？」
77400 ,,,,,,,優哉,優哉,,yuu,,53,manaka,,3,,「一気に現実に引き戻されたな。だりぃ……」
77500 ,,,,,,,悠,悠,02yuu505_014.wav,yuu,,12,manaka,,3,,「はあ……じゃあ、遊びに行くのはテストが終わって
　からかぁ」
77600 ,,,,,,,愛歌,愛歌,01man505_010.wav,yuu,,12,manaka,,0,,「……でも今年はお祭り、楽しみだね。
　いっぱい人が来てくれるといいな……」
77700 ,,,,,,,優哉,優哉,,yuu,,12,manaka,,0,,「だな。あれだけＰＲもしたんだし、
　今年は盛り上がるだろ」
77800 ,,,,,,,悠,悠,02yuu505_015.wav,yuu,,0,,,,,「その前に、テストの結果で盛り下がんないでよね」
77900 ,,,,,,,優哉,優哉,,yuu,,0,,,,,「それはお前」
78000 ,,,,,,,大和,大和,08yam505_016.wav,yamato,,1,,,,,「それは翠川」
78100 ,,,,,,,愛歌,愛歌,01man505_011.wav,manaka,,1,,,,,「……悠、がんばっ」
78200 ,,,,,,,悠,悠,02yuu505_016.wav,yuu,,53,,,,,「ムキーーーーーーーーーーーーーーっ！」
78490 ,,<!Lend_move>,0,9000,,,,,,,,,,,,,
78500 ,@506,,,,,,,,,,,,,,,,
78800 ,,<!Lbegin_move>,2,12301,,,愛歌,愛歌,01man506_001.wav,"manaka,uniform",,90,,,,,「……ねえ、優哉ちゃん」
78900 ,,,,,,,優哉,優哉,,manaka,,90,,,,,「ん？」
79000 ,,,,,,,愛歌,愛歌,01man506_002.wav,manaka,,42,,,,,「優哉ちゃんは、どんな女の子のタイプが好きなの？」
79100 ,,,,,,,優哉,優哉,,manaka,,42,,,,,「なんだよ、＜藪＝やぶ＞から＜棒＝ぼう＞に……」
79200 ,,,,,,,,,,manaka,,42,,,,,　いつものように下校を共にしながら、
　とりとめのない会話を続ける。
79300 ,,,,,,,,,,manaka,,42,,,,,　愛歌は小走りで俺の横に並ぶと、興味津々といった
　表情で顔を覗きこんできた。
79400 ,,,,,,,優哉,優哉,,manaka,,42,,,,,「……意外と知らないことの方が多いもんだな」
79500 ,,,,,,,愛歌,愛歌,01man506_003.wav,manaka,,2,,,,,「えっ？」
79600 ,,,,,,,優哉,優哉,,manaka,,2,,,,,「俺もお前の好きな男のタイプとか全然知らねえし」
79700 ,,,,,,,優哉,優哉,,manaka,,2,,,,,「今日の下着の色も、まったく分かんねえ」
79800 ,,,,,,,愛歌,愛歌,01man506_004.wav,manaka,,3,,,,,「…………」
79900 ,,,,,,,,,,manaka,,3,,,,,　立ち止まった愛歌は、後ろを向いてスカートの
　中身を確認しようとする。
80000 ,,,,,,,優哉,優哉,,manaka,,3,,,,,「ずばり、ブルー！」
80100 ,,,,,,,愛歌,愛歌,01man506_005.wav,manaka,,6,,,,,「…………ピンクでした」
80200 ,,,,,,,,,,manaka,,6,,,,,　恥ずかしいならやめとけばいいのに、
　愛歌は消え入りそうな声で答えた。
80300 ,,,,,,,優哉,優哉,,manaka,,6,,,,,「そんなもんだよな。幼なじみなんて……」
80400 ,,,,,,,,,,manaka,,6,,,,,　苦笑いしながら歩みを再開する。
80500 ,,,,,,,優哉,優哉,,manaka,,6,,,,,「きっとこれから先も、知らないことの方が
　多くなっていくんだろうな……」
80600 ,,,,,,,,,,manaka,,6,,,,,　こうして顔を合わせることも、
　一緒に下校することも、
80700 ,,,,,,,,,,manaka,,6,,,,,　いつかは当たり前じゃなくなって……。
80800 ,,,,,,,愛歌,愛歌,01man506_006.wav,manaka,,3,,,,,「わ、私の好きな男の人のタイプっ……」
80900 ,,,,,,,,,,manaka,,3,,,,,　離れていく距離を繋ぎ止めるように、愛歌は声を
　絞り出す。
81000 ,,,,,,,優哉,優哉,,manaka,,3,,,,,「……当ててやろうか？」
81100 ,,,,,,,,,,manaka,,3,,,,,　振り返ると、愛歌との距離は１０ｍ近く開いていた。
81200 ,,,,,,,,,,manaka,,3,,,,,　愛歌は慌ててこちらに駆け寄ってこようとする。
81300 ,,,,,,,,,,manaka,,3,,,,,　でも俺が動かないのを見ると、愛歌もうつむいて
　足を止めた。
81400 ,,,,,,,優哉,優哉,,manaka,,3,,,,,「好みの顔も分かんねえ。身長も分かんねえ。
　男の性格も、勉強ができるかも、スポーツができる
　かも、なんにも分かんねえ」
81500 ,,,,,,,優哉,優哉,,manaka,,3,,,,,「でも……」
81600 ,,,,,,,,,,manaka,,3,,,,,　途中で言葉を切り、愛歌に背を向ける。
81700 ,,,,,,,,,,manaka,,3,,,,,　本当に何も分からない。分からないけど……。
81800 ,,,,,,,優哉,優哉,,manaka,,3,,,,,「お前が本気で惚れた男なら……きっと、世界一いい
　男なんじゃねえの？」
81900 ,,,,,,,,,,manaka,,3,,,,,　……そうあってほしい。心から思ったことだった。
82000 ,,,,,,,,,,manaka,,3,,,,,　幼なじみだから。
82100 ,,,,,,,,,,manaka,,3,,,,,　ずっとそばで、愛歌のいいところも悪いところも
　たくさん見てきたから。
82200 ,,,,,,,,,,manaka,,3,,,,,　ただ純粋に。愛歌には幸せになってほしかった。
82300 ,,,,,,,愛歌,愛歌,01man506_007.wav,manaka,,4,,,,,「じゃあ……優哉ちゃんの好きな女の子のタイプは？」
82400 ,,,,,,,,,,manaka,,4,,,,,　声が遠い。
82500 ,,,,,,,,,,manaka,,4,,,,,　あれから距離は縮まっていない。
82600 ,,,,,,,優哉,優哉,,manaka,,4,,,,,「そうだな。顔がよくて、胸がデカくて、スタイルも
　抜群で、料理も上手くて、頭脳明晰、スポーツ万能、
　性格は控え目で子供が好き」
82700 ,,,,,,,愛歌,愛歌,01man506_008.wav,manaka,,15,,,,,「えー、そんな完璧な人いないよー」
82800 ,,,,,,,優哉,優哉,,manaka,,15,,,,,「……じゃなくていいから」
82900 ,,,,,,,,,,manaka,,15,,,,,　そんなに完璧な人でなくていいから……。
83000 ,,,,,,,愛歌,愛歌,01man506_009.wav,manaka,,0,,,,,「わぁっ！」
83100 ,,,,,,,優哉,優哉,,manaka,,0,,,,,「！？」
83200 ,,,,,,,愛歌,愛歌,01man506_010.wav,manaka,,1,,,,,「えへへ、びっくりした～？
　ずっと後ろ向いてるから、驚かそうと思って♪」
83300 ,,,,,,,優哉,優哉,,manaka,,1,,,,,「…………」
83400 ,,,,,,,愛歌,愛歌,01man506_011.wav,manaka,,3,,,,,「あ、怒っちゃった？」
83500 ,,,,,,,優哉,優哉,,manaka,,3,,,,,「……怒っちゃった。帰る」
83600 ,,,,,,,愛歌,愛歌,01man506_012.wav,manaka,,15,,,,,「ああっ、ごめんなさーい！
　優哉ちゃん、ごめんねっ。ねえ、ごめんねー」
83700 ,,,,,,,,,,manaka,,15,,,,,　完璧な人でなくていいから。
83800 ,,,,,,,,,,manaka,,15,,,,,　全てを分かり合える関係でなくていいから。
83900 ,,,,,,,,,,manaka,,15,,,,,　いつでも俺の横で、笑ってくれる女の子がいい――。
84100 ,,<!move_normal>,,5101,,,愛歌,愛歌,01man506_013.wav,manaka,,90,,,,,「じゃあ、優哉ちゃん。また明日ね？」
84200 ,,,,,,,優哉,優哉,,manaka,,90,,,,,「ああ。ちゃんと歯みがいて寝ろよ」
84300 ,,,,,,,愛歌,愛歌,01man506_014.wav,manaka,,0,,,,,「あ、そだ。優哉ちゃん！」
84400 ,,,,,,,優哉,優哉,,manaka,,0,,,,,「あん？」
84500 ,,,,,,,愛歌,愛歌,01man506_015.wav,manaka,,90,,,,,「えっと、来週からテストだよね……？」
84600 ,,,,,,,優哉,優哉,,manaka,,90,,,,,「んだな」
84700 ,,,,,,,愛歌,愛歌,01man506_016.wav,manaka,,0,,,,,「勉強とか……どうするの？」
84800 ,,,,,,,優哉,優哉,,manaka,,0,,,,,「んー、適当に一夜漬けかな。いつもそうだし」
84900 ,,,,,,,愛歌,愛歌,01man506_017.wav,manaka,,42,,,,,「……もしよかったら、一緒に勉強しない？」
85000 ,,,,,,,優哉,優哉,,manaka,,42,,,,,「しない」
85100 ,,,,,,,愛歌,愛歌,01man506_018.wav,manaka,,5,,,,,「そ、そうだよね。いやだよね、二人で勉強なんて……」
85200 ,,,,,,,優哉,優哉,,manaka,,5,,,,,「する」
85300 ,,,,,,,愛歌,愛歌,01man506_019.wav,manaka,,0,,,,,「ほんとっ！？
　優哉ちゃん、私と勉強会してくれるのっ？」
85400 ,,,,,,,,,,manaka,,0,,,,,　……面白い子だ。
85500 ,,,,,,,優哉,優哉,,manaka,,0,,,,,「やっぱりしない」
85600 ,,,,,,,愛歌,愛歌,01man506_020.wav,manaka,,40,,,,,「ふぇぇぇっ、そんなぁぁぁ……」
85700 ,,,,,,,優哉,優哉,,manaka,,40,,,,,「やっぱりする」
85800 ,,,,,,,愛歌,愛歌,01man506_021.wav,manaka,,0,,,,,「じゃあ、じゃあ！　今度の土曜日に私の家でっ」
85900 ,,,,,,,優哉,優哉,,manaka,,0,,,,,「やっぱり……」
86000 ,,,,,,,愛歌,愛歌,01man506_022.wav,manaka,,3,,,,,「あうぅぅ、やっぱり……？」
86100 ,,,,,,,優哉,優哉,,manaka,,3,,,,,「……あいよ。今度の土曜日な。了解」
86200 ,,,,,,,,,,manaka,,3,,,,,　軽く愛歌の頭を叩いて、俺は自宅の門をくぐった。
86300 ,,,,,,,愛歌,愛歌,01man506_023.wav,manaka,,1,,,,,「お母さーーーん！　優哉ちゃん、今度の土曜日に
　勉強会で来てくれるってーーー！！」
86400 ,,,,,,,,,,manaka,,1,,,,,　あうぅぅ、それは近所迷惑です……。
86690 ,,<!Lend_day_change>,0,9000,,,,,,,,,,,,,
86699 ,,<!ec_manaka_uni>,,,,,,,,,,,,,,,
86700 ,@507,,,,,,,,,,,,,,,,
87400 ,,<!Lbegin_morning>,1,500,,,愛歌,？？？,01man507_001.wav,,,,,,,,「……ちゃん。起きて？　もう朝だよ」
87500 ,,,,,,,優哉,優哉,,,,,,,,,「ん……今日は学校、休みだろ？
　もうちょっとだけ寝かせてくれって……」
87600 ,,,,,,,愛歌,？？？,01man507_002.wav,,,,,,,,「もー、優哉ちゃんはその『もうちょっと』が長いから
　ダメっ。ねえ、起きてってばぁ……」
87700 ,,,,,,,,,,,,,,,,,　朧気に聞こえてくる声。
87800 ,,,,,,,,,,,,,,,,,　布団を頭からかぶって抵抗すると、耳元でギシリと
　ベッドが軋む。
87900 ,,,,,,,愛歌,？？？,01man507_003.wav,,,,,,,,「ねえ、優哉ちゃん……愛歌のおっぱい、飲みたくな
　い？」
88000 ,,,,,,,優哉,優哉,,,,,,,,,「……そんな、俺をおっぱいで釣ろうとしてもだな」
88100 ,,,,,,,愛歌,？？？,01man507_004.wav,,,,,,,,「愛歌のおっぱい……キライ？」
88200 ,,,,,,,優哉,優哉,,,,,,,,,「好きって答えたら、
　おっぱい飲ませてくれるのか？」
88300 ,,,,,,,愛歌,？？？,01man507_005.wav,,,,,,,,「うん……優哉ちゃんにならいいよ。
　今日、勉強会で私の部屋へ来たときに……」
88400 ,,,,,,,優哉,優哉,,,,,,,,,「べ、勉強会では……勉強しないとダメだろっ」
88500 ,,,,,,,愛歌,？？？,01man507_006.wav,,,,,,,,「だから保健体育の勉強……私に女の子のお勉強、
　させてほしいの……」
88600 ,,,,,,,愛歌,？？？,01man507_007.wav,,,,,,,,「優哉ちゃんは……男の子のお勉強……」
88700 ,,,,,,,,,,,,,,,,,　布団の中で頬をつねってみても、
　夢オチで終わることはない。
88800 ,,,,,,,優哉,優哉,,,,,,,,,「……本気なのか？　愛歌……」
88900 ,,,,,,,愛歌,？？？,01man507_008.wav,,,,,,,,「私、先におウチへ帰るね。
　色々と……準備しないといけないから……」
89000 ,,,,,,,優哉,優哉,,,,,,,,,「じゅ、準備ってなんだよ」
89100 ,,,,,,,愛歌,？？？,01man507_009.wav,,,,,,,,「もぉ、女の子は準備が大変なのっ」
89200 ,,,,,,,優哉,優哉,,,,,,,,,「あ……そ、そっか……悪い……」
89400 ,,,,,,,愛歌,？？？,01man507_010.wav,,,,,,,,「優哉ちゃんも早く起きて、私の部屋に来てね？」
89500 ,,,,,,,優哉,優哉,,,,,,,,,「あ、ああ」
89600 ,,,,,,,愛歌,？？？,01man507_011.wav,,,,,,,,「私……」
89700 ,,,,,,,,,,,,,,,,,　再びベッドが軋み、スリッパの足音が遠ざかってい
　く。
89800 ,,,,,,,,,,,,,,,,,　今まで、枕元に腰掛けてたのか……。
89900 ,,,,,,,愛歌,？？？,01man507_012.wav,,,,,,,,「…………」
90000 ,,,,,,,,,,,,,,,,,　寸秒後、その足音が止まり。
90100 ,,,,,,,愛歌,？？？,01man507_013.wav,,,,,,,,「……ブブブッ！　ブブブブッ！
　ああっ……おならじゃないのよっ、おならじゃない
　のよっ。ただ空気が入ってるだけっ……」
90200 ,,,,,,,優哉,優哉,,,,,,,,,「！？」
90300 ,,,,,,,愛歌,？？？,01man507_014.wav,,,,,,,,「………………待ってるから」
90400 ,,,,,,,,,,,,,,,,,　待ってるって、何をだ……。
90500 ,,,,,,,,,,,,,,,,,　…………。
90600 ,,,,,,,,,,,,,,,,,　何をだあぁぁぁぁぁぁぁぁぁぁぁぁぁっ！？
90800 ,,<!timepass_1_long>,7,500,,,愛歌,愛歌,01man507_015.wav,"manaka,coat",,90,,,,,「……どうしたの、優哉ちゃん？
　さっきからソワソワして……」
90900 ,,,,,,,,,,manaka,,90,,,,,　天下分け目の決戦が始まった。
91000 ,,,,,,,,,,manaka,,90,,,,,　愛歌の部屋で勉強する予定だったが、ここにきて
　秋香さんが急に駄々をこねたとかで予定変更。
91100 ,,,,,,,,,,manaka,,90,,,,,　……というのは口実で、愛歌も邪魔の入らない
　俺の部屋で≪事≫を済ませたかったんだろう。
91200 ,,,,,,,,,,manaka,,90,,,,,　女って怖い……。
91300 ,,,,,,,優哉,優哉,,manaka,,90,,,,,「べ、別にソワソワなんてしてねーよ」
91400 ,,,,,,,,,,manaka,,90,,,,,　足下を見ると、しっかりと左右違う種類の靴下を
　履いていた。
91500 ,,,,,,,,,,manaka,,90,,,,,　落ち着け。とりあえず、落ち着け……。
91600 ,,,,,,,優哉,優哉,,manaka,,90,,,,,「え、えーっと、最初に何を勉強する？
　お前は数学が苦手なんだっけか」
91700 ,,,,,,,愛歌,愛歌,|scenario.g2/01man507_016.wav,manaka,,1,,,,,「んと、初日の最初の科目はぁ……あっ、保健体育っ」
91800 ,,,,,,,優哉,優哉,,manaka,,1,,,,,「ひぃっ、ひいぃぃっ！？」
91900 ,,,,,,,愛歌,愛歌,01man507_017.wav,manaka,,4,,,,,「……優哉ちゃん？」
92000 ,,,,,,,,,,manaka,,4,,,,,　これは……誘ってるのか？
92100 ,,,,,,,,,,manaka,,4,,,,,　確か、女の子のお勉強させてほしいとか言ってたよ
　な……。
92200 ,,,,,,,,,,manaka,,4,,,,,　しかし部屋に来て早々、いきなり……。
92300 ,,,,,,,愛歌,愛歌,01man507_018.wav,manaka,,1,,,,,「でも保健体育は、男子と女子別々だから
　自分で勉強しないとダメだね♪」
92400 ,,,,,,,優哉,優哉,,manaka,,1,,,,,「あ、ああ。そうだよ……な」
92500 ,,,,,,,,,,manaka,,1,,,,,　安堵と落胆が同時に襲ってくる。
92600 ,,,,,,,,,,manaka,,1,,,,,　……いや、待て。
92700 ,,,,,,,,,,manaka,,1,,,,,　これは、最初にエサをちらつかせておいて、
　後半まで焦らすという高等テクニックじゃ
　ないのか？
92800 ,,,,,,,愛歌,愛歌,01man507_019.wav,manaka,,7,,,,,「ふー……今日はなんだか暑いね～」
92900 ,,,,,,,優哉,優哉,,manaka,,7,,,,,「！？？」
93000 ,,,,,,,,,,manaka,,7,,,,,　愛歌はおもむろに上着を脱ぎ、手のひらで自分の
　顔をパタパタと＜扇＝あお＞ぎ始める。
93100 ,,,,,,,,,,"manaka,private",,4,,,,,　長袖から急に袖無しモードになり、ちょっとした
　ことで幼い腋の下が見え隠れした。
93200 ,,,,,,,優哉,優哉,,manaka,,4,,,,,（なんで焦ってんだ、俺は。
　相手は愛歌じゃねえか……）
93300 ,,,,,,,,,,manaka,,4,,,,,　男のとは違い、ツルスベな腋壺の窪みがヤバい。
93400 ,,,,,,,愛歌,愛歌,01man507_020.wav,manaka,,1,,,,,「先生、はーい！
　今日は日本史の勉強がしたいでーす！」
93500 ,,,,,,,,,,manaka,,1,,,,,　生徒のように元気よく挙手し、無防備な腋壺が
　露わになる。
93600 ,,,,,,,,,,manaka,,1,,,,,　やっぱりこれは……俺を誘ってるんだよな？
93700 ,,,,,,,,,,manaka,,1,,,,,　押し倒して、おっぱいにあ～んなことしたり、
　こ～んなことしたりしろってことだろ？
93800 ,,,,,,,,,,manaka,,1,,,,,　……女の子にここまでさせて何もしないってのは
　逆に失礼だよな。
93900 ,,,,,,,愛歌,愛歌,01man507_021.wav,manaka,,90,,,,,「んしょっ。優哉ちゃん、他に勉強したい科目ある？」
94000 ,,,,,,,優哉,優哉,,manaka,,90,,,,,「いや……俺は特に」
94100 ,,,,,,,,,,manaka,,90,,,,,　ヘタレすぎだろ！
94200 ,,,,,,,,,,manaka,,90,,,,,　ここは『愛歌の身体を勉強したい』って言うところ
　だろうにっ。
94300 ,,,,,,,,,,manaka,,90,,,,,　俺ってほんと空気読めない男だ……。
94400 ,,,,,,,愛歌,愛歌,01man507_022.wav,manaka,,0,,,,,「じゃあ、日本史で決まり～。えっと、机は……」
94500 ,,,,,,,優哉,優哉,,manaka,,0,,,,,「あ、待ってろ。折りたたみの出すから……」
94600 ,,,,,,,愛歌,愛歌,01man507_023.wav,manaka,,90,,,,,「私も手伝うよー」
94700 ,,,,,,,優哉,優哉,,manaka,,90,,,,,「いいって。お前はそこら辺に座って休んでろ」
94800 ,,,,,,,,,,manaka,,90,,,,,　いつもと変わらない愛歌を見ていたら、
　今朝の出来事は夢だったんじゃないかと
　思えてきた。
94900 ,,,,,,,,,,manaka,,90,,,,,　俺もどうかしてるな……ほとんど家族みたいに
　付き合ってきた愛歌を、今さら性の対象として
　見るなんて……。
95000 ,,,,,,,優哉,優哉,,manaka,,90,,,,,「悪いな。飲み物の準備とかできなくて……」
95100 ,,,,,,,愛歌,愛歌,01man507_024.wav,manaka,,3,,,,,「ううん。場所を変えてもらったのはこっちだもん。
　ごめんね、急に押しかけちゃって……」
95200 ,,,,,,,優哉,優哉,,manaka,,3,,,,,「しょうがねえよ。
　秋香さんの都合が悪かったんだから……」
95300 ,,,,,,,,,,manaka,,0,,,,,　愛歌は用意した机に手際よく筆記用具を広げていき、
　ニコニコと笑い始める。
95400 ,,,,,,,優哉,優哉,,manaka,,0,,,,,「お前、変わってるよなあ。
　これからテスト勉強ってときに、何がそんなに
　楽しいんだか……」
95500 ,,,,,,,愛歌,愛歌,01man507_025.wav,manaka,,1,,,,,「えー、だって楽しいもん。
　優哉ちゃんとお勉強するの♪」
95600 ,,,,,,,優哉,優哉,,manaka,,1,,,,,「なんでだよ。勉強なんてダルいだけだろうに……」
95700 ,,,,,,,,,,manaka,,1,,,,,　話している間も、愛歌の笑みは絶えない。
95800 ,,,,,,,,,,manaka,,1,,,,,　俺も雑念を払って、勉強に集中しねえとな……。
95900 ,,,,,,,優哉,優哉,,manaka,,1,,,,,「えっと、日本史か。
　今度のテスト範囲ってどこだっけか」
96000 ,,,,,,,愛歌,愛歌,01man507_026.wav,manaka,,90,,,,,「……ブブブッ！　ブブブブッ！」
96100 ,,,,,,,,,,manaka,,90,,,,,　き、きた！？
96200 ,,,,,,,,,,manaka,,90,,,,,　おならじゃないのよ！？
　ただ空気が入ってるだけ！？？
96300 ,,,,,,,優哉,優哉,,manaka,,90,,,,,「お前、いきなりそれはっ……」
96500 ,,<!move_look>,,,7203,,愛歌,愛歌,01man507_027.wav,,,,,,,,「えへへ、かわいいでしょー。このペンケース♪」
96600 ,,,,,7203,,,,,,,,,,,,　と、愛歌はブタの筆記用具入れを指差す。
96700 ,,,,,7203,,,,,,,,,,,,　……確かに空気がパンパンに詰まってそうだ。
96800 ,,,,,7203,,愛歌,愛歌,01man507_028.wav,,,,,,,,「名前は、ブーヤちゃんっていいます」
96900 ,,,,,7203,,優哉,優哉,,,,,,,,,「……お前、ちょっと俺の名前を呼んでみ？」
97000 ,,,,,7203,,愛歌,愛歌,01man507_029.wav,,,,,,,,「ゆーやちゃん」
97100 ,,,,,7203,,優哉,優哉,,,,,,,,,「そのペンケースの名前は？」
97200 ,,,,,7203,,愛歌,愛歌,01man507_030.wav,,,,,,,,「ブーヤちゃん」
97300 ,,,,,7203,,優哉,優哉,,,,,,,,,「紛らわしい名前をつけんなっ」
97400 ,,,,,7203,,愛歌,愛歌,01man507_031.wav,,,,,,,,「だって、優哉ちゃんに似てない？　この子……」
97500 ,,,,,7203,,優哉,優哉,,,,,,,,,「俺とその家畜のどこにどう共通点があるのか、
　納得のいく形で説明してもらおうか」
97600 ,,,,,7203,,愛歌,愛歌,01man507_032.wav,,,,,,,,「だって似てるよー。このつぶらな瞳とか、ちょっと
　拗ねて尖った唇とか……」
97700 ,,,,,7203,,優哉,優哉,,,,,,,,,「ものっそい、短足ですよね！　そのブーヤちゃんは」
97800 ,,,,,7203,,愛歌,愛歌,01man507_033.wav,,,,,,,,「つぶらな瞳がかわいい♪」
97900 ,,,,,7203,,優哉,優哉,,,,,,,,,「聞けよ。俺の話を聞け」
98000 ,,,,,7203,,愛歌,愛歌,01man507_034.wav,,,,,,,,「でね、このシャーペンの子がブーヤちゃんの子供な
　の。名前は……」
98100 ,,,,,7203,,優哉,優哉,,,,,,,,,「俺の子供なら、俺に名前をつけさせろ」
98200 ,,,,,7203,,優哉,優哉,,,,,,,,,「そいつはマナブタで」
98400 ,,,,,7202,,愛歌,愛歌,01man507_035.wav,,,,,,,,「……かわいくない」
98500 ,,,,,7202,,優哉,優哉,,,,,,,,,「かわいいだろ！
　ブーヤより百倍は愛くるしい名前だろ！！」
98600 ,,,,,7202,,愛歌,愛歌,01man507_036.wav,,,,,,,,「だって名前の響きに優哉ちゃんの悪意を感じるもん」
98700 ,,,,,7202,,優哉,優哉,,,,,,,,,「ほぉ、ならそこのブーヤには悪意がないと？」
98800 ,,,,,7202,,愛歌,愛歌,01man507_037.wav,,,,,,,,「短くて、まぁるい足がかわいい▼」
98900 ,,,,,7202,,優哉,優哉,,,,,,,,,「そのマナブタの、クビレのない胴もかわいいな！」
99000 ,,,,,7202,,,,,,,,,,,,　まるで小学生の言い合いだった！
99100 ,,,,,7202,,,,,,,,,,,,　しかし、なんでまたブタなんだろうな。
　愛歌の趣味は分からん……。
99300 ,,,,,7201,,愛歌,愛歌,01man507_038.wav,,,,,,,,「突然ですが問題です！
　徳川家康が征夷大将軍となったのは……」
99400 ,,,,,7201,,優哉,優哉,,,,,,,,,「１６０３年」
99500 ,,,,,7201,,愛歌,愛歌,01man507_039.wav,,,,,,,,「……ですが、江戸幕府第１１代将軍は誰でしょう？」
99600 ,,,,,7201,,優哉,優哉,,,,,,,,,「知らね～。苦手なんだよな、その江戸幕府の
　○代将軍は誰かっていうの」
99700 ,,,,,7201,,愛歌,愛歌,01man507_040.wav,,,,,,,,「答えは、徳川カサイでしたー」
99800 ,,,,,7201,,優哉,優哉,,,,,,,,,「ん……そんなヤツいたか？　ちょっと見せてみ」
100000 ,,,,,7202,,愛歌,愛歌,01man507_041.wav,,,,,,,,「…………」
100100 ,,,,,7202,,,,,,,,,,,,　顔を近づけて愛歌の教科書を覗きこむと、そこには
　徳川家斉と書いてあった。
100200 ,,,,,7202,,優哉,優哉,,,,,,,,,「お前、これはカサイじゃなくて＜家斉＝いえなり＞な。
　ちゃんとそのマナブタでフリガナ振っとけよ」
100300 ,,,,,7202,,愛歌,愛歌,01man507_042.wav,,,,,,,,「……は、はい」
100400 ,,,,,7202,,優哉,優哉,,,,,,,,,「んだよ、まちがって読んだのがそんなに恥ずかし
　かったのかあ？」
100500 ,,,,,7202,,愛歌,愛歌,01man507_043.wav,,,,,,,,「ううん、そうじゃなくて……顔が近いなって……」
100600 ,,,,,7202,,,,,,,,,,,,　……俺に『おっぱい飲みたい？』と聞く方が
　ずっと恥ずかしいと思うが。
100800 ,,,,,7203,,愛歌,愛歌,01man507_044.wav,,,,,,,,「それに優哉ちゃんの声って、そばで聞くとドキドキ
　するよ……」
100900 ,,,,,7203,,優哉,優哉,,,,,,,,,「そういや、自分の声ってテープに録音して聞いたり
　するとビビるよな。こんな声だったのか！？　って」
101000 ,,,,,7203,,愛歌,愛歌,01man507_045.wav,,,,,,,,「うんうん。自分の想像してる声とは違うよねー」
101100 ,,,,,7203,,優哉,優哉,,,,,,,,,「お前の声は、朝聞くとものすごい眠くなる」
101300 ,,,,,7202,,愛歌,愛歌,01man507_046.wav,,,,,,,,「あうぅぅ……お母さんにも同じこと言われたよー」
101400 ,,,,,7202,,優哉,優哉,,,,,,,,,「母親が言うんだから、まちがいないんだろうな」
101500 ,,,,,7202,,愛歌,愛歌,01man507_047.wav,,,,,,,,「お母さん、すぐ私の声の真似するの。私にかかって
　きた電話なのに、娘になりすまして……」
101600 ,,,,,7202,,優哉,優哉,,,,,,,,,「いくらなんでも気付くだろ、それ」
101700 ,,,,,7202,,愛歌,愛歌,01man507_048.wav,,,,,,,,「それが全然っ。他の人が聞くと、区別がつかない
　ぐらい上手いんだって」
101800 ,,,,,7202,,優哉,優哉,,,,,,,,,「……待て。今、秋香さんがお前になりすまして、
　とか言ってたな？」
101900 ,,,,,7202,,愛歌,愛歌,01man507_049.wav,,,,,,,,「うん。お母さん、悪ふざけするの大好きだから……」
102000 ,,,,,7202,,,,,,,,,,,,　この時点で既に嫌な予感がしていた。
102100 ,,,,,7202,,優哉,優哉,,,,,,,,,「もうひとつ聞くが、お前……今日の朝、俺のことを
　起こしにきたか？」
102200 ,,,,,7202,,愛歌,愛歌,01man507_050.wav,,,,,,,,「えっ？　今日は起こしに行ってないよー。
　優哉ちゃん、自分で起きたんだよね？」
102300 ,,,,,7202,,,,,,,,,,,,　……やられた。
102400 ,,,,,7202,,,,,,,,,,,,　おっぱい飲みたいも、おならじゃないのよも、
　みんな≪あの人≫の仕業か……。
102500 ,,,,,7202,,,,,,,,,,,,　考えてみたらそうだよな。
　愛歌が、俺にそんなこと言うわけねえし……。
102600 ,,,,,7202,,,,,,,,,,,,　俺の理性、＜ＧＪ＝グッジョブ＞！
102700 ,,,,,7202,,,,,,,,,,,,　喜んでいいのか、マジで微妙だが。
102800 ,,,,,7202,,優哉,優哉,,,,,,,,,「あー、疲れた。なんか壮絶に疲れた……」
102900 ,,,,,7202,,愛歌,愛歌,01man507_051.wav,,,,,,,,「もー、まだ勉強始めたばっかりだよー」
103000 ,,,,,7202,,優哉,優哉,,,,,,,,,「ブーヤくんもお疲れみたいじゃねえか。休もうぜ」
103100 ,,,,,7202,,愛歌,愛歌,01man507_052.wav,,,,,,,,「ブ、ブーヤくんは……私のペンとか定規を、お腹の
　中に入れてがんばってくれてるもんっ」
103200 ,,,,,7202,,,,,,,,,,,,　ブーヤ、健気すぎ。
103300 ,,,,,7202,,優哉,優哉,,,,,,,,,「ちょっと俺、コンビニでジュースでも買ってくるわ。
　お前はここで待ってろ」
103400 ,,,,,7202,,愛歌,愛歌,01man507_053.wav,,,,,,,,「なら、私も一緒にっ……」
103500 ,,,,,7202,,優哉,優哉,,,,,,,,,「平気だよ、すぐ帰ってくるから」
103600 ,,,,,7202,,愛歌,愛歌,01man507_054.wav,,,,,,,,「じゃあっ、せめてお金っ……」
103700 ,,,,,7202,,,,,,,,,,,,　呆れるほどの人のよさで、愛歌は背後にあった
　バッグに手を伸ばす。
103800 ,,,,,7202,,優哉,優哉,,,,,,,,,「あれ？　お前、そんなバッグ持ってたっけ」
104000 ,,,,,7203,,愛歌,愛歌,01man507_055.wav,,,,,,,,「あ、これお母さんに買ってもらったのっ。
　前のＰＲ番組の収録が終わったあと、がんばった
　ご褒美にって」
104100 ,,,,,7203,,優哉,優哉,,,,,,,,,「ふ～ん。お前ら親子って、ほんと仲いいよな」
104200 ,,,,,7203,,愛歌,愛歌,01man507_056.wav,,,,,,,,「うんっ。
　母親っていうより、友達みたいな関係かも？」
104300 ,,,,,7203,,優哉,優哉,,,,,,,,,「……いいもんだな、そういうの」
104500 ,,,,,7202,,愛歌,愛歌,01man507_057.wav,,,,,,,,「あ、お金っ」
104600 ,,,,,7202,,優哉,優哉,,,,,,,,,「ばーか、いらねえよ。それより、俺が留守してる間に
　タンス開けて下着を見たりするんじゃねえぞ？」
104700 ,,,,,7202,,愛歌,愛歌,01man507_058.wav,,,,,,,,「もぉ、そんなことしないってばぁ～っ」
104800 ,,,,,7202,,,,,,,,,,,,　愛歌は頬を膨らませながら、大切そうにバッグを
　抱きしめる。
104900 ,,,,,7202,,,,,,,,,,,,　……ほんの少し、愛歌がいつも笑っていられる理由が
　分かった気がした。
105100 ,,<!move_short>,,100,,,,,,,,,,,,,　さて、チャリでひとっ走りしてくるか……。
105200 ,,,,,,,,,,,,,,,,,　家には千紗もいるし、鍵をかけていく必要はないだ
　ろう。
105300 ,,,,,,,優哉,優哉,,,,,,,,,「ん？　あれ……」
105500 ,,<!move_veryshort>,8,5100,,,秋香,秋香,11aki507_001.wav,"akika,private",,3,,,,,「…………」
105600 ,,,,,,,優哉,優哉,,akika,,3,,,,,「秋香さん、家の前でどうしたんですか？」
105700 ,,,,,,,秋香,秋香,11aki507_002.wav,akika,,0,,,,,「あ……優哉くん……」
105800 ,,,,,,,,,,akika,,0,,,,,　いつもの笑顔が返ってきたが、声をかけるまでは
　どこか不安げな表情だった。
105900 ,,,,,,,,,,akika,,0,,,,,　手ぶらで何をしてたんだろうか……。
106000 ,,,,,,,秋香,秋香,11aki507_003.wav,akika,,1,,,,,「どうかしたの、優哉くん？
　愛歌は、まだお邪魔してるのよね？」
106100 ,,,,,,,優哉,優哉,,akika,,1,,,,,「はい。今からちょっと、コンビニでジュースでも
　買ってこようかと思って……」
106200 ,,,,,,,秋香,秋香,11aki507_004.wav,akika,,0,,,,,「ジュースならうちの冷蔵庫にあるわよ。
　今、持ってくるわね」
106300 ,,,,,,,優哉,優哉,,akika,,0,,,,,「そんな、悪いですよ。
　秋香さんだって忙しいのに……」
106400 ,,,,,,,,,,akika,,0,,,,,　軽くカマをかけてみると、秋香さんは首を横に
　振って、ここにいた理由を話し始めた。
106500 ,,,,,,,秋香,秋香,11aki507_005.wav,akika,,3,,,,,「やっぱり母親失格ねえ、私って……」
106600 ,,,,,,,優哉,優哉,,akika,,3,,,,,「え？」
106700 ,,,,,,,秋香,秋香,11aki507_006.wav,akika,,3,,,,,「自分であの子を優哉くんのところに行かせておいて、
　あとから心配になるなんて……」
106800 ,,,,,,,優哉,優哉,,akika,,3,,,,,「…………」
106900 ,,,,,,,秋香,秋香,11aki507_007.wav,akika,,4,,,,,「今朝のこと、気付いてる？」
107000 ,,,,,,,優哉,優哉,,akika,,4,,,,,「やっぱり、秋香さんが愛歌の真似を
　してたんですか？」
107100 ,,,,,,,秋香,秋香,11aki507_008.wav,akika,,0,,,,,「そうよ～。優哉くんのこと、少しテストしてみよう
　かと思って……」
107200 ,,,,,,,優哉,優哉,,akika,,0,,,,,「テスト？」
107300 ,,,,,,,秋香,秋香,11aki507_009.wav,akika,,1,,,,,「あれでもし愛歌と二人きりになったら、優哉くん、
　狼になっちゃうかな～って」
107400 ,,,,,,,優哉,優哉,,akika,,1,,,,,「な、なりませんって！　狼になんて……」
107500 ,,,,,,,,,,akika,,1,,,,,　改めて俺の理性、ＧＪ！
107600 ,,,,,,,秋香,秋香,11aki507_010.wav,akika,,5,,,,,「そう……それなら、心配する必要もなかったのかな」
107700 ,,,,,,,,,,akika,,5,,,,,　素直には喜べない……そんな口ぶりだった。
107800 ,,,,,,,秋香,秋香,11aki507_011.wav,akika,,4,,,,,「ダメね～。早く子離れしないと……」
107900 ,,,,,,,,,,akika,,4,,,,,　普段はフランクな態度だけど、本当は愛歌が
　かわいくて仕方ないんだろうな……。
108000 ,,,,,,,,,,akika,,4,,,,,　それは、前の番組収録のときにも感じたけど。
108100 ,,,,,,,,,,akika,,4,,,,,　そしてこんな人に育てられたからこそ、
　愛歌は今の愛歌なんだろう。
108200 ,,,,,,,優哉,優哉,,akika,,4,,,,,「……そんな話を聞いちゃうと複雑ですね」
108300 ,,,,,,,秋香,秋香,11aki507_012.wav,akika,,3,,,,,「複雑？」
108400 ,,,,,,,優哉,優哉,,akika,,3,,,,,「あいつ……今、片想いしてるって言ってたじゃない
　ですか？」
108500 ,,,,,,,優哉,優哉,,akika,,3,,,,,「俺は幼なじみとしてそれを応援してやりたいですけ
　ど……そしたら秋香さんが悲しむのかなって……」
108600 ,,,,,,,秋香,秋香,11aki507_013.wav,akika,,4,,,,,「…………」
108700 ,,,,,,,優哉,優哉,,akika,,4,,,,,「俺、＜愛歌＝あいつ＞には幸せになってほしいんです。
　本人には言えないですけど、それだけの女だと
　思ってますから……」
108800 ,,,,,,,秋香,秋香,11aki507_014.wav,akika,,3,,,,,「……優哉くんが」
108900 ,,,,,,,優哉,優哉,,akika,,3,,,,,「え？」
109000 ,,,,,,,秋香,秋香,11aki507_015.wav,akika,,5,,,,,「優哉くんが……愛歌を幸せにしてくれる未来はない
　のかしらね……」
109100 ,,,,,,,優哉,優哉,,akika,,5,,,,,「…………」
109200 ,,,,,,,秋香,秋香,11aki507_016.wav,akika,,0,,,,,「うふふっ♪　こんなこと言ったら、
　余計に困らせちゃうわね」
109300 ,,,,,,,優哉,優哉,,akika,,0,,,,,「……でも俺、ひとつだけ秋香さんに約束します」
109400 ,,,,,,,秋香,秋香,11aki507_017.wav,akika,,3,,,,,「約束？」
109500 ,,,,,,,優哉,優哉,,akika,,3,,,,,「未来のことなんて分からないですけど……俺、
　無責任にあいつへ手を出したりしませんから」
109600 ,,,,,,,優哉,優哉,,akika,,3,,,,,「秋香さんがこんなところで立って、
　愛歌を心配しないように……」
109700 ,,,,,,,秋香,秋香,11aki507_018.wav,akika,,0,,,,,「……ありがとうね。
　あの子をそんなに大切に思ってくれて……」
109800 ,,,,,,,,,,akika,,0,,,,,　目の前で秋香さんの笑顔を見るたびに実感する。
109900 ,,,,,,,,,,akika,,0,,,,,　愛歌がこの人のＤＮＡを濃く受け継いでいることを。
110000 ,,,,,,,,,,akika,,0,,,,,　あいつもきっと……これから先、秋香さんのように。
110100 ,,,,,,,,,,akika,,0,,,,,　太陽のような笑顔で、周りの人を幸せにしていくん
　だろう……。
110300 ,,<!move_normal_r>,,500,,,愛歌,愛歌,01man507_059.wav,manaka,,90,,,,,「あっ、帰ってくるの早かったねー」
110400 ,,,,,,,優哉,優哉,,manaka,,90,,,,,「ああ。チャリだったからな。
　ほれ、オレンジジュースでいいだろ」
110500 ,,,,,,,,,,manaka,,90,,,,,　秋香さんが家から持ってきてくれた、
　ペッドボトルのジュース。
110600 ,,,,,,,,,,manaka,,90,,,,,　愛歌には内緒にしてくれと頼まれた。
110700 ,,,,,,,愛歌,愛歌,01man507_060.wav,manaka,,1,,,,,「私、このジュース大好き～♪
　お家の冷蔵庫にもいっぱい入ってるんだよ」
110800 ,,,,,,,優哉,優哉,,manaka,,1,,,,,「へー、そいつはすごい偶然だったな」
110900 ,,,,,,,,,,manaka,,1,,,,,　外で秋香さんが心配していたことを話したくなった
　が、そこはぐっと堪える。
111000 ,,,,,,,優哉,優哉,,manaka,,1,,,,,「ペッドボトルのままじゃ飲みにくいか？
　下に行ってコップ持ってくるぞ」
111100 ,,,,,,,愛歌,愛歌,01man507_061.wav,manaka,,0,,,,,「そのぐらい、私にやらせてっ。
　優哉ちゃんは少し働きすぎー」
111300 ,,,,,,,愛歌,？？？,01man507_062.wav,manaka,,0,,,,,「そうよー、優哉ちゃん。
　そんな雑用は愛歌に任せてぇ……」
111400 ,,,,,,,,,,manaka,,3,,,,,　部屋の入り口から聞こえてきた≪愛歌≫の声に、
　目の前の≪愛歌≫が固まる。
111500 ,,,,,,,,,,manaka,,3,,,,,　コッ、コッ……とテーブルにガラスコップが置かれ、
　もうひとりの愛歌が俺の脇に座る。
111600 ,,,,,,,秋香,秋香,11aki507_019.wav,akika,,1,,,,,「優哉くんは、ブブブッ！　ブブブブッ！　しよ～♪」
111700 ,,,,,,,優哉,優哉,,akika,,1,,,,,「お、おならですか？」
111800 ,,,,,,,秋香,秋香,11aki507_020.wav,akika,,2,,,,,「違うわ、おならじゃないのよ。おならじゃ……」
111900 ,,,,,,,愛歌,愛歌,01man507_063.wav,akika,,2,manaka,,2,,「お母さんっ、どうしてここにっ……」
112000 ,,,,,,,秋香,秋香,11aki507_021.wav,akika,,1,manaka,,2,,「どうしてって。保健体育の勉強よね～？
　優哉く～ん？」
112100 ,,,,,,,優哉,優哉,,akika,,1,manaka,,2,,「はは、ははは……」
112200 ,,,,,,,,,,akika,,1,manaka,,2,,　横から腕を組まれ、ものすごい弾力が
　＜圧＝お＞しつけられてきている。
112300 ,,,,,,,,,,akika,,1,manaka,,2,,　秋香さんのおっぱいの前では、
　どんな男も無力だ……。
112400 ,,,,,,,愛歌,愛歌,01man507_064.wav,akika,,1,manaka,,15,,「お母さん、優哉ちゃんから離れてよー」
112500 ,,,,,,,秋香,秋香,11aki507_022.wav,akika,,2,manaka,,15,,「あら、どうしてぇ？
　優哉くんは愛歌のモノじゃないでしょう？」
112600 ,,,,,,,愛歌,愛歌,01man507_065.wav,akika,,2,manaka,,3,,「それは……でも、お母さんのモノでもないよっ」
112700 ,,,,,,,秋香,秋香,11aki507_023.wav,akika,,1,manaka,,3,,「だからこれから、お母さんのモノにしちゃうの♪
　欲しいモノは自分で手に入れないと……ね」
112800 ,,,,,,,愛歌,愛歌,01man507_066.wav,akika,,1,manaka,,5,,「…………」
112900 ,,,,,,,,,,akika,,1,manaka,,5,,　立ち上がった愛歌は、秋香さんとは反対側に座って、
　もう一方の俺の腕を引く。
113000 ,,,,,,,秋香,秋香,11aki507_024.wav,akika,,2,manaka,,5,,「あらぁ、愛歌も優哉くんが欲しいの？」
113100 ,,,,,,,愛歌,愛歌,01man507_067.wav,akika,,2,manaka,,6,,「わ……私の友達で優哉ちゃんのことを好きな子が
　いるからっ……」
113200 ,,,,,,,,,,akika,,2,manaka,,6,,　それ、初耳っす。
113300 ,,,,,,,秋香,秋香,11aki507_025.wav,akika,,5,manaka,,6,,「ふ～ん、その子のために優哉くんを守ろうってわけ」
113400 ,,,,,,,秋香,秋香,11aki507_026.wav,akika,,1,manaka,,6,,「でも優哉くんは、秋香お姉さんのおっきいおっぱいの
　方がいいわよね～」
113500 ,,,,,,,愛歌,愛歌,01man507_068.wav,akika,,1,manaka,,15,,「ああっ……お母さん、離れてってばぁっ。
　私たち、勉強するんだからぁっ」
113600 ,,,,,,,秋香,秋香,11aki507_027.wav,akika,,0,manaka,,15,,「勉強ならこのままでもできるじゃない。
　ねー、優哉くん？」
113700 ,,,,,,,愛歌,愛歌,01man507_069.wav,akika,,0,manaka,,7,,「このままじゃ無理だよね、優哉ちゃんっ？」
113800 ,,,,,,,,,,akika,,0,manaka,,7,,　俺にどうしろと……。
113900 ,,,,,,,,,,akika,,0,manaka,,7,,　でもあれか。
　秋香さんも結局、愛歌が心配で来ちゃったんだろう
　な……。
114000 ,,,,,,,,,,akika,,0,manaka,,7,,　心配の仕方が大いに問題だが。
114100 ,,,,,,,秋香,秋香,11aki507_028.wav,akika,,5,manaka,,7,,「……もぉ。冗談よ、冗談。
　そんなに怖い顔しなくたっていいのに」
114200 ,,,,,,,愛歌,愛歌,01man507_070.wav,akika,,5,manaka,,3,,「お母さんのは、冗談に見えないのっ」
114300 ,,,,,,,秋香,秋香,11aki507_029.wav,akika,,0,manaka,,3,,「はいはい、ごめんなさい。
　優哉くん、愛歌のことお願いね？」
114400 ,,,,,,,優哉,優哉,,akika,,0,manaka,,3,,「は、はあ……」
114500 ,,,,,,,秋香,秋香,11aki507_030.wav,akika,,1,manaka,,3,,「それとぉ、エッチするときはちゃんと
　コンドームつけないとダメよ♪」
114600 ,,,,,,,愛歌,愛歌,01man507_071.wav,akika,,1,manaka,,6,,「おっ、お母さっ……もぉっ、バカぁぁぁっ！」
114700 ,,,,,,,,,,akika,,1,manaka,,6,,　秋香さんは意地悪くペロリと舌を出し、
　部屋をあとにしていく。
114800 ,,,,,,,,,,manaka,,6,,,,,　愛歌のヤツ、保健体育の授業でもこんな調子なのか？
114900 ,,,,,,,,,,manaka,,6,,,,,　俺らぐらいの年齢なら、それなりの性教育も女子の
　保健体育で受けてるはずなんだが……。
115000 ,,,,,,,愛歌,愛歌,01man507_072.wav,manaka,,5,,,,,「……ごめんね、優哉ちゃん。
　お母さんが変なこと言って……」
115100 ,,,,,,,優哉,優哉,,manaka,,5,,,,,「それより俺のことが好きな友達って誰だよ。
　そんな話、聞いてねえぞ」
115200 ,,,,,,,愛歌,愛歌,01man507_073.wav,manaka,,3,,,,,「あ……それは……」
115300 ,,,,,,,優哉,優哉,,manaka,,3,,,,,「俺の知ってるヤツか？　名前ぐらい教えろって。
　悪いようにはしねえから……」
115400 ,,,,,,,愛歌,愛歌,01man507_074.wav,manaka,,42,,,,,「な、名前は……カサイさん」
115500 ,,,,,,,優哉,優哉,,manaka,,42,,,,,「カサイ？　どこかで聞いたことが……ってそれ、
　＜家斉＝いえなり＞じゃねえか！」
115600 ,,,,,,,愛歌,愛歌,01man507_075.wav,manaka,,3,,,,,「ふぇぇぇっ、ごめんなさぁぁぁいっ」
115900 ,,<!timepass_day_long>,,,7201,,,,,,,,,,,,　というわけで、勉強再開。
116000 ,,,,,7201,,,,,,,,,,,,　……してみたものの、猛烈に睡魔が襲ってきていた。
116100 ,,,,,7201,,,,,,,,,,,,　愛歌の声を聞いていると、余計に眠気が増幅する。
116200 ,,,,,7201,,愛歌,愛歌,01man507_076.wav,,,,,,,,「江戸幕府第１３代将軍はぁ……」
116300 ,,,,,7201,,,,,,,,,,,,　いい加減、歴代の征夷大将軍から離れろ！
116400 ,,,,,7201,,,,,,,,,,,,　心でそんなツッコミをしつつ、遠ざかっていく意識を
　必死に繋ぎ止める。
116600 ,,,,,7202,,愛歌,愛歌,01man507_077.wav,,,,,,,,「……優哉ちゃん、眠くなってきちゃった？」
116700 ,,,,,7202,,優哉,優哉,,,,,,,,,「ん。あー、まったりしてきちまったせいかな」
116800 ,,,,,7202,,愛歌,愛歌,01man507_078.wav,,,,,,,,「少し休んで横になる？　無理しない方がいいよ」
116900 ,,,,,7202,,優哉,優哉,,,,,,,,,「いや、大丈夫。ちょっと冷たい水でも飲んでくるわ」
117000 ,,,,,7202,,愛歌,愛歌,01man507_079.wav,,,,,,,,「水なら私が持ってくるよー」
117100 ,,,,,7202,,優哉,優哉,,,,,,,,,「……そうか？　じゃあ、できれば氷つきで……」
117200 ,,,,,7202,,愛歌,愛歌,01man507_080.wav,,,,,,,,「うん、待っててね。すぐ持ってくるっ」
117400 ,,<!move_look>,,500,,,,,,,,,,,,,　部屋をあとにする愛歌を見届け、疲れた目を休める。
117500 ,,,,,,,優哉,優哉,,,,,,,,,（ああ、ダメだ。瞼が重い……）
117600 ,,,,,,,優哉,優哉,,,,,,,,,（すまん……愛……歌……）
117690 ,,<hide><s_fade time=""4000"" type=""shadeoff"" param=""type=n"">,,9000,,,,,,,,,,,,,
117890 ,$heroine_begin,,,,,,,,,,,,,,,,
117900 ,,<!scene_charchange>,,200,,,愛歌,愛歌,01man507_081.wav,,,,,,,,「千紗ちゃん、少しだけ台所借りるねー」
118000 ,,,,,,,千紗,千紗,06tis507_001.wav,"chisa,private",,0,,,,,「あ、は～い。でもお兄ちゃん、大丈夫でしたか？」
118100 ,,,,,,,愛歌,愛歌,01man507_082.wav,chisa,,0,,,,,「大丈夫って？」
118200 ,,,,,,,千紗,千紗,06tis507_002.wav,chisa,,3,,,,,「お兄ちゃん昨日、夜遅くまで千紗に勉強を教えてく
　れたから……眠そうにしてるんじゃないかと思って」
118300 ,,,,,,,千紗,千紗,06tis507_003.wav,chisa,,0,,,,,「それにお兄ちゃん、愛歌お姉ちゃんに数学を教える
　からって、自分も遅くまで勉強してたんですよ～？」
118400 ,,,,,,,愛歌,愛歌,01man507_083.wav,chisa,,0,,,,,「優哉ちゃんが……私に？」
118500 ,,,,,,,千紗,千紗,06tis507_004.wav,chisa,,1,,,,,「お兄ちゃんのことだから、口が裂けてもそんなことは
　愛歌お姉ちゃんに言わないと思いますけど♪」
118600 ,,,,,,,愛歌,愛歌,01man507_084.wav,chisa,,1,,,,,「…………」
118700 ,,,,,,,千紗,千紗,06tis507_005.wav,chisa,,3,,,,,「……どうしたんですか、愛歌お姉ちゃん？」
118800 ,,,,,,,愛歌,愛歌,01man507_085.wav,chisa,,3,,,,,「あ、ううん。なんでもないっ。
　台所ありがとっ……」
119000 ,,,,500,,,愛歌,愛歌,01man507_086.wav,,,,,,,,「……優哉ちゃん、お水持ってきたけど……」
119100 ,,,,,,,優哉,優哉,,,,,,,,,「…………」
119200 ,,,,,,,愛歌,愛歌,01man507_087.wav,,,,,,,,「もし疲れてるなら、今日はもう終わりに……」
119300 ,,,,,,,優哉,優哉,,,,,,,,,「すーっ……すーっ……」
119400 ,,,,,,,愛歌,愛歌,01man507_088.wav,,,,,,,,「……優哉ちゃん？」
119500 ,,,,,,,優哉,優哉,,,,,,,,,「ん……すーっ……すーっ……」
119600 ,,,,,,,愛歌,愛歌,01man507_089.wav,,,,,,,,「…………」
119700 ,,,,,,,愛歌,愛歌,01man507_090.wav,,,,,,,,「……こんにちは。
　愛歌の友達のカサイです……」
119800 ,,,,,,,愛歌,愛歌,01man507_091.wav,,,,,,,,「愛歌の代わりに……あなたの寝顔を見ていても
　いいですか？」
119900 ,,,,,,,優哉,優哉,,,,,,,,,「んん……ん……すーっ……」
120000 ,,,,,,,愛歌,愛歌,01man507_092.wav,,,,,,,,「……これからもずっと……あなたのそばにいても
　いいですか？」
120190 ,$heroine_end,,,,,,,,,,,,,,,,
120200 ,,<!scene_charchange>,,9000,,,,,,,,,,,,,　……………………。
120300 ,,,,,,,,,,,,,,,,,　………………。
120400 ,,,,,,,,,,,,,,,,,　…………。
120500 ,,,,,,,,,,,,,,,,,　……あれ？　俺、何してたんだっけ。
120600 ,,,,,,,,,,,,,,,,,　確か、愛歌と一緒に勉強してて……。
120700 ,,,,,,,,,,,,,,,,,　…………。
120800 ,,,,,,,,,,,,,,,,,　なんだろうな。この懐かしい感じ……。
120900 ,,,,,,,,,,,,,,,,,　優しくて……温かくて……それに……。
121000 ,,,,,,,,,,,,,,,,,　……いい匂い…………。
121200 ,,<!timepass_2_long>,,501,,,,,,,,,,,,,　静かに瞼を開くと、自分の顔が柔らかい二つの
　膨らみに包まれていた。
121300 ,,,,,,,,,,,,,,,,,　動きたくても、頭を両腕で抱えこまれていて、
　呼吸を確保するので精一杯だった。
121400 ,,,,,,,優哉,優哉,,,,,,,,,（……やべえ。俺、寝ちまったのか）
121500 ,,,,,,,優哉,優哉,,,,,,,,,（にしても、この状況……）
121600 ,,,,,,,,,,,,,,,,,　朝の秋香さんじゃないが、今にも男の子のお勉強が
　始まりそうな雰囲気だ。
121700 ,,,,,,,優哉,優哉,,,,,,,,,「……愛歌、すまん。
　言い訳ができないほど熟睡してた」
121800 ,,,,,,,愛歌,愛歌,01man507_093.wav,manaka,,2,,,,,「え……わあっ！？
　優哉ちゃっ……いつから起きてっ！？」
121900 ,,,,,,,,,,manaka,,2,,,,,　愛歌は慌てて束縛を解き、正座して俺に背を向ける。
122000 ,,,,,,,,,,manaka,,2,,,,,　その後ろ姿が本当に小さくて、今まで俺を支えて
　くれていた身体だとは思えなかった。
122100 ,,,,,,,愛歌,愛歌,01man507_094.wav,manaka,,3,,,,,「……ご、ごめんなさい。
　優哉ちゃん、気持ちよさそうに寝てたから……」
122200 ,,,,,,,優哉,優哉,,manaka,,3,,,,,「いや、俺の方こそ悪い。
　勉強会で寝てたら世話ねえよな。俺も……」
122300 ,,,,,,,愛歌,愛歌,01man507_095.wav,manaka,,6,,,,,「あのっ……私、変なこととかしてないからねっ」
122400 ,,,,,,,優哉,優哉,,manaka,,6,,,,,「変なこと？」
122500 ,,,,,,,愛歌,愛歌,01man507_096.wav,manaka,,6,,,,,「だからっ……優哉ちゃんが寝てる間に……
　襲っちゃったりとか……」
122600 ,,,,,,,,,,manaka,,6,,,,,　思わず、素できょとんとしてしまう。
122700 ,,,,,,,,,,manaka,,6,,,,,　愛歌が男を襲うというシーンが、まったく頭に
　思い浮かばなくて。
122800 ,,,,,,,愛歌,愛歌,01man507_097.wav,manaka,,15,,,,,「ほんとに私っ……優哉ちゃんの……こと……」
122900 ,,,,,,,,,,manaka,,15,,,,,　正座のまま、ずりずりと床の上を滑っていく愛歌。
123000 ,,,,,,,,,,manaka,,15,,,,,　放っておいたら、そのまま部屋の外に出て行って
　しまいそうだ。
123100 ,,,,,,,優哉,優哉,,manaka,,15,,,,,「ありがとな。支えてくれて……」
123200 ,,,,,,,愛歌,愛歌,01man507_098.wav,manaka,,15,,,,,「あれは私じゃなくて、友達のカサイさんがっ……」
123300 ,,,,,,,優哉,優哉,,manaka,,15,,,,,「だよな。絶賛片想い中の女が、他の男にあんなこと
　してたら……なあ？」
123400 ,,,,,,,愛歌,愛歌,01man507_099.wav,manaka,,2,,,,,「わ、私っ……他の男の人にあんなことしないもんっ。
　相手が優哉ちゃんだから……」
123500 ,,,,,,,優哉,優哉,,manaka,,2,,,,,「そのぐらい分かってるって」
123600 ,,,,,,,優哉,優哉,,manaka,,2,,,,,「幼なじみだから、だろ？」
123700 ,,,,,,,愛歌,愛歌,01man507_100.wav,manaka,,5,,,,,「…………」
123800 ,,,,,,,優哉,優哉,,manaka,,5,,,,,「おかげで頭もすっきりしたわ。
　夕方になっちまったけど、勉強続けるぞー」
123900 ,,,,,,,優哉,優哉,,manaka,,5,,,,,「次は、お前の苦手な数学な」
124000 ,,,,,,,愛歌,愛歌,01man507_101.wav,manaka,,40,,,,,「あうぅぅ……先生、恋の方程式が解けませ～ん……」
124300 ,,<!timepass_2_short>,,5102,,,優哉,優哉,,manaka,,90,,,,,「悪かったな。こんな遅くまで……」
124400 ,,,,,,,愛歌,愛歌,01man507_102.wav,manaka,,90,,,,,「ううん、ありがとう。数学教えてくれて……」
124500 ,,,,,,,,,,manaka,,90,,,,,　勉強会がお開きになり、俺は門の入り口まで愛歌を
　見送りに出ていた。
124600 ,,,,,,,,,,manaka,,90,,,,,　すっかり日も暮れたが、家が真向かいだけに帰り道を
　心配する必要もない。
124700 ,,,,,,,優哉,優哉,,manaka,,90,,,,,「秋香さんにもよろしくな」
124800 ,,,,,,,愛歌,愛歌,01man507_103.wav,manaka,,0,,,,,「あ……優哉ちゃん、晩ご飯はどうするの？
　よかったらウチで食べていかない？」
124900 ,,,,,,,優哉,優哉,,manaka,,0,,,,,「バカ、さすがにそこまで甘えられねえよ」
125000 ,,,,,,,秋香,秋香,11aki507_031.wav,akika,,1,,,,,「あらぁ……いいのよ、どんどん甘えて♪」
125100 ,,,,,,,愛歌,愛歌,01man507_104.wav,manaka,,15,,,,,「お、お母さんっ！？」
125200 ,,,,,,,,,,akika,,0,,,,,　声は俺の背後から。
125300 ,,,,,,,,,,akika,,0,,,,,　なぜか秋香さんは、当たり前の顔をして我が家の
　玄関から姿を現した。
125400 ,,,,,,,優哉,優哉,,akika,,0,,,,,「秋香さん、どうして俺の家から……」
125500 ,,,,,,,秋香,秋香,11aki507_032.wav,akika,,2,,,,,「今まで気付かなかったぁ？
　私がずっと優哉くんのおウチにいたの」
125600 ,,,,,,,優哉,優哉,,akika,,2,,,,,「ていうか、自分の家に戻ったんじゃなかったんです
　か？」
125700 ,,,,,,,秋香,秋香,11aki507_033.wav,akika,,1,,,,,「んー、愛歌が帰ってから優哉くんの寝込みを襲おうと
　思ってたんだけど……」
125800 ,,,,,,,秋香,秋香,11aki507_034.wav,akika,,0,,,,,「先に襲われちゃったのよね～、愛歌に。
　居眠りしてる優哉くんを……」
125900 ,,,,,,,愛歌,愛歌,01man507_105.wav,akika,,0,manaka,,2,,「お母さっ……ずっと見てたのっ！？」
126000 ,,,,,,,秋香,秋香,11aki507_035.wav,akika,,1,manaka,,2,,「見てたわよ～。愛歌がこうやって優哉くんの頭を
　抱き寄せてぇ……」
126100 ,,,,,,,優哉,優哉,,akika,,1,manaka,,2,,「うわっ、ちょっ！？」
126200 ,,,,,,,秋香,秋香,11aki507_036.wav,akika,,1,manaka,,2,,「愛おしそうにおっぱいを飲ませてあげてるの♪」
126300 ,,,,,,,愛歌,愛歌,01man507_106.wav,akika,,1,manaka,,15,,「の、飲ませてなんかないもんっ」
126400 ,,,,,,,秋香,秋香,11aki507_037.wav,akika,,0,manaka,,15,,「でもおっぱいで顔をぎゅ～ってしてたでしょう？」
126500 ,,,,,,,愛歌,愛歌,01man507_107.wav,akika,,0,manaka,,3,,「おっぱいでぎゅ～っとは……しちゃったけど……」
126600 ,,,,,,,,,,akika,,0,manaka,,3,,　とんでもない会話をしてるな、この親子。
126700 ,,,,,,,,,,akika,,0,manaka,,3,,　そして秋香さんの胸も、とんでもない……。
126800 ,,,,,,,秋香,秋香,11aki507_038.wav,akika,,1,manaka,,3,,「ねえ、優哉くぅん。愛歌のおっぱいとぉ、秋香の
　おっぱい、どっちがいぃ？」
126900 ,,,,,,,優哉,優哉,,akika,,1,manaka,,3,,「どっちって……んぶっ！？
　んっん！？　んんっ！　んんーっ！？」
127000 ,,,,,,,,,,akika,,1,manaka,,3,,　ぎゅぅぎゅぅと顔に乳房を圧しつけられ、愛歌には
　ない濃厚なフェロモンに息が詰まる。
127100 ,,,,,,,,,,akika,,1,manaka,,3,,　それだけでもう、俺は≪お腹いっぱい≫だった。
127200 ,,,,,,,優哉,優哉,,akika,,1,manaka,,3,,「ぷはっ！？　愛歌、助けてくれっ……」
127300 ,,,,,,,愛歌,愛歌,01man507_108.wav,akika,,1,manaka,,5,,「……優哉ちゃんは……どっちがいいの？」
127400 ,,,,,,,優哉,優哉,,akika,,1,manaka,,5,,「お、お前までそんなっ……んぶっ、んんっん！？」
127500 ,,,,,,,秋香,秋香,11aki507_039.wav,akika,,0,manaka,,5,,「それはもちろん、秋香のおっぱいよね～」
127600 ,,,,,,,愛歌,愛歌,01man507_109.wav,akika,,0,manaka,,15,,「……愛歌のおっぱいだって……まだこれから
　おっきくなるもんっ」
127700 ,,,,,,,優哉,優哉,,akika,,0,manaka,,15,,「いや、おっぱいの話はもういいからっ……ああっ、
　ちょっ、秋香さっ……おっぱっ……おっぱいっ、
　おっぱい、らめぇぇっっ！？」
128000 ,,<!move_short_r>,,202,,,陽向,陽向,07hin507_001.wav,chisa,,5,"hinata,private",,0,,「あれえ？　お姉ちゃん、どうして玄関の鍵かけちゃ
　うの？」
128100 ,,,,,,,陽向,陽向,07hin507_002.wav,chisa,,5,hinata,,0,,「まだお兄ちゃん、外にいるみたいだよー」
128200 ,,,,,,,千紗,千紗,06tis507_006.wav,chisa,,7,hinata,,0,,「……いいのっ」
128300 ,,,,,,,陽向,陽向,07hin507_003.wav,chisa,,7,hinata,,5,,「い、いいんだ……」
128400 ,,,,,,,千紗,千紗,06tis507_007.wav,chisa,,7,hinata,,5,,「陽向、早く晩ご飯にしよっ」
128500 ,,,,,,,陽向,陽向,07hin507_004.wav,chisa,,7,hinata,,3,,「う、うん……」
128600 ,,,,,,,陽向,陽向,07hin507_005.wav,chisa,,7,hinata,,3,,「…………」
128700 ,,,,,,,陽向,陽向,07hin507_006.wav,chisa,,7,hinata,,5,,「……お姉ちゃん、どうして怒ってるんだろ」
128990 ,,<!Lend_day_change>,0,9000,,,,,,,,,,,,,
128999 ,,<!ec_manaka_pri>,,,,,,,,,,,,,,,
129000 ,@508,,,,,,,,,,,,,,,,
129300 ,,<!Lbegin_day_change>,2,12300,,,愛歌,愛歌,01man508_001.wav,"manaka,uniform",,90,,,,,「ずいぶん、お祭りの準備も進んできたねー」
129400 ,,,,,,,優哉,優哉,,manaka,,90,,,,,「だなあ。今年はかなり力入れてるみたいだし……」
129500 ,,,,,,,,,,manaka,,90,,,,,　テスト初日。
129600 ,,,,,,,,,,manaka,,90,,,,,　準備万端とは言えなかったが、赤点をとらない
　程度には自信があった。
129700 ,,,,,,,,,,manaka,,90,,,,,　愛歌も昨晩、がんばったんだろうか？
129800 ,,,,,,,,,,manaka,,90,,,,,　珍しく俺より家を出てくるのが遅かった。
129900 ,,,,,,,愛歌,愛歌,01man508_002.wav,manaka,,0,,,,,「早くテスト終わらせて、みんなでお祭りに行きたい
　な……」
130000 ,,,,,,,優哉,優哉,,manaka,,0,,,,,「秋香さんは来ないのか？
　あの人はいかにもお祭り好きそうだが……」
130100 ,,,,,,,愛歌,愛歌,01man508_003.wav,manaka,,90,,,,,「お母さんもお手伝いで来ると思うよー。
　毎年そうだから」
130200 ,,,,,,,優哉,優哉,,manaka,,90,,,,,「そっか。秋香さんも裏方でがんばってたんだな……」
130300 ,,,,,,,,,,manaka,,90,,,,,　またこっそり、愛歌のことをどこかで
　見守っているのかもしれない。
130400 ,,,,,,,,,,manaka,,90,,,,,　それを微笑ましく思う一方で、俺も愛歌の
　恋の行く末が気になり始めていた。
130500 ,,,,,,,,,,manaka,,90,,,,,　できるなら、誰もが幸せな結末になってほしい、
　とも思う。
130600 ,,,,,,,優哉,優哉,,manaka,,90,,,,,「そういやお前、好きなヤツに告白とかしねえの？」
130700 ,,,,,,,愛歌,愛歌,01man508_004.wav,manaka,,2,,,,,「ええっ？　告白って……どうしたの、急に……」
130800 ,,,,,,,優哉,優哉,,manaka,,2,,,,,「祭りも近いし、世間じゃ量産型のカップルだって
　増えてるだろ？」
130900 ,,,,,,,優哉,優哉,,manaka,,2,,,,,「何かの行事の前って必ず増えるよな。
　あいつら付き合ってたのかよ！？　的な……」
131000 ,,,,,,,愛歌,愛歌,01man508_005.wav,manaka,,90,,,,,「うんうん。修学旅行の前も増えるよねー」
131100 ,,,,,,,優哉,優哉,,manaka,,90,,,,,「んで、お前は？」
131200 ,,,,,,,愛歌,愛歌,01man508_006.wav,manaka,,5,,,,,「え……わ、私は……」
131300 ,,,,,,,,,,manaka,,5,,,,,　背中を丸め、しょんぼりとうつむく愛歌。
131400 ,,,,,,,,,,manaka,,5,,,,,　確かに。
131500 ,,,,,,,,,,manaka,,5,,,,,　目の前でこんな姿を見せられたら、秋香さんが
　過保護になるのも分かる。
131600 ,,,,,,,優哉,優哉,,manaka,,5,,,,,「お前ってほんと奥手だよな。
　番組の収録のときは、あんなにがんばったのに……」
131700 ,,,,,,,愛歌,愛歌,01man508_007.wav,manaka,,6,,,,,「あのときは……私も必死で……」
131800 ,,,,,,,,,,manaka,,6,,,,,　少なからず、あの日の愛歌の言葉に共感していた
　部分もあった。
131900 ,,,,,,,,,,manaka,,6,,,,,　よく、失恋の傷を癒すのに旅行を計画する人がいる。
132000 ,,,,,,,,,,manaka,,6,,,,,　全てを忘れて、前へ進もうとする人もいる。
132100 ,,,,,,,,,,manaka,,6,,,,,　でも……自分の大切だった人を、≪楽になるため≫に
　忘れようとするのは……悲しいことだ。
132300 ,,<!scene_past_begin>,10,9000,,,,,,,,,,,,,　思えば、俺の親父も愛歌と一緒だった。
132400 ,,,,,,,,,,,,,,,,,　病気で千鶴さんを亡くしたとき、親父は初めて俺や
　千紗たちに隠れて泣いていた。
132500 ,,,,,,,,,,,,,,,,,　きっと、千鶴さんのことを思い出すのはツラかったと
　思う。苦しかったと思う。
132800 ,,,,10202,,#mono,,,,,,,,,,,　だけど親父は逃げなかった。
132900 ,,,,,,#mono,,,,,,,,,,,　――どうしてこんなに早く、死んでしまったんだ？
133000 ,,,,,,#mono,,,,,,,,,,,　――こんなことなら君と出逢わない方がよかった。
133100 ,,,,,,#mono,,,,,,,,,,,　親父の口から出たのは、そんな過去を悔やむ言葉で
　はなく。
133200 ,,,,,,#mono,,,,,,,,,,,　目の前で生涯を終え、冷たくなり始めた千鶴さんの
　手を握りながら。
133300 ,,,,,,#mono,,,,,,,,,,,　親父は二言だけを口にした。
133400 ,,,,,,#mono,,,,,,,,,,,『ありがとう』
133500 ,,,,,,#mono,,,,,,,,,,,『よくがんばったね――』
133590 ,,,0,9000,,,,,,,,,,,,,
133800 ,,<!scene_past_end>,2,12300,,,,,,manaka,,6,,,,,　親父の背中は、あの日から一度も丸まってはいない。
133900 ,,,,,,,優哉,優哉,,manaka,,6,,,,,「ほれ、猫背になってんぞー？
　もっと胸を張れ、胸を」
134000 ,,,,,,,,,,manaka,,90,,,,,　軽く背を叩くと、愛歌はビクッとしてその場で
　≪気をつけ≫をした。
134100 ,,,,,,,,,,manaka,,90,,,,,　俺が幼なじみとしてできることと言ったら、
　こうやって愛歌の背中を押してやるぐらいだ。
134200 ,,,,,,,愛歌,愛歌,01man508_008.wav,manaka,,90,,,,,「……お祭りの日」
134300 ,,,,,,,優哉,優哉,,manaka,,90,,,,,「ん？」
134400 ,,,,,,,愛歌,愛歌,01man508_009.wav,manaka,,3,,,,,「私……今度のお祭りの日、好きな人に告白してみよう
　かな……」
134500 ,,,,,,,優哉,優哉,,manaka,,3,,,,,「！？」
134600 ,,,,,,,愛歌,愛歌,01man508_010.wav,manaka,,3,,,,,「それでもう最後にするの……上手くいってもいかな
　くても……」
134700 ,,,,,,,優哉,優哉,,manaka,,3,,,,,「……もしダメだったら、
　それであきらめちまうのか？」
134800 ,,,,,,,,,,manaka,,3,,,,,　残酷な問いだと分かりつつ、愛歌の表情を窺う。
134900 ,,,,,,,,,,manaka,,3,,,,,　最初に戸惑うような頷きが一度。
135000 ,,,,,,,,,,manaka,,3,,,,,　そして二度目は、強い決意を感じさせた。
135100 ,,,,,,,愛歌,愛歌,01man508_011.wav,manaka,,4,,,,,「ダメだったらあきらめる」
135200 ,,,,,,,,,,manaka,,4,,,,,　真剣な横顔。
135300 ,,,,,,,,,,manaka,,4,,,,,　それだけで愛歌の強い想いが分かる。
135400 ,,,,,,,愛歌,愛歌,01man508_012.wav,manaka,,3,,,,,「でも……」
135500 ,,,,,,,,,,manaka,,3,,,,,　こちらを見た愛歌の眼差しは、
　真っ直ぐ俺へ向けられていた。
135600 ,,,,,,,愛歌,愛歌,01man508_013.wav,manaka,,4,,,,,「その人を好きになったことは……絶対、忘れない」
135700 ,,,,,,,,,,manaka,,4,,,,,　俺はしばし、そんな決意の表情に＜見惚＝みと＞れていた。
135800 ,,,,,,,,,,manaka,,4,,,,,『がんばれよ！』
135900 ,,,,,,,,,,manaka,,4,,,,,　幼なじみとして言うべき言葉が出てこない。
136000 ,,,,,,,,,,manaka,,4,,,,,　――もし、愛歌が他の男と付き合い始めたら？
136100 ,,,,,,,,,,manaka,,4,,,,,　今まで考えたことのなかった未来に、
　胸の奥が鈍く痛んでいた。
136200 ,,,,,,,,,,manaka,,4,,,,,　それでも。
136300 ,,,,,,,,,,manaka,,4,,,,,　幼い頃は気弱で泣き虫だったあの愛歌が、
　幼なじみの俺に誓ってくれたことだったから。
136400 ,,,,,,,優哉,優哉,,manaka,,4,,,,,「……がんばれよ」
136500 ,,,,,,,,,,manaka,,4,,,,,　上手く声が出ず、足下の小石に八つ当たりする。
136600 ,,,,,,,優哉,優哉,,manaka,,4,,,,,「がんばれよ」
136700 ,,,,,,,,,,manaka,,4,,,,,　転がっていく石ころを見つめながら、自分に
　言い聞かせるようにその一言を繰り返した。
136800 ,,,,,,,愛歌,愛歌,01man508_014.wav,manaka,,3,,,,,「……優哉ちゃんもがんばってね」
136900 ,,,,,,,優哉,優哉,,manaka,,3,,,,,「がんばるのはお前だろうが」
137000 ,,,,,,,愛歌,愛歌,01man508_015.wav,manaka,,5,,,,,「そうだけど……でもがんばれって言われると、
　同じこと言いたくなるんだもんっ」
137100 ,,,,,,,優哉,優哉,,manaka,,5,,,,,「じゃあ、お前はがんばるな」
137200 ,,,,,,,愛歌,愛歌,01man508_016.wav,manaka,,0,,,,,「優哉ちゃんはがんばってっ」
137300 ,,,,,,,優哉,優哉,,manaka,,0,,,,,「俺はがんばらない」
137400 ,,,,,,,愛歌,愛歌,01man508_017.wav,manaka,,2,,,,,「ええっ？　そしたら私は……私は、えっと……」
137500 ,,,,,,,,,,manaka,,2,,,,,　オロオロしている愛歌を見ていたら、自然と笑みが
　洩れた。
137600 ,,,,,,,,,,manaka,,2,,,,,　本当にこいつとは、何年幼なじみをやっていても
　飽きない。
137700 ,,,,,,,優哉,優哉,,manaka,,2,,,,,「ば～か、お前はがんばれよ」
137800 ,,,,,,,,,,manaka,,2,,,,,　最初の『がんばれよ』とは違い、
　石に八つ当たりする必要はなかった。
137900 ,,,,,,,,,,manaka,,2,,,,,　それは本心から、愛歌に言えたことだったから。
138000 ,,,,,,,優哉,優哉,,manaka,,2,,,,,「ほれ、行くぞ」
138100 ,,,,,,,,,,manaka,,2,,,,,　再度、愛歌の背中を叩き、止まっていた足を進める。
138200 ,,,,,,,,,,manaka,,2,,,,,　すると愛歌は、背後から鈴の鳴るような声で。
138300 ,,,,,,,愛歌,愛歌,01man508_018.wav,manaka,,1,,,,,「うんっ、がんばるっ▼」
138400 ,,,,,,,優哉,優哉,,manaka,,1,,,,,「……その前にテストがんばれよ、お前は」
138500 ,,,,,,,愛歌,愛歌,01man508_019.wav,manaka,,40,,,,,「はうぅぅっ……すっかり忘れてたよー」
138600 ,,,,,,,,,,manaka,,40,,,,,　そんなテスト初日。
138700 ,,,,,,,,,,manaka,,40,,,,,　少しだけ、愛歌が俺から離れていくのを寂しく感じた
　朝だった……。
138990 ,,<!Lend_day_change>,0,9000,,,,,,,,,,,,,
139000 ,@509,,,,,,,,,,,,,,,,
139500 ,,<!Lbegin_day_change>,7,4500,,,優哉,優哉,,"yamato,uniform",,0,,,,,「だぁぁぁ～っ……終わったぁぁぁぁぁ」
139600 ,,,,,,,大和,大和,08yam509_001.wav,yamato,,4,,,,,「どうでもいいが、少し＜端折＝はしょ＞りすぎじゃないか？」
139700 ,,,,,,,優哉,優哉,,yamato,,4,,,,,「何がだよ。四日間にも及ぶテストを終えて、
　開放感に浸る生徒の姿に問題ないだろ？」
139800 ,,,,,,,大和,大和,08yam509_002.wav,yamato,,3,,,,,「頼むから、唐突にエッチシーンとかやめてくれよな。
　あれ、萎えるから」
139900 ,,,,,,,優哉,優哉,,yamato,,3,,,,,「最近、お前の会話にはついていけねーよ」
140000 ,,,,,,,,,,yamato,,3,,,,,　ついていきたいという欲求もないが。
140100 ,,,,,,,大和,大和,08yam509_003.wav,yamato,,4,,,,,「そういえば秋里、片想い中の彼に告白してフラレた
　らしい」
140200 ,,,,,,,優哉,優哉,,yamato,,4,,,,,「ちょっ……＜端折＝はしょ＞りすぎだろ、それっ！」
140300 ,,,,,,,大和,大和,08yam509_004.wav,yamato,,1,,,,,「ほら、萎えるだろ～？　こういうのは」
140400 ,,,,,,,優哉,優哉,,yamato,,1,,,,,「まさか、大和が事故で死んじまうとはなあ……」
140500 ,,,,,,,大和,大和,08yam509_005.wav,yamato,,53,,,,,「マジかよっ。俺……事故で死んじまうのか！？」
140600 ,,,,,,,優哉,優哉,,yamato,,53,,,,,「厳密には、既にお前は死んでるんだよ。
　自分が死んでるのに気付かない、かわいそうな霊」
140700 ,,,,,,,優哉,優哉,,yamato,,53,,,,,「でも時間がないから、そのシーンは＜端折＝はしょ＞らせて
　もらった」
140800 ,,,,,,,大和,大和,08yam509_006.wav,yamato,,3,,,,,「お、俺にそんな隠されたエピソードが……」
140900 ,,,,,,,,,,yamato,,3,,,,,　君がバカで本当によかったです。
141000 ,,,,,,,,,,yamato,,3,,,,,　何はともあれ、今日から俺たちは自由の身。
141100 ,,,,,,,,,,yamato,,3,,,,,　テスト後のこの開放感は、ほんと清々しい。
141200 ,,,,,,,愛歌,愛歌,01man509_001.wav,"manaka,uniform",,0,yamato,,0,,「優哉ちゃん、テストお疲れさま～」
141300 ,,,,,,,優哉,優哉,,manaka,,0,yamato,,0,,「おう、愛歌もお疲れさん」
141400 ,,,,,,,大和,大和,08yam509_007.wav,manaka,,0,yamato,,5,,「一応、俺もいるんだけどなー」
141500 ,,,,,,,優哉,優哉,,manaka,,0,yamato,,5,,「お前は他のヤツには見えてないんだよ。
　なぜって、事故死してるから」
141600 ,,,,,,,大和,大和,08yam509_008.wav,manaka,,0,yamato,,53,,「うわぁぁっ、みんな俺に気付いてくれ！
　俺はここに……ここにいるんだ！」
141700 ,,,,,,,愛歌,愛歌,01man509_002.wav,manaka,,4,yamato,,53,,「……大和くん、どうしたの？」
141800 ,,,,,,,優哉,優哉,,manaka,,4,yamato,,53,,「いいんだ。そっとしておいてやれ。
　大和はかわいそうな子だから……」
141900 ,,,,,,,,,,manaka,,4,yamato,,53,,　色々な意味でな。
142000 ,,,,,,,愛歌,愛歌,01man509_003.wav,manaka,,0,yamato,,5,,「そだ……優哉ちゃん、テストの方はどうだった？」
142100 ,,,,,,,優哉,優哉,,manaka,,0,yamato,,5,,「んー、そこそこかな。いつも通りって感じだ。
　お前は？」
142200 ,,,,,,,愛歌,愛歌,01man509_004.wav,manaka,,1,yamato,,5,,「うん、私も……いつも通りぐらい。えへへ♪」
142300 ,,,,,,,優哉,優哉,,manaka,,1,yamato,,5,,「大和は……」
142400 ,,,,,,,大和,大和,08yam509_009.wav,manaka,,1,yamato,,1,,「もちろん、俺はいつも全体で２０位以内に入ってる
　から今回も……」
142500 ,,,,,,,優哉,優哉,,manaka,,1,yamato,,1,,「今頃、天国で元気にやってるかなぁ」
142600 ,,,,,,,大和,大和,08yam509_010.wav,manaka,,1,yamato,,53,,「ここにいるよ！　俺、ここにいるよ！」
142700 ,,,,,,,,,,manaka,,1,yamato,,53,,　いなくても誰も困らないけどな！
142800 ,,,,,,,,,,manaka,,1,yamato,,53,,　最初からキャラ立てに失敗してたし、幽霊にでも
　なった方がずっと目立つとは思うが。
142900 ,,,,,,,悠,悠,02yuu509_001.wav,"yuu,uniform",,5,,,,,「うっさいわねー。あんたたちの声、隣の教室まで
　聞こえてきたわよ？」
143000 ,,,,,,,優哉,優哉,,yuu,,5,,,,,「うるさかったのは、大和の霊な。
　あいつ、まだ成仏できてないんだ」
143100 ,,,,,,,悠,悠,02yuu509_002.wav,yuu,,2,yamato,,0,,「ふぇ？　大和がどうかしたの？」
143200 ,,,,,,,,,,yuu,,2,yamato,,0,,　と、教室に入ってきた悠が大和を見て首を傾げる。
143300 ,,,,,,,大和,大和,08yam509_011.wav,yuu,,2,yamato,,2,,「おぉ、翠川には俺が見えるのか？」
143400 ,,,,,,,悠,悠,02yuu509_003.wav,yuu,,5,yamato,,2,,「……なに言ってんの、こいつ？」
143500 ,,,,,,,優哉,優哉,,yuu,,5,yamato,,2,,「気にするな。
　ナンマイダー、ナンマイダー言ってれば静かになる」
143600 ,,,,,,,悠,悠,02yuu509_004.wav,yuu,,4,yamato,,2,,「ナンマイダー、ナンマイダー」
143700 ,,,,,,,大和,大和,08yam509_012.wav,yuu,,4,yamato,,53,,「お、俺を成仏させないでくれぇ！」
143800 ,,,,,,,,,,yuu,,4,yamato,,53,,　端から見ててかなり痛い。
143900 ,,,,,,,優哉,優哉,,yuu,,4,,,,,「ところで悠、テストの方はどうだった？」
144000 ,,,,,,,悠,悠,02yuu509_005.wav,yuu,,17,,,,,「ふっふっ、今回はちょっと自信あり。
　全部平均点以上はいけそう」
144100 ,,,,,,,優哉,優哉,,yuu,,17,,,,,「ほぉ……なら愛歌や俺と同じぐらいか」
144200 ,,,,,,,悠,悠,02yuu509_006.wav,yuu,,90,,,,,「はにゃ？　愛歌って平均点ぐらいなの？
　もっと勉強できそうなイメージあるけど」
144300 ,,,,,,,優哉,優哉,,yuu,,90,,,,,「愛歌が、一部で平均点告知機と言われてるの
　知らねえのか？」
144400 ,,,,,,,優哉,優哉,,yuu,,90,,,,,「こいつは全教科、見事なまでに平均点と同じ点数を
　とるんだよ。言うなれば、この学園でもっとも平凡
　な脳みそ」
144500 ,,,,,,,愛歌,愛歌,01man509_005.wav,yuu,,90,manaka,,3,,「褒められてる……のかな。それ……」
144600 ,,,,,,,悠,悠,02yuu509_007.wav,yuu,,0,manaka,,3,,「へー。なら赤点の計算に便利ね。
　平均点の半分だから、愛歌の点数の半分以上とれて
　れば安全圏ってことで」
144700 ,,,,,,,愛歌,愛歌,01man509_006.wav,yuu,,0,manaka,,5,,「でも今回は……ちょっと平均より低いかも」
144800 ,,,,,,,悠,悠,02yuu509_008.wav,yuu,,12,manaka,,5,,「あらら、今回はあんまり勉強しなかったの？」
144900 ,,,,,,,愛歌,愛歌,01man509_007.wav,yuu,,12,manaka,,42,,「あっ、勉強はがんばってしたけどっ……きっと
　書きまちがいで……」
145000 ,,,,,,,,,,yuu,,12,manaka,,42,,　愛歌は申し訳なさそうに俺を見る。
145100 ,,,,,,,,,,yuu,,12,manaka,,42,,　一緒に勉強した効果も、なし……か。
145200 ,,,,,,,,,,yuu,,12,manaka,,42,,　そりゃそうか。
　俺、あいつの胸を借りて寝ちまってたし……。
145300 ,,,,,,,,,,yuu,,12,manaka,,42,,　…………。
145400 ,,,,,,,,,,yuu,,12,manaka,,42,,　俺が一緒にいても、
　愛歌のプラスにはならないのかもな……。
145500 ,,,,,,,悠,悠,02yuu509_009.wav,yuu,,90,,,,,「ねえねえ、提案があるんだけどさ。
　温泉部の中で、テストの合計点が一番低かった人が、
　今度のお祭りの日に腰巾着になるってどう？」
145600 ,,,,,,,優哉,優哉,,yuu,,90,,,,,「お前、自分が勝てそうと見るやいきなりそれか」
145700 ,,,,,,,悠,悠,02yuu509_010.wav,yuu,,17,,,,,「なぁに？　私に負けるのが怖いのぉ？」
145800 ,,,,,,,大和,大和,08yam509_013.wav,yuu,,17,yamato,,3,,「俺はみんなに忘れられるのが怖い……」
145900 ,,,,,,,,,,yuu,,17,yamato,,3,,　すまん。素でお前の存在を忘れてた。
146000 ,,,,,,,悠,悠,02yuu509_011.wav,yuu,,17,yamato,,3,,「あ～、早くテストの結果でないかな～」
146100 ,,,,,,,優哉,優哉,,yuu,,17,yamato,,3,,「個人的には恋鳥を腰巾着にしたいが……」
146200 ,,,,,,,悠,悠,02yuu509_012.wav,yuu,,0,yamato,,3,,「あの子は無理。
　温泉部で一番成績いいんじゃない？」
146300 ,,,,,,,悠,悠,02yuu509_013.wav,yuu,,0,yamato,,3,,「全体の順位で１ケタ常連だし」
146400 ,,,,,,,優哉,優哉,,yuu,,0,yamato,,3,,「うへぇ。既に違う生き物だな、恋鳥は……」
146500 ,,,,,,,大和,大和,08yam509_014.wav,yuu,,0,yamato,,4,,「違う生き物……待てよ。もしかしたら……」
146600 ,,,,,,,優哉,優哉,,yuu,,0,yamato,,4,,「なに、ひとりでボソボソ言ってんだ。浮遊霊」
146700 ,,,,,,,大和,大和,08yam509_015.wav,yuu,,0,yamato,,4,,「なあ、優哉。幽霊で他人に見えないってことは、
　何をやっても気付かれないってことだよな？」
146800 ,,,,,,,優哉,優哉,,yuu,,0,yamato,,4,,「まあ、そうだな」
146900 ,,,,,,,大和,大和,08yam509_016.wav,yuu,,0,yamato,,4,,「それじゃあ、女子更衣室とか、女子トイレとか、
　フリーパス状態で入れるってことか？」
147000 ,,,,,,,優哉,優哉,,yuu,,0,yamato,,4,,「そうとも言うな、変態」
147100 ,,,,,,,大和,大和,08yam509_017.wav,yuu,,0,yamato,,0,,「……いいかもしれないな、幽霊って」
147200 ,,,,,,,優哉,優哉,,yuu,,0,yamato,,0,,「んじゃ、試しに悠のパンツが何色か確認してこいよ」
147300 ,,,,,,,大和,大和,08yam509_018.wav,yuu,,0,yamato,,5,,「確認ってどうやって？」
147400 ,,,,,,,優哉,優哉,,yuu,,0,yamato,,5,,「相手から見えてないんだから、目の前で堂々と
　しゃがめばいいじゃねえか」
147500 ,,,,,,,大和,大和,08yam509_019.wav,yuu,,0,yamato,,1,,「そうか！　優哉、お前って天才」
147600 ,,,,,,,,,,yuu,,0,yamato,,1,,　あなたの人間の偏差値が低いだけです。
147700 ,,,,,,,大和,大和,08yam509_020.wav,yuu,,0,yamato,,0,,「すまない、翠川。俺の予想はヒョウ柄」
148000 ,,"<!se_punch><shake target=""sc"" time=""600,600"" x=""18,260,0"" y=""-80,300,0"">",,,,,,,,yuu,,0,yamato,,0,,　がんっ！
148100 ,,,,,,,悠,悠,02yuu509_014.wav,yuu,,53,yamato,,0,,「なぁにやってんのよっ、あんたはぁぁっ！」
148200 ,,,,,,,大和,大和,08yam509_021.wav,yuu,,53,yamato,,53,,「ふぁ、ふぁれ？　ろーして、ぉれが見え……」
148300 ,,,,,,,,,,yuu,,53,yamato,,53,,　半泣きの大和を、悠は躊躇わずにグーで殴っていた。
148400 ,,,,,,,優哉,優哉,,yuu,,53,yamato,,53,,「成仏してくれ、大和」
148500 ,,,,,,,悠,悠,02yuu509_015.wav,yuu,,5,yamato,,53,,「マジさいてー。あんたにスカートの中身を見せる
　ほど、私は安くないっつーの」
148600 ,,,,,,,愛歌,愛歌,01man509_008.wav,manaka,,5,yamato,,53,,「……大和くん、そういうことするの……よくないと
　思う」
148700 ,,,,,,,大和,大和,08yam509_022.wav,manaka,,5,yamato,,50,,「うわぁぁっ、見ないでくれっ。
　そんな目で俺を見ないでくれぇっ」
148800 ,,,,,,,優哉,優哉,,manaka,,5,yamato,,50,,「よかったな、みんなに気付いてもらえて！」
148900 ,,,,,,,,,,manaka,,5,yamato,,50,,　テストの疲れは、すっかり吹き飛んでいた。
149200 ,,<!timepass_day_long>,,9000,,,,,,,,,,,,,　数日後、各教科の授業でテストが返却され、
　いよいよ温泉部一のバカが決まる日がやってきた。
149400 ,,,,4400,,,悠,悠,02yuu509_016.wav,yuu,,3,,,,,「ううっ、うっうっ、うううっ……」
149500 ,,,,,,,,,,yuu,,3,,,,,　というより、決まっていた。
149600 ,,,,,,,優哉,優哉,,yuu,,3,,,,,「まあ、元気出せって悠。
　何も人生が終わったわけじゃねえんだから……」
149700 ,,,,,,,悠,悠,02yuu509_017.wav,yuu,,7,,,,,「終わりよっ。優哉の腰巾着になるぐらいなら、
　死んで地縛霊にでもなるわっ」
149800 ,,,,,,,優哉,優哉,,yuu,,7,,,,,「俺の知り合いで、霊になって酷い目に遭ったヤツを
　知ってるからやめた方がいいぞ」
149900 ,,,,,,,,,,yuu,,7,,,,,　大和はあれ以来、人と話さなくなった。
150000 ,,,,,,,悠,悠,02yuu509_018.wav,yuu,,5,,,,,「完全に愛歌に騙されたわ……しっかり平均点付近を
　キープしてるし……」
150100 ,,,,,,,愛歌,愛歌,01man509_009.wav,yuu,,5,manaka,,2,,「た、たまたまだよ。当てずっぽうに書いたところが
　当たってただけで……」
150200 ,,,,,,,悠,悠,02yuu509_019.wav,yuu,,5,manaka,,2,,「当てずっぽうと言えば、日本史の問題さー。
　江戸幕府の歴代の征夷大将軍を１５人書きなさいとか
　なんなの、あれー」
150400 ,,,,,,,,,,yuu,,5,manaka,,4,,　担当教師の話では、全問正解は学年に二人しかいな
　かったらしい。
150500 ,,,,,,,,,,yuu,,5,manaka,,4,,　すぐにそのうちのひとりが愛歌だと分かったが。
150600 ,,,,,,,優哉,優哉,,yuu,,5,manaka,,4,,「学問の神様は見てるんだよ。
　努力したヤツはそれだけ結果がでるんだ」
150700 ,,,,,,,悠,悠,02yuu509_020.wav,yuu,,3,manaka,,4,,「はあ……まさか優哉にまで負けるなんて」
150800 ,,,,,,,優哉,優哉,,yuu,,3,manaka,,4,,「俺は努力の人だからな」
150900 ,,,,,,,,,,yuu,,3,manaka,,4,,　苦情は受け付けません。
151100 ,,<!move_look>,,,4401,,悠,悠,02yuu509_021.wav,,,,,,,,「でも恋鳥って、努力の人には見えなくない？」
151200 ,,,,,4401,,愛歌,愛歌,01man509_010.wav,,,,,,,,「恋鳥ちゃんは、陰で努力をする人なんだよー」
151300 ,,,,,4401,,悠,悠,02yuu509_022.wav,,,,,,,,「そうは見えないけどねえ。あの恋鳥が……」
151400 ,,,,,4401,,優哉,優哉,,,,,,,,,「なんて言われてますが、どうなんですか？
　恋鳥姫」
151600 ,,,,,4402,,恋鳥,恋鳥,04kot509_001.wav,,,,,,,,「……優哉」
151700 ,,,,,4402,,優哉,優哉,,,,,,,,,「はい？」
151800 ,,,,,4402,,恋鳥,恋鳥,04kot509_002.wav,,,,,,,,「おまえ今、胸にいくはずの栄養が脳にいったんだ、
　と心の中で思ったな」
151900 ,,,,,4402,,優哉,優哉,,,,,,,,,「や、やだなあ。
　そんなこと考えるはずないじゃないですか……」
152000 ,,,,,4402,,,,,,,,,,,,　俺は恋鳥から視線を逸らす。
152100 ,,,,,4402,,悠,悠,02yuu509_023.wav,,,,,,,,「そっか！　私は脳にいくはずの栄養が
　胸にいっちゃったから！」
152200 ,,,,,4402,,優哉,優哉,,,,,,,,,「それ、自分からバカだって認めてないか？」
152300 ,,,,,4402,,,,,,,,,,,,　横を見ると、愛歌がしょんぼりと自分の胸元を
　見つめていた。
152400 ,,,,,4402,,恋鳥,恋鳥,04kot509_003.wav,,,,,,,,「胸の大きさと偏差値は無関係だぞ」
152500 ,,,,,4402,,,,,,,,,,,,　知ってます、そんなこと。
152700 ,,<!move_look_r>,,4400,,,優哉,優哉,,yuu,,90,,,,,「悠、赤点は何教科あったんだ？」
152800 ,,,,,,,悠,悠,02yuu509_024.wav,yuu,,1,,,,,「私は２教科。優哉と一緒▼」
152900 ,,,,,,,優哉,優哉,,yuu,,1,,,,,「俺は赤点ねえよ。勝手に仲間意識を持つな」
153000 ,,,,,,,悠,悠,02yuu509_025.wav,yuu,,0,,,,,「だって追試、ひとりだと寂しいじゃんさー。
　もう一回、私と一緒に歴代の征夷大将軍を解答欄に
　書いてみない？」
153100 ,,,,,,,優哉,優哉,,yuu,,0,,,,,「第１１代目将軍は、徳川カサイな。よく覚えとけ」
153200 ,,,,,,,悠,悠,02yuu509_026.wav,yuu,,17,,,,,「ほっほー。あんた、結構やるのね。
　下手に漢字で書いてまちがったらヤダから、
　平仮名で答えとくわ」
153300 ,,,,,,,,,,yuu,,17,,,,,　落第したら愛歌を恨めよ。
153400 ,,,,,,,恋鳥,恋鳥,04kot509_004.wav,yuu,,17,"kotori,uniform",,0,,「……悠は腰巾着」
153500 ,,,,,,,優哉,優哉,,yuu,,17,kotori,,0,,「お、そうだよ。祭りの日が楽しみだな、おい。
　ケツから血が出るまでコキ使ってやるからな」
153600 ,,,,,,,悠,悠,02yuu509_027.wav,yuu,,1,kotori,,0,,「やっぱ、お祭りはみんなで楽しまないとさ！」
153700 ,,,,,,,優哉,優哉,,yuu,,1,kotori,,0,,「祭りの間は俺をご主人様と呼ぶように」
153800 ,,,,,,,悠,悠,02yuu509_028.wav,yuu,,12,kotori,,0,,「……あんた、ご主人様って呼ばせるの好きよね」
153900 ,,,,,,,優哉,優哉,,yuu,,12,kotori,,0,,「基本だからな。男はみんな、生まれながらにそういう
　遺伝子を持ってるんだ」
154000 ,,,,,,,恋鳥,恋鳥,04kot509_005.wav,yuu,,12,kotori,,4,,「恋鳥なら死を選ぶぞ」
154100 ,,,,,,,優哉,優哉,,yuu,,12,kotori,,4,,「悠、恋鳥が死ねってさ」
154200 ,,,,,,,悠,悠,02yuu509_029.wav,yuu,,1,kotori,,4,,「じゃあ、分かった！　もし私が日本史の追試で
　満点をとったら、この話はなしにしてくんない？」
154300 ,,,,,,,優哉,優哉,,yuu,,1,kotori,,4,,「もしとれなかったら？」
154400 ,,,,,,,悠,悠,02yuu509_030.wav,yuu,,0,kotori,,4,,「そんときは、一生あんたの奴隷になってあげても
　いいわよん▼」
154500 ,,,,,,,優哉,優哉,,yuu,,0,kotori,,4,,「よし、それでいこう」
154600 ,,,,,,,愛歌,愛歌,01man509_011.wav,yuu,,0,manaka,,3,,「ゆ、悠……それはやめた方がいいような……」
154700 ,,,,,,,悠,悠,02yuu509_031.wav,yuu,,5,manaka,,3,,「あんでよ？　私だってそんなにバカじゃないからね」
154800 ,,,,,,,悠,悠,02yuu509_032.wav,yuu,,0,manaka,,3,,「江戸幕府第１１代将軍は、徳川カサイ。
　ほら、どうよ～？」
154900 ,,,,,,,,,,yuu,,0,manaka,,3,,　……がんばって、俺の奴隷として生きてくれ。一生。
155190 ,,<!Lend_day_change>,0,9000,,,,,,,,,,,,,
155199 ,,<!ec_manaka_uni>,,,,,,,,,,,,,,,
155200 ,@510,,,,,,,,,,,,,,,,
155500 ,,<!Lbegin_day_change>,2,5102,,,優哉,優哉,,,,,,,,,「おーい、早くしねえと待ち合わせに遅れるぜ～？」
155600 ,,,,,,,愛歌,愛歌,01man510_001.wav,,,,,,,,「うんっ。今いくねー」
155700 ,,,,,,,,,,,,,,,,,　いよいよ、祭りの日がやってきた。
155800 ,,,,,,,,,,,,,,,,,　ケーブルテレビの番組の反響で祭りは大盛況。
155900 ,,,,,,,,,,,,,,,,,　旅館すみさきも満室状態だと、親父が嬉しい悲鳴を
　上げていた。
156000 ,,,,,,,,,,,,,,,,,　星の河原祭りは、男が裸でワッショイしたり、
　ダンスコンテストと化した独創的なソーラン節を
　披露する場でもない。
156100 ,,,,,,,,,,,,,,,,,　そういう意味では非常にオーソドックスな祭りで、
　あくまで地元の狙いは温泉客の誘い寄せだ。
156200 ,,,,,,,,,,,,,,,,,　雄大な自然に囲まれながらゆっくり温泉に入り、
　旬の彩りも鮮やかな懐石料理に舌鼓を打つ。
156300 ,,,,,,,,,,,,,,,,,　これぞ星河原温泉郷が謳う、和の癒しである。
156400 ,,,,,,,,,,,,,,,,,　……と、親父がよく言っていた。
156500 ,,,,,,,,,,,,,,,,,　地元民の俺たちとしては、出店でワッショイする
　格好の場でしかなかったが。
156600 ,,,,,,,愛歌,愛歌,01man510_002.wav,"manaka,yukata",,90,,,,,「ごめんね、優哉ちゃん。遅くなっちゃって。
　みんなもう、待ってるかなー」
156700 ,,,,,,,優哉,優哉,,manaka,,90,,,,,「お前は準備が遅いんだって。
　もう少しキビキビ動けないのかよ」
156800 ,,,,,,,愛歌,愛歌,01man510_003.wav,manaka,,40,,,,,「あうぅぅ、これでも精一杯ですぅ……」
156900 ,,,,,,,,,,manaka,,40,,,,,　家から姿を現した愛歌は、情けない声を出して俺の
　そばに小走りしてくる。
157000 ,,,,,,,優哉,優哉,,manaka,,40,,,,,「な……なんだよ。
　今日は随分、気合い入ってるじゃねえか」
157100 ,,,,,,,愛歌,愛歌,01man510_004.wav,manaka,,3,,,,,「え、そっかな……この浴衣、変じゃない？」
157200 ,,,,,,,優哉,優哉,,manaka,,3,,,,,「かわいいな」
157300 ,,,,,,,愛歌,愛歌,01man510_005.wav,manaka,,15,,,,,「ええっ！？　急に真面目な顔でそんなこと……
　言われても……」
157400 ,,,,,,,優哉,優哉,,manaka,,15,,,,,「浴衣が」
157500 ,,,,,,,愛歌,愛歌,01man510_006.wav,manaka,,5,,,,,「……むー」
157600 ,,,,,,,,,,manaka,,5,,,,,　ペチリと俺の肩を叩き、背中を向ける愛歌。
157700 ,,,,,,,,,,manaka,,5,,,,,　正直、普段とは違う大人っぽさに戸惑っていた。
157800 ,,,,,,,,,,manaka,,5,,,,,　口を開けばいつもの愛歌だったが、その浴衣姿に
　思わず見惚れてしまう。
157900 ,,,,,,,優哉,優哉,,manaka,,5,,,,,「行こうぜ。待たせると悠がうるせえから」
158000 ,,,,,,,愛歌,愛歌,01man510_007.wav,manaka,,0,,,,,「うんっ。それと優哉ちゃん、あのねっ……」
158100 ,,,,,,,優哉,優哉,,manaka,,0,,,,,「告白、しっかりやれよ」
158200 ,,,,,,,愛歌,愛歌,01man510_008.wav,manaka,,3,,,,,「え……」
158300 ,,,,,,,優哉,優哉,,manaka,,3,,,,,「そのために今日は、おめかしがんばったんだろ？」
158400 ,,,,,,,愛歌,愛歌,01man510_009.wav,manaka,,5,,,,,「……うん」
158500 ,,,,,,,優哉,優哉,,manaka,,5,,,,,「悠たちと合流したら言えないだろうから、
　今のうちに言っとくわ」
158600 ,,,,,,,優哉,優哉,,manaka,,5,,,,,「綺麗だぜ、今日のお前。それは自信を持っていい」
158700 ,,,,,,,愛歌,愛歌,01man510_010.wav,manaka,,3,,,,,「優哉ちゃん……」
158800 ,,,,,,,優哉,優哉,,manaka,,3,,,,,「結構、恥ずかしいもんだな。
　幼なじみでも、こうやって面と向かって言うと」
158900 ,,,,,,,,,,manaka,,3,,,,,　今日は、愛歌が片想いしている男に告白をする日。
159000 ,,,,,,,,,,manaka,,3,,,,,　俺はその男の名前すらしらない。
159100 ,,,,,,,,,,manaka,,3,,,,,　愛歌にそれを尋ねる時間はいくらでもあったのに、
　自分から聞きたいとは思わなかった。
159200 ,,,,,,,,,,manaka,,3,,,,,　いや……聞けなかった。
159300 ,,,,,,,優哉,優哉,,manaka,,3,,,,,「今日は弱音を吐かないんだな。
　上手くできなかったらどうしよう、って」
159400 ,,,,,,,,,,manaka,,3,,,,,　愛歌は小さく頷き、先に前を歩いていく。
159500 ,,,,,,,愛歌,愛歌,01man510_011.wav,manaka,,4,,,,,「……もう昔の私じゃないから」
159600 ,,,,,,,優哉,優哉,,manaka,,4,,,,,「…………」
159700 ,,,,,,,,,,manaka,,4,,,,,　返す言葉が思いつかなかった。
159800 ,,,,,,,,,,manaka,,4,,,,,　真っ直ぐに伸びた愛歌の背中が、
　遠く暗闇の中に溶けていく。
159900 ,,,,,,,優哉,優哉,,manaka,,4,,,,,「そっか」
160000 ,,,,,,,,,,manaka,,4,,,,,　変われないのは俺だけだった。
160100 ,,,,,,,,,,manaka,,4,,,,,　二人三脚であいつを必要としていたのは……
　俺の方だった。
160400 ,,<!move_normal>,9,12212,,,優哉,優哉,,"yuu,yukata",,0,"kotori,yukata",,0,,「よぉよぉ、待たせたな。諸君」
160500 ,,,,,,,悠,悠,02yuu510_001.wav,yuu,,1,kotori,,0,,「あ、やっときたっ。遅いわよ、そこのふたり～っ！」
160600 ,,,,,,,愛歌,愛歌,01man510_012.wav,yuu,,1,manaka,,42,,「ごめんなさい。遅くなっちゃって……」
160700 ,,,,,,,悠,悠,02yuu510_002.wav,yuu,,17,manaka,,42,,「どうせ優哉が、機動戦士とかいうののプラモデルでも
　作ってたんでしょ？」
160800 ,,,,,,,優哉,優哉,,yuu,,17,manaka,,42,,「腰巾着は黙ってろ」
160900 ,,,,,,,悠,悠,02yuu510_003.wav,yuu,,6,manaka,,42,,「それは許してってばぁ。ほら、かわいい浴衣姿まで
　披露しちゃってるんだから▼」
161000 ,,,,,,,優哉,優哉,,yuu,,6,manaka,,42,,「浴衣でご主人様はナンセンスだから、旦那さまで
　手を打とう」
161100 ,,,,,,,悠,悠,02yuu510_004.wav,yuu,,12,manaka,,42,,「……もう、いっそのこと死なせて」
161200 ,,,,,,,,,,yuu,,12,manaka,,42,,　悠は案の定、日本史の追試で９８点だった。
161300 ,,,,,,,,,,yuu,,12,manaka,,42,,　徳川カサイの好セーブによって。
161400 ,,,,,,,優哉,優哉,,yuu,,12,manaka,,42,,「約束通り、お前は一生俺の奴隷だからな。
　今日はずっと俺のそばにお仕えしろ」
161500 ,,,,,,,悠,悠,02yuu510_005.wav,yuu,,53,manaka,,42,,「何が悲しくて、あんたと一緒に祭りを回らなきゃ
　いけないのよー」
161600 ,,,,,,,優哉,優哉,,yuu,,53,manaka,,42,,「いいじゃねえか。
　どうせ一緒に回る男もいねえんだろ？」
161700 ,,,,,,,恋鳥,恋鳥,04kot510_001.wav,yuu,,53,kotori,,90,,「……悠、嬉しそうだな」
161800 ,,,,,,,悠,悠,02yuu510_006.wav,yuu,,7,kotori,,90,,「だ、誰がっ！　全然、嬉しくないからっ」
161900 ,,,,,,,優哉,優哉,,yuu,,7,kotori,,90,,「ははっ。この際、付き合っちまうか。俺たち」
162000 ,,,,,,,悠,悠,02yuu510_007.wav,yuu,,53,kotori,,90,,「あんた、なに言っ……」
162100 ,,,,,,,愛歌,愛歌,01man510_013.wav,yuu,,53,manaka,,5,,「っ……」
162200 ,,,,,,,悠,悠,02yuu510_008.wav,yuu,,2,manaka,,5,,「あ……愛歌、ちょっと！？」
162300 ,,,,,,,,,,yuu,,2,,,,,　会話には入らず、愛歌は突然ひとりで駆けだしてい
　た。
162400 ,,,,,,,,,,yuu,,2,,,,,　俺はそれを他人事のように眺めていた。
162500 ,,,,,,,,,,yuu,,2,,,,,　最初から愛歌と行動を共にする気はない。
162600 ,,,,,,,,,,yuu,,2,,,,,　今日は、≪そういう≫日なんだから。
162700 ,,,,,,,悠,悠,02yuu510_009.wav,yuu,,5,,,,,「優哉、愛歌を追わないとっ……」
162800 ,,,,,,,優哉,優哉,,yuu,,5,,,,,「放っておけよ。あいつ、今日はこれから色々と
　大変なんだから……」
162900 ,,,,,,,悠,悠,02yuu510_010.wav,yuu,,4,,,,,「そうなの？　うちらとは別行動すんのかな」
163000 ,,,,,,,優哉,優哉,,yuu,,4,,,,,「だと思うぜ。事情はあとから本人に聞いてくれ」
163100 ,,,,,,,悠,悠,02yuu510_011.wav,yuu,,5,,,,,「ふーん。そういうことならしょうがないか……」
163200 ,,,,,,,優哉,優哉,,yuu,,5,,,,,「俺たちも早くいこうぜ。
　こっちはこっちで楽しまにゃ」
163300 ,,,,,,,悠,悠,02yuu510_012.wav,yuu,,3,,,,,「う、うん。でも誰かを忘れてるような気が……」
163500 ,,<!move_normal>,,12102,,,優哉,優哉,,yuu,,3,,,,,「そういや、つむぎはどうしたんだ？」
163600 ,,,,,,,悠,悠,02yuu510_013.wav,yuu,,0,,,,,「あー、つむぎさんは手伝いがあるからって、先に
　現地へ向かったみたいよ」
163700 ,,,,,,,優哉,優哉,,yuu,,0,,,,,「そっか……でもあれ？
　誰か足りないような気がするんだよな」
163800 ,,,,,,,恋鳥,恋鳥,04kot510_002.wav,yuu,,0,kotori,,0,,「……恋鳥はいるぞ」
163900 ,,,,,,,優哉,優哉,,yuu,,0,kotori,,0,,「だよな。愛歌もいたし、悠は俺の腰巾着だし……」
164000 ,,,,,,,悠,悠,02yuu510_014.wav,yuu,,90,kotori,,0,,「ねえ、旦那さまぁ……▼」
164100 ,,,,,,,優哉,優哉,,yuu,,90,kotori,,0,,「やだ」
164200 ,,,,,,,悠,悠,02yuu510_015.wav,yuu,,53,kotori,,0,,「まだ、なにも言ってないでしょーがっ。
　人の話は最後まで聞きなさいよねっ」
164300 ,,,,,,,優哉,優哉,,yuu,,53,kotori,,0,,「お前が自分から腕を組んで甘ったるい声を出して
　くるなんて、下心があるに決まってんだろ」
164400 ,,,,,,,悠,悠,02yuu510_016.wav,yuu,,5,kotori,,0,,「それを言ったら、恋鳥だって手を繋いでるじゃん！」
164500 ,,,,,,,恋鳥,恋鳥,04kot510_003.wav,yuu,,5,kotori,,90,,「……深い意味はないぞ」
164600 ,,,,,,,優哉,優哉,,yuu,,5,kotori,,90,,「だ、そうだが？」
164700 ,,,,,,,悠,悠,02yuu510_017.wav,yuu,,6,kotori,,90,,「私だって深い意味はないですぅ！」
164800 ,,,,,,,優哉,優哉,,yuu,,6,kotori,,90,,「なら、なんだよ。つーか、胸を圧しつけてくんな」
164900 ,,,,,,,悠,悠,02yuu510_018.wav,yuu,,0,kotori,,90,,「やーらかくて気持ちいいかぁ？　ほれほれ～」
165000 ,,,,,,,優哉,優哉,,yuu,,0,kotori,,90,,「だから何がしたいんだよ、お前はっ」
165100 ,,,,,,,悠,悠,02yuu510_019.wav,yuu,,5,kotori,,90,,「……あんたの元気がないからでしょ。
　迷惑なのよねー。せっかくのお祭りなのに
　辛気くさくって」
165200 ,,,,,,,優哉,優哉,,yuu,,5,kotori,,90,,「なっ……」
165300 ,,,,,,,恋鳥,恋鳥,04kot510_004.wav,yuu,,5,kotori,,91,,「……迷惑だぞ」
165400 ,,,,,,,優哉,優哉,,yuu,,5,kotori,,91,,「恋鳥……」
165500 ,,,,,,,,,,yuu,,5,kotori,,91,,　元気がないなんてことはなかった。
165600 ,,,,,,,,,,yuu,,5,kotori,,91,,　むしろ、無意味に声を張り上げて喋っていたぐらい
　だった。
165700 ,,,,,,,,,,yuu,,5,kotori,,91,,　それが逆に、二人には不自然に映っていたらしい。
165800 ,,,,,,,悠,悠,02yuu510_020.wav,yuu,,4,kotori,,4,,「どうかしたの？　愛歌とケンカしたとか……」
165900 ,,,,,,,優哉,優哉,,yuu,,4,kotori,,4,,「……別になんでもねえよ。
　いつもこんな感じだろ、俺は……」
166000 ,,,,,,,,,,yuu,,4,kotori,,4,,　足下すらおぼつかない夜道を歩いていると、
　愛歌のことが心配になった。
166100 ,,,,,,,,,,yuu,,4,kotori,,4,,　やっぱりあのとき、あいつを追うべきだったのかも
　しれない。
166200 ,,,,,,,,,,yuu,,4,kotori,,4,,　毎年、祭りの日には通る道。
166300 ,,,,,,,,,,yuu,,4,kotori,,4,,　隣に愛歌の姿がない……これから増えていくであろう
　そんな時間が、不思議でしょうがなかった……。
166500 ,,<!move_normal>,,9312,,,悠,悠,02yuu510_021.wav,yuu,,2,,,,,「うっわー、混んでるね～。
　これってやっぱ、例の番組の効果？」
166600 ,,,,,,,優哉,優哉,,yuu,,2,,,,,「そうだろうな、きっと。つーか、はぐれんなよ？」
166700 ,,,,,,,悠,悠,02yuu510_022.wav,yuu,,12,,,,,「……既に恋鳥がいないけど」
166800 ,,,,,,,優哉,優哉,,yuu,,12,,,,,「なぬっ！？　あいつ小さいから、人混みの中で
　見つけるの困難だぞっ」
166900 ,,,,,,,悠,悠,02yuu510_023.wav,yuu,,0,,,,,「ま、だいじょぶっしょ。
　恋鳥のことだから、チョコバナナとか買いにいって
　そうじゃない？」
167000 ,,,,,,,優哉,優哉,,yuu,,0,,,,,「だといいがな。ほれ、お前も離れんなよ」
167100 ,,,,,,,悠,悠,02yuu510_024.wav,yuu,,2,,,,,「あっ……」
167200 ,,,,,,,,,,yuu,,2,,,,,　俺は悠の手を引いて、参道に並ぶ出店を回ってみる
　ことにした。
167300 ,,,,,,,,,,yuu,,2,,,,,　しかし、色んな種類の出店があるもんだな……。
167400 ,,,,,,,悠,悠,02yuu510_025.wav,yuu,,90,,,,,「ねえ、優哉。私、イカ焼き食べたーい」
167500 ,,,,,,,優哉,優哉,,yuu,,90,,,,,「お、いいな。早く買ってこいよ。
　俺の分もよろしくな」
167600 ,,,,,,,悠,悠,02yuu510_026.wav,yuu,,2,,,,,「あんた、浴衣を着た女の子にそんなことさせんの？
　この人混みの中……」
167700 ,,,,,,,優哉,優哉,,yuu,,2,,,,,「よく喋る腰巾着だな。
　言ってみろ。俺はお前のなんだ？」
167800 ,,,,,,,悠,悠,02yuu510_027.wav,yuu,,5,,,,,「……旦那さま」
167900 ,,,,,,,優哉,優哉,,yuu,,5,,,,,「お前は媚びる場所をまちがってんだよ。
　ここで『ねえ、旦那さまぁ▼』だろ」
168000 ,,,,,,,,,,yuu,,5,,,,,　仕方なく、出店に並んで二人分のイカ焼きを
　買うことにする。
168100 ,,,,,,,優哉,優哉,,yuu,,5,,,,,「すいません、イカ焼きを２本」
168200 ,,,,,,,店主,店主,,yuu,,5,,,,,「あいよっ。イカ焼き２本ね。
　お、かわいいカノジョ連れてるねー」
168300 ,,,,,,,優哉,優哉,,yuu,,5,,,,,「いや、こいつはカノジョなんかじゃ……」
168400 ,,,,,,,悠,悠,02yuu510_028.wav,yuu,,1,,,,,「ねえ、旦那さまぁ～～～♪」
168500 ,,,,,,,優哉,優哉,,yuu,,1,,,,,「ちょっ、お前っ……」
168600 ,,,,,,,,,,yuu,,1,,,,,　悠はこれ見よがしに腕を組んで甘えてくる。
168700 ,,,,,,,,,,yuu,,1,,,,,　するとなぜか店主の表情が険しくなり、
168800 ,,,,,,,店主,店主,,yuu,,1,,,,,「……帰ってくんな。
　あんたに売るイカ焼きはねえ」
168900 ,,,,,,,優哉,優哉,,yuu,,1,,,,,「はあっ！？　意味分かんないですって！」
169000 ,,,,,,,店主,店主,,yuu,,1,,,,,「旦那さまはいけねえよ、坊主。
　若いうちから、そんな調教を施しちゃいけねえ……」
169100 ,,,,,,,優哉,優哉,,yuu,,1,,,,,「いいからイカ焼き売れよ！」
169200 ,,,,,,,店主,店主,,yuu,,1,,,,,「カノジョでもねえ女に旦那さまと呼ばせるお前に、
　食わせるイカ焼きはねぇっ」
169300 ,,,,,,,店主,店主,,yuu,,1,,,,,「あとがつかえてるから帰ってくんな！」
169400 ,,,,,,,,,,yuu,,1,,,,,　……ありえねえ。
169500 ,,,,,,,,,,yuu,,1,,,,,　こんな理不尽なことが許されていいのか……。
169600 ,,,,,,,悠,悠,02yuu510_029.wav,yuu,,0,,,,,「ねえ、聞いた聞いた？
　私、かわいいカノジョだってさ♪」
169700 ,,,,,,,優哉,優哉,,yuu,,0,,,,,「だからお前は媚びる場所を考えろって。
　イカ焼き、売ってもらえなかっただろうが」
169800 ,,,,,,,悠,悠,02yuu510_030.wav,yuu,,1,,,,,「お兄ちゃんっ、お兄ちゃんっ。
　イカ焼き２本ちょーだいっ」
169900 ,,,,,,,店主,店主,,yuu,,1,,,,,「くぅぅ～っ！　こんなオレっちをお兄ちゃんと
　呼んでくれるその心意気が気に入った！」
170000 ,,,,,,,店主,店主,,yuu,,1,,,,,「お嬢ちゃんには１本サービスだ！」
170100 ,,,,,,,,,,yuu,,1,,,,,　悠、上手いな……こいつ、男のツボをよく分かって
　やがる。
170200 ,,,,,,,,,,yuu,,1,,,,,　周りの客の視線がかなり痛いが。
170300 ,,,,,,,悠,悠,02yuu510_031.wav,yuu,,17,,,,,「にしし、１本サービスしてもらっちった」
170400 ,,,,,,,優哉,優哉,,yuu,,17,,,,,「よくやった。早く１本よこせ」
170500 ,,,,,,,悠,悠,02yuu510_032.wav,yuu,,0,,,,,「いいけど、条件があるわよ」
170600 ,,,,,,,優哉,優哉,,yuu,,0,,,,,「んだよ、条件って。腰巾着の分際で……」
170700 ,,,,,,,悠,悠,02yuu510_033.wav,yuu,,90,,,,,「私のこと、かわいいって言ってくれたら１本あげる。
　心をこめてよ？」
170800 ,,,,,,,優哉,優哉,,yuu,,90,,,,,「誰がそんなこと言……」
170900 ,,,,,,,,,,yuu,,90,,,,,　言い返す途中、ものすごい目でイカ焼き店主に
　睨まれた。
171000 ,,,,,,,,,,yuu,,90,,,,,　あれ、人を殺してる目だろ。絶対……。
171100 ,,,,,,,優哉,優哉,,yuu,,90,,,,,「……かわいいよ、悠。
　今日のお前は誰よりも輝いてる」
171200 ,,,,,,,,,,yuu,,90,,,,,　人生最大の屈辱だった！
171300 ,,,,,,,悠,悠,02yuu510_034.wav,yuu,,0,,,,,「ほっ、よかったー。実は不安だったんよね。
　浴衣なんて着ること、ほとんどなかったし……」
171400 ,,,,,,,,,,yuu,,0,,,,,　投げやりに言った言葉でも、悠は本当に嬉しそうな
　笑顔を見せる。
171500 ,,,,,,,,,,yuu,,0,,,,,　その無邪気さに、ほんの少し胸が痛んだ。
171600 ,,,,,,,悠,悠,02yuu510_035.wav,yuu,,90,,,,,「はい、これ。
　あんがとね。心にもないことを言ってくれて……」
171700 ,,,,,,,優哉,優哉,,yuu,,90,,,,,「……すまん。心にもないってわけじゃないんだが」
171800 ,,,,,,,悠,悠,02yuu510_036.wav,yuu,,4,,,,,「んん？」
171900 ,,,,,,,優哉,優哉,,yuu,,4,,,,,「さっき、違う女に『かわいい』って言っちまってさ。
　本気のかわいいは売却済みなんだ」
172000 ,,,,,,,優哉,優哉,,yuu,,4,,,,,「だから女に、手当たり次第かわいいって言うのは
　抵抗があるっていうか……」
172100 ,,,,,,,悠,悠,02yuu510_037.wav,yuu,,2,,,,,「意外とあんたって硬派なのね～。
　今時の男なんて、かわいいの大安売りよ？」
172200 ,,,,,,,優哉,優哉,,yuu,,2,,,,,「……悪かったな。古くさい男で」
172300 ,,,,,,,悠,悠,02yuu510_038.wav,yuu,,0,,,,,「ま、いいんじゃない？
　私はそういう不器用な男、好きだよ」
172400 ,,,,,,,,,,yuu,,0,,,,,　ケラケラと笑い、悠はイカ焼きを２本手渡してくる。
172500 ,,,,,,,優哉,優哉,,yuu,,0,,,,,「おい、２本もいらねーよ。
　お前がサービスしてもらったんだろ？」
172600 ,,,,,,,悠,悠,02yuu510_039.wav,yuu,,1,,,,,「愛歌にでもあげれば？　それは私からのサービス♪」
172700 ,,,,,,,優哉,優哉,,yuu,,1,,,,,「……愛歌は食わねえよ、きっと」
172800 ,,,,,,,,,,yuu,,1,,,,,　今頃あいつは、他の男に告白しているんだろうか。
172900 ,,,,,,,,,,yuu,,1,,,,,　その男と一緒に、この祭りを楽しむんだろうか……。
173000 ,,,,,,,,,,yuu,,1,,,,,　…………。
173100 ,,,,,,,悠,悠,02yuu510_040.wav,yuu,,0,,,,,「あっ、つむぎさんいたー！　優哉こっちこっち」
173200 ,,,,,,,,,,yuu,,0,,,,,　腕を引かれた先は、ヨーヨー釣りの出店だった。
173300 ,,,,,,,,,,yuu,,0,,,,,　水風船をこよりの先についたフックで吊り上げる、
　これまた祭りの出店では定番な出し物だ。
173400 ,,,,,,,,,,yuu,,0,,,,,　つむぎはそこで、店番の手伝いをしていた。
173500 ,,,,,,,優哉,優哉,,yuu,,0,"tumugi,yukata",,0,,「つむぎ、こんなところで手伝ってたのかよ」
173600 ,,,,,,,つむぎ,つむぎ,05tum510_001.wav,yuu,,0,tumugi,,5,,「あ、はいっ。店主の方がお客様とトラブルを
　起こしてしまって……」
173700 ,,,,,,,優哉,優哉,,yuu,,0,tumugi,,5,,「トラブル？」
173800 ,,,,,,,つむぎ,つむぎ,05tum510_002.wav,yuu,,0,tumugi,,3,,「そうなんです。突然、お前に釣らせるヨーヨーは
　ねえっ！　と＜怒＝おこ＞り始めてしまって……」
173900 ,,,,,,,,,,yuu,,0,tumugi,,3,,　……ここの出店の店主は、そんなんばっかりかよ。
174000 ,,,,,,,,,,yuu,,0,tumugi,,3,,　しかし、店番を交代したのはよかったかもしれない
　な。
174100 ,,,,,,,,,,yuu,,0,tumugi,,3,,　つむぎみたいなのが店番してたら、この浴衣姿に
　釣られてヨーヨーを釣りにくる男も多そうだ。
174200 ,,,,,,,悠,悠,02yuu510_041.wav,yuu,,90,tumugi,,3,,「優哉、ヨーヨー釣りやってみない？
　１回１００円で安いしっ」
174300 ,,,,,,,優哉,優哉,,yuu,,90,tumugi,,3,,「いいぜ。どっちが多くとれるか競争な」
174400 ,,,,,,,悠,悠,02yuu510_042.wav,yuu,,17,tumugi,,3,,「ぜってー負けないし。
　つむぎさん、１回分よろしく～」
174500 ,,,,,,,優哉,優哉,,yuu,,17,tumugi,,3,,「俺も頼むぜ。ほれ、１００円っ」
174600 ,,,,,,,つむぎ,つむぎ,05tum510_003.wav,yuu,,17,tumugi,,1,,「はいっ、ありがとうございますっ」
174700 ,,,,,,,,,,yuu,,17,tumugi,,1,,　硬貨と引き替えに渡された、カーテンフックの
　釣り針を構え、俺たちの闘いが始まる。
174800 ,,,,,,,悠,悠,02yuu510_043.wav,yuu,,0,tumugi,,1,,「一番、でっかいの狙うわ。私……」
174900 ,,,,,,,優哉,優哉,,yuu,,0,tumugi,,1,,「勝手にしろ。俺はマジで勝ちにいくからな」
175000 ,,,,,,,,,,yuu,,0,tumugi,,1,,　四角い水槽に浮かぶ色とりどりの水風船。
175100 ,,,,,,,,,,yuu,,0,tumugi,,1,,　愛歌だったら、ただ見ているだけでも喜びそうだな。
175200 ,,,,,,,,,,yuu,,0,tumugi,,1,,　あいつ、こういうの好きだし……。
175300 ,,,,,,,,,,yuu,,0,tumugi,,1,,　…………。
175400 ,,,,,,,,,,yuu,,0,tumugi,,1,,　……くそ、なんであいつのことばっかり考えてるん
　だ。俺は……。
175500 ,,,,,,,悠,悠,02yuu510_044.wav,yuu,,2,tumugi,,1,,「き、きた。大物、きた！　釣れちゃう！
　おっきぃのぉっ、おっきいの好きぃーーー！」
175600 ,,,,,,,優哉,優哉,,yuu,,2,tumugi,,1,,「フッ！」
175800 ,,,,,,,,,,yuu,,2,tumugi,,1,,　ポチャン。
175900 ,,,,,,,悠,悠,02yuu510_045.wav,yuu,,53,tumugi,,0,,「ぎゃー！？　なにすんのよ、あんたはぁぁっ！！」
176000 ,,,,,,,,,,yuu,,53,tumugi,,0,,　釣り上げられそうだった水風船に息を吹きかけると、
　こよりが切れて見事に水中へ落下していった。
176100 ,,,,,,,優哉,優哉,,yuu,,53,tumugi,,0,,「おっきければいいってもんじゃねえだろ！」
176200 ,,,,,,,,,,yuu,,53,tumugi,,0,,　俺も無駄に必死だった。
176300 ,,,,,,,悠,悠,02yuu510_046.wav,yuu,,5,tumugi,,0,,「あ～ん。１個も釣れないなんてサイアクぅ～」
176400 ,,,,,,,つむぎ,つむぎ,05tum510_004.wav,yuu,,5,tumugi,,12,,「あの……これ、どうぞ」
176500 ,,,,,,,悠,悠,02yuu510_047.wav,yuu,,1,tumugi,,12,,「えっ、くれんの？」
176600 ,,,,,,,,,,yuu,,1,tumugi,,12,,　つむぎは通常サイズの水風船を水槽からひとつ取り、
　それを悠に持たせる。
176700 ,,,,,,,,,,yuu,,1,tumugi,,12,,　金魚すくいでもよくある救済措置だな。
176800 ,,,,,,,,,,yuu,,1,tumugi,,12,,　一匹も釣れなかった人のための。
176900 ,,,,,,,優哉,優哉,,yuu,,1,tumugi,,12,,「んじゃ、俺は適当なのを釣って勝利宣言させてもらい
　ますかね」
177000 ,,,,,,,悠,悠,02yuu510_048.wav,yuu,,0,tumugi,,12,,「あんた、ほんとちっさい男よね。
　男ならおおきいので勝負っしょ！」
177100 ,,,,,,,優哉,優哉,,yuu,,0,tumugi,,12,,「バカ、あんなデカいの無理に決まってんだろ。
　あれはトラップだよ、トラップ」
177200 ,,,,,,,優哉,優哉,,yuu,,0,tumugi,,12,,「ああいうデカいのをまぜといて、ムキになった客から
　金を吸い取る仕組みになってるんだ」
177300 ,,,,,,,,,,yuu,,0,tumugi,,12,,　ということで、目標は小さめの水風船に決定する。
177400 ,,,,,,,,,,yuu,,0,tumugi,,12,,　こういうので性格が出るな。
177500 ,,,,,,,,,,yuu,,0,tumugi,,12,,　俺は堅実な人生を歩めればそれでいいんだ、うん。
177600 ,,,,,,,悠,悠,02yuu510_049.wav,yuu,,5,tumugi,,12,,「……あんたって、それでいいわけ？」
177700 ,,,,,,,優哉,優哉,,yuu,,5,tumugi,,12,,「なにが？」
177800 ,,,,,,,悠,悠,02yuu510_050.wav,yuu,,5,tumugi,,12,,「自分で釣れないと思ったら、
　そこであっさり諦めちゃうんだ？」
177900 ,,,,,,,優哉,優哉,,yuu,,5,tumugi,,12,,「…………」
178000 ,,,,,,,悠,悠,02yuu510_051.wav,yuu,,4,tumugi,,12,,「私はそんな人生、絶対にイヤ。
　勝ち目がある勝負しかしないなんて、
　激しくつまらないっしょ」
178100 ,,,,,,,悠,悠,02yuu510_052.wav,yuu,,4,tumugi,,12,,「男だったら、自分から踏みこまなきゃいけないこと
　ってあるんじゃないの？」
178200 ,,,,,,,優哉,優哉,,yuu,,4,tumugi,,12,,「……うるせーな。たかがヨーヨー釣りで、そこまで
　言われたかねーよ」
178300 ,,,,,,,,,,yuu,,4,tumugi,,12,,　ぼやきつつ、目標を一番デカい水風船に変更する。
178400 ,,,,,,,,,,yuu,,4,tumugi,,12,,　そのぐらい分かってんだよ。男だったら自分で……。
178790 ,,<!scene_past_begin>,8,9000,,,,,,,,,,,,,
178800 ,,,,5100,,#mono,優哉,優哉,,"akika,private",,4,,,,,「俺、＜愛歌＝あいつ＞には幸せになってほしいんです。
　本人には言えないですけど、それだけの女だと
　思ってますから……」
178900 ,,,,,,#mono,秋香,秋香,11aki510_001.wav,akika,,3,,,,,「……優哉くんが」
179000 ,,,,,,#mono,優哉,優哉,,akika,,3,,,,,「え？」
179100 ,,,,,,#mono,秋香,秋香,11aki510_002.wav,akika,,5,,,,,「優哉くんが……愛歌を幸せにしてくれる未来はない
　のかしらね……」
179190 ,,,0,9000,,,,,,,,,,,,,
179400 ,,<!scene_past_end>,9,9312,,,悠,悠,02yuu510_053.wav,yuu,,1,tumugi,,0,,「お、でっかいのいくんだ？
　そうこなくっちゃねー」
179500 ,,,,,,,優哉,優哉,,yuu,,1,tumugi,,0,,「もしこれ釣ったら、俺ちょっと用事を済ませてくる
　わ」
179600 ,,,,,,,悠,悠,02yuu510_054.wav,yuu,,0,tumugi,,0,,「ん……それはいいけど、用事ってなに？」
179700 ,,,,,,,優哉,優哉,,yuu,,0,tumugi,,0,,「勝ち目のない勝負」
179800 ,,,,,,,,,,yuu,,0,tumugi,,0,,　慎重に針を通し、釣り上げる前に大きく息を吐く。
179900 ,,,,,,,優哉,優哉,,yuu,,0,tumugi,,0,,「いくぜ」
180000 ,,,,,,,悠,悠,02yuu510_055.wav,yuu,,17,tumugi,,0,,「うん、いいよ。イッて……そのままおっきいので
　イッて！」
180100 ,,,,,,,,,,yuu,,17,tumugi,,0,,　……こいつはいちいち、言うことがエロい。
180200 ,,,,,,,優哉,優哉,,yuu,,17,tumugi,,0,,「お、お、おおっ……」
180300 ,,,,,,,,,,yuu,,17,tumugi,,0,,　指先に神経を集中して引き上げると、
　巨大な水風船が縦にぐにょ～っと伸びた。
180400 ,,,,,,,,,,yuu,,17,tumugi,,0,,　こよりにはまだ余裕がある。これならっ！
180500 ,,,,,,,つむぎ,つむぎ,05tum510_005.wav,yuu,,17,tumugi,,90,,「がんばってください、優哉さんっ」
180600 ,,,,,,,優哉,優哉,,yuu,,17,tumugi,,90,,「ああ、任せろ」
180700 ,,,,,,,優哉,優哉,,yuu,,17,tumugi,,90,,「よし、きたきた！
　釣れちゃう！　おっきいの釣れちゃいますー！」
180800 ,,,,,,,悠,悠,02yuu510_056.wav,yuu,,4,tumugi,,90,,「フッ！」
181000 ,,,,,,,,,,yuu,,4,tumugi,,90,,　ポチャン。
181100 ,,,,,,,優哉,優哉,,yuu,,4,tumugi,,90,,「ぐあぁぁぁっ！？
　お前、ちょっ……なにやらかしてんだよ！！」
181200 ,,,,,,,,,,yuu,,4,tumugi,,90,,　先ほどの復讐とばかりに釣れかけた水風船へ
　息を吹きかける悠。
181300 ,,,,,,,,,,yuu,,4,tumugi,,90,,　巨大な獲物は釣り針ごと水中に沈み、俺の手には
　千切れたこよりのみが残された。
181400 ,,,,,,,悠,悠,02yuu510_057.wav,yuu,,17,tumugi,,90,,「あはは、ざ～んねん♪
　勝ち目のない勝負とやらは、また今度やね～」
181500 ,,,,,,,,,,yuu,,17,tumugi,,90,,　殺してえ。マジで殺してえ……。
181600 ,,,,,,,つむぎ,つむぎ,05tum510_006.wav,yuu,,17,tumugi,,12,,「あの……優哉さんもこれ、どうぞ」
181700 ,,,,,,,,,,yuu,,17,tumugi,,12,,　そんなわけで、俺の手にも残念賞の水風船が。
181800 ,,,,,,,,,,yuu,,17,tumugi,,12,,　……俺には所詮、大物より残念賞がお似合いって
　ことか。
181900 ,,,,,,,優哉,優哉,,yuu,,17,tumugi,,12,,「はあ……サンキューな、つむぎ」
182000 ,,,,,,,つむぎ,つむぎ,05tum510_007.wav,yuu,,17,tumugi,,0,,「いえ……こちらこそ、ありがとうございました」
182100 ,,,,,,,悠,悠,02yuu510_058.wav,yuu,,0,tumugi,,0,,「つむぎさんも店番がんばってね。
　終わったら私たちと一緒にお祭り回ろ？」
182200 ,,,,,,,つむぎ,つむぎ,05tum510_008.wav,yuu,,0,tumugi,,1,,「はいっ。悠さんもお祭り、楽しんでくださいね」
182300 ,,,,,,,,,,yuu,,0,tumugi,,1,,　俺はやりきれない思いを残したまま、
　ヨーヨー釣りの出店をあとにした。
182400 ,,,,,,,悠,悠,02yuu510_059.wav,yuu,,1,,,,,「はー、ヨーヨー釣り楽しかったぁ」
182500 ,,,,,,,優哉,優哉,,yuu,,1,,,,,「そっすね」
182600 ,,,,,,,悠,悠,02yuu510_060.wav,yuu,,0,,,,,「てかあんた、イカ焼き食べないの？」
182700 ,,,,,,,優哉,優哉,,yuu,,0,,,,,「さすがにサービスされた分まではなあ。
　もう少し経ってから食うわ」
182800 ,,,,,,,悠,悠,02yuu510_061.wav,yuu,,90,,,,,「私が、あ～ん▼　って食べさせてあげよっか？」
182900 ,,,,,,,優哉,優哉,,yuu,,90,,,,,「んなこと言って、直前で自分の口に持っていくつもり
　なんだろ？」
183000 ,,,,,,,悠,悠,02yuu510_062.wav,yuu,,12,,,,,「にしし、バレたか」
183100 ,,,,,,,,,,yuu,,12,,,,,　そんな話をしながら歩いていると、近くに輪投げの
　出店があるのを見つけた。
183200 ,,,,,,,,,,yuu,,12,,,,,　しかもそこには、見覚えのある後ろ姿が。
183300 ,,,,,,,優哉,優哉,,yuu,,12,,,,,「あそこにいるの、恋鳥じゃねえか？」
183400 ,,,,,,,悠,悠,02yuu510_063.wav,yuu,,0,,,,,「あ、ほんとだ。輪投げやってんのかな？」
183500 ,,,,,,,,,,yuu,,0,kotori,,0,,　そばに近寄ってみると、青ざめた店員の顔と、
　抱えきれないほどのぬいぐるみをゲットした
　恋鳥の姿が。
183600 ,,,,,,,優哉,優哉,,yuu,,0,kotori,,0,,「……なんか既に閉店ガラガラの状態だな」
183700 ,,,,,,,悠,悠,02yuu510_064.wav,yuu,,2,kotori,,0,,「恋鳥、あんたこのぬいぐるみ、全部ここの輪投げで
　とったの？」
183800 ,,,,,,,恋鳥,恋鳥,04kot510_005.wav,yuu,,2,kotori,,5,,「……今日は不調」
183900 ,,,,,,,優哉,優哉,,yuu,,2,kotori,,5,,「とてもそうは見えないが……」
184000 ,,,,,,,恋鳥,恋鳥,04kot510_006.wav,yuu,,2,kotori,,7,,「１５回投げて、１４回しか成功してないぞ」
184100 ,,,,,,,,,,yuu,,2,kotori,,7,,　怖い子！
184200 ,,,,,,,悠,悠,02yuu510_065.wav,yuu,,12,kotori,,7,,「店番のお兄さん、さっきからずっと涙目よ」
184300 ,,,,,,,優哉,優哉,,yuu,,12,kotori,,7,,「残ってるのはブタのぬいぐるみか……よし、
　俺が引導を渡してやろう」
184400 ,,,,,,,,,,yuu,,12,kotori,,7,,　輪投げは１回２００円。
　それで３回、投げられるらしい。
184500 ,,,,,,,優哉,優哉,,yuu,,12,kotori,,7,,「輪投げやりたいんですけど、いいですよね？」
184600 ,,,,,,,,,,yuu,,12,kotori,,7,,　金を差し出すと、店番の兄さんは無言で輪っかを
　放ってくる。
184700 ,,,,,,,,,,yuu,,12,kotori,,7,,　気持ちは分かるが、もう少し愛想よくしろよ……。
184800 ,,,,,,,悠,悠,02yuu510_066.wav,yuu,,0,kotori,,7,,「あのブタ、かなり奥の方だけど平気？」
184900 ,,,,,,,恋鳥,恋鳥,04kot510_007.wav,yuu,,0,kotori,,0,,「ん……ブタは手強いぞ」
185000 ,,,,,,,優哉,優哉,,yuu,,0,kotori,,0,,「すなわち、あのブタをとれば俺が恋鳥より上だと
　いうことが実証されるわけだな」
185100 ,,,,,,,,,,yuu,,0,kotori,,0,,　狙いを定め、カウボーイ気分で輪っかを放る。
185200 ,,,,,,,,,,yuu,,0,kotori,,0,,　すかっ、すかっ、すかっ。
185300 ,,,,,,,店番,店番,,yuu,,0,kotori,,0,,「はいはい、残念でした～」
185400 ,,,,,,,,,,yuu,,0,kotori,,0,,　３連続でハズレた瞬間、ニコニコ顔の店番が声を
　張り上げた。
185500 ,,,,,,,,,,yuu,,0,kotori,,0,,　すげえムカつく……。
185600 ,,,,,,,悠,悠,02yuu510_067.wav,yuu,,5,kotori,,0,,「あんた、もう少し考えて投げなさいよ。
　あっさり投げすぎ」
185700 ,,,,,,,優哉,優哉,,yuu,,5,kotori,,0,,「そんな小さくまとまった男にはなりたくないねえ。
　大将、もう一回！」
185800 ,,,,,,,店番,店番,,yuu,,5,kotori,,0,,「あいよ～。がんばってあのブタを持ち帰ってくんな」
185900 ,,,,,,,,,,yuu,,5,kotori,,0,,　新たに輪っかを受け取り、再び狙いを定める。
186000 ,,,,,,,優哉,優哉,,yuu,,5,kotori,,0,,「うらぁ！」
186100 ,,,,,,,,,,yuu,,5,kotori,,0,,　すかっ、すかっ、すかっ。
186200 ,,,,,,,優哉,優哉,,yuu,,5,kotori,,0,,「大将、もう一回だ！」
186300 ,,,,,,,,,,yuu,,5,kotori,,0,,　すかっ、すかっ、すかっ。
186400 ,,,,,,,優哉,優哉,,yuu,,5,kotori,,0,,「くっ、まだまだ！」
186500 ,,,,,,,,,,yuu,,5,kotori,,0,,　すかっ、すかっ、すかっ……。
186600 ,,,,,,,,,,yuu,,5,kotori,,0,,　……………………。
186700 ,,,,,,,,,,yuu,,5,kotori,,0,,　………………。
186800 ,,,,,,,,,,yuu,,5,kotori,,0,,　…………。
186900 ,,,,,,,悠,悠,02yuu510_068.wav,yuu,,12,kotori,,0,,「……もうやめた方がよくない？
　あれ、無理だってば」
187000 ,,,,,,,,,,yuu,,12,kotori,,0,,　既に５０００円ほどを輪投げに費やしていた。
187100 ,,,,,,,恋鳥,恋鳥,04kot510_008.wav,yuu,,12,kotori,,90,,「あのブタは、上から輪をかけようとしてもダメ」
187200 ,,,,,,,恋鳥,恋鳥,04kot510_009.wav,yuu,,12,kotori,,90,,「ブタより輪の方が小さい」
187300 ,,,,,,,悠,悠,02yuu510_069.wav,yuu,,0,kotori,,90,,「私もそれ気付いてた。
　優哉が必死だったから黙ってたけど」
187400 ,,,,,,,,,,yuu,,0,kotori,,90,,　……言えよ。気付いた時点ですぐ教えろよ。
187500 ,,,,,,,優哉,優哉,,yuu,,0,kotori,,90,,「ってことは、あの尖った鼻にかけるしかないって
　ことだな。上からじゃなくて、正面からか」
187600 ,,,,,,,,,,yuu,,0,kotori,,90,,　ブタのぬいぐるみは、愛歌が使っていたペンケースと
　同じデザインだった。
187700 ,,,,,,,店番,店番,,yuu,,0,kotori,,90,,「はいはい、やるのかい？　やらないのかい？」
187800 ,,,,,,,,,,yuu,,0,kotori,,90,,　俺の持ち金を吸い取った店番は、かなりご機嫌だ。
187900 ,,,,,,,優哉,優哉,,yuu,,0,kotori,,90,,「ここまできて引き下がれるかよ。
　やるぜ、大将！」
188000 ,,,,,,,,,,yuu,,0,kotori,,90,,　投げつけるように２００円を放り、
　目の前に置かれた輪っかを手に取る。
188100 ,,,,,,,優哉,優哉,,yuu,,0,kotori,,90,,「正面から、正面から……うらっ！」
188200 ,,,,,,,,,,yuu,,0,kotori,,90,,　すかっ。
188300 ,,,,,,,,,,yuu,,0,kotori,,90,,　輪っかはブタの頭部に当たって跳ね返り、
　これまでと変わらない末路をたどる。
188400 ,,,,,,,悠,悠,02yuu510_070.wav,yuu,,12,kotori,,90,,「ありゃ～、やっぱし難しいか～」
188500 ,,,,,,,,,,yuu,,12,kotori,,90,,　残りのチャンスはあと２回。
188600 ,,,,,,,,,,yuu,,12,kotori,,90,,　正直、ブタの置かれた位置を考えても無理なことは
　分かっていた。
188700 ,,,,,,,,,,yuu,,12,kotori,,90,,　自分でも、なぜここまでムキになっているのか
　分からない。
188800 ,,,,,,,,,,yuu,,12,kotori,,90,,　それでも、もしあのブタをとれたなら……。
188900 ,,,,,,,優哉,優哉,,yuu,,12,kotori,,90,,「喰らえ、俺の魂の一投！」
189000 ,,,,,,,,,,yuu,,12,kotori,,90,,　すかっ。
189100 ,,,,,,,,,,yuu,,12,kotori,,90,,　せっかくの決め台詞も、呆気なく現実の壁に
　跳ね返された。
189200 ,,,,,,,,,,yuu,,12,kotori,,90,,　周りから集まる同情の視線。
189300 ,,,,,,,,,,yuu,,12,kotori,,90,,　これが正真正銘、最後の一投だ。
189400 ,,,,,,,悠,悠,02yuu510_071.wav,yuu,,12,kotori,,90,,「が、がんばれ。優哉……」
189500 ,,,,,,,恋鳥,恋鳥,04kot510_010.wav,yuu,,12,kotori,,4,,「……がんばれ」
189600 ,,,,,,,,,,yuu,,12,kotori,,4,,　二人の声援を受け、俺は勝ち目のない勝負に挑む。
189700 ,,,,,,,,,,yuu,,12,kotori,,4,,　――優哉ちゃん、がんばって！
189800 ,,,,,,,,,,yuu,,12,kotori,,4,,　＜愛歌＝アイツ＞がもし、この場にいたら……そんなことを
　考えていた。
189900 ,,,,,,,,,,yuu,,12,kotori,,4,,　いつも一緒にいたからだろうか？
190000 ,,,,,,,,,,yuu,,12,kotori,,4,,　僅かな時間、別行動をしているだけなのに、
　何日も愛歌の声を聞いていない気がする。
190100 ,,,,,,,,,,yuu,,12,kotori,,4,,　……そうか。
190200 ,,,,,,,,,,yuu,,12,kotori,,4,,　俺、本当は愛歌と一緒にこの祭りを……。
190400 ,,,,9000,,,,,,,,,,,,,　そして俺は、最後の一投を。
190500 ,,,,,,,,,,,,,,,,,　決して手の届かない遠くの≪アイツ≫に向けて。
190600 ,,,,,,,,,,,,,,,,,　そっと、放った――。
190800 ,,,,9312,,,悠,悠,02yuu510_072.wav,yuu,,0,,,,,「あっ、このひょっとこのお面、優哉に似合いそう
　じゃない？」
190900 ,,,,,,,優哉,優哉,,yuu,,0,,,,,「お前こそ、そのおたふくのお面かぶれよ。
　お面かぶってもあんま変わらないだろうけどな！」
191000 ,,,,,,,,,,yuu,,0,,,,,　右手にイカ焼き、左手に水風船。
191100 ,,,,,,,,,,yuu,,0,,,,,　そしてブタのぬいぐるみを脇に挟んで、
　祭りの終盤を楽しむ。
191200 ,,,,,,,,,,yuu,,0,,,,,　最後の一投は、奇跡的にブタの鼻先にかかって、
　輪投げの出店は閉店となった。
191300 ,,,,,,,,,,yuu,,0,,,,,　恋鳥は大量のぬいぐるみに囲まれながら、入り口の
　方で休んでいる。
191400 ,,,,,,,,,,yuu,,0,,,,,　まさか恋鳥が、あそこまでぬいぐるみ好きだったと
　は……。
191500 ,,,,,,,悠,悠,02yuu510_073.wav,yuu,,90,,,,,「……ところでさ、愛歌の用事ってなんだったの？
　珍しくない？　あの子があんたと別行動するなんて」
191600 ,,,,,,,優哉,優哉,,yuu,,90,,,,,「ん……ああ。あいつ、片想いしてた男に告白するん
　だと。それで自分の片想いに決着つけるみたいだぜ」
191700 ,,,,,,,悠,悠,02yuu510_074.wav,yuu,,4,,,,,「え、告白って……誰に？」
191800 ,,,,,,,優哉,優哉,,yuu,,4,,,,,「知らねえよ。お前こそ、聞いてないのか？
　愛歌の片想いしてる相手……」
191900 ,,,,,,,悠,悠,02yuu510_075.wav,yuu,,3,,,,,「…………」
192000 ,,,,,,,優哉,優哉,,yuu,,3,,,,,「どうなるんだかな。あいつは結構、プレッシャーに
　弱いタイプだし」
192100 ,,,,,,,悠,悠,02yuu510_076.wav,yuu,,4,,,,,「……あんたはそれでいいの？」
192200 ,,,,,,,優哉,優哉,,yuu,,4,,,,,「なにが？」
192300 ,,,,,,,悠,悠,02yuu510_077.wav,yuu,,5,,,,,「だから愛歌が他の男と付き合って、
　それで満足なのかって聞いてんの」
192400 ,,,,,,,優哉,優哉,,yuu,,5,,,,,「…………」
192500 ,,,,,,,悠,悠,02yuu510_078.wav,yuu,,17,,,,,「なるほどね～。だから私を腰巾着にしたかったわけ
　か。愛歌の代わりに」
192600 ,,,,,,,悠,悠,02yuu510_079.wav,yuu,,17,,,,,「私も上手く利用されたもんだ」
192700 ,,,,,,,優哉,優哉,,yuu,,17,,,,,「俺はそんなつもり……」
192800 ,,,,,,,悠,悠,02yuu510_080.wav,yuu,,4,,,,,「私は愛歌の代わりなんてできないかんね」
192900 ,,,,,,,優哉,優哉,,yuu,,4,,,,,「…………」
193000 ,,,,,,,悠,悠,02yuu510_081.wav,yuu,,3,,,,,「愛歌の代わりなんて……他にはいないんよ」
193100 ,,,,,,,,,,yuu,,3,,,,,　悠はお面屋でひょっとこの面を買い、両手の塞がった
　俺の顔にそれをつけてくる。
193200 ,,,,,,,悠,悠,02yuu510_082.wav,yuu,,4,,,,,「……探してくれば？
　あんたにはそのお面がよく似合ってるわ」
193300 ,,,,,,,優哉,優哉,,yuu,,4,,,,,「悠……」
193400 ,,,,,,,悠,悠,02yuu510_083.wav,yuu,,90,,,,,「それにあんたには……愛歌がよく似合ってる」
193500 ,,,,,,,,,,,,,,,,,　悠に言われたからじゃない。
193600 ,,,,,,,,,,,,,,,,,　自然と俺の足は動いていた。
193700 ,,,,,,,,,,,,,,,,,　この人混みの中、愛歌を見つけることは容易じゃな
　い。
193800 ,,,,,,,,,,,,,,,,,　でも俺は、迷わず≪そこ≫へ向かっていた。
193900 ,,,,,,,,,,,,,,,,,　長年、幼なじみとして一緒にいた記憶が、
　愛歌の居場所を迷うことなく示していた。
194100 ,,<!move_short>,,9202,,,,,,,,,,,,,　毎年、祭りの日はここが愛歌の休憩場所となる。
194200 ,,,,,,,,,,,,,,,,,　元々、人混みが苦手な愛歌は、昔から大勢で行動する
　より少人数で話し込むのを好んだ。
194300 ,,,,,,,,,,,,,,,,,　その話の相手は……昨年までこの俺だった。
194500 ,,,,,,,愛歌,愛歌,01man510_014.wav,manaka,,3,,,,,「…………」
194600 ,,,,,,,,,,manaka,,3,,,,,　出店で賑わう参道に比べて、＜社＝やしろ＞の方は意外なほど
　＜人気＝ひとけ＞がない
194700 ,,,,,,,,,,manaka,,3,,,,,　愛歌はそこで、ひとり寂しく佇んでいた。
194800 ,,,,,,,,,,manaka,,3,,,,,　告白相手らしき男の姿はない。
194900 ,,,,,,,,,,manaka,,3,,,,,　その表情の暗さから、決して喜べるような結果じゃ
　なかったことは想像できる。
195000 ,,,,,,,優哉,優哉,,manaka,,3,,,,,「まな……」
195100 ,,,,,,,,,,manaka,,3,,,,,　声をかけようとして、今の自分の格好を思い出す。
195200 ,,,,,,,,,,manaka,,3,,,,,　イカ焼き、水風船、ブタのぬいぐるみを手にした
　ひょっとこの男。
195300 ,,,,,,,,,,manaka,,3,,,,,　自分で言うのもなんだが、怪しいことこの上ない。
195400 ,,,,,,,優哉,優哉,,manaka,,3,,,,,（あんたには、そのお面が似合ってる……か）
195500 ,,,,,,,,,,manaka,,3,,,,,　悠の言った言葉が、今の自分にしっくりきた。
195600 ,,,,,,,,,,manaka,,3,,,,,　そして俺は、止めていた足を愛歌の元へ向けた。
195700 ,,,,,,,愛歌,愛歌,01man510_015.wav,manaka,,2,,,,,「だ、誰ですかっ」
195800 ,,,,,,,,,,manaka,,2,,,,,　俺の足音に気付いた愛歌は、
　怯えた声と共にこちらを見る。
195900 ,,,,,,,,,,manaka,,2,,,,,　俺はかまわずに無言で駆け寄り、手にしていた
　イカ焼きと水風船、そしてブタのぬいぐるみを
　愛歌に突き出した。
196000 ,,,,,,,愛歌,愛歌,01man510_016.wav,manaka,,3,,,,,「えっ？　えっ？　あのっ……」
196100 ,,,,,,,優哉,優哉,,manaka,,3,,,,,「…………」
196200 ,,,,,,,愛歌,愛歌,01man510_017.wav,manaka,,15,,,,,「なんですか、これ……あっ、待ってください！」
196300 ,,,,,,,,,,manaka,,15,,,,,　暗闇でほとんど姿が見えなかったことも幸いし、
　すぐにこの場を走り去った。
196500 ,,<!move_short_r>,,9312,,,優哉,優哉,,,,,,,,,「ふぅ……」
196600 ,,,,,,,,,,,,,,,,,　俺も相当、意味が分からない。
196700 ,,,,,,,,,,,,,,,,,　あんなことをしたって、気味悪がられるだけだろう
　に……。
196800 ,,,,,,,悠,悠,02yuu510_084.wav,yuu,,2,,,,,「てか、帰ってくるの早っ！」
196900 ,,,,,,,,,,yuu,,2,,,,,　ひょっとこの面を外し、
　悠の冷たい眼差しを受け止める。
197000 ,,,,,,,悠,悠,02yuu510_085.wav,yuu,,5,,,,,「ねえ、愛歌は見つかったの？」
197100 ,,,,,,,優哉,優哉,,yuu,,5,,,,,「誰も探しにいくなんて言ってねーし」
197200 ,,,,,,,悠,悠,02yuu510_086.wav,yuu,,17,,,,,「その割には両手が暇になってるみたいねえ～？」
197300 ,,,,,,,優哉,優哉,,yuu,,17,,,,,「邪魔だから捨てたんだよ。
　もういいから、恋鳥のところに戻ろうぜ」
197400 ,,,,,,,悠,悠,02yuu510_087.wav,yuu,,5,,,,,「まあ、あんたがそれでいいならいいけどさ。
　でもなんか引っかかってるのよねえ……」
197500 ,,,,,,,優哉,優哉,,yuu,,5,,,,,「ああ。俺も大事なことを忘れてる気がするんだよな」
197600 ,,,,,,,悠,悠,02yuu510_088.wav,yuu,,90,,,,,「恋鳥もいるし、愛歌とつむぎさんもいたし、
　私と優哉はここにいるでしょ？」
197700 ,,,,,,,優哉,優哉,,yuu,,90,,,,,「全員、メンバーは揃ってるはずだよな」
197800 ,,,,,,,悠,悠,02yuu510_089.wav,yuu,,3,,,,,「んじゃ、気のせいかな……きっとそうだよね」
197900 ,,,,,,,,,,yuu,,3,,,,,　お互い首を傾げながら歩いていると、ぬいぐるみに
　囲まれた恋鳥が、俺たちの方を指差した。
198000 ,,,,,,,恋鳥,恋鳥,04kot510_011.wav,kotori,,4,,,,,「……紫藤大和」
198100 ,,,,,,,悠,悠,02yuu510_090.wav,yuu,,4,,,,,「紫藤……」
198200 ,,,,,,,優哉,優哉,,yuu,,4,,,,,「大和？」
198300 ,,,,,,,,,,yuu,,4,,,,,　俺と悠は顔を見合わせ、
198400 ,,,,,,,悠,悠,02yuu510_091.wav,yuu,,2,,,,,「あっ、紫藤のこと忘れてた！」
198500 ,,,,,,,優哉,優哉,,yuu,,2,,,,,「てか、あいつ今どこにいるんだ？」
198600 ,,,,,,,大和,大和,08yam510_001.wav,yuu,,2,"yamato,private",,0,,「……いるよ。ずっとお前らの後ろにいたよ。
　待ち合わせの場所からずーっとな」
198700 ,,,,,,,優哉,優哉,,yuu,,2,yamato,,0,,「げ……お前、どんだけ空気なんだよ」
198800 ,,,,,,,大和,大和,08yam510_002.wav,yuu,,2,yamato,,5,,「いつかは気付いてくれると思って黙ってたんだよ。
　そしたらお前ら……」
198900 ,,,,,,,優哉,優哉,,yuu,,2,yamato,,5,,「す、すまん。普通にどうでもよ……じゃなくて、
　気付かなかったわ」
199000 ,,,,,,,悠,悠,02yuu510_092.wav,yuu,,12,yamato,,5,,「やーねぇ！　紫藤はいつも私たちの心の中に
　いるってば！」
199100 ,,,,,,,,,,yuu,,12,yamato,,5,,　悠のフォローも相当苦しい。
199200 ,,,,,,,優哉,優哉,,yuu,,12,yamato,,5,,「ほれ、お前はこのひょっとこの面をつけてろ」
199300 ,,,,,,,大和,大和,08yam510_003.wav,yuu,,12,yamato,,1,,「うおっ、なんだよ。
　こんなのつけて歩いてるのバカだろー」
199400 ,,,,,,,,,,yuu,,12,yamato,,1,,　……悪かったな、バカで。
199500 ,,,,,,,,,,yuu,,12,yamato,,1,,　しばらくして店番を終えたつむぎも合流し、
　恋鳥のぬいぐるみを分担して持つことになった。
199600 ,,,,,,,,,,yuu,,12,yamato,,1,,　混雑していた参道も、奥を見渡せる程度まで人が
　減ってきている。
199700 ,,,,,,,大和,大和,08yam510_004.wav,yuu,,12,yamato,,0,,「あれ、秋里はどこに行ったんだ？」
199800 ,,,,,,,優哉,優哉,,yuu,,12,yamato,,0,,「ずっと俺たちの後ろにいたなら、一部始終は見てた
　だろ。愛歌は俺たちとは別行動してる」
199900 ,,,,,,,大和,大和,08yam510_005.wav,yuu,,12,yamato,,4,,「……すまない。気付いてもらうのに必死で、
　周りがほとんど見えてなかった」
200000 ,,,,,,,,,,yuu,,12,yamato,,4,,　その姿を想像すると、かなり泣けてくる。
200100 ,,,,,,,悠,悠,02yuu510_093.wav,yuu,,0,yamato,,4,,「じゃあ、そろそろ帰る？」
200200 ,,,,,,,大和,大和,08yam510_006.wav,yuu,,0,yamato,,5,,「俺、何もしてないけど……まあいいか」
200300 ,,,,,,,優哉,優哉,,yuu,,0,yamato,,5,,「なら、途中までみんなで……」
200400 ,,,,,,,愛歌,愛歌,01man510_018.wav,yuu,,0,manaka,,3,,「はあはあはあ……ただいま戻りましたぁ」
200500 ,,,,,,,悠,悠,02yuu510_094.wav,yuu,,1,manaka,,3,,「あら、愛歌おかえり～。
　ていうか、ずいぶん手荷物いっぱいね……」
200600 ,,,,,,,愛歌,愛歌,01man510_019.wav,yuu,,1,manaka,,6,,「う、うん。これは……」
200700 ,,,,,,,大和,大和,08yam510_007.wav,yamato,,0,manaka,,6,,「いいよなあ。みんな、祭りを楽しんで……」
200800 ,,,,,,,,,,yamato,,0,manaka,,6,,　ひょっとこの面をかぶった大和がふて腐れた声で
　言う。
200900 ,,,,,,,愛歌,愛歌,01man510_020.wav,yamato,,0,manaka,,2,,「あ……そのひょっとこのお面……」
201000 ,,,,,,,,,,yamato,,0,manaka,,2,,　悠が何かを言いたげにこちらを見ていたが、
　それには頷きだけを返しておいた。
201100 ,,,,,,,愛歌,愛歌,01man510_021.wav,yamato,,0,manaka,,90,,「大和くん、あのっ……これっ……」
201200 ,,,,,,,優哉,優哉,,yamato,,0,manaka,,90,,「……さ、みんなが揃ったところで帰ろうぜ。
　今年の祭りも楽しかったなー」
201300 ,,,,,,,恋鳥,恋鳥,04kot510_012.wav,kotori,,1,,,,,「恋鳥は満足だぞ」
201400 ,,,,,,,つむぎ,つむぎ,05tum510_009.wav,tumugi,,1,,,,,「私も……お店番でしたけど楽しかったです」
201500 ,,,,,,,大和,大和,08yam510_008.wav,yamato,,5,,,,,「俺は空気だったけどな」
201600 ,,,,,,,愛歌,愛歌,01man510_022.wav,manaka,,5,,,,,「…………」
201700 ,,,,,,,悠,悠,02yuu510_095.wav,yuu,,1,manaka,,5,,「……ほら、愛歌もいこっ」
201800 ,,,,,,,愛歌,愛歌,01man510_023.wav,yuu,,0,manaka,,3,,「うん……」
202000 ,,<!move_normal_r>,,5102,,,,,,manaka,,3,,,,,　それぞれの帰路につき、いつものように最後は
　愛歌と二人になる。
202100 ,,,,,,,,,,manaka,,3,,,,,　去年までは祭りの話で会話が途切れないぐらいだった
　のに、今年は共有できる話題がほとんどなかった。
202200 ,,,,,,,優哉,優哉,,manaka,,3,,,,,「んじゃ、お前もおつかれ」
202300 ,,,,,,,愛歌,愛歌,01man510_024.wav,manaka,,4,,,,,「……おつかれさまでした」
202500 ,,<!move_veryshort_r>,,102,,,優哉,優哉,,,,,,,,,「…………」
202600 ,,,,,,,,,,,,,,,,,　背後から愛歌の気配を感じる。
202700 ,,,,,,,,,,,,,,,,,　振り返ると、やはり愛歌は家に入ろうとせず、
　自宅の門の前で佇んでいた。
202900 ,,<!move_look>,,5102,,,優哉,優哉,,manaka,,4,,,,,「そんな顔で家に帰ったら、秋香さんが心配するぜ？」
203100 ,,,,,,,愛歌,愛歌,01man510_025.wav,manaka,,5,,,,,「…………」
203200 ,,,,,,,優哉,優哉,,manaka,,5,,,,,「決着はついたんだろ？　長かった片想いの……」
203300 ,,,,,,,,,,manaka,,5,,,,,　愛歌はブタのぬいぐるみを強く抱きしめ、
　足下に目を落とす。
203400 ,,,,,,,優哉,優哉,,manaka,,5,,,,,「上手くいったならそれでいいし、もしダメだったん
　なら……」
203600 ,,<!move_look_r>,,102,,,優哉,優哉,,,,,,,,,「……また新しく、好きな男を見つければいいんじゃ
　ねえの？」
203700 ,,,,,,,,,,,,,,,,,　愛歌の返事はなかった。
203800 ,,,,,,,,,,,,,,,,,　その代わり、背後で引きずるような足音が
　遠ざかっていった。
203900 ,,,,,,,,,,,,,,,,,　――また明日ね。
204000 ,,,,,,,,,,,,,,,,,　去年まであったその一言はない。
204100 ,,,,,,,,,,,,,,,,,　そして俺もまた……。
204200 ,,,,,,,,,,,,,,,,,　――来年もまた一緒に行こうな？
204300 ,,,,,,,,,,,,,,,,,　当たり前のように言っていたそのセリフを、
　今年、口にすることはなかった……。
204590 ,,<!Lend_night>,0,9000,,,,,,,,,,,,,
204599 ,,<!ec_manaka_pri>,,,,,,,,,,,,,,,
204600 ,@511,,,,,,,,,,,,,,,,
204900 ,,<!Lbegin_day_change>,7,4500,,,悠,悠,02yuu511_001.wav,"yuu,uniform",,1,,,,,「はぁぁ～、やっぱり祭りはいいねえ～」
205000 ,,,,,,,,,,yuu,,1,,,,,　翌朝、悠がうちのクラスに来ての第一声。
205100 ,,,,,,,,,,yuu,,1,,,,,　よほど昨晩の祭りが楽しかったのか、しみじみと
　語っていた。
205200 ,,,,,,,優哉,優哉,,yuu,,1,,,,,「考えてみたらお前、昨日は全然、腰巾着の役目を
　果たしてなかったよな。むしろ態度デカすぎ」
205300 ,,,,,,,悠,悠,02yuu511_002.wav,yuu,,0,,,,,「悪いけど、あんな出店の出し物で５０００円とか
　使いこむような男は無理。金銭感覚まるでないし」
205400 ,,,,,,,悠,悠,02yuu511_003.wav,yuu,,12,,,,,「あんなのが旦那だったら、普通の女は即離婚よ？」
205500 ,,,,,,,優哉,優哉,,yuu,,12,,,,,「んなもんかねえ……」
205600 ,,,,,,,悠,悠,02yuu511_004.wav,yuu,,90,,,,,「男は安定した収入と、ギャンブルをやらないのが
　一番やね。うんうん」
205700 ,,,,,,,優哉,優哉,,yuu,,90,,,,,「やだやだ。金のことばっかり考える女は……」
205800 ,,,,,,,悠,悠,02yuu511_005.wav,yuu,,5,,,,,「これだから子供は……どんなに綺麗事言っても、
　最後はお金ですから！」
205900 ,,,,,,,悠,悠,02yuu511_006.wav,yuu,,5,,,,,「貧乏じゃ家族も養えないのよ？
　あんた、分かってんの？」
206000 ,,,,,,,大和,大和,08yam511_001.wav,yuu,,5,"yamato,uniform",,1,,「あれ、もしかして俺の時代きちゃった？」
206100 ,,,,,,,,,,yuu,,5,yamato,,1,,　金持ちのぼんぼん、うぜぇ……。
206200 ,,,,,,,大和,大和,08yam511_002.wav,yuu,,5,yamato,,0,,「俺はギャンブルもしないし、タバコも酒もやらない
　ぜ。そしてこの全身から滲み出る包容力……」
206300 ,,,,,,,優哉,優哉,,yuu,,5,yamato,,0,,「……ああいうのが好みなのか、悠は」
206400 ,,,,,,,悠,悠,02yuu511_007.wav,yuu,,12,yamato,,0,,「パス。愛歌に譲るわ」
206500 ,,,,,,,,,,yuu,,12,yamato,,0,,　一同の視線が、少し離れた席に座っていた愛歌に
　集中する。
206600 ,,,,,,,愛歌,愛歌,01man511_001.wav,"manaka,uniform",,90,,,,,「……え？　なんの話？」
206700 ,,,,,,,優哉,優哉,,yuu,,12,yamato,,0,,「眼中にねえってさ」
206800 ,,,,,,,悠,悠,02yuu511_008.wav,yuu,,0,yamato,,0,,「んなことないってば。愛歌は絶対、安定志向よ。
　石橋を叩いて渡るような人生を歩むに決まってる」
206900 ,,,,,,,大和,大和,08yam511_003.wav,yuu,,0,yamato,,1,,「俺も秋里はそんなイメージだなー。
　女にモテモテなイケメンより、お堅い商社マンとかを
　選びそうだ」
207000 ,,,,,,,愛歌,愛歌,01man511_002.wav,yuu,,0,manaka,,5,,「私って……そんなイメージだったんだ」
207100 ,,,,,,,悠,悠,02yuu511_009.wav,yuu,,90,manaka,,5,,「違うの？」
207200 ,,,,,,,,,,yuu,,90,manaka,,5,,　悠に問われると、愛歌は少し困ったような表情で
　俺を見る。
207300 ,,,,,,,,,,yuu,,90,manaka,,5,,　昨晩から、愛歌とはまともに話をしていない。
207400 ,,,,,,,,,,yuu,,90,manaka,,5,,　今日の朝も別々に登校だったし、教室で目が合った
　のもこれが初めてだった。
207500 ,,,,,,,愛歌,愛歌,01man511_003.wav,yuu,,0,manaka,,42,,「……私は……一緒にいて安心できる人なら……」
207600 ,,,,,,,悠,悠,02yuu511_010.wav,yuu,,2,manaka,,42,,「えー、それなら顔とか体格は関係ないってこと？
　年収は？　学歴は？　身長は？」
207700 ,,,,,,,愛歌,愛歌,01man511_004.wav,yuu,,2,manaka,,42,,「あまりそういうのは……私、好きになるまでに
　すごく時間がかかる方だから……」
207800 ,,,,,,,悠,悠,02yuu511_011.wav,yuu,,12,manaka,,42,,「そんなにのんびりしてたら、いい男なんてみんな
　結婚しちゃうって。こんなのばっかり余ってさー」
207900 ,,,,,,,,,,yuu,,12,manaka,,42,,　悠は俺と大和を見ながら、わざとらしく肩を竦めて
　見せる。
208000 ,,,,,,,,,,yuu,,12,manaka,,42,,　大和は不満げだったが、俺は特に否定する気は
　起きなかった。
208100 ,,,,,,,大和,大和,08yam511_004.wav,yuu,,12,yamato,,0,,「あ、でも秋里らしくていいよな。
　聞いてると微笑ましいというか……」
208200 ,,,,,,,悠,悠,02yuu511_012.wav,yuu,,0,yamato,,0,,「まぁね。愛歌みたいな考えの子がいるから、美女と
　野獣カップルなんてのができるんだろうけど」
208300 ,,,,,,,優哉,優哉,,yuu,,0,yamato,,0,,「悠の場合は野獣カップルになりそうだけどな。
　イノシシみたいな男がいいんじゃねえの？」
208400 ,,,,,,,悠,悠,02yuu511_013.wav,yuu,,17,yamato,,0,,「やーよ。私は少し細めで、身長が高くて、声が渋く
　て、情に厚くて、不器用だけど優しいタイプの男が
　好みなんだから」
208500 ,,,,,,,大和,大和,08yam511_005.wav,yuu,,17,yamato,,0,,「優哉みたいな男か？」
208600 ,,,,,,,悠,悠,02yuu511_014.wav,yuu,,17,yamato,,0,,「そうそう、優……って、どこがっ！？」
208700 ,,,,,,,大和,大和,08yam511_006.wav,yuu,,53,yamato,,1,,「俺はお似合いだと思うけどなあ。悠と優哉は……」
208800 ,,,,,,,愛歌,愛歌,01man511_005.wav,yuu,,53,manaka,,42,,「……そだね。お似合いだよね」
208900 ,,,,,,,悠,悠,02yuu511_015.wav,yuu,,2,manaka,,42,,「なに、この流れ……優哉、あんたもなんとか言って
　よ～」
209000 ,,,,,,,優哉,優哉,,yuu,,2,manaka,,42,,「お前が無駄にノリツッコミするからだろうが。
　さっさと自分のクラスに戻れ」
209100 ,,,,,,,悠,悠,02yuu511_016.wav,yuu,,0,manaka,,42,,「あによ、その冷たい言い方～」
209200 ,,,,,,,愛歌,愛歌,01man511_006.wav,yamato,,0,manaka,,3,,「あ……大和くん、お話があるの。少しだけいい？」
209300 ,,,,,,,大和,大和,08yam511_007.wav,yamato,,0,manaka,,3,,「え、俺に？　いいけど、なに？」
209400 ,,,,,,,愛歌,愛歌,01man511_007.wav,yamato,,0,manaka,,5,,「ここじゃちょっと……」
209500 ,,,,,,,大和,大和,08yam511_008.wav,yamato,,0,manaka,,5,,「あ、ああ。分かった……」
209600 ,,,,,,,,,,yamato,,0,manaka,,5,,　愛歌は自分の鞄を手にして、大和と教室をあとに
　していく。
209700 ,,,,,,,悠,悠,02yuu511_017.wav,yuu,,0,,,,,「珍しくない？　愛歌が紫藤にあんなこと言うの……」
209800 ,,,,,,,優哉,優哉,,yuu,,0,,,,,「…………」
209900 ,,,,,,,悠,悠,02yuu511_018.wav,yuu,,90,,,,,「意外と愛歌って、紫藤みたいなタイプに弱そうよね」
210000 ,,,,,,,悠,悠,02yuu511_019.wav,yuu,,12,,,,,「愛歌は面倒見がいいし、少し情けない男を見ると
　母性本能がくすぐられて～とか」
210100 ,,,,,,,優哉,優哉,,yuu,,12,,,,,「……ずっとひとりの男を想い続けてるより、
　そっちの方が健康的さ」
210200 ,,,,,,,悠,悠,02yuu511_020.wav,yuu,,0,,,,,「楽な恋愛に逃げなきゃいいけどねー。
　想うより、想われる方がずっと楽だから……」
210300 ,,,,,,,優哉,優哉,,yuu,,0,,,,,「…………」
210500 ,,<!move_normal_r>,2,4101,,,優哉,優哉,,,,,,,,,「あー、なんか疲れたな……」
210600 ,,,,,,,,,,,,,,,,,　テストも祭りも終わって、気が抜けた……と言った
　方が正しいのか。
210700 ,,,,,,,,,,,,,,,,,　家までの足取りがひどく重かった。
210800 ,,,,,,,秋香,秋香,11aki511_001.wav,"akika,private",,1,,,,,「優哉くん、おつかれさま。
　帰ってくるの、ずぅ～っと待ってたのよぉ？」
210900 ,,,,,,,,,,akika,,1,,,,,　校門を出てすぐ、待ち伏せをしていたらしい
　秋香さんに腕を掴まれる。
211000 ,,,,,,,優哉,優哉,,akika,,1,,,,,「どうしたんですか、秋香さん？
　愛歌ならまだ部室の方に残ってるみたいですけど」
211100 ,,,,,,,秋香,秋香,11aki511_002.wav,akika,,0,,,,,「いいの。今日は優哉くんに話があっただけだから」
211200 ,,,,,,,優哉,優哉,,akika,,0,,,,,「俺に？」
211300 ,,,,,,,秋香,秋香,11aki511_003.wav,akika,,4,,,,,「昨晩、うちの愛歌が泣きながらお祭りから帰って
　きたのよね～？」
211400 ,,,,,,,優哉,優哉,,akika,,4,,,,,「！？」
211500 ,,,,,,,秋香,秋香,11aki511_004.wav,akika,,1,,,,,「さっ、歩きながらでいいからゆっくり説明して
　もらうわね。昨日、何があったか……」
211700 ,,<!move_normal_r>,,12301,,,優哉,優哉,,akika,,4,,,,,「……愛歌は何も話さなかったんですか？」
211800 ,,,,,,,秋香,秋香,11aki511_005.wav,akika,,3,,,,,「それが全然……泣いて話にならないんだもの。
　せっかく綺麗に浴衣も着付けしてあげたのに……」
211900 ,,,,,,,優哉,優哉,,akika,,3,,,,,「…………」
212000 ,,,,,,,,,,akika,,3,,,,,　昨晩の別れる間際のことを思い出す。
212100 ,,,,,,,,,,akika,,3,,,,,　足を引きずるようにして家に帰っていった愛歌。
212200 ,,,,,,,,,,akika,,3,,,,,　既にあのとき、あいつは泣いていたんだろうか……。
212300 ,,,,,,,秋香,秋香,11aki511_006.wav,akika,,4,,,,,「あの子、優哉くんと一緒にお祭りへ行くのを、
　本当に楽しみにしていたのよ？」
212400 ,,,,,,,優哉,優哉,,akika,,4,,,,,「愛歌が……？」
212500 ,,,,,,,秋香,秋香,11aki511_007.wav,akika,,0,,,,,「ええ。小さい頃からそうだったものね。
　あの子ったら、いつも優哉くんのそばを引っついて
　歩いて……」
212600 ,,,,,,,,,,akika,,0,,,,,　……確かにそうだった。
212700 ,,,,,,,,,,akika,,0,,,,,　普段は悪ふざけばかりしていた俺も、祭りの日だけは
　愛歌の手を握って歩いていた。
212800 ,,,,,,,,,,akika,,0,,,,,　俺の手が毎年大きくなっていくのに、
　あいつの手は……ずっと小さいままだった。
212900 ,,,,,,,秋香,秋香,11aki511_008.wav,akika,,4,,,,,「ねえ、覚えてる？
　お祭りであの子が迷子になっちゃったときのこと」
213000 ,,,,,,,秋香,秋香,11aki511_009.wav,akika,,4,,,,,「初めて優哉くんと二人でお祭りに行って、
　途中であの子がはぐれちゃって……」
213100 ,,,,,,,秋香,秋香,11aki511_010.wav,akika,,3,,,,,「あの子、ぼ～っとしてるから、すぐ迷子になっちゃう
　のよね。それは今も変わらないけど……」
213200 ,,,,,,,優哉,優哉,,akika,,3,,,,,「……そんなことないですよ。あいつ、今は俺より
　ずっとしっかりしてますから」
213300 ,,,,,,,秋香,秋香,11aki511_011.wav,akika,,0,,,,,「あの日、優哉くんは迷子になった愛歌を必死に捜して
　くれた……それでおウチに帰ってきたとき……」
213400 ,,,,,,,秋香,秋香,11aki511_012.wav,akika,,0,,,,,「優哉くんったら、ひょっとこのお面をかぶって、
　ずっと私の前で正座してるの。
　それがあのときはおかしくって……」
213500 ,,,,,,,秋香,秋香,11aki511_013.wav,akika,,1,,,,,「優哉くんは、いざっていうときいつも、あの子の
　お兄ちゃんになってくれたわよね」
213600 ,,,,,,,秋香,秋香,11aki511_014.wav,akika,,0,,,,,「普段はうちの愛歌がお姉ちゃんぶってたけど……」
213700 ,,,,,,,優哉,優哉,,akika,,0,,,,,「…………」
213800 ,,,,,,,秋香,秋香,11aki511_015.wav,akika,,4,,,,,「それであの日、優哉くんったら……正座したまま
　私に言ったの」
213900 ,,,,,,,秋香,秋香,11aki511_016.wav,akika,,4,,,,,「もう愛歌を迷子にはさせませんから……絶対、手を
　放したりしませんから……」
214000 ,,,,,,,秋香,秋香,11aki511_017.wav,akika,,4,,,,,「だからまた一緒に、お祭りへ行かせてください、
　って……」
214100 ,,,,,,,優哉,優哉,,akika,,0,,,,,「…………」
214200 ,,,,,,,,,,akika,,0,,,,,　……今になって。
214300 ,,,,,,,,,,akika,,0,,,,,　本当に今になって、過ぎ去ってしまった時間を
　悔やんでいた。
214400 ,,,,,,,,,,akika,,0,,,,,　俺は昨晩、あいつの手を握っていてやれなかった。
214500 ,,,,,,,,,,akika,,0,,,,,　≪あの日≫以来、ずっと握っていてやろうと決めた
　愛歌の手を……。
214600 ,,,,,,,優哉,優哉,,akika,,0,,,,,「……すいません。
　俺、今年の祭りでその約束を守れませんでした……」
214700 ,,,,,,,秋香,秋香,11aki511_018.wav,akika,,4,,,,,「ううん、それはいいの。
　優哉くんにだって、一緒にお祭りを過ごしたい
　女の子がいるだろうから……」
214800 ,,,,,,,秋香,秋香,11aki511_019.wav,akika,,4,,,,,「でももし……優哉くんが他の女の子を好きになって、
　愛歌と一緒にお祭りを過ごせなくなったのなら……」
214900 ,,,,,,,秋香,秋香,11aki511_020.wav,akika,,5,,,,,「……もう、あの子には優しくしないであげて？」
215000 ,,,,,,,優哉,優哉,,akika,,5,,,,,「え……？」
215100 ,,,,,,,秋香,秋香,11aki511_021.wav,akika,,4,,,,,「昨日、愛歌が持って帰ってきたぬいぐるみ……
　本当は優哉くんがくれたんでしょう？」
215200 ,,,,,,,優哉,優哉,,akika,,4,,,,,「それは……」
215300 ,,,,,,,秋香,秋香,11aki511_022.wav,akika,,5,,,,,「あの子はクラスの男の子に貰ったって言ってたけど、
　私はすぐに違うって分かったわ」
215400 ,,,,,,,優哉,優哉,,akika,,5,,,,,「……どうしてですか？」
215500 ,,,,,,,秋香,秋香,11aki511_023.wav,akika,,1,,,,,「うふふっ♪　だって私は、優哉くんのことは産まれ
　たときから知っているのよ？」
215600 ,,,,,,,秋香,秋香,11aki511_024.wav,akika,,1,,,,,「記憶に残る付き合いなら、愛歌よりもずっと長いん
　だから……」
215700 ,,,,,,,,,,akika,,1,,,,,　……やっぱり、この人には＜敵＝かな＞わない。
215800 ,,,,,,,,,,akika,,1,,,,,　秋香さんはある意味、親父以上に俺のことを
　理解している人なのかも知れない。
215900 ,,,,,,,秋香,秋香,11aki511_025.wav,akika,,4,,,,,「……でも優哉くんの話を聞いて、愛歌の泣いていた
　理由がなんとなく分かったわ」
216000 ,,,,,,,,,,akika,,4,,,,,　満足のいく情報が得られたのか、秋香さんは掴んで
　いた俺の腕を放す。
216100 ,,,,,,,秋香,秋香,11aki511_026.wav,akika,,0,,,,,「優哉くんは覚えていないでしょうけど……あれは
　優哉くんが産まれて、何ヶ月目だったかしらね」
216200 ,,,,,,,秋香,秋香,11aki511_027.wav,akika,,0,,,,,「最初は愛歌と奪うように母乳を飲んでいたのに、
　いつの間にか優哉くんは、愛歌が飲み終わるまで
　我慢するようになったの……」
216300 ,,,,,,,秋香,秋香,11aki511_028.wav,akika,,0,,,,,「他人のお子さんなのに、母乳をあげてて思ったわ。
　この子は優しい男の子なんだなって……」
216400 ,,,,,,,優哉,優哉,,akika,,0,,,,,「…………」
216500 ,,,,,,,秋香,秋香,11aki511_029.wav,akika,,5,,,,,「でも……本当に大切なモノは他人に譲ったりしない
　でね？」
216600 ,,,,,,,優哉,優哉,,akika,,5,,,,,「え……」
216700 ,,,,,,,秋香,秋香,11aki511_030.wav,akika,,1,,,,,「優哉くんは優しいから、その性格で色々と損を
　しちゃいそうだし♪」
216800 ,,,,,,,,,,,,,,,,,　秋香さんとはこの場で別れ、俺は行くアテもなく
　立ち尽くしていた。
216900 ,,,,,,,,,,,,,,,,,　街はまだ祭りの余韻が残っているのか、
　普段とは違う賑わいを見せている。
217000 ,,,,,,,,,,,,,,,,,　そこにひとり、取り残されて。
217100 ,,,,,,,,,,,,,,,,,　頭の中では、秋香さんの言葉が繰り返し響いていた。
217200 ,,,,,,,,,,,,,,,,,　本当に大切なモノ……それはもう既に。
217300 ,,,,,,,,,,,,,,,,,　俺のそばには、なかった。
217500 ,,<!timepass_2_short><!se_bath_water_h>,4,1303,,,優哉,優哉,,,,,,,,,「ふぃぃぃ、いい湯だぁ……」
217600 ,,,,,,,,,,,,,,,,,　疲れをとるには、やはり温泉。
217700 ,,,,,,,,,,,,,,,,,　親父には内緒で露天風呂に忍びこんだ。
217800 ,,,,,,,,,,,,,,,,,　祭りの影響で旅館は混んでいるため、
　深夜、こっそり家を出て。
217900 ,,,,,,,,,,,,,,,,,　貸し切り状態の露天風呂にゆったりと浸かるのは、
　贅沢の一言に尽きた。
218000 ,,,,,,,優哉,優哉,,,,,,,,,「これであとは、湯けむり美人との出逢いでもあれば
　最高なのにな。世の中、そんなに甘くは……」
218100 ,,,,,,,愛歌,愛歌,01man511_008.wav,,,,,,,,「……ゆ、優哉ちゃん？」
218200 ,,<!move_look>,,,,,優哉,優哉,,"manaka,bathtowel",,6,,,,,「はい？」
218300 ,,,,,,,,,,manaka,,6,,,,,　不意に呼ばれて振り返ると、自分の目を疑うような
　出逢いがあった。
218400 ,,,,,,,,,,manaka,,6,,,,,　バスタオル一枚を巻いた愛歌が、柱の陰に隠れて
　恥ずかしそうにこちらを見ている。
218500 ,,,,,,,優哉,優哉,,manaka,,6,,,,,「お前、どうしてここに……」
218600 ,,,,,,,愛歌,愛歌,01man511_009.wav,manaka,,5,,,,,「優哉ちゃんこそ、どうして……」
218700 ,,,,,,,,,,manaka,,5,,,,,　周囲の薄暗さが、余計に色白な愛歌の肌を
　際立たせていた。
218800 ,,,,,,,,,,manaka,,5,,,,,　沈黙の中を、湯けむりだけが立ちのぼっている。
218900 ,,<!move_look_r>,,,,,,,,,,,,,,,　言葉を口にできたのは、愛歌から視線を外してから
　だった。
219000 ,,,,,,,優哉,優哉,,,,,,,,,「は、早く入るなら入れよ。
　そんなとこに突っ立ってたら風邪ひいちまうぞ？」
219100 ,,,,,,,愛歌,愛歌,01man511_010.wav,,,,,,,,「……それじゃあ……お邪魔します……」
219200 ,,,,,,,,,,,,,,,,,　そう言って静かにかぶり湯をし、俺とは離れた
　隅っこの方に足から浸かっていく愛歌。
219300 ,,,,,,,,,,,,,,,,,　温泉へ入る前に何杯か湯をかぶり、身体の汚れを
　落とすと共に血圧の急激な変化を抑える。
219400 ,,,,,,,,,,,,,,,,,　それをかぶり湯といい、温泉を含めた大浴場を
　利用するときのエチケットでもある。
219500 ,,,,,,,優哉,優哉,,,,,,,,,「こんな遅くにひとりで来たのか？」
219600 ,,,,,,,愛歌,愛歌,01man511_011.wav,,,,,,,,「うん。旅館、混んでるみたいだし、早く行っても
　ゆっくり入れないと思ったから……」
219700 ,,,,,,,優哉,優哉,,,,,,,,,「そっか。なら俺と同じだな。
　旅館の客が増えたら増えたで面倒なもんだ……」
219800 ,,,,,,,愛歌,愛歌,01man511_012.wav,,,,,,,,「でも嬉しい……ここの露天風呂、もっとたくさんの
　人に知ってもらいたかったから……」
219900 ,,,,,,,,,,,,,,,,,　お互い、顔はほとんど見えない。
220000 ,,,,,,,,,,,,,,,,,　だからこそ、普段と同じように話せていたのかも
　しれない。
220100 ,,,,,,,優哉,優哉,,,,,,,,,「……今日も、秋香さんに言われてここにきたのか？」
220200 ,,,,,,,愛歌,愛歌,01man511_013.wav,,,,,,,,「え……？」
220300 ,,,,,,,優哉,優哉,,,,,,,,,「収録のとき、言ってたろ？
　お前が何かを忘れようとしてるとき、秋香さんが
　ここを勧めてくれてたって……」
220400 ,,,,,,,愛歌,愛歌,01man511_014.wav,,,,,,,,「あ、今日は違うの。ここにひとりで来るの久しぶり
　だったし、それに……」
220500 ,,,,,,,優哉,優哉,,,,,,,,,「それに？」
220600 ,,,,,,,愛歌,愛歌,01man511_015.wav,,,,,,,,「……昨日、優哉ちゃんが言ってたでしょ？
　また新しく好きな男の人を見つければいいって……」
220700 ,,,,,,,愛歌,愛歌,01man511_016.wav,,,,,,,,「だから……ここで、一区切りをつけようと思って。
　今までの片想いに……」
220800 ,,,,,,,優哉,優哉,,,,,,,,,「そっか……」
220900 ,,,,,,,,,,,,,,,,,　思ったよりも前向きに考えていた愛歌に、
　少し安心した。
221000 ,,,,,,,,,,,,,,,,,　同時に今朝、大和を呼び出して教室から出て行った
　愛歌の姿が思い浮かんでいた。
221100 ,,,,,,,,,,,,,,,,,　愛歌の新しい恋の相手というのは……大和なんだろ
　うか？
221200 ,,,,,,,,,,,,,,,,,　気にはなったが、そのことをこの場で問うのは
　やめておいた。
221300 ,,,,,,,優哉,優哉,,,,,,,,,「もし……もしさ、十年経ってもお前が独身で
　売れ残ってたら……」
221400 ,,,,,,,愛歌,愛歌,01man511_017.wav,,,,,,,,「えー、そんなに売れ残りたくないよー」
221500 ,,,,,,,優哉,優哉,,,,,,,,,「だから、もしもの話だよ。
　そしたらさ……なんつーか、あれだ。ほら……」
221600 ,,,,,,,愛歌,愛歌,01man511_018.wav,,,,,,,,「もぉ、今日の優哉ちゃんおかしいよー？」
221700 ,,,,,,,優哉,優哉,,,,,,,,,「ああ、そうかよ！　なんでもねーよ、くそっ」
221800 ,,,,,,,,,,,,,,,,,　なにやってんだよ、俺は。小学生か……。
221900 ,,,,,,,,,,,,,,,,,　どうにも下校のとき、秋香さんと話したことが
　効いてるらしい。
222000 ,,,,,,,,,,,,,,,,,　そして俺自身、昨日の祭りで痛感したことだった。
222100 ,,,,,,,,,,,,,,,,,　俺はこいつに……愛歌にそばにいてほしいんだ。
222200 ,,,,,,,,,,,,,,,,,　他の男と仲良くする姿なんて見たくないぐらいに。
222300 ,,,,,,,愛歌,愛歌,01man511_019.wav,,,,,,,,「ねえ、優哉ちゃん。私もそっちに行っていい？」
222400 ,,,,,,,優哉,優哉,,,,,,,,,「……好きにしろよ」
222500 ,,,,,,,,,,,,,,,,,　無愛想に答える。
222600 ,,,,,,,,,,,,,,,,,　すると愛歌は一度湯から上がり、ペタペタという
　足音と共に俺のすぐそばまでやってきた。
222700 ,,,,,,,愛歌,愛歌,01man511_020.wav,,,,,,,,「んしょ……あ、こっちの方が温かいね～」
222800 ,,,,,,,,,,,,,,,,,　すぐ横に愛歌の肩が並び、俺はのぼせ始めた頭の
　中で先ほどの言葉の続きを考えていた。
222900 ,,,,,,,,,,,,,,,,,　こんなに近くにいるのに、
　まともに目を合わすこともできない。
223000 ,,,,,,,優哉,優哉,,,,,,,,,「愛歌……」
223100 ,,,,,,,愛歌,愛歌,01man511_021.wav,,,,,,,,「あ、はいっ。なんですか、旦那さまっ」
223200 ,,,,,,,優哉,優哉,,,,,,,,,「なっ……なんだよ、旦那さまって」
223300 ,,,,,,,愛歌,愛歌,01man511_022.wav,,,,,,,,「えへへ♪　だって昨日、悠と話してたでしょう？
　旦那さまがいいって……」
223400 ,,,,,,,優哉,優哉,,,,,,,,,「お前はいいんだよ、そんな風に呼ばなくたって。
　俺の幼なじみなんだから……」
223500 ,,,,,,,愛歌,愛歌,01man511_023.wav,,,,,,,,「えー、じゃあ幼なじみはなんて呼べばいいの？」
223600 ,,,,,,,優哉,優哉,,,,,,,,,「別に……今まで通りでいいじゃねえか」
223700 ,,,,,,,愛歌,愛歌,01man511_024.wav,manaka,,90,,,,,「優哉ちゃんで？」
223800 ,,,,,,,,,,manaka,,90,,,,,　愛歌は自分から俺の視界に入り、顔を覗きこんで
　くる。
223900 ,,,,,,,優哉,優哉,,manaka,,90,,,,,「勝手にしろっ。なんでも俺に聞くなっ……」
224000 ,,<!move_look>,,,,,,,,,,,,,,,　思わず胸の谷間に目がいき、俺は慌てて遠くの
　風景に逃げた。
224100 ,,,,,,,愛歌,愛歌,01man511_025.wav,,,,,,,,「優哉ちゃん、変なの▼」
224200 ,,,,,,,,,,,,,,,,,　くすくすと笑い、愛歌が元の位置へ戻ろうとしたと
　ころで手が触れ合った。
224300 ,,,,,,,愛歌,愛歌,01man511_026.wav,,,,,,,,「あ、ごめんなさいっ……」
224400 ,,,,,,,,,,,,,,,,,　引っこめられるその手をこちらから掴み、
　ぎゅっと握りしめる。
224500 ,,,,,,,愛歌,愛歌,01man511_027.wav,,,,,,,,「ゆ、優哉ちゃん……？」
224600 ,,,,,,,優哉,優哉,,,,,,,,,「しばらくこのままでいろよ。
　昨日、一緒に祭りを回れなかったんだから……」
224700 ,,,,,,,愛歌,愛歌,01man511_028.wav,,,,,,,,「……うん。ずっとこのままでいる」
224800 ,,,,,,,,,,,,,,,,,　耳を撫でる愛歌の声が心地よかった。
224900 ,,,,,,,,,,,,,,,,,　湯の中で結ばれた手は、
　お互いの体温なんて分からない。
225000 ,,,,,,,,,,,,,,,,,　先ほどの言葉の続き……それは昨晩、俺が大きな
　水風船を釣り上げられたら、愛歌に伝えようとし
　ていたことだった。
225100 ,,,,,,,優哉,優哉,,,,,,,,,「こんなこと言ったら、
　お前はいい迷惑だろうけど……」
225200 ,,,,,,,愛歌,愛歌,01man511_029.wav,,,,,,,,「うん、なぁに？」
225300 ,,,,,,,優哉,優哉,,,,,,,,,「……お前がもし、新しい恋をしてロクでもない男を
　好きになったら……」
225400 ,,,,,,,,,,,,,,,,,　思わず、手に力が入る。
225500 ,,,,,,,,,,,,,,,,,　握った愛歌の手は、昔と変わらず小さかった。
225600 ,,,,,,,優哉,優哉,,,,,,,,,「俺がお前のこと奪って、結婚しちまうからな」
225700 ,,,,,,,愛歌,愛歌,01man511_030.wav,,,,,,,,「！？」
225800 ,,,,,,,,,,,,,,,,,　ただでさえのぼせていた頭に、
　ますます血がのぼっていく。
225900 ,,<!move_look_r>,,,,,,,,manaka,,3,,,,,　俺は覚悟を決め、風景に逃がしていた視線を
　愛歌に戻した。
226000 ,,,,,,,優哉,優哉,,manaka,,3,,,,,「俺は絶対、お前のことを泣かせたりしな……」
226100 ,,,,,,,愛歌,愛歌,01man511_031.wav,manaka,,5,,,,,「っ……」
226200 ,,,,,,,優哉,優哉,,manaka,,5,,,,,「って、ちょっ、お前っ……なんで泣いてんだよっ！」
226300 ,,,,,,,愛歌,愛歌,01man511_032.wav,manaka,,40,,,,,「ふえぇぇっ……だってぇぇぇ……」
226400 ,,,,,,,優哉,優哉,,manaka,,40,,,,,「意味分かんねえよ！
　俺のカッコつけるシーンが台無しだろうがっ」
226500 ,,,,,,,愛歌,愛歌,01man511_033.wav,manaka,,40,,,,,「ひっく、ごめんな……ひっく……さいぃぃ……」
226600 ,,,,,,,優哉,優哉,,manaka,,40,,,,,「ひっくひっくすんなって！　あー、待ってろ。
　今、乾いたタオル持ってくるから……」
226800 ,,,,,,,愛歌,愛歌,01man511_034.wav,manaka,,40,,,,,「っ……でもわらひっ……」
226900 ,,,,,,,,,,manaka,,40,,,,,　涙まじりの声だった。
227000 ,,,,,,,,,,manaka,,40,,,,,　でも愛歌は、なぜか泣きながら笑っていた。
227200 ,,,,,,,愛歌,愛歌,01man511_035.wav,manaka,,40,,,,,「そひたらっ……ロクれもないひろをしゅきにならない
　とっ、いけましぇぇんっ」
227300 ,,,,,,,,,,manaka,,40,,,,,　俺もそれを見て笑っていいのか、
　深刻になっていいのか分からず、
227400 ,,,,,,,優哉,優哉,,manaka,,40,,,,,「だ、だったら新しい恋なんてすんなっ」
227500 ,,,,,,,,,,manaka,,40,,,,,　完全にテンパった状態のまま、俺は脱衣所へと
　駆けこんだ……。
227790 ,,<!Lend_scene_change>,0,9000,,,,,,,,,,,,,
227800 ,@512,,,,,,,,,,,,,,,,
228100 ,,<!Lbegin_scene_change>,13,9000,,,優哉,優哉,,,,,,,,,「……寒くないか？　湯冷めしないようにしろよ」
228300 ,,,,,5201,,愛歌,愛歌,01man512_001.wav,,,,,,,,「うん、だいじょぶ。
　『すみさき』さんの温泉に入ると、帰るまでずっと
　身体がポカポカだよー」
228400 ,,,,,5201,,,,,,,,,,,,　一時はどうなることかと思ったが、
　意外にも愛歌は元気だった。
228500 ,,,,,5201,,,,,,,,,,,,　こんな風に笑う愛歌を見るのは、
　久しぶりな気がする。
228600 ,,,,,5201,,優哉,優哉,,,,,,,,,「たまにはいいもんだな。こういうのも……」
228700 ,,,,,5201,,愛歌,愛歌,01man512_002.wav,,,,,,,,「えー、こういうのって？」
228800 ,,,,,5201,,優哉,優哉,,,,,,,,,「だから二人で露天風呂に入って、
　のんびり家に帰るのがだよ」
228900 ,,,,,5201,,愛歌,愛歌,01man512_003.wav,,,,,,,,「でもごめんね。優哉ちゃんも本当は、ひとりで
　入りたくてこんな遅くに来てたのに……」
229000 ,,,,,5201,,優哉,優哉,,,,,,,,,「それはお互い様だろ。
　お前だってひとりで入りたくてこの時間帯を
　選んだんだから……」
229100 ,,,,,5201,,愛歌,愛歌,01man512_004.wav,,,,,,,,「私は得した気分だよー。
　まさか優哉ちゃんがいるなんて思わなかったし」
229200 ,,,,,5201,,優哉,優哉,,,,,,,,,「お前ぐらいだぜ？
　俺と一緒に温泉入ってそんなに喜ぶの……」
229300 ,,,,,5201,,,,,,,,,,,,　こんな笑顔を見せられたら、こちらも笑い返して
　やるしかなくなる。
229400 ,,,,,5201,,,,,,,,,,,,　少しでも長く愛歌を見ていたくて、自然と歩みが
　遅くなっていた。
229500 ,,,,,5201,,優哉,優哉,,,,,,,,,「……ようやくお前、吹っ切ったんだな」
229600 ,,,,,5201,,愛歌,愛歌,01man512_005.wav,,,,,,,,「えっ、なんの話？」
229700 ,,,,,5201,,優哉,優哉,,,,,,,,,「片想いしてた男のこと。
　すげえすっきりした顔してるよ。今のお前……」
229800 ,,,,,5201,,愛歌,愛歌,01man512_006.wav,,,,,,,,「そっかな？　あの露天風呂のおかげかも♪」
229900 ,,,,,5201,,,,,,,,,,,,　相手の男の詳しい話は、この先も聞くつもりは
　なかった。
230000 ,,,,,5201,,,,,,,,,,,,　こいつを振るようなバカ男のことなんて、
　一生知らないままの方がいい。
230100 ,,,,,5201,,,,,,,,,,,,　もし名前と顔を知ってしまったら……
　俺は冷静でいられる自信がない。
230200 ,,,,,5201,,優哉,優哉,,,,,,,,,「……お前は今の方がずっといいよ」
230300 ,,,,,5201,,優哉,優哉,,,,,,,,,「片想いしてるときより、今の方がずっといい……」
230400 ,,,,,5201,,愛歌,愛歌,01man512_007.wav,,,,,,,,「でもねー、私もう新しく好きな人できたんだー」
230500 ,,,,,5201,,優哉,優哉,,,,,,,,,「え……なんだよ、昨日の今日でか？
　お前、自分は人を好きになるまで時間がかかる方だ
　って言ってたのに……」
230600 ,,,,,5201,,愛歌,愛歌,01man512_008.wav,,,,,,,,「温泉に入ってたら、やっぱりあの人だって
　思っちゃった▼」
230700 ,,,,,5201,,優哉,優哉,,,,,,,,,「思っちゃったって……」
230800 ,,,,,5201,,,,,,,,,,,,　露天風呂で自分が口にしたセリフを思い出すと、
　どこか穴にでも入りたい気分になった。
230900 ,,,,,5201,,,,,,,,,,,,　十年後、売れ残ってたらとか、俺が結婚してやると
　か、空回りも甚だしい。
231000 ,,,,,5201,,優哉,優哉,,,,,,,,,「もしかして……大和か？
　お前の好きになった男って……」
231200 ,,,,,5202,,愛歌,愛歌,01man512_009.wav,,,,,,,,「え……大和くん？」
231300 ,,,,,5202,,優哉,優哉,,,,,,,,,「今朝、大和のこと呼び出して何か話してたろ？
　悠も言っててさ。お前って案外、ああいうタイプが
　好きなんじゃないかって……」
231400 ,,,,,5202,,愛歌,愛歌,01man512_010.wav,,,,,,,,「ああいうタイプって、どういうタイプなのかよく
　分からないけど……」
231600 ,,,,,5201,,愛歌,愛歌,01man512_011.wav,,,,,,,,「ぶっぶー、ハズレでした♪
　大和くんはいい人だけど、お友達以上には思えない
　よー」
231700 ,,,,,5201,,優哉,優哉,,,,,,,,,「ならどうして、今朝はあいつを呼び出して……」
231800 ,,,,,5201,,愛歌,愛歌,01man512_012.wav,,,,,,,,「あのね、昨日のお祭りのとき、私がお＜社＝やしろ＞の方に
　いたら、大和くんが来てブタさんのぬいぐるみ
　をくれたの」
231900 ,,,,,5201,,愛歌,愛歌,01man512_013.wav,,,,,,,,「ひょっとこのお面をかぶってたから誰だったの
　かなーって思ったんだけど、みんなのところへ
　戻ったら大和くんがお面をつけてたから……」
232000 ,,,,,5201,,優哉,優哉,,,,,,,,,「その礼を言うために大和を？」
232100 ,,,,,5201,,愛歌,愛歌,01man512_014.wav,,,,,,,,「うん、それもあるけどね。ブタさんのぬいぐるみは
　貰えませんって返してきたの」
232200 ,,,,,5201,,優哉,優哉,,,,,,,,,「ぶっ！？」
232300 ,,,,,5201,,愛歌,愛歌,01man512_015.wav,,,,,,,,「好きでもない男の人から物は貰えないもんっ。
　大和くんには失礼だと思ったけど……」
232400 ,,,,,5201,,,,,,,,,,,,　……複雑だ。
　俺の５２００円（相当）が、あの大和の手に……。
232500 ,,,,,5201,,愛歌,愛歌,01man512_016.wav,,,,,,,,「来年はまた、優哉ちゃんと一緒にお祭りを回りたい
　なー」
232600 ,,,,,5201,,優哉,優哉,,,,,,,,,「……お前はすぐはぐれるから、面倒を見るのが
　大変なんだよ」
232700 ,,,,,5201,,愛歌,愛歌,01man512_017.wav,,,,,,,,「へーきっ。
　がんばって優哉ちゃんについていくもんっ」
232800 ,,,,,5201,,,,,,,,,,,,　昔からいつもそうだった。
232900 ,,,,,5201,,,,,,,,,,,,　愛歌のこうした態度が、
　俺の距離感を鈍らせていて……。
233000 ,,,,,5201,,,,,,,,,,,,　俺は幼なじみと、恋愛対象との境界線が分からなく
　なっていた。
233100 ,,,,,5201,,,,,,,,,,,,　……いや、違うか。
233200 ,,,,,5201,,,,,,,,,,,,　俺にとって幼なじみというのは……既に恋人より
　ずっと上の、唯一無二の存在だった。
233300 ,,,,,5201,,,,,,,,,,,,　そのことに気付くのが……あまりにも遅すぎた。
233400 ,,,,,5201,,愛歌,愛歌,01man512_018.wav,,,,,,,,「私やっぱり、十年後も独身かなー？」
233500 ,,,,,5201,,,,,,,,,,,,　普通に考えて、こいつがそこまで売れ残っている
　ことは考えられない。
233600 ,,,,,5201,,,,,,,,,,,,　だから、このままじゃダメなんだ。
233700 ,,,,,5201,,,,,,,,,,,,　俺が自分から、≪そこへ≫踏みこまなければ……。
233800 ,,,,,5201,,優哉,優哉,,,,,,,,,「愛歌、俺さ……」
233900 ,,,,,5201,,愛歌,愛歌,01man512_019.wav,,,,,,,,「うん、どうしたの？」
234000 ,,,,,5201,,優哉,優哉,,,,,,,,,「俺……お前の……その……」
234100 ,,,,,5201,,,,,,,,,,,,　その場で立ち止まり、愛歌がそれに＜倣＝なら＞うのを待つ。
234200 ,,,,,5201,,,,,,,,,,,,　勝ち目のない勝負かもしれない。
234300 ,,,,,5201,,,,,,,,,,,,　でも俺はやっぱり、こいつの笑顔を誰よりもそばで
　見ていたい。
234400 ,,,,,5201,,,,,,,,,,,,　こいつがこれから先もずっと、
　こんな風に笑っていられるように……。
234500 ,,,,,5201,,優哉,優哉,,,,,,,,,「愛歌……俺に毎日、味噌汁をつくってくれ！」
234600 ,,,,,5201,,愛歌,愛歌,01man512_020.wav,,,,,,,,「いいよー。
　優哉ちゃんって、なんのお味噌汁が好き～？」
234700 ,,,,,5201,,優哉,優哉,,,,,,,,,「え……そんな簡単に？」
234800 ,,,,,5201,,愛歌,愛歌,01man512_021.wav,,,,,,,,「うん。だってお味噌汁つくるの、そんな大変じゃ
　ないし♪」
234900 ,,,,,5201,,優哉,優哉,,,,,,,,,「…………」
235000 ,,,,,5201,,,,,,,,,,,,　ありかよ。こんなベタベタな展開……。
235100 ,,,,,5201,,,,,,,,,,,,　ダメだ、分かってねえ。
　こいつ、普通に味噌汁を作ろうとしてやがる。
235200 ,,,,,5201,,,,,,,,,,,,　こんな反応をする女、マンガの世界だけだと思って
　たのに……。
235300 ,,,,,5201,,優哉,優哉,,,,,,,,,「お前は何も分かってねえ……よぉく聞けよ？」
235400 ,,,,,5201,,優哉,優哉,,,,,,,,,「俺はなぁ！」
235500 ,,,,,5201,,愛歌,愛歌,01man512_022.wav,,,,,,,,「ん、そんなに大きな声を出さなくても
　聞こえてるよー」
235600 ,,,,,5201,,優哉,優哉,,,,,,,,,「うるさい！
　俺は毎日、お前と一緒に風呂へ入りたいんだ！」
235800 ,,,,,5202,,愛歌,愛歌,01man512_023.wav,,,,,,,,「え……お風呂に？」
235900 ,,,,,5202,,,,,,,,,,,,　きたか？　これ、きたか？
236000 ,,,,,5202,,,,,,,,,,,,　さすがに今度は伝わった気がする。
236100 ,,,,,5202,,,,,,,,,,,,　この表情を見る限り、味噌汁の二の舞にはならない
　はず。
236200 ,,,,,5202,,愛歌,愛歌,01man512_024.wav,,,,,,,,「優哉ちゃん、それって……」
236300 ,,,,,5202,,優哉,優哉,,,,,,,,,「ああ、そうだ。俺はお前と……」
236500 ,,,,,5201,,愛歌,愛歌,01man512_025.wav,,,,,,,,「小さい頃のこと、思い出すねー」
236600 ,,,,,5201,,優哉,優哉,,,,,,,,,「はい？」
236700 ,,,,,5201,,愛歌,愛歌,01man512_026.wav,,,,,,,,「子供の時はいっつも、お母さんと三人でお風呂に
　入ってたもんね♪」
236800 ,,,,,5201,,愛歌,愛歌,01man512_027.wav,,,,,,,,「なんだかすごく懐かしいよー」
236900 ,,,,,5201,,,,,,,,,,,,　……ダメだ。こいつは鈍いとかいうレベルじゃない。
237000 ,,,,,5201,,,,,,,,,,,,　試しにど真ん中のストレートを放ってみるか。
237100 ,,,,,5201,,優哉,優哉,,,,,,,,,「愛歌、俺はお前のことが好きだ」
237200 ,,,,,5201,,愛歌,愛歌,01man512_028.wav,,,,,,,,「うん、私も好きー」
237300 ,,,,,5201,,優哉,優哉,,,,,,,,,「愛歌、愛してる」
237400 ,,,,,5201,,愛歌,愛歌,01man512_029.wav,,,,,,,,「私も愛してるよー。
　あ、お母さんも優哉ちゃんのこと、愛してるって
　言ってた▼」
237500 ,,,,,5201,,,,,,,,,,,,　どんだけ、悪球打ちなんだ。こいつは……。
237600 ,,,,,5201,,,,,,,,,,,,　…………。
237700 ,,,,,5201,,,,,,,,,,,,　待てよ。悪球打ちなら、少し違った方向で攻めた
　方が伝わるんじゃないか？
237800 ,,,,,5201,,,,,,,,,,,,　どうせ正攻法でいったって無理なんだから、
　試してみる価値はあるか。
237900 ,,,,,5201,,,,,,,,,,,,　覚悟しろ、今度のは危険球ギリギリだぜ！
238000 ,,,,,5201,,優哉,優哉,,,,,,,,,「はんっ、お前はおめでたいよなー」
238200 ,,,,,5202,,愛歌,愛歌,01man512_030.wav,,,,,,,,「おめでたい？」
238300 ,,,,,5202,,優哉,優哉,,,,,,,,,「子供のとき、いつも一緒に風呂入ってたのは、
　秋香さんが目当てだったんだよ」
238400 ,,,,,5202,,優哉,優哉,,,,,,,,,「秋香さんの胸、すごかったもんなー。
　今もすごいけど」
238500 ,,,,,5202,,優哉,優哉,,,,,,,,,「男は巨乳に弱い！
　俺も巨乳が好きだ！　秋里秋香、ヒャッホー！」
238600 ,,,,,5202,,愛歌,愛歌,01man512_031.wav,,,,,,,,「…………」
238700 ,,,,,5202,,優哉,優哉,,,,,,,,,「お前の胸は小さい。秋香さんの足下にも及ばない」
238800 ,,,,,5202,,優哉,優哉,,,,,,,,,「だから俺が！」
238900 ,,,,,5202,,優哉,優哉,,,,,,,,,「俺がお前のおっぱい揉んで、大きくしてやる！」
239000 ,,,,,5202,,,,,,,,,,,,　まさに起死回生。
239100 ,,,,,5202,,,,,,,,,,,,　キテる。この表情はキテる。
239200 ,,,,,5202,,,,,,,,,,,,　俺の真摯な気持ちが真っ直ぐに伝わってる！
239300 ,,,,,5202,,愛歌,愛歌,01man512_032.wav,,,,,,,,「……分かりました」
239400 ,,,,,5202,,優哉,優哉,,,,,,,,,「え、マジで？」
239500 ,,,,,5202,,,,,,,,,,,,　思わず愛歌の両肩を掴み、聞き直す。
239600 ,,,,,5202,,愛歌,愛歌,01man512_033.wav,,,,,,,,「そんなにお母さんのおっぱいがいいなら、
　好きなだけ一緒にお風呂へ入ってください……」
239700 ,,,,,5202,,優哉,優哉,,,,,,,,,「あ……え？」
239800 ,,,,,5202,,愛歌,愛歌,01man512_034.wav,,,,,,,,「私はどうせ……どうせ……」
240000 ,,,,5102,,,愛歌,愛歌,01man512_035.wav,"manaka,hanten",,40,,,,,「お母さんの足下にも及ばない、貧乳だからぁぁぁっ」
240100 ,,,,,,,優哉,優哉,,,,,,,,,「あ、ちょっ……」
240200 ,,,,,,,,,,,,,,,,,　俺の手を振り切って、家へ駆けこんでいく愛歌。
240300 ,,,,,,,,,,,,,,,,,　数秒後、秋里宅では。
240400 ,,,,,,,愛歌,愛歌,01man512_036.wav,,,,,,,,「ふぇぇぇっ、お母さぁぁーん！
　優哉ちゃんが……優哉ちゃんがぁぁぁっ」
240500 ,,,,,,,,,,,,,,,,,　……あぁ、絶対また秋香さんに待ち伏せされる。
240790 ,,<!Lend_night>,0,9000,,,,,,,,,,,,,
240799 ,,<!ec_manaka_pri>,,,,,,,,,,,,,,,
240800 ,@513,,,,,,,,,,,,,,,,
241100 ,,<!Lbegin_day_change>,1,5100,,,優哉,優哉,,"manaka,uniform",,4,,,,,「おはようございます！　今日もいい天気ですね！」
241200 ,,,,,,,愛歌,愛歌,01man513_001.wav,manaka,,4,,,,,「……お母さんなら家にいます」
241300 ,,,,,,,,,,manaka,,4,,,,,　翌朝。いきなりの先制攻撃だった。
241400 ,,,,,,,,,,manaka,,4,,,,,　なんで俺が、秋香さんＬＯＶＥ▼　な流れになって
　んだよ……。
241500 ,,,,,,,,,,manaka,,4,,,,,　などと文句も言えず、渋々と愛歌のあとをついてい
　く。
241700 ,,<!move_normal>,,12300,,,優哉,優哉,,manaka,,4,,,,,「俺、実は貧乳好きなんです。なんちゃってー」
241800 ,,,,,,,愛歌,愛歌,01man513_002.wav,manaka,,7,,,,,「…………」
241900 ,,,,,,,,,,manaka,,7,,,,,　事態は悪化の一途をたどっていた。
242000 ,,,,,,,,,,manaka,,7,,,,,　しかし、どうしてこうなるかな……。
242100 ,,,,,,,,,,manaka,,7,,,,,　自然とため息が洩れ、愛歌はその直後に足を止める。
242200 ,,,,,,,優哉,優哉,,manaka,,7,,,,,「まだ怒ってんのか？」
242300 ,,,,,,,愛歌,愛歌,01man513_003.wav,manaka,,4,,,,,「…………」
242400 ,,,,,,,優哉,優哉,,manaka,,4,,,,,「なあ、黙ってないでなんとか言えって」
242500 ,,,,,,,愛歌,愛歌,01man513_004.wav,manaka,,1,,,,,「……私、実は怒ってないんです。なんちゃってー♪」
242600 ,,,,,,,,,,manaka,,1,,,,,　突然の明るい声に、俺はしばし言葉を失っていた。
242700 ,,,,,,,,,,manaka,,1,,,,,　そんな俺をよそに、愛歌はしてやったりの表情で
　再び足を進め始める。
242800 ,,,,,,,優哉,優哉,,manaka,,1,,,,,「お前、いつからそんな演技派になったんだよ」
242900 ,,,,,,,愛歌,愛歌,01man513_005.wav,manaka,,42,,,,,「あのね、お母さんに言われたの。
　朝、登校するときにしばらく無視してみなさいって」
243000 ,,,,,,,優哉,優哉,,manaka,,42,,,,,「やれやれ、あの人の入れ知恵か……」
243100 ,,,,,,,愛歌,愛歌,01man513_006.wav,manaka,,42,,,,,「本当は登校が終わるまでって話だったけど、
　優哉ちゃんがかわいそうになっちゃって……」
243200 ,,,,,,,優哉,優哉,,manaka,,42,,,,,「優しいんだか、優しくないんだか……」
243300 ,,,,,,,,,,manaka,,42,,,,,　ようやく愛歌に追いつき、のんびりと登校をする
　雰囲気になった。
243400 ,,,,,,,,,,manaka,,42,,,,,　横を歩く愛歌の足取りは軽い。
243500 ,,,,,,,愛歌,愛歌,01man513_007.wav,manaka,,0,,,,,「ねえねえ、もうすぐ優哉ちゃんの誕生日だよね？」
243600 ,,,,,,,優哉,優哉,,manaka,,0,,,,,「つーか、お前の誕生日もな」
243700 ,,,,,,,,,,manaka,,0,,,,,　愛歌は俺よりも一日早く生まれている。
243800 ,,,,,,,,,,manaka,,0,,,,,　だから当然、誕生日も愛歌が先で、次の日に俺が
　年をとることになる。
243900 ,,,,,,,愛歌,愛歌,01man513_008.wav,manaka,,3,,,,,「今年のお誕生会、私のおウチでやってもいい？」
244000 ,,,,,,,優哉,優哉,,manaka,,3,,,,,「ああ、今年もやるのか。
　俺は別に祝ってもらわなくてもいいんだけどなあ」
244100 ,,,,,,,愛歌,愛歌,01man513_009.wav,manaka,,5,,,,,「そんなのダメだよー。今まで毎年、お誕生会は
　やってきたんだから」
244200 ,,,,,,,,,,manaka,,5,,,,,　俺と愛歌の合同お誕生会は、墨崎家と秋里家の
　恒例行事だった。
244300 ,,,,,,,,,,manaka,,5,,,,,　実際はケーキをひとつで済ませようという、
　大人の事情が隠れているのだが。
244400 ,,,,,,,愛歌,愛歌,01man513_010.wav,manaka,,90,,,,,「絶対、参加しないとダメだからね？
　欠席したら毎朝、ピンポンを押して逃げちゃうから」
244500 ,,,,,,,,,,manaka,,90,,,,,　それは本気でやめてくれ。
244600 ,,,,,,,優哉,優哉,,manaka,,90,,,,,「んじゃ、千紗と陽向にも伝えとくわ。
　愛歌の誕生日に家へ行けばいいんだろ？」
244700 ,,,,,,,愛歌,愛歌,01man513_011.wav,manaka,,1,,,,,「うんっ。そのまま０時を回ったら、優哉ちゃんの
　バースデーだよ？」
244800 ,,,,,,,優哉,優哉,,manaka,,1,,,,,「その前に千紗たちは寝てると思うがな」
244900 ,,,,,,,,,,manaka,,1,,,,,　しかし、すっかり忘れてたな。
245000 ,,,,,,,,,,manaka,,1,,,,,　愛歌の誕生日プレゼント、どうするか……。
245100 ,,,,,,,,,,manaka,,1,,,,,　念のために財布を覗いてみると、中には３２円しか
　入ってなかった。
245200 ,,,,,,,,,,manaka,,1,,,,,　って、３２円！？
245300 ,,,,,,,,,,manaka,,1,,,,,　…………。
245400 ,,,,,,,,,,manaka,,1,,,,,　やべえ、祭りの輪投げで５０００円使ったんだった。
245500 ,,,,,,,,,,manaka,,1,,,,,　絶望的なまでにプレゼントを買う金がない。
245600 ,,,,,,,,,,manaka,,1,,,,,　愛歌は、誕生日のプレゼントがなくても気には
　しないだろうが……。
245700 ,,,,,,,愛歌,愛歌,01man513_012.wav,manaka,,42,,,,,「私たちもどんどん大人になっていっちゃうねー」
245800 ,,,,,,,優哉,優哉,,manaka,,42,,,,,「そうだな。お前なんて少し前まで、
　こーんな小さかったのにな」
245900 ,,,,,,,愛歌,愛歌,01man513_013.wav,manaka,,2,,,,,「もー、それは大げさだよー。
　私、そんなに小さくなかったもん……」
246000 ,,,,,,,,,,manaka,,2,,,,,　……やっぱり、誕生日には何かあげたいな。
246100 ,,,,,,,,,,manaka,,2,,,,,　それで今度はしっかり、俺の気持ちを伝えたい。
246200 ,,,,,,,,,,manaka,,2,,,,,　が、金がない。
246300 ,,,,,,,,,,manaka,,2,,,,,　親父に借金するという手もあるが……。
246400 ,,,,,,,,,,manaka,,2,,,,,　…………。
246500 ,,,,,,,,,,manaka,,2,,,,,　そういや、俺が祭りの日に渡したぬいぐるみ……
　確か、愛歌は大和に返したって言ってたよな。
246600 ,,,,,,,,,,manaka,,2,,,,,　あれを取り戻せば、ちょっとしたサプライズに
　なるかもしれない。
246700 ,,,,,,,,,,manaka,,2,,,,,　……よし、そうと決まれば！
246900 ,,<!move_normal>,,4300,,,大和,大和,08yam513_001.wav,"yamato,uniform",,0,,,,,「あー、あれか。確かに秋里から渡されたぜ」
247000 ,,,,,,,優哉,優哉,,yamato,,0,,,,,「そうか、それで今そのぬいぐるみはどこにある？」
247100 ,,,,,,,大和,大和,08yam513_002.wav,yamato,,0,,,,,「俺んち」
247200 ,,,,,,,優哉,優哉,,yamato,,0,,,,,「取りにいく。今日の放課後、お前の家まで取りに
　いくぞ」
247300 ,,,,,,,大和,大和,08yam513_003.wav,yamato,,2,,,,,「そりゃダメだ」
247400 ,,,,,,,優哉,優哉,,yamato,,2,,,,,「なんでだよっ。
　いいだろ、ぬいぐるみを取りにいくぐらいっ」
247500 ,,,,,,,大和,大和,08yam513_004.wav,yamato,,0,,,,,「取りにくるのはいいさ。でもぬいぐるみがない」
247600 ,,,,,,,優哉,優哉,,yamato,,0,,,,,「ぬいぐるみがないって……どういうことだよ、
　おいっ！」
247700 ,,,,,,,大和,大和,08yam513_005.wav,yamato,,3,,,,,「あのぬいぐるみ、明日香に持ってかれた」
247800 ,,,,,,,優哉,優哉,,yamato,,3,,,,,「明日香ちゃんに？
　なら返してくれるように言ってくれ」
247900 ,,,,,,,大和,大和,08yam513_006.wav,yamato,,0,,,,,「そりゃ無理だ」
248000 ,,,,,,,優哉,優哉,,yamato,,0,,,,,「なんでだよっ。お前の妹だろうがっ」
248200 ,,,,,,,大和,大和,08yam513_007.wav,yamato,,3,,,,,「……こっちにも色々と事情があってな。
　こればっかりは俺の力じゃどうにもならない」
248300 ,,,,,,,優哉,優哉,,yamato,,3,,,,,「マジかよ……」
248400 ,,,,,,,,,,yamato,,3,,,,,　唯一の望みがこれで絶たれた。
248500 ,,,,,,,,,,,,,,,,,　ちなみに一応、保険として先に親父の携帯へかけて
　みたが、
248600 ,,,,,,,英俊,英俊,13eis513_001.wav,,,,,,,,「どうした、優哉？　電話なんかかけてきて……
　金ならないぞ」
248700 ,,,,,,,,,,,,,,,,,　３秒で終わった。
248800 ,,,,,,,,,,,,,,,,,　大和に頼めば金は貸してくれるだろうが……他人の
　金でプレゼントを買っても意味がないんだよな。
248900 ,,,,,,,,,,,,,,,,,　まあ、親の金で買うのも邪道と言えばそうだが。
249000 ,,,,,,,,,,,,,,,,,　誕生日まで、バイトするほどの時間はねえし……。
249100 ,,,,,,,,,,,,,,,,,　はあ……今年は気が重いお誕生会になりそうだ……。
249390 ,,<!Lend_day_change>,0,9000,,,,,,,,,,,,,
249399 ,,<!ec_manaka_uni>,,,,,,,,,,,,,,,
249400 ,@514,,,,,,,,,,,,,,,,
249690 ,$heroine_begin,,,,,,,,,,,,,,,,
249700 ,,<!Lbegin_morning>,2,9000,,,秋香,秋香,11aki514_001.wav,,,,,,,,「愛歌、そろそろ時間よ？
　今日は早めに起きて、お誕生会のクッキーを
　焼くんでしょう？」
249900 ,,,,5200,,,愛歌,愛歌,01man514_001.wav,"akika,pajamas",,3,,,,,「……うん。でも私、どんな顔をして優哉ちゃんに
　会えばいいか分からないよ……」
250000 ,,,,,,,,,,akika,,3,,,,,　誕生日の朝。
250100 ,,,,,,,,,,akika,,3,,,,,　私は最悪の寝覚めを迎えていた。
250200 ,,,,,,,,,,akika,,3,,,,,　本当は朝からクッキーを焼いて、それを優哉ちゃんに
　食べてもらおうと思っていたのに……。
250300 ,,,,,,,秋香,秋香,11aki514_002.wav,akika,,4,,,,,「まだそのことを気にしてるの？
　優哉くんはそんなことであなたを責めるような
　子じゃないわ」
250400 ,,,,,,,秋香,秋香,11aki514_003.wav,akika,,0,,,,,「それに優哉くんは知っているんでしょう？
　あなたがあのブタさんのぬいぐるみを……」
250690 ,,<!scene_past_begin>,8,9000,,,,,,,,,,,,,
250700 ,,,,4400,,#mono,悠,悠,02yuu514_001.wav,"yuu,uniform",,53,,,,,「げっ、それほんと？
　マジであのブタのぬいぐるみ、大和に渡しちゃった
　わけ？」
250800 ,,,,,,#mono,愛歌,愛歌,01man514_002.wav,yuu,,53,,,,,「うん。だって受け取れないもん。
　大和くんの気持ちは嬉しかったけど……」
250900 ,,,,,,#mono,悠,悠,02yuu514_002.wav,yuu,,12,,,,,「あちゃー……そりゃ最悪だわ」
251000 ,,,,,,#mono,愛歌,愛歌,01man514_003.wav,yuu,,12,,,,,「えっ、最悪？」
251100 ,,,,,,#mono,悠,悠,02yuu514_003.wav,yuu,,4,,,,,「んー、優哉には口止めされてたんだけどさ。
　祭りの日、愛歌にぬいぐるみを渡したのって、
　優哉だったんよ」
251200 ,,,,,,#mono,愛歌,愛歌,01man514_004.wav,yuu,,4,,,,,「――――！？」
251300 ,,,,,,#mono,悠,悠,02yuu514_004.wav,yuu,,5,,,,,「あんた、あの日は別行動だったでしょ？
　優哉も寂しかったみたいでさ」
251400 ,,,,,,#mono,悠,悠,02yuu514_005.wav,yuu,,5,,,,,「私が買ったイカ焼きも食べないで、ずっと周りを
　キョロキョロしてたのよね」
251500 ,,,,,,#mono,悠,悠,02yuu514_006.wav,yuu,,3,,,,,「優哉は自分じゃ絶対言わないだろうけど……
　あいつ、愛歌のことめっちゃ心配してた」
251600 ,,,,,,#mono,愛歌,愛歌,01man514_005.wav,yuu,,3,,,,,「…………」
251700 ,,,,,,#mono,悠,悠,02yuu514_007.wav,yuu,,12,,,,,「笑っちゃうのがさー、輪投げで景品のぬいぐるみを
　とるのに、５０００円も使ったんよ。あいつ……」
251800 ,,,,,,#mono,愛歌,愛歌,01man514_006.wav,yuu,,12,,,,,「ご、ごせんえんっ！？」
251900 ,,,,,,#mono,悠,悠,02yuu514_008.wav,yuu,,3,,,,,「よっぽど、愛歌に渡したかったんだろうね。
　私も景品をとったときは感動しちゃってさ」
252000 ,,,,,,#mono,悠,悠,02yuu514_009.wav,yuu,,3,,,,,「ほんと、あいつらしいわ。渡すだけ渡して、
　ひょっとこのお面を大和に押しつけて……」
252100 ,,,,,,#mono,愛歌,愛歌,01man514_007.wav,yuu,,3,,,,,「じゃあ……あのとき、私にぬいぐるみをくれた
　のは……」
252200 ,,,,,,#mono,悠,悠,02yuu514_010.wav,yuu,,12,,,,,「あんたの幼なじみ以外、いるわけないでしょーが」
252290 ,,,0,9000,,,,,,,,,,,,,
252500 ,,<!scene_past_end>,2,5200,,,,,,akika,,0,,,,,　……悠にその話を聞いたあと、私は大和くんに
　詳しい事情を話した。
252600 ,,,,,,,,,,akika,,0,,,,,　優哉ちゃんがくれたぬいぐるみを、返してもらえる
　ように。
252700 ,,,,,,,,,,akika,,0,,,,,　でも……ぬいぐるみは大和くんの妹さんに渡って、
　返すことはできないという話だった。
252800 ,,,,,,,,,,akika,,0,,,,,　いつも優哉ちゃんは、私に本当のことを話しては
　くれない。
253090 ,,<!scene_past_begin>,8,9000,,,,,,,,,,,,,
253100 ,,,,,5201,#mono,,,,,,,,,,,　あのときも、私が大和くんにぬいぐるみを返した
　ことを話したのに……。
253200 ,,,,,5201,#mono,,,,,,,,,,,　優哉ちゃんは、私を責めたりはしなかった。
253290 ,,,0,9000,,,,,,,,,,,,,
253500 ,,<!scene_past_end>,2,5200,,,,,,akika,,0,,,,,　もっと早く、気付いていれば……この日をこんな
　憂鬱な気分で迎えずに済んだのに。
253600 ,,,,,,,愛歌,愛歌,01man514_008.wav,akika,,0,,,,,「……優哉ちゃん、どうしてなにも言わなかったのか
　な」
253700 ,,,,,,,愛歌,愛歌,01man514_009.wav,akika,,0,,,,,「私が勘違いで、ぬいぐるみを違う人に渡しちゃった
　こと、知ってたのに……」
253800 ,,,,,,,,,,akika,,0,,,,,　私が布団に顔を＜埋＝うず＞めて泣き言を言っていると、
　お母さんは優しく髪を撫でてくれる。
253900 ,,,,,,,,,,akika,,0,,,,,　お母さんの手は、いつも温かい……。
254000 ,,,,,,,秋香,秋香,11aki514_004.wav,akika,,4,,,,,「優哉くんはそういう人だもの。
　それは小さい頃から一緒にいたあなたが、
　一番よく知っているはずでしょう？」
254100 ,,,,,,,愛歌,愛歌,01man514_010.wav,akika,,4,,,,,「でも……優しくされるだけなんてツラいよ……」
254200 ,,,,,,,秋香,秋香,11aki514_005.wav,akika,,0,,,,,「ならあなたも、負けないように優しくしてあげれば
　いいじゃない？」
254300 ,,,,,,,愛歌,愛歌,01man514_011.wav,akika,,0,,,,,「…………」
254400 ,,,,,,,秋香,秋香,11aki514_006.wav,akika,,4,,,,,「すみさきさんの温泉に入って、決めたんでしょう？」
254500 ,,,,,,,秋香,秋香,11aki514_007.wav,akika,,4,,,,,「今までの後ろ向きな自分にさよならをして、
　優哉くんへの≪新しい恋≫を始めようって……」
254600 ,,,,,,,愛歌,愛歌,01man514_012.wav,akika,,4,,,,,「うん……ねえ、お母さん」
254700 ,,,,,,,秋香,秋香,11aki514_008.wav,akika,,0,,,,,「あら、おはよ♪
　早くしないと、クッキー間に合わないわよ」
254800 ,,,,,,,愛歌,愛歌,01man514_013.wav,akika,,0,,,,,「クッキーはがんばってつくる。
　優哉ちゃんにあやまらないといけないし……」
254900 ,,,,,,,愛歌,愛歌,01man514_014.wav,akika,,0,,,,,「でもその前に、お母さんに言っておきたいことが
　あるの……」
255000 ,,,,,,,秋香,秋香,11aki514_009.wav,akika,,1,,,,,「なぁに？　お世話になりましたーはまだ早いわよ」
255100 ,,,,,,,愛歌,愛歌,01man514_015.wav,akika,,1,,,,,「……ありがとね。
　私を優哉ちゃんと出逢わせてくれて……」
255200 ,,,,,,,秋香,秋香,11aki514_010.wav,akika,,0,,,,,「そんな、大げさね。
　私はただ、あの子に母乳をあげただけよ？」
255300 ,,,,,,,愛歌,愛歌,01man514_016.wav,akika,,0,,,,,「それと私……お母さんの娘でよかった」
255400 ,,,,,,,秋香,秋香,11aki514_011.wav,akika,,2,,,,,「！？」
255500 ,,,,,,,愛歌,愛歌,01man514_017.wav,akika,,2,,,,,「私は秋里愛歌として生まれてきたことを……
　誇りに思います……」
255790 ,,<!Lend_scene_change>,0,9000,,,,,,,,,,,,,
255798 ,,<!ec_manaka_pri>,,,,,,,,,,,,,,,
255799 ,$heroine_end,,,,,,,,,,,,,,,,
255800 ,@515,,,,,,,,,,,,,,,,
256100 ,,<!Lbegin_scene_change>,7,200,,,優哉,優哉,,,,,,,,,「ダメだ……俺はもうダメだ……」
256200 ,,,,,,,,,,,,,,,,,　愛歌の誕生日当日。
256300 ,,,,,,,,,,,,,,,,,　未だに俺は、愛歌へのプレゼントを決めかねていた。
256400 ,,,,,,,,,,,,,,,,,　この際、千紗の部屋からぬいぐるみでも盗んでくる
　か……。
256500 ,,,,,,,千紗,千紗,06tis515_001.wav,"chisa,private",,0,,,,,「あ、お兄ちゃんっ。もう支度はできたの？」
256600 ,,,,,,,優哉,優哉,,chisa,,0,,,,,「バカ、まだ盗んでねえって！」
256700 ,,,,,,,千紗,千紗,06tis515_002.wav,chisa,,4,,,,,「盗んでないって何が？」
256800 ,,,,,,,優哉,優哉,,chisa,,4,,,,,「あ、いやなんでもない……」
256900 ,,,,,,,,,,chisa,,4,,,,,　おめでたい日だというのに、
　気分はすっかり犯罪者だった。
257000 ,,,,,,,,,,chisa,,4,,,,,　人間、追いこまれると心が荒んでいくな……。
257100 ,,,,,,,陽向,陽向,07hin515_001.wav,chisa,,4,"hinata,private",,0,,「お姉ちゃん、ほんとにこのぬいぐるみいいの～？」
257200 ,,,,,,,,,,chisa,,4,hinata,,0,,　そんな兄のささくれ立った心を癒す、＜陽向＝おとうと＞の声。
257300 ,,,,,,,,,,chisa,,4,hinata,,0,,　千紗と同様、支度を終えた陽向がピンク色の物体を
　手にリビングへ姿を現す。
257400 ,,,,,,,千紗,千紗,06tis515_003.wav,chisa,,1,hinata,,0,,「うんっ、それは陽向にあげる。
　でも明日香ちゃんには内緒ね♪」
257500 ,,,,,,,陽向,陽向,07hin515_002.wav,chisa,,1,hinata,,1,,「わー、ありがとー。これ大事にするねー」
257600 ,,,,,,,優哉,優哉,,chisa,,1,hinata,,1,,「仲のいい姉弟でいいな、お前らは。
　千紗から何を貰ったんだ、陽向？」
257700 ,,,,,,,陽向,陽向,07hin515_003.wav,chisa,,1,hinata,,1,,「うん、ブタさんのぬいぐるみだよー」
257800 ,,,,,,,優哉,優哉,,chisa,,1,hinata,,1,,「へー、ブタのね。
　どれ、見せてみ……って、お前それっ！？」
257900 ,,,,,,,陽向,陽向,07hin515_004.wav,chisa,,1,hinata,,0,,「どうしたの、お兄ちゃん？」
258000 ,,,,,,,,,,chisa,,1,hinata,,0,,　……奇跡だ。
258100 ,,,,,,,,,,chisa,,1,hinata,,0,,　陽向が手にしていたのは、まちがいなく俺が出店の
　景品でとったブタのぬいぐるみだった。
258200 ,,,,,,,,,,chisa,,1,hinata,,0,,　あのつぶらな瞳、そして少し拗ねて尖った口。
258300 ,,,,,,,,,,chisa,,1,hinata,,0,,　俺の５２００円が返ってきた……。
258400 ,,,,,,,千紗,千紗,06tis515_004.wav,chisa,,2,hinata,,0,,「お兄ちゃん……泣いてる？」
258500 ,,,,,,,陽向,陽向,07hin515_005.wav,chisa,,2,hinata,,4,,「このぬいぐるみがどうかしたのー？」
258600 ,,,,,,,優哉,優哉,,chisa,,2,hinata,,4,,「そうだ、陽向お前……そのぬいぐるみ、どこで手に
　入れた？」
258700 ,,,,,,,陽向,陽向,07hin515_006.wav,chisa,,2,hinata,,3,,「ボクは、お姉ちゃんからもらったんだけど……」
258800 ,,,,,,,優哉,優哉,,chisa,,2,hinata,,3,,「じゃあ、千紗。お前はどこでそのぬいぐるみを？」
258900 ,,,,,,,千紗,千紗,06tis515_005.wav,chisa,,3,hinata,,3,,「千紗は明日香ちゃんからもらったの。
　明日香ちゃん、すごい怖い顔して、これは呪いの
　人形だからって……」
259000 ,,,,,,,,,,chisa,,3,hinata,,3,,　……そんな曰く付きなもん、弟に渡すな。
259100 ,,,,,,,,,,chisa,,3,hinata,,3,,　しかし明日香ちゃんから貰ったってことは、
　俺→愛歌→大和→明日香ちゃん→千紗→陽向と
　経由してきたわけか。
259200 ,,,,,,,,,,chisa,,3,hinata,,3,,　心なしか、ブタも疲れ気味だ。
259300 ,,,,,,,優哉,優哉,,chisa,,4,hinata,,3,,「なあ、陽向。
　悪いけどそのぬいぐるみ、俺にくれるか？」
259400 ,,,,,,,陽向,陽向,07hin515_007.wav,chisa,,4,hinata,,0,,「お兄ちゃん、これ欲しいの？」
259500 ,,,,,,,優哉,優哉,,chisa,,4,hinata,,0,,「ああ。その人形には明日香ちゃんの言うとおり、
　強い呪いがかかってるんだ」
259600 ,,,,,,,優哉,優哉,,chisa,,4,hinata,,0,,「俺は兄として、お前を呪いから守る義務がある……」
259700 ,,,,,,,,,,chisa,,4,hinata,,0,,　愛歌のプレゼントと同時に、兄としての地位を向上
　させる絶好の機会。
259800 ,,,,,,,,,,chisa,,4,hinata,,0,,　これで５２００円の投資は安かったな、うん。
259900 ,,,,,,,陽向,陽向,07hin515_008.wav,chisa,,4,hinata,,4,,「そんなのダメだよっ。
　お兄ちゃんがボクの代わりに呪われちゃうなんて」
260000 ,,,,,,,千紗,千紗,06tis515_006.wav,chisa,,7,hinata,,4,,「陽向が呪われるのもダメでしょっ。
　それ、千紗に貸してっ」
260100 ,,,,,,,,,,chisa,,7,hinata,,4,,　ヤバい、面倒な流れになってきた……。
260200 ,,,,,,,優哉,優哉,,chisa,,7,hinata,,4,,「いいから俺によこせって！
　お前らガキはすっこんでろ！」
260300 ,,,,,,,陽向,陽向,07hin515_009.wav,chisa,,7,hinata,,5,,「ボクだってもうオトナだよー」
260400 ,,,,,,,千紗,千紗,06tis515_007.wav,chisa,,41,hinata,,5,,「千紗だってオトナだもん！」
260500 ,,,,,,,優哉,優哉,,chisa,,41,hinata,,5,,「ほい、隙あり」
260600 ,,,,,,,千紗,千紗,06tis515_008.wav,chisa,,15,hinata,,5,,「あああーっ！？」
260700 ,,,,,,,,,,chisa,,15,hinata,,5,,　千紗の手に渡っていたぬいぐるみを奪い、
　二人の手が届かない位置まで頭上にブタを
　掲げる。
260800 ,,,,,,,,,,chisa,,15,hinata,,5,,　二人はジャンプしてそれを取り返そうとしたが、
　身長差を埋められるほどの勢いはない。
260900 ,,,,,,,,,,chisa,,15,hinata,,5,,　運動会の玉入れをしてる小学生みたいだな……。
261000 ,,,,,,,,,,chisa,,15,hinata,,5,,　ほどなく千紗と陽向は体力が尽き、
　その場で崩れ落ちていった。
261100 ,,,,,,,陽向,陽向,07hin515_010.wav,chisa,,15,hinata,,3,,「はあはあ、ふぅ、でもお兄ちゃん……呪いって
　だいじょうぶなの？」
261200 ,,,,,,,千紗,千紗,06tis515_009.wav,chisa,,3,hinata,,3,,「きちんとお＜祓＝はら＞いとかしてもらった方がいいよ。
　人形には霊が宿りやすいって言うし……」
261300 ,,,,,,,優哉,優哉,,chisa,,3,hinata,,3,,「……大丈夫だよ。呪いが解ける呪文を知ってるから」
261400 ,,,,,,,陽向,陽向,07hin515_011.wav,chisa,,3,hinata,,4,,「呪いが解ける……」
261500 ,,,,,,,千紗,千紗,06tis515_010.wav,chisa,,4,hinata,,4,,「呪文？」
261700 ,,<!move_normal>,,5100,,,愛歌,愛歌,01man515_001.wav,"manaka,private",,0,,,,,「あっ、千紗ちゃんと陽向くん、いらっしゃい♪
　どうぞ、中に入って～」
261800 ,,,,,,,陽向＠千紗,陽向＆千紗,07hin515_012.wav＠06tis515_011.wav＠ext515_e01.wav,chisa,,1,hinata,,1,,「おじゃましまーす」
261900 ,,,,,,,愛歌,愛歌,01man515_002.wav,manaka,,4,,,,,「優哉ちゃんも……」
262000 ,,,,,,,優哉,優哉,,manaka,,4,,,,,「ああ」
262100 ,,,,,,,,,,manaka,,4,,,,,　ブタのぬいぐるみを懐に隠し、愛歌の導きに従う。
262200 ,,,,,,,,,,manaka,,4,,,,,　俺たちはまるで夫婦のように肩を並べ、
　千紗と陽向の後ろ姿を見守っていた。
262300 ,,,,,,,愛歌,愛歌,01man515_003.wav,manaka,,90,,,,,「二人とも、元気だねー」
262400 ,,,,,,,優哉,優哉,,manaka,,90,,,,,「だな。あいつら見てると、自分が年寄りになった
　気分になるわ」
262500 ,,,,,,,愛歌,愛歌,01man515_004.wav,manaka,,1,,,,,「でも優哉ちゃんは、年をとっても素敵なおじさまに
　なりそう」
262600 ,,,,,,,優哉,優哉,,manaka,,1,,,,,「そうかあ？　お前はきっとあれだな」
262700 ,,,,,,,,,,manaka,,1,,,,,　愛歌の未来を想像して、真っ先に秋香さんの姿が
　思い浮かんだ。
262800 ,,,,,,,,,,manaka,,1,,,,,　きっと愛歌も、秋香さんみたいにかわいいお母さんに
　なるんだろうな……。
262900 ,,,,,,,愛歌,愛歌,01man515_005.wav,manaka,,0,,,,,「ねえねえ、私はきっとなぁに？」
263000 ,,,,,,,優哉,優哉,,manaka,,0,,,,,「ごくごく普通のお母さん」
263100 ,,,,,,,愛歌,愛歌,01man515_006.wav,manaka,,3,,,,,「や、やっぱり普通が一番だよっ」
263200 ,,,,,,,優哉,優哉,,manaka,,3,,,,,「俺は美人でスタイルもよくて、みんなから好かれる
　お母さんがいいなあ……」
263300 ,,,,,,,愛歌,愛歌,01man515_007.wav,manaka,,5,,,,,「むー……優哉ちゃんは、ハードルが高すぎー」
263400 ,,,,,,,,,,manaka,,5,,,,,　軽々と俺のハードルを飛び越えてきたヤツが
　何を言うんだか。
263600 ,,<!move_short>,,5200,,,秋香,秋香,11aki515_001.wav,"akika,private",,1,,,,,「はい、みんなー。遠慮せずどんどん食べてね～」
263700 ,,,,,,,愛歌,愛歌,01man515_008.wav,akika,,1,manaka,,15,,「お母さん、いいってばぁ。あとは私がやるから……」
263800 ,,,,,,,秋香,秋香,11aki515_002.wav,akika,,1,manaka,,15,,「いいからいいから♪
　今日は愛歌と優哉くんが主役なんだし▼」
263900 ,,,,,,,,,,akika,,1,manaka,,15,,　愛歌の部屋に案内された俺たちは、そこで秋香さんに
　丁重なもてなしを受けていた。
264000 ,,,,,,,,,,akika,,1,manaka,,15,,　テーブルの上に並ぶマグカップ。
264100 ,,,,,,,,,,akika,,1,manaka,,15,,　編みカゴに入れられた手作りのクッキーは、
　焼きたてのようでまだ温かかった。
264200 ,,,,,,,,,,akika,,1,manaka,,15,,　部屋には甘く香ばしい匂いが漂い、
　ついついそれに誘われてカゴに手が伸びる。
264300 ,,,,,,,秋香,秋香,11aki515_003.wav,akika,,0,manaka,,15,,「ねえ、優哉くぅん。≪私≫の作ったクッキーおいし？」
264400 ,,,,,,,優哉,優哉,,akika,,0,manaka,,15,,「これ、普通にお店で売れそうですね。
　マジで美味いっすよ」
264500 ,,,,,,,秋香,秋香,11aki515_004.wav,akika,,1,manaka,,15,,「ほんとぉ？　秋香、嬉しぃぃぃ▼」
264600 ,,,,,,,,,,akika,,1,manaka,,15,,　そんな俺たちのやりとりを、愛歌は＜河豚＝ふぐ＞のように
　頬を膨らませて睨んでいた。
264700 ,,,,,,,優哉,優哉,,akika,,1,manaka,,15,,「愛歌もそんな顔してないで食えよ。
　美味いぞ、秋香さんのクッキー」
264800 ,,,,,,,愛歌,愛歌,01man515_009.wav,akika,,1,manaka,,5,,「……いい。お腹いっぱいだから」
264900 ,,,,,,,優哉,優哉,,akika,,1,manaka,,5,,「お前は誕生日なのに暗いねえ」
265000 ,,,,,,,秋香,秋香,11aki515_005.wav,akika,,2,manaka,,5,,「そうよ、愛歌。たまには『愛歌、嬉しぃぃぃ▼』とか
　言ってみればぁ？」
265100 ,,,,,,,秋香,秋香,11aki515_006.wav,akika,,0,manaka,,5,,「こうやって、おっぱいをぎゅ～って押しつけて♪」
265200 ,,,,,,,愛歌,愛歌,01man515_010.wav,akika,,0,manaka,,2,,「もぉ、お母さんは離れてっ。
　私の誕生日にそんなの押しつけないでってばー」
265300 ,,,,,,,秋香,秋香,11aki515_007.wav,akika,,1,manaka,,2,,「これは優哉くんへの誕生日プレゼントだもの。
　ね～？」
265400 ,,,,,,,優哉,優哉,,akika,,1,manaka,,2,,「ね～？」
265500 ,,,,,,,,,,akika,,1,manaka,,2,,　すっかり俺も猫なで声だった！
265600 ,,,,,,,,,,akika,,1,manaka,,2,,　ここは天国だよ……。
265700 ,,,,,,,秋香,秋香,11aki515_008.wav,akika,,6,manaka,,2,,「ねえねえ、優哉くぅん。
　ここのクッキーも食べてくれるぅ？」
265800 ,,,,,,,優哉,優哉,,akika,,6,manaka,,2,,「うほっ！」
265900 ,,,,,,,,,,akika,,6,manaka,,2,,　秋香さんは胸の谷間にクッキーを挟み、クネクネと
　腰を動かしてくる。
266000 ,,,,,,,,,,akika,,6,manaka,,2,,　俺は仕方なくそれに手を伸ばしたが、
266100 ,,,,,,,秋香,秋香,11aki515_009.wav,akika,,2,manaka,,2,,「手は使ったらだ～め▼」
266200 ,,,,,,,,,,akika,,2,manaka,,2,,　そのまま頭を抱えこまれ、顔面から深い谷間に
　突っこむハメになった。
266300 ,,,,,,,秋香,秋香,11aki515_010.wav,akika,,1,manaka,,2,,「あらぁ、優哉くんったらクッキーを食べるの上手ぅ。
　ねえ、クッキーおいしかったぁ？」
266400 ,,,,,,,優哉,優哉,,akika,,1,manaka,,2,,「さ、最高っ」
266500 ,,,,,,,秋香,秋香,11aki515_011.wav,akika,,6,manaka,,2,,「やぁぁぁん、秋香嬉しい～～～▼」
266600 ,,,,,,,優哉,優哉,,akika,,6,manaka,,2,,「あぁぁぁぁぁぁぁぁぁぁぁ……」
266700 ,,,,,,,,,,akika,,6,manaka,,2,,　秋香さんは俺の頭を抱えこんだまま、身体を横に
　振ってくる。
266800 ,,,,,,,,,,akika,,6,manaka,,2,,　大玉サイズのメロンが左右から≪たゆんたゆん≫し、
　そのまま深い谷の底に吸いこまれそうだった。
266900 ,,,,,,,秋香,秋香,11aki515_012.wav,akika,,1,manaka,,2,,「愛歌もよ～く見てなさい？
　男の子はこうすると喜ぶのよぉ～」
267000 ,,,,,,,愛歌,愛歌,01man515_011.wav,akika,,1,manaka,,3,,「ゆ、優哉ちゃんはおっぱいで喜んだりしないもんっ」
267100 ,,,,,,,秋香,秋香,11aki515_013.wav,akika,,6,manaka,,3,,「優哉くぅん、実は谷間の深いところにもクッキーが
　あるんだけどぉ……」
267200 ,,,,,,,優哉,優哉,,akika,,6,manaka,,3,,「い、いただきます！　いただきますとも！」
267300 ,,,,,,,愛歌,愛歌,01man515_012.wav,akika,,6,manaka,,2,,「優哉ちゃっ……いただいちゃダメぇっ！
　それ、お母さんの罠だよっ。帰ってこられなく
　なっちゃうよぉっ」
267400 ,,,,,,,,,,akika,,6,manaka,,2,,　既に社会復帰は難しい状態ですが。
267500 ,,,,,,,,,,akika,,6,manaka,,2,,　とはいえ、千紗や陽向の視線も冷たかったため、
　俺は自力で谷間地獄から脱出した。
267600 ,,,,,,,,,,akika,,6,manaka,,2,,　こんな人が嫁さんだったら、ヤバすぎる。
267700 ,,,,,,,,,,akika,,6,manaka,,2,,　一日中、おっぱいにむしゃぶりついてそうだ……。
267800 ,,,,,,,秋香,秋香,11aki515_014.wav,akika,,1,manaka,,2,,「はいっ。じゃあ、優哉くんは愛歌にお返しするわね。
　二人とも仲良くするのよ～？」
267900 ,,,,,,,優哉,優哉,,akika,,1,manaka,,2,,「え……いや、ちょっと秋香さっ……」
268000 ,,,,,,,愛歌,愛歌,01man515_013.wav,akika,,1,manaka,,7,,「お母さんはもう来なくていいからねっ」
268100 ,,,,,,,,,,akika,,1,manaka,,7,,　……こんな状況で、どう仲良くしろと。
268200 ,,,,,,,,,,chisa,,4,hinata,,6,,　素敵に殺伐とした空気の中、千紗と陽向が静かに
　立ち上がる。
268300 ,,,,,,,優哉,優哉,,chisa,,4,hinata,,6,,「あれ、お前らどこに……」
268400 ,,,,,,,千紗,千紗,06tis515_012.wav,chisa,,5,hinata,,6,,「私たち、お邪魔みたいだから……」
268500 ,,,,,,,陽向,陽向,07hin515_013.wav,chisa,,5,hinata,,4,,「こういうのって、空気を読むって言うんだよね？」
268600 ,,,,,,,優哉,優哉,,chisa,,5,hinata,,4,,「待てって！　ここにいていいから！
　俺を残していかないでくれっ」
268700 ,,,,,,,千紗,千紗,06tis515_013.wav,chisa,,7,hinata,,4,,「お兄ちゃんは、秋香さんの胸のクッキーでも食べて
　ればいいでしょっ」
268800 ,,,,,,,優哉,優哉,,chisa,,7,hinata,,4,,「そんな捨て台詞っ……おい、千紗っ。陽向ぁっ！」
268900 ,,,,,,,,,,manaka,,7,,,,,　パタパタと二人の足音が階下に消えていき、
　部屋に残されたのは幼なじみ両名。
269000 ,,,,,,,,,,manaka,,7,,,,,　愛歌の顔を見るのが怖い……。
269100 ,,,,,,,優哉,優哉,,manaka,,7,,,,,「ま、まいったな。あいつら、変なところで空気を
　読みやがって。はは……」
269200 ,,,,,,,,,,manaka,,7,,,,,　手にしたマグカップが震え、口をつけると歯が
　ぶつかってカチカチと鳴った。
269300 ,,,,,,,,,,manaka,,7,,,,,　普通に軽蔑された……よな。
269400 ,,,,,,,優哉,優哉,,manaka,,7,,,,,「ほら、愛歌もこのクッキー食えよ。美味いぞ。
　かわいいだろ、ネコの形をして……」
269500 ,,,,,,,愛歌,愛歌,01man515_014.wav,manaka,,5,,,,,「……それ、ブタだもん」
269600 ,,,,,,,優哉,優哉,,manaka,,5,,,,,「そう、ブタ！　この尖った鼻先がベリーキュート！」
269700 ,,,,,,,優哉,優哉,,manaka,,5,,,,,「秋香さんって、ほんとこういうのが上手いよな。
　このクッキーには愛を感じるわ、うん」
269800 ,,,,,,,愛歌,愛歌,01man515_015.wav,manaka,,42,,,,,「…………」
269900 ,,,,,,,優哉,優哉,,manaka,,42,,,,,「早く食べないと、全部俺が食っちまうぞ？」
270000 ,,,,,,,愛歌,愛歌,01man515_016.wav,manaka,,90,,,,,「……いいよ、全部食べて」
270100 ,,,,,,,,,,manaka,,90,,,,,　思いのほか、愛歌の声は穏やかだった。
270200 ,,,,,,,,,,manaka,,90,,,,,　もしかして、今が誕生日プレゼントを渡すチャンス
　か？
270300 ,,,,,,,,,,manaka,,90,,,,,　愛歌は俺がクッキーを口に運んでいる間、
　ずっとそばで楽しそうに見ていた。
270400 ,,,,,,,優哉,優哉,,manaka,,90,,,,,「なんかお前の誕生日なのに、
　俺が飲み食いしてばっかりだな」
270500 ,,,,,,,愛歌,愛歌,01man515_017.wav,manaka,,42,,,,,「ううん。私は見てる方が楽しいから……」
270600 ,,,,,,,優哉,優哉,,manaka,,42,,,,,「変わってるなあ、お前は……」
270700 ,,,,,,,愛歌,愛歌,01man515_018.wav,manaka,,90,,,,,「優哉ちゃんって、ウチで出した料理とかも絶対に
　残さず食べてくれるよね」
270800 ,,,,,,,優哉,優哉,,manaka,,90,,,,,「俺は味に正直なだけだ。
　秋香さんやお前の料理の腕を信じてるからな」
270900 ,,,,,,,愛歌,愛歌,01man515_019.wav,manaka,,7,,,,,「そんなのウソ」
271000 ,,,,,,,優哉,優哉,,manaka,,7,,,,,「ウソじゃねえって。
　俺はお前の作った料理、マジで美味いと思うぜ？」
271100 ,,,,,,,愛歌,愛歌,01man515_020.wav,manaka,,5,,,,,「……優哉ちゃんはいつもそう」
271200 ,,,,,,,優哉,優哉,,manaka,,5,,,,,「なにがだよ」
271300 ,,,,,,,愛歌,愛歌,01man515_021.wav,manaka,,4,,,,,「私が初めてハンバーグを作って、真っ黒にしちゃった
　とき……お母さんは笑ってたのに、優哉ちゃんは笑わ
　ずに全部食べてくれたよね？」
271400 ,,,,,,,愛歌,愛歌,01man515_022.wav,manaka,,4,,,,,「身体に悪いから食べないでって止めても、
　最後までおいしそうに食べてくれて……」
271500 ,,,,,,,優哉,優哉,,manaka,,4,,,,,「……あれは……味はよかったんだよ。
　料理は見かけじゃないだろ？」
271600 ,,,,,,,愛歌,愛歌,01man515_023.wav,manaka,,42,,,,,「私は自分で食べて、すぐに吐き出しちゃったけどね」
271700 ,,,,,,,優哉,優哉,,manaka,,42,,,,,「…………」
271800 ,,,,,,,愛歌,愛歌,01man515_024.wav,manaka,,90,,,,,「それが悔しくて私、その日からお母さんに料理を
　教えてもらうようになったの」
271900 ,,,,,,,愛歌,愛歌,01man515_025.wav,manaka,,90,,,,,「今度はおいしいハンバーグを優哉ちゃんに
　食べてもらいたくて……」
272000 ,,,,,,,,,,manaka,,90,,,,,　……残せるはずはなかった。
272100 ,,,,,,,,,,manaka,,90,,,,,　あの日、初めてハンバーグを作ったときも愛歌は
　一生懸命で、俺はずっとその様子を眺めていた。
272200 ,,,,,,,,,,manaka,,90,,,,,　挽肉とタマネギを小さな手でこね、それを丁寧に
　ひとつずつ丸めていた愛歌。
272300 ,,,,,,,,,,manaka,,90,,,,,　きっと、フライパンを使ったのも初めてだったんだ
　ろう。
272400 ,,,,,,,,,,manaka,,90,,,,,　黒こげになったハンバーグを見て泣きそうになって
　いた愛歌を……俺は放っておけなかった。
272500 ,,,,,,,,,,manaka,,90,,,,,　あの時以来、俺が愛歌の料理を美味いと感じたことに
　ウソはない。
272600 ,,,,,,,,,,manaka,,90,,,,,　きっと言葉以上に、愛歌は努力をしていたに違いな
　い。
272700 ,,,,,,,優哉,優哉,,manaka,,90,,,,,「このクッキーも……」
272800 ,,,,,,,愛歌,愛歌,01man515_026.wav,manaka,,2,,,,,「えっ？」
272900 ,,,,,,,優哉,優哉,,manaka,,2,,,,,「さすがだよな、秋香さんは。
　お前が作ったクッキーだって知ったら、
　俺が素直に褒めないこと知ってるから……」
273000 ,,,,,,,優哉,優哉,,manaka,,2,,,,,「自分が作ったなんてウソついて、きっちり娘の
　クッキーを俺に褒めさせていった」
273100 ,,,,,,,愛歌,愛歌,01man515_027.wav,manaka,,4,,,,,「優哉ちゃん……私が作ったクッキーだって気付いて
　たの？」
273200 ,,,,,,,優哉,優哉,,manaka,,4,,,,,「気付くもなにも、何年お前の手料理を食ってると
　思ってんだ？」
273300 ,,,,,,,,,,manaka,,4,,,,,　言いながら、懐に手を入れてぬいぐるみを掴む。
273400 ,,,,,,,,,,manaka,,4,,,,,　今このときが、呪いを解く瞬間だと悟った。
273500 ,,,,,,,,,,manaka,,4,,,,,　幼い頃から今日まで、俺の心を縛りつけていた鎖を
　断ち切るための。
273790 ,,<!Lend_continue>,0,9000,,,,,,,,,,,,,
273800 ,@516,,,,,,,,,,,,,,,,
274200 ,,<!Lbegin_continue>,10,5200,,,優哉,優哉,,"manaka,private",,4,,,,,「愛歌、あのさ。これ……」
274300 ,,,,,,,愛歌,愛歌,01man516_001.wav,manaka,,3,,,,,「どうしていつも本当のことを言ってくれないの？」
274400 ,,,,,,,優哉,優哉,,manaka,,3,,,,,「え……」
274500 ,,,,,,,愛歌,愛歌,01man516_002.wav,manaka,,3,,,,,「幼なじみって……一緒にいる時間が長いだけだよね。
　私なんて、お客さんみたいな扱いで……」
274600 ,,,,,,,,,,manaka,,3,,,,,　愛歌の思わぬ言葉に、俺はぬいぐるみを掴んだまま
　固まっていた。
274700 ,,,,,,,,,,manaka,,3,,,,,　先ほどまで笑顔だった愛歌は、一転して悲痛な表情を
　浮かべている。
274800 ,,,,,,,優哉,優哉,,manaka,,3,,,,,「なんだよ、お客さんって……」
274900 ,,,,,,,愛歌,愛歌,01man516_003.wav,manaka,,5,,,,,「だって……優哉ちゃん、いつも大切なことを私に
　黙っているから……」
275000 ,,,,,,,優哉,優哉,,manaka,,5,,,,,「大切なこと？」
275100 ,,,,,,,愛歌,愛歌,01man516_004.wav,manaka,,4,,,,,「私、悠から聞いたよ？
　お祭りの日、ひょっとこのお面をかぶってお＜社＝やしろ＞に
　来てくれたのは優哉ちゃんだったってこと……」
275200 ,,,,,,,優哉,優哉,,manaka,,4,,,,,「！？」
275300 ,,,,,,,愛歌,愛歌,01man516_005.wav,manaka,,7,,,,,「どうして言ってくれなかったの？
　私が大和くんにぬいぐるみを返したって
　話したときも、優哉ちゃん黙ってたよね？」
275400 ,,,,,,,愛歌,愛歌,01man516_006.wav,manaka,,7,,,,,「そのことだけじゃないよ。優哉ちゃんはいつも、
　大切なことを私に話してくれない……」
275500 ,,,,,,,愛歌,愛歌,01man516_007.wav,manaka,,7,,,,,「優哉ちゃんは私に本音で話してくれてない」
275600 ,,,,,,,優哉,優哉,,manaka,,7,,,,,「…………」
275700 ,,,,,,,,,,manaka,,7,,,,,　愛歌の言葉が、俺の胸を深くえぐっていた。
275800 ,,,,,,,,,,manaka,,7,,,,,　全ての理由は、たった一言で片付いてしまう。
275900 ,,,,,,,,,,manaka,,7,,,,,　――幼なじみだから。
276000 ,,,,,,,,,,manaka,,7,,,,,　あまりに便利で、万能すぎる言葉。
276100 ,,,,,,,,,,manaka,,7,,,,,　言葉で伝えなくても通じると思っていた。
276200 ,,,,,,,,,,manaka,,7,,,,,　何かをするときはいつも、言葉を口にするより、
　身体の方が先に動いた。
276300 ,,,,,,,,,,manaka,,7,,,,,　でも幼なじみだって……いや、幼なじみだからこそ。
276400 ,,,,,,,,,,manaka,,7,,,,,　言葉で伝えなきゃいけないことがたくさんあった。
276500 ,,,,,,,愛歌,愛歌,01man516_008.wav,manaka,,4,,,,,「……ブタさんのぬいぐるみは、出店でとってくれた
　の？」
276600 ,,,,,,,優哉,優哉,,manaka,,4,,,,,「ああ……でも楽だったぜ。
　１回２００円の輪投げで、軽くぽ～んと」
276700 ,,,,,,,愛歌,愛歌,01man516_009.wav,manaka,,3,,,,,「それが優哉ちゃんの答えなんだ……」
276800 ,,,,,,,優哉,優哉,,manaka,,3,,,,,「答えとか、そんな大げさなことじゃないだろ」
276900 ,,,,,,,愛歌,愛歌,01man516_010.wav,manaka,,5,,,,,「……分かった。もういい」
277000 ,,,,,,,優哉,優哉,,manaka,,5,,,,,「おい、どこに行くんだよ」
277100 ,,,,,,,愛歌,愛歌,01man516_011.wav,manaka,,4,,,,,「こうやって私は、何も知らないで生きていくんだね」
277200 ,,,,,,,愛歌,愛歌,01man516_012.wav,manaka,,5,,,,,「優哉ちゃんはぬいぐるみをとるのに、５０００円も
　使ってくれたのに……」
277300 ,,,,,,,優哉,優哉,,manaka,,5,,,,,「！？」
277400 ,,,,,,,愛歌,愛歌,01man516_013.wav,manaka,,3,,,,,「私より、悠の方がずっと優哉ちゃんのことを理解し
　てるよ……」
277500 ,,,,,,,優哉,優哉,,manaka,,3,,,,,「……だったら、素直に話せってのかよ？
　俺が５０００円も使ってやったから、ありがたく
　思えって？」
277600 ,,,,,,,優哉,優哉,,manaka,,3,,,,,「そんなこと、お前に言えるかっ。
　俺が勝手にやったことなんだから……」
277700 ,,,,,,,優哉,優哉,,manaka,,3,,,,,「それにお前だって、俺に黙ってたことあるじゃねえ
　か？」
277800 ,,,,,,,愛歌,愛歌,01man516_014.wav,manaka,,2,,,,,「え……？」
277900 ,,,,,,,優哉,優哉,,manaka,,2,,,,,「片想いしてた男のことだって、俺は顔も名前も知ら
　ないし、相談すらしてもらってない」
278000 ,,,,,,,愛歌,愛歌,01man516_015.wav,manaka,,3,,,,,「…………」
278100 ,,,,,,,優哉,優哉,,manaka,,3,,,,,「所詮、その程度だったってことだよな。
　お前にとって俺の存在なんて……」
278200 ,,,,,,,,,,manaka,,3,,,,,　こんなことを言うつもりじゃなかった。
278300 ,,,,,,,,,,manaka,,3,,,,,　本当は他に伝えたいことがいっぱいあったのに、
　自分の感情を抑えることができなかった。
278400 ,,,,,,,,,,manaka,,3,,,,,　愛歌とこんな風に口げんかをしたのは……
　初めてだった。
278500 ,,,,,,,愛歌,愛歌,01man516_016.wav,manaka,,5,,,,,「優哉ちゃんは……そんな風に思ってたんだ」
278600 ,,,,,,,優哉,優哉,,manaka,,5,,,,,「そんな風にって、なにがだよ」
278700 ,,,,,,,愛歌,愛歌,01man516_017.wav,manaka,,4,,,,,「……私は……好きでもない男の人と一緒に温泉へ
　入ったりしない」
278800 ,,,,,,,愛歌,愛歌,01man516_018.wav,manaka,,4,,,,,「そんな人と二人で勉強しないし、
　手作りのクッキーを焼いたりもしない……」
278900 ,,,,,,,愛歌,愛歌,01man516_019.wav,manaka,,7,,,,,「優哉ちゃんを、≪その程度の存在≫だなんて
　思ったことないっ！」
279000 ,,,,,,,優哉,優哉,,manaka,,7,,,,,「！？」
279100 ,,,,,,,,,,,,,,,,,　一方通行の言葉を投げかけ、
　愛歌は部屋を飛び出していく。
279200 ,,,,,,,,,,,,,,,,,　俺は、言ってはいけないことを
　あいつに言ってしまった。
279300 ,,,,,,,,,,,,,,,,,　分かっていたはずなのに。
279400 ,,,,,,,,,,,,,,,,,　あいつが男と気軽に接するような、
　器用な女じゃないことは誰よりも
　分かっていたはずなのに。
279500 ,,,,,,,,,,,,,,,,,　懐から出したブタのぬいぐるみは、
　俺が強く握っていたせいですっかり
　くたびれてしまっていた。
279600 ,,,,,,,,,,,,,,,,,　それをそっとベッドの枕元に置き、
　俺も部屋をあとにする。
279800 ,,<!move_veryshort>,,9000,,,,,,,,,,,,,　愛歌は違う部屋に駆けこんだらしく、
　閉じられた＜襖＝ふすま＞の向こうから僅かに人の
　気配がした。
279900 ,,,,,,,,,,,,,,,,,　普段は使われていないのか、襖を挟んでこちら側の
　部屋は雨戸が閉められていて薄暗い。
280100 ,,<!move_veryshort_r>,,,200231,,,,,,,,,,,,　深呼吸をして襖に手をかけると、隙間から暖かな光が
　射し込んできた。
280200 ,,,,,200231,,優哉,優哉,,,,,,,,,「……このままで聞いてくれないか？」
280300 ,,,,,200231,,,,,,,,,,,,　緊張で唇が乾く。
280400 ,,,,,200231,,,,,,,,,,,,　返事はなかったが、襖の向こうにあった気配が
　近づいてくるのを感じた。
280500 ,,,,,200231,,優哉,優哉,,,,,,,,,「俺、お前に甘えてたのかもしれないな。
　小さい頃からずっと一緒にいたから……」
280600 ,,,,,200231,,優哉,優哉,,,,,,,,,「でも言葉にするのが面倒だったわけじゃないんだ。
　お前ならきっと、何も言わなくても分かってくれる
　って……変な自信があって」
280700 ,,,,,200231,,優哉,優哉,,,,,,,,,「バカだよな。エスパーじゃないんだし、目が合った
　だけで気持ちが伝わるなんてあるわけないのに……」
280800 ,,,,,200231,,,,,,,,,,,,　考えがまとまらず、ダラダラと独り言が続く。
280900 ,,,,,200231,,,,,,,,,,,,　答えはたったひとつなのに。
281000 ,,,,,200231,,,,,,,,,,,,　俺は秋里愛歌のことが好きなのに。
281100 ,,,,,200231,,優哉,優哉,,,,,,,,,「……今頃になって気付いたんだ。
　きちんと言葉にして伝えなきゃいけないことが
　あるんだってこと……」
281200 ,,,,,200231,,優哉,優哉,,,,,,,,,「どんなに分かり切ったことでも、言葉で伝えなきゃ
　ダメなんだってこと……」
281300 ,,,,,200231,,,,,,,,,,,,　本当はもっと早く気付くべきだった。
281400 ,,,,,200231,,,,,,,,,,,,　でも一方で、遠回りをしたからこそ、
　強くなった想いもあった。
281500 ,,,,,200231,,,,,,,,,,,,　心を縛っていた鎖は、愛歌を大事に思っていたことの
　裏返しだった。
281600 ,,,,,200231,,,,,,,,,,,,　鎖を解く方法はあったのに、自分にはその資格が
　ないと思っていた。
281700 ,,,,,200231,,,,,,,,,,,,　そして、なにより……幼なじみという関係を
　壊してしまうのが怖かった。
281800 ,,,,,200231,,優哉,優哉,,,,,,,,,「他の誰かじゃダメなんだ。
　だからはっきり、お前に言うよ」
281900 ,,,,,200231,,,,,,,,,,,,　襖に添えた手が震える。
282000 ,,,,,200231,,,,,,,,,,,,　この向こう側には、俺たちのどんな未来が
　待っているんだろう？
282100 ,,,,,200231,,,,,,,,,,,,　それは分からない。見当もつかない。
282200 ,,,,,200231,,,,,,,,,,,,　けれど。
282300 ,,,,,200231,,,,,,,,,,,,　カノジョが欲しいからじゃない。
　セックスをしたいからじゃない。
282400 ,,,,,200231,,,,,,,,,,,,　俺は、愛歌を幸せにするために伝えるんだ。
282500 ,,,,,200231,,,,,,,,,,,,　長い間、鎖で縛り続けていた自分の想い。
282600 ,,,,,200231,,,,,,,,,,,,　それは古びていたけれど、決して色褪せては
　いなかった。
282700 ,,,,,200231,,優哉,優哉,,,,,,,,,「俺……お前のことが好きだ」
282800 ,,,,,200231,,,,,,,,,,,,　下唇を噛みしめ、もう一度、言い直す。
282900 ,,,,,200231,,優哉,優哉,,,,,,,,,「お前のことが好きなんだ」
283000 ,,,,,200231,,,,,,,,,,,,　一拍をおき、想いの最後を締めくくる。
283100 ,,,,,200231,,,,,,,,,,,,　俺は、幼い頃から何も変わっていない。
283200 ,,,,,200231,,,,,,,,,,,,　悪のりしてあいつに意地悪してしまうところも、
283300 ,,,,,200231,,,,,,,,,,,,　素直にあいつを褒めてやれないところも。
283400 ,,,,,200231,,,,,,,,,,,,　そして幼なじみとしての俺は、いつも≪そのため≫
　だけに――。
283500 ,,,,,200231,,優哉,優哉,,,,,,,,,「だから……俺のそばでずっと、笑っててくれないか」
283600 ,,,,,200231,,,,,,,,,,,,　そう、ただそれだけのために……。
283700 ,,,,,200231,,,,,,,,,,,,　存在、していた。
283900 ,,,,,200232,,,,,,,,,,,,　光の奥から、小さな手が伸びてくる。
284000 ,,,,,200232,,,,,,,,,,,,　緊張で汗ばんだ手では、それを握り返すことは
　できなかった。
284100 ,,,,,200232,,優哉,優哉,,,,,,,,,「ごめんな。＜襖＝ふすま＞越しにこんなこと……」
284200 ,,,,,200232,,,,,,,,,,,,　愛歌は手の甲を何度かさすってくれたあと、
　優しく指を絡ませてくる。
284300 ,,,,,200232,,,,,,,,,,,,　迷いも後悔もなかった。
284400 ,,,,,200232,,,,,,,,,,,,　だから俺は、二人の手でゆっくりと襖の向こうに
　ある未来を望んだ。
284600 ,,<!move_veryshort_r>,,,200233,,秋香,秋香,11aki516_001.wav,,,,,,,,「やーん▼　優哉くんがそう言ってくれるのを
　ずっと待ってたのよぉ～」
284800 ,,<!move_veryshort>,,,200231,,優哉,優哉,,,,,,,,,「ふぅ……」
284900 ,,,,,200231,,,,,,,,,,,,　額の汗を拭い、改めて襖を開き直す。
285000 ,,,,,200231,,優哉,優哉,,,,,,,,,「愛歌っ」
285200 ,,<!move_veryshort_r>,,,200233,,秋香,秋香,11aki516_002.wav,,,,,,,,「の母の秋香でーす▼」
285400 ,,<!move_veryshort>,,,200231,,,,,,,,,,,,　……さっきの訂正。後悔しまくり。
285500 ,,,,,200231,,,,,,,,,,,,　襖の向こうにいたの秋香さんだよな？
285600 ,,,,,200231,,,,,,,,,,,,　…………。
285700 ,,,,,200231,,,,,,,,,,,,　うっわぁぁぁ、やっべぇぇぇぇぇぇ！
286000 ,,,,,200232,,愛歌,秋香,01man516_020.wav,,,,,,,,「優哉ちゃん、愛歌はここにいるよ？」
286100 ,,,,,200232,,優哉,優哉,,,,,,,,,「ウソだ！　絶対にウソだ！」
286200 ,,,,,200232,,愛歌,秋香,01man516_021.wav,,,,,,,,「ひどいよ、優哉ちゃ～ん。
　私の声、忘れちゃったの？」
286300 ,,,,,200232,,優哉,優哉,,,,,,,,,「ほ、ほんとに愛歌か？」
286400 ,,,,,200232,,愛歌,秋香,01man516_022.wav,,,,,,,,「ほんとに愛歌だよ。おっぱいの大きい愛歌だよっ」
286600 ,,<!move_veryshort_r>,,,200233,,優哉,優哉,,,,,,,,,「そんな愛歌いるかぁぁぁ！」
286700 ,,,,,200233,,秋香,秋香,11aki516_003.wav,,,,,,,,「いいのよ～。
　ずっと、優哉くんのそばで笑っててあげる～▼」
286800 ,,,,,200233,,,,,,,,,,,,　……さ、最悪だ。
286900 ,,,,,200233,,,,,,,,,,,,　告白の内容までしっかり聞かれてる……。
287000 ,,,,,200233,,秋香,秋香,11aki516_004.wav,,,,,,,,「ごめんね。苦しかったわよね。
　今まで気付いてあげられなくて……」
287100 ,,,,,200233,,優哉,優哉,,,,,,,,,「あ、あの……」
287200 ,,,,,200233,,秋香,秋香,11aki516_005.wav,,,,,,,,「分かってるから。
　今日から私のおっぱい、独占していいからね▼」
287300 ,,,,,200233,,,,,,,,,,,,　そんな豪華特典がっ！？
287400 ,,,,,200233,,,,,,,,,,,,　なんて心が揺れることもない。いや、マジで。
287500 ,,,,,200233,,優哉,優哉,,,,,,,,,「すいません。愛歌、どこに行ったか知りませんか？」
287600 ,,,,,200233,,秋香,秋香,11aki516_006.wav,,,,,,,,「いいじゃない、あんな小娘のことなんてぇ。
　それよりこれから、いいことしよ？」
287700 ,,,,,200233,,優哉,優哉,,,,,,,,,「それでも俺、あんな小娘のことが好きなんです」
287800 ,,,,,200233,,秋香,秋香,11aki516_007.wav,,,,,,,,「……愛歌を追って告白するの？」
287900 ,,,,,200233,,優哉,優哉,,,,,,,,,「フラレたら、またここに戻ってきていいですかね？」
288000 ,,,,,200233,,秋香,秋香,11aki516_008.wav,,,,,,,,「そして獣のように私を求めるのね。いやぁ～ん▼」
288100 ,,,,,200233,,優哉,優哉,,,,,,,,,「……あやまりにくるだけですよ。
　俺じゃ、愛歌を幸せにできませんでしたって」
288200 ,,,,,200233,,秋香,秋香,11aki516_009.wav,,,,,,,,「そこから芽生える禁断の愛ね♪
　待ってるわ……私、ずっと待ってる」
288400 ,,<!move_veryshort>,,,200231,,,,,,,,,,,,　ダメだ、ここに戻ってきたら喰われる。
288500 ,,,,,200231,,,,,,,,,,,,　なんとしても告白を成功させないとな……。
288600 ,,,,,200231,,優哉,優哉,,,,,,,,,「とにかく俺、愛歌を探してきます」
288700 ,,,,,200231,,秋香,秋香,11aki516_010.wav,,,,,,,,「……さっきの告白、よかったわよ」
288800 ,,,,,200231,,優哉,優哉,,,,,,,,,「え？」
288900 ,,,,,200231,,秋香,秋香,11aki516_011.wav,,,,,,,,「うちの娘のこと、よろしくお願いします……」
289000 ,,,,,200231,,優哉,優哉,,,,,,,,,「秋香さん……」
289100 ,,,,,200231,,秋香,秋香,11aki516_012.wav,,,,,,,,「そうそう、最後にお節介させてもらおうかしら……」
289200 ,,,,,200231,,優哉,優哉,,,,,,,,,「お節介？」
289300 ,,,,,200231,,秋香,秋香,11aki516_013.wav,,,,,,,,「優哉くん、勘違いしてるみたいだったから」
289400 ,,,,,200231,,,,,,,,,,,,　秋香さんは襖の向こうでクスリと笑う。
289500 ,,,,,200231,,秋香,秋香,11aki516_014.wav,,,,,,,,「愛歌が片想いしてた男の子ってね、墨崎優哉くん
　だったのよ？」
289600 ,,,,,200231,,優哉,優哉,,,,,,,,,「！？」
289700 ,,,,,200231,,秋香,秋香,11aki516_015.wav,,,,,,,,「あの子、物心ついた頃から優哉くんにメロメロなの▼
　だから優哉くんも思い出してあげて？」
289800 ,,,,,200231,,秋香,秋香,11aki516_016.wav,,,,,,,,「今まで愛歌と過ごしてきた日々のこと……きっと
　そうすれば、あの子の想いを感じられるはずだか
　ら……」
289900 ,,,,,200231,,秋香,秋香,11aki516_017.wav,,,,,,,,「あの子は私の自慢の娘だわ。
　私がつけた名前の通りに育ってくれた……」
290000 ,,,,,200231,,秋香,秋香,11aki516_018.wav,,,,,,,,「あの子はずっと優哉くんに……一番大切な人に、
　愛の歌を＜唄＝うた＞っていたのよ――？」
290290 ,,<!Lend_move>,0,9000,,,,,,,,,,,,,
290299 ,,<!ec_manaka_pri>,,,,,,,,,,,,,,,
290300 ,@517,,,,,,,,,,,,,,,,
290600 ,,<!Lbegin_move>,4,5101,,,,,,,,,,,,,　すっかり日が傾き、
　空は＜紫陽花＝あじさい＞色に染まっていた。
290700 ,,,,,,,,,,,,,,,,,　辺りに人影はない。
290800 ,,,,,,,,,,,,,,,,,　愛歌の家を出ると、今までの思い出が水に溶け出し
　た絵の具のように溢れ出した。
291000 ,,<!move_look>,,13101,,,,,,,,,,,,,　あいつもどこかで、同じ空を見上げているんだろう
　か？
291100 ,,,,,,,,,,,,,,,,,　こうしている間にも夕陽は刻一刻と沈み、
　この空が長くは続かないことを予感させた。
291200 ,,,,,,,,,,,,,,,,,　あれこれ考えている時間はない。
291300 ,,,,,,,,,,,,,,,,,　俺はこれまで愛歌と紡いできた時間だけを頼りに、
　夕闇が迫る街へと走り出していた。
291500 ,,<!move_normal>,,12301,,,,,,,,,,,,,　これまで何度も往復した通学路。
291600 ,,,,,,,,,,,,,,,,,　当たり前のようにあった愛歌の笑顔が、
　今は遠く滲んでいた。
291700 ,,,,,,,,,,,,,,,,,　俺はあいつを笑わせたくて、ランドセルを背負いな
　がらバカなことばっかりやっていた。
291800 ,,,,,,,,,,,,,,,,,　時々やりすぎて、泣かせてしまうこともあった。
291900 ,,,,,,,,,,,,,,,,,　そんな毎日を繰り返すうち、俺たちは繋ぎたいときに
　繋いでいた手を結べなくなっていった。
292100 ,,<!move_normal>,,12201,,,,,,,,,,,,,　街の中心部にまで足を運ぶと、
　徐々に人影が増え始める。
292200 ,,,,,,,,,,,,,,,,,　愛歌は川の流れを見るのが好きで、
　よく足を止めては欄干に手を置いて
　その様子を眺めていた。
292300 ,,,,,,,,,,,,,,,,,　このときばかりは俺も、声をかけずに
　愛歌の横顔を見つめていた。
292400 ,,,,,,,,,,,,,,,,,『そんなに乗り出して落ちるなよ？』
292500 ,,,,,,,,,,,,,,,,,　中学に入ると、そんな理由をつけなくては
　愛歌の手を握れないようになっていた。
292700 ,,<!move_normal>,,12101,,,,,,,,,,,,,　あいつは本当に、こんな俺のことを好きでいてくれ
　たんだろうか？
292800 ,,,,,,,,,,,,,,,,,　一瞬、また秋香さんの冗談なんじゃないかと
　勘ぐってしまう。
292900 ,,,,,,,,,,,,,,,,,　秋香さんは、愛歌と過ごした日々を思い出せと
　言っていたが……
293000 ,,,,,,,,,,,,,,,,,　…………。
293100 ,,,,,,,,,,,,,,,,,　……やっぱり俺は、あいつに甘えすぎていた。
293200 ,,,,,,,,,,,,,,,,,　あいつのくれる優しさを、特別なものだなんて
　思っていなかった。
293300 ,,,,,,,,,,,,,,,,,　朝、俺の部屋へ起こしにきてくれたのも、
　ただ面倒見のいいヤツだとしか思わなかった。
293400 ,,,,,,,,,,,,,,,,,　起こしてくれてありがとう……そんな一言さえ、
　思い浮かばないほどに。
293500 ,,,,,,,,,,,,,,,,,　それは俺の生活で、普通になりすぎて。
293700 ,,<!move_normal>,,9301,,,,,,,,,,,,,　どうして気付いてやれなかったんだろう。
293800 ,,,,,,,,,,,,,,,,,　なぜあいつに、また新しく好きな男を見つければ
　いいだなんて……言ってしまったんだろう。
293900 ,,,,,,,,,,,,,,,,,　あいつはいつも俺のことを見つめてくれてたのに。
294190 ,,<!scene_past_begin>,,9000,,,,,,,,,,,,,
294200 ,,,,,1201,#mono,,,,,,,,,,,　思い出せば思い出すほど、自分のバカさ加減が
　嫌になった。
294300 ,,,,,1201,#mono,,,,,,,,,,,　幼なじみという関係を『その程度』にさせていたの
　は、俺の傲慢でしかなかった。
294500 ,,,,,7203,#mono,,,,,,,,,,,　いつだってあいつは最高の幼なじみで、
294700 ,,,,,5201,#mono,,,,,,,,,,,　誰よりも俺に笑いかけてくれた＜女性＝ひと＞だった。
294790 ,,<!scene_past_end>,,9000,,,,,,,,,,,,,
295000 ,,,,9301,,,,,,"manaka,private",,5,,,,,　そして今も、彼女との時間は紡がれている。
295100 ,,,,,,,,,,manaka,,5,,,,,　＜社＝やしろ＞の石段にちょこんと座り、俺の足音に気付いた
　愛歌は、頬を涙で濡らしたまま顔を上げた。
295200 ,,,,,,,愛歌,愛歌,01man517_001.wav,manaka,,40,,,,,「っ……優哉ちゃん、私……ごめんなさぁい……」
295300 ,,,,,,,,,,manaka,,40,,,,,　先にあやまるつもりが、涙声で先制された。
295400 ,,,,,,,,,,manaka,,40,,,,,　途中、どこかで転んだんだろうか。
295500 ,,,,,,,,,,manaka,,40,,,,,　愛歌の膝には小さな擦り傷ができていた。
295600 ,,,,,,,優哉,優哉,,manaka,,40,,,,,「なんでかな……お前のことを考えて歩いてたら、
　いつの間にかここに来てた」
295700 ,,,,,,,,,,manaka,,40,,,,,　そばに近づき、そっと手を差し伸ばす。
295800 ,,,,,,,,,,manaka,,40,,,,,　愛歌は躊躇いながら手を重ね、もう一方の手で
　慌てて涙を拭っていた。
295900 ,,,,,,,優哉,優哉,,manaka,,40,,,,,「立てるか？」
296000 ,,,,,,,愛歌,愛歌,01man517_002.wav,manaka,,2,,,,,「あっ……」
296100 ,,,,,,,,,,manaka,,2,,,,,　短く響く愛歌の声。
296200 ,,,,,,,,,,manaka,,2,,,,,　俺は愛歌が立ち上がった勢いをそのままに、
　強くその身体を抱きしめていた。
296300 ,,,,,,,愛歌,愛歌,01man517_003.wav,manaka,,6,,,,,「ど、どうしたの、優哉ちゃん？
　急にこんなこと……」
296400 ,,,,,,,,,,manaka,,6,,,,,　少しだけ背伸びをして、愛歌は完全に棒立ち状態
　だった。
296500 ,,,,,,,,,,manaka,,6,,,,,　それを安定させるため、さらに強く束縛する。
296600 ,,,,,,,,,,manaka,,6,,,,,　気持ちを伝えるのは今しかない。
296700 ,,,,,,,優哉,優哉,,manaka,,6,,,,,「言い忘れてたから言いにきた。
　誕生日、おめでとう」
296800 ,,,,,,,愛歌,愛歌,01man517_004.wav,manaka,,42,,,,,「……ありがとう」
296900 ,,,,,,,優哉,優哉,,manaka,,42,,,,,「でも年上になったからっていい気になるなよな。
　数時間後、すぐに追いついてやるから……」
297000 ,,,,,,,愛歌,愛歌,01man517_005.wav,manaka,,90,,,,,「優哉ちゃんは……すごい勢いで私を追い越していく
　から、いつもついていくのが大変だよ……」
297100 ,,,,,,,,,,manaka,,90,,,,,　次第に愛歌の身体から力が抜けていく。
297200 ,,,,,,,,,,manaka,,90,,,,,　それに併せて俺は束縛を緩め、背伸びをしていた
　愛歌に＜踵＝かかと＞をつけさせた。
297300 ,,,,,,,優哉,優哉,,manaka,,90,,,,,「今度はもう追い越さない」
297400 ,,,,,,,愛歌,愛歌,01man517_006.wav,manaka,,3,,,,,「え……？」
297500 ,,,,,,,優哉,優哉,,manaka,,3,,,,,「数時間経って、年上のお前に追いついたら……
　いや、追いついても……」
297600 ,,,,,,,,,,manaka,,3,,,,,　秋香さんの前で予行演習したはずの告白。
297700 ,,,,,,,,,,manaka,,3,,,,,　でもそれをそのまま口にするのは抵抗があった。
297800 ,,,,,,,,,,manaka,,3,,,,,　同じ言葉をなぞっただけでは、気持ちが伝わらない
　ような気がして。
297900 ,,,,,,,優哉,優哉,,manaka,,3,,,,,「愛歌、俺は……」
298000 ,,,,,,,愛歌,愛歌,01man517_007.wav,manaka,,6,,,,,「あの……これからも私は……あなたの幼なじみでい
　ていいですか？」
298100 ,,,,,,,優哉,優哉,,manaka,,6,,,,,「！？」
298200 ,,,,,,,愛歌,愛歌,01man517_008.wav,manaka,,6,,,,,「私は……あなたのそばにいたいです……」
298300 ,,,,,,,,,,manaka,,6,,,,,　新たな告白のセリフが思いつかない俺をよそに、
　愛歌は微笑んで言葉を続ける。
298400 ,,,,,,,愛歌,愛歌,01man517_009.wav,manaka,,6,,,,,「今までと同じように、あなたのそばにいたいです」
298500 ,,,,,,,,,,manaka,,6,,,,,　最後の最後で愛歌は、俺が越えられなかった
　幼なじみの壁を乗り越えてきた。
298600 ,,,,,,,,,,manaka,,6,,,,,　幼なじみをやめることででなく、
　これからも幼なじみであり続けることで。
298700 ,,,,,,,,,,manaka,,6,,,,,　それは、俺には選べなかった道だった。
298800 ,,,,,,,,,,manaka,,6,,,,,　幼なじみから恋人になる道ばかり考えていた
　俺には……。
298900 ,,,,,,,優哉,優哉,,manaka,,6,,,,,「……そういえばお前、言ってたな」
299000 ,,,,,,,優哉,優哉,,manaka,,6,,,,,「なにかを忘れて前に進むより、なにかを思い出して
　今日を生きてほしいって……」
299100 ,,,,,,,,,,manaka,,6,,,,,　きっと愛歌も同じだったんだろう。
299200 ,,,,,,,,,,manaka,,6,,,,,　ここへ来るまでの道のり、幼なじみとして共に
　過ごした日々がめぐりめぐって……。
299300 ,,,,,,,,,,manaka,,6,,,,,　そしてたどり着いたんだ。
299400 ,,,,,,,,,,manaka,,6,,,,,　決して、幼なじみであることを否定できないことに。
299500 ,,,,,,,,,,manaka,,6,,,,,　幼なじみだったからこそ、今の自分たちがここに
　あることに……。
299600 ,,,,,,,優哉,優哉,,manaka,,6,,,,,「愛歌、ひとつだけ≪幼なじみとして≫言っておきたい
　ことがある」
299700 ,,,,,,,,,,manaka,,6,,,,,　不安そうにしている愛歌の頭を抱き寄せ、
　もっともシンプルな言葉で俺たちの歴史に
　それを刻んだ。
299800 ,,,,,,,優哉,優哉,,manaka,,6,,,,,「俺はお前が好きだ」
299900 ,,,,,,,,,,manaka,,6,,,,,　腕の中で小さく愛歌の身体が震える。
300100 ,,<!move_look>,,13101,,,優哉,優哉,,,,,,,,,「そのことを忘れずに……今日を生きたい」
300200 ,,,,,,,,,,,,,,,,,　見上げた空は無限に広がっていた。
300300 ,,,,,,,,,,,,,,,,,　俺たちの未来と競い合うように。
300400 ,,,,,,,,,,,,,,,,,　そして愛歌は、止まっていた涙を再び溢れさせる。
300500 ,,,,,,,,,,,,,,,,,　今日という日を、新たな二人の思い出として紡いで
　いきながら。
300600 ,,,,,,,愛歌,愛歌,01man517_010.wav,,,,,,,,「ずっと待ってた……ずっと夢見てた……」
300700 ,,,,,,,,,,,,,,,,,　微笑みながら、幼なじみが言う。
300800 ,,,,,,,,,,,,,,,,,　これから先、もっとたくさんの笑顔を見ることに
　なるだろう。
300900 ,,,,,,,,,,,,,,,,,　それでも。
301000 ,,,,,,,,,,,,,,,,,　いつまでも、この日の彼女を忘れずに。
301100 ,,,,,,,,,,,,,,,,,　俺は、生きたい。
301390 ,,<!Lend_scene_change>,0,9000,,,,,,,,,,,,,
301400 ,@518,,,,,,,,,,,,,,,,
301700 ,,<!Lbegin_scene_change>,8,5212,,,優哉,優哉,,"manaka,private",,0,,,,,「どうだった？　秋香さんは……」
301800 ,,,,,,,愛歌,愛歌,01man518_001.wav,manaka,,0,,,,,「うん。置き手紙があって、今夜は『すみさき』さんに
　泊まるから帰らないって……」
301900 ,,,,,,,優哉,優哉,,manaka,,0,,,,,「すみさきに？　なんで急にまた……」
302000 ,,,,,,,,,,manaka,,0,,,,,　あれから二人で帰宅したものの、家に秋香さんの
　姿はなかった。
302100 ,,,,,,,,,,manaka,,0,,,,,　突然の外泊に愛歌も首を傾げていたが、
　その間もしっかり俺の手を握っている。
302200 ,,,,,,,愛歌,愛歌,01man518_002.wav,manaka,,3,,,,,「お母さん、晩ご飯も作っておいてくれたけど……」
302300 ,,,,,,,優哉,優哉,,manaka,,3,,,,,「お、マジで？　だったら食おうぜ」
302400 ,,,,,,,愛歌,愛歌,01man518_003.wav,manaka,,5,,,,,「それが……」
302500 ,,,,,,,優哉,優哉,,manaka,,5,,,,,「なんだなんだ、どうした？」
302600 ,,,,,,,愛歌,愛歌,01man518_004.wav,manaka,,3,,,,,「うな重と、すっぽん鍋と、すっぽんの煮こごりと
　にんにくコロッケと、マムシ＜酒＝しゅ＞と……」
302700 ,,,,,,,優哉,優哉,,manaka,,3,,,,,「待て待て待て！
　なんだ、その精力が無駄につきそうなラインナップ
　は……」
302800 ,,,,,,,愛歌,愛歌,01man518_005.wav,manaka,,42,,,,,「ちょっと二人じゃ食べきれないよね……」
302900 ,,,,,,,,,,manaka,,42,,,,,　そういう問題じゃなくて。
303000 ,,,,,,,優哉,優哉,,manaka,,42,,,,,「これは秋香さんの陰謀っぽいな……」
303100 ,,,,,,,,,,manaka,,42,,,,,　あまりにタイミングのよすぎる、すみさきへの宿泊。
303200 ,,,,,,,,,,manaka,,42,,,,,　そしてこれ見よがしに用意された精力料理。
303300 ,,,,,,,,,,manaka,,42,,,,,　この状況で精力をつけすぎるのは避けたいところだ。
303400 ,,,,,,,愛歌,愛歌,01man518_006.wav,manaka,,1,,,,,「でもとりあえず、食べよっか♪
　優哉ちゃんもお腹空いたでしょう？」
303500 ,,,,,,,,,,manaka,,1,,,,,　あぁぁ、この子は何も分かってない……。
303600 ,,,,,,,優哉,優哉,,manaka,,1,,,,,「少し休んだらどうだ？
　お前も今日は疲れただろ」
303700 ,,,,,,,愛歌,愛歌,01man518_007.wav,manaka,,0,,,,,「今日は緊張して疲れちゃった▼
　まさか、優哉ちゃんにあんなことを言ってもらえる
　なんて思わなかったから……」
303800 ,,,,,,,,,,manaka,,0,,,,,　……ダメだ。
　ただ話してるだけで抱きしめたくなってくる。
303900 ,,,,,,,,,,manaka,,0,,,,,　そんな心の裏を知らない愛歌は、
　俺に対してまったくの無警戒だった。
304000 ,,,,,,,愛歌,愛歌,01man518_008.wav,manaka,,2,,,,,「ああーっ！　このブタちゃんのぬいぐるみー！？」
304100 ,,,,,,,,,,manaka,,2,,,,,　枕元に置いてあった５２００円に気付き、
　愛歌は歓喜の声を上げる。
304200 ,,,,,,,,,,manaka,,2,,,,,　ブタちゃんは形が変わるほど強く、
　愛歌に抱きしめられていた。
304300 ,,,,,,,優哉,優哉,,manaka,,2,,,,,「今年の誕生日プレゼント。どこかで見たことが
　あるような気がするのは気のせいな」
304400 ,,,,,,,愛歌,愛歌,01man518_009.wav,manaka,,3,,,,,「どうしたの、これっ。
　お祭りのときのブタちゃんだよねっ？」
304500 ,,,,,,,優哉,優哉,,manaka,,3,,,,,「まあ、色々とあってな。
　放浪生活をしながらお前のところに戻ってきた」
304600 ,,,,,,,愛歌,愛歌,01man518_010.wav,manaka,,5,,,,,「私も、大和くんに返してもらえるようにお願いした
　の……でも事情があって返せないって言われて……」
304700 ,,,,,,,愛歌,愛歌,01man518_011.wav,manaka,,90,,,,,「だから、あきらめてたのに……よかったぁ▼」
304800 ,,,,,,,,,,manaka,,90,,,,,　こうしてまた、俺の記憶に愛歌の笑顔が増えていく。
304900 ,,,,,,,,,,manaka,,90,,,,,　これからも、もっともっと増やせればいいと思う。
305000 ,,,,,,,愛歌,愛歌,01man518_012.wav,manaka,,0,,,,,「そだ、この子にも名前をつけてあげないとっ。
　どうしようかな～」
305100 ,,,,,,,優哉,優哉,,manaka,,0,,,,,「ブーヤ、マナブタがいるんだから、アキブタに
　しとけよ。秋香さんには内緒でな」
305200 ,,,,,,,愛歌,愛歌,01man518_013.wav,manaka,,5,,,,,「えー、マナブタはダメだよー。
　あの子はブーヤちゃんの子供だもん」
305300 ,,,,,,,優哉,優哉,,manaka,,5,,,,,「それでいくと、大きさ的にブーヤとアキブタの
　子供がマナブタになっちまうな」
305400 ,,,,,,,愛歌,愛歌,01man518_014.wav,manaka,,2,,,,,「それはぜったいダメー！
　アキブタはあのシャーペンの小さい子にします」
305500 ,,,,,,,優哉,優哉,,manaka,,2,,,,,「ふーん。それじゃあ、アキブタはいつもブーヤの
　身体の中に入ってるんだなあ」
305600 ,,,,,,,愛歌,愛歌,01man518_015.wav,manaka,,15,,,,,「ああっ、それもダメー！　なんかエッチだよぉ！」
305700 ,,,,,,,優哉,優哉,,manaka,,15,,,,,「お前、考えすぎだろ」
305800 ,,,,,,,愛歌,愛歌,01man518_016.wav,manaka,,42,,,,,「むー……じゃあ、この子はアキブタにします。
　でもブーヤちゃんとは結ばれない仲だよっ」
305900 ,,,,,,,優哉,優哉,,manaka,,42,,,,,「よしよし、アキブタ抱いてやるからこっちおいで～」
306000 ,,,,,,,愛歌,愛歌,01man518_017.wav,manaka,,5,,,,,「……ヤダぶー」
306100 ,,,,,,,優哉,優哉,,manaka,,5,,,,,「お前、勝手にキャラ作んなよ！
　アキブタはこっちに来たいって目をしてるぞっ」
306200 ,,,,,,,愛歌,愛歌,01man518_018.wav,manaka,,3,,,,,「これは敵意むき出しの目だもん」
306300 ,,,,,,,優哉,優哉,,manaka,,3,,,,,「めっちゃ、つぶらじゃねえか……」
306400 ,,,,,,,,,,manaka,,3,,,,,　俺が見守るそばで、愛歌は再びぬいぐるみを
　抱き直す。
306500 ,,,,,,,愛歌,愛歌,01man518_019.wav,manaka,,0,,,,,「……ありがとう、優哉ちゃん。これ、大事にするね」
306600 ,,,,,,,優哉,優哉,,manaka,,0,,,,,「そうだ、あとで秋香さんにお礼を言っておかないと
　な。俺がお前に告白できたのも、あの人のおかげだ
　から……」
306700 ,,,,,,,愛歌,愛歌,01man518_020.wav,manaka,,1,,,,,「うん、私もお礼しなくっちゃ♪
　お母さんがいなかったらきっと……私、優哉ちゃんの
　ことをあきらめちゃってたと思う……」
306800 ,,,,,,,愛歌,愛歌,01man518_021.wav,manaka,,90,,,,,「今まで何度もあきらめそうになって、そのたびに
　お母さんが励ましてくれたから……」
306900 ,,,,,,,,,,manaka,,90,,,,,　愛歌の言葉が実感として分かる。
307000 ,,,,,,,,,,manaka,,90,,,,,　いつも愛歌の知らないところで、秋香さんは娘の
　幸せを考えていた。
307100 ,,,,,,,,,,manaka,,90,,,,,　俺たちがここまで来られたのは、決して二人だけの
　力じゃなかった。
307200 ,,,,,,,優哉,優哉,,manaka,,90,,,,,「……これからも三人で思い出が作れたらいいな」
307300 ,,,,,,,愛歌,愛歌,01man518_022.wav,manaka,,1,,,,,「うんっ♪」
307400 ,,,,,,,,,,manaka,,1,,,,,　愛歌は最高の笑顔で頷く。
307500 ,,,,,,,,,,manaka,,1,,,,,　アキブタはその様子を、変わらないつぶらな瞳で
　見つめていた。
307600 ,,,,,,,優哉,優哉,,manaka,,1,,,,,「そういやお前さ、俺が告白したときに
　ずっと待ってた……って言ってたよな？」
307700 ,,,,,,,愛歌,愛歌,01man518_023.wav,manaka,,6,,,,,「い、言ったけど、思い出すの恥ずかしいよー」
307800 ,,,,,,,優哉,優哉,,manaka,,6,,,,,「まあ、俺も恥ずかしいんだが……あれって、
　どのぐらいから待ってたんだ？」
307900 ,,,,,,,愛歌,愛歌,01man518_024.wav,manaka,,3,,,,,「どのぐらいって……ずっと前からだよ」
308000 ,,,,,,,優哉,優哉,,manaka,,3,,,,,「だからそのずっと前って？
　相手を好きになった瞬間とか普通はあるだろ」
308100 ,,,,,,,愛歌,愛歌,01man518_025.wav,manaka,,15,,,,,「ええっ、優哉ちゃんを好きになった瞬間？」
308200 ,,,,,,,,,,manaka,,15,,,,,　困惑気味な愛歌に、思わず意地悪したくなる。
308300 ,,,,,,,優哉,優哉,,manaka,,15,,,,,「うわぁ、そんな大事なこと覚えてないのかよ。
　結局、お前の気持ちなんてそんなもんかー」
308400 ,,,,,,,愛歌,愛歌,01man518_026.wav,manaka,,2,,,,,「ち、違うよっ。生まれたときから好きだったもんっ」
308500 ,,,,,,,優哉,優哉,,manaka,,2,,,,,「ウソこけ。
　赤ん坊の頃のことなんて覚えてないだろうに」
308600 ,,,,,,,優哉,優哉,,manaka,,2,,,,,「あーあ、冷めてきた。お前にはガッカリだよ……」
308700 ,,,,,,,愛歌,愛歌,01man518_027.wav,manaka,,5,,,,,「だって……ほんとに分からないんだもん。
　気付いたら優哉ちゃんのこと好きになってて……」
308800 ,,,,,,,優哉,優哉,,manaka,,5,,,,,「ずいぶん、アバウトだなあ。お前は……」
308900 ,,,,,,,愛歌,愛歌,01man518_028.wav,manaka,,3,,,,,「あうぅぅ、ごめんなさぁい……」
309000 ,,,,,,,,,,manaka,,3,,,,,　冗談の分からない性格は、相変わらず変わって
　いない。
309100 ,,,,,,,,,,manaka,,3,,,,,　でも愛歌が言っているのは、本当のことなんだろう。
309200 ,,,,,,,,,,manaka,,3,,,,,　俺もいつから愛歌を好きになったのか、
　考えてもピンとこない。
309300 ,,,,,,,,,,manaka,,3,,,,,　それはきっと、俺たちの気付かないところで、
　長い月日を重ねながらゆっくり育っていたに
　違いない。
309400 ,,,,,,,,,,manaka,,3,,,,,　思えば、全てが紙一重の関係だった。
309500 ,,,,,,,,,,manaka,,3,,,,,　俺がもし秋香さんではなく、違う人から母乳を
　与えられていたら？
309600 ,,,,,,,,,,manaka,,3,,,,,　もし愛歌と家が真向かいじゃなかったら？
309700 ,,,,,,,,,,manaka,,3,,,,,　そして、俺自身が自分の気持ちに気付いていなかっ
　たら？
309800 ,,,,,,,,,,manaka,,3,,,,,　俺はおそらく、今こうして愛歌のそばにはいない。
309900 ,,,,,,,,,,manaka,,3,,,,,　他の相手と恋愛していたかもしれないし、
　なにもない日常が続いていたかもしれない。
310000 ,,,,,,,,,,manaka,,3,,,,,　そう考えると、なおさら愛歌が尊い存在に思えた。
310100 ,,,,,,,愛歌,愛歌,01man518_029.wav,manaka,,0,,,,,「でも私、本当に優哉ちゃんのことが好きだから……」
310200 ,,,,,,,優哉,優哉,,manaka,,0,,,,,「ははっ、お前も言うようになったな」
310300 ,,,,,,,愛歌,愛歌,01man518_030.wav,manaka,,1,,,,,「えへへ♪
　今まで言えなかったぶん、いっぱい言うの▼」
310400 ,,,,,,,優哉,優哉,,manaka,,1,,,,,「お前、そんなこと言ってたらなあ……」
310500 ,,,,,,,愛歌,愛歌,01man518_031.wav,manaka,,2,,,,,「ええっ？　好きって言ったらダメなの？」
310600 ,,,,,,,優哉,優哉,,manaka,,2,,,,,「抱きしめちゃる」
310700 ,,,,,,,愛歌,愛歌,01man518_032.wav,manaka,,6,,,,,「あっ、あっ、ダメぇっ……そんなに強くっ……
　やあぁぁぁ～っ」
310800 ,,,,,,,,,,manaka,,6,,,,,　言葉とは裏腹に、愛歌はぎゅぅっと
　俺にしがみついてくる。
310900 ,,,,,,,,,,manaka,,6,,,,,　……しかし、少し抱きしめただけでこの反応は
　どうなんだ？
311000 ,,,,,,,,,,manaka,,6,,,,,　抱いていた力を緩めると、
　愛歌は膝をガクガクさせてその場にへたり込んだ。
311100 ,,,,,,,愛歌,愛歌,01man518_033.wav,manaka,,3,,,,,「どうしよ……これじゃ、優哉ちゃんに好きって
　言えないよぉ」
311200 ,,,,,,,優哉,優哉,,manaka,,3,,,,,「ん……なんで？」
311300 ,,,,,,,,,,manaka,,3,,,,,　聞くと、愛歌はスカートの裾を握りしめ、
311400 ,,,,,,,愛歌,愛歌,01man518_034.wav,manaka,,6,,,,,「…………腰が抜けました」
311500 ,,,,,,,優哉,優哉,,manaka,,6,,,,,「俺にぎゅ～ってされて？」
311600 ,,,,,,,愛歌,愛歌,01man518_035.wav,manaka,,42,,,,,「うん……足に力が入らなくなって……
　立てなく……なっちゃった……」
311700 ,,,,,,,優哉,優哉,,manaka,,42,,,,,「んじゃ、もっと抱きしめちゃる♪」
311800 ,,,,,,,愛歌,愛歌,01man518_036.wav,manaka,,15,,,,,「やああっ、ダメだってばっ、ダメっ、ダメぇっ……
　頭の中が溶けちゃうからぁっ」
311900 ,,,,,,,,,,manaka,,15,,,,,　そんな新しい愛歌イジメに、しばらくハマリそうな
　俺だった……。
312200 ,,<!timepass_day_long>,14,5212,,,愛歌,愛歌,01man518_037.wav,manaka,,90,,,,,「……もう少しで今日も終わっちゃうね」
312300 ,,,,,,,優哉,優哉,,manaka,,90,,,,,「ああ……」
312400 ,,,,,,,,,,manaka,,90,,,,,　二人で過ごす時間。
312500 ,,,,,,,,,,manaka,,90,,,,,　なんだかんだで秋香さんの用意してくれた晩ご飯を
　食べ、俺は愛歌のベッドで身体を横にしていた。
312600 ,,,,,,,,,,manaka,,90,,,,,　ニンニクを使った料理もあったが、そこら辺は
　ニオイのしないよう調理してくれていたようだ。
312700 ,,,,,,,愛歌,愛歌,01man518_038.wav,manaka,,3,,,,,「お腹、大丈夫？
　無理に全部食べなくてもよかったのに……」
312800 ,,,,,,,優哉,優哉,,manaka,,3,,,,,「腹の方は平気なんだが……」
312900 ,,,,,,,,,,manaka,,3,,,,,　と芋虫のように丸まり、ベッドの縁に座っていた
　愛歌へ背を向ける。
313000 ,,,,,,,愛歌,愛歌,01man518_039.wav,manaka,,90,,,,,「胃が苦しいとか？　お薬、持ってこようか？」
313100 ,,,,,,,優哉,優哉,,manaka,,90,,,,,「薬でどうにかなるものでもないんだな、これが……」
313200 ,,,,,,,愛歌,愛歌,01man518_040.wav,manaka,,4,,,,,「……？」
313300 ,,,,,,,,,,manaka,,4,,,,,　端的に言うと、精力がつきすぎてヤバいことに
　なっていた。
313400 ,,,,,,,,,,manaka,,4,,,,,　愛歌に欲情などしていないし、興奮もしていない。
313500 ,,,,,,,,,,manaka,,4,,,,,　なのに俺の≪アレ≫は、ズボンの内側でありえない
　ほどの膨張率を示していた。
313600 ,,,,,,,,,,manaka,,4,,,,,　自分の誕生日をこんな状態で迎えるなんて、
　あまりに変態すぎる。
313700 ,,,,,,,愛歌,愛歌,01man518_041.wav,manaka,,42,,,,,「なんかいいね。こうやって時計を見つめながら
　誕生日を迎えるのって……」
313800 ,,,,,,,,,,manaka,,42,,,,,　近くの棚にあった置き時計を見ると、時計の針は
　２本とも綺麗に真上を指そうとしていた。
313900 ,,,,,,,,,,manaka,,42,,,,,　０時を回って俺が誕生日を迎えたら、
　二人きりで過ごす時間も終わる。
314000 ,,,,,,,,,,manaka,,42,,,,,　本音はもちろん、このまま泊まっていきたかったが、
　明日は学校があるし、夜更かしをするわけにもいか
　ない。
314100 ,,,,,,,,,,manaka,,42,,,,,　でも俺が帰ったら、愛歌はひとりなんだよな。
　秋香さんはすみさきでお泊まりだし……。
314200 ,,,,,,,,,,manaka,,42,,,,,　この状況で、精力つきすぎなアレは問題児でしか
　なかった。
314300 ,,,,,,,,,,manaka,,42,,,,,　正直、愛歌が俺のそばに寝転んだら、理性を保って
　いられる自信がない。
314400 ,,,,,,,愛歌,愛歌,01man518_042.wav,manaka,,0,,,,,「ねえねえ、優哉ちゃん」
314500 ,,,,,,,,,,manaka,,0,,,,,　って、寝転ぶなーーーーーーーーー！
314600 ,,,,,,,,,,manaka,,0,,,,,　二人分の体重を受け、ベッドが大きく軋む。
314700 ,,,,,,,優哉,優哉,,manaka,,0,,,,,「なんだよ。眠くなっちまったのか？」
314800 ,,,,,,,,,,manaka,,0,,,,,　動揺を悟られないよう、ハートのクッションで
　互いの視線を＜遮＝さえぎ＞った。
314900 ,,,,,,,,,,manaka,,0,,,,,　すると愛歌は、▼の上の部分から顔を覗かせ、
315000 ,,,,,,,愛歌,愛歌,01man518_043.wav,manaka,,6,,,,,「誕生日の、受け渡し……しない？」
315100 ,,,,,,,優哉,優哉,,manaka,,6,,,,,「受け渡し……？」
315200 ,,,,,,,,,,manaka,,6,,,,,　イマイチ分からない申し出に、思わずハートの
　位置を下げる。
315300 ,,,,,,,愛歌,愛歌,01man518_044.wav,manaka,,6,,,,,「え、えっと……あのね……」
315400 ,,,,,,,,,,manaka,,6,,,,,　愛歌の隠れていた表情が露わになり、
　それは恥じらいの色に染まっていた。
315500 ,,,,,,,愛歌,愛歌,01man518_045.wav,manaka,,3,,,,,「もうすぐ、日付が替わるでしょ？」
315600 ,,,,,,,優哉,優哉,,manaka,,3,,,,,「そうだな。ほんと、もうすぐだ」
315700 ,,,,,,,愛歌,愛歌,01man518_046.wav,manaka,,3,,,,,「その瞬間……０時の瞬間ね…………して過ごすの」
315800 ,,,,,,,優哉,優哉,,manaka,,3,,,,,「は？　なにをして過ごすって？」
315900 ,,,,,,,愛歌,愛歌,01man518_047.wav,manaka,,6,,,,,「だから…………ダメぇ、やっぱり言えないよぉっ」
316000 ,,,,,,,,,,manaka,,6,,,,,　勝手に恥ずかしがって、俺からハートのクッションを
　奪う愛歌。
316100 ,,,,,,,,,,manaka,,6,,,,,　俺は愛歌が口にできなかった言葉を、適当に推理して
　当ててみることにした。
316200 ,,,,,,,優哉,優哉,,manaka,,6,,,,,「０時の瞬間……トランプをして過ごす」
316300 ,,,,,,,,,,manaka,,6,,,,,　ぷるぷる。
316400 ,,,,,,,,,,manaka,,6,,,,,　愛歌は首を横に振る。
316500 ,,,,,,,優哉,優哉,,manaka,,6,,,,,「じゃあ、昔の思い出に華を咲かせて過ごす」
316600 ,,,,,,,,,,manaka,,6,,,,,　……ぷるぷる。
316700 ,,,,,,,,,,manaka,,6,,,,,　一瞬、迷ったようだがやはり首が横に振れた。
316800 ,,,,,,,優哉,優哉,,manaka,,6,,,,,「映画を観る。麻雀をする。お医者さんごっこをする」
316900 ,,,,,,,,,,manaka,,6,,,,,　ぷるぷるぷる！
317000 ,,,,,,,,,,manaka,,6,,,,,　お医者さんごっこの拒絶反応はすごかった。
317100 ,,,,,,,優哉,優哉,,manaka,,6,,,,,「分かんねえなあ……じゃあ、あれか？」
317200 ,,,,,,,優哉,優哉,,manaka,,6,,,,,「二人でキスをして過ごす……なんてな！
　さすがにこれはないか！」
317300 ,,,,,,,,,,manaka,,6,,,,,　…………こくん。
317400 ,,,,,,,,,,manaka,,6,,,,,　愛歌はハートを抱きながら頷く。
317500 ,,,,,,,,,,manaka,,6,,,,,　予想外の反応に、俺はあんぐりと口を開けたまま
　固まっていた。
317600 ,,,,,,,愛歌,愛歌,01man518_048.wav,manaka,,6,,,,,「こんなことお願いするのすごく恥ずかしいけど……
　今年の誕生日は特別な日だから……」
317700 ,,,,,,,優哉,優哉,,manaka,,6,,,,,「い、いいのかよ。お前、ファーストキスだろ……？」
317800 ,,,,,,,愛歌,愛歌,01man518_049.wav,manaka,,0,,,,,「うん……優哉ちゃんは？」
317900 ,,,,,,,優哉,優哉,,manaka,,0,,,,,「俺もそうだけど……」
318000 ,,,,,,,,,,manaka,,0,,,,,　もう一度、さっきの時計を見る。
318100 ,,,,,,,,,,manaka,,0,,,,,　時刻はいま、午後１１時５９分。２７秒。
318200 ,,,,,,,,,,manaka,,0,,,,,　そんな確認をしているうちにも秒針は３０秒の
　位置を過ぎ、着々と上にのぼり始めていた。
318300 ,,,,,,,優哉,優哉,,manaka,,0,,,,,「……分かった。本当にいいんだな？」
318400 ,,,,,,,,,,manaka,,0,,,,,　断る理由もなく、最後の確認をとる。
318500 ,,,,,,,,,,manaka,,0,,,,,　すると愛歌は小さくうなずき、目の前で静かに瞼を
　閉じた。
318600 ,,,,,,,愛歌,愛歌,01man518_050.wav,manaka,,84,,,,,「ん…………」
318700 ,,,,,,,,,,manaka,,84,,,,,　愛歌の顔が近づく。
　耳のすぐそばで、切なそうな吐息が聞こえてくる。
318800 ,,,,,,,,,,manaka,,84,,,,,　５３秒、５４秒……時計の針は生真面目に
　その役目をまっとうし続けていた。
318900 ,,,,,,,,,,manaka,,84,,,,,　俺は意を決して、視線を愛歌に戻す。
319000 ,,,,,,,,,,manaka,,84,,,,,　肺の下が、キュッと縮むような緊張感。
319100 ,,,,,,,,,,manaka,,84,,,,,　……呼吸が止まる。息苦しい沈黙が流れる。
319200 ,,,,,,,優哉,優哉,,manaka,,84,,,,,（愛歌…………）
319300 ,,,,,,,,,,manaka,,84,,,,,　俺はおまじないのように心の中でその名前を呼び、
　静かに息を吸い込んだ。
319400 ,,,,,,,,,,manaka,,84,,,,,　そして日付が変わりゆく、そのとき……。
319500 ,,,,,,,愛歌,愛歌,01man518_051.wav,manaka,,84,,,,,「んっ…………」
319600 ,,,,,,,,,,manaka,,84,,,,,　俺たちの唇が……初めて、触れあった。
319700 ,,,,,,,愛歌,愛歌,01man518_052.wav,manaka,,84,,,,,「んっ、ちゅっ……んんっ、んっ、ふぁ…………」
319800 ,,,,,,,,,,manaka,,84,,,,,　自然と腕が、互いの身体に巻きついていく。
319900 ,,,,,,,,,,manaka,,84,,,,,　引き寄せた、愛歌の身体は……俺が思っていたより
　も、ずっとずっと小さかった。
320000 ,,,,,,,愛歌,愛歌,01man518_053.wav,manaka,,84,,,,,「んっ、んんっ、んくっ……ん……」
320100 ,,,,,,,,,,manaka,,84,,,,,　わずかに接した唇を通して感じられる温もり。
320200 ,,,,,,,,,,manaka,,84,,,,,　控えめな吐息が耳にいつまでも残る。
320300 ,,,,,,,愛歌,愛歌,01man518_054.wav,manaka,,84,,,,,「ふぁ、ん、んっ、んむっ……ふぁ、んっ、んちゅっ、
　ちゅるっ……」
320400 ,,,,,,,,,,manaka,,84,,,,,　そうして柔らかい唇をついばんでいると、愛歌は
　苦しくなったのか、後ろへ逃げようとした。
320500 ,,,,,,,愛歌,愛歌,01man518_055.wav,manaka,,84,,,,,「んんっ！？　んっ、んんっ……ふぁ、んっ、
　んちゅっ……ちゅっ、ちゅっ、んんっ……」
320600 ,,,,,,,,,,manaka,,84,,,,,　愛歌の身体をやや強引に引き寄せ、
　貪るようにキスを続ける。
320700 ,,,,,,,愛歌,愛歌,01man518_056.wav,manaka,,84,,,,,「ちゅっ、んちゅっ、ちゅっ、んっ……んっ、んくっ、
　ふぁ、ちゅっ、ん、んんっ……！」
320800 ,,,,,,,,,,manaka,,84,,,,,　どれだけキスを続けていたかは、わからない。
320900 ,,,,,,,,,,manaka,,84,,,,,　静かな部屋の中で、優しく唇を吸う音と、
　秒針の動く音だけが俺たちの耳に届いていた。
321000 ,,,,,,,愛歌,愛歌,01man518_057.wav,manaka,,84,,,,,「んっ、んんっ、ぁ……ん…………」
321100 ,,,,,,,,,,manaka,,84,,,,,　俺が腕の力を緩めると同時に、
　愛歌の唇はゆっくりと離れていった。
321200 ,,,,,,,,,,manaka,,84,,,,,　最後の吐息が、俺の唇をかすめる。
321300 ,,,,,,,,,,manaka,,84,,,,,　愛歌はキスの余韻を確かめるように、小さな唇を
　キュッと結んで……それから恥ずかしそうに俺を
　見上げた。
321400 ,,,,,,,愛歌,愛歌,01man518_058.wav,manaka,,3,,,,,「ごめんね……頭の中が真っ白になって……
　なにが起きたのか……」
321500 ,,,,,,,,,,manaka,,3,,,,,　それが愛歌の、愛歌らしいファーストキスの
　感想だった。
321600 ,,,,,,,優哉,優哉,,manaka,,3,,,,,「ちょっと強引すぎたかな……」
321700 ,,,,,,,愛歌,愛歌,01man518_059.wav,manaka,,6,,,,,「ううん……」
321800 ,,,,,,,,,,manaka,,6,,,,,　愛歌は首を振ると、隠れるようにして俺の胸元に
　顔を寄せた。
321900 ,,,,,,,,,,manaka,,6,,,,,　そして頬をつけたまま、小さく、ゆっくりと
　つぶやく。
322000 ,,,,,,,愛歌,愛歌,01man518_060.wav,manaka,,42,,,,,「ねぇ、優哉ちゃん……」
322100 ,,,,,,,優哉,優哉,,manaka,,42,,,,,「ん……？」
322200 ,,,,,,,愛歌,愛歌,01man518_061.wav,manaka,,0,,,,,「お誕生日、おめでとう……受け取って、くれた……
　よね？」
322300 ,,,,,,,,,,manaka,,0,,,,,　胸の中の愛歌が、おそるおそる尋ねてくる。
322400 ,,,,,,,優哉,優哉,,manaka,,0,,,,,「ああ……ありがとな、愛歌」
322500 ,,,,,,,優哉,優哉,,manaka,,0,,,,,「受け取ったよ、誕生日」
322600 ,,,,,,,,,,manaka,,0,,,,,　高揚してじっとしていられず、愛歌の頭に手をやって
　何度も柔らかい髪を撫でていた。
322700 ,,,,,,,愛歌,愛歌,01man518_062.wav,manaka,,42,,,,,「……こうやって優哉ちゃんにくっついてると幸せ▼」
322800 ,,,,,,,優哉,優哉,,manaka,,42,,,,,「あ……バカ、あんまりくっつくなっ」
322900 ,,,,,,,愛歌,愛歌,01man518_063.wav,manaka,,3,,,,,「えっ？　優哉ちゃんはイヤ……？」
323000 ,,,,,,,,,,manaka,,3,,,,,　蕩けるようなキスの感触に、案の定、俺は発情期に
　突入していた。
323100 ,,,,,,,,,,manaka,,3,,,,,　下半身に血が溜まりすぎて痛い。
323200 ,,,,,,,,,,manaka,,3,,,,,　あまりくっつきすぎると、それに気付かれて早々と
　恋人いない歴が再開しそうだ。
323300 ,,,,,,,優哉,優哉,,manaka,,3,,,,,「さ、さて。そろそろ俺も帰らねえとな。
　明日は学校だし……」
323400 ,,,,,,,愛歌,愛歌,01man518_064.wav,manaka,,5,,,,,「……帰っちゃうの？」
323500 ,,,,,,,優哉,優哉,,manaka,,5,,,,,「！？」
323600 ,,,,,,,,,,manaka,,5,,,,,　男にしてみたら、魔性のセリフだった。
323700 ,,,,,,,,,,manaka,,5,,,,,　仮にも今の愛歌はひとり暮らしの女と同じ状態。
323800 ,,,,,,,,,,manaka,,5,,,,,　そのひとり暮らしの女が『……帰っちゃうの？』と
　切なそうに言う。
323900 ,,,,,,,,,,manaka,,5,,,,,　今こそ、理性を働かせて＜漢＝おとこ＞を見せるときだ。
324000 ,,,,,,,優哉,優哉,,manaka,,5,,,,,「やっぱ、帰らない」
324100 ,,,,,,,,,,manaka,,5,,,,,　理性は完敗だった！
324200 ,,,,,,,優哉,優哉,,manaka,,5,,,,,（そうか。前に大和が、唐突なエッチシーンは萎える
　からやめてくれとか意味不明なこと言ってたが……）
324300 ,,,,,,,,,,manaka,,5,,,,,　……エッチって、唐突にしたくなるもんなんだよな。
324400 ,,,,,,,,,,manaka,,5,,,,,　俺はすっかり、秋香さんの敷いたレールの上を
　爆走中だった。
324500 ,,,,,,,優哉,優哉,,manaka,,5,,,,,「な……なあ、愛歌。
　キスには続きがあるって知ってるか？」
324600 ,,,,,,,愛歌,愛歌,01man518_065.wav,manaka,,3,,,,,「続き？　そうなの……？」
324700 ,,,,,,,,,,manaka,,3,,,,,　無邪気に顔を近づけてくる愛歌に、股間の膨張率は
　次々と最高記録を塗り替えていた。
324800 ,,,,,,,優哉,優哉,,manaka,,3,,,,,「っ……愛歌っ！」
324900 ,,,,,,,愛歌,愛歌,01man518_066.wav,manaka,,84,,,,,「え……んっん！？　んっ、ぢゅっ、んん……
　ぢゅっ、んっ、ぢゅぅっ、ぢゅっ、んっ……」
325000 ,,,,,,,,,,manaka,,84,,,,,　不意打ちで唇を奪い、そのまま愛歌をベッドの上に
　押さえつける。
325100 ,,,,,,,,,,manaka,,84,,,,,　最初は抵抗していたが、舌が唇の隙間に入りこむと
　急に手足が伸びきって動かなくなった。
325200 ,,,,,,,愛歌,愛歌,01man518_067.wav,manaka,,84,,,,,「ちゅっ、んっ……ちゅぅっ……んん……ちゅっ、
　んんっ、ちゅっ、はあっ……」
325300 ,,,,,,,愛歌,愛歌,01man518_068.wav,manaka,,6,,,,,「優哉ちゃ……強引すぎるよ……」
325400 ,,,,,,,優哉,優哉,,manaka,,6,,,,,「ごめん。でも俺、お前のこと……」
325500 ,,,,,,,,,,manaka,,6,,,,,　本当にその感情は、唐突に湧き上がってきた。
325600 ,,,,,,,,,,manaka,,6,,,,,　キスだけでは満足できなくなり、愛歌の全てを
　自分のモノにしたくなる。
325700 ,,,,,,,愛歌,愛歌,01man518_069.wav,manaka,,6,,,,,「ん……はあっ……キスの続きって……」
325800 ,,,,,,,,,,manaka,,6,,,,,　軽く首筋に唇を重ね、隠れたうなじへと鼻先を
　＜埋＝うず＞めた。
325900 ,,,,,,,愛歌,愛歌,01man518_070.wav,manaka,,6,,,,,「あぁっ、優哉ちゃっ……ダメぇっ……やぁぁぁっ」
326000 ,,,,,,,,,,manaka,,6,,,,,　何度もビクビクと反応し、愛歌はすがりついてくる。
326100 ,,,,,,,,,,manaka,,6,,,,,　俺の身体以上に、愛歌の身体も熱かった。
326200 ,,,,,,,優哉,優哉,,manaka,,6,,,,,「ダメか？　このまま続けたら……」
326300 ,,,,,,,愛歌,愛歌,01man518_071.wav,manaka,,6,,,,,「私……晩ご飯を食べてから変なのっ。
　身体がすごく熱くなって……」
326400 ,,,,,,,,,,manaka,,6,,,,,　愛歌は涙目で言い、身体の匂いを嗅がれることに
　強い抵抗を示した。
326500 ,,,,,,,,,,manaka,,6,,,,,　どうやら愛歌も、秋香さんの手料理で精力が増進し
　まくっているらしい。
326600 ,,,,,,,優哉,優哉,,manaka,,6,,,,,「……俺……愛歌とエッチしたい」
326700 ,,,,,,,愛歌,愛歌,01man518_072.wav,manaka,,5,,,,,「わ、私もっ……」
326800 ,,,,,,,優哉,優哉,,manaka,,5,,,,,「え、私も？」
326900 ,,,,,,,愛歌,愛歌,01man518_073.wav,manaka,,15,,,,,「じゃなくてっ……私もじゃなくってっ……」
327000 ,,,,,,,,,,manaka,,15,,,,,　支離滅裂になっている愛歌を再度抱きしめると、
　しばらくして控えめな頷きが返ってきた。
327100 ,,,,,,,愛歌,愛歌,01man518_074.wav,manaka,,6,,,,,「ん……でも少しだけ待って、優哉ちゃん……」
327200 ,,,,,,,優哉,優哉,,manaka,,6,,,,,「ん？」
327300 ,,,,,,,,,,manaka,,6,,,,,　愛歌は俺から離れ、はだけた上着に手をかける。
327400 ,,,,,,,,,,manaka,,6,,,,,　その手はわずかに震え、仕草もひどくぎこちなかっ
　た。
327690 ,,<!Lend_continue>,0,9000,,,,,,,,,,,,,
327700 ,@519,,,,,,,,,,,,,,,,■■■愛歌Ｈ１回目■■■
328200 ,,<!Lbegin_continue>,13,5212,,,優哉,優哉,,"manaka,private",,6,,,,,「あ……俺が脱がせようか？」
328300 ,,,,,,,愛歌,愛歌,01man519_001.wav,manaka,,6,,,,,「ううん。脱がしてもらうの恥ずかしいから……優哉
　ちゃんも後ろを向いててね？」
328400 ,,,,,,,,,,manaka,,6,,,,,　先に背を向け、愛歌は静かに上着を脱いでいく。
328500 ,,,,,,,,,,manaka,,6,,,,,　思わず急かしたくなるような、ゆったりとした動き。
328600 ,,,,,,,,,,manaka,,6,,,,,　後ろを向いているよう言われても、脳からの命令が
　身体に伝わらなかった。
328700 ,,,,,,,,,,manaka,,6,,,,,　一枚、また一枚と愛歌は全裸に近づいていき、白く
　か細い肩が露出する。
328800 ,,,,,,,優哉,優哉,,manaka,,6,,,,,「愛歌、あとは俺が……」
328900 ,,,,,,,愛歌,愛歌,01man519_002.wav,manaka,,15,,,,,「え……きゃっ！？」
329000 ,,,,,,,,,,manaka,,15,,,,,　下着姿になった愛歌を後ろから抱きしめ、そのまま
　ベッドの上へ押し倒した。
329290 ,,<!scene_h_begin>,,,201211,,,,,,,,,,,,
329299 ,*mem,,,,,,,,,,,,,,,,
329300 ,,,13,,201211,,愛歌,愛歌,01man519_003.wav,,,,,,,,「もー、後ろを向いててって言ったのにー」
329400 ,,,,,201211,,,,,,,,,,,,　明るく振る舞おうとする愛歌だったが、やはり表情は
　緊張していた。
329500 ,,,,,201211,,,,,,,,,,,,　俺自身、笑い返す余裕がない。
329600 ,,,,,201211,,,,,,,,,,,,　いつの間にか会話が途切れ、お互いの呼吸音だけが
　部屋に取り残されていた。
329700 ,,,,,201211,,,,,,,,,,,,　こちらが少し動くたびに、愛歌はビクッとカラダを
　震わせる。
329800 ,,,,,201211,,,,,,,,,,,,　生唾を飲む音さえ聞かれそうで、嫌でも心拍数が上が
　っていった。
329900 ,,,,,201211,,優哉,優哉,,,,,,,,,「な……なんか緊張するな。
　改めてこんな風に愛歌と向かい合うと……」
330000 ,,,,,201211,,愛歌,愛歌,01man519_004.wav,,,,,,,,「うん……ドキドキしすぎて心臓が止まっちゃいそう
　だよ……」
330100 ,,,,,201211,,,,,,,,,,,,　一度は笑い合ってみたものの、すぐに沈黙が続いて
　表情が強張る。
330200 ,,,,,201211,,優哉,優哉,,,,,,,,,（今まで意識したことがなかったけど……）
330300 ,,,,,201211,,,,,,,,,,,,　意外なほど狭い肩幅。
330400 ,,,,,201211,,,,,,,,,,,,　それでいて骨張っているわけでもなく、どこを触って
　も柔らかそうな肉付き加減。
330500 ,,,,,201211,,,,,,,,,,,,　男の俺とは何もかもが違いすぎた。
330600 ,,,,,201211,,優哉,優哉,,,,,,,,,（やっぱり女……なんだよな。愛歌も……）
330700 ,,,,,201211,,,,,,,,,,,,　意識してはいけないと思いつつも、やはり胸の谷間に
　目がいってしまう。
330800 ,,,,,201211,,,,,,,,,,,,　母親である秋歌さんと比べるのはかわいそうだが、
　手のひらサイズな愛歌の胸も充分柔らかそうだった。
330900 ,,,,,201211,,愛歌,愛歌,01man519_005.wav,,,,,,,,「優哉ちゃん、あんまり見ないで。恥ずかしいよ……」
331000 ,,,,,201211,,優哉,優哉,,,,,,,,,「あ、なら俺も全部脱いだ方がいいか？」
331100 ,,,,,201211,,愛歌,愛歌,01man519_006.wav,,,,,,,,「そういう意味じゃなくってっ。
　そっちの方がもっと恥ずかしいからっ」
331200 ,,,,,201211,,,,,,,,,,,,　何を想像したのか、愛歌は完熟トマトのように赤く
　なって瞳をオロオロさせる。
331300 ,,,,,201211,,,,,,,,,,,,　落ち着かせるために髪を撫でると、ほんの少しだけ
　肩から力が抜けたように見えた。
331400 ,,,,,201211,,愛歌,愛歌,01man519_007.wav,,,,,,,,「……優哉ちゃんは普通の男の人と違うんだね」
331500 ,,,,,201211,,優哉,優哉,,,,,,,,,「ん？　それは俺がおかしいってことか？」
331600 ,,,,,201211,,愛歌,愛歌,01man519_008.wav,,,,,,,,「だってお母さんが言ってたもん。
　男の人はみんな狼で、二人きりになると女の子に
　襲いかかるんだって……」
331700 ,,,,,201211,,優哉,優哉,,,,,,,,,「相変わらず、偏った教育してるなあ……」
331800 ,,,,,201211,,愛歌,愛歌,01man519_009.wav,,,,,,,,「でも優哉ちゃんは、こんな時でも優しくしてくれる
　から……狼にはならないのかなって」
331900 ,,,,,201211,,優哉,優哉,,,,,,,,,「まあ、お前と二人きりになるのはこれが初めてじゃ
　ないしな。こんな状況になったのは初めてだが……」
332000 ,,,,,201211,,愛歌,愛歌,01man519_010.wav,,,,,,,,「……私って、そんなに魅力ないのかな」
332100 ,,,,,201211,,優哉,優哉,,,,,,,,,「は？」
332200 ,,,,,201211,,愛歌,愛歌,01man519_011.wav,,,,,,,,「こんな状況でも優哉ちゃんが狼にならないのって、
　私が子供でお母さんみたいに色気がないから……？」
332300 ,,,,,201211,,優哉,優哉,,,,,,,,,「あのなあ……お前、俺に狼になってほしいのかよ」
332400 ,,,,,201211,,愛歌,愛歌,01man519_012.wav,,,,,,,,「そうじゃないけど……私、胸も小さいし、スタイル
　だってそんなによくないし、エッチなことも全然分
　からないから……」
332500 ,,,,,201211,,優哉,優哉,,,,,,,,,「それは俺にケンカ売ってるのか？」
332600 ,,,,,201211,,愛歌,愛歌,01man519_013.wav,,,,,,,,「え？」
332700 ,,,,,201211,,優哉,優哉,,,,,,,,,「俺のカノジョのこと、あんま悪く言ってほしくない
　んだけどな」
332800 ,,,,,201211,,愛歌,愛歌,01man519_014.wav,,,,,,,,「あ、ごめんなさいっ」
332900 ,,,,,201211,,優哉,優哉,,,,,,,,,「＜理解＝わか＞ればいい」
333000 ,,,,,201211,,愛歌,愛歌,01man519_015.wav,,,,,,,,「って、優哉ちゃんのカノジョ！？　えっ？　えっ？
　私がっ！？　ええっ！？」
333100 ,,,,,201211,,優哉,優哉,,,,,,,,,「反応が遅えよ。スルーされたかと思ったぜ」
333200 ,,,,,201211,,愛歌,愛歌,01man519_016.wav,,,,,,,,「私が……優哉ちゃんのカノジョ……」
333300 ,,,,,201211,,優哉,優哉,,,,,,,,,「ついでに言うと、俺が愛歌のカレシな」
333400 ,,,,,201211,,愛歌,愛歌,01man519_017.wav,,,,,,,,「っ……一生、ついていきますっ」
333500 ,,,,,201211,,優哉,優哉,,,,,,,,,「あー、ダメだっ。お前と話してると、なごなごして
　色っぽい展開にならないわ」
333600 ,,,,,201211,,愛歌,愛歌,01man519_018.wav,,,,,,,,「あうぅ……早速、ダメ出しだよぉ」
333700 ,,,,,201211,,,,,,,,,,,,　ダメ出しじゃなくて、中出しをしたい！
333800 ,,,,,201211,,,,,,,,,,,,　……なんて割り切ったキャラになれれば、俺もこんな
　ところで足踏みはしてなかったと思うが。
333900 ,,,,,201211,,,,,,,,,,,,　お互い知り尽くした仲というのも、色々と難儀なもの
　で。
334000 ,,,,,201211,,優哉,優哉,,,,,,,,,「決めた！　愛歌、俺はお前の胸を揉むぞ。今から
　獰猛な狼になってやる！」
334100 ,,,,,201211,,愛歌,愛歌,01man519_019.wav,,,,,,,,「えっと、えっと、こういう時カノジョはっ……」
334200 ,,,,,201211,,優哉,優哉,,,,,,,,,「考えろ考えろ、こういう時カノジョはっ？」
334300 ,,,,,201211,,愛歌,愛歌,01man519_020.wav,,,,,,,,「愛歌のおっぱい、召し上がれっ」
334400 ,,,,,201211,,優哉,優哉,,,,,,,,,「ごふっ（吐血）」
334500 ,,,,,201211,,愛歌,愛歌,01man519_021.wav,,,,,,,,「あれ……違った？
　ねえ、優哉ちゃんどうしたのっ？」
334600 ,,,,,201211,,優哉,優哉,,,,,,,,,「お前、たまにとんでもない剛速球を放ってくるよな」
334700 ,,,,,201211,,愛歌,愛歌,01man519_022.wav,,,,,,,,「どうしよ……なんか顔が火照ってきちゃったよ……」
334800 ,,,,,201211,,,,,,,,,,,,　うつむこうとする愛歌の顎をすくい、紅潮の引かない
　頬に手を添えてみる。
334900 ,,,,,201211,,,,,,,,,,,,　その火照り具合を確かめたあと、指でブラジャーの
　肩ひもをなぞりながら発育段階の膨らみへと触れた。
335200 ,,<!move_look>,,,201212,,愛歌,愛歌,01man519_023.wav,,,,,,,,「あ……」
335300 ,,,,,201212,,,,,,,,,,,,　触れた瞬間、愛歌は両腋を締めて肩に力を入れる。
335400 ,,,,,201212,,,,,,,,,,,,　下着越しでも分かる乳房の温もり。
335500 ,,,,,201212,,,,,,,,,,,,　腋を締めたのは、少しでも胸の谷間を深く見せようと
　する女心だと知った。
335600 ,,,,,201212,,優哉,優哉,,,,,,,,,「あー……すげー、柔らかい……」
335700 ,,,,,201212,,愛歌,愛歌,01man519_024.wav,,,,,,,,「私の胸……どうかな？　他の女の子と比べてどう？」
335800 ,,,,,201212,,優哉,優哉,,,,,,,,,「知らん」
335900 ,,,,,201212,,愛歌,愛歌,01man519_025.wav,,,,,,,,「そんなぁ……やっぱり優哉ちゃんは、大きいおっぱ
　いの方が……」
336000 ,,,,,201212,,優哉,優哉,,,,,,,,,「他の女の胸になんか興味ねえし。
　大きかろうが小さかろうが、愛歌は愛歌だろ？」
336100 ,,,,,201212,,愛歌,愛歌,01man519_026.wav,,,,,,,,「優哉ちゃん……」
336200 ,,,,,201212,,,,,,,,,,,,　再度髪を撫でてやると、ようやく愛歌は緊張の解けた
　微笑みを浮かべた。
336300 ,,,,,201212,,,,,,,,,,,,　もちろん、気休めで言ったわけじゃない。
336400 ,,,,,201212,,,,,,,,,,,,　胸の大きさで女の格付けをするようなことはしたく
　なかったし、それに……。
336500 ,,,,,201212,,優哉,優哉,,,,,,,,,（手にすっぽり収まるサイズの胸っていいな……）
336600 ,,,,,201212,,,,,,,,,,,,　まるで俺のためだけにあるような気がして、変なとこ
　ろで独占欲が満たされた。
336700 ,,,,,201212,,優哉,優哉,,,,,,,,,「少し揉んでみてもいいか？」
336800 ,,,,,201212,,愛歌,愛歌,01man519_027.wav,,,,,,,,「うん……優哉ちゃんにだったら……」
336900 ,,,,,201212,,,,,,,,,,,,　自信なさげにしている愛歌の額に唇を重ね、そっと
　手に力を込めてみる。
337000 ,,,,,201212,,,,,,,,,,,,　すると指がどこまでも埋もれていく感じがして、自重
　しないとそのまま握りきってしまいそうだった。
337100 ,,,,,201212,,,,,,,,,,,,　レース編みされたブラジャーの生地が、指先にかかっ
　て心地いい。
337200 ,,,,,201212,,愛歌,愛歌,01man519_028.wav,,,,,,,,「っ……」
337300 ,,,,,201212,,優哉,優哉,,,,,,,,,「ごめん、痛かったか？」
337400 ,,,,,201212,,愛歌,愛歌,01man519_029.wav,,,,,,,,「ううん、そうじゃなくて……下着の上から触られて
　るだけでこんなにドキドキしてたら、この先どうな
　っちゃうんだろうって……」
337500 ,,,,,201212,,,,,,,,,,,,　ウブな愛歌とはいえ、そこは年頃の女子校生。
337600 ,,,,,201212,,,,,,,,,,,,　やはり色々と先のことも想像してしまったらしい。
337700 ,,,,,201212,,優哉,優哉,,,,,,,,,（男のアレとか見たらどうなっちゃうんだろうな、
　愛歌は……）
337800 ,,,,,201212,,,,,,,,,,,,　卒倒しないか心配な反面、ちょっと楽しみでもある。
337900 ,,,,,201212,,,,,,,,,,,,　しばらくそんな愛歌の乳房を堪能していると、ブラ
　ジャーの肩ひもが緩んでずり落ちそうになっていた。
338000 ,,,,,201212,,,,,,,,,,,,　それほど締めつけの強くないストラップゴム。
338100 ,,,,,201212,,,,,,,,,,,,　きし麺のようなそれを指で摘み、元の位置に戻して
　やる。
338200 ,,,,,201212,,,,,,,,,,,,　だがただでさえ肩幅が狭く、なで肩なため、すぐに
　またストラップは滑っていってしまう。
338300 ,,,,,201212,,,,,,,,,,,,　愛歌もそれを気にして何度も自分で直していたが、
　俺が首を横に振ると恥ずかしそうにその動きを止め
　た。
338400 ,,,,,201212,,優哉,優哉,,,,,,,,,「なあ、この肩ひものところの金具で調節できないの
　か？　これって、アジャスターだよな？」
338500 ,,,,,201212,,愛歌,愛歌,01man519_030.wav,,,,,,,,「……優哉ちゃん、どうしてそんなに女の子の下着に
　詳しいの？」
338600 ,,,,,201212,,,,,,,,,,,,　ストラップの前面にある８の字の金具を触っている
　と、猜疑心全開で睨まれる。
338700 ,,,,,201212,,優哉,優哉,,,,,,,,,「い……いや、保健体育で習ったんだ。男限定で」
338800 ,,,,,201212,,愛歌,愛歌,01man519_031.wav,,,,,,,,「…………」
338900 ,,,,,201212,,優哉,優哉,,,,,,,,,「あ、分かった！　愛歌は肌が弱いんだろ？
　だから肩ひもをキツくしすぎると赤くなって大変だ
　とか！」
339000 ,,,,,201212,,愛歌,愛歌,01man519_032.wav,,,,,,,,「どうして優哉ちゃん、そんなことまで……」
339100 ,,,,,201212,,優哉,優哉,,,,,,,,,「げっ……て、適当に言っただけだって！
　偶然だよ、偶然。俺がそんな女の下着に詳しいわけ
　ないだろ？」
339200 ,,,,,201212,,,,,,,,,,,,　やることなすこと、裏目に出てる気がする。
339300 ,,,,,201212,,優哉,優哉,,,,,,,,,「もう全てこいつが悪いっ。
　外そう、こんなブラジャー……」
339400 ,,,,,201212,,愛歌,愛歌,01man519_033.wav,,,,,,,,「あっ……じゃあ、私が自分でっ……きゃあっ！？」
339700 ,,<!move_look>,,,201213,,,,,,,,,,,,　起き上がろうとした愛歌の背に手を回し、指先だけで
　ホックを外してやる。
339800 ,,,,,201213,,,,,,,,,,,,　まさか一発で外せるとは思ってなかったが、動揺を
　悟られないよう涼しい顔でブラジャーを抜き取った。
339900 ,,,,,201213,,愛歌,愛歌,01man519_034.wav,,,,,,,,「優哉ちゃん……ホック外すの慣れてるね……」
340000 ,,,,,201213,,優哉,優哉,,,,,,,,,「ん……そうか？」
340100 ,,,,,201213,,愛歌,愛歌,01man519_035.wav,,,,,,,,「…………」
340200 ,,,,,201213,,,,,,,,,,,,　男としては経験豊富そうに見えた方がいい……なんて
　思惑があったが、愛歌は物悲しそうにこちらを見てい
　た。
340300 ,,,,,201213,,,,,,,,,,,,　そんな中でも剥き出しになった乳房へ目がいってしま
　う。
340400 ,,,,,201213,,,,,,,,,,,,　確かに膨らみは控えめだが、綺麗な上向きのお椀型。
340500 ,,,,,201213,,,,,,,,,,,,　何より色素の沈着がほとんどない薄桃色の乳頭が、
　本当に儚げでかわいらしかった。
340600 ,,,,,201213,,優哉,優哉,,,,,,,,,（……摘んでくださいって言ってるようなもんだよな、
　これ）
340700 ,,,,,201213,,,,,,,,,,,,　突起があると、つい摘みたくなってしまうのは男の
　性。
340800 ,,,,,201213,,,,,,,,,,,,　しかも左右同時にキュッと。これ、男の浪漫。
340900 ,,,,,201213,,愛歌,愛歌,01man519_036.wav,,,,,,,,「……やっぱり私、やめるっ」
341000 ,,,,,201213,,優哉,優哉,,,,,,,,,「え、やめる？」
341100 ,,,,,201213,,,,,,,,,,,,　いよいよこれから！　という時に突然の終了宣言。
341200 ,,,,,201213,,,,,,,,,,,,　思わず俺も、露骨な落胆を表情に出してしまう。
341300 ,,,,,201213,,優哉,優哉,,,,,,,,,「どうしたんだよ、急に……怖くなったのか？」
341400 ,,,,,201213,,愛歌,愛歌,01man519_037.wav,,,,,,,,「怖くはないけど……優哉ちゃん、こういうのにすご
　く慣れてるみたいだし……」
341500 ,,,,,201213,,優哉,優哉,,,,,,,,,「バカ、こんなことするのお前が初めてだって」
341600 ,,,,,201213,,愛歌,愛歌,01man519_038.wav,,,,,,,,「でも……ブラのホック外すの、すごい上手だったよ？」
341700 ,,,,,201213,,優哉,優哉,,,,,,,,,「あれは偶然だって。自分でも上手くいきすぎて正直
　ビビった」
341800 ,,,,,201213,,愛歌,愛歌,01man519_039.wav,,,,,,,,「私だって、上手すぎてビビったもんっ。それに胸の
　触り方だってっ」
341900 ,,,,,201213,,,,,,,,,,,,　と勢いよく口にして、気の毒なぐらい赤面する愛歌。
342000 ,,,,,201213,,,,,,,,,,,,　呼吸をするのも忘れているようで、放っておいたら
　本当に窒息死しそうだった。
342100 ,,,,,201213,,優哉,優哉,,,,,,,,,「なあ、愛歌……俺が悪いならあやまる」
342200 ,,,,,201213,,優哉,優哉,,,,,,,,,「でもさ、俺も男だから愛歌を少しでもリードしたい
　っていうか、今でもかなり必死なんだぜ？」
342300 ,,,,,201213,,愛歌,愛歌,01man519_040.wav,,,,,,,,「…………」
342400 ,,,,,201213,,優哉,優哉,,,,,,,,,「愛歌も初めてで不安だろうけど……今は俺に委ねて
　くれないか？」
342500 ,,,,,201213,,,,,,,,,,,,　気がつくと自分でも呼吸を忘れている。
342600 ,,,,,201213,,,,,,,,,,,,　愛歌の次の一言を待つのが怖い。
342700 ,,,,,201213,,愛歌,愛歌,01man519_041.wav,,,,,,,,「……ごめんなさい。私、ワガママだよね」
342800 ,,,,,201213,,優哉,優哉,,,,,,,,,「いや……」
342900 ,,,,,201213,,愛歌,愛歌,01man519_042.wav,,,,,,,,「でもねっ、でもねっ！　私、ほんとに優哉ちゃんの
　ことが好きでっ……だからこういうのに慣れてる優
　哉ちゃんを見たらすごく不安になって……」
343000 ,,,,,201213,,,,,,,,,,,,　愛歌の気持ちは充分理解できた。
343100 ,,,,,201213,,,,,,,,,,,,　もし俺が逆の立場で、愛歌に慣れた手つきで自分の
　を触られていたら……きっと素直には喜べなかった
　と思う。
343200 ,,,,,201213,,,,,,,,,,,,　好きな気持ちが大きければ大きいほど、相手を独占し
　たいという思いも強くなるだろうから。
343300 ,,,,,201213,,優哉,優哉,,,,,,,,,「……このまま触ってもいいよな？」
343400 ,,,,,201213,,愛歌,愛歌,01man519_043.wav,,,,,,,,「…………」
343500 ,,,,,201213,,,,,,,,,,,,　頷いた愛歌はそのまま顔を上げず、ぎゅっと両手に力
　を込める。
343600 ,,,,,201213,,,,,,,,,,,,　俺もいきなり触ることはせず、最初に肩を優しく抱い
　てから手のひらを乳房に向かわせた。
343700 ,,,,,201213,,愛歌,愛歌,01man519_044.wav,,,,,,,,「ん……ぁっ、ふぁっ……」
343800 ,,,,,201213,,,,,,,,,,,,　手の形をブラのカップのようにして被せただけで、
　愛歌はびくくっ……と全身を震わせる。
343900 ,,,,,201213,,,,,,,,,,,,　下着の上からとでは、全くその触感が違った。
344000 ,,,,,201213,,,,,,,,,,,,　僅かに力を入れただけで愛歌の乳房は形を変え、ピン
　ク色をした先端部分が明後日の方向を向く。
344100 ,,,,,201213,,,,,,,,,,,,　少し力を入れると、手の中で蕩けてなくなってしまう
　ような感覚。
344200 ,,,,,201213,,,,,,,,,,,,　それでいて力を緩めると、若い肉肌は年相応な反発を
　見せた。
344300 ,,,,,201213,,優哉,優哉,,,,,,,,,「すっごいな。女の胸って……」
344400 ,,,,,201213,,,,,,,,,,,,　率直な感想を口にすると、愛歌はまた腋を締めて胸を
　大きく見せようとする。
344500 ,,,,,201213,,,,,,,,,,,,　試しにその谷間へ指を差しこむと、照れ臭そうに肩を
　横に振ってうつむいた。
344600 ,,,,,201213,,,,,,,,,,,,　段階的に揉む力を強め、痛みが出ない程度に手の中で
　乳房を泳がせる。
344700 ,,,,,201213,,,,,,,,,,,,　指間からは一丁前にシコリを帯びた乳頭が飛び出し、
　それが覚えているはずのない赤ん坊の頃の記憶を想起
　させた。
344800 ,,,,,201213,,愛歌,愛歌,01man519_045.wav,,,,,,,,「優哉ちゃん……なんだか甘えん坊さんの顔になって
　る」
344900 ,,,,,201213,,優哉,優哉,,,,,,,,,「愛歌のおっぱいがかわいすぎるんだって。
　こうやって頬ずりすると、すげー安心して……」
345000 ,,,,,201213,,愛歌,愛歌,01man519_046.wav,,,,,,,,「んっん！？　やあっ……優哉ちゃん、そんなにすり
　すりしたらダメだってばぁっ」
345100 ,,,,,201213,,優哉,優哉,,,,,,,,,「やだ、このおっぱいは俺だけのもんだっ」
345200 ,,,,,201213,,愛歌,愛歌,01man519_047.wav,,,,,,,,「誰も＜奪＝と＞ったりっ……しなっ……からっ……んっん、
　んっんん！？」
345300 ,,,,,201213,,,,,,,,,,,,　どうやら愛歌は頬ずりで乳首をこね回してやると、
　まともに話せなくなってしまうらしい。
345400 ,,,,,201213,,優哉,優哉,,,,,,,,,「ほら……お前のここ、こんなにコリコリになっちゃ
　ったぜ？」
345500 ,,,,,201213,,愛歌,愛歌,01man519_048.wav,,,,,,,,「ふぁっ……コリコリとかっ……言わなっ……やあっ、
　頬ずりはダメだってばぁぁぁっ」
345600 ,,,,,201213,,,,,,,,,,,,　悶えまくりな愛歌がかわいくて、つい意地悪してしま
　う。
345800 ,,,,,201213,,優哉,優哉,,,,,,,,,「ん？　あれ……愛歌って秋歌さんと同じ位置にホクロ
　あるのか？」
345900 ,,,,,201213,,,,,,,,,,,,　右側の乳房にある黒い色素班を見つけ、それを軽く
　吸ってやる。
346000 ,,,,,201213,,愛歌,愛歌,01man519_049.wav,,,,,,,,「んっ……お母さんのは……反対側にあるの……」
346100 ,,,,,201213,,優哉,優哉,,,,,,,,,「へー、親子の遺伝ってのはすごいな」
346200 ,,,,,201213,,愛歌,愛歌,01man519_050.wav,,,,,,,,「ふっぁ、やっ……そんなにホクロを吸わないで」
346300 ,,,,,201213,,優哉,優哉,,,,,,,,,「んで、秋歌さんはこっち側にホクロがあるのか」
346400 ,,,,,201213,,愛歌,愛歌,01man519_051.wav,,,,,,,,「ああっ、ふっん、んんっ、お母さんと比べなくていい
　からぁっ……」
346500 ,,,,,201213,,優哉,優哉,,,,,,,,,「でもホクロって、たまに毛が生えてくるよな。
　愛歌のは……」
346600 ,,,,,201213,,愛歌,愛歌,01man519_052.wav,,,,,,,,「毛なんて生えてないってばぁっ……やっあ、また
　吸っ……んっん、んんっ、んぅぅっ！？」
346700 ,,,,,201213,,優哉,優哉,,,,,,,,,「ああ、乳首にも毛って生えたりしないか？」
346800 ,,,,,201213,,愛歌,愛歌,01man519_053.wav,,,,,,,,「ああっ、やっ、やあっ、摘まないでっ……そこにも
　毛なんて生えてないからぁっ……」
346900 ,,,,,201213,,,,,,,,,,,,　愛歌は乳輪も小さめで、形と全体のバランスから言っ
　たら間違いなく美乳だった。
347000 ,,,,,201213,,,,,,,,,,,,　そこら辺はやはり、母親である秋歌さんのＤＮＡを
　受け継いでいるのかもしれない。
347100 ,,,,,201213,,優哉,優哉,,,,,,,,,「なあ、愛歌。お前こんなに感じやすくて、赤ちゃん
　ができた時に母乳とかあげられるのか？」
347200 ,,,,,201213,,愛歌,愛歌,01man519_054.wav,,,,,,,,「あ……赤ちゃんって！　赤ちゃんってっ！？」
347300 ,,,,,201213,,優哉,優哉,,,,,,,,,「って落ち着け、落ち着け！　別に今すぐ赤ちゃんを
　つくろうって話じゃないんだから」
347400 ,,,,,201213,,愛歌,愛歌,01man519_055.wav,,,,,,,,「そりゃあ、私だっていつかは優哉ちゃんの赤ちゃん
　が欲しいけど、まだ学生だし、急にそんなこと言わ
　れても心の準備とか、カラダの準備とか……」
347500 ,,,,,201213,,優哉,優哉,,,,,,,,,「だーかーらー！　お前はすぐ先走るなってっ」
347600 ,,,,,201213,,優哉,優哉,,,,,,,,,「いいか、見てろよ？　つまり俺が言いたいのはこう
　いうことだっ」
347700 ,,,,,201213,,,,,,,,,,,,　キュッ！
347800 ,,,,,201213,,愛歌,愛歌,01man519_056.wav,,,,,,,,「ああっ、やあっ……優哉ちゃっ……ダメっ、ダメっ、
　そんなに摘んじゃダメぇぇっ」
347900 ,,,,,201213,,,,,,,,,,,,　半分不意打ちで愛歌の乳首を左右同時に摘んでやる
　と、面白いように布団の上でのけ反っていった。
348000 ,,,,,201213,,,,,,,,,,,,　それでも許さずにコリコリし続けていると、リアルに
　先っぽが硬くなっていくのを感じる。
348100 ,,,,,201213,,,,,,,,,,,,　男性器と同じように勃起した乳頭は、まさにしゃぶっ
　てくださいと言わんばかりだった。
348200 ,,,,,201213,,優哉,優哉,,,,,,,,,「どうだ、これで分かったか？」
348300 ,,,,,201213,,愛歌,愛歌,01man519_057.wav,,,,,,,,「あうぅ……全然、分かりません……」
348400 ,,,,,201213,,優哉,優哉,,,,,,,,,「だから指で摘んだだけでこんなになってるのに、
　赤ちゃんがお口で母乳をチュクチュクしたらどうな
　るんだって話な」
348500 ,,,,,201213,,,,,,,,,,,,　摘み終えると、愛歌はぐったりして動かなくなった。
348600 ,,,,,201213,,,,,,,,,,,,　あどけない表情なのに乳首だけはピンと勃っていて、
　そのアンバランスさが妙にエロい。
348700 ,,,,,201213,,愛歌,愛歌,01man519_058.wav,,,,,,,,「……お母さんはどうだったんだろ」
348800 ,,,,,201213,,優哉,優哉,,,,,,,,,「秋歌さんかあ……あの人は授乳の達人だからな。
　俺とお前、二人で同時に吸いまくってたわけだし」
348900 ,,,,,201213,,愛歌,愛歌,01man519_059.wav,,,,,,,,「私って、そんなに感じすぎるのかな……」
349000 ,,,,,201213,,,,,,,,,,,,　冗談で話したことだったが、愛歌はかなり真面目に
　落ちこんでいる。
349100 ,,,,,201213,,,,,,,,,,,,　それに付け入るわけじゃないが、俺はいよいよ今回の
　本題について持ちかけてみることにした。
349200 ,,,,,201213,,優哉,優哉,,,,,,,,,「そこで、だ。ここは俺が一肌脱ごうじゃないか」
349300 ,,,,,201213,,愛歌,愛歌,01man519_060.wav,,,,,,,,「う～……なんかイヤな予感がするよぉ……」
349400 ,,,,,201213,,,,,,,,,,,,その予感は見事に的中するわけだが。
349500 ,,,,,201213,,優哉,優哉,,,,,,,,,「やることは単純だ。今から俺が赤ん坊役になって、
　お前のおっぱいを吸いまくる。説明は以上だ」
349600 ,,,,,201213,,愛歌,愛歌,01man519_061.wav,,,,,,,,「ええっ！？　赤ん坊になって吸いまくるって……
　ちょっと、ダメダメっ。そんなの無理だってばぁっ」
349700 ,,,,,201213,,愛歌,愛歌,01man519_062.wav,,,,,,,,「優哉ちゃん、ほんとに無っ、んっん！？　ぢゅっ、
　んっん！？　ちゅぅぅっ……んんんーっ！？」
349800 ,,,,,201213,,,,,,,,,,,,　麻酔薬代わりに唇を奪い、愛歌の放心を誘う。
349900 ,,,,,201213,,,,,,,,,,,,　そして両腕をぎゅっと掴みながら、優しく舌先で乳首
　の先を跳ね上げた。
350200 ,,,,,201214,,愛歌,愛歌,01man519_063.wav,,,,,,,,「やっあ、そんなっ……優哉ちゃっ……ああっ、あっ、
　あっ、あっ、吸わないでっ……吸わないでぇっ……」
350300 ,,,,,201214,,,,,,,,,,,,　舌で巻き取りながら口に含むと、断続的な痙攣が愛歌
　を襲った。
350400 ,,,,,201214,,,,,,,,,,,,　わざと吸音を大きく響かせ、上目遣いで見つめてみ
　る。
350500 ,,,,,201214,,,,,,,,,,,,　すると愛歌は俺の頭を抱えこみ、そのままぎゅ～っと
　束縛してきた。
350600 ,,,,,201214,,優哉,優哉,,,,,,,,,「んぶっ！？　愛歌、ちょっ、息がっ……ふがっ！？」
350700 ,,,,,201214,,,,,,,,,,,,　呼吸を確保するので精一杯になっていると、強引に
　おしゃぶりを口の中へ突っこまれる。
350800 ,,,,,201214,,,,,,,,,,,,　ある意味、赤ん坊への授乳レイプ。
350900 ,,,,,201214,,,,,,,,,,,,　必死で愛歌の肩をタップすると、ようやく少しだけ
　束縛が緩められた。
351000 ,,,,,201214,,優哉,優哉,,,,,,,,,「ぷはっ！　お前は俺を殺したいのかっ」
351100 ,,,,,201214,,愛歌,愛歌,01man519_064.wav,,,,,,,,「ご、ごめんなさぁい！　だって、上目遣いする優哉
　ちゃんがかわいくって、つい……」
351200 ,,,,,201214,,,,,,,,,,,,　油断していると、すぐにまた頭を抱きかかえられそう
　になる。
351300 ,,,,,201214,,優哉,優哉,,,,,,,,,（情に厚いっていうか、母性本能の塊みたいなヤツだ
　からな……）
351400 ,,,,,201214,,,,,,,,,,,,　とりあえず上目遣いは封印し、大人しく授乳ごっこを
　堪能することにした。
351500 ,,,,,201214,,優哉,優哉,,,,,,,,,「あむっ……ちゅっ……れろっ……ちゅぅっ……
　ちゅっぱ……ちゅっ……れりゅっ……」
351600 ,,,,,201214,,愛歌,愛歌,01man519_065.wav,,,,,,,,「やっ、やっ、優哉ちゃんの口の中、温かいっ……
　んっ、んっん、んんっ、ふぁぁっ……」
351700 ,,,,,201214,,,,,,,,,,,,　強弱をつけて吸い、色々な角度から舌先を当ててみ
　る。
351800 ,,,,,201214,,,,,,,,,,,,　そんな老獪な赤ん坊のテクニックに、愛歌は自分から
　もう片方の乳首を突き出してくるようになった。
351900 ,,,,,201214,,,,,,,,,,,,　それでも性格的に露骨な催促はできないため、もどか
　しそうに俺を見つめてくる。
352000 ,,,,,201214,,,,,,,,,,,,　愛歌ぐらいの胸の大きさだと、乳房を軽く摘んだだけ
　で、にゅっ……とおしゃぶりの部分が突き出てくる。
352100 ,,,,,201214,,,,,,,,,,,,　オモチャの楽器でゴムの部分を摘むと『パフパフ！』
　と鳴るラッパがあるが、それと同じ感覚だ。
352200 ,,,,,201214,,愛歌,愛歌,01man519_066.wav,,,,,,,,「……ちょっとだけ、お母さんの気持ちが分かるかも」
352300 ,,,,,201214,,優哉,優哉,,,,,,,,,「ん……秋歌さんの？」
352400 ,,,,,201214,,愛歌,愛歌,01man519_067.wav,,,,,,,,「うん。だってこんなにかわいく優哉ちゃんにおねだ
　りされたら……私も思っちゃうもん」
352500 ,,,,,201214,,優哉,優哉,,,,,,,,,「思っちゃうもんって、何を？」
352700 ,,,,,201214,,愛歌,愛歌,01man519_068.wav,,,,,,,,「だから……もっと愛歌のおっぱい、飲ませてあげた
　いなって……」
352800 ,,,,,201214,,優哉,優哉,,,,,,,,,「ごふっ！？（本日二度目）」
352900 ,,,,,201214,,愛歌,愛歌,01man519_069.wav,,,,,,,,「一生懸命、おっぱい吸ってるのを見てると、よちよ
　ちいい子でちゅね～ってしてあげたくなるの……」
353000 ,,,,,201214,,,,,,,,,,,,　既に俺も溺愛され続け、愛歌ママのおっぱいから離れ
　られなくなっていた。
353100 ,,,,,201214,,優哉,優哉,,,,,,,,,（若い頃の秋歌さんもこんな感じだったのかなあ……）
353200 ,,,,,201214,,,,,,,,,,,,　改めて乳首を口に含み直し、今度は乳輪ごと吸って
　上目遣いの封印を解除する。
353300 ,,,,,201214,,愛歌,愛歌,01man519_070.wav,,,,,,,,「はあっ、んんっ、ああっ、あっあ、そんなに強く吸っ
　たらっ……跡が残っちゃうよぉっ……」
353400 ,,,,,201214,,優哉,優哉,,,,,,,,,「はあはあ……あむっ……まなふぁっ……ちゅっぽ、
　ちゅぅっ……れろっ……ちゅぽっ、ちゅぅぅっ……」
353500 ,,,,,201214,,愛歌,愛歌,01man519_071.wav,,,,,,,,「あっ、あっ、ああっ、優哉ちゃんっ、ダメっ……
　搾らないでっ……搾っちゃっ……やああっ！？」
353600 ,,,,,201214,,,,,,,,,,,,　下手に舌を使うのはやめ、完全な授乳モードに入っ
　た。
353700 ,,,,,201214,,,,,,,,,,,,　両手で片方の乳房を搾り、テレビで見たことのある牛
　の搾乳シーンを思い出しながらむしゃぶりつく。
353800 ,,,,,201214,,,,,,,,,,,,　お椀型だった肉の房がロケット型になり、愛歌は俺の
　髪を鷲掴みながら甘い声を洩らす。
353900 ,,,,,201214,,愛歌,愛歌,01man519_072.wav,,,,,,,,「んはぁっ、優哉ちゃんもっと甘えていいよ……たく
　さん私のおっぱい、飲んでいいよっ……」
354100 ,,,,,201214,,愛歌,愛歌,01man519_073.wav,,,,,,,,「優哉ちゃん、おいし？　愛歌のミルクっ……んんっ、
　ああっ、やああっ、音は立てなっ……」
354200 ,,,,,201214,,優哉,優哉,,,,,,,,,「ぢゅるるっ、ぢゅぅぅっ、ぢゅっぱ！　ぢゅるるっ、
　ぢゅぅぅぅっ、ぢゅぅぅぅぅっ！」
354300 ,,,,,201214,,愛歌,愛歌,01man519_074.wav,,,,,,,,「ダメっ、ダメぇっ……優哉ちゃん、私っ……んっん、
　んぅぅっ！？　んっんん！？　んぅぅぅっ！？」
354400 ,,,,,201214,,,,,,,,,,,,　授乳の最中、愛歌は急に硬直し、俺の頭を抱いたまま
　何度も軽い痙攣を繰り返した。
354500 ,,,,,201214,,,,,,,,,,,,　それを機にもう一方の乳首へ吸いつき、同じように
　搾乳する。
354600 ,,,,,201214,,愛歌,愛歌,01man519_075.wav,,,,,,,,「やっあ、そっちもっ……んっ、んっん、んんっ、
　ああっ……赤ちゃんにミルクをあげるのってっ……
　こんなにっ……こんなにっ……」
354700 ,,,,,201214,,愛歌,愛歌,01man519_076.wav,,,,,,,,「やああっ、やああっ、優哉ちゃっ……おっぱいっ……
　おっぱい、ダメぇぇっ！？」
354800 ,,,,,201214,,,,,,,,,,,,　再び全身が痙攣し、愛歌はどっと汗をかき始める。
354900 ,,,,,201214,,,,,,,,,,,,　その粘っこい肌の感触に頬ずりし、赤く充血した乳輪
　を舌先でなぞっていく。
355200 ,,,,,201215,,愛歌,愛歌,01man519_077.wav,,,,,,,,「はあはあ……はあ……優哉ちゃん……」
355300 ,,,,,201215,,,,,,,,,,,,　力の抜けた声で俺を呼び、愛歌は布団の上でくたっと
　脱力した。
355400 ,,,,,201215,,優哉,優哉,,,,,,,,,「大丈夫か、愛歌？」
355500 ,,,,,201215,,愛歌,愛歌,01man519_078.wav,,,,,,,,「ん……なんかすごい恥ずかしいこと、叫んでたかも」
355600 ,,,,,201215,,優哉,優哉,,,,,,,,,「ああ、『おっぱい、ダメぇぇっ！？』とかか？」
355700 ,,,,,201215,,愛歌,愛歌,01man519_079.wav,,,,,,,,「……だって優哉ちゃん、すごい吸ってくるんだもん。
　あんなのダメに決まってるよー」
355800 ,,,,,201215,,,,,,,,,,,,　なんだかんだで愛歌も緊張が解けたらしく、自分から
　もよく喋るようになった。
355900 ,,,,,201215,,,,,,,,,,,,　俺が残りの下着に手をかけると、一度だけ俺の腕を
　掴みにくる。
356000 ,,,,,201215,,,,,,,,,,,,　その力もすぐに弱まっていき、俺は肩口や胸元にキス
　を散らしながら愛歌に足を開かせた。
356300 ,,<!move_look>,,,201221,,優哉,優哉,,,,,,,,,（想像できないな。愛歌のアソコの形とか……）
356400 ,,,,,201221,,,,,,,,,,,,　下着にうっすらと浮かび上がる性器の形。
356500 ,,,,,201221,,,,,,,,,,,,　まだ見ぬ割れ目に下着の股布の部分が入りこみ、
　微妙に喰いこんで見える。
356600 ,,,,,201221,,,,,,,,,,,,　直に見るよりも想像力をかき立てられて、俺は瞬きも
　忘れてその様子に見入っていた。
356700 ,,,,,201221,,愛歌,愛歌,01man519_080.wav,,,,,,,,「優哉ちゃん、やっぱり恥ずかしいよぉ……」
356800 ,,,,,201221,,,,,,,,,,,,　大丈夫だ……とは言えず、緊張で唇が乾く。
356900 ,,,,,201221,,,,,,,,,,,,　シミひとつない太腿を見ていると、無性に頬ずりした
　くなった。
357000 ,,,,,201221,,優哉,優哉,,,,,,,,,「愛歌の足、綺麗だな……」
357100 ,,,,,201221,,愛歌,愛歌,01man519_081.wav,,,,,,,,「そんなことないよー。太腿とか結構太いし……」
357200 ,,,,,201221,,優哉,優哉,,,,,,,,,「バカ、このぐらいがちょうどいいって。
　太すぎず細すぎずで……」
357300 ,,,,,201221,,,,,,,,,,,,　幼なじみという色眼鏡を捨てても、バランスのとれた
　スタイルだと思う。
357400 ,,,,,201221,,,,,,,,,,,,　どこかの部位が出しゃばるわけでもなく、見かけは
　華奢なのに腰回りなどにはきちんと肉がついている。
357500 ,,,,,201221,,,,,,,,,,,,　裸で触れて初めて分かる抱き心地のよさ。
357600 ,,,,,201221,,,,,,,,,,,,　クビレ始めたばかりの腰も発育段階の乳房も、決して
　マイナス要素ではなかった。
357700 ,,,,,201221,,,,,,,,,,,,　だからこそ、下着の奥に眠る愛歌の核心に期待が募
　る。
357800 ,,,,,201221,,愛歌,愛歌,01man519_082.wav,,,,,,,,「優哉ちゃん、あんまり顔を近づけな……ひゃあっ！？」
357900 ,,,,,201221,,,,,,,,,,,,　抑えきれずに下着の上から性器の溝をなぞると、勢い
　よく尻が跳ね上がった。
358000 ,,,,,201221,,,,,,,,,,,,　愛歌は慌てて俺の手を掴みにくるが、逆にこちらから
　それを握りこんでやる。
358100 ,,,,,201221,,,,,,,,,,,,　そして両手を繋いだ状態のまま、すっ……と舌先を
　純白の峡谷へ奔らせた。
358200 ,,,,,201221,,愛歌,愛歌,01man519_083.wav,,,,,,,,「やっあ、ああっ、んんっん！？」
358300 ,,,,,201221,,,,,,,,,,,,　先ほどよりも激しく波打つ下腹部。
358400 ,,,,,201222,,,,,,,,,,,,　舌に押されて喰いこみを深くした股布は、よりリアル
　に女性器の形を浮かび上がらせていた。
358500 ,,,,,201222,,優哉,優哉,,,,,,,,,「指で触るのとどっちがいい？」
358600 ,,,,,201222,,愛歌,愛歌,01man519_084.wav,,,,,,,,「はあっ……どっちもダメだってばぁっ……」
358700 ,,,,,201222,,,,,,,,,,,,　身を乗り出して半泣き状態の愛歌を抱き寄せ、首筋、
　鎖骨、脇腹と軽いキスで下っていく。
358800 ,,,,,201222,,優哉,優哉,,,,,,,,,「少しだけ、お尻上げてくれるか？」
358900 ,,,,,201222,,愛歌,愛歌,01man519_085.wav,,,,,,,,「ふぇ？」
359000 ,,,,,201222,,,,,,,,,,,,　するっ。
359300 ,,<!move_look_r>,,,201223,,愛歌,愛歌,01man519_086.wav,,,,,,,,「やっ、やっ、ウソっ……優哉ちゃん、見ないでぇっ」
359400 ,,,,,201223,,,,,,,,,,,,　苦戦するかと思ったが、尻のほどよい丸みが手伝って
　あっさりとパンツを抜き取ることができた。
359500 ,,,,,201223,,,,,,,,,,,,　愛歌は両足を閉じて抵抗し、肝心な性器よりも顔の方
　を両手で覆う。
359600 ,,,,,201223,,,,,,,,,,,,　ここだけは男の腕力を行使し、左右の膝小僧を掴んで
　ぐわっと横に開かせた。
359700 ,,,,,201223,,愛歌,愛歌,01man519_087.wav,,,,,,,,「っ……っっ……」
359800 ,,,,,201223,,,,,,,,,,,,　初めて女性器を見た感想。
359900 ,,,,,201223,,,,,,,,,,,,　――あ、やっぱり愛歌だ。
360000 ,,,,,201223,,,,,,,,,,,,　興奮よりも先に、なぜか安心感を覚えていた。
360100 ,,,,,201223,,,,,,,,,,,,　申し訳なさそうに閉じ合わさった小さな花弁。
360200 ,,,,,201223,,,,,,,,,,,,　僅かにビラっとした濡れ肉がはみ出して見えたが、
　それが下品に主張することもない。
360300 ,,,,,201223,,,,,,,,,,,,　見かけは地味だったが、ほんの少し香る潮の風味が
　じわじわと俺の性衝動を煽ってきていた。
360400 ,,,,,201223,,優哉,優哉,,,,,,,,,「なんか、かわいいな。愛歌の……」
360500 ,,,,,201223,,愛歌,愛歌,01man519_088.wav,,,,,,,,「っ……そんなこと言われたって、なんて答えればい
　いか分からないってばぁ」
360600 ,,,,,201223,,優哉,優哉,,,,,,,,,「しかし、こんなに小さいんだな。女のアソコって」
360700 ,,,,,201223,,愛歌,愛歌,01man519_089.wav,,,,,,,,「……私のってどこか変なの……かな？」
360800 ,,,,,201223,,優哉,優哉,,,,,,,,,「不安なら調べてみるか？」
360900 ,,,,,201223,,愛歌,愛歌,01man519_090.wav,,,,,,,,「えっ、調べるって……ああっ、やだっ、やだっ、
　やだぁっ……」
361200 ,,,,,201224,,愛歌,愛歌,01man519_091.wav,,,,,,,,「ダメぇっ……優哉ちゃん、ダメだってばぁぁっ」
361300 ,,,,,201224,,優哉,優哉,,,,,,,,,「うわぁ」
361400 ,,,,,201224,,,,,,,,,,,,　思わず声が出る。
361500 ,,,,,201224,,,,,,,,,,,,　左右の陰唇が離れる際にニチュ…と粘りつくような音
　が聞こえ、鮮やかな粘膜色が露わになる。
361600 ,,,,,201224,,,,,,,,,,,,　同時に潮の香りが強まり、愛歌の力みに合わせて奥の
　濡れ穴が窄まっていった。
361700 ,,,,,201224,,,,,,,,,,,,　ク○トリスは包皮が長めだからか、かなり下から覗き
　こまないと存在を確認できない。
361800 ,,,,,201224,,愛歌,愛歌,01man519_092.wav,,,,,,,,「うぅぅ……もう死んじゃいたいよ……」
361900 ,,,,,201224,,優哉,優哉,,,,,,,,,「う～ん……ん……んん……」
362000 ,,,,,201224,,愛歌,愛歌,01man519_093.wav,,,,,,,,「え……何？　優哉ちゃん、どうしたの？
　そんなに舌をペロペロ出して……」
362100 ,,,,,201224,,優哉,優哉,,,,,,,,,「いや、ちょっと練習」
362200 ,,,,,201224,,愛歌,愛歌,01man519_094.wav,,,,,,,,「……こんな時にソフトクリームを舐める練習？」
362300 ,,,,,201224,,優哉,優哉,,,,,,,,,「あのなあ、なんでそうなるんだよ」
362400 ,,,,,201224,,愛歌,愛歌,01man519_095.wav,,,,,,,,「だって……舌の動きが、溶けたソフトクリームを
　舐めてる時みたいだったから……」
362500 ,,,,,201224,,優哉,優哉,,,,,,,,,「お前の想像力だと、それが精一杯か……」
362600 ,,,,,201224,,愛歌,愛歌,01man519_096.wav,,,,,,,,「……さっき、胸を触られてる時も思ったけど……
　優哉ちゃんの舌って長くて器用だよね」
362700 ,,,,,201224,,愛歌,愛歌,01man519_097.wav,,,,,,,,「小さい時にチョコレートパフェを食べてても、あっ
　という間にサクランボの＜柄＝え＞を口の中で結んじゃって
　たし……」
362800 ,,,,,201224,,愛歌,愛歌,01man519_098.wav,,,,,,,,「私もそれが羨ましくて練習したけど、全然上手くで
　きないの……」
362900 ,,,,,201224,,優哉,優哉,,,,,,,,,「ああ、あれにはコツがあるんだよ」
363000 ,,,,,201224,,愛歌,愛歌,01man519_099.wav,,,,,,,,「コツ？　それが分かれば私にもできる？」
363100 ,,,,,201224,,優哉,優哉,,,,,,,,,「じゃあ、よく見てろよ？
　まずはこうやって舌を出して……」
363200 ,,,,,201224,,愛歌,愛歌,01man519_100.wav,,,,,,,,「ん……舌を……出して……」
363300 ,,,,,201224,,,,,,,,,,,,　相変わらず色気とは縁のない空気だったが、俺はかま
　わずに愛歌の核心へと舌を奔らせた。
363600 ,,,,,201225,,愛歌,愛歌,01man519_101.wav,,,,,,,,「えっ、えええーっ！？　優哉ちゃっ……舌っ……
　やっあ、あああっ、ああああーっ！？」
363700 ,,,,,201225,,,,,,,,,,,,　これまでにないテンションの声が響き、愛歌は万力の
　ように太腿で俺の頭を挟みこんでくる。
363800 ,,,,,201225,,,,,,,,,,,,　今度はそれを力で開くことはせず、黙々と舌の動きに
　集中した。
363900 ,,,,,201225,,愛歌,愛歌,01man519_102.wav,,,,,,,,「やだっ、やだっ……どうして優哉ちゃんの舌っ……
　そんな風に細かく動くのっ……」
364000 ,,,,,201225,,愛歌,愛歌,01man519_103.wav,,,,,,,,「待って、優哉ちゃっ……そんなにっ……舐めっ、た
　らっ……私のっ……溶けちゃうからぁっ」
364100 ,,,,,201225,,,,,,,,,,,,　最初に軽く舌先で愛歌の溝をなぞってから、内気な
　陰核を弄ぶ。
364200 ,,,,,201225,,,,,,,,,,,,　唾液でヌルヌルに溺れさせ、男性器のように勃起が
　実感できるまで執拗に舐め続けて。
364300 ,,,,,201225,,,,,,,,,,,,　経験のない愛歌には包皮の上からの刺激で充分らし
　く、コルク抜きのように舌先をスクリューさせると、
　ベッドを軋ませて背中を反らしていった。
364400 ,,,,,201225,,愛歌,愛歌,01man519_104.wav,,,,,,,,「はあっ、はあっ、やぁんっ……優哉ちゃんの舌っ、
　やーらかいっ……あっ、あっ、あっ、んっん、
　んんんっ、んぅぅぅっ！？」
364500 ,,,,,201225,,,,,,,,,,,,　舐め回しているうちに陰核は目で見ても分かるほどに
　肥大し、自ら日の当たる場所へ顔を覗かせる。
364600 ,,,,,201225,,,,,,,,,,,,　それを唇で挟んで軽く吸ってやると、
364700 ,,,,,201225,,愛歌,愛歌,01man519_105.wav,,,,,,,,「やっあ、あああっ、そんなのダメっ……んぅぅぅっ、
　んぅぅぅっ！？　んんんんんーっ！？」
364800 ,,,,,201225,,,,,,,,,,,,　愛歌は解剖台に＜磔＝はりつけ＞られたカエルのようになり、足の先
　までを反り返らせる。
364900 ,,,,,201225,,,,,,,,,,,,　それに満足して今度は産道の入り口を＜穿＝うが＞ち、濃厚な
　蜜汁が溢れる源へと向かった。
365000 ,,,,,201225,,,,,,,,,,,,　尖らせた舌先をぐっぐっと押しこみ、愛歌の腰骨を
　掴む。
365100 ,,,,,201225,,,,,,,,,,,,　狭い粘膜の合わせ目が、じわじわと拡げられていく。
365200 ,,,,,201225,,優哉,優哉,,,,,,,,,（考えてみたらこれって……処女膜を舐めてることに
　もなるのか？）
365300 ,,,,,201225,,,,,,,,,,,,　舌をピリリとさせる愛液の独特な酸味が、俺をさらな
　る奥地へと＜誘＝いざな＞う。
365400 ,,,,,201225,,,,,,,,,,,,　溢れ出す粘液を舌の受け皿で回収しながら、処女の
　膣圧に挑んでいく。
365500 ,,,,,201225,,愛歌,愛歌,01man519_106.wav,,,,,,,,「ああっ、ああっ、入ってきちゃダメっ……やああっ、
　中でぐにょぐにょしないでぇっ」
365600 ,,,,,201225,,愛歌,愛歌,01man519_107.wav,,,,,,,,「抜いてっ……舌、抜いっ…んっん！？　ああっ、
　あっ、やっ、やっ、優哉ちゃんの舌、すごっ……
　ああっ、ああっ、やああーっ！？」
365700 ,,,,,201225,,,,,,,,,,,,　舌の長さを限界まで活かし、愛歌の膣を舐め回す。
365800 ,,,,,201225,,,,,,,,,,,,　奥からは濃厚な膣汁が溢れ出し、それは酸味が薄れた
　代わりに白く濁って強い粘り気を示していた。
365900 ,,,,,201225,,,,,,,,,,,,　一瞬、頭の中で『本気汁』なんて言葉がよぎる。
366000 ,,,,,201225,,,,,,,,,,,,　得意の上目遣いで様子を窺うと、目が合った瞬間に
　膣肉がキュッキュッと収縮した。
366100 ,,,,,201225,,愛歌,愛歌,01man519_108.wav,,,,,,,,「はあはあはあ、優哉ちゃんの舌、おかしいよぉ……
　こんなの普通じゃないっ……」
366200 ,,,,,201225,,愛歌,愛歌,01man519_109.wav,,,,,,,,「あっあ、やだっ、もう舐めないでっ……舐めなくて
　いいってばぁっ……」
366300 ,,,,,201225,,,,,,,,,,,,　俺の頭を挟んでいた太腿も、今は羽を休める蝶のよう
　に開いていた。
366400 ,,,,,201225,,,,,,,,,,,,　そんな左右の腿肉に手を添え、ナメクジが這い進むの
　を真似て舌を波打たせる。
366500 ,,,,,201225,,愛歌,愛歌,01man519_110.wav,,,,,,,,「んっん！？　やっあ、また舌っ……あっあ、ああっ、
　ああっ……優哉ちゃんの意地悪ぅっ」
366600 ,,,,,201225,,,,,,,,,,,,　言いながら愛歌は腰を浮かせ、自ら陰部を押しつけて
　くるようになった。
366700 ,,,,,201225,,,,,,,,,,,,　それを上目遣いで見つめ、限界まで舌を挿入する。
366800 ,,,,,201225,,,,,,,,,,,,　口の周りも鼻孔周辺も愛液で溺れ、呼吸を止めたま
　ま、膣の腹側の粘膜を舐め上げる。
367100 ,,,,,201226,,愛歌,愛歌,01man519_111.wav,,,,,,,,「んぅぅっ！？　んっんん！？　やっ、優哉ちゃっ……
　そこやだぁっ……舐めちゃっ……んんぅぅっ！？
　んんんーっ！？　んんんんーっ！？」
367200 ,,,,,201226,,愛歌,愛歌,01man519_112.wav,,,,,,,,「やああっ、もう許してぇっ……優哉ちゃんっ……
　優哉ちゃっ……あっう！？　んんっん！　んんっ！？
　んっんん！？　んぅぅぅっ！？」
367300 ,,,,,201226,,,,,,,,,,,,　愛歌の強い硬直を感じて舌の力を緩めると、膣肉の
　断続的な痙攣が始まった。
367400 ,,,,,201226,,,,,,,,,,,,　焦点の合っていない瞳。
367500 ,,,,,201226,,,,,,,,,,,,　少し首を傾げて、必死に呼吸をしている姿がかわい
　い。
367600 ,,,,,201226,,,,,,,,,,,,　そして愛歌が我に返るのを見届けてから、ゆっくりと
　舌を抜いて一息をついた。
367700 ,,,,,201226,,優哉,優哉,,,,,,,,,（ふぅ、このぐらい濡れれば大丈夫かな……）
367800 ,,,,,201226,,,,,,,,,,,,　着々と初体験の準備を進める一方で、愛歌は何かを
　言いたげにこちらを見ている。
367900 ,,,,,201226,,優哉,優哉,,,,,,,,,「どうしたんだ？　さっきから黙って……」
368000 ,,,,,201226,,愛歌,愛歌,01man519_113.wav,,,,,,,,「……優哉ちゃんの舌って、殺人兵器だよ」
368100 ,,,,,201226,,優哉,優哉,,,,,,,,,「なんだよ、殺人兵器って……」
368200 ,,,,,201226,,愛歌,愛歌,01man519_114.wav,,,,,,,,「だから……なんか、すごくて……」
368300 ,,,,,201226,,優哉,優哉,,,,,,,,,「なんかって何が？」
368400 ,,,,,201226,,愛歌,愛歌,01man519_115.wav,,,,,,,,「もぉっ！　だからよく分かんないけど、すごいのっ。
　優哉ちゃんのバカぁっ」
368500 ,,,,,201226,,,,,,,,,,,,　勝手に自己完結して頬を膨らませる愛歌だったが、
　俺が勃起したペニスをお披露目すると、恥ずかしそ
　うに顔を背けた。
368600 ,,,,,201226,,,,,,,,,,,,　が、すぐに怖いもの見たさでチラ見してくる。
368700 ,,,,,201226,,優哉,優哉,,,,,,,,,「大丈夫か？　怖かったら今日はこれで終わりにして
　も……」
368800 ,,,,,201226,,愛歌,愛歌,01man519_116.wav,,,,,,,,「……ううん、平気。それに私、まだ優哉ちゃんに
　何もしてあげられてないし……」
368900 ,,,,,201226,,,,,,,,,,,,　覚悟を決めた愛歌に頷き返し、一生に一度の儀式を
　開始する。
369000 ,,,,,201226,,,,,,,,,,,,　上手く挿入できるか心配だったが、膣口の位置は自分
　の舌でしっかりと把握していた。
369100 ,,,,,201226,,,,,,,,,,,,　いきり立ったペニスの先をあてがうと、愛歌は極度の
　緊張のためかぶるぶると震えだす。
369200 ,,,,,201226,,,,,,,,,,,,　それが止まるまで挿入には踏み切らず、しばらく髪を
　撫でてやっていた。
369300 ,,,,,201226,,愛歌,愛歌,01man519_117.wav,,,,,,,,「ごめんね、優哉ちゃん。私、緊張して……」
369400 ,,,,,201226,,優哉,優哉,,,,,,,,,「……お前はこれから、狼になった俺にバージンを奪
　われるかわいそうな女になるわけだけど、その前に
　言い残すことは？」
369500 ,,,,,201226,,愛歌,愛歌,01man519_118.wav,,,,,,,,「い……言い残すことは……」
369600 ,,,,,201226,,,,,,,,,,,,　じっと俺の顔を見た愛歌は、振り絞るようにして言葉
　を続ける。
369700 ,,,,,201226,,愛歌,愛歌,01man519_119.wav,,,,,,,,「っ……愛歌のバージン、召し上がっ……」
369800 ,,,,,201226,,優哉,優哉,,,,,,,,,「召し上がらねえよ。俺の童貞と、とっかえっこだ」
369900 ,,,,,201226,,愛歌,愛歌,01man519_120.wav,,,,,,,,「えっ？」
370000 ,,,,,201226,,優哉,優哉,,,,,,,,,「俺たち、お互い初めて同士なんだから……」
370300 ,,,,,201227,,愛歌,愛歌,01man519_121.wav,,,,,,,,「あ……優哉ちゃっ……んっん！？
　んんっ……はあっ……ゆうっ……ああああーっ！？」
370400 ,,,,,201227,,優哉,優哉,,,,,,,,,「くっ、愛歌っ……」
370500 ,,,,,201227,,愛歌,愛歌,01man519_122.wav,,,,,,,,「優哉ちゃん、やめないでっ。このまま続けて……」
370600 ,,,,,201227,,,,,,,,,,,,　苦痛に歪む愛歌の表情。
370700 ,,,,,201227,,,,,,,,,,,,　一瞬、腰を引きそうになったが、それを遮るように
　愛歌が制した。
370800 ,,,,,201227,,愛歌,愛歌,01man519_123.wav,,,,,,,,「私、がんばるから……優哉ちゃんのこと、みんな受け
　入れるから……」
370900 ,,,,,201227,,,,,,,,,,,,　その言葉に背中を押され、一気に勃起肉を突き立て
　る。
371000 ,,,,,201227,,,,,,,,,,,,　愛歌は自分の腕を噛んで喪失の瞬間を迎える。
371100 ,,,,,201227,,優哉,優哉,,,,,,,,,「はあはあ、愛歌っ……入っ……」
371200 ,,,,,201227,,愛歌,愛歌,01man519_124.wav,,,,,,,,「はあっ、うん……優哉ちゃんが入ってきてるよ……
　私の＜膣内＝なか＞に……」
371300 ,,,,,201227,,,,,,,,,,,,　取りこまれた、という方が正しいかもしれない。
371400 ,,,,,201227,,,,,,,,,,,,　こちらがリードしているとは言えなかった。
371500 ,,,,,201227,,,,,,,,,,,,　勢いのままにやんちゃ坊主を解放してみたものの、
　愛歌の温かい産道に包まれると腰が抜けたようにな
　る。
371600 ,,,,,201227,,愛歌,愛歌,01man519_125.wav,,,,,,,,「……優哉ちゃん、大丈夫？
　すごいビクビク動いてるけど……」
371700 ,,,,,201227,,優哉,優哉,,,,,,,,,「ああ。気持ちよすぎてヤバい……」
371800 ,,,,,201227,,愛歌,愛歌,01man519_126.wav,,,,,,,,「気持ち……いい？」
371900 ,,,,,201227,,優哉,優哉,,,,,,,,,「うっ！？　悪い。一度、抜くわ」
372000 ,,,,,201227,,愛歌,愛歌,01man519_127.wav,,,,,,,,「あ、ダメっ。抜いちゃダメっ……」
372100 ,,,,,201227,,優哉,優哉,,,,,,,,,「え？」
372200 ,,,,,201227,,愛歌,愛歌,01man519_128.wav,,,,,,,,「そんなに気持ちいいなら……ずっと私の＜膣内＝なか＞にいて？
　優哉ちゃんが気持ちよさそうにしてるの、見てると
　幸せだから……」
372300 ,,,,,201227,,,,,,,,,,,,　嬉しい反面、拷問でもあった。
372400 ,,,,,201227,,,,,,,,,,,,　絶えず締めつける膣内に残って、ずっと射精を我慢し
　なければいけないのだから。
372500 ,,,,,201227,,優哉,優哉,,,,,,,,,「でも愛歌は痛くないのか？」
372600 ,,,,,201227,,愛歌,愛歌,01man519_129.wav,,,,,,,,「ん……痛いけど嬉しいよ。
　優哉ちゃんに私の初めてをあげられて……」
372700 ,,,,,201227,,愛歌,愛歌,01man519_130.wav,,,,,,,,「それに……優哉ちゃんの初めての相手になれて……」
372800 ,,,,,201227,,優哉,優哉,,,,,,,,,「うっあ……」
372900 ,,,,,201227,,愛歌,愛歌,01man519_131.wav,,,,,,,,「あっ、苦しかったら私に掴まって？
　体重かけてきてもいいから……」
373000 ,,,,,201227,,,,,,,,,,,,　こうして膣肉に包まれていると、激しい性衝動が薄れ
　ていく。
373100 ,,,,,201227,,,,,,,,,,,,　どうしようもなく安心して、このまま眠ってしまいた
　くなる。
373200 ,,,,,201227,,優哉,優哉,,,,,,,,,「あー、ダメだ。またなごなごしてきた……」
373300 ,,,,,201227,,愛歌,愛歌,01man519_132.wav,,,,,,,,「……やっぱり、狼にはなれなかったね♪
　優哉ちゃん、優しいから……」
373400 ,,,,,201227,,,,,,,,,,,,　愛歌の膣内は、全てが俺に最適化されているようだっ
　た。
373500 ,,,,,201227,,,,,,,,,,,,　疲れた時には優しく粘膜が擦り寄ってきて、ぬるま湯
　気分にさせてくれる。
373600 ,,,,,201227,,,,,,,,,,,,　そうかと思えば膣襞が亀頭に絡みついてきて、牛の乳
　搾りと同じような感覚を味わわせてくれる。
373700 ,,,,,201227,,愛歌,愛歌,01man519_133.wav,,,,,,,,「ねえ、男の人って……気持ちよくなると大きくなる
　んだよね？」
373800 ,,,,,201227,,優哉,優哉,,,,,,,,,「ああ。大きくなって、ついでに硬くもなる」
373900 ,,,,,201227,,愛歌,愛歌,01man519_134.wav,,,,,,,,「そうなんだ……じゃあ、優哉ちゃんが私の＜膣内＝なか＞で
　こんなに硬くなってるのは……」
374000 ,,,,,201227,,優哉,優哉,,,,,,,,,「くっ！？」
374100 ,,,,,201227,,愛歌,愛歌,01man519_135.wav,,,,,,,,「ああっ、やっあ、優哉ちゃんっ……」
374200 ,,,,,201227,,,,,,,,,,,,　我慢できずにピストンを開始すると、愛歌の膣肉は
　一斉に俺のモノを締め上げてきた。
374300 ,,,,,201227,,,,,,,,,,,,　今までが新妻の優しさだとしたら、今は娼婦のように
　俺を搾り取ろうとしている。
374400 ,,,,,201227,,,,,,,,,,,,　抜こうと思えばいつでもできたのに、気付くと愛歌の
　奥深い場所ばかりを突いていた。
374500 ,,,,,201227,,,,,,,,,,,,　腰の動きが止められない。頭の中がドロドロになって
　いく。
374600 ,,,,,201227,,優哉,優哉,,,,,,,,,「はあはあはあ、なんか俺……発情期の犬みたいに
　なってるな」
374700 ,,,,,201227,,愛歌,愛歌,01man519_136.wav,,,,,,,,「でも一生懸命、腰を振ってはぁはぁしてる優哉ちゃ
　ん、なんかかわいい……」
374800 ,,,,,201227,,優哉,優哉,,,,,,,,,「くそっ……見てろぉっ」
375100 ,,,,,201228,,愛歌,愛歌,01man519_137.wav,,,,,,,,「ああっ、やっ、やっ、やっ、優哉ちゃっ……そんな
　に腰振ったらダメだってばぁっ」
375200 ,,,,,201228,,愛歌,愛歌,01man519_138.wav,,,,,,,,「あん、あんっ、あんっ、ああっ、奥はっ……奥は
　ダメぇっ……勢いがっ……すごすぎるよぉっ……」
375300 ,,,,,201228,,優哉,優哉,,,,,,,,,「はあはあはあ、愛歌っ……愛歌っ！」
375400 ,,,,,201228,,愛歌,愛歌,01man519_139.wav,,,,,,,,「やっあ、あっあっんっあっあっあっ……優哉ちゃん、
　音っ……パンパンさせないでっ……パンパン突かな
　いでぇっ……」
375500 ,,,,,201228,,愛歌,愛歌,01man519_140.wav,,,,,,,,「こんなの激しすぎるってばぁっ……やああっ、
　やああっ、やああああーっ！？」
375600 ,,,,,201228,,,,,,,,,,,,　汗だくになって腰を振り続け、細い手首を掴む。
375700 ,,,,,201228,,,,,,,,,,,,　必死になって酸素を貪っている愛歌の唇を一方的に
　奪う。
375800 ,,,,,201228,,愛歌,愛歌,01man519_141.wav,,,,,,,,「んっん！？　んぢゅっ……んう゛ぅっ、ぢゅぅっ、
　んん゛ーっ！？　んんん゛ーーーっ！？」
375900 ,,,,,201228,,優哉,優哉,,,,,,,,,「くっ、愛歌っ……イクっ……出るっ！？」
376000 ,,,,,201228,,愛歌,愛歌,01man519_142.wav,,,,,,,,「はあはあ、優哉ちゃんの……どんどん硬くなってる
　よ……先っぽが膨らんできてるっ」
376100 ,,,,,201228,,愛歌,愛歌,01man519_143.wav,,,,,,,,「優哉ちゃんっ、優哉ちゃんっ……いいよっ、気持ち
　よくなっていいよっ……」
376200 ,,,,,201228,,愛歌,愛歌,01man519_144.wav,,,,,,,,「パンパンしていいからっ……気持ちいいなら、私の
　こともっとパンパンしていいからっ」
376300 ,,,,,201228,,愛歌,愛歌,01man519_145.wav,,,,,,,,「あっあ、あっあっんっあっあっあっ、やあっ、
　優哉ちゃん、激しっ……んんっ、あっあ、ああっ、
　あああっ！？」
376400 ,,,,,201228,,愛歌,愛歌,01man519_146.wav,,,,,,,,「はあはあ、優哉ちゃん、もっと激しくしてっ……
　私のこと抱きしめてっ……」
376500 ,,,,,201228,,愛歌,愛歌,01man519_147.wav,,,,,,,,「あっあ、あっ、あっ、ああっ、ああっ、抱いてっ、
　抱いてっ……優哉ちゃんっ……優哉ちゃんっ！」
376600 ,,,,,201228,,優哉,優哉,,,,,,,,,「ううっ！？」
377000 ,,,,,201229,,愛歌,愛歌,01man519_148.wav,,,,,,,,「やっ、ああっ！？　優哉ちゃっ、んっん！？
　んぅぅっ！？　んっんん！？　んぅぅぅぅっ！？」
377100 ,,,,,201229,,愛歌,愛歌,01man519_149.wav,,,,,,,,「すごい痙攣っ……してっ……あああっ、熱いっ……」
377200 ,,,,,201229,,,,,,,,,,,,　壮絶な射精感に、正常な思考を保てなかった。
377300 ,,,,,201229,,,,,,,,,,,,　あまりの勢いに精液が＜爆＝は＞ぜ、愛歌の膣口から噴き出し
　てくる。
377400 ,,,,,201229,,,,,,,,,,,,　それでも抜こうとは思わず、最後の一滴までを膣の
　最奥部で吐き出した。
377500 ,,,,,201229,,,,,,,,,,,,　射精の最中に身を預けた俺を、愛歌は髪を撫でながら
　受け止めてくれる。
377600 ,,,,,201229,,優哉,優哉,,,,,,,,,「はあはあ……ごめん。初めてなのにこんな……」
377700 ,,,,,201229,,愛歌,愛歌,01man519_150.wav,,,,,,,,「はあはあ、優哉ちゃんの発情期は激しすぎるよ……」
377800 ,,,,,201229,,優哉,優哉,,,,,,,,,「さすがに痛かったよな？　こんなに動いたら……」
377900 ,,,,,201229,,愛歌,愛歌,01man519_151.wav,,,,,,,,「ん……分かんない。
　途中から頭の中がぐるぐるしちゃって……」
378000 ,,,,,201229,,優哉,優哉,,,,,,,,,「はあはあ……はあ……はあ……」
378100 ,,,,,201229,,愛歌,愛歌,01man519_152.wav,,,,,,,,「……優哉ちゃん、気持ちよかった？」
378200 ,,,,,201229,,優哉,優哉,,,,,,,,,「ああ……でもぐったりした」
378300 ,,,,,201229,,愛歌,愛歌,01man519_153.wav,,,,,,,,「うん、私もぐったりしちゃった♪
　でも……すごく幸せ……」
378400 ,,,,,201229,,優哉,優哉,,,,,,,,,「…………」
378500 ,,,,,201229,,愛歌,愛歌,01man519_154.wav,,,,,,,,「男の人の精液って……すごく熱いんだね。
　優哉ちゃんの出したのが奥にいっぱい……」
378600 ,,,,,201229,,優哉,優哉,,,,,,,,,「あ、待ってな。すぐ抜くから……」
378700 ,,,,,201229,,愛歌,愛歌,01man519_155.wav,,,,,,,,「あっ、抜かないでっ……もう少しこのままでいてっ」
378800 ,,,,,201229,,優哉,優哉,,,,,,,,,「でも……」
378900 ,,,,,201229,,愛歌,愛歌,01man519_156.wav,,,,,,,,「優哉ちゃんの熱いの……もっと感じてたいの……」
379000 ,,,,,201229,,,,,,,,,,,,　ほどよい倦怠感に包まれながら、お互いの髪を弄り合
　う。
379100 ,,,,,201229,,,,,,,,,,,,　行為のあと、布団の上でじゃれ合う時間が本当に幸せ
　だった。
379200 ,,,,,201229,,,,,,,,,,,,　セックスをしている最中の愛歌もかわいかったが、
　やはり普段の飾らない愛歌が一番……かもしれない。
379300 ,,,,,201229,,愛歌,愛歌,01man519_157.wav,,,,,,,,「でもすっごい、いっぱい出たね♪」
379400 ,,,,,201229,,優哉,優哉,,,,,,,,,「愛歌に搾り取られた……」
379500 ,,,,,201229,,愛歌,愛歌,01man519_158.wav,,,,,,,,「……搾るってこんな感じ？」
379600 ,,,,,201229,,優哉,優哉,,,,,,,,,「ううっ！？」
379700 ,,,,,201229,,,,,,,,,,,,　突然、膣内が狭窄し、イッたばかりのペニスを締めつ
　けてくる。
379800 ,,,,,201229,,,,,,,,,,,,　全て出し切ったと思っていた精液が、さらにちびっと
　搾られていくのを感じた。
379900 ,,,,,201229,,優哉,優哉,,,,,,,,,「愛歌……今、自分で締めたのか？」
380000 ,,,,,201229,,愛歌,愛歌,01man519_159.wav,,,,,,,,「うん。でも優哉ちゃんが痛いかと思って、してる時は
　締めなかったよ？」
380100 ,,,,,201229,,優哉,優哉,,,,,,,,,「…………」
380200 ,,,,,201229,,愛歌,愛歌,01man519_160.wav,,,,,,,,「やっぱり痛かった？」
380300 ,,,,,201229,,優哉,優哉,,,,,,,,,「……お前、高性能すぎ」
380400 ,,,,,201229,,愛歌,愛歌,01man519_161.wav,,,,,,,,「……？」
380500 ,,,,,201229,,,,,,,,,,,,　俺はとんでもない女を幼なじみに持ってしまったのか
　もしれない……。
380790 ,$event_return,,,,,,,,,,,,,,,,
380798 ,,<!Lend_night>,0,9000,,,,,,,,,,,,,
380799 ,,<!ec_manaka_pri>,,,,,,,,,,,,,,,
380800 ,@520,,,,,,,,,,,,,,,,
381200 ,,<!Lbegin_morning>,1,5210,,,,,,,,,,,,,　慣れない布団の感触。
381300 ,,,,,,,,,,,,,,,,,　カーテンが閉まっているため、現状を把握するには
　時計を見た方が早かった。
381400 ,,,,,,,,,,,,,,,,,　まだ少し、起きて学校の支度をするには早い時間帯。
381500 ,,,,,,,,,,,,,,,,,　すぐそばには、静かに寝息を立てている愛歌の姿が
　あった。
381600 ,,,,,,,優哉,優哉,,,,,,,,,（そうか、あのまま一緒に眠っちまったのか……）
381700 ,,,,,,,,,,,,,,,,,　ちょうど体温が一番低くなる時間帯だからか、
　愛歌の身体は俺よりも冷たかった。
381800 ,,,,,,,,,,,,,,,,,　不安になって抱きしめると、わずかに寝息が乱れる。
381900 ,,,,,,,愛歌,愛歌,01man520_001.wav,,,,,,,,「ん……」
382000 ,,,,,,,優哉,優哉,,,,,,,,,「悪い、起こしちまったか？」
382100 ,,,,,,,,,,,,,,,,,　寝ぼけ＜眼＝まなこ＞の愛歌。
382200 ,,,,,,,,,,,,,,,,,　状況が呑みこめていないらしく、
　とろ～んと眠そうな目で俺を見ていた。
382300 ,,,,,,,愛歌,愛歌,01man520_002.wav,,,,,,,,「優哉ちゃん、私……あれ？」
382400 ,,,,,,,,,,,,,,,,,　自分の胸元を覗きこみ、それからまた俺の顔を見る。
382500 ,,,,,,,,,,,,,,,,,　俗に言う、生まれたままの姿で俺たちは抱き合って
　いた。
382600 ,,,,,,,優哉,優哉,,,,,,,,,「おはよう」
382700 ,,,,,,,愛歌,愛歌,01man520_003.wav,,,,,,,,「……おはようございます」
382800 ,,,,,,,,,,,,,,,,,　愛歌は顔を真っ赤にして布団の中に潜っていこうと
　する。
382900 ,,,,,,,,,,,,,,,,,　が、布団の中には俺の剥き出しなアレが反り返って
　おり。
383000 ,,,,,,,愛歌,愛歌,01man520_004.wav,,,,,,,,「わああぁっ！？　優哉ちゃっ……ゆうっ……
　んっん！？　んんんんーっ！？」
383100 ,,,,,,,優哉,優哉,,,,,,,,,「バカ、朝早いんだから大きな声を出すなっ」
383200 ,,,,,,,,,,,,,,,,,　慌てて愛歌の口を塞ぎ、顔の前にシーッ！　っと
　人差し指一本を立てた。
383300 ,,,,,,,,,,,,,,,,,　それを見て愛歌はコクコクと頷き、
　緊張を緩めていく。
383400 ,,,,,,,優哉,優哉,,,,,,,,,「裸のままで寝ちまったけど、風邪ひいてないか？」
383500 ,,,,,,,愛歌,愛歌,01man520_005.wav,,,,,,,,「うん。普通にパジャマ着て寝るより、優哉ちゃんと
　くっついて寝る方が暖かいかも▼」
383600 ,,,,,,,,,,,,,,,,,　笑顔で言いつつも、布団の中で反り返っていた
　アレが気になるご様子。
383700 ,,,,,,,,,,,,,,,,,　チラチラと＜頻＝しき＞りに目線を落としているのが
　かわいかった。
383800 ,,,,,,,優哉,優哉,,,,,,,,,「お前でもやっぱ、男のアソコって気になるのか？」
383900 ,,,,,,,愛歌,愛歌,01man520_006.wav,,,,,,,,「男の人のというか……優哉ちゃんのアソコは気に
　なってます……」
384000 ,,,,,,,優哉,優哉,,,,,,,,,「うわぁ、すげえ淫乱～」
384100 ,,,,,,,愛歌,愛歌,01man520_007.wav,,,,,,,,「い、淫乱じゃないよぉっ！
　だって、なにもしてないのにすごいおっきくなって
　るしっ、男の人のを見るの……初めてだから……」
384200 ,,,,,,,優哉,優哉,,,,,,,,,「触ってみたい？」
384300 ,,,,,,,愛歌,愛歌,01man520_008.wav,,,,,,,,「ええっ？　さわっ……ひゃあっ！？」
384400 ,,,,,,,,,,,,,,,,,　悪のりして愛歌の太腿にペニスを擦りつけ、
　ニヤニヤと笑ってやる。
384500 ,,,,,,,愛歌,愛歌,01man520_009.wav,,,,,,,,「……こんなに……硬いんだ……」
384600 ,,,,,,,,,,,,,,,,,　そんな今さらな感想に、
　俺の頬も緩みっぱなしだった。
384700 ,,,,,,,優哉,優哉,,,,,,,,,「あー、お前が俺のに興味を持ったりするから、
　またエッチしたくなってきた……」
384800 ,,,,,,,愛歌,愛歌,01man520_010.wav,,,,,,,,「し、したくなったってこんな朝からっ？」
384900 ,,,,,,,優哉,優哉,,,,,,,,,「とりあえず、おっぱい揉んでもいいか？」
385000 ,,,,,,,愛歌,愛歌,01man520_011.wav,,,,,,,,「やあぁん、揉みながらそんなこと聞かないでよー」
385100 ,,,,,,,優哉,優哉,,,,,,,,,「お前、おっぱい揉むとすげえかわいい声だすのな。
　もっと聞かせてくれ、ほれほれほれほれほれ」
385200 ,,,,,,,愛歌,愛歌,01man520_012.wav,,,,,,,,「やっ、やっ、だぁめぇっ……優哉ちゃん、
　怒るよぉっ」
385300 ,,,,,,,優哉,優哉,,,,,,,,,「んじゃ、もう一回してもいいか？」
385400 ,,,,,,,愛歌,愛歌,01man520_013.wav,,,,,,,,「そんなこと聞かれたって、分かんないよぉっ。
　助けて、お母さぁん……」
385500 ,,,,,,,秋香,秋香,11aki520_001.wav,,,,,,,,「あら、呼んだ？」
385600 ,,,,,,,愛歌,愛歌,01man520_014.wav,,,,,,,,「へっ？」
385700 ,,,,,,,優哉,優哉,,,,,,,,,「…………」
385800 ,,,,,,,,,,,,,,,,,　背後から聞こえてきたのは、ここにいていいはずの
　ない人の声。
385900 ,,,,,,,,,,,,,,,,,　愛歌からはちょうど、≪その人≫の姿が見えている
　ようだった。
386000 ,,,,,,,,,,,,,,,,,　愛歌も本気で『お母さぁん』と呼んだわけでは
　なかったと思う。
386100 ,,,,,,,,,,,,,,,,,　というより、秋香さんはすみさきに泊まって、
　まだ帰ってきていない。
386200 ,,,,,,,,,,,,,,,,,　それが俺と愛歌の共通認識だった。
386300 ,,<!move_look>,,,,,秋香,秋香,11aki520_002.wav,"akika,private",,1,,,,,「あ、気にせず続けてね。
　朝からもう一回、するんでしょう？」
386400 ,,,,,,,,,,akika,,1,,,,,　皮肉なのか好意なのか分からない秋香さんの言葉に、
　俺たちは顔を見合わせてしまう。
386500 ,,,,,,,優哉,優哉,,akika,,1,,,,,「愛歌、秋香さんもああ言ってくれてるし……」
386600 ,,,,,,,愛歌,愛歌,01man520_015.wav,akika,,1,,,,,「しませんっ。もう一回なんて絶対しませんっ」
386700 ,,,,,,,,,,akika,,1,,,,,　……ボーナスステージ終了。
386800 ,,,,,,,,,,akika,,1,,,,,　愛歌は半泣き状態で散らばった衣類をかき集め、
　俺に背中を向けてしまった。
386900 ,,,,,,,秋香,秋香,11aki520_003.wav,akika,,0,,,,,「はい、優哉くんの服はここにたたんであるわよ？」
387000 ,,,,,,,優哉,優哉,,akika,,0,,,,,「はあ、どうも……って、いつの間に！？」
387100 ,,,,,,,,,,akika,,0,,,,,　秋香さんは意味深な笑みを浮かべ、俺の肩を叩いて
　くる。
387200 ,,,,,,,,,,akika,,0,,,,,　一体、いつから家に戻ってきてたんだ？
387300 ,,,,,,,,,,akika,,0,,,,,　まさか、俺たちが≪励んでいる≫ときにはもう、
　戻ってきてたとか……。
387400 ,,,,,,,秋香,秋香,11aki520_004.wav,akika,,1,,,,,「大丈夫よ、英さんには内緒にしておくから▼」
387500 ,,,,,,,,,,akika,,1,,,,,　そういうことじゃなく。
387600 ,,,,,,,愛歌,愛歌,01man520_016.wav,"manaka,private",,40,,,,,「えーん、お母さんに朝からエッチするような
　淫乱な娘に思われたよぉ……」
387700 ,,,,,,,,,,manaka,,40,,,,,　そういう問題でもなく。
387800 ,,,,,,,優哉,優哉,,akika,,1,manaka,,40,,「あの……俺、帰りますっ。愛歌、またあとでなっ！」
387900 ,,,,,,,,,,akika,,1,manaka,,40,,　俺はトランクスだけを履き、残りの服を手にして
　間男のように秋里家をあとにした……。
388100 ,,<!timepass_2_short>,,12300,,,優哉,優哉,,"manaka,uniform",,0,,,,,「……お前、あれからどうだった？」
388200 ,,,,,,,愛歌,愛歌,01man520_017.wav,manaka,,0,,,,,「うん……お母さんにからかわれっぱなし……
　優哉くんのはどうだった？　とか、上手だった？
　とか……」
388300 ,,,,,,,優哉,優哉,,manaka,,0,,,,,「そ、それでお前はなんて答えたんだよ」
388400 ,,,,,,,,,,manaka,,0,,,,,　特に後半の部分。
388500 ,,,,,,,愛歌,愛歌,01man520_018.wav,manaka,,3,,,,,「べ、別に変なことは言ってないよっ。
　いくらお母さんでも、そんなこと話せるわけないし」
388600 ,,,,,,,優哉,優哉,,manaka,,3,,,,,「そうだよな。ならいいんだけどさ」
388700 ,,,,,,,愛歌,愛歌,01man520_019.wav,manaka,,42,,,,,「……おっきくて上手だった、としか」
388800 ,,,,,,,,,,manaka,,42,,,,,　言ってますやん、あーた。
388900 ,,,,,,,優哉,優哉,,manaka,,42,,,,,「はあ……やっぱり見られてたのかなあ。
　最初から最後まで……」
389000 ,,,,,,,愛歌,愛歌,01man520_020.wav,manaka,,3,,,,,「それはないと思う。
　お母さんだって、さすがにそこまでしないよ」
389100 ,,,,,,,優哉,優哉,,manaka,,3,,,,,「だ、だよな。俺も考えすぎか」
389200 ,,,,,,,愛歌,愛歌,01man520_021.wav,manaka,,0,,,,,「でもお母さん、朝から独り言が多くておかしいの。
　腰使いがいまいちだったわね、とか……」
389300 ,,,,,,,優哉,優哉,,manaka,,0,,,,,「全部、見られてるじゃねえか！」
389400 ,,,,,,,,,,manaka,,0,,,,,　しかもダメ出しかよ！
389500 ,,,,,,,愛歌,愛歌,01man520_022.wav,manaka,,3,,,,,「……どうしたの、優哉ちゃん？
　そんなに肩を落として……」
389600 ,,,,,,,,,,manaka,,3,,,,,　愛歌と初体験を済ませたのも束の間。
389700 ,,,,,,,,,,manaka,,3,,,,,　早くも俺たちの未来には暗雲がたれ込めていた……。
389990 ,,<!Lend_scene_change>,0,9000,,,,,,,,,,,,,
390000 ,@521,,,,,,,,,,,,,,,,
390300 ,,<!Lbegin_scene_change>,7,4500,,,大和,大和,08yam521_001.wav,"yamato,uniform",,0,,,,,「よーぅ、優哉。
　またまた今日も秋里とおしどり登校か。
　お前もいい加減、秋里と……」
390400 ,,,,,,,優哉,優哉,,yamato,,0,,,,,「まぁな。羨ましいか？」
390500 ,,,,,,,大和,大和,08yam521_002.wav,yamato,,2,,,,,「……否定しないのか？」
390600 ,,,,,,,優哉,優哉,,yamato,,2,,,,,「否定ってなにを？」
390700 ,,,,,,,大和,大和,08yam521_003.wav,yamato,,1,,,,,「だから昔は、おしどり登校なんて言ったら
　ウザそうな顔してただろ？」
390800 ,,,,,,,優哉,優哉,,yamato,,1,,,,,「ああ、そんなこともあったねえ」
390900 ,,,,,,,大和,大和,08yam521_004.wav,yamato,,4,,,,,「なんだ、その余裕……お前、まさか秋里と……」
391000 ,,,,,,,愛歌,愛歌,01man521_001.wav,yamato,,4,"manaka,uniform",,3,,「優哉ちゃん、どうしよ。
　今日の英語、ここの日本語訳で指されそう……」
391100 ,,,,,,,優哉,優哉,,yamato,,4,manaka,,3,,「ん？　どれどれ……」
391200 ,,,,,,,大和,大和,08yam521_005.wav,yamato,,2,manaka,,3,,「なっ！？　優哉、お前っ……なんでそんな当たり前の
　ように秋里の腰に手を回してっ！？」
391300 ,,,,,,,愛歌,愛歌,01man521_002.wav,yamato,,2,manaka,,6,,「やあっ……もぉ、お尻を触るのはダメぇ▼」
391400 ,,,,,,,優哉,優哉,,yamato,,2,manaka,,6,,「そうやって言われると、もっと触りたくなるんだよ
　なあ～」
391500 ,,,,,,,愛歌,愛歌,01man521_003.wav,yamato,,2,manaka,,42,,「ここは人が見てるからダメだってばぁ▼」
391600 ,,,,,,,大和,大和,08yam521_006.wav,yamato,,53,manaka,,42,,「ひ、人が見てないところなら、尻を触ってもいいの
　か！？」
391700 ,,,,,,,優哉,優哉,,yamato,,53,manaka,,42,,「お前はうるさいよ。
　空気を読めない男ってやだよなー」
391800 ,,,,,,,大和,大和,08yam521_007.wav,yamato,,4,,,,,「……優哉、ちょっとこっちに来い」
391900 ,,,,,,,優哉,優哉,,yamato,,4,,,,,「なんだよ。話ならここでいいだろ」
392000 ,,,,,,,大和,大和,08yam521_008.wav,yamato,,3,,,,,「あのさ、お前と秋里って付き合ってるのか？」
392100 ,,,,,,,優哉,優哉,,yamato,,3,,,,,「…………」
392200 ,,,,,,,大和,大和,08yam521_009.wav,yamato,,4,,,,,「笑ってないでなんとか言えって！　おい、優哉っ」
392300 ,,,,,,,優哉,優哉,,yamato,,4,,,,,「ああ、そうだ。
　お前にあやまっておかなきゃいけないことがある」
392400 ,,,,,,,大和,大和,08yam521_010.wav,yamato,,5,,,,,「なんだよ、今度はかしこまって……」
392500 ,,,,,,,優哉,優哉,,yamato,,5,,,,,「お前、テストの初日だったかに、
　唐突なエッチシーンは萎えるとか言ってただろ？」
392600 ,,,,,,,優哉,優哉,,yamato,,5,,,,,「でもアレはしょうがないわ。
　自分で経験しないと分からんと思うが、
　エッチってのは唐突にしたくなる」
392700 ,,,,,,,優哉,優哉,,yamato,,5,,,,,「しかも萎えるどころか、みなぎりまくり？」
392800 ,,,,,,,優哉,優哉,,yamato,,5,,,,,「いやぁ……俺は自分がいかに小さい人間だったかを
　思い知らされたね」
392900 ,,,,,,,大和,大和,08yam521_011.wav,yamato,,2,,,,,「……お前、秋里とヤッたのか？」
393000 ,,,,,,,優哉,優哉,,yamato,,2,,,,,「…………」
393100 ,,,,,,,大和,大和,08yam521_012.wav,yamato,,53,,,,,「またそこで笑うのかよ！　寸止めも萎えるんだよ！」
393200 ,,,,,,,,,,yamato,,53,,,,,　というわけで、今日も無事に登校終了。
393300 ,,,,,,,,,,yamato,,53,,,,,　わざと大和に見せつけてみたが、愛歌とは事前に
　打ち合わせ済みだった。
393400 ,,,,,,,,,,yamato,,53,,,,,　さすがに事前の承諾もなく尻を触って、平然と
　してられる愛歌ではない。
393500 ,,,,,,,優哉,優哉,,yamato,,4,,,,,「悪かったよ、からかって。冗談だ、冗談」
393600 ,,,,,,,愛歌,愛歌,01man521_004.wav,yamato,,4,manaka,,42,,「ごめんね、大和くん。登校してるとき、
　優哉ちゃんに演技を頼まれちゃって……」
393700 ,,,,,,,大和,大和,08yam521_013.wav,yamato,,3,,,,,「……優哉、こっちに来い」
393800 ,,,,,,,優哉,優哉,,yamato,,3,,,,,「なんだよ、お前は。しつこいな……」
393900 ,,,,,,,,,,yamato,,3,,,,,　再度、教室の隅に連れて行かれる。
394000 ,,,,,,,大和,大和,08yam521_014.wav,yamato,,5,,,,,「なあ……秋里って、なにかあったのか？」
394100 ,,,,,,,優哉,優哉,,yamato,,5,,,,,「それはどういう意味だ？」
394200 ,,,,,,,大和,大和,08yam521_015.wav,yamato,,3,,,,,「だから……いつもと少し違うっていうか……
　ほら、立ち位置もずいぶんお前寄りだろ？」
394300 ,,,,,,,優哉,優哉,,yamato,,3,,,,,「知らねえよ。そんなの本人に直接聞けばいいだろ？」
394400 ,,,,,,,大和,大和,08yam521_016.wav,yamato,,50,,,,,「……やっぱり、秋里とヤッたのか」
394500 ,,,,,,,優哉,優哉,,yamato,,50,,,,,「お前も幽霊になったり、お下劣キャラになったりで
　大変だな。全然キャラ立ってねえけど」
394600 ,,,,,,,大和,大和,08yam521_017.wav,yamato,,2,,,,,「待てよ、まだ俺の話は終わっ……」
394700 ,,,,,,,,,,yamato,,2,,,,,　大和を振り切って愛歌の元に戻り、一緒に英語の
　教科書へ目を通した。
394800 ,,,,,,,,,,yamato,,2,,,,,　……確かに今までより立ち位置が近いな。
394900 ,,,,,,,,,,yamato,,2,,,,,　うむ、いい傾向だ。
395000 ,,,,,,,大和,大和,08yam521_018.wav,yamato,,4,,,,,「優哉。俺とお前は親友だよな？」
395100 ,,,,,,,優哉,優哉,,yamato,,4,,,,,「あれ、そうだっけ？」
395200 ,,,,,,,大和,大和,08yam521_019.wav,yamato,,0,,,,,「そうなんだよ！　そういう設定なんだ！
　親愛なる友なんだよ、俺とお前は！」
395300 ,,,,,,,優哉,優哉,,yamato,,0,,,,,「そんな昔の設定……」
395400 ,,,,,,,大和,大和,08yam521_020.wav,yamato,,5,,,,,「ほんと、友達甲斐のないヤツだなー。
　秋里もなにか言ってやってくれよ、この薄情者に」
395500 ,,,,,,,愛歌,愛歌,01man521_005.wav,yamato,,5,manaka,,90,,「アイ、ラブ、ユー……私はあなたを愛しています▼」
395600 ,,,,,,,大和,大和,08yam521_021.wav,yamato,,53,manaka,,90,,「って白昼堂々、告白かよ！」
395700 ,,,,,,,愛歌,愛歌,01man521_006.wav,yamato,,53,manaka,,0,,「あ、ごめんね。今の、英語の訳……」
395800 ,,,,,,,優哉,優哉,,yamato,,53,manaka,,0,,「ユウ、キャン、フライ……あなたは屋上から飛んで
　ください」
395900 ,,,,,,,大和,大和,08yam521_022.wav,yamato,,50,manaka,,0,,「さり気なく、誤訳で人を殺そうとしないでくれ！」
396000 ,,,,,,,,,,yamato,,50,manaka,,0,,　そんな君に敢闘賞を贈りたい。
396100 ,,,,,,,,,,yamato,,50,manaka,,0,,　大和をからかうのも飽きてきたところで、
　愛歌が横から制服の袖を引っ張ってきた。
396200 ,,,,,,,愛歌,愛歌,01man521_007.wav,yamato,,3,manaka,,42,,「ねえ、優哉ちゃんもこれ読んでみてー」
396300 ,,,,,,,優哉,優哉,,yamato,,3,manaka,,42,,「んん？　アイ、ラブ、ユー……こうか？」
396400 ,,,,,,,愛歌,愛歌,01man521_008.wav,yamato,,3,manaka,,0,,「じゃあじゃあ、これは？」
396500 ,,,,,,,優哉,優哉,,yamato,,3,manaka,,0,,「オンリー、ユー」
396600 ,,,,,,,愛歌,愛歌,01man521_009.wav,yamato,,3,manaka,,1,,「えへへ……ありがと▼」
396700 ,,,,,,,大和,大和,08yam521_023.wav,yamato,,5,manaka,,1,,「そこ。勝手にほんわかしないように」
396800 ,,,,,,,,,,yamato,,5,manaka,,1,,　初体験を済ませたあとも、愛歌はいつもの愛歌だっ
　た……。
397090 ,,<!Lend_scene_change>,0,9000,,,,,,,,,,,,,
397100 ,@522,,,,,,,,,,,,,,,,
397400 ,,<!Lbegin_scene_change>,2,12211,,,優哉,優哉,,"manaka,uniform",,0,,,,,「あれ？　なんで祭りは終わったのに、
　また提灯が出てるんだ？」
397500 ,,,,,,,愛歌,愛歌,01man522_001.wav,manaka,,0,,,,,「あ、ほんとだー。どうしてかなぁ？」
397600 ,,,,,,,優哉,優哉,,manaka,,0,,,,,「どうせならもう一回、やってくれればいいのにな。
　そしたらお前と一緒に、また祭りを回れるのに……」
397700 ,,,,,,,愛歌,愛歌,01man522_002.wav,manaka,,42,,,,,「そうだね……私、金魚すくいがしたいな～」
397800 ,,,,,,,優哉,優哉,,manaka,,42,,,,,「お前は金魚に感情移入しすぎるからダメだ。
　金魚すくいでとれる金魚なんて、そんなに長生き
　しないんだから……」
397900 ,,,,,,,愛歌,愛歌,01man522_003.wav,manaka,,90,,,,,「そんなことないよー。
　愛情を注いで育てれば、きっと金魚ちゃんも……」
398000 ,,,,,,,優哉,優哉,,manaka,,90,,,,,「金魚まで、ちゃん付けかよ。お前は……」
398100 ,,,,,,,,,,manaka,,90,,,,,　この調子だと、男のアソコまで『おち○ちんちゃん』
　とか呼びそうだ。
398200 ,,,,,,,,,,manaka,,90,,,,,　……いいな、それ。
398300 ,,,,,,,愛歌,愛歌,01man522_004.wav,manaka,,0,,,,,「……ねえ、優哉ちゃん。お願いがあるんだけど」
398400 ,,,,,,,優哉,優哉,,manaka,,0,,,,,「ん？　言うだけ言ってみろよ」
398500 ,,,,,,,愛歌,愛歌,01man522_005.wav,manaka,,90,,,,,「うん……あのねっ、できればみんなには私たちの
　こと、内緒にしておきたいの」
398600 ,,,,,,,愛歌,愛歌,01man522_006.wav,manaka,,90,,,,,「だから今朝みたいに、
　教室でお尻を触ったりとかは……」
398700 ,,,,,,,優哉,優哉,,manaka,,90,,,,,「悠たちにも秘密にしておきたいってことか？」
398800 ,,,,,,,愛歌,愛歌,01man522_007.wav,manaka,,3,,,,,「秘密というか……無理に周りの人へ報告しなくても
　いいかなって……」
398900 ,,,,,,,,,,manaka,,3,,,,,　まあ、愛歌の性格を考えたら当然のことか。
399000 ,,,,,,,,,,manaka,,3,,,,,　人前で目立つことするの、苦手だもんな。
399100 ,,,,,,,,,,manaka,,3,,,,,　それを考えると、今朝はよくあんなことを
　許してくれたもんだ……。
399200 ,,,,,,,優哉,優哉,,manaka,,3,,,,,「じゃあ、帰りにこうやって手をつなぐのも
　マズいかな？」
399300 ,,,,,,,愛歌,愛歌,01man522_008.wav,manaka,,0,,,,,「ああっ……手はつないでっ……帰ります……」
399400 ,,,,,,,優哉,優哉,,manaka,,0,,,,,「あいよ。しかしお前の手、ほんとちっさいな」
399500 ,,,,,,,愛歌,愛歌,01man522_009.wav,manaka,,42,,,,,「優哉ちゃんのが大きいんだよー。中学ぐらいから、
　身長もどんどん伸びていっちゃうし」
399600 ,,,,,,,愛歌,愛歌,01man522_010.wav,manaka,,42,,,,,「集会で整列するときも、私は前の方で優哉ちゃんは
　ずっと後ろの方だったよね……」
399700 ,,,,,,,優哉,優哉,,manaka,,42,,,,,「お前は集会の最中に後ろを向きすぎて、よく先生に
　注意されてただろ？」
399800 ,,,,,,,愛歌,愛歌,01man522_011.wav,manaka,,3,,,,,「あれは……だって優哉ちゃんが、隣の女子と仲良く
　話してたから……」
399900 ,,,,,,,優哉,優哉,,manaka,,3,,,,,「……冷やかされてただけだよ。
　お前がすぐ後ろを向いてこっちを見るから、愛歌って
　墨崎くんのことが好きなんじゃないの～？　って」
400000 ,,,,,,,愛歌,愛歌,01man522_012.wav,manaka,,5,,,,,「はうぅぅ……そんなこと言われたんだ。私……」
400100 ,,,,,,,優哉,優哉,,manaka,,5,,,,,「安心しろ。愛歌はレズビアンなんだって、きちんと
　フォローは入れておいた」
400200 ,,,,,,,愛歌,愛歌,01man522_013.wav,manaka,,15,,,,,「ええーっ！　それ、全然フォローじゃないしぃ……」
400300 ,,,,,,,,,,manaka,,15,,,,,　こうして少し思い出話をしているだけでも、
　お互いに知らないことだらけだったんだと
　気付く。
400400 ,,,,,,,,,,manaka,,15,,,,,　でもそんな自分たちの空白を埋めていく作業が、
　時間を忘れるほどに楽しかった。
400500 ,,,,,,,,,,manaka,,15,,,,,　もっと早く素直になれていたら……そうすれば
　きっと、愛歌もレズビアン扱いされることはな
　かっただろうに。
400600 ,,,,,,,,,,manaka,,15,,,,,　愛歌の場合、タチとネコで言ったら、まちがい
　なくネコだろうな。責められる立場の。
400700 ,,,,,,,,,,manaka,,15,,,,,　恋鳥とかと組ませたら楽しそうだ。
400800 ,,,,,,,,,,manaka,,15,,,,,　恋鳥はタチだろうな……かなりネチっこいぞ、
　あれは。
400900 ,,,,,,,愛歌,愛歌,01man522_014.wav,manaka,,0,,,,,「じゃあ、私も今度、優哉ちゃんの変な噂でも
　流しておこっ」
401000 ,,,,,,,優哉,優哉,,manaka,,0,,,,,「また、墨崎優哉はゲイで～すなんて話をする
　つもりか？」
401100 ,,,,,,,愛歌,愛歌,01man522_015.wav,manaka,,0,,,,,「……墨崎くん、カノジョがいるらしいよって」
401200 ,,,,,,,優哉,優哉,,manaka,,0,,,,,「なあ、愛歌……本当はお前、周りに言いたくって
　しょうがないんだろ？」
401300 ,,,,,,,愛歌,愛歌,01man522_016.wav,manaka,,6,,,,,「そ、そんなことないよっ。
　私は内緒でいいんだもんっ」
401400 ,,,,,,,優哉,優哉,,manaka,,6,,,,,「正直に言え、この～っ」
401500 ,,,,,,,愛歌,愛歌,01man522_017.wav,manaka,,15,,,,,「もぉ、優哉ちゃんのイジワル～っ！」
401700 ,,<!move_normal_r>,,12301,,,優哉,優哉,,manaka,,0,,,,,「しかし、学校ではイチャつけない。
　家には秋香さんがいる……となると、恋人らしく
　過ごせる時間なんてほとんどないな」
401800 ,,,,,,,愛歌,愛歌,01man522_018.wav,manaka,,3,,,,,「……ごめんなさい、私のワガママで」
401900 ,,,,,,,優哉,優哉,,manaka,,3,,,,,「バカ、そんなことねえよ。
　ただそのぶん、二人でいられる時間を大切に
　しねえとな」
402000 ,,,,,,,愛歌,愛歌,01man522_019.wav,manaka,,1,,,,,「うんっ▼　そのうち、デートとかも……してみたい
　な」
402100 ,,,,,,,,,,manaka,,1,,,,,　愛歌と二人で過ごす時間は、新しい発見の連続だっ
　た。
402200 ,,,,,,,,,,manaka,,1,,,,,　ちょっとした仕草にドキッとしたり、
　やっぱり女の子なんだ……と当たり前のことを
　実感したりする。
402300 ,,,,,,,,,,manaka,,1,,,,,　今まで自分が見ていたのは、愛歌のほんの一部分で
　しかなかったんだと気付く。
402400 ,,,,,,,優哉,優哉,,manaka,,1,,,,,「この辺も、もう少し遊べる場所があればなー。
　お前も遊園地とか行ってみたいだろ？」
402500 ,,,,,,,愛歌,愛歌,01man522_020.wav,manaka,,0,,,,,「うん。あと水族館もいいな～。
　一度、アシカショーも観てみたいし▼」
402600 ,,,,,,,優哉,優哉,,manaka,,0,,,,,「動物園でリアルのブタを観るのもいいな。
　マナブタがいっぱいいそうだ」
402700 ,,,,,,,愛歌,愛歌,01man522_021.wav,manaka,,90,,,,,「マナブタはいないけど、最近は小さいミニブタって
　いうのがいるよね。ちゃんとお手とかもするの」
402800 ,,,,,,,優哉,優哉,,manaka,,90,,,,,「ほぉ、さすがブタには詳しいな。
　ところでお前、なんでブタが好きなんだ？」
402900 ,,,,,,,優哉,優哉,,manaka,,90,,,,,「もっとこう、犬とか猫みたいな愛玩動物の方が
　身近だと思うんだが……」
403000 ,,,,,,,愛歌,愛歌,01man522_022.wav,manaka,,0,,,,,「それは内緒～♪」
403100 ,,,,,,,優哉,優哉,,manaka,,0,,,,,「なんだよ。早速、俺に隠し事かあ？」
403200 ,,,,,,,愛歌,愛歌,01man522_023.wav,manaka,,3,,,,,「そんな大した理由じゃないよー」
403300 ,,,,,,,優哉,優哉,,manaka,,3,,,,,「まあ、安くて美味いしな。ブタの肉は……」
403400 ,,,,,,,愛歌,愛歌,01man522_024.wav,manaka,,15,,,,,「ああっ、食べちゃダメぇっ」
403500 ,,,,,,,優哉,優哉,,manaka,,15,,,,,「んなこと言ったって、お前も肉は食うだろ？」
403600 ,,,,,,,愛歌,愛歌,01man522_025.wav,manaka,,2,,,,,「食べないもんっ。ブタちゃんのお肉は、いつも
　スーパーで牛肉の下に隠してきてるもんっ」
403700 ,,,,,,,,,,manaka,,2,,,,,　それ、大迷惑だろ。
403800 ,,,,,,,愛歌,愛歌,01man522_036.wav,manaka,,0,,,,,「それに犬とか猫ちゃんも好きだよー。
　動物はかわいいから、みんな好きっ」
403900 ,,,,,,,優哉,優哉,,manaka,,0,,,,,「俺のことは？」
404000 ,,,,,,,愛歌,愛歌,01man522_026.wav,manaka,,3,,,,,「えっと、優哉ちゃんのことは……」
404100 ,,,,,,,優哉,優哉,,manaka,,3,,,,,「うわ、考えた。
　ここは即答で、大好きって答えるところだろー」
404200 ,,,,,,,愛歌,愛歌,01man522_027.wav,manaka,,6,,,,,「は、恥ずかしくてそんなこと言えないよぉ」
404300 ,,,,,,,,,,manaka,,6,,,,,　考えている間に、無意識からか強く俺の手を握って
　くれたのが嬉しかった。
404400 ,,,,,,,,,,manaka,,6,,,,,　愛歌はそれから家に着くまで、そのことで俺に
　あやまり続けていた。
404600 ,,<!move_normal_r>,,5101,,,愛歌,愛歌,01man522_028.wav,"akika,private",,0,manaka,,0,,「あ……お母さん、ただいまー」
404700 ,,,,,,,秋香,秋香,11aki522_001.wav,akika,,0,manaka,,0,,「あら、お帰りなさい。優哉くんも」
404800 ,,,,,,,優哉,優哉,,akika,,0,manaka,,0,,「ども。大事な娘さんをお送りしてきました」
404900 ,,,,,,,,,,akika,,0,manaka,,0,,　ホウキを片手に、ニッコリと笑う秋香さん。
405000 ,,,,,,,,,,akika,,0,manaka,,0,,　少し腰を曲げ、家の前を綺麗に掃いていた。
405100 ,,,,,,,,,,akika,,0,manaka,,0,,　愛歌は俺の手を引き、そんな秋香さんの元へ
　駆け寄っていく。
405200 ,,,,,,,秋香,秋香,11aki522_002.wav,akika,,1,manaka,,0,,「仲がよくて羨ましいわね～。
　二人とも初々しくって……」
405300 ,,,,,,,愛歌,愛歌,01man522_029.wav,akika,,1,manaka,,42,,「ねえ、お母さん。
　今日の帰り、街の方で提灯が出てたんだけど、
　どうしてか知ってる？」
405400 ,,,,,,,秋香,秋香,11aki522_003.wav,akika,,0,manaka,,42,,「ああ、あれね。なんでも今年のお祭りが好評だった
　とかで、どうせだからもう１回やっちゃえ！　って
　主催側が決めたみたいよ」
405500 ,,,,,,,愛歌,愛歌,01man522_030.wav,akika,,0,manaka,,15,,「ええーっ！？　お祭り、もう１回やるの？」
405600 ,,,,,,,秋香,秋香,11aki522_004.wav,akika,,0,manaka,,15,,「温泉街の旅館を経営している人たちからも、
　強い要望があったみたいだけどね」
405700 ,,,,,,,優哉,優哉,,akika,,0,manaka,,15,,「そんな、祭りを２回やるなんてアリなんですか？
　旅館は儲けていいでしょうけど……」
405800 ,,,,,,,秋香,秋香,11aki522_005.wav,akika,,1,manaka,,15,,「ん～、ほら。
　ここの人たちってノリで生きてるから▼」
405900 ,,,,,,,,,,akika,,1,manaka,,15,,　普通に納得できる自分が嫌だ。
406000 ,,,,,,,,,,akika,,1,manaka,,15,,　しかし、２回目をやるってことは……。
406100 ,,,,,,,愛歌,愛歌,01man522_031.wav,akika,,1,manaka,,1,,「優哉ちゃん、今度は一緒にお祭り回れるねー」
406200 ,,,,,,,,,,akika,,1,manaka,,1,,　当然、そういうことになるわけで。
406300 ,,,,,,,優哉,優哉,,akika,,1,manaka,,1,,「こんなこともあるんだな。ちょっとびっくりしたわ」
406400 ,,,,,,,愛歌,愛歌,01man522_032.wav,akika,,1,manaka,,90,,「うんうんっ。私も今年、一緒にお祭りを回れなかっ
　たのがすごく心残りだったから……」
406500 ,,,,,,,秋香,秋香,11aki522_006.wav,akika,,1,manaka,,90,,「二人への神様からの贈り物かもね♪」
406600 ,,,,,,,,,,akika,,1,manaka,,90,,　本当にそんなことを信じたくなるサプライズだった。
406700 ,,,,,,,,,,akika,,1,manaka,,90,,　今度はしっかり、愛歌の手を握ってないとな……。
406800 ,,,,,,,秋香,秋香,11aki522_007.wav,akika,,0,manaka,,90,,「そうそう。贈り物と言えば、おいしい豚肉を買って
　きたの。優哉くんも今晩、一緒にどう？」
406900 ,,,,,,,優哉,優哉,,akika,,0,manaka,,90,,「え……豚肉って、愛歌は食えるんですか？」
407000 ,,,,,,,秋香,秋香,11aki522_008.wav,akika,,1,manaka,,90,,「愛歌は豚肉が大好きなのよね～？」
407100 ,,,,,,,愛歌,愛歌,01man522_033.wav,akika,,1,manaka,,3,,「お、お母さん……私、食べられないよ。
　豚肉のニオイが苦手で……」
407200 ,,,,,,,秋香,秋香,11aki522_009.wav,akika,,2,manaka,,0,,「やだ、それならもっと早く言ってくれればよかった
　のに。もぉ、愛歌ったら……」
407300 ,,,,,,,愛歌,愛歌,01man522_034.wav,akika,,2,manaka,,15,,「今まで何度も言ってたよー。
　お母さん、物忘れしすぎー」
407400 ,,,,,,,優哉,優哉,,akika,,2,manaka,,15,,「……お前、実は豚肉大好きだったんだろ？
　んで、私はかわいそうで食べられません的な
　エピソードを自分で作って……」
407500 ,,,,,,,優哉,優哉,,akika,,2,manaka,,15,,「うわ、女って怖いわー」
407600 ,,,,,,,愛歌,愛歌,01man522_035.wav,akika,,2,manaka,,2,,「そんなこと考えてないってばぁっ。
　お母さん、悪ふざけしすぎだよー」
407700 ,,,,,,,,,,akika,,0,manaka,,0,,　その後も笑顔の絶えない会話が続いた。
407800 ,,,,,,,,,,akika,,0,manaka,,0,,　結局、晩ご飯はご馳走にならなかったが、早く
　三人で暮らせる毎日がくればいいと思った。
407900 ,,,,,,,,,,akika,,0,manaka,,0,,　愛歌と秋香さんの笑顔に囲まれて生きるなんて、
　俺は世界一の幸せ者……かもしれない。
408190 ,,<!Lend_scene_change>,0,9000,,,,,,,,,,,,,
408200 ,@523,,,,,,,,,,,,,,,,
408500 ,,<!Lbegin_scene_change>,8,512,,,,,,,,,,,,,　深夜。
408600 ,,,,,,,,,,,,,,,,,　いつも通りベッドで大の字になり、
　瞼が重くなるのを待つ。
408700 ,,,,,,,,,,,,,,,,,　だが日付が替わった今も、
　一向に睡魔が襲ってくる気配はない。
408800 ,,,,,,,優哉,優哉,,,,,,,,,「はあ……ダメだ、寝付けねえ」
408900 ,,,,,,,,,,,,,,,,,　理由は明らかだった。
409000 ,,,,,,,,,,,,,,,,,　たった一日、愛歌と一夜を共にしたことで、
　俺の身体はその温もりでしか安息を得られない
　ようになっていた。
409100 ,,,,,,,,,,,,,,,,,　朝起きたときの、触れ合う肌の温もり。
409200 ,,,,,,,,,,,,,,,,,　手にはまだ、愛歌の乳房の感触が微かに残っている。
409400 ,,<!scene_past_begin>,,,201211,#mono,,,,,,,,,,,　……メチャクチャ柔らかかったよな。
409500 ,,,,,201211,#mono,,,,,,,,,,,　今でもあの愛歌とセックスしたなんて信じられない。
409600 ,,,,,201211,#mono,,,,,,,,,,,　許されるなら、ずっとあの身体に触れていたかった。
409700 ,,,,,201211,#mono,,,,,,,,,,,　いや、本音を言えば……今すぐにでも俺のモノを
　挿れて、愛歌の粘膜に包まれたかった。
409800 ,,,,,201211,#mono,,,,,,,,,,,　それぐらい、愛歌との初体験は衝撃的で。
410000 ,,<!scene_past_end>,8,512,,,,,,,,,,,,,　今朝もこれからってときに、秋香さんが来て
　おあずけされたからな……。
410100 ,,,,,,,,,,,,,,,,,　このままだと朝まで妄想が止まらなそうだった。
410400 ,,<!se_ch_keitai_ring>,,,,,,,,,,,,,,,　マナーモードにし忘れていた携帯の着信音が
　鳴り響き、俺は身体を横にしたままで本体を
　手に取る。
410500 ,,<se_stop id=1>,,,,,優哉,優哉,,,,,,,,,「愛歌か。珍しいな、こんな遅くに……」
410700 ,,<!se_keitai_pi>,,,,,優哉,優哉,,,,,,,,,「どうした？　よい子はもう寝る時間だぜ？」
410900 ,,,,,,,愛歌,愛歌,01man523_001.wav,,,,,,,,「ごめんね、夜遅くに。もう寝てた？」
411000 ,,,,,,,優哉,優哉,,,,,,,,,「いや、なんか寝付けなくてさ。
　ちょうどお前のこと考えてた」
411100 ,,,,,,,愛歌,愛歌,01man523_002.wav,,,,,,,,「あ、優哉ちゃんもそうなんだ。
　私もなんだか今日は寝付けなくて……」
411200 ,,,,,,,,,,,,,,,,,　顔は見えなくても、その声から嬉しそうに笑っている
　ことは想像できる。
411300 ,,,,,,,,,,,,,,,,,　昔はいちいちそんなこと考えなかったのにな……。
411400 ,,,,,,,,,,,,,,,,,　俺も相当、愛歌に≪ヤラレ≫ている。
411500 ,,,,,,,愛歌,愛歌,01man523_003.wav,,,,,,,,「……昨日の今頃、すごいことしてたんだよね。
　私たち……」
411600 ,,,,,,,優哉,優哉,,,,,,,,,「だなあ。お前は痛くて大変だっただろ？」
411700 ,,,,,,,愛歌,愛歌,01man523_004.wav,,,,,,,,「ううん。優哉ちゃんが優しくしてくれたから……
　話では、初めてはすごく痛いって聞いてたんだけ
　どね」
411800 ,,,,,,,愛歌,愛歌,01man523_005.wav,,,,,,,,「優哉ちゃんにしてもらってる間、すごく幸せで……」
411900 ,,,,,,,優哉,優哉,,,,,,,,,「そっか……少し安心した。
　初体験が原因で、男性恐怖症になったりしたら
　笑えないしな」
412000 ,,,,,,,愛歌,愛歌,01man523_006.wav,,,,,,,,「全然、怖くなんてなかったよ……初体験のあと、
　本当に心の底から思ったの」
412100 ,,,,,,,優哉,優哉,,,,,,,,,「なにを？」
412200 ,,,,,,,愛歌,愛歌,01man523_007.wav,,,,,,,,「うん……また優哉ちゃんにしてほしいなって」
412300 ,,,,,,,優哉,優哉,,,,,,,,,「バ、バカ。お前、そういうこと言うのやめろよ。
　余計、眠れなくなるだろうが……」
412400 ,,,,,,,愛歌,愛歌,01man523_008.wav,,,,,,,,「電話じゃないと、ぜったい言えないね。こんなこと。
　私、顔がぽっぽしてきちゃった……」
412500 ,,,,,,,,,,,,,,,,,　聞き慣れたはずの声も、携帯を通してだとどこか
　新鮮だった。
412600 ,,,,,,,,,,,,,,,,,　ちょっとした息遣いが妙に色っぽく聞こえる。
412700 ,,,,,,,,,,,,,,,,,　いつまでも電話をしていたいと思ってしまう。
412800 ,,,,,,,優哉,優哉,,,,,,,,,「あ……一度、俺の方からかけ直すか？
　電話代、結構かかるだろ」
412900 ,,,,,,,愛歌,愛歌,01man523_009.wav,,,,,,,,「そんなの平気だよー。それに私の携帯、最近調子が
　悪くて……かけるのはできるんだけど、こっちには
　つながりにくいみたいなの」
413000 ,,,,,,,優哉,優哉,,,,,,,,,「ふ～ん。携帯の本体が原因なのか？
　だったらついでだし、機種変しちまうとか」
413100 ,,,,,,,愛歌,愛歌,01man523_010.wav,,,,,,,,「でも最近のって色々機能があって、私には使いこな
　せそうにないし……」
413200 ,,,,,,,優哉,優哉,,,,,,,,,「ああ。お前、機械に弱いんだっけな。
　じゃあ、アレだよ。お年寄り用の簡単ケータイって
　あったろ。通話と番号ボタンしかないようなの」
413300 ,,,,,,,愛歌,愛歌,01man523_011.wav,,,,,,,,「もぉ、そこまでは音痴じゃないよー」
413400 ,,,,,,,優哉,優哉,,,,,,,,,「意外と流行らなかったよなあ。
　昔はシンプルで電話だけできればいい、なんてのが
　売りの携帯もあったが……」
413500 ,,,,,,,愛歌,愛歌,01man523_012.wav,,,,,,,,「ブタちゃんの着ぐるみ携帯があればいいのに～」
413600 ,,,,,,,優哉,優哉,,,,,,,,,「お前はなんでもブタブタブタだな。
　昨晩の豚肉は美味かったか？」
413700 ,,,,,,,愛歌,愛歌,01man523_013.wav,,,,,,,,「私は食べなかったもん。
　その代わり、お魚さんを食べちゃった♪」
413800 ,,,,,,,優哉,優哉,,,,,,,,,「ま、嫌いなもんは無理に食う必要もないわな」
413900 ,,,,,,,,,,,,,,,,,　こういうのが親になると、好き嫌いばっかりの
　子供が育つんだろうな……。
414000 ,,,,,,,,,,,,,,,,,　とりあえず、きちんと給食費は払う予定だが。
414100 ,,,,,,,愛歌,愛歌,01man523_014.wav,,,,,,,,「それで電話の話に戻るけど……最近って、恋人同士
　の通話が定額になるサービスってあるよね」
414200 ,,,,,,,優哉,優哉,,,,,,,,,「ああ、そんなのあったな。
　別れたとき、どうすんだって思ったが」
414300 ,,,,,,,愛歌,愛歌,01man523_015.wav,,,,,,,,「でね、もし別れる予定がなければ……一緒にその
　サービスに入りたいなって……」
414400 ,,,,,,,優哉,優哉,,,,,,,,,「う～ん……」
414500 ,,,,,,,,,,,,,,,,,　これで断ったら、愛歌はどう反応するんだろうな。
414600 ,,,,,,,,,,,,,,,,,　意地悪はいけないと思いつつ、誘惑に勝てない俺。
414700 ,,,,,,,優哉,優哉,,,,,,,,,「すまん。そのサービスには入れないわ……」
414800 ,,,,,,,愛歌,愛歌,01man523_016.wav,,,,,,,,「え……もしかして別れる予定……とか」
414900 ,,,,,,,優哉,優哉,,,,,,,,,「いや、そうじゃない。
　ちょっとこっちにも事情があってな」
415000 ,,,,,,,愛歌,愛歌,01man523_017.wav,,,,,,,,「……もう他の女の子と入っちゃってるの？」
415100 ,,,,,,,優哉,優哉,,,,,,,,,「そ、そんなことあるわけないじゃないですかっ」
415200 ,,,,,,,愛歌,愛歌,01man523_018.wav,,,,,,,,「動揺してる……」
415300 ,,,,,,,優哉,優哉,,,,,,,,,「し、ししし、してないっすよ」
415400 ,,,,,,,愛歌,愛歌,01man523_019.wav,,,,,,,,「……分かりました」
415500 ,,,,,,,,,,,,,,,,,　これだけわざとらしく演技しても、愛歌は本気に
　して、どんよりと落ちこんでしまう。
415600 ,,,,,,,,,,,,,,,,,　今時どんな風に育てれば、こんな純粋な女が
　できあがるのか……。
415700 ,,,,,,,優哉,優哉,,,,,,,,,「次の休みは土曜日だっけか？
　その日に俺とデートしてくれたらいいぜ」
415800 ,,,,,,,愛歌,愛歌,01man523_020.wav,,,,,,,,「えっ？」
415900 ,,,,,,,優哉,優哉,,,,,,,,,「だからデートだよ、デート。今度の土曜日に。
　そしたらその定額サービスに入ってやるよ」
416000 ,,,,,,,愛歌,愛歌,01man523_021.wav,,,,,,,,「デートで……定額サービスって……
　今、＜流行＝はや＞りのなんとか詐欺ですかっ」
416100 ,,,,,,,,,,,,,,,,,　……疑うところ、まちがってんだろ。
416200 ,,,,,,,優哉,優哉,,,,,,,,,「詐欺じゃねえから、俺とデートしろ。
　忘れんなよ？　今度の土曜日だからな？」
416300 ,,,,,,,愛歌,愛歌,01man523_022.wav,,,,,,,,「そんなこと言われたら、土曜日まで眠れないよぉ」
416400 ,,,,,,,優哉,優哉,,,,,,,,,「寝ろ。今すぐ寝ろ。いい加減、慣れろよな」
416500 ,,,,,,,優哉,優哉,,,,,,,,,「これからこういうことが増えていくんだから……」
416600 ,,,,,,,愛歌,愛歌,01man523_023.wav,,,,,,,,「ふ、増えるってデートがっ？」
416700 ,,,,,,,優哉,優哉,,,,,,,,,「自覚しろ。お前は幼なじみなカノジョなんだ。
　分かるか？」
416900 ,,,,,,,愛歌,愛歌,01man523_024.wav,,,,,,,,「幼なじみな……カノジョ……」
417000 ,,,,,,,,,,,,,,,,,　ダメだな、こりゃ。完全にぽわぽわしとる。
417100 ,,,,,,,,,,,,,,,,,　しかし、愛歌と電話でこんな話をすることに
　なるとはな。
417200 ,,,,,,,,,,,,,,,,,　そんな幼なじみなカレシに未だ馴染めない、
　俺だった……。
417490 ,,<!Lend_night>,0,9000,,,,,,,,,,,,,
417499 ,,<!ec_manaka_pri>,,,,,,,,,,,,,,,
417500 ,@524,,,,,,,,,,,,,,,,
417800 ,,<!Lbegin_day_change>,9,4500,,,愛歌,愛歌,01man524_001.wav,"manaka,uniform",,90,,,,,「優哉ちゃん、待ってー。
　寝癖、直さないとダメだってばぁ」
417900 ,,,,,,,優哉,優哉,,manaka,,90,,,,,「いいんだよ。前も言ったろ？
　これはツマブキ君と同じ無造作ヘアなんだって」
418000 ,,,,,,,愛歌,愛歌,01man524_002.wav,manaka,,1,,,,,「じゃあ、直るまで押さえてる」
418100 ,,,,,,,優哉,優哉,,manaka,,1,,,,,「そのぐらいじゃ直らねえよ。ツマブキ君をナメるな」
418200 ,,,,,,,,,,manaka,,1,,,,,　この日は朝から、やたらと愛歌が俺に世話を焼いて
　きていた。
418300 ,,,,,,,,,,manaka,,1,,,,,　やはり電話で、幼なじみなカノジョとして自覚しろ
　と言ったのが効いたんだろうか。
418400 ,,,,,,,,,,manaka,,1,,,,,　それはそれで微笑ましくはあったが、その様子を
　不快に感じている人物もいるようだった。
418500 ,,,,,,,大和,大和,08yam524_001.wav,manaka,,1,"yamato,uniform",,1,,「ずいぶん、楽しそうだな。お前ら……」
418600 ,,,,,,,優哉,優哉,,manaka,,1,yamato,,1,,「大和、お前はどう思う？　俺の無造作ヘアを……」
418700 ,,,,,,,大和,大和,08yam524_002.wav,manaka,,1,yamato,,0,,「……秋里、それは寝癖じゃないから平気だよ。
　そんなヤツの髪を押さえる必要ないぜ」
418800 ,,,,,,,愛歌,愛歌,01man524_003.wav,manaka,,42,yamato,,0,,「優哉ちゃんの髪って、すごくサラサラしてるね。
　女の子みたい……」
418900 ,,,,,,,大和,大和,08yam524_003.wav,manaka,,42,yamato,,5,,「聞いちゃいないな」
419000 ,,,,,,,愛歌,愛歌,01man524_004.wav,manaka,,0,yamato,,5,,「あ、大和くんおはよ♪」
419100 ,,,,,,,大和,大和,08yam524_004.wav,manaka,,0,yamato,,50,,「気付くのおそっ」
419200 ,,,,,,,,,,manaka,,0,yamato,,50,,　朝から愛歌はいつものマイペースだった。
419300 ,,,,,,,愛歌,愛歌,01man524_005.wav,manaka,,90,yamato,,50,,「優哉ちゃんは、もっと早く起きるようにしないとー。
　今日もギリギリの時間に家を出てきたでしょ？」
419400 ,,,,,,,優哉,優哉,,manaka,,90,yamato,,50,,「今日は眠いんだって。誰かさんの電話に遅くまで
　付き合わされたから……」
419500 ,,,,,,,大和,大和,08yam524_005.wav,manaka,,90,yamato,,2,,「まさか、その誰かさんが秋里でしたなんてオチじゃ
　ないだろうなあ？」
419600 ,,,,,,,愛歌,愛歌,01man524_006.wav,manaka,,3,yamato,,2,,「そ、そんなことっ……あるわけないですっ……
　そうだよね、優哉ちゃんっ？」
419700 ,,,,,,,優哉,優哉,,manaka,,3,yamato,,2,,「……いいから、その胸に抱いてる優哉ちゃんの頭を
　放せ」
419800 ,,,,,,,,,,manaka,,3,yamato,,2,,　反応が分かりやすすぎて、フォローのしようがない。
419900 ,,,,,,,,,,manaka,,3,yamato,,2,,　もう少し上手くごまかせないもんかな……。
420000 ,,,,,,,愛歌,愛歌,01man524_007.wav,manaka,,0,yamato,,2,,「でもひとりで起きられないなら、私が毎朝、
　起こしに行ってあげようか？」
420100 ,,,,,,,優哉,優哉,,manaka,,0,yamato,,2,,「子供じゃないんだから、ひとりでも起きられるよ」
420200 ,,,,,,,大和,大和,08yam524_006.wav,manaka,,0,yamato,,0,,「秋里、ヤバいんじゃないか？
　優哉のヤツ、他の女を部屋に連れ込んでるのかも
　しれないぜ」
420300 ,,,,,,,愛歌,愛歌,01man524_008.wav,manaka,,1,yamato,,0,,「ぜんぜん、ヤバくないですっ。
　優哉ちゃんはそんなことをする人じゃっ……」
420400 ,,,,,,,優哉,優哉,,manaka,,1,yamato,,0,,「……いいから、俺の後頭部に押しつけてる、
　そのけしからんおっぱいをなんとかしろ」
420500 ,,,,,,,,,,manaka,,1,yamato,,0,,　どう見ても、愛歌は不安一杯に俺の頭を抱きしめて
　きていた。
420600 ,,,,,,,,,,manaka,,1,yamato,,0,,　既に寝癖を直すという意図は微塵も見られない。
420700 ,,,,,,,大和,大和,08yam524_007.wav,manaka,,1,yamato,,2,,「……なあ。やっぱりお前ら、付き合ってるだろ？」
420800 ,,,,,,,優哉,優哉,,manaka,,1,yamato,,2,,「そんなことねえよ。なあ、愛歌？」
420900 ,,,,,,,愛歌,愛歌,01man524_009.wav,manaka,,0,yamato,,2,,「う、うんっ。そんなこと、ぜんぜんないですっ」
421000 ,,,,,,,優哉,優哉,,manaka,,0,yamato,,2,,「大体、俺が愛歌みたいなヤツと付き合うわけないだ
　ろ。俺はやっぱ、年上がいいな」
421100 ,,,,,,,優哉,優哉,,manaka,,0,yamato,,2,,「ガキっぽい女より、優しくリードしてくれるような
　タイプ。当然、胸もＦカップ以上」
421200 ,,,,,,,大和,大和,08yam524_008.wav,manaka,,0,yamato,,5,,「じゃあ、秋里は選外か」
421300 ,,,,,,,優哉,優哉,,manaka,,0,yamato,,5,,「選外というより、エントリーすらされてない」
421400 ,,,,,,,,,,manaka,,0,yamato,,5,,　これだけ言っておけば、変に詮索されることも
　ないだろ。
421500 ,,,,,,,,,,manaka,,0,yamato,,5,,　愛歌も周りには内緒にしておきたいって言ってた
　しな。
421600 ,,,,,,,,,,manaka,,0,yamato,,5,,　と、安心したのも束の間。
421700 ,,,,,,,愛歌,愛歌,01man524_010.wav,manaka,,5,yamato,,5,,「……やっぱり、私のことは遊びだったんだね」
421800 ,,,,,,,優哉,優哉,,manaka,,5,yamato,,5,,「はい？」
421900 ,,,,,,,,,,manaka,,5,yamato,,5,,　振り返ると、愛歌は瞳に涙をいっぱいに溜めて、
　ゆっくり俺から後ずさっていた。
422000 ,,,,,,,愛歌,愛歌,01man524_011.wav,manaka,,40,yamato,,5,,「っ……胸がＦカップ以上なんて無理すぎるよぉ……」
422100 ,,,,,,,優哉,優哉,,manaka,,40,yamato,,5,,「いや、違うだろ。お前、よく考えろってっ」
422200 ,,,,,,,大和,大和,08yam524_009.wav,manaka,,40,yamato,,1,,「ほんと、サラサラヘアのヤツにロクなのいないな。
　死ねばいいと思うよ」
422300 ,,,,,,,優哉,優哉,,manaka,,40,yamato,,1,,「てめえ……」
422400 ,,,,,,,,,,manaka,,40,yamato,,1,,　仕方なく愛歌の腕を掴み、二人で教室をあとにする。
422600 ,,<!move_veryshort>,,4300,,,,,,manaka,,3,,,,,　んで、作戦会議。
422700 ,,,,,,,優哉,優哉,,manaka,,3,,,,,「お前さ、昨日言ってたよな？
　みんなには俺たちの関係を内緒にしておきたいって」
422800 ,,,,,,,愛歌,愛歌,01man524_012.wav,manaka,,5,,,,,「でも……あんな風に言われたら不安になるよ」
422900 ,,,,,,,優哉,優哉,,manaka,,5,,,,,「不安になるなって。俺を信じろ。お前は俺のっ？」
423000 ,,,,,,,愛歌,愛歌,01man524_013.wav,manaka,,0,,,,,「……幼なじみなカノジョ」
423100 ,,,,,,,優哉,優哉,,manaka,,0,,,,,「よし、行くぞ」
423300 ,,<!move_veryshort_r>,,4500,,,大和,大和,08yam524_010.wav,yamato,,0,,,,,「なんだ、仲良く戻ってきたのか」
423400 ,,,,,,,優哉,優哉,,yamato,,0,,,,,「お前は俺たちが仲違いになることを望んでるみたい
　だな」
423500 ,,,,,,,大和,大和,08yam524_011.wav,yamato,,2,,,,,「そんなことないさ。俺は優哉と秋里を応援してる。
　ただ……」
423600 ,,,,,,,優哉,優哉,,yamato,,2,,,,,「ただ、なんだよ？」
423700 ,,,,,,,大和,大和,08yam524_012.wav,yamato,,4,,,,,「俺はお前が秋里を幸せにできるとは思えない。
　秋里を泣かせたら、この俺が許さねえぞ」
423800 ,,,,,,,優哉,優哉,,yamato,,4,,,,,「お前、いつから俺のライバルキャラになったんだよ」
423900 ,,,,,,,,,,yamato,,4,,,,,　幽霊、お下劣キャラの次はこれか。
424000 ,,,,,,,,,,yamato,,4,,,,,　こいつ、ほんとキャラが固まってねえな……。
424100 ,,,,,,,大和,大和,08yam524_013.wav,yamato,,5,,,,,「あー、最初からこの路線でいっておけばよかった。
　ひとりの幼なじみを奪い合う、二人の男。いいなあ、
　青春だなあ」
424200 ,,,,,,,優哉,優哉,,yamato,,5,,,,,「お前、愛歌の幼なじみじゃねえだろ」
424300 ,,,,,,,大和,大和,08yam524_014.wav,yamato,,4,,,,,「そんなの、後付けでなんとでもなるって。
　秋里、優哉じゃお前を幸せにはできない！
　今すぐ俺のところに来い！」
424400 ,,,,,,,愛歌,愛歌,01man524_014.wav,manaka,,4,,,,,「イヤですっ」
424500 ,,,,,,,,,,manaka,,4,,,,,　うわぁ、即答したよ。こいつ……。
424600 ,,,,,,,愛歌,愛歌,01man524_015.wav,manaka,,4,,,,,「私っ……相手が優哉ちゃんじゃなきゃ、幸せになれ
　ないからっ」
424700 ,,,,,,,,,,manaka,,4,,,,,　……結局、自分から秘密をバラしちまうんだもんな。
424800 ,,,,,,,,,,manaka,,4,,,,,　世話が焼けるっつーか、放っておけないっつーか……
424900 ,,,,,,,優哉,優哉,,yamato,,4,,,,,「もし仮に、俺と大和が愛歌を奪い合う関係だったと
　しても……」
425000 ,,,,,,,,,,yamato,,4,,,,,　顔を真っ赤にしてうつむいている愛歌を背に回し、
　見えないところで手を握りしめた。
425100 ,,,,,,,優哉,優哉,,yamato,,4,,,,,「俺は、お前にはぜってーこいつを渡さねえよ」
425200 ,,,,,,,,,,yamato,,4,,,,,　愛歌は俺の背中にぐりぐりと頭を押しつけ、
　手を握り返してくる。
425300 ,,,,,,,大和,大和,08yam524_015.wav,yamato,,50,,,,,「最後はピエロなキャラで終了……か」
425400 ,,,,,,,優哉,優哉,,yamato,,50,,,,,「どうせなら、最後にナイスな捨て台詞を置いていっ
　たらどうだ？」
425500 ,,,,,,,大和,大和,08yam524_016.wav,yamato,,5,,,,,「……く、悔しくなんかないんだからね！」
425600 ,,,,,,,優哉,優哉,,yamato,,5,,,,,「そこで、その言葉をチョイスするお前のセンスが
　分からない」
425700 ,,,,,,,大和,大和,08yam524_017.wav,yamato,,0,,,,,「でもお似合いだよ、お前ら。
　優哉と秋里なら手放しで祝福できる……」
425800 ,,,,,,,優哉,優哉,,yamato,,0,,,,,「意味深なこと言うじゃねえか。
　手放しで祝福できない関係もあるってのか？」
425900 ,,,,,,,大和,大和,08yam524_018.wav,yamato,,3,,,,,「……俺もお前ぐらい甲斐性があれば……アイツを
　悲しませずに済んだのかもな」
426000 ,,,,,,,優哉,優哉,,yamato,,3,,,,,「大和、お前……」
426100 ,,,,,,,大和,大和,08yam524_019.wav,yamato,,0,,,,,「…………」
426200 ,,,,,,,優哉,優哉,,yamato,,0,,,,,「必死だな。薄っぺらいキャラなのに」
426300 ,,,,,,,大和,大和,08yam524_020.wav,yamato,,53,,,,,「台無しだよ！　俺の見せ場がマジで台無し！」
426400 ,,,,,,,,,,yamato,,53,,,,,　チラッと背後の愛歌を見ると、おかしそうに口元を
　押さえて笑っていた。
426500 ,,,,,,,,,,yamato,,53,,,,,　お互いの手は、今も強く結ばれている。
426600 ,,,,,,,,,,yamato,,53,,,,,　他人から見れば、眠くなるほどゆっくりかも
　しれない。
426700 ,,,,,,,,,,yamato,,53,,,,,　それでも日を追って確実に。
426800 ,,,,,,,,,,yamato,,53,,,,,　愛歌との絆は強まっていた……。
427090 ,,<!Lend_scene_change>,0,9000,,,,,,,,,,,,,
427100 ,@525,,,,,,,,,,,,,,,,
427400 ,,<!Lbegin_scene_change>,7,4400,,,優哉,優哉,,"yuu,uniform",,0,,,,,「……で、話ってなんだよ？」
427500 ,,,,,,,悠,悠,02yuu525_001.wav,yuu,,0,,,,,「うん。全員、揃ってるねー？」
427600 ,,,,,,,,,,yuu,,0,,,,,　放課後になり、悠に部室へ呼び出されたのが
　先ほどのこと。
427700 ,,,,,,,,,,yuu,,0,,,,,　このダラダラした空気は、温泉部ならではだな。
427800 ,,,,,,,,,,yuu,,0,,,,,　部長が部長だけに。
427900 ,,,,,,,悠,悠,02yuu525_002.wav,yuu,,1,,,,,「今日、みんなに集まってもらったのは……」
428000 ,,,,,,,優哉,優哉,,yuu,,1,,,,,「悠、ご懐妊おめでとう！」
428100 ,,,,,,,,,,yuu,,1,,,,,　先手を打って盛り上げてみたが、周りの反応は
　冷たかった。
428200 ,,,,,,,,,,yuu,,1,,,,,　まばらな拍手が悲しい。
428300 ,,,,,,,愛歌,愛歌,01man525_001.wav,yuu,,12,"manaka,uniform",,2,,「ご懐妊って……赤ちゃんができたの？」
428400 ,,,,,,,悠,悠,02yuu525_003.wav,yuu,,12,manaka,,2,,「相手がいないのにできるわけないでしょーが。
　てか、拍手少なすぎじゃない？」
428500 ,,,,,,,恋鳥,恋鳥,04kot525_001.wav,yuu,,12,"kotori,uniform",,0,,「……どうでもいいぞ」
428600 ,,,,,,,つむぎ,つむぎ,05tum525_001.wav,yuu,,12,"tumugi,uniform",,0,,「私は……拍手しました……」
428700 ,,,,,,,,,,yuu,,12,,,,,　ぶっちゃけ、みんなどうでもよさそうだ。
428800 ,,,,,,,悠,悠,02yuu525_004.wav,yuu,,0,,,,,「でも温泉部で最初に赤ちゃんを産むのって誰だろ？
　私の予想では私」
428900 ,,,,,,,優哉,優哉,,yuu,,0,,,,,「お前は最下位決定だろ。
　というより、死ぬまでに男ができるかの方が問題だ」
429000 ,,,,,,,悠,悠,02yuu525_005.wav,yuu,,17,,,,,「いざとなったら、優哉で我慢してあげるわよ。
　あんたはカノジョなんてできそうにないし」
429100 ,,,,,,,優哉,優哉,,yuu,,17,,,,,「俺は温泉部の種馬かよ……」
429200 ,,,,,,,悠,悠,02yuu525_006.wav,yuu,,0,,,,,「あんた、上手く種付けできんの～？」
429300 ,,,,,,,優哉,優哉,,yuu,,0,,,,,「女が種付けとか言うなっ」
429400 ,,,,,,,愛歌,愛歌,01man525_002.wav,manaka,,90,,,,,「種付け……」
429500 ,,,,,,,恋鳥,恋鳥,04kot525_002.wav,kotori,,90,,,,,「……種付け」
429600 ,,,,,,,つむぎ,つむぎ,05tum525_002.wav,tumugi,,6,,,,,「っ……私は言えませんっ。種付けだなんてっ」
429700 ,,,,,,,悠,悠,02yuu525_007.wav,yuu,,0,,,,,「あははっ。
　みんな、あんたに種付けしてほしいってさ▼」
429800 ,,,,,,,,,,yuu,,0,,,,,　なんちゅー部活だ……。
429900 ,,,,,,,,,,yuu,,0,,,,,　最高ですけどね、ええ。
430000 ,,,,,,,優哉,優哉,,yuu,,0,,,,,「意外と、恋鳥とかが一番早くデキちゃった婚したり
　してな」
430100 ,,,,,,,悠,悠,02yuu525_008.wav,yuu,,17,,,,,「あー、恋鳥みたいな体格の子は根強い人気がある
　からねえ」
430200 ,,,,,,,愛歌,愛歌,01man525_003.wav,yuu,,17,manaka,,42,,「そうなの？」
430300 ,,,,,,,悠,悠,02yuu525_009.wav,yuu,,0,manaka,,42,,「小学校の校庭を不気味に眺めてる男とか多いしね。
　警察の人が職業を聞いたら、『ロリです』って答え
　たとか……」
430400 ,,,,,,,,,,yuu,,0,manaka,,42,,　大丈夫かよ、ニッポンの将来……。
430500 ,,,,,,,恋鳥,恋鳥,04kot525_003.wav,yuu,,0,kotori,,4,,「ロリ」
430600 ,,,,,,,優哉,優哉,,yuu,,0,kotori,,4,,「待て待て、俺を指差して言うことじゃねえだろ」
430700 ,,,,,,,悠,悠,02yuu525_010.wav,yuu,,17,kotori,,4,,「ロリの種馬って、最悪じゃな～い？」
430800 ,,,,,,,優哉,優哉,,yuu,,17,kotori,,4,,「そんなこと言ったら、職業ロリの人に失礼だろっ。
　つーか、俺はロリじゃねえっ」
430900 ,,,,,,,悠,悠,02yuu525_011.wav,yuu,,0,kotori,,4,,「ま、どっちでもいいけどね。
　あんたがロリだろうがペドだろうが」
431000 ,,,,,,,優哉,優哉,,yuu,,0,kotori,,4,,「その二択かよ……」
431100 ,,,,,,,つむぎ,つむぎ,05tum525_004.wav,yuu,,0,tumugi,,12,,「あの……ペドって、なんだか響きが
　かわいらしいですね♪」
431200 ,,,,,,,愛歌,愛歌,01man525_004.wav,yuu,,0,manaka,,90,,「うんうんっ。
　優哉ちゃんはペドの方がかわいくて似合ってる～」
431300 ,,,,,,,優哉,優哉,,yuu,,0,manaka,,90,,「俺に似合ってるとかどうでもいいから！
　さっさと話を戻せよ。別の話で集まったんだろ？」
431400 ,,,,,,,悠,悠,02yuu525_012.wav,yuu,,17,manaka,,90,,「そうよ、ペドヤのことなんてどうでもいいのよ」
431500 ,,,,,,,優哉,優哉,,yuu,,17,manaka,,90,,「なにをくっつけてペドヤになったのか説明しろ」
431600 ,,,,,,,恋鳥,恋鳥,04kot525_004.wav,yuu,,17,kotori,,4,,「ペドと優哉」
431700 ,,,,,,,,,,yuu,,17,kotori,,4,,　分かりやすい説明ありがとう！
431800 ,,,,,,,悠,悠,02yuu525_013.wav,yuu,,0,,,,,「で、本題だけど、また温泉部のメンバー全員で
　温泉に入りたいなぁと思ったわけよ」
431900 ,,,,,,,悠,悠,02yuu525_014.wav,yuu,,90,,,,,「最近、なんだかんだで全員が集まる機会って
　なかったっしょ？　祭りの日もつむぎさんとか
　愛歌が別々だったし」
432000 ,,,,,,,優哉,優哉,,yuu,,90,,,,,「ほぉ、悠にしてはなかなかの思いつきだな」
432100 ,,,,,,,愛歌,愛歌,01man525_005.wav,manaka,,1,,,,,「私も賛成～♪
　みんなでまた一緒に温泉入りたいなー」
432200 ,,,,,,,つむぎ,つむぎ,05tum525_003.wav,tumugi,,1,,,,,「私も……できればご一緒したいです」
432300 ,,,,,,,恋鳥,恋鳥,04kot525_005.wav,kotori,,52,,,,,「……優哉。コーヒー牛乳係」
432400 ,,,,,,,優哉,優哉,,kotori,,52,,,,,「んだよ、すっかりパシリ役だな。俺は……」
432500 ,,,,,,,悠,悠,02yuu525_015.wav,yuu,,0,,,,,「あんたはそのぐらいがちょうどいいんよ。
　下手に自信持って、『俺のミルクを飲ませてやる』
　とか言い始めたら大迷惑」
432600 ,,,,,,,愛歌,愛歌,01man525_006.wav,yuu,,0,manaka,,3,,「……優哉ちゃんのミルクって？」
432700 ,,,,,,,優哉,優哉,,yuu,,0,manaka,,3,,「お前はそんなところに反応しなくていいから。
　悠は少し下ネタを自重しろ」
432800 ,,,,,,,悠,悠,02yuu525_016.wav,yuu,,17,manaka,,3,,「んなこと言って、嬉しいんじゃないのぉ？
　みんなも言ってやんなよ。優哉くんのミルクを
　飲ませてください～って」
432900 ,,,,,,,愛歌,愛歌,01man525_007.wav,manaka,,0,,,,,「あの……優哉ちゃんのミルク、飲んであげるねっ」
433000 ,,,,,,,つむぎ,つむぎ,05tum525_005.wav,tumugi,,0,,,,,「私も……優哉さんのミルク、飲んでさしあげます」
433100 ,,,,,,,恋鳥,恋鳥,04kot525_006.wav,kotori,,0,,,,,「優哉のミルク、がぶ飲み」
433200 ,,,,,,,,,,kotori,,0,,,,,　なんだ、この天国部。
433300 ,,,,,,,優哉,優哉,,kotori,,0,,,,,「悠、お前も言えよ」
433400 ,,,,,,,悠,悠,02yuu525_017.wav,yuu,,17,,,,,「やーよ。私がなんでそんなこと言わなきゃ
　なんないわけ？」
433500 ,,,,,,,優哉,優哉,,yuu,,17,,,,,「他の部員に言わせて自分だけ安全地帯かよ。
　やだやだ、これだから部長は……」
433600 ,,,,,,,悠,悠,02yuu525_018.wav,yuu,,5,,,,,「……分かったわよ。言えばいいんでしょ」
433700 ,,,,,,,悠,悠,02yuu525_019.wav,yuu,,7,,,,,「さっさと臭いミルク出しなさいよ！
　ほらっ！　ほらっ！　出るんでしょ、ほらっ！」
433800 ,,,,,,,優哉,優哉,,yuu,,7,,,,,「うっわ、萎え……」
433900 ,,,,,,,愛歌,愛歌,01man525_008.wav,manaka,,6,,,,,「……優哉ちゃん、早く臭いミルク出してっ。
　ほらっ、もっといっぱい出るでしょっ」
434000 ,,,,,,,つむぎ,つむぎ,05tum525_006.wav,tumugi,,6,,,,,「ふあぁぁ……優哉さん、臭いミルクを……
　もっと臭いミルクをお出しくださいぃ……」
434100 ,,,,,,,恋鳥,恋鳥,04kot525_007.wav,kotori,,4,,,,,「優哉の臭いミルク、がぶ飲み」
434200 ,,,,,,,優哉,優哉,,kotori,,4,,,,,「どんだけチームワークいいんだよ、お前ら……」
434300 ,,,,,,,,,,kotori,,4,,,,,　温泉部は、まちがいなく男をダメにする部活だ。
434400 ,,,,,,,悠,悠,02yuu525_020.wav,yuu,,0,,,,,「優哉のミルクも出きったところで、できれば今度は
　秋香さんもゲストで呼びたいんだけどどうかな？」
434500 ,,,,,,,愛歌,愛歌,01man525_009.wav,yuu,,0,manaka,,0,,「あ、きっとお母さんも喜ぶと思う～。
　お母さん、みんなでワイワイするの好きだから」
434600 ,,,,,,,悠,悠,02yuu525_021.wav,yuu,,0,manaka,,0,,「ほんと？
　じゃあ、愛歌の方から頼んでみてくれる？」
434700 ,,,,,,,優哉,優哉,,yuu,,0,manaka,,0,,「……知らねえぞ。
　お前らが女としての自信を失っても」
434800 ,,,,,,,悠,悠,02yuu525_022.wav,yuu,,17,manaka,,0,,「誰がスタイルナンバー１かを決めるときが
　きたみたいね」
434900 ,,,,,,,優哉,優哉,,yuu,,17,manaka,,0,,「勝ち目ゼロだろ。
　秋香さんは、マジでゴッドボディだぞ」
435000 ,,,,,,,,,,yuu,,17,manaka,,0,,　俺もいちいち英語にする意味が分からんが。
435100 ,,,,,,,悠,悠,02yuu525_023.wav,yuu,,0,manaka,,0,,「んじゃ、場所は旅館すみさきでぇ……日にちは
　今度の土曜日でどぉ？」
435200 ,,,,,,,愛歌,愛歌,01man525_010.wav,yuu,,0,manaka,,3,,「えっ、土曜日？」
435300 ,,,,,,,,,,yuu,,0,manaka,,3,,　最初に反応したのは愛歌だった。
435400 ,,,,,,,,,,yuu,,0,manaka,,3,,　見事に俺たちのデート予定日とぶつかってるな。
435500 ,,,,,,,悠,悠,02yuu525_024.wav,yuu,,90,manaka,,3,,「あら、愛歌はなにか予定あった？」
435600 ,,,,,,,愛歌,愛歌,01man525_011.wav,yuu,,90,manaka,,5,,「う、うん……土曜日はちょっと……」
435700 ,,,,,,,,,,yuu,,90,manaka,,5,,　俺の方にチラリと目をやり、頬をかく愛歌。
435800 ,,,,,,,優哉,優哉,,yuu,,90,manaka,,5,,「悪い。俺もその日はダメだわ」
435900 ,,,,,,,悠,悠,02yuu525_025.wav,yuu,,5,manaka,,5,,「んん？　優哉もぉ？　それってなんか怪しくない？」
436000 ,,,,,,,恋鳥,恋鳥,04kot525_008.wav,yuu,,5,kotori,,4,,「……種付けか？」
436100 ,,,,,,,優哉,優哉,,yuu,,5,kotori,,4,,「偶然だよ、偶然。俺は買い物があるだけ。
　愛歌は？」
436200 ,,,,,,,愛歌,愛歌,01man525_012.wav,yuu,,5,manaka,,15,,「わ、私も買い物っ……」
436300 ,,,,,,,,,,yuu,,5,manaka,,15,,　……せめて違う理由にしろよ。
436400 ,,,,,,,悠,悠,02yuu525_026.wav,yuu,,17,manaka,,15,,「ふ～ん、へ～、なるほどね～」
436500 ,,,,,,,,,,yuu,,17,manaka,,15,,　悠は顎に手をやりながら、ニヤニヤとこちらを
　見ている。
436600 ,,,,,,,悠,悠,02yuu525_027.wav,yuu,,17,manaka,,15,,「ま、種付けがんばってきな」
436700 ,,,,,,,優哉,優哉,,yuu,,17,manaka,,15,,「だからしねえって。
　愛歌は種付けするのかもしれんけど」
436800 ,,,,,,,愛歌,愛歌,01man525_013.wav,yuu,,17,manaka,,0,,「種付けっ……するか分からないですっ」
436900 ,,,,,,,,,,yuu,,17,manaka,,0,,　いいから否定しろ。
437000 ,,,,,,,悠,悠,02yuu525_028.wav,yuu,,0,manaka,,0,,「んじゃー、次の日の日曜ってことで。
　それなら二人も平気っしょ？」
437100 ,,,,,,,優哉,優哉,,yuu,,0,manaka,,0,,「まあ、そういうことなら……」
437200 ,,,,,,,愛歌,愛歌,01man525_014.wav,yuu,,0,manaka,,1,,「私もその日なら平気っ」
437300 ,,,,,,,悠,悠,02yuu525_029.wav,yuu,,1,manaka,,1,,「オッケー！　なら決まりね！
　遅刻厳禁、おやつは３００円まで！」
437400 ,,,,,,,恋鳥,恋鳥,04kot525_009.wav,yuu,,1,kotori,,0,,「バナナ」
437500 ,,,,,,,悠,悠,02yuu525_030.wav,yuu,,0,kotori,,0,,「バナナは優哉のが……あ、優哉のはビッツだっけ？」
437600 ,,,,,,,優哉,優哉,,yuu,,0,kotori,,0,,「最後まで下ネタかよ、お前は」
437700 ,,,,,,,,,,yuu,,0,kotori,,0,,　しかも評価がビッツとか。
　マジでいつかうちの部長をヒーヒー言わせてえ……。
437800 ,,,,,,,愛歌,愛歌,01man525_015.wav,manaka,,90,,,,,「……優哉ちゃん、土・日は忙しいね」
437900 ,,,,,,,優哉,優哉,,manaka,,90,,,,,「だな。ま、楽しくていいけど」
438000 ,,,,,,,愛歌,愛歌,01man525_016.wav,manaka,,1,,,,,「うんっ♪」
438290 ,,<!Lend_scene_change>,0,9000,,,,,,,,,,,,,
438300 ,@526,,,,,,,,,,,,,,,,
438600 ,,<!Lbegin_scene_change>,2,12301,,,愛歌,愛歌,01man526_001.wav,"manaka,uniform",,0,,,,,「早く土曜日にならないかな～」
438700 ,,,,,,,,,,manaka,,0,,,,,　いつもの帰り道。
438800 ,,,,,,,,,,manaka,,0,,,,,　手をつないで帰るのも、ごく自然なことになって
　きていた。
438900 ,,,,,,,,,,manaka,,0,,,,,　今までは自分の好きなペースで歩いてきたが、
　こうして愛歌に合わせて歩くのも悪くない。
439000 ,,,,,,,優哉,優哉,,manaka,,0,,,,,「あんまり土曜日にはしゃぎすぎると、日曜まで
　身体がもたないぜ？」
439100 ,,,,,,,愛歌,愛歌,01man526_002.wav,manaka,,1,,,,,「土曜日にいっぱいはしゃいで、日曜日の温泉で
　ゆっくり疲れを癒す作戦～▼」
439200 ,,,,,,,優哉,優哉,,manaka,,1,,,,,「土曜日にいっぱいエッチして、日曜日の温泉で
　疲れを癒すのもいいなあ……」
439300 ,,,,,,,愛歌,愛歌,01man526_003.wav,manaka,,3,,,,,「い、いっぱいエッチはダメだよぉ……」
439400 ,,,,,,,優哉,優哉,,manaka,,3,,,,,「冗談だよ、冗談。なにも、エッチするために
　デートするわけじゃねえし」
439500 ,,,,,,,愛歌,愛歌,01man526_004.wav,manaka,,6,,,,,「…………」
439600 ,,,,,,,,,,manaka,,6,,,,,　話の途中で愛歌は足を止め、俺の腕を引く。
439700 ,,,,,,,優哉,優哉,,manaka,,6,,,,,「どうした？」
439800 ,,,,,,,愛歌,愛歌,01man526_005.wav,manaka,,42,,,,,「……私も……」
439900 ,,,,,,,,,,manaka,,42,,,,,　短く言葉を切り、前髪で表情を隠す愛歌。
440000 ,,,,,,,,,,manaka,,42,,,,,　こういうのは大抵、なにか爆弾発言をしようと
　しているときの予兆だ。
440100 ,,,,,,,愛歌,愛歌,01man526_006.wav,manaka,,90,,,,,「私も……なにか優哉ちゃんにしてあげたいっ」
440200 ,,,,,,,優哉,優哉,,manaka,,90,,,,,「別に俺は、お前がそばにいてくれるだけで……」
440300 ,,,,,,,愛歌,愛歌,01man526_007.wav,manaka,,6,,,,,「そうじゃなくてっ……エッチなこと……女の子が
　男の人にしてあげられることって……」
440400 ,,,,,,,愛歌,愛歌,01man526_008.wav,manaka,,6,,,,,「私……よく分からないけど……でも……優哉ちゃんに
　なにかしてあげたい……」
440500 ,,,,,,,優哉,優哉,,manaka,,6,,,,,「…………」
440600 ,,,,,,,,,,manaka,,6,,,,,　どうしてこんなに。
440700 ,,,,,,,,,,manaka,,6,,,,,　愛歌のがんばっている姿は、俺の胸を締めつけるん
　だろう。
440800 ,,,,,,,,,,manaka,,6,,,,,　こんな姿を見せられたら……俺は笑ってやるしかな
　い。
440900 ,,,,,,,,,,manaka,,6,,,,,　笑って、こいつの頭を撫でてやるしかない。
441000 ,,,,,,,優哉,優哉,,manaka,,6,,,,,「お前の気持ちは嬉しいけど……」
441100 ,,,,,,,,,,manaka,,6,,,,,　そのまま頭を抱き寄せ、鼻腔いっぱいに愛歌の
　香りを吸いこむ。
441200 ,,,,,,,優哉,優哉,,manaka,,6,,,,,「俺は、お前がそばで笑ってくれるだけでいい。
　それだけで俺は、幸せな気持ちになれるから……」
441300 ,,,,,,,,,,manaka,,6,,,,,　年相応にある性欲も、こういうときはすっ……と
　引いていくから不思議だ。
441400 ,,,,,,,,,,manaka,,6,,,,,　きっと、今の自分のセリフを録音して聞かされたら、
　死にたくなるほど恥ずかしくなると思う。
441500 ,,,,,,,,,,manaka,,6,,,,,　でもこのときは、ごく当たり前のようにそれを
　口にできていて。
441600 ,,,,,,,愛歌,愛歌,01man526_009.wav,manaka,,3,,,,,「それでも私は……」
441700 ,,,,,,,,,,manaka,,3,,,,,　愛歌は俺の頬に手を添え、
441800 ,,,,,,,愛歌,愛歌,01man526_010.wav,manaka,,0,,,,,「あなたに、なにかをしてあげたいです……」
441900 ,,,,,,,,,,manaka,,0,,,,,　それから声の消失と同時に、俺たちは互いの了承を
　得ることもなく唇を重ね合った。
442000 ,,,,,,,愛歌,愛歌,01man526_011.wav,manaka,,84,,,,,「ん……ちゅっ……んん……ん……ちゅっ……」
442100 ,,,,,,,,,,manaka,,84,,,,,　唇越しに伝わってくる体温が、軽く触れただけの
　キスでも長く余韻を残していく。
442200 ,,,,,,,,,,manaka,,84,,,,,　舌などを挿れなくても、ただ間近で愛歌の吐息を
　感じているだけで心は満たされていた。
442300 ,,,,,,,優哉,優哉,,manaka,,84,,,,,「もう一回してもいいか？
　家の前だと、また秋香さんに……んっ！？」
442400 ,,,,,,,愛歌,愛歌,01man526_012.wav,manaka,,84,,,,,「ん……ちゅぅっ……ちゅっ、んふ、ちゅっ……
　んん、ちゅっ、ちゅぅっ……ん……ちゅっ……」
442500 ,,,,,,,,,,manaka,,84,,,,,　二度目のキスは、強い愛歌の意志から始まる。
442600 ,,,,,,,,,,manaka,,84,,,,,　俺を気持ちよくさせようと、何度も何度も
　その濡れた唇を＜圧＝お＞しつけてきて。
442700 ,,,,,,,愛歌,愛歌,01man526_013.wav,manaka,,84,,,,,「はあっ……んっん！？　ちゅっ、んんっん、
　ちゅぅっ……ちゅるっ……ちゅっ、ちゅぅっ、
　んん……ぢゅっ……んっん……」
442800 ,,,,,,,,,,manaka,,84,,,,,　息継ぎの最中に唇を奪い返し、舌を流しこむと、
　愛歌は大きく背を反って自らの意識を放棄した。
442900 ,,,,,,,,,,manaka,,84,,,,,　そんな状態でも、舌の粘膜が触れ合うたびに細かな
　痙攣を見せる。
443000 ,,,,,,,,,,manaka,,84,,,,,　まさに天へと昇っていったような愛歌の表情。
443100 ,,,,,,,,,,manaka,,84,,,,,　俺はその様子を、失われた意識が戻るまで見守り
　続けた。
443200 ,,,,,,,愛歌,愛歌,01man526_014.wav,manaka,,6,,,,,「ん……ゆう……」
443300 ,,,,,,,優哉,優哉,,manaka,,6,,,,,「自分の足で立てるか？」
443400 ,,,,,,,,,,manaka,,6,,,,,　力の抜けた下肢がぐにゃりと曲がり、愛歌は小さな
　悲鳴を洩らして俺にしがみついてくる。
443500 ,,,,,,,優哉,優哉,,manaka,,6,,,,,「いいよ。しばらく俺が支えてるから……」
443600 ,,,,,,,愛歌,愛歌,01man526_015.wav,manaka,,5,,,,,「……優哉ちゃんのキス、すごすぎるんだもん」
443700 ,,,,,,,,,,manaka,,5,,,,,　少し拗ねた表情がかわいい。
443800 ,,,,,,,優哉,優哉,,manaka,,5,,,,,「でもこんな場所でキスなんて、俺たちも端から
　見たらバカップルなんだろうな」
443900 ,,,,,,,愛歌,愛歌,01man526_016.wav,manaka,,42,,,,,「おウチの近くだと、落ち着かないもんね。
　お母さん、どこで見てるか分からないし……」
444000 ,,,,,,,秋香,秋香,11aki526_001.wav,"akika,private",,1,,,,,「ほんとね。こういうところでキスでもしてないと、
　やってられないわよね～」
444100 ,,,,,,,愛歌,愛歌,01man526_017.wav,manaka,,2,,,,,「へっ？」
444200 ,,,,,,,優哉,優哉,,manaka,,2,,,,,「…………」
444300 ,,,,,,,,,,manaka,,2,,,,,　背後に、その人はいた。
444400 ,,<!move_look>,,,,,愛歌,愛歌,01man526_018.wav,akika,,1,manaka,,5,,「お、お母さん……どうして……」
444500 ,,,,,,,秋香,秋香,11aki526_002.wav,akika,,0,manaka,,5,,「近所でバナナの安売りをしてたから買ってきたの。
　今回は本当にたまたまよ？」
444600 ,,,,,,,愛歌,愛歌,01man526_019.wav,akika,,0,manaka,,5,,「ふえぇぇっ……優哉ちゃん、どうしよぉ。
　キスしてるところも見られちゃったよー」
444700 ,,,,,,,秋香,秋香,11aki526_003.wav,akika,,5,manaka,,5,,「未熟者」
444800 ,,,,,,,愛歌,愛歌,01man526_020.wav,akika,,5,manaka,,3,,「はうっ！？」
444900 ,,,,,,,,,,akika,,5,manaka,,3,,　秋香さんは持っていたバナナで秋香の頬を突く。
445000 ,,,,,,,秋香,秋香,11aki526_004.wav,akika,,4,manaka,,3,,「私の娘でありながら情けないわ……キスして、
　腰砕けになった上、失神だなんて……」
445100 ,,,,,,,愛歌,愛歌,01man526_021.wav,akika,,4,manaka,,6,,「だ、だってっ……優哉ちゃん……すごく上手で……」
445200 ,,,,,,,秋香,秋香,11aki526_005.wav,akika,,1,manaka,,6,,「ふ～ん……それなら、お母さんも試しにしてもらっ
　ちゃおうかな～」
445300 ,,,,,,,愛歌,愛歌,01man526_022.wav,akika,,1,manaka,,15,,「ああっ、違うっ。下手っ……優哉ちゃんのキス、
　すごい下手っ」
445400 ,,,,,,,優哉,優哉,,akika,,1,manaka,,15,,「なにをぉぉぉっ！」
445500 ,,,,,,,愛歌,愛歌,01man526_023.wav,akika,,1,manaka,,40,,「やあぁぁっ、ごめんなさーーーい！」
445600 ,,,,,,,,,,akika,,1,manaka,,40,,　もちろん、俺も本気で怒ったわけじゃない。
　愛歌は真面目に涙目だったが。
445700 ,,,,,,,,,,akika,,1,manaka,,40,,　そんな俺たちの様子を、秋香さんは終始笑顔で
　眺めていた。
445800 ,,,,,,,,,,akika,,1,manaka,,40,,　本当に、この親子が羨ましい……。
445900 ,,,,,,,,,,akika,,1,manaka,,40,,　愛歌も秋香さんと話していると、普段より確実に
　テンションが上がってる気がする。
446000 ,,,,,,,秋香,秋香,11aki526_006.wav,akika,,0,manaka,,90,,「今日はこのまま帰る予定？」
446100 ,,,,,,,優哉,優哉,,akika,,0,manaka,,90,,「はい。あ、そうそう。実は温泉部のみんなで、
　すみさきの露天風呂に入ることになったんです」
446200 ,,,,,,,優哉,優哉,,akika,,0,manaka,,90,,「それで悠が、もしよかったら秋香さんも一緒に
　どうかって……」
446300 ,,,,,,,秋香,秋香,11aki526_007.wav,akika,,2,manaka,,90,,「あら、私も一緒に入っていいの？
　若い子たちに囲まれて少し恥ずかしいけど……」
446400 ,,,,,,,優哉,優哉,,akika,,2,manaka,,90,,「ぜひぜひ。悠たちも喜びますんで」
446500 ,,,,,,,秋香,秋香,11aki526_008.wav,akika,,1,manaka,,90,,「でも私は、優哉くんに喜んでほしいわぁ～▼」
446600 ,,,,,,,優哉,優哉,,akika,,1,manaka,,90,,「大喜びでしっ！？　イデデデデッ！？」
446700 ,,,,,,,,,,akika,,1,manaka,,90,,　気がつくと、愛歌が俺の太腿をつねってきていた。
446800 ,,,,,,,愛歌,愛歌,01man526_024.wav,akika,,1,manaka,,0,,「お母さん、優哉ちゃんは若い子の方がいいって▼」
446900 ,,,,,,,秋香,秋香,11aki526_009.wav,akika,,2,manaka,,0,,「あなたも言うようになったわね～。
　いいわ。当日、どっちが優哉くんに相応しいか、
　決着をつけましょう？」
447000 ,,,,,,,,,,akika,,2,manaka,,0,,　てか、なんで俺争奪戦な流れに……。
447100 ,,,,,,,愛歌,愛歌,01man526_025.wav,akika,,2,manaka,,15,,「もー、ぜったいお母さんには優哉ちゃんを
　渡さないんだからー」
447200 ,,,,,,,秋香,秋香,11aki526_010.wav,akika,,0,manaka,,15,,「はいはい。そう思うなら、しっかり優哉くんを
　つかまえてなさい？」
447300 ,,,,,,,,,,akika,,0,manaka,,15,,　少しだけ、この親子の間に入りこむのを躊躇った。
447400 ,,,,,,,,,,akika,,0,manaka,,15,,　これから俺と愛歌の二人だけの時間が増えるにつれ、
　この親子が一緒に笑う機会は減っていく。
447500 ,,,,,,,,,,akika,,0,manaka,,15,,　二人にとって、俺は邪魔者なんじゃないかと思えて
　しまう。
447600 ,,,,,,,,,,akika,,0,manaka,,15,,　できればいつまでも、愛歌と秋香さんには友達の
　ような関係であってほしい。
447700 ,,,,,,,,,,akika,,0,manaka,,15,,　子供のようにじゃれ合う二人を見て、素直にそう
　感じた。
447800 ,,,,,,,愛歌,愛歌,01man526_026.wav,akika,,0,manaka,,1,,「優哉ちゃんも早く早くぅ～！」
447900 ,,,,,,,優哉,優哉,,akika,,0,manaka,,1,,「ああ、分かってるよ」
448000 ,,,,,,,,,,akika,,0,manaka,,1,,　……俺は、秋香さんのように愛歌を笑わせ続ける
　ことができるんだろうか？
448100 ,,,,,,,,,,akika,,0,manaka,,1,,　これからもずっと、愛歌のそばにいられるんだろう
　か？
448200 ,,,,,,,,,,akika,,0,manaka,,1,,　そんなことを考えながら、俺は離れていく二人の
　後ろ姿に、少しでも近づけるよう駆けだした……。
448490 ,,<!Lend_day_change>,0,9000,,,,,,,,,,,,,
448499 ,,<!ec_manaka_pri>,,,,,,,,,,,,,,,
448500 ,@manaka1_end,,,,,,,,,,,,,,,,manaka1終了　manaka2へ
448600 ,$go manake2_begin,,,,,,,,,,,,,,,,


