%line%,%seq%,%effect%,%music%,%bg%,%cg%,%ov%,%truename%,%name%,%voice%,%st0_name%,%st0_pos%,%st0_face%,%st1_name%,%st1_pos%,%st1_face%,%pageflag%,%text%
10390 ,@manake2_begin,,,,,,,,,,,,,,,,
10400 ,@527,,,,,,,,,,,,,,,,
10690 ,,<!Lbegin_morning>,9,9001,,,,,,,,,,,,,
10700 ,,,,500,,,優哉,優哉,,,,,,,,,「さて、そろそろ時間か」
10800 ,,,,,,,,,,,,,,,,,　珍しく早起きをしたのは、
　今日が休日の土曜日だから。
10900 ,,,,,,,,,,,,,,,,,　すなわち、愛歌とのデート当日。
11000 ,,,,,,,,,,,,,,,,,　待ち合わせより少し早い時間に家を出ることにした。
11100 ,,,,,,,,,,,,,,,,,　と言っても、待ち合わせ場所は家の真ん前だが。
11300 ,,<!move_short>,,5100,,,愛歌,愛歌,01man527_001.wav,"manaka,coat",,1,,,,,「あ……優哉ちゃん▼」
11400 ,,,,,,,優哉,優哉,,manaka,,1,,,,,「あれ？　お前、先に待っててくれたのか？」
11500 ,,,,,,,愛歌,愛歌,01man527_002.wav,manaka,,0,,,,,「うん。お祭りのときは優哉ちゃんを待たせちゃった
　から……」
11600 ,,,,,,,,,,manaka,,0,,,,,　俺が家を出たのは待ち合わせ時間の２０分前だった
　が、愛歌はそれよりも前から待っていたらしい。
11700 ,,,,,,,優哉,優哉,,manaka,,0,,,,,「悪かったな、待たせちまって」
11800 ,,,,,,,愛歌,愛歌,01man527_003.wav,manaka,,90,,,,,「ううん。優哉ちゃんも待ち合わせの時間よりずっと
　早いよー」
11900 ,,,,,,,優哉,優哉,,manaka,,90,,,,,「見ろよ。もう無造作ヘアはやめたぜ？
　やっぱあれは、ツマブキ君がやるからかっこいいん
　だな」
12000 ,,,,,,,愛歌,愛歌,01man527_004.wav,manaka,,3,,,,,「う～……私も、お化粧してくればよかったよぉ」
12100 ,,,,,,,優哉,優哉,,manaka,,3,,,,,「お前には化粧は似合わん」
12200 ,,,,,,,愛歌,愛歌,01man527_005.wav,manaka,,5,,,,,「そんなきっぱり言わなくても……」
12300 ,,,,,,,優哉,優哉,,manaka,,5,,,,,「そのままで充分だろ、お前は」
12400 ,,,,,,,,,,manaka,,5,,,,,　綺麗に＜梳＝す＞かれた愛歌の髪を撫で、
　本日一発目のハグをかます。
12500 ,,,,,,,愛歌,愛歌,01man527_006.wav,manaka,,6,,,,,「ゆ、優哉ちゃ……こんなところでっ……」
12600 ,,,,,,,優哉,優哉,,manaka,,6,,,,,「お前は化粧なんてしなくてもかわいい」
12700 ,,,,,,,愛歌,愛歌,01man527_007.wav,manaka,,3,,,,,「ふぇ？」
12800 ,,,,,,,優哉,優哉,,manaka,,3,,,,,「顔を見て言うの恥ずかしいんだよ。
　このぐらい我慢しろ」
12900 ,,,,,,,愛歌,愛歌,01man527_008.wav,manaka,,0,,,,,「優哉ちゃん……」
13000 ,,,,,,,優哉,優哉,,manaka,,0,,,,,「うし、行くか！」
13100 ,,,,,,,,,,manaka,,0,,,,,　照れ隠しに声を張り上げて言うと、愛歌はそっと
　俺の手を握り、
13200 ,,,,,,,愛歌,愛歌,01man527_009.wav,manaka,,1,,,,,「はいっ♪　お供させていただきます▼」
13300 ,,,,,,,,,,manaka,,1,,,,,　思わず季節を忘れさせる、春の陽射しのような
　笑顔だった。
13500 ,,<!move_normal>,,12210,,,優哉,優哉,,manaka,,1,,,,,「しかし、ほんとにもう一回やるんだな。
　星の河原祭り……」
13600 ,,,,,,,愛歌,愛歌,01man527_010.wav,manaka,,90,,,,,「うん。新しいポスターに、大きく第二幕って書いて
　あったよ」
13700 ,,,,,,,優哉,優哉,,manaka,,90,,,,,「まさか、そのままどんどん続いていかねえだろうな
　あ……」
13800 ,,,,,,,,,,manaka,,90,,,,,　なんでも今度は、派手に打ち上げ花火もあげるらし
　い。
13900 ,,,,,,,,,,manaka,,90,,,,,　なら最初からやっとけ……という話だが、例年の
　町内祭り程度の賑わいでは、そう贅沢も言えない。
14000 ,,,,,,,,,,manaka,,90,,,,,　今年はＰＲが上手くいったこともあって、
　すごい賑わいだったからな……。
14100 ,,,,,,,優哉,優哉,,manaka,,90,,,,,「お前さ、今度の祭りのときも浴衣着てこいよ。
　あれ、すげえ似合ってたから」
14200 ,,,,,,,愛歌,愛歌,01man527_011.wav,manaka,,0,,,,,「ほんとっ？　でもまだ、お母さんの力を借りないと、
　ひとりで着付けできないの……」
14300 ,,,,,,,優哉,優哉,,manaka,,0,,,,,「着物で着付けの話はよく聞くけど、浴衣でも
　着付けって面倒なのか？」
14400 ,,,,,,,愛歌,愛歌,01man527_012.wav,manaka,,42,,,,,「うん。帯の伊達締めがねー。
　旅館で宿泊したときに着る浴衣とは違うから……」
14500 ,,,,,,,優哉,優哉,,manaka,,42,,,,,「へえ、女ってのは大変なんだなあ。色々と……」
14600 ,,,,,,,愛歌,愛歌,01man527_013.wav,manaka,,0,,,,,「でも嬉しい……似合ってるって言ってもらえて。
　あれね、お母さんが若い頃に着てたんだって♪」
14700 ,,,,,,,優哉,優哉,,manaka,,0,,,,,「なるほど、そういうことか……お前にもよく似合う
　わけだ」
14800 ,,,,,,,愛歌,愛歌,01man527_014.wav,manaka,,3,,,,,「……今、お母さんの話をしてふと思ったんだけど」
14900 ,,,,,,,優哉,優哉,,manaka,,3,,,,,「まさか、またどこかで監視してないだろうな？
　秋香さん……」
15000 ,,,,,,,,,,manaka,,3,,,,,　二人で辺りをキョロキョロと見回し、それらしい
　人影がないことを確認する。
15100 ,,,,,,,優哉,優哉,,manaka,,3,,,,,「ま、気にしててもしょうがねえから行こうぜ」
15200 ,,,,,,,愛歌,愛歌,01man527_015.wav,manaka,,42,,,,,「そだね。せっかくのデートだし……」
15300 ,,,,,,,優哉,優哉,,manaka,,42,,,,,「お前、どこか行きたいところはあるか？
　そこら辺で適当に飯を食ってもいいんだが……」
15400 ,,,,,,,愛歌,愛歌,01man527_016.wav,manaka,,1,,,,,「あっ！　最近、この辺にできたケーキ屋さんに
　行ってみたいなー」
15500 ,,,,,,,優哉,優哉,,manaka,,1,,,,,「ケーキ屋って、まさか……あ、おい！
　待てって、愛歌！」
15800 ,,<!move_short>,,,6301,,悠,悠,02yuu527_001.wav,,,,,,,,「あ、いらっしゃいま……」
15900 ,,,,,6301,,,,,,,,,,,,　……やっぱりな。
16000 ,,,,,6301,,,,,,,,,,,,　よりによって最悪なヤツに……。
16200 ,,,,,6302,,悠,悠,02yuu527_002.wav,,,,,,,,「うげ、優哉……それに愛歌まで……」
16300 ,,,,,6302,,愛歌,愛歌,01man527_017.wav,,,,,,,,「悠、その格好……」
16400 ,,,,,6302,,悠,悠,02yuu527_003.wav,,,,,,,,「あ、これはここのお店の制服で、私の趣味には
　関係なく……」
16500 ,,,,,6302,,愛歌,愛歌,01man527_018.wav,,,,,,,,「すごくかわいー▼　いいなあ、私も着てみたいよー」
16600 ,,,,,6302,,,,,,,,,,,,　思わぬ愛歌の食いつきに、悠も照れ臭そうだ。
16700 ,,,,,6302,,悠,悠,02yuu527_004.wav,,,,,,,,「ていうか、あんたたちなんの用？
　温泉部で温泉に入るのは明日でしょ？」
16800 ,,,,,6302,,優哉,優哉,,,,,,,,,「今日は普通に愛歌とケーキ食いにきた」
16900 ,,,,,6302,,悠,悠,02yuu527_005.wav,,,,,,,,「あら、もしかしてデートとか？」
17000 ,,,,,6302,,愛歌,愛歌,01man527_019.wav,,,,,,,,「デ、デートじゃないよっ。
　ほんとにそういうのじゃないからっ」
17100 ,,,,,6302,,,,,,,,,,,,　愛歌は両手をぶんぶん振り回して言い、
　そのあとに俺の後ろへ隠れる。
17200 ,,,,,6302,,,,,,,,,,,,　投げっぱなしで俺任せかよ……。
17400 ,,<!move_look>,,12400,,,悠,悠,02yuu527_006.wav,"yuu,waitress",,12,,,,,「……あんたのカノジョ、分かりやすすぎじゃない？」
17500 ,,,,,,,優哉,優哉,,yuu,,12,,,,,「こいつのことは生温かく見守ってやってくれ。
　つーか、ご主人様って呼べよ」
17600 ,,,,,,,悠,悠,02yuu527_007.wav,yuu,,0,,,,,「やーよ。そんなの愛歌に呼んでもらえばいいでしょ」
17700 ,,,,,,,優哉,優哉,,yuu,,0,,,,,「そういう問題じゃねえ。
　ここの店の方針だろ？　客をご主人様と呼ぶのは」
17800 ,,,,,,,悠,悠,02yuu527_008.wav,yuu,,12,,,,,「おかげで変な目的のお客さんが増えたんだからね。
　メイドさん、一緒に写真撮らせてくれませんかーと
　か」
17900 ,,,,,,,優哉,優哉,,yuu,,12,,,,,「ほぉ、それでお前は撮らせてやってるのか？」
18000 ,,,,,,,悠,悠,02yuu527_009.wav,yuu,,1,,,,,「ううん。ケーキを買ってスタンプを集めないと、
　うちでは写真撮影厳禁なの♪」
18100 ,,,,,,,優哉,優哉,,yuu,,1,,,,,「やるな、あの店長……」
18200 ,,,,,,,悠,悠,02yuu527_010.wav,yuu,,0,,,,,「それより頼むなら早く頼んじゃってよ？
　こっちも忙しいんだから」
18300 ,,,,,,,優哉,優哉,,yuu,,0,,,,,「へいへい。俺はお冷やな」
18400 ,,,,,,,悠,悠,02yuu527_011.wav,yuu,,2,,,,,「って、またお冷やかよっ！」
18500 ,,,,,,,,,,yuu,,2,,,,,　相変わらず口の悪い、調教不足なメイドだった……。
18700 ,,<!move_normal>,,12210,,,悠,悠,02yuu527_012.wav,yuu,,1,,,,,「あざーす！」
18800 ,,,,,,,優哉,優哉,,yuu,,1,,,,,「なんだなんだ、あそこの店はメイドのお見送り
　サービスまでついたのか？」
18900 ,,,,,,,悠,悠,02yuu527_013.wav,yuu,,0,,,,,「そういうわけじゃないけど。
　あんたたちのこと、冷やかしてやろうかと思って」
19000 ,,,,,,,優哉,優哉,,yuu,,0,,,,,「あんま、他のヤツらに言うなよ？
　愛歌は騒がれるの苦手なんだから……」
19100 ,,,,,,,悠,悠,02yuu527_014.wav,yuu,,5,,,,,「……ねえ、愛歌。あんた、本当にいいの？」
19200 ,,,,,,,愛歌,愛歌,01man527_020.wav,yuu,,5,manaka,,3,,「え？　なんの話？」
19300 ,,,,,,,悠,悠,02yuu527_015.wav,yuu,,3,manaka,,3,,「だから相手が優哉でよ。あの優哉よ？
　返品不可よ？　色々とネチっこいよ？」
19400 ,,,,,,,優哉,優哉,,yuu,,3,manaka,,3,,「お前なあ……」
19500 ,,,,,,,愛歌,愛歌,01man527_021.wav,yuu,,3,manaka,,90,,「……うん。優哉ちゃんでいいの。
　私、優哉ちゃんじゃないとダメなの▼」
19600 ,,,,,,,,,,yuu,,3,manaka,,90,,　愛歌の答えは、俺も呆気にとられるほどの
　直球勝負だった。
19700 ,,,,,,,,,,yuu,,3,manaka,,90,,　さすがにそれには悠も呆然。
19800 ,,,,,,,,,,yuu,,3,manaka,,90,,　愛歌だけが場の空気を読めずにきょとんとしていた。
19900 ,,,,,,,悠,悠,02yuu527_016.wav,yuu,,12,manaka,,90,,「はあ……優哉、あんたにはもったいない子だわ。
　愛歌は……」
20000 ,,,,,,,優哉,優哉,,yuu,,12,manaka,,90,,「……それは自覚してるよ」
20100 ,,,,,,,悠,悠,02yuu527_017.wav,yuu,,17,manaka,,90,,「幸せにしてやんなよ？
　愛歌のこと泣かせたら、私が許さないかんね」
20200 ,,,,,,,優哉,優哉,,yuu,,17,manaka,,90,,「ああ」
20300 ,,,,,,,悠,悠,02yuu527_018.wav,yuu,,0,manaka,,90,,「ちなみにあんたにも同じこと聞いていい？」
20400 ,,,,,,,優哉,優哉,,yuu,,0,manaka,,90,,「あん？」
20500 ,,,,,,,悠,悠,02yuu527_019.wav,yuu,,0,manaka,,90,,「あんたは……本当に愛歌でいいの？」
20600 ,,,,,,,,,,yuu,,0,manaka,,90,,　その問いに、愛歌は不安そうに俺を見つめてくる。
20700 ,,,,,,,,,,yuu,,0,manaka,,90,,　そんな愛歌の表情を見たからじゃない。
20800 ,,,,,,,,,,yuu,,0,manaka,,90,,　答えは最初から、俺の胸にあった。
20900 ,,,,,,,優哉,優哉,,yuu,,0,manaka,,90,,「俺も愛歌じゃなきゃダメなんだわ」
21000 ,,,,,,,,,,yuu,,0,manaka,,90,,　瞬間、俺と同じ苦笑いを浮かべる悠。
21100 ,,,,,,,,,,yuu,,0,manaka,,90,,　似合わないセリフを言うな、とでも言いたげだった。
21200 ,,,,,,,悠,悠,02yuu527_020.wav,yuu,,12,manaka,,90,,「……バイトに戻るわ。
　あんたたちも明日はきちんと部活に顔出すのよ？」
21300 ,,,,,,,優哉,優哉,,,,,manaka,,90,,「了解。お前もバイトがんばれよ」
21400 ,,,,,,,愛歌,愛歌,01man527_022.wav,,,,manaka,,1,,「うんっ。悠、アルバイトがんばってね」
21500 ,,,,,,,,,,,,,manaka,,1,,　それには背中を向け、悠は手だけをかざして見せる。
21600 ,,,,,,,,,,,,,manaka,,1,,　店に向かって歩き出す悠の後ろ姿は、
　どこか寂しげだった。
21700 ,,,,,,,優哉,優哉,,,,,manaka,,1,,「さて、俺たちも行くか」
21800 ,,,,,,,,,,,,,manaka,,1,,　元気に頷く愛歌の腕を引き、俺たちもぶらぶらと街を
　歩き始めた。
22100 ,,<!timepass_day_long>,,12101,,,愛歌,愛歌,01man527_023.wav,manaka,,0,,,,,「色々と回ってるうちに、日も傾いてきちゃったねー」
22200 ,,,,,,,優哉,優哉,,manaka,,0,,,,,「だな。さすがにちょっと疲れたろ？」
22300 ,,,,,,,愛歌,愛歌,01man527_024.wav,manaka,,1,,,,,「ううん、平気。
　でも楽しい時間ってすぐに過ぎちゃうね……」
22400 ,,,,,,,,,,manaka,,1,,,,,　人混みに疲れ、のんびりと竹林の中を歩く。
22500 ,,,,,,,,,,manaka,,1,,,,,　微かな風にのって香る竹の匂いが、すっと心を
　軽くしてくれる。
22600 ,,,,,,,優哉,優哉,,manaka,,1,,,,,「ここもよく、二人で山の方を探検しに行くのに
　通ったよな」
22700 ,,,,,,,愛歌,愛歌,01man527_025.wav,manaka,,42,,,,,「優哉ちゃん、山へ探検に行くのが好きだったもんね。
　私は……本当は怖くてイヤだったけど……」
22800 ,,,,,,,優哉,優哉,,manaka,,42,,,,,「今は探検ごっことかしてる子供いないんだろうな。
　物騒な世の中になっちまったし……」
22900 ,,,,,,,愛歌,愛歌,01man527_026.wav,manaka,,3,,,,,「そうだね……外で遊んでる子供も少なくなっちゃった
　よね……」
23000 ,,,,,,,,,,manaka,,3,,,,,　目を閉じると、幼い頃の自分たちが元気にここを
　走っていく姿が思い浮かんだ。
23100 ,,,,,,,,,,manaka,,3,,,,,　当時の俺たちにとっては、この自然の中で体験する
　こと全てが教科書代わりだった。
23200 ,,,,,,,愛歌,愛歌,01man527_027.wav,manaka,,0,,,,,「ここの奥だったよね？
　私たちがハチの大群に襲われたの……」
23300 ,,,,,,,優哉,優哉,,manaka,,0,,,,,「あれはお前がハチの巣にぶつかって、
　無関係な俺まで襲われたんだろうが」
23400 ,,,,,,,愛歌,愛歌,01man527_028.wav,manaka,,5,,,,,「だって、そばにハチの巣があるなんて気付かなくっ
　て……」
23500 ,,,,,,,優哉,優哉,,manaka,,5,,,,,「スズメバチだったら死んでたけどな。俺ら……」
23600 ,,,,,,,愛歌,愛歌,01man527_029.wav,manaka,,42,,,,,「……優哉ちゃん、途中で転んじゃった私の上に
　覆い被さって、ハチから守ってくれたんだよね」
23700 ,,,,,,,優哉,優哉,,manaka,,42,,,,,「あれは俺が＜躓＝つまず＞いた先にお前がコケてただけな」
23800 ,,,,,,,愛歌,愛歌,01man527_030.wav,manaka,,0,,,,,「そうやって当時の優哉ちゃんは言ってたけど♪」
23900 ,,,,,,,,,,manaka,,0,,,,,　愛歌はひとつだけ、当時のことで俺に秘密にしている
　ことがあった。
24000 ,,,,,,,,,,manaka,,0,,,,,　ハチの大群に襲われて全身を刺され、俺はしばらく
　気を失っていた。
24100 ,,,,,,,,,,manaka,,0,,,,,　目を覚ましたのは、俺の名前を呼ぶ愛歌の声が
　聞こえたからだった。
24300 ,,<!scene_past_begin>,0,12101,,#sep,愛歌,愛歌,01man527_031.wav,,,,,,,,「ひっく、やだよぉ……優哉ちゃん、目を開けてっ。
　優哉ちゃんっ……優哉ちゃんってばぁっ」
24400 ,,,,,,#sep,,,,,,,,,,,　朦朧とした意識でその声を聞いていた中、愛歌は
　涙の雫を落としながら俺に唇を重ねてきていた。
24500 ,,,,,,#sep,,,,,,,,,,,　それが俺たちの……本当のファーストキスだった。
24600 ,,<!scene_past_end>,9,,,,,,,,,,,,,,　そのことを愛歌の口からは聞いていないし、
　俺も恥ずかしくて口には出せなかった。
24700 ,,,,,,,優哉,優哉,,,,,,,,,「……ついでに吊り橋の方も行ってみるか」
24800 ,,,,,,,,,,,,,,,,,　秘密は秘密のままでいい。
24900 ,,,,,,,,,,,,,,,,,　愛歌が自分から話す日が来るまで、
　俺は黙っていようと決めていた。
25200 ,,<!move_normal><!se_ch_keitai_ring>,,14301,,,愛歌,愛歌,01man527_032.wav,manaka,,0,,,,,「あ……お母さんからだ」
25300 ,,<se_stop id=1>,,,,,,,,manaka,,0,,,,,　着信を知らせる携帯を手に取り、
　愛歌はそれを耳元に当てる。
25500 ,,<!se_keitai_pi>,,,,,愛歌,愛歌,01man527_033.wav,manaka,,3,,,,,「どうしたの、お母さん？」
25600 ,,,,,,,愛歌,愛歌,01man527_034.wav,manaka,,3,,,,,「…………あれ？　もしもし？　お母さん？」
25700 ,,,,,,,優哉,優哉,,manaka,,3,,,,,「どうした？」
25800 ,,,,,,,愛歌,愛歌,01man527_035.wav,manaka,,42,,,,,「うん、また携帯の調子が悪くなったみたい」
25900 ,,,,,,,優哉,優哉,,manaka,,42,,,,,「ああ、前にそんな話をしてたよな」
26000 ,,,,,,,愛歌,愛歌,01man527_036.wav,manaka,,5,,,,,「つながるときはつながるんだけど……もぉ、
　気まぐれで困っちゃう」
26100 ,,,,,,,優哉,優哉,,manaka,,5,,,,,「俺の携帯でかけてみるか？」
26200 ,,,,,,,愛歌,愛歌,01man527_037.wav,manaka,,42,,,,,「あ、ううん。平気……きっと、デートは上手く
　いってる～？　とかだから」
26300 ,,,,,,,優哉,優哉,,manaka,,42,,,,,「そっか……」
26400 ,,,,,,,,,,manaka,,42,,,,,　周囲の緑が深まるにつれ、自然と会話が少なく
　なっていく。
26500 ,,,,,,,,,,manaka,,42,,,,,　二人で過ごす時間も終わりが近づき、それを惜しむ
　ように歩みが遅くなっていった。
26600 ,,,,,,,,,,manaka,,42,,,,,　そして吊り橋の中ほどまで来たところで、愛歌の
　足が止まる。
26700 ,,,,,,,優哉,優哉,,manaka,,42,,,,,「この辺にしてそろそろ帰るか？」
26800 ,,,,,,,,,,manaka,,42,,,,,　愛歌は首を横に振り、正面から俺に抱きついてきた。
26900 ,,,,,,,愛歌,愛歌,01man527_038.wav,manaka,,5,,,,,「……私、帰りたくないな」
27000 ,,,,,,,優哉,優哉,,manaka,,5,,,,,「！？」
27100 ,,,,,,,愛歌,愛歌,01man527_039.wav,manaka,,3,,,,,「このままずっと優哉ちゃんのそばにいたいよ……」
27200 ,,,,,,,優哉,優哉,,manaka,,3,,,,,「バカ。そんなこと言われたら、お前のこと抱きたく
　なっちまうだろ」
27300 ,,,,,,,,,,manaka,,3,,,,,　愛歌の抵抗はない。
27400 ,,,,,,,,,,manaka,,3,,,,,　逆に俺へ身を委ね、その足はこれまで来た道を
　引き返そうとしなかった。
27500 ,,,,,,,優哉,優哉,,manaka,,3,,,,,「愛歌、俺は本気で言ってるんだぜ？」
27600 ,,,,,,,愛歌,愛歌,01man527_040.wav,manaka,,6,,,,,「うん……今日は私のこと、優哉ちゃんの好きにして
　いいよ」
27700 ,,,,,,,,,,manaka,,6,,,,,　その言葉が、完全に俺の理性を麻痺させていた。
27800 ,,,,,,,,,,manaka,,6,,,,,　ひとたび抱き返してしまうと、後戻りはできなくな
　る。
27900 ,,,,,,,,,,manaka,,6,,,,,　熱く潤んだ瞳が、激しく情欲を誘う。
28190 ,,<!Lend_move>,0,9000,,,,,,,,,,,,,
28200 ,@528,,,,,,,,,,,,,,,,■■■愛歌Ｈ２回目■■■
28700 ,,<!Lbegin_move>,13,14401,,,愛歌,愛歌,01man528_001.wav,"manaka,coat",,3,,,,,「優哉ちゃん……本当にこんなところでするの？」
28800 ,,,,,,,優哉,優哉,,manaka,,3,,,,,「悪い。これ以上、我慢できそうにない……」
28900 ,,,,,,,,,,manaka,,3,,,,,　若気の至り全開で愛歌を森の茂みに誘い、人目がない
　ことを確認した上で抱擁を始める。
29000 ,,,,,,,,,,manaka,,3,,,,,　鼻息を吹きかけながら股間を擦りつけていると、不意
　に愛歌の手が俺のモノに触れた。
29100 ,,,,,,,愛歌,愛歌,01man528_002.wav,manaka,,6,,,,,「あ……ごめんね、触っちゃって……」
29200 ,,,,,,,優哉,優哉,,manaka,,6,,,,,「いや、それ気持ちいい。
　もう少し触っててくれるか？」
29300 ,,,,,,,愛歌,愛歌,01man528_003.wav,manaka,,42,,,,,「うん……優哉ちゃんが気持ちいいなら……」
29400 ,,,,,,,優哉,優哉,,manaka,,42,,,,,「それと、できれば直接……」
29500 ,,,,,,,愛歌,愛歌,01man528_004.wav,manaka,,2,,,,,「ええっ？　直接って……私の手で？」
29600 ,,,,,,,優哉,優哉,,manaka,,2,,,,,「さすがに無理か？」
29700 ,,,,,,,愛歌,愛歌,01man528_005.wav,manaka,,3,,,,,「無理っていうか……上手く触れるかなって……」
29800 ,,,,,,,優哉,優哉,,manaka,,3,,,,,「大丈夫、ただ握ってくれてるだけでいいから……」
30000 ,,,,,,,愛歌,愛歌,01man528_006.wav,manaka,,15,,,,,「あっ……」
30100 ,,,,,,,,,,manaka,,15,,,,,　ズボンの締めつけから解放され、外界へと飛び出す
　半勃起状態のペニス。
30200 ,,,,,,,,,,manaka,,15,,,,,　僅かに余った皮が、とっくりのように亀頭の何割かを
　覆っている。
30300 ,,,,,,,,,,manaka,,15,,,,,　それを愛歌は、おっかなびっくりの手つきでやんわり
　握ってきた。
30400 ,,,,,,,愛歌,愛歌,01man528_007.wav,manaka,,3,,,,,「……こうやって握ってるだけでいいの？」
30500 ,,,,,,,優哉,優哉,,manaka,,3,,,,,「握る以外のこともお願いしたらしてくれるのか？」
30600 ,,,,,,,愛歌,愛歌,01man528_008.wav,manaka,,5,,,,,「それは……内容にもよるけど……」
30700 ,,,,,,,優哉,優哉,,manaka,,5,,,,,（なら、ダメ元で言ってみるかな）
30800 ,,,,,,,,,,manaka,,5,,,,,　お願いする前に軽く唇を奪い、放心した表情に囁きか
　ける。
30900 ,,,,,,,優哉,優哉,,manaka,,5,,,,,「できれば、愛歌の口で気持ちよくしてほしい……」
31000 ,,,,,,,愛歌,愛歌,01man528_009.wav,manaka,,3,,,,,「お口で……優哉ちゃんのを？」
31100 ,,,,,,,,,,manaka,,3,,,,,　目線を落とした愛歌は、無意識からか唇を湿らせて
　その場で固まってしまう。
31200 ,,,,,,,,,,manaka,,3,,,,,　十秒ほどの沈黙。
31300 ,,,,,,,,,,manaka,,3,,,,,　そして両手をぎゅっと握り、愛歌はうんうんと自分に
　何かを言い聞かせるように頷いた。
31400 ,,,,,,,愛歌,愛歌,01man528_010.wav,manaka,,90,,,,,「……私、やってみる」
31500 ,,,,,,,優哉,優哉,,manaka,,90,,,,,「愛歌、別に無理はしなくたって……」
31600 ,,,,,,,,,,manaka,,90,,,,,　半ば冗談で言ったことだったのに、愛歌はすっかり
　覚悟完了した様子。
31700 ,,,,,,,,,,manaka,,90,,,,,　その度胸の良さに、思わずこちらが＜狼狽＝うろた＞えてしまう。
31800 ,,,,,,,,,,manaka,,90,,,,,　そうしている間にも愛歌は、その濡れた唇を俺のモノ
　に近づけ、
32080 ,,<!scene_h_begin>,,,201231,,,,,,,,,,,,
32090 ,*mem,,,,,,,,,,,,,,,,
32100 ,,,13,,201231,,愛歌,愛歌,01man528_011.wav,,,,,,,,「あむっ……ちゅっ……ん……ゆーやひゃん、いふぁふ
　ない？　ちゅぅっ、んふ……ちゅっ、ちゅぅっ……」
32200 ,,,,,201231,,,,,,,,,,,,　股間の先に奔る甘い痺れ。
32300 ,,,,,201231,,,,,,,,,,,,　僅かに湿った唇がその形を変え、亀頭に被さっていた
　余り皮をゆっくりと剥いていく。
32400 ,,,,,201231,,優哉,優哉,,,,,,,,,「くっ、愛歌っ」
32500 ,,,,,201231,,,,,,,,,,,,　俺の出した声に驚いたのか、亀頭だけを口に含んで
　動きを止める愛歌。
32600 ,,,,,201231,,,,,,,,,,,,　その状態で血管の浮き上がったサオを優しく撫で、
　心配そうにこちらを見つめてくる。
32700 ,,,,,201231,,愛歌,愛歌,01man528_012.wav,,,,,,,,「ん……ゆーやひゃん、ちゅっぽ……わらひ……」
32800 ,,,,,201231,,優哉,優哉,,,,,,,,,「待ったっ。咥えながら話すのはヤバいっ」
32900 ,,,,,201231,,愛歌,愛歌,01man528_013.wav,,,,,,,,「ちゅっ、ぢゅぽっ、んっ……やふぁい？
　ろーふぃふぁの？　ゆーやふゃん……」
33000 ,,,,,201231,,優哉,優哉,,,,,,,,,「だからっ……うっあ！？」
33100 ,,,,,201231,,,,,,,,,,,,　愛歌が何かを話そうとすると舌が裏筋の辺りにひた
　ひたと触れ、その刺激で括約筋が締まっていく。
33200 ,,,,,201231,,,,,,,,,,,,　すると愛歌は不思議そうに首を傾げ、生温かい唾液
　の中で亀頭をゆるゆる泳がし始めた。
33300 ,,,,,201231,,愛歌,愛歌,01man528_014.wav,,,,,,,,「ちゅっ、ちゅぽっ、ぢゅるっ……ん……ゆーやひゃん
　の……ろんろん、おおふぃふなっふぇる……ちゅっ、
　ぢゅるるっ……」
33400 ,,,,,201231,,愛歌,愛歌,01man528_015.wav,,,,,,,,「ちゅぅっ、ちゅっぽ……ちゅぽっ……ん、ちゅぅっ、
　ちゅぽっ……ぢゅるるっ、ちゅぅっ、ちゅっぽ、
　ぢゅるるるっ……」
33500 ,,,,,201231,,,,,,,,,,,,　跳ね上がるペニスを唇で締めつけ、気が遠くなるよう
　な長い吸引が続く。
33600 ,,,,,201231,,,,,,,,,,,,　ただひたすら亀頭だけを口に含み、息継ぎのたびに
　口腔が狭められていくのが堪らなかった。
33700 ,,,,,201231,,,,,,,,,,,,　派手さはないが、ペニスの扱いがとにかく丁寧で優し
　い。
33800 ,,,,,201231,,優哉,優哉,,,,,,,,,「愛歌、変なこと聞くけどさ……男のを＜咥＝くわ＞えるのなんて
　初めてだよな？」
33900 ,,,,,201231,,愛歌,愛歌,01man528_016.wav,,,,,,,,「んっ、ちゅっぽ……はあっ……うん……ごめんね、
　上手くできなくて……」
34000 ,,,,,201231,,優哉,優哉,,,,,,,,,「どっちかというとかなり上手いと思うんだが……」
34100 ,,,,,201231,,愛歌,愛歌,01man528_017.wav,,,,,,,,「えー、さっきからずっと必死だよー。
　近くで見ると優哉ちゃんのおっきくって……ちゃんと
　お口に入るかなぁとか……」
34200 ,,,,,201231,,,,,,,,,,,,　話している間も我が子を＜愛＝め＞でるように亀頭を撫で、
　愛歌は熱視線を送ってくる。
34300 ,,,,,201231,,優哉,優哉,,,,,,,,,（なんていうか……尽くされてる感がすごいな、これ）
34400 ,,,,,201231,,,,,,,,,,,,　ある意味、普通にセックスするよりもずっと愛を感じ
　てしまう。
34500 ,,,,,201231,,,,,,,,,,,,　いくら好きな相手のとはいえ、なかなか小便を排出す
　る器官を咥えられるものじゃない。
34600 ,,,,,201231,,,,,,,,,,,,　もし俺が逆の立場なら、だが。
34700 ,,,,,201231,,優哉,優哉,,,,,,,,,「男の俺が言うのもなんだけど、すごいよな。
　こんなの口の中に入れられるなんて……」
34800 ,,,,,201231,,愛歌,愛歌,01man528_018.wav,,,,,,,,「……どうして？
　こんなのって、優哉ちゃんのだし……」
34900 ,,,,,201231,,優哉,優哉,,,,,,,,,「でもおしっこが出るところだぜ？
　汚いとか汗臭いとか思わないのかな……ってさ」
35000 ,,,,,201231,,愛歌,愛歌,01man528_019.wav,,,,,,,,「そんなこと思わないよー。
　だって優哉ちゃんの身体の一部だもん」
35200 ,,,,,201231,,愛歌,愛歌,01man528_020.wav,,,,,,,,「それに汚れてたら……あむっ、ちゅっ、ちゅっぽ、
　んっ……こうやっふぇ……ふぃれいに……ちゅっ、
　ちゅぽっ、ちゅぽっ、ちゅっ、ちゅっぽ……」
35300 ,,,,,201231,,愛歌,愛歌,01man528_021.wav,,,,,,,,「んっ……ちゅぽっ、ちゅっぽ、ちゅっ、ちゅっぽ、
　んん、ちゅぅっ……ちゅぽっ、ちゅぅっ、ちゅぽっ、
　ぢゅるるっ……」
35400 ,,,,,201231,,,,,,,,,,,,　初めて愛歌の頭が大きく振れ、唇がサオの中程まで
　滑ってくる。
35500 ,,,,,201231,,,,,,,,,,,,　本人は根本まで咥えようとしていたようだが、小さな
　口ではそこまで含みきることができなかった。
35600 ,,,,,201231,,優哉,優哉,,,,,,,,,「無理して奥まで咥えないでいいよ」
35800 ,,,,,201231,,愛歌,愛歌,01man528_022.wav,,,,,,,,「んっ、ちゅっぽ……れもっ、ゆーやひゃんのっ……
　あむっ、ちゅっ、ぢゅるっ、ぢゅぅっ、んんっ……
　んっん、ぢゅっ、んっんん！？」
35900 ,,,,,201231,,,,,,,,,,,,　奥まで咥えすぎて＜噎＝む＞せ返り、涙目で俺を見る愛歌。
36000 ,,,,,201231,,,,,,,,,,,,　言葉はかけずに髪を撫でていると、申し訳なさそうに
　口から俺のモノを出した。
36100 ,,,,,201231,,愛歌,愛歌,01man528_023.wav,,,,,,,,「はあ……はあ……これじゃ、フランクフルトにしない
　とダメだよ……」
36200 ,,,,,201231,,優哉,優哉,,,,,,,,,「は？　なんだよ、フランクフルトって……」
36300 ,,,,,201231,,愛歌,愛歌,01man528_024.wav,,,,,,,,「ああっ、なんでもないっ。
　フランクフルトっておいしいよね！」
36400 ,,,,,201231,,優哉,優哉,,,,,,,,,「何か隠してるな……正直に言え」
36500 ,,,,,201231,,,,,,,,,,,,　ペニスの先で愛歌の顎をくっとすくい、わざと乱暴に
　髪を掴む。
36600 ,,,,,201231,,,,,,,,,,,,　すると愛歌は弱々しく服従した眼差しを向け、
36700 ,,,,,201231,,愛歌,愛歌,01man528_025.wav,,,,,,,,「お母さんが……私は真面目すぎて、つまらない女だと
　思われそうだからって……」
36800 ,,,,,201231,,優哉,優哉,,,,,,,,,「ま～た、秋歌さんに何か吹きこまれたのか？」
36900 ,,,,,201231,,愛歌,愛歌,01man528_026.wav,,,,,,,,「優哉ちゃんのはバナナぐらいだと思うから、それで
　練習しときなさいって……」
37000 ,,,,,201231,,優哉,優哉,,,,,,,,,「れ、練習ってまさか……これのか？」
37100 ,,,,,201231,,愛歌,愛歌,01man528_027.wav,,,,,,,,「だって、お母さんが脅かすんだもんっ。
　私みたいな性格だと、男の人にはマグロって言われて
　すぐ浮気されちゃうとか……」
37200 ,,,,,201231,,優哉,優哉,,,,,,,,,「……娘になんちゅー教育をするかな、あの人も」
37300 ,,,,,201231,,愛歌,愛歌,01man528_028.wav,,,,,,,,「だから私……優哉ちゃんにマグロって思われるのは
　イヤだなって思って……」
37400 ,,,,,201231,,優哉,優哉,,,,,,,,,「それで俺のために、バナナで練習してくれたわけか」
37500 ,,,,,201231,,愛歌,愛歌,01man528_029.wav,,,,,,,,「でもっ、バナナはこんなにおっきくなかっ……た……
　です……」
37600 ,,,,,201231,,優哉,優哉,,,,,,,,,「なるほど。それで今度はフランクフルトを練習台に
　しよう、と」
37700 ,,,,,201231,,愛歌,愛歌,01man528_030.wav,,,,,,,,「私、マグロになるのはイヤだもんっ。
　マグロってどういう意味なのか知らないけどっ……」
37800 ,,,,,201231,,,,,,,,,,,,　愛歌の性格を考えると、よほど真剣にバナナで特訓し
　たんだろうな……と容易に想像はつく。
37900 ,,,,,201231,,,,,,,,,,,,　マグロだろうが何だろうが、俺が浮気をするなんて
　ありえないのに……。
38000 ,,,,,201231,,優哉,優哉,,,,,,,,,「でもそれならフランクフルトなんて必要ないな」
38100 ,,,,,201231,,愛歌,愛歌,01man528_031.wav,,,,,,,,「え……どうして？
　バナナじゃ、小さすぎて練習にならないよ」
38200 ,,,,,201231,,優哉,優哉,,,,,,,,,「練習するなら、これで練習すればいいし」
38300 ,,,,,201231,,愛歌,愛歌,01man528_032.wav,,,,,,,,「これって……ええっ！？　これぇっ！？」
38400 ,,,,,201231,,優哉,優哉,,,,,,,,,「その場で俺の反応も見られて一石二鳥だろ？」
38500 ,,,,,201231,,愛歌,愛歌,01man528_033.wav,,,,,,,,「……本当にいいの？
　優哉ちゃんので練習しちゃって……」
38600 ,,,,,201231,,優哉,優哉,,,,,,,,,「この際、気が済むまで思う存分練習してくれ」
38700 ,,,,,201231,,優哉,優哉,,,,,,,,,「ちなみにバナナでは、一回でどのぐらい練習したん
　だ？」
38800 ,,,,,201231,,愛歌,愛歌,01man528_034.wav,,,,,,,,「えっと……３時間ぐらい……」
38900 ,,,,,201231,,優哉,優哉,,,,,,,,,「うへぇ」
39000 ,,,,,201231,,愛歌,愛歌,01man528_035.wav,,,,,,,,「あの……私、頑張っていっぱい練習するねっ。
　優哉ちゃんに喜んでもらえるように」
39100 ,,,,,201231,,優哉,優哉,,,,,,,,,「い、いっぱい練習って……ちょっ！？」
39400 ,,,,,201232,,愛歌,愛歌,01man528_036.wav,,,,,,,,「あむっ……ちゅっ、ちゅぽっ……ぢゅるっ、ぢゅっ、
　ぢゅぅっ……ぢゅぽっ……ぢゅるるっ……」
39500 ,,,,,201232,,愛歌,愛歌,01man528_037.wav,,,,,,,,「ん、ちゅぅっ、ちゅっぽ、ぢゅるっ……んふ……
　ちゅぅっ、ちゅっぽ、ちゅぽっ、ぢゅるるっ……」
39600 ,,,,,201232,,優哉,優哉,,,,,,,,,「ああっ、愛歌っ」
39700 ,,,,,201232,,,,,,,,,,,,　情けなく声が洩れ、咄嗟に愛歌の頭を抱えこんでしま
　う。
39800 ,,,,,201232,,,,,,,,,,,,　表情を見ているとそれだけでイキそうになった。
39900 ,,,,,201232,,,,,,,,,,,,　嫌な顔ひとつせず、本当に満たされた様子で俺のを
　咥えるものだから。
40200 ,,,,,201231,,愛歌,愛歌,01man528_038.wav,,,,,,,,「んっ、ちゅっぽん……ん……優哉ちゃん、私のどうか
　な？　ここはこうした方がいい、みたいのある？」
40300 ,,,,,201231,,優哉,優哉,,,,,,,,,「ふん、まだまだ未熟だな」
40400 ,,,,,201231,,,,,,,,,,,,正直、いっぱいいっぱいだった。
40700 ,,,,,201232,,愛歌,愛歌,01man528_039.wav,,,,,,,,「あ……先っぽから何か溢れてきてる……あむっ、
　ちゅぅっ、ちゅっぱ、ちゅぅぅぅっ、ちゅぅぅぅっ」
40800 ,,,,,201232,,優哉,優哉,,,,,,,,,「おぉぉぉぉぉぉっ」
40900 ,,,,,201232,,,,,,,,,,,,　先走ったカウパーに気付いた愛歌は、頬を窪ませて
　キツくストロー吸いしてくる。
41000 ,,,,,201232,,,,,,,,,,,,　腹に力を入れていないと、そのまま精液まで吸い出さ
　れそうな勢いだった。
41300 ,,,,,201231,,愛歌,愛歌,01man528_040.wav,,,,,,,,「ちゅっぽ、ぢゅぅっ……ゆーやひゃんは……ふぁひっ
　ほがひもひい？　ちゅるっ、ちゅぽっ、ちゅぽっ、
　ちゅぽっ、ちゅるるっ……」
41400 ,,,,,201231,,,,,,,,,,,,　コクコクと小さく頭を動かし、窄められた唇が亀頭の
　段差に引っかかり始める。
41500 ,,,,,201231,,,,,,,,,,,,　見慣れた愛歌の口から自分の生殖器が出入りしている
　様には、未だ慣れることができない。
41800 ,,,,,201232,,愛歌,愛歌,01man528_041.wav,,,,,,,,「ん、ちゅぽっ……んっ……ぬぽっ、ぬっぽ、ぬぽっ、
　んっ、ちゅぅっ、ちゅぽっ……ぬぽっ、んぽっ、
　ぬっぽ、ぬぽっ……」
41900 ,,,,,201232,,優哉,優哉,,,,,,,,,「くっ……愛歌、その音はっ……」
42000 ,,,,,201232,,,,,,,,,,,,　愛歌がカリ首に執着し始めたことで、これまでとは
　違う口の中で＜籠＝こ＞もるような吸音が聞こえてきた。
42100 ,,,,,201232,,,,,,,,,,,,　堪らず腰を引くと身を乗り出して口腔を締め、俺の
　陰毛に指を絡めてくる。
42200 ,,,,,201232,,優哉,優哉,,,,,,,,,（なんか……こうしてる間にもどんどん上手くなって
　ないか？）
42300 ,,,,,201232,,,,,,,,,,,,　当然、イヤイヤやらされているのと、自分から進んで
　やっている違いもあるだろう。
42400 ,,,,,201232,,,,,,,,,,,,　そしてやはり愛歌の世話好きな性格。
42500 ,,,,,201232,,,,,,,,,,,,　これから先、ますます口淫が上達していくことは
　予知能力などなくても明らかだった。
42800 ,,,,,201231,,愛歌,愛歌,01man528_042.wav,,,,,,,,「ちゅぅっ、ちゅぽっ……ゆーやひゃんの……ろんろん
　とふぇてふぃふぇるお？」
43100 ,,,,,201234,,愛歌,愛歌,01man528_043.wav,,,,,,,,「あむっ、ちゅぅっ、ちゅぽっ、ちゅぽっ、ちゅぽっ、
　ちゅぅぅっ、ちゅっぽ、ちゅぽっ、ちゅぽっ……」
43200 ,,,,,201234,,優哉,優哉,,,,,,,,,「うっあ、無理無理無理っ。
　そんなに先っぽばっかり吸ったらっ……」
43400 ,,,,,201234,,愛歌,愛歌,01man528_044.wav,,,,,,,,「ん、ちゅぅっ……ゆーやひゃんのふぁふぃっふぉ、
　おっふぃふて……んっ、ちゅっ、ちゅっぽ、ちゅっ、
　ちゅぽっ、ちゅぽっ、ちゅぅぅっ、ちゅっぽ……」
43500 ,,,,,201234,,,,,,,,,,,,　木材に刺さった釘を抜くように唇をカリ首に引っか
　け、愛歌は顔を起こしていく。
43600 ,,,,,201234,,,,,,,,,,,,　それでいて手はサオの余った皮を根本へ集め、皮膚が
　張りつめた状態でさらに亀頭を締め上げられた。
43700 ,,,,,201234,,優哉,優哉,,,,,,,,,「あー……それ、気持ちいい」
43800 ,,,,,201234,,愛歌,愛歌,01man528_045.wav,,,,,,,,「ちゅぅぅっ……ちゅぽっ、ちゅぽっ、ちゅぅっ、
　ちゅっぽ、ちゅぽっ、ちゅっ、ちゅっぽ……」
43900 ,,,,,201234,,,,,,,,,,,,　頷いた愛歌は積極的に頭を振って亀頭を＜舐＝ねぶ＞ってくる。
44000 ,,,,,201234,,,,,,,,,,,,　髪が口元にかかって邪魔にならないよう首の後ろに
　流してやると、真っ白なうなじが俺を釘付けにした。
44100 ,,,,,201234,,,,,,,,,,,,　体温計代わりに愛歌の腋へ手を差しこみ、二の腕と
　一緒に汗ばんだ腋壺を揉んでやる。
44200 ,,,,,201234,,,,,,,,,,,,　愛歌はくすぐったそうに身悶えしながら、亀頭を浅め
　に咥え直す。
44500 ,,,,,201233,,愛歌,愛歌,01man528_046.wav,,,,,,,,「んっ、ちゅくちゅくちゅくちゅくちゅく、ちゅぅっ、
　ちゅぽっ……ぢゅっぢゅっぢゅっぢゅっぢゅっぢゅっ
　ぢゅぅぅっ……」
44600 ,,,,,201233,,優哉,優哉,,,,,,,,,「あぁぁぁぁぁぁ～～～っ……」
44700 ,,,,,201233,,,,,,,,,,,,　刺すような痛みと脳天を衝くような気持ちよさ。
44800 ,,,,,201233,,,,,,,,,,,,　舌先で尿道口をかき割られ、執拗なまでに先走りを
　吸い出された。
44900 ,,,,,201233,,,,,,,,,,,,　そして教えてもいないのに手でサオを扱き出し、さら
　なるカウパーのおねだりを始める。
45000 ,,,,,201233,,愛歌,愛歌,01man528_047.wav,,,,,,,,「ん、ちゅっ……ゆーやふゃん……しょっふぁいの、
　まられる？　んん、ちゅっ、ちゅぽっ、ちゅぅっ」
45100 ,,,,,201233,,優哉,優哉,,,,,,,,,「愛歌が吸ってくれればもっと出るよ」
45200 ,,,,,201233,,愛歌,愛歌,01man528_048.wav,,,,,,,,「んっ、あむっ、ちゅっ、ちゅぱちゅぱちゅぱちゅぱ
　ちゅぱ、ちゅぅぅっ、ちゅっ、ちゅぱちゅぱちゅぱ
　ちゅぱちゅぱ、ぢゅぅぅぅっ……」
45300 ,,,,,201233,,優哉,優哉,,,,,,,,,「もっと……もっと吸ってっ」
45400 ,,,,,201233,,愛歌,愛歌,01man528_049.wav,,,,,,,,「ちゅぅぅっ、ちゅっ、ちゅるっ、ぢゅっ、ぢゅぅっ、
　ぢゅるるっ、ぢゅるっ、ぢゅるるっ、ぢゅぅっ……」
45500 ,,,,,201233,,,,,,,,,,,,　愛歌の髪を＜毟＝むし＞るように掴み、目一杯腹に力を入れて
　射精を堪えた。
45600 ,,,,,201233,,,,,,,,,,,,　吸引を続けることで顔のラインがシャープになり、
　アヒルのように唇が尖らされる。
45700 ,,,,,201233,,,,,,,,,,,,　汗で髪が張りついた首筋からは、今にも愛歌の肉臭が
　匂ってきそうだった。
45800 ,,,,,201233,,,,,,,,,,,,　再び腋壺に手を差しこむと、今度は恥ずかしそうに
　腋を締めてくる。
46000 ,,,,,201233,,愛歌,愛歌,01man528_050.wav,,,,,,,,「んっ、ふっん、んんっ……ゆーやひゃ……そふぉは
　らめぇっ……」
46100 ,,,,,201233,,優哉,優哉,,,,,,,,,「なんで？　愛歌の腋の下、柔らかくてかわいいよ。
　それにこんな汗をかいて……」
46200 ,,,,,201233,,愛歌,愛歌,01man528_051.wav,,,,,,,,「んっん、んぶっ、んんーっ！？　んっんん！？
　ぢゅっ、ぢゅるっ、んんっん……んんう゛っ、
　んんんーっ！？」
46300 ,,,,,201233,,,,,,,,,,,,　よほど羞恥心を刺激されたのか、必死に腋を締め続け
　る愛歌。
46400 ,,,,,201233,,,,,,,,,,,,　僅かに緩められた唇の隙間から唾液が溢れ出し、愛歌
　は慌てて俺のモノをはぐはぐと咥え直す。
46500 ,,,,,201233,,優哉,優哉,,,,,,,,,「なあ、愛歌の腋の下の匂い、嗅いでもいいか？」
46600 ,,,,,201233,,愛歌,愛歌,01man528_052.wav,,,,,,,,「んっん、んんーっ、んぅぅっ、んう゛ぅぅっ、
　ぢゅっ、ぢゅるっ、んっん、んん゛ーーっ！？」
46700 ,,,,,201233,,,,,,,,,,,,　涙目になって首を横に振り、一方で締められた腋は
　ますます汗ばんでいった。
46800 ,,,,,201233,,,,,,,,,,,,　指先に感じる窪みの汗。
46900 ,,,,,201233,,,,,,,,,,,,　このまま両手を取り上げて、バンザイさせたまま
　押し倒したくなる。
47200 ,,,,,201234,,愛歌,愛歌,01man528_053.wav,,,,,,,,「あむっ、ぢゅるっ、ぢゅっぽ、ぢゅっ、ぢゅっぽ、
　ぢゅぽっ、ぢゅぽっ、ぢゅぅっ、ぢゅっぽ……」
47300 ,,,,,201234,,,,,,,,,,,,　一心不乱だった。
47400 ,,,,,201234,,,,,,,,,,,,　これまで以上に激しくサオを扱き、頭の動きもそれに
　追従する。
47500 ,,,,,201234,,,,,,,,,,,,　苦しそうにくぐもった声が、鼓膜にイヤらしく絡みつ
　いてくる。
47600 ,,,,,201234,,愛歌,愛歌,01man528_054.wav,,,,,,,,「んんっ、んむっ、んっん、ちゅっ、ぢゅぅっ、
　ぢゅるっ……んっ、ぢゅぅぅっ、ぢゅるるっ、
　ぢゅぽっ、ぢゅるるるっ……」
47700 ,,,,,201234,,愛歌,愛歌,01man528_055.wav,,,,,,,,「んっ、ふっん、ふんっ、ふんっ、ふんっ、ちゅっ、
　ちゅぅっ、ぢゅるっ、ぢゅぽっ、ぢゅぽっ、ぢゅっ、
　ぢゅぽっ……」
47800 ,,,,,201234,,,,,,,,,,,,　自分の限界が近いのを悟り、俺はゆっくりと腋壺に
　挟まれた手を引き抜いた。
47900 ,,,,,201234,,,,,,,,,,,,　シンナー中毒者もこんな心境なんだろうか？
48000 ,,,,,201234,,,,,,,,,,,,　そんなことを思いながら、腋壺の汗で湿った手を鼻先
　に持っていく。
48100 ,,,,,201234,,,,,,,,,,,,　鼻孔を拡げて、息が続く限り愛歌の腋臭を貪る。
48200 ,,,,,201234,,優哉,優哉,,,,,,,,,（ああああぁぁぁ、この匂い……愛歌のっ……）
48300 ,,,,,201234,,,,,,,,,,,,　ほのかな酸味が鼻腔いっぱいに充満し、眼球が上瞼の
　さらに奥まで回転しそうになった。
48600 ,,,,,201233,,愛歌,愛歌,01man528_056.wav,,,,,,,,「ちゅぽっ、ちゅぅっ……んっ、ゆーやふぁん？
　れそう？　ぢゅっ、ぢゅるるっ……せーえき、
　れちゃいそう？」
48700 ,,,,,201233,,優哉,優哉,,,,,,,,,「ああ……」
48800 ,,,,,201233,,,,,,,,,,,,　片言で返すと、愛歌の動きは一気に加速した。
48900 ,,,,,201233,,,,,,,,,,,,　親鳥からエサをもらう＜雛＝ひな＞のように口を開き、それに
　＜啄木鳥＝きつつき＞の動きが加わる。
49000 ,,,,,201233,,愛歌,愛歌,01man528_057.wav,,,,,,,,「ぢゅぽっ、ぢゅぽっ、ぢゅぽっ、ぢゅぅっ、ぢゅっ、
　ぢゅっぽ、ぢゅぽっ、ぢゅっぽ、ぢゅるるっ……」
49100 ,,,,,201233,,愛歌,愛歌,01man528_058.wav,,,,,,,,「んっ、ちゅぅっ、ちゅぽっ、ゆーやひゃん……んっ、
　ちゅぅっ、ぢゅっぽ、らふぃていいよ……ぢゅるっ、
　ちゅぅっ、ちゅっぽ……」
49200 ,,,,,201233,,優哉,優哉,,,,,,,,,「くっ、愛歌っ……出るっ！？」
49300 ,,,,,201233,,愛歌,愛歌,01man528_059.wav,,,,,,,,「ぢゅぽっ、ぢゅぅっ、らふぃて、ゆーやふぁ……
　んっ、ぢゅぽっ、ぢゅぽっ、んっん、ぢゅぅっ……」
49400 ,,,,,201233,,愛歌,愛歌,01man528_060.wav,,,,,,,,「んっん、んんっ、んぽっ、ぢゅぅっ……ゆーやふぁ、
　おふぃっ、んっん、ぢゅっ、おっふぃ……おっふぃ、
　んっん、んんっ、ぢゅるるっ……」
49500 ,,,,,201233,,愛歌,愛歌,01man528_061.wav,,,,,,,,「ちゅぽっ、ちゅぽっ、ぢゅるるっ、んっぽ、ぢゅっ、
　ゆーやふぁんっ……ゆーやふぁっ……あむっ、ちゅっ
　ちゅっぽ、ぢゅるるっ、ぢゅるるるっ……」
49600 ,,,,,201233,,優哉,優哉,,,,,,,,,「ううっ！？」
50400 ,,<!ef_shasei>,,,201235,,愛歌,愛歌,01man528_062.wav,,,,,,,,「んっん！？　ぢゅっ、ぢゅぅぅっ、んんぅぅっ！？
　んっんん！？　んんんんーっ！？」
50500 ,,<!ef_shasei_l>,,,201235,,愛歌,愛歌,01man528_063.wav,,,,,,,,「んっ、ぢゅるっ、ぢゅぅっ、ぢゅるるっ、んんっ、
　んっく、んっん、んっんん！？」
50600 ,,,,,201235,,,,,,,,,,,,　射精した瞬間、愛歌は驚きのためか、きゅ～っと口腔
　を狭めて全身に力を入れる。
50700 ,,,,,201235,,,,,,,,,,,,　ペニスの脈動に併せて、愛歌の頭も後頭部を打ち抜か
　れたような勢いでビクビク震えていた。
50800 ,,,,,201235,,,,,,,,,,,,　その愛歌は根本からサオを搾り、敏感になっている
　亀頭を優しく口腔の粘膜で包みこんでくれている。
50900 ,,,,,201235,,優哉,優哉,,,,,,,,,「あ……愛歌、ごめん。口の中、気持ち悪いだろ？
　吐き出しちゃっていいからさ」
51000 ,,,,,201235,,愛歌,愛歌,01man528_064.wav,,,,,,,,「んっ……はひぃらふ？」
51100 ,,,,,201235,,優哉,優哉,,,,,,,,,「だから精液っ。
　口の中にいっぱい出しちゃったからさ」
51300 ,,,,,201235,,愛歌,愛歌,01man528_065.wav,,,,,,,,「ん、れも……」
51400 ,,,,,201235,,優哉,優哉,,,,,,,,,「ティッシュ持ってたかな。ちょっと待ってな」
51500 ,,,,,201235,,愛歌,愛歌,01man528_066.wav,,,,,,,,「……んっ、んっく、んんっ、んっく、んくっ……」
51600 ,,,,,201235,,優哉,優哉,,,,,,,,,「ん？　どうした、愛歌？」
51700 ,,,,,201235,,愛歌,愛歌,01man528_067.wav,,,,,,,,「はあ……はあ……はあ……優哉ちゃんの……青春の
　味が……」
51800 ,,,,,201235,,優哉,優哉,,,,,,,,,「青春の味って……まさか、飲んじまったのか？」
51900 ,,,,,201235,,愛歌,愛歌,01man528_068.wav,,,,,,,,「違うよっ。飲んじゃったんじゃなくて……
　飲んで……あげたかったんだよ……」
52000 ,,,,,201235,,優哉,優哉,,,,,,,,,「愛歌……お前ちょっと、頑張りすぎ」
52100 ,,,,,201235,,愛歌,愛歌,01man528_069.wav,,,,,,,,「だって……優哉ちゃんが出してくれて、嬉しかった
　から……」
52200 ,,,,,201235,,,,,,,,,,,,　しょんぼりとうつむいている愛歌の頭を撫でてやり、
　そのまま強く抱きしめる。
52300 ,,,,,201235,,,,,,,,,,,,　無性に『ありがとう』と伝えたくなった。
52400 ,,,,,201235,,,,,,,,,,,,　でもなぜか照れ臭くて、バカみたいに頬ずりすること
　しかできなかった。
52500 ,,,,,201235,,優哉,優哉,,,,,,,,,（ヤバい、射精しても全然萎えていかない……）
52600 ,,,,,201235,,,,,,,,,,,,　だからと言って、もう一度しゃぶってくれとも言えな
　い。
52700 ,,,,,201235,,,,,,,,,,,,　悩みに悩んだ末、俺が選んだのは……。
56100 ,,,,,,,愛歌,愛歌,01man528_079.wav,manaka,,2,,,,,「え……どうしたの、優哉ちゃん？
　そんなところで横になったら、服が汚れちゃうよ」
56200 ,,,,,,,優哉,優哉,,manaka,,2,,,,,「服だけじゃなく、俺のことも汚してくれ」
56300 ,,,,,,,愛歌,愛歌,01man528_080.wav,manaka,,3,,,,,「な、何を言ってるのかよく分からないんだけど……」
56400 ,,,,,,,優哉,優哉,,manaka,,3,,,,,「いいからこっち来てみ？
　んで、俺の上に＜跨＝またが＞って……っと」
56500 ,,,,,,,愛歌,愛歌,01man528_081.wav,manaka,,15,,,,,「やっ、何するの？　こんなの恥ずかしいよぉ」
56600 ,,,,,,,優哉,優哉,,manaka,,15,,,,,「あれ、もしかして騎乗位とか知らない？」
56700 ,,,,,,,愛歌,愛歌,01man528_082.wav,manaka,,3,,,,,「キジョウ……イ？」
56800 ,,,,,,,優哉,優哉,,manaka,,3,,,,,「簡単に説明すると、女がこうやって男の上に＜跨＝またが＞って
　するセックスのこと」
56900 ,,,,,,,愛歌,愛歌,01man528_083.wav,manaka,,2,,,,,「えええーっ！？
　こんな格好でするのも……あるの？」
57000 ,,,,,,,優哉,優哉,,manaka,,2,,,,,「ほらほら気になってきた、気になってきた。
　騎乗位は楽しいぞぉ。女の方が主導権握れるし」
57100 ,,,,,,,愛歌,愛歌,01man528_084.wav,manaka,,0,,,,,「……それって、私が優哉ちゃんをリードできるって
　こと？」
57200 ,,,,,,,優哉,優哉,,manaka,,0,,,,,「やっぱり、俺がリードした方がいいか？」
57300 ,,,,,,,愛歌,愛歌,01man528_085.wav,manaka,,6,,,,,「ああっ、優哉ちゃんは横になっててっ。
　私が優哉ちゃんのことをリードするんだからっ」
57400 ,,,,,,,,,,manaka,,6,,,,,意外なところで愛歌は食いつきがよかった。
57700 ,,<!move_look>,,,201241,,愛歌,愛歌,01man528_086.wav,,,,,,,,「ん……優哉ちゃん……私、重くない？」
57800 ,,,,,201241,,優哉,優哉,,,,,,,,,「大丈夫だから体重かけてきていいぞ」
57900 ,,,,,201241,,愛歌,愛歌,01man528_087.wav,,,,,,,,「でも、優哉ちゃんの……折れたりしないよね？」
58000 ,,,,,201241,,優哉,優哉,,,,,,,,,「ん？　折れるって何がだ？」
58100 ,,,,,201241,,愛歌,愛歌,01man528_088.wav,,,,,,,,「だから……優哉ちゃんのこれ……」
58200 ,,,,,201241,,優哉,優哉,,,,,,,,,「これじゃ分からないって。
　はっきり言ってくれないと」
58300 ,,,,,201241,,愛歌,愛歌,01man528_089.wav,,,,,,,,「もぉ、そんなの言えないよぉ。
　優哉ちゃん、すぐ意地悪するんだから……」
58400 ,,,,,201241,,,,,,,,,,,,一言。絶景だった。
58500 ,,,,,201241,,,,,,,,,,,,　愛歌は俺に気を使っているのか、なかなか尻を落ち着
　かせようとはしない。
58600 ,,,,,201241,,,,,,,,,,,,　自らの体重を支えるのに太腿の僅かな筋肉が浮かび上
　がり、併せて膣肉の擦り寄りも激しくなる。
58700 ,,,,,201241,,,,,,,,,,,,　心配そうに俺を見る表情と、貪欲に性を貪る女性器。
58800 ,,,,,201241,,,,,,,,,,,,　そんな愛歌のちぐはぐな様子に、股間は折れるどころ
　かますますそそり立った。
58900 ,,,,,201241,,愛歌,愛歌,01man528_090.wav,,,,,,,,「はわわ、優哉ちゃんのおっきくなってるっ……」
59000 ,,,,,201241,,優哉,優哉,,,,,,,,,「はわわとか言うな。ほら、体重かけていいから」
59100 ,,,,,201241,,愛歌,愛歌,01man528_091.wav,,,,,,,,「ひゃぅっ！？　んっんん！？」
59200 ,,,,,201241,,,,,,,,,,,,　腰を掴んで引き寄せ、こちらからも少し突き上げて
　みる。
59300 ,,,,,201241,,,,,,,,,,,,　すると愛歌はサオとは反対方向に背を反り、弱々しく
　喉を震わせた。
59400 ,,,,,201241,,優哉,優哉,,,,,,,,,「はあー……すげえ温かい……」
59500 ,,,,,201241,,,,,,,,,,,,　根本まで愛歌の体内に取りこまれ、思わず溜め息が
　洩れる。
59600 ,,,,,201241,,,,,,,,,,,,　緩すぎずキツすぎず、延々と亀頭を手のひらでやわ
　揉みされているような感覚。
59700 ,,,,,201241,,,,,,,,,,,,　全てを委ねてしまいたくなるこの安堵感は何なんだろ
　う？
59800 ,,,,,201241,,愛歌,愛歌,01man528_092.wav,,,,,,,,「ん……優哉ちゃんの、すごいびくんびくんしてる。
　これって……痛いわけじゃないんだよね？」
59900 ,,,,,201241,,優哉,優哉,,,,,,,,,「イタタッ、痛い痛い痛い！？」
60000 ,,,,,201241,,愛歌,愛歌,01man528_093.wav,,,,,,,,「ええっ、ウソっ？　ごめんねっ……こういう時、
　えっと、どうしたらっ……」
60100 ,,,,,201241,,愛歌,愛歌,01man528_094.wav,,,,,,,,「やっ、やっ、どんどんびくびくしてるっ……優哉ちゃ
　ん、痛い？　抜いた方がいい？」
60200 ,,,,,201241,,,,,,,,,,,,　俺の胸に手を置いて腰を浮かせようとするが、象牙の
　ように反り返ったペニスが粘膜にこすれると、愛歌は
　前のめりになって声を詰まらせた。
60300 ,,,,,201241,,愛歌,愛歌,01man528_095.wav,,,,,,,,「んっ、んっん、あっ……優哉ちゃっ……ダメっ……
　これ以上、おっきくしちゃダメぇっ」
60400 ,,,,,201241,,優哉,優哉,,,,,,,,,「愛歌、早く抜いっ……」
60500 ,,,,,201241,,愛歌,愛歌,01man528_096.wav,,,,,,,,「あっ、んっん……抜いてっ……あげたいけどっ……
　ダメなの……抜いてあげられないのっ……」
60600 ,,,,,201241,,愛歌,愛歌,01man528_097.wav,,,,,,,,「優哉ちゃんのこすれてっ……やっあ、やあっ、何こ
　れっ……優哉ちゃっ……んっん！？　んぅぅっ！？」
60700 ,,,,,201241,,,,,,,,,,,,　必死に腰を浮かせようとしては身体をビクつかせ、
　涙目になる愛歌。
60800 ,,,,,201241,,,,,,,,,,,,　当然、俺も本気で痛がっていたわけじゃない。
60900 ,,,,,201241,,優哉,優哉,,,,,,,,,「……もしかして愛歌、俺ので感じてる？」
61000 ,,,,,201241,,愛歌,愛歌,01man528_098.wav,,,,,,,,「はあはあ、分かんなっ……けどっ……優哉ちゃんの
　先っぽ、おっきくてねっ……やっ、やっ、これっ、
　この先っぽぉぉっ」
61100 ,,,,,201241,,,,,,,,,,,,　自分でもどうしたらいいか分からないらしく、愛歌は
　髪の毛を振り乱して俺に＜縋＝すが＞ってくる。
61200 ,,,,,201241,,優哉,優哉,,,,,,,,,「くっあ……愛歌、早く抜いてくれ……」
61300 ,,,,,201241,,愛歌,愛歌,01man528_099.wav,,,,,,,,「んっ……うん、抜いてあげる。抜いてあげるから……
　もうおっきくならないでね？」
61400 ,,,,,201241,,愛歌,愛歌,01man528_100.wav,,,,,,,,「んしょ……ん……いい子にしてるんだよ？
　優哉ちゃんの抜いてあげるから……」
61500 ,,,,,201241,,,,,,,,,,,,　違う意味の『抜く』に聞こえたが、愛歌は一生懸命
　腰を浮かせて結合を解こうとしていた。
61600 ,,,,,201241,,,,,,,,,,,,　だが普段の学生生活では使わない動きだけに、なかな
　か上手く腰を扱うことができない。
61700 ,,,,,201241,,愛歌,愛歌,01man528_101.wav,,,,,,,,「ん、はあっ……あれ？　あれ？
　んっく……んんっ……やっあ、上手く抜けないよぉ」
61800 ,,,,,201241,,優哉,優哉,,,,,,,,,「なあ……本当に抜く気あるのか？」
61900 ,,,,,201241,,愛歌,愛歌,01man528_102.wav,,,,,,,,「あるってばぁ……んっ、ふっん……でも優哉ちゃんの
　がぁ……」
62000 ,,,,,201241,,優哉,優哉,,,,,,,,,「俺は普段通りだと思うが……」
62100 ,,,,,201241,,愛歌,愛歌,01man528_103.wav,,,,,,,,「っ……だから優哉ちゃんのが反りすぎなのぉっ。
　こうやって抜こうとしてるのにっ……奥で引っかかる
　からぁっ……」
62200 ,,,,,201241,,,,,,,,,,,,　言葉の途中で力尽き、愛歌は下唇を噛んで腰を落とし
　てくる。
62300 ,,,,,201241,,優哉,優哉,,,,,,,,,「おかえり」
62400 ,,,,,201241,,愛歌,愛歌,01man528_104.wav,,,,,,,,「むぅぅ～っ……どうして優哉ちゃん、そんなにニヤニ
　ヤしてるのっ？」
62500 ,,,,,201241,,優哉,優哉,,,,,,,,,「いや、かわいいなぁと思って」
62600 ,,,,,201241,,愛歌,愛歌,01man528_105.wav,,,,,,,,「か、かわいくなんてないですっ」
62700 ,,,,,201241,,優哉,優哉,,,,,,,,,「なんで急にかしこまってんだよ。照れてるのか？」
62800 ,,,,,201241,,愛歌,愛歌,01man528_106.wav,,,,,,,,「だって……今気付いたけど、こんな風に女の子が
　男の人の上に＜跨＝またが＞るのって……」
62900 ,,,,,201241,,優哉,優哉,,,,,,,,,「どう見てもエッチ大好きっ＜娘＝こ＞だよな」
63000 ,,,,,201241,,愛歌,愛歌,01man528_107.wav,,,,,,,,「だ、大好きじゃないもんっ。私はただ……優哉ちゃん
　が喜んでくれると思って……」
63100 ,,,,,201241,,,,,,,,,,,,　俺のモノをしっかりと咥えこみながら恥じらう姿に、
　変わらない愛歌らしさを感じた。
63200 ,,,,,201241,,,,,,,,,,,,　どんなことにも一生懸命で、今も俺のために精一杯の
　勇気を振り絞って頑張ってくれている。
63300 ,,,,,201241,,,,,,,,,,,,　そんな愛歌を本当に愛おしく思う。
63400 ,,,,,201241,,優哉,優哉,,,,,,,,,「気持ちいいよ、愛歌がそうしてくれて……」
63500 ,,,,,201241,,愛歌,愛歌,01man528_108.wav,,,,,,,,「でも私……どうしたらいいか全然分からないし、同じ
　女の子でも上手いとか下手ってあるんでしょう？」
63600 ,,,,,201241,,優哉,優哉,,,,,,,,,「あのなあ……俺はお前が初めての相手だったんだぜ？
　上手いか下手かなんて分かるかよ、比べる対象もない
　のに……」
63700 ,,,,,201241,,愛歌,愛歌,01man528_109.wav,,,,,,,,「…………」
63800 ,,,,,201241,,優哉,優哉,,,,,,,,,「恥ずかしかったら、やめていいんだぜ？
　今度は俺が上になるから」
63900 ,,,,,201241,,愛歌,愛歌,01man528_110.wav,,,,,,,,「あ……平気っ。優哉ちゃんは動かないで？」
64000 ,,,,,201241,,,,,,,,,,,,　愛歌は改めて俺に＜跨＝またが＞り直し、真剣な表情で見つめてく
　る。
64100 ,,,,,201241,,,,,,,,,,,,　今度はきちんと腰を据え、前傾姿勢をとって俺の両腕
　を掴みながら。
64200 ,,,,,201241,,愛歌,愛歌,01man528_111.wav,,,,,,,,「あの……少しだけ動いてみるね？」
64300 ,,,,,201241,,,,,,,,,,,,　一度、二度……腰を振るというより、全身を揺すって
　粘膜の摩擦を生み出そうとしていた。
64400 ,,,,,201241,,,,,,,,,,,,　動きに併せて乳房も上下に揺れ、切なげに芽吹いた
　先端部分が斜め上の方向を指し示す。
64500 ,,,,,201241,,,,,,,,,,,,　刺激は少なかったが、愛歌が腰を使おうと頑張ってい
　る姿は熟達した腰使いよりもずっと淫らに見えた。
64600 ,,,,,201241,,愛歌,愛歌,01man528_112.wav,,,,,,,,「ん……はあ……はあ……優哉ちゃん、やっぱり上手く
　できないよぉ……」
64700 ,,,,,201241,,優哉,優哉,,,,,,,,,「変に難しく考えるからだよ。もっとシンプルに、自分
　が気持ちいいように動いてみ？」
64800 ,,,,,201241,,愛歌,愛歌,01man528_113.wav,,,,,,,,「そんなことできないよ……私が気持ちよくなっちゃ
　ダメなんだもん……」
64900 ,,,,,201241,,優哉,優哉,,,,,,,,,「分かってないな、愛歌は。セックスって、片方だけが
　気持ちよくなるもんじゃないんだぜ？」
65000 ,,,,,201241,,優哉,優哉,,,,,,,,,「愛歌が気持ちよくなれば俺も気持ちいい。
　愛歌が感じてくれれば、俺だって……」
65100 ,,,,,201241,,,,,,,,,,,,　そっと両手を握り、指を絡ませる。
65200 ,,,,,201241,,,,,,,,,,,,　たったそれだけで愛歌はビクッと肩を震わせ、頬の
　紅潮を強めていく。
65300 ,,,,,201241,,愛歌,愛歌,01man528_114.wav,,,,,,,,「本当に私が気持ちよくなれば……優哉ちゃんも気持ち
　よくなれるの？」
65400 ,,,,,201241,,優哉,優哉,,,,,,,,,「ああ。だからほら……」
65500 ,,,,,201241,,,,,,,,,,,,　両手を握って身体を引き寄せると、愛歌はまさしく
　騎乗したジョッキーの体勢になって顔を近づけてき
　た。
65600 ,,,,,201241,,愛歌,愛歌,01man528_115.wav,,,,,,,,「……じゃあ、動いてみるね……上手く出来るか分から
　ないけど……」
65700 ,,,,,201241,,,,,,,,,,,,　頷きながら軽く腰に手を添えてやると、愛歌はゆっく
　りと前後に動き始める。
66000 ,,,,,201242,,愛歌,愛歌,01man528_116.wav,,,,,,,,「んっ、んっ、んっ、はあっ……んっん、ふっ、んっ、
　んんっ、優哉ちゃん平気？　痛くない？」
66100 ,,,,,201242,,,,,,,,,,,,　ちょうど太い丸太に＜跨＝またが＞って、ずりずりと前に進んでい
　くような動き。
66200 ,,,,,201242,,,,,,,,,,,,　前に動く時には太腿に力が入り、しっかりと俺の腰を
　挟みこんでくる。
66300 ,,,,,201242,,愛歌,愛歌,01man528_117.wav,,,,,,,,「優哉ちゃん、黙ってたら不安になるよぉ……」
66400 ,,,,,201242,,,,,,,,,,,,　それでも動き続けている腰が、行為の卑猥さを際立た
　せている。
66500 ,,,,,201242,,,,,,,,,,,,　ペニスの刺激より、愛歌が自分の意志で腰を動かして
　いる事実に興奮を覚えた。
66600 ,,,,,201242,,愛歌,愛歌,01man528_118.wav,,,,,,,,「はあ……はあ……優哉ちゃん、目を閉じてて？
　見られるの恥ずかしいから……」
66700 ,,,,,201242,,,,,,,,,,,,　言われるままに瞼を閉じると、控えめながらも性運動
　が加速するのを感じる。
66800 ,,,,,201242,,,,,,,,,,,,　くんっ、くんっ……と前後の振れ幅が大きくなり、
　愛歌の吐息に熱がこもる。
66900 ,,,,,201242,,,,,,,,,,,,　そんな乱れゆく姿を薄目で観察し、しばしぬるま湯
　気分に浸った。
67000 ,,,,,201242,,愛歌,愛歌,01man528_119.wav,,,,,,,,「んんっ……はあっ、んっ、んっ、優哉ちゃんの……
　すごい硬くなってる……それに熱くって……」
67100 ,,,,,201242,,愛歌,愛歌,01man528_120.wav,,,,,,,,「んっ、ふっく、んっ、んっ……こんな風にして赤ちゃ
　んをつくるのって……なんかすごいね……」
67200 ,,,,,201242,,優哉,優哉,,,,,,,,,「あ、赤ちゃん？」
67300 ,,,,,201242,,愛歌,愛歌,01man528_121.wav,,,,,,,,「だってこうやって上になってするのって……んっ、
　っん……女の子の方から赤ちゃんを欲しがってるみ
　たいで……」
67400 ,,,,,201242,,,,,,,,,,,,　愛歌は右へ左へと身体を揺らしながら、少しずつ腰の
　動きを速めていく。
67500 ,,,,,201242,,,,,,,,,,,,　その濡れた眼差しが本気で受胎を望んでいるように
　見えて、思わず薄目を中断してしまう。
67600 ,,,,,201242,,愛歌,愛歌,01man528_122.wav,,,,,,,,「はあはあ……優哉ちゃんはどう思う？
　女の子がこうやって腰を振りながら……んっ、ふっ、
　んっ……赤ちゃん欲しいよぅってお願いするの……」
67700 ,,,,,201242,,優哉,優哉,,,,,,,,,「ごめん、今のもう一回っ」
67800 ,,,,,201242,,愛歌,愛歌,01man528_123.wav,,,,,,,,「ん、はあっ……赤ちゃん欲しいよぅ……優哉ちゃんの
　赤ちゃん欲しいよぅ……」
67900 ,,,,,201242,,,,,,,,,,,,　演技だと分かっていても、オスの生殖本能が強く刺激
　された。
68000 ,,,,,201242,,,,,,,,,,,,　もし愛歌に本気でそんなおねだりをされたら、それこ
　そ一日中、種付けをしてしまいそうな気がする。
68100 ,,,,,201242,,愛歌,愛歌,01man528_124.wav,,,,,,,,「優哉ちゃんのまた大きくなってる……待ってね。
　もっともっと気持ちよくさせてあげるから……」
68200 ,,,,,201242,,優哉,優哉,,,,,,,,,「うっあ、ああっ……」
68300 ,,,,,201242,,愛歌,愛歌,01man528_125.wav,,,,,,,,「うふふっ♪　優哉ちゃん、かわいい……そんなに目を
　とろ～んとさせちゃって……」
68400 ,,,,,201242,,愛歌,愛歌,01man528_126.wav,,,,,,,,「気持ちいい声、いっぱい出していいからね……」
68500 ,,,,,201242,,,,,,,,,,,,　単純な前後運動から小円を描くような動きに変わり、
　それが右回り左回りと交互に切り替わっていく。
68600 ,,,,,201242,,優哉,優哉,,,,,,,,,（もしかして愛歌と騎乗位って……）
68700 ,,,,,201242,,,,,,,,,,,,　昔から何かと姉さんぶって、俺を弟扱いすることも
　多かった愛歌。
68800 ,,,,,201242,,,,,,,,,,,,　母性本能が強く、おまけに普段から世話女房。
68900 ,,,,,201242,,,,,,,,,,,,　そんな愛歌にとって、ひたすら男に尽くすことのでき
　るこの騎乗位の体勢は……。
69000 ,,,,,201242,,愛歌,愛歌,01man528_127.wav,,,,,,,,「こうやって優哉ちゃんの上になるのって、恥ずかしい
　けどすごく幸せ……」
69100 ,,,,,201242,,優哉,優哉,,,,,,,,,「で、でも疲れないか？」
69200 ,,,,,201242,,愛歌,愛歌,01man528_128.wav,,,,,,,,「ううん、平気。優哉ちゃんの気持ちよさそうな顔を
　見てると、もっとこうやって、んっ、はあっ……」
69300 ,,,,,201242,,優哉,優哉,,,,,,,,,「うああっ、あああっ……」
69400 ,,,,,201242,,愛歌,愛歌,01man528_129.wav,,,,,,,,「なんかね、なんかね、そういう優哉ちゃんの声を聞く
　と、背中がゾクッとするの……」
69500 ,,,,,201242,,優哉,優哉,,,,,,,,,「！？」
69600 ,,,,,201242,,,,,,,,,,,,　出会わせちゃいけなかった。
69700 ,,,,,201242,,,,,,,,,,,,　愛歌と騎乗位を出会わせちゃいけなかった。
69800 ,,,,,201242,,,,,,,,,,,,　男に尽くす具体的な手段を手に入れた愛歌は、縦横に
　腰を振って俺のモノを締め上げてくる。
69900 ,,,,,201242,,,,,,,,,,,,　薄暗い森の中ということもあって、普段よりもずっと
　大胆になっているようだった。
70000 ,,,,,201242,,優哉,優哉,,,,,,,,,（ヤバい、これで愛歌が騎乗位のテクニックを身につけ
　たらミイラにされるかも……）
70100 ,,,,,201242,,,,,,,,,,,,　その不安は早くも現実のものとなり、愛歌の腰の動き
　は男を悦ばすことだけに最適化されていく。
70200 ,,,,,201242,,愛歌,愛歌,01man528_130.wav,,,,,,,,「はあはあ……こんなに大きくなってるのは……
　赤ちゃんが欲しいから？」
70300 ,,,,,201242,,愛歌,愛歌,01man528_131.wav,,,,,,,,「優哉ちゃんも……んっ、ふっん、んんっ……赤ちゃん
　つくりたくなっちゃった？」
70400 ,,,,,201242,,,,,,,,,,,,　快感を堪えるので精一杯な俺を見下ろし、愛歌は満足
　げに笑みを浮かべる。
70500 ,,,,,201242,,,,,,,,,,,,　突然の豹変に戸惑いはあったが、一方で妙な懐かしさ
　もあった。
70600 ,,,,,201242,,優哉,優哉,,,,,,,,,（なんだろうな、こんな愛歌をどこかで見たことがある
　ような……）
70700 ,,,,,201242,,,,,,,,,,,,　その間にも愛歌は俺の身体へ手を這わし、指先で乳輪
　をなぞってくる。
70800 ,,,,,201242,,愛歌,愛歌,01man528_132.wav,,,,,,,,「今日は優哉ちゃんのがコリコリだね。
　男の人でもこんなになるんだ……」
70900 ,,,,,201242,,優哉,優哉,,,,,,,,,「コ、コリコリとか言っちゃダメだろ。
　嫁入り前の娘が……」
71000 ,,,,,201242,,愛歌,愛歌,01man528_133.wav,,,,,,,,「え～、優哉ちゃんも初めての時、私のがコリコリして
　るって意地悪してきたのにぃ～」
71100 ,,,,,201242,,優哉,優哉,,,,,,,,,「それとこれとは話が違っ……うっあ！？」
71200 ,,,,,201242,,愛歌,愛歌,01man528_134.wav,,,,,,,,「ねえ……優哉ちゃんは覚えてる？　こうやって私のを
　コリコリしたあと、何をしたか……」
71300 ,,,,,201242,,優哉,優哉,,,,,,,,,「何をって……」
71400 ,,,,,201242,,,,,,,,,,,,　愛歌はサーフィンでパドリングをするような体勢にな
　り、胸板に頬ずりしてきた。
71500 ,,,,,201242,,,,,,,,,,,,　俺よりもずっと小さい身体なのに、それをはね＜除＝の＞ける
　ことができない。
71600 ,,,,,201242,,愛歌,愛歌,01man528_135.wav,,,,,,,,「優哉ちゃんはこうやって私のをコリコリしてから……
　あむっ、ちゅぅっ、ちゅっ、ちゅぱ、ちゅぅっ……」
71700 ,,,,,201242,,優哉,優哉,,,,,,,,,「うあぁぁっ、あぁぁぁぁっ……」
71800 ,,,,,201242,,愛歌,愛歌,01man528_136.wav,,,,,,,,「ちゅっ、はあっ……んっ…ちゅぅっ……優哉ちゃん
　のおっぱい……あむ、ちゅっ、ちゅぅっ、ちゅっぱ、
　ちゅぅぅっ……」
71900 ,,,,,201242,,,,,,,,,,,,　両手で胸の筋肉を搾られ、激しく母乳をせがまれる。
72000 ,,,,,201242,,,,,,,,,,,,　自分でも驚くほど乳首が勃起し、愛歌の吸引に併せて
　乳輪ごと皮膚が引っ張られる。
72100 ,,,,,201242,,愛歌,愛歌,01man528_137.wav,,,,,,,,「んっ、ちゅぅっ……優哉ちゃんの、私の＜膣内＝なか＞で暴れ
　回ってる……生き物みたいにびくんびくんして……」
72200 ,,,,,201242,,優哉,優哉,,,,,,,,,「うっあ、愛歌っ」
72300 ,,,,,201242,,愛歌,愛歌,01man528_138.wav,,,,,,,,「反対側も吸ってあげるね……あむっ、ちゅぅっ、
　ちゅっ、ちゅぱ、ぢゅぅ、ぢゅぅぅっ……」
72400 ,,,,,201242,,優哉,優哉,,,,,,,,,「愛歌、待ったっ。それヤバっ……」
72500 ,,,,,201242,,,,,,,,,,,,　＜藁＝わら＞にも＜縋＝すが＞る思いで愛歌の腰骨を掴むと、事態はさらに
　悪化の一途をたどった。
72600 ,,,,,201242,,愛歌,愛歌,01man528_139.wav,,,,,,,,「ん……おっぱいを吸いながら動いた方がいい？」
72700 ,,,,,201242,,優哉,優哉,,,,,,,,,「いや、そうじゃなくて……ちょっ！？」
72800 ,,,,,201242,,愛歌,愛歌,01man528_140.wav,,,,,,,,「んっ、んっん、ふっん、はあっ……すごいね……
　優哉ちゃんのびくびくが止まらなくなってる……」
72900 ,,,,,201242,,愛歌,愛歌,01man528_141.wav,,,,,,,,「ん、あむっ……ちゅぅっ、ちゅぱ、ちゅっ、ちゅっ、
　ちゅぅぅっ……はあっ、優哉ちゃんのミルク、飲みた
　いな……ちゅっ、ちゅぱ、ちゅぅぅっ…」
73000 ,,,,,201242,,優哉,優哉,,,,,,,,,「はあはあ、ミルクなんて出ないっ……」
73100 ,,,,,201242,,愛歌,愛歌,01man528_142.wav,,,,,,,,「そうなの？　優哉ちゃんはミルク出ないの？」
73200 ,,,,,201242,,,,,,,,,,,,　次第に垂直方向の動きが増え、膣肉でねっとりと
　ペニスを扱かれる。
73300 ,,,,,201242,,,,,,,,,,,,　母乳と精子を同時にせがまれ、愛歌がどちらのミルク
　を期待しているのかも分からない。
73400 ,,,,,201242,,愛歌,愛歌,01man528_143.wav,,,,,,,,「ん……優哉ちゃんのミルク、いっぱい搾ってあげる
　ね。ちゅっ、ちゅぅっ、ぢゅっ、ぢゅぅぅっ……」
73500 ,,,,,201242,,,,,,,,,,,,　再び両手で乳房を搾られたが、それ以上に膣肉の擦り
　寄りが激しかった。
73600 ,,,,,201242,,,,,,,,,,,,　その状態で腰が躍動し、愛歌は自ら下腹部を打ちつけ
　てくる。
73700 ,,,,,201242,,優哉,優哉,,,,,,,,,「はあはあ……愛歌の……愛歌のおっぱい……」
73800 ,,,,,201242,,,,,,,,,,,,　朦朧とした意識の中で膨らみを求めると、嫌味なぐら
　い乳首を舐め回された。
73900 ,,,,,201242,,,,,,,,,,,,　そしておしゃぶりに飽きた舌先が、ゆっくりと蛇行し
　ながら俺の喉元まで這い上がってくる。
74000 ,,,,,201242,,,,,,,,,,,,　催促した乳房がぎゅ～っと胸板に押しつけられる。
74100 ,,,,,201242,,愛歌,愛歌,01man528_144.wav,,,,,,,,「はあっ、優哉ちゃん……今日は……愛歌のフルコース
　を召し上がれ♪」
74200 ,,,,,201242,,優哉,優哉,,,,,,,,,「フルコー……んっん！？」
74300 ,,,,,201242,,愛歌,愛歌,01man528_145.wav,,,,,,,,「ちゅっ、んっ、ちゅぅっ……ちゅるっ……ちゅっ、
　ちゅぅっ……んふ……ちゅぅっ、ちゅぅぅっ……」
74400 ,,,,,201242,,,,,,,,,,,,　あっさりと唇を舌で割られ、そのまま前歯の裏側を
　舐められた。
74500 ,,,,,201242,,,,,,,,,,,,　そうして俺の呼吸を奪いながら、大きく腰を回して
　亀頭を粘膜の狭間でこねくり始める。
74600 ,,,,,201242,,愛歌,愛歌,01man528_146.wav,,,,,,,,「ちゅっ、んん……はあっ……優哉ちゃん、もうイキそ
　う？　イキたくなったら我慢しないでね？」
74700 ,,,,,201242,,,,,,,,,,,,　愛歌は俺の頬を手で包み、大人びた表情で微笑みか
　けてくる。
74800 ,,,,,201242,,優哉,優哉,,,,,,,,,（そうか、そういうことかっ……）
74900 ,,,,,201242,,,,,,,,,,,,　普段とは違う愛歌の言動に懐かしさを覚えた＜理由＝わけ＞。
75000 ,,,,,201242,,,,,,,,,,,,　俺は大事なことを忘れていた。
75100 ,,,,,201242,,,,,,,,,,,,　秋里愛歌は、≪あの≫秋歌さんの娘だということを。
75200 ,,,,,201242,,優哉,優哉,,,,,,,,,（これって、まんま若い頃の秋歌さ……うっあ！？）
75300 ,,,,,201242,,愛歌,愛歌,01man528_147.wav,,,,,,,,「はあはあ……好きな人をイカせてあげるのって……
　こんなに興奮するんだね……」
75400 ,,,,,201242,,愛歌,愛歌,01man528_148.wav,,,,,,,,「んっ、はあっ……好きな人と赤ちゃんをつくるのって
　こんなにっ……」
75500 ,,,,,201242,,,,,,,,,,,,　愛歌の腰は、全力疾走する競走馬の背にいる騎手の
　ように激しく弾んでいた。
75600 ,,,,,201242,,,,,,,,,,,,　何度も意識が遠ざかり、無思考の時間が続く。
75700 ,,,,,201242,,,,,,,,,,,,　完全に力を奪われ、愛歌は俺の手を取って華麗な
　腰使いを披露する。
75800 ,,,,,201242,,愛歌,愛歌,01man528_149.wav,,,,,,,,「さっきみたいにイカせてあげるね……我慢なんてでき
　ないぐらい気持ちよくさせるから……」
75900 ,,,,,201242,,優哉,優哉,,,,,,,,,「あっあ、愛歌……出るっ！？」
76000 ,,,,,201242,,愛歌,愛歌,01man528_150.wav,,,,,,,,「うん、いいよ……いっぱい出していいよ？
　優哉ちゃんのこすってあげるっ……先っぽがいい？
　先っぽをクチュクチュするのが気持ちい？」
76100 ,,,,,201242,,優哉,優哉,,,,,,,,,「うっあ、出る出る出るっ……外にっ！」
76200 ,,,,,201242,,愛歌,愛歌,01man528_151.wav,,,,,,,,「すごいね……今までで一番おっきくなってる。
　このまま奥まで挿れるね……」
76300 ,,,,,201242,,優哉,優哉,,,,,,,,,「なっ！？　だから出るって！」
76400 ,,,,,201242,,愛歌,愛歌,01man528_152.wav,,,,,,,,「大丈夫、今日は＜膣内＝なか＞で出しても平気な日だから……
　このまま膣内で……私の膣内で溶けちゃっていいよ」
76500 ,,,,,201242,,愛歌,愛歌,01man528_153.wav,,,,,,,,「お母さんも孫の顔が見たいって言ってたし、
　赤ちゃんをつくる予行練習しよ？」
76600 ,,,,,201242,,優哉,優哉,,,,,,,,,「もうそんな余裕っ……」
76700 ,,,,,201242,,愛歌,愛歌,01man528_154.wav,,,,,,,,「はあはあ……優哉ちゃんも赤ちゃんほしい？
　愛歌に赤ちゃん産ませたい？」
76800 ,,,,,201242,,優哉,優哉,,,,,,,,,「くっ……産ませたいっ！
　このまま＜膣内＝なか＞に出して、愛歌のことっ……」
76900 ,,,,,201242,,愛歌,愛歌,01man528_155.wav,,,,,,,,「妊娠させていいよ？　だからこんなに優哉ちゃんの
　大きくなってるんだよね？」
77000 ,,,,,201242,,愛歌,愛歌,01man528_156.wav,,,,,,,,「赤ちゃんつくろ？　私と優哉ちゃんの赤ちゃん……
　欲しいよ……優哉ちゃんの赤ちゃん、産みたいよぉ」
77100 ,,,,,201242,,愛歌,愛歌,01man528_157.wav,,,,,,,,「ん、はあっ……優哉ちゃんだけだからね？
　私にこんなことできるの……私がこんなことするのも
　優哉ちゃんにだけだからねっ」
77200 ,,,,,201242,,愛歌,愛歌,01man528_158.wav,,,,,,,,「あっ、あっ、先っぽが膨らんできてるっ……イクんだ
　ね……優哉ちゃん、いいよ。イッて？　出して？
　ぴゅぅってしてっ？」
77300 ,,,,,201242,,愛歌,愛歌,01man528_159.wav,,,,,,,,「＜膣内＝なか＞で……＜膣内＝なか＞っ……んぅぅっ！？　んっんん！？
　優哉ちゃっ……せーえきっ……優哉ちゃんのせーえ
　きぃぃっ」
77400 ,,,,,201242,,優哉,優哉,,,,,,,,,「ううっ！？」
77800 ,,<!ef_shasei>,,,201243,,愛歌,愛歌,01man528_160.wav,,,,,,,,「んっん！？　ああっ、優哉ちゃっ……出てうっ、
　出てっ、んっぅん！？　んっんん！？　んんんっ！」
77900 ,,,,,201243,,愛歌,愛歌,01man528_161.wav,,,,,,,,「はあはあ、優哉ちゃんもっと奥にきてっ……先っぽを
　赤ちゃんのお部屋に押しつけてっ……」
78000 ,,,,,201243,,,,,,,,,,,,　愛歌の腰をぐっと引き寄せ、本能の赴くままに吐精を
　続ける。
78100 ,,<!ef_shasei_l>,,,201243,,,,,,,,,,,,　二度目の射精は粘り気が薄れた分、水鉄砲のように
　小気味よい勢いで射出された。
78200 ,,,,,201243,,,,,,,,,,,,　愛歌は子宮口に俺の精液が着弾するたび、キュッ
　キュッと膣肉で締めつけてくる。
78300 ,,,,,201243,,,,,,,,,,,,　そしてようやくペニスの脈動が鎮まると、ぐったりし
　て俺の上に崩れ落ちてきた。
78400 ,,,,,201243,,優哉,優哉,,,,,,,,,「だ……大丈夫か、愛歌？」
78500 ,,,,,201243,,愛歌,愛歌,01man528_162.wav,,,,,,,,「うん、平気だけど……練習でこんなにすごかったら、
　本当に赤ちゃんをつくる時、どうなっちゃうのかな」
78590 ,$event_return,,,,,,,,,,,,,,,,
78600 ,,,,,201243,,優哉,優哉,,,,,,,,,「てかさ、途中から性格変わってなかったか？
　やたら積極的になったというか……」
78800 ,,<!scene_h_end>,,,,,愛歌,愛歌,01man528_163.wav,manaka,,3,,,,,「……なんか今日は体調がおかしいの。
　出かける前、お母さんがくれた薬が合わなかったの
　かなあ……」
78900 ,,,,,,,優哉,優哉,,manaka,,3,,,,,「薬って、なんの？」
79000 ,,,,,,,愛歌,愛歌,01man528_164.wav,manaka,,5,,,,,「それがよく分からないの。
　お母さん、口を斜めにして笑ってて……元気になる
　薬だからって飲みなさいって」
79100 ,,,,,,,優哉,優哉,,manaka,,5,,,,,「それだ！」
79200 ,,,,,,,愛歌,愛歌,01man528_165.wav,manaka,,3,,,,,「それ？」
79300 ,,,,,,,優哉,優哉,,manaka,,3,,,,,（つーか、秋歌さんが口を斜めにして笑いながら渡す
　薬って……）
79400 ,,,,,,,,,,manaka,,3,,,,,　断定はできないが、恐らく愛歌がエッチな気分に
　なっちゃう薬……とかだったんだろう。
79500 ,,,,,,,優哉,優哉,,manaka,,3,,,,,（そりゃそうだよな。あの愛歌が、俺の赤ちゃんを産み
　たいとか口に出して言うわけないし……）
79600 ,,,,,,,愛歌,愛歌,01man528_166.wav,manaka,,42,,,,,「……ねえ、優哉ちゃん。それって何のこと？」
79700 ,,,,,,,優哉,優哉,,manaka,,42,,,,,「いや、なんでもない。それより愛歌も疲れたろ？」
79800 ,,,,,,,愛歌,愛歌,01man528_167.wav,manaka,,90,,,,,「ちょっとだけ……でもこうしてると幸せ……」
79900 ,,,,,,,優哉,優哉,,manaka,,90,,,,,「…………」
80000 ,,,,,,,愛歌,愛歌,01man528_168.wav,manaka,,1,,,,,「赤ちゃんはまだ早いけどね♪」
80100 ,,,,,,,優哉,優哉,,manaka,,1,,,,,「……だな。うし、帰りは俺がおぶってってやる」
80200 ,,,,,,,愛歌,愛歌,01man528_169.wav,manaka,,6,,,,,「ええっ、いいよぉ。そんなの恥ずかしいし……」
80400 ,,,,,,,優哉,優哉,,manaka,,6,,,,,「ついでに言っておくと、俺の背中は彼女専用シート
　だからな」
80500 ,,,,,,,愛歌,愛歌,01man528_170.wav,manaka,,0,,,,,「優哉ちゃん……」
80600 ,,,,,,,優哉,優哉,,manaka,,0,,,,,「ついでのついでに言っておくと、あれだ」
80700 ,,,,,,,愛歌,愛歌,01man528_171.wav,manaka,,42,,,,,「え？」
80900 ,,,,,,,優哉,優哉,,manaka,,42,,,,,「また今度一緒に……デートしような」
81000 ,,,,,,,愛歌,愛歌,01man528_172.wav,manaka,,1,,,,,「……うんっ♪」
81290 ,,<!Lend_day_change>,0,9000,,,,,,,,,,,,,
81299 ,,<!ec_manaka_pri>,,,,,,,,,,,,,,,
81300 ,@529,,,,,,,,,,,,,,,,
81600 ,,<!Lbegin_day_change>,7,500,,,優哉,優哉,,,,,,,,,「ふぅ、今日は温泉部全員集合の日だったな……」
81700 ,,,,,,,,,,,,,,,,,　案の定、この日は朝から気だるかった。
81800 ,,,,,,,,,,,,,,,,,　集合は午後からだったが、愛歌から先に二人で
　温泉に入っていようという提案があり。
81900 ,,,,,,,,,,,,,,,,,　集合時間を無視して、朝早くから出発することに
　なった。
82000 ,,,,,,,優哉,優哉,,,,,,,,,「うし、今日は３０分前に出るか」
82100 ,,,,,,,,,,,,,,,,,　待ち合わせ場所はいつもの自宅前。
82200 ,,,,,,,,,,,,,,,,,　今日は俺が愛歌を待つ番だ。
82400 ,,<!move_short>,,5100,,,愛歌,愛歌,01man529_001.wav,"manaka,coat",,90,,,,,「優哉ちゃん、おはよー。昨日はよく眠れた？」
82500 ,,,,,,,,,,manaka,,90,,,,,　……そして早々と惨敗。
82600 ,,,,,,,,,,manaka,,90,,,,,　一体、何分前から待ってたんだ？
82700 ,,,,,,,優哉,優哉,,manaka,,90,,,,,「お前、家を出るの早すぎ。まだ３０分前だぞ？」
82800 ,,,,,,,愛歌,愛歌,01man529_002.wav,manaka,,1,,,,,「えへへ♪　今日はなんだか早く目が覚めちゃって▼」
82900 ,,,,,,,,,,manaka,,1,,,,,　こちらへ駆け寄ってくる愛歌の背後で、
　秋香さんが見送りに顔を出す。
83000 ,,,,,,,秋香,秋香,11aki529_001.wav,"akika,private",,0,,,,,「……優哉くん、愛歌をよろしくね」
83100 ,,,,,,,優哉,優哉,,akika,,0,,,,,「はい。秋香さんも午後から来るんですよね？」
83200 ,,,,,,,秋香,秋香,11aki529_002.wav,akika,,0,,,,,「ええ。二人の邪魔をしたら悪いものね」
83300 ,,,,,,,優哉,優哉,,akika,,0,,,,,「え……」
83400 ,,,,,,,,,,akika,,0,,,,,　実際は驚くようなところでもない。
83500 ,,,,,,,,,,akika,,0,,,,,　でも俺はこのとき、秋香さんの反応を意外だと
　感じていた。
83600 ,,,,,,,,,,akika,,0,,,,,　今までの誘惑モードな秋香さんの印象が強かった
　からかな……。
83700 ,,,,,,,,,,akika,,0,,,,,　普通の母親としては、これが当たり前の反応なの
　だけれど。
83800 ,,,,,,,秋香,秋香,11aki529_003.wav,akika,,1,,,,,「そうそう、二人にお弁当をつくったの。
　これ、持っていって食べて？」
83900 ,,,,,,,,,,akika,,1,,,,,　そう言って秋香さんは、それぞれに包んだ弁当箱を
　差し出してくる。
84000 ,,,,,,,愛歌,愛歌,01man529_003.wav,akika,,1,manaka,,1,,「ありがとう、お母さん♪」
84100 ,,,,,,,,,,akika,,1,manaka,,1,,　それをなんの迷いもなく受け取る愛歌。
84200 ,,,,,,,,,,akika,,1,manaka,,1,,　愛歌から一拍遅れ、俺もその弁当箱を受け取った。
84300 ,,,,,,,優哉,優哉,,akika,,1,manaka,,1,,「ありがとうございます」
84400 ,,,,,,,秋香,秋香,11aki529_004.wav,akika,,0,manaka,,1,,「いえいえ」
84500 ,,,,,,,,,,akika,,0,manaka,,1,,　穏やかに笑みを浮かべ、秋香さんは俺たちから
　一歩下がる。
84600 ,,,,,,,愛歌,愛歌,01man529_004.wav,akika,,0,manaka,,42,,「……どうしたの、お母さん？
　なんだか今日は静かな気がするけど……」
84700 ,,,,,,,秋香,秋香,11aki529_005.wav,akika,,2,manaka,,42,,「そう？」
84800 ,,,,,,,愛歌,愛歌,01man529_005.wav,akika,,2,manaka,,3,,「うん。いつもはもっと優哉ちゃんにベタベタして
　くるのに……」
84900 ,,,,,,,秋香,秋香,11aki529_006.wav,akika,,1,manaka,,3,,「バカねえ。
　娘の彼氏に本気で手を出したりしないわよ▼」
85000 ,,,,,,,,,,akika,,1,manaka,,3,,　愛歌の言うとおり、秋香さんにいつものキレが
　なかった。
85100 ,,,,,,,,,,akika,,1,manaka,,3,,　……いや、これが本当の秋香さんなんだろうか？
85200 ,,,,,,,,,,akika,,1,manaka,,3,,　今までは本当に愛歌の友達という感じだったが、
　今は母親という言葉がぴったり合う。
85300 ,,,,,,,秋香,秋香,11aki529_007.wav,akika,,0,manaka,,3,,「あ、少し待っていてね。
　せっかくだし、二人の写真を撮ってあげるわ」
85400 ,,,,,,,,,,manaka,,3,,,,,　秋香さんは小走りに自宅へ入り、
　使い捨てのカメラを手に戻ってくる。
85500 ,,,,,,,愛歌,愛歌,01man529_006.wav,manaka,,3,,,,,「写真なんて携帯で撮ればいいのにー」
85600 ,,,,,,,秋香,秋香,11aki529_008.wav,akika,,4,,,,,「そんなのダメよ。綺麗に写真として残したいもの」
85700 ,,,,,,,愛歌,愛歌,01man529_007.wav,manaka,,0,,,,,「じゃあせっかくだし、お母さんも一緒に写ろっ」
85800 ,,,,,,,秋香,秋香,11aki529_009.wav,akika,,3,,,,,「私はいいわ……ほら、二人ともにっこり笑って？」
85900 ,,,,,,,,,,akika,,3,,,,,　秋香カメラマンの指示に従い、俺たちは肩を並べて
　カメラを構えた秋香さんに正対した。
86000 ,,,,,,,秋香,秋香,11aki529_010.wav,akika,,1,,,,,「じゃあ、撮るわよー？　はい、チーズ▼」
86100 ,,,,,,,,,,akika,,1,,,,,　そうして俺たちは笑顔の状態を保持する。
86200 ,,,,,,,愛歌,愛歌,01man529_008.wav,manaka,,3,,,,,「……あれ、撮れてる？」
86300 ,,,,,,,秋香,秋香,11aki529_011.wav,akika,,3,,,,,「おかしいわね。フィルムはまだあるはずなのに」
86400 ,,,,,,,愛歌,愛歌,01man529_009.wav,akika,,3,manaka,,4,,「お母さん、そのカメラ見せて？」
86500 ,,,,,,,,,,akika,,3,manaka,,4,,　秋香さんからカメラを受け取った愛歌は、
　その背面を見て首を傾げる。
86600 ,,,,,,,,,,akika,,3,manaka,,4,,　ジジジジッ、ジジジジッ……。
86700 ,,,,,,,愛歌,愛歌,01man529_010.wav,akika,,3,manaka,,0,,「あっ、フィルム巻いてなかったんだよー」
86800 ,,,,,,,秋香,秋香,11aki529_012.wav,akika,,0,manaka,,0,,「あら、そうだったの。
　ごめんなさいね。今度こそ、きちんと撮るわ」
86900 ,,,,,,,愛歌,愛歌,01man529_011.wav,akika,,0,manaka,,90,,「もぉ、お母さんはおっちょこちょいなんだからー」
87000 ,,,,,,,,,,akika,,0,manaka,,90,,　いつもとは反対の立場になり、愛歌はおかしそうに
　笑いながらカメラを返す。
87100 ,,,,,,,秋香,秋香,11aki529_013.wav,akika,,1,,,,,「それじゃあ、撮るわね」
87200 ,,,,,,,,,,akika,,1,,,,,　秋香さんは再びカメラを構え、今度はスムーズに
　撮影が成功した。
87300 ,,,,,,,,,,akika,,1,,,,,　俺も、慣れない笑顔を作り続けるのは地味に
　ツラかったが。
87400 ,,,,,,,秋香,秋香,11aki529_014.wav,akika,,0,,,,,「うふふっ♪　今度は上手く撮れたわ。
　今日中に現像して、二人にも渡すわね」
87500 ,,,,,,,愛歌,愛歌,01man529_012.wav,akika,,0,manaka,,42,,「今日は温泉なんだし、現像はそんなに急がなくても
　いいのに……」
87600 ,,,,,,,秋香,秋香,11aki529_015.wav,akika,,0,manaka,,42,,「だってどんな風に撮れているか気になるじゃない。
　もしかしたら愛歌が途中で切れてるかもしれないし」
87700 ,,,,,,,愛歌,愛歌,01man529_013.wav,akika,,0,manaka,,7,,「むー！　お母さんはすぐそうやって意地悪してー」
87800 ,,,,,,,,,,akika,,0,manaka,,7,,　俺の考えすぎか。いつもの秋香さんみたいだな。
87900 ,,,,,,,秋香,秋香,11aki529_016.wav,akika,,4,manaka,,7,,「ごめんなさいね、時間をとらせちゃって」
88000 ,,,,,,,愛歌,愛歌,01man529_014.wav,akika,,4,manaka,,1,,「ううんっ。じゃあ、いってくるね♪」
88100 ,,,,,,,優哉,優哉,,akika,,4,manaka,,1,,「いってきます」
88200 ,,,,,,,秋香,秋香,11aki529_017.wav,akika,,1,manaka,,1,,「ええ、いってらっしゃい▼」
88300 ,,,,,,,,,,akika,,1,,,,,　いつもの太陽のような笑顔に見送られ、
　俺たちは二人ですみさきへと向かった……。
88590 ,,<!Lend_move>,0,9000,,,,,,,,,,,,,
88600 ,@530,,,,,,,,,,,,,,,,
88900 ,,<!Lbegin_move>,8,1200,,,,,,"manaka,coat",,0,,,,,　午前中、まったりと混浴を済ませた俺たちは、
　午後の部の待ち合わせ場所であるすみさきの
　ロビーでみんなの到着を待っていた。
89000 ,,,,,,,愛歌,愛歌,01man530_001.wav,manaka,,0,,,,,「みんな、来るの遅いね～？」
89100 ,,,,,,,優哉,優哉,,manaka,,0,,,,,「まだ３０分も前だぞ？
　お前の待ち合わせ感覚は少しズレすぎだ」
89200 ,,,,,,,愛歌,愛歌,01man530_002.wav,manaka,,90,,,,,「あっ……時間もちょうどいいし、お母さんのお弁当を
　食べて待ってよっか？」
89300 ,,,,,,,優哉,優哉,,manaka,,90,,,,,「ああ、それがいいな。悠が来るとうるさいから、
　今のうちに食っちまおう」
89400 ,,,,,,,,,,manaka,,90,,,,,　そうしてロビー脇にある休憩室に移動し、
　弁当を食べることにした俺たち。
89500 ,,,,,,,,,,manaka,,90,,,,,　秋香さんの手製なら、味の方に不安はない。
89600 ,,,,,,,愛歌,愛歌,01man530_003.wav,manaka,,42,,,,,「なんだか、こういうのっていいね……」
89700 ,,,,,,,優哉,優哉,,manaka,,42,,,,,「あん？　どうしたよ、急に……」
89800 ,,,,,,,愛歌,愛歌,01man530_004.wav,manaka,,0,,,,,「こうやってどんどん、二人で新しい思い出ができて
　いくのっていいなーと思って▼」
89900 ,,,,,,,優哉,優哉,,manaka,,0,,,,,「まあな」
90000 ,,,,,,,愛歌,愛歌,01man530_005.wav,manaka,,42,,,,,「これからもいっぱい、素敵な思い出を作れたら
　いいな……」
90100 ,,,,,,,優哉,優哉,,manaka,,42,,,,,「お前は大げさだって。思い出なんて、これから
　いくらでも作っていけるさ」
90200 ,,,,,,,愛歌,愛歌,01man530_006.wav,manaka,,90,,,,,「私、ぜったいに忘れないよ。
　昨日のことも、今日のことも……」
90300 ,,,,,,,優哉,優哉,,manaka,,90,,,,,「いいから食え食え。しっかり覚えておけよ。
　この弁当のカロリーも」
90400 ,,,,,,,愛歌,愛歌,01man530_007.wav,manaka,,3,,,,,「えー、そんな思い出はいらないよぉ」
90500 ,,,,,,,,,,manaka,,3,,,,,　愛歌は膨れながら弁当の蓋に手をかける。
90700 ,,<!se_ch_keitai_ring>,,,,,愛歌,愛歌,01man530_008.wav,manaka,,3,,,,,「あれ、電話だ……」
90800 ,,,,,,,優哉,優哉,,manaka,,3,,,,,「また秋香さんか？」
90900 ,,,,,,,愛歌,愛歌,01man530_009.wav,manaka,,4,,,,,「ううん……親戚の伯母さんから……どうしたんだろ、
　伯母さんから私にかかってくるなんて」
91000 ,,,,,,,優哉,優哉,,manaka,,4,,,,,「とりあえず、出てみろよ。
　携帯の調子が心配だが……」
91100 ,,,,,,,愛歌,愛歌,01man530_010.wav,manaka,,90,,,,,「うん。優哉ちゃんは先にお弁当食べちゃってて」
91200 ,,<se_stop id=1>,,,,,,,,manaka,,90,,,,,　そんな気分にはなれず、俺は愛歌の応対の様子を
　見守ることにした。
91400 ,,<!se_keitai_pi>,,,,,愛歌,愛歌,01man530_011.wav,manaka,,4,,,,,「はい……そうです、愛歌です。
　伯母さん、どうしたの？」
91500 ,,,,,,,,,,manaka,,4,,,,,　よほど大きな声で話しているのか、離れていても
　伯母の声らしきものが聞こえてきている。
91600 ,,,,,,,,,,manaka,,4,,,,,　愛歌は真剣な表情でそれを聞き、そして次の瞬間、
91700 ,,,12,,,,愛歌,愛歌,01man530_012.wav,manaka,,2,,,,,「えっ、お母さんが！？」
91800 ,,,,,,,,,,manaka,,2,,,,,　一転して険しい顔つきになり、愛歌は声を張り上げ
　る。
91900 ,,,,,,,,,,manaka,,2,,,,,　その様子からも、決していい内容の話でないことは
　予想できた。
92000 ,,,,,,,愛歌,愛歌,01man530_013.wav,manaka,,4,,,,,「はい……はい……分かりました、これからすぐに
　向かいます……」
92100 ,,,,,,,優哉,優哉,,manaka,,4,,,,,「どうした、愛歌？　伯母さんはなんだって？」
92200 ,,,,,,,,,,manaka,,4,,,,,　通話を終え、携帯を手にしたまま固まっている
　愛歌の肩を揺すぶる。
92300 ,,,,,,,愛歌,愛歌,01man530_014.wav,manaka,,3,,,,,「お母さんが……」
92400 ,,,,,,,優哉,優哉,,manaka,,3,,,,,「秋香さんが？　秋香さんがどうした！」
92500 ,,,,,,,愛歌,愛歌,01man530_015.wav,manaka,,5,,,,,「お母さんが……倒れて病院に運ばれたって……」
92600 ,,,,,,,優哉,優哉,,manaka,,5,,,,,「！？」
92700 ,,,,,,,愛歌,愛歌,01man530_016.wav,manaka,,5,,,,,「優哉ちゃん、私行かなきゃ……私、お母さんの
　ところに行かなきゃ……」
92800 ,,,,,,,,,,manaka,,5,,,,,　言葉ばかりが先走って、愛歌はただ身体を震わせる
　だけだった。
92900 ,,,,,,,,,,manaka,,5,,,,,　それを力任せに抱きしめ、放心状態の愛歌に問いか
　ける。
93000 ,,,,,,,優哉,優哉,,manaka,,5,,,,,「どこの病院だ？　俺も一緒に行ってやる」
93100 ,,,,,,,愛歌,愛歌,01man530_017.wav,manaka,,40,,,,,「優哉ちゃ……お母さん……お母さんがぁ……」
93200 ,,,,,,,優哉,優哉,,manaka,,40,,,,,「いいから落ち着け！」
93300 ,,,,,,,,,,manaka,,40,,,,,　泣き始めてしまった愛歌から病院の名前を聞き出し、
　距離的なことも考えてタクシーを呼んだ。
93400 ,,,,,,,,,,manaka,,40,,,,,　同時に悠には、今日の集まりは中止にするよう
　連絡を入れる。
93500 ,,,,,,,優哉,優哉,,manaka,,40,,,,,（秋香さんが倒れたって……）
93600 ,,,,,,,,,,manaka,,40,,,,,　今朝まで元気だった姿を思い出し、最悪の事態を
　頭からかき消す。
93800 ,,<!move_short>,,13411,,,,,,,,,,,,,　タクシーで病院に向かう間、俺たちは一言も話さずに
　身を寄せ合っていた。
93900 ,,,,,,,,,,,,,,,,,　車のサイドガラスを流れる風景さえ、
　まともに視界へ入らないまま。
94000 ,,,,,,,,,,,,,,,,,　――秋香さんなら大丈夫。
94100 ,,,,,,,,,,,,,,,,,　俺と愛歌の手が、共通の思いを宿して祈るように
　結ばれていた。
94200 ,,,,,,,,,,,,,,,,,　そんな俺たちを乗せ、タクシーは淡々と走り続ける。
94300 ,,,,,,,,,,,,,,,,,　それは短いようで長く。
94400 ,,,,,,,,,,,,,,,,,　終わりが来るのか不安になるほどに長く。
94500 ,,,,,,,,,,,,,,,,,　俺たちを、その先にある現実へと運んでいた……。
94700 ,,<!move_normal>,,10101,,,,,,,,,,,,,　市街地から離れ、山間にある小さな診療所。
94800 ,,,,,,,,,,,,,,,,,　ここに来たのは初めてではなかった。
94900 ,,,,,,,,,,,,,,,,,　子供の頃、千紗たちの母親である千鶴さんがここで
　治療を受け、何度か見舞いのために訪れていた。
95000 ,,,,,,,,,,,,,,,,,　目立った立て看板はない。
95100 ,,,,,,,,,,,,,,,,,　秋香さんが、大した設備もないこの場所へ運ばれた
　理由を、俺たちは無言の中で探っていた。
95200 ,,,,,,,,,,,,,,,,,　入り口まで来て、急に愛歌の足が臆病になる。
95300 ,,,,,,,優哉,優哉,,,,,,,,,「……大丈夫だ」
95400 ,,,,,,,,,,,,,,,,,　辛うじてかけたその言葉も、一時的な麻酔代わりに
　しかならなかった。
95500 ,,,,,,,,,,,,,,,,,　『面会謝絶』
95600 ,,,,,,,,,,,,,,,,,　数少ない病室のドアに掛けられた札。
95700 ,,,,,,,,,,,,,,,,,　受付で話は聞いていたが、居ても立っても居られずに
　病室の前まで足を運んでいた。
95800 ,,,,,,,,,,,,,,,,,　先に診療所へ来ていた伯母さんの話では、命の別状は
　ないとのことだった。
95900 ,,,,,,,,,,,,,,,,,　詳しい検査の結果などは明日、担当の医師から
　説明があるらしい。
96000 ,,,,,,,,,,,,,,,,,　その話を聞いて、愛歌はほんの少しほっとした
　表情を浮かべていた。
96100 ,,,,,,,,,,,,,,,,,　今は大事をとって面会謝絶となっているが、
　明日には面会できるという話だ。
96200 ,,,,,,,,,,,,,,,,,　結局、今日は泊まって付き添うこともできず、
　俺たちは明日また出直すことになった。
96300 ,,,,,,,,,,,,,,,,,　伯母さんは帰り際、愛歌にたくさんの写真が入った
　袋を手渡していた。
96400 ,,,,,,,,,,,,,,,,,　秋香さんが倒れたときに持っていたもので、
　それには今朝、家の前で撮った写真も入って
　いた。
96500 ,,,,,,,,,,,,,,,,,　どうやら秋香さんは、写真のフィルムを現像した
　帰りに倒れ、ここに運ばれたようだ。
96600 ,,,,,,,,,,,,,,,,,　愛歌はそれを大事に抱きしめ、帰りのタクシーに
　乗った。
96700 ,,,,,,,,,,,,,,,,,　帰りもやはり、車内で会話はなかった……。
96900 ,,<!move_normal_r>,,5102,,,優哉,優哉,,manaka,,4,,,,,「ひとりでも平気か？」
97000 ,,,,,,,愛歌,愛歌,01man530_018.wav,manaka,,3,,,,,「……うん、大丈夫。今日はありがとう」
97100 ,,,,,,,愛歌,愛歌,01man530_019.wav,manaka,,5,,,,,「私、優哉ちゃんがいなかったら、ひとりでオロオロ
　してなにもできなかったと思う……」
97200 ,,,,,,,優哉,優哉,,manaka,,5,,,,,「そんなこと気にすんな。
　それより今日はきちんと休んでおけよ？」
97300 ,,,,,,,優哉,優哉,,manaka,,5,,,,,「それで明日、学校は遅刻して、朝一であの診療所へ
　行こう？」
97400 ,,,,,,,愛歌,愛歌,01man530_020.wav,manaka,,4,,,,,「うん……お母さん、大丈夫だよね？」
97500 ,,,,,,,優哉,優哉,,manaka,,4,,,,,「ああ。すぐ元気な顔が見られるさ」
97600 ,,,,,,,,,,manaka,,4,,,,,　気休めを言う傍ら、俺はあの診療所がもうひとつ、
　違った目的を持った施設であることを思い出して
　いた。
97700 ,,,,,,,,,,manaka,,4,,,,,　あそこは普通の診療や検査もする一方で、患者の
　心身の苦痛を緩和するためのケアも行っている。
97800 ,,,,,,,,,,manaka,,4,,,,,　終末医療施設――別名・ホスピス。
97900 ,,,,,,,,,,manaka,,4,,,,,　……今はただ、秋香さんの病状が心配だった。
98190 ,,<!Lend_scene_change>,0,9000,,,,,,,,,,,,,
98200 ,@531,,,,,,,,,,,,,,,,
98590 ,$heroine_begin,,,,,,,,,,,,,,,,
98600 ,,<!Lbegin_scene_change>,10,5213,,,,,,,,,,,,,　家の前で優哉ちゃんと別れてから、
　何時間が経ったんだろう？
98700 ,,,,,,,,,,,,,,,,,　そんなことを思って時計に目を移すと、
　１０分しか経っていなかった。
98800 ,,,,,,,,,,,,,,,,,　部屋の空気が薄い。
98900 ,,,,,,,,,,,,,,,,,　深呼吸をしても、肺に穴が空いているみたいに
　息苦しかった。
99000 ,,,,,,,愛歌,愛歌,01man531_001.wav,,,,,,,,「……お母さん？」
99100 ,,,,,,,,,,,,,,,,,　名前を呼んだら笑顔のあの人が現れそうな気がして、
　私は何度も呼びかけを続けた。
99200 ,,,,,,,,,,,,,,,,,　今までお母さんと二人で暮らしてきて、
　寂しいと感じたことはなかった。
99300 ,,,,,,,,,,,,,,,,,　でも。
99400 ,,,,,,,,,,,,,,,,,　私は今、独りだった。
99500 ,,,,,,,,,,,,,,,,,　優哉ちゃんがそばにいてくれる……それだけで
　幸せだと思っていた。
99600 ,,,,,,,,,,,,,,,,,　そこにはいつも、あの人の……お母さんの温もりが
　あったから。
99700 ,,,,,,,,,,,,,,,,,　お母さんの部屋に行くと、一冊のアルバムが床に
　開いたまま置かれていた。
99800 ,,,,,,,,,,,,,,,,,　そこには私の生まれてから今日までの写真が、
　一言を添えて貼られていた。
99900 ,,,,,,,,,,,,,,,,,　お母さんに抱かれた赤ん坊の私。
100000 ,,,,,,,,,,,,,,,,,『名前は愛歌。母親に似て、かわいい娘です▼』
100100 ,,,,,,,,,,,,,,,,,『あなたが、大切な人を真っ直ぐに愛せる、
　強い女の子になれますように』
100300 ,,,,,,,,,,,,,,,,,　神社で、七五三のお宮参りをしている私。
100400 ,,,,,,,,,,,,,,,,,『優哉くんと手をつないで少し緊張気味？』
100500 ,,,,,,,,,,,,,,,,,『このあと、千歳飴をおいしそうになめてました。
　お母さんもなめたかったよー』
100700 ,,,,,,,,,,,,,,,,,　初めて優哉ちゃんと二人でお祭りに行った私。
100800 ,,,,,,,,,,,,,,,,,『今年から優哉くんと二人で星の河原祭りへ』
100900 ,,,,,,,,,,,,,,,,,『ごめんね。
　心配でお母さん、二人のあとをつけていたの』
101100 ,,,,,,,,,,,,,,,,,『でもよかったね。
　迷子になったのを優哉くんに見つけてもらえて▼』
101300 ,,,,,,,,,,,,,,,,,　中学生の入学式。
101400 ,,,,,,,,,,,,,,,,,『今日からセーラー服！　とっても似合ってます♪』
101500 ,,,,,,,,,,,,,,,,,『素敵な思い出をたくさんつくってね』
101600 ,,,,,,,,,,,,,,,,,　いつの間に、こんなたくさんの写真を撮っていたん
　だろう？
101700 ,,,,,,,,,,,,,,,,,　少し色褪せていた写真が、私の成長と共に鮮明な色に
　変わっていった。
101800 ,,,,,,,,,,,,,,,,,　番組収録の現場で。
101900 ,,,,,,,,,,,,,,,,,『今日はがんばったね。
　本当に今日のあなたは素敵でした』
102100 ,,,,,,,,,,,,,,,,,『もう、お母さんの助けなんていらないのかな？』
102200 ,,,,,,,,,,,,,,,,,『日に日に大人になっていくあなたを感じています』
102300 ,,,,,,,,,,,,,,,,,　今年の星の河原祭り。
102400 ,,,,,,,,,,,,,,,,,『今日のあなたは、誰よりも一番綺麗でした』
102500 ,,,,,,,,,,,,,,,,,『そしてこの日、あなたが流した涙も』
102600 ,,,,,,,,,,,,,,,,,『一番、綺麗でした』
102700 ,,,,,,,,,,,,,,,,,　最後は写真が貼られずに、文字だけが書いてあった。
102800 ,,,,,,,,,,,,,,,,,『この写真を撮るとき、お母さんは泣きそうでした』
102900 ,,,,,,,,,,,,,,,,,『よかったね。本当によかったね』
103000 ,,,,,,,,,,,,,,,,,『これからもずっと、優哉くんのそばでその笑顔を
　見せてください』
103200 ,,,,,,,,,,,,,,,,,　……伯母さんに渡された写真の中には、
　そこへ貼るはずだった今朝の写真があった。
103300 ,,,,,,,,,,,,,,,,,　そこでの私は、本当に当たり前のように笑っていて。
103400 ,,,,,,,,,,,,,,,,,　この写真を撮ってくれたお母さんの思いが……
　胸に痛いほど伝わってきた。
103500 ,,,,,,,愛歌,愛歌,01man531_002.wav,,,,,,,,「どうして……」
103600 ,,,,,,,,,,,,,,,,,　大きくなってから、私とお母さんが一緒に撮った
　写真は一枚もなかった。
103700 ,,,,,,,,,,,,,,,,,　私はお母さんがこんなことになるまで、
　そのことになんの疑問も持たなかった。
103800 ,,,,,,,,,,,,,,,,,　その存在が身近にありすぎて。
103900 ,,,,,,,,,,,,,,,,,　当たり前が当たり前になりすぎて。
104000 ,,,,,,,愛歌,愛歌,01man531_003.wav,,,,,,,,「……退院したら……一緒に写真撮ろうね？」
104100 ,,,,,,,,,,,,,,,,,　届くはずのない言葉を、アルバムに語りかける。
104200 ,,,,,,,,,,,,,,,,,　しばらくして、今朝お母さんが持たせてくれた
　お弁当のことを思い出した。
104300 ,,,,,,,,,,,,,,,,,　食欲はなかったけれど、お母さんが作ってくれた
　お弁当を無駄にはしたくなかった。
104400 ,,,,,,,,,,,,,,,,,　溢れてくる涙を拭いながら、お弁当箱の蓋を開ける。
104500 ,,,,,,,,,,,,,,,,,　その瞬間、抑えきれなくなった感情が溢れ出して
　くる。
104600 ,,,,,,,愛歌,愛歌,01man531_004.wav,,,,,,,,「っ……っ……お母さん……お母さぁん……」
104700 ,,,,,,,,,,,,,,,,,　冷たくなってしまったお弁当。
104800 ,,,,,,,,,,,,,,,,,　ピンク色の＜田麩＝でんぶ＞で３匹のブタが白いご飯の上に
　描かれていた。
104900 ,,,,,,,,,,,,,,,,,　ブーヤちゃんと、マナブタと、そして……私が名前を
　教えたら怒ってしまったアキブタちゃん。
105000 ,,,,,,,,,,,,,,,,,　仲良く並んだ３匹を見て、ずっと私を見守ってくれて
　いたお母さんの存在の大きさを思い知った。
105100 ,,,,,,,,,,,,,,,,,　早くお母さんの声が聞きたい……。
105200 ,,,,,,,,,,,,,,,,,　元気なあの人の笑顔が……見たい。
105490 ,,<!Lend_night>,0,9000,,,,,,,,,,,,,
105499 ,$heroine_end,,,,,,,,,,,,,,,,
105500 ,@532,,,,,,,,,,,,,,,,
105800 ,,<!Lbegin_day_change>,2,5100,,,優哉,優哉,,"manaka,uniform",,4,,,,,「昨日はちゃんと寝たのか？」
105900 ,,,,,,,愛歌,愛歌,01man532_001.wav,manaka,,42,,,,,「……うん。元気だよ、ほら♪」
106000 ,,,,,,,,,,manaka,,42,,,,,　すぐに強がりだと分かる笑みを浮かべ、
　愛歌は先を急ごうとする。
106100 ,,,,,,,,,,manaka,,42,,,,,　学園には既に遅刻することを連絡してあるが、
　欠席するべきだったと今になって後悔した。
106200 ,,,,,,,,,,manaka,,42,,,,,　こんな愛歌を見ていられない。
106300 ,,,,,,,,,,manaka,,42,,,,,　きっと悠たちの前でも、無理をして強がる姿が
　想像できたから。
106400 ,,,,,,,愛歌,愛歌,01man532_002.wav,manaka,,4,,,,,「それより早くお母さんのところへ行かないと……」
106500 ,,,,,,,優哉,優哉,,manaka,,4,,,,,「ああ……」
106600 ,,,,,,,,,,manaka,,4,,,,,　ひとりでは歩き出せない愛歌に寄り添い、
　昨日と同じようにタクシーへ乗り込む。
106700 ,,,,,,,,,,manaka,,4,,,,,　俺の手を握る愛歌の力は、昨日よりもずっと
　強かった。
106900 ,,<!move_short>,,13410,,,愛歌,愛歌,01man532_003.wav,,,,,,,,「ずいぶん、＜紅葉＝こうよう＞も進んできたねー」
107000 ,,,,,,,優哉,優哉,,,,,,,,,「…………」
107100 ,,,,,,,愛歌,愛歌,01man532_004.wav,,,,,,,,「どうしたの、優哉ちゃん？
　朝から元気ないけど……」
107200 ,,,,,,,,,,,,,,,,,　診療所へ向かう間、愛歌は無駄に饒舌だった。
107300 ,,,,,,,,,,,,,,,,,　それが俺にとっては逆に痛々しく、かける言葉を
　失わせていた。
107400 ,,,,,,,,,,,,,,,,,　――無理すんなよ。
107500 ,,,,,,,,,,,,,,,,,　その一言を口にしていいのかすら分からない。
107600 ,,,,,,,,,,,,,,,,,　俺は幼なじみとして、愛歌に何をしてやるべきなん
　だろうか？
107700 ,,,,,,,愛歌,愛歌,01man532_005.wav,,,,,,,,「そんなに暗い顔してたら、頬っぺをぐに～って
　しちゃうから▼」
107800 ,,,,,,,,,,,,,,,,,　……いや、無理に何かをする必要はないのか。
107900 ,,,,,,,,,,,,,,,,,　今はこいつのそばにいてやるだけで……。
108100 ,,<!move_normal>,,10100,,,,,,manaka,,4,,,,,　タクシーを降りると、ひとりの女医さんが診療所の
　前で植物に水をやっているのが見えた。
108200 ,,,,,,,,,,manaka,,4,,,,,　足が鉛のように重い。
108300 ,,,,,,,,,,manaka,,4,,,,,　それまで元気に話していた愛歌も、なかなか歩き
　だそうとしない。
108400 ,,,,,,,女医,女医,26joy532_001.wav,manaka,,4,,,,,「あら、もしかしてあなたが秋里さんの娘さん？
　確か……愛歌さんだったかしら？」
108500 ,,,,,,,愛歌,愛歌,01man532_006.wav,manaka,,4,,,,,「あ、はい。そうですっ。秋里愛歌ですっ……」
108600 ,,,,,,,,,,manaka,,4,,,,,　声をかけてきた女医さんに、愛歌は小走りで駆け
　寄っていった。
108700 ,,,,,,,,,,manaka,,4,,,,,　俺もすぐそれに続き、二人で女医さんを囲む。
108800 ,,,,,,,女医,女医,26joy532_002.wav,manaka,,4,,,,,「あなたのことを待っていたの。
　お母さまの詳しい話はここでいいかしら？」
108900 ,,,,,,,,,,manaka,,4,,,,,　あえて診察室で話をしないのは、若い俺たちを
　緊張させないための配慮らしかった。
109000 ,,,,,,,女医,女医,26joy532_003.wav,manaka,,4,,,,,「驚かないで聞いてほしいんだけど……」
109100 ,,,,,,,,,,manaka,,4,,,,,　短い前置きをしたあと、女医さんは手にしていた
　＜如雨露＝じょうろ＞を置いてこちらを見る。
109200 ,,,,,,,,,,manaka,,4,,,,,　感情を完全に押し殺した無表情だった。
109300 ,,,,,,,女医,女医,26joy532_004.wav,manaka,,4,,,,,「あなたのお母さん……秋里秋香さんは……
　記憶を失っているの」
109400 ,,,,,,,愛歌,愛歌,01man532_007.wav,manaka,,3,,,,,「……記憶を？」
109500 ,,,,,,,女医,女医,26joy532_005.wav,manaka,,3,,,,,「ええ。全ての記憶ではなく、部分的な記憶が欠落し
　ている状態……特にここ十年前後の記憶が失われて
　いるようだわ」
109600 ,,,,,,,愛歌,愛歌,01man532_008.wav,manaka,,15,,,,,「そんな、どうして記憶が……事故ですか？
　病気ですか？」
109700 ,,,,,,,女医,女医,26joy532_006.wav,manaka,,15,,,,,「……病気よ。それともうひとつ」
109800 ,,,,,,,,,,manaka,,15,,,,,　女医さんは初めて口元を歪め、言葉を続ける。
109900 ,,,,,,,女医,女医,26joy532_007.wav,manaka,,15,,,,,「秋香さんは今、新しく物事を記憶できない状態なの」
110000 ,,,,,,,愛歌,愛歌,01man532_009.wav,manaka,,3,,,,,「物事を……記憶できない？」
110100 ,,,,,,,女医,女医,26joy532_008.wav,manaka,,3,,,,,「具体的に言えば、朝食を食べたばかりなのに、
　すぐまた催促をしたり、あとはトイレとかも
　そうね」
110200 ,,,,,,,女医,女医,26joy532_009.wav,manaka,,3,,,,,「だから秋香さんの記憶は、完全に十年ほど前の
　状態のまま止まってしまっているの」
110300 ,,,,,,,,,,manaka,,3,,,,,　あまりに現実からかけ離れた説明に、俺も愛歌も
　反応できなかった。
110400 ,,,,,,,,,,manaka,,3,,,,,　症状は部分的な記憶喪失、そして新たな情報を記憶
　できない記憶保持の障害。
110500 ,,,,,,,,,,manaka,,3,,,,,　生死の境を彷徨っている病気を想像していた俺たち
　にとって、それは実感しがたい内容だった。
110600 ,,,,,,,優哉,優哉,,manaka,,3,,,,,「それで……記憶は戻るんですか？
　また新しく記憶できるようになるんですか？」
110700 ,,,,,,,女医,女医,26joy532_010.wav,manaka,,3,,,,,「それは現時点では判断できないの……たださっきも
　話したように、秋香さんの記憶は十年前の辺りで止
　まっているわ」
110800 ,,,,,,,女医,女医,26joy532_011.wav,manaka,,3,,,,,「だから当然、今の愛歌さんを覚えてはいない……」
110900 ,,,,,,,愛歌,愛歌,01man532_010.wav,manaka,,2,,,,,「！？」
111000 ,,,,,,,女医,女医,26joy532_012.wav,manaka,,2,,,,,「秋香さんの記憶では、愛歌さんは小学生の低学年ぐ
　らいまでで成長が止まっているの」
111100 ,,,,,,,女医,女医,26joy532_013.wav,manaka,,2,,,,,「だからあなたが突然、娘を名乗ったりしたら……
　秋香さんは混乱して、さらに記憶の障害が出てし
　まうかもしれないわ」
111200 ,,,,,,,愛歌,愛歌,01man532_011.wav,manaka,,5,,,,,「お母さんの娘としてそばにいたら……いけないって
　ことですか？」
111300 ,,,,,,,女医,女医,26joy532_014.wav,manaka,,5,,,,,「できればしばらくは、ボランティアの女性として
　接してほしいの。あなたはツラいでしょうけど……」
111400 ,,,,,,,,,,manaka,,5,,,,,　話を聞いていても、秋香さんの様子が想像できな
　かった。
111500 ,,,,,,,,,,manaka,,5,,,,,　あの秋香さんが、今の愛歌のことを覚えていない？
111600 ,,,,,,,,,,manaka,,5,,,,,　何かの冗談としか思えない。
111700 ,,,,,,,,,,manaka,,5,,,,,　それでも愛歌は何度か頷き、女医さんの言うとお
　り、実の娘を名乗らないことを承諾した。
111800 ,,,,,,,優哉,優哉,,manaka,,5,,,,,「それで秋香さんは元気なんですか？」
111900 ,,,,,,,女医,女医,26joy532_015.wav,manaka,,5,,,,,「今はすっかり落ち着いているわ。
　面会もできるから、会ってきたらどうかしら？」
112000 ,,,,,,,,,,manaka,,5,,,,,　愛歌にしてみたら、それだけでも救われた気分だっ
　たんだろう。
112100 ,,,,,,,,,,manaka,,5,,,,,　ようやく、強がりでない笑みが浮かべられた。
112200 ,,,,,,,愛歌,愛歌,01man532_012.wav,manaka,,3,,,,,「あのっ……お母さんのこと、よろしくお願いします」
112300 ,,,,,,,女医,女医,26joy532_016.wav,manaka,,3,,,,,「……ええ。お互い、がんばりましょう。愛歌さん」
112400 ,,,,,,,,,,manaka,,3,,,,,　話を終えて診療所へと戻っていく女医さんに、
　愛歌は深々と頭を下げる。
112500 ,,,,,,,,,,manaka,,3,,,,,　一応、一安心……と言っていいんだろうか？
112600 ,,,,,,,優哉,優哉,,manaka,,3,,,,,「とりあえず、まあ……元気なのはよかったな」
112700 ,,,,,,,愛歌,愛歌,01man532_013.wav,manaka,,42,,,,,「うんっ。お母さんが元気ならそれでいい……
　きっと、記憶もすぐに思い出せるよね！」
112800 ,,,,,,,優哉,優哉,,manaka,,42,,,,,「……ああ。そのためにも俺たちががんばらないとな」
112900 ,,,,,,,,,,manaka,,42,,,,,　心に何か引っかかりつつも、愛歌には笑い返す必要
　があった。
113000 ,,,,,,,愛歌,愛歌,01man532_014.wav,manaka,,0,,,,,「優哉ちゃん、病室に行こっ？
　お母さん、私の顔を見て思い出したりしないかな～」
113100 ,,,,,,,優哉,優哉,,manaka,,0,,,,,「…………」
113200 ,,,,,,,愛歌,愛歌,01man532_015.wav,manaka,,90,,,,,「どうしたの、優哉ちゃん？　早く行こうよ～」
113300 ,,,,,,,,,,manaka,,90,,,,,　わざわざ引き返してきて、俺の腕を引いていく愛歌。
113400 ,,,,,,,,,,manaka,,90,,,,,　素直に頷けなかったのは、かつて千鶴さんを看病し
　ていた親父を見ていたからだった。
113500 ,,,,,,,,,,manaka,,90,,,,,　入院している患者と接するのは、本人だけではなく、
　看病する人間にも大きな負担がかかる。
113600 ,,,,,,,,,,manaka,,90,,,,,　俺は心配だった。
113700 ,,,,,,,,,,manaka,,90,,,,,　愛歌の性格から考えて、秋香さんのためにがんばり
　すぎてはしまわないかと。
113800 ,,,,,,,,,,manaka,,90,,,,,　それで自分の身体を壊してしまわないかと……。
113900 ,,,,,,,,,,manaka,,90,,,,,　だからこそ俺が、愛歌を支えてやらなきゃいけない。
114000 ,,,,,,,,,,manaka,,90,,,,,　これから先、
　決して楽な道のりではないだろうから……。
114290 ,,<!Lend_move>,0,9000,,,,,,,,,,,,,
114299 ,,<!ec_manaka_uni>,,,,,,,,,,,,,,,
114300 ,@533,,,,,,,,,,,,,,,,
114700 ,,<!Lbegin_move><!se_room_open>,14,10200,,,,,,,,,,,,,　勢いよく病室のドアを開け、愛歌は躍りこむ。
114800 ,,,,,,,,,,,,,,,,,　開け放たれたドアの向こうには、秋香さんの姉である
　伯母さんの姿と、そして……。
114900 ,,,,,,,秋香,秋香,11aki533_001.wav,"akika,pajamas",,0,,,,,「あら、初めまして。どちらさまでしょう？」
115000 ,,,,,,,,,,akika,,0,,,,,　いつもの悪ふざけなんじゃないかと思える第一声。
115100 ,,,,,,,,,,akika,,0,,,,,　愛歌もどう答えていいか分からず、秋香さんとの
　距離を縮められないまま立ち尽くしていた。
115200 ,,,,,,,優哉,優哉,,akika,,0,,,,,「どうも。しばらく秋香さんのお世話をさせていただ
　くことになった、ユウです」
115300 ,,,,,,,秋香,秋香,11aki533_002.wav,akika,,2,,,,,「それはそれは……よろしくお願いしますね、
　ユウさん」
115400 ,,,,,,,愛歌,愛歌,01man533_001.wav,akika,,2,"manaka,uniform",,3,,「わ、私も同じ……秋香さんのお世話をさせていただ
　くことになったマナですっ」
115500 ,,,,,,,秋香,秋香,11aki533_003.wav,akika,,0,manaka,,3,,「マナさん……あら、私の娘と名前が似ているわ。
　うちの娘は愛歌って言うの。まだ小学校に入った
　ばかりでね」
115600 ,,,,,,,秋香,秋香,11aki533_004.wav,akika,,1,manaka,,3,,「とっても素直でかわいい子なのよ♪
　今頃は学校で授業を受けている頃かしら……」
115700 ,,,,,,,,,,akika,,1,manaka,,3,,　残酷すぎる光景だった。
115800 ,,,,,,,,,,akika,,1,manaka,,3,,　実の娘が目の前にいるというのに、母親は何も
　気付かず、他人行儀に話している。
115900 ,,,,,,,,,,akika,,1,manaka,,3,,　そばにいた伯母さんも、見ていられないといった
　様子で愛歌から顔を背けていた。
116000 ,,,,,,,,,,akika,,1,manaka,,3,,　秋香さんは一応、伯母さんのことは覚えているよう
　だった。
116100 ,,,,,,,,,,akika,,1,manaka,,3,,　十年分の記憶が欠落していても、伯母さんの外見的な
　変化がそれほどなかったためだろう。
116200 ,,,,,,,,,,akika,,1,manaka,,3,,　その辺は、小学生までの記憶しかない愛歌とは違う。
116300 ,,,,,,,愛歌,愛歌,01man533_002.wav,akika,,1,manaka,,5,,「あの……あの……」
116400 ,,,,,,,,,,akika,,1,manaka,,5,,　愛歌は足下に目を落とし、必死に言葉を選んでいる。
116500 ,,,,,,,愛歌,愛歌,01man533_003.wav,akika,,1,manaka,,4,,「秋香さんはっ……私を見て、何か思うことはありま
　せんかっ」
116600 ,,,,,,,優哉,優哉,,akika,,1,manaka,,4,,「おい、マナっ。いきなりそれは……」
116700 ,,,,,,,秋香,秋香,11aki533_005.wav,akika,,4,manaka,,4,,「マナさんを見て……そうねえ」
116800 ,,,,,,,,,,akika,,4,manaka,,4,,　しばらく考えこみ、秋香さんは入院前とまったく
　変わらない笑みを浮かべた。
116900 ,,,,,,,秋香,秋香,11aki533_006.wav,akika,,0,manaka,,4,,「私の予想では、マナさんはユウさんに恋をしてるわ
　ね。それもずっと前から……」
117000 ,,,,,,,愛歌,愛歌,01man533_004.wav,akika,,0,manaka,,3,,「…………」
117100 ,,,,,,,秋香,秋香,11aki533_007.wav,akika,,1,manaka,,3,,「どうかしら？　ハズレ？」
117200 ,,,,,,,愛歌,愛歌,01man533_005.wav,akika,,1,manaka,,3,,「……どうしてそんな風に思ったんですか？」
117300 ,,,,,,,秋香,秋香,11aki533_008.wav,akika,,2,manaka,,3,,「どうしてって……ん～、どうしてかしらね。
　女の勘？」
117400 ,,,,,,,,,,akika,,2,manaka,,3,,　本当に記憶の問題がなければ、いつもの秋香さん
　だった。
117500 ,,,,,,,,,,akika,,2,manaka,,3,,　愛歌の質問はかなりイエローカードだったが、
　それが秋香さんの容態に影響したということは
　なさそうだ。
117600 ,,,,,,,優哉,優哉,,akika,,2,manaka,,3,,「マナもそのぐらいにしとけ。
　いきなりそんな質問、秋香さんに失礼だろ？」
117700 ,,,,,,,優哉,優哉,,akika,,2,manaka,,3,,「秋香さんも何かしてほしいことがあったら、
　遠慮せずに言ってください」
117800 ,,,,,,,秋香,秋香,11aki533_009.wav,akika,,0,manaka,,3,,「それはありがとう。
　ユウくんはとても優しい子なのね」
117900 ,,,,,,,,,,akika,,0,manaka,,3,,　なんとか場を取り繕ってみたが、押し黙っている
　愛歌のことが気になった。
118000 ,,,,,,,,,,akika,,0,manaka,,3,,　やはり愛歌に、ボランティア役をさせるのは
　酷なんじゃないだろうか。
118100 ,,,,,,,優哉,優哉,,akika,,0,manaka,,3,,「……大丈夫か、マナ？」
118200 ,,,,,,,,,,akika,,0,manaka,,3,,　小声で話しかける。
118300 ,,,,,,,,,,akika,,0,manaka,,3,,　すると愛歌は、はっとした様子で俺の顔を見たあと、
　コクリと頷いた。
118400 ,,,,,,,秋香,秋香,11aki533_010.wav,akika,,3,manaka,,3,,「姉さん、愛歌はまだ学校から帰ってこないの？
　あの子、どこかで迷子になってるんじゃないかしら」
118500 ,,,,,,,,,,akika,,3,manaka,,3,,　秋香さんは会話が途切れると、必ず愛歌の話題で
　話を再開した。
118600 ,,,,,,,,,,akika,,3,manaka,,3,,　自慢げに娘のことを話す姿は、秋香さんがいかに
　愛歌へ愛情を注いでいたかを教えてくれる。
118700 ,,,,,,,秋香,秋香,11aki533_011.wav,akika,,0,manaka,,3,,「それでうちの愛歌はねー」
118800 ,,,,,,,,,,akika,,0,manaka,,3,,　自分の名前を呼ばれるたび、愛歌は両手を握りしめて
　必死に感情を抑えていた。
118900 ,,,,,,,,,,akika,,0,manaka,,3,,　それを見ていられず、俺は愛歌を病室から連れ出し
　た。
119100 ,,<!move_veryshort_r>,,10100,,,優哉,優哉,,manaka,,5,,,,,「今日はもう帰った方がいい。
　お前、本当は昨日も寝てないんだろ？」
119200 ,,,,,,,愛歌,愛歌,01man533_007.wav,manaka,,5,,,,,「……ごめんなさい。私、頭の中が混乱してて……」
119300 ,,,,,,,優哉,優哉,,manaka,,5,,,,,「俺だってそうさ。
　いきなり慣れろっていう方が無理な話だろ」
119400 ,,,,,,,,,,manaka,,5,,,,,　病室へ向かうときの元気はなく、現実は愛歌を
　これ以上ないぐらいに痛めつけていた。
119500 ,,,,,,,,,,manaka,,5,,,,,　お互いこんな中途半端な気持ちでは、秋香さんを
　看護するなんてできない。
119600 ,,,,,,,優哉,優哉,,manaka,,5,,,,,「愛歌、今日一日ゆっくり考えて覚悟を決めよう？」
119700 ,,,,,,,愛歌,愛歌,01man533_008.wav,manaka,,3,,,,,「覚悟……？」
119800 ,,,,,,,優哉,優哉,,manaka,,3,,,,,「ああ。秋香さんを看護するには、俺たちは他人で
　あり続けるしかない」
119900 ,,,,,,,優哉,優哉,,manaka,,3,,,,,「秋香さんの何気ない一言で傷つけられるかもしれな
　い。絶望するかもしれない。その覚悟がお前にはあ
　るか……？」
120000 ,,,,,,,愛歌,愛歌,01man533_009.wav,manaka,,5,,,,,「……そうだよね。
　お母さんの前で泣いたりしちゃダメなんだもんね」
120100 ,,,,,,,優哉,優哉,,manaka,,5,,,,,「今日は帰ろう？
　秋香さんには伯母さんがついててくれてるから……」
120200 ,,,,,,,,,,manaka,,5,,,,,　愛歌自身、今の秋香さんを見ているのはツラかった
　のかもしれない。
120300 ,,,,,,,,,,manaka,,5,,,,,　意外にもすんなりと俺の言葉を受け入れ、帰りの
　タクシーを呼ぶことになった。
120500 ,,<!move_short_r>,,13410,,,愛歌,愛歌,01man533_010.wav,,,,,,,,「……お母さん、私の話ばっかりしてたね」
120600 ,,,,,,,優哉,優哉,,,,,,,,,「ああ。お前の話をしてるときの秋香さん、
　すげえ幸せそうだった……」
120700 ,,,,,,,,,,,,,,,,,　車内でいつも以上に身を寄せ合い、
　やりきれない思いを共有する。
120800 ,,,,,,,愛歌,愛歌,01man533_011.wav,,,,,,,,「ねえ、優哉ちゃん……」
120900 ,,,,,,,優哉,優哉,,,,,,,,,「ん？」
121000 ,,,,,,,,,,,,,,,,,　力のない表情だった。
121100 ,,,,,,,,,,,,,,,,,　そして、すがるような声だった。
121200 ,,,,,,,愛歌,愛歌,01man533_012.wav,,,,,,,,「私……また愛歌って呼んでもらえるようになるの
　かな？」
121300 ,,,,,,,,,,,,,,,,,　俺はその答えを無責任に返すことはできなかった。
121400 ,,,,,,,,,,,,,,,,,　幼なじみとして、それは……できなかった。
121690 ,,<!Lend_scene_change>,0,9000,,,,,,,,,,,,,
121700 ,@534,,,,,,,,,,,,,,,,
122000 ,,<!Lbegin_scene_change>,5,12210,,,,,,"manaka,uniform",,5,,,,,　途中でタクシーを降り、俺たちは徒歩で学園を
　目指すことにした。
122100 ,,,,,,,,,,manaka,,5,,,,,　２度目の祭りが近いこともあって、街は活気に
　満ちていた。
122200 ,,,,,,,,,,manaka,,5,,,,,　そんな中を二人、とぼとぼと歩く。
122300 ,,,,,,,,,,manaka,,5,,,,,　愛歌は俺の手を握り返せないほど、憔悴しきって
　いた。
122400 ,,,,,,,愛歌,愛歌,01man534_001.wav,manaka,,5,,,,,「……もうすぐお祭りだね」
122500 ,,,,,,,,,,manaka,,5,,,,,　靴底を擦るようにして足を止め、小さく呟く。
122600 ,,,,,,,,,,manaka,,5,,,,,　愛歌は俺を見て、弱々しく微笑んでいた。
122700 ,,,,,,,愛歌,愛歌,01man534_002.wav,manaka,,42,,,,,「優哉ちゃんは……無理しなくていいよ？」
122800 ,,,,,,,優哉,優哉,,manaka,,42,,,,,「あん？」
122900 ,,,,,,,愛歌,愛歌,01man534_003.wav,manaka,,42,,,,,「お母さんの看病は私がするから……そうだ、
　お付き合いしてるのも白紙にしよっか？」
123000 ,,,,,,,愛歌,愛歌,01man534_004.wav,manaka,,42,,,,,「優哉ちゃんだって、もっと明るくて楽しい恋愛した
　方がいいよっ。私なんかと付き合ってたって……」
123100 ,,,,,,,優哉,優哉,,manaka,,42,,,,,「なに言ってんだよ、お前……」
123200 ,,,,,,,愛歌,愛歌,01man534_005.wav,manaka,,7,,,,,「ほら、こういうので同情されるのやだし！
　そういうの逆に迷惑っていうか……」
123300 ,,,,,,,優哉,優哉,,manaka,,7,,,,,「…………」
123400 ,,,,,,,愛歌,愛歌,01man534_006.wav,manaka,,7,,,,,「短い間だったけど楽しかったねっ。
　付き合ってくれてありがとでしたっ」
123500 ,,,,,,,,,,manaka,,7,,,,,　演技がかったテンションでまくし立て、
　周りから好奇の視線が集まる。
123600 ,,,,,,,,,,manaka,,7,,,,,　理不尽なほど一方的な終了宣言。
123700 ,,,,,,,,,,manaka,,7,,,,,　それを受け入れるのには、相応の時間がかかった。
123800 ,,,,,,,優哉,優哉,,manaka,,7,,,,,「………………分かった」
123900 ,,,,,,,,,,manaka,,7,,,,,　握っていた愛歌の手を放し、愛歌の決意を俺なりの
　やり方で受け止める。
124000 ,,,,,,,優哉,優哉,,manaka,,7,,,,,「別れよう」
124100 ,,,,,,,愛歌,愛歌,01man534_007.wav,manaka,,5,,,,,「……っ」
124200 ,,,,,,,,,,manaka,,5,,,,,　俺は今まで、色々な秋里愛歌を見てきた。
124300 ,,,,,,,,,,manaka,,5,,,,,　こいつがいざというとき強がりなところも、
　何をするにも要領が悪いところも。
124400 ,,,,,,,,,,manaka,,5,,,,,　そして……同時に二人の人間へ愛情を注げるほど、
　器用な女じゃないことも。
124500 ,,,,,,,,,,manaka,,5,,,,,　愛歌はきっと、一身に秋香さんへ愛情を注ぐ覚悟を
　決めたんだろう。
124600 ,,,,,,,,,,manaka,,5,,,,,　俺と付き合うことがその妨げになるのなら、
　恋人などという関係に未練はなかった。
124700 ,,,,,,,優哉,優哉,,manaka,,5,,,,,「愛歌……お前はそれで正しいよ」
124800 ,,,,,,,,,,manaka,,5,,,,,　幼なじみとして自然に出た言葉。
124900 ,,,,,,,,,,manaka,,5,,,,,　再び愛歌の手を握り直す。
125000 ,,,,,,,,,,manaka,,5,,,,,　これまでよりずっと強く。
125100 ,,,,,,,,,,manaka,,5,,,,,　愛歌がこの先も迷わぬように。
125200 ,,,,,,,優哉,優哉,,manaka,,5,,,,,「幼なじみなカノジョじゃなくなったけど、
　お前は俺の幼なじみだからな」
125300 ,,,,,,,愛歌,愛歌,01man534_008.wav,manaka,,3,,,,,「えっ……」
125400 ,,,,,,,優哉,優哉,,manaka,,3,,,,,「お前、今日は学校を休め。
　俺が家まで送っていってやる」
125500 ,,,,,,,,,,manaka,,3,,,,,　そうして愛歌の手を引きながら、俺は自分自身の
　心に問いかけていた。
125600 ,,,,,,,,,,manaka,,3,,,,,　――俺たちの関係は、後戻りしたんだろうか？
125700 ,,,,,,,,,,manaka,,3,,,,,　不思議と心はざわつかなかった。
125800 ,,,,,,,,,,manaka,,3,,,,,　愛歌との距離が離れたとは感じなかった。
125900 ,,,,,,,愛歌,愛歌,01man534_009.wav,manaka,,5,,,,,「優哉ちゃん、私……」
126000 ,,,,,,,優哉,優哉,,manaka,,5,,,,,「泣くな。足を動かせ」
126100 ,,,,,,,,,,manaka,,5,,,,,　昔と変わらない。
126200 ,,,,,,,,,,manaka,,5,,,,,　俺が先を歩いて、愛歌が必死にあとをついてくる。
126300 ,,,,,,,,,,manaka,,5,,,,,　ここが俺の居場所だったんだと気付かされる。
126400 ,,,,,,,,,,manaka,,5,,,,,　≪きっかけ≫は幼なじみじゃなかった。
126500 ,,,,,,,,,,manaka,,5,,,,,　恋人になる以前から、
　お互いを意識し合うずっと前から、
126600 ,,,,,,,,,,manaka,,5,,,,,　はじまりだと思っていた幼なじみの関係は……
　俺たちにとって、全ての終着だった。
126800 ,,<!move_normal_r>,,5100,,,優哉,優哉,,manaka,,3,,,,,「無理しないで、今日はゆっくり休めよ？
　お前まで倒れたら面倒だからな」
126900 ,,,,,,,愛歌,愛歌,01man534_010.wav,manaka,,3,,,,,「……どうして怒らないの？」
127000 ,,,,,,,優哉,優哉,,manaka,,3,,,,,「怒る理由がないから」
127100 ,,,,,,,愛歌,愛歌,01man534_011.wav,manaka,,5,,,,,「でも私、勝手なことばかり言って……」
127200 ,,,,,,,優哉,優哉,,manaka,,5,,,,,「いいからお前は秋香さんのことだけを考えろ。
　こういうときは自分勝手になっていいんだよ」
127300 ,,,,,,,愛歌,愛歌,01man534_012.wav,manaka,,42,,,,,「……うん……ありがと」
127400 ,,,,,,,優哉,優哉,,manaka,,42,,,,,「ちゃんと休めよ？
　授業のノートは俺がとっておくから」
127500 ,,,,,,,,,,manaka,,42,,,,,　最後に愛歌の頭を撫で、荷物を肩に背負う。
127600 ,,,,,,,,,,manaka,,42,,,,,　愛歌は俺が道の角を曲がって見えなくなるまで、
　家の前で見送ってくれていた……。
127890 ,,<!Lend_scene_change>,0,9000,,,,,,,,,,,,,
127899 ,,<!ec_manaka_uni>,,,,,,,,,,,,,,,
127900 ,@535,,,,,,,,,,,,,,,,
128200 ,,<!Lbegin_scene_change>,8,4500,,,悠,悠,02yuu535_001.wav,"yuu,uniform",,3,,,,,「それで、秋香さんの容態はどうなの？」
128300 ,,,,,,,優哉,優哉,,yuu,,3,,,,,「ああ……」
128400 ,,,,,,,,,,yuu,,3,,,,,　学園に着いたのは、ちょうど昼休みに入った直後
　だった。
128500 ,,,,,,,,,,yuu,,3,,,,,　廊下で俺の姿を見かけたのか、教室には悠と恋鳥、
　そしてつむぎまでが顔を見せていた。
128600 ,,,,,,,,,,yuu,,3,,,,,　昨日は、悠に最低限のことしか電話で話せなかった
　からな……。
128700 ,,,,,,,恋鳥,恋鳥,04kot535_001.wav,"kotori,uniform",,3,,,,,「恋鳥も心配だぞ」
128800 ,,,,,,,つむぎ,つむぎ,05tum535_001.wav,"tumugi,uniform",,3,,,,,「私も……心配で授業に手がつきませんでした」
128900 ,,,,,,,悠,悠,02yuu535_002.wav,yuu,,3,,,,,「そういえば愛歌はどうしたの？」
129000 ,,,,,,,優哉,優哉,,yuu,,3,,,,,「あいつはかなりショックを受けてたみたいだから、
　学校は休ませた」
129100 ,,,,,,,悠,悠,02yuu535_003.wav,yuu,,3,,,,,「そっか。あの子、精神的に弱そうだもんね」
129200 ,,,,,,,恋鳥,恋鳥,04kot535_002.wav,yuu,,3,kotori,,3,,「……秋香は？」
129300 ,,,,,,,優哉,優哉,,yuu,,3,kotori,,3,,「とりあえず、命に別状はないってことだけは
　はっきりしてる」
129400 ,,,,,,,悠,悠,02yuu535_004.wav,yuu,,3,kotori,,3,,「はあ……それだけでも安心やね。
　電話で聞いたとき、かなり深刻そうだったから
　心配だったんよ」
129500 ,,,,,,,優哉,優哉,,yuu,,3,kotori,,3,,「ただ……」
129600 ,,,,,,,恋鳥,恋鳥,04kot535_003.wav,yuu,,3,kotori,,4,,「……ただ？」
129700 ,,,,,,,優哉,優哉,,yuu,,3,kotori,,4,,「すまん。俺も頭の整理ができてないから、
　部活のときに話すわ」
129800 ,,,,,,,悠,悠,02yuu535_005.wav,yuu,,5,kotori,,4,,「あによ、そんなこと言われたら気になるでしょーが」
129900 ,,,,,,,優哉,優哉,,yuu,,5,kotori,,4,,「頼む。もう少しだけ時間をくれ……」
130000 ,,,,,,,つむぎ,つむぎ,05tum535_002.wav,yuu,,5,tumugi,,3,,「悠さん、まだ優哉さんも学校へお着きになった
　ばかりですし……」
130100 ,,,,,,,悠,悠,02yuu535_006.wav,yuu,,4,tumugi,,3,,「ん……分かったわよ。
　部活のときにちゃんと話してよ？」
130200 ,,,,,,,優哉,優哉,,yuu,,4,tumugi,,3,,「ああ。つむぎもサンキューな？」
130300 ,,,,,,,つむぎ,つむぎ,05tum535_003.wav,yuu,,4,tumugi,,0,,「いえ……」
130500 ,,<!timepass_1_long>,,4300,,,,,,,,,,,,,　放課後になり、気が重いまま部室へと向かう。
130600 ,,,,,,,,,,,,,,,,,　それなりに情報の整理はできたが、それを説明する
　のはひどく憂鬱だった。
130700 ,,,,,,,,,,,,,,,,,　まだ愛歌に説明させるのを避けられた分、よしとし
　なければいけないが。
130900 ,,<!move_short>,,4400,,,悠,悠,02yuu535_007.wav,yuu,,3,,,,,「え……それって、記憶喪失ってこと？」
131000 ,,,,,,,つむぎ,つむぎ,05tum535_004.wav,tumugi,,3,,,,,「あの……本当にそのようなことが……」
131100 ,,,,,,,恋鳥,恋鳥,04kot535_004.wav,kotori,,5,,,,,「……ん」
131200 ,,,,,,,,,,kotori,,5,,,,,　案の定、一度目の説明では皆、半信半疑だった。
131300 ,,,,,,,,,,kotori,,5,,,,,　無理もない。
131400 ,,,,,,,,,,kotori,,5,,,,,　部分的に記憶が欠落し、新しい出来事を記憶できな
　くなっただなんて、それこそ雲を掴むような話だ。
131500 ,,,,,,,優哉,優哉,,kotori,,5,,,,,「正確には、ここ十年分ぐらいの記憶がすっぽり
　抜け落ちてる」
131600 ,,,,,,,優哉,優哉,,kotori,,5,,,,,「自分の名前とか、お姉さんのことは分かるみたい
　だけどな。でも当時、小学生だった愛歌のことは
　顔を見ても分からない」
131700 ,,,,,,,悠,悠,02yuu535_008.wav,yuu,,5,,,,,「顔を見ても分からないって……自分の娘だって
　気付いてないの？」
131800 ,,,,,,,優哉,優哉,,yuu,,5,,,,,「ああ。だからボランティアのひとりとして
　愛歌は秋香さんに接してる」
131900 ,,,,,,,つむぎ,つむぎ,05tum535_005.wav,yuu,,5,tumugi,,5,,「そんな……愛歌さんがかわいそうです……」
132000 ,,,,,,,悠,悠,02yuu535_009.wav,yuu,,4,tumugi,,5,,「もうひとつの、新しい出来事を記憶できないって
　いうのはなに？」
132100 ,,,,,,,優哉,優哉,,yuu,,4,tumugi,,5,,「それは……たとえば昨日、みんなで温泉に入っても、
　秋香さんの記憶にはそれが残らないってことさ」
132200 ,,,,,,,優哉,優哉,,yuu,,4,tumugi,,5,,「その瞬間は覚えてるだろうけど、記憶を保持し続ける
　ことができない」
132300 ,,,,,,,悠,悠,02yuu535_010.wav,yuu,,3,tumugi,,5,,「すぐ忘れちゃう……ってこと？」
132400 ,,,,,,,優哉,優哉,,yuu,,3,tumugi,,5,,「ああ。だから秋香さんの記憶は、十年前の時間から
　ずっと止まったままになってる」
132500 ,,,,,,,悠,悠,02yuu535_011.wav,yuu,,2,tumugi,,5,,「そんなことって……ねえ、なんとかなんないのっ？
　医者はなんて言ってんのさ？」
132600 ,,,,,,,優哉,優哉,,yuu,,2,tumugi,,5,,「……現時点では判断できないって」
132700 ,,,,,,,つむぎ,つむぎ,05tum535_006.wav,yuu,,2,tumugi,,3,,「なにか、私たちが力になれることはないので
　しょうか？」
132800 ,,,,,,,悠,悠,02yuu535_012.wav,yuu,,5,tumugi,,3,,「ん～……下手にお見舞いに行って、ペチャクチャ
　話すわけにはいかないしねえ」
132900 ,,,,,,,恋鳥,恋鳥,04kot535_005.wav,yuu,,5,kotori,,3,,「……愛歌、大丈夫か？」
133000 ,,,,,,,悠,悠,02yuu535_013.wav,yuu,,3,kotori,,3,,「そうねー。それも心配だし……どうしてこんな
　ことになっちゃったんだか」
133100 ,,,,,,,優哉,優哉,,yuu,,3,kotori,,3,,「…………」
133200 ,,,,,,,悠,悠,02yuu535_014.wav,yuu,,5,kotori,,3,,「……って、そうよ！
　なんで記憶喪失になったわけ？
　事故に遭ったわけじゃないのよね？」
133300 ,,,,,,,優哉,優哉,,yuu,,5,kotori,,3,,「ああ。医者は病気だって言ってた」
133400 ,,,,,,,悠,悠,02yuu535_015.wav,yuu,,3,kotori,,3,,「病名は？」
133500 ,,,,,,,優哉,優哉,,yuu,,3,kotori,,3,,「それは教えてもらえなかった」
133600 ,,,,,,,恋鳥,恋鳥,04kot535_006.wav,yuu,,3,kotori,,5,,「……記憶に障害が出るのは、大部分が脳の異常だぞ」
133700 ,,,,,,,優哉,優哉,,yuu,,3,kotori,,5,,「脳の異常って……待ってくれよ。
　秋香さんは普通に話してるし、元気に笑うし……」
133800 ,,,,,,,悠,悠,02yuu535_016.wav,yuu,,5,kotori,,5,,「どっちにしても、病名は聞いておいた方がいいん
　じゃない？　その方がみんなも安心っしょ」
133900 ,,,,,,,つむぎ,つむぎ,05tum535_007.wav,yuu,,5,tumugi,,3,,「そうですね……お医者さまがお話しにならなかった
　のが少し気になります……」
134000 ,,,,,,,,,,yuu,,5,tumugi,,3,,　……確かに、悠やつむぎの言う通りだ。
134100 ,,,,,,,,,,yuu,,5,tumugi,,3,,　愛歌のことばかり気にかけていたせいで、
　肝心な部分が空白のままだった。
134200 ,,,,,,,,,,yuu,,5,tumugi,,3,,　いきなり倒れて、面会謝絶で、記憶はなくなりました
　が命に別状はありません？
134300 ,,,,,,,,,,yuu,,5,tumugi,,3,,　普通に考えておかしな話だ。
134400 ,,,,,,,優哉,優哉,,yuu,,5,tumugi,,3,,「でも確認するなら、愛歌のいないところで
　聞かないとダメだな……」
134500 ,,,,,,,悠,悠,02yuu535_017.wav,yuu,,3,tumugi,,3,,「あの子もツラいよね……あんなに仲のよかった
　お母さんが自分のことを覚えてないなんてさ」
134600 ,,,,,,,,,,yuu,,3,tumugi,,3,,　俺たちが話している間、恋鳥はパソコンの電源を
　入れて、じっとディスプレイに見入っていた。
134700 ,,,,,,,優哉,優哉,,yuu,,3,tumugi,,3,,「恋鳥、何を調べてるんだ？」
134900 ,,<!move_look>,,,4401,,,,,,,,,,,,　カチカチ、カチッ……カチッ……。
135000 ,,,,,4401,,恋鳥,恋鳥,04kot535_007.wav,,,,,,,,「ん……なんでもない」
135200 ,,<!move_look_r>,,4400,,,悠,悠,02yuu535_018.wav,yuu,,3,,,,,「はあ……明日からどんな顔で愛歌と接したらいいの
　かな」
135300 ,,,,,,,優哉,優哉,,yuu,,3,,,,,「普段通りの方が、あいつも気が楽なんじゃないか？」
135400 ,,,,,,,悠,悠,02yuu535_019.wav,yuu,,4,,,,,「やっぱ、そうよね……でもしばらくは、部員全員で
　愛歌のサポートをするってことでいい？」
135500 ,,,,,,,つむぎ,つむぎ,05tum535_008.wav,yuu,,4,tumugi,,3,,「はい……私もできる限りのことはさせていただきま
　す」
135600 ,,,,,,,優哉,優哉,,yuu,,4,tumugi,,3,,「悪いな、みんなにも気を使わせちまって……」
135700 ,,,,,,,悠,悠,02yuu535_020.wav,yuu,,5,tumugi,,3,,「なぁに水くさいこと言ってんのよっ。
　当たり前でしょ。仲間なんだから……」
135900 ,,<!move_look>,,,4401,,,,,,,,,,,,　カチカチッ、カチッ……。
136000 ,,,,,4401,,,,,,,,,,,,　カチカチカチ、カチッ……カチッ……。
136100 ,,,,,4401,,,,,,,,,,,,　カチカチ、カ……。
136200 ,,,,,4401,,恋鳥,恋鳥,04kot535_008.wav,,,,,,,,「………………」
136490 ,,<!Lend_scene_change>,0,9000,,,,,,,,,,,,,
136500 ,@536,,,,,,,,,,,,,,,,
136800 ,,<!Lbegin_scene_change>,2,12300,,,,,,,,,,,,,　部室で解散になったあと、久しぶりにひとりで
　下校をした。
136900 ,,,,,,,,,,,,,,,,,　愛歌と二人のときは短く感じた下校路が、
　無意味に長く感じられた。
137100 ,,<!move_normal_r>,,5100,,,優哉,優哉,,,,,,,,,「あいつ、ちゃんと休んでるかな……」
137200 ,,,,,,,,,,,,,,,,,　授業の板書を書き写したルーズリーフを手に、
　愛歌の家の呼び鈴を押す。
137400 ,,<!se_entrance_chime>,,,,,,,,,,,,,,,　ピンポーン！
137500 ,,,,,,,伯母,？？？,,,,,,,,,「はい、どちらさま？」
137600 ,,,,,,,,,,,,,,,,,　予想とは違う声が聞こえ、俺は慌てて返事をした。
137700 ,,,,,,,優哉,優哉,,,,,,,,,「すいません、向かいの墨崎です」
137800 ,,,,,,,,,,,,,,,,,　玄関のドアが開かれ、中から秋香さんの面影を
　宿した見覚えのある女性が姿を現す。
137900 ,,,,,,,伯母,伯母,,,,,,,,,「まあ、あなたは愛歌ちゃんと一緒にいた……」
138000 ,,,,,,,優哉,優哉,,,,,,,,,「診療所ではどうも……あの、愛歌さんは？」
138100 ,,,,,,,伯母,伯母,,,,,,,,,「愛歌ちゃんなら、私の代わりに秋香の看病をするって
　診療所の方へ行ったわ」
138200 ,,,,,,,優哉,優哉,,,,,,,,,「……あのバカ」
138300 ,,,,,,,,,,,,,,,,,　思わず小声で呟いてしまう。
138400 ,,,,,,,,,,,,,,,,,　あれほど休めって言ったのに、あいつは……。
138500 ,,,,,,,伯母,伯母,,,,,,,,,「もしかして、あなたが墨崎優哉くん？」
138600 ,,,,,,,優哉,優哉,,,,,,,,,「あ、はい。そうですけど……」
138700 ,,,,,,,伯母,伯母,,,,,,,,,「話はよく秋香から聞いていたわ。
　愛歌ちゃんとも仲良くしてくれてるそうね？」
138800 ,,,,,,,優哉,優哉,,,,,,,,,「いえ……仲良くしてもらってるのは俺の方です」
138900 ,,,,,,,,,,,,,,,,,　秋香さんの姉であり、愛歌の伯母に当たる女性。
139000 ,,,,,,,,,,,,,,,,,　見るからに温厚そうで、語り口も穏やかだった。
139100 ,,,,,,,伯母,伯母,,,,,,,,,「今回は秋香があんなことになってしまって……」
139200 ,,,,,,,優哉,優哉,,,,,,,,,「一番のショックを受けてるのは愛歌だと思います。
　あいつ、本当に秋香さんのことが大好きでしたから」
139300 ,,,,,,,伯母,伯母,,,,,,,,,「そう……しばらくみないうちに、愛歌ちゃんもすっ
　かり大人っぽくなって……若い頃の秋香にそっくり
　だったわ」
139400 ,,,,,,,,,,,,,,,,,　伯母さんは懐かしいそうに目を細め、二度ほど
　小さく頷いてみせる。
139500 ,,,,,,,,,,,,,,,,,　この人なら、秋香さんの病気のことを知ってるだろ
　うか？
139600 ,,,,,,,優哉,優哉,,,,,,,,,「あの……秋香さんの病気のことなんですけど……」
139700 ,,,,,,,伯母,伯母,,,,,,,,,「秋香の病気？」
139800 ,,,,,,,優哉,優哉,,,,,,,,,「何が原因で秋香さんは記憶を失ってしまったんです
　か？　病名とかあるんですよね？」
139900 ,,,,,,,伯母,伯母,,,,,,,,,「…………」
140000 ,,,,,,,優哉,優哉,,,,,,,,,「伯母さんなら、何か詳しく知ってるんじゃないかと
　思って……」
140100 ,,,,,,,伯母,伯母,,,,,,,,,「……心配しなくていいのよ。
　精神的なショックがあって、一時的に記憶が混乱し
　ているだけだから」
140200 ,,,,,,,優哉,優哉,,,,,,,,,「精神的なショック？」
140300 ,,,,,,,伯母,伯母,,,,,,,,,「あ、ごめんなさいね。
　そろそろお夕飯の支度を始めないと……」
140400 ,,,,,,,,,,,,,,,,,　明らかに不自然な態度で会話を切られ、
　玄関にひとり残される。
140500 ,,,,,,,,,,,,,,,,,　情報を集めれば集めるほど、俺は秋香さんの
　病気を楽観視できなくなっていた。
140600 ,,,,,,,優哉,優哉,,,,,,,,,「とにかく愛歌を連れ戻さないとな……」
140700 ,,,,,,,,,,,,,,,,,　ほどけていた靴ひもを結び直し、走って診療所を
　目指す。
140800 ,,,,,,,,,,,,,,,,,　今は愛歌が無理をしないでいてくれることを願う
　だけだった……。
141090 ,,<!Lend_move>,0,9000,,,,,,,,,,,,,
141100 ,@537,,,,,,,,,,,,,,,,
141400 ,,<!Lbegin_move>,8,10101,,,,,,,,,,,,,　診療所へ着いたときにはもう、夕暮れ時を迎えてい
　た。
141500 ,,,,,,,,,,,,,,,,,　部屋のカーテンが締まっているため、外からでは
　愛歌の姿は確認できない。
141600 ,,,,,,,,,,,,,,,,,　俺は＜逸＝はや＞る気持ちを抑えながら、足を滑らせるように
　して秋香さんの病室へと急いだ。
141900 ,,<!move_short><!se_room_open>,,10201,,,優哉,優哉,,"manaka,uniform",,5,,,,,「まなっ……」
142000 ,,,,,,,,,,manaka,,5,,,,,　思わず本名で呼んでしまいそうになり、
　咳払いをして言い直す。
142100 ,,,,,,,優哉,優哉,,manaka,,5,,,,,「マナ、ここにいたのか」
142200 ,,,,,,,愛歌,愛歌,01man537_001.wav,manaka,,3,,,,,「……ユウちゃん、どうしてここに？」
142300 ,,,,,,,優哉,優哉,,manaka,,3,,,,,「伯母さんから話を聞いてさ。
　お前、あれから寝ないでここに来ちまったのか？」
142400 ,,,,,,,愛歌,愛歌,01man537_002.wav,manaka,,5,,,,,「ごめんなさい。少しでも秋香さんのお世話をして
　あげたかったから……」
142500 ,,,,,,,,,,manaka,,5,,,,,　その秋香さんは、怪訝な顔をして俺のことを見てい
　た。
142600 ,,,,,,,秋香,秋香,11aki537_001.wav,"akika,pajamas",,3,,,,,「あの……そちらの方はどなた？」
142700 ,,,,,,,優哉,優哉,,akika,,3,,,,,「えっ？」
142800 ,,,,,,,愛歌,愛歌,01man537_003.wav,akika,,3,manaka,,3,,「あっ、彼は私と同じボランティアでここに来ている
　ユウさんですっ」
142900 ,,,,,,,,,,akika,,3,manaka,,3,,　咄嗟に頭を下げてみたが、自分がなぜ愛歌に自己紹介
　される必要があったのか分からなかった。
143000 ,,,,,,,,,,akika,,3,manaka,,3,,　名前なら、午前中ここへ来たときに……。
143100 ,,,,,,,秋香,秋香,11aki537_002.wav,akika,,4,manaka,,3,,「そう……ユウくんという名前なの。
　秋香です。よろしくお願いしますね」
143200 ,,,,,,,優哉,優哉,,akika,,4,manaka,,3,,「……よろしく……お願いします」
143300 ,,,,,,,,,,akika,,4,manaka,,3,,　まさかこれが、新しく物事を記憶できないって
　ことなのか？
143400 ,,,,,,,,,,akika,,4,manaka,,3,,　こんな短時間で俺のことを忘れて……。
143500 ,,,,,,,愛歌,愛歌,01man537_004.wav,akika,,4,manaka,,42,,「秋香さん、お水をどうぞ」
143600 ,,,,,,,,,,akika,,4,manaka,,42,,　恐らく愛歌もひとりでここへ来たとき、
　先にその現実と直面していたんだろう。
143700 ,,,,,,,,,,akika,,4,manaka,,42,,　それでも気丈にボランティアの役を演じ、
　秋香さんに尽くしていた。
143800 ,,,,,,,秋香,秋香,11aki537_003.wav,akika,,0,manaka,,42,,「マナさん、もしかしてユウくんはボーイフレンド？」
143900 ,,,,,,,愛歌,愛歌,01man537_005.wav,akika,,0,manaka,,3,,「あ……えっと、幼なじみです……」
144000 ,,,,,,,秋香,秋香,11aki537_004.wav,akika,,1,manaka,,3,,「あら、そうなのー。幼なじみっていいわねー」
144100 ,,,,,,,秋香,秋香,11aki537_005.wav,akika,,0,manaka,,3,,「私の見た感じでは……マナさんはユウくんに恋してる
　でしょっ？」
144200 ,,,,,,,,,,akika,,0,manaka,,3,,　朝と同じようなことを言い、秋香さんは赤くなった
　愛歌をからかう。
144300 ,,,,,,,,,,akika,,0,manaka,,3,,　秋香さんからすると、俺たちの関係は記憶がない
　状態から見てもそういう風に見えるんだろうか。
144400 ,,,,,,,秋香,秋香,11aki537_006.wav,akika,,1,manaka,,3,,「いいわねえ、若い二人は……あっ、マナさん。
　うちの愛歌はどうしているかご存じ？」
144500 ,,,,,,,秋香,秋香,11aki537_007.wav,akika,,3,manaka,,3,,「最近、お見舞いに来てくれないのだけど……」
144600 ,,,,,,,愛歌,愛歌,01man537_006.wav,akika,,3,manaka,,5,,「ま、愛歌ちゃんは……愛歌ちゃんは……」
144700 ,,,,,,,,,,akika,,3,manaka,,5,,　今にも自分が愛歌だと告白しそうな雰囲気だったが、
　あえて静かに見守っていた。
144800 ,,,,,,,,,,akika,,3,manaka,,5,,　愛歌ならきっと、ここを乗り越えられると信じて。
144900 ,,,,,,,愛歌,愛歌,01man537_007.wav,akika,,3,manaka,,3,,「……すごく……秋香さんのことを心配しています。
　愛歌ちゃんはすごく秋香さんのことが好きなんで
　すねっ」
145000 ,,,,,,,秋香,秋香,11aki537_008.wav,akika,,1,manaka,,3,,「うふふっ♪　あの子は甘えん坊で、すごく泣き虫な
　子だから……素敵な彼氏ができるまで、私が守って
　あげないとね▼」
145100 ,,,,,,,愛歌,愛歌,01man537_008.wav,akika,,1,manaka,,42,,「愛歌ちゃん、それを聞いたらきっと喜ぶと思います。
　早くよくなって、愛歌ちゃんのそばに……まなかっ、
　ちゃ、のっ……」
145200 ,,,,,,,秋香,秋香,11aki537_009.wav,akika,,2,manaka,,42,,「マナさん？」
145300 ,,,,,,,愛歌,愛歌,01man537_009.wav,akika,,2,manaka,,5,,「あ……ごめんなさい。なんでもありません。
　おトイレに行きたくなったら言ってくださいねっ」
145400 ,,,,,,,,,,akika,,2,,,,,　涙を堪えられなくなったのか、愛歌は病室から
　駆けだしていってしまう。
145500 ,,,,,,,秋香,秋香,11aki537_010.wav,akika,,5,,,,,「マナさん、どうかしたのかしら……」
145600 ,,,,,,,優哉,優哉,,akika,,5,,,,,「……大丈夫ですよ。すぐ帰ってきますから」
145700 ,,,,,,,,,,akika,,5,,,,,　代わりに話し相手になり、備え付けの水道で手を
　洗う。
145800 ,,,,,,,秋香,秋香,11aki537_011.wav,akika,,3,,,,,「娘と似たような名前だからかしらね……なんだか、
　マナさんのことがすごく気になって……」
145900 ,,,,,,,秋香,秋香,11aki537_012.wav,akika,,0,,,,,「それにマナさん、若い頃の私に少し似ているの▼」
146000 ,,,,,,,,,,akika,,0,,,,,　今の秋香さんが、愛歌に対して特別な感情を持って
　いるのはいいことかもしれない。
146100 ,,,,,,,,,,akika,,0,,,,,　ただ俺たちは、秋香さんの記憶からはすぐに消され
　れてしまう。
146200 ,,,,,,,,,,akika,,0,,,,,　また数時間後には、自己紹介から始めなくてはいけ
　ないほどに……。
146490 ,,<!Lend_day_change>,0,9000,,,,,,,,,,,,,
146499 ,,<!ec_manaka_pri>,,,,,,,,,,,,,,,
146500 ,@538,,,,,,,,,,,,,,,,
146800 ,,<!Lbegin_day_change>,10,10100,,,,,,,,,,,,,　それから忙しい毎日が続いた。
146900 ,,,,,,,,,,,,,,,,,　愛歌は学園生活を送りながら毎日のように秋香さんの
　看病へ訪れ、俺もできるだけのサポートを続けた。
147000 ,,,,,,,,,,,,,,,,,　秋香さんの病状に変化はなく、もう何度、
　同じ自己紹介をしたか分からない。
147100 ,,,,,,,,,,,,,,,,,　いくら献身的に看病を続けても、次にはまたゼロから
　始めなければならない。
147300 ,,<!timepass_day_short>,,10101,,,,,,,,,,,,,　愛歌は日に日にやつれ、それでも看病をやめようとは
　しなかった。
147400 ,,,,,,,,,,,,,,,,,　そこには到底、俺の入りこめる余地のない強い親子の
　絆があり。
147500 ,,,,,,,,,,,,,,,,,　俺はただ、愛歌のそばで無力な自分を恨むことしか
　できなかった。
147700 ,,<!timepass_day_short>,,10102,,,,,,,,,,,,,　終わりの見えない、看病の日々。
147800 ,,,,,,,,,,,,,,,,,　一度、秋香さんの病気のことを女医さんに聞いたが、
　やはり『精神的なショック』の一言で片付けられて
　しまった。
147900 ,,,,,,,,,,,,,,,,,　それでも愛歌は泣き言ひとつ言わず、秋香さんの
　看病を続けた。
148100 ,,<!timepass_day_short>,,10203,,,優哉,優哉,,"manaka,uniform",,4,,,,,「……もう休めよ」
148200 ,,,,,,,愛歌,愛歌,01man538_001.wav,manaka,,4,,,,,「ううん。もう少しだけそばにいる……」
148300 ,,,,,,,,,,manaka,,4,,,,,　消灯時間を過ぎ、静かに眠っている秋香さんを
　見守る愛歌。
148400 ,,,,,,,,,,manaka,,4,,,,,　布団の中で母親の手を握り、愛歌は何を思って
　いたんだろうか？
148500 ,,,,,,,,,,manaka,,4,,,,,　何を願っていたんだろうか？
148600 ,,,,,,,優哉,優哉,,manaka,,4,,,,,「……お前、強くなったよな」
148700 ,,,,,,,愛歌,愛歌,01man538_002.wav,manaka,,3,,,,,「そんなことないよ。毎日、泣きそうだもん……」
148800 ,,,,,,,優哉,優哉,,manaka,,3,,,,,「でもお前は、秋香さんの前では泣かなかっただろ？」
148900 ,,,,,,,,,,manaka,,3,,,,,　こんなにがんばっている愛歌を、
　誰も褒めてはくれない。
149000 ,,,,,,,,,,manaka,,3,,,,,　もちろん愛歌も、褒めてほしくて看病を続けている
　わけではないだろう。
149100 ,,,,,,,,,,manaka,,3,,,,,　けどせめて俺だけは、こいつを褒めてやりたかった。
149200 ,,,,,,,,,,manaka,,3,,,,,　こいつのがんばりを認めてやりたかった。
149300 ,,,,,,,優哉,優哉,,manaka,,3,,,,,「お前は偉いよ。ほんと……すげえがんばってる」
149400 ,,,,,,,愛歌,愛歌,01man538_003.wav,manaka,,5,,,,,「っ……優哉ちゃん、ずるいよ。
　いつも私がツラいとき、優しくしてくれるんだもん」
149500 ,,,,,,,優哉,優哉,,manaka,,5,,,,,「ばーか、幼なじみをナメんなよ？」
149600 ,,,,,,,,,,manaka,,5,,,,,　愛歌の頭を抱き寄せ、少しでも楽になれるよう
　俺に寄りかからせる。
149700 ,,,,,,,,,,manaka,,5,,,,,　抱きしめた身体は、以前よりも一回りほど小さく
　なっていた。
149800 ,,,,,,,,,,manaka,,5,,,,,　このままではいずれ、愛歌も身体を壊してしまう。
149900 ,,,,,,,,,,manaka,,5,,,,,　愛歌がボロボロになってしまう。
150000 ,,,,,,,,,,manaka,,5,,,,,　……分からない。
　俺は愛歌のために何をしてやれる？
150100 ,,,,,,,,,,manaka,,5,,,,,　愛歌はそれからしばらく、俺の胸に顔を＜埋＝うず＞め、
　声を抑えながら泣いていた……。
150390 ,,<!Lend_day_change>,0,9000,,,,,,,,,,,,,
150400 ,@539,,,,,,,,,,,,,,,,
150690 ,,<!Lbegin_day_change>,1,10102,,,,,,,,,,,,,　数日後。
150700 ,,,,,,,優哉,優哉,,,,,,,,,「く……………………はぁぁぁぁぁっ」
150800 ,,,,,,,,,,,,,,,,,　気分転換にストレッチをしながら、
　大きく息を吐く。
150900 ,,,,,,,,,,,,,,,,,　ほどなく冷たい夜風が、頬を撫でて心地よい。
151000 ,,,,,,,愛歌,愛歌,01man539_001.wav,"manaka,uniform",,90,,,,,「ん……………………ふうぅぅぅぅっ」
151100 ,,,,,,,,,,manaka,,90,,,,,　横を見ると、同じようにストレッチをしている
　愛歌が。
151200 ,,,,,,,優哉,優哉,,manaka,,90,,,,,「よぅ、おつかれ。お前も気分転換か？」
151300 ,,,,,,,愛歌,愛歌,01man539_002.wav,manaka,,0,,,,,「うん。やっぱり外は気持ちいいねー」
151400 ,,,,,,,,,,manaka,,0,,,,,　愛歌は気持ちよさそうに深呼吸をしている。
151500 ,,,,,,,優哉,優哉,,manaka,,0,,,,,「しかし、なんか今日は周りが騒がしくないか？」
151600 ,,,,,,,愛歌,愛歌,01man539_003.wav,manaka,,90,,,,,「あ……ほら、今日は星の河原祭り第二幕だから」
151700 ,,,,,,,優哉,優哉,,manaka,,90,,,,,「そっか。今日が二度目の祭りか……早いもんだなあ」
151800 ,,,,,,,愛歌,愛歌,01man539_004.wav,manaka,,42,,,,,「うん。毎日、夢中だったから気付かなかったけど、
　時間が経つのって本当に早いね」
151900 ,,,,,,,優哉,優哉,,manaka,,42,,,,,「でも残念だな。せっかくお前、二度目の祭りを
　楽しみにしてたのに……」
152000 ,,,,,,,愛歌,愛歌,01man539_005.wav,manaka,,5,,,,,「……お母さんがこんな状態じゃ、お祭りなんて
　楽しめないよね」
152100 ,,,,,,,,,,manaka,,5,,,,,　聞こえてくる祭りの喧噪を耳にしながら、
　愛歌は寂しそうに呟く。
152200 ,,,,,,,,,,manaka,,5,,,,,　そんなとき、遠くの暗闇からこちらに
　近づいてくる足音があった。
152300 ,,,,,,,優哉,優哉,,manaka,,5,,,,,「あれ、この足音……」
152400 ,,,,,,,,,,manaka,,5,,,,,　特徴のあるドタバタ走り。
152500 ,,,,,,,,,,manaka,,5,,,,,　俺はそんな小うるさい走りをする女をひとりだけ
　知っている。
152600 ,,,,,,,悠,悠,02yuu539_001.wav,"yuu,uniform",,3,,,,,「はあはあはあ……あっ、ちょうどよかった！
　優哉！　愛歌！」
152700 ,,,,,,,優哉,優哉,,yuu,,3,,,,,「どうしたよ、こんな遅くにこんなところまで」
152800 ,,,,,,,悠,悠,02yuu539_002.wav,yuu,,2,,,,,「どうしたよじゃないわよ！
　あんたたちこそ、こんなとこで何やってんの！？」
152900 ,,,,,,,愛歌,愛歌,01man539_006.wav,yuu,,2,manaka,,5,,「なにって、お母さんの看病だけど……」
153000 ,,,,,,,悠,悠,02yuu539_003.wav,yuu,,4,manaka,,5,,「そんなのあとでいいからっ。早くお祭りに行きなっ」
153100 ,,,,,,,優哉,優哉,,yuu,,4,manaka,,5,,「どういうことだよ。いきなり来て、祭りに行けとか」
153200 ,,,,,,,悠,悠,02yuu539_004.wav,yuu,,90,manaka,,5,,「説明はあとでしてあげるからっ。
　今日の祭りは、あんたたちのための祭りなのよ？」
153300 ,,,,,,,愛歌,愛歌,01man539_007.wav,yuu,,90,manaka,,3,,「私たちのための？」
153400 ,,,,,,,悠,悠,02yuu539_005.wav,yuu,,1,manaka,,3,,「ほらほらっ。愛歌も浴衣を着てきなって」
153500 ,,,,,,,優哉,優哉,,yuu,,1,manaka,,3,,「今から行ったって、間に合わねえよ」
153600 ,,,,,,,悠,悠,02yuu539_006.wav,yuu,,0,manaka,,3,,「タクシー使えっ。秋香さんが心配だったら、
　私が面倒をみてるからさ」
153700 ,,,,,,,優哉,優哉,,yuu,,0,manaka,,3,,「むしろ、そっちの方が心配なんだが……」
153800 ,,,,,,,悠,悠,02yuu539_007.wav,yuu,,7,manaka,,3,,「つべこべ言わずに行けっつーの！
　愛歌も分かった？」
153900 ,,,,,,,愛歌,愛歌,01man539_008.wav,yuu,,7,manaka,,5,,「えっと……どうしよ、優哉ちゃん」
154000 ,,,,,,,優哉,優哉,,yuu,,7,manaka,,5,,「ちっ、しょうがねえな。
　このまま叫ばせてたら中の人たちにも迷惑だ」
154100 ,,,,,,,優哉,優哉,,yuu,,7,manaka,,5,,「悠、あとでしっかり事情は聞かせてもらうからな？」
154200 ,,,,,,,悠,悠,02yuu539_008.wav,yuu,,0,manaka,,5,,「はいよー！
　お二人さま、星の河原祭り第二幕にごあんなーい！」
154400 ,,<!move_long>,,5102,,,,,,,,,,,,,　まったく、どういうつもりなんだろうな。
　悠のヤツ……。
154500 ,,,,,,,,,,,,,,,,,　今から祭りに行ったって、間に合うかよ。
154600 ,,,,,,,,,,,,,,,,,　帰りのタクシーで花火が上がっちまってたし……。
154700 ,,,,,,,,,,,,,,,,,　と、不満は大いにあったものの、久しぶりに愛歌と
　過ごせる時間ができたのは嬉しかった。
154800 ,,,,,,,,,,,,,,,,,　愛歌もたまにはガス抜きをしないと、
　本当に潰れてしまう。
154900 ,,<!move_look>,,,,,愛歌,愛歌,01man539_009.wav,"manaka,yukata",,0,,,,,「んしょ……ゆーやちゃ……ごめんねぇ、遅くなって」
155000 ,,,,,,,優哉,優哉,,manaka,,0,,,,,「お、前と同じ浴衣か。いいねえ～」
155100 ,,,,,,,愛歌,愛歌,01man539_010.wav,manaka,,42,,,,,「変じゃないかな？
　今日は自分で着付けしてみたんだけど……」
155200 ,,,,,,,優哉,優哉,,manaka,,42,,,,,「まったく問題なし。
　お前、ほんとその浴衣が似合ってるな」
155300 ,,,,,,,愛歌,愛歌,01man539_011.wav,manaka,,6,,,,,「もー、あんまり褒められると照れ臭いよぉ」
155400 ,,,,,,,優哉,優哉,,manaka,,6,,,,,「うし、少し急ぐか。
　このままだとマジで祭りが終了しそうだ」
155500 ,,,,,,,愛歌,愛歌,01man539_012.wav,manaka,,0,,,,,「うんっ▼」
155700 ,,<!move_normal>,,12102,,,優哉,優哉,,manaka,,0,,,,,「……大丈夫なのか、これ？
　さっきから全然、人通りないんだが……」
155800 ,,,,,,,愛歌,愛歌,01man539_013.wav,manaka,,3,,,,,「もう出店も終わっちゃったのかなあ？」
155900 ,,,,,,,優哉,優哉,,manaka,,3,,,,,「んー、時間帯を考えると微妙だな。
　そんときはすまん」
156000 ,,,,,,,愛歌,愛歌,01man539_014.wav,manaka,,90,,,,,「そんな、優哉ちゃんがあやまることじゃないよー」
156100 ,,,,,,,優哉,優哉,,manaka,,90,,,,,「いや。それでも疲れてるお前を連れ出したのは
　俺だからさ」
156200 ,,,,,,,優哉,優哉,,manaka,,90,,,,,「もちろん、悠が一番の重罪だが」
156300 ,,,,,,,愛歌,愛歌,01man539_015.wav,manaka,,0,,,,,「でもこうやって優哉ちゃんと一緒に歩いてるだけで
　楽しいよ？」
156400 ,,,,,,,,,,manaka,,0,,,,,　こんな風に笑う愛歌を見るのは何日ぶりだろう。
156500 ,,,,,,,,,,manaka,,0,,,,,　こうして一緒に歩いていると、現実を忘れてしまい
　そうになる。
156600 ,,,,,,,,,,manaka,,0,,,,,　ひとときの休息。
156700 ,,,,,,,,,,manaka,,0,,,,,　これで少しでも愛歌の心が楽になればいいが……。
156900 ,,<!move_short>,,9312,,,,,,manaka,,0,,,,,　案の定、最悪の結果が待っていた。
157000 ,,,,,,,,,,manaka,,0,,,,,　出店はそのほとんどが店じまいをし、片付けに
　取りかかっている。
157100 ,,,,,,,,,,manaka,,0,,,,,　関係者以外の人影はなく、祭りの舞台裏を見せら
　れているような気分だった。
157200 ,,,,,,,愛歌,愛歌,01man539_016.wav,manaka,,42,,,,,「残念だね～。少し遅かったみたい」
157300 ,,,,,,,優哉,優哉,,manaka,,42,,,,,「ま、しょうがねえわな」
157400 ,,,,,,,,,,manaka,,42,,,,,　思ったよりも愛歌は落胆していなかったが、
　それを素直には喜べない。
157500 ,,,,,,,優哉,優哉,,manaka,,42,,,,,「そういやお前、金魚すくいがしたいって言ってた
　よな？」
157600 ,,,,,,,愛歌,愛歌,01man539_017.wav,manaka,,3,,,,,「うん。前のお祭りのとき、できなかったから……」
157700 ,,,,,,,優哉,優哉,,manaka,,3,,,,,「ちょっとついてきてみ？」
157800 ,,,,,,,,,,manaka,,3,,,,,　上手い具合に金魚すくいの出店を見つけ、
　そこの店主に声をかけてみることにした。
157900 ,,,,,,,優哉,優哉,,manaka,,3,,,,,「すいませーん」
158000 ,,,,,,,店主,店主,,manaka,,3,,,,,「もう店じまいだ。帰ってくんな」
158100 ,,,,,,,優哉,優哉,,manaka,,3,,,,,「あの……１回でいいんで、こいつにやらせてやって
　くれないですかね？」
158200 ,,,,,,,愛歌,愛歌,01man539_018.wav,manaka,,5,,,,,「あ、いいよっ。お店の人に悪いから。
　お片付けの邪魔をしてごめんなさいっ」
158300 ,,,,,,,店主,店主,,manaka,,5,,,,,「…………」
158400 ,,,,,,,,,,manaka,,5,,,,,　スキンヘッドの店主は、丁寧に頭を下げる愛歌の
　ことを一瞥し、口をへの字に曲げる。
158500 ,,,,,,,愛歌,愛歌,01man539_019.wav,manaka,,3,,,,,「行こっ、優哉ちゃん。邪魔したら悪いよ……」
158600 ,,,,,,,店主,店主,,manaka,,3,,,,,「……どうせ余り物だ。好きなだけすくっていきな」
158700 ,,,,,,,,,,manaka,,3,,,,,　店主はポイと呼ばれるすくい網を愛歌に放り、
　無愛想に背中を向ける。
158800 ,,,,,,,,,,manaka,,3,,,,,　ダメ元で言ってみるもんだな。
158900 ,,,,,,,愛歌,愛歌,01man539_020.wav,manaka,,42,,,,,「あの……本当にいいんですかっ」
159000 ,,,,,,,店主,店主,,manaka,,42,,,,,「男に二言はねえよ」
159100 ,,,,,,,優哉,優哉,,manaka,,42,,,,,「やらしてもらえよ。せっかくなんだから……」
159200 ,,,,,,,愛歌,愛歌,01man539_021.wav,manaka,,42,,,,,「……うん。それじゃあ、１回だけ」
159300 ,,,,,,,,,,manaka,,42,,,,,　意外にも愛歌は金魚すくいが上手く、
　１回分のポイで３匹の金魚をすくい上げた。
159400 ,,,,,,,,,,manaka,,42,,,,,　それをビニールの袋へ入れてもらい、
　俺たちの祭りは終了となる。
159500 ,,,,,,,愛歌,愛歌,01man539_022.wav,manaka,,0,,,,,「えへへ……金魚、かわいい▼」
159600 ,,,,,,,,,,manaka,,0,,,,,　すっかりご満悦な表情の愛歌。
159700 ,,,,,,,,,,manaka,,0,,,,,　それだけで、ここに来た価値があった。
159800 ,,,,,,,,,,manaka,,0,,,,,　あとは、秋香さんの記憶さえ戻ってくれれば……。
159900 ,,,,,,,優哉,優哉,,manaka,,0,,,,,「よし、なら帰るか？」
160000 ,,,,,,,愛歌,愛歌,01man539_023.wav,manaka,,90,,,,,「あ……私、このままお母さんのところに行ったら
　ダメかな？」
160100 ,,,,,,,優哉,優哉,,manaka,,90,,,,,「その浴衣姿でか？」
160200 ,,,,,,,愛歌,愛歌,01man539_024.wav,manaka,,0,,,,,「うん。これ、お母さんの浴衣だし……これを見て、
　何かを思い出してくれたらいいなって……」
160300 ,,,,,,,優哉,優哉,,manaka,,0,,,,,「なら、俺も付き合ってやるよ。行こうぜ」
160400 ,,,,,,,,,,manaka,,0,,,,,　行き詰まっていた秋香さんへの看護。
160500 ,,,,,,,,,,manaka,,0,,,,,　待っているだけでは何も変わらない。
160600 ,,,,,,,,,,manaka,,0,,,,,　今はどんなに可能性が低くても、やれることを
　やるしかない……。
160890 ,,<!Lend_move>,0,9000,,,,,,,,,,,,,
160900 ,@540,,,,,,,,,,,,,,,,
161200 ,,<!Lbegin_move>,10,10203,,,,,,"manaka,yukata",,3,,,,,　……当然と言えば当然の結果か。
161300 ,,,,,,,,,,manaka,,3,,,,,　診療所へ戻ったときにはもう、消灯時間を大きく
　過ぎ、秋香さんも布団に入って眠っていた。
161400 ,,,,,,,優哉,優哉,,manaka,,3,,,,,「起こしたりしたら……マズいよな、やっぱ」
161500 ,,,,,,,愛歌,愛歌,01man540_001.wav,manaka,,3,,,,,「うん、いいの。
　こうしてそばにいるだけで充分だから……」
161600 ,,,,,,,,,,manaka,,3,,,,,　ただでさえ小柄な愛歌が、肩を落としてさらに
　小さく見える。
161700 ,,,,,,,,,,manaka,,3,,,,,　秋香さんに見てほしかった。
161800 ,,,,,,,,,,manaka,,3,,,,,　愛歌が自分で着付けした浴衣姿を。
161900 ,,,,,,,,,,manaka,,3,,,,,　でもその思いは、叶えられることはなかった。
162000 ,,,,,,,愛歌,愛歌,01man540_002.wav,manaka,,5,,,,,「最近ね、怖いことを考えちゃうの」
162100 ,,,,,,,愛歌,愛歌,01man540_003.wav,manaka,,5,,,,,「お母さんの記憶が、このままずっと戻らないんじゃ
　ないかって……」
162200 ,,,,,,,優哉,優哉,,manaka,,5,,,,,「……俺たちがあきらめたらダメだろ？」
162300 ,,,,,,,愛歌,愛歌,01man540_004.wav,manaka,,3,,,,,「そうなんだけど……そうなんだけどね。
　でも……こんなにそばにいるのに思い出してもらえ
　ないなんて……」
162400 ,,,,,,,,,,manaka,,3,,,,,　そんな言葉からも、愛歌が精神的に追いつめられて
　いたことが分かる。
162500 ,,,,,,,,,,manaka,,3,,,,,　それが分かっていて何もできなかった自分が、
　歯がゆくてしょうがない。
162600 ,,,,,,,愛歌,愛歌,01man540_005.wav,manaka,,42,,,,,「もしお母さんが起きてたら……この浴衣姿で娘を
　名乗ろうと思ってたの」
162700 ,,,,,,,優哉,優哉,,manaka,,42,,,,,「！？」
162800 ,,,,,,,愛歌,愛歌,01man540_006.wav,manaka,,5,,,,,「なんかもうツラくって……」
162900 ,,,,,,,,,,manaka,,5,,,,,　弱音を吐く愛歌を、責められるはずもなかった。
163000 ,,,,,,,,,,manaka,,5,,,,,　治る見込みのある病気ならいい。
163100 ,,,,,,,,,,manaka,,5,,,,,　僅かに症状が改善するだけでもいい。
163200 ,,,,,,,,,,manaka,,5,,,,,　自分たちが力を尽くしただけの見返りが、
　なにかひとつでもあればいいのに。
163300 ,,,,,,,,,,manaka,,5,,,,,　秋香さんの記憶は、一向に回復する気配がない。
163400 ,,,,,,,,,,manaka,,5,,,,,　これではゴールのないマラソンと一緒だ。
163500 ,,,,,,,愛歌,愛歌,01man540_007.wav,manaka,,42,,,,,「優哉ちゃんと一緒にお祭りへ行ったときも、
　すごい楽しくて、幸せで……」
163600 ,,,,,,,愛歌,愛歌,01man540_008.wav,manaka,,3,,,,,「このまま、ここには戻りたくないって……
　思っちゃったの」
163700 ,,,,,,,愛歌,愛歌,01man540_009.wav,manaka,,5,,,,,「そんな自分がすごくイヤで……」
163800 ,,,,,,,優哉,優哉,,manaka,,5,,,,,「……疲れてるんだよ、お前は」
163900 ,,,,,,,,,,manaka,,5,,,,,　俺はバカのひとつ覚えのように愛歌を抱きしめる。
164000 ,,,,,,,,,,manaka,,5,,,,,　愛歌はまた、声を殺して泣き始める。
164100 ,,,,,,,,,,manaka,,5,,,,,　毎日、こんなことの繰り返し……出口も光も見えな
　い。
164300 ,,<!move_long_r>,,5102,,,優哉,優哉,,manaka,,42,,,,,「たまには看病を休めよ。
　秋香さんの記憶が戻る前に、お前の方が先に
　参っちまうぜ？」
164400 ,,,,,,,愛歌,愛歌,01man540_010.wav,manaka,,42,,,,,「大丈夫。私はそんなに弱くないもん」
164500 ,,,,,,,,,,manaka,,42,,,,,　自分に言い聞かせるように愛歌は言う。
164600 ,,,,,,,,,,manaka,,42,,,,,　俺はそんな愛歌に、綱渡りのような危うさを感じて
　いた。
164700 ,,,,,,,,,,manaka,,42,,,,,　無理をするなと言っても、それを素直に聞く愛歌で
　もないしな……。
164800 ,,,,,,,優哉,優哉,,manaka,,42,,,,,「なあ、愛歌。もっと自分の身体を大事にしてくれ。
　お前まで倒れちまったら、俺は……」
164900 ,,,,,,,愛歌,愛歌,01man540_011.wav,manaka,,0,,,,,「……心配してくれてありがと。
　でも本当に平気。今日はいっぱい、優哉ちゃんから
　元気をもらったから▼」
165000 ,,,,,,,優哉,優哉,,manaka,,0,,,,,「分かった……じゃあ、また明日な？」
165100 ,,,,,,,愛歌,愛歌,01man540_012.wav,manaka,,90,,,,,「うん。また明日ね」
165200 ,,,,,,,優哉,優哉,,manaka,,90,,,,,「あ、金魚はどうするんだ？」
165300 ,,,,,,,愛歌,愛歌,01man540_013.wav,manaka,,0,,,,,「うちに小さな金魚鉢があるから、それに入れてあげ
　ようかと思って」
165400 ,,,,,,,優哉,優哉,,manaka,,0,,,,,「そっか」
165500 ,,,,,,,愛歌,愛歌,01man540_014.wav,manaka,,42,,,,,「お母さんの病室に持っていったら、喜んでくれる
　かなあ？」
165600 ,,,,,,,優哉,優哉,,manaka,,42,,,,,「ああ、いいかもな。それに看病の合間、俺たちが
　金魚で癒されそうだ」
165700 ,,,,,,,愛歌,愛歌,01man540_015.wav,manaka,,90,,,,,「そうだねっ。じゃあ明日、持っていってみるっ」
165800 ,,,,,,,,,,manaka,,90,,,,,　……やはり、明日も看病には行くつもりらしい。
166090 ,,<!Lend_day_change>,0,9000,,,,,,,,,,,,,
166099 ,,<!ec_manaka_pri>,,,,,,,,,,,,,,,
166100 ,@541,,,,,,,,,,,,,,,,
166400 ,,<!Lbegin_day_change>,2,500,,,,,,,,,,,,,　最近はすっかり、早起きの癖がついていた。
166500 ,,,,,,,,,,,,,,,,,　昔のように愛歌の助けを借りる必要もない。
166600 ,,,,,,,,,,,,,,,,,　あいつへ負担をかけないように……と考えれば、
　それはごく自然な流れだった。
166800 ,,<!move_short>,,100,,,,,,,,,,,,,　家を出ると、いつもそこにあるはずの愛歌の姿が
　なかった。
166900 ,,,,,,,,,,,,,,,,,　時間的にはもう出てきていい頃だが……。
167000 ,,,,,,,,,,,,,,,,,　やはり昨日、祭りに連れ出したのが負担だったんだ
　ろうか？
167300 ,,<!move_short><!se_entrance_chime>,,5100,,,,,,,,,,,,,　家の呼び鈴を鳴らしてみても、中からは反応がない。
167400 ,,,,,,,,,,,,,,,,,　今日は伯母さんも来ていないようだ。
167500 ,,,,,,,優哉,優哉,,,,,,,,,「大丈夫かな、あいつ……」
167600 ,,,,,,,,,,,,,,,,,　ただの寝坊ならいいが、妙な胸騒ぎがしていた。
167700 ,,,,,,,,,,,,,,,,,　昨日、愛歌が病室で弱音を吐いたこと。
167800 ,,,,,,,,,,,,,,,,,　あれは愛歌のＳＯＳだったんじゃないだろうか？
167900 ,,,,,,,優哉,優哉,,,,,,,,,「そうだ、携帯っ……」
168000 ,,,,,,,,,,,,,,,,,　着信履歴からそのまま発信し、愛歌が携帯に出るの
　を待つ。
168100 ,,,,,,,,,,,,,,,,,　２回、３回……と呼び出し音が続き、しばらくして
　留守番電話サービスセンターにつながった。
168200 ,,,,,,,,,,,,,,,,,　再度、愛歌の携帯にかけ直し、玄関のドアに手を
　かける。
168300 ,,,,,,,,,,,,,,,,,　がちゃん、と重い手応え。
168400 ,,,,,,,,,,,,,,,,,　ドアは俺の力に反発し、携帯はまた留守番電話サー
　ビスにつながった。
168500 ,,,,,,,優哉,優哉,,,,,,,,,「……こんな早くから診療所へ行ったのか？」
168600 ,,,,,,,,,,,,,,,,,　可能性を探ってみたが、平日のこの時間帯、しかも
　学園があるのに診療所で世話をしているとも考えに
　くい。
168700 ,,,,,,,,,,,,,,,,,　携帯にさえ出てくれれば……そう思いながら、
　５度目の再ダイヤルをする。
168800 ,,,,,,,,,,,,,,,,,『なんかもうツラくって……』
168900 ,,,,,,,,,,,,,,,,,　病室で口にした愛歌の一言が、繰り返される呼び出し
　音と共に頭の中で流れ続けていた。
169100 ,,,12,,,,愛歌,愛歌,01man541_001.wav,,,,,,,,「………………はい」
169200 ,,,,,,,優哉,優哉,,,,,,,,,「愛歌か！？　お前、今どこにいる！？？」
169300 ,,,,,,,愛歌,愛歌,01man541_002.wav,,,,,,,,「ん……ゆう……ちゃ……」
169400 ,,,,,,,,,,,,,,,,,　聞こえてくる微かな声。
169500 ,,,,,,,,,,,,,,,,,　息も絶え絶えといった様子で、今にも通話が切れて
　しまいそうだった。
169600 ,,,,,,,優哉,優哉,,,,,,,,,「俺の声が聞こえるか？」
169700 ,,,,,,,,,,,,,,,,,　ドタンッ！
169800 ,,,,,,,,,,,,,,,,,　携帯越しに人が倒れるような音がする。
169900 ,,,,,,,,,,,,,,,,,　物音だけでは状況が判断できず、俺は歯がゆい
　思いのまま愛歌の応答を待った。
170000 ,,,,,,,愛歌,愛歌,01man541_003.wav,,,,,,,,「はあっ……ごめ……ん……ね……遅れ……ちゃ……」
170100 ,,,,,,,優哉,優哉,,,,,,,,,「お前、家にいるのか？　伯母さんは？」
170200 ,,,,,,,愛歌,愛歌,01man541_004.wav,,,,,,,,「うん、おウチ……ひとり……で……」
170300 ,,,,,,,,,,,,,,,,,　ドンッ！
170400 ,,,,,,,,,,,,,,,,,　今度はどこかに身体をぶつけたんだろうか。
170500 ,,,,,,,,,,,,,,,,,　小さな呻きと共に、携帯が落下して転がる音が
　届いた。
170600 ,,,,,,,優哉,優哉,,,,,,,,,「愛歌、しっかりしろ！
　なんとかして、玄関の鍵を開けられるか？」
170700 ,,,,,,,愛歌,愛歌,01man541_005.wav,,,,,,,,「はあっ……ん、はあっ……待って、ね……
　いま、下に……」
170800 ,,,,,,,,,,,,,,,,,　床を這いながら進んでいるのかもしれない。
170900 ,,,,,,,,,,,,,,,,,　足音は聞こえず、衣服が何かにこすれる音だけが
　延々と続いていた。
171000 ,,,,,,,優哉,優哉,,,,,,,,,「階段、気をつけろよ？　がんばれ、愛歌」
171100 ,,,,,,,,,,,,,,,,,　念のために勝手口やガラス戸にも手を伸ばしてみた
　が、どこもしっかりと鍵がかけられている。
171200 ,,,,,,,愛歌,愛歌,01man541_006.wav,,,,,,,,「ん……っん……はあっ……ん……んっ……」
171300 ,,,,,,,,,,,,,,,,,　次第に口数が減っていく愛歌。
171400 ,,,,,,,,,,,,,,,,,　代わりに苦しそうな息遣いが増え、俺は何度も携帯を
　持ち替えて愛歌との通話を貪った。
171500 ,,,,,,,優哉,優哉,,,,,,,,,「がんばれ、もう少しだから」
171600 ,,,,,,,愛歌,愛歌,01man541_007.wav,,,,,,,,「ん……あっ！？」
171700 ,,,,,,,,,,,,,,,,,　ガタッ！　ドンッ……バタンッ！
171800 ,,,,,,,優哉,優哉,,,,,,,,,「愛歌！？　どうした、おい！　愛歌っ！」
171900 ,,,,,,,,,,,,,,,,,　突然、激しい物音と共に通話が切れ、俺は堪らずに
　玄関のドアを手で叩いた。
172000 ,,,,,,,優哉,優哉,,,,,,,,,「愛歌！　しっかりしろ、愛歌！」
172100 ,,,,,,,,,,,,,,,,,　再ダイアルをすると、近くで愛歌の携帯の着信音が
　聞こえた。
172200 ,,,,,,,,,,,,,,,,,　くそっ、このドアのすぐそばに愛歌がいるっての
　に……。
172300 ,,,,,,,愛歌,愛歌,01man541_008.wav,,,,,,,,「う……ぅん……」
172400 ,,,,,,,優哉,優哉,,,,,,,,,「愛歌！？　大丈夫か？　俺の声が聞こえるか！」
172500 ,,,,,,,,,,,,,,,,,　通話状態にはなったが、ますます愛歌の反応は薄く
　なってきている。
172600 ,,,,,,,優哉,優哉,,,,,,,,,「がんばれって。な？　もう少しだからさ」
172700 ,,,,,,,愛歌,愛歌,01man541_009.wav,,,,,,,,「ごめん……ね……ゅぅ……ゃ……ちゃ……」
172800 ,,,,,,,優哉,優哉,,,,,,,,,「そんなこといいからさ……頼む、ドアの鍵を……」
173000 ,,,,,,,愛歌,愛歌,01man541_010.wav,,,,,,,,「ゅぅ……ゃ……ちゃ……」
173100 ,,,,,,,,,,,,,,,,,　ガタッ、と携帯が打ちつけられる音。
173200 ,,,,,,,,,,,,,,,,,　愛歌がうつ伏せに倒れて動けなくなった姿が
　思い浮かび、俺は必死に呼びかけを続けた。
173300 ,,,,,,,,,,,,,,,,,　手が痛くなるほどドアを叩き、俺の居場所を教える。
173400 ,,,,,,,,,,,,,,,,,　携帯からはもう、愛歌のうめき声すら聞こえなく
　なっていた。
173500 ,,,,,,,優哉,優哉,,,,,,,,,「頼むよ、愛歌……がんばってくれ……」
173600 ,,,,,,,,,,,,,,,,,　押し寄せる絶望感。
173700 ,,,,,,,,,,,,,,,,,　残酷に無言の通話時間だけが携帯に記録され、
　俺はドアに両手をついたまま座りこむ。
173800 ,,,,,,,,,,,,,,,,,　いつもそうだ。
173900 ,,,,,,,,,,,,,,,,,　俺は肝心なときにあいつの手を放してしまって。
174000 ,,,,,,,,,,,,,,,,,　支えてやる頃には、いつもあいつはボロボロで……。
174100 ,,,,,,,優哉,優哉,,,,,,,,,「ごめんな、愛歌……」
174200 ,,,,,,,,,,,,,,,,,　自然とその一言が口から洩れていた。
174300 ,,,,,,,愛歌,愛歌,01man541_011.wav,,,,,,,,「…………ゆーゃ……ちゃん……私……いるよ？」
174400 ,,,,,,,,,,,,,,,,,　携帯からの声ではない。
174500 ,,,,,,,,,,,,,,,,,　ドア越しから確かな声が聞こえてきている。
174600 ,,,,,,,優哉,優哉,,,,,,,,,「愛歌……」
174700 ,,,,,,,,,,,,,,,,,　その場を立ち上がると、カチャリと解錠の音がし、
　目の前のドアが開かれた。
174800 ,,,,,,,優哉,優哉,,,,,,,,,「愛歌っ！」
174900 ,,,,,,,,,,,,,,,,,　自分の全体重をドアにかけ、その勢いで俺の胸に
　倒れこんでくる愛歌。
175000 ,,,,,,,,,,,,,,,,,　俺は携帯を放ってそれを受け止め、キツく愛歌の
　身体を抱きしめた。
175100 ,,,,,,,優哉,優哉,,,,,,,,,「大丈夫か？　どこの具合が悪い？」
175200 ,,,,,,,,,,,,,,,,,　目を閉じて動かない愛歌の額に手を重ねると、
　尋常じゃない体温が伝わってくる。
175300 ,,,,,,,優哉,優哉,,,,,,,,,「お前、この熱っ……」
175400 ,,,,,,,,,,,,,,,,,　考えている暇などなかった。
175500 ,,,,,,,,,,,,,,,,,　崩れ落ちる愛歌の身体を抱え上げ、慎重にベッドまで
　運んでいく。
175600 ,,,,,,,,,,,,,,,,,　愛歌の携帯は階段の前に転がり、廊下に敷かれていた
　小さなマットが普段とは違う位置にズレてしまってい
　た。
175700 ,,,,,,,,,,,,,,,,,　あまりにも軽すぎる体重が俺を不安にさせる。
175800 ,,,,,,,,,,,,,,,,,　とにかく愛歌を寝かせないと……。
176090 ,,<!Lend_scene_change>,0,9000,,,,,,,,,,,,,
176100 ,@542,,,,,,,,,,,,,,,,
176400 ,,<!Lbegin_scene_change>,13,5200,,,,,,,,,,,,,　あれから愛歌は、死んだように眠っていた。
176500 ,,,,,,,,,,,,,,,,,　一応、風邪薬は飲ませてみたが、まだ熱の方は
　下がっていない。
176700 ,,<!move_look>,,,200241,,優哉,優哉,,,,,,,,,「愛歌……」
176800 ,,,,,200241,,,,,,,,,,,,　今日は愛歌から離れるつもりはなかった。
176900 ,,,,,200241,,,,,,,,,,,,　担任には電話で欠席の旨を告げてある。
177000 ,,,,,200241,,優哉,優哉,,,,,,,,,「お前はがんばりすぎなんだって……」
177100 ,,,,,200241,,,,,,,,,,,,　愛歌の手を握りこみ、その安らかな寝顔を見守る。
177200 ,,,,,200241,,,,,,,,,,,,　本当に愛歌は小さくなってしまった。
177300 ,,,,,200241,,,,,,,,,,,,　抱いているこっちが不安になるほどに……。
177400 ,,,,,200241,,愛歌,愛歌,01man542_001.wav,,,,,,,,「……また迷惑をかけちゃったね」
177500 ,,,,,200241,,優哉,優哉,,,,,,,,,「！？」
177700 ,,,,,200242,,愛歌,愛歌,01man542_002.wav,,,,,,,,「優哉ちゃんの声……ずっと聞こえてた」
177800 ,,,,,200242,,優哉,優哉,,,,,,,,,「なんだよ、起きてたのか……具合の方はどうだ？」
177900 ,,,,,200242,,愛歌,愛歌,01man542_003.wav,,,,,,,,「うん、おかげさまで。ずいぶん、よくなったよ」
178000 ,,,,,200242,,優哉,優哉,,,,,,,,,「まだ熱は下がってないんだから安静にしてろよ？
　今日はずっとそばにいてやるから……」
178100 ,,,,,200242,,愛歌,愛歌,01man542_004.wav,,,,,,,,「あ……優哉ちゃん、学校は？」
178200 ,,,,,200242,,優哉,優哉,,,,,,,,,「休んだ」
178300 ,,,,,200242,,愛歌,愛歌,01man542_005.wav,,,,,,,,「そんな……ダメだよ。優哉ちゃんまで休んだら……」
178400 ,,,,,200242,,優哉,優哉,,,,,,,,,「お前が倒れるのが悪い」
178500 ,,,,,200242,,愛歌,愛歌,01man542_006.wav,,,,,,,,「だったら、伯母さんに……」
178600 ,,,,,200242,,優哉,優哉,,,,,,,,,「伯母さんには、秋香さんの看病をしてもらうように
　さっき電話した」
178700 ,,,,,200242,,愛歌,愛歌,01man542_007.wav,,,,,,,,「……もぉ。優哉ちゃんの方ががんばりすぎだよ……」
178800 ,,,,,200242,,,,,,,,,,,,　愛歌は力なく笑う。
178900 ,,,,,200242,,,,,,,,,,,,　釣られて俺も笑ってみたが、上手く≪作れて≫いたかは
　微妙なところだった。
179000 ,,,,,200242,,優哉,優哉,,,,,,,,,「念のために診療所で診てもらうか？
　きちんと薬をもらった方がお前も楽だろうし……」
179100 ,,,,,200242,,愛歌,愛歌,01man542_008.wav,,,,,,,,「ううん。お母さんの顔を見たら、またじっとして
　いられなくなっちゃうから……」
179200 ,,,,,200242,,優哉,優哉,,,,,,,,,「ああ、それは俺が困るな。却下」
179300 ,,,,,200242,,愛歌,愛歌,01man542_009.wav,,,,,,,,「でも風邪だったら、優哉ちゃんに＜伝染＝うつ＞しちゃうよ」
179400 ,,,,,200242,,優哉,優哉,,,,,,,,,「いいからお前の風邪よこせ。
　代わりに俺が寝込んでやるから……」
179500 ,,,,,200242,,愛歌,愛歌,01man542_010.wav,,,,,,,,「それは……私が困るから却下です」
179600 ,,,,,200242,,,,,,,,,,,,　愛歌の声を聞いていると、自分の弱いところばかりが
　目についた。
179700 ,,,,,200242,,,,,,,,,,,,　自分がこんなにも愛歌に依存していたのかと驚く。
179800 ,,,,,200242,,優哉,優哉,,,,,,,,,「とにかく、無理すんなよな。
　お前がいなくなっちまったら、俺は……」
179900 ,,,,,200242,,愛歌,愛歌,01man542_011.wav,,,,,,,,「だいじょぶだよ、私はいなくなったりしないから」
180000 ,,,,,200242,,優哉,優哉,,,,,,,,,「……俺はツラいんだよ。
　日に日にやつれて、小さくなっていくお前を
　見るのが……」
180100 ,,,,,200242,,優哉,優哉,,,,,,,,,「お前が秋香さんを大事に思ってるように、
　俺はお前のことが大事なんだ……」
180200 ,,,,,200242,,愛歌,愛歌,01man542_012.wav,,,,,,,,「優哉ちゃん、彼氏みたいなこと言ってる……」
180300 ,,,,,200242,,優哉,優哉,,,,,,,,,「ちっ……どうせ俺は、お前にフラレた
　未練たらたらの男だよ」
180400 ,,,,,200242,,愛歌,愛歌,01man542_013.wav,,,,,,,,「……ごめんね。そんなつもりで言ったわけじゃ……」
180500 ,,,,,200242,,,,,,,,,,,,　寝かせてやらなければいけなかったのに、
　愛歌と話を終えるのが惜しかった。
180600 ,,,,,200242,,,,,,,,,,,,　こんな風にお互いを見つめて話をする時間が、
　秋香さんの看病を始めてからほとんどなかった
　から。
180700 ,,,,,200242,,優哉,優哉,,,,,,,,,「そういえば、昨日の金魚はどうした？」
180800 ,,,,,200242,,愛歌,愛歌,01man542_014.wav,,,,,,,,「うん。金魚鉢で元気に泳いでたよ。玄関のところに
　置いてあったけど、気付かなかった？」
180900 ,,,,,200242,,優哉,優哉,,,,,,,,,「そりゃあ、朝からあんな状況じゃな。
　でも元気で泳いでるならなによりだ」
181000 ,,,,,200242,,愛歌,愛歌,01man542_015.wav,,,,,,,,「昨日のお祭り、ほんと楽しかったな……」
181100 ,,,,,200242,,優哉,優哉,,,,,,,,,「……お前は」
181200 ,,,,,200242,,,,,,,,,,,,　言葉を続けようとしたが、声にならなかった。
181300 ,,,,,200242,,,,,,,,,,,,　祭りと言っても、金魚すくいしかできなかったとい
　うのに……。
181400 ,,,,,200242,,愛歌,愛歌,01man542_016.wav,,,,,,,,「来年も……一緒に行けたらいいな……」
181500 ,,,,,200242,,優哉,優哉,,,,,,,,,「……行けるさ。お前が元気でさえいれば」
181600 ,,,,,200242,,愛歌,愛歌,01man542_017.wav,,,,,,,,「その頃にはお母さんも……」
181700 ,,,,,200242,,,,,,,,,,,,　愛歌は言葉のあと、どんな未来を思い描いたんだろ
　うか？
181800 ,,,,,200242,,,,,,,,,,,,　それを口にすることなく、愛歌は再び静かに目を
　閉じた。
182000 ,,<!move_look_r>,,5200,,,,,,,,,,,,,　さて、俺は昼飯の準備でも……。
182100 ,,,,,,,優哉,優哉,,,,,,,,,「ん？」
182200 ,,,,,,,,,,,,,,,,,　愛歌が寝付いたのを確認して部屋を出ようとした
　ところで、テーブルの上に見慣れないアルバムが
　あることに気付いた。
182300 ,,,,,,,,,,,,,,,,,　表紙にタイトルはない。
182400 ,,,,,,,,,,,,,,,,,　俺は愛歌に悪いと思いつつも、アルバムを開いて
　みた。
182500 ,,,,,,,優哉,優哉,,,,,,,,,「…………これは秋香さんの字……か？」
182600 ,,,,,,,,,,,,,,,,,　最初に目に入った赤ん坊の写真。
182700 ,,,,,,,,,,,,,,,,,『名前は愛歌。母親に似て、かわいい娘です▼』
182800 ,,,,,,,,,,,,,,,,,　よほど嬉しかったんだろうか。
182900 ,,,,,,,,,,,,,,,,,　写真の下に添えられた文字は、弾むような勢いで
　書かれていた。
183000 ,,,,,,,,,,,,,,,,,　次のページも、その次のページも。
183100 ,,,,,,,,,,,,,,,,,　それはほとんど愛歌の成長記録に近い、
　秋香さんの娘への思いが詰まった一冊だった。
183200 ,,,,,,,,,,,,,,,,,　そして写真が途切れた最後のページ。
183300 ,,,,,,,,,,,,,,,,,『この写真を撮るとき、お母さんは泣きそうでした』
183400 ,,,,,,,,,,,,,,,,,『よかったね。本当によかったね』
183500 ,,,,,,,,,,,,,,,,,『これからもずっと、優哉くんのそばでその笑顔を
　見せてください』
183700 ,,,,,,,,,,,,,,,,,　添えられた文字の上には、あの日の朝……最後に
　秋香さんの『いってらっしゃい』を聞いた、あの
　日の二人が笑っていた。
183800 ,,,,,,,,,,,,,,,,,　この先、どんな写真が続くはずだったんだろうか。
183900 ,,,,,,,,,,,,,,,,,　どんな愛歌の笑顔が……記録されるはずだったんだ
　ろうか。
184000 ,,,,,,,,,,,,,,,,,　何気なく次のページをめくると、そこには添え書き
　だけがしてあった。
184100 ,,,,,,,,,,,,,,,,,　これまでのとは違い、少し丸みを帯びた文字。
184200 ,,,,,,,,,,,,,,,,,『お母さん、退院おめでとう！』
184300 ,,,,,,,,,,,,,,,,,　写真のないその添え書きに、目の奥が熱くなった。
184400 ,,,,,,,,,,,,,,,,,　愛歌の思い描いた未来……それはたった一行だった
　けれど。
184500 ,,,,,,,,,,,,,,,,,　俺はこのページにその写真が貼られることを、
　強く強く願った。
184700 ,,<!move_look>,,,200243,,優哉,優哉,,,,,,,,,（愛歌……）
184800 ,,,,,200243,,,,,,,,,,,,　愛歌がこの部屋でひとり、あのアルバムを見ている
　姿を想像したら、そばから離れられなくなった。
184900 ,,,,,200243,,,,,,,,,,,,　こいつは今、どんな夢を見ているんだろう。
185000 ,,,,,200243,,,,,,,,,,,,　そこでは……どんな未来を思い描いているんだろう。
185100 ,,,,,200243,,,,,,,,,,,,　愛歌の寝顔を見つめながら、秋香さんが最初に記した
　アルバムの添え書きを思い出していた。
185200 ,,,,,200243,,,,,,,,,,,,　赤ん坊の愛歌を抱く秋香さん。
185300 ,,,,,200243,,,,,,,,,,,,　アルバムで紹介された愛歌という娘は、
　あの人の添え書き通りに成長していた。
185400 ,,,,,200243,,,,,,,,,,,,『あなたが、大切な人を真っ直ぐに愛せる、
　強い女の子になれますように』
185600 ,,,,,200243,,,,,,,,,,,,　誰よりも強く、誰よりも純粋に。
185700 ,,,,,200243,,,,,,,,,,,,　≪あなた≫のことを愛し続ける、母親そっくりの娘に――
185990 ,,<!Lend_day_change>,0,9000,,,,,,,,,,,,,
185999 ,,<!ec_manaka_pri>,,,,,,,,,,,,,,,
186000 ,@543,,,,,,,,,,,,,,,,
186480 ,$heroine_begin,,,,,,,,,,,,,,,,
186490 ,,<!Lbegin_day_change>,,9000,,,,,,,,,,,,,
186500 ,,,1,5100,,#sep,愛歌,愛歌,01man543_001.wav,,,,,,,,「ねえ、ゆーやちゃん。そろそろ交代してよー」
186600 ,,,,,,#sep,優哉,優哉,,,,,,,,,「ダメだ。いくぞ、ショッガーめ！」
186700 ,,,,,,#sep,愛歌,愛歌,01man543_002.wav,,,,,,,,「やだぁ、私もライダーの役がいいよぉ」
186800 ,,,,,,#sep,優哉,優哉,,,,,,,,,「ライダーキーックぅぅ！」
186900 ,,,,,,#sep,愛歌,愛歌,01man543_003.wav,,,,,,,,「はうぅっ！？」
187000 ,,,,,,#sep,優哉,優哉,,,,,,,,,「はうぅっじゃなくて、ヒー！　って言えよぉ」
187100 ,,,,,,#sep,愛歌,愛歌,01man543_004.wav,,,,,,,,「えー……でもお母さんは、女の子はヒーヒー言ったら
　ダメだって……」
187200 ,,,,,,#sep,優哉,優哉,,,,,,,,,「ばっか、うちのオヤジはヒーヒー言わせろって
　言ってたぞ」
187300 ,,,,,,#sep,,,,,,,,,,,　……まだ声変わりしていない優哉ちゃんの声。
187400 ,,,,,,#sep,,,,,,,,,,,　懐かしい。
187500 ,,,,,,#sep,,,,,,,,,,,　二人でよくやっていたライダーごっこ。
187600 ,,,,,,#sep,,,,,,,,,,,　私はいつも、悪の≪ひみつけっしゃ≫という役で、
　正義の味方な優哉ちゃんに倒されていた。
187700 ,,,,,,#sep,,,,,,,,,,,　お母さんの止まっている記憶の中では、
　このぐらいの愛歌なのかな……。
187800 ,,,,,,#sep,秋香,秋香,11aki543_001.wav,"akika,private",,1,,,,,「愛歌、そろそろご飯よー」
187900 ,,,,,,#sep,愛歌,愛歌,01man543_005.wav,akika,,1,,,,,「あ、は～い♪」
188000 ,,,,,,#sep,,,,akika,,1,,,,,　今より少し若いお母さん……私は元気に返事をする。
188100 ,,,,,,#sep,秋香,秋香,11aki543_002.wav,akika,,0,,,,,「あら……優哉くん、うちの愛歌のこと知らない？」
188200 ,,,,,,#sep,愛歌,愛歌,01man543_006.wav,akika,,0,,,,,「お母さん、ここだよー。私はここにいるよー？」
188300 ,,,,,,#sep,秋香,秋香,11aki543_003.wav,akika,,3,,,,,「変ねえ……どこに行っちゃったのかしら」
188400 ,,,,,,#sep,,,,akika,,3,,,,,　目の前で手を振る私を無視して、お母さんは
　キョロキョロと辺りを見回す。
188500 ,,,,,,#sep,愛歌,愛歌,01man543_007.wav,akika,,3,,,,,「お母さんっ、お母さんっ、私はいるよー」
188600 ,,,,,,#sep,,,,akika,,3,,,,,　何度も何度もお母さんを呼んで、
　視界に入るようジャンプをして。
188700 ,,,,,,#sep,,,,akika,,3,,,,,　いつもしてくれる抱っこを必死にせがむ私。
188800 ,,,,,,#sep,,,,akika,,3,,,,,　でもお母さんは気付かない。気付いてくれない。
188900 ,,,,,,#sep,秋香,秋香,11aki543_004.wav,akika,,4,,,,,「愛歌ー？　どこにいるのー？」
189000 ,,,,,,#sep,愛歌,愛歌,01man543_008.wav,akika,,4,,,,,「お母さん、気付いて……私はここだよ？
　お母さんのそばにいるよ？」
189100 ,,,,,,#sep,,,,akika,,4,,,,,　小さい頃の私なら気付いてもらえると思ったのに。
189200 ,,,,,,#sep,,,,akika,,4,,,,,　一度でいいから、笑いかけてほしかっただけなのに。
189300 ,,,,,,#sep,,,,akika,,4,,,,,　お母さんは違う愛歌を探しに、遠くへ行ってしまう。
189400 ,,,,,,#sep,愛歌,愛歌,01man543_009.wav,akika,,4,,,,,「どうして気付いてくれないの……こんなのやだよ。
　お母さん、こっちを向いてよ……」
189500 ,,,,,,#sep,,,,akika,,4,,,,,　私は亡霊のようにお母さんのあとをついて、
　気がついてくれるのを待っていた。
189600 ,,,,,,#sep,秋香,秋香,11aki543_005.wav,akika,,2,,,,,「……あら？」
189700 ,,,,,,#sep,,,,akika,,2,,,,,　そんなお母さんとようやく目が合う。
189800 ,,,,,,#sep,,,,akika,,2,,,,,　よかった、気付いてくれた……。
189900 ,,,,,,#sep,,,,akika,,2,,,,,　私は両手を広げて、飛び跳ねながら抱っこを
　せがんだ。
190000 ,,,,,,#sep,秋香,秋香,11aki543_006.wav,akika,,3,,,,,「あなた、お名前は？　迷子になっちゃったの？」
190100 ,,,,,,#sep,愛歌,愛歌,01man543_010.wav,akika,,3,,,,,「ちがうよー、愛歌だよー」
190200 ,,,,,,#sep,秋香,秋香,11aki543_007.wav,akika,,0,,,,,「そう、マナちゃんっていうの。
　うちの娘とそっくりの名前ね」
190300 ,,,,,,#sep,,,,akika,,0,,,,,　お母さんは私の頭を撫で、また別の方向へ歩いて
　行ってしまう。
190400 ,,,,,,#sep,,,,,,,,,,,　ずっとずっとその繰り返し。
190500 ,,,,,,#sep,,,,,,,,,,,　お母さんは目が合うたびに私の名前を聞き、
　私もいつしかそれに答えなくなっていた。
190600 ,,,,,,#sep,,,,,,,,,,,　やっぱり、無理なんだ……。
190700 ,,,,,,#sep,,,,,,,,,,,　お母さんはもう、私のことなんて……。
190800 ,,,,,,#sep,優哉,優哉,,,,,,,,,「……あきらめんなよ、愛歌」
190900 ,,,,,,#sep,愛歌,愛歌,01man543_011.wav,,,,,,,,「えっ？」
191000 ,,,,,,#sep,,,,,,,,,,,　振り返ると、私と同じ身長の優哉ちゃんが、
　鼻の下をこすりながら笑っていた。
191100 ,,,,,,#sep,優哉,優哉,,,,,,,,,「よし、今度は俺がショッガーの役な！」
191200 ,,,,,,#sep,愛歌,愛歌,01man543_012.wav,,,,,,,,「ゆーや……ちゃん……」
191300 ,,,,,,#sep,,,,,,,,,,,　優哉ちゃんのそういう優しさは、昔からずっと
　変わっていない。
191400 ,,,,,,#sep,,,,,,,,,,,　もし優哉ちゃんがいなかったら、私はとうに挫けて、
　お母さんのことをあきらめていた。
191500 ,,,,,,#sep,,,,,,,,,,,　でもそんな優哉ちゃんだからこそ、私とお母さんの
　ことに巻きこんでしまうのがツラい……。
191600 ,,,,,,#sep,,,,,,,,,,,　優しくされるのが……ツラい……。
191880 ,,,,9000,,,,,,,,,,,,,
191890 ,,<!Lend_day_change>,0,,,,,,,,,,,,,,
191899 ,$heroine_end,,,,,,,,,,,,,,,,
191900 ,@544,,,,,,,,,,,,,,,,
192200 ,,<!Lbegin_day_change>,7,5200,,,優哉,優哉,,,,,,,,,「………………なか」
192300 ,,,,,,,愛歌,愛歌,01man544_001.wav,,,,,,,,「ん……んん……」
192400 ,,,,,,,優哉,優哉,,,,,,,,,「愛歌っ……おい、愛歌っ」
192500 ,,,,,,,愛歌,愛歌,01man544_002.wav,,,,,,,,「ん……ぅ……」
192700 ,,<!move_look>,,,200243,,,,,,,,,,,,　いつの間にか、看病をしているうちに俺も眠って
　しまっていた。
192800 ,,,,,200243,,,,,,,,,,,,　耳元でうなされている愛歌の声を聞き、目が覚める。
192900 ,,,,,200243,,,,,,,,,,,,　悪い夢でも見ているんだろうか。
193000 ,,,,,200243,,優哉,優哉,,,,,,,,,「愛歌、しっかりしろ」
193200 ,,,,,200242,,愛歌,愛歌,01man544_003.wav,,,,,,,,「……………………優哉ちゃん」
193300 ,,,,,200242,,,,,,,,,,,,　目を開けて俺を見るや、なぜか穏やかに微笑む愛歌。
193400 ,,,,,200242,,,,,,,,,,,,　俺は愛歌の額に浮かんだ汗をタオルで拭いながら、
　看護用の小さな『水のみ』で水分をとらせた。
193500 ,,,,,200242,,優哉,優哉,,,,,,,,,「夢でも見てたのか？　お前、うなされてたぜ」
193600 ,,,,,200242,,愛歌,愛歌,01man544_004.wav,,,,,,,,「…………」
193700 ,,,,,200242,,優哉,優哉,,,,,,,,,「なんだよ、そんな人の顔をじっと見て」
193800 ,,,,,200242,,愛歌,愛歌,01man544_005.wav,,,,,,,,「……ありがとね、優哉ちゃん」
193900 ,,,,,200242,,優哉,優哉,,,,,,,,,「今さら、水くさいんだよ。お前は。
　汗拭いたら、熱を計るぞ？」
194000 ,,,,,200242,,,,,,,,,,,,　顔色もよくなったし、先に額を触ってみたが、
　熱は下がっているようだ。
194100 ,,,,,200242,,,,,,,,,,,,　…………。
194200 ,,,,,200242,,,,,,,,,,,,　こんな風に、秋香さんも看病の成果がでればな……。
194300 ,,,,,200242,,愛歌,愛歌,01man544_006.wav,,,,,,,,「あ……今って、何時ぐらい？」
194400 ,,,,,200242,,優哉,優哉,,,,,,,,,「今か？　もう朝だぞ。登校するにはまだ早いが」
194500 ,,,,,200242,,愛歌,愛歌,01man544_007.wav,,,,,,,,「えっ？　朝って……いつの朝？」
194600 ,,,,,200242,,優哉,優哉,,,,,,,,,「お前が倒れたのは昨日。んで、その次の日の朝」
194700 ,,,,,200242,,愛歌,愛歌,01man544_008.wav,,,,,,,,「……私、そんなに寝ちゃってたんだ」
194800 ,,,,,200242,,優哉,優哉,,,,,,,,,「お前は疲れを溜めすぎだ。
　最近、眠れてなかったんだろ」
194900 ,,,,,200242,,愛歌,愛歌,01man544_009.wav,,,,,,,,「うん……布団に入ったら、いろいろ考えちゃって」
195000 ,,,,,200242,,優哉,優哉,,,,,,,,,「おかげで、昨日の昼飯と晩飯を二人分食っちまった
　ぜ。待ってろ。今、お粥でも作ってきてやるから」
195100 ,,,,,200242,,愛歌,愛歌,01man544_010.wav,,,,,,,,「……ごめんね。ご飯、作ってくれてたんだ」
195200 ,,,,,200242,,優哉,優哉,,,,,,,,,「起こそうとは思ったんだけどな。
　お前の寝顔を見てたらできなかったわ」
195300 ,,,,,200242,,愛歌,愛歌,01man544_011.wav,,,,,,,,「寝顔、見られるの……ちょっと恥ずかしい」
195400 ,,,,,200242,,優哉,優哉,,,,,,,,,「バカ、そこまでマジマジとは見てねえよ」
195500 ,,,,,200242,,,,,,,,,,,,　昨日見たアルバムのことは話せなかった。
195600 ,,,,,200242,,,,,,,,,,,,　できれば今は、秋香さんのことを思い出させたくな
　い。
195700 ,,,,,200242,,愛歌,愛歌,01man544_012.wav,,,,,,,,「私……優哉ちゃんが、ずっとそばにいてくれて
　よかった」
195800 ,,,,,200242,,優哉,優哉,,,,,,,,,「寝顔を見られて恥ずかしい思いをしたのにか？」
195900 ,,,,,200242,,愛歌,愛歌,01man544_013.wav,,,,,,,,「今回のことだけじゃないよー。
　小さい頃のことも含めて……」
196000 ,,,,,200242,,優哉,優哉,,,,,,,,,「……なら、これからもずっとそばにいてやるよ」
196100 ,,,,,200242,,愛歌,愛歌,01man544_014.wav,,,,,,,,「そんなこと言ったら、私……優哉ちゃんの
　お嫁さんになっちゃうんだから」
196200 ,,,,,200242,,優哉,優哉,,,,,,,,,「なれなれ。好きなだけなれ。
　嫁でも米でももらってやるよ」
196300 ,,,,,200242,,,,,,,,,,,,　愛歌に体温計を与え、タオルを水で絞り直す。
196400 ,,,,,200242,,,,,,,,,,,,　あれだけ自分を追いつめていた愛歌が、
　冗談でもこんなことを言ってくれたのが
　嬉しかった。
196500 ,,,,,200242,,,,,,,,,,,,　秋香さんの看病を再開しても、この調子で
　いてくれればいいんだけどな……。
196600 ,,,,,200242,,優哉,優哉,,,,,,,,,「よし、お嫁さん特典でお前のしてほしいことを
　してやろう。何をしてほしい？」
196700 ,,,,,200242,,愛歌,愛歌,01man544_015.wav,,,,,,,,「そんな特典があるんだ」
196800 ,,,,,200242,,優哉,優哉,,,,,,,,,「別名、下心とも言うがな」
196900 ,,,,,200242,,愛歌,愛歌,01man544_016.wav,,,,,,,,「じゃあ……濡れたタオルで身体を……」
197000 ,,,,,200242,,優哉,優哉,,,,,,,,,「待ってました！　拭くよ、どんどん拭いちゃうよ。
　腋の下とか胸の谷間とか」
197100 ,,,,,200242,,愛歌,愛歌,01man544_017.wav,,,,,,,,「えっと、顔とか首の辺りだけで……」
197200 ,,,,,200242,,優哉,優哉,,,,,,,,,「他のところ、もっと汗かいてるだろっ」
197300 ,,,,,200242,,,,,,,,,,,,　ここまで分かりやすい下心もない。
197500 ,,<!se_ch_keitai_ring>,,,200242,,優哉,優哉,,,,,,,,,「あれ……誰だ、こんな朝っぱらから電話なんて……」
197600 ,,,,,200242,,,,,,,,,,,,　突然、携帯の着信音が鳴り響き、愛歌もビクッとして
　驚いていた。
197700 ,,<se_stop id=1>,,,200242,,優哉,優哉,,,,,,,,,「お、悠からか。なんの用だろうな」
198000 ,,<!move_look_r><!se_keitai_pi>,,5200,,,優哉,優哉,,,,,,,,,「なんだよ、こんな朝っぱらから」
198200 ,,,,,,,悠,悠,02yuu544_001.wav,,,,,,,,「私だって、あんたになんか電話したくないわよっ」
198300 ,,,,,,,優哉,優哉,,,,,,,,,「切るぞ」
198400 ,,,,,,,悠,悠,02yuu544_002.wav,,,,,,,,「あー！　待って、待って！
　あんた今、どこにいんの？」
198500 ,,,,,,,優哉,優哉,,,,,,,,,「愛歌の家の愛歌の部屋」
198600 ,,,,,,,悠,悠,02yuu544_003.wav,,,,,,,,「やっぱりそうだったんだ。学校へ行く前に愛歌の
　お見舞いに行こうと思ってたんだけどさー。
　あの子の携帯にかからなかったのよね」
198700 ,,,,,,,優哉,優哉,,,,,,,,,「ああ。最近、調子悪いみたいだしな。あいつの携帯。
　機嫌のいい日と悪い日があるらしい」
198800 ,,,,,,,悠,悠,02yuu544_004.wav,,,,,,,,「ふ～ん……んで、これから恋鳥と愛歌の家に
　行くけど平気？」
198900 ,,,,,,,優哉,優哉,,,,,,,,,「来んなっ」
199000 ,,,,,,,悠,悠,02yuu544_005.wav,,,,,,,,「あんでよ～。あ、もしかしてお楽しみ中だった？」
199100 ,,,,,,,優哉,優哉,,,,,,,,,「お前が来ると愛歌の熱が上がりそうでなあ」
199300 ,,,,,,,悠,悠,02yuu544_006.wav,,,,,,,,「んじゃ、恋鳥の真似でもしてるわよ。
　今から向かうからねー」
199400 ,,,,,,,優哉,優哉,,,,,,,,,「ちょっ……」
199600 ,,<!se_entrance_chime>,,,,,,,,,,,,,,,　ピンポーン！
199700 ,,,,,,,優哉,優哉,,,,,,,,,「って、早っ！？」
199900 ,,<!move_short>,,5100,,,優哉,優哉,,"yuu,uniform",,0,"kotori,uniform",,0,,「お前ら、来るのが早す……」
200000 ,,,,,,,悠,悠,02yuu544_007.wav,yuu,,0,kotori,,0,,「お邪魔しまぁーす」
200100 ,,,,,,,恋鳥,恋鳥,04kot544_001.wav,yuu,,0,kotori,,0,,「お邪魔するぞ」
200200 ,,,,,,,優哉,優哉,,yuu,,0,kotori,,0,,「……久々に空気な扱いされたな」
200400 ,,<!move_short_r>,,5200,,,悠,悠,02yuu544_008.wav,yuu,,0,,,,,「おぃーっす。愛歌、調子はどぉ？」
200500 ,,,,,,,愛歌,愛歌,01man544_018.wav,yuu,,0,,,,,「あ……うん。もう熱も下がったから平気」
200600 ,,,,,,,恋鳥,恋鳥,04kot544_002.wav,kotori,,3,,,,,「……無理はよくないぞ」
200700 ,,,,,,,悠,悠,02yuu544_009.wav,yuu,,17,,,,,「んだんだ。無理はよぐねー。
　あ、お手伝いさん、ジュースまだー？」
200800 ,,,,,,,優哉,優哉,,yuu,,17,,,,,「出てけっ」
200900 ,,,,,,,悠,悠,02yuu544_010.wav,yuu,,7,,,,,「あだっ！？　人を＜足蹴＝あしげ＞にすんじゃないわよっ」
201000 ,,,,,,,優哉,優哉,,yuu,,7,,,,,「大体、愛歌がこうなった原因のひとつはお前だ」
201100 ,,,,,,,悠,悠,02yuu544_011.wav,yuu,,17,,,,,「神様が私の美貌に嫉妬して？」
201200 ,,,,,,,優哉,優哉,,yuu,,17,,,,,「それなら普通はお前が風邪ひくだろ……
　愛歌はとばっちりじゃねーか」
201300 ,,,,,,,悠,悠,02yuu544_012.wav,yuu,,5,,,,,「んじゃ、なによ？　私が原因って」
201400 ,,,,,,,優哉,優哉,,yuu,,5,,,,,「お前がいきなり、祭りに行けとか言い出すから、
　こいつは疲れてるのに無理をして……」
201500 ,,,,,,,悠,悠,02yuu544_013.wav,yuu,,0,,,,,「あー、あれね。で、祭りには間に合ったの？」
201600 ,,,,,,,優哉,優哉,,yuu,,0,,,,,「金魚すくいだけな。
　そういやまだ事情聞いてねーぞ。あんときの」
201700 ,,,,,,,悠,悠,02yuu544_014.wav,yuu,,12,,,,,「んー……実はさ、噂で聞いたのよね」
201800 ,,,,,,,優哉,優哉,,yuu,,12,,,,,「噂？」
201900 ,,,,,,,悠,悠,02yuu544_015.wav,yuu,,0,,,,,「今年の祭りが、どうして二度もやることになったか、
　あんたは知ってる？」
202000 ,,,,,,,優哉,優哉,,yuu,,0,,,,,「ん……前に秋香さんが、今年の祭りが好評だったから
　とか言ってたような……」
202100 ,,,,,,,悠,悠,02yuu544_016.wav,yuu,,12,,,,,「……実際は、秋香さんが主催側に無理を言って
　お願いしたらしいけどね」
202200 ,,,,,,,優哉,優哉,,yuu,,12,,,,,「秋香さんが？」
202300 ,,,,,,,悠,悠,02yuu544_017.wav,yuu,,4,,,,,「色々と顔が広いみたいだしねえ、秋香さん……」
202400 ,,,,,,,優哉,優哉,,yuu,,4,,,,,「でも、なんでまたそんなこと……」
202500 ,,,,,,,悠,悠,02yuu544_018.wav,yuu,,5,,,,,「それはよく分かんないけど……あんたらに二人で
　行かせたかったんじゃないの？　星の河原祭りに」
202600 ,,,,,,,優哉,優哉,,yuu,,5,,,,,「そんな……」
202700 ,,,,,,,,,,yuu,,5,,,,,　普通に考えてありえない。
202800 ,,,,,,,,,,yuu,,5,,,,,　仮にそうだとしても、年に一度の祭りを二度に
　するなんて……。
202900 ,,,,,,,,,,yuu,,5,,,,,　…………。
203100 ,,<!scene_past_begin>,,9000,200233,#sep,,,,,,,,,,,　……いや、あの人ならやるかもしれない。
203200 ,,,,,200233,#sep,,,,,,,,,,,　愛歌のためなら、秋香さんは祭りの一度や二度ぐら
　い……。
203400 ,,<!scene_past_end>,,5200,,,悠,悠,02yuu544_019.wav,yuu,,90,,,,,「ま、少しでも祭りを楽しめたんなら何よりだわ」
203500 ,,,,,,,,,,yuu,,90,,,,,　そうだ、愛歌は……。
203700 ,,,,,200242,,愛歌,愛歌,01man544_019.wav,,,,,,,,「……お母さんらしいね」
203800 ,,,,,200242,,優哉,優哉,,,,,,,,,「愛歌、お前……」
203900 ,,,,,200242,,愛歌,愛歌,01man544_020.wav,,,,,,,,「ほんと、やることがお母さんらしくて
　笑っちゃう……」
204000 ,,,,,200242,,,,,,,,,,,,　秋香さんの話題が出ても、愛歌の表情は穏やかな
　ままだった。
204100 ,,,,,200242,,,,,,,,,,,,　無理をしている様子もない。
204200 ,,,,,200242,,,,,,,,,,,,　ごく自然に秋香さんの話を受け入れ、愛歌は笑って
　いた。
204300 ,,,,,200242,,悠,悠,02yuu544_020.wav,,,,,,,,「じゃ、私らは学校があるからいくね。
　愛歌は今日も休むんでしょ？」
204400 ,,,,,200242,,愛歌,愛歌,01man544_021.wav,,,,,,,,「うん。明日からは行けると思うけど……」
204500 ,,,,,200242,,悠,悠,02yuu544_021.wav,,,,,,,,「ほら、優哉。
　あんたもしっかり看病しなさいよー」
204600 ,,,,,200242,,優哉,優哉,,,,,,,,,「いでっ！？　お前、人を足蹴にっ……」
204800 ,,,,5200,,,恋鳥,恋鳥,04kot544_003.wav,kotori,,90,,,,,「……お大事に」
204900 ,,,,,,,悠,悠,02yuu544_022.wav,yuu,,0,,,,,「んじゃね～。お見送りは結構っ」
205000 ,,,,,,,,,,,,,,,,,　とりつく島もなく、二人は部屋をあとにしていく。
205100 ,,,,,,,,,,,,,,,,,　何気に蹴られた脛が痛い……。
205300 ,,,,,200242,,優哉,優哉,,,,,,,,,「やれやれ。相変わらずだな、あの二人は……」
205400 ,,,,,200242,,愛歌,愛歌,01man544_022.wav,,,,,,,,「でも、こんな朝早くにお見舞いに来てくれる人なんて
　他にいないよ……」
205500 ,,,,,200242,,優哉,優哉,,,,,,,,,「それは言えてるな」
205600 ,,,,,200242,,愛歌,愛歌,01man544_023.wav,,,,,,,,「私、幸せだね。あんなに優しい友達を持って……」
205700 ,,,,,200242,,優哉,優哉,,,,,,,,,「愛歌……」
205800 ,,,,,200242,,,,,,,,,,,,　少しだけ、愛歌が秋香さんの話を聞いても心を
　乱さなかった理由が分かった。
205900 ,,,,,200242,,,,,,,,,,,,　きっと、愛歌は気付いたんだ。
206000 ,,,,,200242,,,,,,,,,,,,　自分が決してひとりではないことに。
206100 ,,,,,200242,,,,,,,,,,,,　弱い自分を受け入れて、誰かを支えて、支えられて。
206200 ,,,,,200242,,,,,,,,,,,,　そうやって生きていく決心を……したんだ。
206490 ,,<!Lend_day_change>,0,9000,,,,,,,,,,,,,
206499 ,,<!ec_manaka_pri>,,,,,,,,,,,,,,,
206500 ,@545,,,,,,,,,,,,,,,,
206800 ,,<!Lbegin_day_change>,8,10100,,,,,,,,,,,,,　数日後、体調の回復した愛歌は、秋香さんの看護に
　復帰した。
206900 ,,,,,,,,,,,,,,,,,　――大丈夫か？
207000 ,,,,,,,,,,,,,,,,,　そんなことを心配する必要はなくなっていた。
207100 ,,,,,,,,,,,,,,,,,　愛歌は人前でよく笑うようになり、
　そして素直に俺の前で弱さを見せるようになった。
207300 ,,<!move_short>,,10200,,,,,,,,,,,,,　愛歌が寝込んでいる間、秋香さんの看護には新しく
　つむぎが加わっていた。
207400 ,,,,,,,,,,,,,,,,,　つむぎは献身的に秋香さんを看護し、他の患者の
　世話まで進んでしていたという。
207500 ,,,,,,,愛歌,愛歌,01man545_001.wav,"manaka,uniform",,42,,,,,「……ありがとうございます、つむぎさん」
207600 ,,,,,,,つむぎ,つむぎ,05tum545_001.wav,"tumugi,uniform",,42,manaka,,42,,「いえ。私にお手伝いできることがあれば、
　なんでもお申し付けください」
207700 ,,,,,,,,,,tumugi,,42,manaka,,42,,　女医さんは、つむぎを看護師としてぜひ欲しい
　人材だと言っていたが……。
207800 ,,,,,,,秋香,秋香,11aki545_001.wav,"akika,pajamas",,0,manaka,,42,,「この金魚はマナさんが持ってきてくれたの？」
207900 ,,,,,,,愛歌,愛歌,01man545_002.wav,akika,,0,manaka,,0,,「あ、はいっ。ご迷惑でしたら持って帰りますっ」
208000 ,,,,,,,秋香,秋香,11aki545_002.wav,akika,,1,manaka,,0,,「迷惑なわけないじゃない。
　それでこの３匹、名前は？」
208100 ,,,,,,,愛歌,愛歌,01man545_003.wav,akika,,1,manaka,,3,,「いえ、名前はまだ……」
208200 ,,,,,,,秋香,秋香,11aki545_003.wav,akika,,0,manaka,,3,,「それじゃあ、私が決めてもいいかしら？」
208300 ,,,,,,,愛歌,愛歌,01man545_004.wav,akika,,0,manaka,,90,,「ぜひ、そうしてくださいっ。
　その金魚ちゃんたちも喜ぶと思いますっ」
208400 ,,,,,,,,,,akika,,0,manaka,,90,,　秋香さんは金魚鉢を楽しそうに見ながら、
　赤ん坊をあやすように表情を変える。
208500 ,,,,,,,秋香,秋香,11aki545_004.wav,akika,,0,manaka,,90,,「それじゃあ、大きいのから順に、アキカ、ユウ、
　マナっていうのはどうかしら？」
208600 ,,,,,,,愛歌,愛歌,01man545_005.wav,akika,,0,manaka,,3,,「え……」
208700 ,,,,,,,,,,akika,,0,manaka,,3,,　思わず顔を見合わせる俺たち。
208800 ,,,,,,,秋香,秋香,11aki545_005.wav,akika,,1,manaka,,3,,「二人には今日、初めて会った気がしないのよね。
　名前もかわいいし▼」
208900 ,,,,,,,,,,akika,,1,manaka,,3,,　秋香さんの笑顔に釣られ、みんなが同じように
　笑みを浮かべる。
209000 ,,,,,,,,,,akika,,1,manaka,,3,,　この周りを幸せにできる笑顔は……秋香さんの
　才能だと思う。
209100 ,,,,,,,愛歌,愛歌,01man545_006.wav,akika,,1,manaka,,0,,「秋香さん、ありがとうございますっ。
　私……嬉しいですっ」
209200 ,,,,,,,,,,akika,,1,manaka,,0,,　数時間後には、秋香さんは金魚につけた名前を
　忘れてしまうかもしれない。
209300 ,,,,,,,,,,akika,,1,manaka,,0,,　でも俺たちの記憶にはしっかりと残されている。
209400 ,,,,,,,,,,akika,,1,manaka,,0,,　今このとき、秋香さんが確かに俺と愛歌のことを、
　特別な存在として認識してくれたことを。
209500 ,,,,,,,秋香,秋香,11aki545_006.wav,akika,,3,manaka,,0,,「つむぎさん、もうあのもなかはないのかしら？」
209600 ,,,,,,,つむぎ,つむぎ,05tum545_002.wav,akika,,3,tumugi,,0,,「あ……ハバネロもなかですか？」
209700 ,,,,,,,秋香,秋香,11aki545_007.wav,akika,,0,tumugi,,0,,「そういう名前だったかしら？
　あのもなか、とってもおいしかったの。
　また今度、持ってきてくれない？」
209800 ,,,,,,,つむぎ,つむぎ,05tum545_003.wav,akika,,0,tumugi,,1,,「はいっ。今度はもっとたくさん持ってきますねっ」
209900 ,,,,,,,優哉,優哉,,akika,,0,tumugi,,1,,「……つむぎ、秋香さんにあの≪もなか≫を食べさせたの
　か？」
210000 ,,,,,,,つむぎ,つむぎ,05tum545_004.wav,akika,,0,tumugi,,0,,「その……オーナーがぜひ、とのことでしたので」
210100 ,,,,,,,優哉,優哉,,akika,,0,tumugi,,0,,「親父め……不良在庫処分してるじゃないだろうな」
210200 ,,,,,,,,,,akika,,0,tumugi,,0,,　しかもあのもなかを、秋香さんはかなり気に入って
　いる様子。
210300 ,,,,,,,,,,akika,,0,tumugi,,0,,　記憶をなくす前からそうだったかな、確か……。
210400 ,,,,,,,,,,akika,,0,tumugi,,0,,　箱に書いてあった『忘れられない味！』というのも、
　意外と侮れない。
210500 ,,,,,,,秋香,秋香,11aki545_008.wav,akika,,5,tumugi,,0,,「もぉ、マナちゃんはユウくんにくっついてばっかり
　じゃない！」
210600 ,,,,,,,愛歌,愛歌,01man545_007.wav,akika,,5,manaka,,15,,「ふぇっ？」
210700 ,,,,,,,,,,akika,,5,manaka,,15,,　再び金魚鉢を見て、不満げに言う秋香さん。
210800 ,,,,,,,,,,akika,,5,manaka,,15,,　確かにユウは、マナの＜糞＝ふん＞が出るところ付近を、
　匂いを嗅ぐように付きまとっていた。
210900 ,,,,,,,,,,akika,,5,manaka,,15,,　どうしようもねえ金魚だな、ユウは……。
211000 ,,,,,,,秋香,秋香,11aki545_009.wav,akika,,2,manaka,,15,,「あ～ん！
　ユウくん、もっとアキカのことも愛してってばぁ～」
211100 ,,,,,,,,,,akika,,2,manaka,,15,,　金魚の話ですよ、ええ。
211200 ,,,,,,,,,,akika,,2,manaka,,15,,　しかし、よほど金魚が気に入ったみたいだな。
211300 ,,,,,,,,,,akika,,2,manaka,,15,,　ずっと金魚鉢に顔をくっつけて、子供みたいだ。
211400 ,,,,,,,愛歌,愛歌,01man545_008.wav,akika,,2,manaka,,42,,「……よかった。
　おかあ……じゃなくて、秋香さん元気で」
211500 ,,,,,,,優哉,優哉,,akika,,2,manaka,,42,,「ああ。だな」
211600 ,,,,,,,,,,akika,,2,manaka,,42,,　小声で話す愛歌の頬をつねり、軽く笑ってやる。
211700 ,,,,,,,秋香,秋香,11aki545_010.wav,akika,,3,manaka,,42,,「……この子たちは、あのもなか食べないかしら」
211800 ,,,,,,,優哉,優哉,,akika,,3,manaka,,42,,「いや、金魚にアレをあげるのはよした方が……」
211900 ,,,,,,,秋香,秋香,11aki545_011.wav,akika,,2,manaka,,42,,「あら、そぉ？　ユウくんだけにでも食べさせて
　あげたいな。口移しで」
212000 ,,,,,,,,,,akika,,2,manaka,,42,,　翌日、水に浮かんでます。たぶん。
212100 ,,,,,,,つむぎ,つむぎ,05tum545_005.wav,tumugi,,4,,,,,「あの……優哉さん、少しだけお話よろしいですか？」
212200 ,,,,,,,優哉,優哉,,tumugi,,4,,,,,「ん？　ああ。ここじゃできない話か？」
212300 ,,,,,,,つむぎ,つむぎ,05tum545_006.wav,tumugi,,3,,,,,「はい。できればお外の方で……」
212400 ,,,,,,,優哉,優哉,,tumugi,,3,,,,,「分かった。愛歌、ちょっと行ってくるな」
212500 ,,,,,,,愛歌,愛歌,01man545_009.wav,manaka,,90,,,,,「うん、いってらっしゃいー」
212700 ,,<!move_short_r>,,10100,,,優哉,優哉,,tumugi,,0,,,,,「で、話ってなんだよ？」
212800 ,,,,,,,つむぎ,つむぎ,05tum545_007.wav,tumugi,,3,,,,,「はい……秋香さんのことで……」
212900 ,,,,,,,優哉,優哉,,tumugi,,3,,,,,「秋香さんがどうかしたのか？」
213000 ,,,,,,,,,,tumugi,,3,,,,,　つむぎは表情を曇らせ、小さく頷く。
213100 ,,,,,,,つむぎ,つむぎ,05tum545_008.wav,tumugi,,5,,,,,「昨日の夜遅く……秋香さん、すごく頭を痛そうに
　していたんです」
213200 ,,,,,,,つむぎ,つむぎ,05tum545_009.wav,tumugi,,5,,,,,「心配で担当のお医者さまに連絡をさしあげたのです
　が、私はすぐに病室から出るようにと……」
213300 ,,,,,,,優哉,優哉,,tumugi,,5,,,,,「そうなのか？　話してても全然、そんな様子は
　感じなかったけど……」
213400 ,,,,,,,つむぎ,つむぎ,05tum545_010.wav,tumugi,,0,,,,,「……記憶が戻る前兆……なのでしょうか？」
213500 ,,,,,,,優哉,優哉,,tumugi,,0,,,,,「それは分からない……でもありがとな。
　助かるよ、そういう情報は……」
213700 ,,<!move_short>,,10200,,,愛歌,愛歌,01man545_010.wav,manaka,,0,,,,,「あ、おかえりなさいっ。
　つむぎさんとは、なんのお話だったの？」
213800 ,,,,,,,優哉,優哉,,manaka,,0,,,,,「いや、大したことじゃない。
　それより秋香さんの様子は？」
213900 ,,,,,,,愛歌,愛歌,01man545_011.wav,manaka,,90,,,,,「うん、すごく元気だったよ。
　いつも以上に、はしゃいじゃってるみたい」
214000 ,,,,,,,優哉,優哉,,manaka,,90,,,,,「そっか……」
214100 ,,,,,,,,,,manaka,,90,,,,,　記憶が戻る前兆……女医さんに聞いたところで、
　教えてくれるわけないよな。
214200 ,,,,,,,,,,manaka,,90,,,,,　でも、秋香さんはどのぐらいまで、ここに入院して
　いなければならないんだろう。
214300 ,,,,,,,,,,manaka,,90,,,,,　愛歌はいつまで、娘であることを秘密にし続けなけ
　ればならないんだろう。
214400 ,,,,,,,,,,manaka,,90,,,,,　この生活に、光明はまだ、
　見いだすことはできなかった……。
214690 ,,<!Lend_day_change>,0,9000,,,,,,,,,,,,,
214700 ,@546,,,,,,,,,,,,,,,,
215000 ,,<!Lbegin_day_change>,2,10200,,,秋香,秋香,11aki546_001.wav,"akika,private",,4,,,,,「……それじゃあ、ユウくん。マナちゃん。
　それとアキカさま。行ってまいります」
215100 ,,,,,,,,,,akika,,4,,,,,　金魚鉢を泳ぐ３匹に別れの挨拶をする秋香さん。
215200 ,,,,,,,,,,akika,,4,,,,,　今日は秋香さんを連れて、少し外を散歩してみる
　ことにした。
215300 ,,,,,,,,,,akika,,4,,,,,　いつの間にか、金魚に上下関係っぽいのができてて
　気になる……。
215400 ,,,,,,,,,,akika,,4,,,,,　ユウくん、アキカさまの＜糞＝ふん＞をおいしそうに食べて
　いるんですが。
215500 ,,,,,,,,,,akika,,4,,,,,　どんな位置づけなんだ、金魚社会のユウくんは……。
215600 ,,,,,,,優哉,優哉,,akika,,4,,,,,「そんなに遠くには行かないですけど、
　ツラくなったら言ってくださいね」
215700 ,,,,,,,秋香,秋香,11aki546_002.wav,akika,,0,,,,,「ええ、ありがとう。ユウくんはいつも優しいわね」
215800 ,,,,,,,,,,akika,,0,,,,,　あれから秋香さんは、少しずつ記憶が保持できる
　ようになった。
215900 ,,,,,,,,,,akika,,0,,,,,　俺たちの名前はもちろん、最大で二日前ぐらいの
　ことまで記憶できていた。
216000 ,,,,,,,,,,akika,,0,,,,,　つむぎは、ハバネロもなかを食べ始めてから……
　という話だったが、それは個人的に信じたくない。
216100 ,,,,,,,,,,akika,,0,,,,,　親父がまたおかしな商売を始めそうだしな……。
216300 ,,<!move_short>,,10100,,,愛歌,愛歌,01man546_001.wav,"manaka,uniform",,90,,,,,「ゆっくりでいいですからね。
　私たちは秋香さんのペースに合わせますから」
216400 ,,,,,,,,,,manaka,,90,,,,,　最初は車椅子を使う予定だったが、
　秋香さんが自分の意思で徒歩を選んだ。
216500 ,,,,,,,,,,manaka,,90,,,,,　小さな肩下げのバッグも自分で持ち、
　こうして歩いていてもどこが悪いのか
　判断できない。
216600 ,,,,,,,秋香,秋香,11aki546_003.wav,akika,,0,,,,,「二人が一緒だと心強いわ。
　ユウくん、腕を組んでいいかしら？」
216700 ,,,,,,,優哉,優哉,,akika,,0,,,,,「あ、はあ……」
216800 ,,,,,,,,,,akika,,0,,,,,　最近、なぜか秋香さんのボディタッチが激しい。
216900 ,,,,,,,,,,akika,,0,,,,,　というより、記憶をなくす前に戻りつつあるのか？
　これは……。
217000 ,,,,,,,愛歌,愛歌,01man546_002.wav,akika,,0,manaka,,7,,「よかったですね～、ユウくん」
217100 ,,,,,,,,,,akika,,0,manaka,,7,,　愛歌は全然、目が笑っていなかった！
217300 ,,,,9000,,,,,,,,,,,,,　俺たちは秋香さんを、診療所の近くにある丘へ
　連れていくことにした。
217400 ,,,,,,,,,,,,,,,,,　景色もよく、空気もおいしい。
217500 ,,,,,,,,,,,,,,,,,　いつも病室にいる秋香さんには、いい気分転換と
　なるに違いない。
217700 ,,<!move_normal>,,10300,,,秋香,秋香,11aki546_004.wav,akika,,0,,,,,「ん～……近くにこんな場所があったのねー」
217800 ,,,,,,,,,,akika,,0,,,,,　丘に到着し、秋香さんは気持ちよさそうに腕を
　伸ばす。
217900 ,,,,,,,優哉,優哉,,akika,,0,,,,,「ここで少しのんびりしていきましょう」
218000 ,,,,,,,愛歌,愛歌,01man546_003.wav,akika,,0,manaka,,0,,「あ……お弁当、どうぞっ。飲み物もありますっ」
218100 ,,,,,,,,,,akika,,0,manaka,,0,,　この辺は出発前に、全て女医さんから了承済みだ。
218200 ,,,,,,,秋香,秋香,11aki546_005.wav,akika,,1,manaka,,0,,「はあ、こんなにいい場所なら、うちの愛歌も連れて
　きてあげたかったわぁ」
218300 ,,,,,,,,,,akika,,1,manaka,,0,,　愛歌の反応が気になったが、変わらず笑みを浮かべ
　ていた。
218400 ,,,,,,,愛歌,愛歌,01man546_004.wav,akika,,1,manaka,,42,,「……愛歌ちゃんは、小学生でしたよね？」
218500 ,,,,,,,秋香,秋香,11aki546_006.wav,akika,,0,manaka,,42,,「ええ。最近はお料理も始めたのよ？
　私に教えてほしいって頼みにきて……」
218600 ,,,,,,,愛歌,愛歌,01man546_005.wav,akika,,0,manaka,,42,,「きっと、秋香さんに教えてもらったら、お料理の
　上手な女の子になりますね」
218700 ,,,,,,,秋香,秋香,11aki546_007.wav,akika,,3,manaka,,42,,「……でもね、なかなか厳しくできないのよ」
218800 ,,,,,,,秋香,秋香,11aki546_008.wav,akika,,3,manaka,,42,,「一生懸命、愛歌がお料理してるところを見てたら、
　つい手伝ってあげたくなって……」
218900 ,,,,,,,秋香,秋香,11aki546_009.wav,akika,,0,manaka,,42,,「だからいつも、我慢して教えているの。
　きっと愛歌は、怖いお母さんだって思っているかも
　しれないけれど……」
219000 ,,,,,,,愛歌,愛歌,01man546_006.wav,akika,,0,manaka,,3,,「そんなことっ……」
219100 ,,,,,,,秋香,秋香,11aki546_010.wav,akika,,3,manaka,,3,,「え？　マナさん、どうかした？」
219200 ,,,,,,,愛歌,愛歌,01man546_007.wav,akika,,3,manaka,,42,,「…………いえ、なんでもないです。
　あのっ、私の作ったお弁当、食べてくださいっ」
219300 ,,,,,,,秋香,秋香,11aki546_011.wav,akika,,0,manaka,,42,,「あらあら、マナさんもすごい料理が上手なのねえ。
　お母さんに教えてもらったの？」
219400 ,,,,,,,愛歌,愛歌,01man546_008.wav,akika,,0,manaka,,0,,「はい……優しいお母さんだったので……料理が
　すごく好きになりました……」
219500 ,,,,,,,秋香,秋香,11aki546_012.wav,akika,,4,manaka,,0,,「そう。うちの愛歌も、そんな風になってくれれば
　いいのにな……」
219600 ,,,,,,,,,,akika,,4,manaka,,0,,　何度もフォローを入れようかと思ったが、
　それを堪え続けていた。
219700 ,,,,,,,,,,akika,,4,manaka,,0,,　この二人の会話に、他人が入るわけにはいかない。
219800 ,,,,,,,秋香,秋香,11aki546_013.wav,akika,,1,manaka,,0,,「うちの愛歌はねえ、幼なじみの男の子に片想いして
　いるの♪　ほんと、今の小学生ってマセてるわよね」
219900 ,,,,,,,愛歌,愛歌,01man546_009.wav,akika,,1,manaka,,42,,「……その男の子って、どんな子なんですか？」
220000 ,,,,,,,秋香,秋香,11aki546_014.wav,akika,,0,manaka,,42,,「名前は優哉くんって言ってぇ……すごく不器用な子
　かなぁ」
220100 ,,,,,,,愛歌,愛歌,01man546_010.wav,akika,,0,manaka,,3,,「不器用？」
220200 ,,,,,,,秋香,秋香,11aki546_015.wav,akika,,3,manaka,,3,,「本当は優しい子なのにね。
　それを上手く表現できない子……」
220300 ,,,,,,,秋香,秋香,11aki546_016.wav,akika,,0,manaka,,3,,「愛歌もそういう、不器用なところを好きになったの
　かもね～」
220400 ,,,,,,,愛歌,愛歌,01man546_011.wav,akika,,0,manaka,,42,,「…………秋香さんは、愛歌ちゃんのことがなんでも
　分かっちゃうんですね」
220500 ,,,,,,,秋香,秋香,11aki546_017.wav,akika,,3,manaka,,42,,「そんなことはないわよ。
　分からないことの方が多いぐらいだもの……」
220600 ,,,,,,,,,,akika,,3,manaka,,42,,　それでも秋香さんは嬉しそうに笑う。
220700 ,,,,,,,秋香,秋香,11aki546_018.wav,akika,,0,manaka,,42,,「でもそうやって娘が、私から少しずつ離れていくの
　は……寂しいけど、幸せなことだわ」
220800 ,,,,,,,愛歌,愛歌,01man546_012.wav,akika,,0,manaka,,5,,「っ……」
220900 ,,,,,,,秋香,秋香,11aki546_019.wav,akika,,0,manaka,,5,,「私ね、愛歌はその優哉くんと結婚するんじゃないか
　と思ってるの……」
221000 ,,,,,,,秋香,秋香,11aki546_020.wav,akika,,0,manaka,,5,,「愛歌も不器用で、一度好きになった人を忘れられる
　ような子じゃないから……」
221100 ,,,,,,,,,,akika,,0,manaka,,5,,　失われた十年前後の記憶。
221200 ,,,,,,,,,,akika,,0,manaka,,5,,　なのに、母親というのはここまで娘のことを
　理解できるものなんだろうか。
221300 ,,,,,,,,,,akika,,0,manaka,,5,,　親子の絆というのはここまで……。
221400 ,,,,,,,秋香,秋香,11aki546_021.wav,akika,,0,manaka,,5,,「だから私の夢は、愛歌が優哉くんと結婚して……」
221500 ,,,,,,,秋香,秋香,11aki546_022.wav,akika,,1,manaka,,5,,「二人にできたかわいい赤ちゃんをね、
　抱かせてもらうことなの♪」
221600 ,,,,,,,,,,akika,,1,manaka,,5,,　本当に無邪気な笑顔で言う。
221700 ,,,,,,,,,,akika,,1,manaka,,5,,　俺自身、秋香さんがそんなことを夢に抱いている
　なんて思わなかった。
221800 ,,,,,,,愛歌,愛歌,01man546_013.wav,akika,,1,manaka,,3,,「……とても……素敵な夢だと思います」
221900 ,,,,,,,,,,akika,,1,manaka,,3,,　声を絞り出す愛歌に続いて、俺も言葉を重ねた。
222000 ,,,,,,,優哉,優哉,,akika,,1,manaka,,3,,「きっと、叶いますよ。秋香さんの夢……」
222100 ,,,,,,,,,,akika,,1,manaka,,3,,　すると秋香さんは、
222200 ,,,,,,,秋香,秋香,11aki546_023.wav,akika,,0,manaka,,3,,「ありがとう」
222300 ,,,,,,,,,,akika,,0,manaka,,3,,　なぜか見ているだけで泣きそうになる笑顔だった。
222400 ,,,,,,,,,,akika,,0,manaka,,3,,　しばらくして秋香さんはその場に腰を下ろし、
　肩下げのバッグから便箋を取り出す。
222500 ,,,,,,,秋香,秋香,11aki546_024.wav,akika,,3,,,,,「最近会えないから、きっと愛歌も寂しがっていると
　思うのよね」
222600 ,,,,,,,,,,akika,,3,,,,,　秋香さんは１枚の便箋にペンを走らせていく。
222700 ,,,,,,,秋香,秋香,11aki546_025.wav,akika,,4,,,,,「今は遠いところにいる、愛歌ちゃんへ……」
222800 ,,,,,,,秋香,秋香,11aki546_026.wav,akika,,4,,,,,「お母さんと会えなくて、
　寂しい思いをしていませんか？」
222900 ,,,,,,,秋香,秋香,11aki546_027.wav,akika,,4,,,,,「苦手な算数のお勉強はがんばっていますか？」
223000 ,,,,,,,愛歌,愛歌,01man546_014.wav,manaka,,5,akika,,4,,「っ……お母さ……」
223100 ,,,,,,,,,,manaka,,5,akika,,4,,　小さい子供が作文を書くときのように、内容を
　口に出しながら手紙を書き続ける秋香さん。
223200 ,,,,,,,,,,manaka,,5,akika,,4,,　それを聞いて、離れた場所で泣き声を押し殺す愛歌。
223300 ,,,,,,,優哉,優哉,,manaka,,5,akika,,4,,「……こういうときは泣いていいんだよ」
223400 ,,,,,,,愛歌,愛歌,01man546_015.wav,manaka,,40,akika,,4,,「っ……いるのにっ……私はここにいるのにぃ……」
223500 ,,,,,,,,,,manaka,,40,akika,,4,,　母親には伝わらないその言葉を俺の胸に突き刺し、
　愛歌は泣きじゃくる。
223600 ,,,,,,,,,,manaka,,40,akika,,4,,　やりきれない思いばかりが募っていく。
223700 ,,,,,,,,,,manaka,,40,akika,,4,,　こんなにお互いを思っている親子が、
　気持ちを伝え合えないなんて……。
223990 ,,<!Lend_scene_change>,0,9000,,,,,,,,,,,,,
224000 ,@547,,,,,,,,,,,,,,,,
224300 ,,<!Lbegin_scene_change>,4,12101,,,,,,"akika,private",,3,"manaka,uniform",,0,,　丘からの帰り道。
224400 ,,,,,,,,,,akika,,3,manaka,,0,,　愛歌は懸命に明るく務め、少し疲れた様子の
　秋香さんに寄り添っていた。
224500 ,,,,,,,愛歌,愛歌,01man547_001.wav,akika,,3,manaka,,0,,「大丈夫ですか？
　疲れていたら車を呼びますけど……」
224600 ,,,,,,,秋香,秋香,11aki547_001.wav,akika,,0,manaka,,0,,「ううん、平気よ。やっぱり外はいいわねー」
224700 ,,,,,,,,,,akika,,0,manaka,,0,,　その言葉が、愛歌に素直な笑みを浮かべさせる。
224800 ,,,,,,,優哉,優哉,,akika,,0,manaka,,0,,「少しずつ、こういう機会を増やせたらいいですね。
　秋香さんはどこか行きたいところないんですか？」
224900 ,,,,,,,秋香,秋香,11aki547_002.wav,akika,,4,manaka,,0,,「この辺だと……そうねえ。
　温泉の滝なんかを見てみたいかなぁ」
225000 ,,,,,,,優哉,優哉,,akika,,4,manaka,,0,,「温泉の滝？　マナ、聞いたことあるか？」
225100 ,,,,,,,愛歌,愛歌,01man547_002.wav,akika,,4,manaka,,3,,「私は聞いたことないけど……どこかの温泉にある
　滝のこと？」
225200 ,,,,,,,,,,akika,,4,manaka,,3,,　そんな話を二人でこそこそしていると、秋香さんは
　目を細めて語り始める。
225300 ,,,,,,,秋香,秋香,11aki547_003.wav,akika,,0,manaka,,3,,「温泉の滝は、この辺で語り継がれている伝説なの」
225400 ,,,,,,,優哉,優哉,,akika,,0,manaka,,3,,「で、伝説！？
　なんか急に話が大きくなりましたけど……」
225500 ,,,,,,,秋香,秋香,11aki547_004.wav,akika,,0,manaka,,3,,「それを実際に見た人はほとんどいないのよ。
　もしその滝に願い事をすれば、どんな願いも
　叶うって言われていて……」
225600 ,,,,,,,優哉,優哉,,akika,,0,manaka,,3,,「普通に温泉が滝みたいになってるのは見たことある
　けど、伝説っていうぐらいだから違う……よな」
225700 ,,,,,,,秋香,秋香,11aki547_005.wav,akika,,1,manaka,,3,,「ウフフッ♪　ごめんなさい。
　二人を困らせちゃったわね」
225800 ,,,,,,,愛歌,愛歌,01man547_003.wav,akika,,1,manaka,,4,,「あの……秋香さんは、その話をどこで聞いたんです
　か？」
225900 ,,,,,,,秋香,秋香,11aki547_006.wav,akika,,1,manaka,,4,,「実はねえ……私は一度だけ、温泉の滝を見たことが
　あるの♪」
226000 ,,,,,,,優哉,優哉,,akika,,1,manaka,,4,,「で、伝説を見ちゃったんですか！？」
226100 ,,,,,,,秋香,秋香,11aki547_007.wav,akika,,1,manaka,,4,,「ええ。それを見ながら≪彼≫にプロポーズをされてね」
226200 ,,,,,,,愛歌,愛歌,01man547_004.wav,akika,,1,manaka,,2,,「彼にプロポーズって……」
226300 ,,,,,,,優哉,優哉,,akika,,1,manaka,,2,,「それって、あの……愛歌ちゃんの父親のことですよ
　ね？」
226400 ,,,,,,,秋香,秋香,11aki547_008.wav,akika,,0,manaka,,2,,「そうよ～。ある意味、愛歌ちゃんが生まれた場所に
　なるのかしら」
226500 ,,,,,,,優哉,優哉,,akika,,0,manaka,,2,,「ぶっ！？」
226600 ,,,,,,,,,,akika,,0,manaka,,2,,　その意味は深く追求しないでおく。
226700 ,,,,,,,愛歌,愛歌,01man547_005.wav,akika,,0,manaka,,3,,「温泉の……滝……」
226800 ,,,,,,,優哉,優哉,,akika,,0,manaka,,3,,「でも一度見たことがあるなら、大体の場所とか
　覚えてるんじゃないですか？」
226900 ,,,,,,,秋香,秋香,11aki547_009.wav,akika,,4,manaka,,3,,「それがねえ……」
227000 ,,,,,,,優哉,優哉,,akika,,4,manaka,,3,,「なにか問題でも？」
227100 ,,,,,,,秋香,秋香,11aki547_010.wav,akika,,1,manaka,,3,,「忘れちゃった▼」
227200 ,,,,,,,優哉,優哉,,akika,,1,manaka,,3,,「…………」
227300 ,,,,,,,,,,akika,,1,manaka,,3,,　記憶喪失とか関係なく、普通に忘れてしまったらし
　い。
227400 ,,,,,,,,,,akika,,1,manaka,,3,,　プロポーズされた場所なのに……哀れ、愛歌パパ。
227500 ,,,,,,,優哉,優哉,,akika,,1,manaka,,3,,「でも伝説とか言われると見たくなりますね」
227600 ,,,,,,,愛歌,愛歌,01man547_006.wav,akika,,1,manaka,,90,,「うんうん。私もちょっと興味あるかも……」
227700 ,,,,,,,秋香,秋香,11aki547_011.wav,akika,,0,manaka,,90,,「…………」
227800 ,,,,,,,,,,akika,,0,manaka,,90,,　愛歌と話している際に感じた視線。
227900 ,,,,,,,,,,akika,,0,manaka,,90,,　秋香さんは俺たちを見て、静かに微笑んでいた。
228000 ,,,,,,,優哉,優哉,,akika,,0,manaka,,90,,「あ……なんかおかしかったですか？」
228100 ,,,,,,,秋香,秋香,11aki547_012.wav,akika,,0,manaka,,90,,「そうじゃないの。二人を見ていて、なんだか
　微笑ましいなーと思って」
228200 ,,,,,,,優哉,優哉,,akika,,0,manaka,,90,,「微笑ましい？」
228300 ,,,,,,,秋香,秋香,11aki547_013.wav,akika,,1,manaka,,90,,「だってユウくんとマナさん、二人で並んでいると
　すごくお似合いなんですもの▼」
228400 ,,,,,,,愛歌,愛歌,01man547_007.wav,akika,,1,manaka,,15,,「わ、私はユウくんとはそういう関係じゃっ……」
228500 ,,,,,,,,,,akika,,1,manaka,,15,,　今さら照れている愛歌も、微笑ましいと言えば
　そうだが。
228600 ,,,,,,,優哉,優哉,,akika,,1,manaka,,15,,「俺は巨乳好きですから」
228700 ,,,,,,,愛歌,愛歌,01man547_008.wav,akika,,1,manaka,,7,,「むーーーー！」
228800 ,,,,,,,,,,akika,,1,manaka,,7,,　なんだ、関係を否定したいわけじゃなかったのか。
228900 ,,,,,,,秋香,秋香,11aki547_014.wav,akika,,0,manaka,,7,,「そんな、胸の大きさで好みを決める人なんて、
　こっちから願い下げよね～、マナさん？」
229000 ,,,,,,,愛歌,愛歌,01man547_009.wav,akika,,0,manaka,,3,,「へっ？」
229100 ,,,,,,,秋香,秋香,11aki547_015.wav,akika,,0,manaka,,3,,「マナさんが誰か好きになったら、私に教えてね？
　その相手のこと、試してあげるから♪」
229200 ,,,,,,,愛歌,愛歌,01man547_010.wav,akika,,0,manaka,,3,,「試すって……何をするんですか？」
229300 ,,,,,,,秋香,秋香,11aki547_016.wav,akika,,1,manaka,,3,,「私のおっぱいで誘惑してみるの▼」
229400 ,,,,,,,愛歌,愛歌,01man547_011.wav,akika,,1,manaka,,15,,「誘惑っ！？」
229500 ,,,,,,,秋香,秋香,11aki547_017.wav,akika,,0,manaka,,15,,「本当にマナさんのことが好きなら……相手の人は
　誘惑になんて負けないはずでしょう？」
229600 ,,,,,,,,,,akika,,0,manaka,,15,,　うわぁぁぁ、やっべ。
229700 ,,,,,,,,,,akika,,0,manaka,,15,,　俺、今まで相当、誘惑に負けてきたぞ。
229800 ,,,,,,,,,,akika,,0,manaka,,15,,　まあ、一線は越えてはいないけど……。
229900 ,,,,,,,愛歌,愛歌,01man547_012.wav,akika,,0,manaka,,3,,「……ねえ、優哉ちゃん。誘惑されてみる？」
230000 ,,,,,,,,,,akika,,0,manaka,,3,,　小声で耳打ちしてくる愛歌。
230100 ,,,,,,,,,,akika,,0,manaka,,3,,　それに対し、俺は胸を張って答えた。
230200 ,,,,,,,優哉,優哉,,akika,,0,manaka,,3,,「勘弁してください」
230300 ,,,,,,,,,,akika,,0,manaka,,3,,　おっぱい。とても、こわい。
230590 ,,<!Lend_day_change>,0,9000,,,,,,,,,,,,,
230600 ,@548,,,,,,,,,,,,,,,,
230900 ,,<!Lbegin_day_change>,9,4400,,,悠,悠,02yuu548_001.wav,"yuu,uniform",,2,,,,,「……温泉の滝？」
231000 ,,,,,,,優哉,優哉,,yuu,,2,,,,,「ああ。昨日、秋香さんがその話をしてくれてさ」
231100 ,,,,,,,優哉,優哉,,yuu,,2,,,,,「話では、この辺りに語り継がれてる伝説らしいんだ
　が……」
231200 ,,,,,,,,,,yuu,,2,,,,,　第一回【温泉の滝　探索会議】
231300 ,,,,,,,,,,yuu,,2,,,,,　秋香さんの望みを叶えたいという思いもあったが、
　俺にとっては愛歌の望みを叶えるためだった。
231400 ,,,,,,,,,,yuu,,2,,,,,　愛歌は絶対、秋香さんの望みを叶えてやりたいと
　思っている。
231500 ,,,,,,,,,,yuu,,2,,,,,　俺はその望みを、どうにかして叶えてやりたい。
231600 ,,,,,,,,,,yuu,,2,,,,,　そんなわけで温泉部の首脳陣（？）へ話を持ちかけ
　てみたわけだが。
231700 ,,,,,,,悠,悠,02yuu548_002.wav,yuu,,5,,,,,「恋鳥、そんなの聞いたことある？」
231800 ,,,,,,,恋鳥,恋鳥,04kot548_001.wav,yuu,,5,"kotori,uniform",,4,,「……ない」
231900 ,,,,,,,優哉,優哉,,yuu,,5,kotori,,4,,「だよなあ。俺もそうだったし……」
232000 ,,,,,,,,,,yuu,,5,kotori,,4,,　愛歌とつむぎは秋香さんの看病でいないため、
　この部室には来ていない。
232100 ,,,,,,,悠,悠,02yuu548_003.wav,yuu,,17,kotori,,4,,「要するに、温泉の湯で滝ができてるとこでしょ？
　そういうとこなかったっけ」
232200 ,,,,,,,悠,悠,02yuu548_004.wav,yuu,,0,kotori,,4,,「絶景！　滝の温泉！！　みたいなのが売りなの」
232300 ,,,,,,,優哉,優哉,,yuu,,0,kotori,,4,,「……お前、俺と同じ発想だな」
232400 ,,,,,,,,,,yuu,,0,kotori,,4,,　こんな屈辱は初めてですよ。
232500 ,,,,,,,悠,悠,02yuu548_005.wav,yuu,,12,kotori,,4,,「まあ、そんなありきたりじゃ伝説とは言わないか」
232600 ,,,,,,,優哉,優哉,,yuu,,12,kotori,,4,,「そゆこと」
232700 ,,,,,,,悠,悠,02yuu548_006.wav,yuu,,12,kotori,,4,,「恋鳥先生、何かいい情報ありませんかね～？」
232900 ,,,,,4402,,恋鳥,恋鳥,04kot548_002.wav,,,,,,,,「……調べる。それが近道だぞ」
233000 ,,,,,4402,,悠,悠,02yuu548_007.wav,,,,,,,,「はあ……やっぱ、それしかないかぁ」
233100 ,,,,,4402,,恋鳥,恋鳥,04kot548_003.wav,,,,,,,,「悠は図書室。恋鳥はこれで調べる。優哉はお茶くみ」
233200 ,,,,,4402,,,,,,,,,,,,　恋鳥はテキパキと指示を与えていく。
233300 ,,,,,4402,,悠,悠,02yuu548_008.wav,,,,,,,,「じゃあ、私は図書室で参考になりそうな本を
　探してくる！」
233400 ,,,,,4402,,優哉,優哉,,,,,,,,,「俺はお茶くみっと。って……」
233500 ,,,,,4402,,恋鳥,恋鳥,04kot548_004.wav,,,,,,,,「ノリツッコミ禁止」
233600 ,,,,,4402,,優哉,優哉,,,,,,,,,「なんで、お茶くみやねーん！」
233700 ,,,,,4402,,悠,悠,02yuu548_009.wav,,,,,,,,「うわ、寒っ！」
233800 ,,,,,4402,,,,,,,,,,,,　男が一度、出したものを引っこめられるか。
233900 ,,,,,4402,,恋鳥,恋鳥,04kot548_005.wav,,,,,,,,「各自、全力を尽くすように」
234000 ,,,,,4402,,優哉,優哉,,,,,,,,,「そうだぞ。悠もさっさと行ってこい。俺は……」
234100 ,,,,,4402,,恋鳥,恋鳥,04kot548_006.wav,,,,,,,,「コーヒーをいれるボケ禁止」
234200 ,,,,,4402,,優哉,優哉,,,,,,,,,「くっ……悠、お前は走るの禁止な！」
234300 ,,,,,4402,,悠,悠,02yuu548_010.wav,,,,,,,,「あんたは呼吸するの禁止ね」
234400 ,,,,,4402,,優哉,優哉,,,,,,,,,「なら恋鳥は……」
234500 ,,,,,4402,,恋鳥,恋鳥,04kot548_007.wav,,,,,,,,「……小さい男だな」
234600 ,,,,,4402,,優哉,優哉,,,,,,,,,「…………そういう目で俺を見るの禁止」
234800 ,,<!timepass_1_long>,,4400,,,優哉,優哉,,,,,,,,,「……んで、なにか参考になるようなのは見つかった
　のか？」
234900 ,,,,,,,悠,悠,02yuu548_011.wav,yuu,,0,,,,,「こっちはぜんぜーん。あはは、このマンガ超ウケる」
235000 ,,,,,,,,,,yuu,,0,,,,,　清々しいほど戦力外だ……。
235100 ,,,,,,,優哉,優哉,,yuu,,0,,,,,「それであの、恋鳥大先生の方は……」
235200 ,,,,,,,,,,yuu,,0,,,,,　俺は丁寧に緑茶を恋鳥の手元に置く。
235400 ,,,,,4402,,恋鳥,恋鳥,04kot548_008.wav,,,,,,,,「ん……ここ」
235500 ,,,,,4402,,優哉,優哉,,,,,,,,,「ここ？」
235600 ,,,,,4402,,,,,,,,,,,,　恋鳥は目の前のディスプレイを指差し、
　俺の煎れた緑茶を一瞥する。
235700 ,,,,,4402,,恋鳥,恋鳥,04kot548_009.wav,,,,,,,,「……緑茶はキライだ」
235800 ,,,,,4402,,優哉,優哉,,,,,,,,,「早く言えよ。つーか、まずは読ませてくれ」
235900 ,,,,,4402,,優哉,優哉,,,,,,,,,「なになに……温泉の滝とは、山肌から噴出した温泉
　が斜面を下り、その通り道が断崖だった場合、滝の
　ように流れ落ちると言われる貴重な現象……」
236000 ,,,,,4402,,悠,悠,02yuu548_012.wav,,,,,,,,「長くてよく分かんない。簡単に説明して」
236100 ,,,,,4402,,優哉,優哉,,,,,,,,,「要するに……鉄砲水みたいなもんか？」
236200 ,,,,,4402,,恋鳥,恋鳥,04kot548_010.wav,,,,,,,,「……苦い」
236300 ,,,,,4402,,,,,,,,,,,,　無理して緑茶を飲まんでいいから。
236400 ,,,,,4402,,悠,悠,02yuu548_013.wav,,,,,,,,「んー、つまり温泉の滝というのは……」
236500 ,,,,,4402,,悠,悠,02yuu548_014.wav,,,,,,,,「どーんと噴き出して、ばしゃーんと流れて、
　ざざーっと落下する滝のこと？」
236600 ,,,,,4402,,優哉,優哉,,,,,,,,,「ミスター的な表現だとそうなるな」
236700 ,,,,,4402,,,,,,,,,,,,　ミスターはプロ野球の往年の名打者だ。
236800 ,,,,,4402,,悠,悠,02yuu548_015.wav,,,,,,,,「んで、どうすればそれを見られるの？」
236900 ,,,,,4402,,優哉,優哉,,,,,,,,,「まあ、待て。それもここに書いてある。
　えーっと……５０年に１回程度の周期で見られる」
237000 ,,,,,4402,,恋鳥,恋鳥,04kot548_011.wav,,,,,,,,「……意外とおいしい」
237100 ,,,,,4402,,,,,,,,,,,,　緑茶への順応、早すぎだろ。
237200 ,,,,,4402,,悠,悠,02yuu548_016.wav,,,,,,,,「５０年に１回って……やる気なさすぎ」
237300 ,,,,,4402,,優哉,優哉,,,,,,,,,「だから伝説なんだろうに。
　しかし、問題は場所をどう特定するかだよな」
237400 ,,,,,4402,,悠,悠,02yuu548_017.wav,,,,,,,,「あんた、温泉に詳しい知り合いとかいないの？
　父親が旅館経営してんのに……」
237500 ,,,,,4402,,優哉,優哉,,,,,,,,,「そんな都合よく、温泉に詳しい知り合いなんて……」
237600 ,,,,,4402,,,,,,,,,,,,　言いかけて、ひとりの老人の姿が思い浮かぶ。
237700 ,,,,,4402,,優哉,優哉,,,,,,,,,「……いた」
237800 ,,,,,4402,,,,,,,,,,,,　温泉卿。そうだ、温泉卿に聞いてみれば、何か分かる
　かもしれない。
237900 ,,,,,4402,,,,,,,,,,,,　うし、思い立ったら即行動だな。
238190 ,,<!Lend_move>,0,9000,,,,,,,,,,,,,
238200 ,@549,,,,,,,,,,,,,,,,
238500 ,,<!Lbegin_move>,8,1401,,,温泉卿,温泉卿,12ons549_001.wav,"onsenkyou,private",,3,,,,,「……ふむ。温泉の滝とな」
238600 ,,,,,,,優哉,優哉,,onsenkyou,,3,,,,,「はい。どうしてもそれを見せたい人がいて……」
238700 ,,,,,,,,,,onsenkyou,,3,,,,,　親父に相談してみたところ、温泉卿はちょうど
　すみさきに逗留しているという話だった。
238800 ,,,,,,,,,,onsenkyou,,3,,,,,　それで早速、客間まで押しかけて温泉の滝について
　質問してみたわけだが。
238900 ,,,,,,,温泉卿,温泉卿,12ons549_002.wav,onsenkyou,,0,,,,,「坊主。お主はその話を＜何処＝いずこ＞で耳にした？」
239000 ,,,,,,,優哉,優哉,,onsenkyou,,0,,,,,「知り合いの母親から話を聞きました。
　滅多に見られない、貴重な現象だとか……」
239100 ,,,,,,,温泉卿,温泉卿,12ons549_003.wav,onsenkyou,,4,,,,,「確かにそう言われておる」
239200 ,,,,,,,,,,onsenkyou,,4,,,,,　頷きながら、温泉卿は名物ハバネロもなかの袋を
　開けた。
239300 ,,,,,,,,,,onsenkyou,,4,,,,,　アレを食う気なのか？
　大丈夫かよ、年寄りがあんなの食べて……。
239400 ,,,,,,,,,,onsenkyou,,4,,,,,　俺の心配をよそに、温泉卿は一口で曰く付きの
　もなかを流しこむ。
239500 ,,,,,,,温泉卿,温泉卿,12ons549_004.wav,onsenkyou,,2,,,,,「……んまい！」
239600 ,,,,,,,温泉卿,温泉卿,12ons549_005.wav,onsenkyou,,2,,,,,「このハバネロの辛味と、最高級の小豆を使った餡の
　甘味が互いを引き立て、見事なハーモニーを奏でて
　おる！」
239700 ,,,,,,,温泉卿,温泉卿,12ons549_006.wav,onsenkyou,,17,,,,,「そしてこの最中の皮がまた憎い！　憎いわ！」
239800 ,,,,,,,温泉卿,温泉卿,12ons549_007.wav,onsenkyou,,17,,,,,「１００％国産もち米を使い、軽めの食感でありなが
　ら、舌の上で濃厚な甘味を出して蕩けていく」
239900 ,,,,,,,温泉卿,温泉卿,12ons549_008.wav,onsenkyou,,17,,,,,「口に入れた瞬間に広がるこの豊かな風味は、小豆の
　独特な苦味と渋みを包みこみ、それでいて餡の深い
　味わいをさらに引き立てておる」
240000 ,,,,,,,温泉卿,温泉卿,12ons549_009.wav,onsenkyou,,17,,,,,「見える、見えるぞ。この最中を作った職人たちの
　心が！」
240100 ,,,,,,,優哉,優哉,,onsenkyou,,17,,,,,「いや、そんなの見えなくていいですから、
　温泉の滝を……」
240200 ,,,,,,,温泉卿,温泉卿,12ons549_010.wav,onsenkyou,,4,,,,,「うむ！　自らの足で探すがよい！」
240300 ,,,,,,,優哉,優哉,,onsenkyou,,4,,,,,「……結局、それですか」
240400 ,,,,,,,温泉卿,温泉卿,12ons549_011.wav,onsenkyou,,0,,,,,「温泉の滝とは、人と人との心を結ぶ架け橋。
　自らの足で探してこそ、意味がある」
240500 ,,,,,,,優哉,優哉,,onsenkyou,,0,,,,,「人と人との心を結ぶ……？」
240600 ,,,,,,,温泉卿,温泉卿,12ons549_012.wav,onsenkyou,,0,,,,,「清秋の月が満つる刻。滝はお主の眼前に姿を現そう」
240700 ,,,,,,,温泉卿,温泉卿,12ons549_013.wav,onsenkyou,,4,,,,,「さあ、＜行＝ゆ＞けい！
　温泉が共にあらんことを！」
240990 ,,<!Lend_day_change>,0,9000,,,,,,,,,,,,,
240999 ,,<!ec_manaka_uni>,,,,,,,,,,,,,,,
241000 ,@550,,,,,,,,,,,,,,,,
241300 ,,<!Lbegin_day_change>,7,4400,,,悠,悠,02yuu550_001.wav,"yuu,uniform",,0,,,,,「んーで？　あれから何か分かったの？」
241400 ,,,,,,,優哉,優哉,,yuu,,0,,,,,「ああ。ハバネロもなかの皮に国産１００％のもち米
　が使われていることと、秋の満月が出る夜に温泉の
　滝が見られるらしいってことがな」
241500 ,,,,,,,悠,悠,02yuu550_002.wav,yuu,,2,,,,,「うは、びみょーな情報」
241600 ,,,,,,,優哉,優哉,,yuu,,2,,,,,「そういうお前はどうなんだよ。
　あれから何か調べておいてくれたんだろうなあ」
241700 ,,,,,,,悠,悠,02yuu550_003.wav,yuu,,12,,,,,「てへっ▼」
241800 ,,,,,,,優哉,優哉,,yuu,,12,,,,,「私、おっちょこちょいなんですぅってか？
　しばくぞ、マジで」
241900 ,,,,,,,,,,yuu,,12,,,,,　やはりここは、恋鳥大先生に期待するしかない。
242000 ,,,,,,,優哉,優哉,,yuu,,12,,,,,「恋鳥先生っ、私に知恵をお貸しください！」
242100 ,,,,,,,恋鳥,恋鳥,04kot550_001.wav,yuu,,12,"kotori,uniform",,90,,「……あれから古い文献を調べてみた」
242200 ,,,,,,,優哉,優哉,,yuu,,12,kotori,,90,,「おお！　古い文献きちゃった！」
242300 ,,,,,,,,,,yuu,,12,kotori,,90,,　よく分からないが、すごいことが書いていそうな
　響きだ。古い文献。
242400 ,,,,,,,悠,悠,02yuu550_004.wav,yuu,,17,kotori,,90,,「ふっ……私の指示通り、動いてくれていたみたいね」
242500 ,,,,,,,優哉,優哉,,yuu,,17,kotori,,90,,「お前、俺の上司にしたくない人ランキング、１位に
　ランクされてっからな」
242600 ,,,,,,,,,,yuu,,17,kotori,,90,,　こいつは部下の手柄を普通に横取りしそうだ。
242700 ,,,,,,,優哉,優哉,,yuu,,17,kotori,,90,,「それで恋鳥、その古い文献にはなんて？」
242800 ,,,,,,,恋鳥,恋鳥,04kot550_002.wav,yuu,,17,kotori,,4,,「……満月の夜だ。記録を見ると、その条件が
　当てはまる日に集中していた」
242900 ,,,,,,,悠,悠,02yuu550_005.wav,yuu,,0,kotori,,4,,「なーんだ。優哉が持ってきた情報と同じじゃない。
　所詮、恋鳥ね。私の出番かしらー」
243000 ,,,,,,,優哉,優哉,,yuu,,0,kotori,,4,,「お前はしゃしゃり出てくんな。ピザでも食ってろっ」
243100 ,,,,,,,悠,悠,02yuu550_006.wav,yuu,,17,kotori,,4,,「恋鳥、インターネットでピザの出前、頼んでくんな
　い？」
243200 ,,,,,,,恋鳥,恋鳥,04kot550_003.wav,yuu,,17,kotori,,0,,「領収証は？」
243300 ,,,,,,,悠,悠,02yuu550_007.wav,yuu,,0,kotori,,0,,「すみさきで」
243400 ,,,,,,,優哉,優哉,,yuu,,0,kotori,,0,,「お前は俺の邪魔をしたいのかっ」
243500 ,,,,,,,恋鳥,恋鳥,04kot550_004.wav,yuu,,0,kotori,,0,,「……了解」
243600 ,,,,,,,優哉,優哉,,yuu,,0,kotori,,0,,「そこ、了解すんな」
243700 ,,,,,,,悠,悠,02yuu550_008.wav,yuu,,90,kotori,,0,,「まあまあ。ピザでも食って、今後の対策を考えよう
　じゃない」
243800 ,,,,,,,優哉,優哉,,yuu,,90,kotori,,0,,「こうなりゃもう、満月の夜にここら一帯を徹底的に
　探索するしかないな」
243900 ,,,,,,,悠,悠,02yuu550_009.wav,yuu,,0,kotori,,0,,「アテもなく探したって時間の無駄だって。
　こういうのは焦った方が負け」
244000 ,,,,,,,恋鳥,恋鳥,04kot550_005.wav,yuu,,0,kotori,,0,,「送信」
244100 ,,,,,,,優哉,優哉,,yuu,,0,kotori,,0,,「本気でピザ頼んだのかよっ」
244200 ,,,,,,,恋鳥,恋鳥,04kot550_006.wav,yuu,,0,kotori,,90,,「待ち時間は３０分」
244300 ,,,,,,,優哉,優哉,,yuu,,0,kotori,,90,,「もー、ダメだ。
　お前らに協力を頼んだ俺がバカだった」
244400 ,,,,,,,悠,悠,02yuu550_010.wav,yuu,,1,kotori,,90,,「あははっ、バーカ！　バーカ！」
244500 ,,,,,,,優哉,優哉,,yuu,,1,kotori,,90,,「うっせえよ！」
244600 ,,,,,,,,,,yuu,,1,kotori,,90,,　あまりにも中身のない会話に気が狂いそうだった。
244700 ,,,,,,,,,,yuu,,1,kotori,,90,,　やっぱ、頼れるのは自分だけか。
244800 ,,,,,,,,,,yuu,,1,kotori,,90,,　温泉卿も言ってたしな。自分の足で探せって。
244900 ,,,,,,,悠,悠,02yuu550_011.wav,yuu,,0,kotori,,90,,「恋鳥、そろそろいいんじゃない？
　アレを見せてやっても」
245000 ,,,,,,,優哉,優哉,,yuu,,0,kotori,,90,,「今度は寿司の出前でも頼むつもりか？」
245100 ,,,,,,,恋鳥,恋鳥,04kot550_007.wav,yuu,,0,kotori,,90,,「……あれから＜貸出＝かしだし＞禁止図書で調べてみた」
245200 ,,,,,,,優哉,優哉,,yuu,,0,kotori,,90,,「おおぉぉっ、貸出禁止図書きちゃった！」
245300 ,,,,,,,,,,yuu,,0,kotori,,90,,　本の背の部分に赤いシールが貼ってあるのか。
245400 ,,,,,,,,,,yuu,,0,kotori,,90,,　あれにはかなりすごいことが書いてありそうだ！
　と小学生のときに思っていた。
245500 ,,,,,,,恋鳥,恋鳥,04kot550_008.wav,yuu,,0,kotori,,90,,「タイトルは人妻＜籠絡＝ろうらく＞」
245600 ,,,,,,,優哉,優哉,,yuu,,0,kotori,,90,,「そういう意味での貸出禁止かよ！」
245700 ,,,,,,,悠,悠,02yuu550_012.wav,yuu,,12,kotori,,90,,「まあまあ、話は最後まで聞きなさいって」
245800 ,,,,,,,恋鳥,恋鳥,04kot550_009.wav,yuu,,12,kotori,,4,,「……表紙を変えて、巧妙にカモフラージュしてあった
　ぞ」
245900 ,,,,,,,悠,悠,02yuu550_013.wav,yuu,,17,kotori,,4,,「それを見破ったのがこの私！　すっげー！」
246000 ,,,,,,,優哉,優哉,,yuu,,17,kotori,,4,,「……ぜってー、偶然だろ。人妻籠絡を読もうとして」
246100 ,,,,,,,恋鳥,恋鳥,04kot550_010.wav,yuu,,17,kotori,,90,,「その本の記録と、近辺の地図を照らし合わせて、
　温泉の滝の位置を推測したのがこれ」
246200 ,,,,,,,,,,yuu,,17,kotori,,90,,　恋鳥はプリントアウトした数枚の拡大地図を、
　俺に差し出してくる。
246300 ,,,,,,,,,,yuu,,17,kotori,,90,,　そこには何箇所か、温泉の滝が出現しそうな
　予測スポットが記されていた。
246400 ,,,,,,,悠,悠,02yuu550_014.wav,yuu,,90,kotori,,90,,「あとは満月の夜、その付近を探ってみるしかないわ
　ね。自分たちの足で」
246500 ,,,,,,,優哉,優哉,,yuu,,90,kotori,,90,,「……すげえな、これ。
　まさかここまで位置を割り出せるなんて」
246600 ,,,,,,,悠,悠,02yuu550_015.wav,yuu,,17,kotori,,90,,「少しは見直した？」
246700 ,,,,,,,優哉,優哉,,yuu,,17,kotori,,90,,「助かったよ、マジで。ありがとな。悠、恋鳥」
246800 ,,,,,,,恋鳥,恋鳥,04kot550_011.wav,yuu,,17,kotori,,3,,「……秋香のためだ」
246900 ,,,,,,,悠,悠,02yuu550_016.wav,yuu,,0,kotori,,3,,「そういうことね。その温泉の滝を見て、秋香さんの
　記憶が戻れば言うことなし」
247000 ,,,,,,,悠,悠,02yuu550_017.wav,yuu,,1,kotori,,3,,「うちらはピザが食えれば言うことなし♪」
247100 ,,,,,,,恋鳥,恋鳥,04kot550_012.wav,yuu,,1,kotori,,0,,「……うむ」
247200 ,,,,,,,優哉,優哉,,yuu,,1,kotori,,0,,「よし、なら今度の満月の夜！
　温泉の滝を見つけるぜ、みんな！」
247300 ,,,,,,,悠,悠,02yuu550_018.wav,yuu,,0,kotori,,0,,「ピザ遅いね」
247400 ,,,,,,,恋鳥,恋鳥,04kot550_013.wav,yuu,,0,kotori,,0,,「サラダも頼んだぞ」
247500 ,,,,,,,優哉,優哉,,yuu,,0,kotori,,0,,「見つけるぜ……ぉー」
247790 ,,<!Lend_day_change>,0,9000,,,,,,,,,,,,,
247800 ,@551,,,,,,,,,,,,,,,,
248100 ,,<!Lbegin_day_change>,4,10100,,,悠,悠,02yuu551_001.wav,"yuu,uniform",,4,,,,,「……さて。本日、無事に満月の夜を迎えるわけだけ
　ど、秋香さんを連れ出す許可はもらってるの？」
248200 ,,,,,,,優哉,優哉,,yuu,,4,,,,,「その許可を今からもらいにいくところだ」
248300 ,,,,,,,悠,悠,02yuu551_002.wav,yuu,,12,,,,,「うへー、行き当たりばったりねえ。あんたは……」
248400 ,,,,,,,,,,yuu,,12,,,,,　いよいよ決行の日。
248500 ,,,,,,,,,,yuu,,12,,,,,　集合した俺たちは、今まさに秋香さんの病室へ
　乗り込もうとしていた。
248600 ,,,,,,,優哉,優哉,,yuu,,12,,,,,「そういや、つむぎは？」
248700 ,,,,,,,悠,悠,02yuu551_003.wav,yuu,,0,,,,,「あー、つむぎさんなら、仕事が忙しくてどうしても
　今日は抜けられないとか……」
248800 ,,,,,,,優哉,優哉,,yuu,,0,,,,,「そうか……残念だな。
　我が温泉部の数少ない≪良心≫が……」
248900 ,,,,,,,悠,悠,02yuu551_004.wav,yuu,,17,,,,,「照れるじょ」
249000 ,,,,,,,優哉,優哉,,yuu,,17,,,,,「お前は良心じゃなくて傍若無人な。
　悪意の固まりと言ってもいいが」
249100 ,,,,,,,恋鳥,恋鳥,04kot551_001.wav,"kotori,uniform",,52,,,,,「……無垢（きらーん）」
249200 ,,,,,,,優哉,優哉,,kotori,,52,,,,,「あー、つむぎの欠席は痛いなあ」
249300 ,,,,,,,,,,kotori,,52,,,,,　豪快に恋鳥のことはスルーしてやった。
249400 ,,,,,,,悠,悠,02yuu551_005.wav,yuu,,90,,,,,「愛歌は病室にいるんでしょ？」
249500 ,,,,,,,優哉,優哉,,yuu,,90,,,,,「ああ。秋香さんのそばについてる。
　今日のことは話してあるけどな」
249600 ,,,,,,,悠,悠,02yuu551_006.wav,yuu,,0,,,,,「んじゃ、私らも行きますかー」
249800 ,,<!move_short>,,10200,,,女医,女医,26joy551_001.wav,,,,,,,,「……それで秋里さんに、その温泉の滝というのを
　見せにいく、と？」
249900 ,,,,,,,優哉,優哉,,,,,,,,,「はい。できるだけ秋香さんには負担をかけないように
　するつもりです。もちろん、無理もさせません」
250000 ,,,,,,,優哉,優哉,,,,,,,,,「少しだけ、外出の許可をいただけませんか？」
250100 ,,,,,,,女医,女医,26joy551_002.wav,,,,,,,,「…………」
250200 ,,,,,,,,,,,,,,,,,　秋香さんを含めた全員の視線が、女医さんへと集ま
　る。
250300 ,,,,,,,,,,,,,,,,,　マナこと愛歌も、秋香さんに寄り添いながらこちら
　を見つめていた。
250400 ,,,,,,,女医,女医,26joy551_003.wav,,,,,,,,「……ここで許可をしなかったら、一生ここにいる
　人たちに恨まれてしまいそうですね」
250500 ,,,,,,,優哉,優哉,,,,,,,,,「それじゃあ！」
250600 ,,,,,,,女医,女医,26joy551_004.wav,,,,,,,,「いいでしょう。ただし、私も秋里さんには同行させて
　いただきます」
250700 ,,,,,,,優哉,優哉,,,,,,,,,「え……先生も来てくれるんですか？」
250800 ,,,,,,,女医,女医,26joy551_005.wav,,,,,,,,「あくまで、万一に備えてです。
　幸い、最近は秋里さんの状態も安定していますし、
　心配はないと思いますが……」
250900 ,,,,,,,優哉,優哉,,,,,,,,,「あ、ありがとうございますっ」
251000 ,,,,,,,悠,悠,02yuu551_007.wav,yuu,,0,,,,,「話の分かる先生でよかったわね～」
251100 ,,,,,,,恋鳥,恋鳥,04kot551_002.wav,kotori,,81,,,,,「……優哉め」
251200 ,,,,,,,,,,kotori,,81,,,,,　恋鳥はしっかり先ほどのスルーを根に持っていた！
251300 ,,,,,,,秋香,秋香,11aki551_001.wav,"akika,pajamas",,0,,,,,「温泉の滝……すごい偶然ねえ。
　私も昔、それを見たことがあったのよ？」
251400 ,,,,,,,,,,akika,,0,,,,,　以前の約束を忘れ、今日が初耳のような反応をする
　秋香さん。
251500 ,,,,,,,,,,akika,,0,,,,,　俺や愛歌はそうした様子に慣れていたが、
　悠と恋鳥はやはり困惑気味だった。
251600 ,,,,,,,,,,akika,,0,,,,,　無理もないけどな。
　俺たちも最初はそうだったし……。
251700 ,,,,,,,愛歌,愛歌,01man551_001.wav,akika,,0,"manaka,uniform",,0,,「今日はこれから、その温泉の滝を見に行くそうです。
　秋香さん、体調の方は平気ですか？」
251800 ,,,,,,,秋香,秋香,11aki551_002.wav,akika,,1,manaka,,0,,「ええ、もちろん♪
　温泉の滝が見られるなんて、楽しみだわ～」
251900 ,,,,,,,優哉,優哉,,akika,,1,manaka,,0,,「見られるかは運次第な部分もあるんですけどね。
　でも、行ってみる価値はあると思ってます」
252000 ,,,,,,,秋香,秋香,11aki551_003.wav,akika,,0,manaka,,0,,「そうね。あれはなかなか見られるものじゃないもの
　ね……」
252100 ,,,,,,,悠,悠,02yuu551_008.wav,akika,,0,yuu,,0,,「ま、みんなで探せば見つかるっしょ！」
252200 ,,,,,,,恋鳥,恋鳥,04kot551_003.wav,akika,,0,kotori,,90,,「……きっと見つかるぞ」
252300 ,,,,,,,,,,akika,,0,kotori,,90,,　それぞれが士気を高める中、愛歌が俺のそばに
　近寄ってくる。
252400 ,,,,,,,愛歌,愛歌,01man551_002.wav,manaka,,42,,,,,「……ありがと、優哉ちゃん。
　お母さんのために、色々調べてくれたんでしょう？」
252500 ,,,,,,,優哉,優哉,,manaka,,42,,,,,「それは悠や恋鳥のおかげさ。
　お前もその間、看病がんばったな」
252600 ,,,,,,,愛歌,愛歌,01man551_003.wav,manaka,,90,,,,,「ううん。お母さんね、金魚たちに名前をつけてた
　でしょう？」
252700 ,,,,,,,愛歌,愛歌,01man551_004.wav,manaka,,90,,,,,「毎日、あの子たちの名前を呼んで、私たちのことを
　忘れないようにしてくれてたんだって」
252800 ,,,,,,,愛歌,愛歌,01man551_005.wav,manaka,,4,,,,,「私も最近、伯母さんから聞いたんだけど……」
252900 ,,,,,,,優哉,優哉,,manaka,,4,,,,,「そうなのか……秋香さん、そんなこと全然、
　話してくれなかったのにな……」
253000 ,,,,,,,愛歌,愛歌,01man551_006.wav,manaka,,3,,,,,「……見つかるといいな。温泉の滝」
253100 ,,,,,,,優哉,優哉,,manaka,,3,,,,,「そうだな。みんなで見られるといいな……」
253200 ,,,,,,,愛歌,愛歌,01man551_007.wav,manaka,,90,,,,,「私、お願いするの。温泉の滝を見られたら……」
253300 ,,,,,,,優哉,優哉,,manaka,,90,,,,,「確か、祈れば願い事が叶うって話だったか？」
253400 ,,,,,,,愛歌,愛歌,01man551_008.wav,manaka,,42,,,,,「うん。だから、お母さんの記憶が戻りますようにっ
　て……」
253500 ,,,,,,,,,,manaka,,42,,,,,　俺もほんの少し、期待していた。
253600 ,,,,,,,,,,manaka,,42,,,,,　もし温泉の滝を見つけることができたら、
　秋香さんの状態もいい方向に傾くんじゃないかと。
253700 ,,,,,,,,,,manaka,,42,,,,,　わずかでもいい。
253800 ,,,,,,,,,,manaka,,42,,,,,　今回のことが秋香さん復調のきっかけになれば……。
253900 ,,,,,,,,,,manaka,,42,,,,,　俺は、そう思わずにはいられなかった。
254190 ,,<!Lend_scene_change>,0,9000,,,,,,,,,,,,,
254200 ,@552,,,,,,,,,,,,,,,,
254500 ,,<!Lbegin_scene_change>,9,14302,,,,,,,,,,,,,　日が暮れてから、俺たちは秋香さんを連れて
　診療所を出発した。
254600 ,,,,,,,,,,,,,,,,,　周囲に街灯はないため、月明かりと手元の懐中電灯
　のみを頼りに歩いていく。
254700 ,,,,,,,,,,,,,,,,,　意外にも先頭を歩くと思われた悠は、俺の背中に
　隠れて明らかに挙動不審だった。
254800 ,,,,,,,,,,,,,,,,,　逆に恋鳥は、ひとりでもすたすたと歩いていって
　いる。
254900 ,,,,,,,優哉,優哉,,,,,,,,,「悠、お前なんだよ。
　人の後ろばっかりくっついて歩いて……」
255000 ,,,,,,,悠,悠,02yuu552_001.wav,"yuu,uniform",,5,,,,,「う、うるさいなあっ。
　私がどこを歩こうが勝手でしょっ……」
255100 ,,,,,,,優哉,優哉,,yuu,,5,,,,,「まさか、暗いのが怖いなんて言わないだろうなあ」
255200 ,,,,,,,悠,悠,02yuu552_002.wav,yuu,,53,,,,,「ぎくっ」
255300 ,,,,,,,優哉,優哉,,yuu,,53,,,,,「少しは恋鳥を見習えって。
　あいつはほんと、デキる子だな」
255400 ,,,,,,,,,,yuu,,53,,,,,　マイペースというか、チームワークとは無縁……
　とも言えるが。
255500 ,,,,,,,秋香,秋香,11aki552_001.wav,"akika,private",,0,,,,,「こういうの、冒険してるみたいでワクワクするわぁ。
　先生もそう思いません？」
255600 ,,,,,,,女医,女医,26joy552_001.wav,akika,,0,,,,,「そうですね。この年になると、なかなかそういう
　経験はできないですから……」
255700 ,,,,,,,秋香,秋香,11aki552_002.wav,akika,,1,,,,,「マナさんも楽しんでる～？」
255800 ,,,,,,,愛歌,愛歌,01man552_001.wav,"manaka,uniform",,3,,,,,「あ、はいっ。暗くて怖いですけど……た、楽しいで
　すっ」
255900 ,,,,,,,,,,manaka,,3,,,,,　引きつった顔で返事をする愛歌。
256000 ,,,,,,,,,,manaka,,3,,,,,　一方で秋香さんは、周りの人を気遣いながら足を
　進めている。
256100 ,,,,,,,,,,manaka,,3,,,,,　一部の記憶を失っていても、その気さくなところは
　変わっていない。
256200 ,,,,,,,悠,悠,02yuu552_003.wav,yuu,,0,,,,,「ねえねえ。温泉の滝が見られるときって、
　何か目印になるようなのはないの？」
256300 ,,,,,,,優哉,優哉,,yuu,,0,,,,,「だから満月の夜だろ？」
256400 ,,,,,,,悠,悠,02yuu552_004.wav,yuu,,5,,,,,「そういうのじゃなくってさ。
　噴水みたいにお湯が湧き出すとか、空に虹がかかる
　とか……」
256500 ,,,,,,,悠,悠,02yuu552_005.wav,yuu,,5,,,,,「そういうのがないと、気付かないで素通り……
　なんてこともあるんじゃない？」
256600 ,,,,,,,優哉,優哉,,yuu,,5,,,,,「確かに……ただでさえ視界がないしな。
　素通りだけは勘弁してほしいが……」
256700 ,,,,,,,秋香,秋香,11aki552_003.wav,akika,,3,,,,,「地響き」
256800 ,,,,,,,優哉,優哉,,akika,,3,,,,,「え？」
256900 ,,,,,,,,,,akika,,3,,,,,　秋香さんが思いついたように一言を口にする。
257000 ,,,,,,,秋香,秋香,11aki552_004.wav,akika,,4,,,,,「温泉の滝が見られる直前、地響きみたいな大きな
　音が聞こえてくるわ」
257100 ,,,,,,,悠,悠,02yuu552_006.wav,yuu,,0,,,,,「地響きかぁ。それなら遠くにいても分かるわね」
257200 ,,,,,,,優哉,優哉,,yuu,,0,,,,,「恋鳥、地響きだってさ。
　温泉の滝が見られる直前の予兆」
257300 ,,,,,,,恋鳥,恋鳥,04kot552_001.wav,"kotori,uniform",,7,,,,,「……歩くのが遅いぞ」
257400 ,,,,,,,,,,kotori,,7,,,,,　先を歩いていた恋鳥が、面白くなさそうにこちらを
　振り返る。
257500 ,,,,,,,悠,悠,02yuu552_007.wav,yuu,,1,,,,,「やぁん、吊り橋が揺れて怖いぃ♪」
257600 ,,,,,,,優哉,優哉,,yuu,,1,,,,,「さっさと歩け」
257700 ,,,,,,,悠,悠,02yuu552_008.wav,yuu,,5,,,,,「なんなの、その冷たい態度っ。
　せっかく女の子キャラを演じてやってるのに……」
257800 ,,,,,,,優哉,優哉,,yuu,,5,,,,,「演じなきゃ、女の子になれないのかよ。お前は……」
257900 ,,,,,,,,,,yuu,,5,,,,,　呆れて話していると、後方の方で愛歌が大きく遅れ
　ていた。
258000 ,,,,,,,,,,yuu,,5,,,,,　あいつは、高くて揺れるようなところは苦手だから
　な……。
258100 ,,,,,,,,,,yuu,,5,,,,,　放っておけずに引き返そうとすると、それより早く
　愛歌に近づく人影があった。
258200 ,,,,,,,秋香,秋香,11aki552_005.wav,akika,,3,,,,,「……マナさん、大丈夫？
　怖かったら、私の手を握っていてね」
258300 ,,,,,,,愛歌,愛歌,01man552_002.wav,akika,,3,manaka,,42,,「あ……秋香さっ……」
258400 ,,,,,,,秋香,秋香,11aki552_006.wav,akika,,0,manaka,,42,,「うちの愛歌もこういうのが苦手でね。
　よくこうして、手を引いて歩いてあげたわ」
258500 ,,,,,,,,,,akika,,0,manaka,,42,,　そうして身を寄せ合う二人の姿は、記憶を失う前と
　まったく変わっていなかった。
258600 ,,,,,,,,,,akika,,0,manaka,,42,,　二人は一歩ずつ吊り橋を進み、俺の横をすれ違って
　いく。
258700 ,,,,,,,,,,akika,,0,manaka,,42,,　暗闇の中で、二人の穏やかな表情が並んでいた。
258800 ,,,,,,,,,,akika,,0,manaka,,42,,　俺はその神聖な親子の儀式を邪魔せず、
　二人が吊り橋を渡り終えてから歩みを再開した。
259000 ,,<!move_normal>,,14402,,,悠,悠,02yuu552_009.wav,yuu,,5,,,,,「ねえ、まだ見つかんないのー？」
259100 ,,,,,,,,,,yuu,,5,,,,,　２時間近く、森の中を歩いていただろうか。
259200 ,,,,,,,,,,yuu,,5,,,,,　悠と恋鳥が調べてくれたポイントには到着したが、
　地響きはもちろん、滝が流れるシーンを想像できる
　場所はなかった。
259300 ,,,,,,,,,,yuu,,5,,,,,　幸い、秋香さんは元気そうだったが、その横に
　いる女医さんの表情は優れなかった。
259400 ,,,,,,,恋鳥,恋鳥,04kot552_002.wav,kotori,,3,,,,,「……優哉、次のポイントに行くか？」
259500 ,,,,,,,優哉,優哉,,kotori,,3,,,,,「ん……」
259600 ,,,,,,,,,,kotori,,3,,,,,　言葉に詰まっていると、女医さんは小さく首を横に
　振って、文字通りのドクターストップを宣言する。
259700 ,,,,,,,,,,kotori,,3,,,,,　さらに奥地へ向かうのは簡単だが、帰りの道のりを
　考えると、その判断も合点がいく。
259800 ,,,,,,,優哉,優哉,,kotori,,3,,,,,「少しここで待とう」
259900 ,,,,,,,,,,kotori,,3,,,,,　奥には行かないと決断した。
260000 ,,,,,,,,,,kotori,,3,,,,,　しばらくここで休んで、温泉の滝の兆候が現れなけ
　れば、今日はあきらめるしかない。
260100 ,,,,,,,,,,kotori,,3,,,,,　俺の見通しが甘かった。
260200 ,,,,,,,,,,kotori,,3,,,,,　一度、下見で明るいうちに来るべきだったか……。
260300 ,,,,,,,悠,悠,02yuu552_010.wav,yuu,,12,,,,,「５０年に１回ぐらいって書いてあったしねー。
　そう簡単には見られないか……」
260400 ,,,,,,,優哉,優哉,,yuu,,12,,,,,「……すいません、秋香さん。
　俺の考えが甘かったせいで……」
260500 ,,,,,,,秋香,秋香,11aki552_007.wav,akika,,3,,,,,「そんなことないわよ。私だって、苦労したもの。
　初めて温泉の滝を見たときは……」
260600 ,,,,,,,,,,akika,,3,,,,,　愛歌は祈るように手を合わせ、じっと森の奥を
　見据えている。
260700 ,,,,,,,秋香,秋香,11aki552_008.wav,akika,,0,,,,,「それにたとえ見ることができなくても、こうして
　温泉の滝を探した時間は無駄にならないわ……」
260800 ,,,,,,,悠,悠,02yuu552_011.wav,yuu,,90,,,,,「そうよね～。みんなでこうやって探検するの、
　いい思い出になるしさ」
260900 ,,,,,,,悠,悠,02yuu552_012.wav,yuu,,90,,,,,「大事なのは、今ここにいるってことを忘れないこと
　よね」
261000 ,,,,,,,,,,yuu,,90,,,,,　……最初から可能性なんてなかった。
261100 ,,,,,,,,,,yuu,,90,,,,,　仮に温泉の滝を見られる場所が分かったって、
　１日でもその周期からズレていれば終わりだ。
261200 ,,,,,,,,,,yuu,,90,,,,,　秋香さんを、そう何度も診療所から連れ出して
　ここに通わせるわけにもいかない。
261300 ,,,,,,,,,,yuu,,90,,,,,　人生一度だけの一発勝負。
261400 ,,,,,,,,,,yuu,,90,,,,,　俺は一体、それに何を賭けようとしていたのか……。
261500 ,,,,,,,女医,女医,26joy552_002.wav,yuu,,90,,,,,「……秋里さん、そろそろ診察所へ戻る時間です」
261600 ,,,,,,,秋香,秋香,11aki552_009.wav,akika,,5,,,,,「ええ……」
261700 ,,,,,,,,,,akika,,5,,,,,　二人の会話を聞き、落胆の空気が広がる。
261800 ,,,,,,,,,,akika,,5,,,,,　果たして意味があったんだろうか？
261900 ,,,,,,,,,,akika,,5,,,,,　わざわざ悠たちにまで協力してもらって、
　秋香さんを連れ回したことに……。
262000 ,,,,,,,愛歌,愛歌,01man552_003.wav,akika,,5,manaka,,4,,「……あと少しだけ」
262100 ,,,,,,,,,,akika,,5,manaka,,4,,　それまで口を閉ざしていた愛歌が、
　秋香さんの手を握って俺と目を合わせた。
262200 ,,,,,,,愛歌,愛歌,01man552_004.wav,akika,,5,manaka,,4,,「もう少しだけ……ここにいさせてください」
262300 ,,,,,,,,,,akika,,5,manaka,,4,,　信じることをあきらめていない、強い眼差し。
262400 ,,,,,,,,,,akika,,5,manaka,,4,,　横で秋香さんは笑顔で頷き、愛歌の頭を撫でる。
262500 ,,,,,,,,,,akika,,5,manaka,,4,,　女医さんの表情は険しいままだったが、
　秋香さんを諭す言葉は続かなかった。
262600 ,,,,,,,悠,悠,02yuu552_013.wav,yuu,,0,,,,,「それじゃ、もう少し待ちますかー」
262700 ,,,,,,,,,,yuu,,0,,,,,　わざと明るい声を出して場を盛り上げようとする悠。
262800 ,,,,,,,,,,yuu,,0,,,,,　地図を見ながら、懸命に温泉の滝を探してくれてい
　る恋鳥。
262900 ,,,,,,,,,,yuu,,0,,,,,　そして母親の手を握りながら、今このときを刻み
　続ける愛歌。
263000 ,,,,,,,,,,yuu,,0,,,,,　……意味はあった。
263100 ,,,,,,,,,,yuu,,0,,,,,　秋香さんを連れてここへ来たことに。
263200 ,,,,,,,,,,yuu,,0,,,,,　それは手に触れられるような、形あるものでは
　なかったけれど。
263300 ,,,0,,,,,,,yuu,,0,,,,,　愛歌は≪それ≫を噛みしめるように、
　この静かな時間を受け入れていた。
263590 ,,,,,,,,,,,,,,,,,
263600 ,,"<shake id=""1"" target=""bg"" time=""0,0"" x=""2,140,0"" y=""0,0,0"">",,14402,,,,,,,,,,,,,　ゴゴゴゴゴゴゴゴゴ……。
263700 ,,,,,,,優哉,優哉,,,,,,,,,「ん？　地震か……？」
263800 ,,,,,,,,,,,,,,,,,　わずかな地面の揺れを感じ、座っていた愛歌たちの
　そばへ駆け寄る。
263900 ,,,,,,,,,,,,,,,,,　次第に揺れは大きくなり、山全体が震えているような
　錯覚を受けた。
264000 ,,,,,,,悠,悠,02yuu552_014.wav,yuu,,2,,,,,「ねえ、これヤバくない？」
264100 ,,,,,,,,,,yuu,,2,,,,,　先ほど渡った吊り橋が後方で大きく揺れている。
264200 ,,,,,,,,,,yuu,,2,,,,,　自然と全員がひとつの場所に集まり、身を寄せ合って
　揺れが鎮まるのを待った。
264500 ,,"<shake id=""1"" target=""sc"" time=""0,0"" x=""3,130,0"" y=""0,160,0"">",,,,,,,,,,,,,,,　だが地面の揺れはますます大きくなり、
　地の底から雷鳴のような地響きが轟いた。
264600 ,,,,,,,恋鳥,恋鳥,04kot552_003.wav,kotori,,4,,,,,「……来る」
264700 ,,,,,,,,,,kotori,,4,,,,,　恋鳥は揺れの中を立ち上がり、森の奥に目を向ける。
264800 ,,,,,,,,,,kotori,,4,,,,,　地響きがさらに大きくなり、周囲の木々が激しく
　ザワついた。
264900 ,,,,,,,秋香,秋香,11aki552_010.wav,akika,,3,,,,,「……マナさん。忘れないで」
265000 ,,,,,,,,,,akika,,3,,,,,　秋香さんが、愛歌の頭を抱きながら言う。
265200 ,,"<shake id=""1"" target=""sc"" time=""10000,10000"" x=""5,110,0"" y=""3,160,0"">",,,,,,,,,,,,,,,　次の瞬間、背後の崖から地響きとは別の轟音が、
　俺たちの身体を揺らした。
265300 ,,,,,,,悠,悠,02yuu552_015.wav,yuu,,2,,,,,「みんな、こっち！」
265400 ,,,,,,,,,,yuu,,2,,,,,　悠の声に従い、全員がその場を立ち上がる。
265500 ,,,,,,,,,,yuu,,2,,,,,　崖に向かって走り始める。
265790 ,,<stop id=""1"">,,,,,,,,,,,,,,,
265800 ,,<!move_short>,6,12510,,,,,,,,,,,,,　……それは幻想的な光景だった。
265900 ,,,,,,,,,,,,,,,,,　どこからともなく噴き出した地下水が大きな奔流と
　なって山の斜面をくだり、崖下へと流れこんでいる。
266000 ,,,,,,,,,,,,,,,,,　立ちこめる湯気が月明かりでキラキラと光り、
　それは雪の結晶のようにも見えた。
266100 ,,,,,,,,,,,,,,,,,　力強い滝の流れに、荘厳な自然の声を聞く。
266200 ,,,,,,,,,,,,,,,,,　誰もが言葉を失い、誰もがその光景に魅入られてい
　た。
266300 ,,,,,,,,,,,,,,,,,　気がつくと全員がその場で手を結び、言葉にはでき
　ない思いを共有する。
266400 ,,,,,,,,,,,,,,,,,　秋香さんは言っていた。
266500 ,,,,,,,,,,,,,,,,,　温泉の滝に祈れば、願い事が叶うと言われている、
　と。
266600 ,,,,,,,,,,,,,,,,,　愛歌は秋香さんのことを願ったんだろうか？
266700 ,,,,,,,,,,,,,,,,,　悠は？　恋鳥は？　他のみんなは？
266800 ,,,,,,,,,,,,,,,,,　そんなことを考えながら、俺もその滝に祈った。
266900 ,,,,,,,,,,,,,,,,,　いつか覧た、秋香さんのアルバム。
267000 ,,,,,,,,,,,,,,,,,　これから刻まれる１ページ１ページが、
267100 ,,,,,,,,,,,,,,,,,　愛歌と、そして秋香さんの笑顔で……。
267300 ,,,,9000,,,,,,,,,,,,,　いっぱいに、なりますように。
267590 ,,<!Lend_scene_change>,0,9000,,,,,,,,,,,,,
267600 ,@553,,,,,,,,,,,,,,,,
267900 ,,<!Lbegin_scene_change>,2,14302,,,悠,悠,02yuu553_001.wav,"yuu,uniform",,90,,,,,「まさか、ほんとに見られるなんてね……」
268000 ,,,,,,,愛歌,愛歌,01man553_001.wav,"manaka,uniform",,90,,,,,「うん。すごかったね……声も出ないぐらい……」
268100 ,,,,,,,恋鳥,恋鳥,04kot553_001.wav,"kotori,uniform",,90,,,,,「……絶景」
268200 ,,,,,,,,,,kotori,,90,,,,,　それぞれに感想を口にし、帰りの道のりを歩き始め
　る。
268300 ,,,,,,,,,,kotori,,90,,,,,　地に足が着いていない、ふわふわとした感じ。
268400 ,,,,,,,,,,kotori,,90,,,,,　耳にはまだ、先ほどの滝の轟音がはっきりと残って
　いた。
268500 ,,,,,,,悠,悠,02yuu553_002.wav,yuu,,0,,,,,「これでまた、５０年後まで見られないってことで
　しょ？　そう考えると感動よねー」
268600 ,,,,,,,優哉,優哉,,yuu,,0,,,,,「相当、運がよかったんだな。俺たち……」
268700 ,,,,,,,悠,悠,02yuu553_003.wav,yuu,,0,,,,,「ありがたや、ありがたや～」
268800 ,,,,,,,愛歌,愛歌,01man553_002.wav,manaka,,42,,,,,「みんなも……あの滝に何かお願いしたの？」
268900 ,,,,,,,悠,悠,02yuu553_004.wav,yuu,,12,,,,,「そ、そりゃあ……まあね」
269000 ,,,,,,,優哉,優哉,,yuu,,12,,,,,「生まれてきてごめんなさいってか？」
269100 ,,,,,,,悠,悠,02yuu553_005.wav,yuu,,53,,,,,「それ、お願いじゃないし！　懺悔だし！」
269200 ,,,,,,,優哉,優哉,,yuu,,53,,,,,「お前のことだから、いい男が欲しい～とか、
　そういうレベルだろ？」
269300 ,,,,,,,優哉,優哉,,yuu,,53,,,,,「ギャルのパンティが欲しい！　レベルの屑だな」
269400 ,,,,,,,悠,悠,02yuu553_006.wav,yuu,,17,,,,,「失礼な。私クラスになると、その悩みも高尚なもの
　になるのだよ。うんうん」
269500 ,,,,,,,優哉,優哉,,yuu,,17,,,,,「ほぉ……んで、何をお願いしたんだ？」
269600 ,,,,,,,悠,悠,02yuu553_007.wav,yuu,,12,,,,,「それが最近、ピザ食い過ぎて太っちゃってさー。
　痩せてモデル体型になりますようにって」
269700 ,,,,,,,優哉,優哉,,yuu,,12,,,,,「うわ、しょっぼい願い事してんなあ。お前……
　５０年に１回だぞ？」
269800 ,,,,,,,悠,悠,02yuu553_008.wav,yuu,,7,,,,,「うっさいわねー。私にとっては死活問題なのよっ」
269900 ,,,,,,,優哉,優哉,,yuu,,7,,,,,「確かにピザの食い過ぎは、健康的にも死活問題だとは
　思うがな」
270000 ,,,,,,,悠,悠,02yuu553_009.wav,yuu,,5,,,,,「そういうあんたは、何をお願いしたのよ」
270100 ,,,,,,,優哉,優哉,,yuu,,5,,,,,「俺か。秘密だ」
270200 ,,,,,,,悠,悠,02yuu553_010.wav,yuu,,2,,,,,「あ、ずるっ！　私も教えたんだから、
　あんたも教えなさいよー」
270300 ,,,,,,,恋鳥,恋鳥,04kot553_002.wav,yuu,,2,kotori,,5,,「……悠。悲しいお知らせがある」
270400 ,,,,,,,悠,悠,02yuu553_011.wav,yuu,,5,kotori,,5,,「あによ、悲しいお知らせって」
270500 ,,,,,,,恋鳥,恋鳥,04kot553_003.wav,yuu,,5,kotori,,3,,「人妻籠絡に書いてあったのだが」
270600 ,,,,,,,,,,yuu,,5,kotori,,3,,　人妻籠絡は表紙だけな。
270700 ,,,,,,,恋鳥,恋鳥,04kot553_004.wav,yuu,,5,kotori,,0,,「願い事は他人に話すと、その効力を失うらしい」
270800 ,,,,,,,悠,悠,02yuu553_012.wav,yuu,,53,kotori,,0,,「え、えええーー！
　そんな話、聞いてないってばしょ！」
270900 ,,,,,,,恋鳥,恋鳥,04kot553_005.wav,yuu,,53,kotori,,4,,「そして逆に、呪いとして本人に降りかかるらしい」
271000 ,,,,,,,悠,悠,02yuu553_013.wav,yuu,,3,kotori,,4,,「待って、それって……」
271100 ,,,,,,,優哉,優哉,,yuu,,3,kotori,,4,,「よぉ、ピザ」
271200 ,,,,,,,悠,悠,02yuu553_014.wav,yuu,,7,kotori,,4,,「うっさいわね！　あんたは黙ってなさいよ！！」
271300 ,,,,,,,,,,yuu,,7,kotori,,4,,　女医さん率いるアダルトチームには、
　このテンションはツラいかな……。
271400 ,,,,,,,,,,yuu,,7,kotori,,4,,　まだ深夜の石焼き芋売りの方が、かわいげがある。
271500 ,,,,,,,愛歌,愛歌,01man553_003.wav,manaka,,3,,,,,「あの……秋香さんも何かお願い事したんですか？」
271600 ,,,,,,,,,,manaka,,3,,,,,　愛歌の問いに秋香さんはニッコリと笑い、
271700 ,,,,,,,秋香,秋香,11aki553_001.wav,"akika,private",,1,manaka,,3,,「お願い事ってなんの話かしら？」
271800 ,,,,,,,,,,akika,,1,manaka,,3,,　この場にいる全員が固まる言葉を口にした。
271900 ,,,,,,,愛歌,愛歌,01man553_004.wav,akika,,1,manaka,,4,,「……前に言ってましたよね？
　温泉の滝にお祈りをすると、願い事が叶うって……」
272000 ,,,,,,,秋香,秋香,11aki553_002.wav,akika,,0,manaka,,4,,「温泉の滝！　あ～、懐かしいわー。
　あの滝をまた見てみたい……」
272100 ,,,,,,,愛歌,愛歌,01man553_005.wav,akika,,0,manaka,,5,,「秋香さん……？」
272200 ,,,,,,,秋香,秋香,11aki553_003.wav,akika,,0,manaka,,5,,「ところで今日は、皆さん集まってどこへ行くんです
　か？」
272300 ,,,,,,,愛歌,愛歌,01man553_006.wav,akika,,0,manaka,,2,,「！？」
272400 ,,,,,,,秋香,秋香,11aki553_004.wav,akika,,1,manaka,,2,,「あら、先生までー。今日は賑やかねー」
272500 ,,,,,,,優哉,優哉,,akika,,1,manaka,,2,,「秋香さん、まさか……」
272600 ,,,,,,,,,,akika,,1,manaka,,2,,　女医さんは横で無念そうに首を振る。
272700 ,,,,,,,,,,akika,,1,manaka,,2,,　あの滝を見た記憶が……残ってないっていうのか？
272800 ,,,,,,,愛歌,愛歌,01man553_007.wav,akika,,1,manaka,,3,,「ああっ、これから診療所へ帰るところだったんだよ
　ねっ。夜のお散歩からっ……」
272900 ,,,,,,,,,,akika,,1,manaka,,3,,　愛歌は強がって明るく振る舞っていたが、
　俺にとっては痛々しく映るだけだった。
273000 ,,,,,,,,,,akika,,1,manaka,,3,,　誰よりも一番、失望しているのは愛歌に違いない。
273100 ,,,,,,,,,,akika,,1,manaka,,3,,　せっかく見せることのできた温泉の滝が、
　自分の記憶にしか残っていないのだから。
273200 ,,,,,,,愛歌,愛歌,01man553_008.wav,akika,,1,manaka,,42,,「ほら、みんなもどうしたのー？
　なんか暗いよっ」
273300 ,,,,,,,悠,悠,02yuu553_015.wav,yuu,,3,,,,,「そ、そうよね。こんなの、私ららしくないよね」
273400 ,,,,,,,,,,yuu,,3,,,,,　悠もそれに乗って話し始め、止まっていた歩みが
　再開した。
273500 ,,,,,,,秋香,秋香,11aki553_005.wav,akika,,0,,,,,「ねえ、先生。私、温泉の滝が見たいの。
　昔、そこでプロポーズをされてねえ」
273600 ,,,,,,,,,,akika,,0,,,,,　繰り返される話に、俺は愛歌の顔を見ていられなか
　った。
273700 ,,,,,,,,,,akika,,0,,,,,　恐らく、愛歌があの滝に願ったこととは真逆の結末。
273800 ,,,,,,,,,,akika,,0,,,,,　俺はどうにもできない無力感に、ただ歯噛みする
　だけだった……。
274090 ,,<!Lend_day_change>,0,9000,,,,,,,,,,,,,
274100 ,@554,,,,,,,,,,,,,,,,
274400 ,,<!Lbegin_day_change>,13,10200,,,,,,"akika,pajamas",,0,,,,,　翌日。
274500 ,,,,,,,,,,akika,,0,,,,,　愛歌は診療所に姿を現さなかった。
274600 ,,,,,,,秋香,秋香,11aki554_001.wav,akika,,3,,,,,「マナさん、がっかりするかしらね……」
274700 ,,,,,,,,,,akika,,3,,,,,　昨晩の温泉の滝を忘れても、俺と愛歌の名前だけは
　しっかりと覚えている。
274800 ,,,,,,,,,,akika,,3,,,,,　それでも充分、進歩ではあるのに、今日はそれを
　素直に喜べないもうひとつの事件があった。
274900 ,,,,,,,秋香,秋香,11aki554_002.wav,akika,,5,,,,,「いつも仲良く３匹だったのに……」
275000 ,,,,,,,,,,akika,,5,,,,,　金魚鉢を泳ぐ金魚に話しかける。
275100 ,,,,,,,,,,akika,,5,,,,,　俺が世話をしに来たときにはもう、アキカと名付け
　られた金魚は水に浮かんで動かなくなっていた。
275200 ,,,,,,,,,,akika,,5,,,,,　秋香さんは死んだ金魚のことは気にかけず、
　残された２匹の金魚ばかりを心配していた。
275300 ,,,,,,,,,,akika,,5,,,,,　誰の責任でもない。
275400 ,,,,,,,,,,akika,,5,,,,,　所詮、祭りの出店ですくった金魚だ。
275500 ,,,,,,,,,,akika,,5,,,,,　そう長生きだってするものじゃない。
275600 ,,,,,,,,,,akika,,5,,,,,　でも愛歌が知ったときのことを考えると、
　気分は重く沈む一方だった。
275700 ,,,,,,,秋香,秋香,11aki554_003.wav,akika,,3,,,,,「私の愛情が足りなかったのかしら……」
275800 ,,,,,,,優哉,優哉,,akika,,3,,,,,「……そんなことないですよ」
275900 ,,,,,,,,,,akika,,3,,,,,　金魚鉢の２匹は、まるでアキカを探すように
　キョロキョロと水中で向きを変えていた。
276000 ,,,,,,,優哉,優哉,,akika,,3,,,,,「少し横になって休んでください」
276100 ,,,,,,,,,,akika,,3,,,,,　秋香さんの抱いていた金魚鉢を取り上げ、
　掛け布団を綺麗に広げる。
276200 ,,,,,,,優哉,優哉,,,,,,,,,「布団、かけますね」
276300 ,,,,,,,秋香,秋香,11aki554_004.wav,,,,,,,,「……ありがとう、優哉くん」
276400 ,,,,,,,優哉,優哉,,,,,,,,,「気にしないでください。これが仕事……」
276500 ,,,,,,,秋香,秋香,11aki554_005.wav,,,,,,,,「…………」
276600 ,,,,,,,優哉,優哉,,,,,,,,,「……秋香さん、今なんて？」
276700 ,,,,,,,,,,,,,,,,,　聞き返すと、秋香さんは俺から目を逸らして
　布団を肩にかけた。
276800 ,,,,,,,優哉,優哉,,,,,,,,,「今、俺のことを優哉って……」
276900 ,,,,,,,秋香,秋香,11aki554_006.wav,,,,,,,,「呼んだわよ。ユウくんじゃなくて、優哉くんって」
277000 ,,,,,,,優哉,優哉,,,,,,,,,「記憶……戻ったんですか？」
277100 ,,,,,,,秋香,秋香,11aki554_007.wav,,,,,,,,「……正確に言うと違うわ。時々、記憶が戻るの……」
277200 ,,,,,,,優哉,優哉,,,,,,,,,「あ、待ってください。愛歌に電話っ……」
277300 ,,,,,,,秋香,秋香,11aki554_008.wav,,,,,,,,「待って！　このことは愛歌には黙っておいて」
277400 ,,,,,,,優哉,優哉,,,,,,,,,「そんなっ……どうして！？」
277500 ,,,,,,,,,,,,,,,,,　思わず身を乗り出して、秋香さんの肩を揺らしてし
　まう。
277600 ,,,,,,,優哉,優哉,,,,,,,,,「あいつ、今まですごい苦しい思いをして……ずっと
　秋香さんの看護をしてたんです」
277700 ,,,,,,,優哉,優哉,,,,,,,,,「だから記憶が戻っているなら、一言でもいいですか
　らあいつに……」
277800 ,,,,,,,秋香,秋香,11aki554_009.wav,,,,,,,,「……あの子にはもう、私なんて必要ないわ」
277900 ,,,,,,,優哉,優哉,,,,,,,,,「そんなことないですって！
　あいつにはまだ、秋香さんが必要です。
　ずっとそばにいたから分かります」
278000 ,,,,,,,秋香,秋香,11aki554_010.wav,,,,,,,,「私にだって分かるわ。
　あの子のこれからに、何が必要なのか……」
278100 ,,,,,,,優哉,優哉,,,,,,,,,「それは秋香さんの愛情なんじゃないですか？
　秋香さんがあいつのことをマナじゃなくて、
　愛歌って呼んでやることじゃないですか？」
278200 ,,,,,,,秋香,秋香,11aki554_011.wav,,,,,,,,「……子はいつか、母親から離れるものよ？」
278300 ,,,,,,,優哉,優哉,,,,,,,,,「あいつはまだ子供です！
　泣き虫で、強がりで……まだまだ秋香さんを
　必要としてます」
278400 ,,,,,,,優哉,優哉,,,,,,,,,「それに、あいつに記憶が戻らない振りをして
　何か意味があるっていうんですか？」
278500 ,,,,,,,秋香,秋香,11aki554_012.wav,,,,,,,,「……意味はあるわ」
278600 ,,,,,,,優哉,優哉,,,,,,,,,「教えてください。その意味がどんなものなのか……」
278700 ,,,,,,,,,,,,,,,,,　すると秋香さんは横にしていた身体を起こし、
　寂しそうに俺の目を見て笑った。
278800 ,,,,,,,秋香,秋香,11aki554_013.wav,,,,,,,,「私はもう、長くは生きられないから」
278900 ,,,,,,,優哉,優哉,,,,,,,,,「え……」
279000 ,,,,,,,秋香,秋香,11aki554_014.wav,,,,,,,,「そういう病気なの。
　優哉くんと愛歌には秘密にしていたけれど……」
279100 ,,,,,,,,,,,,,,,,,　一瞬、気が遠くなった。
279200 ,,,,,,,,,,,,,,,,,　以前から気にはなっていた秋香さんの病気。
279300 ,,,,,,,,,,,,,,,,,　――長くは生きられないから。
279400 ,,,,,,,,,,,,,,,,,　本人の口からその意味を聞き出すには、あまりに
　残酷だった。
279500 ,,,,,,,秋香,秋香,11aki554_015.wav,,,,,,,,「ごめんなさい。びっくりしたわよね」
279600 ,,,,,,,優哉,優哉,,,,,,,,,「……ウソですよね、そんなの？」
279700 ,,,,,,,秋香,秋香,11aki554_016.wav,,,,,,,,「…………」
279800 ,,,,,,,優哉,優哉,,,,,,,,,「秋香さんは昔からそうだったじゃないですか。
　俺や愛歌をからかうことばかり言って……」
279900 ,,,,,,,秋香,秋香,11aki554_017.wav,,,,,,,,「……そうだったわね」
280000 ,,,,,,,,,,,,,,,,,　懐かしむように一言。
280100 ,,,,,,,,,,,,,,,,,　浮かべられていた笑みは消えていた。
280200 ,,,,,,,秋香,秋香,11aki554_018.wav,,,,,,,,「優哉くんも言っていたでしょう？
　愛歌はまだ、泣き虫で強がりで……私を必要と
　しているって……」
280300 ,,,,,,,秋香,秋香,11aki554_019.wav,,,,,,,,「今度は私が質問してもいい？」
280400 ,,,,,,,,,,,,,,,,,　秋香さんは金魚鉢へと視線を流し、言葉を続ける。
280500 ,,,,,,,秋香,秋香,11aki554_020.wav,,,,,,,,「私がいなくなったあと……あの子はどうやって
　生きていけばいいの？」
280600 ,,,,,,,優哉,優哉,,,,,,,,,「…………」
280700 ,,,,,,,秋香,秋香,11aki554_021.wav,,,,,,,,「教えてくれる、優哉くん？」
280800 ,,,,,,,秋香,秋香,11aki554_022.wav,,,,,,,,「死んでから、あの子に必要とされたら……
　私は何をしてあげればいいの？」
280900 ,,,,,,,優哉,優哉,,,,,,,,,「それは……」
281000 ,,,,,,,秋香,秋香,11aki554_023.wav,,,,,,,,「あの子は強くなっているわ……以前よりもずっと」
281100 ,,,,,,,秋香,秋香,11aki554_024.wav,,,,,,,,「だから私は、少しあの子の背中を押してあげるだけ
　でいいの……」
281200 ,,,,,,,秋香,秋香,11aki554_025.wav,,,,,,,,「あの子は気付いていないだけだから……もうずっと
　以前から、私の力なんて借りずにひとりで歩いてい
　けるのに……」
281300 ,,,,,,,,,,,,,,,,,　それは……秋香さんの、娘に対する最後の
　教育だったんだろうか。
281400 ,,,,,,,,,,,,,,,,,　親になったことのない俺には、到底分からない
　感情だった。
281500 ,,,,,,,,,,,,,,,,,　自分の死を自覚して、娘を突き放してまで伝えよう
　としていることなんて。
281600 ,,,,,,,優哉,優哉,,,,,,,,,「俺にはよく分かりません。でも……秋香さん、
　覚えていますか？　以前、番組の収録をした
　ときに愛歌が言っていたこと……」
281700 ,,,,,,,優哉,優哉,,,,,,,,,「何かを忘れて前へ進むより、何かを思い出して
　今日を生きてください……」
281800 ,,,,,,,優哉,優哉,,,,,,,,,「秋香さんがしていることって……娘にツラいことを
　忘れさせて、ただ前へ進ませようとしているだけな
　んじゃないですか？」
281900 ,,,,,,,秋香,秋香,11aki554_026.wav,,,,,,,,「！？」
282000 ,,,,,,,優哉,優哉,,,,,,,,,「……あいつは秋香さんのことを忘れませんよ。
　絶対に」
282100 ,,,,,,,優哉,優哉,,,,,,,,,「そうすることで……＜現実＝いま＞を生きていますから」
282300 ,,<!move_veryshort_r>,,9000,,,,,,,,,,,,,　秋香さんの病室を出て、俺はすぐに女医さんへ
　詰め寄った。
282400 ,,,,,,,,,,,,,,,,,　すると誰も使っていない病室へと案内され、
　そこで初めて秋香さんの詳しい病状を知らさ
　れた。
282600 ,,<!move_veryshort_r>,,10200,,,女医,女医,26joy554_001.wav,,,,,,,,「……秋里さんは本来ならば、いつ亡くなっても
　おかしくはない状況です」
282700 ,,,,,,,,,,,,,,,,,　事務的に、淡々と。
282800 ,,,,,,,,,,,,,,,,,　高ぶった俺の感情とは裏腹に、冷静な言葉を続けた。
282900 ,,,,,,,女医,女医,26joy554_002.wav,,,,,,,,「＜昨日＝さくじつ＞の外出も、秋里さんのそうした状況から私が
　判断しました」
283000 ,,,,,,,優哉,優哉,,,,,,,,,「治療は……しないんですか？
　手術とか、薬とかっ……他にも色々っ」
283100 ,,,,,,,女医,女医,26joy554_003.wav,,,,,,,,「私どもは患者さんの意思を尊重しています。
　秋里さんは、延命措置を望んではおりません」
283200 ,,,,,,,優哉,優哉,,,,,,,,,「そんな……」
283300 ,,,,,,,女医,女医,26joy554_004.wav,,,,,,,,「私どもにできるのは、秋里さんが人としての尊厳に
　満ちた生涯を送れるよう、お手伝いをさせていただく
　ことだけです」
283400 ,,,,,,,,,,,,,,,,,　言葉ばかりが耳に入って、頭では理解できない。
283500 ,,,,,,,,,,,,,,,,,　ただ、秋香さんがもう、余命いくばくもない状態だ
　ということは嫌というほど思い知らされた。
283600 ,,,,,,,,,,,,,,,,,　きっと、俺や愛歌に黙っていたのも、秋香さんの
　意思だ……と説明されるんだろう。
283700 ,,,,,,,,,,,,,,,,,　でもそれなら、今まで俺や愛歌のしてきたことは
　なんだったんだ？
283800 ,,,,,,,,,,,,,,,,,　愛歌が信じてがんばってきたことはなんだったんだ？
283900 ,,,,,,,,,,,,,,,,,　こんなことが許されていいのか……。
284000 ,,,,,,,,,,,,,,,,,　こんな残酷なことが……。
284100 ,,,,,,,女医,女医,26joy554_005.wav,,,,,,,,「説明の方はよろしいでしょうか？」
284200 ,,,,,,,,,,,,,,,,,　最後まで理性的に言い、女医さんは俺に背を向ける。
284300 ,,,,,,,優哉,優哉,,,,,,,,,「もうひとつだけ教えてください」
284400 ,,,,,,,優哉,優哉,,,,,,,,,「秋香さんの病気は……何なんですか？」
284500 ,,,,,,,女医,女医,26joy554_006.wav,,,,,,,,「……脳腫瘍です」
284600 ,,,,,,,,,,,,,,,,,　絶望的な答えだけを残し、部屋をあとにしていく。
284700 ,,,,,,,優哉,優哉,,,,,,,,,「脳腫瘍って……」
284800 ,,,,,,,,,,,,,,,,,　噛みしめた奥歯が軋む。
284900 ,,,,,,,,,,,,,,,,,　何も知らなかった自分の愚かさを思い知る。
285000 ,,,,,,,優哉,優哉,,,,,,,,,「ふざけんな、クソっ！！」
285100 ,,,,,,,,,,,,,,,,,　無人のベッドを両手で叩きつけ、
　変えられない未来に絶望した。
285200 ,,,,,,,,,,,,,,,,,　このことを愛歌に伝えるべきなのか？
285300 ,,,,,,,,,,,,,,,,,　俺にそれが……できるのか？
285400 ,,,,,,,,,,,,,,,,,　俺は立ち上がれなかった。
285500 ,,,,,,,,,,,,,,,,,　どんな未来を想像しても、そこには。
285600 ,,,,,,,,,,,,,,,,,　愛歌の笑顔は、なかった……。
285890 ,,<!Lend_day_change>,0,9000,,,,,,,,,,,,,
285900 ,@555,,,,,,,,,,,,,,,,
286190 ,$heroine_begin,,,,,,,,,,,,,,,,
286200 ,,<!Lbegin_day_change>,14,10300,,,,,,,,,,,,,　今日もまた、記憶が戻っている。
286300 ,,,,,,,,,,,,,,,,,　これから先、ただ失われていくだけだと思っていた
　のに……。
286400 ,,,,,,,秋香,秋香,11aki555_001.wav,,,,,,,,「……本当に……素敵な人を好きになったわね……」
286500 ,,,,,,,,,,,,,,,,,　昨日、病室で優哉くんに言われたことが、
　今も私の胸に残っていた。
286600 ,,,,,,,,,,,,,,,,,　私は自分の病気を知ったとき、愛歌のこれからのた
　めに、このまま死んでいくことを決めた。
286700 ,,,,,,,,,,,,,,,,,　でもそれは……違ったのかもしれない。
286800 ,,,,,,,,,,,,,,,,,　本当は私が怖かったのかもしれない。
286900 ,,,,,,,,,,,,,,,,,　あの子を死ぬ間際まで愛して、愛し続けて。
287000 ,,,,,,,,,,,,,,,,,　娘の前で『死にたくない』と未練を訴えてしまう
　自分が……。
287100 ,,,,,,,,,,,,,,,,,　けれど、愛歌に束の間の喜びを与えて、
　もし次の日に私が死んでしまったら？
287200 ,,,,,,,,,,,,,,,,,　今ここで意識を失って、二度と目覚めないかも
　しれないというのに……。
287300 ,,,,,,,秋香,秋香,11aki555_002.wav,,,,,,,,「ううっ！？」
287400 ,,,,,,,,,,,,,,,,,　記憶が戻る一方で、割れるような頭の痛みも増えた。
287500 ,,,,,,,,,,,,,,,,,　嘔吐が止まらない日もある。
287600 ,,,,,,,,,,,,,,,,,　左手の感覚も……既にない。
287700 ,,,,,,,,,,,,,,,,,　このまま消えてしまえたら……それはそれで楽かも
　しれない。
287800 ,,,,,,,,,,,,,,,,,　ここにきて、分からなくなってしまった。
287900 ,,,,,,,,,,,,,,,,,　自分が最後に、愛歌にしてやれること。
288000 ,,,,,,,,,,,,,,,,,　あの子を親離れさせることが、親としての最後の
　役目だと思っていたのに……。
288100 ,,,,,,,陽向,？？？,07hin555_001.wav,,,,,,,,「……愛歌お姉ちゃんちのおばさん？」
288200 ,,,,,,,秋香,秋香,11aki555_003.wav,,,,,,,,「え……」
288300 ,,,,,,,陽向,陽向,07hin555_002.wav,"hinata,private",,1,,,,,「あ、やっぱりおばさんだー」
288400 ,,,,,,,秋香,秋香,11aki555_004.wav,hinata,,1,,,,,「ひなっ……」
288500 ,,,,,,,,,,hinata,,1,,,,,　名前を呼びかけて、慌てて記憶喪失を演じる。
288600 ,,,,,,,秋香,秋香,11aki555_005.wav,hinata,,1,,,,,「……どうしたの、ボク？　何かご用？」
288700 ,,,,,,,陽向,陽向,07hin555_003.wav,hinata,,5,,,,,「えー、ボクだよー。すみさきひなたですっ」
288800 ,,,,,,,秋香,秋香,11aki555_006.wav,hinata,,5,,,,,「ごめんなさいね。
　おばさんにはよく分からないわ……」
288900 ,,,,,,,陽向,陽向,07hin555_004.wav,hinata,,3,,,,,「…………」
289000 ,,,,,,,,,,hinata,,3,,,,,　私の病気なんて知らない陽向くんは、
　困った顔で首を傾げている。
289100 ,,,,,,,,,,hinata,,3,,,,,　陽向くんの母親……千鶴と私は、幼なじみの間柄
　だった。
289200 ,,,,,,,,,,hinata,,3,,,,,　その千鶴は、彼がずっと小さい頃に亡くなっている。
289300 ,,,,,,,秋香,秋香,11aki555_007.wav,hinata,,3,,,,,「……ボク、お母さんは？」
289400 ,,,,,,,陽向,陽向,07hin555_005.wav,hinata,,0,,,,,「えっ？　お母さんはいないよー。
　ボクが小さい頃に死んじゃったんだ」
289500 ,,,,,,,,,,hinata,,0,,,,,　陽向くんは笑顔でそう話した。
289600 ,,,,,,,秋香,秋香,11aki555_008.wav,hinata,,0,,,,,「お母さんがいなくて寂しくはない？」
289700 ,,,,,,,陽向,陽向,07hin555_006.wav,hinata,,3,,,,,「んー、寂しいけど……」
289800 ,,,,,,,,,,hinata,,3,,,,,　一瞬、笑顔を曇らせ、
289900 ,,,,,,,陽向,陽向,07hin555_007.wav,hinata,,1,,,,,「でも、お兄ちゃんやお姉ちゃんがいるから♪」
290000 ,,,,,,,,,,hinata,,1,,,,,　この子の笑顔を見ていると、本当に今が幸せなんだと
　分かる。
290100 ,,,,,,,,,,hinata,,1,,,,,　愛歌よりもずっと小さい身体で、この子は母親の死を
　乗り越えている。
290200 ,,,,,,,,,,hinata,,1,,,,,　千鶴……あなたはどんなことを思って、こんなに
　かわいい子たちを残していったの？
290300 ,,,,,,,陽向,陽向,07hin555_008.wav,hinata,,0,,,,,「……おばさん、どうしたの？　元気ないよー」
290400 ,,,,,,,秋香,秋香,11aki555_009.wav,hinata,,0,,,,,「ボクは優しいのね……」
290500 ,,,,,,,陽向,陽向,07hin555_009.wav,hinata,,1,,,,,「えへへ……♪」
290600 ,,,,,,,,,,hinata,,1,,,,,　思わず抱きしめたくなる。
290700 ,,,,,,,,,,hinata,,1,,,,,　小さい頃の愛歌を思い出して……。
290800 ,,,,,,,陽向,陽向,07hin555_010.wav,hinata,,0,,,,,「でもねー、本当はボクも今日は元気がないんだ」
290900 ,,,,,,,秋香,秋香,11aki555_010.wav,hinata,,0,,,,,「そうなの？」
291000 ,,,,,,,陽向,陽向,07hin555_011.wav,hinata,,3,,,,,「うん。学校で飼ってたウサギが死んじゃって……」
291100 ,,,,,,,陽向,陽向,07hin555_012.wav,hinata,,3,,,,,「すごく後悔してるんだ。
　もっと優しくしてあげればよかったって……
　もっと色々なこと話しかけてあげればよかったって」
291200 ,,,,,,,陽向,陽向,07hin555_013.wav,hinata,,3,,,,,「でも、もう遅いんだよね……後悔しても……」
291300 ,,,,,,,秋香,秋香,11aki555_011.wav,hinata,,3,,,,,「…………」
291400 ,,,,,,,陽向,陽向,07hin555_014.wav,hinata,,4,,,,,「おばさんも後悔しないようにしてね？」
291500 ,,,,,,,秋香,秋香,11aki555_012.wav,hinata,,4,,,,,「……そうね。後悔しないように、しないとね」
291600 ,,,,,,,,,,hinata,,4,,,,,　幼い愛歌に言われているような気分になって、
　今までずっと我慢してきた涙が溢れてきた。
291700 ,,,,,,,,,,hinata,,4,,,,,　あの子の前では見せないように……そう誓った涙。
291800 ,,,,,,,,,,hinata,,4,,,,,　そんなとき、小さな指が私の頬へ伸びてくる。
291900 ,,,,,,,陽向,陽向,07hin555_015.wav,hinata,,0,,,,,「おばさん。泣きたいときは泣いていいんだよー」
292000 ,,,,,,,,,,hinata,,0,,,,,　何も知らない純粋な瞳。
292100 ,,,,,,,,,,hinata,,0,,,,,　それは私が守りたかった愛歌のと同じ――。
292390 ,,<!Lend_day_change>,0,9000,,,,,,,,,,,,,
292399 ,$heroine_end,,,,,,,,,,,,,,,,
292400 ,@556,,,,,,,,,,,,,,,,
292690 ,$heroine_begin,,,,,,,,,,,,,,,,
292700 ,,<!Lbegin_day_change>,10,12200,,,,,,,,,,,,,　ある日、お母さんの病室に行くと、３匹いたはずの
　金魚が２匹になっていた。
292800 ,,,,,,,,,,,,,,,,,　３匹の中で一番大きな……アキカという名前の金魚
　だった。
292900 ,,,,,,,,,,,,,,,,,　どうして金魚なんて飼っちゃったんだろう。
293000 ,,,,,,,,,,,,,,,,,　すぐ死んじゃうのなんて分かっていたのに……。
293100 ,,,,,,,,,,,,,,,,,　私は、あの温泉の滝の一件以来、お母さんの看病か
　ら遠のいていた。
293200 ,,,,,,,,,,,,,,,,,　みんなの前では笑っていたけど……本当はその場で
　泣き出してしまいたかった。
293300 ,,,,,,,,,,,,,,,,,　――お母さんの記憶が戻りますように。
293400 ,,,,,,,,,,,,,,,,,　祈れば願いが叶うという滝に、私は何度も何度も
　心の中でそう祈り続けた。
293500 ,,,,,,,,,,,,,,,,,　でも結果は……あの滝の話が迷信だったという
　事実だけが残って。
293600 ,,,,,,,,,,,,,,,,,　今日こそ、お母さんの病室へ向かおうと進めていた
　足も、まったく気乗りしていなかった。
293700 ,,,,,,,悠,悠,02yuu556_001.wav,"yuu,uniform",,0,,,,,「おっ、愛歌。おぃーっす！」
293800 ,,,,,,,愛歌,愛歌,01man556_001.wav,yuu,,0,,,,,「悠……」
293900 ,,,,,,,,,,yuu,,0,,,,,　駆け寄ってくる悠に慌てて笑いかける。
294000 ,,,,,,,,,,yuu,,0,,,,,　普段は明るくて話していると楽しかったけれど、
　今日は少し苦痛だった。
294100 ,,,,,,,悠,悠,02yuu556_002.wav,yuu,,90,,,,,「これから秋香さんのところに行くの？」
294200 ,,,,,,,愛歌,愛歌,01man556_002.wav,yuu,,90,,,,,「うん……そのつもり」
294300 ,,,,,,,悠,悠,02yuu556_003.wav,yuu,,0,,,,,「んじゃ、歩きながらでも話そっか」
294400 ,,,,,,,,,,yuu,,0,,,,,　頷いて、悠のペースに合わせる。
294500 ,,,,,,,悠,悠,02yuu556_004.wav,yuu,,3,,,,,「最近、優哉と心配してたんよ。
　愛歌の元気がないって……」
294600 ,,,,,,,悠,悠,02yuu556_005.wav,yuu,,3,,,,,「それに秋香さんの看病、しばらく行ってなかったん
　でしょ？」
294700 ,,,,,,,愛歌,愛歌,01man556_003.wav,yuu,,3,,,,,「ポツポツとは行ってたんだけど……毎日、行く気に
　はならなくって……」
294800 ,,,,,,,,,,yuu,,3,,,,,　理由は本当に自分勝手だった。
294900 ,,,,,,,,,,yuu,,3,,,,,　これ以上、お母さんと接して自分が傷つくのが
　怖くなった。
295000 ,,,,,,,,,,yuu,,3,,,,,　この十年の記憶がないことよりも、新しい思い出が
　作れないこと……それが悲しい。
295100 ,,,,,,,,,,yuu,,3,,,,,　あのアルバムの写真も、時間が止まったように
　なっている。
295200 ,,,,,,,悠,悠,02yuu556_006.wav,yuu,,12,,,,,「まあ、看病ってのは精神的にくるもんだしね。
　私も経験があるから分かるけどさ」
295300 ,,,,,,,愛歌,愛歌,01man556_004.wav,yuu,,12,,,,,「悠も……？」
295400 ,,,,,,,,,,yuu,,12,,,,,　悪くて詳しくは聞けなかったけど、
　悠は寂しそうな横顔で遠くを見ていた。
295500 ,,,,,,,悠,悠,02yuu556_007.wav,yuu,,3,,,,,「身内が病気で入院すると堪えるのよね～。
　自分が代わりになってやりたいって思っちゃうし」
295600 ,,,,,,,愛歌,愛歌,01man556_005.wav,yuu,,3,,,,,「……でも悠は強いから、私みたいには」
295700 ,,,,,,,悠,悠,02yuu556_008.wav,yuu,,12,,,,,「私も自分でそう思ってたけどさ。
　今思うと、後悔ばっかり残ってる」
295800 ,,,,,,,,,,yuu,,12,,,,,　少しだけ、自分を責めるように笑う悠。
295900 ,,,,,,,,,,yuu,,12,,,,,　その横顔を見ていたら、なぜか私も胸の奥が
　ズキンと痛んだ。
296000 ,,,,,,,悠,悠,02yuu556_009.wav,yuu,,3,,,,,「看病してる間って、色んなこと考えちゃうよね。
　普通の精神状態じゃないっていうか……」
296100 ,,,,,,,悠,悠,02yuu556_010.wav,yuu,,3,,,,,「自分を責めたり、楽になりたいって思っちゃったり
　さ」
296200 ,,,,,,,,,,yuu,,3,,,,,　悠の言葉は、私の気持ちを代弁しているようだった。
296300 ,,,,,,,,,,yuu,,3,,,,,　部屋にひとりでいると、ノイローゼになってしまい
　そうなほどで。
296400 ,,,,,,,,,,yuu,,3,,,,,　深夜に優哉ちゃんへ電話をかけたり、急にお部屋へ
　押しかけたり……ここ最近の私の行動は、メチャク
　チャだった。
296500 ,,,,,,,悠,悠,02yuu556_011.wav,yuu,,4,,,,,「……ほんとはこうやって愛歌と話すのも、
　優哉に頼まれたことなんだ」
296600 ,,,,,,,愛歌,愛歌,01man556_006.wav,yuu,,4,,,,,「優哉ちゃんに？」
296700 ,,,,,,,悠,悠,02yuu556_012.wav,yuu,,12,,,,,「あんたの元気がないから、励ましてほしいってさ。
　あいつ、私のことお祭りキャラとしか思ってない
　よね、絶対……お前が盛り上げろーみたいな」
296800 ,,,,,,,愛歌,愛歌,01man556_007.wav,yuu,,12,,,,,「…………」
296900 ,,,,,,,悠,悠,02yuu556_013.wav,yuu,,12,,,,,「優哉も相当、精神的にキテるみたいだったけどね。
　それでもあいつは偉いわ。なかなか他人の親のため
　にあそこまではできんよね」
297000 ,,,,,,,,,,yuu,,12,,,,,　ケーキ屋の前まで来て、悠の足が止まる。
297100 ,,,,,,,悠,悠,02yuu556_014.wav,yuu,,0,,,,,「んじゃ、私はこれからバイトだからここで」
297200 ,,,,,,,愛歌,愛歌,01man556_008.wav,yuu,,0,,,,,「……うん。ありがとう、心配してくれて」
297300 ,,,,,,,悠,悠,02yuu556_015.wav,yuu,,3,,,,,「優哉はさ、後悔したくないって言ってた。
　だから毎日、病室まで行って……」
297400 ,,,,,,,悠,悠,02yuu556_016.wav,yuu,,4,,,,,「愛歌のことを待ってるんだって」
297500 ,,,,,,,愛歌,愛歌,01man556_009.wav,yuu,,4,,,,,「！？」
297600 ,,,,,,,悠,悠,02yuu556_017.wav,yuu,,90,,,,,「愛歌も後悔しないようにね」
297700 ,,,,,,,悠,悠,02yuu556_018.wav,yuu,,90,,,,,「秋香さんが愛歌のことを忘れても、愛歌はいくら
　だって秋香さんとの思い出を作れるんだから……」
297800 ,,,,,,,,,,yuu,,90,,,,,　悠はぽんっと軽く私の肩を叩き、ケーキ屋へと
　入っていった。
297900 ,,,,,,,,,,yuu,,90,,,,,　後悔はしないように……十年後の自分を想像してみ
　る。
298000 ,,,,,,,,,,yuu,,90,,,,,　そのとき、私は今日という日をどんな風に思い出し
　ているんだろう……。
298200 ,,<!move_normal>,,12100,,,,,,,,,,,,,　診療所へ向かいながら、私は自分の中で小さな
　違和感を覚えていた。
298300 ,,,,,,,,,,,,,,,,,　それは今まで、怖くて触れられなかったことだった。
298400 ,,,,,,,,,,,,,,,,,　お母さんの本当の病気。
298500 ,,,,,,,,,,,,,,,,,　隠れて嘔吐しているのも知っていた。
298600 ,,,,,,,,,,,,,,,,,　あんなに若々しかった頬が、最近は＜痩＝こ＞けて
　見るに堪えなかった。
298700 ,,,,,,,,,,,,,,,,,　親子だからこそ分かる変化。
298800 ,,,,,,,,,,,,,,,,,　でもそれを聞いてしまうのが怖い……。
299000 ,,<!move_normal>,,10100,,,,,,,,,,,,,　ここから私はまた、ボランティアのマナになる。
299100 ,,,,,,,,,,,,,,,,,　以前は外にいても笑い声が聞こえていた病室。
299200 ,,,,,,,,,,,,,,,,,　今は無人のように静かだった。
299300 ,,,,,,,,,,,,,,,,,　――後悔はしないように。
299400 ,,,,,,,,,,,,,,,,,　口で言うほど簡単じゃなかった。
299500 ,,,,,,,,,,,,,,,,,　後悔したくないなら……私はもっと早く、
　あの秋香さんをお母さんと呼んでいる。
299600 ,,,,,,,,,,,,,,,,,　もうどのぐらい、お母さんと呼んでないんだろう。
299700 ,,,,,,,,,,,,,,,,,　お母さんはいつも、十年前の私に愛歌と呼びかけて
　くれているのに……。
299800 ,,,,,,,愛歌,愛歌,01man556_010.wav,,,,,,,,「お母さん……」
299900 ,,,,,,,,,,,,,,,,,　後悔しないための一言を口にする。
300000 ,,,,,,,,,,,,,,,,,　だけど、実際に言えるわけがない。
300100 ,,,,,,,,,,,,,,,,,　もしそれでお母さんの病状が悪化したら、
　私はそれこそ、お母さんと呼んだことを
　後悔してしまう。
300200 ,,,,,,,,,,,,,,,,,　……ダメだ。私はやっぱりダメだ。
300300 ,,,,,,,愛歌,愛歌,01man556_011.wav,,,,,,,,「っ……」
300400 ,,,,,,,,,,,,,,,,,　私は、アテもなくそこから走り出していた……。
300690 ,,<!Lend_scene_change>,0,9000,,,,,,,,,,,,,
300699 ,$heroine_end,,,,,,,,,,,,,,,,
300700 ,@557,,,,,,,,,,,,,,,,
301000 ,,<!Lbegin_scene_change>,8,10201,,,秋香,秋香,11aki557_001.wav,"akika,pajamas",,5,,,,,「……今日もマナさんはこないのね」
301100 ,,,,,,,,,,akika,,5,,,,,　遠くから金魚鉢を見つめ、寂しそうに言う。
301200 ,,,,,,,,,,akika,,5,,,,,　今は記憶が戻っていない状態だったが、
　それでも少しずつ回復傾向にあった。
301300 ,,,,,,,,,,akika,,5,,,,,　十年前までで止まっていた記憶が、今は小学校の
　高学年ぐらいまで思い出すことができている。
301400 ,,,,,,,,,,akika,,5,,,,,　俺はそれを、あの温泉の滝の奇跡だと思わずには
　いられなかった。
301500 ,,,,,,,優哉,優哉,,akika,,5,,,,,「今日は来るって言ってましたよ」
301600 ,,,,,,,,,,akika,,5,,,,,　いつもの気休めを言い、少し＜傷＝いた＞んだ秋香さんの髪を
　＜梳＝す＞く。
301700 ,,,,,,,秋香,秋香,11aki557_002.wav,akika,,3,,,,,「思いだすわ……よく、愛歌の髪を三つ編みにして
　あげてたこと……」
301800 ,,,,,,,優哉,優哉,,akika,,3,,,,,「そうなんですか……かわいかったんでしょうね」
301900 ,,,,,,,秋香,秋香,11aki557_003.wav,akika,,4,,,,,「ええ。若いうちに夫を亡くして、愛歌には寂しい
　思いをさせないってがんばってきたから……」
302000 ,,,,,,,,,,akika,,4,,,,,　女医さんは俺に、そろそろ本当のことを打ち明ける
　時期に来ていると言った。
302100 ,,,,,,,,,,akika,,4,,,,,　記憶も戻ってきているし、愛歌も秋香さんを
　お母さんと呼んで問題ないということだ。
302200 ,,,,,,,,,,akika,,4,,,,,　一方で、もう愛歌にはごまかしきれないところまで
　病状は進行していた。
302300 ,,,,,,,,,,akika,,4,,,,,　自分ひとりでトイレにも行けないぐらいに。
302400 ,,,,,,,,,,akika,,4,,,,,　病気のことをいつまでも隠し通せるものじゃない。
302500 ,,,,,,,,,,akika,,4,,,,,　女医さんには、俺から打ち明けると話しておいた。
302600 ,,,,,,,秋香,秋香,11aki557_004.wav,akika,,3,,,,,「ねえ、ユウくん……」
302700 ,,,,,,,優哉,優哉,,akika,,3,,,,,「はい？」
302800 ,,,,,,,秋香,秋香,11aki557_005.wav,akika,,3,,,,,「あなた、優哉くんよね？」
302900 ,,,,,,,優哉,優哉,,akika,,3,,,,,「！？」
303000 ,,,,,,,秋香,秋香,11aki557_006.wav,akika,,0,,,,,「優哉くん、ぜんぜん変わっていないわ。
　私の知ってる優哉くんと声も同じだもの……」
303100 ,,,,,,,,,,akika,,0,,,,,　小学校高学年……俺が変声期を迎えた頃だった。
303200 ,,,,,,,秋香,秋香,11aki557_007.wav,akika,,0,,,,,「そして一緒にいたマナさんが……」
303300 ,,,,,,,,,,akika,,0,,,,,　髪を梳いていた手が止まってしまう。
303400 ,,,,,,,秋香,秋香,11aki557_008.wav,akika,,3,,,,,「どうしてもっと早く気づけなかったのかな……」
303500 ,,,,,,,優哉,優哉,,akika,,3,,,,,「……今だって遅くないですよ。
　あいつを愛歌って呼んであげるのは……」
303600 ,,,,,,,秋香,秋香,11aki557_009.wav,akika,,5,,,,,「でも、もうあの子を抱きしめてあげることも
　できないわ……」
303700 ,,,,,,,優哉,優哉,,akika,,5,,,,,「それでも……」
303800 ,,,,,,,,,,akika,,5,,,,,　涙が溢れそうになり、目の辺りを腕で拭う。
303900 ,,,,,,,優哉,優哉,,akika,,5,,,,,「それでもあいつ、ぜったい喜びますから……」
304000 ,,,,,,,,,,akika,,5,,,,,　愛歌の喜ぶ顔が思い浮かんだ。
304100 ,,,,,,,,,,akika,,5,,,,,　泣きじゃくって『お母さん！』と叫ぶ姿が想像でき
　た。
304200 ,,,,,,,,,,akika,,5,,,,,　ふと、現実を見る。
304300 ,,,,,,,,,,akika,,5,,,,,　その時間は、本当に限られたものかもしれない。
304400 ,,,,,,,,,,akika,,5,,,,,　でもきっと。
304500 ,,,,,,,,,,akika,,5,,,,,　その僅かな時間は、愛歌にとって一生の宝物になる
　はずだった。
304600 ,,,,,,,秋香,秋香,11aki557_010.wav,akika,,4,,,,,「優哉くん……愛歌が来たら、一緒に三人で写真を
　撮ってもいいかしら？」
304700 ,,,,,,,優哉,優哉,,akika,,4,,,,,「ええ、もちろん」
304800 ,,,,,,,秋香,秋香,11aki557_011.wav,akika,,0,,,,,「私ね、愛歌に内緒でアルバムを作っていたの。
　あの子の写真をたくさん撮ったアルバム……」
304900 ,,,,,,,,,,akika,,0,,,,,　それが以前、愛歌の部屋で見たアルバムであることは
　すぐに分かった。
305000 ,,,,,,,秋香,秋香,11aki557_012.wav,akika,,0,,,,,「あの子の笑顔を撮るのが……私の生涯の幸せだった」
305100 ,,,,,,,優哉,優哉,,akika,,0,,,,,「……きっとそのアルバム、見ている人を幸せにさせる
　笑顔がいっぱい詰まってるんでしょうね」
305200 ,,,,,,,秋香,秋香,11aki557_013.wav,akika,,0,,,,,「ウフフッ♪　今度、優哉くんにも見せてあげるわね」
305300 ,,,,,,,,,,akika,,0,,,,,　本当に嬉しそうに笑う。
305400 ,,,,,,,,,,akika,,0,,,,,　愛歌のことを話すときの秋香さんの表情は、
　記憶を失った当初から変わらない。
305500 ,,,,,,,,,,akika,,0,,,,,　十年前も、今も、この人の娘への愛情は変わらずに
　いるんだろう。
305600 ,,,,,,,秋香,秋香,11aki557_014.wav,akika,,0,,,,,「そうそう、心配なことがあったの。
　愛歌は……優哉くんに自分の気持ちを伝えた？」
305700 ,,,,,,,,,,akika,,0,,,,,　少し照れ臭かったが、俺はありのままのことを
　話した。
305800 ,,,,,,,優哉,優哉,,akika,,0,,,,,「お嫁さんになっちゃうとか言ってましたよ。
　ふざけてですけど」
305900 ,,,,,,,秋香,秋香,11aki557_015.wav,akika,,1,,,,,「あら、そうなの▼」
306000 ,,,,,,,,,,akika,,1,,,,,　今まで以上の笑顔。
306100 ,,,,,,,秋香,秋香,11aki557_016.wav,akika,,3,,,,,「ずっと心配だったの……あの子、すごく奥手で
　優哉くんに対して臆病だったから……」
306200 ,,,,,,,優哉,優哉,,akika,,3,,,,,「……臆病だったのは俺も一緒です」
306300 ,,,,,,,秋香,秋香,11aki557_017.wav,akika,,4,,,,,「もしかして優哉くんも、愛歌のことが好きだった？」
306400 ,,,,,,,優哉,優哉,,akika,,4,,,,,「ええ。好きですよ。今でも」
306500 ,,,,,,,秋香,秋香,11aki557_018.wav,akika,,0,,,,,「そう……幸せなのね。今の愛歌は……」
306600 ,,,,,,,優哉,優哉,,akika,,0,,,,,「……自分で浴衣の着付けもできるようになったんで
　すよ、あいつ」
306700 ,,,,,,,秋香,秋香,11aki557_019.wav,akika,,1,,,,,「なんだか想像できないわね♪
　そんなにしっかり者なあの子……」
306800 ,,,,,,,優哉,優哉,,akika,,1,,,,,「髪、これで大丈夫ですか？」
306900 ,,,,,,,秋香,秋香,11aki557_020.wav,akika,,0,,,,,「ええ、ありがとう……」
307000 ,,,,,,,優哉,優哉,,akika,,0,,,,,「じゃあ、俺は夕食を持ってきますね。
　秋香さんは楽にしててください」
307200 ,,<!move_short_r>,,10101,,,優哉,優哉,,,,,,,,,「まったく、何やってんだよ。あいつは……」
307300 ,,,,,,,,,,,,,,,,,　見渡しても愛歌の来る気配はない。
307400 ,,,,,,,優哉,優哉,,,,,,,,,「まあ、いいか。
　秋香さんに夕食を食べさせてから携帯にでも
　かけてみよう……」
307600 ,,<!move_short>,,10201,,,優哉,優哉,,,,,,,,,「秋香さん、夕食持ってきました。
　俺が食べさせるんで……」
307700 ,,,,,,,,,,,,,,,,,　とお盆を置き、秋香さんを見ると、
307800 ,,,12,,,,優哉,優哉,,,,,,,,,「秋香さん！？」
307900 ,,,,,,,,,,,,,,,,,　力なく右腕と頭をベッドから垂らし、秋香さんは
　床に嘔吐したまま身動きひとつ見せなかった。
308000 ,,,,,,,優哉,優哉,,,,,,,,,「しっかりしてください、秋香さん！」
308100 ,,,,,,,,,,,,,,,,,　声をかけても反応がない。
308200 ,,,,,,,優哉,優哉,,,,,,,,,「そうだ、先生をっ……」
308400 ,,<!move_veryshort_r>,,9000,,,,,,,,,,,,,　秋香さんをベッドに戻し、女医さんを呼びにいく。
308500 ,,,,,,,,,,,,,,,,,　呼び出しブザーを押すことすら思いつかないほど、
　俺は動揺していた。
308700 ,,<!move_veryshort_r>,,10201,,,優哉,優哉,,,,,,,,,「先生、秋香さんはどうなんですか？」
308800 ,,,,,,,女医,女医,26joy557_001.wav,,,,,,,,「…………」
308900 ,,,,,,,,,,,,,,,,,　病室には愛歌の叔父さんと叔母さんも呼び出され、
　切迫した空気が漂っていた。
309000 ,,,,,,,,,,,,,,,,,　女医さんは秋香さんの脈をとり、
　何度か瞳孔の様子を窺う。
309100 ,,,,,,,女医,女医,26joy557_002.wav,,,,,,,,「……他の身内の方々に連絡はお済みでしょうか？」
309200 ,,,,,,,,,,,,,,,,,　その言葉が、秋香さんの容態の全てを物語っていた。
309300 ,,,,,,,優哉,優哉,,,,,,,,,「秋香さん、しっかりしてください！
　今、愛歌を呼びますからっ」
309400 ,,,,,,,,,,,,,,,,,　震える手で携帯を取りだし、愛歌へと発信する。
309600 ,,<!move_veryshort_r>,,9000,,,優哉,優哉,,,,,,,,,「早く出ろよ、愛歌……」
309700 ,,,,,,,,,,,,,,,,,　病室の入り口で秋香さんの様子を気にしつつ、
　携帯の反応を待つ。
309800 ,,,,,,,,,,,,,,,,,　すると発信音が途切れ、
309900 ,,,,,,,優哉,優哉,,,,,,,,,「もしもし！　愛歌か！？」
310000 ,,,,,,,携帯,携帯,,,,,,,,,「おかけになった電話は、パケット通信中か、
　電波が届かない場所にある、または電源が
　入っていないため、かかりません」
310100 ,,,,,,,優哉,優哉,,,,,,,,,「くそっ、またかあいつの携帯っ……」
310200 ,,,,,,,,,,,,,,,,,　前に言っていた、機嫌が悪いときの反応をされ、
　何度もリダイヤルをした。
310300 ,,,,,,,,,,,,,,,,,　だがそのたびに、同じ自動応答のメッセージが流れ
　ていく。
310400 ,,,,,,,,,,,,,,,,,　そんなとき、病室で秋香さんの名前を呼ぶ叔母さんの
　声が聞こえた。
310600 ,,<!move_veryshort>,,10201,,,優哉,優哉,,,,,,,,,「秋香さんっ」
310700 ,,,,,,,秋香,秋香,11aki557_021.wav,,,,,,,,「ん……はあっ……ゆうやく……」
310800 ,,,,,,,,,,,,,,,,,　今にも消えてしまいそうな声で俺を呼び、
　俺は夢中で秋香さんの手を握った。
310900 ,,,,,,,優哉,優哉,,,,,,,,,「がんばってください。愛歌、来ますからっ」
311000 ,,,,,,,秋香,秋香,11aki557_022.wav,,,,,,,,「ごめん……ね……まな……か……」
311100 ,,,,,,,,,,,,,,,,,　意識を取り戻したものの、瞳の焦点は、俺たちには
　見えていない別の何かを捉えていた。
311200 ,,,,,,,,,,,,,,,,,　女医さんに助けを求めても、首を横に振るだけで
　ただ見守り続けるだけだった。
311300 ,,,,,,,,,,,,,,,,,　終わってしまう。
311400 ,,,,,,,,,,,,,,,,,　秋香さんが俺と愛歌の前からいなくなってしまう。
311500 ,,,,,,,優哉,優哉,,,,,,,,,「秋香さん、言いましたよね？
　愛歌が来たら一緒に写真を撮ろうって……」
311600 ,,,,,,,秋香,秋香,11aki557_023.wav,,,,,,,,「まな……か……まな…………か…………」
311700 ,,,,,,,優哉,優哉,,,,,,,,,「まだ、あいつを置いていかないでくださいっ。
　あいつには秋香さんがっ……」
311800 ,,,,,,,,,,,,,,,,,　愛歌の携帯に発信は続け、秋香さんの意識が途切れ
　ないよう、声を張った。
311900 ,,,,,,,優哉,優哉,,,,,,,,,「生きてくださいっ……秋香さんっ……」
312000 ,,,,,,,,,,,,,,,,,　むせび泣く伯母の声が、一際大きく響いていく。
312100 ,,,,,,,優哉,優哉,,,,,,,,,「夢……秋香さんの夢っ……愛歌の赤ん坊を抱くって、
　言ってたじゃないですか？」
312200 ,,,,,,,優哉,優哉,,,,,,,,,「俺、あいつのこと幸せにしますから。
　絶対、泣かせたりしませんからっ……」
312300 ,,,,,,,優哉,優哉,,,,,,,,,「だからっ……孫を見せるまで、生きてくださいっ。
　俺とあいつを見守っててくださいっ……」
312400 ,,,,,,,,,,,,,,,,,　ほとんど、秋香さんの表情は動かない。
312500 ,,,,,,,,,,,,,,,,,　それでも俺には、そんな秋香さんが微笑んでいるよ
　うに見えた。
312600 ,,,,,,,秋香,秋香,11aki557_024.wav,,,,,,,,「……ありが……と……う」
312700 ,,,,,,,,,,,,,,,,,　くそっ、愛歌……お前はどこにいるんだ……。
312800 ,,,,,,,,,,,,,,,,,　秋香さんの声が聞こえないのか？
312900 ,,,,,,,,,,,,,,,,,　これが秋里親子の結末だなんて思いたくなかった。
313000 ,,,,,,,,,,,,,,,,,　どうしてここまで思い合ってる親子が、
　こんな目に……。
313100 ,,,,,,,,,,,,,,,,,　再度、愛歌の携帯にリダイヤルする。
313200 ,,,,,,,,,,,,,,,,,　心の中でひたすら念じ続ける。
313300 ,,,,,,,優哉,優哉,,,,,,,,,（頼む、愛歌っ。携帯に出てくれっ……）
313590 ,,<!Lend_scene_change>,0,9000,,,,,,,,,,,,,
313600 ,@558,,,,,,,,,,,,,,,,
313890 ,$heroine_begin,,,,,,,,,,,,,,,,
313900 ,,<!Lbegin_scene_change>,10,14301,,,,,,,,,,,,,　気がつくと、ここへ足を運んでいた。
314000 ,,,,,,,,,,,,,,,,,　温泉の滝を見るため、お母さんと一緒に歩いた
　吊り橋。
314100 ,,,,,,,,,,,,,,,,,　あのときはお母さんに腕を引いてもらったけど、
　今度は自分の足だけで渡りきる。
314200 ,,,,,,,,,,,,,,,,,　あのとき、お母さんはまるで記憶が戻っている
　みたいに私を導いてくれた。
314400 ,,<!move_normal>,,14401,,,,,,,,,,,,,　もう一度、温泉の滝が見たい。
314500 ,,,,,,,,,,,,,,,,,　今度は自分ひとりで、お母さんのことを祈りたい。
314600 ,,,,,,,愛歌,愛歌,01man558_001.wav,,,,,,,,「お母さん……ごめんね……」
314700 ,,,,,,,,,,,,,,,,,　自然と言葉に出たお母さんへの謝罪。
314800 ,,,,,,,,,,,,,,,,,　私は目を逸らしてしまった。
314900 ,,,,,,,,,,,,,,,,,　衰弱していくお母さんから、自分の足で
　遠ざかってしまった。
315000 ,,,,,,,,,,,,,,,,,　大好きなお母さんだったから……
315100 ,,,,,,,,,,,,,,,,,　本当に大好きなお母さんだったから……
315200 ,,,,,,,,,,,,,,,,,　だから……全てを知るのが怖かった。
315300 ,,,,,,,,,,,,,,,,,　でも、後悔はしたくない。
315400 ,,,0,,,,,,,,,,,,,,　私は、お母さんを大好きな自分に、
　胸を張って生きたい……。
315700 ,,"<shake id=""1"" target=""bg"" time=""0,0"" x=""2,140,0"" y=""0,0,0"">",,,,,,,,,,,,,,,　ゴゴゴゴゴゴゴゴゴ……。
315800 ,,,,,,,愛歌,愛歌,01man558_002.wav,,,,,,,,「え……？」
315900 ,,,,,,,,,,,,,,,,,　まさかと思った。
316000 ,,,,,,,,,,,,,,,,,　大きくなっていく地響き。
316100 ,,,,,,,,,,,,,,,,,　私は以前、温泉の滝を見た場所へ駆けだしていた。
316590 ,,<stop id=""1"">,,,,,,,,,,,,,,,
316600 ,,<!move_short>,,12510,,,,,,,,,,,,,　滝の流れは、私が手を合わせるとさらに勢いを
　増していく。
316700 ,,,,,,,愛歌,愛歌,01man558_003.wav,,,,,,,,「お母さん…………お母さん…………」
316800 ,,,,,,,,,,,,,,,,,　一身にお母さんのことを祈った。
316900 ,,,,,,,,,,,,,,,,,　いつもお母さんが、私のためにそうしてくれていた
　ように。
317000 ,,,,,,,,,,,,,,,,,　私はひたすら、滝の飛沫の中で祈り続けた。
317200 ,,<!se_ch_keitai_ring>,,,,,愛歌,愛歌,01man558_004.wav,,,,,,,,「きゃっ！？」
317300 ,,,,,,,,,,,,,,,,,　突然の着信に思わず飛び跳ねる。
317400 ,,<se_stop id=1>,,,,,,,,,,,,,,,　慌てて携帯を取り出すと、ディスプレイに
　優哉ちゃんの名前が表示されていた。
317700 ,,<!move_look><!se_keitai_pi>,10,,,,愛歌,愛歌,01man558_005.wav,,,,,,,,「はい、愛歌です……」
317800 ,,,,,,,優哉,優哉,,,,,,,,,「愛歌か！？　お前、今どこにいる！？」
317900 ,,,,,,,,,,,,,,,,,　耳に痛いほどの声で叫び、私は受話器の部分を
　当て直す。
318000 ,,,,,,,愛歌,愛歌,01man558_006.wav,,,,,,,,「どうしたの？　そんなに慌てて……」
318100 ,,,,,,,優哉,優哉,,,,,,,,,「今、秋香さんが……あ、ちょっと待ってくれ」
318200 ,,,,,,,,,,,,,,,,,　沈黙の時間が、私をひどく不安にさせる。
318300 ,,,,,,,優哉,優哉,,,,,,,,,「あ、もしもし。愛歌、聞こえるか？」
318400 ,,,,,,,愛歌,愛歌,01man558_007.wav,,,,,,,,「うん、聞こえるけど……」
318500 ,,,,,,,優哉,優哉,,,,,,,,,「落ち着いてきいてくれ。
　今、秋香さんが危篤の状態なんだ」
318600 ,,,,,,,愛歌,愛歌,01man558_008.wav,,,,,,,,「え……」
318700 ,,,,,,,優哉,優哉,,,,,,,,,「記憶もほとんど戻ってる。
　お前のこともきちんと分かってる」
318800 ,,,,,,,優哉,優哉,,,,,,,,,「今、秋香さんに代わるからな？
　ちゃんと言いたいこと、伝えろよっ」
318900 ,,,,,,,,,,,,,,,,,　お母さんが……危篤？
319000 ,,,,,,,,,,,,,,,,,　心の準備ができていないまま、
　お母さんの声が耳に届いた。
319100 ,,,,,,,秋香,秋香,11aki558_001.wav,,,,,,,,「まなか……聞こえる？」
319200 ,,,,,,,愛歌,愛歌,01man558_009.wav,,,,,,,,「……お母さん、私が分かるの？」
319300 ,,,,,,,秋香,秋香,11aki558_002.wav,,,,,,,,「ごめんね……まなか、ごめんね……」
319400 ,,,,,,,愛歌,愛歌,01man558_010.wav,,,,,,,,「どうしてあやまるの、お母さんっ」
319500 ,,,,,,,秋香,秋香,11aki558_003.wav,,,,,,,,「あなたに……病気の……こと……話せなくて……」
319600 ,,,,,,,,,,,,,,,,,　苦しそうなお母さんの声を聞いていたら、
　何も言えなくなった。
319700 ,,,,,,,,,,,,,,,,,　――秋香さんが危篤の状態なんだ。
319800 ,,,,,,,,,,,,,,,,,　優哉ちゃんの言葉を思い出して、感情が
　抑えられなくなる。
319900 ,,,,,,,愛歌,愛歌,01man558_011.wav,,,,,,,,「やだ……やだよ……お母さん、やだよぉっ」
320000 ,,,,,,,秋香,秋香,11aki558_004.wav,,,,,,,,「まなか……私はね……あなたを産めて……
　ほんとうに……よかったと思っているの……」
320100 ,,,,,,,秋香,秋香,11aki558_005.wav,,,,,,,,「あなたは……とてもやさしい子で……
　いつも……笑っていてくれたよね……」
320200 ,,,,,,,秋香,秋香,11aki558_006.wav,,,,,,,,「そんなあなたと……いっしょにすごせた……
　わたしの人生は……」
320300 ,,,,,,,秋香,秋香,11aki558_007.wav,,,,,,,,「とても、しあわせだった……」
320400 ,,,,,,,愛歌,愛歌,01man558_012.wav,,,,,,,,「お母さん、ごめんなさぁい……
　私……お母さんから逃げてたの……」
320500 ,,,,,,,愛歌,愛歌,01man558_013.wav,,,,,,,,「お母さんのこと、すごく大好きだったから……
　お母さんが病気で……痩せていくの……見てい
　られなかった……」
320600 ,,,,,,,愛歌,愛歌,01man558_014.wav,,,,,,,,「お母さんがいなくなっちゃいそうで……
　看病にも……行けなくなって……」
320700 ,,,,,,,愛歌,愛歌,01man558_015.wav,,,,,,,,「でも……でもね……私も……お母さんに産んで
　もらえて……ほんとうによかった……」
320800 ,,,,,,,愛歌,愛歌,01man558_016.wav,,,,,,,,「おかあさんとの思い出……今もいっぱい覚えてるよ？
　すごくすごく……幸せだったよ？」
320900 ,,,,,,,秋香,秋香,11aki558_008.wav,,,,,,,,「……ありがとう……私も……うっう！？」
321000 ,,,,,,,愛歌,愛歌,01man558_017.wav,,,,,,,,「お母さんっ！？　しっかりして、お母さんっ！」
321100 ,,,,,,,愛歌,愛歌,01man558_018.wav,,,,,,,,「まだ伝えたいこと、いっぱいあるのっ……
　あやまりたいこともいっぱいあるのっ……」
321200 ,,,,,,,愛歌,愛歌,01man558_019.wav,,,,,,,,「あの日……お母さんが倒れた日……お弁当っ……
　作ってくれたよねっ……」
321300 ,,,,,,,愛歌,愛歌,01man558_020.wav,,,,,,,,「あれっ……すごくおいしくてっ……ブタちゃん
　も……かわいかった……」
321400 ,,,,,,,愛歌,愛歌,01man558_021.wav,,,,,,,,「私……なにも……してあげられてない……
　お母さんに……愛してもらってばかりで……」
321500 ,,,,,,,愛歌,愛歌,01man558_022.wav,,,,,,,,「親孝行だってしたいのにっ……またいっしょに、
　買い物へ行って……お洋服っ……えらんっ……」
321600 ,,,,,,,秋香,秋香,11aki558_009.wav,,,,,,,,「……そんなこと……ないわよ……」
321700 ,,,,,,,愛歌,愛歌,01man558_023.wav,,,,,,,,「えっ？」
321800 ,,,,,,,秋香,秋香,11aki558_010.wav,,,,,,,,「お母さん……今までにいっぱい……あなたに
　愛してもらったから……」
321900 ,,,,,,,秋香,秋香,11aki558_011.wav,,,,,,,,「だから笑って……あなたとお別れできるの……」
322000 ,,,,,,,秋香,秋香,11aki558_012.wav,,,,,,,,「ほんとうに……しあわせだった……」
322100 ,,,,,,,愛歌,愛歌,01man558_024.wav,,,,,,,,「お願い……私を残していかないで……まだお母さん
　に甘えたいよぉ……お母さんと一緒にいたいよぉ」
322200 ,,,,,,,秋香,秋香,11aki558_013.wav,,,,,,,,「だいじょうぶ……まなかなら、だいじょうぶ……」
322300 ,,,,,,,秋香,秋香,11aki558_014.wav,,,,,,,,「あなたはわたしの……たから……も……の……」
322400 ,,,,,,,愛歌,愛歌,01man558_025.wav,,,,,,,,「…………」
322500 ,,,,,,,愛歌,愛歌,01man558_026.wav,,,,,,,,「……お母さん？　どうしたの、お母さんっ？」
322600 ,,,,,,,愛歌,愛歌,01man558_027.wav,,,,,,,,「悪ふざけはやめてよぉ……声を聞かせてっ。
　私の名前を呼んでっ！」
322700 ,,,,,,,愛歌,愛歌,01man558_028.wav,,,,,,,,「……愛歌って……いつもみたいにっ……」
322800 ,,,,,,,優哉,優哉,,,,,,,,,「……愛歌……秋香さんは……」
322900 ,,,,,,,愛歌,愛歌,01man558_029.wav,,,,,,,,「いやああっ、お母さぁん！　お母さぁぁぁぁん！！」
322920 ,,,,,,,,,,,,,,,,,　叫んでも叫んでも、私の声は届かなかった。
322930 ,,,,,,,,,,,,,,,,,　目の前が真っ暗になって、この場から動くことが
　できなかった。
322940 ,,,,,,,,,,,,,,,,,　携帯を持つ手が重い。
322950 ,,,,,,,,,,,,,,,,,　どうしてあのとき、病室に向かわなかったんだろう。
322960 ,,,,,,,,,,,,,,,,,　そんな後悔が胸を押し潰して。
322970 ,,,,,,,,,,,,,,,,,　私から生きる力を全て奪っていった。
322980 ,,,,,,,,,,,,,,,,,　もう私は、歩けない。
322990 ,,,,,,,,,,,,,,,,,　今日を生きることなんて……できない。
323190 ,,<!Lend_day_change>,0,9000,,,,,,,,,,,,,
323199 ,$heroine_end,,,,,,,,,,,,,,,,
323200 ,@559,,,,,,,,,,,,,,,,
323500 ,,<!Lbegin_day_change>,6,12100,,,,,,,,,,,,,　秋香さんが亡くなって、数日が経とうとしていた。
323600 ,,,,,,,,,,,,,,,,,　診療所でお世話になった人たちへの礼を済ませ、
　その帰り道。
323700 ,,,,,,,,,,,,,,,,,　愛歌はあの日以来、すっかり＜鬱＝ふさ＞ぎこんでしまった。
323800 ,,,,,,,,,,,,,,,,,　満足に食事もとらず、ただ秋香さんの作った
　アルバムだけを見続けて。
323900 ,,,,,,,,,,,,,,,,,　俺はそんな愛歌に、渡さなければいけないものが
　あった。
324000 ,,,,,,,優哉,優哉,,"manaka,uniform",,5,,,,,「愛歌……」
324100 ,,,,,,,愛歌,愛歌,01man559_001.wav,manaka,,5,,,,,「…………」
324200 ,,,,,,,,,,manaka,,5,,,,,　伏し目がちにこちらを見る愛歌。
324300 ,,,,,,,,,,manaka,,5,,,,,　それにかまわず、俺はバッグに入れていた一通の
　手紙を差し出した。
324400 ,,,,,,,優哉,優哉,,manaka,,5,,,,,「秋香さんから」
324500 ,,,,,,,愛歌,愛歌,01man559_002.wav,manaka,,3,,,,,「……お母さんから？」
324600 ,,,,,,,優哉,優哉,,manaka,,3,,,,,「渡してくれって言われたんだ。
　亡くなる何日か前に……」
324700 ,,,,,,,,,,manaka,,3,,,,,　愛歌はしばらく固まっていたが、封筒に自分の名前が
　書かれているのを見ると貪るように封を切る。
324800 ,,,,,,,,,,manaka,,3,,,,,　俺は愛歌に背を向けて、邪魔はしないように
　空を見上げていた。
325100 ,,<!move_look>,,13100,,,秋香,秋香,11aki559_001.wav,,,,,,,,「今は遠いところにいる、愛歌ちゃんへ……」
325200 ,,,,,,,秋香,秋香,11aki559_002.wav,,,,,,,,「お母さんと会えなくて、
　寂しい思いをしていませんか？」
325300 ,,,,,,,秋香,秋香,11aki559_003.wav,,,,,,,,「苦手な算数のお勉強はがんばっていますか？」
325400 ,,,,,,,秋香,秋香,11aki559_004.wav,,,,,,,,「あなたと離れてみると、
　お母さんにとってあなたの存在がいかに大きいかを
　思い知らされます」
325500 ,,,,,,,秋香,秋香,11aki559_005.wav,,,,,,,,「愛歌ちゃん……ううん、愛歌。
　あなたに黙っていたことがあります」
325600 ,,,,,,,秋香,秋香,11aki559_006.wav,,,,,,,,「私はときどきだけど、
　記憶が戻っていて、その間はあなたがマナさんでは
　なく、愛歌であることを知っていました」
325700 ,,,,,,,秋香,秋香,11aki559_007.wav,,,,,,,,「でも……ごめんなさい。
　お母さん、それをあなたに言えなかった」
325800 ,,,,,,,秋香,秋香,11aki559_008.wav,,,,,,,,「そのせいであなたは、
　つらい思いをいっぱいしたよね？」
325900 ,,,,,,,秋香,秋香,11aki559_009.wav,,,,,,,,「お母さん……怖かった。
　死んで、あなたと離ればなれになるのが……」
326000 ,,,,,,,秋香,秋香,11aki559_010.wav,,,,,,,,「一時的に記憶が戻って、あなたを愛してしまったら、
　きっと放せなくなるって分かっていたから……」
326100 ,,,,,,,秋香,秋香,11aki559_011.wav,,,,,,,,「だけどお母さん、それは絶対に後悔すると思った
　から……こうして手紙で残そうと思います」
326200 ,,,,,,,秋香,秋香,11aki559_012.wav,,,,,,,,「愛歌……あなたはこれからもずっと、
　私の大切な娘です」
326300 ,,,,,,,秋香,秋香,11aki559_013.wav,,,,,,,,「いつか私は、あなたのそばからいなくなってしまう
　けれど……」
326400 ,,,,,,,秋香,秋香,11aki559_014.wav,,,,,,,,「あなたの心からは、お母さんを消さないでほしい」
326500 ,,,,,,,秋香,秋香,11aki559_015.wav,,,,,,,,「お母さんはいつもあなたのそばにいます。
　だから悲しいときは、いつでも思い出してください」
326600 ,,,,,,,秋香,秋香,11aki559_016.wav,,,,,,,,「そして……大切な今日という日を生きてください」
326700 ,,,,,,,秋香,秋香,11aki559_017.wav,,,,,,,,「優哉くんとも仲良くするのよ？」
326800 ,,,,,,,秋香,秋香,11aki559_018.wav,,,,,,,,「二人の赤ちゃんを抱けないのは残念だけど、
　遠くから二人の幸せを願っています」
326900 ,,,,,,,秋香,秋香,11aki559_019.wav,,,,,,,,「それじゃあ、止まっていた時間を進めるわね」
327000 ,,,,,,,秋香,秋香,11aki559_020.wav,,,,,,,,「私が倒れたあの日、あなたに言った最後の言葉」
327100 ,,,,,,,秋香,秋香,11aki559_021.wav,,,,,,,,「あなたはここから、歩き始めてください」
327200 ,,,,,,,秋香,秋香,11aki559_022.wav,,,,,,,,「あなただけの、あなたにしか選べない未来に
　向かって……」
327300 ,,,,,,,秋香,秋香,11aki559_023.wav,,,,,,,,「いってらっしゃい――」
327590 ,,<!Lend_day_change>,0,9000,,,,,,,,,,,,,
327600 ,@560,,,,,,,,,,,,,,,,
328000 ,,<!Lbegin_day_change>,5,13100,,,愛歌,,01man560_001.wav,,,,,,,,　お母さんへ
328100 ,,,,,,,愛歌,,01man560_002.wav,,,,,,,,　ようやく生活が落ち着いて、
　こうして筆をとることができました
328200 ,,,,,,,愛歌,,01man560_003.wav,,,,,,,,　お母さんが亡くなってから、
　私はまた、泣き虫の愛歌に戻ってしまいました
328300 ,,,,,,,愛歌,,01man560_004.wav,,,,,,,,　こんなことを書いたら、
　お母さんは心配しちゃうかな？
328400 ,,,,,,,愛歌,,01man560_005.wav,,,,,,,,　でも私は元気でやっています。
　優哉ちゃんが、いつもそばにいてくれるおかげです
328600 ,,<!move_look>,,,200221,#sep,愛歌,,01man560_006.wav,,,,,,,,　お母さんは覚えていますか？
328700 ,,,,,200221,#sep,愛歌,,01man560_007.wav,,,,,,,,　すみさきの露天風呂で、番組の収録をした日のこと
328800 ,,,,,200221,#sep,愛歌,,01man560_008.wav,,,,,,,,　あの日、お母さんは私に気付かせてくれたよね
328900 ,,,,,200221,#sep,愛歌,,|scenario.g2/01man560_009.wav,,,,,,,,　大切な人のこと
329000 ,,,,,200221,#sep,愛歌,,|scenario.g2/01man560_009_2.wav,,,,,,,,　忘れずに前を向いて生きるのが、
　どんなに素敵かってこと……
329100 ,,,,,200221,#sep,愛歌,,01man560_010.wav,,,,,,,,　本当は今でも、お母さんのことを思い出すと
　涙が止まらなくなります
329200 ,,,,,200221,#sep,愛歌,,01man560_011.wav,,,,,,,,　だけどそれは私にとって、
　これからもずっと胸にあり続ける思い出です
329400 ,,<!move_look>,,10100,,,愛歌,,01man560_012.wav,,,,,,,,　お母さんは覚えていますか？
329500 ,,,,,,,愛歌,,01man560_013.wav,,,,,,,,　私が金魚鉢で飼っていた金魚のこと
329600 ,,,,,,,愛歌,,01man560_014.wav,,,,,,,,　お母さんが亡くなったあと、マナがたくさんの卵を
　産みました
329700 ,,,,,,,愛歌,,01man560_015.wav,,,,,,,,　ユウとマナは、今でも仲良く、ちょっとゴージャスに
　なった水槽の中で泳いでいます
329800 ,,,,,,,愛歌,,01man560_016.wav,,,,,,,,　二匹は、いつも一緒です
329900 ,,,,,,,愛歌,,01man560_017.wav,,,,,,,,　伯母さんから、お母さんが金魚たちをすごく大切に
　育ててくれていたことを聞きました
330000 ,,,,,,,愛歌,,01man560_018.wav,,,,,,,,　ユウとマナが今も仲良く一緒にいられるのは、
　お母さんのおかげだね
330200 ,,<!move_look>,,10203,,,愛歌,,01man560_019.wav,,,,,,,,　優哉ちゃんはお母さんが亡くなった日、ひとりで
　ずっと泣いていました
330300 ,,,,,,,愛歌,,01man560_020.wav,,,,,,,,　お母さんにも聞こえてたかな？
330400 ,,,,,,,愛歌,,01man560_021.wav,,,,,,,,　私は優哉ちゃんが人前で泣くのを初めてみました
330500 ,,,,,,,愛歌,,01man560_022.wav,,,,,,,,　優哉ちゃんは、こう言ってたんだよ？
330600 ,,,,,,,,,,,,,,,,,『こんなことを言うのは、親父や俺を産んでくれた
　母親に失礼かもしれないけど……』
330800 ,,,,,,,,,,,,,,,,,『あなたは、俺にとって』
330900 ,,,,,,,,,,,,,,,,,『本当の親以上に、お母さんだった人でした』
331000 ,,,,,,,愛歌,,01man560_023.wav,,,,,,,,　それを聞いて、私も一緒に泣いてしまって
331100 ,,,,,,,愛歌,,01man560_024.wav,,,,,,,,　二人でずっと、お母さんの手を握っていました
331300 ,,<!move_look>,,5200,,,愛歌,,01man560_025.wav,,,,,,,,　お母さんは……覚えていますか？
331400 ,,,,,,,愛歌,,01man560_026.wav,,,,,,,,　お母さんが作っていた、私のアルバム
331500 ,,,,,,,愛歌,,01man560_027.wav,,,,,,,,　あのあと、私がお母さんの跡を継いで、
　たくさんの写真を貼っています
331600 ,,,,,,,愛歌,,01man560_028.wav,,,,,,,,　一枚だけ……お母さんが退院したときの写真が
　ないけれど、私はそれから目を逸らしたりしま
　せん
331700 ,,,,,,,愛歌,,01man560_029.wav,,,,,,,,　本当はお母さんが退院したら言おうと思っていたの
331800 ,,,,,,,愛歌,,01man560_030.wav,,,,,,,,　こんなに私の写真を撮ってくれて、ありがとうって
331900 ,,,,,,,愛歌,,01man560_031.wav,,,,,,,,　アルバムを見ていると、お母さんとの思い出が、
　色褪せることなくよみがえってきます
332000 ,,,,,,,愛歌,,01man560_032.wav,,,,,,,,　私はこんなにも……お母さんに愛されていたんです
　ね
332100 ,,,,,,,愛歌,,01man560_033.wav,,,,,,,,　私にはまだ、母親になるなんて早いけど……
332200 ,,,,,,,愛歌,,01man560_034.wav,,,,,,,,　でももし……いつか自分が赤ちゃんを産んだら……
332300 ,,,,,,,愛歌,,01man560_035.wav,,,,,,,,　私は、お母さんみたいな母親になりたい
332400 ,,,,,,,愛歌,,01man560_036.wav,,,,,,,,　何年後になるか分かりません
332500 ,,,,,,,愛歌,,01man560_037.wav,,,,,,,,　もしかしたら、ずっとずっとあとのことになるかも
　しれません
332600 ,,,,,,,愛歌,,01man560_038.wav,,,,,,,,　それでも私が、お母さんの……
332700 ,,,,,,,愛歌,,01man560_039.wav,,,,,,,,　あなたの娘でよかったと思えたように
332800 ,,,,,,,愛歌,,01man560_040.wav,,,,,,,,　自分の子供にも、同じように愛情を注いでいきます
332900 ,,,,,,,愛歌,,01man560_041.wav,,,,,,,,　だからお母さんは見守っていてね
333000 ,,,,,,,愛歌,,01man560_042.wav,,,,,,,,　ずっとずっと、見守っていてね
333100 ,,,,,,,優哉,優哉,,,,,,,,,「おい、愛歌。早くしねえと遅刻するぞー」
333200 ,,,,,,,愛歌,愛歌,01man560_043.wav,manaka,,0,,,,,「あ、はーい！　すぐ行くねー」
333400 ,,<!move_look>,,9000,,,愛歌,,01man560_044.wav,,,,,,,,　ここの温泉に入ると思い出すんです。
　好きな人の優しさとか……温もりとか……
　私が忘れようとしていたもの全部……
333600 ,,<!move_look>,,13400,,,愛歌,,01man560_045.wav,,,,,,,,　だから……もしこれを観ている人たちの中で……
　ツラいことや悲しいことを忘れようとしている人
　がいるなら……
333700 ,,,,,,,愛歌,,01man560_046.wav,,,,,,,,　一度だけでいいです。
　ここの温泉に来てください……
333900 ,,<!move_look>,,,200212,,愛歌,,01man560_047.wav,,,,,,,,　何かを忘れて前へ進むのではなく……
333990 ,,,,,200212,,愛歌,,01man560_048.wav,,,,,,,,　何かを思い出して今日を生きてください……
334100 ,,,,,200271,,愛歌,,01man560_049.wav,,,,,,,,　それじゃあね、お母さん
334200 ,,,,,200271,,愛歌,,01man560_050.wav,,,,,,,,　……行ってきます
334990 ,,<hide><s_fade wa time=""3000"">,,9001,,,,,,,,,,,,,
335000 ,,<wait time=""2000""><hide><s_fade wa time=""3000"">,,,200281,,愛歌,,01man560_052.wav,,,,,,,,　追伸
335100 ,,,,,200281,,愛歌,,01man560_053.wav,,,,,,,,　お母さんのアルバムのタイトル、
　私が勝手につけてしまいました
335200 ,,,,,200281,,愛歌,,01man560_054.wav,,,,,,,,　タイトルは……Ｐｕｒｅｌｙ
335300 ,,,,,200281,,愛歌,,01man560_055.wav,,,,,,,,　お母さんのくれた純粋な愛情が、
　たくさんたくさん詰まった……一冊です
335380 ,,<hide><s_fade wa time=""5000"" param=""trans=2"">,,,200281,,,,,,,,,,,,
335390 ,,<hide><wait time=""1000"">,,,200281,,,,,,,,,,,,
335560 ,"$fset %g_manaka_end,1",,,,,,,,,,,,,,,,
335570 ,"$fset %ending,1",,,,,,,,,,,,,,,,
335580 ,$staffroll,,,,,,,,,,,,,,,,
335590 ,$exit manaka,,,,,,,,,,,,,,,,


