%line%,%seq%,%effect%,%music%,%bg%,%cg%,%ov%,%truename%,%name%,%voice%,%st0_name%,%st0_pos%,%st0_face%,%st1_name%,%st1_pos%,%st1_face%,%pageflag%,%text%
13900 ,@tsumugi1_begin,,,,,,,,,,,,,,,,
14000 ,@801,,,,,,,,,,,,,,,,
17000 ,,<!Lbegin_morning>,1,200,,,優哉,優哉,,,,,,,,,「眠ぅぅぅ……。むぐむぐ……」
18000 ,,,,,,,,,,,,,,,,,　寝ボケたまま、トーストにかじりつく。
19000 ,,,,,,,千紗,千紗,06tis801_001.wav,"chisa,uniform",,0,,,,,「お兄ちゃ～ん、すごい寝ぐせだよ～……もぐもぐ」
20000 ,,,,,,,,,,chisa,,0,,,,,　同じく寝ボケまなこの、千紗。
21000 ,,,,,,,,,,chisa,,0,,,,,　陽向が日直だとかなんとかで早めに登校したので
　今朝は俺たち二人きりの朝食だ。
22000 ,,,,,,,千紗,千紗,06tis801_002.wav,chisa,,0,,,,,「ん～……もしゃもしゃ……。お兄ちゃん、
　残ってるソーセージ１本ちょうだい」
23000 ,,,,,,,優哉,優哉,,chisa,,0,,,,,「むぐむぐ……ダメだ。まだ食う」
24000 ,,,,,,,千紗,千紗,06tis801_003.wav,chisa,,0,,,,,「じゃあ、そのプチトマトは？」
25000 ,,,,,,,優哉,優哉,,chisa,,0,,,,,「ダメ」
26000 ,,,,,,,千紗,千紗,06tis801_004.wav,chisa,,0,,,,,「じゃあ、そっちのヨーグルト……」
27000 ,,,,,,,優哉,優哉,,chisa,,0,,,,,「自分の皿の上のものだけを食え」
28000 ,,,,,,,千紗,千紗,06tis801_005.wav,chisa,,5,,,,,「むぅぅ、けち～っ。
　お兄ちゃんのお皿から取るから楽しいのに～」
29000 ,,,,,,,優哉,優哉,,chisa,,5,,,,,「俺は楽しくない」
30000 ,,,,,,,千紗,千紗,06tis801_006.wav,chisa,,7,,,,,「ぶー、ノリ悪いよお兄ちゃーん……」
31000 ,,,,,,,優哉,優哉,,chisa,,7,,,,,「朝っぱらからキレのいいツッコミなんて出ねえよ」
32000 ,,,,,,,,,,chisa,,7,,,,,　トーストをコーヒーで流し込みつつ、
　千紗に狙われそうなものから胃の中に片付けていく。
33000 ,,,,,,,千紗,千紗,06tis801_007.wav,chisa,,0,,,,,「あっ！　そうだよ、そうそう！　ねえねえっ」
34000 ,,,,,,,優哉,優哉,,chisa,,0,,,,,「ん？」
35000 ,,,,,,,千紗,千紗,06tis801_008.wav,chisa,,1,,,,,「もうすぐお祭りだよね～っ！」
36000 ,,,,,,,優哉,優哉,,chisa,,1,,,,,「もぐ……うん、ああ、そうだな」
37000 ,,,,,,,千紗,千紗,06tis801_009.wav,chisa,,1,,,,,「楽しみだなーーっ♪　今年はいつもより
　おっきいお祭りなんだってねっ」
38000 ,,,,,,,優哉,優哉,,chisa,,1,,,,,「ああ、そうらしいな」
39000 ,,,,,,,千紗,千紗,06tis801_010.wav,chisa,,1,,,,,「屋台の数とかも、すごく増えるらしいし～」
40000 ,,,,,,,千紗,千紗,06tis801_011.wav,chisa,,1,,,,,「どんな珍しいものが食べられるかな、
　今から楽しみ～っ▼」
41000 ,,,,,,,優哉,優哉,,chisa,,1,,,,,「お前、食うことばっかなのな」
42000 ,,,,,,,千紗,千紗,06tis801_012.wav,chisa,,7,,,,,「いいじゃない、そんなの……」
43000 ,,,,,,,千紗,千紗,06tis801_013.wav,chisa,,1,,,,,「ねえねえ、お兄ちゃんもお祭り行くよね？」
44000 ,,,,,,,優哉,優哉,,chisa,,1,,,,,「んぁ？　んー、まあ……どうだろうな」
45000 ,,,,,,,千紗,千紗,06tis801_014.wav,chisa,,2,,,,,「えっ、行かないの？」
46000 ,,,,,,,優哉,優哉,,chisa,,2,,,,,「まあ行ってもいいけど、
　旅館の手伝いがありそうだからな……」
47000 ,,,,,,,千紗,千紗,06tis801_015.wav,chisa,,15,,,,,「ふぇ？」
48000 ,,,,,,,優哉,優哉,,chisa,,15,,,,,「ウチの旅館もさ、
　祭りの時期は色々企画を考えてるみたいで、
　人手が足りなさそうなんだよ」
49000 ,,,,,,,優哉,優哉,,chisa,,15,,,,,「だから……ふわぁああっ、眠……。
　俺が駆り出されることは、ほぼ確実だろうな……」
50000 ,,,,,,,千紗,千紗,06tis801_016.wav,chisa,,15,,,,,「ええっ……。
　じゃあお兄ちゃん、お祭り行かないの？」
51000 ,,,,,,,優哉,優哉,,chisa,,15,,,,,「んー、少しは行くかもしれないが、どうだろうな。
　そのときになってみないとわからん」
52000 ,,,,,,,千紗,千紗,06tis801_017.wav,chisa,,5,,,,,「そうなんだ……」
53000 ,,,,,,,千紗,千紗,06tis801_018.wav,chisa,,5,,,,,「じゃあ、千紗もお祭り行かない」
54000 ,,,,,,,優哉,優哉,,chisa,,5,,,,,「は？」
55000 ,,,,,,,千紗,千紗,06tis801_019.wav,chisa,,4,,,,,「お祭りの日は、千紗も一緒に旅館を手伝う」
56000 ,,,,,,,,,,chisa,,4,,,,,　冗談かと思って千紗の顔を見ると、
　案外真面目な表情だった。
57000 ,,,,,,,優哉,優哉,,chisa,,4,,,,,「遊び好き、食べること大好きな千紗さんが
　突然なにをおっしゃる」
58000 ,,,,,,,千紗,千紗,06tis801_020.wav,chisa,,4,,,,,「だ、だって、お父さんもお兄ちゃんも
　大変なんでしょ？　だったら千紗も……」
59000 ,,,,,,,優哉,優哉,,chisa,,4,,,,,「いや、だから千紗はいいって」
60000 ,,,,,,,,,,chisa,,4,,,,,　せっかく大きな祭りだし、
　遊びたい盛りの千紗まで
　家の手伝いをさせるのは忍びない。
61000 ,,,,,,,優哉,優哉,,chisa,,4,,,,,「お前は余計なこと考えないで、
　祭りの日は遊んでればいいよ」
62000 ,,,,,,,千紗,千紗,06tis801_021.wav,chisa,,4,,,,,「……………………」
63000 ,,,,,,,千紗,千紗,06tis801_022.wav,chisa,,5,,,,,「やっぱり、千紗はまだまだコドモなんだ……。
　つむぎさんとは違って……」
64000 ,,,,,,,優哉,優哉,,chisa,,5,,,,,「ん？」
65000 ,,,,,,,千紗,千紗,06tis801_023.wav,chisa,,4,,,,,「ごちそうさま！」
66000 ,,,,,,,,,,,,,,,,,　いきなり立ち上がった千紗が、
　自分の食器を持って
　さっさとキッチンに行ってしまう。
68000 ,,,,,,,千紗,千紗,06tis801_024.wav,,,,,,,,「いってきます」
69000 ,,,,,,,,,,,,,,,,,　そして、そのまま出かけてしまった。
70000 ,,,,,,,優哉,優哉,,,,,,,,,「………………」
71000 ,,,,,,,優哉,優哉,,,,,,,,,「俺、子供扱いしすぎたか……？」
71090 ,,<!Lend_scene_change>,0,9000,,,,,,,,,,,,,
71900 ,,<!ec_chisa_pri>,,,,,,,,,,,,,,,
74000 ,@802,,,,,,,,,,,,,,,,
78000 ,,<!Lbegin_scene_change><!se_schoolchime_int>,7,4500,,,悠,悠,02yuu802_001.wav,"yuu,uniform",,0,,,,,「よーっす！　誰か私に、
　数学の教科書貸してくれない？」
79000 ,,,,,,,優哉,優哉,,yuu,,0,,,,,「出たな虎殺し」
80000 ,,,,,,,悠,悠,02yuu802_002.wav,yuu,,53,,,,,「誰が虎殺しよっ！」
81000 ,,,,,,,,,,yuu,,53,,,,,　授業の中休み、
　悠が勢いよく俺たちの教室に入ってくる。
82000 ,,,,,,,愛歌,愛歌,01man802_001.wav,yuu,,53,"manaka,uniform",,3,,「悠、忘れ物？」
83000 ,,,,,,,悠,悠,02yuu802_003.wav,yuu,,0,manaka,,3,,「夕べ宿題しようとしたらさ、そのまま寝ちゃって
　数学グッズ一式忘れてきちゃったのよ」
84000 ,,,,,,,優哉,優哉,,yuu,,0,manaka,,3,,「普通、机の上に乗ってたら忘れねぇだろ」
85000 ,,,,,,,悠,悠,02yuu802_004.wav,yuu,,5,manaka,,3,,「しょーがないじゃん。忘れちゃったんだから」
86000 ,,,,,,,優哉,優哉,,yuu,,5,manaka,,3,,「すごい節穴っぷりだな。どこに目ついてんだ？」
87000 ,,,,,,,悠,悠,02yuu802_005.wav,yuu,,0,manaka,,3,,「ここよ。こーこっ！」
88000 ,,,,,,,優哉,優哉,,yuu,,0,manaka,,3,,「いでででで、わかったから、離せ！　離せ！」
89000 ,,,,,,,愛歌,愛歌,01man802_002.wav,yuu,,0,manaka,,0,,「悠……その、やろうとした宿題はどうしたの？」
90000 ,,,,,,,悠,悠,02yuu802_006.wav,yuu,,17,manaka,,0,,「もち、恋鳥に頼ってますよ♪」
91000 ,,,,,,,愛歌,愛歌,01man802_003.wav,yuu,,17,manaka,,90,,「そうなんだ……」
92000 ,,,,,,,,,,yuu,,17,manaka,,90,,　たく、しょーもねぇ部長だな。
93000 ,,,,,,,つむぎ,つむぎ,05tum802_001.wav,yuu,,17,"tumugi,uniform",,0,,「あ、あの……悠さん。
　教科書、私ので良ければどうぞ」
94000 ,,,,,,,,,,yuu,,17,tumugi,,0,,　つむぎが机から数学の教科書を抜き、
　悠に差し出す。
95000 ,,,,,,,悠,悠,02yuu802_007.wav,yuu,,0,tumugi,,0,,「おっ、サンキュー！　次の休み時間には返すよ」
96000 ,,,,,,,,,,yuu,,0,tumugi,,0,,　教科書を受け取ると、ダッシュで去ろうとする悠。
97000 ,,,,,,,つむぎ,つむぎ,05tum802_002.wav,yuu,,0,tumugi,,2,,「あっ……。そ、そうでした！」
98000 ,,,,,,,悠,悠,02yuu802_008.wav,yuu,,2,tumugi,,2,,「おおっと……えっ？　なに、なに？」
99000 ,,,,,,,つむぎ,つむぎ,05tum802_003.wav,yuu,,2,tumugi,,90,,「あの、悠さん、少しよろしいですか？」
100000 ,,,,,,,悠,悠,02yuu802_009.wav,yuu,,0,tumugi,,90,,「んー、なにかな？」
101000 ,,,,,,,優哉,優哉,,yuu,,0,tumugi,,90,,「借りておきながらえらい態度デカいな」
102000 ,,,,,,,つむぎ,つむぎ,05tum802_004.wav,yuu,,0,tumugi,,5,,「あの……大変申し訳ないのですが、
　これからお祭りが終わるまでの間、
　旅館の仕事が忙しくなるので……それで……」
103000 ,,,,,,,悠,悠,02yuu802_010.wav,yuu,,1,tumugi,,5,,「ああ、オッケーオッケー♪
　部活の方は気にしなくていいよ」
104000 ,,,,,,,つむぎ,つむぎ,05tum802_005.wav,yuu,,1,tumugi,,0,,「すみません……。ありがとうございます」
105000 ,,,,,,,悠,悠,02yuu802_011.wav,yuu,,1,tumugi,,0,,「いいよいいよ。そういう理由はしょうがないし」
106000 ,,,,,,,愛歌,愛歌,01man802_004.wav,manaka,,0,tumugi,,0,,「つむぎさん、大変そうだね……。
　旅館でもいろいろ催しとかやったりするの？」
107000 ,,,,,,,つむぎ,つむぎ,05tum802_006.wav,manaka,,0,tumugi,,1,,「はい。外に屋台を出したり、
　お客様に浴衣を貸し出ししたりするそうですよ」
108000 ,,,,,,,愛歌,愛歌,01man802_005.wav,manaka,,1,tumugi,,1,,「へえ、面白そうだなあ。
　優哉ちゃんのおじさんも色々考えてるんだ」
109000 ,,,,,,,優哉,優哉,,manaka,,1,tumugi,,1,,「俺もそういう訳でさ、祭りが終わるまで忙しそうだ。
　部活にはあまり行けなくなると思う」
110000 ,,,,,,,悠,悠,02yuu802_012.wav,yuu,,0,,,,,「あんたもなの？」
111000 ,,,,,,,優哉,優哉,,yuu,,0,,,,,「そりゃそうだ、支配人の息子だしな。
　タダに近い労働力を
　あのオヤジが見逃してくれる訳ねぇ」
112000 ,,,,,,,悠,悠,02yuu802_013.wav,yuu,,0,,,,,「なるほどね、了解。
　二人とも、頑張ってね」
113000 ,,,,,,,愛歌,愛歌,01man802_006.wav,manaka,,0,tumugi,,90,,「頑張ってね。何かあったら手伝いに行くから」
114000 ,,,,,,,つむぎ,つむぎ,05tum802_007.wav,manaka,,0,tumugi,,90,,「はい、ありがとうございます」
115000 ,,<!stop_id_effect>,,,,,,,,,,,,,,,　旅館の手伝い……。
　キツそうだけど、ま、頑張るか。
115090 ,,<!Lend_day_change>,0,9000,,,,,,,,,,,,,
118000 ,@803,,,,,,,,,,,,,,,,
121000 ,,<!Lbegin_day_change>,8,1101,,,,,,,,,,,,,　俺はオヤジから連絡を受け、学園から直接
　旅館へと向かった。
122000 ,,,,,,,,,,,,,,,,,　今日のお客さんは５組（これでも多い方）だったが、　祭りの飾り付けやその他雑務に
　男手が足りないらしい。
124000 ,,<!move_normal>,,1302,,,優哉,優哉,,,,,,,,,「えっと、今日の温度は……」
125000 ,,,,,,,,,,,,,,,,,　俺は温度計で湯温を確認しながら、
　古参の従業員であるマサさんの指示をあおぐ。
126000 ,,,,,,,,,,,,,,,,,　源泉の温度管理は、
　温泉旅館にとって重要な仕事だ。
128000 ,,,,,,,従業員１・男,マサさん,,,,,,,,,「若、何度ですかな？」
129000 ,,,,,,,優哉,優哉,,,,,,,,,「えーと、４３℃をちょい越えてますね」
130000 ,,,,,,,従業員１・男,マサさん,,,,,,,,,「ふむぅ……ま、そのままでいいでしょう」
131000 ,,,,,,,優哉,優哉,,,,,,,,,「じゃあ、男湯のチェックはオールＯＫで」
132000 ,,,,,,,従業員１・男,マサさん,,,,,,,,,「そうですな。
　……いやいや。若もだいぶ手慣れてきましたなあ」
133000 ,,,,,,,優哉,優哉,,,,,,,,,「うーん、そうかな？」
134000 ,,,,,,,従業員１・男,マサさん,,,,,,,,,「これなら、湯の管理を
　若に任せられる日も近いですな」
135000 ,,,,,,,,,,,,,,,,,　そう言って嬉しそうに笑いながら、
　マサさんは風呂場から出て行った。
136000 ,,,,,,,優哉,優哉,,,,,,,,,「手慣れてきた……か。
　そっか。ふふっ」
137000 ,,,,,,,,,,,,,,,,,　古参の人に褒められるってのは、
　やっぱり嬉しいもんだな。
139000 ,,<!move_normal>,,1200,,,,,,,,,,,,,　温泉管理の仕事が終わると、
　次はロビーで呼び止められた。
140000 ,,,,,,,英俊,英俊,13eis803_001.wav,,,,,,,,「やあ、優哉。ちょうどいいところに来たねぇ。
　お客様の荷物を頼むよ」
141000 ,,,,,,,優哉,優哉,,,,,,,,,「あいよ、了解」
142000 ,,,,,,,,,,,,,,,,,　オヤジに言われたのは、
　フロントでチェックインをしている老夫婦。
143000 ,,,,,,,,,,,,,,,,,　足下には、ずいぶんと大きな荷物を置いていた。
145000 ,,,,,,,仲居さん１,トメさん,,,,,,,,,「それじゃお客様、お部屋にご案内しますね」
146000 ,,,,,,,優哉,優哉,,,,,,,,,「お荷物、お持ちしますよ」
148000 ,,,,,,,客・お爺さん,お爺ちゃん,,,,,,,,,「ああ、こりゃどうも」
149000 ,,,,,,,,,,,,,,,,,　俺は荷物を両手に持ち、
　仲居さんに先導されるお客さんの後を歩いていく。
152000 ,,<!move_normal>,,1401,,,客・お婆さん,お婆ちゃん,,,,,,,,,「あらあら、いいお部屋ですねぇ」
153000 ,,,,,,,客・お爺さん,お婆ちゃん,,,,,,,,,「うむ、ここを選んで良かったの～」
154000 ,,,,,,,,,,,,,,,,,　旅館を褒められると、こっちも嬉しくなってくるな。
155000 ,,,,,,,,,,,,,,,,,　この部屋、さっき俺が掃除した部屋だし。
156000 ,,,,,,,優哉,優哉,,,,,,,,,「それでは、ごゆっくり」
157000 ,,,,,,,客・お爺さん,お爺ちゃん,,,,,,,,,「お兄さん、ありがとうな」
158000 ,,,,,,,優哉,優哉,,,,,,,,,「いえ……。それじゃ。
　なにかあったら呼んでください」
159000 ,,,,,,,,,,,,,,,,,　なんだか照れくさくなって、俺はお客さんの前から
　早々に姿を消してしまった。
160000 ,,,,,,,,,,,,,,,,,　接客業って……こういうなにげない感謝の言葉が、
　嬉しいんだよな。
164000 ,,<!move_normal>,,1200,,,従業員２・男,ケンさん,,,,,,,,,「若、お疲れ様です」
165000 ,,,,,,,優哉,優哉,,,,,,,,,「あ、ケンさん。お疲れ様」
166000 ,,,,,,,従業員２・男,ケンさん,,,,,,,,,「若、ちょいと頼まれてくれやすかい？」
167000 ,,,,,,,優哉,優哉,,,,,,,,,「なに？　ケンさん」
168000 ,,,,,,,従業員２・男,ケンさん,,,,,,,,,「いま、板場の人手が足りなくなってましてね、
　板長が若に手伝ってもらいたいって仰ってるんでさ。
　若、ちょいと行ってきてもらえやすかい？」
169000 ,,,,,,,優哉,優哉,,,,,,,,,「あいよ、了解」
170000 ,,,,,,,従業員２・男,ケンさん,,,,,,,,,「助かりやす、若」
171000 ,,,,,,,,,,,,,,,,,　えっと、次のヘルプは板場か。
172000 ,,,,,,,,,,,,,,,,,　板長……ちょっと怖い人で、苦手なんだよなあ。
174000 ,,<!move_short>,,1601,,,優哉,優哉,,,,,,,,,「んっ……？」
175000 ,,,,,,,,,,,,,,,,,　板場に向かっていた俺は、
　足下に転がる何かを蹴っ飛ばした。
176000 ,,,,,,,優哉,優哉,,,,,,,,,「なんだ……？　うわっ、ジャガイモ！？」
177000 ,,,,,,,,,,,,,,,,,　それは廊下に散乱した、大量のジャガイモ。
178000 ,,,,,,,,,,"tumugi,nakai",,0,,,,,　そして、それを必死に拾い集めている
　つむぎの後ろ姿があった。
179000 ,,,,,,,,,,tumugi,,0,,,,,　ああ……。ダンボールの底が抜けて、
　全部ぶちまけちまったのか。
180000 ,,,,,,,つむぎ,つむぎ,05tum803_001.wav,tumugi,,4,,,,,「あ、こっちも……。
　こっちにも、ああっ……」
181000 ,,,,,,,,,,tumugi,,4,,,,,　俺がいるのにも気づかず一生懸命になっている
　つむぎの横顔が、すごくいじらしい。
182000 ,,,,,,,優哉,優哉,,tumugi,,4,,,,,「つむぎ、手伝うよ」
183000 ,,,,,,,つむぎ,つむぎ,05tum803_002.wav,tumugi,,0,,,,,「あっ、優哉さん……」
184000 ,,,,,,,,,,tumugi,,0,,,,,　そう声をかけて、俺も廊下にしゃがみ込む。
185000 ,,,,,,,優哉,優哉,,tumugi,,0,,,,,「ずいぶん派手にやっちまったな。
　俺、こっち側から拾ってくよ」
186000 ,,,,,,,つむぎ,つむぎ,05tum803_003.wav,tumugi,,0,,,,,「あ、ありがとうございます……」
187000 ,,,,,,,,,,tumugi,,0,,,,,　つむぎは小さく頭を下げると、
　またジャガイモ集めに戻った。
188000 ,,,,,,,,,,tumugi,,0,,,,,　俺もつむぎとともに、散乱したジャガイモを
　ひとつずつ拾い集めていく。
189000 ,,,,,,,優哉,優哉,,tumugi,,0,,,,,「……さて、これで全部かな？
　つむぎ、大変だったな」
190000 ,,,,,,,つむぎ,つむぎ,05tum803_004.wav,tumugi,,5,,,,,「いえ……。すみませんでした」
191000 ,,,,,,,優哉,優哉,,tumugi,,5,,,,,「いいよ、これぐらい。
　俺も、つむぎの役に立てれば嬉しいし」
192000 ,,,,,,,つむぎ,つむぎ,05tum803_005.wav,tumugi,,6,,,,,「あ、ありがとうございます……」
193000 ,,,,,,,優哉,優哉,,tumugi,,6,,,,,「つむぎ、その箱持ってあげるよ。重いだろ？
　どうせ俺、板場に行くところだったし」
194000 ,,,,,,,つむぎ,つむぎ,05tum803_006.wav,tumugi,,6,,,,,「あ……それは…………」
195000 ,,,,,,,優哉,優哉,,tumugi,,6,,,,,「いいって。俺に任せて。
　貸してごらん、つむぎ」
196000 ,,,,,,,つむぎ,つむぎ,05tum803_007.wav,tumugi,,6,,,,,「あっ、あの…………」
197000 ,,,,,,,優哉,優哉,,tumugi,,6,,,,,「んっ？」
198000 ,,,,,,,つむぎ,つむぎ,05tum803_008.wav,tumugi,,0,,,,,「いいです……。自分でやりますから……」
199000 ,,,,,,,優哉,優哉,,tumugi,,0,,,,,「だから、無理しなくていいって。
　俺にも手伝わせてくれよ。
　つむぎに喜んでもらうと、俺も嬉しいし」
200000 ,,,,,,,つむぎ,つむぎ,05tum803_009.wav,tumugi,,0,,,,,「……………………」
201000 ,,,,,,,つむぎ,つむぎ,05tum803_010.wav,tumugi,,0,,,,,「大丈夫です。私……大丈夫ですから」
202000 ,,,,,,,優哉,優哉,,tumugi,,0,,,,,「そう言ってつむぎは、いつも強がってばかりだ。
　たまには、人に甘えろよ。
　俺だったら、いつでも力になるからさ」
203000 ,,,,,,,つむぎ,つむぎ,05tum803_011.wav,tumugi,,5,,,,,「……………………」
204000 ,,,,,,,つむぎ,つむぎ,05tum803_012.wav,tumugi,,5,,,,,「そういうの……迷惑です」
205000 ,,,,,,,優哉,優哉,,tumugi,,5,,,,,「……えっ」
206000 ,,,,,,,,,,tumugi,,5,,,,,　つむぎの口から発せられた予想外の言葉が、
　俺の胸を貫いた。
207000 ,,,,,,,つむぎ,つむぎ,05tum803_013.wav,tumugi,,7,,,,,「私はひとりでも、大丈夫なんです！
　ですから、あまり優しくしないでください！」
208000 ,,,,,,,,,,tumugi,,7,,,,,　今までなかったほど強い、つむぎの拒否。
209000 ,,,,,,,,,,tumugi,,7,,,,,　あまりに予想外の反応に、
　俺の頭は激しく混乱する。
210000 ,,,,,,,優哉,優哉,,tumugi,,7,,,,,「あ、いや…………ごめん。
　出過ぎた真似だった」
211000 ,,,,,,,,,,tumugi,,7,,,,,　なんとか俺はそう言って、
　場を取り繕うのが精一杯だった。
212000 ,,,,,,,つむぎ,つむぎ,05tum803_014.wav,tumugi,,5,,,,,「いえ……。
　すみません、優哉さん」
213000 ,,,,,,,,,,,,,,,,,　つむぎは小さく頭を下げると、
　重そうな箱をかかえて板場へと向かっていく。
214000 ,,,,,,,優哉,優哉,,,,,,,,,「……………………」
215000 ,,,,,,,,,,,,,,,,,　俺はそれを追うこともできず、
　ただその場に立ちつくす。
216000 ,,,,,,,優哉,優哉,,,,,,,,,「つむぎ…………」
217000 ,,,,,,,,,,,,,,,,,　それから俺はどうしても板場に向かうことができず、
　あとから板長にしこたま、絞られてしまった。
217090 ,,<!Lend_scene_change>,0,9000,,,,,,,,,,,,,
220000 ,@804,,,,,,,,,,,,,,,,
223000 ,,<!Lbegin_scene_change>,8,202,,,陽向,陽向,07hin804_001.wav,"hinata,private",,1,,,,,「お疲れさま、お兄ちゃん」
224000 ,,,,,,,優哉,優哉,,"hinata,private",,1,,,,,「ああ……ただいま」
225000 ,,,,,,,,,,"hinata,private",,1,,,,,　旅館での手伝いを終えて帰宅した俺を、
　陽向が出迎えてくれる。
226000 ,,,,,,,陽向,陽向,07hin804_002.wav,hinata,,0,,,,,「お兄ちゃん、旅館どうだった？
　みんな大変そう？」
227000 ,,,,,,,優哉,優哉,,hinata,,0,,,,,「うん……まあ、そこそこかな」
228000 ,,,,,,,陽向,陽向,07hin804_003.wav,hinata,,0,,,,,「お兄ちゃん……なんか元気ないね」
229000 ,,,,,,,優哉,優哉,,hinata,,0,,,,,「いや、ちょっと疲れただけだよ」
230000 ,,,,,,,,,,hinata,,0,,,,,　いつもなら普通に相手するんだが、
　今日はそんな気力が湧いてこない。
231000 ,,,,,,,陽向,陽向,07hin804_004.wav,hinata,,1,,,,,「お兄ちゃん、おなかすいたでしょ？
　ごはん、用意してあるから」
232000 ,,,,,,,優哉,優哉,,hinata,,1,,,,,「ん、ありがとな、陽向」
233000 ,,,,,,,陽向,陽向,07hin804_005.wav,hinata,,1,,,,,「暖めてくるから、ちょっと待っててね」
234000 ,,,,,,,優哉,優哉,,hinata,,1,,,,,「ああ………………」
235000 ,,,,,,,,,,,,,,,,,　さっきのつむぎ、やっぱりいつもと違ったよな。
236000 ,,,,,,,,,,,,,,,,,　なんだったんだろう。
　俺、なにかあいつに悪いことしたかな。
237000 ,,,,,,,,,,,,,,,,,　それとも、つむぎに何かあったのか……。
238000 ,,,,,,,,,,,,,,,,,　結局、あれから一言も話す機会がなかった。
239000 ,,,,,,,優哉,優哉,,,,,,,,,「ああ……悪い、陽向。
　今日は疲れたから、俺もう寝るわ」
240000 ,,,,,,,陽向,陽向,07hin804_006.wav,hinata,,3,,,,,「えっ？　うん…………」
241000 ,,,,,,,優哉,優哉,,hinata,,3,,,,,「じゃな、おやすみ」
242000 ,,,,,,,陽向,陽向,07hin804_007.wav,hinata,,0,,,,,「うん。
　おやすみなさい、お兄ちゃん」
244000 ,,<!move_short>,,513,,,,,,,,,,,,,　ベッドにドサッと腰を下ろす。
245000 ,,,,,,,,,,,,,,,,,　頭の中は、つむぎのことでいっぱい。
247000 ,,,,1601,,#sep,つむぎ,つむぎ,05tum803_013.wav,"tumugi,nakai",,7,,,,,「私はひとりでも、大丈夫なんです！
　ですから、あまり優しくしないでください！」
249000 ,,,8,513,,,,,,,,,,,,,　他人行儀な態度……。
250000 ,,,,,,,,,,,,,,,,,　会ったばかりの頃ならともかく、
　最近はずいぶんうちとけてくれていたのに。
251000 ,,,,,,,,,,,,,,,,,　もしかして俺、
　つむぎが踏み込まれたくないところまで
　踏み込みすぎたのか……？
252000 ,,,,,,,,,,,,,,,,,　でも、つむぎはクラスメイトで同じ部活で、
　すみさきの仲居さんで……。
253000 ,,,,,,,,,,,,,,,,,　俺は、つむぎの傍にいると楽しくて……。
254000 ,,,,,,,優哉,優哉,,,,,,,,,「…………」
255000 ,,,,,,,,,,,,,,,,,　たった一回、
　よそよそしい態度を取られただけで
　こんなに心が乱れるとは……。
256000 ,,,,,,,優哉,優哉,,,,,,,,,「つむぎ……」
257000 ,,,,,,,,,,,,,,,,,　明日はちゃんと、普通に話せるだろうか。
257090 ,,<!Lend_night>,0,9000,,,,,,,,,,,,,
257900 ,,<!ec_tsumugi_pri>,,,,,,,,,,,,,,,
260000 ,@805,,,,,,,,,,,,,,,,
264000 ,,<!Lbegin_day_change>,8,1601,,,従業員１・男,マサさん,,,,,,,,,「若、ちょっと来てくれますかーっ？」
265000 ,,,,,,,優哉,優哉,,,,,,,,,「はーい」
266000 ,,,,,,,,,,,,,,,,,　今日も俺は、放課後から旅館の手伝いに入っていた。
268000 ,,<!move_short>,,1200,,,優哉,優哉,,,,,,,,,「えっと、こっちの方から呼ばれたような……」
269000 ,,,,,,,,,,,,,,,,,　今日もいろんな場所から声をかけられ、
　旅館中を奔走する俺。
270000 ,,,,,,,,,,,,,,,,,　つむぎのことが気になるけど、
　忙しさに身を任せていた方が
　いろいろ変に考えなくて済むから、ありがたかった。
271000 ,,,,,,,従業員１・男,マサさん,,,,,,,,,「ああ若、こちらです。
　萩の間なんですが、小さいお子さん連れだったんで
　子供用の浴衣を届けてきてくれます？」
272000 ,,,,,,,優哉,優哉,,,,,,,,,「うぃす、了解」
275000 ,,<!timepass_2_short>,8,1602,,,優哉,優哉,,,,,,,,,「ふう……」
276000 ,,,,,,,,,,,,,,,,,　授業が終わってすぐ旅館に来て、
　それから働きづめだった俺は
　旅館の壁に寄りかかるようにして身体を休めた。
277000 ,,,,,,,優哉,優哉,,,,,,,,,「ああ、今日も忙しかったな……」
278000 ,,,,,,,,,,,,,,,,,　でも、せわしなく働いていても、
　昨日みたいな充実感は得られない。
279000 ,,,,,,,,,,,,,,,,,　忙しければ無心になれるかと思ったけど、
　全然ダメだった。
280000 ,,,,,,,優哉,優哉,,,,,,,,,「つむぎ…………」
281000 ,,,,,,,,,,,,,,,,,　ただ、昨日つむぎに
　ちょっと避けられた気がしてるだけ。
282000 ,,,,,,,優哉,優哉,,,,,,,,,「それだけ、のはず……なんだけどな」
283000 ,,,,,,,,,,,,,,,,,　俺は小さく息をつき、
　寄りかかっている壁から離れた。
284000 ,,,,,,,,,,,,,,,,,　……と、そのとき。
286000 ,,,,,,,つむぎ,つむぎ,05tum805_001.wav,"tumugi,nakai",,1,,,,,「それでは、失礼いたします」
287000 ,,,,,,,,,,tumugi,,1,,,,,　奥の部屋から、つむぎが出てくる。
288000 ,,,,,,,,,,tumugi,,0,,,,,　大げさなほど、胸がドキッとした。
289000 ,,,,,,,つむぎ,つむぎ,05tum805_002.wav,tumugi,,0,,,,,「………………」
291000 ,,,,,,,,,,,,,,,,,　つむぎはそのまま俺に気付かず、
　奥の方へと行ってしまった。
292000 ,,,,,,,優哉,優哉,,,,,,,,,「……………………」
293000 ,,,,,,,,,,,,,,,,,　今は、まだつむぎと顔を合わせる勇気がない。
294000 ,,,,,,,,,,,,,,,,,　助かった……と思っている自分が、
　少しだけ腹立たしかった。
294090 ,,<!Lend_scene_change>,0,9000,,,,,,,,,,,,,
297000 ,@806,,,,,,,,,,,,,,,,
300000 ,,<!Lbegin_scene_change>,8,202,,,優哉,優哉,,,,,,,,,「……ただいま」
301000 ,,,,,,,,,,,,,,,,,　俺の疲れた様子を見て取ったのか、
302000 ,,,,,,,,,,,,,,,,,　オヤジは俺を早めに上がらせてくれた。
303000 ,,,,,,,,,,,,,,,,,　まあ旅館にいればそれだけつむぎと会う確率も
304000 ,,,,,,,,,,,,,,,,,　多くなるわけで、俺にとってその申し出は
305000 ,,,,,,,,,,,,,,,,,　渡りに船ではあったんだが……。
306000 ,,,,,,,陽向,陽向,07hin806_001.wav,"hinata,private",,1,,,,,「あ、お兄ちゃん、おかえりなさい」
307000 ,,,,,,,優哉,優哉,,hinata,,1,,,,,「ああ、陽向。ただいま」
308000 ,,,,,,,,,,hinata,,1,,,,,　昨日はテンション低いまま帰ってきて、
309000 ,,,,,,,,,,hinata,,1,,,,,　陽向にも心配かけちまったからな。
310000 ,,,,,,,,,,hinata,,1,,,,,　今夜は、しっかりと気を持って…………
311000 ,,,,,,,,,,hinata,,1,,,,,　……って、んん？
312000 ,,,,,,,愛歌,陽向の友達,01man806_001.wav,,,,,,,,「こ、こんばんは……。お、おじゃま、してます……」
313000 ,,,,,,,つむぎ,陽向の友達,05tum806_001.wav,,,,,,,,「こんばんは」
314000 ,,,,,,,,,,,,,,,,,　可愛らしい男の子……いや、女の子か？
315000 ,,,,,,,,,,,,,,,,,　ともかく、陽向と同じくらいの年の子が
316000 ,,,,,,,,,,,,,,,,,　荷物を持って立っていた。
317000 ,,,,,,,優哉,優哉,,,,,,,,,「えっと…………陽向の友達？」
318000 ,,,,,,,陽向,陽向,07hin806_002.wav,hinata,,1,,,,,「うん、そうだよ。
　今夜はね、ボク、みんなとおともだちの家に
　お泊まりしてくるんだ」
319000 ,,,,,,,優哉,優哉,,hinata,,1,,,,,「なんだ、そうだったのか。
　オヤジにもちゃんと連絡したか？」
320000 ,,,,,,,陽向,陽向,07hin806_003.wav,hinata,,1,,,,,「うん、大丈夫だよ」
321000 ,,,,,,,優哉,優哉,,hinata,,1,,,,,「そうか、それならいいんだが」
322000 ,,,,,,,陽向,陽向,07hin806_004.wav,hinata,,0,,,,,「あっ、お兄ちゃん。
　ボク、もう出なきゃならないから
　晩ご飯用意できなかったんだ」
323000 ,,,,,,,優哉,優哉,,hinata,,0,,,,,「いいよ、それぐらい。
　自分でどうにかする」
324000 ,,,,,,,陽向,陽向,07hin806_005.wav,hinata,,0,,,,,「お姉ちゃんも食べてないから、
　二人でどうにかして欲しいんだけど」
325000 ,,,,,,,優哉,優哉,,hinata,,0,,,,,「あ、ああ。そうか。わかった」
326000 ,,,,,,,陽向,陽向,07hin806_006.wav,hinata,,1,,,,,「それじゃ、行ってきます、お兄ちゃん」
327000 ,,,,,,,優哉,優哉,,hinata,,1,,,,,「あいよ、気を付けてな。あと、先方のご家族に
　ちゃんと挨拶とお礼をするんだぞ」
328000 ,,,,,,,陽向,陽向,07hin806_007.wav,hinata,,1,,,,,「うん、大丈夫だよ～。
　みーくん、なっちゃん、行こっ」
329000 ,,,,,,,愛歌,陽向の友達,01man806_002.wav,,,,,,,,「うん……」
330000 ,,,,,,,つむぎ,陽向の友達,05tum806_002.wav,,,,,,,,「おじゃましました」
331000 ,,,,,,,,,,,,,,,,,　丁寧に頭を下げ、陽向と二人の友達は出て行った。
332000 ,,,,,,,優哉,優哉,,,,,,,,,「さて…………千紗、か」
333000 ,,,,,,,,,,,,,,,,,　千紗はこの前の朝に怒らせてしまって以来
334000 ,,,,,,,,,,,,,,,,,　これまた疎遠になっているので、
335000 ,,,,,,,,,,,,,,,,,　声をかけるのは少々気まずい。
336000 ,,,,,,,,,,,,,,,,,　なんか、最近の俺……
337000 ,,,,,,,,,,,,,,,,,　疎遠になってる人が多いよなあ……。
338000 ,,,,,,,優哉,優哉,,,,,,,,,「おーい、千紗、いるか？」
339000 ,,,,,,,,,,,,,,,,,　このままほっとく訳にもいかないので、
340000 ,,,,,,,,,,,,,,,,,　俺は階上にいる千紗に声をかけた。
341000 ,,,,,,,千紗,千紗,06tis806_001.wav,"chisa,private",,3,,,,,「なぁに、お兄ちゃん」
342000 ,,,,,,,,,,chisa,,3,,,,,　しばらくして、千紗がリビングへと降りてくる。
343000 ,,,,,,,,,,chisa,,3,,,,,　この前のことが尾を引いているのか、
344000 ,,,,,,,,,,chisa,,3,,,,,　千紗の態度はなんとなくよそよそしい。
345000 ,,,,,,,,,,chisa,,3,,,,,　……やっぱり、千紗も気にしてるようだな。
346000 ,,,,,,,優哉,優哉,,chisa,,3,,,,,「えーと、今夜、陽向が友達の家に泊まりに行くのは
　聞いてるよな？」
347000 ,,,,,,,千紗,千紗,06tis806_002.wav,chisa,,3,,,,,「うん……」
348000 ,,,,,,,優哉,優哉,,chisa,,3,,,,,「えっと……それでだ。
　食事係がいないから、
　夕飯をどうしようかと思ってるんだが……」
349000 ,,,,,,,,,,chisa,,3,,,,,　千紗はしばらくうつむいて何かを考えていたが、
350000 ,,,,,,,,,,chisa,,3,,,,,　それから、顔を上げておずおずと切り出した。
351000 ,,,,,,,千紗,千紗,06tis806_003.wav,chisa,,3,,,,,「じゃ、じゃあ…………」
352000 ,,,,,,,優哉,優哉,,chisa,,3,,,,,「ん？」
353000 ,,,,,,,千紗,千紗,06tis806_004.wav,chisa,,3,,,,,「千紗が晩ご飯作ってあげよっか」
354000 ,,,,,,,優哉,優哉,,chisa,,3,,,,,「……なぬッ！？」
355000 ,,,,,,,千紗,千紗,06tis806_005.wav,chisa,,4,,,,,「陽向がね、一応、冷蔵庫に材料があるって。
　もし千紗が作るんなら、それ使ってって言ってたの」
356000 ,,,,,,,千紗,千紗,06tis806_006.wav,chisa,,4,,,,,「だから、千紗が作ってあげるよ。何が食べたい？
　お兄ちゃんの好きなもの、なんでも作ってあげる」
357000 ,,,,,,,優哉,優哉,,chisa,,4,,,,,「い、いや、それはつつしんで却下させて頂こう」
358000 ,,,,,,,千紗,千紗,06tis806_007.wav,chisa,,2,,,,,「ええっ！？」
359000 ,,,,,,,優哉,優哉,,chisa,,2,,,,,「俺はまだ死にたくな…………じゃない、
　すぐに食べたい気持ちなんだ。
　今から作っていたんじゃ待ちきれない」
360000 ,,,,,,,千紗,千紗,06tis806_008.wav,chisa,,3,,,,,「でも……」
361000 ,,,,,,,優哉,優哉,,chisa,,3,,,,,「だから千紗、たまには外へ食いに出てみるか」
362000 ,,,,,,,千紗,千紗,06tis806_009.wav,chisa,,2,,,,,「えっ、外？」
363000 ,,,,,,,優哉,優哉,,chisa,,2,,,,,「俺がおごってやろう。何が食べたい？
　千紗の好きなもの、なんでもおごってやるぞ」
364000 ,,,,,,,千紗,千紗,06tis806_010.wav,chisa,,5,,,,,「それさっき、千紗が言ったセリフと似てる……」
365000 ,,,,,,,優哉,優哉,,chisa,,5,,,,,「気にするな。
　とにかく、たまには外食もいいもんだぞ」
366000 ,,,,,,,千紗,千紗,06tis806_011.wav,chisa,,5,,,,,「うん…………」
367000 ,,,,,,,優哉,優哉,,chisa,,5,,,,,「たまには、っていうか、
　本当に久しぶりな気がするな。
　もう長いこと家族で出かけてないもんな」
368000 ,,,,,,,千紗,千紗,06tis806_012.wav,chisa,,6,,,,,「あ、そうか。
　お兄ちゃんとお出かけ……」
369000 ,,,,,,,千紗,千紗,06tis806_013.wav,chisa,,6,,,,,「お兄ちゃんと、二人でお出かけ……」
370000 ,,,,,,,優哉,優哉,,chisa,,6,,,,,「……ん？」
371000 ,,,,,,,千紗,千紗,06tis806_014.wav,chisa,,0,,,,,「うん。千紗、行くよ！
　お兄ちゃんと外に食べに行く」
372000 ,,,,,,,優哉,優哉,,chisa,,0,,,,,「よし。じゃあ行くか」
373000 ,,,,,,,千紗,千紗,06tis806_015.wav,chisa,,1,,,,,「うん」
374000 ,,,,,,,,,,,,,,,,,　千紗は笑顔でうなずくと、出かける準備を始めた。
375000 ,,,,,,,,,,,,,,,,,　どうやら、機嫌も良くなってるみたいだな。
376000 ,,,,,,,,,,,,,,,,,　良かった良かった。
379000 ,,<!move_long>,9,12202,,,優哉,優哉,,chisa,,0,,,,,「なあ千紗、どこで食おうか？」
380000 ,,,,,,,千紗,千紗,06tis806_016.wav,chisa,,0,,,,,「えっと…………」
381000 ,,,,,,,優哉,優哉,,chisa,,0,,,,,「まあ、選択肢はあんまないんだけどな。
　この街、まともなファミレスとかないし」
382000 ,,,,,,,千紗,千紗,06tis806_017.wav,chisa,,0,,,,,「えっと、えっとね……」
383000 ,,,,,,,千紗,千紗,06tis806_018.wav,chisa,,1,,,,,「あ、ケーキ屋さんとかどう？」
384000 ,,,,,,,優哉,優哉,,chisa,,1,,,,,「ネタで言ってるんじゃなかったら殴るぞ」
385000 ,,,,,,,千紗,千紗,06tis806_019.wav,chisa,,2,,,,,「ええっ？」
386000 ,,,,,,,優哉,優哉,,chisa,,2,,,,,「だいいち、ケーキで腹がふくれるか！
　もっとまともな店をリクエストしなさい」
387000 ,,,,,,,千紗,千紗,06tis806_020.wav,chisa,,7,,,,,「ケーキだって、１０個や２０個も食べれば
　おなかふくれるもん！」
388000 ,,,,,,,優哉,優哉,,chisa,,7,,,,,「仮にふくれるとして、栄養の偏りと
　その後の腹肉を気にしないってんなら
　まあそこでもいいぞ」
389000 ,,,,,,,千紗,千紗,06tis806_021.wav,chisa,,5,,,,,「う…………」
390000 ,,,,,,,優哉,優哉,,chisa,,5,,,,,「ほら、バカ言ってないで決めろ。
　早く決めないとコンビニ弁当にするぞ」
391000 ,,,,,,,千紗,千紗,06tis806_022.wav,chisa,,15,,,,,「ああっ、待って待って！」
392000 ,,,,,,,千紗,千紗,06tis806_023.wav,chisa,,15,,,,,「えっと……うんと…………」
393000 ,,,,,,,優哉,優哉,,chisa,,15,,,,,「コンビニ弁当まであと１０秒。
　９、８、７、６……」
394000 ,,,,,,,千紗,千紗,06tis806_024.wav,chisa,,1,,,,,「き、決めたっ！
　回らないお寿司屋さん！！」
395900 ,,"<shake id=""0"" target=""st"" time=""1200,1200"" x=""20,160,0"" y=""0,0,0""><!se_punch_comical>",,,,,,,,chisa,,1,,,,,
396000 ,,,,,,,優哉,優哉,,chisa,,50,,,,,「高ぇよ！
　てか、この山奥に寿司屋はねぇ！」
396090 ,,<!Lend_scene_change><!stop_id_effect>,0,9000,,,,,,,,,,,,,
399000 ,@807,,,,,,,,,,,,,,,,
402000 ,,<!Lbegin_scene_change>,8,12302,,,千紗,千紗,06tis807_001.wav,"chisa,private",,0,,,,,「おいしかった～。
　千紗、もうお腹ぱんぱんだよ～」
403000 ,,,,,,,優哉,優哉,,chisa,,0,,,,,「そりゃ、あれだけ食えばな」
404000 ,,,,,,,,,,chisa,,0,,,,,　ああだこうだと話し合って、俺たちは結局、
405000 ,,,,,,,,,,chisa,,0,,,,,　和洋中なんでも出す喫茶店を選んだ。
406000 ,,,,,,,千紗,千紗,06tis807_002.wav,chisa,,0,,,,,「千紗のナポリタンも美味しかったけど、
　お兄ちゃんのラーメンチャーハンセットも
　美味しかったなぁ……」
407000 ,,,,,,,優哉,優哉,,chisa,,0,,,,,「まったく、人の分まで食いまくりやがって」
408000 ,,,,,,,千紗,千紗,06tis807_003.wav,chisa,,1,,,,,「あのマスターさん、いい人だね～。
　最後にアイス、おまけしてくれたし」
409000 ,,,,,,,優哉,優哉,,chisa,,1,,,,,「そりゃ、お前が物欲しそうな顔してたからだろ」
410000 ,,,,,,,千紗,千紗,06tis807_004.wav,chisa,,15,,,,,「千紗、そんな顔してないもん」
411000 ,,,,,,,千紗,千紗,06tis807_005.wav,chisa,,6,,,,,「それより……ねぇねぇ、お兄ちゃん」
412000 ,,,,,,,優哉,優哉,,chisa,,6,,,,,「なんだよ。くっつくなって」
413000 ,,,,,,,千紗,千紗,06tis807_006.wav,chisa,,5,,,,,「ダメなの？　お兄ちゃん、
　昔はいつも手つないで歩いてくれたのに」
414000 ,,,,,,,優哉,優哉,,chisa,,5,,,,,「昔と今じゃ違うんだよ。恥ずかしいだろ」
415000 ,,,,,,,千紗,千紗,06tis807_007.wav,chisa,,7,,,,,「千紗は恥ずかしくないもん。
　他に誰もいないからいいでしょ」
416000 ,,,,,,,優哉,優哉,,chisa,,7,,,,,「まあ、確かにそうだが……。
　……で、今度はなんなんだ？」
417000 ,,,,,,,千紗,千紗,06tis807_008.wav,chisa,,1,,,,,「帰ったらゲームしよ、ゲーム」
418000 ,,,,,,,優哉,優哉,,chisa,,1,,,,,「ひとりでやってろ」
419000 ,,,,,,,千紗,千紗,06tis807_009.wav,chisa,,15,,,,,「えーっ、陽向もいないから寂しいよ～」
420000 ,,,,,,,優哉,優哉,,chisa,,15,,,,,「俺だって、明日の宿題とかがあるんだよ……。
　……って、んん？」
421000 ,,,,,,,千紗,千紗,06tis807_010.wav,chisa,,2,,,,,「えっ？」
423000 ,,<!move_veryshort>,,102,,,,,,,,,,,,,　家の前に、人影がある。
425000 ,,,,,,,つむぎ,つむぎ,05tum807_001.wav,"tumugi,private",,0,,,,,「……………………」
426000 ,,,,,,,,,,tumugi,,0,,,,,　そこにいたのは、つむぎだった。
427000 ,,,,,,,,,,tumugi,,0,,,,,　思わず、俺の足が止まる。
428000 ,,,,,,,千紗,千紗,06tis807_011.wav,tumugi,,0,chisa,,3,,「お兄ちゃん……？」
429000 ,,,,,,,優哉,優哉,,tumugi,,0,chisa,,3,,「あ、いや……」
430000 ,,,,,,,,,,tumugi,,0,,,,,　その声で俺たちに気づいたのか、
431000 ,,,,,,,,,,tumugi,,0,,,,,　つむぎはこちらを向いてペコッと頭を下げた。
432000 ,,,,,,,つむぎ,つむぎ,05tum807_002.wav,tumugi,,90,,,,,「優哉さん……。
　あの、忘れ物です」
433000 ,,,,,,,優哉,優哉,,tumugi,,90,,,,,「えっ、忘れ物？」
434000 ,,,,,,,,,,tumugi,,90,,,,,　つむぎはかじかんだ手つきで、何かを取り出した。
435000 ,,,,,,,優哉,優哉,,tumugi,,90,,,,,「あっ……携帯か！」
436000 ,,,,,,,つむぎ,つむぎ,05tum807_003.wav,tumugi,,90,,,,,「はい。旅館の休憩室に、忘れていったみたいで……。
　優哉さん、ないと困るだろうと思いまして」
437000 ,,,,,,,優哉,優哉,,tumugi,,90,,,,,「そっか……。わざわざありがとな、つむぎ」
438000 ,,,,,,,つむぎ,つむぎ,05tum807_004.wav,tumugi,,1,,,,,「いえ」
439000 ,,,,,,,,,,tumugi,,1,,,,,　つむぎの笑顔は、以前と同じものだった。
440000 ,,,,,,,,,,tumugi,,1,,,,,　この前、俺を拒否したときとは違う
441000 ,,,,,,,,,,tumugi,,1,,,,,　いつもの優しい笑顔。
442000 ,,,,,,,,,,tumugi,,1,,,,,　それを見て、心から安堵する自分を感じていた。
443000 ,,,,,,,つむぎ,つむぎ,05tum807_005.wav,tumugi,,90,,,,,「優哉さん、どうぞ」
444000 ,,,,,,,優哉,優哉,,tumugi,,90,,,,,「ああ、サンキュ」
445000 ,,,,,,,,,,tumugi,,90,,,,,　携帯電話を受け取る一瞬、
446000 ,,,,,,,,,,tumugi,,90,,,,,　俺の指とつむぎの指が触れ合う。
447000 ,,,,,,,,,,tumugi,,90,,,,,　つむぎの細くてしなやかな指は、
448000 ,,,,,,,,,,tumugi,,90,,,,,　ずいぶんと冷たかった。
449000 ,,,,,,,優哉,優哉,,tumugi,,90,,,,,「つむぎ……。
　お前、ここでどれだけ待ってた……？」
450000 ,,,,,,,つむぎ,つむぎ,05tum807_006.wav,tumugi,,0,,,,,「えっと…………１０分ほどです」
451000 ,,,,,,,優哉,優哉,,tumugi,,0,,,,,「１０分じゃ、そんなに指は冷たくならないだろ！？
　２０分……いや、３０分以上
　待ってたんじゃないのか？」
452000 ,,,,,,,つむぎ,つむぎ,05tum807_007.wav,tumugi,,1,,,,,「時計を持ってないので……忘れました」
453000 ,,,,,,,優哉,優哉,,tumugi,,1,,,,,「つむぎ……」
454000 ,,,,,,,,,,tumugi,,1,,,,,　つむぎの誠実な笑顔が、心に痛い。
455000 ,,,,,,,優哉,優哉,,tumugi,,1,,,,,「いや、その、アレだ、つむぎ」
456000 ,,,,,,,,,,tumugi,,1,,,,,　それを＜紛＝まぎ＞らわそうとして、思わず饒舌になる。
457000 ,,,,,,,優哉,優哉,,tumugi,,1,,,,,「ウチが留守だとわかってからも
　ここで待ってるぐらいなら、
　携帯に連絡くれれば良かっ……」
458000 ,,,,,,,,,,,,,,,,,　と言いかけて、俺は２つの間違いに気づいた。
459000 ,,,,,,,,,,,,,,,,,　ひとつは、そもそも俺が忘れた携帯を
460000 ,,,,,,,,,,,,,,,,,　届けてくれたんだから、
461000 ,,,,,,,,,,,,,,,,,　俺の携帯に連絡は入れられないこと。
462000 ,,,,,,,,,,,,,,,,,　もうひとつは、
463000 ,,,,,,,,,,,,,,,,,　つむぎは携帯を持っていないことだ。
464000 ,,,,,,,,,,,,,,,,,　そういう文明の利器っぽいものを、
465000 ,,,,,,,,,,,,,,,,,　つむぎはなにひとつ持っていない。
466000 ,,,,,,,,,,,,,,,,,　興味もないらしい。
467000 ,,,,,,,優哉,優哉,,,,,,,,,「とにかく、ホントにすまなかったな、つむぎ。
　ありがとう」
468000 ,,,,,,,つむぎ,つむぎ,05tum807_008.wav,tumugi,,90,,,,,「いえ……。
　それじゃ、失礼します」
469000 ,,,,,,,優哉,優哉,,tumugi,,90,,,,,「あっ、どうせなら上がっていかないか？
　あったかいお茶でも出すよ」
470000 ,,,,,,,千紗,千紗,06tis807_012.wav,tumugi,,90,chisa,,5,,「………………」
471000 ,,,,,,,つむぎ,つむぎ,05tum807_009.wav,tumugi,,1,chisa,,5,,「いえ、おかまいなく」
472000 ,,,,,,,つむぎ,つむぎ,05tum807_010.wav,tumugi,,90,chisa,,5,,「私、旅館に戻って
　少しだけ作業をしなければなりません。
　ですので、お気持ちだけ頂きます」
473000 ,,,,,,,優哉,優哉,,tumugi,,90,chisa,,5,,「あ、ああ……。わかった。無理しないようにな。
　それじゃな、つむぎ」
474000 ,,,,,,,つむぎ,つむぎ,05tum807_011.wav,tumugi,,90,chisa,,5,,「はい。
　千紗ちゃんも、またね」
475000 ,,,,,,,千紗,千紗,06tis807_013.wav,tumugi,,90,chisa,,5,,「……………………」
476000 ,,,,,,,優哉,優哉,,tumugi,,90,chisa,,5,,「千紗？」
477000 ,,,,,,,千紗,千紗,06tis807_014.wav,tumugi,,90,chisa,,3,,「うん、バイバイ……」
478000 ,,,,,,,,,,tumugi,,90,,,,,　千紗は俺たちの脇をすりぬけ、
479000 ,,,,,,,,,,tumugi,,90,,,,,　ひとりで先に家の中に入っていってしまった。
480000 ,,,,,,,優哉,優哉,,tumugi,,90,,,,,「おい、千紗……？」
481000 ,,,,,,,つむぎ,つむぎ,05tum807_012.wav,tumugi,,3,,,,,「千紗ちゃん……」
482000 ,,,,,,,優哉,優哉,,tumugi,,3,,,,,「いや、悪いな、つむぎ。
　あいつ、トイレにでも行きたかったのかな」
483000 ,,,,,,,つむぎ,つむぎ,05tum807_013.wav,tumugi,,12,,,,,「いえ……。お気になさらず」
484000 ,,,,,,,つむぎ,つむぎ,05tum807_014.wav,tumugi,,12,,,,,「それでは、失礼します」
485000 ,,,,,,,優哉,優哉,,,,,,,,,「ああ」
486000 ,,,,,,,,,,,,,,,,,　つむぎは丁寧に頭を下げて、
487000 ,,,,,,,,,,,,,,,,,　旅館へと戻っていく。
488000 ,,,,,,,,,,,,,,,,,　この寒空の中、待たせてしまった
489000 ,,,,,,,,,,,,,,,,,　罪滅ぼしというわけじゃないけど……。
490000 ,,,,,,,,,,,,,,,,,　遠ざかっていくつむぎの背中を、
491000 ,,,,,,,,,,,,,,,,,　俺はいつまでも見続けていた。
491090 ,,<!Lend_day_change>,0,9000,,,,,,,,,,,,,
491900 ,,<!ec_tsumugi_pri>,,,,,,,,,,,,,,,
494000 ,@808,,,,,,,,,,,,,,,,
498000 ,,<!Lbegin_day_change><!se_schoolchime_int>,2,4500,,,優哉,優哉,,,,,,,,,「うーし、面倒な数学が終わったぜ」
499000 ,,,,,,,大和,大和,08yam808_001.wav,"yamato,uniform",,3,,,,,「はぁ……次は社会貢献授業か。めんどくさいな……」
500000 ,,,,,,,優哉,優哉,,yamato,,3,,,,,「なんだ、大和って貢献授業は好きじゃなかったか？」
501000 ,,,,,,,大和,大和,08yam808_002.wav,yamato,,5,,,,,「いや、それは中身によるぜ。
　今度のは、俺にとって地獄のような内容だ」
502000 ,,,,,,,,,,yamato,,5,,,,,　大和が言った『社会貢献授業』というのは
503000 ,,,,,,,,,,yamato,,5,,,,,　この学園ならではのカリキュラムのひとつで、
504000 ,,,,,,,,,,yamato,,5,,,,,　内外のいろんな作業に従事する特別授業のことだ。
505000 ,,,,,,,,,,yamato,,5,,,,,　ときには外へ出てゴミ拾いをしたり、
506000 ,,,,,,,,,,yamato,,5,,,,,　温泉旅館の手伝いに行ったりと
507000 ,,,,,,,,,,yamato,,5,,,,,　その内容は実に多岐に渡っている。
508000 ,,,,,,,優哉,優哉,,yamato,,5,,,,,「今度の大和の担当は、ぞうきん作りだったっけか。
　まあ、退屈な作業であることは
　俺も賛成するがな……」
509000 ,,,,,,,,,,yamato,,5,,,,,　同じクラスの中でも担当を分けて行い、
510000 ,,,,,,,,,,yamato,,5,,,,,　作業は持ち回りになる。
511000 ,,,,,,,,,,yamato,,5,,,,,　今回は大和とつむぎがぞうきん作り担当、
512000 ,,,,,,,,,,yamato,,5,,,,,　俺と愛歌が清掃担当という内訳だった。
513000 ,,,,,,,愛歌,愛歌,01man808_001.wav,yamato,,5,"manaka,uniform",,0,,「大和くん、このまえ老人ホームを慰問した
　貢献授業のときは、すっごく張り切ってたよね」
514000 ,,,,,,,愛歌,愛歌,01man808_002.wav,yamato,,5,manaka,,1,,「大和くんがしてくれるお世話に
　お爺ちゃんもお婆ちゃんも大喜びで、
　『是非ウチの孫に』って言われて引っ張りだこで」
515000 ,,,,,,,優哉,優哉,,yamato,,5,,,,,「大和、お前そういうのは
　得意っつーか大好きだよな……」
516000 ,,,,,,,大和,大和,08yam808_003.wav,yamato,,0,,,,,「やっぱり、目の前に喜んでくれる人がいてこそ
　実感がダイレクトに感じられていい訳よ。
　ぞうきん作りなんて、地味すぎて燃えねぇ……」
517000 ,,,,,,,優哉,優哉,,yamato,,0,,,,,「いいじゃないか、つべこべ言わずにやれ。
　ぞうきん作りだって、
　どっかの誰かの役には立ってんだ」
518000 ,,,,,,,大和,大和,08yam808_004.wav,yamato,,5,,,,,「そりゃまあ、そうなんだけどな……」
519000 ,,,,,,,,,,yamato,,5,,,,,　大和は不承不承といった表情で、家庭科室に向かう。
520000 ,,,,,,,つむぎ,つむぎ,05tum808_001.wav,yamato,,5,"tumugi,uniform",,0,,「あ、大和さん、こちらの古布、持って頂けますか？」
521000 ,,,,,,,大和,大和,08yam808_005.wav,yamato,,0,tumugi,,0,,「そうか、つむぎもぞうきんの担当だったな。
　あいよ、任せとけ」
522000 ,,,,,,,,,,,,,,,,,　大和はつむぎからぞうきん制作に使う古布の山を
523000 ,,,,,,,,,,,,,,,,,　受け取り、教室を出て行った。
524000 ,,,,,,,優哉,優哉,,,,,,,,,「さて、俺たちも、行くとするか」
525000 ,,,,,,,愛歌,愛歌,01man808_003.wav,manaka,,0,,,,,「うん」
528000 ,,<!timepass_1_long><!se_schoolchime_int>,,,,,優哉,優哉,,,,,,,,,「……おぅ大和、ぞうきん作り、どうだった？」
529000 ,,,,,,,大和,大和,08yam808_006.wav,yamato,,5,,,,,「いや、全然ダメだ。
　他の連中も単純作業に飽き飽きして、
　かなりペース悪かったぜ」
530000 ,,,,,,,優哉,優哉,,yamato,,5,,,,,「まあ……それは察するがな……」
531000 ,,,,,,,,,,,,,,,,,　教室の後ろにあるロッカーの上には、
532000 ,,,,,,,,,,,,,,,,,　古布の山がそこそこ残っていた。
533000 ,,,,,,,,,,,,,,,,,　別に、この山を消費することがノルマという訳でも
534000 ,,,,,,,,,,,,,,,,,　ないだろうが、こうしてまだ山が残っていると
535000 ,,,,,,,,,,,,,,,,,　なんとなく居心地が悪い気もする。
536000 ,,,,,,,,,,,,,,,,,　それは他の連中も感じているのか、それとも偶然か、
537000 ,,,,,,,,,,,,,,,,,　古布の山の近くには誰も近づかず、
538000 ,,,,,,,,,,,,,,,,,　そこだけ孤立したような雰囲気を、＜醸＝かも＞し出していた。
541000 ,,<!timepass_2_short>,8,4501,,,優哉,優哉,,,,,,,,,「……さてと、帰るか」
542000 ,,,,,,,,,,,,,,,,,　放課後。
543000 ,,,,,,,,,,,,,,,,,　俺は荷物をまとめると、カバンを手に取った。
544000 ,,,,,,,愛歌,愛歌,01man808_004.wav,manaka,,0,yamato,,0,,「それじゃね、優哉ちゃん」
545000 ,,,,,,,大和,大和,08yam808_007.wav,manaka,,0,yamato,,0,,「またな、優哉」
546000 ,,,,,,,優哉,優哉,,,,,,,,,「おう、またな」
547000 ,,,,,,,,,,,,,,,,,　俺は今日もオヤジから
548000 ,,,,,,,,,,,,,,,,,　旅館の手伝いに呼ばれているので、
549000 ,,,,,,,,,,,,,,,,,　部活には行かず直接旅館に向かう。
550000 ,,,,,,,,,,,,,,,,,　教室を出ようとして振り返ると、
551000 ,,,,,,,,,,,,,,,,,　つむぎの机にはまだカバンが残っていた。
552000 ,,,,,,,優哉,優哉,,,,,,,,,「あいつ、今日も旅館で仕事のはずだが……。
　まだ学園にいるのか？」
553000 ,,,,,,,,,,,,,,,,,　なんとなく気にしつつも、俺は廊下へと向かう。
554000 ,,,,,,,,,,,,,,,,,　そこで、ふと気づいた。
555000 ,,,,,,,,,,,,,,,,,　ロッカーの上に置いてあったはずの、
556000 ,,,,,,,,,,,,,,,,,　古布の山が、ない。
557000 ,,,,,,,優哉,優哉,,,,,,,,,「まさか……あいつ…………」
559000 ,,<!move_normal>,,4301,,,,,,,,,,,,,　俺は、家庭科室の前へとやってきた。
560000 ,,,,,,,,,,,,,,,,,　扉の窓からのぞき込むと、
561000 ,,,,,,,,,,,,,,,,,　やはり中にはつむぎの姿があった。
562000 ,,,,,,,,,,,,,,,,,　つむぎはひとりでミシンを動かし、
563000 ,,,,,,,,,,,,,,,,,　黙々とぞうきんを作っている。
564000 ,,,,,,,,,,,,,,,,,　俺は声をかけるか少し迷ってから、
565000 ,,,,,,,,,,,,,,,,,　家庭科室の扉を開けた。
567000 ,,<!move_veryshort><!se_school_open>,,4501,,,優哉,優哉,,tumugi,,0,,,,,「つむぎ、ひとりで居残って作ってるのか」
568000 ,,,,,,,つむぎ,つむぎ,05tum808_002.wav,tumugi,,0,,,,,「あ、優哉さん……」
569000 ,,,,,,,優哉,優哉,,tumugi,,0,,,,,「まさか、ウチのクラスで作った数が少なかったから
　居残りを命じられたとか？」
570000 ,,,,,,,つむぎ,つむぎ,05tum808_003.wav,tumugi,,12,,,,,「いえ……違います。自分からやってるんです」
571000 ,,,,,,,優哉,優哉,,tumugi,,12,,,,,「なんでそんな……」
572000 ,,,,,,,つむぎ,つむぎ,05tum808_004.wav,tumugi,,12,,,,,「だって、古布があんなに残ってましたし……。
　できれば、全部ぞうきんにしたいと思いまして」
573000 ,,,,,,,優哉,優哉,,tumugi,,12,,,,,「あれは別にノルマじゃないってことは、
　つむぎも知ってるだろ？
　無理して作ることはないよ」
574000 ,,,,,,,つむぎ,つむぎ,05tum808_005.wav,tumugi,,5,,,,,「それはそうなんですが……。
　でもやっぱり、残っていると気になりますし……」
575000 ,,,,,,,つむぎ,つむぎ,05tum808_006.wav,tumugi,,5,,,,,「少しでも多く作れば、
　それだけ多くの人に喜んでもらえますし……」
576000 ,,,,,,,,,,tumugi,,5,,,,,　最近になってようやくわかってきた、
577000 ,,,,,,,,,,tumugi,,5,,,,,　つむぎの、わかりやすい行動基準。
578000 ,,,,,,,,,,tumugi,,5,,,,,　『少しでも、人のために』
579000 ,,,,,,,,,,tumugi,,5,,,,,　一度そうと決めると、
580000 ,,,,,,,,,,tumugi,,5,,,,,　ときに際限なく頑固にもなった。
581000 ,,,,,,,優哉,優哉,,tumugi,,5,,,,,「旅館の仕事は、大丈夫なのか？」
582000 ,,,,,,,つむぎ,つむぎ,05tum808_007.wav,tumugi,,4,,,,,「６時には、戻れます。
　そうすれば、お仕事には差し支えありません」
583000 ,,,,,,,優哉,優哉,,tumugi,,4,,,,,「………………」
584000 ,,,,,,,,,,tumugi,,4,,,,,　差し支えがない、はずはなかった。
585000 ,,,,,,,,,,tumugi,,4,,,,,　夕食前の準備があわただしくなる４時・５時台こそ、
586000 ,,,,,,,,,,tumugi,,4,,,,,　人手が欲しいに違いない。
587000 ,,,,,,,,,,tumugi,,4,,,,,　おそらくつむぎは旅館に連絡し、
588000 ,,,,,,,,,,tumugi,,4,,,,,　今日は遅れて行かせてくれと頼み込んだのだろう。
589000 ,,,,,,,,,,tumugi,,4,,,,,　……どうしてだ、つむぎ。
590000 ,,,,,,,,,,tumugi,,4,,,,,　どうして、誰も褒めてくれないようなことまで
591000 ,,,,,,,,,,tumugi,,4,,,,,　そんなに頑張るんだよ。
592000 ,,,,,,,,,,tumugi,,4,,,,,　どうして、そんなに……
593000 ,,,,,,,,,,tumugi,,4,,,,,　見も知らない、人のためばかり……。
594000 ,,,,,,,優哉,優哉,,tumugi,,4,,,,,「……よし、俺も手伝う」
595000 ,,,,,,,つむぎ,つむぎ,05tum808_008.wav,tumugi,,7,,,,,「それはダメです、優哉さん」
596000 ,,,,,,,優哉,優哉,,tumugi,,7,,,,,「なんでだよ。
　つむぎひとりにやらせる訳にはいかないって」
597000 ,,,,,,,つむぎ,つむぎ,05tum808_009.wav,tumugi,,4,,,,,「私は、もう旅館に遅れるって連絡してしまいました。
　旅館の皆さんには、本当に申し訳ないですが……
　私、どうしてもこれを完成させたかったんです」
598000 ,,,,,,,つむぎ,つむぎ,05tum808_010.wav,tumugi,,4,,,,,「でも優哉さんは、
　まだ遅れるって連絡はしてないですよね？」
599000 ,,,,,,,優哉,優哉,,tumugi,,4,,,,,「あ、ああ」
600000 ,,,,,,,つむぎ,つむぎ,05tum808_011.wav,tumugi,,4,,,,,「優哉さんは、旅館のお手伝いに行ってください。
　ふたりも人がいなくなっては……
　きっと大変でしょうから」
601000 ,,,,,,,優哉,優哉,,tumugi,,4,,,,,「し、しかしだな……」
602000 ,,,,,,,つむぎ,つむぎ,05tum808_012.wav,tumugi,,3,,,,,「お願いします、優哉さん。
　私のわがままでこんなになってしまって、
　大変申し訳ないですが……よろしくお願いします」
603000 ,,,,,,,優哉,優哉,,tumugi,,3,,,,,「……………………」
604000 ,,,,,,,,,,tumugi,,3,,,,,　つむぎの口調は、頑固モードを通り越した
605000 ,,,,,,,,,,tumugi,,3,,,,,　強い何かを感じさせた。
606000 ,,,,,,,優哉,優哉,,tumugi,,3,,,,,「ああ、わかったよ。俺は旅館に行く」
607000 ,,,,,,,つむぎ,つむぎ,05tum808_013.wav,tumugi,,3,,,,,「すみません……」
608000 ,,,,,,,,,,tumugi,,3,,,,,　言葉こそ謝っているが、
609000 ,,,,,,,,,,tumugi,,3,,,,,　俺に対する反応は『拒絶』に近い。
610000 ,,,,,,,,,,tumugi,,3,,,,,　親切に携帯を届けてくれたことで
611000 ,,,,,,,,,,tumugi,,3,,,,,　俺に接する態度もいい方向に戻ってきていると
612000 ,,,,,,,,,,tumugi,,3,,,,,　思っていたけど……。
613000 ,,,,,,,,,,tumugi,,3,,,,,　それは、俺の思い込みだったということなのか？
613090 ,,<!Lend_scene_change>,0,9000,,,,,,,,,,,,,
616000 ,@809,,,,,,,,,,,,,,,,
620900 ,$heroine_begin,,,,,,,,,,,,,,,,
621000 ,,<!scene_charchange>,2,12200,,,明日香,明日香,09asu809_001.wav,"asuka,uniform",,0,,,,,「ねぇ、千紗」
622000 ,,,,,,,千紗,千紗,06tis809_001.wav,asuka,,0,,,,,「……………………」
623000 ,,,,,,,明日香,明日香,09asu809_002.wav,asuka,,3,,,,,「千紗？」
624000 ,,,,,,,千紗,千紗,06tis809_002.wav,asuka,,3,,,,,「はぁ…………」
625000 ,,,,,,,明日香,明日香,09asu809_003.wav,asuka,,2,,,,,「……千紗！」
626000 ,,,,,,,千紗,千紗,06tis809_003.wav,asuka,,2,,,,,「ふぇっ！？　あ、明日香ちゃん」
627000 ,,,,,,,明日香,明日香,09asu809_004.wav,asuka,,5,,,,,「どうしたの、千紗。さっきからため息ばかりついて」
628000 ,,,,,,,千紗,千紗,06tis809_004.wav,asuka,,5,,,,,「えっ？　ううん、別に……」
629000 ,,,,,,,明日香,明日香,09asu809_005.wav,asuka,,5,,,,,「今日は何度話しかけても上の空ね、千紗」
630000 ,,,,,,,千紗,千紗,06tis809_005.wav,asuka,,5,,,,,「そ、そうかな。そんなことないと思うけど」
631000 ,,,,,,,明日香,明日香,09asu809_006.wav,asuka,,4,,,,,「………………」
632000 ,,,,,,,明日香,明日香,09asu809_007.wav,asuka,,4,,,,,「ねぇ、千紗」
633000 ,,,,,,,千紗,千紗,06tis809_006.wav,asuka,,4,,,,,「なぁに、明日香ちゃん」
634000 ,,,,,,,明日香,明日香,09asu809_008.wav,asuka,,4,,,,,「なにか、悩み事？」
635000 ,,,,,,,千紗,千紗,06tis809_007.wav,asuka,,4,,,,,「えっ！？」
636000 ,,,,,,,明日香,明日香,09asu809_009.wav,asuka,,4,,,,,「良かったら話してみて。千紗。
　私で力になれることなら、なんでもしてあげるから」
637000 ,,,,,,,千紗,千紗,06tis809_008.wav,asuka,,4,,,,,「あ……うん。えっと……」
638000 ,,,,,,,明日香,明日香,09asu809_010.wav,asuka,,3,,,,,「それは、話しにくいこと？」
639000 ,,,,,,,千紗,千紗,06tis809_009.wav,asuka,,3,,,,,「えっ？　う……うん……」
640000 ,,,,,,,明日香,明日香,09asu809_011.wav,asuka,,3,,,,,「なら、無理に話さなくていいよ。
　千紗の気持ちが落ち着いたときに
　聞いてあげる」
641000 ,,,,,,,千紗,千紗,06tis809_010.wav,asuka,,3,,,,,「うん…………」
642000 ,,,,,,,,,,asuka,,3,,,,,　ど……どうしようかな。
643000 ,,,,,,,,,,asuka,,3,,,,,　こういうこと、明日香ちゃんに
644000 ,,,,,,,,,,asuka,,3,,,,,　相談していいのかな……。
645000 ,,,,,,,,,,asuka,,3,,,,,　でも明日香ちゃんって、
646000 ,,,,,,,,,,asuka,,3,,,,,　千紗と同い年とは思えないほどしっかりしてる。
647000 ,,,,,,,,,,asuka,,3,,,,,　考え方も大人っぽいし……。
648000 ,,,,,,,,,,asuka,,3,,,,,　だから、いつも千紗を助けてくれて……。
649000 ,,,,,,,,,,asuka,,3,,,,,　千紗のこと……すごく大事にしてくれてた。
650000 ,,,,,,,,,,asuka,,3,,,,,　……………………。
651000 ,,,,,,,,,,asuka,,3,,,,,　やっぱり、話そう。明日香ちゃんには。
652000 ,,,,,,,,,,asuka,,3,,,,,　大切な、親友の……明日香ちゃんだけには。
653000 ,,,,,,,千紗,千紗,06tis809_011.wav,asuka,,3,,,,,「えっとね、あのね、明日香ちゃん……。
　やっぱり、聞いてくれる？」
654000 ,,,,,,,明日香,明日香,09asu809_012.wav,asuka,,0,,,,,「うん」
655000 ,,,,,,,千紗,千紗,06tis809_012.wav,asuka,,0,,,,,「えっと、その……。
　千紗、す、好きな人……が、いるの」
656000 ,,,,,,,明日香,明日香,09asu809_013.wav,asuka,,0,,,,,「うん」
657000 ,,,,,,,千紗,千紗,06tis809_013.wav,asuka,,0,,,,,「その人は、ずっと前から、好きだったんだけど……。
　その、好き、っていうのが、
　今は違う風になってきた感じで……」
658000 ,,,,,,,明日香,明日香,09asu809_014.wav,asuka,,0,,,,,「うん」
659000 ,,,,,,,千紗,千紗,06tis809_014.wav,asuka,,0,,,,,「千紗、自分でもよくわからないの。
　どうしたらいいか……」
660000 ,,,,,,,明日香,明日香,09asu809_015.wav,asuka,,0,,,,,「そっか……」
661000 ,,,,,,,,,,asuka,,0,,,,,　明日香ちゃんは小さくうなずいてから、
662000 ,,,,,,,,,,asuka,,0,,,,,　千紗の目をじっと見つめてきた。
663000 ,,,,,,,明日香,明日香,09asu809_016.wav,asuka,,4,,,,,「それは、千紗が好きになっちゃいけない人？
　だから、千紗は深く悩んでるの？」
664000 ,,,,,,,千紗,千紗,06tis809_015.wav,asuka,,4,,,,,「えっ！？」
665000 ,,,,,,,,,,asuka,,4,,,,,　つい、おっきな声が出ちゃった。
666000 ,,,,,,,,,,asuka,,4,,,,,　明日香ちゃん、
667000 ,,,,,,,,,,asuka,,4,,,,,　いきなり鋭いところ突いてくるんだもん。
668000 ,,,,,,,千紗,千紗,06tis809_016.wav,asuka,,4,,,,,「そ、それは……」
669000 ,,,,,,,明日香,明日香,09asu809_017.wav,asuka,,0,,,,,「……いいよ、答えなくて」
670000 ,,,,,,,,,,asuka,,0,,,,,　明日香ちゃんは前を向くと、
671000 ,,,,,,,,,,asuka,,0,,,,,　いつもの笑顔で言ってくれた。
672000 ,,,,,,,明日香,明日香,09asu809_018.wav,asuka,,42,,,,,「そうね……。
　もしそうだとしても、千紗には、
　自分の気持ちに正直でいてほしいと思うの」
673000 ,,,,,,,千紗,千紗,06tis809_017.wav,asuka,,42,,,,,「正直に……？」
674000 ,,,,,,,明日香,明日香,09asu809_019.wav,asuka,,0,,,,,「そう。千紗が想ってる気持ちは、とても純粋なもの。
　それは、多くの人が失っちゃった輝きでもあるの」
675000 ,,,,,,,千紗,千紗,06tis809_018.wav,asuka,,0,,,,,「う、ううん。千紗、そんなんじゃないよ……」
676000 ,,,,,,,明日香,明日香,09asu809_020.wav,asuka,,0,,,,,「千紗の純粋な気持ちを、私は否定したりしないわ。
　これから、つらく苦しいかも知れないけど……
　最後まであきらめないでね、千紗」
677000 ,,,,,,,明日香,明日香,09asu809_021.wav,asuka,,3,,,,,「千紗には……大切な千紗には、
　後悔して欲しくないから」
678000 ,,,,,,,千紗,千紗,06tis809_019.wav,asuka,,3,,,,,「明日香ちゃん……」
679000 ,,,,,,,,,,asuka,,3,,,,,　明日香ちゃんの言葉を聞いて、
680000 ,,,,,,,,,,asuka,,3,,,,,　心の中のモヤモヤが吹き飛んでいく。
681000 ,,,,,,,,,,asuka,,3,,,,,　はっきり答えが出たわけじゃないけど、
682000 ,,,,,,,,,,asuka,,3,,,,,　なんだかスッキリできた。
683000 ,,,,,,,,,,asuka,,3,,,,,　やっぱり……明日香ちゃんに話して良かったな。
684000 ,,,,,,,千紗,千紗,06tis809_020.wav,asuka,,3,,,,,「ありがと、明日香ちゃん。千紗、頑張ってみるね」
685000 ,,,,,,,明日香,明日香,09asu809_022.wav,asuka,,0,,,,,「その意気よ、千紗」
686000 ,,,,,,,,,,asuka,,0,,,,,　そうして気持ちを新たにすると、
687000 ,,,,,,,,,,asuka,,0,,,,,　ちょうど、明日香ちゃんと別れる道のところ。
688000 ,,,,,,,千紗,千紗,06tis809_021.wav,asuka,,0,,,,,「それじゃ、明日香ちゃん。また明日ね」
689000 ,,,,,,,明日香,明日香,09asu809_023.wav,asuka,,0,,,,,「うん。さよなら、千紗」
690000 ,,,,,,,,,,asuka,,0,,,,,　そう言って明日香ちゃんに手を振っていると、
691000 ,,,,,,,,,,asuka,,0,,,,,　後ろから声をかけられた。
692000 ,,,,,,,つむぎ,つむぎ,05tum809_001.wav,asuka,,0,"tumugi,uniform",,1,,「あら、こんにちは。千紗ちゃん、明日香ちゃん」
693000 ,,,,,,,明日香,明日香,09asu809_024.wav,asuka,,0,tumugi,,1,,「こんにちは」
694000 ,,,,,,,千紗,千紗,06tis809_022.wav,asuka,,0,tumugi,,1,,「こんにちは……」
695000 ,,,,,,,つむぎ,つむぎ,05tum809_002.wav,asuka,,0,tumugi,,90,,「二人とも、いま帰り？」
696000 ,,,,,,,明日香,明日香,09asu809_025.wav,asuka,,0,tumugi,,90,,「はい。つむぎさんは、
　これから旅館でお仕事ですか？」
697000 ,,,,,,,つむぎ,つむぎ,05tum809_003.wav,asuka,,0,tumugi,,90,,「ええ、そうですよ」
698000 ,,,,,,,明日香,明日香,09asu809_026.wav,asuka,,0,tumugi,,90,,「お疲れ様です。頑張ってくださいね」
699000 ,,,,,,,つむぎ,つむぎ,05tum809_004.wav,asuka,,0,tumugi,,1,,「ありがとう、明日香ちゃん。
　よかったら、旅館にも遊びに来てくださいね」
700000 ,,,,,,,,,,asuka,,0,tumugi,,1,,　つむぎさんは、おしとやかに笑った。
701000 ,,,,,,,,,,asuka,,0,tumugi,,1,,　仕草も、すごく女性っぽい。
702000 ,,,,,,,,,,asuka,,0,tumugi,,1,,　つむぎさん、やっぱり綺麗だな……。
703000 ,,,,,,,,,,asuka,,0,tumugi,,1,,　千紗、全然かなわないよ……。
704000 ,,,,,,,,,,asuka,,0,tumugi,,1,,　お兄ちゃん、絶対つむぎさんのこと、好きだよね。
705000 ,,,,,,,,,,asuka,,0,tumugi,,1,,　家の前で携帯もらった時とかもそうだけど、
706000 ,,,,,,,,,,asuka,,0,tumugi,,1,,　見てればわかる。
707000 ,,,,,,,,,,asuka,,0,tumugi,,1,,　千紗も……。千紗だって、お兄ちゃんのこと、
708000 ,,,,,,,,,,asuka,,0,tumugi,,1,,　すっごく好きなのに……。
709000 ,,,,,,,,,,asuka,,0,tumugi,,1,,　つむぎさんよりずっと昔っから、お兄ちゃんのこと
710000 ,,,,,,,,,,asuka,,0,tumugi,,1,,　好きだったのに……。
711000 ,,,,,,,,,,asuka,,0,tumugi,,1,,　……………………。
712000 ,,,,,,,,,,asuka,,0,tumugi,,1,,　でも、つむぎさんのことも好き……。
713000 ,,,,,,,,,,asuka,,0,tumugi,,1,,　いい人だって、話してればわかるもん。
714000 ,,,,,,,,,,asuka,,0,tumugi,,1,,　だから、気持ちが複雑……。
715000 ,,,,,,,,,,asuka,,0,tumugi,,1,,　千紗、どうすればいいのかな……。
716000 ,,,,,,,千紗,千紗,06tis809_023.wav,asuka,,0,tumugi,,1,,「……………………」
717000 ,,,,,,,つむぎ,つむぎ,05tum809_005.wav,asuka,,0,tumugi,,3,,「……千紗ちゃん？」
718000 ,,,,,,,千紗,千紗,06tis809_024.wav,asuka,,0,tumugi,,3,,「えっ？　あっ、ううん、なんでもないよ」
719000 ,,,,,,,,,,asuka,,0,tumugi,,3,,　ダメだ、つむぎさんには
720000 ,,,,,,,,,,asuka,,0,tumugi,,3,,　かないっこないって、気持ちがどんどん沈んでいく。
721000 ,,,,,,,明日香,明日香,09asu809_027.wav,asuka,,4,tumugi,,3,,「……千紗、迷わないで。もっと自信を持って」
722000 ,,,,,,,,,,asuka,,4,tumugi,,3,,　そのとき、明日香ちゃんが
723000 ,,,,,,,,,,asuka,,4,tumugi,,3,,　耳元でささやいてくれた。
724000 ,,,,,,,,,,asuka,,4,tumugi,,3,,　そうだ。
725000 ,,,,,,,,,,asuka,,4,tumugi,,3,,　千紗、最後まで頑張るって決めたんだ。
726000 ,,,,,,,千紗,千紗,06tis809_025.wav,asuka,,4,tumugi,,3,,「ねぇ、つむぎさん、こんど遊びに行くね。
　千紗と、お風呂はいろっ」
727000 ,,,,,,,つむぎ,つむぎ,05tum809_006.wav,asuka,,0,tumugi,,1,,「うん、千紗ちゃん。待ってるね。
　それじゃ私、急いでるからこれで」
728000 ,,,,,,,,,,asuka,,0,,,,,　そう言ってつむぎさんは、あの笑顔を見せてくれた。
729000 ,,,,,,,,,,asuka,,0,,,,,　うん。そうだ。
730000 ,,,,,,,,,,asuka,,0,,,,,　あの笑顔と、同じくらい輝けるよう……
731000 ,,,,,,,,,,asuka,,0,,,,,　千紗も、頑張る。
731090 ,,<!Lend_scene_change>,0,9000,,,,,,,,,,,,,
731900 ,$heroine_end,,,,,,,,,,,,,,,,
734000 ,@810,,,,,,,,,,,,,,,,
737900 ,,<hide><!se_room_knock>,,,,,,,,,,,,,,,
737990 ,,<hide><wait time=""800"">,,,,,,,,,,,,,,,
738000 ,,<!Lbegin_scene_change>,8,512,,,優哉,優哉,,,,,,,,,「……ん？」
739000 ,,,,,,,,,,,,,,,,,　夜も＜更＝ふ＞け、そろそろ寝ようかという時間帯。
740000 ,,,,,,,,,,,,,,,,,　明日の準備をしてベッドに入ろうとすると、
741000 ,,,,,,,,,,,,,,,,,　不意にドアがノックされた。
743000 ,,,,,,,千紗,千紗,06tis810_001.wav,,,,,,,,「お兄ちゃん、千紗だよ」
744000 ,,,,,,,優哉,優哉,,,,,,,,,「おう、どうした」
746000 ,,,,,,,千紗,千紗,06tis810_002.wav,,,,,,,,「入っていい？」
747000 ,,,,,,,優哉,優哉,,,,,,,,,「ああ、いいぞ」
750000 ,,<!se_room_open>,,,,,,,,"chisa,pajamas",,4,,,,,　静かにドアが開き、パジャマ姿の千紗が入ってくる。
751000 ,,,,,,,優哉,優哉,,chisa,,4,,,,,「どうした？　千紗」
752000 ,,,,,,,千紗,千紗,06tis810_003.wav,chisa,,3,,,,,「うん……。
　えっと、なんだか、寝られなくて……」
753000 ,,,,,,,優哉,優哉,,chisa,,3,,,,,「怖い夢でも見たのか？」
754000 ,,,,,,,千紗,千紗,06tis810_004.wav,chisa,,3,,,,,「違うよ……。
　なんだか、不思議と寝られないの」
755000 ,,,,,,,優哉,優哉,,chisa,,3,,,,,「どうした、病気とかじゃないよな？」
756000 ,,,,,,,千紗,千紗,06tis810_005.wav,chisa,,3,,,,,「うん。そういうのじゃないよ」
757000 ,,,,,,,,,,chisa,,3,,,,,　そう言いながらも、千紗は元気のない顔で
758000 ,,,,,,,,,,chisa,,3,,,,,　こっちに近づいてくる。
759000 ,,,,,,,,,,chisa,,3,,,,,　そして、ベッドにちょこんと腰を下ろす。
760000 ,,,,,,,優哉,優哉,,chisa,,3,,,,,「どうしたんだよ、何かあったか？」
761000 ,,,,,,,千紗,千紗,06tis810_006.wav,chisa,,3,,,,,「…………」
762000 ,,,,,,,,,,chisa,,3,,,,,　無言で首を振る千紗。
763000 ,,,,,,,優哉,優哉,,chisa,,3,,,,,「何もないのに、お前が
　そんなシュンとしてるわけないだろ？」
764000 ,,,,,,,千紗,千紗,06tis810_007.wav,chisa,,3,,,,,「ん……」
765000 ,,,,,,,,,,chisa,,3,,,,,　なんだか、千紗が小さく見える。
766000 ,,,,,,,,,,chisa,,3,,,,,　身体は小さくても、いつもは弾けるようなパワーが
767000 ,,,,,,,,,,chisa,,3,,,,,　こいつを大きく輝かせてるのに、今夜はそれがない。
768000 ,,,,,,,,,,chisa,,3,,,,,　うつむいた千紗の首筋が、ずいぶん細く感じる。
769000 ,,,,,,,,,,chisa,,3,,,,,　こんな頼りない千紗を見るの、ずいぶん久しぶりだ。
770000 ,,,,,,,千紗,千紗,06tis810_008.wav,chisa,,3,,,,,「なんかね……千紗、いろいろ不安なの」
771000 ,,,,,,,優哉,優哉,,chisa,,3,,,,,「不安？」
772000 ,,,,,,,千紗,千紗,06tis810_009.wav,chisa,,3,,,,,「それで、いろいろ考えてたら、
　ひとりでいるのが怖くなっちゃって……」
773000 ,,,,,,,優哉,優哉,,chisa,,3,,,,,「ひとりでいるのが怖いなんて、やっぱり子供だな」
774000 ,,,,,,,千紗,千紗,06tis810_010.wav,chisa,,3,,,,,「……子供じゃないもん」
775000 ,,,,,,,優哉,優哉,,chisa,,3,,,,,「子供だよ。俺にとっては、いつまでも可愛い妹だ」
776000 ,,,,,,,千紗,千紗,06tis810_011.wav,chisa,,3,,,,,「それだけじゃ、やだもん……」
777000 ,,,,,,,,,,chisa,,3,,,,,　表情を隠すように、千紗は俺の肩に顔を埋めてくる。
778000 ,,,,,,,優哉,優哉,,chisa,,3,,,,,「よし。じゃあ今晩は、
　恐がりの千紗と一緒に寝てやろうか」
779000 ,,,,,,,,,,chisa,,3,,,,,　軽い調子で冗談を言う。
780000 ,,,,,,,,,,chisa,,3,,,,,　そういえばガキの頃、暗闇を怖がった千紗と、
781000 ,,,,,,,,,,chisa,,3,,,,,　よく一緒に寝てやったもんだ。
782000 ,,,,,,,,,,chisa,,3,,,,,　この後、むっとした千紗の
783000 ,,,,,,,,,,chisa,,3,,,,,　『　子供扱いしないでー！』なんてリアクションが
784000 ,,,,,,,,,,chisa,,3,,,,,　くると思ってた。
785000 ,,,,,,,,,,chisa,,3,,,,,　なのに……。
786000 ,,,,,,,千紗,千紗,06tis810_012.wav,chisa,,6,,,,,「えっ……」
787000 ,,,,,,,,,,chisa,,6,,,,,　顔を上げた千紗の、予想外の真面目な目。
788000 ,,,,,,,千紗,千紗,06tis810_013.wav,chisa,,6,,,,,「一緒に、寝てくれるの？」
789000 ,,,,,,,,,,chisa,,6,,,,,　ほんのり染まった千紗のほっぺた。
790000 ,,,,,,,,,,chisa,,6,,,,,　今さら冗談とは、言えそうにない。
791000 ,,,,,,,優哉,優哉,,chisa,,6,,,,,「あ、ああ……。まあ、お前がそうしたいなら」
792000 ,,,,,,,千紗,千紗,06tis810_014.wav,chisa,,6,,,,,「……うん。お兄ちゃんといっしょに寝る」
793000 ,,,,,,,,,,chisa,,6,,,,,　こくりとうなずく千紗。
794000 ,,,,,,,優哉,優哉,,chisa,,6,,,,,「じゃあ……寝るか」
795000 ,,,,,,,千紗,千紗,06tis810_015.wav,chisa,,6,,,,,「うん……」
796000 ,,,,,,,,,,chisa,,6,,,,,　千紗の顔が、ずいぶん赤く色づいていた。
799000 ,@811,,,,,,,,,,,,,,,,
802000 ,,,8,512,,,千紗,千紗,06tis811_001.wav,"chisa,pajamas",,0,,,,,「えへへ……おじゃまします……」
803000 ,,,,,,,,,,chisa,,0,,,,,　大きな枕を抱え、
804000 ,,,,,,,,,,chisa,,0,,,,,　少し恥ずかしそうな表情の千紗が入ってくる。
805000 ,,,,,,,優哉,優哉,,chisa,,0,,,,,「それじゃ電気消すぞ、千紗。
　ベッドの中に入れ」
806000 ,,,,,,,千紗,千紗,06tis811_002.wav,chisa,,1,,,,,「うん」
807000 ,,,,,,,,,,chisa,,1,,,,,　ベッドの右半分を空けてやりながら、
808000 ,,,,,,,,,,chisa,,1,,,,,　俺自身の鼓動の速さにとまどう。
809000 ,,,,,,,,,,chisa,,1,,,,,　マズいな。妹と一緒に寝てやるだけなのに。
810000 ,,,,,,,,,,chisa,,1,,,,,　変に意識してしまってる……。
811000 ,,,,,,,千紗,千紗,06tis811_003.wav,chisa,,0,,,,,「じゃあ……入るよ？」
812000 ,,,,,,,優哉,優哉,,chisa,,0,,,,,「ああ」
814000 ,,,,,,,,,,,,,,,,,　枕をセットした千紗が、
815000 ,,,,,,,,,,,,,,,,,　ギシッとベッドに入ってくる。
816000 ,,,,,,,,,,,,,,,,,　するりと、小さな身体が潜り込んできた。
817000 ,,,,,,,,,,,,,,,,,　右肩に、やわらかくてあったかい感触。
818000 ,,,,,,,千紗,千紗,06tis811_004.wav,,,,,,,,「よいしょ……」
819000 ,,,,,,,優哉,優哉,,,,,,,,,「……っ」
820000 ,,,,,,,,,,,,,,,,,　もぞもぞと、さらにそれがくっついてくる。
821000 ,,,,,,,千紗,千紗,06tis811_005.wav,,,,,,,,「ふふっ……お兄ちゃんのお布団……▼」
822000 ,,,,,,,,,,,,,,,,,　口元まで布団を引っ張って、嬉しそうに千紗が笑う。
823000 ,,,,,,,千紗,千紗,06tis811_006.wav,,,,,,,,「お兄ちゃんの匂いがする……」
824000 ,,,,,,,,,,,,,,,,,　可愛い上目遣いに、またもや狼狽えてしまう俺。
825000 ,,,,,,,優哉,優哉,,,,,,,,,「狭く、ないか？」
826000 ,,,,,,,千紗,千紗,06tis811_007.wav,,,,,,,,「ううん、平気。
　それに、お兄ちゃんとくっついてるの、嬉しいし」
827000 ,,,,,,,優哉,優哉,,,,,,,,,「そ……か。
　……じゃあ、電気消すからな」
828000 ,,,,,,,千紗,千紗,06tis811_008.wav,,,,,,,,「うん」
829000 ,,,,,,,,,,,,,,,,,　枕元のリモコンで、明かりを消す。
831000 ,,,,513,,,千紗,千紗,06tis811_009.wav,,,,,,,,「わ……お兄ちゃんって、真っ暗にして寝るんだ」
832000 ,,,,,,,優哉,優哉,,,,,,,,,「お前はまだ豆球つけてるのか」
833000 ,,,,,,,千紗,千紗,06tis811_010.wav,,,,,,,,「う、うん……。だって、怖いもん……」
834000 ,,,,,,,優哉,優哉,,,,,,,,,「じゃあ、小さいのつけとくか？」
835000 ,,,,,,,千紗,千紗,06tis811_011.wav,,,,,,,,「ううん……いいよ。
　お兄ちゃんがいるから」
836000 ,,,,,,,,,,,,,,,,,　洗い立ての髪の匂いと、女の子っぽい甘い香りが
837000 ,,,,,,,,,,,,,,,,,　俺の鼻孔をくすぐる。
838000 ,,,,,,,千紗,千紗,06tis811_012.wav,,,,,,,,「お兄ちゃん、ありがと……」
839000 ,,,,,,,優哉,優哉,,,,,,,,,「ん……ちゃんと寝られそうか？」
840000 ,,,,,,,千紗,千紗,06tis811_013.wav,,,,,,,,「うん……」
841000 ,,,,,,,,,,,,,,,,,　不意に、布団の中で、
842000 ,,,,,,,,,,,,,,,,,　千紗の指先が俺の手に触れる。
843000 ,,,,,,,優哉,優哉,,,,,,,,,「……っ」
844000 ,,,,,,,千紗,千紗,06tis811_014.wav,,,,,,,,「あ……っ」
845000 ,,,,,,,,,,,,,,,,,　互いに、慌ててその手を引っ込める。
846000 ,,,,,,,千紗,千紗,06tis811_015.wav,,,,,,,,「ご、ごめん……」
847000 ,,,,,,,優哉,優哉,,,,,,,,,「いや……」
848000 ,,,,,,,,,,,,,,,,,　ヤバい。意識しすぎだ……俺。
849000 ,,,,,,,優哉,優哉,,,,,,,,,「じ、じゃあ、寝るか……」
850000 ,,,,,,,千紗,千紗,06tis811_016.wav,,,,,,,,「う、うん……」
851000 ,,,,,,,,,,,,,,,,,　心臓が、すごくドキドキしてる。
852000 ,,,,,,,,,,,,,,,,,　ぜんぜん治まってくれない。
853000 ,,,,,,,,,,,,,,,,,　これ、制御不能だ。
854000 ,,,,,,,,,,,,,,,,,　なるべく千紗を意識しないよう、
855000 ,,,,,,,,,,,,,,,,,　ぎゅっと目を閉じる。
856000 ,,,,9000,,,優哉,優哉,,,,,,,,,「じゃあ、おやすみ」
857000 ,,,,,,,千紗,千紗,06tis811_017.wav,,,,,,,,「うん……。お兄ちゃん、おやすみ……」
858000 ,,,,,,,優哉,優哉,,,,,,,,,「ああ」
859000 ,,,,,,,,,,,,,,,,,　目を閉じたら閉じたで、
860000 ,,,,,,,,,,,,,,,,,　他の感覚がすごく鋭敏になってしまった。
861000 ,,,,,,,千紗,千紗,06tis811_018.wav,,,,,,,,「…………」
862000 ,,,,,,,,,,,,,,,,,　千紗の小さな呼吸の音や、
863000 ,,,,,,,,,,,,,,,,,　女の子にしか出せない甘い匂いや、
864000 ,,,,,,,,,,,,,,,,,　パジャマ越しに伝わってくる体温。
865000 ,,,,,,,,,,,,,,,,,　そういうものが、
866000 ,,,,,,,,,,,,,,,,,　俺をどんどん落ち着かなくさせていく。
867000 ,,,,,,,,,,,,,,,,,　何考えてるんだよ、俺……。千紗相手に。
868000 ,,,,,,,,,,,,,,,,,　ぐっと歯を噛みしめる。
869000 ,,,,,,,,,,,,,,,,,　血は繋がらないとはいえ、妹……。
870000 ,,,,,,,,,,,,,,,,,　しかし……妹とはいえ、年頃の女の子。
871000 ,,,,,,,,,,,,,,,,,　そして、俺自身、年頃の青少年なわけで……。
872000 ,,,,,,,優哉,優哉,,,,,,,,,「…………っ！」
873000 ,,,,,,,,,,,,,,,,,　ダメだダメだダメだ！
874000 ,,,,,,,,,,,,,,,,,　余計なことを考えるな！
875000 ,,,,,,,,,,,,,,,,,　今晩は、元気がない千紗のために
876000 ,,,,,,,,,,,,,,,,,　一緒に寝てやってるだけなんだから。
877000 ,,,,,,,,,,,,,,,,,　そうだ……寝よう。
878000 ,,,,,,,,,,,,,,,,,　眠らなくては……。
882000 ,,<!timepass_2_short>,0,13102,,,,,,,,,,,,,　どれくらいたっただろうか？
883000 ,,,,,,,,,,,,,,,,,　いくら眠ろうと思っても眠れず、
884000 ,,,,,,,,,,,,,,,,,　悶々としたまま時間が過ぎていった。
885000 ,,,,,,,,,,,,,,,,,　千紗と寝るのが、こんなに疲れるなんて……。
886000 ,,,,,,,,,,,,,,,,,　やっぱり、昔とは違うんだな。
888000 ,,,13,513,,,千紗,千紗,06tis811_019.wav,,,,,,,,「………………お兄ちゃん……。起きてる？」
889000 ,,,,,,,,,,,,,,,,,　不意にかけられる小さな声。
890000 ,,,,,,,,,,,,,,,,,　心臓が、またドクンと揺れた。
891000 ,,,,,,,優哉,優哉,,,,,,,,,「…………起きてるよ」
892000 ,,,,,,,,,,,,,,,,,　さっきまでほとんど動かなかった千紗が、
893000 ,,,,,,,,,,,,,,,,,　俺の返事を聞き、布団の中でもぞつく。
894000 ,,,,,,,優哉,優哉,,,,,,,,,「……？」
895000 ,,,,,,,,,,,,,,,,,　チラリと目を開くと、
896000 ,,,,,,,,,,,,,,,,,　千紗が、身体をこちらがわに向けていた。
897000 ,,,,,,,,,,,,,,,,,　とっさに目を閉じたが、暗闇の中ではにかむ
898000 ,,,,,,,,,,,,,,,,,　千紗の顔が、目に焼き付いてしまった。
899000 ,,,,,,,千紗,千紗,06tis811_020.wav,,,,,,,,「なんか……なかなか眠れないね……」
900000 ,,,,,,,優哉,優哉,,,,,,,,,「そうだな」
901000 ,,,,,,,千紗,千紗,06tis811_021.wav,,,,,,,,「昔はお兄ちゃんと一緒の布団に入れば、
　すぐ眠れたのに……」
902000 ,,,,,,,千紗,千紗,06tis811_022.wav,,,,,,,,「へんだな……今は、なかなか眠れないよ……」
903000 ,,,,,,,優哉,優哉,,,,,,,,,「お前ももう子供じゃないってことだよ」
904000 ,,,,,,,千紗,千紗,06tis811_023.wav,,,,,,,,「さっきは子供扱いしたのに？」
905000 ,,,,,,,優哉,優哉,,,,,,,,,「うん、まあ撤回する。少しはお前も成長してるよ」
906000 ,,,,,,,千紗,千紗,06tis811_024.wav,,,,,,,,「少しは……？」
907000 ,,,,,,,優哉,優哉,,,,,,,,,「ああ、少しはな」
908000 ,,,,,,,千紗,千紗,06tis811_025.wav,,,,,,,,「……ぶぅ……」
909000 ,,,,,,,,,,,,,,,,,　また、千紗が小さく身じろぎして、
910000 ,,,,,,,,,,,,,,,,,　ベッドが揺れる。
911000 ,,,,,,,千紗,千紗,06tis811_026.wav,,,,,,,,「……千紗、小さいころ、何か怖いことがあると、
　よくお兄ちゃんが寝てる布団に入ったよね？」
912000 ,,,,,,,優哉,優哉,,,,,,,,,「ああ。しょっちゅうな」
913000 ,,,,,,,千紗,千紗,06tis811_027.wav,,,,,,,,「お父さんとお母さんの布団にも入ったけどね。
　でも、お兄ちゃんの布団が一番安心できたの……」
914000 ,,,,,,,優哉,優哉,,,,,,,,,「ああ、よくオヤジが悔しがって泣いてたな」
915000 ,,,,,,,千紗,千紗,06tis811_028.wav,,,,,,,,「うん……。千紗ね、
　お兄ちゃんの近くが一番好きだったの」
916000 ,,,,,,,優哉,優哉,,,,,,,,,「…………」
917000 ,,,,,,,,,,,,,,,,,　また、胸がどきりとする。
918000 ,,,,,,,千紗,千紗,06tis811_029.wav,,,,,,,,「でも、今はなんでだったかわかるな……」
919000 ,,,,,,,優哉,優哉,,,,,,,,,「……？」
920000 ,,,,,,,,,,,,,,,,,　こいつ、何を言おうとしてるんだろう？
921000 ,,,,,,,千紗,千紗,06tis811_030.wav,,,,,,,,「お兄ちゃん……」
922000 ,,,,,,,優哉,優哉,,,,,,,,,「……ん？」
923000 ,,,,,,,千紗,千紗,06tis811_031.wav,,,,,,,,「好きな人……いる？」
924000 ,,,,,,,優哉,優哉,,,,,,,,,「え……」
925000 ,,,,,,,,,,,,,,,,,　いきなりの質問に不意を打たれてしまった。
926000 ,,,,,,,千紗,千紗,06tis811_032.wav,,,,,,,,「…………」
927000 ,,,,,,,,,,,,,,,,,　好きな人？　なんでそんなこと聞くんだ？
928000 ,,,,,,,優哉,優哉,,,,,,,,,「えっと……それは……」
929000 ,,,,,,,,,,,,,,,,,　つむぎの顔が、脳裏に浮かぶ。
930000 ,,,,,,,,,,,,,,,,,　天井を見つめ、一瞬、自分の気持ちを確かめる。
931000 ,,,,,,,,,,,,,,,,,　つむぎ……？
932000 ,,,,,,,,,,,,,,,,,　俺、つむぎのこと……そうなのか？
933000 ,,,,,,,,,,,,,,,,,　確かにすごく気にはなっているが、
934000 ,,,,,,,,,,,,,,,,,　これが恋かどうかは、まだわからない。
935000 ,,,,,,,優哉,優哉,,,,,,,,,「……お前は、いるのか？」
936000 ,,,,,,,千紗,千紗,06tis811_033.wav,,,,,,,,「…………」
937000 ,,,,,,,,,,,,,,,,,　空気が、少しだけ震えた。
938000 ,,,,,,,,,,,,,,,,,　千紗が息を吸う音がリアルに聞こえてくる。
939000 ,,,,,,,千紗,千紗,06tis811_034.wav,,,,,,,,「…………いるよ……」
940000 ,,,,,,,,,,,,,,,,,　真剣な声が、耳に響く。
941000 ,,,,,,,優哉,優哉,,,,,,,,,「なあ、千紗。それって……」
942000 ,,,,,,,優哉,優哉,,,,,,,,,「千紗……？」
943000 ,,,,,,,千紗,千紗,06tis811_035.wav,,,,,,,,「…………」
944000 ,,,,,,,優哉,優哉,,,,,,,,,「……んっ？」
945000 ,,,,,,,千紗,千紗,06tis811_036.wav,,,,,,,,「……すぅー……すぅー……」
946000 ,,,,,,,,,,,,,,,,,　静かに、千紗の方に首を向ける。
947000 ,,,,,,,千紗,千紗,06tis811_037.wav,,,,,,,,「すぅぅー……ん……んぅー……くぅー……」
948000 ,,,,,,,優哉,優哉,,,,,,,,,「…………寝てら」
949000 ,,,,,,,,,,,,,,,,,　平和な寝顔しやがって……。
950000 ,,,,,,,,,,,,,,,,,　ちょっと狼狽えてしまったが、やっぱりこいつは
951000 ,,,,,,,,,,,,,,,,,　可愛い妹なんだよな……。
952000 ,,,,,,,千紗,千紗,06tis811_038.wav,,,,,,,,「ん……んぅ……」
953000 ,,,,,,,優哉,優哉,,,,,,,,,「風邪引くなよ」
954000 ,,,,,,,,,,,,,,,,,　はだけかかっていた布団を、肩口までかけてやり、
955000 ,,,,,,,,,,,,,,,,,　もう一度寝顔を見つめる。
956000 ,,,,,,,,,,,,,,,,,　寝顔は、子供の頃からぜんぜん変わらない。
957000 ,,,,,,,優哉,優哉,,,,,,,,,「千紗……お前は俺の、大事な妹だぞ」
958000 ,,,,,,,,,,,,,,,,,　軽く髪を撫でてやり、俺も静かに目を閉じた。
958090 ,,<!Lend_night>,0,9000,,,,,,,,,,,,,
958900 ,,<!ec_chisa_pri>,,,,,,,,,,,,,,,
961000 ,@812,,,,,,,,,,,,,,,,
964000 ,,<!Lbegin_morning>,1,500,,,優哉,優哉,,,,,,,,,「ん……」
965000 ,,,,,,,,,,,,,,,,,　うっすら目を開くと、すっかり夜が明けていた。
966000 ,,,,,,,優哉,優哉,,,,,,,,,「あー……」
967000 ,,,,,,,,,,,,,,,,,　いつの間に寝たんだっけ？
968000 ,,,,,,,優哉,優哉,,,,,,,,,「いてて……」
969000 ,,,,,,,,,,,,,,,,,　いつもと違う体勢で寝たから、首とか肩が
970000 ,,,,,,,,,,,,,,,,,　ちょっと痛くなってる。
971000 ,,,,,,,優哉,優哉,,,,,,,,,「あれ？」
972000 ,,,,,,,,,,,,,,,,,　ベッドの半分には、すでに千紗の姿はない。
973000 ,,,,,,,優哉,優哉,,,,,,,,,「あいつ……」
974000 ,,,,,,,,,,,,,,,,,　こわばった身体を、むくりと起こす。
975000 ,,,,,,,,,,,,,,,,,　布団がきれいに整えられ、千紗の枕もなくなっている。
976000 ,,,,,,,,,,,,,,,,,　時計を見ると、まだ７時ちょっとすぎ。
977000 ,,,,,,,,,,,,,,,,,　千紗がこんな早起きするなんて
978000 ,,,,,,,,,,,,,,,,,　普段だったらありえないぞ？
979000 ,,,,,,,優哉,優哉,,,,,,,,,「……夢でも見てたか？」
980000 ,,,,,,,,,,,,,,,,,　千紗がいたはずの場所に触れてみるが、
981000 ,,,,,,,,,,,,,,,,,　シーツはもう冷たくなっていた。
982000 ,,,,,,,優哉,優哉,,,,,,,,,「夕べ、一緒に寝たんだよな？」
983000 ,,,,,,,,,,,,,,,,,　俺が起きる前に、こんなに痕跡を消されてしまうと
984000 ,,,,,,,,,,,,,,,,,　狐につままれたような気になってくる。　
985000 ,,,,,,,優哉,優哉,,,,,,,,,「あ……」
986000 ,,,,,,,,,,,,,,,,,　ふわりと、甘い匂いが鼻先をくすぐる。
987000 ,,,,,,,,,,,,,,,,,　これは間違いなく、千紗の……。
988000 ,,,,,,,優哉,優哉,,,,,,,,,「やっぱり、夢じゃないか……」
990000 ,,<!move_short>,,200,,,陽向,陽向,07hin812_001.wav,,,,,,,,「あ、おはよう。お兄ちゃん」
991000 ,,,,,,,優哉,優哉,,,,,,,,,「おう、陽向」
992000 ,,,,,,,,,,,,,,,,,　キッチンでは、いつものように、陽向が手際よく
993000 ,,,,,,,,,,,,,,,,,　朝食の準備を進めている。
994000 ,,,,,,,,,,,,,,,,,　リビングには、誰もない。
995000 ,,,,,,,優哉,優哉,,,,,,,,,「陽向、千紗はどうした？」
996000 ,,,,,,,陽向,陽向,07hin812_002.wav,"hinata,private",,0,,,,,「あっ、お姉ちゃんなら用があるからって
　早めに出かけちゃったよー」
997000 ,,,,,,,優哉,優哉,,hinata,,0,,,,,「そっか……」
998000 ,,,,,,,,,,hinata,,0,,,,,　それにしたってずいぶん早い……。
999000 ,,,,,,,陽向,陽向,07hin812_003.wav,hinata,,0,,,,,「お姉ちゃん、パンひと切れだけ食べて
　行っちゃったんだよ？
　ボク、びっくりしちゃった」
1000000 ,,,,,,,優哉,優哉,,hinata,,0,,,,,「それは……おかしいな……」
1001000 ,,,,,,,陽向,陽向,07hin812_004.wav,hinata,,0,,,,,「だよね。どこかおかしいのかな？」
1002000 ,,,,,,,優哉,優哉,,hinata,,0,,,,,「…………」
1003000 ,,,,,,,,,,hinata,,0,,,,,　あいつ……なに考えてんだろ……。
1004000 ,,,,,,,陽向,陽向,07hin812_005.wav,hinata,,1,,,,,「あっ、ゴハンもうできるから待っててー」
1005000 ,,,,,,,優哉,優哉,,hinata,,1,,,,,「……ああ」
1006000 ,,,,,,,,,,,,,,,,,　意識しすぎてはいけないと思うのに、夕べの千紗が、　なかなか頭から離れていかなかった。
1006090 ,,<!Lend_scene_change>,0,9000,,,,,,,,,,,,,
1009000 ,@813,,,,,,,,,,,,,,,,
1013000 ,,<!Lbegin_scene_change>,7,4500,,,大和,大和,08yam813_001.wav,"yamato,uniform",,1,,,,,「おーい、優哉。飯にしようぜー」
1014000 ,,,,,,,優哉,優哉,,yamato,,1,,,,,「ああ」
1015000 ,,,,,,,愛歌,愛歌,01man813_001.wav,yamato,,1,"manaka,uniform",,0,,「優哉ちゃん、お弁当は？」
1016000 ,,,,,,,優哉,優哉,,yamato,,1,manaka,,0,,「一応、陽向の作ってくれた朝飯の残りを持ってきた。　でも、少し足りないんだよな」
1017000 ,,,,,,,愛歌,愛歌,01man813_002.wav,yamato,,1,manaka,,1,,「じゃあ、私の少しあげるね。
　今日、ちょっと多めだったんだ」
1018000 ,,,,,,,大和,大和,08yam813_002.wav,yamato,,0,manaka,,1,,「お、いいな。幼なじみ特権ってヤツか」
1019000 ,,,,,,,優哉,優哉,,yamato,,0,manaka,,1,,「ほっとけ」
1020000 ,,,,,,,大和,大和,08yam813_003.wav,yamato,,0,manaka,,1,,「幼なじみのいない俺は、
　ひとり寂しくコンビニ弁当の予定だ」
1021000 ,,,,,,,愛歌,愛歌,01man813_003.wav,yamato,,0,manaka,,0,,「じゃあ、みんなでコンビニ行こうよ。
　私、欲しい飲み物あるんだ」
1022000 ,,,,,,,大和,大和,08yam813_004.wav,yamato,,0,manaka,,0,,「お、珍しいな、秋里がコンビニ行きたいなんて。
　近所のスーパーの方がいいんじゃないか？」
1023000 ,,,,,,,愛歌,愛歌,01man813_004.wav,yamato,,0,manaka,,3,,「えっ、なんで？」
1024000 ,,,,,,,大和,大和,08yam813_005.wav,yamato,,0,manaka,,3,,「主婦っぽいから」
1025000 ,,,,,,,愛歌,愛歌,01man813_005.wav,yamato,,0,manaka,,5,,「あぅぅ……。
　私ってば、主婦っぽく見えるのかな、優哉ちゃん」
1026000 ,,,,,,,優哉,優哉,,yamato,,0,manaka,,5,,「知るかそんなこと」
1027000 ,,,,,,,大和,大和,08yam813_006.wav,yamato,,0,manaka,,5,,「ちなみに、秋里は何を買うつもりなんだ？」
1028000 ,,,,,,,愛歌,愛歌,01man813_006.wav,yamato,,0,manaka,,0,,「んっとね、新製品のヘレニズムコーヒーだよ」
1029000 ,,,,,,,優哉,優哉,,yamato,,0,manaka,,0,,「なんだ？　ヘレニズムコーヒーって」
1030000 ,,,,,,,愛歌,愛歌,01man813_007.wav,yamato,,0,manaka,,0,,「えっとね、
　ウインナーコーヒーの生クリームの代わりに、
　カレーが載ってるの」
1031000 ,,,,,,,大和,大和,08yam813_007.wav,yamato,,2,manaka,,0,,「……え」
1032000 ,,,,,,,優哉,優哉,,yamato,,2,manaka,,0,,「冗談だろ」
1033000 ,,,,,,,愛歌,愛歌,01man813_008.wav,yamato,,2,manaka,,1,,「うん。冗談」
1034000 ,,,,,,,大和,大和,08yam813_008.wav,yamato,,3,manaka,,1,,「味を想像して、猟奇な気分になったぜ……」
1035000 ,,,,,,,,,,"tumugi,uniform",,0,,,,,　そんなバカを言い合いながら
1036000 ,,,,,,,,,,tumugi,,0,,,,,　教室を出て行こうとして、
1037000 ,,,,,,,,,,tumugi,,0,,,,,　ふと視界の隅につむぎの姿を捕らえる。
1038000 ,,,,,,,,,,tumugi,,0,,,,,　つむぎにも一声かけて行きたいけど……。
1039000 ,,,,,,,,,,tumugi,,0,,,,,　この前のように拒絶されたらと思うと、
1040000 ,,,,,,,,,,tumugi,,0,,,,,　その勇気が出ない。
1041000 ,,,,,,,大和,大和,08yam813_009.wav,yamato,,5,,,,,「おい、優哉、なにしてるんだ？　行くぞー」
1042000 ,,,,,,,優哉,優哉,,,,,,,,,「お、おう、すぐ行く」
1043000 ,,,,,,,,,,,,,,,,,　俺は大和と愛歌の後を追って、
1044000 ,,,,,,,,,,,,,,,,,　廊下へと走り出した。
1044090 ,,<!Lend_scene_change>,0,9000,,,,,,,,,,,,,
1047000 ,@814,,,,,,,,,,,,,,,,
1050000 ,,<!Lbegin_scene_change>,8,4501,,,,,,,,,,,,,　放課後。
1051000 ,,,,,,,,,,,,,,,,,　つむぎは今日も、
1052000 ,,,,,,,,,,,,,,,,,　居残りでクラスの雑務をこなしていた。
1053000 ,,,,,,,,,,,,,,,,,　あれからつむぎは、
1054000 ,,,,,,,,,,,,,,,,,　積極的にクラスの面倒ごとを引き受けている。
1055000 ,,,,,,,,,,,,,,,,,　クラスの連中も、最初は遠慮していたけど……
1056000 ,,,,,,,,,,,,,,,,,　じきに慣れて、今じゃ便利に使っていた。
1057000 ,,,,,,,,,,,,,,,,,　おかげで、このクラスの環境は
1058000 ,,,,,,,,,,,,,,,,,　劇的に改善している。
1059000 ,,,,,,,,,,,,,,,,,　割れたゴミ箱も、ガムテープで修繕が終わっていた。（ゴミ箱の表面がテープで覆われていたけど）
1060000 ,,,,,,,,,,,,,,,,,　掲示物の剥がれも直っていた。
1061000 ,,,,,,,,,,,,,,,,,（画鋲の消費量が多くて、取るのは大変そうだったが）
1062000 ,,,,,,,,,,,,,,,,,　それから、蛍光灯の掃除もわざわざやっていた。
1063000 ,,,,,,,,,,,,,,,,,（壊さないかハラハラしたが、逆に優しく撫ですぎて
1064000 ,,,,,,,,,,,,,,,,,　ホコリが取りきれなかったところも多かった）
1065000 ,,,,,,,,,,,,,,,,,　そんな感じでつむぎはいつも全力で頑張ってるけど、
1066000 ,,,,,,,,,,,,,,,,,　逆に危うさも感じてしまう。
1067000 ,,,,,,,,,,,,,,,,,　でも、このまえ拒否されたような状態に
1068000 ,,,,,,,,,,,,,,,,,　戻るのが怖くて、
1069000 ,,,,,,,,,,,,,,,,,　俺もつい声をかけそびれてしまっていた。
1070000 ,,,,,,,,,,,,,,,,,　でも、いつまでもそのままじゃ
1071000 ,,,,,,,,,,,,,,,,,　いつかつむぎが潰れてしまいそうで……。
1072000 ,,,,,,,,,,,,,,,,,　俺は、意を決してつむぎに声をかけた。
1073000 ,,,,,,,優哉,優哉,,,,,,,,,「頑張ってるな、つむぎ」
1074000 ,,,,,,,つむぎ,つむぎ,05tum814_001.wav,"tumugi,uniform",,0,,,,,「……あ、優哉さん…………」
1075000 ,,,,,,,,,,tumugi,,0,,,,,　つむぎの前には、プリントの山がある。
1076000 ,,,,,,,,,,tumugi,,0,,,,,　どうやら祭りに関する学校行事のマニュアルを
1077000 ,,,,,,,,,,tumugi,,0,,,,,　いろいろと整理しているらしい。
1078000 ,,,,,,,優哉,優哉,,tumugi,,0,,,,,「オヤジも心配してたぞ。
　最近つむぎは頑張りすぎだって」
1079000 ,,,,,,,つむぎ,つむぎ,05tum814_002.wav,tumugi,,6,,,,,「う、すみません……」
1080000 ,,,,,,,優哉,優哉,,tumugi,,6,,,,,「ま、これでも飲んでひと息ついてくれよ」
1081000 ,,,,,,,,,,tumugi,,6,,,,,　俺は、さっきつむぎの為に買ってきた
1082000 ,,,,,,,,,,tumugi,,6,,,,,　ジュースを差し出す。
1083000 ,,,,,,,,,,tumugi,,6,,,,,　何が好きだかわからなかったから、
1084000 ,,,,,,,,,,tumugi,,6,,,,,　無難なところで１００％オレンジジュースを選んだ。
1085000 ,,,,,,,,,,tumugi,,6,,,,,　もし柑橘系がダメなら、俺が飲むつもりで買ってきた　お茶と交換……という保険もある。
1086000 ,,,,,,,つむぎ,つむぎ,05tum814_003.wav,tumugi,,3,,,,,「……あ、あの」
1087000 ,,,,,,,優哉,優哉,,tumugi,,3,,,,,「んっ、オレンジジュースは好きじゃなかったか？
　だったら、こっちのお茶を飲んでくれよ」
1088000 ,,,,,,,つむぎ,つむぎ,05tum814_004.wav,tumugi,,3,,,,,「あっ、いえ、違います……。その……」
1089000 ,,,,,,,優哉,優哉,,tumugi,,3,,,,,「ん？」
1090000 ,,,,,,,つむぎ,つむぎ,05tum814_005.wav,tumugi,,3,,,,,「水が……」
1091000 ,,,,,,,,,,tumugi,,3,,,,,　ふと見ると、プリントに水の染みが広がっていた。
1092000 ,,,,,,,,,,tumugi,,3,,,,,　キンキンに冷えたのを買ってきたせいで、
1093000 ,,,,,,,,,,tumugi,,3,,,,,　雫が下のプリントに垂れてしまっていたのだった。
1094000 ,,,,,,,優哉,優哉,,tumugi,,3,,,,,「あっ、す、すまん」
1095000 ,,,,,,,つむぎ,つむぎ,05tum814_006.wav,tumugi,,90,,,,,「いえ……。拭いたら、大丈夫でした。
　紙もそんなにふやけてません」
1096000 ,,,,,,,優哉,優哉,,tumugi,,90,,,,,「悪いな。邪魔するつもりはなかったんだが」
1097000 ,,,,,,,つむぎ,つむぎ,05tum814_007.wav,tumugi,,90,,,,,「はい、大丈夫です。わかっています」
1098000 ,,,,,,,優哉,優哉,,tumugi,,90,,,,,「……なあ、つむぎ。良かったら俺にも
　そのプリント整理、手伝わせてくれないか？」
1099000 ,,,,,,,つむぎ,つむぎ,05tum814_008.wav,tumugi,,2,,,,,「えっ？」
1100000 ,,,,,,,優哉,優哉,,tumugi,,2,,,,,「あ、いや、俺はつむぎから
　仕事を取りたい訳じゃない。
　ただ、ひとりでやらせておくのが悪いなと思ってさ」
1101000 ,,,,,,,つむぎ,つむぎ,05tum814_009.wav,tumugi,,5,,,,,「そんな……。私は好きでやっていることですから、
　大丈夫です」
1102000 ,,,,,,,優哉,優哉,,tumugi,,5,,,,,「いいんだ、俺にもやらせてくれ。
　ていうか、手伝いたい。つむぎを、ほっておけない」
1103000 ,,,,,,,つむぎ,つむぎ,05tum814_010.wav,tumugi,,3,,,,,「あ……。す、すみません……」
1104000 ,,,,,,,優哉,優哉,,tumugi,,3,,,,,「なんで、つむぎが謝るんだよ」
1105000 ,,,,,,,つむぎ,つむぎ,05tum814_011.wav,tumugi,,3,,,,,「だって、私が巻き込んでしまったみたいで……」
1106000 ,,,,,,,優哉,優哉,,tumugi,,3,,,,,「いいんだよ。俺は好きでやっている。
　……つむぎも、俺と同じく好きでやってるんだろ？」
1107000 ,,,,,,,つむぎ,つむぎ,05tum814_012.wav,tumugi,,0,,,,,「あ……はい。そうですね」
1108000 ,,,,,,,,,,tumugi,,0,,,,,　つむぎが、少し恥ずかしそうに笑った。
1109000 ,,,,,,,,,,tumugi,,0,,,,,　よどみのない、いい笑顔だった。
1110000 ,,,,,,,つむぎ,つむぎ,05tum814_013.wav,tumugi,,90,,,,,「それじゃ、お手伝い……お願いできますか？」
1111000 ,,,,,,,優哉,優哉,,tumugi,,90,,,,,「ああ、もちろん」
1112000 ,,,,,,,つむぎ,つむぎ,05tum814_014.wav,tumugi,,6,,,,,「あ、あと、それから……」
1113000 ,,,,,,,優哉,優哉,,tumugi,,6,,,,,「んっ？」
1114000 ,,,,,,,,,,tumugi,,6,,,,,　つむぎは、遠慮がちに右手を差し出した。
1115000 ,,,,,,,つむぎ,つむぎ,05tum814_015.wav,tumugi,,6,,,,,「あの……飲み物、いただきます」
1116000 ,,,,,,,優哉,優哉,,tumugi,,6,,,,,「おう。あはははは」
1117000 ,,,,,,,,,,tumugi,,6,,,,,　俺はジュースの缶を差し出そうとする。
1118000 ,,,,,,,優哉,優哉,,tumugi,,6,,,,,「あ、こうすれば水がぬぐえるよな」
1119000 ,,,,,,,,,,tumugi,,6,,,,,　ハンカチも何も持っていなかったので、
1120000 ,,,,,,,,,,tumugi,,6,,,,,　俺は制服の袖で落ちそうだった水滴をぬぐう。
1121000 ,,,,,,,,,,tumugi,,6,,,,,　もちろん、口をつける近くには触れない。
1122000 ,,,,,,,つむぎ,つむぎ,05tum814_016.wav,tumugi,,2,,,,,「あ……」
1123000 ,,,,,,,優哉,優哉,,tumugi,,2,,,,,「気にすんなよ。こっちはすぐ乾くから」
1124000 ,,,,,,,つむぎ,つむぎ,05tum814_017.wav,tumugi,,0,,,,,「はい、すみません」
1125000 ,,,,,,,,,,tumugi,,0,,,,,　そうして、つむぎは両手でジュースを受け取った。
1126000 ,,,,,,,,,,tumugi,,0,,,,,　しばし考え込んだ後、プルトップを動かす。
1127000 ,,,,,,,,,,tumugi,,0,,,,,　ちょっとぎこちないのが心配だったが、
1128000 ,,,,,,,,,,tumugi,,0,,,,,　無事に缶は開いた。
1129000 ,,,,,,,優哉,優哉,,tumugi,,0,,,,,「じゃあ、俺も」
1130000 ,,,,,,,,,,tumugi,,0,,,,,　素早く缶を開けると、なんとなく乾杯のように
1131000 ,,,,,,,,,,tumugi,,0,,,,,　つむぎの前に差し出す。
1132000 ,,,,,,,,,,tumugi,,0,,,,,　つむぎも意味が分かったのか、にっこり微笑んで
1133000 ,,,,,,,,,,tumugi,,0,,,,,　俺の缶に自分の缶をカチンとぶつけてくれた。
1134000 ,,,,,,,つむぎ,つむぎ,05tum814_018.wav,tumugi,,90,,,,,「では、いただきます」
1135000 ,,,,,,,優哉,優哉,,tumugi,,90,,,,,「どうぞ」
1136000 ,,,,,,,,,,tumugi,,90,,,,,　俺も、お茶を口に運ぶ。
1137000 ,,,,,,,,,,tumugi,,90,,,,,　冷たいモノが入って気づいたが、
1138000 ,,,,,,,,,,tumugi,,90,,,,,　どうやら俺の喉はからからだったようだ。
1139000 ,,,,,,,,,,tumugi,,90,,,,,　緊張していた、ということだったのかも知れないが。
1140000 ,,,,,,,つむぎ,つむぎ,05tum814_019.wav,tumugi,,1,,,,,「あ…………。ふふっ」
1141000 ,,,,,,,優哉,優哉,,tumugi,,1,,,,,「な、なにか……おかしかったか？」
1142000 ,,,,,,,つむぎ,つむぎ,05tum814_020.wav,tumugi,,1,,,,,「あ、いえ……その」
1143000 ,,,,,,,つむぎ,つむぎ,05tum814_021.wav,tumugi,,1,,,,,「その……。この缶、えっ、ええっと……。
　優哉さんの匂いが、したので……」
1144000 ,,,,,,,優哉,優哉,,tumugi,,1,,,,,「えっ、俺の……？」
1145000 ,,,,,,,つむぎ,つむぎ,05tum814_022.wav,tumugi,,6,,,,,「あっ、その、嫌なんじゃなくて！　その……。
　ごめんなさい。なんでもないです……」
1146000 ,,,,,,,優哉,優哉,,tumugi,,6,,,,,「悪い、拭かない方が良かったかな」
1147000 ,,,,,,,つむぎ,つむぎ,05tum814_023.wav,tumugi,,6,,,,,「いえ……。その、拭いてくれて良かったです……」
1148000 ,,,,,,,優哉,優哉,,tumugi,,6,,,,,「…………？」
1149000 ,,,,,,,優哉,優哉,,tumugi,,6,,,,,「まあともかく、作業の続きをしようぜ。
　二人でやれば早く済むだろ」
1150000 ,,,,,,,つむぎ,つむぎ,05tum814_024.wav,tumugi,,1,,,,,「はい。では、優哉さんはこちらを……」
1152000 ,,<!timepass_1_long>,,,,,優哉,優哉,,,,,,,,,「ふぅ、これで終わりか？」
1153000 ,,,,,,,つむぎ,つむぎ,05tum814_025.wav,tumugi,,1,,,,,「はい。ありがとうございます。
　……さすがに、もう遅い時間ですね」
1154000 ,,,,,,,優哉,優哉,,tumugi,,1,,,,,「旅館の方は、俺からオヤジに言っておくから。
　気にしなくていいよ」
1155000 ,,,,,,,つむぎ,つむぎ,05tum814_026.wav,tumugi,,0,,,,,「いえ……。これは、私の責任ですから」
1156000 ,,,,,,,優哉,優哉,,tumugi,,0,,,,,「いや、これぐらいはさせてくれよ。
　俺が、つむぎに頼んで居残り作業をしてもらった……　それでいいだろ？」
1157000 ,,,,,,,つむぎ,つむぎ,05tum814_027.wav,tumugi,,3,,,,,「でも……」
1158000 ,,,,,,,優哉,優哉,,tumugi,,3,,,,,「今日のところは、俺の顔を立てさせてくれ」
1159000 ,,,,,,,つむぎ,つむぎ,05tum814_028.wav,tumugi,,0,,,,,「わかりました。では、お願いします……」
1160000 ,,,,,,,優哉,優哉,,tumugi,,0,,,,,「よし、じゃあ帰ろう」
1161000 ,,,,,,,つむぎ,つむぎ,05tum814_029.wav,tumugi,,0,,,,,「はい」
1163000 ,,<!move_veryshort>,,4301,,,,,,tumugi,,0,,,,,　そうして俺たちは、並んで教室を後にする。
1164000 ,,,,,,,,,,tumugi,,0,,,,,　ふと見ると、つむぎは
1165000 ,,,,,,,,,,tumugi,,0,,,,,　さっきのジュースの空き缶を手に持っていた。
1166000 ,,,,,,,優哉,優哉,,tumugi,,0,,,,,「ゴミ、捨てなくていいのか？」
1167000 ,,,,,,,つむぎ,つむぎ,05tum814_030.wav,tumugi,,6,,,,,「あっ……いいんです。これは……いいんです……」
1168000 ,,,,,,,優哉,優哉,,tumugi,,6,,,,,「んっ、何か使うのか？」
1169000 ,,,,,,,つむぎ,つむぎ,05tum814_031.wav,tumugi,,6,,,,,「えっ、あ……そ、そうですね。使います」
1170000 ,,,,,,,優哉,優哉,,tumugi,,6,,,,,「そっか……ならいいけど。
　別に空き缶なんて、旅館の中にも
　いっぱいあるんだけどな」
1171000 ,,,,,,,つむぎ,つむぎ,05tum814_032.wav,tumugi,,6,,,,,「これが……いいんです」
1172000 ,,,,,,,優哉,優哉,,tumugi,,6,,,,,「そうか？　まあ、どうでもいいけど……。
　……っと、少し走った方がいいかもな。
　さすがにいい時間だ」
1173000 ,,,,,,,つむぎ,つむぎ,05tum814_033.wav,tumugi,,0,,,,,「なんでしたら、優哉さんは先に行ってください」
1174000 ,,,,,,,優哉,優哉,,tumugi,,0,,,,,「それはできないよ」
1175000 ,,,,,,,つむぎ,つむぎ,05tum814_034.wav,tumugi,,5,,,,,「でも私、走るの上手くないですから」
1176000 ,,,,,,,優哉,優哉,,tumugi,,5,,,,,「だったら、一緒に歩こう。
　つむぎと一緒に、遅刻する」
1177000 ,,,,,,,つむぎ,つむぎ,05tum814_035.wav,tumugi,,0,,,,,「えっ？」
1178000 ,,,,,,,優哉,優哉,,tumugi,,0,,,,,「ダメか？」
1179000 ,,,,,,,つむぎ,つむぎ,05tum814_036.wav,tumugi,,90,,,,,「わかりました。でもオーナーに叱られたら……
　私のせいにしてくださいね」
1181000 ,,<!move_short>,,13101,,,優哉,優哉,,,,,,,,,「……叱るのかなぁ、オヤジの奴」
1182000 ,,,,,,,つむぎ,つむぎ,05tum814_037.wav,,,,,,,,「ええ。きっと叱られます」
1183000 ,,,,,,,優哉,優哉,,,,,,,,,「そうかぁ……？
　そんな感じ、全然しない人だけどな……」
1184000 ,,,,,,,つむぎ,つむぎ,05tum814_038.wav,,,,,,,,「オーナーは、ああ見えてすごく真面目な方ですよ」
1185000 ,,,,,,,優哉,優哉,,,,,,,,,「あのオヤジが真面目っつったら、
　俺なんか大真面目人間になっちまうぜ」
1186000 ,,,,,,,つむぎ,つむぎ,05tum814_039.wav,,,,,,,,「くすくす……そうですね」
1187000 ,,,,,,,優哉,優哉,,,,,,,,,「あ、いまバカにしたな？」
1188000 ,,,,,,,つむぎ,つむぎ,05tum814_040.wav,,,,,,,,「し、してませんっ……！」
1189000 ,,,,,,,優哉,優哉,,,,,,,,,「いーや、絶対にしたぞっ！？
　このこのっ、この～！」
1190000 ,,,,,,,つむぎ,つむぎ,05tum814_041.wav,,,,,,,,「わっ、わぁぁぁんっ……！」
1191000 ,,,,,,,,,,,,,,,,,　旅館への道のり、俺たちは並んで歩いた。
1192000 ,,,,,,,,,,,,,,,,,　ずいぶん近くなった、二人の距離を感じながら。
1195000 ,@815,,,,,,,,,,,,,,,,
1198900 ,$heroine_begin,,,,,,,,,,,,,,,,
1199000 ,,<!scene_charchange>,7,12201,,,千紗,千紗,06tis815_001.wav,,,,,,,,「ねぇ明日香ちゃん」
1200000 ,,,,,,,明日香,明日香,09asu815_001.wav,"asuka,uniform",,0,,,,,「なぁに、千紗」
1201000 ,,,,,,,千紗,千紗,06tis815_002.wav,asuka,,0,,,,,「千紗ってさ……子供っぽいかな？」
1202000 ,,,,,,,明日香,明日香,09asu815_002.wav,asuka,,0,,,,,「うーん………………。
　そうね、そうかもね」
1203000 ,,,,,,,千紗,千紗,06tis815_003.wav,asuka,,0,,,,,「うっ、やっぱり……」
1204000 ,,,,,,,明日香,明日香,09asu815_003.wav,asuka,,1,,,,,「でも、そこが千紗の魅力のひとつなのよ。
　とても大切な、千紗のいいところ」
1205000 ,,,,,,,千紗,千紗,06tis815_004.wav,asuka,,1,,,,,「そうかな……」
1206000 ,,,,,,,明日香,明日香,09asu815_004.wav,asuka,,0,,,,,「ええ。だから、無理に大人になろうとしなくていい。
　千紗は、今の千紗のままでいいの」
1207000 ,,,,,,,千紗,千紗,06tis815_005.wav,asuka,,0,,,,,「うん…………」
1208000 ,,,,,,,千紗,千紗,06tis815_006.wav,asuka,,0,,,,,「でも、やっぱり子供っぽいのはダメだよ。
　男の人に振り向いてもらうには、
　大人の女性じゃないと……」
1209000 ,,,,,,,,,,asuka,,0,,,,,　千紗がひとりでつぶやいたような言葉に、
1210000 ,,,,,,,,,,asuka,,0,,,,,　明日香ちゃんは賛成も反対もしなかった。
1211000 ,,,,,,,,,,asuka,,0,,,,,　明日香ちゃんはただ、千紗のとなりで
1212000 ,,,,,,,,,,asuka,,0,,,,,　おだやかな笑顔を見せてくれている。
1213000 ,,,,,,,千紗,千紗,06tis815_007.wav,asuka,,0,,,,,「明日香ちゃんは……いいね。
　落ち着いてて、大人っぽくて……。
　千紗、明日香ちゃんみたいになりたい」
1214000 ,,,,,,,明日香,明日香,09asu815_005.wav,asuka,,5,,,,,「千紗……」
1215000 ,,,,,,,千紗,千紗,06tis815_008.wav,asuka,,5,,,,,「ねぇ明日香ちゃん。
　どうすれば千紗、明日香ちゃんみたいになれるかな？
　千紗には無理なのかな……？」
1216000 ,,,,,,,明日香,明日香,09asu815_006.wav,asuka,,5,,,,,「……………………」
1217000 ,,,,,,,明日香,明日香,09asu815_007.wav,asuka,,0,,,,,「ええ、無理ね」
1218000 ,,,,,,,千紗,千紗,06tis815_009.wav,asuka,,0,,,,,「えっ」
1219000 ,,,,,,,明日香,明日香,09asu815_008.wav,asuka,,0,,,,,「千紗は、千紗なんだから。
　私にはなれないし、私なんかにならなくていいの」
1220000 ,,,,,,,明日香,明日香,09asu815_009.wav,asuka,,0,,,,,「千紗、もっと自分に自信を持って。
　あなたは、あなただけを目指していて」
1221000 ,,,,,,,千紗,千紗,06tis815_010.wav,asuka,,0,,,,,「うん…………」
1222000 ,,,,,,,,,,asuka,,0,,,,,　そう言われても、やっぱり自信なんて持てないよ。
1223000 ,,,,,,,,,,asuka,,0,,,,,　千紗……早く大人になって綺麗にならないと、
1224000 ,,,,,,,,,,asuka,,0,,,,,　つむぎさんにお兄ちゃんを取られちゃう……。
1225000 ,,,,,,,明日香,明日香,09asu815_010.wav,asuka,,0,,,,,「……ねぇ、千紗。
　綺麗になれる方法、教えてあげようか」
1226000 ,,,,,,,千紗,千紗,06tis815_011.wav,asuka,,0,,,,,「えっ？　う、うん。
　教えて、明日香ちゃん！」
1227000 ,,,,,,,明日香,明日香,09asu815_011.wav,asuka,,0,,,,,「えっとね、千紗。
　簡単よ。……恋を、していればいいの」
1228000 ,,,,,,,千紗,千紗,06tis815_012.wav,asuka,,0,,,,,「恋を、する……？」
1229000 ,,,,,,,明日香,明日香,09asu815_012.wav,asuka,,0,,,,,「そう。恋心がね、女の子を綺麗にしていくの」
1230000 ,,,,,,,明日香,明日香,09asu815_013.wav,asuka,,0,,,,,「だからね、千紗は強く、強く、
　その＜男性＝ひと＞のことを想っていて。
　誰よりも強く、そして、決してあきらめないこと」
1231000 ,,,,,,,千紗,千紗,06tis815_013.wav,asuka,,0,,,,,「うん……」
1232000 ,,,,,,,,,,asuka,,0,,,,,　誰よりも強く、決してあきらめない……。
1233000 ,,,,,,,,,,asuka,,0,,,,,　……あっ、ひょっとして明日香ちゃん、
1234000 ,,,,,,,,,,asuka,,0,,,,,　恋をしてたからあんなに綺麗なのかな……？
1235000 ,,,,,,,,,,asuka,,0,,,,,　千紗よりもいっぱい悩んで、いっぱい考えて……。
1236000 ,,,,,,,,,,asuka,,0,,,,,　だから今、あんなに綺麗なのかな……。
1237000 ,,,,,,,明日香,明日香,09asu815_014.wav,asuka,,0,,,,,「わかった？　千紗」
1238000 ,,,,,,,千紗,千紗,06tis815_014.wav,asuka,,0,,,,,「う、うん。なんとなく……わかったかも。
　やっぱりまだ、不安だけど……」
1239000 ,,,,,,,明日香,明日香,09asu815_015.wav,asuka,,3,,,,,「迷うのが一番良くないわ、千紗。
　人を好きになったら、後戻りしちゃダメ」
1240000 ,,,,,,,明日香,明日香,09asu815_016.wav,asuka,,3,,,,,「不安だし、早く大人になりたい気持ちはわかる。
　けど、それは悲しむことじゃないの」
1241000 ,,,,,,,明日香,明日香,09asu815_017.wav,asuka,,0,,,,,「だってそれが『恋』というものなんだから。
　だからね、その不安をめいっぱい楽しむの。
　……わかった？　千紗」
1242000 ,,,,,,,千紗,千紗,06tis815_015.wav,asuka,,0,,,,,「あ…………」
1243000 ,,,,,,,,,,asuka,,0,,,,,　胸の中で、すとんと、何かが落ちる。
1244000 ,,,,,,,千紗,千紗,06tis815_016.wav,asuka,,0,,,,,「そっか……。明日香ちゃん、ありがと」
1245000 ,,,,,,,明日香,明日香,09asu815_018.wav,asuka,,42,,,,,「ううん。千紗の役に立てて、私も嬉しいよ」
1246000 ,,,,,,,,,,asuka,,42,,,,,　明日香ちゃんが、柔らかく微笑んでくれた。
1247000 ,,,,,,,,,,asuka,,42,,,,,　少しだけだけど、気持ちが軽くなった気がする。
1248000 ,,,,,,,,,,asuka,,42,,,,,　でも、その少しだけが、すごく、うれしい。
1249000 ,,,,,,,,,,asuka,,42,,,,,　……ほんと。明日香ちゃんには、
1250000 ,,,,,,,,,,asuka,,42,,,,,　助けられてばかりだなあ……。
1251000 ,,,,,,,明日香,明日香,09asu815_019.wav,asuka,,42,,,,,「それじゃ千紗、私はここでね。また明日」
1252000 ,,,,,,,千紗,千紗,06tis815_017.wav,asuka,,42,,,,,「うん。ありがと、明日香ちゃん。バイバイ」
1254000 ,,<!move_normal>,,12301,,,,,,,,,,,,,　明日香ちゃんと別れるいつもの場所から、
1255000 ,,,,,,,,,,,,,,,,,　自分の家まであと少し。
1256000 ,,,,,,,,,,,,,,,,,　心のつかえが下りた気分で、歩いていると……。
1257000 ,,,,,,,千紗,千紗,06tis815_018.wav,,,,,,,,「……あっ」
1258000 ,,,,,,,,,,,,,,,,,　道の向こうから、お兄ちゃんとつむぎさんが
1259000 ,,,,,,,,,,,,,,,,,　並んで歩いてくるのが見えた。
1260000 ,,,,,,,千紗,千紗,06tis815_019.wav,,,,,,,,「わっ、わわっ、どうしよう……！」
1260080 ,$heroine_end,,,,,,,,,,,,,,,,
1263000 ,@816,,,,,,,,,,,,,,,,
1268000 ,,<!scene_charchange>,8,12301,,,優哉,優哉,,,,,,,,,「……そういや、旅館の
　祭り限定メニューって決まったのか？」
1270000 ,,,,,,,つむぎ,つむぎ,05tum816_001.wav,"tumugi,uniform",,90,,,,,「はい。まだ全部は決まっていないようですが……。
　夕べは栗や山菜をたくさん使ったおこわを
　試食させていただきました」
1271000 ,,,,,,,優哉,優哉,,tumugi,,90,,,,,「ああ、それいいな。俺も食べたい」
1272000 ,,,,,,,つむぎ,つむぎ,05tum816_002.wav,tumugi,,1,,,,,「でしたら今度、お宅に届けに行きます。
　美味しかったですよ」
1273000 ,,,,,,,優哉,優哉,,tumugi,,1,,,,,「いいよ。俺が旅館行く。
　一緒にいろいろ試食しよう」
1274000 ,,,,,,,つむぎ,つむぎ,05tum816_003.wav,tumugi,,0,,,,,「あ……は、はい……」
1275000 ,,,,,,,優哉,優哉,,tumugi,,0,,,,,「泊まってくれるのが、一番嬉しいけどさ」
1276000 ,,,,,,,つむぎ,つむぎ,05tum816_004.wav,tumugi,,6,,,,,「は、はい？」
1277000 ,,,,,,,優哉,優哉,,tumugi,,6,,,,,「泊まりの客は期待できなくても、
　立ち寄り湯のついでに食事してもらったりとか、
　そんな感じでお客さんが来てくれるといいよな」
1278000 ,,,,,,,つむぎ,つむぎ,05tum816_005.wav,tumugi,,0,,,,,「あ、ああ、そういうことでしたか……。
　はい、そうですね。
　お客さんにたくさん来て頂けると、嬉しいです」
1279000 ,,,,,,,優哉,優哉,,tumugi,,0,,,,,「うちの板長の味は、
　もっと多くの人に知ってもらうべきだよ」
1280000 ,,,,,,,優哉,優哉,,tumugi,,0,,,,,「あ……」
1281000 ,,,,,,,つむぎ,つむぎ,05tum816_006.wav,tumugi,,0,,,,,「えっ？」
1282000 ,,,,,,,優哉,優哉,,tumugi,,0,,,,,「千紗……」
1284000 ,,<!move_look_r>,,,,,,,,,,,"chisa,uniform",,3,,　道の途中に、千紗がたたずんでいた。
1285000 ,,,,,,,つむぎ,つむぎ,05tum816_007.wav,,,,chisa,,3,,「あ……」
1286000 ,,,,,,,優哉,優哉,,,,,chisa,,3,,「……？」
1287000 ,,,,,,,,,,,,,chisa,,3,,　こちらに気づいているだろうに、
1288000 ,,,,,,,,,,,,,chisa,,3,,　走り寄っても来ずにただ立ち尽くしている。
1289000 ,,,,,,,優哉,優哉,,,,,chisa,,3,,「おーい、どうしたー？」
1290000 ,,,,,,,千紗,千紗,06tis816_001.wav,,,,chisa,,3,,「…………」
1291000 ,,,,,,,,,,,,,chisa,,3,,　全然動きそうにないから、
1292000 ,,,,,,,,,,,,,chisa,,3,,　こっちが千紗の方に向かう。
1293000 ,,,,,,,優哉,優哉,,,,,chisa,,3,,「千紗……？」
1294000 ,,,,,,,つむぎ,つむぎ,05tum816_008.wav,tumugi,,90,chisa,,3,,「千紗ちゃん、こんにちは」
1295000 ,,,,,,,千紗,千紗,06tis816_002.wav,tumugi,,90,chisa,,3,,「…………こんにちは」
1296000 ,,,,,,,優哉,優哉,,tumugi,,3,chisa,,4,,「…………？」
1297000 ,,,,,,,,,,tumugi,,3,chisa,,4,,　千紗の表情がすごく硬い。
1298000 ,,,,,,,,,,tumugi,,3,chisa,,4,,　ぺこりと頭を下げた後、じっと俺とつむぎを見つめ、
1299000 ,,,,,,,,,,tumugi,,3,chisa,,4,,　唇をきつく結んでしまった。
1300000 ,,,,,,,優哉,優哉,,tumugi,,3,chisa,,4,,「俺たち、旅館に行く途中だったんだ。
　どうせ家の前を通っていくから、
　千紗も一緒に帰ろうぜ？」
1301000 ,,,,,,,千紗,千紗,06tis816_003.wav,tumugi,,3,chisa,,4,,「…………うん」
1302000 ,,,,,,,,,,tumugi,,3,chisa,,4,,　了承するものの、表情の変わらない千紗。
1303000 ,,,,,,,優哉,優哉,,tumugi,,3,chisa,,4,,「じゃあ、行こう」
1305000 ,,,,101,,,,,,,,,,,,,　家までの道のりが、すごく長く感じた。
1306000 ,,,,,,,,,,,,,,,,,　重い雰囲気の中で、
1307000 ,,,,,,,,,,,,,,,,,　俺ひとりがしゃべっていた気がする。
1308000 ,,,,,,,優哉,優哉,,,,,,,,,「じゃあ千紗、俺たち旅館に行くからさ。
　夜には帰るよ」
1309000 ,,,,,,,千紗,千紗,06tis816_004.wav,,,,chisa,,4,,「うん…………」
1310000 ,,,,,,,つむぎ,つむぎ,05tum816_009.wav,tumugi,,4,chisa,,4,,「……………………」
1311000 ,,,,,,,つむぎ,つむぎ,05tum816_010.wav,tumugi,,4,chisa,,4,,「すみません、優哉さん。
　旅館には、先に行っててくれますか？」
1312000 ,,,,,,,優哉,優哉,,tumugi,,4,chisa,,4,,「えっ？」
1313000 ,,,,,,,つむぎ,つむぎ,05tum816_011.wav,tumugi,,0,chisa,,4,,「ねぇ……千紗ちゃん」
1314000 ,,,,,,,千紗,千紗,06tis816_005.wav,tumugi,,0,chisa,,3,,「……えっ？」
1315000 ,,,,,,,つむぎ,つむぎ,05tum816_012.wav,tumugi,,4,chisa,,3,,「ちょっと、時間あるかな？
　少し、千紗ちゃんとお話ししたいんだけど……」
1316000 ,,,,,,,千紗,千紗,06tis816_006.wav,tumugi,,4,chisa,,3,,「えっ……」
1317000 ,,,,,,,,,,tumugi,,4,chisa,,3,,　静かだが真っ直ぐな視線が、千紗に向けられる。
1318000 ,,,,,,,千紗,千紗,06tis816_007.wav,tumugi,,4,chisa,,3,,「…………」
1319000 ,,,,,,,千紗,千紗,06tis816_008.wav,tumugi,,4,chisa,,4,,「…………うん」
1320000 ,,,,,,,,,,tumugi,,4,chisa,,4,,　千紗も、何かを決心したような顔で
1321000 ,,,,,,,,,,tumugi,,4,chisa,,4,,　つむぎを見上げた。
1322000 ,,,,,,,優哉,優哉,,tumugi,,4,chisa,,4,,「…………」
1323000 ,,,,,,,,,,tumugi,,4,chisa,,4,,　俺が、口を挟む隙のない空気。
1324000 ,,,,,,,つむぎ,つむぎ,05tum816_013.wav,tumugi,,4,chisa,,4,,「では、優哉さん。
　すみませんが、オーナーによろしくお伝えください」
1325000 ,,,,,,,,,,,,,chisa,,4,,　俺に一礼してから、
1326000 ,,,,,,,,,,,,,chisa,,4,,　つむぎが千紗をうながして歩き出す。
1327000 ,,,,,,,優哉,優哉,,,,,,,,,「あ…………」
1328000 ,,,,,,,,,,,,,,,,,　俺は、去っていく二人を
1329000 ,,,,,,,,,,,,,,,,,　ただ見送ることしかできなかった。
1332000 ,@817,,,,,,,,,,,,,,,,
1336080 ,$heroine_begin,,,,,,,,,,,,,,,,
1336090 ,,<hide><!scene_charchange>,14,12301,,,,,,,,,,,,,
1336900 ,,<hide><wait time=""800"">,,,,,,,,,,,,,,,
1337090 ,,<hide><!move_normal>,,12201,,,,,,,,,,,,,
1337900 ,,<hide><wait time=""800"">,,,,,,,,,,,,,,,
1339000 ,,<hide><!move_normal>,14,12101,,,千紗,千紗,06tis817_001.wav,"tumugi,uniform",,4,"chisa,uniform",,3,,「つ、つむぎさん、いったいどこまで……」
1340000 ,,,,,,,つむぎ,つむぎ,05tum817_001.wav,tumugi,,0,chisa,,3,,「この辺りなら……いいかな」
1341000 ,,,,,,,千紗,千紗,06tis817_002.wav,tumugi,,0,chisa,,3,,「えっ」
1342000 ,,,,,,,つむぎ,つむぎ,05tum817_002.wav,tumugi,,0,chisa,,3,,「ここなら……きっと誰も来ないから」
1343000 ,,,,,,,,,,tumugi,,0,chisa,,3,,　いったい、なんだろ……。
1344000 ,,,,,,,,,,tumugi,,0,chisa,,3,,　つむぎさん、なんだかこわい。
1345000 ,,,,,,,つむぎ,つむぎ,05tum817_003.wav,tumugi,,4,chisa,,3,,「……ねぇ、千紗ちゃん」
1346000 ,,,,,,,つむぎ,つむぎ,05tum817_004.wav,tumugi,,4,chisa,,3,,「心の奥に……抱えてること、ない？」
1347000 ,,,,,,,千紗,千紗,06tis817_003.wav,tumugi,,4,chisa,,3,,「えっ？」
1348000 ,,,,,,,つむぎ,つむぎ,05tum817_005.wav,tumugi,,4,chisa,,3,,「千紗ちゃんが抱えてる気持ち、聞かせて欲しいの。
　本当の……千紗ちゃんの気持ち」
1349000 ,,,,,,,千紗,千紗,06tis817_004.wav,tumugi,,4,chisa,,5,,「ち、千紗は……。別に、なにも……」
1350000 ,,,,,,,つむぎ,つむぎ,05tum817_006.wav,tumugi,,4,chisa,,5,,「いいのよ。教えて。
　私、千紗ちゃんの気持ちが知りたい」
1351000 ,,,,,,,千紗,千紗,06tis817_005.wav,tumugi,,4,chisa,,3,,「……そ、そんなの…………」
1352000 ,,,,,,,,,,tumugi,,4,chisa,,3,,　つ、つむぎさんが聞きたいのって、
1353000 ,,,,,,,,,,tumugi,,4,chisa,,3,,　お兄ちゃんのことだよね……。
1354000 ,,,,,,,,,,tumugi,,4,chisa,,3,,　千紗が……お兄ちゃんを好きなこと、
1355000 ,,,,,,,,,,tumugi,,4,chisa,,3,,　つむぎさんは知ってるんだ……。
1356000 ,,,,,,,千紗,千紗,06tis817_006.wav,tumugi,,4,chisa,,3,,「ち、千紗は……別に…………」
1357000 ,,,,,,,つむぎ,つむぎ,05tum817_007.wav,tumugi,,4,chisa,,3,,「……………………」
1358000 ,,,,,,,,,,tumugi,,4,chisa,,3,,　ダメだ、つむぎさんには全部
1359000 ,,,,,,,,,,tumugi,,4,chisa,,3,,　見すかされてるような気がする。
1360000 ,,,,,,,千紗,千紗,06tis817_007.wav,tumugi,,4,chisa,,4,,「あのね、千紗……。
　つむぎさんのこと、大好きなの」
1361000 ,,,,,,,つむぎ,つむぎ,05tum817_008.wav,tumugi,,90,chisa,,4,,「ありがとう。私も、千紗ちゃんのことは
　本当の妹のように大切に思ってるよ」
1362000 ,,,,,,,千紗,千紗,06tis817_008.wav,tumugi,,90,chisa,,3,,「で、でもっ……！」
1363000 ,,,,,,,千紗,千紗,06tis817_009.wav,tumugi,,90,chisa,,3,,「千紗は、お兄ちゃんも好き……。大好き……！！
　つむぎさんに……渡したくないの……」
1364000 ,,,,,,,つむぎ,つむぎ,05tum817_009.wav,tumugi,,3,chisa,,3,,「千紗ちゃん…………」
1365000 ,,,,,,,千紗,千紗,06tis817_010.wav,tumugi,,3,chisa,,3,,「渡し…………たく、ないの…………」
1366000 ,,,,,,,つむぎ,つむぎ,05tum817_010.wav,tumugi,,4,chisa,,3,,「そう…………」
1367000 ,,,,,,,,,,tumugi,,4,chisa,,3,,　ヒザがふるえる。口の中が乾く。
1368000 ,,,,,,,,,,tumugi,,4,chisa,,3,,　心の奥が、ツンと痛い。
1369000 ,,,,,,,つむぎ,つむぎ,05tum817_011.wav,tumugi,,4,chisa,,3,,「本当の気持ちを話してくれてありがとう、
　千紗ちゃん」
1370000 ,,,,,,,千紗,千紗,06tis817_011.wav,tumugi,,4,chisa,,3,,「………………」
1371000 ,,,,,,,つむぎ,つむぎ,05tum817_012.wav,tumugi,,4,chisa,,3,,「あのね、千紗ちゃん」
1372000 ,,,,,,,千紗,千紗,06tis817_012.wav,tumugi,,4,chisa,,3,,「う、うん」
1373000 ,,,,,,,つむぎ,つむぎ,05tum817_013.wav,tumugi,,4,chisa,,3,,「私も、優哉さんのことが好き」
1374000 ,,,,,,,千紗,千紗,06tis817_013.wav,tumugi,,4,chisa,,4,,「……っ！！！」
1375000 ,,,,,,,つむぎ,つむぎ,05tum817_014.wav,tumugi,,4,chisa,,4,,「いま、千紗ちゃんと話してね、決心がついたの。
　私も、もう逃げないって……」
1376000 ,,,,,,,千紗,千紗,06tis817_014.wav,tumugi,,4,chisa,,3,,「つむぎさん……」
1377000 ,,,,,,,つむぎ,つむぎ,05tum817_015.wav,tumugi,,4,chisa,,3,,「千紗ちゃん、つらかったでしょ？
　優哉さんを好きだって想い、
　ずっと心の中だけに抱えていて……」
1378000 ,,,,,,,千紗,千紗,06tis817_015.wav,tumugi,,4,chisa,,3,,「……うん…………」
1379000 ,,,,,,,つむぎ,つむぎ,05tum817_016.wav,tumugi,,4,chisa,,3,,「私もね、つらかったんだよ。
　私は、人を好きになっちゃいけなかったから……」
1380000 ,,,,,,,つむぎ,つむぎ,05tum817_017.wav,tumugi,,4,chisa,,3,,「でも、迷うのはやめた」
1381000 ,,,,,,,つむぎ,つむぎ,05tum817_018.wav,tumugi,,4,chisa,,3,,「私は、この想いを大切にする。
　もう、後悔はしたくないから……」
1382000 ,,,,,,,,,,tumugi,,4,chisa,,3,,　つむぎさんも、自分の気持ちをはき出すように
1383000 ,,,,,,,,,,tumugi,,4,chisa,,3,,　言葉を続けた。
1384000 ,,,,,,,,,,tumugi,,4,chisa,,3,,　つむぎさん……やっぱり、お兄ちゃんのこと
1385000 ,,,,,,,,,,tumugi,,4,chisa,,3,,　好きだったんだ。
1386000 ,,,,,,,,,,tumugi,,4,chisa,,3,,　お兄ちゃんは……きっと、
1387000 ,,,,,,,,,,tumugi,,4,chisa,,3,,　つむぎさんのことが好き……。
1388000 ,,,,,,,,,,tumugi,,4,chisa,,3,,　千紗……つむぎさんに、勝てるのかな……。
1389000 ,,,,,,,,,,tumugi,,4,chisa,,3,,　そんな……。やっぱり、勝てるわけ……ないよ……。
1390000 ,,,,,,,千紗,千紗,06tis817_016.wav,tumugi,,4,chisa,,3,,「……………………っ」
1391000 ,,,,,,,千紗,千紗,06tis817_017.wav,tumugi,,4,chisa,,3,,「…………ううっ」
1392000 ,,,,,,,,,,tumugi,,4,chisa,,3,,　自然と……涙が……。
1393000 ,,,,,,,千紗,千紗,06tis817_018.wav,tumugi,,4,chisa,,3,,「うわぁぁ、うわぁぁぁぁん……！！」
1394000 ,,,,,,,つむぎ,つむぎ,05tum817_019.wav,tumugi,,2,chisa,,3,,「千紗ちゃん…………？」
1395000 ,,,,,,,千紗,千紗,06tis817_019.wav,tumugi,,2,chisa,,3,,「うううっ、うっ、ううぅぅぅっ……！」
1396000 ,,,,,,,つむぎ,つむぎ,05tum817_020.wav,tumugi,,90,chisa,,3,,「大丈夫、大丈夫だよ、千紗ちゃん。
　落ち着くまで……ずっと撫でていてあげるから」
1397000 ,,,,,,,,,,tumugi,,90,chisa,,3,,　うっ、ううっ……つむぎさん、優しすぎるよぉ……。
1398000 ,,,,,,,,,,tumugi,,90,chisa,,3,,　千紗、絶対に勝てないよぉ……。
1399000 ,,,,,,,千紗,千紗,06tis817_020.wav,tumugi,,90,chisa,,3,,「ううっ、うっ、ひっく、うううぅぅっ……」
1401000 ,,,,,,,千紗,千紗,06tis817_021.wav,tumugi,,0,chisa,,3,,「…………ぐすっ、ひっく…………」
1402000 ,,,,,,,つむぎ,つむぎ,05tum817_021.wav,tumugi,,0,chisa,,3,,「……ねぇ、千紗ちゃん」
1403000 ,,,,,,,千紗,千紗,06tis817_022.wav,tumugi,,0,chisa,,3,,「うっ…………ひっく…………」
1404000 ,,,,,,,つむぎ,つむぎ,05tum817_022.wav,tumugi,,90,chisa,,3,,「千紗ちゃんはね、素敵な女の子だよ。
　純粋な心を持った、本当に素敵な女の子」
1405000 ,,,,,,,つむぎ,つむぎ,05tum817_023.wav,tumugi,,90,chisa,,3,,「千紗ちゃんの気持ちは、決して間違いじゃない。
　だから、自分に自信を持って。……ね？」
1406000 ,,,,,,,千紗,千紗,06tis817_023.wav,tumugi,,90,chisa,,3,,「……………………」
1407000 ,,,,,,,千紗,千紗,06tis817_024.wav,tumugi,,90,chisa,,4,,「うん…………」
1408000 ,,,,,,,つむぎ,つむぎ,05tum817_024.wav,tumugi,,42,chisa,,4,,「私もね、不安だよ。
　優哉さんの気持ちは、ホントはどうなのか……」
1409000 ,,,,,,,つむぎ,つむぎ,05tum817_025.wav,tumugi,,42,chisa,,4,,「でも千紗ちゃんがいると、頑張れる気がするから。
　不安なのは、私ひとりじゃないんだって……
　勇気が出てくるの」
1410000 ,,,,,,,千紗,千紗,06tis817_025.wav,tumugi,,42,chisa,,3,,「つむぎさん……」
1411000 ,,,,,,,つむぎ,つむぎ,05tum817_026.wav,tumugi,,90,chisa,,3,,「千紗ちゃんと私は、同じ男の人を好きになった。
　……だから、私たちはライバルね」
1412000 ,,,,,,,千紗,千紗,06tis817_026.wav,tumugi,,90,chisa,,4,,「うっ……。千紗……負けないから！」
1413000 ,,,,,,,つむぎ,つむぎ,05tum817_027.wav,tumugi,,1,chisa,,4,,「その意気だよ。優哉さんを振り向かせられるよう、
　お互いに、頑張ろうね」
1414000 ,,,,,,,千紗,千紗,06tis817_027.wav,tumugi,,1,chisa,,4,,「………………うん」
1415000 ,,,,,,,,,,,,,,,,,　そうだったんだ。
1416000 ,,,,,,,,,,,,,,,,,　つむぎさんも……不安だったんだ。
1417000 ,,,,,,,,,,,,,,,,,　つむぎさんには、
1418000 ,,,,,,,,,,,,,,,,,　絶対にかなわないって思ってたけど……。
1419000 ,,,,,,,,,,,,,,,,,　でも、そのつむぎさんだって、
1420000 ,,,,,,,,,,,,,,,,,　不安に思ったり……迷うことがあるんだ。
1421000 ,,,,,,,,,,,,,,,,,　千紗、悩んでたこと、つむぎさんに言って……。
1422000 ,,,,,,,,,,,,,,,,,　そして、つむぎさんの気持ちも聞いて……。
1423000 ,,,,,,,,,,,,,,,,,　すごく、気が楽になれた。
1424000 ,,,,,,,,,,,,,,,,,　今なら、明日香ちゃんが言ってくれてたことも
1425000 ,,,,,,,,,,,,,,,,,　よくわかる。
1426000 ,,,,,,,,,,,,,,,,,　千紗は、千紗のままで良かったんだね。
1427000 ,,,,,,,,,,,,,,,,,　無理して……大人になる必要なんてなかったんだね。
1428000 ,,,,,,,,,,,,,,,,,　明日香ちゃん、今まで何度も言ってくれてたのに……
1429000 ,,,,,,,,,,,,,,,,,　今までわからないなんて、千紗はバカだ。
1430000 ,,,,,,,,,,,,,,,,,　千紗も、つむぎさんも、いっしょ。
1431000 ,,,,,,,,,,,,,,,,,　お兄ちゃんを好きになった……ひとりの女の子。
1432000 ,,,,12101,,,,,,,,,,,,,　それで、良かったんだ。
1434000 ,,<s_fade nw time=""4000"" param=""file=af/a005.af&range=255"">,,13102,,,,,,,,,,,,,　……ありがとう、つむぎさん。
1435000 ,,,,,,,,,,,,,,,,,　千紗、もう、迷わない。
1435090 ,,<!Lend_day_change>,0,9000,,,,,,,,,,,,,
1435800 ,,<!ec_chisa_pri>,,,,,,,,,,,,,,,
1435900 ,$heroine_end,,,,,,,,,,,,,,,,
1438000 ,@818,,,,,,,,,,,,,,,,
1442000 ,,<!Lbegin_morning>,1,500,,,千紗,千紗,06tis818_001.wav,,,,,,,,「お兄ちゃん、起きてっ！」
1443000 ,,,,,,,優哉,優哉,,,,,,,,,「うぉあっ！？」
1444000 ,,,,,,,,,,,,,,,,,　いきなり身体に何かが覆い被さってくる。
1445000 ,,,,,,,千紗,千紗,06tis818_002.wav,,,,,,,,「ほら、早く起きないと潰しちゃうよ？」
1446000 ,,,,,,,優哉,優哉,,,,,,,,,「ちょっ……待っ……何っ？？」
1447000 ,,,,,,,,,,,,,,,,,　もぞもぞと手足を動かすと、
1448000 ,,,,,,,,,,,,,,,,,　ひょいっと重みが消える。
1450000 ,,,,,,,千紗,千紗,06tis818_003.wav,"chisa,uniform",,1,,,,,「えへへっ。おはよう、お兄ちゃん」
1451000 ,,,,,,,優哉,優哉,,chisa,,1,,,,,「あ……お……はよ」
1452000 ,,,,,,,,,,chisa,,1,,,,,　昨日の不機嫌が嘘だったような、元気な笑顔。
1453000 ,,,,,,,千紗,千紗,06tis818_004.wav,chisa,,0,,,,,「起きないの？　もうすぐゴハンできちゃうよ」
1454000 ,,,,,,,優哉,優哉,,chisa,,0,,,,,「えっ？　ああ……」
1455000 ,,,,,,,,,,chisa,,0,,,,,　昨日、つむぎと何があったんだろう？
1456000 ,,,,,,,,,,chisa,,0,,,,,　夕べは千紗、すぐに部屋にこもっちゃったから、
1457000 ,,,,,,,,,,chisa,,0,,,,,　話も聞けなかったけど。
1458000 ,,,,,,,千紗,千紗,06tis818_005.wav,chisa,,0,,,,,「なにボーッとしてるの、お兄ちゃん」
1459000 ,,,,,,,,,,chisa,,0,,,,,　いつもの千紗に戻ってるみたいだ。
1460000 ,,,,,,,優哉,優哉,,chisa,,0,,,,,「いや、うん……いいんだ」
1461000 ,,,,,,,千紗,千紗,06tis818_006.wav,chisa,,1,,,,,「ヘンなお兄ちゃん。……よーしっ！
　お兄ちゃんが起きないなら、千紗も入っちゃうっ」
1463000 ,,,,,,,優哉,優哉,,,,,,,,,「え……っ？　おっ、おいっ！？」
1464000 ,,,,,,,,,,,,,,,,,　制服姿の千紗が、勝手に布団の中に入り込んでくる。
1465000 ,,,,,,,優哉,優哉,,,,,,,,,「こらっ、何やってんだよ」
1466000 ,,,,,,,千紗,千紗,06tis818_007.wav,,,,,,,,「えへへっ、お兄ちゃんのおふとん～」
1467000 ,,,,,,,優哉,優哉,,,,,,,,,「おいおい……」
1468000 ,,,,,,,千紗,千紗,06tis818_008.wav,,,,,,,,「ん～～～……おにいちゃ～ん……」
1469000 ,,,,,,,,,,,,,,,,,　布団の真ん中に潜り込み、
1470000 ,,,,,,,,,,,,,,,,,　まるで猫みたいに手足を丸める。
1471000 ,,,,,,,優哉,優哉,,,,,,,,,「お前なぁ……何歳だよ」
1472000 ,,,,,,,千紗,千紗,06tis818_009.wav,,,,,,,,「何歳でもいいもん。すりすり♪」
1473000 ,,,,,,,優哉,優哉,,,,,,,,,「ばか……」
1474000 ,,,,,,,,,,,,,,,,,　口では呆れたように言いつつも
1475000 ,,,,,,,,,,,,,,,,,　子供っぽい仕草で布団に頬ずりする千紗に、
1476000 ,,,,,,,,,,,,,,,,,　ドギマギしてしまっている自分がいる。
1477000 ,,,,,,,千紗,千紗,06tis818_010.wav,,,,,,,,「お兄ちゃんのお布団、きもちいいなぁ……」
1478000 ,,,,,,,,,,,,,,,,,　とろけるような表情で、身体をくねらせる。
1479000 ,,,,,,,,,,,,,,,,,　千紗にそのつもりはないだろうけど、
1480000 ,,,,,,,,,,,,,,,,,　無意識の媚態だぞ、これは……。
1481000 ,,,,,,,優哉,優哉,,,,,,,,,「こら。そろそろどけよ、俺起きるから」
1482000 ,,,,,,,千紗,千紗,06tis818_011.wav,,,,,,,,「やだー。千紗がここから出たくなくなっちゃった」
1483000 ,,,,,,,優哉,優哉,,,,,,,,,「あのなぁ……」
1484000 ,,,,,,,千紗,千紗,06tis818_012.wav,,,,,,,,「ふふっ……ここ、あったかくて……。
　お兄ちゃんの匂いがいっぱいする……」
1485000 ,,,,,,,,,,,,,,,,,　子猫のような目が、俺の心を捕らえる。
1486000 ,,,,,,,千紗,千紗,06tis818_013.wav,,,,,,,,「お兄ちゃん……。千紗、ずっとこの中にいたいよ～」
1487000 ,,,,,,,優哉,優哉,,,,,,,,,「……っ、ご、ごほんっ。どうしたんだよ？」
1488000 ,,,,,,,優哉,優哉,,,,,,,,,「この前久しぶりに
　一緒に寝たら、子供に戻っちまったか？」
1489000 ,,,,,,,千紗,千紗,06tis818_014.wav,,,,,,,,「うん。この前、一緒に寝てね、
　お兄ちゃんの匂いが大好きだってこと思い出したの」
1490000 ,,,,,,,優哉,優哉,,,,,,,,,「ばか……どけどけ」
1491000 ,,,,,,,,,,,,,,,,,　平静を装い、ぶっきらぼうに千紗をどかそうとする。
1492000 ,,,,,,,千紗,千紗,06tis818_015.wav,,,,,,,,「ねえ、お兄ちゃんは千紗の匂い、好き？」
1493000 ,,,,,,,優哉,優哉,,,,,,,,,「……は？」
1494000 ,,,,,,,,,,,,,,,,,　心臓が大きく脈打つ。
1495000 ,,,,,,,,,,,,,,,,,　突然なにを言い出すんだ、こいつは……。
1496000 ,,,,,,,千紗,千紗,06tis818_016.wav,,,,,,,,「ねえ、お兄ちゃんも……千紗の匂いかぐ？」
1497000 ,,,,,,,,,,,,,,,,,　潤んだ上目遣いの目が、細められる。
1498000 ,,,,,,,優哉,優哉,,,,,,,,,「……っっ」
1499000 ,,,,,,,優哉,優哉,,,,,,,,,「バカ言ってんじゃねぇよ。ほら、起きるぞ」
1500000 ,,,,,,,,,,,,,,,,,　動揺を隠しながら、強引にベッドから起き上がる。
1502000 ,,,,,,,千紗,千紗,06tis818_017.wav,chisa,,5,,,,,「あーんっ！　まだ寝てたかったーっ」
1503000 ,,,,,,,優哉,優哉,,chisa,,5,,,,,「……ばか。ほら、着替えるから出てけ」
1504000 ,,,,,,,千紗,千紗,06tis818_018.wav,chisa,,1,,,,,「えへへっ、お着替え、手伝ってあげよっか？」
1505000 ,,,,,,,優哉,優哉,,chisa,,1,,,,,「で・て・け！」
1506000 ,,,,,,,千紗,千紗,06tis818_019.wav,chisa,,7,,,,,「ぶぅ～！　お兄ちゃんのケチー！」
1508000 ,,,,,,,,,,,,,,,,,　唇を尖らせて、千紗がやっと部屋から出て行く。
1509000 ,,,,,,,優哉,優哉,,,,,,,,,「……ふう」
1510000 ,,,,,,,,,,,,,,,,,　あいつ……朝から兄貴をドキドキさせて、
1511000 ,,,,,,,,,,,,,,,,,　どうする気だよ……。
1512000 ,,,,,,,,,,,,,,,,,　すげーテンション高いし……。
1513000 ,,,,,,,優哉,優哉,,,,,,,,,「まあ、元気になったならいいか……」
1513090 ,,<!Lend_move>,0,9000,,,,,,,,,,,,,
1516000 ,@819,,,,,,,,,,,,,,,,
1520000 ,,<!Lbegin_move>,1,200,,,千紗,千紗,06tis819_001.wav,"chisa,uniform",,1,,,,,「お兄ちゃん、着替えおそーいっ」
1521000 ,,,,,,,陽向,陽向,07hin819_001.wav,chisa,,1,"hinata,private",,1,,「おはよう、お兄ちゃん」
1522000 ,,,,,,,優哉,優哉,,chisa,,1,hinata,,1,,「ああ……おはよ」
1523000 ,,,,,,,,,,chisa,,1,hinata,,1,,　妹＆弟の、満面の笑顔で迎えられる朝。
1524000 ,,,,,,,,,,chisa,,1,hinata,,1,,　これがいつもの我が家の風景だよな。
1525000 ,,,,,,,千紗,千紗,06tis819_002.wav,chisa,,1,,,,,「あっ、お兄ちゃん寝癖ついてる。
　あはは、ほらここっ」
1526000 ,,,,,,,,,,chisa,,1,,,,,　背伸びをした千紗に、前髪をいじられる。
1527000 ,,,,,,,優哉,優哉,,chisa,,1,,,,,「おい、やめろって……」
1528000 ,,,,,,,,,,chisa,,1,,,,,　気恥ずかしさに、千紗の手を払う。
1529000 ,,,,,,,千紗,千紗,06tis819_003.wav,chisa,,5,,,,,「あぁん、まだ直ってない～」
1530000 ,,,,,,,優哉,優哉,,chisa,,5,,,,,「いいから」
1531000 ,,,,,,,陽向,陽向,07hin819_002.wav,chisa,,5,hinata,,1,,「もう用意できてるから食べよっ？」
1532000 ,,,,,,,千紗,千紗,06tis819_004.wav,chisa,,0,hinata,,1,,「あっ、今日はオムレツなんだね。
　お兄ちゃん、食べよ食べよっ」
1533000 ,,,,,,,優哉,優哉,,chisa,,0,hinata,,1,,「ああ……」
1534000 ,,,,,,,,,,chisa,,0,hinata,,1,,　そして、騒がしいいつもの朝食が始まる。
1535000 ,,,,,,,,,,chisa,,0,hinata,,1,,　……いつもの。いつもの？
1536000 ,,,,,,,千紗,千紗,06tis819_005.wav,chisa,,1,hinata,,1,,「お兄ちゃん、トーストはマーガリンだよね？」
1537000 ,,,,,,,優哉,優哉,,chisa,,1,hinata,,1,,「ああ……」
1538000 ,,,,,,,千紗,千紗,06tis819_006.wav,chisa,,1,hinata,,1,,「じゃあ、塗ってあげるっ▼
　ふーふーんー♪　ぬりぬりっ」
1539000 ,,,,,,,陽向,陽向,07hin819_003.wav,chisa,,1,hinata,,3,,「どうしたの、お姉ちゃん。
　いつもは自分が食べることしか頭にないのに……」
1540000 ,,,,,,,千紗,千紗,06tis819_007.wav,chisa,,7,hinata,,3,,「うるさいっ！　そんなことないもんっ！
　はーい、お兄ちゃんどうぞ」
1541000 ,,,,,,,優哉,優哉,,chisa,,7,hinata,,3,,「あ、ああ……ありがと……」
1542000 ,,,,,,,,,,chisa,,7,hinata,,3,,　過剰なまでにマーガリンが塗られた
1543000 ,,,,,,,,,,chisa,,7,hinata,,3,,　トーストを受け取る。
1544000 ,,,,,,,千紗,千紗,06tis819_008.wav,chisa,,1,hinata,,3,,「お兄ちゃん、
　オムレツにケチャップかけてあげるね」
1545000 ,,,,,,,優哉,優哉,,chisa,,1,hinata,,3,,「ああ、うん」
1546000 ,,,,,,,千紗,千紗,06tis819_009.wav,chisa,,1,hinata,,3,,「んっ、と……はいっ、できた」
1547000 ,,,,,,,優哉,優哉,,chisa,,1,hinata,,3,,「ああ……」
1548000 ,,,,,,,,,,chisa,,1,hinata,,3,,　赤字で“ちさ▼”……。
1549000 ,,,,,,,優哉,優哉,,chisa,,1,hinata,,3,,「……俺のオムレツに自分の名前書くなよ」
1550000 ,,,,,,,千紗,千紗,06tis819_010.wav,chisa,,1,hinata,,3,,「まあまあ、いいじゃん♪」
1551000 ,,,,,,,,,,chisa,,1,hinata,,3,,　意味わかんねぇ……。
1552000 ,,,,,,,陽向,陽向,07hin819_004.wav,chisa,,1,hinata,,3,,「お姉ちゃん……ちょっと変……？」
1553000 ,,,,,,,,,,chisa,,1,hinata,,3,,　ほんと、朝からちょっとおかしいぞ。
1554000 ,,,,,,,千紗,千紗,06tis819_011.wav,chisa,,7,hinata,,3,,「へんじゃないもーんっ！　あっ、陽向、
　これからは千紗もお料理するから、教えてよ」
1555000 ,,,,,,,陽向,陽向,07hin819_005.wav,chisa,,7,hinata,,0,,「えっ？」
1556000 ,,,,,,,千紗,千紗,06tis819_012.wav,chisa,,1,hinata,,0,,「そのうち千紗、
　お兄ちゃんにお弁当も作ってあげるね」
1557000 ,,,,,,,優哉,優哉,,chisa,,1,hinata,,0,,「そのうち、な。
　……俺が卒業する頃とか（ぼそっ）」
1558000 ,,,,,,,千紗,千紗,06tis819_013.wav,chisa,,0,hinata,,0,,「えっ？　なんて言ったの？」
1559000 ,,,,,,,優哉,優哉,,chisa,,0,hinata,,0,,「いや、なんでもねぇよ」
1560000 ,,,,,,,千紗,千紗,06tis819_014.wav,chisa,,1,hinata,,0,,「お兄ちゃん、ヨーグルトに何入れる？」
1561000 ,,,,,,,優哉,優哉,,chisa,,1,hinata,,0,,「自分でやるって……」
1562000 ,,,,,,,千紗,千紗,06tis819_015.wav,chisa,,1,hinata,,0,,「いいからいいからっ」
1563000 ,,,,,,,,,,chisa,,1,hinata,,0,,　あー、もう。こそばゆいっていうか、
1564000 ,,,,,,,,,,chisa,,1,hinata,,0,,　なんか、やりづらいなー……。
1566000 ,,<!se_entrance_chime>,,,,,優哉,優哉,,chisa,,1,hinata,,0,,「んっ、チャイム？」
1567000 ,,,,,,,陽向,陽向,07hin819_006.wav,chisa,,1,hinata,,0,,「はーい」
1568000 ,,,,,,,,,,chisa,,1,,,,,　陽向が立ち上がり、インターフォンへ。
1569000 ,,,,,,,優哉,優哉,,chisa,,1,,,,,「誰だ？　こんな朝っぱらから」
1570000 ,,,,,,,千紗,千紗,06tis819_016.wav,chisa,,1,,,,,「お兄ちゃん、ヨーグルトに
　ジャムとハチミツ混ぜるとおいしいよっ」
1571000 ,,,,,,,優哉,優哉,,chisa,,1,,,,,「だからいいと言っとろうが……」
1572000 ,,,,,,,陽向,陽向,07hin819_007.wav,chisa,,1,hinata,,0,,「お兄ちゃん、お客さん。つむぎお姉ちゃんだよ」
1573000 ,,,,,,,優哉,優哉,,chisa,,1,hinata,,0,,「えっ？」
1574000 ,,,,,,,陽向,陽向,07hin819_008.wav,chisa,,1,hinata,,0,,「玄関で待ってるって」
1575000 ,,,,,,,優哉,優哉,,chisa,,1,hinata,,0,,「あ、ああ、すぐ行く」
1576000 ,,,,,,,千紗,千紗,06tis819_017.wav,chisa,,15,hinata,,0,,「えっ……あっ、お兄ちゃん！」
1577000 ,,,,,,,,,,,,,,,,,　残っていたヨーグルトとコーヒーを
1578000 ,,,,,,,,,,,,,,,,,　一気に流し込み、俺はカバンを手に玄関へと向かう。
1580000 ,,<!move_short>,,100,,,つむぎ,つむぎ,05tum819_001.wav,"tumugi,uniform",,1,,,,,「お、おはようございます、優哉さん」
1581000 ,,,,,,,,,,tumugi,,1,,,,,　登校姿のつむぎが、俺を見て微笑む。
1582000 ,,,,,,,優哉,優哉,,tumugi,,1,,,,,「ああ、おはよう……」
1583000 ,,,,,,,,,,tumugi,,1,,,,,　どうしたんだろう。
1584000 ,,,,,,,,,,tumugi,,1,,,,,　朝、つむぎがひとりで家に来るなんて初めてだよな。
1585000 ,,,,,,,つむぎ,つむぎ,05tum819_002.wav,tumugi,,0,,,,,「あ、あの……優哉さん……」
1586000 ,,,,,,,優哉,優哉,,tumugi,,0,,,,,「ん？」
1587000 ,,,,,,,つむぎ,つむぎ,05tum819_003.wav,tumugi,,0,,,,,「あの……もし、よろしければ……
　学園まで、御一緒にどうですか？」
1588000 ,,,,,,,優哉,優哉,,tumugi,,0,,,,,「えっ……」
1589000 ,,,,,,,つむぎ,つむぎ,05tum819_004.wav,tumugi,,6,,,,,「……………………」
1590000 ,,,,,,,つむぎ,つむぎ,05tum819_005.wav,tumugi,,6,,,,,「あ、あの……申し訳ありません……。
　べっ、別に……ご迷惑ならいいんです……」
1591000 ,,,,,,,,,,tumugi,,6,,,,,　こっちの返事を聞く前に、涙目で
1592000 ,,,,,,,,,,tumugi,,6,,,,,　わたわたしだしてしまうつむぎ。
1593000 ,,,,,,,優哉,優哉,,tumugi,,6,,,,,「いや、行くよ」
1594000 ,,,,,,,つむぎ,つむぎ,05tum819_006.wav,tumugi,,2,,,,,「……えっ？」
1595000 ,,,,,,,優哉,優哉,,tumugi,,2,,,,,「じゃあ、行くか」
1596000 ,,,,,,,千紗,千紗,06tis819_018.wav,tumugi,,2,,,,,「待ってーーーーーっ！！」
1598000 ,,<!se_entrance_door_close>,,,,,千紗,千紗,06tis819_019.wav,chisa,,15,tumugi,,0,,「ち、千紗も一緒にいくっ！！」
1599000 ,,,,,,,,,,chisa,,15,tumugi,,0,,　すごい勢いで、千紗が玄関から飛び出してくる。
1600000 ,,,,,,,優哉,優哉,,chisa,,15,tumugi,,0,,「おい……」
1601000 ,,,,,,,千紗,千紗,06tis819_020.wav,chisa,,15,tumugi,,0,,「千紗も一緒に行くからっ！
　いいよねっ、つむぎさんっ！」
1602000 ,,,,,,,,,,chisa,,15,tumugi,,0,,　なぜか俺ではなく、つむぎに確認を取る。
1603000 ,,,,,,,つむぎ,つむぎ,05tum819_007.wav,chisa,,15,tumugi,,1,,「ええ。もちろんです」
1604000 ,,,,,,,,,,chisa,,15,tumugi,,1,,　千紗に向かい、つむぎはにっこりとうなずく。
1605000 ,,,,,,,優哉,優哉,,chisa,,15,tumugi,,1,,「…………？」
1606000 ,,,,,,,千紗,千紗,06tis819_021.wav,chisa,,0,tumugi,,1,,「えへっ、そうこなくっちゃねっ♪　じゃあ行こっ！」
1607000 ,,,,,,,つむぎ,つむぎ,05tum819_008.wav,chisa,,0,tumugi,,1,,「はい、行きましょう」
1608000 ,,,,,,,優哉,優哉,,chisa,,0,tumugi,,1,,「あ、ああ……」
1609000 ,,,,,,,,,,chisa,,0,tumugi,,1,,　俺を真ん中にして、歩き始めるつむぎと千紗。
1610000 ,,,,,,,,,,chisa,,0,tumugi,,1,,　なんだ？　この女同士の連結感。
1611000 ,,,,,,,,,,chisa,,0,tumugi,,1,,　俺は、昨日までとは違う二人の明るさに戸惑いつつ、
1612000 ,,,,,,,,,,chisa,,0,tumugi,,1,,　学園へと歩き出した。
1612090 ,,<!Lend_move>,0,9000,,,,,,,,,,,,,
1615000 ,@820,,,,,,,,,,,,,,,,
1618000 ,,<!Lbegin_move>,2,12300,,,千紗,千紗,06tis820_001.wav,,,,"chisa,uniform",,0,,「ねえお兄ちゃん、今日は学園、何時ごろ終わるの？」
1619000 ,,,,,,,優哉,優哉,,,,,chisa,,0,,「んー、今日は旅館の手伝い頼まれてるから、
　授業が終わったら早めに帰るよ」
1620000 ,,,,,,,千紗,千紗,06tis820_002.wav,,,,chisa,,0,,「ふーん、そーなんだ。
　じゃあ今日は、千紗も旅館いこっかな？」
1621000 ,,,,,,,優哉,優哉,,,,,chisa,,0,,「なんで」
1622000 ,,,,,,,千紗,千紗,06tis820_003.wav,,,,chisa,,7,,「ぶーっ！　手伝いに決まってるでしょーっ」
1623000 ,,,,,,,優哉,優哉,,,,,chisa,,7,,「やめろやめろ。お前は家で宿題でもしてなさい」
1624000 ,,,,,,,千紗,千紗,06tis820_004.wav,,,,chisa,,7,,「むぅーっ！　なにその言いかたっ！」
1625000 ,,,,,,,つむぎ,つむぎ,05tum820_001.wav,"tumugi,uniform",,0,chisa,,7,,「あの……千紗ちゃんが来てくださると、
　皆さん喜ぶと思いますよ」
1626000 ,,,,,,,千紗,千紗,06tis820_005.wav,tumugi,,0,chisa,,1,,「えへへ、そーだよねっ♪」
1627000 ,,,,,,,優哉,優哉,,tumugi,,0,chisa,,1,,「つむぎ……別にこいつに気使わなくてもいいぜ？」
1628000 ,,,,,,,つむぎ,つむぎ,05tum820_002.wav,tumugi,,12,chisa,,1,,「い、いえ……そんなこと……」
1629000 ,,,,,,,千紗,千紗,06tis820_006.wav,tumugi,,12,chisa,,1,,「そーだよー。
　つむぎさんは本当のこと言ってるもんっ」
1630000 ,,,,,,,千紗,千紗,06tis820_007.wav,tumugi,,12,chisa,,1,,「ねー？　つむぎさんっ」
1631000 ,,,,,,,つむぎ,つむぎ,05tum820_003.wav,tumugi,,1,chisa,,1,,「はい」
1632000 ,,,,,,,,,,tumugi,,1,chisa,,1,,　二人で視線を合わせてにっこり。
1633000 ,,,,,,,,,,tumugi,,1,chisa,,1,,　だからお前ら、いつからそんな仲良く……
1635000 ,,<!move_normal_r>,,12210,,,優哉,優哉,,tumugi,,0,chisa,,1,,「おー、ずいぶん祭りっぽくなってきたな」
1636000 ,,,,,,,千紗,千紗,06tis820_008.wav,tumugi,,0,chisa,,1,,「うわーっ！　ほんとだ」
1637000 ,,,,,,,つむぎ,つむぎ,05tum820_004.wav,tumugi,,12,chisa,,1,,「ええ……そうですね」
1638000 ,,,,,,,優哉,優哉,,tumugi,,12,chisa,,1,,「神社の方に行ったら、
もっとそれっぽくなってんだろうな」
1639000 ,,,,,,,つむぎ,つむぎ,05tum820_005.wav,tumugi,,42,chisa,,1,,「お祭り、もうすぐなんですね……」
1640000 ,,,,,,,千紗,千紗,06tis820_009.wav,,,,chisa,,1,,「楽しみだね、お兄ちゃん！」
1641000 ,,,,,,,,,,,,,chisa,,1,,　はしゃぐ千紗が、ぎゅっと腕にしがみついてくる。
1643000 ,,,,,,,優哉,優哉,,,,,chisa,,1,,「お、おい……くっつくなよ」
1644000 ,,,,,,,,,,,,,chisa,,1,,　つむぎがいる手前、
1645000 ,,,,,,,,,,,,,chisa,,1,,　恥ずかしいので邪険に腕を振り払う。
1646000 ,,,,,,,千紗,千紗,06tis820_010.wav,,,,chisa,,7,,「もーっ、いーじゃん！　ケチ！」
1647000 ,,,,,,,優哉,優哉,,,,,chisa,,7,,「ばーか。子供扱いされたくないなら、
　それらしい態度を取れよ」
1648000 ,,,,,,,,,,,,,chisa,,7,,　千紗をたしなめながら、
1649000 ,,,,,,,,,,,,,chisa,,7,,　チラリとつむぎの方をうかがう。
1650000 ,,,,,,,つむぎ,つむぎ,05tum820_006.wav,tumugi,,4,,,,,「…………」
1651000 ,,,,,,,,,,tumugi,,4,,,,,　つむぎは、視線をこちらには向けておらず、
1652000 ,,,,,,,,,,tumugi,,4,,,,,　飾り付けられた提灯をじっと見続けていた。
1653000 ,,,,,,,優哉,優哉,,tumugi,,4,,,,,「つむぎ？」
1654000 ,,,,,,,,,,tumugi,,4,,,,,　なんだろう……今のつむぎの横顔、すごく遠い。
1655000 ,,,,,,,千紗,千紗,06tis820_011.wav,tumugi,,4,chisa,,3,,「つむぎさん、どうしたの？」
1656000 ,,,,,,,つむぎ,つむぎ,05tum820_007.wav,tumugi,,0,chisa,,3,,「えっ……？　あ……」
1657000 ,,,,,,,,,,tumugi,,0,chisa,,3,,　つむぎが、ゆっくりとこっちに視線を向ける。
1658000 ,,,,,,,優哉,優哉,,tumugi,,0,chisa,,3,,「ボーッとして……寝不足か？」
1659000 ,,,,,,,千紗,千紗,06tis820_012.wav,tumugi,,0,chisa,,3,,「つむぎさん、大丈夫？」
1660000 ,,,,,,,つむぎ,つむぎ,05tum820_008.wav,tumugi,,90,chisa,,3,,「いえ、大丈夫です。すみません」
1661000 ,,,,,,,,,,tumugi,,90,chisa,,3,,　きゅっとカバンを抱え直し、うつむく。
1662000 ,,,,,,,つむぎ,つむぎ,05tum820_009.wav,tumugi,,0,,,,,「お祭りが……」
1663000 ,,,,,,,優哉,優哉,,tumugi,,0,,,,,「えっ？」
1664000 ,,,,,,,つむぎ,つむぎ,05tum820_010.wav,tumugi,,42,,,,,「とても……楽しみで」
1665000 ,,,,,,,,,,tumugi,,42,,,,,　表情は良く見えなかったが、
1666000 ,,,,,,,,,,tumugi,,42,,,,,　つむぎの頬が、ほのかに色付いていた。
1666090 ,,<!Lend_scene_change>,0,9000,,,,,,,,,,,,,
1669000 ,@821,,,,,,,,,,,,,,,,
1672000 ,,<!Lbegin_scene_change>,8,1101,,,,,,,,,,,,,　――夕方。
1674000 ,,<!move_veryshort>,,1200,,,優哉,優哉,,,,,,,,,「オヤジ、シャンプーのストックが
　そろそろなくなりそうだったぞ」
1675000 ,,,,,,,英俊,英俊,13eis821_001.wav,,,,,,,,「ああ、だったら事務所の
　ホワイトボードに書いておいてくれるかね」
1676000 ,,,,,,,優哉,優哉,,,,,,,,,「うぃ、了解」
1677000 ,,,,,,,英俊,英俊,13eis821_002.wav,,,,,,,,「ああ……そういえば桐の間の蛍光灯が
　そろそろ切れる頃だから、
　それもついでにチェックを頼むよ」
1678000 ,,,,,,,優哉,優哉,,,,,,,,,「はいはい」
1679000 ,,,,,,,,,,,,,,,,,　いつものように、
1680000 ,,,,,,,,,,,,,,,,,　あちこちヘルプに駆け回っている俺。
1681000 ,,,,,,,,,,,,,,,,,　えーと、事務所行って、蛍光灯チェックして……。
1683000 ,,,,,,,つむぎ,つむぎ,05tum821_001.wav,"tumugi,nakai",,0,,,,,「あ、優哉さん」
1684000 ,,,,,,,優哉,優哉,,tumugi,,0,,,,,「んっ、どうした？　つむぎ」
1685000 ,,,,,,,つむぎ,つむぎ,05tum821_002.wav,tumugi,,0,,,,,「あの、板場から＜言伝＝ことづて＞です。
　ひとり、手伝いの人間が欲しいと……」
1686000 ,,,,,,,優哉,優哉,,tumugi,,0,,,,,「ん、了解。
　積まれてるタスクが終わったらそっち行くって
　言っといてくれ」
1687000 ,,,,,,,英俊,英俊,13eis821_003.wav,tumugi,,0,,,,,「ああ、そっちを先にやっても構わないよ」
1688000 ,,,,,,,優哉,優哉,,tumugi,,0,,,,,「あいよ、じゃそうするわ」
1689000 ,,,,,,,,,,,,,,,,,　そして、板場に向かおうとしたそのとき……。
1692000 ,,,,,,,千紗,千紗,06tis821_001.wav,,,,"chisa,private",,1,,「来たよーーーーっ」
1693000 ,,,,,,,,,,,,,chisa,,1,,　突如、千紗が現れた。
1694000 ,,,,,,,優哉,優哉,,,,,chisa,,1,,「うわっ、本当に来やがった！」
1695000 ,,,,,,,つむぎ,つむぎ,05tum821_003.wav,tumugi,,2,chisa,,1,,「千紗ちゃん……」
1696000 ,,,,,,,英俊,英俊,13eis821_004.wav,tumugi,,0,chisa,,1,,「おお、千紗。なにか用事かね？」
1697000 ,,,,,,,千紗,千紗,06tis821_002.wav,tumugi,,0,chisa,,1,,「うん、旅館のお手伝いしにきたのっ」
1698000 ,,,,,,,英俊,英俊,13eis821_005.wav,tumugi,,0,chisa,,1,,「ほう、お手伝い」
1699000 ,,,,,,,優哉,優哉,,tumugi,,0,chisa,,1,,「おいおい、お前は
　家で陽向と晩飯の用意でもしてろって」
1700000 ,,,,,,,千紗,千紗,06tis821_003.wav,tumugi,,0,chisa,,0,,「やーだっ！　千紗もお手伝いするのっ！」
1701000 ,,,,,,,千紗,千紗,06tis821_004.wav,tumugi,,0,chisa,,1,,「ねっ、いいよね？　お父さん」
1702000 ,,,,,,,優哉,優哉,,tumugi,,0,chisa,,1,,「あのなぁ……」
1703000 ,,,,,,,英俊,英俊,13eis821_006.wav,tumugi,,0,chisa,,1,,「ふむ……。千紗が手伝いたいのなら、
　私は構わないよ」
1704000 ,,,,,,,千紗,千紗,06tis821_005.wav,tumugi,,0,chisa,,0,,「ほんとっ？　お父さん！」
1705000 ,,,,,,,,,,tumugi,,0,chisa,,0,,　うわー、何その気にさせてんだよオヤジ……。
1706000 ,,,,,,,,,,tumugi,,0,chisa,,0,,　家事能力ゼロの千紗に、いきなり手伝いなんて……。
1707000 ,,,,,,,英俊,英俊,13eis821_007.wav,tumugi,,0,chisa,,0,,「じゃ、つむぎくんの手伝いをたのむよ、千紗」
1708000 ,,,,,,,千紗,千紗,06tis821_006.wav,tumugi,,0,chisa,,2,,「えっ？」
1709000 ,,,,,,,英俊,英俊,13eis821_008.wav,tumugi,,0,chisa,,2,,「よろしく頼むよ、つむぎくん」
1710000 ,,,,,,,,,,tumugi,,0,chisa,,2,,　オヤジが、パチリとつむぎにウインク。
1711000 ,,,,,,,つむぎ,つむぎ,05tum821_004.wav,tumugi,,90,chisa,,2,,「はい、わかりました」
1712000 ,,,,,,,,,,tumugi,,90,chisa,,2,,　心得たように、つむぎがうなずく。
1713000 ,,,,,,,つむぎ,つむぎ,05tum821_005.wav,tumugi,,1,chisa,,2,,「では、千紗ちゃん、参りましょう」
1714000 ,,,,,,,千紗,千紗,06tis821_007.wav,tumugi,,1,chisa,,0,,「あっ、う、うんっ」
1715000 ,,,,,,,,,,,,,,,,,　つむぎが、千紗を連れて
1716000 ,,,,,,,,,,,,,,,,,　二階に上がっていってしまう。
1717000 ,,,,,,,優哉,優哉,,,,,,,,,「……大丈夫か？」
1718000 ,,,,,,,英俊,英俊,13eis821_009.wav,,,,,,,,「ふふふ……。女の子はね、
　競い合ってこそ美しくなるものなのだよ」
1719000 ,,,,,,,優哉,優哉,,,,,,,,,「はぁ……？」
1720000 ,,,,,,,,,,,,,,,,,　何を知っているのかわからんが、
1721000 ,,,,,,,,,,,,,,,,,　オヤジのニヤリ笑いが気持ち悪かった。
1722000 ,,,,,,,,,,,,,,,,,　………………。
1725000 ,,<!timepass_2_short>,,1601,,,,,,,,,,,,,　気になったので、仕事の合間に
1726000 ,,,,,,,,,,,,,,,,,　二人の様子を覗きに行く。
1727000 ,,,,,,,優哉,優哉,,,,,,,,,「あ、ここか……」
1729000 ,,<!move_short>,,1401,,,つむぎ,つむぎ,05tum821_006.wav,tumugi,,0,chisa,,0,,「はい、これで全部ですね」
1730000 ,,,,,,,,,,tumugi,,0,chisa,,0,,　ん、どうやら布団や枕のカバーを
1731000 ,,,,,,,,,,tumugi,,0,chisa,,0,,　新しいものに取り替えてたみたいだな。
1732000 ,,,,,,,千紗,千紗,06tis821_008.wav,tumugi,,0,chisa,,2,,「ほぇ……。つむぎさん、上手だね……」
1733000 ,,,,,,,つむぎ,つむぎ,05tum821_007.wav,tumugi,,1,chisa,,2,,「ううん、慣れだから。千紗ちゃんも、続けていれば
　すぐにできるようになるよ」
1734000 ,,,,,,,千紗,千紗,06tis821_009.wav,tumugi,,1,chisa,,0,,「……うん」
1735000 ,,,,,,,つむぎ,つむぎ,05tum821_008.wav,tumugi,,90,chisa,,0,,「じゃあ、この布団と枕……。
　あと、座布団も押し入れにしまいましょうか」
1736000 ,,,,,,,千紗,千紗,06tis821_010.wav,tumugi,,90,chisa,,1,,「うん、よしっ！
　じゃあしまうのは千紗が全部やるから、
　つむぎさんは休んでてっ！」
1737000 ,,,,,,,つむぎ,つむぎ,05tum821_009.wav,tumugi,,0,chisa,,1,,「えっ？　でも……」
1738000 ,,,,,,,千紗,千紗,06tis821_011.wav,tumugi,,0,chisa,,1,,「いーからいーからっ。千紗ひとりでだいじょーぶっ！
　つむぎさんは見ててよ」
1739000 ,,,,,,,つむぎ,つむぎ,05tum821_010.wav,tumugi,,0,chisa,,1,,「う、うん……」
1740000 ,,,,,,,,,,tumugi,,0,chisa,,1,,　あーあ、アイツ大丈夫か？
1741000 ,,,,,,,千紗,千紗,06tis821_012.wav,tumugi,,0,chisa,,0,,「よしっ！　やるぞーっ」
1742000 ,,,,,,,,,,tumugi,,0,chisa,,0,,　千紗が不器用な手つきで、押し入れの中に
1743000 ,,,,,,,,,,tumugi,,0,chisa,,0,,　布団や枕を押し込んでいく。　
1744000 ,,,,,,,千紗,千紗,06tis821_013.wav,tumugi,,0,chisa,,4,,「よいしょっ……よいしょっ……」
1745000 ,,,,,,,つむぎ,つむぎ,05tum821_011.wav,tumugi,,3,chisa,,4,,「あ……あぁぁ……」
1746000 ,,,,,,,千紗,千紗,06tis821_014.wav,tumugi,,3,chisa,,5,,「んっ……上の方、とどかないっ……よいしょっ！」
1747000 ,,,,,,,つむぎ,つむぎ,05tum821_012.wav,tumugi,,3,chisa,,5,,「ち、千紗ちゃん、その入れ方だと……っ」
1748000 ,,,,,,,千紗,千紗,06tis821_015.wav,tumugi,,3,chisa,,2,,「えっ？」
1749000 ,,,,,,,つむぎ,つむぎ,05tum821_013.wav,tumugi,,7,chisa,,2,,「くっ、くずれますっ！」
1750000 ,,,,,,,千紗,千紗,06tis821_016.wav,tumugi,,7,chisa,,3,,「ふぇぇっ！？」
1751000 ,,,,,,,つむぎ,つむぎ,05tum821_014.wav,tumugi,,2,chisa,,3,,「あああああっ！！！」
1753000 ,,"<shake time=""1300,1300"" target=""sc"" x=""15,220,0"" y=""40,160,0"">",,,,,,,,tumugi,,4,chisa,,3,,　押し入れから一斉に崩れ落ちてきた寝具の山を、
1754000 ,,,,,,,,,,tumugi,,4,chisa,,3,,　千紗の背後から両手を伸ばしてつむぎが押さえる。
1755000 ,,,,,,,千紗,千紗,06tis821_017.wav,tumugi,,4,chisa,,15,,「うわわわわっ！」
1756000 ,,,,,,,つむぎ,つむぎ,05tum821_015.wav,tumugi,,3,chisa,,15,,「ち、千紗ちゃん、上のものから
　ひとつずつ抜いていって………………はうっ！！」
1758000 ,,"<shake time=""1000,1000"" target=""sc"" x=""10,220,0"" y=""30,160,0"">",,,,,,,,tumugi,,5,chisa,,15,,　一番上に重ねられていたいくつもの枕が、
1759000 ,,,,,,,,,,tumugi,,5,chisa,,15,,　つむぎの顔を次々に直撃する。
1760000 ,,,,,,,つむぎ,つむぎ,05tum821_016.wav,tumugi,,5,chisa,,15,,「わっ、わぷっ、ま、前が……！」
1761000 ,,,,,,,千紗,千紗,06tis821_018.wav,tumugi,,5,chisa,,15,,「えっ、えええっ……ど、どーすればいーのっ！？」
1762000 ,,,,,,,つむぎ,つむぎ,05tum821_017.wav,tumugi,,3,chisa,,15,,「うっ、ううぅ……千紗ちゃん、
　まずこの枕をどけてください～～～」
1763000 ,,,,,,,千紗,千紗,06tis821_019.wav,tumugi,,3,chisa,,15,,「えっ、あ……うひゃぁっ、また落ちてきたっ！」
1764000 ,,,,,,,つむぎ,つむぎ,05tum821_018.wav,tumugi,,3,chisa,,15,,「わぷっ！」
1765000 ,,,,,,,,,,tumugi,,3,chisa,,15,,　あああああっ、もう見てらんない！
1766000 ,,,,,,,優哉,優哉,,tumugi,,3,chisa,,15,,「おい、大丈夫か！？」
1767000 ,,,,,,,,,,tumugi,,3,chisa,,15,,　急いで部屋の中に入り、
1768000 ,,,,,,,,,,tumugi,,3,chisa,,15,,　崩れかかった布団を押さえる。
1769000 ,,,,,,,つむぎ,つむぎ,05tum821_019.wav,tumugi,,0,chisa,,15,,「ぷはっ……ゆ、優哉さん」
1770000 ,,,,,,,千紗,千紗,06tis821_020.wav,tumugi,,0,chisa,,2,,「お兄ちゃん！」
1771000 ,,,,,,,優哉,優哉,,tumugi,,0,chisa,,2,,「ここは俺が押さえとくから、お前らはまず離れろ」
1772000 ,,,,,,,千紗,千紗,06tis821_021.wav,tumugi,,0,chisa,,0,,「う、うん！
　お兄ちゃんの犠牲は無駄にしないからねっ！？」
1773000 ,,,,,,,優哉,優哉,,tumugi,,0,chisa,,0,,「誰が犠牲だ！　布団受け止めるぐらいで！」
1776000 ,,<!timepass_1_long>,,1601,,,優哉,優哉,,,,,chisa,,5,,「千紗、ちゃんとつむぎの言うこと聞けよ？」
1777000 ,,,,,,,千紗,千紗,06tis821_022.wav,,,,chisa,,5,,「だ、大丈夫だよっ！　次はちゃんとできるもんっ！」
1778000 ,,,,,,,優哉,優哉,,,,,chisa,,5,,「いや、ちゃんと先輩のアドバイスを聞けと……」
1779000 ,,,,,,,千紗,千紗,06tis821_023.wav,,,,chisa,,0,,「つむぎさんっ、次なにっ？」
1780000 ,,,,,,,つむぎ,つむぎ,05tum821_020.wav,tumugi,,0,chisa,,0,,「あ、はい……次は、庭の掃除を……」
1781000 ,,,,,,,千紗,千紗,06tis821_024.wav,tumugi,,0,chisa,,1,,「よーっし！　千紗がんばるぞーっ！」
1782000 ,,,,,,,,,,tumugi,,0,,,,,　説明を聞く前に、千紗は
1783000 ,,,,,,,,,,tumugi,,0,,,,,　中庭に向かって走り出してしまう。
1784000 ,,,,,,,優哉,優哉,,tumugi,,0,,,,,「はぁ……悪いな、千紗が迷惑かけて……」
1785000 ,,,,,,,つむぎ,つむぎ,05tum821_021.wav,tumugi,,90,,,,,「いえ、その……楽しいですよ。
　千紗ちゃん、一生懸命ですし」
1786000 ,,,,,,,優哉,優哉,,tumugi,,90,,,,,「ああ……。まあ、それは認めるけど……。
　扱いに困った時は、俺に言えよ？」
1787000 ,,,,,,,つむぎ,つむぎ,05tum821_022.wav,tumugi,,1,,,,,「ふふ……千紗ちゃんが心配なんですね」
1788000 ,,,,,,,優哉,優哉,,tumugi,,1,,,,,「いや、まあ……つむぎも心配だしな」
1789000 ,,,,,,,つむぎ,つむぎ,05tum821_023.wav,tumugi,,2,,,,,「えっ……？」
1791000 ,,,,,,,千紗,千紗,06tis821_025.wav,tumugi,,2,,,,,「ちょっとー！　なに二人で話してるのーっ！」
1792000 ,,,,,,,つむぎ,つむぎ,05tum821_024.wav,tumugi,,0,,,,,「あっ……。で、では……」
1793000 ,,,,,,,,,,,,,,,,,　はじかれたように、
1794000 ,,,,,,,,,,,,,,,,,　つむぎがいそいそと千紗の後を追っていく。
1795000 ,,,,,,,優哉,優哉,,,,,,,,,「ふぅ…………」
1796000 ,,,,,,,,,,,,,,,,,　あんまりはりきりすぎんなよ、千紗。
1796090 ,,<!Lend_day_change>,0,9000,,,,,,,,,,,,,
1796900 ,,<!ec_tsumugi_pri>,,,,,,,,,,,,,,,
1799000 ,@822,,,,,,,,,,,,,,,,
1802900 ,$heroine_begin,,,,,,,,,,,,,,,,
1803000 ,,<!Lbegin_day_change>,7,12100,,,明日香,明日香,09asu822_001.wav,"asuka,uniform",,0,,,,,「千紗、このところ元気になったなぁ……」
1804000 ,,,,,,,,,,"asuka,uniform",,0,,,,,　朝。私は千紗との待ち合わせ場所に歩きながら、
1805000 ,,,,,,,,,,"asuka,uniform",,0,,,,,　千紗の変化について考えていた。
1806000 ,,,,,,,,,,"asuka,uniform",,0,,,,,　一時は落ち込むぐらい悩んでいた千紗も、
1807000 ,,,,,,,,,,"asuka,uniform",,0,,,,,　今は以前の明るさを取り戻している。
1808000 ,,,,,,,,,,"asuka,uniform",,0,,,,,　なにがあったのかは、よくわからないけど……
1809000 ,,,,,,,,,,"asuka,uniform",,0,,,,,　千紗は、少しだけ心が成長したような気がする。
1810000 ,,,,,,,明日香,明日香,09asu822_002.wav,asuka,,3,,,,,「千紗が想いを寄せる＜男性＝ひと＞は、おそらく……。
　ううん、間違いなく……」
1811000 ,,,,,,,,,,asuka,,3,,,,,　千紗の、これからの困難について、思いを馳せる。
1812000 ,,,,,,,,,,asuka,,3,,,,,　それは、兄と妹、という壁。
1813000 ,,,,,,,,,,asuka,,3,,,,,　私もかつて……阻まれ、挫折した、大いなる壁。
1814000 ,,,,,,,明日香,明日香,09asu822_003.wav,asuka,,3,,,,,「本当は……どうしたら、いいんだろうね」
1815000 ,,,,,,,,,,asuka,,3,,,,,　今でも、まだ、迷う。
1816000 ,,,,,,,,,,asuka,,3,,,,,　千紗の想いを、応援して良かったのか。
1817000 ,,,,,,,,,,asuka,,3,,,,,　やっぱり、諦めさせた方が良かったかも知れない。
1818000 ,,,,,,,,,,asuka,,3,,,,,　その方が、千紗を傷つけずに済むんじゃないか。
1819000 ,,,,,,,,,,asuka,,3,,,,,　でも……。
1820000 ,,,,,,,,,,asuka,,3,,,,,　想いを心の奥底に封じ込めなきゃいけないつらさは、
1821000 ,,,,,,,,,,asuka,,3,,,,,　私も痛いほどよく知ってる。
1822000 ,,,,,,,明日香,明日香,09asu822_004.wav,asuka,,5,,,,,「ふぅ、わからないな……」
1823000 ,,,,,,,,,,asuka,,5,,,,,　いつもしたり顔で千紗にアドバイスする私が、
1824000 ,,,,,,,,,,asuka,,5,,,,,　こんなに迷ってるって知ったら……千紗、驚くかな。
1825000 ,,,,,,,明日香,明日香,09asu822_005.wav,asuka,,42,,,,,「……ふふっ」
1826000 ,,,,,,,,,,asuka,,42,,,,,　自嘲めいた笑いを浮かべつつ、私は顔を上げる。
1828000 ,,,,12210,,,千紗,千紗,06tis822_001.wav,"chisa,uniform",,1,,,,,「あ、おはよ～。明日香ちゃん」
1829000 ,,<!move_look_r>,,,,,,,,chisa,,1,,,,,　私に気づいた千紗が、笑顔で手を振ってくる。
1830000 ,,,,,,,,,,chisa,,1,,,,,　私が大好きな、輝くような千紗の笑顔。
1831000 ,,,,,,,,,,chisa,,1,,,,,　……それは、私がなくしてしまったもの。
1832000 ,,,,,,,明日香,明日香,09asu822_006.wav,chisa,,1,,,,,「おはよう、千紗。今日は早いのね」
1833000 ,,,,,,,千紗,千紗,06tis822_002.wav,chisa,,0,,,,,「うん。千紗ね、早起きして、
　毎朝お兄ちゃんを起こすことにしたの」
1834000 ,,,,,,,明日香,明日香,09asu822_007.wav,chisa,,0,,,,,「そう……。それはいい心がけね、千紗」
1835000 ,,,,,,,千紗,千紗,06tis822_003.wav,chisa,,0,,,,,「えへへ、今日もね、
　お兄ちゃんの布団に潜り込んじゃった」
1836000 ,,,,,,,明日香,明日香,09asu822_008.wav,chisa,,0,,,,,「うふふっ」
1837000 ,,,,,,,千紗,千紗,06tis822_004.wav,chisa,,1,,,,,「あはははははっ」
1838000 ,,,,,,,,,,chisa,,1,,,,,　千紗の、よどみない純粋な笑顔。
1839000 ,,,,,,,,,,chisa,,1,,,,,　やっぱり千紗には、ずっと笑っていて欲しい。
1840000 ,,,,,,,,,,chisa,,1,,,,,　この笑顔が出せる千紗を、
1841000 ,,,,,,,,,,chisa,,1,,,,,　私は、ずっと応援していこう。
1841090 ,,<!Lend_day_change>,0,9000,,,,,,,,,,,,,
1841900 ,$heroine_end,,,,,,,,,,,,,,,,
1844000 ,@823,,,,,,,,,,,,,,,,
1847000 ,,<!Lbegin_day_change>,8,1200,,,,,,,,,,,,,　俺は今日も、夕方からずっと旅館の手伝いだった。
1848000 ,,,,,,,仲居Ａ,トメさん,38naa823_001.wav,,,,,,,,「あ、若、ちょっと裏からビール出してきてくれる？」
1849000 ,,,,,,,優哉,優哉,,,,,,,,,「あいよ、３箱くらいでいい？」
1850000 ,,,,,,,仲居Ａ,トメさん,38naa823_002.wav,,,,,,,,「はーい、おねがーい」
1851000 ,,,,,,,,,,,,,,,,,　手伝いに入ってから、およそ５時間。
1852000 ,,,,,,,,,,,,,,,,,　もうすっかり日も暮れてしまっていた。
1855000 ,,<!timepass_2_short>,,1602,,,優哉,優哉,,,,,,,,,「今日はまた、ずいぶんハードだな……」
1856000 ,,,,,,,,,,,,,,,,,　ビール箱を二段重ねで運びながら、
1857000 ,,,,,,,,,,,,,,,,,　肩で汗を拭う。
1858000 ,,,,,,,,,,,,,,,,,　今日は、大広間でママさんバレーの打ち上げが一件。
1859000 ,,,,,,,,,,,,,,,,,　宿泊客はめずらしく５組もいる。
1860000 ,,,,,,,,,,,,,,,,,　今日が金曜日ってこともあるけど、
1861000 ,,,,,,,,,,,,,,,,,　何か最近のここ、普通に繁盛してる旅館みたいだ。
1862000 ,,,,,,,優哉,優哉,,,,,,,,,「くそっ、重さがこたえるぜ」
1864000 ,,,,,,,,,,"tumugi,nakai",,0,,,,,　つむぎが忙しそうに、高く重ねたお膳を持って
1865000 ,,,,,,,,,,"tumugi,nakai",,0,,,,,　調理場から出てくる。
1866000 ,,,,,,,つむぎ,つむぎ,05tum823_001.wav,"tumugi,nakai",,0,,,,,「あ……」
1867000 ,,,,,,,,,,"tumugi,nakai",,90,,,,,　ぺこりと会釈をして、大広間に向かっていくつむぎ。
1868000 ,,,,,,,,,,,,,,,,,　つむぎ、ずいぶん頑張ってるよな。
1869000 ,,,,,,,優哉,優哉,,,,,,,,,「ん、俺も気合い入れるぞ、気合い！」
1872000 ,,<!timepass_2_short>,,1200,,,優哉,優哉,,,,,,,,,「トメさん、ビール冷蔵庫に入れといたぜ！」
1873000 ,,,,,,,仲居Ａ,トメさん,38naa823_003.wav,,,,,,,,「ああ、ありがとね、若」
1874000 ,,,,,,,英俊,英俊,13eis823_001.wav,,,,,,,,「ああ、優哉。萩の間と、桐の間のお客様が
　いま入浴中だから、布団を敷きに行ってきてくれ」
1875000 ,,,,,,,優哉,優哉,,,,,,,,,「あいよ！」
1876000 ,,,,,,,,,,,,,,,,,　クルリと方向転換し、階段へ。
1877000 ,,,,,,,仲居Ａ,トメさん,38naa823_004.wav,,,,,,,,「若、ずいぶんと頑張ってますねぇ……」
1878000 ,,,,,,,英俊,英俊,13eis823_002.wav,,,,,,,,「恋ってのはいいねぇ。男を１０倍働き者にする。
　私もかつて、そうだったよ」
1879000 ,,,,,,,仲居Ａ,トメさん,38naa823_005.wav,,,,,,,,「……はい？」
1881000 ,,<!timepass_1_long>,,,,,,,,,,,,,,,　働きっぱなしのまま９時を過ぎ、
1882000 ,,,,,,,,,,,,,,,,,　やっと俺の仕事もなくなった。
1883000 ,,,,,,,優哉,優哉,,,,,,,,,「ああ、疲れた……。
　今日はマジでクタクタだぜ……」
1884000 ,,,,,,,,,,,,,,,,,　ベンチに腰を下ろし、大きく息を吐く。
1885000 ,,,,,,,,,,,,,,,,,　あ、もう、ここでこのまま寝れそう。
1886000 ,,,,,,,つむぎ,つむぎ,05tum823_002.wav,tumugi,,90,,,,,「優哉さん、お疲れ様です」
1887000 ,,,,,,,,,,tumugi,,90,,,,,　つむぎが冷たいお茶を、すっと差し出してくれる。
1888000 ,,,,,,,優哉,優哉,,tumugi,,90,,,,,「あ、サンキュ」
1889000 ,,,,,,,,,,tumugi,,90,,,,,　顔を上げ、グラスを受け取る。
1890000 ,,,,,,,つむぎ,つむぎ,05tum823_003.wav,tumugi,,0,,,,,「いえ……。今日は優哉さん、
　とても忙しそうでしたので……」
1891000 ,,,,,,,優哉,優哉,,tumugi,,0,,,,,「つむぎも疲れてるだろ？　悪いな」
1893000 ,,,,,,,つむぎ,つむぎ,05tum823_004.wav,tumugi,,90,,,,,「大丈夫です。私は、たいしたことありません」
1894000 ,,,,,,,優哉,優哉,,tumugi,,90,,,,,「無理すんなよ。今日の宴会、追加注文も多かったし、　仲居さんたちもすごく大変そうだったぞ」
1895000 ,,,,,,,つむぎ,つむぎ,05tum823_005.wav,tumugi,,90,,,,,「私はこういう仕事が好きですから……。大丈夫です」
1896000 ,,,,,,,優哉,優哉,,tumugi,,90,,,,,「ほんとか……？
　でも、本当に疲れてる時は無理すんなよ」
1897000 ,,,,,,,英俊,英俊,13eis823_003.wav,tumugi,,90,,,,,「ああ、本当だよー、つむぎくーん」
1898000 ,,,,,,,,,,tumugi,,90,,,,,　どこからともなく、
1899000 ,,,,,,,,,,tumugi,,90,,,,,　オヤジがにょきっと割り込んできた。
1900000 ,,,,,,,つむぎ,つむぎ,05tum823_006.wav,tumugi,,0,,,,,「オ、オーナー……」
1901000 ,,,,,,,英俊,英俊,13eis823_004.wav,tumugi,,0,,,,,「うん、ちょっとね。
　つむぎくん、他の従業員と比べても、
　ちょっと働き過ぎだと思うんだよねぇ」
1902000 ,,,,,,,つむぎ,つむぎ,05tum823_007.wav,tumugi,,2,,,,,「えっ？」
1903000 ,,,,,,,英俊,英俊,13eis823_005.wav,tumugi,,2,,,,,「働き者は、もちろん大助かりなんだけどねぇ、
　つむぎくんが身体を壊しちゃったら、
　意味がないんだよ」
1904000 ,,,,,,,つむぎ,つむぎ,05tum823_008.wav,tumugi,,2,,,,,「あ、あの……私は大丈――」
1905000 ,,,,,,,英俊,英俊,13eis823_006.wav,tumugi,,2,,,,,「つまり、つむぎくん！
　たまには一日、好きなことをしたまえ」
1906000 ,,,,,,,つむぎ,つむぎ,05tum823_009.wav,tumugi,,0,,,,,「えっ？　あ、あの……」
1907000 ,,,,,,,英俊,英俊,13eis823_007.wav,tumugi,,0,,,,,「明日の土曜日、キミは一日お休み！」
1908000 ,,,,,,,つむぎ,つむぎ,05tum823_010.wav,tumugi,,0,,,,,「えっ、い、いえ……お休みなんて、私には……」
1909000 ,,,,,,,英俊,英俊,13eis823_008.wav,tumugi,,0,,,,,「オーナー命令だよ。
　明日は仕事場に来ても、働かせないからね」
1910000 ,,,,,,,つむぎ,つむぎ,05tum823_011.wav,tumugi,,0,,,,,「で、ですが……お客様は明日も……」
1911000 ,,,,,,,英俊,英俊,13eis823_009.wav,tumugi,,0,,,,,「安心したまえ。つむぎくんが休んでるぶん、
　しっかり優哉に働いてもらうから」
1912000 ,,,,,,,優哉,優哉,,tumugi,,0,,,,,「……おい！」
1913000 ,,,,,,,英俊,英俊,13eis823_010.wav,tumugi,,0,,,,,「……と言いたいところだがね、
　優哉、お前最近調子に乗りすぎだ」
1914000 ,,,,,,,優哉,優哉,,tumugi,,0,,,,,「へ？」
1915000 ,,,,,,,英俊,英俊,13eis823_011.wav,tumugi,,0,,,,,「お前は明日、手伝いに来なくてもよろしい。
　つまり、お前も休みだ」
1916000 ,,,,,,,優哉,優哉,,tumugi,,0,,,,,「はぁ……」
1917000 ,,,,,,,,,,tumugi,,0,,,,,　思わずポカーンとしてしまう。
1918000 ,,,,,,,つむぎ,つむぎ,05tum823_012.wav,tumugi,,2,,,,,「あ、あのっ、オーナー……」
1919000 ,,,,,,,優哉,優哉,,tumugi,,2,,,,,「でもオヤジ、明日の人手がだな……」
1920000 ,,,,,,,英俊,英俊,13eis823_012.wav,tumugi,,2,,,,,「これは決定事項なのだよ。
　二人とも、明日はゆっくり羽をのばしなさい」
1921000 ,,,,,,,,,,tumugi,,2,,,,,　ひらひらと手を振り、
1922000 ,,,,,,,,,,tumugi,,2,,,,,　オヤジはフロントの奥へと消えてしまった。
1923000 ,,,,,,,つむぎ,つむぎ,05tum823_013.wav,tumugi,,3,,,,,「お休みなんて……そんな……」
1924000 ,,,,,,,,,,tumugi,,3,,,,,　つむぎがおろおろと、オヤジが去った方を見続ける。
1925000 ,,,,,,,優哉,優哉,,tumugi,,3,,,,,「まあ……確かに、
　お前は少し休んだ方がいいと思うぞ」
1926000 ,,,,,,,つむぎ,つむぎ,05tum823_014.wav,tumugi,,0,,,,,「で、ですけど……」
1927000 ,,,,,,,優哉,優哉,,tumugi,,0,,,,,「たまには、好きなことしてゆっくりすればいいよ」 
1929000 ,,,,,,,つむぎ,つむぎ,05tum823_015.wav,tumugi,,5,,,,,「でも、私……その、
　休日のすごしかたなんて、わかりません……」
1930000 ,,,,,,,優哉,優哉,,tumugi,,5,,,,,「えっ？　例えば、部屋でごろごろするとか……」
1931000 ,,,,,,,つむぎ,つむぎ,05tum823_016.wav,tumugi,,5,,,,,「そんな……他の方たちが働いている中で、
　できません……」
1932000 ,,,,,,,優哉,優哉,,tumugi,,5,,,,,「あー……そっか、
　つむぎはここに住んでるんだもんな」
1933000 ,,,,,,,優哉,優哉,,tumugi,,5,,,,,「んっと、じゃあ、町をぶらぶらするとか……」
1934000 ,,,,,,,つむぎ,つむぎ,05tum823_017.wav,tumugi,,0,,,,,「わ、私……今の町は
　ほとんど歩いたことがないので……」
1935000 ,,,,,,,優哉,優哉,,tumugi,,0,,,,,「んー……」
1936000 ,,,,,,,優哉,優哉,,tumugi,,0,,,,,「じゃあ、いっしょに出かけようか？」
1937000 ,,,,,,,つむぎ,つむぎ,05tum823_018.wav,tumugi,,0,,,,,「…………」
1938000 ,,,,,,,つむぎ,つむぎ,05tum823_019.wav,tumugi,,2,,,,,「えっ！？　あ、あのっ……！」
1940000 ,,,,,,,,,,tumugi,,2,,,,,　オーバーリアクションをして、大声を上げるつむぎ。
1941000 ,,,,,,,優哉,優哉,,tumugi,,2,,,,,「い、いや……嫌だったら、いいんだけど」
1942000 ,,,,,,,つむぎ,つむぎ,05tum823_020.wav,tumugi,,3,,,,,「そ、そんな、優哉さんもせっかくの休日なんですし、
　私となんて……」
1943000 ,,,,,,,優哉,優哉,,tumugi,,3,,,,,「俺は全然問題ないぜ」
1944000 ,,,,,,,つむぎ,つむぎ,05tum823_021.wav,tumugi,,0,,,,,「う…………」
1945000 ,,,,,,,,,,tumugi,,0,,,,,　つむぎの顔が、どんどん赤くなっていく。
1946000 ,,,,,,,つむぎ,つむぎ,05tum823_022.wav,tumugi,,6,,,,,「あ、あの……本当に、迷惑ではありませんか？」
1947000 ,,,,,,,優哉,優哉,,tumugi,,6,,,,,「ぜんぜん」
1948000 ,,,,,,,つむぎ,つむぎ,05tum823_023.wav,tumugi,,6,,,,,「で、では……」
1949000 ,,,,,,,つむぎ,つむぎ,05tum823_024.wav,tumugi,,6,,,,,「よろしくお願いします」
1950000 ,,,,,,,,,,tumugi,,6,,,,,　火が出そうに紅潮した顔で、
1951000 ,,,,,,,,,,tumugi,,6,,,,,　つむぎがこくりとうなずいた。
1951090 ,,<!Lend_scene_change>,0,9000,,,,,,,,,,,,,
1954000 ,@824,,,,,,,,,,,,,,,,
1957000 ,,<!Lbegin_scene_change>,8,102,,,,,,,,,,,,,　つむぎと明日の予定を確認してから、
1958000 ,,,,,,,,,,,,,,,,,　旅館を出た。
1959000 ,,,,,,,,,,,,,,,,,　さすがに今日は遅くなったな。
1960000 ,,,,,,,,,,,,,,,,,　もう１０時だよ……。
1962000 ,,<!move_short_r><!se_room_close>,,202,,,優哉,優哉,,,,,,,,,「ただいまー」
1963000 ,,,,,,,千紗,千紗,06tis824_001.wav,"chisa,pajamas",,1,,,,,「あっ、お兄ちゃんおかえりーっ」
1964000 ,,,,,,,,,,chisa,,1,,,,,　千紗がソファーから飛び起き、駆け寄ってくる。
1965000 ,,,,,,,千紗,千紗,06tis824_002.wav,chisa,,1,,,,,「今日はお仕事、いそがしかったの？」
1966000 ,,,,,,,優哉,優哉,,chisa,,1,,,,,「ああ、今日はかなりすごかったぞ」
1967000 ,,,,,,,千紗,千紗,06tis824_003.wav,chisa,,5,,,,,「ううっ、残念だなぁ……。
　学校の居残りがなかったら、
　千紗も手伝いに行ったのに……」
1968000 ,,,,,,,,,,chisa,,5,,,,,　お前は来ない方が良かったという言葉は、
1969000 ,,,,,,,,,,chisa,,5,,,,,　腹の中に納めておこう。
1970000 ,,,,,,,優哉,優哉,,chisa,,5,,,,,「ふわぁぁ……。もう眠いわ。
　今日も晩飯食ってきたから、……」
1971000 ,,,,,,,千紗,千紗,06tis824_004.wav,chisa,,0,,,,,「あっ！　ちょっと待って、お兄ちゃんっ！」
1972000 ,,,,,,,優哉,優哉,,chisa,,0,,,,,「なんだよ」
1973000 ,,,,,,,千紗,千紗,06tis824_005.wav,chisa,,6,,,,,「あのね、あのね……」
1974000 ,,,,,,,優哉,優哉,,chisa,,6,,,,,「……？」
1975000 ,,,,,,,千紗,千紗,06tis824_006.wav,chisa,,6,,,,,「あ、あのねっ、明日、土曜日でしょ？
　えっと……千紗と、どっかお出かけしないっ？」
1976000 ,,,,,,,,,,chisa,,6,,,,,　ほんのりと頬を染め、
1977000 ,,,,,,,,,,chisa,,6,,,,,　上目遣いでこちらを見上げてくる。
1978000 ,,,,,,,優哉,優哉,,chisa,,3,,,,,「あ、いや……。明日は……」
1979000 ,,,,,,,,,,chisa,,3,,,,,　俺の表情を読み取ったのか、
1980000 ,,,,,,,,,,chisa,,3,,,,,　千紗の目に不安の色が浮かぶ。
1981000 ,,,,,,,優哉,優哉,,chisa,,3,,,,,「悪い。明日は先約があるんだ」
1982000 ,,,,,,,千紗,千紗,06tis824_007.wav,chisa,,3,,,,,「あっ……そ、そうなんだ」
1983000 ,,,,,,,優哉,優哉,,chisa,,3,,,,,「ごめんな」
1984000 ,,,,,,,千紗,千紗,06tis824_008.wav,chisa,,5,,,,,「……………………」
1985000 ,,,,,,,千紗,千紗,06tis824_009.wav,chisa,,4,,,,,「それって………………つむぎさん？」
1986000 ,,,,,,,優哉,優哉,,chisa,,4,,,,,「えっ」
1987000 ,,,,,,,,,,chisa,,4,,,,,　千紗の純粋に澄んだ目が、俺を見上げる。
1988000 ,,,,,,,優哉,優哉,,chisa,,4,,,,,「ああ、そうだよ」
1989000 ,,,,,,,千紗,千紗,06tis824_010.wav,chisa,,3,,,,,「…………そっか」
1990000 ,,,,,,,,,,chisa,,3,,,,,　千紗から、さっきまでの快活さが消えてしまった。
1991000 ,,,,,,,優哉,優哉,,chisa,,3,,,,,「ごめん、千紗……また別の日に出かけよう」
1992000 ,,,,,,,千紗,千紗,06tis824_011.wav,chisa,,3,,,,,「…………うん」
1993000 ,,,,,,,,,,chisa,,3,,,,,　小さくうなずく千紗。
1994000 ,,,,,,,千紗,千紗,06tis824_012.wav,chisa,,3,,,,,「じゃあ、おやすみ、お兄ちゃん」
1995000 ,,,,,,,,,,,,,,,,,　しょんぼりしながら、千紗がリビングを出て行く。
1996000 ,,<!se_room_close>,,,,,優哉,優哉,,,,,,,,,「…………」
1997000 ,,,,,,,,,,,,,,,,,　寂しげに沈んでしまった千紗の顔が、
1998000 ,,,,,,,,,,,,,,,,,　俺の胸をチクリと刺した。
1998090 ,,<!Lend_day_change>,0,9000,,,,,,,,,,,,,
1998900 ,,<!ec_tsumugi_pri>,,,,,,,,,,,,,,,
2928000 ,@825,,,,,,,,,,,,,,,,追加
2931000 ,,<!Lbegin_morning>,1,500,,,優哉,優哉,,,,,,,,,「くぁ……」
2932000 ,,,,,,,,,,,,,,,,,　俺は、ベッドから身体を起こす。
　普段より、３０分ぐらい早い起床だった。
2934000 ,,<!move_short>,,200,,,,,,,,,,,,,　リビングに、千紗はいなかった。
2935000 ,,,,,,,優哉,優哉,,,,,,,,,「…………」
2937000 ,,,,,,,優哉,優哉,,,,,,,,,「……いや、それよりも、今日のことを考えないとな」
2939000 ,,<!move_normal>,9,12200,,,優哉,優哉,,,,,,,,,「おーい、つむぎ」
2940000 ,,,,,,,つむぎ,つむぎ,05tum825_001.wav,"tumugi,private",,90,,,,,「あ、ゆ、優哉さん……」
2941000 ,,,,,,,優哉,優哉,,tumugi,,90,,,,,「ごめんつむぎ、待った？」
2942000 ,,,,,,,つむぎ,つむぎ,05tum825_002.wav,tumugi,,90,,,,,「いえ……」
2943000 ,,,,,,,優哉,優哉,,tumugi,,90,,,,,「じゃあ、町の方、案内するよ」
2944000 ,,,,,,,つむぎ,つむぎ,05tum825_003.wav,tumugi,,90,,,,,「はい……お願いします」
2946000 ,,<!timepass_1_short>,,,,,優哉,優哉,,tumugi,,90,,,,,「そういえば……つむぎは、昼飯食った？」
2947000 ,,,,,,,つむぎ,つむぎ,05tum825_004.wav,tumugi,,0,,,,,「いえ、朝ご飯だけです」
2948000 ,,,,,,,優哉,優哉,,tumugi,,0,,,,,「入りそう？　昼飯」
2949000 ,,,,,,,つむぎ,つむぎ,05tum825_005.wav,tumugi,,0,,,,,「はい、大丈夫だと思います。今朝が早かったので」
2950000 ,,,,,,,優哉,優哉,,tumugi,,0,,,,,「じゃあ、俺が知っている定食屋に行ってみないか？」
2951000 ,,,,,,,優哉,優哉,,tumugi,,0,,,,,「そこ、扉も自動ドアじゃないし。つむぎでも大丈夫だよ」
2952000 ,,,,,,,つむぎ,つむぎ,05tum825_006.wav,tumugi,,3,,,,,「は、はぅ……。すみません……」
2953000 ,,,,,,,優哉,優哉,,tumugi,,3,,,,,「あ、ごめん。冗談だよ。まぁ、お店は冗談じゃないんだけど」
2954000 ,,,,,,,優哉,優哉,,tumugi,,90,,,,,「じゃあ、行こうか」
2955000 ,,,,,,,,,,tumugi,,90,,,,,　そうして、俺たちはその定食屋に向かった。
2957000 ,,<!timepass_2_long>,,,,,優哉,優哉,,tumugi,,90,,,,,「ふぅ……旨かった」
2958000 ,,,,,,,つむぎ,つむぎ,05tum825_007.wav,tumugi,,1,,,,,「本当ですね」
2959000 ,,,,,,,,,,tumugi,,1,,,,,　そこは古い店で、内装も凝っていた。
　つむぎがその店にいると、何かその、とてもしっくりしていた。
2960000 ,,,,,,,優哉,優哉,,tumugi,,1,,,,,「つむぎ、すごく古いの知ってたじゃないか。アレ、ご主人も驚いてたぜ」
2961000 ,,,,,,,つむぎ,つむぎ,05tum825_008.wav,tumugi,,0,,,,,「あ、あれは……同じでしたから」
2962000 ,,,,,,,優哉,優哉,,tumugi,,0,,,,,「ああいう民芸品があったんだ？」
2963000 ,,,,,,,つむぎ,つむぎ,05tum825_009.wav,tumugi,,12,,,,,「民芸品っていうより……当たり前にあったものですよ」
2964000 ,,,,,,,優哉,優哉,,tumugi,,12,,,,,「へぇ……」
2965000 ,,,,,,,優哉,優哉,,tumugi,,12,,,,,「なあ……つむぎ」
2966000 ,,,,,,,つむぎ,つむぎ,05tum825_010.wav,tumugi,,0,,,,,「はい」
2967000 ,,,,,,,優哉,優哉,,tumugi,,0,,,,,「……（ごくっ）」
2968000 ,,,,,,,優哉,優哉,,tumugi,,0,,,,,「その……手、つないでいいか？」
2969000 ,,,,,,,つむぎ,つむぎ,05tum825_011.wav,tumugi,,2,,,,,「えっ？　あっ、ぇ……あ、あの……」
2970000 ,,,,,,,優哉,優哉,,tumugi,,2,,,,,「俺と、手をつなぐのは……嫌か？」
2971000 ,,,,,,,つむぎ,つむぎ,05tum825_012.wav,tumugi,,6,,,,,「そ、そんなことは……あ、あの……」
2972000 ,,,,,,,優哉,優哉,,tumugi,,6,,,,,「ダメか？」
2973000 ,,,,,,,つむぎ,つむぎ,05tum825_013.wav,tumugi,,90,,,,,「い、いいえ！　そ、その……つ、つなぎたいです！」
2974000 ,,,,,,,優哉,優哉,,tumugi,,90,,,,,「じゃあ……」
2975000 ,,,,,,,,,,tumugi,,90,,,,,　俺は手を差し出した。
　でも、一瞬で手を引っ込める。
　慌てて、ズボンで汗をぬぐう。
2976000 ,,,,,,,優哉,優哉,,tumugi,,90,,,,,「あ、いや、汗ばんでたら気持ち悪いだろ？」
2977000 ,,,,,,,つむぎ,つむぎ,05tum825_014.wav,tumugi,,1,,,,,「いえ……優哉さんのだったら、気にしません」
2979000 ,,,,,100121,,,,,,,,,,,,　そうして、つむぎは俺の手を取った。
2980000 ,,,,,100121,,つむぎ,つむぎ,05tum825_015.wav,,,,,,,,「あ……」
2981000 ,,,,,100121,,優哉,優哉,,,,,,,,,「嫌だったら、離すぜ」
2982000 ,,,,,100123,,つむぎ,つむぎ,05tum825_016.wav,,,,,,,,「いえ……。嫌じゃありません……。
　その、安心します……」
2983000 ,,,,,100123,,優哉,優哉,,,,,,,,,「あ、ほら。あれ」
2984000 ,,,,,100123,,,,,,,,,,,,　俺は、向こうを指さす。
　町内会の人たちが街頭に垂れ幕とか付け始めている。
2985000 ,,,,,100121,,つむぎ,つむぎ,05tum825_017.wav,,,,,,,,「あれは、お祭りの……？」
2986000 ,,,,,100121,,優哉,優哉,,,,,,,,,「ああ。今年はいつもより派手にしてるなー」
2987000 ,,,,,100121,,つむぎ,つむぎ,05tum825_018.wav,,,,,,,,「すごいですね……」
2988000 ,,,,,100121,,優哉,優哉,,,,,,,,,「祭りの日だけは、外からもいっぱい観光客が来るからな」
2989000 ,,,,,100121,,優哉,優哉,,,,,,,,,「今年は特に、規模を大きくしてるみたいだから、県外からも客が来るんじゃないかな」
2990000 ,,,,,100121,,つむぎ,つむぎ,05tum825_019.wav,,,,,,,,「……外から、ですか」
2991000 ,,,,,100121,,優哉,優哉,,,,,,,,,「ああ。たくさんの人が来るよ」
2992000 ,,,,,100122,,つむぎ,つむぎ,05tum825_020.wav,,,,,,,,「そうですか……。この町のお祭りは、
　そんなに賑やかなものになったんですね……」
2993000 ,,,,,100122,,優哉,優哉,,,,,,,,,「なあ、つむぎ」
2994000 ,,,,,100121,,つむぎ,つむぎ,05tum825_021.wav,,,,,,,,「はい？」
2995000 ,,,,,100121,,優哉,優哉,,,,,,,,,「さっきから時間を気にしているみたいだけど……」
2996000 ,,,,,100121,,つむぎ,つむぎ,05tum825_022.wav,,,,,,,,「あ、いえ……その、やっぱり旅館の方が気になって」
2997000 ,,,,,100121,,優哉,優哉,,,,,,,,,「じゃあ戻ろうか？　確かに、日が傾いてきたし」
2998000 ,,,,,100122,,つむぎ,つむぎ,05tum825_023.wav,,,,,,,,「はい……そうですね」
2999000 ,,,,,100122,,,,,,,,,,,,　もう、この楽しい時間は終了だ。
3000000 ,,,,,100122,,,,,,,,,,,,　結局、俺とつむぎは、手をつないだまま、ずっと歩いていた。
3001000 ,,,,,100122,,,,,,,,,,,,　途中で、小学生のガキ共にからかわれもして、つむぎが遠慮しようとしていたのを、これ見よがしに腕を振って歩いたのは面白かった。
3002000 ,,,,,100122,,,,,,,,,,,,　ガキ共が鼻白むのもそうだったが、つむぎが困りつつも、おもしろがっているのが感じられて。
3003000 ,,,,,100121,,つむぎ,つむぎ,05tum825_024.wav,,,,,,,,「あ……」
3004000 ,,,,,100121,,,,,,,,,,,,　俺を引き留めるようにつむぎが止まる。
3005000 ,,,,,100121,,,,,,,,,,,,　視線の先には、前に入ったことのあるケーキ屋があった。
3006000 ,,,,,100121,,優哉,優哉,,,,,,,,,「食べていくか？」
3007000 ,,,,,100121,,つむぎ,つむぎ,05tum825_025.wav,,,,,,,,「ですが……」
3008000 ,,,,,100121,,優哉,優哉,,,,,,,,,「もう少し遅くなってもいいんじゃないか？　親父は一日休めって言ったんだし」
3009000 ,,,,,100121,,つむぎ,つむぎ,05tum825_026.wav,,,,,,,,「そうですけど……やっぱり」
3010000 ,,,,,100121,,優哉,優哉,,,,,,,,,「まぁまぁ、迷ったときは、行ってしまおう」
3011000 ,,,,,100121,,,,,,,,,,,,　そうして俺はつむぎを連れて、ケーキ屋に入る。
3013000 ,,<!move_short>,,12401,,,優哉,優哉,,tumugi,,0,,,,,「えーっと、何にするかなー。つむぎは、モンブランだったか？」
3014000 ,,,,,,,つむぎ,つむぎ,05tum825_027.wav,tumugi,,0,,,,,「あ……はい」
3015000 ,,,,,,,優哉,優哉,,tumugi,,0,,,,,「えーと……こっちで食べられます？」
3016000 ,,,,,,,店員,店員,,tumugi,,0,,,,,「申し訳ありません。本日は満席となっております……」
3017000 ,,,,,,,優哉,優哉,,tumugi,,0,,,,,「えっ……」
3018000 ,,,,,,,,,,tumugi,,0,,,,,　見れば、町内会の会合の後らしいおばちゃんたちがだべっている。
　むぅ……コイツは長そうだ。
3019000 ,,,,,,,つむぎ,つむぎ,05tum825_028.wav,tumugi,,90,,,,,「優哉さん……。お持ち帰りで……」
3020000 ,,,,,,,優哉,優哉,,tumugi,,90,,,,,「うーん……そうだな。らちがあかないかもな」
3021000 ,,,,,,,,,,tumugi,,90,,,,,　実際そういう空気だ。
　とっくに食べ終わっているのに、水をがぶがぶ飲みながら、おばちゃんたちは、おしゃべりを止めない。
3022000 ,,,,,,,優哉,優哉,,tumugi,,90,,,,,「じゃあ、持ち帰りで……えーと、モンブラン二つと、後、イチゴショート２つ。それから」
3023000 ,,,,,,,つむぎ,つむぎ,05tum825_029.wav,tumugi,,0,,,,,「あ……。あの……」
3024000 ,,,,,,,優哉,優哉,,tumugi,,0,,,,,「ど、どうしたつむぎ？？」
3025000 ,,,,,,,つむぎ,つむぎ,05tum825_030.wav,tumugi,,0,,,,,「あの……なぽれおん、というもの……ありますか？」
3027000 ,,,,,,,店員,店員,,tumugi,,0,,,,,「ナポレオンパイですか？」
3028000 ,,,,,,,つむぎ,つむぎ,05tum825_031.wav,tumugi,,90,,,,,「は、はい。それを二つ」
3029000 ,,,,,,,優哉,優哉,,tumugi,,90,,,,,「へぇ……そういうの好きなの？」
3030000 ,,,,,,,つむぎ,つむぎ,05tum825_032.wav,tumugi,,0,,,,,「オーナーが、好きだと仰ってました」
3031000 ,,,,,,,優哉,優哉,,tumugi,,0,,,,,「……オヤジが？」
3032000 ,,,,,,,つむぎ,つむぎ,05tum825_033.wav,tumugi,,0,,,,,「はい。お世話になっているので、
　差し上げようかと思いまして……」
3033000 ,,,,,,,優哉,優哉,,tumugi,,0,,,,,「だったら、ひとつでいいんじゃないか？」
3034000 ,,,,,,,つむぎ,つむぎ,05tum825_034.wav,tumugi,,6,,,,,「あ、その……。もう一個は、私が……」
3035000 ,,,,,,,優哉,優哉,,tumugi,,6,,,,,「へっ？」
3036000 ,,,,,,,つむぎ,つむぎ,05tum825_035.wav,tumugi,,6,,,,,「食べたこと……ありませんから」
3037000 ,,,,,,,優哉,優哉,,tumugi,,6,,,,,「ははは、なるほど、そっか」
3038000 ,,,,,,,優哉,優哉,,tumugi,,6,,,,,「……あ、お金は俺がまとめて払うよ」
3039000 ,,,,,,,つむぎ,つむぎ,05tum825_036.wav,tumugi,,4,,,,,「いえ、なぽれおんは、私の買い物ですし」
3040000 ,,,,,,,優哉,優哉,,tumugi,,4,,,,,「気にしなくていいって」
3041000 ,,,,,,,つむぎ,つむぎ,05tum825_037.wav,tumugi,,3,,,,,「優哉さん……。そんなの……申し訳ないです……」
3042000 ,,,,,,,優哉,優哉,,tumugi,,3,,,,,「今日は俺の奢りだからな」
3043000 ,,,,,,,つむぎ,つむぎ,05tum825_038.wav,tumugi,,1,,,,,「……はい、分かりました」
3044000 ,,,,,,,,,,tumugi,,1,,,,,　つむぎが、頬を染め、かすかな笑みを浮かべる。
3045000 ,,,,,,,,,,tumugi,,1,,,,,　つむぎが笑っているのが、俺には凄く楽しかった。
3046000 ,,,,,,,優哉,優哉,,tumugi,,1,,,,,「じゃ、帰るか」
3047000 ,,,,,,,つむぎ,つむぎ,05tum825_039.wav,tumugi,,1,,,,,「はい」
3048000 ,,,,,,,,,,,,,,,,,　そうして、俺たちはケーキ屋を後にする。
3049000 ,,,,,,,,,,,,,,,,,　ケーキ屋を出てまた、
　俺たちは手を握り合わせていた。
3049090 ,,<!Lend_move>,0,9000,,,,,,,,,,,,,
3052000 ,,,,,,,,,,,,,,,,,
2001000 ,@826,,,,,,,,,,,,,,,,
2004000 ,,<!Lbegin_move>,8,201,,,優哉,優哉,,,,,,,,,「ただいま」
2005000 ,,,,,,,,,,,,,,,,,　デートの余韻を残しながら、
2006000 ,,,,,,,,,,,,,,,,,　リビングのドアを開ける。
2008000 ,,,,,,,千紗,千紗,06tis826_001.wav,"chisa,uniform",,4,,,,,「あ、お兄ちゃん」
2009000 ,,,,,,,優哉,優哉,,chisa,,4,,,,,「ああ、千紗」
2010000 ,,,,,,,,,,chisa,,4,,,,,　ソファーにぼんやりと座っていた千紗が、
2011000 ,,,,,,,,,,chisa,,4,,,,,　こっちに顔を向けた。
2012000 ,,,,,,,優哉,優哉,,chisa,,4,,,,,「……ただいま」
2013000 ,,,,,,,千紗,千紗,06tis826_002.wav,chisa,,4,,,,,「うん……」
2014000 ,,,,,,,,,,chisa,,4,,,,,　千紗の誘いを断って出かけただけに、
2015000 ,,,,,,,,,,chisa,,4,,,,,　ちょっときまりが悪い。
2016000 ,,,,,,,優哉,優哉,,chisa,,4,,,,,「千紗、どっか出かけてたのか？　制服着たままだが」
2017000 ,,,,,,,千紗,千紗,06tis826_003.wav,chisa,,4,,,,,「うん……。明日香ちゃんと、
　学園の図書館行ってたから」
2018000 ,,,,,,,優哉,優哉,,chisa,,4,,,,,「そっか」
2019000 ,,,,,,,千紗,千紗,06tis826_004.wav,chisa,,4,,,,,「陽向ね、今日は焼き芋パーティーに行くから、
　遅くなるって」
2020000 ,,,,,,,千紗,千紗,06tis826_005.wav,chisa,,4,,,,,「それで、晩ご飯はお鍋にシチューができてるから、
　二人で食べてって……」
2021000 ,,,,,,,優哉,優哉,,chisa,,4,,,,,「ああ、わかった」
2022000 ,,,,,,,千紗,千紗,06tis826_006.wav,chisa,,4,,,,,「…………」
2023000 ,,,,,,,,,,chisa,,4,,,,,　沈んでいる千紗。
2024000 ,,,,,,,,,,chisa,,4,,,,,　どう考えても、昨日誘いを断ったのが原因だよな。
2025000 ,,,,,,,優哉,優哉,,chisa,,4,,,,,「あー……千紗」
2026000 ,,,,,,,千紗,千紗,06tis826_007.wav,chisa,,4,,,,,「なに？」
2027000 ,,,,,,,優哉,優哉,,chisa,,4,,,,,「今から、どっか行こうか」
2028000 ,,,,,,,千紗,千紗,06tis826_008.wav,chisa,,2,,,,,「……えっ？」
2029000 ,,,,,,,優哉,優哉,,chisa,,2,,,,,「もう夕方だけどさ、晩飯も二人だけなら
　ちょっと遅くなっても大丈夫だろ？」
2030000 ,,,,,,,千紗,千紗,06tis826_009.wav,chisa,,2,,,,,「あ……」
2031000 ,,,,,,,,,,chisa,,2,,,,,　千紗の顔に、少しだけ明るさが戻る。
2032000 ,,,,,,,優哉,優哉,,chisa,,2,,,,,「どうだ？　好きなとこ連れてってやるぞ」
2033000 ,,,,,,,千紗,千紗,06tis826_010.wav,chisa,,3,,,,,「…………」
2034000 ,,,,,,,優哉,優哉,,chisa,,3,,,,,「それとももう、今日は行きたくないか？」
2035000 ,,,,,,,千紗,千紗,06tis826_011.wav,chisa,,15,,,,,「……い、行く」
2036000 ,,,,,,,,,,chisa,,15,,,,,　こくり、と千紗がうなずく。
2037000 ,,,,,,,優哉,優哉,,chisa,,15,,,,,「じゃあ、どこに行きたい。
　ケーキ屋か、それとも神社の方行くか？
　祭りの準備で賑やかだぞ」
2038000 ,,,,,,,千紗,千紗,06tis826_012.wav,chisa,,3,,,,,「お兄ちゃんの……」
2039000 ,,,,,,,優哉,優哉,,chisa,,3,,,,,「俺の？」
2040000 ,,,,,,,千紗,千紗,06tis826_013.wav,chisa,,3,,,,,「お兄ちゃんの、学園に行きたい」
2041000 ,,,,,,,優哉,優哉,,chisa,,3,,,,,「えっ？」
2042000 ,,,,,,,優哉,優哉,,chisa,,3,,,,,「なんでまた、そんなところに……」
2043000 ,,,,,,,千紗,千紗,06tis826_014.wav,chisa,,3,,,,,「千紗、お兄ちゃんの学園の中、回ってみたいの」
2044000 ,,,,,,,優哉,優哉,,chisa,,3,,,,,「ああ、まあ……お前がそれでいいなら」
2045000 ,,,,,,,,,,chisa,,3,,,,,　理由は良くわからないが、
2046000 ,,,,,,,,,,chisa,,3,,,,,　千紗の希望をかなえてやろう。
2047000 ,,,,,,,優哉,優哉,,chisa,,3,,,,,「じゃあ、行くか」
2048000 ,,,,,,,千紗,千紗,06tis826_015.wav,chisa,,4,,,,,「うん」
2049000 ,,,,,,,,,,chisa,,4,,,,,　夕暮れの中、俺たちは
2050000 ,,,,,,,,,,chisa,,4,,,,,　学園へ向かうことにしたのだった。
2050900 ,,<!Lend_move>,0,9000,,,,,,,,,,,,,
2052700 ,$go 827,,,,,,,,,,,,,,,,
2053000 ,@829,,,,,,,,,,,,,,,,
2056000 ,,<!Lbegin_day_change>,2,12210,,,千紗,千紗,06tis829_001.wav,"chisa,uniform",,0,"tumugi,uniform",,90,,「見て見てー。もうほとんど準備できてるね～」
2057000 ,,,,,,,つむぎ,つむぎ,05tum829_001.wav,chisa,,0,tumugi,,90,,「そうだね、千紗ちゃん」
2058000 ,,,,,,,,,,chisa,,0,tumugi,,90,,　いつもはなんてことのない町並みが、
2059000 ,,,,,,,,,,chisa,,0,tumugi,,90,,　すっかり祭りの色に飾り付けられている。
2060000 ,,,,,,,優哉,優哉,,chisa,,0,tumugi,,90,,「祭り、あと５日だっけ？」
2061000 ,,,,,,,つむぎ,つむぎ,05tum829_002.wav,chisa,,0,tumugi,,90,,「そうですね。もうすぐです……」
2062000 ,,,,,,,千紗,千紗,06tis829_002.wav,chisa,,1,tumugi,,90,,「ワクワクしちゃうね。いつもこうしてればいいのに」
2063000 ,,,,,,,優哉,優哉,,chisa,,1,tumugi,,90,,「年に１回だけこうするから、有り難みがあるんだよ」
2064000 ,,,,,,,千紗,千紗,06tis829_003.wav,chisa,,0,tumugi,,90,,「えっ、そうかなぁ？　きれいなものだったら千紗、
　毎日見たいけどなぁ」
2065000 ,,,,,,,優哉,優哉,,chisa,,0,tumugi,,90,,「一年中、ずっと提灯を掲げておく訳には
　いかないだろ？　維持費を考えろよ」
2066000 ,,,,,,,千紗,千紗,06tis829_004.wav,chisa,,7,tumugi,,90,,「お兄ちゃん、リアルすぎ……。
　もっとこう、ロマンチックに考えないと」
2067000 ,,,,,,,千紗,千紗,06tis829_005.wav,chisa,,0,tumugi,,90,,「ねっ、つむぎさん？」
2068000 ,,,,,,,つむぎ,つむぎ,05tum829_003.wav,chisa,,0,tumugi,,4,,「………………」
2069000 ,,,,,,,千紗,千紗,06tis829_006.wav,chisa,,4,tumugi,,4,,「つむぎさん？」
2070000 ,,,,,,,,,,chisa,,4,tumugi,,4,,　つむぎは、じっと通り沿いの民家を見上げたまま
2071000 ,,,,,,,,,,chisa,,4,tumugi,,4,,　立ち止まっていた。
2072000 ,,,,,,,優哉,優哉,,chisa,,4,tumugi,,4,,「どうした？　つむぎ」
2073000 ,,,,,,,つむぎ,つむぎ,05tum829_004.wav,chisa,,4,tumugi,,0,,「あ…………すみません」
2074000 ,,,,,,,千紗,千紗,06tis829_007.wav,chisa,,0,tumugi,,0,,「なに見てたの？」
2075000 ,,,,,,,つむぎ,つむぎ,05tum829_005.wav,chisa,,0,tumugi,,0,,「あれです……」
2076000 ,,,,,,,,,,chisa,,0,tumugi,,0,,　つむぎが指差した、民家の二階の軒先には……
2077000 ,,,,,,,,,,chisa,,0,tumugi,,0,,　小さなてるてる坊主が、寄り添うようにふたつ。
2078000 ,,,,,,,千紗,千紗,06tis829_008.wav,chisa,,0,tumugi,,0,,「あっ、てるてる坊主！」
2079000 ,,,,,,,つむぎ,つむぎ,05tum829_006.wav,chisa,,0,tumugi,,0,,「はい。きっと、お祭りの為のものなのでしょうね」
2080000 ,,,,,,,優哉,優哉,,chisa,,0,tumugi,,0,,「そうだな。最近、ずっと曇りがちだから……」
2081000 ,,,,,,,千紗,千紗,06tis829_009.wav,chisa,,3,tumugi,,0,,「うわぁ……。ぜったい雨降っちゃやだよー」
2082000 ,,,,,,,つむぎ,つむぎ,05tum829_007.wav,chisa,,3,tumugi,,12,,「そうですね……。
　やっぱり、お祭りの日は晴れて欲しいですよね」
2083000 ,,,,,,,,,,chisa,,3,tumugi,,12,,　可愛らしく揺れるてるてる坊主を見上げながら、
2084000 ,,,,,,,,,,chisa,,3,tumugi,,12,,　つむぎが小さく、つぶやいていた。
2084090 ,,<!Lend_scene_change>,0,9000,,,,,,,,,,,,,
2087000 ,@830,,,,,,,,,,,,,,,,
2090000 ,,<!Lbegin_scene_change>,8,4503,,,,,,,,,,,,,　昼を過ぎると、天気はどんどん崩れ始めてきた。
2091000 ,,,,,,,悠,悠,02yuu830_001.wav,"yuu,uniform",,0,,,,,「なんか雨降りそうだよねー」
2092000 ,,,,,,,恋鳥,恋鳥,04kot830_001.wav,yuu,,0,"kotori,uniform",,0,,「今日の降水確率、７０％だぞ」
2093000 ,,,,,,,,,,yuu,,0,kotori,,0,,　昼飯時、人の教室に入ってきて
2094000 ,,,,,,,,,,yuu,,0,kotori,,0,,　勝手に俺たちの弁当をつまむ、悠と恋鳥。
2095000 ,,,,,,,愛歌,愛歌,01man830_001.wav,"manaka,uniform",,3,"tumugi,uniform",,0,,「お祭り近いのに、やな感じだよね」
2096000 ,,,,,,,つむぎ,つむぎ,05tum830_001.wav,manaka,,3,tumugi,,0,,「そうですね……」
2097000 ,,,,,,,恋鳥,恋鳥,04kot830_002.wav,manaka,,3,kotori,,0,,「……ん。今日だけじゃない。
　今週ずっと、雨雲が停滞してるらしい」
2098000 ,,,,,,,愛歌,愛歌,01man830_002.wav,manaka,,5,kotori,,0,,「うわあ、なんかやな予感だね……」
2099000 ,,,,,,,恋鳥,恋鳥,04kot830_003.wav,manaka,,5,kotori,,0,,「後半になればなるほど天気崩れてくと
　予報士が言ってたぞ」
2100000 ,,,,,,,優哉,優哉,,manaka,,5,kotori,,0,,「そういや、祭りの時期って
　よく雨とぶつかるんだよな」
2101000 ,,,,,,,つむぎ,つむぎ,05tum830_002.wav,manaka,,5,tumugi,,0,,「そうなんですか……」
2102000 ,,,,,,,悠,悠,02yuu830_002.wav,yuu,,0,tumugi,,0,,「でも、今年は雨天でもお祭り自体は
　別に中止になるわけじゃないらしいよ？」
2103000 ,,,,,,,愛歌,愛歌,01man830_003.wav,yuu,,0,manaka,,0,,「えっ、そうなの？」
2104000 ,,,,,,,悠,悠,02yuu830_003.wav,yuu,,1,manaka,,0,,「うん。ポスターに書いてあった」
2105000 ,,,,,,,悠,悠,02yuu830_004.wav,yuu,,1,manaka,,0,,「ほら、今年は県外にも
　大々的に宣伝しちゃってるからさ。
　簡単に延期とかできないんでしょ」
2106000 ,,,,,,,愛歌,愛歌,01man830_004.wav,yuu,,1,manaka,,3,,「そっか……。でも、雨の中のお祭りっていうのは
　ちょっと盛り上がりそうにないね」
2107000 ,,,,,,,悠,悠,02yuu830_005.wav,yuu,,0,manaka,,3,,「うん。露店なんかも
　雨だと撤去されちゃうみたいだしね」
2108000 ,,,,,,,愛歌,愛歌,01man830_005.wav,yuu,,0,manaka,,3,,「ほんと？
　露店がないお祭りなんて、お味噌の入ってない
　お味噌汁みたいなものだよね……」
2109000 ,,,,,,,つむぎ,つむぎ,05tum830_003.wav,tumugi,,5,manaka,,3,,「雨、降らないといいですね……」
2110000 ,,,,,,,愛歌,愛歌,01man830_006.wav,tumugi,,5,manaka,,0,,「そうだよね。私、お祈りしなきゃ」
2111000 ,,,,,,,悠,悠,02yuu830_006.wav,yuu,,90,manaka,,0,,「まあ、晴れるにしろ雨が降るにしろ、
　みんなでお祭りには行くってことで。いい？」
2112000 ,,,,,,,愛歌,愛歌,01man830_007.wav,yuu,,90,manaka,,1,,「うん、私は平気だよ。
　お祭りの日は学園もお休みだしね」
2113000 ,,,,,,,恋鳥,恋鳥,04kot830_004.wav,yuu,,90,kotori,,0,,「恋鳥も行くぞ」
2114000 ,,,,,,,悠,悠,02yuu830_007.wav,yuu,,0,kotori,,0,,「優哉、あんたたちは？」
2115000 ,,,,,,,優哉,優哉,,yuu,,0,kotori,,0,,「ああ、俺は旅館の手伝いがあるから
　多分行けないだろうな」
2116000 ,,,,,,,つむぎ,つむぎ,05tum830_004.wav,yuu,,0,tumugi,,3,,「すみません……私も……」
2117000 ,,,,,,,悠,悠,02yuu830_008.wav,yuu,,0,manaka,,0,,「そっかー、まあ二人は仕方ないね」
2118000 ,,,,,,,愛歌,愛歌,01man830_008.wav,yuu,,0,manaka,,0,,「お祭りの日なんて、すごく大変そうだよね……」
2119000 ,,,,,,,優哉,優哉,,yuu,,0,manaka,,0,,「付き合い悪くてすまんな。
　もし時間があったら、合流するかもしれないが……
　まず無理かな」
2120000 ,,,,,,,悠,悠,02yuu830_009.wav,yuu,,90,manaka,,0,,「いいよいいよ。無理しないで」
2121000 ,,,,,,,愛歌,愛歌,01man830_009.wav,yuu,,90,manaka,,0,,「優哉ちゃん、
　途中で陣中見舞い持って行ってあげよっか？」
2122000 ,,,,,,,恋鳥,恋鳥,04kot830_005.wav,kotori,,52,,,,,「お前たちの分まで、恋鳥が食べてきてやるぞ」
2123000 ,,,,,,,優哉,優哉,,,,,,,,,「はいはい。まあ俺も興味ないワケじゃないから、
　行けたら行くよ。……な、つむぎ」
2124000 ,,,,,,,つむぎ,つむぎ,05tum830_005.wav,tumugi,,0,,,,,「はい……私も」
2125000 ,,,,,,,,,,,,,,,,,　祭りの日、晴れるといいが……。
2126000 ,,,,,,,,,,,,,,,,,　しかし、窓から見上げる空は、
2127000 ,,,,,,,,,,,,,,,,,　どんよりと灰色がかっていた。
2127090 ,,<!Lend_scene_change>,0,9000,,,,,,,,,,,,,
2130000 ,@831,,,,,,,,,,,,,,,,
2133000 ,,<!Lbegin_scene_change>,8,4503,,,,,,,,,,,,,　放課後。
2134000 ,,,,,,,,,,,,,,,,,　旅館の手伝いに行くため、
2135000 ,,,,,,,,,,,,,,,,,　つむぎと二人で早めに学園を出る。
2137000 ,,<!move_normal>,,12213,,,優哉,優哉,,"tumugi,uniform",,0,,,,,「雨、今にも降ってきそうだな」
2138000 ,,,,,,,つむぎ,つむぎ,05tum831_001.wav,tumugi,,5,,,,,「そうですね……。
　今週、天気は悪くなってしまうのでしょうか……」
2139000 ,,,,,,,優哉,優哉,,tumugi,,5,,,,,「うーん、そうだな。さっきも言ったけどさ、
　この時期、なぜかよく雨が降るんだよな」
2140000 ,,,,,,,つむぎ,つむぎ,05tum831_002.wav,tumugi,,5,,,,,「……………………」
2141000 ,,,,,,,優哉,優哉,,tumugi,,5,,,,,「それで、しょっちゅう祭りが中止になって……。
　昔は、千紗がよくだだこねたもんだよ」
2142000 ,,,,,,,つむぎ,つむぎ,05tum831_003.wav,tumugi,,0,,,,,「……晴れて、欲しいですね」
2143000 ,,,,,,,優哉,優哉,,tumugi,,0,,,,,「ああ。神事だけやっても、
　やっぱ露店がないと寂しいもんな」
2144000 ,,,,,,,つむぎ,つむぎ,05tum831_004.wav,tumugi,,2,,,,,「はい。私も昔…………あっ」
2145000 ,,,,,,,優哉,優哉,,tumugi,,2,,,,,「えっ？」
2146000 ,,,,,,,,,,tumugi,,2,,,,,　突然立ち止まったつむぎが、民家の二階を見上げる。
2147000 ,,,,,,,,,,tumugi,,2,,,,,　あ、ここ、朝の……。
2148000 ,,,,,,,つむぎ,つむぎ,05tum831_005.wav,tumugi,,0,,,,,「あ…………」
2149000 ,,,,,,,,,,tumugi,,0,,,,,　２つのてるてる坊主が吊されていた
2150000 ,,,,,,,,,,tumugi,,0,,,,,　部屋の窓が開いていて、
2151000 ,,,,,,,,,,tumugi,,0,,,,,　そこから小さな女の子が顔を出していた。
2152000 ,,,,,,,つむぎ,つむぎ,05tum831_006.wav,tumugi,,42,,,,,「もうひとつ、吊そうとしているんですね」
2153000 ,,,,,,,優哉,優哉,,tumugi,,42,,,,,「そうだな」
2154000 ,,,,,,,,,,tumugi,,42,,,,,　不器用な手つきで、一生懸命、三個目の
2155000 ,,,,,,,,,,tumugi,,42,,,,,　てるてる坊主を吊そうとしている女の子。
2156000 ,,,,,,,,,,tumugi,,42,,,,,　なんか、千紗の小さい頃みたいだ。
2157000 ,,,,,,,つむぎ,つむぎ,05tum831_007.wav,tumugi,,2,,,,,「あ……」
2158000 ,,,,,,,女の子,女の子,,tumugi,,2,,,,,「あぁぁ～っ」
2159000 ,,,,,,,,,,tumugi,,2,,,,,　女の子の手が滑り、てるてる坊主が
2160000 ,,,,,,,,,,tumugi,,2,,,,,　道路に落下してしまった。
2161000 ,,,,,,,つむぎ,つむぎ,05tum831_008.wav,tumugi,,2,,,,,「……っ！」
2162000 ,,,,,,,,,,tumugi,,2,,,,,　駆け足で、それを拾いに行くつむぎ。
2163000 ,,,,,,,つむぎ,つむぎ,05tum831_009.wav,tumugi,,90,,,,,「良かった……そんなに汚れてない」
2164000 ,,,,,,,女の子,女の子,,tumugi,,90,,,,,「あっ……」
2165000 ,,,,,,,,,,tumugi,,90,,,,,　玄関先から飛び出してきた女の子が、
2166000 ,,,,,,,,,,tumugi,,90,,,,,　つむぎを見て足を止める。
2167000 ,,,,,,,つむぎ,つむぎ,05tum831_010.wav,tumugi,,1,,,,,「てるてる坊主、大丈夫でしたよ」
2168000 ,,,,,,,,,,tumugi,,1,,,,,　表面についた汚れを払ってやりながら、
2169000 ,,,,,,,,,,tumugi,,1,,,,,　つむぎが女の子の方に近づく。
2170000 ,,,,,,,つむぎ,つむぎ,05tum831_011.wav,tumugi,,1,,,,,「はい、どうぞ」
2171000 ,,,,,,,女の子,女の子,,tumugi,,1,,,,,「あ、ありがとう！　おねーちゃんっ」
2172000 ,,,,,,,,,,tumugi,,1,,,,,　つむぎの親切を察して、
2173000 ,,,,,,,,,,tumugi,,1,,,,,　笑顔でてるてる坊主を受け取る女の子。
2174000 ,,,,,,,つむぎ,つむぎ,05tum831_012.wav,tumugi,,90,,,,,「このてるてる坊主、お祭りのためのものですか？」
2175000 ,,,,,,,女の子,女の子,,tumugi,,90,,,,,「うん、そーだよっ。私ねっ、お祭りの日、
　おにーちゃんとお店を見たいんだーっ」
2176000 ,,,,,,,つむぎ,つむぎ,05tum831_013.wav,tumugi,,42,,,,,「そう、お兄さんと……」
2177000 ,,,,,,,女の子,女の子,,tumugi,,42,,,,,「うんっ。おにーちゃん、りんご飴買ってくれるって
　約束してくれたのー♪」
2178000 ,,,,,,,つむぎ,つむぎ,05tum831_014.wav,tumugi,,90,,,,,「それは、楽しみですね」
2179000 ,,,,,,,女の子,女の子,,tumugi,,90,,,,,「うん！　だからね、ぜったい晴れて欲しいから、
　いっぱいいっぱいてるてる坊主つくって、
　お願いするんだー」
2180000 ,,,,,,,つむぎ,つむぎ,05tum831_015.wav,tumugi,,90,,,,,「…………」
2181000 ,,,,,,,,,,tumugi,,90,,,,,　つむぎが、女の子とてるてる坊主を交互に見てから、　女の子の前にしゃがみ込む。
2182000 ,,,,,,,つむぎ,つむぎ,05tum831_016.wav,tumugi,,0,,,,,「あの……私も、作って良いでしょうか？」
2183000 ,,,,,,,女の子,女の子,,tumugi,,0,,,,,「えっ？」
2184000 ,,,,,,,つむぎ,つむぎ,05tum831_017.wav,tumugi,,0,,,,,「あまり多く作れないとは思いますが……
　私も、いっぱいてるてる坊主を作ります」
2185000 ,,,,,,,女の子,女の子,,tumugi,,0,,,,,「えーーっ！　ほんとっ？
　おねーちゃんも作ってくれるの？」
2186000 ,,,,,,,つむぎ,つむぎ,05tum831_018.wav,tumugi,,1,,,,,「はい。是非、協力させてください」
2187000 ,,,,,,,女の子,女の子,,tumugi,,1,,,,,「うわぁっ！　ほんと？　ほんとーっ？
　うれしいっ、ありがとうおねーちゃんっ！」
2188000 ,,,,,,,,,,tumugi,,1,,,,,　女の子が、つむぎのまえで嬉しそうに飛び跳ねる。
2189000 ,,,,,,,,,,tumugi,,1,,,,,　女の子の顔を見上げながら、つむぎも
2190000 ,,,,,,,,,,tumugi,,1,,,,,　優しく微笑んでいた。
2191000 ,,,,,,,,,,tumugi,,1,,,,,　つむぎって、控えめなようでいて
2192000 ,,,,,,,,,,tumugi,,1,,,,,　言い出すと、止まらないとこあるんだよな……。
2192090 ,,<!Lend_scene_change>,0,9000,,,,,,,,,,,,,
2195000 ,@832,,,,,,,,,,,,,,,,
2198000 ,,<!Lbegin_scene_change>,8,1502,,,優哉,優哉,,,,,,,,,「つむぎ……また作ってるのか？」
2199000 ,,,,,,,,,,"tumugi,nakai",,0,,,,,　仕事が終わった後、つむぎは着替えもせずに
2200000 ,,,,,,,,,,tumugi,,0,,,,,　黙々とてるてる坊主を作り始めた。
2201000 ,,,,,,,つむぎ,つむぎ,05tum832_001.wav,tumugi,,5,,,,,「はい……約束してから、
　まだいくつも完成させてませんから……」
2202000 ,,,,,,,,,,tumugi,,5,,,,,　つむぎは、仕事の休憩時間などでも休まずせっせと
2203000 ,,,,,,,,,,tumugi,,5,,,,,　てるてる坊主を作り続けていた。
2204000 ,,,,,,,優哉,優哉,,tumugi,,5,,,,,「お前、ぜんぜん休んでないだろ？
　ちょっとは温泉でも入って身体を休めたら……」
2205000 ,,,,,,,つむぎ,つむぎ,05tum832_002.wav,tumugi,,4,,,,,「大丈夫です」
2206000 ,,,,,,,優哉,優哉,,tumugi,,4,,,,,「………………」
2207000 ,,,,,,,,,,tumugi,,4,,,,,　こうなってしまうと、つむぎはまた頑として、
2208000 ,,,,,,,,,,tumugi,,4,,,,,　俺の意見なんか聞かないんだよな……。
2209000 ,,,,,,,つむぎ,つむぎ,05tum832_003.wav,tumugi,,0,,,,,「私……少しでも多く、作ってあげたいんです」
2210000 ,,,,,,,,,,tumugi,,0,,,,,　手を動かしながら、つむぎが呟く。
2211000 ,,,,,,,優哉,優哉,,tumugi,,0,,,,,「あの子が祭りに行くために？」
2212000 ,,,,,,,つむぎ,つむぎ,05tum832_004.wav,tumugi,,90,,,,,「はい……。あの女の子が、お兄さんと一緒に
　楽しい思い出を作れるように……」
2213000 ,,,,,,,つむぎ,つむぎ,05tum832_005.wav,tumugi,,4,,,,,「お祭りに行けなくて、
　悲しい思いをさせてしまうのは……いやなんです」
2214000 ,,,,,,,優哉,優哉,,tumugi,,4,,,,,「つむぎ……」
2215000 ,,,,,,,,,,tumugi,,4,,,,,　単純な作業ではあるが、つむぎはひとつひとつを
2216000 ,,,,,,,,,,tumugi,,4,,,,,　作るのに、まったく手を抜かない。
2217000 ,,,,,,,,,,tumugi,,4,,,,,　その真剣さに、俺は静かな気迫すら感じてしまう。
2218000 ,,,,,,,優哉,優哉,,tumugi,,4,,,,,「……わかった。俺も手伝う」
2219000 ,,,,,,,,,,tumugi,,4,,,,,　どかっとつむぎの横に腰を下ろし、
2220000 ,,,,,,,,,,tumugi,,4,,,,,　ティッシュを手に取る。
2221000 ,,,,,,,つむぎ,つむぎ,05tum832_006.wav,tumugi,,2,,,,,「あっ……」
2222000 ,,,,,,,,,,tumugi,,2,,,,,　手を止めて、俺の方を見るつむぎ。
2223000 ,,,,,,,優哉,優哉,,tumugi,,2,,,,,「俺だって晴れて欲しいからさ。一緒にやるよ」
2224000 ,,,,,,,つむぎ,つむぎ,05tum832_007.wav,tumugi,,0,,,,,「優哉さん……」
2225000 ,,,,,,,優哉,優哉,,tumugi,,0,,,,,「んっ、と……久しぶりに作ると、
　うまくいかないものだな。……あ、ヘンな顔っ」
2226000 ,,,,,,,つむぎ,つむぎ,05tum832_008.wav,tumugi,,42,,,,,「ありがとう……ございます」
2227000 ,,,,,,,,,,tumugi,,42,,,,,　ぺこりと頭を下げた後、またせっせと
2228000 ,,,,,,,,,,tumugi,,42,,,,,　手を動かし始める。
2229000 ,,,,,,,,,,tumugi,,42,,,,,　……こうして、俺たちの夜は更けていった。
2229090 ,,<!Lend_night>,0,9000,,,,,,,,,,,,,
2229900 ,,<!ec_tsumugi_uni>,,,,,,,,,,,,,,,
2232000 ,@833,,,,,,,,,,,,,,,,
2235000 ,,<!Lbegin_day_change>,7,4500,,,,,,,,,,,,,　翌日……。
2236000 ,,,,,,,,,,,,,,,,,　つむぎは、学園でも空き時間を利用して
2237000 ,,,,,,,,,,,,,,,,,　てるてる坊主を作っていた。
2238000 ,,,,,,,優哉,優哉,,"tumugi,uniform",,0,,,,,「つむぎ……夕べ、ちゃんと寝たか？」
2239000 ,,,,,,,,,,tumugi,,0,,,,,　俺も、机をくっつけて協力。
2240000 ,,,,,,,つむぎ,つむぎ,05tum833_001.wav,tumugi,,90,,,,,「はい、大丈夫ですよ……。ちゃんと寝ています」
2241000 ,,,,,,,,,,tumugi,,90,,,,,　そうは言っているものの、うっすら目の下に
2242000 ,,,,,,,,,,tumugi,,90,,,,,　クマが出来ているのを俺は見逃していない。
2243000 ,,,,,,,,,,tumugi,,90,,,,,　しかしまあ、休めと言っても聞くつむぎでは
2244000 ,,,,,,,,,,tumugi,,90,,,,,　ないのだから、俺に出来ることと言えば
2245000 ,,,,,,,,,,tumugi,,90,,,,,　手伝ってやることくらいだ。
2246000 ,,,,,,,優哉,優哉,,tumugi,,90,,,,,「ん、けっこう溜まったな」
2247000 ,,,,,,,つむぎ,つむぎ,05tum833_002.wav,tumugi,,0,,,,,「あ、では、こちらの紙袋へ」
2247900 ,,,,,,,,,,,,,,,,,
2248000 ,,,,,,,大和,大和,08yam833_001.wav,manaka,,0,yamato,,0,,「んん？　お前ら、二人して何やってんの？」
2249000 ,,,,,,,愛歌,愛歌,01man833_001.wav,manaka,,0,yamato,,0,,「あっ、てるてる坊主……？」
2250000 ,,,,,,,,,,manaka,,0,yamato,,0,,　愛歌と大和が、俺たちの机をのぞき込んでくる。
2251000 ,,,,,,,つむぎ,つむぎ,05tum833_003.wav,tumugi,,0,yamato,,0,,「あ……はい。その、お祭りのために……」
2252000 ,,,,,,,大和,大和,08yam833_002.wav,tumugi,,0,yamato,,1,,「お祭り？　あーなるほど、晴れて欲しいんだ。
　さては露店めぐり大好きっ子だね？　キミ」
2253000 ,,,,,,,つむぎ,つむぎ,05tum833_004.wav,tumugi,,0,yamato,,0,,「えっ……？　あ、あの……」
2254000 ,,,,,,,優哉,優哉,,,,,yamato,,0,,「＜違＝ちげ＞ぇよ。つむぎは、昨日知り合った
　女の子のために作ってあげてるんだよ」
2255000 ,,,,,,,大和,大和,08yam833_003.wav,,,,yamato,,2,,「女の子？　んんっ、それはどこの美少女だ？」
2256000 ,,,,,,,優哉,優哉,,,,,yamato,,2,,「ホントにバカだな、お前は……。
　子供だよ。小さな女の子」
2257000 ,,,,,,,大和,大和,08yam833_004.wav,,,,yamato,,1,,「それはそれで」
2258000 ,,,,,,,優哉,優哉,,,,,yamato,,1,,「いっぺん死んでこい、お前」
2259000 ,,,,,,,愛歌,愛歌,01man833_002.wav,manaka,,0,,,,,「それで、女の子とてるてるぼうずが、
　どういう関係なの？」
2260000 ,,,,,,,優哉,優哉,,manaka,,0,,,,,「えっとな、女の子が兄貴と祭りで
　露店を回るのを楽しみにして、
　いっぱいてるてる坊主を作ってたんだよ」
2261000 ,,,,,,,優哉,優哉,,manaka,,0,,,,,「それに、つむぎが協力を申し出たんだ。
　いっぱいあった方が、願いも通じるだろうってな」
2262000 ,,,,,,,愛歌,愛歌,01man833_003.wav,manaka,,1,,,,,「そうだったんだ……。
　わーっ、やっぱりつむぎさんって優しいっ！」
2263000 ,,,,,,,つむぎ,つむぎ,05tum833_005.wav,manaka,,1,tumugi,,0,,「い、いえ、そんな……」
2264000 ,,,,,,,愛歌,愛歌,01man833_004.wav,manaka,,1,tumugi,,0,,「つむぎさん、私も手伝っていい？」
2265000 ,,,,,,,つむぎ,つむぎ,05tum833_006.wav,manaka,,1,tumugi,,2,,「えっ？　あっ、はい……」
2266000 ,,,,,,,大和,大和,08yam833_005.wav,,,,yamato,,5,,「ぬう、ここで俺も手伝わないと
　冷たい人みたいじゃないか」
2267000 ,,,,,,,優哉,優哉,,,,,yamato,,5,,「別に、お前まで手伝えとは言ってねーよ」
2268000 ,,,,,,,大和,大和,08yam833_006.wav,,,,yamato,,1,,「いいや、俺は手伝う！
　全力を持って手伝ってやるぞ！」
2269000 ,,,,,,,大和,大和,08yam833_007.wav,,,,yamato,,0,,「それどころか、他のヤツらにも手伝わせてやる！
　おーい、そこのヒマなやつらー！！」
2270000 ,,,,,,,,,,,,,yamato,,0,,　大和の呼びかけに、みんな何事かと耳を傾ける。
2271000 ,,,,,,,大和,大和,08yam833_008.wav,,,,yamato,,0,,「お前らー、よーく聞け！
　つむぎは、普段クラスの仕事を
　小さいことまで何でも引き受けてくれている！」
2272000 ,,,,,,,つむぎ,つむぎ,05tum833_007.wav,tumugi,,2,yamato,,0,,「は、はわ、わ……大和さんっ！」
2273000 ,,,,,,,大和,大和,08yam833_009.wav,tumugi,,2,yamato,,0,,「たまには俺たちが、そんな心優しい天使のような
　つむぎに協力してやらないと、罰が当たるように
　思えるんだが、どうだ？」
2274000 ,,,,,,,つむぎ,つむぎ,05tum833_008.wav,tumugi,,3,yamato,,0,,「あ、あの……いいんですっ……。
　他の皆さんにご迷惑をかけなくても……」
2275000 ,,,,,,,,,,tumugi,,3,yamato,,0,,　教室に残っていたクラスメイトたちが、
2276000 ,,,,,,,,,,tumugi,,3,yamato,,0,,　ぞろぞろとこっちに集まってくる。
2277000 ,,,,,,,女子,女子,,tumugi,,3,yamato,,0,,「お祭りのためなの？」
2278000 ,,,,,,,つむぎ,つむぎ,05tum833_009.wav,tumugi,,0,yamato,,0,,「えっ……あっ、は、はい」
2279000 ,,,,,,,男子,男子,,tumugi,,0,yamato,,0,,「いくつ作ればいいんだ？」
2280000 ,,,,,,,つむぎ,つむぎ,05tum833_010.wav,tumugi,,0,yamato,,0,,「えっと、あの、それは……」
2281000 ,,,,,,,,,,tumugi,,0,yamato,,0,,　大勢に囲まれ、おろおろを通り越して、
2282000 ,,,,,,,,,,tumugi,,0,yamato,,0,,　うるうるになってしまっているつむぎ。
2283000 ,,,,,,,大和,大和,08yam833_010.wav,tumugi,,0,yamato,,0,,「ほーら、このティッシュを受け取れ。
　てるてる坊主の作り方を知らないヤツなんて
　いないよな？」
2284000 ,,,,,,,愛歌,愛歌,01man833_005.wav,tumugi,,0,manaka,,1,,「あ、そうだ！　悠にも話してみるね！」
2285000 ,,,,,,,,,,tumugi,,0,,,,,　愛歌が、ぴょいっと教室を飛び出していく。
2286000 ,,,,,,,つむぎ,つむぎ,05tum833_011.wav,tumugi,,2,,,,,「あっ、愛歌さん……」
2287000 ,,,,,,,優哉,優哉,,tumugi,,2,,,,,「まあ、いいじゃないか。手伝ってもらえば」
2288000 ,,,,,,,つむぎ,つむぎ,05tum833_012.wav,tumugi,,3,,,,,「わ、私、こんな……。
　皆さんに迷惑をおかけするつもりは……」
2289000 ,,,,,,,優哉,優哉,,tumugi,,3,,,,,「いいんだよ。みんなつむぎの力になりたいんだ。
　みんな、つむぎの日頃の努力には感謝してるんだよ」
2290000 ,,,,,,,つむぎ,つむぎ,05tum833_013.wav,tumugi,,3,,,,,「あ…………」
2291000 ,,,,,,,,,,tumugi,,3,,,,,　つむぎの目から、本当に
2292000 ,,,,,,,,,,tumugi,,3,,,,,　うるうると涙がこぼれ落ちそうになる。
2293000 ,,,,,,,つむぎ,つむぎ,05tum833_014.wav,tumugi,,40,,,,,「ありがとう……ございます……」
2294000 ,,,,,,,,,,tumugi,,40,,,,,　つむぎは、くしゃくしゃになった顔でうなずいた。
2296000 ,,<!timepass_2_short>,,4501,,,,,,,,,,,,,　そして、放課後。
2297000 ,,,,,,,優哉,優哉,,,,,,,,,「ずいぶんできたな」
2298000 ,,,,,,,つむぎ,つむぎ,05tum833_015.wav,tumugi,,1,,,,,「はい。皆さんのおかげです」
2299000 ,,,,,,,,,,tumugi,,1,,,,,　紙袋３つ分になったてるてる坊主を見て、
2300000 ,,,,,,,,,,tumugi,,1,,,,,　つむぎが嬉しそうに微笑む。
2301000 ,,,,,,,つむぎ,つむぎ,05tum833_016.wav,tumugi,,90,,,,,「帰り際、あの子に届けてきます」
2302000 ,,,,,,,優哉,優哉,,tumugi,,90,,,,,「ああ、俺も行く。その袋、俺が持つよ」
2303000 ,,,,,,,,,,tumugi,,90,,,,,　そう言って紙袋を手に持ち、
2304000 ,,,,,,,,,,tumugi,,90,,,,,　教室を出て行こうとすると……。
2305000 ,,,,,,,愛歌,愛歌,01man833_006.wav,manaka,,0,,,,,「つむぎさん、優哉ちゃん！　見て！！」
2306000 ,,,,,,,大和,大和,08yam833_011.wav,manaka,,0,yamato,,1,,「おい、これすげーぞ！　ズッシリ来る！」
2307000 ,,,,,,,,,,manaka,,0,yamato,,1,,　愛歌と大和が、
2308000 ,,,,,,,,,,manaka,,0,yamato,,1,,　ダンボールを抱えて教室に戻ってきた。
2309000 ,,,,,,,優哉,優哉,,manaka,,0,yamato,,1,,「なんだ、それ……」
2310000 ,,,,,,,愛歌,愛歌,01man833_007.wav,manaka,,1,yamato,,1,,「じゃじゃーーん♪　見て見て！
　これだけ集まっちゃいましたーーっ！」
2311000 ,,,,,,,つむぎ,つむぎ,05tum833_017.wav,manaka,,1,tumugi,,2,,「えっ！？」
2312000 ,,,,,,,優哉,優哉,,manaka,,1,tumugi,,2,,「お、おお…………」
2313000 ,,,,,,,,,,manaka,,1,tumugi,,2,,　５箱のダンボールに、
2314000 ,,,,,,,,,,manaka,,1,tumugi,,2,,　ぎっしりと詰まったてるてる坊主。
2315000 ,,,,,,,,,,manaka,,1,tumugi,,2,,　これ、並の量じゃないぞ……。
2316000 ,,,,,,,つむぎ,つむぎ,05tum833_018.wav,manaka,,1,tumugi,,3,,「えっ、あ、あの、これは……」
2317000 ,,,,,,,愛歌,愛歌,01man833_008.wav,manaka,,1,tumugi,,3,,「うん。悠がね、学園中を焚きつけて
　これだけ作らせちゃったんだよ～」
2318000 ,,,,,,,大和,大和,08yam833_012.wav,yamato,,1,tumugi,,3,,「翠川、みんなを煽るのが上手いからなー。
　もうほとんど宗教みたいな集まりっぷりだったぜ」
2319000 ,,,,,,,つむぎ,つむぎ,05tum833_019.wav,yamato,,1,tumugi,,2,,「そんな……今日だけで、こんなに……」
2320000 ,,,,,,,愛歌,愛歌,01man833_009.wav,manaka,,0,tumugi,,2,,「うん、それでね？　いつの間にか、学園全体で
　てるてる坊主を作って、町のいろんなところに
　吊していこうっていう話にまでなっちゃったの」
2321000 ,,,,,,,つむぎ,つむぎ,05tum833_020.wav,manaka,,0,tumugi,,2,,「町中に……」
2322000 ,,,,,,,愛歌,愛歌,01man833_010.wav,manaka,,1,tumugi,,2,,「うん。なんかもうすごいんだよ、
　一大イベントみたいになっちゃってるよー。
　今もいろんな教室で、てるてる坊主作ってるの」
2323000 ,,,,,,,大和,大和,08yam833_013.wav,yamato,,1,tumugi,,2,,「翠川が、まだまだ学園中を煽ってるぜ。
　こりゃ、その気になったら
　クーデター起こせるんじゃねぇの？」
2324000 ,,,,,,,愛歌,愛歌,01man833_011.wav,manaka,,0,tumugi,,2,,「材質も、ティッシュじゃ水に弱いから
　布にしようって……。
　材料もみんなの厚意で、たくさん集まってるよ」
2325000 ,,,,,,,つむぎ,つむぎ,05tum833_021.wav,,,,tumugi,,40,,「そ……んな……。そんな、に…………」
2326000 ,,,,,,,,,,,,,tumugi,,40,,　ダンボールを見つめていたつむぎが、
2327000 ,,,,,,,,,,,,,tumugi,,40,,　ポロリと涙をこぼす。
2328000 ,,,,,,,つむぎ,つむぎ,05tum833_022.wav,,,,tumugi,,40,,「皆さん、すみません……。
　私……なんて言ったらいいか……」
2329000 ,,,,,,,愛歌,愛歌,01man833_012.wav,manaka,,2,tumugi,,40,,「わわっ、泣かないでいいよっ。
　みんなも楽しんでやってるし」
2330000 ,,,,,,,大和,大和,08yam833_014.wav,yamato,,1,tumugi,,40,,「そうだぜ、てるてる坊主の前で泣くなんて
　縁起悪いぞ、つむぎ」
2331000 ,,,,,,,愛歌,愛歌,01man833_013.wav,manaka,,7,tumugi,,40,,「もう、そういうこと言ったらダメなんだよ！」
2332000 ,,<!se_punch>,,,,,大和,大和,08yam833_015.wav,yamato,,3,tumugi,,40,,「いでっ！」
2333000 ,,,,,,,優哉,優哉,,,,,tumugi,,40,,「……よかったな、つむぎ」
2334000 ,,,,,,,つむぎ,つむぎ,05tum833_023.wav,,,,tumugi,,1,,「は、はい……っ……
　み、皆さん……ありがとうございます」
2335000 ,,,,,,,,,,,,,tumugi,,1,,　つむぎは俺たちを見上げ、泣きながら笑った。
2336000 ,,,,,,,,,,,,,,,,,　祭りまで、あと４日……。
2336090 ,,<!Lend_day_change>,0,9000,,,,,,,,,,,,,
2339000 ,@834,,,,,,,,,,,,,,,,
2342000 ,,<!Lbegin_day_change>,0,9000,,,,,,,,,,,,,　翌日。
2344000 ,,<!se_rain_s_ext>,,12214,,,,,,,,,,,,,　朝から、雨が降り出していた。
2345900 ,,,,9000,,,,,,,,,,,,,
2346000 ,,<!se_rain_s_int>,2,4503,,,,,,"tumugi,uniform",,4,,,,,　そんな中、俺たちはつむぎを中心にして
2347000 ,,,,,,,,,,tumugi,,4,,,,,　てるてる坊主を作り続ける。
2348000 ,,,,,,,愛歌,愛歌,01man834_001.wav,tumugi,,4,"manaka,uniform",,1,,「できたっ。……あっ、これ可愛い顔ー」
2349000 ,,,,,,,優哉,優哉,,tumugi,,4,manaka,,0,,「そういやつむぎ、あの子なんて言ってた？」
2350000 ,,,,,,,つむぎ,つむぎ,05tum834_001.wav,tumugi,,1,manaka,,0,,「はい。とても喜んでくれました」
2351000 ,,,,,,,,,,tumugi,,1,manaka,,0,,　昨日の帰り際、つむぎはあの女の子の家に寄って、
2352000 ,,,,,,,,,,tumugi,,1,manaka,,0,,　てるてる坊主を届けたそうだ。
2353000 ,,,,,,,,,,tumugi,,1,manaka,,0,,　本当は、俺も一緒に行くつもりだったが、
2354000 ,,,,,,,,,,tumugi,,1,manaka,,0,,　てるてる坊主の飾り付け要員に回されてしまい
2355000 ,,,,,,,,,,tumugi,,1,manaka,,0,,　同行できなかった。
2356000 ,,,,,,,愛歌,愛歌,01man834_002.wav,tumugi,,1,manaka,,3,,「どれくらいプレゼントしたの？」
2357000 ,,,,,,,つむぎ,つむぎ,05tum834_002.wav,tumugi,,90,manaka,,3,,「はい。さすがに多すぎても
　あの子が困ると思ったので、紙袋３つ分ほど……」
2358000 ,,,,,,,,,,tumugi,,90,manaka,,3,,　まあ、それでも充分多いと思うがな。
2359000 ,,,,,,,大和,大和,08yam834_001.wav,"yuu,uniform",,0,"yamato,uniform",,1,,「よう、また二箱来たぞ！
　おおっ、今度のは色つきも多いな」
2360000 ,,,,,,,悠,悠,02yuu834_001.wav,yuu,,0,yamato,,1,,「まだまだ増えるから、楽しみにしててよー！」
2361000 ,,,,,,,恋鳥,恋鳥,04kot834_001.wav,yuu,,0,"kotori,uniform",,0,,「神社のＯＫも取れたぞ。
　てるてる坊主、飾っていいって」
2362000 ,,,,,,,愛歌,愛歌,01man834_003.wav,manaka,,1,kotori,,0,,「じゃあ、境内にもびっしり飾っちゃおっか！」
2363000 ,,,,,,,優哉,優哉,,manaka,,1,kotori,,0,,「よし、そこには俺が行くわ。大和も付き合えよ？」
2364000 ,,,,,,,大和,大和,08yam834_002.wav,manaka,,1,yamato,,0,,「はいはい、わーってますよ」
2365000 ,,,,,,,つむぎ,つむぎ,05tum834_003.wav,tumugi,,3,,,,,「あ、ありがとうございます……。
　申し訳ありません……私が飾りに行けずに……」
2366000 ,,,,,,,優哉,優哉,,tumugi,,3,,,,,「いいんだよ。やりだしたのはお前だけど、
　俺たちも好きでやってるんだから」
2367000 ,,,,,,,つむぎ,つむぎ,05tum834_004.wav,tumugi,,0,,,,,「は、はい……」
2368000 ,,,,,,,,,,,,,,,,,　しかし、雨脚は弱まるどころか、
2369000 ,,,,,,,,,,,,,,,,,　強くなる一方だった。
2370000 ,,<se_stop id=""2"" fadeout=""6000"">,,,,,,,,,,,,,,,　祭りまで、あと３日……。
2373000 ,,<!timepass_day_short><!se_rain_s_ext>,8,4104,,,,,,,,,,,,,　そして、また次の日も雨。
2374000 ,,,,,,,,,,,,,,,,,　天気予報では、
2375000 ,,,,,,,,,,,,,,,,,　この先しばらくは雨が続くと言っていた。
2376000 ,,,,,,,,,,,,,,,,,　学園内にも、だんだんあきらめムードが
2377000 ,,,,,,,,,,,,,,,,,　広がって来つつある。
2378000 ,,<!se_rain_s_int>,,4503,,,大和,大和,08yam834_003.wav,yamato,,5,manaka,,5,,「チッ。雨、やまねぇな……」
2379000 ,,,,,,,愛歌,愛歌,01man834_004.wav,yamato,,5,manaka,,3,,「うん……。てるてる坊主も濡れちゃってるね……」
2380000 ,,,,,,,,,,yamato,,5,manaka,,3,,　昼飯をつつきながら、愛歌が窓の外を見る。
2381000 ,,,,,,,優哉,優哉,,,,,,,,,「つむぎ、お前も少しは休めよ。
　弁当持ってきてるだろ？」
2382000 ,,,,,,,,,,,,,,,,,　黙々と手を動かし続けている
2383000 ,,,,,,,,,,,,,,,,,　つむぎに声をかける。
2384000 ,,,,,,,つむぎ,つむぎ,05tum834_005.wav,tumugi,,4,,,,,「大丈夫です。あと少し作ったら、休みますから……」
2385000 ,,,,,,,,,,tumugi,,4,,,,,　ひとりあきらめることなく、頑張っているつむぎ。
2386000 ,,,,,,,愛歌,愛歌,01man834_005.wav,tumugi,,4,manaka,,3,,「つむぎさん、顔色悪いね……大丈夫かな？」
2387000 ,,,,,,,,,,tumugi,,4,manaka,,3,,　つむぎは、てるてる坊主作りで疲れているだろうに、
2388000 ,,,,,,,,,,tumugi,,4,manaka,,3,,　旅館の仕事でも、毎晩全力を尽くしてしまっている。
2389000 ,,,,,,,優哉,優哉,,tumugi,,4,,,,,「つむぎ、交代だ」
2390000 ,,,,,,,,,,tumugi,,4,,,,,　ひょいっとつむぎの手から作りかけのものを
2391000 ,,,,,,,,,,tumugi,,4,,,,,　取り上げる。
2392000 ,,,,,,,つむぎ,つむぎ,05tum834_006.wav,tumugi,,2,,,,,「えっ……あ、あの……っ」
2393000 ,,,,,,,優哉,優哉,,tumugi,,2,,,,,「俺、弁当食い終わったからさ。
　お前が食い終わるまで、作るの交代」
2394000 ,,,,,,,つむぎ,つむぎ,05tum834_007.wav,tumugi,,3,,,,,「でも……」
2395000 ,,,,,,,優哉,優哉,,tumugi,,3,,,,,「ダメだ。腹が減っては戦はできぬって言うだろ？」
2396000 ,,,,,,,つむぎ,つむぎ,05tum834_008.wav,tumugi,,3,,,,,「はい……。わかりました……」
2397000 ,,,,,,,,,,tumugi,,3,,,,,　つむぎはしぶしぶ俺と交代し、弁当を取り出す。
2398000 ,,,,,,,優哉,優哉,,tumugi,,3,,,,,「さて……と」
2399000 ,,,,,,,,,,tumugi,,3,,,,,　俺は、てるてる坊主を作り始める。
2400000 ,,,,,,,,,,tumugi,,3,,,,,　つむぎの横顔、疲労の色が濃く浮かんでいた。
2401000 ,,<se_stop id=""2"" fadeout=""6000"">,,,,,,,,,,,,,,,　祭りまで……あと２日だ。
2404000 ,,<!timepass_day_short><!se_rain_s_int>,,4304,,,,,,,,,,,,,　祭りの、前日。
2405000 ,,,,,,,,,,,,,,,,,　俺たちの願いもむなしく、この日もまた雨だった。
2406000 ,,,,,,,,,,,,,,,,,　熱が冷めるように、ひとり、またひとりと、
2407000 ,,,,,,,,,,,,,,,,,　てるてる坊主作りをやめていく。
2408000 ,,,,4503,,,悠,悠,02yuu834_002.wav,yuu,,5,,,,,「ごめんねー。なんかもう、みんなのやる気が
　一気に引いてっちゃって……」
2410000 ,,,,,,,愛歌,愛歌,01man834_006.wav,yuu,,5,manaka,,3,,「うーん……。
　これだけ雨が続くと、しょうがないよね……」
2411000 ,,,,,,,,,,yuu,,5,manaka,,3,,　つむぎに気づかれないよう、少し離れたところで
2412000 ,,,,,,,,,,yuu,,5,manaka,,3,,　十数個しかてるてる坊主が入っていない
2413000 ,,,,,,,,,,yuu,,5,manaka,,3,,　ダンボール箱を見る。
2414000 ,,,,,,,大和,大和,08yam834_004.wav,yamato,,3,manaka,,3,,「お、俺、もう腱鞘炎になったかも……」
2415000 ,,,,,,,恋鳥,恋鳥,04kot834_002.wav,yamato,,3,kotori,,7,,「情けないぞ。つむぎを見ろ」
2416000 ,,,,,,,,,,yamato,,3,kotori,,7,,　ひとり、あきらめず手を動かし続けるつむぎ。
2417000 ,,,,,,,,,,yamato,,3,kotori,,7,,　いったい今日で、何百個の
2418000 ,,,,,,,,,,yamato,,3,kotori,,7,,　てるてる坊主を作ったんだろうか……。
2419000 ,,,,,,,,,,yamato,,3,kotori,,7,,　計り知れない精神力に、驚かされる。
2420000 ,,,,,,,悠,悠,02yuu834_003.wav,yuu,,1,,,,,「まあ、私たちだけでも作ろうよ。
　帰りまでに、この箱いっぱいにして
　つむぎに見せてあげよう」
2421000 ,,,,,,,優哉,優哉,,yuu,,1,,,,,「そう……だな」
2422000 ,,,,,,,,,,tumugi,,4,,,,,　チラリと、つむぎの方を見る。
2423000 ,,,,,,,,,,tumugi,,4,,,,,　憔悴しきった顔の中、
2424000 ,,,,,,,,,,tumugi,,4,,,,,　瞳だけが希望を捨てていなかった。
2425000 ,,,,,,,優哉,優哉,,,,,,,,,「…………」
2426000 ,,,,,,,,,,,,,,,,,　なあ、天気の神様よ……。いるなら頼むよ……。
2427000 ,,,,,,,,,,,,,,,,,　これだけつむぎが頑張ってるんだから、
2428000 ,,,,,,,,,,,,,,,,,　明日一日くらい、晴れにしてくれても
2429000 ,,,,,,,,,,,,,,,,,　いいんじゃないか？
2430000 ,,,,,,,,,,,,,,,,,　俺の祈りの返事とばかりに、
2431000 ,,,,,,,,,,,,,,,,,　激しい雨が教室の窓を打つ。
2432000 ,,<se_stop id=""2"" fadeout=""6000"">,,,,,,,,,,,,,,,　くそ……祭りは、明日なのに……。
2432090 ,,<!Lend_day_change>,0,9000,,,,,,,,,,,,,
2435000 ,@835,,,,,,,,,,,,,,,,
2438000 ,,<!Lbegin_day_change><!se_rain_s_int>,0,513,,,,,,,,,,,,,　午前０時。日付が変わった。
2439000 ,,,,,,,,,,,,,,,,,　……ついに、祭り当日。
2440000 ,,,,,,,,,,,,,,,,,　無情にも、数日前から降り続いている雨が
2441000 ,,,,,,,,,,,,,,,,,　まったく止まない。
2442000 ,,,,,,,,,,,,,,,,,　この降りじゃ、多分明日は……。
2443000 ,,,,,,,,,,,,,,,,,　つむぎの真摯な眼差しが、頭をよぎる。
2443900 ,,<se_stop id=""2"" fadeout=""6000"">,,,,,,,,,,,,,,,
2446000 ,,<!move_normal><!se_rain_s_ext>,,12214,,,優哉,優哉,,,,,,,,,「まあ、現実ってこんなもんだよな……」
2447000 ,,,,,,,,,,,,,,,,,　俺は、旅館の手伝いに行く準備をした。
2449900 ,,<se_stop id=""2"" fadeout=""6000"">,,,,,,,,,,,,,,,
2450000 ,,<!move_normal>,1,1200,,,,,,,,,,,,,　雨とはいえ、祭りの宣伝効果で
2451000 ,,,,,,,,,,,,,,,,,　今日の予約客は多かったはずだ。
2452000 ,,,,,,,,,,,,,,,,,　忙しい一日になるだろうな……。
2453000 ,,,,,,,,,,,,,,,,,　逆に、忙しいくらいの方が、
2454000 ,,,,,,,,,,,,,,,,,　つむぎも気がまぎれていいかもしれない……。
2455000 ,,,,,,,優哉,優哉,,,,,,,,,「ういっす、トメさん」
2456000 ,,,,,,,仲居Ａ,トメさん,38naa835_001.wav,,,,,,,,「ああ、おはよう、若。
　……せっかくのお祭りなのに、いやな天気だねぇ」
2457000 ,,,,,,,優哉,優哉,,,,,,,,,「うん……そうだね」
2458000 ,,,,,,,仲居Ａ,トメさん,38naa835_002.wav,,,,,,,,「つむぎちゃんも、こんな雨の中
　どこ行っちゃったのかねぇ……」
2459000 ,,,,,,,優哉,優哉,,,,,,,,,「……えっ？」
2460000 ,,,,,,,仲居Ａ,トメさん,38naa835_003.wav,,,,,,,,「ふう。この雨じゃ、浴衣貸し出しサービスも
　ほとんどキャンセルされちゃうかねぇ」
2461000 ,,,,,,,優哉,優哉,,,,,,,,,「トメさん、今なんて言った！？」
2462000 ,,,,,,,仲居Ａ,トメさん,38naa835_004.wav,,,,,,,,「えっ？　だから、浴衣の貸し出しサービスが……」
2463000 ,,,,,,,優哉,優哉,,,,,,,,,「いや、その前！」
2464000 ,,,,,,,仲居Ａ,トメさん,38naa835_005.wav,,,,,,,,「ああ、つむぎちゃん？」
2465000 ,,,,,,,仲居Ａ,トメさん,38naa835_006.wav,,,,,,,,「つむぎちゃんね、さっき『すぐ戻ります』って言って
　雨のなか出て行っちゃったのよ」
2466000 ,,,,,,,優哉,優哉,,,,,,,,,「なッ…………」
2467000 ,,,,,,,仲居Ａ,トメさん,38naa835_007.wav,,,,,,,,「明け方までずーっと、自分の部屋で
　何かをやってたみたいだし」
2468000 ,,,,,,,優哉,優哉,,,,,,,,,「！！！」
2469000 ,,,,,,,,,,,,,,,,,　まさかつむぎ……徹夜で
2470000 ,,,,,,,,,,,,,,,,,　てるてる坊主を作り続けてたのか！？
2471000 ,,,,,,,仲居Ａ,トメさん,38naa835_008.wav,,,,,,,,「フラフラしてたから、大丈夫？　って聞いても、
　平気ですから、すぐ戻りますから……って」
2472000 ,,,,,,,優哉,優哉,,,,,,,,,「トメさん、俺の代わりにロビーの掃除お願い！」
2473000 ,,,,,,,仲居Ａ,トメさん,38naa835_009.wav,,,,,,,,「えっ？」
2474000 ,,,,,,,優哉,優哉,,,,,,,,,「ごめん、すぐ戻る！　すぐ戻るからっ！」
2474090 ,,<!Lend_move>,0,9000,,,,,,,,,,,,,
2477000 ,@836,,,,,,,,,,,,,,,,
2481000 ,,<!Lbegin_move><!se_rain_h_ext>,10,12214,,,優哉,優哉,,,,,,,,,「くそっ……すげー雨ッ！」
2482000 ,,,,,,,,,,,,,,,,,　つむぎを探し、町へと下りる。
2483000 ,,,,,,,,,,,,,,,,,　傘も差さずに飛び出してきたから、
2484000 ,,,,,,,,,,,,,,,,,　すでに全身ずぶ濡れになってしまっていた。
2485000 ,,,,,,,優哉,優哉,,,,,,,,,「まったく、つむぎのヤツ……！」
2486000 ,,,,,,,,,,,,,,,,,　つむぎは、あの女の子の家に行こうとしている。
2487000 ,,,,,,,,,,,,,,,,,　それは間違いない。
2488000 ,,,,,,,,,,,,,,,,,　だが……今さら、いったい何をしに！？
2489000 ,,,,,,,,,,,,,,,,,　ここまで来て、もうどうしようもないじゃないか。
2490000 ,,,,,,,,,,,,,,,,,　つむぎは……まだあきらめていないのか！？
2491000 ,,,,,,,優哉,優哉,,,,,,,,,「……いた！」
2492000 ,,,,,,,,,,"tumugi,private",,3,,,,,　通りの向こうに、大きな荷物を抱え、
2493000 ,,,,,,,,,,tumugi,,3,,,,,　フラフラになって歩いているつむぎがいた。
2494000 ,,,,,,,優哉,優哉,,tumugi,,3,,,,,「つむぎっ！」
2495000 ,,,,,,,,,,tumugi,,3,,,,,　叫びながら、つむぎに駆け寄る。
2496000 ,,,,,,,優哉,優哉,,tumugi,,3,,,,,「つむぎ……ッ！」
2497000 ,,,,,,,つむぎ,つむぎ,05tum836_001.wav,tumugi,,3,,,,,「――――――」
2498000 ,,,,,,,,,,tumugi,,3,,,,,　雨の音にかき消され、つむぎがこちらに気づかない。
2499000 ,,,,,,,優哉,優哉,,tumugi,,3,,,,,「つむぎ…………あっ！！」
2500000 ,,,,,,,つむぎ,つむぎ,05tum836_002.wav,tumugi,,3,,,,,「……！！」
2501000 ,,,,,,,,,,,,,,,,,　つむぎが、濡れたマンホールに足を滑らせ、
2502000 ,,,,,,,,,,,,,,,,,　派手に転んでしまった。
2503000 ,,,,,,,,,,,,,,,,,　つむぎの抱えていた紙袋が宙に浮き、
2504000 ,,,,,,,,,,,,,,,,,　道路に大量のてるてる坊主が飛び散ってしまう。
2505000 ,,,,,,,つむぎ,つむぎ,05tum836_003.wav,tumugi,,3,,,,,「あっ……い、いけない……」
2506000 ,,,,,,,,,,tumugi,,3,,,,,　道路に膝をつき、散乱したてるてる坊主を
2507000 ,,,,,,,,,,tumugi,,3,,,,,　必死に拾い集めようとするつむぎ。
2508000 ,,,,,,,優哉,優哉,,tumugi,,3,,,,,「つむぎ、もうよせ！」
2509000 ,,,,,,,,,,tumugi,,3,,,,,　やっと追いついた俺は、つむぎの肩をつかむ。
2510000 ,,,,,,,つむぎ,つむぎ,05tum836_004.wav,tumugi,,2,,,,,「ゆ、優哉さん！？　は、離してくださいっ！
　早く、早く集めないと……」
2511000 ,,,,,,,優哉,優哉,,tumugi,,2,,,,,「もういいよ、つむぎ！　お前はよくやっただろ！」
2512000 ,,,,,,,つむぎ,つむぎ,05tum836_005.wav,tumugi,,7,,,,,「まだです！　まだ、雨が止んでいません！
　まだ、雨が……！！！」
2513000 ,,,,,,,,,,tumugi,,7,,,,,　俺の手をふりほどき、
2514000 ,,,,,,,,,,tumugi,,7,,,,,　雨に濡れたてるてる坊主を拾う。
2515000 ,,,,,,,優哉,優哉,,tumugi,,7,,,,,「なんでだよ！
　なんでお前、ここまでするんだよ！？」
2516000 ,,,,,,,つむぎ,つむぎ,05tum836_006.wav,tumugi,,40,,,,,「今年のお祭りは……
　楽しいお祭りになってほしいんです……」
2517000 ,,,,,,,つむぎ,つむぎ,05tum836_007.wav,tumugi,,40,,,,,「このお祭りを楽しみにしている人が、
　あの子の他にもたくさんいるんですから……！！」
2518000 ,,,,,,,優哉,優哉,,tumugi,,40,,,,,「つむぎ、どうしてそこまでできるんだよ！
　どうしてそこまで、他の人間のために……！」
2519000 ,,,,,,,つむぎ,つむぎ,05tum836_008.wav,tumugi,,40,,,,,「だって、だって私は……！！！」
2520000 ,,,,,,,女の子,女の子,,tumugi,,40,,,,,「……おねーちゃん…………」
2521000 ,,,,,,,つむぎ,つむぎ,05tum836_009.wav,tumugi,,40,,,,,「あっ……！！」
2522000 ,,,,,,,,,,tumugi,,40,,,,,　俺たちの騒ぎを聞きつけたのか、
2523000 ,,,,,,,,,,tumugi,,40,,,,,　あの子が家から出てきていた。
2524000 ,,,,,,,女の子,女の子,,tumugi,,40,,,,,「おねーちゃん、今日も、
　作ってきてくれたんだね……」
2525000 ,,,,,,,,,,tumugi,,40,,,,,　女の子が、雨に打たれてびしょびしょになっていた
2526000 ,,,,,,,,,,tumugi,,40,,,,,　てるてる坊主を拾い上げる。
2527000 ,,,,,,,女の子,女の子,,tumugi,,40,,,,,「おねーちゃん、毎日ありがとね。
　いっぱいいっぱいてるてる坊主くれて、
　すごくうれしかったよ」
2528000 ,,,,,,,つむぎ,つむぎ,05tum836_010.wav,tumugi,,40,,,,,「うっ、ううん！　ううん……ッ！」
2529000 ,,,,,,,,,,tumugi,,40,,,,,　つむぎが、何度も首を横に振る。
2530000 ,,,,,,,女の子,女の子,,tumugi,,40,,,,,「でも、もういいんだよ？　おねーちゃん……。
　だって、雨でもお祭りはあるんだし……
　また来年行けばいいんだもん……ね？」
2531000 ,,,,,,,,,,tumugi,,40,,,,,　女の子が、つむぎの頭を優しく撫でる。
2532000 ,,,,,,,つむぎ,つむぎ,05tum836_011.wav,tumugi,,40,,,,,「ご……ごめんなさいっ……ごめんなさいっ……
　私……私の、せいで……っ！」
2533000 ,,,,,,,女の子,女の子,,tumugi,,40,,,,,「おねーちゃんのせいじゃないよ……」
2534000 ,,,,,,,優哉,優哉,,tumugi,,40,,,,,「つむぎ……」
2535000 ,,,,,,,,,,tumugi,,40,,,,,　俺も、つむぎの肩に手を乗せる。
2536000 ,,,,,,,つむぎ,つむぎ,05tum836_012.wav,tumugi,,40,,,,,「ごめんなさい……。
　私、また……お祭りをだめにしちゃった……」
2539000 ,@837,,,,,,,,,,,,,,,,
2542000 ,,<!se_rain_h_ext>,10,12214,,,優哉,優哉,,,,,,,,,「つむぎ、なにを言って…………わわっ！？」
2543000 ,,,,,,,,,,,,,,,,,　そのとき、橋から右折してきた車が、
2544000 ,,,,,,,,,,,,,,,,,　勢いよく俺たちの横を通り過ぎる。
2545000 ,,,,,,,女の子,女の子,,,,,,,,,「あっ！　おねーちゃんのてるてる坊主っ！！」
2546000 ,,,,,,,,,,,,,,,,,　車のタイヤが、道路に散らばったてるてる坊主を
2547000 ,,,,,,,,,,,,,,,,,　無惨に＜轢＝ひ＞いていく。
2548000 ,,,,,,,優哉,優哉,,,,,,,,,「お、おい……なにするんだよ！！！」
2549000 ,,,,,,,,,,,,,,,,,　思わず叫んでいた俺の声が聞こえたのか、
2550000 ,,,,,,,,,,,,,,,,,　急ブレーキで車が止まった。
2551000 ,,,,,,,強面オヤジ,男,,,,,,,,,「………………」
2552000 ,,,,,,,,,,,,,,,,,　そして、運転席から強面の男が……。
2553000 ,,,,,,,,,,,,,,,,,　や、やばっ……俺、やばいのに怒鳴っちまったか！？
2554000 ,,,,,,,強面オヤジ,男,,,,,,,,,「これは……＜私＝あっし＞が轢いたのかい」
2555000 ,,,,,,,,,,,,,,,,,　男はてるてる坊主を拾うと、
2556000 ,,,,,,,,,,,,,,,,,　いとおしむように汚れを落とし始めた。
2557000 ,,,,,,,,,,,,,,,,,　そして、俺たちに向けて深々と頭を下げる。
2558000 ,,,,,,,強面オヤジ,男,,,,,,,,,「すまねぇ、若ぇの。
　この雨で、ちと路面が見えなかった」
2559000 ,,,,,,,優哉,優哉,,,,,,,,,「いや、俺じゃなくて……そっちの二人に言ってくれ」
2560000 ,,,,,,,強面オヤジ,男,,,,,,,,,「すまなかった。お嬢ちゃんたち、許してくんな」
2561000 ,,,,,,,,,,,,,,,,,　男はまだてるてる坊主の汚れを払い続けていたが、
2562000 ,,,,,,,,,,,,,,,,,　ふと、気づいたように言った。
2563000 ,,,,,,,強面オヤジ,男,,,,,,,,,「これは、ひょっとして祭りのための
　てるてる坊主かい？」
2564000 ,,,,,,,優哉,優哉,,,,,,,,,「ああ……そうだよ。雨だと露店が店をたたむから、
　晴れて欲しかったんだ」
2565000 ,,,,,,,強面オヤジ,男,,,,,,,,,「そうか、露店か……。
　だったら、安心してくんな」
2566000 ,,,,,,,優哉,優哉,,,,,,,,,「えっ？」
2567000 ,,,,,,,,,,,,,,,,,　そのとき、橋の方から、
2568000 ,,,,,,,,,,,,,,,,,　大きなトラックがまたもや右折してきた。
2569000 ,,,,,,,強面オヤジ,男,,,,,,,,,「ほら、来なすった」
2570000 ,,,,,,,優哉,優哉,,,,,,,,,「あれは…………」
2571000 ,,,,,,,,,,,,,,,,,　そのトラックに山のように積み上げられているのは、
2572000 ,,,,,,,,,,,,,,,,,　大量のビニールシート。
2573000 ,,,,,,,強面オヤジ,男,,,,,,,,,「これを店と参道に吊って、露店は雨天決行……
　って寸法だ」
2574000 ,,,,,,,女の子,女の子,,,,,,,,,「えっ！？」
2575000 ,,,,,,,強面オヤジ,男,,,,,,,,,「とある方の指図でな、大急ぎで集めたんだぜ」
2576000 ,,,,,,,優哉,優哉,,,,,,,,,「とある方って……」
2578000 ,,,,,,,温泉卿,？？？,12ons837_001.wav,,,,,,,,「うむ、それはワシである！」
2579000 ,,,,,,,,,,,,,,,,,　高級車の後部座席が開き、いかつい老人が姿を現す。
2580000 ,,,,,,,温泉卿,温泉卿,12ons837_002.wav,"onsenkyou,private",,17,,,,,「ふほほほ……おせっかいであったかの？」
2581000 ,,,,,,,優哉,優哉,,onsenkyou,,17,,,,,「お……温泉卿の爺さん！！」
2582000 ,,,,,,,温泉卿,温泉卿,12ons837_004.wav,onsenkyou,,0,,,,,「昨日、大和から連絡を受けてな。
　急に大量の大判シートを集めるのには難儀したが……
　なんとか、ギリギリで間に＜合＝お＞うたわ」
2583000 ,,,,,,,優哉,優哉,,onsenkyou,,0,,,,,「そうか、大和……。あいつ……」
2584000 ,,,,,,,女の子,女の子,,onsenkyou,,0,,,,,「えっ、じゃあ、じゃあ……。
　今日は雨でも、お店あるのっ！？」
2585000 ,,,,,,,温泉卿,温泉卿,12ons837_005.wav,onsenkyou,,1,,,,,「おう、あるとも。お嬢ちゃん」
2586000 ,,,,,,,女の子,女の子,,,,,,,,,「ほんと！？　わーいっ、うれしいっ！
　よかったぁ！　よかったね、おねーちゃんっ！」
2587000 ,,,,,,,つむぎ,つむぎ,05tum837_001.wav,,,,"tumugi,private",,40,,「あ………………」
2588000 ,,,,,,,つむぎ,つむぎ,05tum837_002.wav,,,,tumugi,,40,,「良かった……良かったです……」
2589000 ,,,,,,,,,,,,,tumugi,,40,,　女の子が、つむぎに抱きついて大はしゃぎする。
2590000 ,,,,,,,つむぎ,つむぎ,05tum837_003.wav,,,,tumugi,,42,,「よかった、です……」
2591000 ,,,,,,,つむぎ,つむぎ,05tum837_004.wav,,,,tumugi,,42,,「ほんとうに……」
2592000 ,,,,,,,優哉,優哉,,,,,,,,,「おい、つむぎ！！！」
2593000 ,,,,,,,女の子,女の子,,,,,,,,,「お、おねーちゃんっ！？」
2594000 ,,,,,,,,,,,,,,,,,　糸が切れたように、ガクリとつむぎの身体が
2595000 ,,,,,,,,,,,,,,,,,　崩れ落ちた。
2596000 ,,,,,,,優哉,優哉,,,,,,,,,「つむぎっ、つむぎ……っ！？」
2597000 ,,,,,,,,,,,,,,,,,　慌てて、つむぎを抱え起こす。
2598000 ,,,,,,,温泉卿,温泉卿,12ons837_006.wav,onsenkyou,,2,,,,,「ぬぅ、つむぎ！」
2599000 ,,,,,,,優哉,優哉,,onsenkyou,,2,,,,,「気を……失ってる……」
2600000 ,,,,,,,,,,,,,,,,,　数日間の緊張が、やっと解けたのだろう。
2601000 ,,,,,,,,,,,,,,,,,　つむぎの顔は、すごく穏やかだった。
2601080 ,,<se_stop id=""2"" fadeout=""6000"">,,,,,,,,,,,,,,,
2601090 ,,<!Lend_scene_change>,0,9000,,,,,,,,,,,,,
2604000 ,@838,,,,,,,,,,,,,,,,
2609000 ,,<!Lbegin_scene_change>,4,1502,,,つむぎ,つむぎ,05tum838_001.wav,"tumugi,juban",,0,,,,,「あ……」
2610000 ,,,,,,,,,,tumugi,,0,,,,,　つむぎが、うっすらと目を開ける。
2611000 ,,,,,,,優哉,優哉,,tumugi,,0,,,,,「あっ、起きたか？」
2612000 ,,,,,,,つむぎ,つむぎ,05tum838_002.wav,tumugi,,2,,,,,「優哉……、さん……」
2613000 ,,,,,,,優哉,優哉,,tumugi,,2,,,,,「どこか、痛いところや苦しいところとかないか？」
2614000 ,,,,,,,つむぎ,つむぎ,05tum838_003.wav,tumugi,,2,,,,,「あっ……！」
2615000 ,,,,,,,,,,tumugi,,2,,,,,　弾かれたように、つむぎが布団から身体を起こす。
2616000 ,,,,,,,優哉,優哉,,tumugi,,2,,,,,「おい、まだ無理すんな」
2617000 ,,,,,,,つむぎ,つむぎ,05tum838_004.wav,tumugi,,3,,,,,「私、あそこで倒れて……。
　あっ、お祭りはどうなりましたか！？」
2618000 ,,,,,,,優哉,優哉,,tumugi,,3,,,,,「温泉卿のおかげで露店も営業できて、
　みんな喜んでたよ」
2619000 ,,,,,,,つむぎ,つむぎ,05tum838_005.wav,tumugi,,90,,,,,「あぁ……良かった……」
2620000 ,,,,,,,,,,tumugi,,90,,,,,　つむぎは、安堵の息をつく。
2621000 ,,,,,,,優哉,優哉,,tumugi,,90,,,,,「ほら、つむぎ。あの女の子からだ」
2622000 ,,,,,,,,,,tumugi,,90,,,,,　俺は、女の子から託されたものをつむぎに渡した。
2623000 ,,,,,,,つむぎ,つむぎ,05tum838_006.wav,tumugi,,0,,,,,「えっ、これ…………」
2624000 ,,,,,,,,,,tumugi,,0,,,,,　それは、ひとつのりんご飴。
2625000 ,,,,,,,優哉,優哉,,tumugi,,0,,,,,「兄貴と露店を回ってりんご飴を食べるって……
　あの女の子の夢、かなったんだよ」
2626000 ,,,,,,,つむぎ,つむぎ,05tum838_007.wav,tumugi,,3,,,,,「でも、これは……」
2627000 ,,,,,,,優哉,優哉,,tumugi,,3,,,,,「兄貴と女の子でひとつずつ買ってもらったんだが、
　女の子はどうしてもお前にお礼がしたかったらしい」
2628000 ,,,,,,,優哉,優哉,,tumugi,,3,,,,,「……で、兄貴と相談して、
　ひとつの飴をふたりで分けて食った。
　そして、残りのひとつを…………お前に、ってな」
2629000 ,,,,,,,つむぎ,つむぎ,05tum838_008.wav,tumugi,,40,,,,,「そ、んな…………。うっ、ううっ、うぁぁ…………」
2630000 ,,,,,,,つむぎ,つむぎ,05tum838_009.wav,tumugi,,40,,,,,「ありがとう、ありがとう……！
　ううっ、うっ、うぁぁぁ……」
2631000 ,,,,,,,,,,tumugi,,40,,,,,　つむぎは、りんご飴を愛おしそうに抱いて泣いた。
2632000 ,,,,,,,つむぎ,つむぎ,05tum838_010.wav,tumugi,,40,,,,,「良かった……。あの子の、お兄さんといっしょに
　祭りを回りたいって願い、かなったんだ……」
2633000 ,,,,,,,つむぎ,つむぎ,05tum838_011.wav,tumugi,,40,,,,,「私、祭りを邪魔してばっかりだったから……。
　良かった、良かった……！」
2634000 ,,,,,,,優哉,優哉,,tumugi,,40,,,,,「なあ、つむぎ」
2635000 ,,,,,,,優哉,優哉,,tumugi,,40,,,,,「今はもう夜なんだけど、
　午後からすっかり雲が晴れて、満点の星空だぜ」
2636000 ,,,,,,,つむぎ,つむぎ,05tum838_012.wav,tumugi,,2,,,,,「えっ……本当ですか？」
2637000 ,,,,,,,優哉,優哉,,tumugi,,2,,,,,「ああ。みんな楽しんでるよ」
2638000 ,,,,,,,優哉,優哉,,tumugi,,2,,,,,「まさに、つむぎのてるてる坊主のおかげだな」
2639000 ,,,,,,,つむぎ,つむぎ,05tum838_013.wav,tumugi,,3,,,,,「い、いえ、そんなこと……」
2640000 ,,,,,,,つむぎ,つむぎ,05tum838_014.wav,tumugi,,2,,,,,「……あっ！！」
2641000 ,,,,,,,,,,tumugi,,2,,,,,　いきなり青ざめた顔をして、つむぎが立ち上がる。
2642000 ,,,,,,,つむぎ,つむぎ,05tum838_015.wav,tumugi,,3,,,,,「わ、私……、旅館のお仕事を！！！」
2643000 ,,,,,,,,,,tumugi,,3,,,,,　慌てて、仲居の着物を探そうとするつむぎ。
2644000 ,,,,,,,優哉,優哉,,tumugi,,3,,,,,「ああ、待って。いいんだよ、つむぎ」
2645000 ,,,,,,,つむぎ,つむぎ,05tum838_016.wav,tumugi,,3,,,,,「よ、よくありません……！
　ああっ、私、また皆さんにご迷惑を……！」
2646000 ,,,,,,,優哉,優哉,,tumugi,,3,,,,,「いいんだって。もう、忙しさの波は越えたよ。
　お客さんたちも、みんな祭りに行ってるし」
2647000 ,,,,,,,つむぎ,つむぎ,05tum838_017.wav,tumugi,,5,,,,,「で、でも私、一番忙しい日に……」
2648000 ,,,,,,,優哉,優哉,,tumugi,,5,,,,,「オヤジがさ、今日は休暇ってことで
　一日休んでいいって」
2649000 ,,,,,,,つむぎ,つむぎ,05tum838_018.wav,tumugi,,5,,,,,「す、すみません……」
2650000 ,,,,,,,優哉,優哉,,tumugi,,5,,,,,「大丈夫だよ。
　つむぎがいつも頑張ってるの、みんな知ってるから」
2651000 ,,,,,,,,,,tumugi,,12,,,,,　そう言うと、やっと、うっすら微笑んでくれた。
2652000 ,,,,,,,優哉,優哉,,tumugi,,12,,,,,「もう平気なのか？　具合は」
2653000 ,,,,,,,つむぎ,つむぎ,05tum838_019.wav,tumugi,,12,,,,,「はい。休ませていただきましたから」
2654000 ,,,,,,,優哉,優哉,,tumugi,,12,,,,,「そっか。良かった」
2655000 ,,,,,,,つむぎ,つむぎ,05tum838_020.wav,tumugi,,0,,,,,「あの……優哉さん」
2656000 ,,,,,,,優哉,優哉,,tumugi,,0,,,,,「んっ？」
2657000 ,,,,,,,つむぎ,つむぎ,05tum838_021.wav,tumugi,,0,,,,,「優哉さんも、もうお仕事は終わったんですか……？」
2658000 ,,,,,,,優哉,優哉,,tumugi,,0,,,,,「ああ。俺の手伝うことはもうないって」
2659000 ,,,,,,,つむぎ,つむぎ,05tum838_022.wav,tumugi,,6,,,,,「あ、あの……。でしたら……」
2660000 ,,,,,,,,,,tumugi,,6,,,,,　つむぎが、もごもごと口ごもる。
2661000 ,,,,,,,優哉,優哉,,tumugi,,6,,,,,「どうした？」
2662000 ,,,,,,,つむぎ,つむぎ,05tum838_023.wav,tumugi,,6,,,,,「あの……一緒に、お祭り行きませんか？」
2663000 ,,,,,,,優哉,優哉,,tumugi,,6,,,,,「えっ？　それは構わないが……。
　つむぎ、本当に大丈夫か？　身体は……」
2664000 ,,,,,,,つむぎ,つむぎ,05tum838_024.wav,tumugi,,6,,,,,「はい。問題ありませんから……」
2665000 ,,,,,,,優哉,優哉,,tumugi,,6,,,,,「そっか……。うん、じゃあ行くか」
2666000 ,,,,,,,つむぎ,つむぎ,05tum838_025.wav,tumugi,,1,,,,,「はい」
2667000 ,,,,,,,,,,tumugi,,1,,,,,　ちょっと心配ではあるが、
2668000 ,,,,,,,,,,tumugi,,1,,,,,　つむぎからの誘いに心が踊る。
2669000 ,,,,,,,優哉,優哉,,tumugi,,1,,,,,「あ……俺、財布とか持ってないからさ、
　いちど家に帰って準備してくるよ」
2670000 ,,,,,,,つむぎ,つむぎ,05tum838_026.wav,tumugi,,90,,,,,「あ、はい。私も着替えますので……」
2671000 ,,,,,,,優哉,優哉,,tumugi,,90,,,,,「んっと……。
　じゃあ、町の橋のところで待ち合わせするか」
2672000 ,,,,,,,つむぎ,つむぎ,05tum838_027.wav,tumugi,,1,,,,,「はい、わかりました」
2673000 ,,,,,,,優哉,優哉,,tumugi,,1,,,,,「じゃあ、あとでな」
2674000 ,,,,,,,,,,,,,,,,,　つむぎに見送られ、俺は急いで旅館を出る。
2676000 ,,<!move_short>,,13102,,,,,,,,,,,,,　祭りの灯りが遠くに見える。
2678000 ,,,,,,,,,,,,,,,,,　そして、上を見上げれば満天の星……。
2679000 ,,,,,,,,,,,,,,,,,　俺は胸を弾ませながら、家への坂を駆け下りた。
2680000 ,,,,,,,,,,,,,,,,,　
2680090 ,,<!Lend_move>,0,9000,,,,,,,,,,,,,
2680900 ,,<!ec_tsumugi_pri>,,,,,,,,,,,,,,,
2683000 ,@839,,,,,,,,,,,,,,,,
2686000 ,,<!Lbegin_move>,8,512,,,優哉,優哉,,,,,,,,,「よし、準備完了」
2687000 ,,,,,,,,,,,,,,,,,　仕事で汚れたシャツを着替え、
2688000 ,,,,,,,,,,,,,,,,,　財布をポケットに突っ込み部屋を出る。
2690000 ,,<!move_short>,,102,,,優哉,優哉,,,,,,,,,「あ……」
2692000 ,,,,,,,,,,"chisa,private",,3,"asuka,private",,0,,　家の前で、千紗と明日香ちゃんに
2693000 ,,,,,,,,,,chisa,,3,asuka,,0,,　ばったり顔を合わせてしまった。
2694000 ,,,,,,,明日香,明日香,09asu839_001.wav,chisa,,3,asuka,,0,,「優哉さん、こんばんは」
2695000 ,,,,,,,千紗,千紗,06tis839_001.wav,chisa,,3,asuka,,0,,「お兄ちゃん……」
2696000 ,,,,,,,優哉,優哉,,chisa,,3,asuka,,0,,「あ……よう、二人で祭り行ってきたのか」
2697000 ,,,,,,,千紗,千紗,06tis839_002.wav,chisa,,3,asuka,,0,,「うん……。お仕事、終わったの？」
2698000 ,,,,,,,優哉,優哉,,chisa,,3,asuka,,0,,「ああ。思ったより早く、上がらせてもらえたんだ」
2699000 ,,,,,,,千紗,千紗,06tis839_003.wav,chisa,,3,asuka,,0,,「……そうなんだ」
2700000 ,,,,,,,優哉,優哉,,chisa,,3,asuka,,0,,「会ったばっかで悪いが、
　俺、ちょっと出かけるから……」
2701000 ,,,,,,,,,,chisa,,3,asuka,,0,,　俺は急ぎ、二人の横を通り過ぎようとする。
2702000 ,,,,,,,千紗,千紗,06tis839_004.wav,chisa,,4,asuka,,0,,「…………お兄ちゃん」
2703000 ,,,,,,,,,,chisa,,4,asuka,,0,,　千紗が俺の方を向き、真剣な視線をぶつけてくる。
2704000 ,,,0,,,,千紗,千紗,06tis839_005.wav,chisa,,4,asuka,,0,,「つむぎさんのところ……行くの？」
2705000 ,,,,,,,,,,chisa,,4,asuka,,3,,　真っ直ぐな気迫に押され、言葉を失ってしまう。
2706000 ,,,,,,,明日香,明日香,09asu839_002.wav,chisa,,4,asuka,,3,,「………………」
2707000 ,,,5,,,,千紗,千紗,06tis839_006.wav,chisa,,3,,,,,「お兄ちゃん……違うなら、
　千紗と一緒にお祭り行ってよ」
2708000 ,,,,,,,,,,chisa,,3,,,,,　千紗が、ついに、
2709000 ,,,,,,,,,,chisa,,3,,,,,　逃げ場のない二択を俺に迫った。
2710000 ,,,,,,,,,,chisa,,3,,,,,　ごまかし、保留にし続けてきた俺の答えを……。
2711000 ,,,,,,,千紗,千紗,06tis839_007.wav,chisa,,3,,,,,「お兄ちゃん……」
2712000 ,,,,,,,優哉,優哉,,chisa,,3,,,,,「………………」
2713000 ,,,,,,,,,,chisa,,3,,,,,　傷つくことを恐れず、純粋な思いをぶつけてくる
2714000 ,,,,,,,,,,chisa,,3,,,,,　千紗のことを、すごく愛おしいと思う。
2715000 ,,,,,,,,,,chisa,,3,,,,,　だけど……。
2716000 ,,,,,,,,,,chisa,,3,,,,,　だけど、俺の気持ちは……。
2717000 ,,,,,,,,,,chisa,,3,,,,,　真っ直ぐにぶつかってきた千紗に対し、
2718000 ,,,,,,,,,,chisa,,3,,,,,　もう、曖昧な態度を取るわけにはいかない。
2719000 ,,,,,,,優哉,優哉,,chisa,,3,,,,,「千紗」
2720000 ,,,,,,,千紗,千紗,06tis839_008.wav,chisa,,4,,,,,「うん」
2721000 ,,,,,,,優哉,優哉,,chisa,,4,,,,,「お前は俺の、大事な妹だ」
2722000 ,,,,,,,千紗,千紗,06tis839_009.wav,chisa,,4,,,,,「………………」
2723000 ,,,,,,,優哉,優哉,,chisa,,4,,,,,「たぶん……これから先も、ずっと、大事な妹だ」
2724000 ,,,,,,,千紗,千紗,06tis839_010.wav,chisa,,4,,,,,「…………」
2725000 ,,,,,,,千紗,千紗,06tis839_011.wav,chisa,,3,,,,,「そっ…………か」
2726000 ,,,,,,,,,,chisa,,3,,,,,　大きく開かれた千紗の瞳が、揺れる。
2727000 ,,,,,,,優哉,優哉,,chisa,,3,,,,,「今、俺は、千紗が大事なのと
　同じくらい大切な人を待たせてるんだ」
2728000 ,,,,,,,,,,chisa,,3,,,,,　ぐにゃっと歪みそうになった顔を、
2729000 ,,,,,,,,,,chisa,,3,,,,,　千紗がとっさに伏せる。
2730000 ,,,,,,,,,,chisa,,3,,,,,　ぎゅっと拳を握りしめ、千紗が顔を上げる。
2731000 ,,,,,,,,,,chisa,,3,,,,,　不器用な、笑顔。
2732000 ,,,,,,,千紗,千紗,06tis839_012.wav,chisa,,3,,,,,「う……うんっ！　わかった。お兄ちゃん」
2733000 ,,,,,,,千紗,千紗,06tis839_013.wav,chisa,,3,,,,,「ごめんね、困らせるようなこと言って……。
　早く、つむぎさんのとこに行ってあげて」
2734000 ,,,,,,,,,,chisa,,3,,,,,　千紗が、無理に明るい声を出し、
2735000 ,,,,,,,,,,chisa,,3,,,,,　またうつむいてしまう。
2736000 ,,,,,,,優哉,優哉,,chisa,,3,,,,,「……すまない、千紗」
2737000 ,,,,,,,,,,chisa,,3,,,,,　今の千紗に、俺がかけられる言葉は、
2738000 ,,,,,,,,,,chisa,,3,,,,,　それしかなかった。
2739000 ,,,,,,,,,,,,,,,,,　千紗に背を向け、
2740000 ,,,,,,,,,,,,,,,,,　俺は後ろを振り向かずに走り出した。
2740090 ,,<!Lend_move>,0,9000,,,,,,,,,,,,,
2743000 ,@840,,,,,,,,,,,,,,,,
2746900 ,$heroine_begin,,,,,,,,,,,,,,,,
2747000 ,,<!Lbegin_scene_change>,14,102,,,明日香,明日香,09asu840_001.wav,,,,,,,,「千紗…………」
2748000 ,,,,,,,千紗,千紗,06tis840_001.wav,,,,,,,,「お兄ちゃん……もう行っちゃった？」
2749000 ,,,,,,,明日香,明日香,09asu840_002.wav,,,,,,,,「ええ」
2750000 ,,,,,,,,,,,,,,,,,　私が小さくうなずいたのを確認して、
2751000 ,,,,,,,,,,,,,,,,,　千紗はこれまで我慢してきたものを
2752000 ,,,,,,,,,,,,,,,,,　解放するかのように、ぽろぽろと涙をこぼし始めた。
2753000 ,,,,,,,千紗,千紗,06tis840_002.wav,,,,,,,,「うっ…………ううっ…………」
2754000 ,,,,,,,千紗,千紗,06tis840_003.wav,,,,,,,,「うっ、ううううっ…………ううっ…………」
2755000 ,,,,,,,,,,,,,,,,,　千紗が、ようやく顔を上げる。
2756000 ,,,,,,,千紗,千紗,06tis840_004.wav,"chisa,private",,3,,,,,「明日香ちゃん……」
2757000 ,,,,,,,千紗,千紗,06tis840_005.wav,chisa,,3,,,,,「千紗、ふられちゃった……」
2758000 ,,,,,,,千紗,千紗,06tis840_006.wav,chisa,,3,,,,,「ふられちゃったよ…………。明日香ちゃん……」
2759000 ,,,,,,,明日香,明日香,09asu840_003.wav,chisa,,3,,,,,「……うん」
2760000 ,,,,,,,千紗,千紗,06tis840_007.wav,chisa,,3,,,,,「うっ、ううっ……うぇぇぇっ…………」
2762000 ,,,,,500521,,千紗,千紗,06tis840_008.wav,,,,,,,,「うわぁぁぁぁぁぁぁん……！！」
2763000 ,,,,,500521,,,,,,,,,,,,　泣きじゃくる千紗を、私はただ抱きしめた。
2764000 ,,,,,500521,,明日香,明日香,09asu840_004.wav,,,,,,,,「千紗…………」
2765000 ,,,,,500521,,千紗,千紗,06tis840_009.wav,,,,,,,,「ううっ、ふぇぇっ、ふぇぇぇぇん……！
　明日香ちゃん、明日香ちゃん……。
　ふぇぇぇぇぇぇぇぇ……！！」
2766000 ,,,,,500521,,明日香,明日香,09asu840_005.wav,,,,,,,,「……………………」
2767000 ,,,,,500521,,,,,,,,,,,,　わからない。
2768000 ,,,,,500521,,,,,,,,,,,,　わからない。
2769000 ,,,,,500521,,,,,,,,,,,,　これで良かったのか。
2770000 ,,,,,500521,,,,,,,,,,,,　これで、本当に、良かったのだろうか。
2771000 ,,,,,500521,,,,,,,,,,,,　私は、彼女が悔いを残さないために、
2772000 ,,,,,500521,,,,,,,,,,,,　自分の気持ちに素直になるようアドバイスを続けた。
2773000 ,,,,,500521,,,,,,,,,,,,　でも、それは……千紗にとって、
2774000 ,,,,,500521,,,,,,,,,,,,　本当に正しい道だったのだろうか。
2775000 ,,,,,500521,,千紗,千紗,06tis840_010.wav,,,,,,,,「ふぇっ、うっ、うえぇぇぇぇ……」
2776000 ,,,,,500521,,千紗,千紗,06tis840_011.wav,,,,,,,,「うっ、うううっ……。
　千紗……間違っちゃったのかな。
　どこかで、方向を間違っちゃったのかな……」
2777000 ,,,,,500521,,明日香,明日香,09asu840_006.wav,,,,,,,,「大丈夫。きっと、間違ってないよ」
2778000 ,,,,,500521,,,,,,,,,,,,　私は、千紗に優しく語りかける。
2779000 ,,,,,500521,,,,,,,,,,,,　それは多分、私自身にも、言い聞かせる言葉。
2780000 ,,,,,500521,,,,,,,,,,,,　あの日の自分が……
2781000 ,,,,,500521,,,,,,,,,,,,　いちばん、かけて欲しかった言葉。
2782000 ,,,,,500521,,明日香,明日香,09asu840_007.wav,,,,,,,,「千紗は、間違ってない。間違ってないから……」
2783000 ,,,,,500521,,千紗,千紗,06tis840_012.wav,,,,,,,,「ふぇっ、うぇぇぇぇっ、うぁぁ…………。
　明日香ちゃぁん……！」
2784000 ,,,,,500521,,明日香,明日香,09asu840_008.wav,,,,,,,,「千紗。今日はもう、眠ろう。
　気持ちを休めて……ゆっくりと眠るの」
2785000 ,,,,,500521,,明日香,明日香,09asu840_009.wav,,,,,,,,「そして、目が覚めたらね、大人の千紗なの。
　昨日よりちょっと大人になった、強い心の千紗……」
2786000 ,,,,,500521,,千紗,千紗,06tis840_013.wav,,,,,,,,「……………………」
2787000 ,,,,,500521,,千紗,千紗,06tis840_014.wav,,,,,,,,「うん…………」
2788000 ,,,,,500521,,千紗,千紗,06tis840_015.wav,,,,,,,,「ありがとう……。明日香ちゃん……」
2789000 ,,,,,500521,,,,,,,,,,,,　千紗が痛々しく、微笑んだ。
2790000 ,,,,,500521,,千紗,千紗,06tis840_016.wav,,,,,,,,「千紗……もっともっと、強くなるね。
　もっと、強い心になるから……」
2791000 ,,,,,500521,,千紗,千紗,06tis840_017.wav,,,,,,,,「だから、今は……。泣かせて…………」
2792000 ,,,,,500521,,明日香,明日香,09asu840_010.wav,,,,,,,,「うん…………」
2793000 ,,,,,500521,,千紗,千紗,06tis840_018.wav,,,,,,,,「ふぇっ、ふぇぇぇぇ…………」
2794000 ,,,,,500521,,千紗,千紗,06tis840_019.wav,,,,,,,,「うわぁぁぁぁぁぁんっ………………！」
2796000 ,,,,,500522,,明日香,明日香,09asu840_011.wav,,,,,,,,「千紗………………」
2796090 ,,<!Lend_scene_change>,0,9000,,,,,,,,,,,,,
2796900 ,$heroine_end,,,,,,,,,,,,,,,,
2800000 ,@841,,,,,,,,,,,,,,,,
2803000 ,,<!Lbegin_move>,4,12212,,,優哉,優哉,,,,,,,,,「つむぎ、待った？」
2804000 ,,,,,,,,,,,,,,,,,　千紗を傷つけてしまったことに対する感情の揺れを
2805000 ,,,,,,,,,,,,,,,,,　表に出さないよう、つとめて明るい声を出す。
2807000 ,,,,,,,つむぎ,つむぎ,05tum841_001.wav,"tumugi,yukata",,90,,,,,「いえ……」
2808000 ,,,,,,,,,,tumugi,,90,,,,,　つむぎが、気恥ずかしそうに俺の方へと歩いてくる。
2809000 ,,,,,,,優哉,優哉,,tumugi,,90,,,,,「おっ、浴衣……」
2810000 ,,,,,,,つむぎ,つむぎ,05tum841_002.wav,tumugi,,12,,,,,「は、はい……。
　オーナーが、私に貸してくれたんです……」
2811000 ,,,,,,,,,,tumugi,,12,,,,,　オヤジも粋な計らいを……。
2812000 ,,,,,,,,,,tumugi,,12,,,,,　シックな色合いの浴衣が、ゾクリとさせるくらいに
2813000 ,,,,,,,,,,tumugi,,12,,,,,　つむぎを魅力的にしていた。
2814000 ,,,,,,,優哉,優哉,,tumugi,,12,,,,,「ああ……似合ってるよ。すごく」
2815000 ,,,,,,,つむぎ,つむぎ,05tum841_003.wav,tumugi,,6,,,,,「そ、そんなこと……」
2816000 ,,,,,,,,,,tumugi,,6,,,,,　俺のストレートな感想に、
2817000 ,,,,,,,,,,tumugi,,6,,,,,　つむぎが頬を染めてはにかむ。
2818000 ,,,,,,,優哉,優哉,,tumugi,,6,,,,,「じゃあ、行くか」
2819000 ,,,,,,,つむぎ,つむぎ,05tum841_004.wav,tumugi,,0,,,,,「あ………………」
2820000 ,,,,,,,つむぎ,つむぎ,05tum841_005.wav,tumugi,,0,,,,,「優哉さん、あの……」
2821000 ,,,,,,,優哉,優哉,,tumugi,,0,,,,,「ん？」
2822000 ,,,,,,,つむぎ,つむぎ,05tum841_006.wav,tumugi,,4,,,,,「何か……ありましたか？」
2823000 ,,,,,,,,,,tumugi,,4,,,,,　深い色の目が、気遣わしげに俺をのぞき込んでくる。
2824000 ,,,,,,,,,,tumugi,,4,,,,,　ドキッと心臓が震えた。
2825000 ,,,,,,,,,,tumugi,,4,,,,,　悟られたのだろうか？
2826000 ,,,,,,,,,,tumugi,,4,,,,,　だが、俺はつむぎのためにも、
2827000 ,,,,,,,,,,tumugi,,4,,,,,　俺を送り出してくれた千紗のためにも、
2828000 ,,,,,,,,,,tumugi,,4,,,,,　何事もなかったように、明るく振る舞う。
2829000 ,,,,,,,優哉,優哉,,tumugi,,4,,,,,「いや、べ、別になにもないよ」
2830000 ,,,,,,,つむぎ,つむぎ,05tum841_007.wav,tumugi,,5,,,,,「そう、ですか…………」
2831000 ,,,,,,,,,,tumugi,,5,,,,,　つむぎも、それ以上は追求せずに、
2832000 ,,,,,,,,,,tumugi,,5,,,,,　のぞき込んでいた視線を外した。
2833000 ,,,,,,,優哉,優哉,,tumugi,,5,,,,,「じゃあ、行くか」
2834000 ,,,,,,,つむぎ,つむぎ,05tum841_008.wav,tumugi,,90,,,,,「はい……」
2835000 ,,,,,,,,,,tumugi,,90,,,,,　俺たちは、祭りの喧噪に向かい、
2836000 ,,,,,,,,,,tumugi,,90,,,,,　肩を並べて歩き出した。
2837000 ,,,,,,,つむぎ,つむぎ,05tum841_009.wav,tumugi,,90,,,,,「優哉さん……」
2838000 ,,,,,,,優哉,優哉,,tumugi,,90,,,,,「んっ？」
2839000 ,,,,,,,つむぎ,つむぎ,05tum841_010.wav,tumugi,,1,,,,,「……ありがとうございます」
2840000 ,,,,,,,,,,tumugi,,1,,,,,　つむぎのその言葉の意味は
2842000 ,,<!move_normal>,,9312,,,,,,,,,,,,,　祭りの中心である、神社の参道は
2843000 ,,,,,,,,,,,,,,,,,　想像以上の賑わいだった。
2844000 ,,,,,,,,,,,,,,,,,　むせかえるような熱気。
2845000 ,,,,,,,,,,,,,,,,,　人々のざわめき。
2846000 ,,,,,,,,,,,,,,,,,　祭り囃子の音色……。
2847000 ,,,,,,,,,,,,,,,,,　一年に一回だけの秋祭りの空気だ。
2848000 ,,,,,,,つむぎ,つむぎ,05tum841_011.wav,tumugi,,0,,,,,「すごい人ですね……」
2849000 ,,,,,,,優哉,優哉,,tumugi,,0,,,,,「ああ。離れないように気をつけろよ」
2850000 ,,,,,,,つむぎ,つむぎ,05tum841_012.wav,tumugi,,0,,,,,「はい……」
2851000 ,,,,,,,,,,,,,,,,,　本当は、さっきからずっと
2852000 ,,,,,,,,,,,,,,,,,　手を繋ぎたくてしょうがない。
2853000 ,,,,,,,,,,,,,,,,,　しかも、こういう時こそ自然に手を繋ぐ
2854000 ,,,,,,,,,,,,,,,,,　チャンスだということも分かっている。
2855000 ,,,,,,,,,,,,,,,,,　だが、すぐ近くにあるつむぎの手を握りしめる
2856000 ,,,,,,,,,,,,,,,,,　勇気が出ない。
2857000 ,,,,,,,,,,,,,,,,,　手を握ったことによって、避けられ、
2858000 ,,,,,,,,,,,,,,,,,　せっかくのこの時間を壊してしまうことが怖い。
2859000 ,,,,,,,,,,,,,,,,,　この前、町を回った時は、上手く繋ぐことが出来たのに……。
2860000 ,,,,,,,,,,,,,,,,,　さっきからどんどん、つむぎに対する感情がふくれあがって意識しすぎてしまっている。
2861000 ,,,,,,,,,,,,,,,,,　くそ、しかし、俺が悶々としたままでは、
2862000 ,,,,,,,,,,,,,,,,,　何も前に進まない――
2863000 ,,,,,,,つむぎ,つむぎ,05tum841_013.wav,tumugi,,0,,,,,「あ、あの、優哉さん」
2864000 ,,,,,,,優哉,優哉,,tumugi,,0,,,,,「なに？」
2865000 ,,,,,,,つむぎ,つむぎ,05tum841_014.wav,tumugi,,0,,,,,「そういえば、部活の皆さんもここに来ているはずですよね……」
2866000 ,,,,,,,優哉,優哉,,tumugi,,0,,,,,「あ……ああ、そうだな」
2867000 ,,,,,,,つむぎ,つむぎ,05tum841_015.wav,tumugi,,3,,,,,「でしたら、皆さんに連絡して合流しましょうか？」
2868000 ,,,,,,,,,,tumugi,,3,,,,,　不安そうな顔で、首をかしげるつむぎ。
2869000 ,,,,,,,,,,tumugi,,3,,,,,　これは……どういう意味なんだ？
2870000 ,,,,,,,,,,tumugi,,3,,,,,　俺と二人で回るのは、気が引けるのか？
2871000 ,,,,,,,,,,tumugi,,3,,,,,　それとも、部活のヤツらに気を遣っているのか？
2872000 ,,,,,,,優哉,優哉,,tumugi,,3,,,,,「いや、このまま二人で回ろう。……ダメか？」
2873000 ,,,,,,,つむぎ,つむぎ,05tum841_016.wav,tumugi,,2,,,,,「えっ……。あ、あの……それは……」
2874000 ,,,,,,,,,,tumugi,,2,,,,,　つむぎの頬が、みるみるうちに真っ赤に染まっていく。
2875000 ,,,,,,,優哉,優哉,,tumugi,,2,,,,,「俺、つむぎと二人がいい」
2876000 ,,,,,,,つむぎ,つむぎ,05tum841_017.wav,tumugi,,6,,,,,「あ…………」
2877000 ,,,,,,,,,,tumugi,,6,,,,,　避けられることを恐れてばかりじゃ、
2878000 ,,,,,,,,,,tumugi,,6,,,,,　つむぎに近づけない。
2879000 ,,,,,,,,,,tumugi,,6,,,,,　俺は、いつもより強く感情を出した。
2880000 ,,,,,,,つむぎ,つむぎ,05tum841_018.wav,tumugi,,1,,,,,「はい……。わかりました」
2881000 ,,,,,,,,,,tumugi,,1,,,,,つむぎが、赤い顔でうなずいた。
2882000 ,,,,,,,優哉,優哉,,tumugi,,1,,,,,「ありがとう、つむぎ」
2883000 ,,,,,,,,,,tumugi,,1,,,,,　俺は、それが当たり前だったように、つむぎの小さな手を握りしめたのだった。
2883090 ,,<!Lend_scene_change>,0,9000,,,,,,,,,,,,,
2886000 ,@842,,,,,,,,,,,,,,,,
2892000 ,,<!Lbegin_scene_change>,9,9312,,,悠,悠,02yuu842_001.wav,"yuu,yukata",,0,,,,,「次、なに食べよっか」
2893000 ,,,,,,,恋鳥,恋鳥,04kot842_001.wav,yuu,,0,"kotori,yukata",,52,,「……たこ焼き。めっさタコ大きいの」
2894000 ,,,,,,,愛歌,愛歌,01man842_001.wav,kotori,,52,"manaka,yukata",,0,,「恋鳥ちゃん、よくそんなに入るね……」
2895090 ,,<!move_look><hide>,,,,,,,,"tumugi,yukata",,0,,,,,
2896000 ,,<!move_look><hide>,,,,,愛歌,愛歌,01man842_002.wav,,,,manaka,,0,,「あ、優哉ちゃんと……」
2897000 ,,,,,,,恋鳥,恋鳥,04kot842_002.wav,kotori,,0,manaka,,0,,「はむ、もぐもぐ。……つむぎ、だぞ」
2898000 ,,,,,,,愛歌,愛歌,01man842_003.wav,kotori,,0,manaka,,0,,「あの二人……」
2899000 ,,,,,,,悠,悠,02yuu842_002.wav,yuu,,0,manaka,,0,,「なんだー。もう仕事終わってんじゃん。
　連絡くれればいいのに」
2900000 ,,,,,,,悠,悠,02yuu842_003.wav,yuu,,1,manaka,,0,,「おーい！　優哉ぁ…………もがっ！？」
2902000 ,,,,,,,愛歌,愛歌,01man842_004.wav,yuu,,1,manaka,,7,,「もう、悠ってば、邪魔しちゃダメでしょ……！」
2903000 ,,,,,,,悠,悠,02yuu842_004.wav,yuu,,12,manaka,,7,,「あー、なるほどね。そりゃ気配りが足りなかったわ」
2904000 ,,,,,,,恋鳥,恋鳥,04kot842_003.wav,yuu,,12,kotori,,0,,「悠は相変わらず、脊髄反射で人生生きてるぞ」
2905000 ,,,,,,,愛歌,愛歌,01man842_005.wav,yuu,,12,manaka,,42,,「でも私……複雑だな。
　つむぎさんのこと、応援してあげたいけど……」
2906000 ,,,,,,,愛歌,愛歌,01man842_006.wav,yuu,,12,manaka,,42,,「心の奥に、
　やっぱりチクッてする気持ちがあるの……」
2907000 ,,,,,,,悠,悠,02yuu842_005.wav,yuu,,90,manaka,,42,,「んー…………」
2908000 ,,,,,,,悠,悠,02yuu842_006.wav,yuu,,0,manaka,,42,,「ま、それでいいんだよ、愛歌。
　それが……恋心ってもんじゃん？」
2909000 ,,,,,,,愛歌,愛歌,01man842_007.wav,yuu,,0,manaka,,4,,「うん…………」
2910000 ,,,,,,,悠,悠,02yuu842_007.wav,yuu,,1,manaka,,4,,「それじゃ、そのブロークンハートを
　お姉さんが慰めてあげるよ」
2911000 ,,,,,,,愛歌,愛歌,01man842_008.wav,yuu,,1,manaka,,5,,「悠は、私より誕生日うしろだよ……」
2912000 ,,,,,,,悠,悠,02yuu842_008.wav,yuu,,12,manaka,,5,,「空気読まず細かいこと言うねあんた」
2913000 ,,,,,,,恋鳥,恋鳥,04kot842_004.wav,manaka,,5,kotori,,0,,「……ん。恋鳥は、おねーさん」
2914000 ,,,,,,,愛歌,愛歌,01man842_009.wav,manaka,,0,kotori,,0,,「そっか。恋鳥ちゃんは、年上だったね」
2915000 ,,,,,,,恋鳥,恋鳥,04kot842_005.wav,manaka,,0,kotori,,52,,「ん。恋鳥、愛歌の愚痴を全部聞いてやるぞ」
2916000 ,,,,,,,愛歌,愛歌,01man842_010.wav,manaka,,42,kotori,,52,,「うん……。じゃ、聞いてもらおうかな」
2917000 ,,,,,,,恋鳥,恋鳥,04kot842_006.wav,manaka,,42,kotori,,1,,「……ん。任せろ」
2918000 ,,,,,,,悠,悠,02yuu842_009.wav,yuu,,1,manaka,,42,,「それじゃ、いっちょ呑みに行く？」
2919000 ,,,,,,,愛歌,愛歌,01man842_011.wav,yuu,,1,manaka,,0,,「悠って、ときどき発想がすっごくオジサンだよね……」
2920000 ,,,,,,,悠,悠,02yuu842_010.wav,yuu,,53,manaka,,0,,「えーっ？　なによぉ、それ」
2921000 ,,,,,,,愛歌,愛歌,01man842_012.wav,yuu,,53,manaka,,90,,「あははははっ。
　……ありがと、悠」
2922000 ,,,,,,,悠,悠,02yuu842_011.wav,yuu,,90,manaka,,90,,「……ん？」
2923000 ,,,,,,,愛歌,愛歌,01man842_013.wav,yuu,,90,manaka,,1,,「ん、なんでもないよ」
2924000 ,,,,,,,悠,悠,02yuu842_012.wav,yuu,,1,manaka,,1,,「さーて、それじゃどの店にしようかね。
　この田舎には飲み屋が少ないからね……」
2925000 ,,,,,,,愛歌,愛歌,01man842_014.wav,yuu,,1,manaka,,15,,「ええっ、ホントに飲みに行くの？」
2925090 ,,<!Lend_move>,0,9000,,,,,,,,,,,,,
2925900 ,,<!ec_tsumugi_pri>,,,,,,,,,,,,,,,
2928000 ,@tsumugi1_end,,,,,,,,,,,,,,,,
2929000 ,$go tsumugi2_begin,,,,,,,,,,,,,,,,
2930000 ,@827,,,,,,,,,,,,,,,,
2930300 ,,<!Lbegin_move>,2,4101,,,千紗,千紗,06tis827_001.wav,"chisa,uniform",,2,,,,,「すごいね、千紗の学園よりおっきいね」
2930400 ,,,,,,,,,,chisa,,2,,,,,　千紗が夕日に染まった校舎を見て、
　大げさにはしゃぐ。
2930500 ,,,,,,,優哉,優哉,,chisa,,2,,,,,「別に、たいしたもんじゃないだろ」
2930600 ,,,,,,,千紗,千紗,06tis827_002.wav,chisa,,1,,,,,「ううん。お兄ちゃんが通ってる学園だもん。
　千紗には特別なところだよ」
2930700 ,,,,,,,優哉,優哉,,chisa,,1,,,,,「そうか？　ヘンなヤツだな……」
2930800 ,,,,,,,千紗,千紗,06tis827_003.wav,chisa,,0,,,,,「じゃ、中に入ろっ♪」
2930900 ,,,,,,,,,,chisa,,0,,,,,　軽いステップで、俺を下駄箱の方に引っ張っていく。
2931000 ,,,,,,,優哉,優哉,,chisa,,0,,,,,「おいおい、あんまはしゃぎすぎんなよ」
2931100 ,,,,,,,千紗,千紗,06tis827_004.wav,chisa,,0,,,,,「だって、校舎の中に入るの初めてだもんっ。
　あ、お兄ちゃんの下駄箱どこっ？」
2931200 ,,,,,,,優哉,優哉,,chisa,,0,,,,,「ん、ここだけど……。
　あ、お前、上履きないじゃん」
2931300 ,,,,,,,千紗,千紗,06tis827_005.wav,chisa,,2,,,,,「えっ？」
2931400 ,,,,,,,優哉,優哉,,chisa,,2,,,,,「しまったな、それをすっかり忘れてたな。
　まあいいか、職員玄関でも行って
　来賓用のスリッパを……」
2931500 ,,,,,,,千紗,千紗,06tis827_006.wav,chisa,,1,,,,,「いい。このままで大丈夫」
2931600 ,,,,,,,,,,,,,,,,,　千紗は、裸足のまま校舎内に駆け上がってしまった。
2931700 ,,,,,,,優哉,優哉,,,,,,,,,「ちょっ……おい、ひとりで行くなよ！」
2931800 ,,,,,,,,,,,,,,,,,　上履きをつっかけ、急いで千紗の後を追う。
2932000 ,,<!move_short>,,4301,,,千紗,千紗,06tis827_007.wav,chisa,,2,,,,,「わー、なんか千紗の学園より
　ドアとか窓がおっきいなー」
2932100 ,,,,,,,,,,chisa,,2,,,,,　物珍しげにきょろきょろする千紗を連れ、
　校舎内を見て回る。
2932200 ,,,,,,,,,,chisa,,2,,,,,　いくつかの部活は活動しているとはいえ、
　土曜夕方の校舎内に人の気配はなかった。
2932300 ,,,,,,,千紗,千紗,06tis827_008.wav,chisa,,0,,,,,「お兄ちゃんの教室はこっち？」
2932400 ,,,,,,,優哉,優哉,,chisa,,0,,,,,「いや。階段のぼって、上の階」
2932500 ,,,,,,,千紗,千紗,06tis827_009.wav,chisa,,1,,,,,「千紗、お兄ちゃんの教室行きたいな」
2932600 ,,,,,,,優哉,優哉,,chisa,,1,,,,,「はいはい。じゃあそこの階段を……」
2932700 ,,,,,,,優哉,優哉,,chisa,,1,,,,,「ああ、そうだ、千紗」
2932800 ,,,,,,,千紗,千紗,06tis827_010.wav,chisa,,0,,,,,「えっ、なに？」
2932900 ,,,,,,,優哉,優哉,,chisa,,0,,,,,「ここからだったら、ウチの部室の方が近いな。
　教室の前にそっちへ行ってみるか？」
2933000 ,,,,,,,千紗,千紗,06tis827_011.wav,chisa,,0,,,,,「あ、お友達とやってる温泉部の？」
2933100 ,,,,,,,優哉,優哉,,chisa,,0,,,,,「ああ」
2933200 ,,,,,,,千紗,千紗,06tis827_012.wav,chisa,,1,,,,,「わーっ、見たい見たい、見たーいーっ」
2933300 ,,,,,,,優哉,優哉,,chisa,,1,,,,,「別に、お前が見て面白いものとかないと思うぞ？」
2933400 ,,,,,,,千紗,千紗,06tis827_013.wav,chisa,,0,,,,,「いいよっ。お兄ちゃんが使ってる場所は、
　ぜんぶ見たいのっ」
2933600 ,,<!move_short>,,4401,,,千紗,千紗,06tis827_014.wav,chisa,,2,,,,,「わぁっ！　パソコンがあるっ！　すごーいっ」
2933700 ,,,,,,,優哉,優哉,,chisa,,2,,,,,「あんま触るなよ。下手にいじると、
　こわーいお姉さんに怒られるから」
2933800 ,,,,,,,千紗,千紗,06tis827_015.wav,chisa,,5,,,,,「それって誰？」
2933900 ,,,,,,,優哉,優哉,,chisa,,5,,,,,「うん、ここの部長」
2934000 ,,,,,,,千紗,千紗,06tis827_016.wav,chisa,,7,,,,,「あ、この部活って、お兄ちゃん以外、
　みんな女の人なんだっけ……？」
2934100 ,,,,,,,,,,chisa,,7,,,,,　ちょっと恨めしそうな目でこっちを見る千紗。
2934200 ,,,,,,,千紗,千紗,06tis827_017.wav,chisa,,15,,,,,「いーなぁ……。
　千紗もこの学園入りたいな……」
2934300 ,,,,,,,優哉,優哉,,chisa,,15,,,,,「頑張れば入れるだろ」
2934400 ,,,,,,,千紗,千紗,06tis827_018.wav,chisa,,5,,,,,「そーかなぁ？」
2934500 ,,,,,,,優哉,優哉,,chisa,,5,,,,,「ああ。頑張りな。俺もお前くらいの年から
　焦って勉強して、なんとかなったから」
2934600 ,,,,,,,千紗,千紗,06tis827_019.wav,chisa,,0,,,,,「……うん、千紗もがんばる」
2934700 ,,,,,,,千紗,千紗,06tis827_020.wav,chisa,,1,,,,,「そしたら、千紗、この部活入るね？」
2934800 ,,,,,,,優哉,優哉,,chisa,,1,,,,,「ああ、お前が後輩になれば、俺も嬉しいよ」
2934900 ,,,,,,,千紗,千紗,06tis827_021.wav,chisa,,1,,,,,「うん……えへへ……」
2935000 ,,,,,,,,,,chisa,,1,,,,,　素直にはみかむ千紗。
2935100 ,,,,,,,,,,chisa,,1,,,,,　千紗を可愛いと思う気持ちが込み上げてきて、
　頭をぽんぽんと撫でてやった。
2935200 ,,,,,,,千紗,千紗,06tis827_022.wav,chisa,,6,,,,,「お、お兄ちゃん……」
2935300 ,,,,,,,優哉,優哉,,chisa,,6,,,,,「じゃあ次、どうする？」
2935400 ,,,,,,,千紗,千紗,06tis827_023.wav,chisa,,0,,,,,「うんっ、じゃあお兄ちゃんの教室っ！」
2935600 ,,<!move_normal>,,4501,,,千紗,千紗,06tis827_024.wav,chisa,,0,,,,,「ここでお兄ちゃん、
　毎日勉強してるんだ……」
2935700 ,,,,,,,優哉,優哉,,chisa,,0,,,,,「ああ。ここもお前のとことは違うか？」
2935800 ,,,,,,,千紗,千紗,06tis827_025.wav,chisa,,1,,,,,「うんっ。黒板が高い！
　それに、先生の机もおっきいなっ」
2935900 ,,,,,,,優哉,優哉,,chisa,,1,,,,,「そんなに違いってあるもんか」
2936000 ,,,,,,,,,,chisa,,1,,,,,　もう、前がどうだったかなんか、忘れちゃってるわ。
2936100 ,,,,,,,千紗,千紗,06tis827_026.wav,chisa,,0,,,,,「お兄ちゃんの机、どこ？」
2936200 ,,,,,,,優哉,優哉,,chisa,,0,,,,,「ああ、そこ」
2936300 ,,,,,,,千紗,千紗,06tis827_027.wav,chisa,,1,,,,,「わぁーっ。お兄ちゃんの机ーっ♪」
2936400 ,,,,,,,,,,chisa,,1,,,,,　別に、他の机と何の変わりもない俺の席に行き、
　嬉しそうにグルグル周りを観察し始める。
2936500 ,,,,,,,優哉,優哉,,chisa,,1,,,,,「こんなの見て楽しいか？」
2936600 ,,,,,,,千紗,千紗,06tis827_028.wav,chisa,,0,,,,,「うんっ、千紗の知らないお兄ちゃんのこと、
　もっともっと知りたいもんっ」
2936700 ,,,,,,,千紗,千紗,06tis827_029.wav,chisa,,1,,,,,「ふふ……いいなぁー……。
　お兄ちゃん、ここでよく居眠りする？」
2936800 ,,,,,,,優哉,優哉,,chisa,,1,,,,,「まあ、そこそこに。
　ああ……でも隣が愛歌だから、すぐ起こされる」
2936900 ,,,,,,,千紗,千紗,06tis827_030.wav,chisa,,2,,,,,「えっ？　この席、愛歌お姉ちゃんの？」
2937000 ,,,,,,,,,,chisa,,2,,,,,　千紗が、俺の隣の席を指さす。
2937100 ,,,,,,,優哉,優哉,,chisa,,2,,,,,「いや、そっちはつむぎの席。愛歌は反対側の隣」
2937200 ,,,,,,,千紗,千紗,06tis827_031.wav,chisa,,4,,,,,「あ、つむぎさんも隣の席なんだ……」
2937300 ,,,,,,,優哉,優哉,,chisa,,4,,,,,「ああ。んで、後ろが大和の席」
2937400 ,,,,,,,千紗,千紗,06tis827_032.wav,chisa,,3,,,,,「ふーん……。みんな近くで、仲いいんだねー……」
2937500 ,,,,,,,,,,chisa,,3,,,,,　俺の机に手を置いたまま、
　千紗がしゅんとなってしまう。
2937600 ,,,,,,,優哉,優哉,,chisa,,3,,,,,「どうしたんだよ」
2937700 ,,<m_fade fadeout=""5000"">,0,,,,千紗,千紗,06tis827_033.wav,chisa,,5,,,,,「…………」
2937800 ,,,,,,,優哉,優哉,,chisa,,5,,,,,「千紗……？」
2937900 ,,,5,,,,千紗,千紗,06tis827_034.wav,chisa,,3,,,,,「千紗ね、つむぎさんが来てから、変なんだ……」
2938000 ,,,,,,,,,,chisa,,3,,,,,　ドキッと胸が震える。
2938100 ,,,,,,,千紗,千紗,06tis827_035.wav,chisa,,3,,,,,「お兄ちゃんとつむぎさん、最近仲いいよね……」
2938200 ,,,,,,,千紗,千紗,06tis827_036.wav,chisa,,5,,,,,「だからね、なんか、お兄ちゃんがどんどん千紗から
　離れていっちゃうような気がして……」
2938300 ,,,,,,,優哉,優哉,,chisa,,5,,,,,「バカだな……離れていくわけないだろ」
2938400 ,,,,,,,千紗,千紗,06tis827_037.wav,chisa,,3,,,,,「うん……。でも、不安なんだよ……」
2938500 ,,,,,,,千紗,千紗,06tis827_038.wav,chisa,,5,,,,,「つむぎさんはお兄ちゃんと同じ学園だし、
　いつも旅館で一緒に働いてるし……」
2938600 ,,,,,,,千紗,千紗,06tis827_039.wav,chisa,,3,,,,,「だからね……千紗、お兄ちゃんとつむぎさんに、
　仲間はずれにされちゃったみたいな気がして……」
2938700 ,,,,,,,優哉,優哉,,chisa,,3,,,,,「そんなことはないぞ。
　お前は俺の、大事な妹だよ」
2938800 ,,,,,,,千紗,千紗,06tis827_040.wav,chisa,,3,,,,,「………………」
2938900 ,,,,,,,千紗,千紗,06tis827_041.wav,chisa,,5,,,,,「千紗は…………妹だけじゃ……」
2939000 ,,,,,,,千紗,千紗,06tis827_042.wav,chisa,,7,,,,,「妹だけじゃ嫌だもんっ！」
2939100 ,,,,,,,千紗,千紗,06tis827_043.wav,chisa,,7,,,,,「妹だけじゃ嫌なのっ！
　千紗だって……女の子だもん！」
2939200 ,,,,,,,,,,,,,,,,,　ぎゅっと口元を引き締め、
　千紗がこっちに近づいてくる。
2939300 ,,,,,,,千紗,千紗,06tis827_044.wav,chisa,,4,,,,,「よいしょ……。うん。
　これでお兄ちゃんに、少し追いついたね」
2939400 ,,,,,,,優哉,優哉,,chisa,,4,,,,,「千紗……？」
2939500 ,,,,,,,,,,chisa,,4,,,,,　教壇に乗っても、まだちょっと上の俺と
　目線を合わせて、にこりと笑う。
2939600 ,,,,,,,,,,chisa,,4,,,,,　千紗の目に、じわりと涙が浮かぶ。
2939700 ,,,,,,,千紗,千紗,06tis827_045.wav,chisa,,4,,,,,「お兄ちゃん……」
2939800 ,,,,,,,,,,chisa,,4,,,,,　突然、千紗が俺の腕と肩をつかんできた。
2939900 ,,,,,,,優哉,優哉,,chisa,,4,,,,,「なっ……」
2940000 ,,,,,,,,,,chisa,,4,,,,,　俺の重心が、前に傾き――
2940200 ,,,,,500511,,,,,,,,,,,,　マシュマロのようにやわらかいものが、
　俺の唇を…………ふさいだ。
2940300 ,,,,,500511,,千紗,千紗,06tis827_046.wav,chisa,,0,,,,,「ん………………」
2940400 ,,,,,500511,,,,,,,,,,,,　千紗の前髪が俺の頬をくすぐり、
　いつか布団の中でかいだ
　甘い芳香が鼻孔をくすぐる。
2940500 ,,,,,500511,,,,,,,,,,,,　そして、唇にはみずみずしい密着感……。
2940600 ,,,,,500511,,千紗,千紗,06tis827_047.wav,chisa,,0,,,,,「ん……ちゅっ、んっ…………んんっ……」
2940700 ,,,,,500511,,千紗,千紗,06tis827_048.wav,chisa,,0,,,,,「お兄ちゃん…………。好き…………」
2940800 ,,,,,500511,,千紗,千紗,06tis827_049.wav,chisa,,0,,,,,「大好き。
　お兄ちゃんが、大好きなの……」
2940900 ,,,,,500511,,千紗,千紗,06tis827_050.wav,chisa,,0,,,,,「千紗……。お兄ちゃんに、恋してるんだよ……」
2941000 ,,,,,500511,,,,,,,,,,,,　ダイレクトに、千紗の思いが俺の胸に伝わってくる。
2941100 ,,,,,500511,,千紗,千紗,06tis827_051.wav,chisa,,0,,,,,「お兄ちゃん……。お兄ちゃんの気持ち、
　千紗に聞かせて……」
2941200 ,,,,,500511,,優哉,優哉,,,,,,,,,「千紗…………」
2941300 ,,,,,500511,,千紗,千紗,06tis827_052.wav,chisa,,0,,,,,「お兄ちゃん…………」
2941390 ,,<hide><!Lend_day_change>,0,9000,,,,,,,,,,,,,
2941399 ,,<!ec_chisa_uni>,,,,,,,,,,,,,,,
2941600 ,@828,,,,,,,,,,,,,,,,
2941900 ,,<!Lbegin_day_change>,1,500,,,,,,,,,,,,,　……あれから、数日がたった。
2942000 ,,,,,,,,,,,,,,,,,　多少は薄れてきたが、
　夕暮れの教室で千紗にキスをされた衝撃は、
　いまだにおさまらない。
2942100 ,,,,,,,,,,,,,,,,,　あれ、俺のファーストキスだったんだよな。
2942200 ,,,,,,,,,,,,,,,,,　あれ以来、どうも千紗との
　距離感が上手くつかめないでいる。
2942300 ,,,,,,,千紗,千紗,06tis828_001.wav,"chisa,private",,0,,,,,「お兄ちゃーん、朝だよー」
2942400 ,,,,,,,,,,"chisa,private",,0,,,,,　ベッドの中で悶々としていると、
　当の千紗が部屋の中に入ってきた。
2942500 ,,,,,,,優哉,優哉,,"chisa,private",,0,,,,,「起きてるよ、起きてる」
2942600 ,,,,,,,千紗,千紗,06tis828_002.wav,chisa,,1,,,,,「あ、なーんだ。
　千紗が起こしてあげようと思ってたのに」
2942700 ,,,,,,,,,,chisa,,1,,,,,　千紗自身も、どことなく以前の
　遠慮のない無邪気さが薄れた気がする。
2942800 ,,,,,,,優哉,優哉,,chisa,,1,,,,,「俺、今から着替えるんだけど」
2942900 ,,,,,,,千紗,千紗,06tis828_003.wav,chisa,,4,,,,,「…………」
2943000 ,,,,,,,優哉,優哉,,chisa,,4,,,,,「……千紗？」
2943200 ,,,,,,,千紗,千紗,06tis828_004.wav,chisa,,4,,,,,「ねえ……お兄ちゃん……」
2943300 ,,,,,,,,,,chisa,,4,,,,,　真剣さを孕んだ声に、ドキッとする。
2943400 ,,,,,,,優哉,優哉,,chisa,,4,,,,,「……なんだ？」
2943500 ,,,,,,,千紗,千紗,06tis828_005.wav,chisa,,4,,,,,「答え……聞かせてよ」
2943600 ,,,,,,,,,,chisa,,4,,,,,　心臓が飛び跳ねる。
2943700 ,,,,,,,,,,chisa,,4,,,,,　あの日、俺は答えを出せなかった。
2943800 ,,,,,,,千紗,千紗,06tis828_006.wav,chisa,,3,,,,,「お兄ちゃん……」
2943900 ,,,,,,,千紗,千紗,06tis828_007.wav,chisa,,3,,,,,「千紗、本気だから……。
　だから、お兄ちゃんのためなら
　どんなことでもがんばれるよ……？」
2944000 ,,,,,,,,,,chisa,,3,,,,,　飾りっ気のない、まっすぐな言葉。
2944100 ,,,,,,,,,,chisa,,3,,,,,　……俺だって、あれから毎日考えている。
2944200 ,,,,,,,千紗,千紗,06tis828_008.wav,chisa,,4,,,,,「お兄ちゃん……」
2944300 ,,,,,,,陽向,陽向,07hin828_001.wav,chisa,,4,,,,,「お兄ちゃん、ごはんできてるよ？
　お姉ちゃんも食べないのー？」
2944400 ,,,,,,,優哉,優哉,,chisa,,4,,,,,「お、おう！　すぐ行く！」
2944600 ,,<!move_short>,,200,,,陽向,陽向,07hin828_002.wav,hinata,,0,,,,,「お兄ちゃん、急がないと
　つむぎお姉ちゃん来ちゃうよ？」
2944700 ,,,,,,,優哉,優哉,,hinata,,0,,,,,「ああ、そうだな」
2944800 ,,,,,,,千紗,千紗,06tis828_009.wav,chisa,,3,hinata,,0,,「…………」
2944900 ,,,,,,,,,,chisa,,3,hinata,,0,,　最近、つむぎと登校するのが
　日課になっている。
2945000 ,,,,,,,,,,chisa,,3,hinata,,0,,　まあ、実際いつも途中までは
　千紗も含めて３人で登校してるんだけど。
2945100 ,,,,,,,陽向,陽向,07hin828_003.wav,chisa,,3,hinata,,0,,「お姉ちゃん、どうしたの？　食べるの遅いね」
2945200 ,,,,,,,千紗,千紗,06tis828_010.wav,chisa,,1,hinata,,0,,「そんなことないよ……んっ、むぐむぐ……」
2945400 ,,<!se_entrance_chime>,,,,,陽向,陽向,07hin828_004.wav,chisa,,1,hinata,,0,,「あっ、チャイム！　来たみたいだよっ」
2945500 ,,,,,,,優哉,優哉,,chisa,,1,hinata,,0,,「んっ！　むぐっ……ゴクッ
　陽向、すぐ行くって言ってくれ」
2945600 ,,,,,,,千紗,千紗,06tis828_011.wav,chisa,,2,hinata,,0,,「あっ……もぐもぐ、むぐっ……。
　ち、千紗も行くっ」
2945700 ,,,,,,,,,,chisa,,2,hinata,,0,,　チャイムの音に弾かれ、俺と千紗は
　朝食をかき込んだのだった。
2945790 ,,<!Lend_day_change>,0,9000,,,,,,,,,,,,,
2946000 ,$go 829,,,,,,,,,,,,,,,,


