%line%,%seq%,%effect%,%music%,%bg%,%cg%,%ov%,%truename%,%name%,%voice%,%st0_name%,%st0_pos%,%st0_face%,%st1_name%,%st1_pos%,%st1_face%,%pageflag%,%text%
10390 ,@yuu2_begin,,,,,,,,,,,,,,,,
10400 ,@630,,,,,,,,,,,,,,,,
10700 ,,<!Lbegin_day_change>,1,4100,,,悠,悠,02yuu630_001.wav,"yuu,uniform",,6,,,,,「あ……」
10800 ,,,,,,,,,,yuu,,6,,,,,　登校の時に偶然顔を合わせるだけで、
　もうお互いに顔が真っ赤になる。
　どうしても昨日の事を思い出しちまうんだ。
10900 ,,,,,,,優哉,優哉,,yuu,,6,,,,,「お、おう悠！　おはよう」
11000 ,,,,,,,悠,悠,02yuu630_002.wav,yuu,,1,,,,,「う、うんおはよう！　今日は早くて感心だね！」
11100 ,,,,,,,愛歌,愛歌,01man630_001.wav,yuu,,1,"manaka,uniform",,0,,「え？　別にいつも通りだと思うけど」
11200 ,,,,,,,悠,悠,02yuu630_003.wav,yuu,,12,manaka,,0,,「そ、そう！？　そうかな！？　あは、あはは……」
11300 ,,,,,,,,,,,,,,,,,　カンの鈍い愛歌しかこの場にいない事を
　感謝しながら教室に向かう。
　だが、難関はこれからだった……
11600 ,,<!move_normal>,,4500,,,大和,大和,08yam630_001.wav,"yamato,uniform",,0,,,,,「おい、優哉。ちょっといいか？」
11700 ,,,,,,,,,,yamato,,0,,,,,　まさに最大の難関があらわれやがった……
　普段は空気のようにキャラが固まらないクセに、
　今の大和はまるでラスボスの魔王のようだ。
11800 ,,,,,,,優哉,優哉,,yamato,,0,,,,,「な、なんだよ。何か用でもあるのか？」
11900 ,,,,,,,,,,yamato,,0,,,,,　勤めて冷静を装う。
　こういう時はあせった方が不利だ。
12000 ,,,,,,,大和,大和,08yam630_002.wav,yamato,,5,,,,,「翠川が今日、微妙にガニ股なんだよな。
お前何か知らないか？」
12100 ,,,,,,,優哉,優哉,,yamato,,5,,,,,「何でそんな事俺が知らなきゃいけないんだ！
お前、勘ぐるのもいいかげんにしろよな！」
12200 ,,,,,,,,,,yamato,,0,,,,,　俺の返答に、大和はキョトンとしている。
12300 ,,,,,,,大和,大和,08yam630_003.wav,yamato,,5,,,,,「いや、お前翠川と同じ温泉部だろ？
原因知ってるかと思っただけなんだが……」
12400 ,,,,,,,,,,yamato,,1,,,,,　しまった！
　余計な詮索をする手がかりを与えちまったか？
　案の定、大和がニヤニヤとイヤな笑いを浮かべた。
12500 ,,,,,,,大和,大和,08yam630_004.wav,yamato,,1,,,,,「どーれ、お兄さんにぜーんぶ話してごらん？
どうやら、知っているどころか
お前が原因みたいだな。」
12600 ,,,,,,,,,,yamato,,1,,,,,　くそ、このまま行くと全部ゲロするまで
　尋問が続く。一体どうすりゃいいんだ！？
12700 ,,,,,,,悠,悠,02yuu630_004.wav,yamato,,1,yuu,,90,,「あのー……優哉？　いる？　ちょっといいかな……」
12800 ,,,,,,,,,,yamato,,1,yuu,,90,,　どうやら神は俺を見放したらしい。
　なんでこんなタイミングで来るんだ悠……！
12900 ,,,,,,,大和,大和,08yam630_005.wav,yamato,,1,yuu,,90,,「おお、翠川。優哉ならここだぞー！」
13000 ,,,,,,,悠,悠,02yuu630_005.wav,yamato,,1,yuu,,90,,「紫藤、ちょっと外してもらっていい？」
13100 ,,,,,,,,,,yamato,,1,yuu,,90,,　イヤな笑いを浮かべたまま、大和が俺から離れる。
　クソ、覚えてろよあいつ……
13200 ,,,,,,,優哉,優哉,,yuu,,90,,,,,「悪いな、待たせちまって。なんだ？」
13300 ,,,,,,,悠,悠,02yuu630_006.wav,yuu,,0,,,,,「昨日帰ってから考えたんだけどね？
もう秘湯の方も掃除を欠かさなければ大丈夫そうだし、
愛歌と恋鳥には部活お休みって言おうと思うんだけど」
13400 ,,,,,,,優哉,優哉,,yuu,,0,,,,,「あ、ああ。それはいいかもしれないな」
13500 ,,,,,,,悠,悠,02yuu630_007.wav,yuu,,6,,,,,「でもね？　掃除はしなきゃいけないから……
今日は私と優哉と、二人で行かない？」
13600 ,,,,,,,優哉,優哉,,yuu,,6,,,,,「！」
13700 ,,,,,,,,,,yuu,,6,,,,,　正直驚いた。こりゃ部活にかこつけた
　デートの誘いじゃないか。部長の悠が、
　まさかこんな手に出るとは……
13800 ,,,,,,,悠,悠,02yuu630_008.wav,yuu,,3,,,,,「ダメ？」
13900 ,,,,,,,優哉,優哉,,yuu,,3,,,,,「ダメなもんか！
その、ちょっとビックリしただけだ。
俺としては歓迎だぜ？」
14000 ,,,,,,,悠,悠,02yuu630_009.wav,yuu,,1,,,,,「よかった…………！」
14100 ,,,,,,,,,,yuu,,1,,,,,　花が開くように微笑む悠を見て、
　また胸がドキドキし始める。
14200 ,,,,,,,,,,yuu,,1,,,,,　好きだって自覚して以来、
　かわいくなってるとは思っていたが、
　Ｈしてからはさらに加速度が増してるな……
14300 ,,,,,,,大和,大和,08yam630_006.wav,yamato,,0,,,,,「おうおうおうおう。もう秋だってのに、
ここだけ春まっさかりだなオイ」
14400 ,,,,,,,優哉,優哉,,yamato,,0,,,,,「大和！　てめえどこから聞いてやがった！」
14500 ,,,,,,,大和,大和,08yam630_007.wav,yamato,,1,,,,,「どこからもクソも全部聞いたって。
いやー、うらやましい話だよ本当に。
お二人ともお幸せに！！」
14600 ,,,,,,,優哉,優哉,,yamato,,1,,,,,「この野郎！！」
14700 ,,,,,,,,,,yuu,,6,,,,,　ふとふりむくと、悠が大和のはやしたてに
　真剣に照れて、顔を真っ赤にしていた。
　そんな顔を見せられると、こっちも照れちまう。
14800 ,,,,,,,悠,悠,02yuu630_010.wav,yuu,,6,,,,,「…………」
14900 ,,,,,,,優哉,優哉,,yuu,,6,,,,,「………………」
15000 ,,,,,,,,,,yuu,,6,yamato,,1,,　顔をまっかっかにして向き合う俺達を見て、
　大和がうんざりしながらやっかんできやがった。
15100 ,,,,,,,大和,大和,08yam630_008.wav,yuu,,6,yamato,,1,,「あーあ、ごちそうさま！！」
15190 ,,<!Lend_scene_change>,0,9000,,,,,,,,,,,,,
15400 ,@631,,,,,,,,,,,,,,,,
15700 ,,<!Lbegin_scene_change>,7,11320,,,,,,,,,,,,,　ある意味地獄のように恥ずかしかった時間も終わり、
　俺と悠はようやく二人っきりで安心できる場所……
　秘湯に到着した。
15800 ,,,,,,,悠,悠,02yuu631_001.wav,"yuu,uniform",,0,,,,,「とうちゃーく！
それじゃ、とりあえず掃除しようか」
15900 ,,,,,,,,,,yuu,,0,,,,,　まあ、今日あった事は、
　悠が元気を取り戻してくれた事で
　十分おつりが来るからよしとしよう。
16000 ,,,,,,,優哉,優哉,,yuu,,0,,,,,「まあ、それくらいしかやる事ないけどな」
16100 ,,,,,,,,,,,,,,,,,　周りを森に囲まれている以上、
　すみさき以上に落ち葉が吹きこんでくる。
　こまめな掃き掃除は絶対に必要だ。
16200 ,,,,,,,優哉,優哉,,,,,,,,,「………………」
16300 ,,,,,,,,,,,,,,,,,　ただ、女性陣によって徹底的に掃き清められた
　今となっては、落ち葉の量なんてたかが知れてる。
　二人でかかれば十五分とかからずに終わっちまう。
16400 ,,,,,,,優哉,優哉,,,,,,,,,「おい悠、こんなもんでいいんじゃないのか？」
16500 ,,,,,,,,,,,,,,,,,　悠はえらく物足りない顔で周りを見回す。
16600 ,,,,,,,悠,悠,02yuu631_002.wav,yuu,,12,,,,,「うーん……そうだねえ。
もう掃けるほどゴミないか……」
16700 ,,,,,,,優哉,優哉,,yuu,,12,,,,,「いい事じゃないか。
みんなの努力の結晶のおかげで、
メンテが手早く終わるんだからさ」
16800 ,,,,,,,悠,悠,02yuu631_003.wav,yuu,,5,,,,,「でも……」
16900 ,,,,,,,,,,yuu,,5,,,,,　何だ？　なんか妙に不満げな上に、
　顔が赤いぞ？
17000 ,,,,,,,優哉,優哉,,yuu,,5,,,,,「何だよ。もう全然知らない仲でもないんだし、
俺くらいには隠さないでハッキリ言えよな」
17100 ,,,,,,,悠,悠,02yuu631_004.wav,yuu,,3,,,,,「本当に、いい？」
17200 ,,,,,,,優哉,優哉,,yuu,,3,,,,,「もちろんだ」
17300 ,,,,,,,悠,悠,02yuu631_005.wav,yuu,,6,,,,,「だって……、こんなに早く終わっちゃったらさ？
二人っきりでいられないじゃない？」
17400 ,,,,,,,優哉,優哉,,yuu,,6,,,,,「…………！」
17500 ,,,,,,,,,,yuu,,6,,,,,　おいおいおい！　何だその妙にカワイイ台詞！
　反則にしても程があるだろう！
17600 ,,,,,,,悠,悠,02yuu631_006.wav,yuu,,5,,,,,「何かないかなあ？　やり残した仕事……」
17700 ,,,,,,,,,,yuu,,5,,,,,　こっちがドキドキしてる間も、
　悠は俺と一緒にいる為の仕事を探して回る。
　そして、ふと頭上を見上げた時にニヤリと微笑んだ。
17800 ,,,,,,,悠,悠,02yuu631_007.wav,yuu,,90,,,,,「ねえ、優哉。これだけキレイになったし。
もうお祭りも近いよね。そろそろ、お湯を入れたら
どうなるのかチェックするべきだと思わない？」
17900 ,,,,,,,優哉,優哉,,yuu,,90,,,,,「ああ……、そうだな。
そろそろやっといた方がいいか」
18000 ,,,,,,,悠,悠,02yuu631_008.wav,yuu,,1,,,,,「だよね！　そうと決まれば、私ちょっと見てくる！」
18100 ,,,,,,,,,,,,,,,,,　悠の姿が見えなくなったのを確認してから、
　俺はその場にへたりこんだ。
18200 ,,,,,,,優哉,優哉,,,,,,,,,「お互いに好きって意識すると、
日常生活がこんなにこっぱずかしいもんなのか……」
18300 ,,,,,,,,,,,,,,,,,　何と言うか、
　未体験ゾーンが心臓に大変よろしくない。
18400 ,,,,,,,悠,悠,02yuu631_009.wav,,,,,,,,「優哉ー！　お湯、そっちに行くようにするよー！
ちょっと様子見ておいてねー！！」
18500 ,,,,,,,優哉,優哉,,,,,,,,,「おう！　どんとこい！！」
18600 ,,,,,,,,,,,,,,,,,　温泉部の未来がかかった一大イベントともなれば、
　恥ずかしがってる場合じゃない。俺はシャンと
　立ち直ると、湯が流れてくるはずの上に注目した。
18800 ,,,,,,,優哉,優哉,,,,,,,,,「悠！　来たぞ！　湯が来た！！」
18900 ,,,,,,,,,,,,,,,,,　何の障害もなく、あっさりと湯はこっちに来た。
　滝の様に浴槽に落ちてきて、徐々にたまり始める。
19000 ,,,,,,,悠,悠,02yuu631_010.wav,,,,,,,,「ホントにー！？」
19100 ,,,,,,,,,,yuu,,1,,,,,　あわてて悠が駆け戻ってくる。
　流れる湯を見るあいつの瞳は、
　キラキラと輝いていた。
19200 ,,,,,,,悠,悠,02yuu631_011.wav,yuu,,1,,,,,「すごいすごいすごい！！　やったよ優哉ー！
私達、ちゃんと復活させたよ！」
19300 ,,,,,,,優哉,優哉,,yuu,,1,,,,,「ああ、そうだな！
ちゃんと祭りにも間に合わせたんだ……！」
19400 ,,,,,,,,,,yuu,,1,,,,,　ものすごい達成感と喜びで、
　俺達は抱き合って飛び跳ねた。
19600 ,,,,9000,,,,,,,,,,,,,　そして、喜び続ける俺達の目の前で……
　ついに幻の秘湯がその全容をあらわした。
19790 ,,<!move_look>,,11300,,,,,,,,,,,,,
19800 ,,,,,,,悠,悠,02yuu631_012.wav,yuu,,0,,,,,「わあ…………！」
19900 ,,,,,,,,,,yuu,,0,,,,,　俺達の苦労の成果が、
　今ここにある。まあ一足先に見ちまって、
　他の部員には悪いと思うけどな
20000 ,,,,,,,優哉,優哉,,yuu,,0,,,,,「こうやって見ると、立派なもんだよな。
ちゃんとした温泉の露天風呂に見えるんだから」
20100 ,,,,,,,悠,悠,02yuu631_013.wav,yuu,,1,,,,,「あたり前じゃない！
私達ががんばって復活させたんだから！」
20200 ,,,,,,,,,,yuu,,1,,,,,　と喜びに大声を上げながら、
　悠は上着のすそに手をかけていた。
20300 ,,,,,,,優哉,優哉,,yuu,,1,,,,,「おいおいおい！　何する気だ？　お前」
20400 ,,,,,,,悠,悠,02yuu631_014.wav,yuu,,1,,,,,「目の前に温泉があるのに、
温泉部の部長が入らなくてどうするの！」
20600 ,,<!move_look>,,9000,,,,,,,,,,,,,　俺はあわてて目をそらす。
　しばらくしてからそおっと目を開けると……
20800 ,,,,11300,,,,,,"yuu,bathtowel",,0,,,,,　悠はバスタオル一丁の刺激的な格好だった。
20900 ,,,,,,,悠,悠,02yuu631_015.wav,yuu,,6,,,,,「ねえ、優哉も一緒に入ろうよ」
21000 ,,,,,,,優哉,優哉,,yuu,,6,,,,,「……俺、着替えもバスタオルも持ってきてない。
それにこの前は水着着てたけど、今日はそれだけだろ？
俺は外の方の様子見て回るよ」
21100 ,,,,,,,,,,yuu,,6,,,,,　歩き出そうとした俺のすそを、悠がつまんだ。
21200 ,,,,,,,悠,悠,02yuu631_016.wav,yuu,,6,,,,,「いいじゃない……一緒に入ろうよ。
バスタオルなら予備があるしさ、
それに……」
21300 ,,,,,,,優哉,優哉,,yuu,,6,,,,,「それに？」
21400 ,,,,,,,悠,悠,02yuu631_017.wav,yuu,,6,,,,,「この前は、優哉に見られるの恥ずかしかったから
水着だったけど……もう平気だよ。ううん、
たっぷり見ちゃってよ」
21500 ,,,,,,,,,,yuu,,6,,,,,　惚れた女にそこまで言われて、
　断るヤツは最悪だと思う。俺はあわてて
　悠からハンドタオルを借りて服を脱いだ。
21800 ,,<!timepass_1_long>,2,,,,悠,悠,02yuu631_018.wav,yuu,,1,,,,,「ああ……気持ちいいよねえ……」
21900 ,,,,,,,,,,yuu,,1,,,,,　悠は目を閉じながら軽く伸びをする。
22000 ,,,,,,,優哉,優哉,,yuu,,1,,,,,「そうだな……こいつは、悪くない……」
22100 ,,,,,,,,,,yuu,,1,,,,,　入り心地に一家言あるわけではないが、
　十分いい風呂だとは思う。これなら
　祭りのネタとしてもやってけるだろう。
22200 ,,,,,,,優哉,優哉,,yuu,,1,,,,,「…………」
22300 ,,,,,,,,,,yuu,,1,,,,,　ましてや、悠がすぐ側にバスタオル一丁でいるんだ。
　前にもこんな事があったような気がするが、
　あの時とは興奮が段違いだ。
22400 ,,,,,,,,,,yuu,,1,,,,,　何しろ、今はその体の触り心地とか、
　どこを触るとどんな反応をするのか、
　知ってるんだからな……
22500 ,,,,,,,悠,悠,02yuu631_019.wav,yuu,,0,,,,,「やーだ、見ていいって言ったらジロジロ見て。
やっぱり優哉クンは脇フェチなわけ？」
22600 ,,,,,,,優哉,優哉,,yuu,,0,,,,,「誰が脇フェチだ誰が！
そんな懐かしいネタを引っ張り出すな！」
22700 ,,,,,,,,,,yuu,,0,,,,,　クソ、悠もすみさきに入りに来た時の事を
　きっちり覚えていやがった……
22800 ,,,,,,,悠,悠,02yuu631_020.wav,yuu,,6,,,,,「……あの時は、話しかけても
あんまりこっち見てくれなかったよね。
顔は赤ーくしてたけど」
22900 ,,,,,,,優哉,優哉,,yuu,,6,,,,,「何と言うか、やめてくれよ。
恥の記憶なんだから」
23000 ,,,,,,,悠,悠,02yuu631_021.wav,yuu,,6,,,,,「結構硬派なんだーって、
ちょっと感動したんだよ？　あの頃くらいからかな。
ちょっとずつ、優哉が気になり始めたのって」
23100 ,,,,,,,優哉,優哉,,yuu,,6,,,,,「そりゃ、買いかぶりだ」
23200 ,,,,,,,悠,悠,02yuu631_022.wav,yuu,,2,,,,,「え？」
23300 ,,,,,,,優哉,優哉,,yuu,,2,,,,,「誤解と言うか、
お前が俺の事買いかぶってただけだよ。
本当は、チラチラガン見してた」
23400 ,,,,,,,悠,悠,02yuu631_023.wav,yuu,,2,,,,,「やだ、ホントに！？」
23500 ,,,,,,,優哉,優哉,,yuu,,2,,,,,「俺だって年頃の男子だから気になったけど、
すみさきを評価してくれたヤツに失礼な事
できないだろ？　だからチラチラでガマンした」
23600 ,,,,,,,悠,悠,02yuu631_024.wav,yuu,,90,,,,,「優哉……カッコいい所あるじゃない」
23700 ,,,,,,,優哉,優哉,,yuu,,90,,,,,「ああもう！　この話題は中止だ中止！！」
23800 ,,,,,,,,,,yuu,,90,,,,,　俺は悠を見るのをやめて、わざと背を向けた。
23900 ,,,,,,,悠,悠,02yuu631_025.wav,yuu,,0,,,,,「はいはい……でも、ホントにこのお湯気持ちいいね」
24000 ,,,,,,,優哉,優哉,,yuu,,0,,,,,「まあ、そこには同意するよ。爺さん達風に言うと、
『二番目に気持ちいい』だな」
24100 ,,,,,,,,,,yuu,,0,,,,,　俺はそこで、失言をした事に気がついた。
　三秒前の俺を殴りたいくらい後悔したが、
　もう後の祭りだ。
24200 ,,,,,,,悠,悠,02yuu631_026.wav,yuu,,53,,,,,「二番目！？　じゃあ、
ここより気持ちいい一番目があるの？」
24300 ,,,,,,,,,,yuu,,53,,,,,　しょうがない……
　腹をくくって、説明するしかないか。
24400 ,,,,,,,優哉,優哉,,yuu,,53,,,,,「いや、湯の一番二番じゃないんだ。
戦争に行った事ある爺さん達がガキの頃の俺に
吹きこんだんだけどな？」
24500 ,,,,,,,,,,yuu,,53,,,,,　確か、海軍だったとか言ってたっけか……
　思えば、無駄な知識を詰めこまれたよな。
24600 ,,,,,,,優哉,優哉,,yuu,,53,,,,,「この世で一番気持ちいい事の次に、
いい風呂が気持ちいいから、
いい風呂に入ったら二番目に気持ちいいんだとよ」
24700 ,,,,,,,悠,悠,02yuu631_027.wav,yuu,,0,,,,,「へえ……じゃあ、
いいお風呂をほめる時に使う言い回しなんだ。
ちなみに、一番気持ちいい事って？」
24800 ,,,,,,,,,,yuu,,0,,,,,　やっぱり聞くよな。そりゃ……
24900 ,,,,,,,優哉,優哉,,yuu,,0,,,,,「その……だな。あの……Ｈ、する事だってさ」
25000 ,,,,,,,,,,yuu,,90,,,,,　さすがにデリカシーとやらに欠ける事を
　言ってる自覚はあるので、言葉の歯切れは悪くなる。
　だが、悠のリアクションは予想より薄かった。
25100 ,,,,,,,悠,悠,02yuu631_028.wav,yuu,,90,,,,,「ふーん…………」
25200 ,,,,,,,,,,yuu,,90,,,,,　ああ、いつも通り表に出して怒るんじゃなくて、
　内心で軽蔑するパターンか……それはそれで、
　結構クるんだよなあ。
25300 ,,,,,,,悠,悠,02yuu631_029.wav,yuu,,6,,,,,「じゃあ、する？　……一番気持ちいい事」
25400 ,,,,,,,優哉,優哉,,yuu,,6,,,,,「は？」
25500 ,,,,,,,,,,yuu,,6,,,,,　俺はまさしく耳を疑ったが、
　悠の言葉は空耳なんかじゃなかった。
　顔を上気させながら、悠はもう一度俺を誘ったんだ。
25600 ,,,,,,,悠,悠,02yuu631_030.wav,yuu,,6,,,,,「二番目はやっちゃったし、まだ時間あるし……
しちゃお？　一番気持ちいい事。
一緒に、もっと気持ちよくなろうよ……」
25900 ,@632,,,,,,,,,,,,,,,,■悠HCG２－１
26000 ,,,2,11300,,,,,,"yuu,bathtowel",,6,,,,,　耳を疑う台詞は……俺を誘う一言だけじゃなかった。
26100 ,,,,,,,悠,悠,02yuu632_001.wav,yuu,,17,,,,,「フッフッフ……こんなこともあろうかと、私は
必殺技を勉強しておいたのだよ、優哉クン」
26200 ,,,,,,,優哉,優哉,,,,,,,,,「…………えっ？」
26490 ,,<!scene_h_begin>,3,,301331,,,,,,,,,,,,
26499 ,*mem,,,,,,,,,,,,,,,,
26500 ,,,3,,301331,,悠,悠,02yuu632_002.wav,,,,,,,,「そっ！　“パイズリ”っていうんだけどね」
26600 ,,,,,301331,,優哉,優哉,,,,,,,,,「……お前、どこでそんな言葉覚えてきたんだ！？」
26700 ,,,,,301331,,,,,,,,,,,,　悠の誘導で岩場に腰掛けながら、俺は目を
　白黒させて問い詰める。
26800 ,,,,,301331,,,,,,,,,,,,　悠の答えは、極めてシンプル。
26900 ,,,,,301331,,悠,悠,02yuu632_003.wav,,,,,,,,「女の子向けの雑誌にも普通に載ってるよ、この程度の
コトなら」
27000 ,,,,,301331,,優哉,優哉,,,,,,,,,「…………そーなの？」
27100 ,,,,,301331,,悠,悠,02yuu632_004.wav,,,,,,,,「ウフフッ……やっぱり知らなかったんだ、
そーゆーコト。勉強してきた甲斐があったわぁ」
27200 ,,,,,301331,,,,,,,,,,,,　唖然としている俺の目の前で、悠は“してやったり”
　の笑顔で湯船に入った。
27300 ,,,,,301331,,悠,悠,02yuu632_005.wav,,,,,,,,「私が今まで興味なかったから、その手の記事は
みんな読み飛ばしてたんだけど……一念発起して
バックナンバーに目を通したら、いっぱい載ってた」
27400 ,,,,,301331,,優哉,優哉,,,,,,,,,「ひええ…………世も末だ……」
27500 ,,,,,301331,,,,,,,,,,,,　年頃の女だって、男同様、セックスへの興味が
　ある……そんな理屈は充分に分かってるんだが、
　それでも“世も末”と言いたくなってしまう。
27600 ,,,,,301331,,悠,悠,02yuu632_006.wav,,,,,,,,「優哉ったら、
中年のオジサンみたいなコト言うんだね」
27700 ,,,,,301331,,優哉,優哉,,,,,,,,,「中年ってゆーな」
27800 ,,,,,301331,,悠,悠,02yuu632_007.wav,,,,,,,,「ウフフフッ……はい、そこに寝そべってね」
27900 ,,,,,301331,,,,,,,,,,,,　含み笑いを漏らしながら、悠は俺を横たえさせ、
　バスタオルをはだけさせた。
28000 ,,,,,301331,,,,,,,,,,,,　タオル地の向こうから姿を見せる、悠の豊満な乳房
　……こうやって改めて眺めると、実に見事な張りだ。
28100 ,,,,,301331,,悠,悠,02yuu632_008.wav,,,,,,,,「さて、いよいよ悠さんが、勉強の成果を……うわ」
28200 ,,,,,301331,,,,,,,,,,,,　と、俺の下半身を見た悠は、
　一瞬目を丸くして動きを止める。
28300 ,,,,,301331,,悠,悠,02yuu632_009.wav,,,,,,,,「オチ○チンって……本物は生々しいわねえ」
28400 ,,,,,301331,,優哉,優哉,,,,,,,,,「しっ、しげしげと見るな！　恥ずかしいっ」
28500 ,,,,,301331,,悠,悠,02yuu632_010.wav,,,,,,,,「ふーんだ。私だってガン見したっていいじゃなーい。
……あ、もちろん隠さないでね。
パイズリできなくなっちゃうから」
28600 ,,,,,301331,,優哉,優哉,,,,,,,,,「グッ……い、意外と、裸をじっくり見られるって、
どうすればいいのか分からなくて、キツイな……」
28700 ,,,,,301331,,悠,悠,02yuu632_011.wav,,,,,,,,「恥ずかしいっていうのは、そういうのもコミなのよ」
28800 ,,,,,301331,,悠,悠,02yuu632_012.wav,,,,,,,,「それなのに優哉ったら、この間は私の体臭をあんなに
嗅いでさ……私、イヤだって言ったのに……ねえ？
こっちの“優哉クン”も、ヒドイと思わない？」
28900 ,,,,,301331,,優哉,優哉,,,,,,,,,「オッ、俺のチンチンに語りかけるな！」
29000 ,,,,,301331,,,,,,,,,,,,　抗議する俺にはお構いなしで、悠は湯船から身を
　乗りだし、まだ元気のないペニスを手に取って、
　たわわな両乳房の間に挟んだ。
29100 ,,,,,301331,,悠,悠,02yuu632_013.wav,,,,,,,,「大丈夫、気にしないで……私、
優哉のオチ○チンが大好きだから♪」
29200 ,,,,,301331,,優哉,優哉,,,,,,,,,「ぐぬぬぬ……こないだ俺が言った言葉を、そっくり
そのまま返しやがったなぁ……！」
29300 ,,,,,301331,,,,,,,,,,,,　これは……悠の、他愛もない仕返しということに
　なるんだろうか。
29400 ,,,,,301331,,優哉,優哉,,,,,,,,,「それ自体は構わないけどさ……言うなら、照れずに
言えよ！　オチンチンって言った時点で、顔が真っ赤
じゃないか！」
29500 ,,,,,301331,,悠,悠,02yuu632_014.wav,,,,,,,,「ごめん、さすがに照れが残っちゃった」
29600 ,,,,,301331,,,,,,,,,,,,　そう言って、恥ずかしそうに笑う悠。
　その笑顔の可愛らしさと……俺のペニスを両乳房で
　挟み込んだ姿のギャップが、結構シュールだ。
29700 ,,,,,301331,,悠,悠,02yuu632_015.wav,,,,,,,,「じゃあ……いくね……」
29800 ,,,,,301331,,,,,,,,,,,,　ペニスを挟んだ左右の乳房を、さらに外側から両手で
　寄せ、悠はいよいよパイズリを始めた。
29900 ,,,,,301331,,優哉,優哉,,,,,,,,,「……おおーっ」
30000 ,,,,,301331,,,,,,,,,,,,　思わずとっさに声が出た……快感のうめきではなく、
　感嘆の声だったけど。悠のグラマーなバストは、
　ペニスを楽々と挟み込んでしごいていたのだ。
30100 ,,,,,301331,,悠,悠,02yuu632_016.wav,,,,,,,,「フフッ、反応が早いわよぉ」
30200 ,,,,,301331,,,,,,,,,,,,　笑みを含んだ声であきれながら、悠は自分の身体を
　前後に揺すって、俺の逸物を熱心にこすった。
30300 ,,,,,301331,,,,,,,,,,,,　それにしても……悠くらい胸が大きいと、パイズリも
　本当に気持ちいいものなんだと思い知らされる。
30400 ,,,,,301331,,,,,,,,,,,,　何しろ、ペニス全体が乳肉に覆われるというだけじゃ
　ない……乳房が大きいということは当然ながら、
　とても柔らかいというコトになるのだ。
30500 ,,,,,301331,,優哉,優哉,,,,,,,,,「なんか……不思議な感触だな……」
30600 ,,,,,301331,,悠,悠,02yuu632_017.wav,,,,,,,,「そうなの？　……どんな風に？」
30700 ,,,,,301331,,優哉,優哉,,,,,,,,,「んー、あんまり適当な喩えが思いつかないんだけど
……擦れても痛くないスポンジで挟まれてるというか、
温かいマシュマロでしごかれてるというか……」
30800 ,,,,,301331,,優哉,優哉,,,,,,,,,「……うん、気持ちいい。セックスとかオナニーとも、
ずいぶん感覚が違うけど、これもイイ……」
30900 ,,,,,301331,,悠,悠,02yuu632_018.wav,,,,,,,,「ホント！？　……わ、なんだろ……恥ずかしいのに、
こーゆーコトで優哉に誉められるの、
何だかスゴク嬉しいな……」
31000 ,,,,,301331,,,,,,,,,,,,　上半身をせわしなく動かしながら、悠は
　恥ずかしそうに、それでいてちょっと得意げに、
　はにかんでみせる。
31100 ,,,,,301331,,,,,,,,,,,,　入浴のために下ろした長髪と、温泉で温まった
　身体の火照り具合も相まって、この時の悠は、
　今までにないくらい色っぽく見えた。
31200 ,,,,,301331,,悠,悠,02yuu632_019.wav,,,,,,,,「……な、なに？　私の顔をジッと見て……」
31300 ,,,,,301331,,優哉,優哉,,,,,,,,,「いや……色っぽいなって思って……」
31400 ,,,,,301331,,悠,悠,02yuu632_020.wav,,,,,,,,「まあっ……ちょ、ちょっとヤダ、急におだてられても
私、どうしたらいいか分かんないじゃな～い！」
31500 ,,,,,301331,,,,,,,,,,,,　……おっ、悠の顔がにやけてる。
　あの様子だと、相当嬉しいんだな。
31600 ,,,,,301331,,優哉,優哉,,,,,,,,,「なあ……もうおしまい？　急に止まっちゃったけど」
31700 ,,,,,301331,,悠,悠,02yuu632_021.wav,,,,,,,,「えっ？　……いっけない、
肝心のパイズリがおろそかになっちゃった！
よいしょっと……」
31800 ,,,,,301331,,,,,,,,,,,,　俺の指摘に、悠はアタフタと身体の位置を整え、
　柔らかな乳肉で再びペニスをしごき始める。
31900 ,,,,,301331,,,,,,,,,,,,　この頃には……俺の逸物も、間断なく続くソフトな
　刺激に反応して、少しずつ硬く、頭をもたげ始めて
　いた。
32000 ,,,,,301331,,悠,悠,02yuu632_022.wav,,,,,,,,「あ……ちょっと大きくなってきたね、優哉クン☆」
32100 ,,,,,301331,,優哉,優哉,,,,,,,,,「……だから、チンチンにじゃなくて、
俺に直接言ってくれよ」
32200 ,,,,,301331,,,,,,,,,,,,　そんな他愛もないやりとりを繰り返しながら、
　悠の熱心なパイズリは続く。
32300 ,,,,,301331,,,,,,,,,,,,　そのうち……俺の下半身がじんわりと、緩慢に熱を
　帯びてきた。一気にイキそうになる気配はないけど、
　ペニスもゆっくり屹立し、少しずつ疼いてきた。
32400 ,,,,,301332,,悠,悠,02yuu632_023.wav,,,,,,,,「……うん？　なんか……透明なのが出てきたよ？」
32500 ,,,,,301332,,,,,,,,,,,,　ふと、悠が不思議そうに呟く。
32600 ,,,,,301332,,悠,悠,02yuu632_024.wav,,,,,,,,「オシッコにしてはネバネバしてるし……
精液って、もっと白いよね？　何だろ……」
32700 ,,,,,301332,,優哉,優哉,,,,,,,,,「ああ……疼いてきたのは、それのせいかあ」
32800 ,,,,,301332,,,,,,,,,,,,　軽くうなずきつつ、俺は簡単に説明した。
32900 ,,,,,301332,,優哉,優哉,,,,,,,,,「“先走り”だな……興奮してきた時、精液より先に
ちょっとだけ出てくるヤツ……ええと、正式には、
“カウパー氏腺液”って言ったかな……」
33000 ,,,,,301332,,悠,悠,02yuu632_025.wav,,,,,,,,「ふぅん……面白いね。これって、
女の子のアソコが濡れてくるようなモンなの？」
33100 ,,,,,301332,,優哉,優哉,,,,,,,,,「まあ、そうかな」
33200 ,,,,,301332,,悠,悠,02yuu632_026.wav,,,,,,,,「……その割には、あんまり感じてなさそうだね？」
33300 ,,,,,301332,,優哉,優哉,,,,,,,,,「そんなこたぁないよ。感じ方もイキ方も、
男女では全然違うってだけの話で……」
33400 ,,,,,301332,,悠,悠,02yuu632_027.wav,,,,,,,,「…………うん？」
33500 ,,,,,301332,,,,,,,,,,,,　ふと、悠が俺の説明をさえぎって、
　不思議そうに声を上げた。
33600 ,,,,,301332,,悠,悠,02yuu632_028.wav,,,,,,,,「どうなってんの、これ……？」
33700 ,,,,,301332,,優哉,優哉,,,,,,,,,「ん？　何の話だ……はおっ！？」
33800 ,,,,,301332,,,,,,,,,,,,　……いきなりの刺激に、思わず叫んでしまった。
33900 ,,,,,301332,,,,,,,,,,,,　一瞬、俺の身体が硬直している間に、悠は自分が
　“つまんだ”モノをしげしげと見つめながら、
　軽く首をかしげる。
34000 ,,,,,301332,,悠,悠,02yuu632_029.wav,,,,,,,,「……皮ぁ？　これ、オチ○チンの……皮だよね？」
34100 ,,,,,301332,,,,,,,,,,,,　悠がいきなりつまみ上げたモノ……それは、俺の
　亀頭の付け根、いわゆる“カリ”の部分をわずかに
　覆った……“余り皮”だ。
34200 ,,,,,301332,,優哉,優哉,,,,,,,,,「んー……気付いたかぁ、そこに……」
34300 ,,,,,301332,,悠,悠,02yuu632_030.wav,,,,,,,,「えっ……き、気付いちゃダメだった？」
34400 ,,,,,301332,,,,,,,,,,,,　俺の顔を見て、悠が軽く怯んだ……
　俺、そんなに渋い顔をしてるんだろうか。
34500 ,,,,,301332,,優哉,優哉,,,,,,,,,「俺……実は“仮性人”なんだよね」
34600 ,,,,,301332,,悠,悠,02yuu632_031.wav,,,,,,,,「へっ？　……カセイジン……？」
34700 ,,,,,301332,,優哉,優哉,,,,,,,,,「カタカナ読みはやめろ、“火星人”じゃないぞ」
34800 ,,,,,301332,,,,,,,,,,,,　とっさに勘違いしてそうな悠を制して、とりあえず
　ちゃんと説明する。今はぐらかしても、いずれ真実は
　バレるモノだし……。
34900 ,,,,,301332,,優哉,優哉,,,,,,,,,「軽い仮性包茎なんだよ、俺……チンチンが勃起した
時でも、指で戻せばカリの部分が軽く隠れる程度に、
皮が余ってんだ……」
35000 ,,,,,301332,,悠,悠,02yuu632_032.wav,,,,,,,,「…………へぇーっ…………」
35100 ,,,,,301332,,,,,,,,,,,,　悠は興味深げに声を上げながら……こともあろうに、
　余り皮をさらに引っ張りやがった！
35200 ,,,,,301332,,優哉,優哉,,,,,,,,,「イデデデデデデ！　つっ、つまみ上げんなっ！」
35300 ,,,,,301332,,悠,悠,02yuu632_033.wav,,,,,,,,「面白ーい……ホントに伸びるんだー」
35400 ,,,,,301332,,,,,,,,,,,,　何が楽しいんだか……悠の顔は、
　メチャクチャほころんでいた。
35500 ,,,,,301332,,優哉,優哉,,,,,,,,,「あああ遊ぶな遊ぶなっ！　伸びきったら、
どーしてくれんだ！？」
35600 ,,,,,301332,,悠,悠,02yuu632_034.wav,,,,,,,,「えー、遊んじゃダメー？
……じゃあ、遊ぶかわりに気持ちよくしてあげる」
35700 ,,,,,301332,,優哉,優哉,,,,,,,,,「えっ……？」
35800 ,,,,,301332,,,,,,,,,,,,　と……不意に悠は、俺の亀頭の上に唾を落として、
　既に少しあふれ出していた先走りの粘液と、
　指で混ぜ合わせた。
35900 ,,,,,301332,,,,,,,,,,,,　そして……亀頭をたっぷり濡らした粘液を指で
　すくい取り。余り皮と“カリ”の間に擦り込んだ。
36000 ,,,,,301332,,悠,悠,02yuu632_035.wav,,,,,,,,「例えば、こんなのはどう？」
36100 ,,,,,301332,,,,,,,,,,,,　悠はそう俺に呟きながら、指の腹を余り皮の上に
　置き、そのまま細かく亀頭ごと指でしごき始めた。
36200 ,,,,,301332,,優哉,優哉,,,,,,,,,「おおおおおおっ……！？」
36300 ,,,,,301332,,,,,,,,,,,,　境目の部分を集中的にこすられ、余り皮はめくれたり
　“カリ”を覆ったり……を何度も繰り返させられる。
36400 ,,,,,301332,,,,,,,,,,,,　当然のことながら、“カリ”は指で直接こすられたり
　余り皮の上からこすられたり……と、感覚の違う
　２種類の刺激を、何度も繰り返し受けることに。
36500 ,,,,,301332,,悠,悠,02yuu632_036.wav,,,,,,,,「フフフフッ……めくれたり閉じたり、面白ーい」
36600 ,,,,,301332,,優哉,優哉,,,,,,,,,「うわああ……お、お前……あぁぁぁぁぁ……」
36700 ,,,,,301332,,,,,,,,,,,,　しかも、ペニスの“サオ”の部分は、悠の巨乳で
　挟まれたまま。様々な刺激を執拗に受け、亀頭は
　さらに充血して、膨れ上がっていく……。
36800 ,,,,,301332,,悠,悠,02yuu632_037.wav,,,,,,,,「わあ……なんか頭が真っ赤になってるね、優哉クン」
36900 ,,,,,301332,,優哉,優哉,,,,,,,,,「だ、だから、チンチンに話しかけるな……あううッ」
37000 ,,,,,301332,,,,,,,,,,,,　背筋にゾクリと、快感の弱電流が走る。俺は思わず、
　声を上げて仰け反ってしまった。
37100 ,,,,,301332,,悠,悠,02yuu632_038.wav,,,,,,,,「クスクス……ねえ優哉、気持ちいい？」
37200 ,,,,,301332,,優哉,優哉,,,,,,,,,「あ、ああ……気持ちいいのは、確かだな……」
37300 ,,,,,301332,,悠,悠,02yuu632_039.wav,,,,,,,,「……今まで、知らなかったなあ」
37400 ,,,,,301332,,優哉,優哉,,,,,,,,,「えっ？　……な、何が……」
37500 ,,,,,301332,,悠,悠,02yuu632_040.wav,,,,,,,,「優哉が悶える時の顔。すっごく気持ちよさそうだよ」
37600 ,,,,,301332,,優哉,優哉,,,,,,,,,「うええっ！？」
37700 ,,,,,301332,,,,,,,,,,,,　唐突にすごいことを告げられて、俺の顔が瞬時に
　赤面する……“顔から火が出る”って言葉は、
　こういう時に使うんだろうか。
37800 ,,,,,301332,,優哉,優哉,,,,,,,,,「そっ、そんなモン、観察しなくていいよっ！」
37900 ,,,,,301332,,悠,悠,02yuu632_041.wav,,,,,,,,「クスクスクス……そうはいかないモン。
どんな時に感じる顔をするのか観察しないと、
優哉を上手くイカセることなんて出来ないでしょ？」
38000 ,,,,,301333,,,,,,,,,,,,　気がつくと……悠の頬に、さらに赤みが増していた。
38100 ,,,,,301333,,優哉,優哉,,,,,,,,,「……ひょっとして、お前……興奮してる？」
38200 ,,,,,301333,,悠,悠,02yuu632_042.wav,,,,,,,,「興奮してるかも……優哉を気持ちよくするのが、
こんなに面白いなんて知らなかった……」
38300 ,,,,,301333,,,,,,,,,,,,　……悠が快感に悶える顔や、イキ顔なら見たことが
　あるけど……この時の悠の表情は、“発情している”
　としか表現のしようがなかった。
38400 ,,,,,301333,,優哉,優哉,,,,,,,,,「……嬉しそうだな、お前……」
38500 ,,,,,301333,,悠,悠,02yuu632_043.wav,,,,,,,,「うん♪　そろそろ、“仕上げ”に入らないと……」
38600 ,,,,,301333,,,,,,,,,,,,　散々いじり倒した余り皮からようやく手を離し、
　悠は再び両手で胸を寄せて、パイズリを再開した。
38700 ,,,,,301333,,優哉,優哉,,,,,,,,,「おっ……おお……」
38800 ,,,,,301333,,,,,,,,,,,,　ただし、今度はかなり強い力で胸を寄せてるようで、
　ペニスにかかる圧迫感が格段に強まっていた。
38900 ,,,,,301333,,,,,,,,,,,,　さっきまでのジワリと快感がふくらむパイズリとは
　違い、下腹部の熱はあっという間に溜まって、
　俺の下半身をビクビクと細かく痙攣させた。
39000 ,,,,,301333,,悠,悠,02yuu632_044.wav,,,,,,,,「あっ……なんか、腰のあたりがピクピクしてる……
そんなに気持ちいいの、優哉？」
39100 ,,,,,301333,,優哉,優哉,,,,,,,,,「うわあ……悠が、責めるコト覚えちゃったよ……」
39200 ,,,,,301333,,悠,悠,02yuu632_045.wav,,,,,,,,「だってぇ……せっかくなら、優哉に気持ちよく
なってもらいたいんだモン。それとも……
優哉は、こんなふしだらな女の子はダメ？」
39300 ,,,,,301333,,優哉,優哉,,,,,,,,,「……い、いや……それはないな……」
39400 ,,,,,301333,,,,,,,,,,,,　ここは、即座に否定した。ほんのわずかでも、
　このことで悠に後悔してほしくなかったのだ。
39500 ,,,,,301333,,優哉,優哉,,,,,,,,,「実際、気持ちいいし……
第一、ふしだらな女の子が嫌いなら、
そもそも混浴しないだろ」
39600 ,,,,,301333,,悠,悠,02yuu632_046.wav,,,,,,,,「……フフフッ。そっか。
それに、優哉もふしだらだから、
ヒトのこと言えないしねっ」
39700 ,,,,,301333,,優哉,優哉,,,,,,,,,「調子に乗んなっ」
39800 ,,,,,301333,,悠,悠,02yuu632_047.wav,,,,,,,,「中途半端なところでやめちゃうよ？　……パイズリ」
39900 ,,,,,301333,,優哉,優哉,,,,,,,,,「……悠さんの言う通りでございます。だから、
途中でやめちゃうなんて殺生なコトはおっしゃらず、
最後までイカセていただければ……」
40000 ,,,,,301333,,,,,,,,,,,,　俺がオーバーな口調で言うと、
　悠の顔はさらに嬉しそうにほころんだ。
40100 ,,,,,301333,,悠,悠,02yuu632_048.wav,,,,,,,,「クスクス……ホントはこんないやらしいコトしたく
ないんだけど、そこまで優哉にお願いされちゃったら、
しょうがないわよねえ♪」
40200 ,,,,,301333,,,,,,,,,,,,　言葉とは裏腹に、ノリノリの様子でパイズリに
　精を出す悠。心なしか……屹立をしごく両乳房の
　尖端が、プックリと勃起しているような……。
40300 ,,,,,301333,,,,,,,,,,,,　でも、それを確認するより先に、
　俺の快感がかなり極まってきていた。
40400 ,,,,,301333,,優哉,優哉,,,,,,,,,「うっ……くぅぅぅっ……な、なんか、身体中の血が、
チンチンに集まってきたような気がする……っ」
40500 ,,,,,301333,,悠,悠,02yuu632_049.wav,,,,,,,,「……ホントにそうかも……オチ○チンがなんか、
急に熱くなってきたよ？」
40600 ,,,,,301333,,優哉,優哉,,,,,,,,,「えっ、お前の胸で感じ取れるくらいか？」
40700 ,,,,,301333,,,,,,,,,,,,　そんなことで驚いている間もなく、俺の下半身には
　何かが“充填”されていく感覚が強まっていく。
40800 ,,,,,301333,,,,,,,,,,,,　悠の巨乳に柔らかく擦り上げられる感触は、例えば
　オナニーなどとは比べものにならないくらい、
　気持ちのいいモノだった……。
40900 ,,,,,301333,,優哉,優哉,,,,,,,,,「くぅぅっ……ヤバイっ……そ、そろそろイクかっ？」
41000 ,,,,,301333,,悠,悠,02yuu632_050.wav,,,,,,,,「えっ……優哉、イクの？」
41100 ,,,,,301333,,,,,,,,,,,,　申告した俺に、悠は期待感に充ち満ちた
　眼差しを差し向けてきた……どうやらコイツは、
　“責める悦び”を本格的に知ってしまったらしい。
41200 ,,,,,301333,,優哉,優哉,,,,,,,,,「う、うん……そろそろ、一気に来そうだ……」
41300 ,,,,,301333,,悠,悠,02yuu632_051.wav,,,,,,,,「じゃあ、私も頑張らなくっちゃ！
優哉クンが早くイケるように……ね？」
41400 ,,,,,301333,,優哉,優哉,,,,,,,,,「だから、チンチンに話しかけるなと、
何度言ったら……くぉぉぉっ！」
41500 ,,,,,301333,,,,,,,,,,,,　もはや、ツッコミを入れる余裕もない。不意に
　射精衝動が湧き上がり、押しとどめる間もなく
　ふくらんでいく。
41600 ,,,,,301333,,優哉,優哉,,,,,,,,,「もっ……もうイクっ……！
こ、このままだと精液がかかるぞっ……！」
41700 ,,,,,301333,,悠,悠,02yuu632_052.wav,,,,,,,,「大丈夫っ……出して、いっぱいッ」
41800 ,,,,,301333,,優哉,優哉,,,,,,,,,「わ、分かっ……ぐっ、ぐぁぁぁぁぁぁぁぁっっ！！」
41900 ,,,,,301333,,,,,,,,,,,,　俺が絶叫するのと、ほぼ同時に……。
42000 ,,<!ef_shasei>,,,301334,,悠,悠,02yuu632_053.wav,,,,,,,,「…………きゃああっ！？」
42100 ,,,,,301334,,,,,,,,,,,,　……悠の悲鳴が上がった。
42200 ,,,,,301334,,,,,,,,,,,,　俺の叫びと一緒に、亀頭の尖端は熱い白濁液を
　解き放ったのだ。勢いよく放出された精液は、悠の
　顔にまともにかかった。悲鳴は、そのためだろう。
42300 ,,,,,301334,,,,,,,,,,,,　でも……俺の絶頂のほとばしりは、
　ただ一度だけでは収まらなかった。
42400 ,,,,,301334,,悠,悠,02yuu632_054.wav,,,,,,,,「……やぁぁっ！　ど、どんどん出てくるぅ！」
42500 ,,,,,301334,,,,,,,,,,,,　“一発目”ほどの勢いはないが、下腹にたっぷり
　充填されていたほとばしりは、後から後から、
　とめどなく怒張に送り込まれ、放出されていく。
42600 ,,,,,301334,,,,,,,,,,,,　ビュクッ！　ビュクッ！　……俺の意思では
　コントロールのできない痙攣を繰り返すたびに、
　ふくらみきったペニスは熱い粘液を吐き出し続ける。
42700 ,,,,,301334,,,,,,,,,,,,　そして、吐き出された粘液は、温泉で火照った悠の
　裸体のあちこちを、白く汚していった……。
42800 ,,,,,301334,,,,,,,,,,,,　……やがて、痙攣の勢いが弱まり、
　ペニスの硬度も失われていく。
42900 ,,,,,301334,,悠,悠,02yuu632_055.wav,,,,,,,,「……すごい……男の子って、
こんなにたくさん精液を出すのね……」
43000 ,,,,,301334,,,,,,,,,,,,　半ば放心状態で、悠が吐息混じりに呟く。額や前髪に
　まで飛んだ精液は、少しずつ下に垂れ落ち、彼女の
　顔を卑猥に彩っていった。
43100 ,,,,,301334,,,,,,,,,,,,　そうやって垂れ落ちた精液のひとしずくを、そっと
　指先ですくい取り、匂いを嗅ぐ悠。
43200 ,,,,,301334,,悠,悠,02yuu632_056.wav,,,,,,,,「…………男の子の匂い……優哉の匂いだね……」
43300 ,,,,,301334,,優哉,優哉,,,,,,,,,「わ、わざわざ声に出して言うなっ！
こないだのコトは謝るから、カンベンしてくれ……」
43400 ,,,,,301334,,悠,悠,02yuu632_057.wav,,,,,,,,「クスッ……でも、この匂いは
あんまり嗅がない方がいいのかな……」
43500 ,,,,,301334,,優哉,優哉,,,,,,,,,「えっ……」
43600 ,,,,,301334,,,,,,,,,,,,　静かに笑顔を浮かべて呟く悠に、俺はほんの少しだけ
　不安を覚えた。成り行きとはいえ……顔に目がけて
　射精したことで、悠を不愉快な気分にさせたか……？
43700 ,,,,,301334,,悠,悠,02yuu632_058.wav,,,,,,,,「……だって……匂いを嗅いだだけで、なんだか私、
身体中が疼いてきちゃったような気がして……この
匂いだけで、エッチな女の子になっちゃうのかも……」
43800 ,,,,,301334,,優哉,優哉,,,,,,,,,「そ、そっちかよ！」
43900 ,,,,,301334,,,,,,,,,,,,　……思わずツッコむ俺。心配が外れて密かにホッと
　したのは、悠には内緒だ。
44000 ,,,,,301334,,悠,悠,02yuu632_059.wav,,,,,,,,「……ねえ、優哉……気持ちよかったよね？」
44100 ,,,,,301334,,優哉,優哉,,,,,,,,,「う、うん、まあ……」
44200 ,,,,,301334,,,,,,,,,,,,　実際、気持ちよかったのに……“イカされた”ことで
　妙に気恥ずかしさを覚えてしまうのは何故だろう……
　そんなことを俺が漠然と思っている間に……。
44300 ,,,,,301334,,悠,悠,02yuu632_060.wav,,,,,,,,「じゃあ……私にお礼してほしいな……いいでしょ？」
44400 ,,,,,301334,,,,,,,,,,,,　……悠は、精液がべっとりとまとわりついたままの
　ペニスを軽くしごきながら、せがんできた。
44500 ,,,,,301334,,,,,,,,,,,,　その言葉と……何よりも、トロンと半眼になった
　悠の、俺を見つめる視線の誘惑に……力を失った
　ばかりの逸物は、再びゆっくりと屹立していった。
44600 ,,,,,301334,,優哉,優哉,,,,,,,,,「うーん……やっぱりヒトとして、何かを
　してもらったら、お返しをするのが筋だよな」
44700 ,,,,,301334,,,,,,,,,,,,　白々しい物言いで了承する俺に、悠は婉然と
　含み笑いを返してきた。
44800 ,,,,,301334,,悠,悠,02yuu632_061.wav,,,,,,,,「クスッ……いっぱいお返ししてくれないと、
許さないんだから♪」
45000 ,,,,9000,,,,,,,,,,,,,　…………どうにかギリギリで、祭りに間に合わせて
　よみがえらせた、幻の秘湯。
45090 ,,,,,,,,,,,,,,,,,　露天風呂に立ちこめる湯気と、お湯の香り。
　浴槽はキレイに掃除したばかりで、岩肌にも
　ぬめりなど一切ない。
45100 ,,,,,,,,,,,,,,,,,　そんな、最高のロケーションの中で……。
45400 ,,,,,301341,,悠,悠,02yuu632_062.wav,,,,,,,,「……はあっ！！　あ、ああぁぁぁぁぁぁぁ……っ！」
45500 ,,,,,301341,,,,,,,,,,,,　……俺は、悠の中に挿入した。
45600 ,,,,,301341,,,,,,,,,,,,　岩肌に手をついた悠が、高々と突き出した腰を……
　俺はガッシリと両手でつかみ、熱く火照った
　スリットを深々と貫いたのだ。
45700 ,,,,,301341,,悠,悠,02yuu632_063.wav,,,,,,,,「はっ……入ってきちゃったぁぁぁ……」
45800 ,,,,,301341,,,,,,,,,,,,　桜色に染まった裸身をブルブルと震わせ、悠は
　わななく声で言った。
45900 ,,,,,301341,,優哉,優哉,,,,,,,,,「……“入ってきちゃった”？
なんか、入ったらマズイような口振りだなぁ」
46000 ,,,,,301341,,悠,悠,02yuu632_064.wav,,,,,,,,「こっ……言葉のアヤじゃないの……
はぁぁぁぁ……っ」
46100 ,,,,,301341,,,,,,,,,,,,　俺のツッコミに不平を鳴らしながら、
　悠は快感の深い吐息を漏らした。
46200 ,,,,,301341,,悠,悠,02yuu632_065.wav,,,,,,,,「そ、それに優哉ったら……黙って入ってくるんだもん
……れ、礼儀作法とか、知らないの……？」
46300 ,,,,,301341,,優哉,優哉,,,,,,,,,「……礼儀作法？」
46400 ,,,,,301341,,,,,,,,,,,,　いきなりトンチンカンなコトを言い出したな……と
　思ったところで、悠の表情に気付いた。軽くむくれた
　風を装って、目元が笑ってる表情に。
46500 ,,,,,301341,,,,,,,,,,,,　なるほど、これもジョークの類か……
　ちょっと考えた後、俺はおごそかに宣言した。
46600 ,,,,,301341,,優哉,優哉,,,,,,,,,「……お邪魔します、悠さん」
46700 ,,,,,301341,,悠,悠,02yuu632_066.wav,,,,,,,,「フフッ……いらっしゃい……」
46800 ,,,,,301341,,,,,,,,,,,,　悠はこちらを振り返ると、笑いながら軽く唇を重ねて
　きた。どうやら、俺の返答は正解だったらしい。
46900 ,,,,,301341,,優哉,優哉,,,,,,,,,「それにしても……温泉の中でエッチって……考えて
みたら俺たち、ものすごいコトやってんなあ」
47000 ,,,,,301341,,悠,悠,02yuu632_067.wav,,,,,,,,「……でも……優哉のお爺さんの言ってたこと……
正しかったみたい……」
47100 ,,,,,301341,,優哉,優哉,,,,,,,,,「爺さんの言ってたこと？　……ああ、『二番目に
気持ちいい』って、アレか……」
47200 ,,,,,301341,,,,,,,,,,,,　というより……『この世で一番気持ちいい事』の方を
　指して言ってるんだろうな、悠は。
47300 ,,,,,301341,,悠,悠,02yuu632_068.wav,,,,,,,,「……でもさ……『一番目』と『二番目』を……一緒に
楽しんじゃうって……なんか、贅沢だね……」
47400 ,,,,,301341,,優哉,優哉,,,,,,,,,「ああ……そーゆーコトはあるかも……」
47500 ,,,,,301341,,,,,,,,,,,,　素直に同意する俺。まあ、あまり調子に乗ってると、
　あっという間にのぼせそうな気もするが。
47600 ,,,,,301341,,,,,,,,,,,,　……それにしても。
47700 ,,,,,301341,,優哉,優哉,,,,,,,,,「キレイだな……」
47800 ,,,,,301341,,悠,悠,02yuu632_069.wav,,,,,,,,「……ふええっ？」
47900 ,,,,,301341,,,,,,,,,,,,　俺がボソリと呟いた途端、悠は上気した顔を再び
　こちらに向けて、声を上げた。
48000 ,,,,,301341,,優哉,優哉,,,,,,,,,「……あ、いや、顔じゃない。そもそも、そうやって
　振り向いてもらわないと、顔なんか見えないし……」
48100 ,,,,,301341,,悠,悠,02yuu632_070.wav,,,,,,,,「………………じゃあ、ナニがキレイなのっ？」
48200 ,,,,,301341,,,,,,,,,,,,　あ、やっぱりちょっと怒った。てゆーか、お前の
　顔を面と向かって誉めるなんて……そんな照れくさい
　コト、やってたまるか。
48300 ,,,,,301341,,優哉,優哉,,,,,,,,,「いや……お前の後ろ姿のラインがさ……」
48400 ,,,,,301341,,,,,,,,,,,,　説明を始めながら、俺は後ろから悠の背中……
　肩甲骨あたりを手で触れる。
48500 ,,,,,301341,,悠,悠,02yuu632_071.wav,,,,,,,,「ああっ…………」
48600 ,,,,,301341,,,,,,,,,,,,　ただそれだけのことで、悠はピクンと身をよじって
　みせた。まあ、バックから挿入したままだから、
　全身が敏感になってるんだろう。
48700 ,,,,,301341,,,,,,,,,,,,　それを理解した上で、俺はわざと指先でそっと
　なぞる感じで、肩甲骨から脇の下を通って、脇腹、
　腰、尻……と、順に手で撫でていく。
48800 ,,,,,301341,,悠,悠,02yuu632_072.wav,,,,,,,,「ふああっ……あ、あふあぁぁぁぁ……さ、触られた
ところが全部、ピリピリしちゃうぅっ……！」
48900 ,,,,,301341,,,,,,,,,,,,　予想通り、悠は背中を断続的に震わせ、色っぽい声で
　あえぎまくる。
49000 ,,,,,301341,,優哉,優哉,,,,,,,,,「この、背中とウエストとヒップのラインがさ……
　お前って、胸が大きいことにばっかり目が行っちゃう
　けど、実は後ろ姿の方がキレイなのな……」
49100 ,,,,,301341,,,,,,,,,,,,　最後に尻肉をサワサワと撫で回しながら、俺は
　ついさっき感じたばかりの“第一印象”を、
　素直に述べる。
49200 ,,,,,301341,,,,,,,,,,,,　……今度は特に、振り向く素振りを見せない悠。
　ただ、お湯の中とはいえ……コイツの耳たぶ、
　さっきはここまで赤くなってなかったよな？
49300 ,,,,,301341,,悠,悠,02yuu632_073.wav,,,,,,,,「な、あ、あ……そ、そんなお世辞言ったって、
ナニも出ないんだからねっ！」
49400 ,,,,,301341,,,,,,,,,,,,　さっきまで冗談を飛ばしていた悠が、このツンデレ
　っぷり……たぶん、後ろ姿を誉められた経験がなくて
　本気で照れてるんだろう。
49500 ,,,,,301341,,,,,,,,,,,,　でも、実際……悠の滑らかなバックラインは、今まで
　気付かなかったのが不思議なくらい、キレイだ。
　こうやって、付き合い始めたから気付けたのかな。
49600 ,,,,,301341,,,,,,,,,,,,　そんなことを思いながら、口に出してはこんな感じ。
49700 ,,,,,301341,,優哉,優哉,,,,,,,,,「いやあ……さっき、お前のオッパイに出して
　もらったから」
49800 ,,,,,301341,,悠,悠,02yuu632_074.wav,,,,,,,,「……ハァ……優哉ってもともと、
こんなにシモネタが好きだった？」
49900 ,,,,,301341,,優哉,優哉,,,,,,,,,「そんなに、あからさまにあきれるな……よっ」
50000 ,,,,,301341,,,,,,,,,,,,　ため息をつく悠に言葉を返しつつ……俺は、
　彼女の性器の中に収めた怒張を、軽く突いてみる。
50100 ,,,,,301341,,悠,悠,02yuu632_075.wav,,,,,,,,「はぁン！　……いっ……今の、なんかズルイっ……」
50200 ,,,,,301341,,,,,,,,,,,,　抗議してくる悠。ただし、その声はわなないていた。
50300 ,,,,,301341,,優哉,優哉,,,,,,,,,「……ビンカンだよな、お前」
50400 ,,,,,301341,,悠,悠,02yuu632_076.wav,,,,,,,,「おっ、温泉で身体が温まってるからよっ……」
50500 ,,,,,301341,,優哉,優哉,,,,,,,,,「いや、別にそんなところで、見栄張らなくても……」
50600 ,,,,,301341,,,,,,,,,,,,　カワイイ抗弁をするな……と、ちょっと微笑ましく
　思ってしまう俺。ただ、悠には別の主張もあった。
50700 ,,,,,301341,,悠,悠,02yuu632_077.wav,,,,,,,,「……そ、それよりも……後ろから入れられてたら……
誰だって、敏感になると思わない……っ？」
50800 ,,,,,301341,,優哉,優哉,,,,,,,,,「…………そりゃそーだ。なんか、こうして
ジッとしてるだけでもスゴク気持ちいいからか、
すっかり忘れてた」
50900 ,,,,,301341,,悠,悠,02yuu632_078.wav,,,,,,,,「わ、忘れないでよぉ～っ」
51000 ,,,,,301341,,,,,,,,,,,,　世にも情けない声で訴えかけてくる悠。確かに
　これは、悠の方が正しい。
51100 ,,,,,301341,,,,,,,,,,,,　……それにしても、脚だけ湯船に浸けて、
　立ちバックで挿入したまま、ただジッとしてるのが
　こんなに気持ちいいとは……ちょっとした発見だな。
51200 ,,,,,301341,,,,,,,,,,,,　とにかく、入れっぱなしでナニもしないのは、確かに
　問題があるな。結果として、悠を焦らしっぱなしに
　してるコトにもなるし。
51300 ,,,,,301341,,優哉,優哉,,,,,,,,,「ごめんごめん……じゃあ、いくよ」
51400 ,,,,,301341,,,,,,,,,,,,　一声かけて、俺はようやく逸物の抽挿を開始した。
　タプン、タプン、タプン……
　足許から、水面の揺れる音がよく聞こえてくる。
51500 ,,,,,301341,,悠,悠,02yuu632_079.wav,,,,,,,,「あっ！　あぁぁぁぁぁッ！　……アンッ！　……や、
やっぱりっ、お風呂の中って、感じ方スゴイっ！」
51600 ,,,,,301341,,,,,,,,,,,,　悠は尻肉を細かく震わせながら、
　周囲に響き渡る高音であえいだ。
51700 ,,,,,301341,,,,,,,,,,,,　確かに……湯気に煽られ、身体を火照らせた中での
　エッチは、快感の度合いが大きくなってる気がする。
　汗が噴き出す感覚さえ、心地よい。
51800 ,,,,,301341,,,,,,,,,,,,　さらに悠の秘所を掻き回すと、ふたりの結合部からは
　早くも、白く泡立った愛液が漏れ出して、お湯の中に
　溶けていった…………ん？
51900 ,,,,,301341,,優哉,優哉,,,,,,,,,「…………ちょっとストップ」
52000 ,,,,,301341,,悠,悠,02yuu632_080.wav,,,,,,,,「えっ、ええっ……？」
52100 ,,,,,301341,,,,,,,,,,,,　……不意に俺は、腰の動きを止めた。
　結合部から漏れてきた液体の中に……ほんの少しだけ
　赤いモノが見えたような気がしたのだ。
52200 ,,,,,301341,,悠,悠,02yuu632_081.wav,,,,,,,,「どっ……どうしたのぉっ……？」
52300 ,,,,,301341,,,,,,,,,,,,　唐突にプレイを中断され、悠は戸惑った表情を
　こちらに差し向ける。対して俺は、一言指摘した。
52400 ,,,,,301341,,優哉,優哉,,,,,,,,,「……なあ。ひょっとして、まだちょっとだけ
処女膜が残ってたんじゃないのか？」
52500 ,,,,,301341,,悠,悠,02yuu632_082.wav,,,,,,,,「え…………」
52600 ,,,,,301341,,優哉,優哉,,,,,,,,,「ほんの少しだけ、血が出てたぞ……なあ、悠。お前、
ホントはまだ、アソコの中が痛むんじゃないのか？」
52700 ,,,,,301341,,悠,悠,02yuu632_083.wav,,,,,,,,「………………」
52800 ,,,,,301341,,優哉,優哉,,,,,,,,,「痛いのに、無理して俺に合わせて、エッチをして
ないか？　俺も調子に乗って、入れちゃったけど……
これ以上の無理をさせるのはイヤだぞ？」
52900 ,,,,,301341,,,,,,,,,,,,　押し黙る悠に、俺は説教じみた口調で告げる。
　コイツ、こっちがウッカリしてると、俺に合わせる
　ために無茶をしかねないからな……。
53000 ,,,,,301341,,悠,悠,02yuu632_084.wav,,,,,,,,「…………ええと…………言われて初めて気がついた」
53100 ,,,,,301341,,優哉,優哉,,,,,,,,,「……へっ？」
53200 ,,,,,301341,,悠,悠,02yuu632_085.wav,,,,,,,,「あのね……ここまで、私が興奮してたのと、実際に
気持ちよかったことにばっかり気を取られてて……
痛いの、忘れてた」
53300 ,,,,,301341,,優哉,優哉,,,,,,,,,「お、おいおい！」
53400 ,,,,,301341,,,,,,,,,,,,　に、人間って……何かに集中すると、他のことに
　ここまで無頓着になれるモンなのか？
53500 ,,,,,301341,,悠,悠,02yuu632_086.wav,,,,,,,,「それも、ヒリヒリ痛む程度だから……
たぶん、全然平気だと思う……」
53600 ,,,,,301341,,優哉,優哉,,,,,,,,,「…………ホントだな？」
53700 ,,,,,301341,,,,,,,,,,,,　問題ないと主張する悠に、俺はあえて念を押す。
　ここまできて、無理をさせて、祭りに欠席……なんて
　コトは、絶対に避けなきゃいけないんだ。
53800 ,,,,,301341,,悠,悠,02yuu632_087.wav,,,,,,,,「…………ただね……」
53900 ,,,,,301341,,優哉,優哉,,,,,,,,,「ん？　……“ただ”？」
54000 ,,,,,301341,,悠,悠,02yuu632_088.wav,,,,,,,,「ホントに血が出たなら……
後で、ここのお湯張り替えなきゃね……」
54100 ,,,,,301341,,優哉,優哉,,,,,,,,,「…………そんなコトかよ！」
54200 ,,,,,301341,,,,,,,,,,,,　もっと重大なコトを言い出すのかと思えば……第一、
　出血がどうとか関係なく、浴槽チェックで入れた
　お湯なんだから、どのみち全部入れ替えだろ！
54300 ,,,,,301341,,優哉,優哉,,,,,,,,,「とにかく！　ホントに大したコトないんだな？」
54400 ,,,,,301341,,悠,悠,02yuu632_089.wav,,,,,,,,「し、信じてっ……そ、それより……さっきから身体が
ジンジン疼いて、ツライのぉ……だからもう、エッチに
戻ろうよぉ……」
54500 ,,,,,301341,,,,,,,,,,,,　俺の念押しを聞くのももどかしいのか、悠は半ば
　哀願調で訴えてきた……やっぱり敏感だよな、
　コイツの身体……。
54600 ,,,,,301341,,,,,,,,,,,,　そもそも……さっきのパイズリで本人がよほど
　興奮してたのか、最初からクンニをする必要も
　ないくらい、濡れてたからなあ……。
54700 ,,,,,301341,,優哉,優哉,,,,,,,,,「……じゃあ、遠慮なく…………」
54800 ,,,,,301341,,,,,,,,,,,,　俺は気を取り直して、
　再び悠を立ちバックで犯し始めた。
54900 ,,,,,301341,,悠,悠,02yuu632_090.wav,,,,,,,,「やぁぁぁぁぁぁっ、やっと来たぁぁぁぁぁぁぁっ！
……ンあ、アハッ！　ハッ、ハッ、ハァッ……はぁン！
ぜん、全部、お湯に溶けちゃいそぉぉぉぉっ！」
55000 ,,,,,301341,,,,,,,,,,,,　悠はすぐさま、歓喜のあえぎ声を上げた。さっき、
　少しだけ血の出た秘所も、俺の心配をまるっきり
　無視して、怒張をキッチリ締めつける。
55100 ,,,,,301341,,優哉,優哉,,,,,,,,,「ま、まだ溶けるなよっ！　お前のオッパイに、
さっきの“お返し”が済んでないんだっ……」
55200 ,,,,,301341,,,,,,,,,,,,　俺は言い聞かせながら、
　悠の背中に自分の胸板を密着させ……
　前に手を回して、悠の豊乳を鷲づかみにした。
55300 ,,,,,301341,,悠,悠,02yuu632_091.wav,,,,,,,,「ヒャン！」
55400 ,,,,,301341,,,,,,,,,,,,　ただそれだけのことで、悠の上体は大きく揺れる。
　胸板を押しつけた彼女の背中からも、一気に汗が
　吹き出してくる。そして……。
55500 ,,,,,301341,,優哉,優哉,,,,,,,,,「…………ものすごく熱いな、お前のオッパイ！
どれだけ血が集まっちゃったんだ！？」
55600 ,,,,,301341,,悠,悠,02yuu632_092.wav,,,,,,,,「たぶんっ、パ、パイズリしてる最中からだと
思うのぉぉぉっ！　さっきからオッパイも
乳首もジンジンが止まらなくてぇぇっ！」
55700 ,,,,,301341,,,,,,,,,,,,　なるほど……これだけ胸が充血していれば、疼きも
　するだろうな。乳首なんか、脈動が手のひらに
　伝わってくるくらい勃起してるし。
55800 ,,,,,301341,,優哉,優哉,,,,,,,,,「……これは確かに、
俺が何とかしてあげなきゃいけなさそうだな……」
55900 ,,,,,301341,,,,,,,,,,,,　呟きながら……俺は、自分の頬が緩む自覚を、無視
　できなかった。揉む前から幸せな気分になるって、
　ちょっと想像もつかなかったなあ。
56000 ,,,,,301341,,,,,,,,,,,,　ともあれ、俺は興奮に任せて強く握りすぎないよう、
　自制を心がけて愛撫を始める。
56100 ,,,,,301341,,悠,悠,02yuu632_093.wav,,,,,,,,「アヒィッ！　……あ、熱いっ！　オッパイ熱いっ！
アソコよりも熱いよぉぉっ！」
56200 ,,,,,301341,,,,,,,,,,,,　髪を振り乱して悶える悠。
　……でも、胸を揉み始めた瞬間から、膣肉の熱さと
　痙攣の激しさが半端じゃなくなってるんですけど。
56300 ,,,,,301341,,,,,,,,,,,,　このままでは、あっという間に果ててしまいそうだ
　……俺はそれまでの短い時間を惜しむように、乳房を
　こね回し、乳首を指でつまみ、その感触を楽しんだ。
56400 ,,,,,301341,,優哉,優哉,,,,,,,,,「……あ、あれ……？」
56500 ,,,,,301341,,,,,,,,,,,,　ここで……俺は初めて気付く。必死に悠の胸を
　揉んでる最中も、俺の腰は勝手に動いて、悠の女陰を
　怒張で掻き回し続けているじゃないか！
56600 ,,,,,301341,,,,,,,,,,,,　興奮のあまり、身体が勝手に絶頂を目指して動いて
　いるんだろうか。どちらにしても、射精の
　タイミングをはかるのは、もう無理そうだ。
56700 ,,,,,301341,,優哉,優哉,,,,,,,,,「くそっ……俺も若いから、しょーがないんだよ！」
56800 ,,,,,301341,,,,,,,,,,,,　誰にともなく言い訳をしながら、俺は懸命に悠の
　胸を揉みしだき、媚肉を怒張でこすりつけ、
　悠から立ちこめる“牝の匂い”を堪能する。
56900 ,,,,,301341,,悠,悠,02yuu632_094.wav,,,,,,,,「いっ……いやッ！　どうしよう優哉どうしようっ！
オ、ッパイだけじゃなくて、身体中が熱くなってきた
……ンはぁぁっ！　も、燃えちゃうぅぅぅぅっ！！」
57000 ,,,,,301341,,,,,,,,,,,,　と……悠の姿勢が低くなった。上体を岩肌に
　押しつけるような格好になったのだ。しかも、
　断続的だった痙攣が、次第に長時間続くようになる。
57100 ,,,,,301341,,,,,,,,,,,,　悠もいよいよ、絶頂に達しようとしているようだ。
　俺は名残惜しげに乳房から手を離すと、彼女の腰を
　手で抱え、抽挿のスピードを一気に上げた。
57200 ,,,,,301341,,悠,悠,02yuu632_095.wav,,,,,,,,「はぅあぁぁっ……！　アソ、アソコが削れちゃうぅ！
ゆっ、優哉っ！　も、もう優哉もイキそうなのっ、
ねえイキそうなのっ！？」
57300 ,,,,,301341,,,,,,,,,,,,　いっそうよがり声のトーンを上げながら、
　悠は俺も限界に近いことを察する。
57400 ,,,,,301341,,優哉,優哉,,,,,,,,,「あ、ああっ！　こ、今度も一緒にイクぞっ！」
57500 ,,,,,301341,,悠,悠,02yuu632_096.wav,,,,,,,,「うんっ！　ゆ、優哉も一緒に……アフンッ！
一緒にイこうねっ！！」
57600 ,,,,,301341,,,,,,,,,,,,　パン、パン、パンと、ふたりの肉のぶつかり合う
　音が、お湯の波立つ音に溶け込んでいく。
　俺の心拍数が、天井知らずに上がっていく。
57700 ,,,,,301341,,悠,悠,02yuu632_097.wav,,,,,,,,「もっと！　もっと突いてぇ！　もうイケそうっ！
もうちょっとで私イッちゃうからぁ！」
57800 ,,,,,301341,,,,,,,,,,,,　悲鳴のような悠のリクエストに応えて、俺はいったん
　息を止め、一息で限界まで腰を振りまくる。
57900 ,,,,,301341,,,,,,,,,,,,　悠の中で、俺の怒張がメチャクチャに削られる。
　目の前が赤く焼けつくような、強烈な快感……。
58000 ,,,,,301341,,優哉,優哉,,,,,,,,,「……くはぁ！　あああっ…………！」
58100 ,,,,,301341,,,,,,,,,,,,　こらえきれずに息を吸った時にはもう、
　俺の怒張は最後の痙攣を始めていた。
58200 ,,,,,301341,,優哉,優哉,,,,,,,,,「うわ……も、もうイクっ……悠、悠っ、悠っっ！！」
58300 ,,,,,301341,,悠,悠,02yuu632_098.wav,,,,,,,,「き、きてぇ！　優哉っ、私もイクよ優哉っ、優哉っ
優哉っっ……ゆうやぁぁぁぁぁぁぁぁぁぁぁっっ！！」
58400 ,,<!ef_shasei>,,,301342,,,,,,,,,,,,　…………一瞬、五感が消えた。
　悠の痴態も、悠の嬌声も、悠の体臭も、
　全て消え失せた。
58500 ,,,,,301342,,,,,,,,,,,,　ただ…………塊のように凝縮された粘液が、
　怒張の尖端から解き放たれる熱だけが、
　俺の意識を一瞬だけ支配した。
58600 ,,,,,301342,,悠,悠,02yuu632_099.wav,,,,,,,,「……ひやっ、あぁぁぁあハアアアアアアアアッッ！
アソコ溶けちゃうぅぅぅぅぅぅぅぅぅぅぅぅっっ！！」
58700 ,,,,,301342,,,,,,,,,,,,　……悠の絶叫で、辛うじて五感を取り戻した。
　まるで機関銃のように、何度も何度も俺の精が悠に
　注ぎ込まれる錯覚……。
58800 ,,,,,301342,,,,,,,,,,,,　その代償に、頭から血の気が引いていくような錯覚。
58900 ,,,,,301342,,優哉,優哉,,,,,,,,,「ぐあああああああああっっ…………！！」
59000 ,,,,,301342,,,,,,,,,,,,　肉食獣のようにうなり声を上げながら、俺は精の
　ありったけを、悠の子宮めがけて叩きつけた。
59100 ,,,,,301342,,,,,,,,,,,,　仰け反る悠の背中だけが、俺の視界の全てを占めた。
　むせかえるほど濃密さを増した悠の甘い体臭が、
　俺の嗅覚と、俺の理性を独占した……。
59180 ,$event_return,,,,,,,,,,,,,,,,
59190 ,,<!Lend_scene_change>,0,9000,,,,,,,,,,,,,
59199 ,,<!ec_yuu_uni>,,,,,,,,,,,,,,,
59400 ,@633,,,,,,,,,,,,,,,,
59700 ,,<!Lbegin_scene_change>,8,11301,,,,,,,,,,,,,　やり遂げた後の気だるい脱力感に任せて
　ぼおっとしている間に、陽はずいぶんと傾いていた。
59800 ,,,,,,,優哉,優哉,,,,,,,,,「おい、悠。
そろそろ降りないと帰り遅くなりすぎるぞ。
ほら起きて、シャンと着替えろよ」
59900 ,,,,,,,悠,悠,02yuu633_001.wav,,,,,,,,「う～ん…………」
60000 ,,,,,,,,,,,,,,,,,　生返事しかしない悠の腕を引っ張って立たせる。
　もちろん色々な所が丸見えなんだが、
　そこはあえてスルーするのが恋人の優しさだろう。
60100 ,,,,,,,優哉,優哉,,,,,,,,,「ほら、バスタオルちゃんと持てって」
60200 ,,,,,,,,,,,,,,,,,　タオルをちゃんと手に持たせようと思って近づくと、
　悠のヤツ俺にのしかかってきやがった。
60300 ,,,,,,,優哉,優哉,,,,,,,,,「うわ！　おいこら、ふざけるなって！
色々当たって気持ちいいだろ！」
60400 ,,,,,,,悠,悠,02yuu633_002.wav,,,,,,,,「ふふふ……ユーウ。大好き～」
60500 ,,,,,,,,,,,,,,,,,　ふにゃふにゃになった悠は、
　俺に体重を全部かけながら猫なで声を出して、
　全力で甘えてくる。
60600 ,,,,,,,,,,,,,,,,,　正直、愛称で呼ばれるのとか
　全力でしなだれかかられるのはうれしいんだが、
　このままじゃ本当に夜になっちまう。
60700 ,,,,,,,優哉,優哉,,,,,,,,,「とにかく、今は早く着替えろ！」
60800 ,,,,,,,,,,,,,,,,,　俺は心を鬼にして、悠を引っぺがした。
61100 ,,<!move_long>,,14301,,,,,,,,,,,,,　何とか悠に服を着せた俺は、
　まだちょっとふにゃふにゃしてる悠を引っ張るように
　ここまでやってきた。
61200 ,,,,,,,優哉,優哉,,,,,,,,,「ほら、キリキリ歩けっての！」
61300 ,,,,,,,悠,悠,02yuu633_003.wav,"yuu,uniform",,1,,,,,「んふふ～。ユウ～、大好きだよ～」
61400 ,,,,,,,,,,yuu,,1,,,,,　タガが外れちまったのか、
　相変わらず悠は気持ちよさそうに微笑んでる。
　それがカワイくて、ちょっと抱きしめたくなった。
61500 ,,,,,,,優哉,優哉,,yuu,,1,,,,,「だけどな……まだ人里までは結構あるんだよ！
後でかわいがってやるから今は歩け！」
61600 ,,,,,,,悠,悠,02yuu633_004.wav,yuu,,1,,,,,「や～。ユウ、だっこしてよだっこ」
61700 ,,,,,,,優哉,優哉,,yuu,,1,,,,,「いくらなんでもタガが外れすぎだろ！
とりあえず手をつないでるのでガマンしてくれよ」
61800 ,,,,,,,,,,yuu,,1,,,,,　クソ、俺だって時間に余裕があれば
　いろいろイチャイチャしてえんだ！　でもなあ、
　夜まで帰さないのは親御さんに悪いだろうが！
61900 ,,,,,,,優哉,優哉,,yuu,,1,,,,,「……もういい。お前がシャンとするまで、
俺が引っ張っていくからな！」
62000 ,,,,,,,,,,yuu,,1,,,,,　ちょっと力を入れて、悠の腕を引っ張る。
　勝手に脚の動きが早まるのが、
　今の悠には面白いようだった。
62100 ,,,,,,,悠,悠,02yuu633_005.wav,yuu,,1,,,,,「わあ～。早いはやーい！　ユウ、すごいね～」
62200 ,,,,,,,,,,yuu,,1,,,,,　あーもう！　かわいいなこいつ！！
62500 ,,<!move_normal>,,12101,,,,,,,,,,,,,　人里が近づくにつれて、
　ようやく悠はいつもの調子を取り戻したようだった。
62600 ,,,,,,,悠,悠,02yuu633_006.wav,yuu,,12,,,,,「ゴメンね～。なんか、
色々お世話をかけちゃったみたいで……」
62700 ,,,,,,,優哉,優哉,,yuu,,12,,,,,「まあ気にするな。色々カワイイ所が見れたから、
俺はそれで帳消しにしてやるよ」
62800 ,,,,,,,悠,悠,02yuu633_007.wav,yuu,,12,,,,,「優哉とのＨがすごく気持ちよくて幸せでさー、
最高！　って思ってたらフニャフニャになっちゃった」
62900 ,,,,,,,優哉,優哉,,yuu,,12,,,,,「そう思ってもらえたなら、
こっちもがんばった甲斐がある」
63000 ,,,,,,,,,,yuu,,12,,,,,　温泉部の部長としてがんばってる所や、
　場を明るくしつつ走り回ってる時、
　気持ちよくて幸せな時の悠を見るのはうれしい。
63100 ,,,,,,,,,,yuu,,12,,,,,　不安でおしつぶされそうになってる表情を
　見せられる位なら、いくらでもがんばってやるさ。
63200 ,,,,,,,優哉,優哉,,yuu,,12,,,,,「それにしても……」
63300 ,,,,,,,悠,悠,02yuu633_008.wav,yuu,,0,,,,,「どしたの？」
63400 ,,,,,,,優哉,優哉,,yuu,,0,,,,,「もう、『ユウ』って呼ぶのはなしか？」
63500 ,,,,,,,悠,悠,02yuu633_009.wav,yuu,,2,,,,,「えええっ！？　私、そんな呼び方してた！？」
63600 ,,,,,,,,,,yuu,,2,,,,,　本人は無意識でやってたのか……
63700 ,,,,,,,優哉,優哉,,yuu,,2,,,,,「ああ、フニャフニャ笑いながらユウ～、ユウ～って。
正直悪い感じしなかったから、これからもそう呼んで
くれたりするとうれしいけどな」
63800 ,,,,,,,悠,悠,02yuu633_010.wav,yuu,,5,,,,,「う……」
63900 ,,,,,,,,,,yuu,,5,,,,,　俺の言葉に、悠が何か
　切腹の覚悟でも決めたかのような表情をした。
　そんなに大仰な事か？　コレ。
64000 ,,,,,,,悠,悠,02yuu633_011.wav,yuu,,6,,,,,「えと……その……ゆ、ゆゆゆ、ユウ……」
64100 ,,,,,,,優哉,優哉,,yuu,,6,,,,,「おう、どうした？　悠」
64200 ,,,,,,,,,,yuu,,6,,,,,　次の瞬間、
　悠の顔が火をつけたように真っ赤になった。
64300 ,,,,,,,悠,悠,02yuu633_012.wav,yuu,,6,,,,,「ご、ごごごごゴメン！！
これ、すごく恥ずかしい……！
お願いだから、元に戻していい！？」
64400 ,,,,,,,,,,yuu,,6,,,,,　……女の思考回路ってヤツは、
　時としてえらく不可解だ。
64500 ,,,,,,,優哉,優哉,,yuu,,6,,,,,「別に構わないぜ。
そう呼んでくれたらうれしいけど、
それしか認めないなんて事じゃないしな」
64600 ,,,,,,,悠,悠,02yuu633_013.wav,yuu,,12,,,,,「本当にゴメン！　慣れるから！
絶対慣れるから、そしたら呼ぶね！！」
64700 ,,,,,,,優哉,優哉,,yuu,,12,,,,,「そんじゃ、期待しないで待ってるよ」
65000 ,,<!move_normal>,,12201,,,優哉,優哉,,yuu,,0,,,,,「ほら、お前の家こっちだろ？
今日はここでお別れだ」
65100 ,,,,,,,,,,yuu,,0,,,,,　何とか、陽が落ちる前に人里に着けたな……
　俺は、ホッと安堵の息をついた。
65200 ,,,,,,,悠,悠,02yuu633_014.wav,yuu,,90,,,,,「うん……。ね、優哉？」
65300 ,,,,,,,優哉,優哉,,yuu,,90,,,,,「何だよ」
65400 ,,,,,,,,,,yuu,,1,,,,,　悠は俺の服のすそをつかみながら、
　ちょっと恥ずかしそうに微笑んだ。
65500 ,,,,,,,悠,悠,02yuu633_015.wav,yuu,,1,,,,,「今日はありがと。大好きだからね」
65600 ,,,,,,,優哉,優哉,,yuu,,1,,,,,「……分かってるよ。また明日な」
65700 ,,,,,,,悠,悠,02yuu633_016.wav,yuu,,1,,,,,「うん！　バイバーイ！」
65790 ,,<!Lend_day_change>,0,9000,,,,,,,,,,,,,
66000 ,@634,,,,,,,,,,,,,,,,
66300 ,,<!Lbegin_day_change>,7,11300,,,悠,悠,02yuu634_001.wav,"yuu,uniform",,0,,,,,「それでは、ついに私達の温泉の完成ですっ！」
66400 ,,,,,,,一同,一同,01man274_032.wav＠04kot310_001.wav＠05tum452_004.wav,yuu,,0,,,,,「お～っ」
66500 ,,,,,,,悠,悠,02yuu634_002.wav,yuu,,0,,,,,「ちっちゃいかもしれないし、ゴージャスでも
ないかもしれないけど……これが私達が見つけて、
私達が作り上げた、私達温泉部の温泉なんだ」
66600 ,,,,,,,,,,,,,,,,,　悠の演説を聞いて、
　愛歌なんかもう泣き始めてやがる。
66700 ,,,,,,,愛歌,愛歌,01man634_001.wav,,,,"manaka,uniform",,6,,「ぐすっ。悠、温泉部に誘ってくれてありがとう。
なんかヘンだねっ、私いますごく嬉しいのに……
えへっ。涙がこみ上げてきちゃうよう…………」
66800 ,,,,,,,,,,,,,manaka,,6,,　そんな愛歌の肩を抱きしめる悠も、ちょっと
　ウルっとしている。
66900 ,,,,,,,悠,悠,02yuu634_003.wav,yuu,,6,manaka,,6,,「……ううんっ、変じゃない。全然変じゃないよ！
愛歌が変なら、大泣きしそうな私は＜大変＝おおへん＞
だよっ！！　ありがとう、ホントにありがとうっ！」
67000 ,,,,,,,恋鳥,恋鳥,04kot634_001.wav,yuu,,6,"kotori,uniform",,0,,「……思えば廃部寸前から、立派な温泉持ちになった。
部長である悠の感激がひとしおだろう」
67100 ,,,,,,,悠,悠,02yuu634_004.wav,yuu,,3,kotori,,0,,「恋鳥も……一緒に喜んでくれる？」
67200 ,,,,,,,恋鳥,恋鳥,04kot634_002.wav,yuu,,3,kotori,,90,,「もちろん。そこの変なのを連れて来た時には、
廃部の覚悟を決めていたけど」
67300 ,,,,,,,悠,悠,02yuu634_005.wav,yuu,,3,kotori,,90,,「でも、あの……優哉は、
とてもよくやってくれたでしょ？」
67400 ,,,,,,,恋鳥,恋鳥,04kot634_003.wav,yuu,,3,kotori,,1,,「…………そこは、認めないといけない。
恋鳥から言う事はもう何もない」
67500 ,,,,,,,悠,悠,02yuu634_006.wav,yuu,,90,kotori,,1,,「恋鳥、ありがとうね。私、恋鳥が一緒じゃなかったら
温泉部を続けられたかどうか……。ここまで
つきあってくれて、本当にありがとう」
67600 ,,,,,,,つむぎ,つむぎ,05tum634_001.wav,yuu,,90,"tumugi,uniform",,1,,「みなさん……本当におめでとうございます。
私、何もしていないのにこんなおめでたい場所に
呼んでいただいてしまって……」
67700 ,,,,,,,悠,悠,02yuu634_007.wav,yuu,,1,tumugi,,1,,「そんな事ないよ！　つむぎさんこそ、
温泉部なんてよくわからない部活を
急な申し出なのに助けてくれて……」
67800 ,,,,,,,優哉,優哉,,yuu,,1,,,,,「おいおい、部長がよくわからないもんはないだろう。
　せっかくの感動が台無しだ」
67900 ,,,,,,,悠,悠,,yuu,,12,,,,,「うるさい。ちゃかすなっ」
68000 ,,,,,,,つむぎ,つむぎ,05tum634_002.wav,yuu,,12,tumugi,,1,,「うふふ」
68100 ,,,,,,,恋鳥,恋鳥,04kot634_004.wav,yuu,,12,kotori,,90,,「……くすくす」
68200 ,,,,,,,愛歌,愛歌,01man634_002.wav,yuu,,12,manaka,,1,,「あははははっ！」
68300 ,,,,,,,優哉,優哉,,yuu,,12,,,,,「さて、お披露目も終わったし。
　これからどうする？
　みんな用意してるみたいだし、入って帰るか？」
68400 ,,,,,,,悠,悠,02yuu634_008.wav,yuu,,4,,,,,「えっと、それはちょっと」
68500 ,,,,,,,優哉,優哉,,yuu,,4,,,,,「なにかあるのか？」
68600 ,,,,,,,悠,悠,02yuu634_009.wav,yuu,,90,,,,,「完成はしたけど、祭りまで間がないし……
少しでも多くの人にこのお湯を知って欲しいからさ。
戻って、宣伝の作戦を立てた方がいいと思うんだ」
68700 ,,,,,,,優哉,優哉,,yuu,,90,,,,,「…………おいおい、すごいな。
悠にしては考えてるじゃないか」
68800 ,,,,,,,悠,悠,02yuu634_010.wav,yuu,,3,,,,,「私だけじゃいいアイデア思いつかないからさ。
まだみんなに助けてもらわなきゃいけないけど
……いいかな？」
68900 ,,,,,,,恋鳥,恋鳥,04kot634_005.wav,kotori,,0,,,,,「もちろんだ。
悠だけに任せて恋鳥は風呂に浸かってるなんて、
その方が落ち着かない」
69000 ,,,,,,,愛歌,愛歌,01man634_003.wav,manaka,,0,,,,,「部員の私たちは
　祭りの後でもゆっくり入れるしね
　うふふっ、楽しみ～♪」
69100 ,,,,,,,つむぎ,つむぎ,05tum634_003.wav,tumugi,,1,,,,,「では、あまり日が落ちないうちに
　帰りましょうか」
69200 ,,,,,,,悠,悠,02yuu634_011.wav,yuu,,1,,,,,「よおしっ！
　じゃあ、これから部室に戻って第二作戦会議だっ
　総員撤収～！」
69500 ,,<!move_short>,,12100,,,優哉,優哉,,,,,,,,,「？」
69600 ,,,,,,,悠,悠,02yuu634_012.wav,,,,,,,,「おーい、行くよ優哉ーっ。どうかしたの？」
69700 ,,,,,,,優哉,優哉,,,,,,,,,「ん、いや…………なんでもない」
69900 ,,,,,,,,,,,,,,,,,　誰かが吊り橋の方へ向かった気がするんだが、
　まさか秘湯に向かったんじゃ……　まあ、いいか。
70000 ,,,,,,,,,,,,,,,,,　祭りはもうしあさってだ。
　ちょっとぐらい入られたって、減るわけでもない。
　かまいやしないさ。
70090 ,,<!Lend_day_change>,0,9000,,,,,,,,,,,,,
70300 ,@635,,,,,,,,,,,,,,,,
70700 ,,<!Lbegin_day_change><!se_schoolchime_int>,7,4300,,,悠,悠,02yuu635_001.wav,"yuu,uniform",,0,,,,,「さあっ、どいたどいた～っ！」
70800 ,,,,,,,優哉,優哉,,yuu,,0,,,,,「おおっと、今日も元気だな。
って、そっちは部室と反対方向じゃないか。
そんなに急いで、どこ行くんだ？」
70900 ,,,,,,,悠,悠,02yuu635_002.wav,yuu,,0,,,,,「なんか温泉部のことで、職員室に呼び出されたんだ。
そうだ優哉、あんたもついてきてよ。
一人より二人のほうが話早いし」
71000 ,,,,,,,優哉,優哉,,yuu,,0,,,,,「えー。職員室なんて、あんまり行きたくないなあ」
71100 ,,,,,,,悠,悠,02yuu635_003.wav,yuu,,6,,,,,「……私と一緒じゃ、いやぁ？」
71200 ,,,,,,,優哉,優哉,,yuu,,6,,,,,「まあ、いやとは言わないが……
お前全力で走るなよ？」
71300 ,,,,,,,悠,悠,02yuu635_004.wav,yuu,,90,,,,,「うん」
71400 ,,<stop id=""1"">,,,,,教師,教師,,yuu,,90,,,,,「おおっ、翠川来たか」
71500 ,,,,,,,悠,悠,02yuu635_005.wav,yuu,,0,,,,,「はいっ、で、用ってなんですか？
温泉部はいまが正念場なんで、
ちゃちゃって済ませてくださいよ」
71600 ,,,,,,,教師,教師,,yuu,,0,,,,,「その温泉部の話なんだがな。秘湯を見つけてから、
その発表の許可が欲しいと申請していただろ。
それが、まあ、なんだ」
71700 ,,,,,,,悠,悠,02yuu635_006.wav,yuu,,0,,,,,「おりたんですか！」
71800 ,,,,,,,教師,教師,,yuu,,0,,,,,「『星の河原祭り』の、実行委員会に
問い合わせてみたんだが、ダメだそうだ」
71900 ,,,10,,,,悠,悠,02yuu635_007.wav,yuu,,3,,,,,「……えっ」
72000 ,,,,,,,教師,教師,,yuu,,3,,,,,「だから翠川も、温泉部として違う形で
祭りへの参加をだな……」
72100 ,,,,,,,悠,悠,02yuu635_008.wav,yuu,,7,,,,,「じょうっだんっじゃない！　なんでダメなんです！？
せっかくちゃんと部活として結果を出したのに！！
なのに、なんで……？」
72200 ,,,,,,,教師,教師,,yuu,,7,,,,,「だから、許可が下りなくてな」
72300 ,,,,,,,悠,悠,02yuu635_009.wav,yuu,,7,,,,,「なんでおりないのよ！
お祭りでしょ！　秘湯なんだよ！
すっごい宣伝じゃない！」
72400 ,,,,,,,教師,教師,,yuu,,7,,,,,「まあ、祭りだからな。来客になにかあった時の責任
とか、学生だから取りきれないだろうとか。
イメージダウンになるかもしれないとか……」
72500 ,,,,,,,悠,悠,02yuu635_010.wav,yuu,,53,,,,,「なんなのソレ！　言いがかりじゃない！
学生だからなに？　温泉見つけて、直したのよ！？
イメージダウン！？　見てからいいなさいよ！」
72600 ,,,,,,,教師,教師,,yuu,,53,,,,,「実行委員としては、いろいろ都合があるんだろうよ。
まあこだわるのもわかるが、ここは折れてくれ」
72700 ,,,,,,,悠,悠,02yuu635_011.wav,yuu,,7,,,,,「ふざけないでよ！　なにがわかってるの？
みんなで頑張って、せっかくここまで来たのに。
もうできてるのに。どうせ部を潰したいんでしょ！」
72800 ,,,,,,,教師,教師,,yuu,,7,,,,,「おい、ほかの生徒や先生方も見てるじゃないか。
ちょっと落ち着いてくれ。興奮しないで、
……声を落とせって！」
72900 ,,,,,,,悠,悠,02yuu635_012.wav,yuu,,7,,,,,「先生。私、絶対にあの温泉を公開します。
先生でもジャマしたら、絶対許さない。
一生許さないから！」
73000 ,,,,,,,教師,教師,,,,,,,,,「落ち着け翠川。ちょ、ちょっと。ぐえっ。
なあ墨崎、たしかおまえの親父も実行委員だろ。
助けてくれ！　このままじゃ、ころされる……」
73100 ,,,,,,,優哉,優哉,,,,,,,,,「先生。反対してるわけじゃないのは、
もちろん俺もわかってます。
でも、悠の気持ちも考えてあげてください」
73200 ,,,,,,,教師,教師,,,,,,,,,「しかし、俺にどうしろと……げほげほっ！」
73300 ,,,,,,,優哉,優哉,,,,,,,,,「とにかくダメ、じゃ悠も俺も納得できません。
納得のいく説明をして欲しい。できれば、
一度話し合いたいと伝えてくれませんか」
73400 ,,,,,,,,,,,,,,,,,　もちろん、結果がこっちの思い通りに
　ならないのなんて分かってる。ただ、
　何もせずに中止なんてまっぴらゴメンってだけだ。
73500 ,,,,,,,教師,教師,,,,,,,,,「む、ん……。
結果は、約束できないぞ……」
73600 ,,,,,,,,,,,,,,,,,　俺は悠を先生から引きはがし、
　実行委員会に電話をかけてもらった。
73790 ,,<!se_ch_phone_call>,,,,,,,,,,,,,,,
73800 ,,<wait time=""5000""><stop id=""1"">,,,,,教師,教師,,,,,,,,,「えーと、準備中お忙しいところたびたびすみません。
うちの生徒がですねぇ、納得いかないと言う事で、
もう少し詳しく理由をお伺いしたいと……」
73900 ,,,,,,,悠,悠,02yuu635_013.wav,,,,,,,,「納得なんていく訳ないでしょ！　ふがっ」
74000 ,,,,,,,,,,,,,,,,,　怒りの叫びを上げる悠の口をあわててふさいで、
　俺は悠の耳元でささやいた。
74100 ,,,,,,,優哉,優哉,,,,,,,,,「いま騒いだら、よけい話がややこしくなるだろ？
本当に部のことが大事なら、静かにしてろ。
本番はこのあとだ」
74200 ,,,,,,,教師,教師,,,,,,,,,「ええ、はい。私もずいぶん説得したのですが。
はい、はい……本当にすみません。
ご迷惑をおかけしまして。ええ、はい、まったく」
74300 ,,,,,,,,,,,,,,,,,　話は続いてるが、経過はあまり思わしくないようだ。
　こんな時、逢みたいに受話器に耳つけて、
　何を話しているのか聞けたらなあ……
74400 ,,,,,,,教師,教師,,,,,,,,,「……はあ、はい。本当にすみません。
ええ、申し訳ありません。力不足でして。はい。
はぁ、ありがとうございます。すみません」
74590 ,,<!se_keitai_pi>,,,,,,,,,,,,,,,
74600 ,,,,,,,教師,教師,,,,,,,,,「……まず見込みはないそうだが、
とりあえず話し合いには応じてくれるそうだ。
場所は旅館すみさき。その先のことは、俺は知らんぞ」
74700 ,,,,,,,優哉,優哉,,,,,,,,,「はい。ありがとうございました！」
74800 ,,,,,,,,,,,,,,,,,　とりあえずとっかかりはできた。
　これで後は、俺達と向こうの出方しだいだ……！
74890 ,,<!Lend_move>,0,9000,,,,,,,,,,,,,
75100 ,@636,,,,,,,,,,,,,,,,
75400 ,,<!Lbegin_move>,0,1200,,,英俊,英俊,13eis636_001.wav,,,,,,,,「お～、いらっしゃい。旅館『すみさき』へ。
今日も部活動で温泉に入るのかい？」
75500 ,,,,,,,,,,,,,,,,,　相変わらずオヤジはにこやかだ。
　こっちがイラッとくるくらいにな。
75600 ,,,,,,,優哉,優哉,,,,,,,,,「話聞いてないか？
俺たちが見つけた秘湯のことで、
実行委員の人たちと話すんだけど」
75700 ,,,,,,,英俊,英俊,13eis636_002.wav,,,,,,,,「あ、聞いてるよ。珍しく、
ずいぶん入れ込んでるらしいじゃないか。
おまえらしくもない」
75800 ,,,,,,,優哉,優哉,,,,,,,,,「ふざけないでくれよオヤジ。
今日はそういう気分じゃないんだ」
75900 ,,,,,,,英俊,英俊,13eis636_003.wav,,,,,,,,「おーおーおー、この前までなんにも
考えてないガキだと思ってたのに。
変われば変わるもんじゃないか」
76000 ,,,,,,,優哉,優哉,,,,,,,,,「話し合う相手って、オヤジなのか？」
76100 ,,,,,,,英俊,英俊,13eis636_004.wav,,,,,,,,「私も同席するがね？
反対しているのは、もっと年配の方たちだよ。
もうすこしで来るはずなんだが」
76200 ,,,,,,,優哉,優哉,,,,,,,,,「話し合うのはここで？」
76300 ,,,,,,,英俊,英俊,13eis636_005.wav,,,,,,,,「長い話にはならないと思うしそのつもりだが……
おや、悠ちゃん今日は怖い顔だね。
せっかくの美人が台無しだよ？」
76400 ,,,,,,,悠,悠,02yuu636_001.wav,"yuu,uniform",,4,,,,,「おじさんも、秘湯公開に反対なんですか！」
76500 ,,,,,,,英俊,英俊,13eis636_006.wav,yuu,,4,,,,,「……これは、荒れそうだねえ。
ちょっと客室の方へ場所を移そう。
実行委員の人も、後で案内するからさ」
76600 ,,,,,,,優哉,優哉,,,,,,,,,「オヤジ、これでも悠は我慢して」
76700 ,,,,,,,,,,,,,,,,,　オヤジは俺の言葉を途中でさえぎった。
76800 ,,,,,,,英俊,英俊,13eis636_007.wav,,,,,,,,「わかってる。だけどな、それをいま支えるのは
おまえの仕事だ。立場的にもね」
76900 ,,,,,,,優哉,優哉,,,,,,,,,「……ああ」
77100 ,,<!move_short>,,1400,,,,,,,,,,,,,　通された客室で、俺と悠はつのる不安や
　イライラと戦いながら待ち続けた。
77200 ,,,,,,,悠,悠,02yuu636_002.wav,yuu,,4,,,,,「遅いな……本当に来るの？
もしこのまま来なかったら」
77300 ,,,,,,,優哉,優哉,,yuu,,4,,,,,「まだ５分も経ってない。あせるな。
あせったりケンカして、どうにかなる
問題じゃないんだからな」
77400 ,,,,,,,悠,悠,02yuu636_003.wav,yuu,,3,,,,,「そうだけど、そうだけどさ！　優哉。
私ヤダよ、悔しいよ……。
みんなもあんなに喜んでくれたのに……」
77500 ,,,,,,,優哉,優哉,,yuu,,3,,,,,「ああ。二人で必ず説得しよう。
悠の気持ちが伝われば、
実行委員もきっとわかってくれるさ」
77600 ,,,,,,,,,,yuu,,3,,,,,　その時、オヤジが俺達のいる部屋を
　のぞきこんできた。
77700 ,,,,,,,英俊,英俊,13eis636_008.wav,yuu,,3,,,,,「委員の方々が到着したよ。
そちらの用意はいいかい？」
77800 ,,,,,,,悠,悠,02yuu636_004.wav,yuu,,4,,,,,「はいっ」
77900 ,,,,,,,優哉,優哉,,yuu,,4,,,,,「ああ」
78000 ,,,,,,,鹿島,鹿島,67etc636_001.wav,yuu,,4,,,,,「お待たせしました。実行委員の鹿島です」
78100 ,,,,,,,鈴木,鈴木,69etc636_001.wav,yuu,,4,,,,,「同じく、鈴木ですじゃ」
78200 ,,,,,,,都,都,68etc636_001.wav,yuu,,4,,,,,「都です。温泉部の方たちですね？」
78300 ,,,,,,,悠,悠,02yuu636_005.wav,yuu,,4,,,,,「はいっ。部長の翠川です」
78400 ,,,,,,,優哉,優哉,,yuu,,4,,,,,「部員の墨崎です」
78500 ,,,,,,,都,都,68etc636_003.wav,yuu,,4,,,,,「墨崎さんとおっしゃられると……英俊さんの？」
78600 ,,,,,,,優哉,優哉,,yuu,,4,,,,,「ええまあ、息子です。でも今日は、
温泉部の部員です。さっそくですが、
秘湯の参加禁止の理由を教えてください」
78700 ,,,,,,,都,都,68etc636_004.wav,yuu,,4,,,,,「それは、ねえ……」
78800 ,,,,,,,鈴木,鈴木,69etc636_002.wav,yuu,,4,,,,,「のぉ……」
78900 ,,,,,,,鹿島,鹿島,67etc636_002.wav,yuu,,4,,,,,「……ええ」
79000 ,,,,,,,悠,悠,02yuu636_006.wav,yuu,,5,,,,,「？」
79100 ,,,,,,,鹿島,鹿島,67etc636_003.wav,yuu,,5,,,,,「一般公開しないほうが、誰のためにも
いいと思ったからですよ」
79200 ,,,,,,,悠,悠,02yuu636_007.wav,yuu,,5,,,,,「どういうことですか？
誰に見られても恥ずかしくないように整備しました。
そりゃ素人仕事だけど、一度見てください」
79300 ,,,,,,,鹿島,鹿島,67etc636_004.wav,yuu,,5,,,,,「まあ、そうかもしれませんが……。
　えーと、鈴木さん」
79400 ,,,,,,,鈴木,鈴木,69etc636_003.wav,yuu,,5,,,,,「温泉は難しいからのぉ、いろいろと。
たとえば……その、そうじゃ。問題があっても、
すぐわかるとは限らんしなぁ」
79500 ,,,,,,,都,都,68etc636_005.wav,yuu,,5,,,,,「そうそう。そういうとき、
学生のあなたたちだと対応がね、
難しいと思うのよ」
79600 ,,,,,,,悠,悠,02yuu636_008.wav,yuu,,4,,,,,「どんなに難しくても頑張ります。
私や優哉が入っても問題なかったし、
なにかあっても、絶対責任取りますから」
79700 ,,,,,,,都,都,68etc636_006.wav,yuu,,4,,,,,「でもねえ……困ったわねえ」
79800 ,,,,,,,鈴木,鈴木,69etc636_004.wav,yuu,,4,,,,,「学生の取れる責任なんぞ、限界があるしのぉ……
　そうじゃろう？　英俊さん」
79900 ,,,,,,,英俊,英俊,13eis636_009.wav,yuu,,4,,,,,「まあ、そうですね」
80000 ,,,,,,,悠,悠,02yuu636_009.wav,yuu,,3,,,,,「おじさん！」
80100 ,,,,,,,優哉,優哉,,yuu,,3,,,,,「オヤジ！」
80200 ,,,,,,,英俊,英俊,13eis636_010.wav,yuu,,3,,,,,「おいおい、優哉。
いまは一部員と一実行委員の話し合いだろ。
親子でもなんでもないって言ったのはお前だ」
80300 ,,,,,,,優哉,優哉,,yuu,,3,,,,,「まあ、そうだけどさ」
80400 ,,,,,,,英俊,英俊,13eis636_011.wav,yuu,,3,,,,,「湯治客の相手はもっと大変だ。
部活動で、うちの温泉を使うのとはわけが違う。
そこのところは、おまえもわかってるはずだ」
80500 ,,,,,,,優哉,優哉,,yuu,,3,,,,,「確かに、分かるけど……」
80600 ,,,,,,,英俊,英俊,13eis636_012.wav,yuu,,3,,,,,「秘湯の場所は遠いな。途中につり橋もある。
案内だけでも大変だ」
80700 ,,,,,,,優哉,優哉,,yuu,,3,,,,,「ああ、でも部員は五人いるし。
何度も通ってる。吊り橋だって安全だ」
80800 ,,,,,,,英俊,英俊,13eis636_013.wav,yuu,,3,,,,,「遠いという事は、おまえが考えているより大変だ。
湯当たりするかもしれないし、具合の悪くなる人が
出るかもしれない。そのときに対処できるのか？」
80900 ,,,,,,,優哉,優哉,,yuu,,3,,,,,「できるよ……たぶん」
81000 ,,,,,,,英俊,英俊,13eis636_014.wav,yuu,,3,,,,,「たぶんとはどういうことだ？　人の死は重いぞ。
一生をかけて、償うことになるかもしれない。
一生かけても償えないかもしれない」
81100 ,,,,,,,優哉,優哉,,yuu,,3,,,,,「……」
81200 ,,,,,,,,,,yuu,,3,,,,,　俺の考えはすこし甘かったのかもしれない。
　オヤジの言うことに説得されたわけではないけれど
　こうはっきりと反対に回るとは想像してなかった。
81300 ,,,,,,,,,,yuu,,3,,,,,　言葉に詰まってしまった俺に代わり
　沈黙を破ったのは悠だった。
81400 ,,,,,,,悠,悠,02yuu636_010.wav,yuu,,4,,,,,「なにかあったら、私が一生かけて償います。
問題なんて起こしません。責任持ちます。
私に、温泉を開かせてください」
81500 ,,,,,,,優哉,優哉,,yuu,,4,,,,,「悠……」
81600 ,,,,,,,悠,悠,02yuu636_011.wav,yuu,,4,,,,,「私が部長です。全部の責任を背負います。
お客さんにも、お祭りにも、学校にもこの街にも
絶対迷惑かけません。挑戦させてください」
81700 ,,,,,,,英俊,英俊,13eis636_015.wav,yuu,,4,,,,,「……」
81800 ,,,,,,,,,,yuu,,4,,,,,　オヤジは反論しなかった。
　ただ、ほかの役員に視線を向けただけだった。
81900 ,,,,,,,悠,悠,02yuu636_012.wav,yuu,,3,,,,,「なんでダメなんですか？
私だから、ダメなんですか？
私になにが足りないんですか？」
82000 ,,,,,,,都,都,68etc636_007.wav,yuu,,3,,,,,「お嬢ちゃんが、どうというわけではないのよ。
あのね……どうして、あの温泉にこだわるの？」
82100 ,,,,,,,悠,悠,02yuu636_013.wav,yuu,,4,,,,,「私は温泉が好きなんです！」
82200 ,,,,,,,鈴木,鈴木,69etc636_005.wav,yuu,,4,,,,,「お嬢ちゃんの気持ちはわかるんじゃが……」
82300 ,,,,,,,悠,悠,02yuu636_014.wav,yuu,,4,,,,,「本当に好きなだけです！」
82500 ,,,,,,,悠,悠,02yuu636_015.wav,yuu,,90,,,,,「温泉は……あったかくて優しいんです」
82600 ,,,,,,,都,都,68etc636_008.wav,yuu,,90,,,,,「温かいのはわかりますが……優しい？」
82700 ,,,,,,,悠,悠,02yuu636_016.wav,yuu,,90,,,,,「はい。私はがさつで、興奮しやすいかもしれません。
だから、ケンカっぱやくて、
つまらない問題を起こすかもしれません。でも」
82900 ,,,,,,,悠,悠,02yuu636_017.wav,yuu,,90,,,,,「あったかい温泉だったら、優しい気持ちに
なれるんです。いつもより、ちょっとだけ素直に、
本音を伝えられるような気がするんです」
83000 ,,,,,,,優哉,優哉,,yuu,,90,,,,,「悠……それは」
83100 ,,,,,,,悠,悠,02yuu636_018.wav,yuu,,90,,,,,「いいの、優哉。最後まで言わせて。
私は見つけた温泉を、そういう場所にしたい。
みんなが手伝ってくれた温泉をそうしたいんです」
83200 ,,,,,,,鹿島,鹿島,67etc636_005.wav,yuu,,90,,,,,「……」
83300 ,,,,,,,悠,悠,02yuu636_019.wav,yuu,,4,,,,,「絶対迷惑かけません。お願いします。
なんでもします。どうか……お願いです。
温泉部の秘湯を、お祭りに参加させてください」
83400 ,,,,,,,英俊,英俊,13eis636_016.wav,yuu,,4,,,,,「みなさん……もういいじゃあないですか」
83500 ,,,,,,,鹿島,鹿島,67etc636_006.wav,yuu,,4,,,,,「英俊さん、あんた」
83600 ,,,,,,,英俊,英俊,13eis636_017.wav,yuu,,4,,,,,「私が後見しますよ。
みなさんが心配するような問題は、
絶対に起こさせません」
83700 ,,,,,,,鈴木,鈴木,69etc636_006.wav,yuu,,4,,,,,「そうは言われてものぉ……やはり」
83800 ,,,,,,,英俊,英俊,13eis636_018.wav,yuu,,4,,,,,「みなさんの気持ちもわかります。しかし、
この目の前の少女の気持ちもわかるんです。
みなさんだってそうでしょう？」
83900 ,,,,,,,鈴木,鈴木,69etc636_007.wav,yuu,,4,,,,,「……うむ」
84000 ,,,,,,,英俊,英俊,13eis636_019.wav,yuu,,4,,,,,「あの場所は、この若い連中が新しい思い出を
作ってくれるでしょう。後悔を残させては、
また繰り返しになってしまう」
84100 ,,,,,,,都,都,68etc636_009.wav,yuu,,4,,,,,「……そうですわね。わたしたちの都合で、
この子たちを悲しませてはいけないものね」
84400 ,,,,,,,悠,悠,02yuu636_020.wav,yuu,,4,,,,,「じゃあ！　いいんですか？
星の河原祭りへの参加を認めてもらえるんですか？」
84500 ,,,,,,,都,都,68etc636_010.wav,yuu,,4,,,,,「え、ええ。わたくしたちは
もう反対しないけれども……
いいですわよね？　田中さん」
84600 ,,,,,,,鹿島,鹿島,67etc636_007.wav,yuu,,4,,,,,「ええ……そうですね」
84700 ,,,,,,,悠,悠,02yuu636_021.wav,yuu,,3,,,,,「ありがとうございます！
ありがとうございます！
優哉、私……グスッ」
84800 ,,,,,,,優哉,優哉,,yuu,,3,,,,,「よかったな、悠。
役員の方々も、ありがとうございます。
星の河原祭りへの参加を、認めてもらえるんですね」
84900 ,,,,,,,鈴木,鈴木,69etc636_008.wav,yuu,,3,,,,,「あ、ああ……そうじゃな」
85000 ,,,,,,,英俊,英俊,13eis636_020.wav,yuu,,3,,,,,「それでは交渉はこれでおしまい
ということで。私たちも暇ではありませんし」
85500 ,,,,,,,優哉,優哉,,yuu,,90,,,,,「あ、オヤジ」
85600 ,,,,,,,英俊,英俊,13eis636_021.wav,yuu,,90,,,,,「なんだ優哉。まだ用があるのか？」
85700 ,,,,,,,優哉,優哉,,yuu,,90,,,,,「……別に用じゃないけどさ。
その、今日はありがとう」
85800 ,,,,,,,英俊,英俊,13eis636_022.wav,yuu,,90,,,,,「礼を言われる筋合いじゃあないさ。
悠ちゃんの真剣な気持ちが、
役員の方々に通じたんだよ」
85900 ,,,,,,,悠,悠,02yuu636_022.wav,yuu,,6,,,,,「……」
86000 ,,,,,,,,,,yuu,,6,,,,,　オヤジが去ると
　客間には俺と悠の二人になっていた。
86090 ,,<!Lend_scene_change>,0,9000,,,,,,,,,,,,,
86300 ,@637,,,,,,,,,,,,,,,,
86600 ,,<!Lbegin_scene_change>,8,1401,,,つむぎ,つむぎ,05tum637_001.wav,,,,"tumugi,nakai",,90,,「話し合いお疲れ様でした。
……うまく行ったそうですね。
オーナーから聞きました」
86700 ,,,,,,,優哉,優哉,,,,,tumugi,,90,,「ああ、うん。オヤジから聞いたんなら
知ってると思うけど……悠が、頑張ったんだ」
86800 ,,,,,,,つむぎ,つむぎ,05tum637_002.wav,,,,tumugi,,1,,「そのようですね。
とても感動的だったとお伺いしましたよ」
86900 ,,,,,,,悠,悠,02yuu637_001.wav,"yuu,uniform",,6,tumugi,,1,,「そんな！　ただ、私は夢中になってただけだよ。
つむぎさんたちにも手伝ってもらった温泉を
必死に守ろうとしただけで……」
87000 ,,,,,,,つむぎ,つむぎ,05tum637_003.wav,yuu,,6,tumugi,,1,,「星の河原祭りに参加して、一般のお客様にも
開放することになったんですよね」
87100 ,,,,,,,優哉,優哉,,yuu,,6,tumugi,,1,,「ああ、俺たちの計画ではそうだ。
ちゃんと実行委員の許可も下りたしな」
87200 ,,,,,,,つむぎ,つむぎ,05tum637_004.wav,yuu,,6,tumugi,,4,,「……悠さん。本当に、ありがとうございます」
87300 ,,,,,,,悠,悠,02yuu637_002.wav,yuu,,12,tumugi,,4,,「やめてよつむぎさん！　……なんか照れちゃうよ。
私は部長としてとーぜんのことをしただけだって！」
87400 ,,,,,,,つむぎ,つむぎ,05tum637_005.wav,yuu,,12,tumugi,,1,,「……」
87500 ,,,,,,,悠,悠,02yuu637_003.wav,yuu,,1,tumugi,,1,,「うー、なんか元気出てきちゃった。
よおしっ！　これから部員に招集かけて、
作戦を次の段階に進めるかぁっ」
87600 ,,,,,,,優哉,優哉,,yuu,,1,tumugi,,1,,「おいおい。お前は平気でも俺は疲れたよ。
お前だって、興奮して疲れを感じてないだけだ。
ちょっと休んで落ち着けって」
87700 ,,,,,,,悠,悠,02yuu637_004.wav,yuu,,12,tumugi,,1,,「……そ、そうかな」
87800 ,,,,,,,つむぎ,つむぎ,05tum637_006.wav,yuu,,12,tumugi,,1,,「私もそれがよろしいと思います。
……それでは、失礼いたしますね」
87900 ,,,,,,,悠,悠,02yuu637_005.wav,yuu,,90,,,,,「……あ、行っちゃった」
88000 ,,,,,,,優哉,優哉,,yuu,,90,,,,,「なあ、悠。……なんか、二人っきりだな」
88100 ,,,,,,,悠,悠,02yuu637_006.wav,yuu,,12,,,,,「……もうっ、おじさんもつむぎさんも
変な気の使いかたして。
ほんとにいやだったら、ねえ……優哉」
88200 ,,,,,,,優哉,優哉,,yuu,,12,,,,,「そうだな。悠、お前も家に帰れよ。
俺が送ってくからさ」
88300 ,,,,,,,悠,悠,02yuu637_007.wav,yuu,,2,,,,,「うええっ！？
うん、そうだよね。
もう、はははははは。……ふぅ」
88400 ,,,,,,,優哉,優哉,,yuu,,2,,,,,「どうかしたか？」
88500 ,,,,,,,悠,悠,02yuu637_008.wav,yuu,,1,,,,,「なんでもないよっ！
さ、じゃあ、バァーッ！　と出かけて、
パパパパパーッと帰ろっか！　遅れんなよっ！」
88600 ,,,,,,,優哉,優哉,,yuu,,1,,,,,「俺は疲れてるんだって。当日は忙しくて
祭りの雰囲気も味わえないだろうから、
ちょっと歩こうぜ。お前もつきあえよ」
88700 ,,,,,,,悠,悠,02yuu637_009.wav,yuu,,6,,,,,「あ……うん」
88900 ,,<!move_normal>,2,12211,,,優哉,優哉,,,,,,,,,「結構準備もすすんでるな。
……まあ、街の外からも人来るしな。もう
これぐらいできてないと間に合わないのかもな」
89000 ,,,,,,,悠,悠,02yuu637_010.wav,yuu,,90,,,,,「うん」
89100 ,,,,,,,優哉,優哉,,yuu,,90,,,,,「そういえば、もう祭りは明後日なんだよな。
いろいろ忙しくて意識してなかったけど、
もう街中も祭り一色！　って感じなんだな」
89200 ,,,,,,,悠,悠,02yuu637_011.wav,yuu,,90,,,,,「そうだね」
89300 ,,,,,,,優哉,優哉,,yuu,,90,,,,,「……なんか退屈させてるか。
疲れてるのにごめんな。もう帰るか？」
89400 ,,,,,,,悠,悠,02yuu637_012.wav,yuu,,1,,,,,「ううん！　全然、全然大丈夫だから！
あ、神社のほうもできてるみたいだよ？
向こうも通っていこうよ！」
89500 ,,,,,,,優哉,優哉,,,,,,,,,「おいおい、待てよ。
ちゃんとついて行くから走るなって！」
89700 ,,<!move_short>,,9311,,,優哉,優哉,,yuu,,0,,,,,「出店があるのに、遊んでいけないのは
ちょっと残念だよな。祭りが始まっちまえば、
忙しくて遊べないだろうし……」
89800 ,,,,,,,悠,悠,02yuu637_013.wav,yuu,,0,,,,,「遊べないかな～？　当日でもさ、
ちょろっと抜け出して、交代ですこしぐらいは
遊びにいけるんじゃない？」
89900 ,,,,,,,優哉,優哉,,yuu,,0,,,,,「ほんとにそんな余裕あると思うか？」
90000 ,,,,,,,悠,悠,02yuu637_014.wav,yuu,,12,,,,,「……ごめんなさい。ムリだと思いまーす」
90100 ,,,,,,,優哉,優哉,,yuu,,12,,,,,「まあ、なにもかも始めてだし、
どうなるかなんてわかんないけどな」
90200 ,,,,,,,悠,悠,02yuu637_015.wav,yuu,,90,,,,,「そうだね。優哉に声をかけたときはさ、
五人も集まるとは思ってなかったし。
ホントに温泉見つかるとか思ってなかったし」
90300 ,,,,,,,優哉,優哉,,yuu,,90,,,,,「……そうだな、俺も思ってなかったよ。
最初は入れるかどうかすら危なかったからな」
90400 ,,,,,,,悠,悠,02yuu637_016.wav,yuu,,12,,,,,「恋鳥もねー。悪い子じゃないんだけど……
あの時は、優哉が頑張ってくれて助かったよ」
90500 ,,,,,,,優哉,優哉,,yuu,,12,,,,,「いろいろあったけど、振り返ってみると
意外に短かい間の話なんだよな」
90600 ,,,,,,,悠,悠,02yuu637_017.wav,yuu,,0,,,,,「そうだね……早かったね。いろいろ、とね」
90700 ,,,,,,,優哉,優哉,,yuu,,0,,,,,「ちょっと、俺達の秘湯も見に行くか。
祭りが始まったら、忙しくなるからな。
今の内にゆっくり見ておこうぜ」
90800 ,,,,,,,悠,悠,02yuu637_018.wav,yuu,,0,,,,,「……うん」
91000 ,,<!move_long>,10,11330,,,悠,悠,02yuu637_019.wav,yuu,,3,,,,,「えっ？」
91100 ,,,,,,,優哉,優哉,,yuu,,3,,,,,「なんだこれ」
91200 ,,,,,,,,,,yuu,,3,,,,,　俺達の目の前に広がっていたのは、
　なんというか、入るのをためらうくらい
　汚れた温泉だった。
91300 ,,,,,,,悠,悠,02yuu637_020.wav,yuu,,3,,,,,「どういう事よ、これ！？　ええっ？　どうして？
なによ、ひどいっ……！」
91400 ,,,,,,,,,,yuu,,3,,,,,　怒りと困惑で、
　悠はまともな言葉をしゃべれていない。
91500 ,,,,,,,優哉,優哉,,yuu,,3,,,,,「いたずら、とかじゃないな。悪質すぎる。
こんなんじゃ、とても人なんか入れられないぞ」
91700 ,,,,,,,,,,yuu,,3,,,,,　さまざまなゴミがごていねいに
　湯の中へぶちまけられてる……
　こりゃ、掃除するのも一苦労だ。
91800 ,,,,,,,悠,悠,02yuu637_021.wav,yuu,,7,,,,,「誰がこんなひどいことするの？
どうしてよ？　私たちがなにしたの？
なんでこんなことになってるのよおっ！」
91900 ,,,,,,,優哉,優哉,,yuu,,7,,,,,「ちょっと落ち着けって。悠！　あわてれば、
この場がどうなるってもんでもないだろ？」
92000 ,,,,,,,悠,悠,02yuu637_022.wav,yuu,,5,,,,,「でも、ほっておけないよ。
このままじゃ、とても人には見せられない」
92100 ,,,,,,,優哉,優哉,,yuu,,5,,,,,「……そうだな」
92200 ,,,,,,,悠,悠,02yuu637_023.wav,yuu,,3,,,,,「誰がこんなことしたの？　生徒会？　先生？
……それとも、実行委員の人？」
92300 ,,,,,,,優哉,優哉,,yuu,,3,,,,,「わからねえな。普通、ここまでして
公開に反対するヤツなんているか？
悠、誰か心当たりあるか？」
92400 ,,,,,,,悠,悠,02yuu637_024.wav,yuu,,3,,,,,「……ないよ！　だって、
私たち温泉を作ろうとしただけだよ？
それが誰の迷惑になるの？　恨まれるの？」
92500 ,,,,,,,優哉,優哉,,yuu,,3,,,,,「そうだよな……
でも、単なるいたずらにしちゃ、程度がひどすぎる。
やっぱり、意図的に誰が妨害してるとしか」
92600 ,,,,,,,,,,yuu,,3,,,,,　ノンキに推論を積み上げてる俺にいらついたのか、
　悠はまた声を荒げた。
92700 ,,,,,,,悠,悠,02yuu637_025.wav,yuu,,7,,,,,「だから、それは誰なのよ！」
92800 ,,,,,,,優哉,優哉,,yuu,,7,,,,,「俺はわからないよ。
　あっ……」
92900 ,,,,,,,悠,悠,02yuu637_026.wav,yuu,,7,,,,,「なにか心当たりがあった？
探し出して、責任取らせてやるわ。
絶対許さないんだから！」
93000 ,,,,,,,優哉,優哉,,yuu,,7,,,,,「ほら、昨日みんなに温泉見せたろ？」
93100 ,,,,,,,悠,悠,02yuu637_027.wav,yuu,,4,,,,,「うん。
みんな一緒に喜んでくれて
これからも一緒に頑張ろうって……」
93200 ,,,,,,,優哉,優哉,,yuu,,4,,,,,「その帰り道さ、秘湯の方へ向かう人影を
見たような……見なかったような……」
93300 ,,,,,,,悠,悠,02yuu637_028.wav,yuu,,7,,,,,「なんでその時捕まえなかったのよ！」
93400 ,,,,,,,優哉,優哉,,yuu,,7,,,,,「捕まえられるわけないだろ！
俺は見つけただけで、なんの権利もない！
まさかこんな事になるとは思わねえよ！」
93500 ,,,,,,,悠,悠,02yuu637_029.wav,yuu,,3,,,,,「……そう、だよね。ゴメン。
私、興奮してヒドい事言っちゃった。
でも、ひどいよ、ひどすぎるよこれ」
93600 ,,,,,,,優哉,優哉,,yuu,,3,,,,,「俺だってこんな事になるってわかってたら、
ちょっと強引でも、引き止めてたって。
……くそっ！！」
93700 ,,,,,,,悠,悠,02yuu637_030.wav,yuu,,3,,,,,「ねえ、どうしよう。どうしたらいいの？
とにかく、ゴミどかさないといけないよね？」
93800 ,,,,,,,優哉,優哉,,yuu,,3,,,,,「いや、湯を張ったままだと大変だ。
それに、底が洗えないと意味がないんだ」
93900 ,,,,,,,悠,悠,02yuu637_031.wav,yuu,,5,,,,,「じゃあ、あきらめろって言うの！？
私はヤダ！　こんなのには負けないんだから。
絶対絶対負けないんだから！！」
94000 ,,,,,,,優哉,優哉,,yuu,,5,,,,,「あきらめろとは言ってないだろ！
……でも、湯は入れ替えなきゃいけないしな。
祭りまでに済まそうとすると……時間厳しいな」
94100 ,,,,,,,悠,悠,02yuu637_032.wav,yuu,,3,,,,,「ヤダよ、優哉。私あきらめられないよ。
……許可も取れたのに、やっとここまで来たのに！」
94200 ,,,,,,,,,,yuu,,3,,,,,　悠は今にも温泉に飛びこんで掃除を始めそうだった。
　俺は悠の肩をつかんで動きを抑えながら揺さぶる。
94300 ,,,,,,,優哉,優哉,,yuu,,3,,,,,「だから！　ここで無駄な事して身体壊したら、
できる事もできなくなるだろ？　まず対策を考える。
……作業は、それからだ」
94400 ,,,,,,,悠,悠,02yuu637_033.wav,yuu,,3,,,,,「……出来るかな。まだ大丈夫かな。
私たちの温泉、守れるよね？」
94500 ,,,,,,,優哉,優哉,,yuu,,3,,,,,「……」
94600 ,,,,,,,,,,yuu,,3,,,,,　不安から身を隠すように、
　悠は俺にしがみついてくる。
94700 ,,,,,,,悠,悠,02yuu637_034.wav,yuu,,3,,,,,「優哉は手伝ってくれるよね？
最後まで一緒にいてくれるよね？
……いなくなっちゃったり、しないよね？」
94800 ,,,,,,,優哉,優哉,,yuu,,3,,,,,「ああ、もちろんだ。
俺はあきらめたりしない。
絶対、悠を一人にしないからな」
94900 ,,,,,,,悠,悠,02yuu637_035.wav,yuu,,3,,,,,「信じていいよね……
グスッ……ひっく、ひっ」
95000 ,,,,,,,,,,yuu,,3,,,,,　見れば、悠はしゃくりあげ始めていた。
95100 ,,,,,,,優哉,優哉,,yuu,,3,,,,,「お、おい。悠、泣くなよ」
95200 ,,,,,,,悠,悠,02yuu637_036.wav,yuu,,3,,,,,「だって、だって……
公開だってもうすぐだったのに。
……もう少しで、約束も守れたのに！」
95300 ,,,,,,,優哉,優哉,,yuu,,3,,,,,「……」
95400 ,,,,,,,悠,悠,02yuu637_037.wav,yuu,,3,,,,,「部員のみんなも喜んでくれたのに！
これで温泉部も安泰だったのに……
それが、それがどうして……！」
95500 ,,,,,,,優哉,優哉,,yuu,,3,,,,,「……」
95600 ,,,,,,,悠,悠,02yuu637_038.wav,yuu,,3,,,,,「私に力が足りなかったから？
がんばったのに……なんでもしたのに、
それでもまだ、なにが足りなかったの？」
95700 ,,,,,,,優哉,優哉,,yuu,,3,,,,,「悠」
95800 ,,,,,,,悠,悠,02yuu637_039.wav,yuu,,3,,,,,「……ふぁぁああーーん！　わああああん！
あぁぁぁあぁああぁっっん！」
95900 ,,,,,,,,,,,,,,,,,　……あの気丈な悠が、
　いつも元気で人を引っ張りまわす悠が、
　子供のように泣いていた。
96000 ,,,,,,,,,,,,,,,,,　負けず嫌いで、人前で涙なんか見せないのに。
　それだけ、今度の事での絶望が深かったんだろう。
　もう、まわりはみんな敵に見えてるんじゃないのか？
96100 ,,,,,,,,,,,,,,,,,　……俺は、せめて俺くらいは、味方でいてやらないと。
96200 ,,,,,,,悠,悠,02yuu637_040.wav,yuu,,3,,,,,「ひくっっ、ひくっっ。ぐすっ。ひぃ、ひぃーん……」
96300 ,,,,,,,優哉,優哉,,yuu,,3,,,,,「悠、聞いてくれ」
96400 ,,,,,,,悠,悠,02yuu637_041.wav,yuu,,3,,,,,「ぐすっ、ずずっ。……なに？」
96500 ,,,,,,,優哉,優哉,,yuu,,3,,,,,「今度の事は、さすがに俺たち二人じゃ
どうしようもないかもしれない」
96600 ,,,,,,,悠,悠,02yuu637_042.wav,yuu,,3,,,,,「ひっ……やだ！　優哉。やだよ、やだやだ。
ひぃん。えーん……！」
96700 ,,,,,,,,,,yuu,,3,,,,,　事実を言っただけで、悠は激しく泣き出す。
　もう、完全に心が折れかかってるんだ。
　まずは、これを立て直さないと……
96800 ,,,,,,,優哉,優哉,,yuu,,3,,,,,「だから、まずはみんなに話そう。
部室に戻って。みんなを集めて。相談しよう。
よく考えろよ。……そのための温泉部じゃないのか？」
96900 ,,,,,,,悠,悠,02yuu637_043.wav,yuu,,3,,,,,「ぐすっ、そうすればどうにかなる？」
97000 ,,,,,,,,,,yuu,,3,,,,,　まるで甘えん坊のように俺にすがりついてくる。
　これを立ち直らせるのはかなり難儀だが、
　やらない事には温泉部の未来はなくなる。
97100 ,,,,,,,優哉,優哉,,yuu,,3,,,,,「わからない。
でも、ここで泣いてるよりはいいだろう。
もう日も落ちる。これからの時間は貴重だ」
97200 ,,,,,,,悠,悠,02yuu637_044.wav,yuu,,3,,,,,「お祭り、間に合わないよね。こんな事続いたら、
もうどうしようも……ふえぇ……」
97300 ,,,,,,,,,,yuu,,3,,,,,　とにかく、これ以上泣かせたらダメだ。
　ネガティブ思考のスパイラルから抜け出せなくなる！
97400 ,,,,,,,優哉,優哉,,yuu,,3,,,,,「みんなを信じよう。相談すれば、
なにかアイデアがあるかもしれない。温泉部には、
いろいろ頼れそうなヤツがそろってるじゃないか！」
97500 ,,,,,,,悠,悠,02yuu637_045.wav,yuu,,3,,,,,「……でも、あきらめられちゃうかも。
こんな事があったって説明したら、
がっかりして温泉部も辞めちゃうかも」
97600 ,,,,,,,優哉,優哉,,yuu,,3,,,,,「だから、信じろって！
温泉が整備できたのも、みんなが悠の事を信じて、
いっしょにがんばってくれたおかげだろ？」
97700 ,,,,,,,悠,悠,02yuu637_046.wav,yuu,,3,,,,,「くすん……うん」
97800 ,,,,,,,優哉,優哉,,yuu,,3,,,,,「だから、今度は悠がみんなの事を信じろ。
こんな所で二人で悩んでてもしかたない。
一度戻って、善後策を考えよう」
97900 ,,,,,,,悠,悠,02yuu637_047.wav,yuu,,3,,,,,「でも、でも……！　……うわぁああん！」
98000 ,,,,,,,,,,yuu,,3,,,,,　せっかくおさまりかけた涙が、
　また悠の瞳からあふれ出した。
98100 ,,,,,,,悠,悠,02yuu637_048.wav,yuu,,3,,,,,「ダメだよ。こんな私なんかに、
もうみんなついてきてなんてくれない！
みんなあいそつかして、どこか行っちゃうよ！」
98200 ,,,,,,,,,,yuu,,3,,,,,　この……！　しつこいネガティブっぷりだな！
98300 ,,,,,,,優哉,優哉,,yuu,,3,,,,,「俺の事も、信じられないか？」
98400 ,,,,,,,悠,悠,02yuu637_049.wav,yuu,,3,,,,,「え……」
98500 ,,,,,,,,,,yuu,,3,,,,,　まっすぐ見すえられて、
　一瞬悠の思考が真っ白になる。
　俺はそこを逃さず、悠の体を力強く抱き寄せた。
98600 ,,,,,,,優哉,優哉,,yuu,,3,,,,,「俺は悠にとって特別な存在だったよな？
悠は俺にとって特別な存在なのと同じくらい」
98700 ,,,,,,,悠,悠,02yuu637_050.wav,yuu,,3,,,,,「あ……うん」
98800 ,,,,,,,優哉,優哉,,yuu,,3,,,,,「だったら、俺を信じろ。俺が
特別な存在だって言ってる悠を信じろ！」
98900 ,,,,,,,悠,悠,02yuu637_051.wav,yuu,,3,,,,,「優哉を？　優哉を信じれば……いいの？」
99000 ,,,,,,,優哉,優哉,,yuu,,3,,,,,「ああ。俺は温泉の公開をあきらめてないし、
温泉部のみんなの事を信じてる。だから、
俺はあきらめる必要はないって信じてる！」
99100 ,,,,,,,悠,悠,02yuu637_052.wav,yuu,,5,,,,,「……本当？
まだ、あきらめなくて大丈夫？」
99200 ,,,,,,,優哉,優哉,,yuu,,5,,,,,「一人で抱えこもうとするから、
ムリだって思った瞬間に全部パアになるんだ。
俺を、俺の信じた部員を信じてみろ！」
99300 ,,,,,,,悠,悠,02yuu637_053.wav,yuu,,4,,,,,「……うん。私、やってみる。
優哉が信じてくれた私と、
部員のみんなを信じてみるよ」
99400 ,,,,,,,優哉,優哉,,yuu,,4,,,,,「なら、一度戻ろう。
服も濡れたし、風邪をひいたりしたら
できる事もできないからな。歩けるか？」
99500 ,,,,,,,悠,悠,02yuu637_054.wav,yuu,,4,,,,,「うん」
99600 ,,,,,,,優哉,優哉,,yuu,,4,,,,,「じゃあ、行くぞ！」
99700 ,,,,,,,,,,,,,,,,,　俺達は部員に連絡を取りながら
　着替えを取りに家へ戻り、
　連れ立って部室へ向かった。
99790 ,,<!Lend_scene_change>,0,9000,,,,,,,,,,,,,
100000 ,@638,,,,,,,,,,,,,,,,
100300 ,,<!Lbegin_scene_change>,12,4402,,,優哉,優哉,,,,,,,,,「みんな、遅くに突然呼び出してすまない。
実は、深刻な報告があって、どうしても
相談に乗って欲しかったんだ」
100400 ,,,,,,,愛歌,愛歌,01man638_001.wav,"manaka,uniform",,3,,,,,「どうしたの？　優哉ちゃん。もしかして、
実行委員さんたちの許可が下りなかったとか……？」
100500 ,,,,,,,つむぎ,つむぎ,05tum638_001.wav,manaka,,3,"tumugi,uniform",,3,,「それは、無事に済んだと思いましたけど……
そのあと、また変わったのでしょうか？」
100600 ,,,,,,,恋鳥,恋鳥,04kot638_001.wav,"kotori,uniform",,0,,,,,「悠の様子がおかしい。なにがあったんだ。言え」
100700 ,,,,,,,優哉,優哉,,kotori,,0,,,,,「つむぎが言うとおり、実行委員の許可は取れた。
その後、俺は悠と秘湯を見に行ったんだ。
そうしたら……荒らされていたんだ」
100800 ,,,,,,,愛歌,愛歌,01man638_002.wav,manaka,,3,,,,,「荒らされたって、どんなふうに？
ゴミとか、捨てられちゃったりされてるの？」
100900 ,,,,,,,優哉,優哉,,manaka,,3,,,,,「ゴミ箱ごと放り込まれた感じで、
清掃はもちろん湯の張替えも必要だ。
再開まで、どれぐらいかかるかまだわからない」
101000 ,,,,,,,恋鳥,恋鳥,04kot638_002.wav,kotori,,7,,,,,「……卑劣な！
犯人の見当はついているのか？
恋鳥はやられっぱなしで黙ってないぞ」
101100 ,,,,,,,優哉,優哉,,kotori,,7,,,,,「昨日、みんなでお祝いした帰り道で
それらしい人影を、俺は見た気がする。
でも手がかりは無いし、犯人の特定もできない」
101200 ,,,,,,,恋鳥,恋鳥,04kot638_003.wav,kotori,,7,,,,,「どうにかならんのか」
101300 ,,,,,,,優哉,優哉,,kotori,,7,,,,,「……すまん」
101400 ,,,,,,,恋鳥,恋鳥,04kot638_004.wav,kotori,,0,,,,,「……悠。おまえは？」
101500 ,,,,,,,悠,悠,02yuu638_001.wav,"yuu,uniform",,3,kotori,,0,,「……私は、全然気づかなかった。ゴメン」
101600 ,,,,,,,恋鳥,恋鳥,04kot638_005.wav,kotori,,4,,,,,「むう。……では優哉。
おまえはこの事態をどう考えている」
101700 ,,,,,,,優哉,優哉,,kotori,,4,,,,,「正直、いい方法は思いついてない。
そこでみんなに集まってもらったんだ。
これから、どうしたらいいと思う？」
101800 ,,,,,,,愛歌,愛歌,01man638_003.wav,manaka,,3,,,,,「あの、優哉ちゃん。ちょっと聞きたいんだけど、
温泉の様子って、もう元に戻せないぐらいひどいの？」
101900 ,,,,,,,優哉,優哉,,manaka,,3,,,,,「正直、かなりの量のゴミをばらまかれたから
結構な作業になるとは思う。ただ、
修復出来ないというほどじゃない」
102000 ,,,,,,,愛歌,愛歌,01man638_004.wav,manaka,,90,,,,,「……じゃあ、
みんなで頑張れば、どうにかなるんだよね？」
102100 ,,,,,,,優哉,優哉,,manaka,,90,,,,,「元には戻る。そこは安心していい。
ただ、星の河原祭りはもうあさってだ。
……それに間に合わせるのは、正直キツい」
102200 ,,,,,,,愛歌,愛歌,01man638_005.wav,manaka,,4,,,,,「でもでもっ、
取り返しがつかないってほどじゃないんでしょ？
なら、私はがんばってみたいな」
102300 ,,,,,,,つむぎ,つむぎ,05tum638_002.wav,manaka,,4,tumugi,,4,,「そうですよ。人が傷ついたわけではないのですから、
私たちさえしっかりしていれば、なんでもできます」
102400 ,,,,,,,,,,manaka,,4,tumugi,,4,,　……ここまでは、ある意味予想通りだ。
　二人の性格からして、こういう反応をするのは
　予想がつくからな。問題は、ここからだ。
102500 ,,,,,,,優哉,優哉,,kotori,,0,,,,,「……恋鳥はどう思う」
102600 ,,,,,,,恋鳥,恋鳥,04kot638_006.wav,kotori,,7,,,,,「悪人をほうっておくのはむかつく。
でも、見つけても妨害は成功してる」
102700 ,,,,,,,優哉,優哉,,kotori,,7,,,,,「そうだな。どうせなら、公開を祭りに間に合わせて
鼻をあかした方がいい」
102800 ,,,,,,,優哉,優哉,,kotori,,7,,,,,「だから、みんなで急いで
掃除をするって事でいいか？」
102900 ,,,,,,,,,,kotori,,7,,,,,　これで決まれば、悠の心が落ち着くまで、
　これを拠り所にして動ける。それが理想なんだが……
103000 ,,,,,,,恋鳥,恋鳥,04kot638_007.wav,kotori,,4,,,,,「待て」
103100 ,,,,,,,優哉,優哉,,kotori,,4,,,,,「まだなにかあるのか？」
103200 ,,,,,,,,,,kotori,,4,,,,,　そううまくは、いかねえよな……
103300 ,,,,,,,恋鳥,恋鳥,04kot638_008.wav,kotori,,4,,,,,「悠の気持ちはどうなのだ？
……温泉部の部長は悠だ。最終的な決定は、
悠がくだすべきだと思う」
103400 ,,,,,,,優哉,優哉,,,,,,,,,「悠……話せるか？」
103500 ,,,,,,,,,,,,,,,,,　俺がうながすと、悠は突然頭を下げた。
103600 ,,,,,,,悠,悠,02yuu638_002.wav,yuu,,3,,,,,「みんな……ごめん。
せっかく手伝ってくれたのに、みんなの温泉なのに、
私、部長なのに……守りきれなかった」
103700 ,,,,,,,愛歌,愛歌,01man638_006.wav,yuu,,3,manaka,,90,,「そんな、悠のせいじゃない。悠は全然悪くないよ？」
103800 ,,,,,,,つむぎ,つむぎ,05tum638_003.wav,yuu,,3,tumugi,,1,,「そうですよ。今日だって、
役員の方たち相手にとてもがんばっていたと、
オーナーがほめてましたよ？」
103900 ,,,,,,,恋鳥,恋鳥,04kot638_009.wav,yuu,,3,kotori,,0,,「悠はやれるだけの事はやったと、恋鳥は思ってる」
104000 ,,,,,,,悠,悠,02yuu638_003.wav,yuu,,3,kotori,,0,,「みんな……でも、やっぱり私、
こんな事になっちゃったのが、
申しわけなくて……」
104100 ,,,,,,,,,,yuu,,3,kotori,,0,,　今にも責任を取って退部と言い出しそうな
　悠の背中を、恋鳥がポンポンとたたいた。
104200 ,,,,,,,恋鳥,恋鳥,04kot638_010.wav,yuu,,3,kotori,,1,,「廃部の騒ぎから、もう十分以上に頑張った。
あとは悠の気持ち次第。どんな結論でも、
責める気はない。…………悠は、どうしたい？」
104300 ,,,,,,,,,,yuu,,3,kotori,,1,,　長いつきあいの恋鳥だからこそできる
　熟練のリラックス法なのか、
　悠はみるみる緊張を解いていく。
104400 ,,,,,,,悠,悠,02yuu638_004.wav,yuu,,90,,,,,「……続けたい。温泉部の温泉を、実現したいよ。
お祭りには間に合わないかもしれない、だけど」
104500 ,,,,,,,優哉,優哉,,yuu,,90,,,,,「無理しなくていい。
言葉がまとまらないなら、ゆっくり話せ」
104600 ,,,,,,,悠,悠,02yuu638_005.wav,yuu,,3,,,,,「……あきらめたくないのよ！
みんなと一緒に温泉を作りたい。そして、
作った温泉を、他の人にも認めさせたい……！」
104700 ,,,,,,,悠,悠,02yuu638_006.wav,yuu,,3,,,,,「あの秘湯の記録を見つけた時、
これは運命だって思った。だって、そこに
あって欲しいと思ったものが、あったんだもん」
104800 ,,,,,,,悠,悠,02yuu638_007.wav,yuu,,90,,,,,「みんなで作業してる時、すごく楽しかった。
一歩ずつ夢に近づいている実感があった」
104900 ,,,,,,,悠,悠,02yuu638_008.wav,yuu,,90,,,,,「完成して、みんなでお湯を入れた時、
……とっても幸せだった」
105000 ,,,,,,,悠,悠,02yuu638_009.wav,yuu,,90,,,,,「でも、もうお祭りには間に合わないかもしれない。
また掃除を手伝ってもらっても、がっかりさせる
だけかもしれない」
105100 ,,,,,,,悠,悠,02yuu638_010.wav,yuu,,3,,,,,「……ううん。もう、手伝った事を
後悔させてるのかもしれない」
105200 ,,,,,,,愛歌,愛歌,01man638_007.wav,yuu,,3,manaka,,7,,「悠！　そんな事ない！
そんな事全然考えてないよ！」
105300 ,,,,,,,つむぎ,つむぎ,05tum638_004.wav,yuu,,3,tumugi,,1,,「後悔なんて、ぜんぜんしてませんよ」
105400 ,,,,,,,恋鳥,恋鳥,04kot638_011.wav,yuu,,3,kotori,,7,,「人の気持ちを勝手に決めるな。
恋鳥は、不満があればきちんと自分の口で言う」
105500 ,,,,,,,悠,悠,02yuu638_011.wav,yuu,,3,kotori,,7,,「ありがとう。みんなの優しさは嬉しいけど……
でも、もう自分でも、自信が持てないんだ。
頑張っても、またこんな事起きるのなら……」
105600 ,,,,,,,恋鳥,恋鳥,04kot638_012.wav,yuu,,3,kotori,,0,,「悠は、ここであきらめてもいいのか？」
105700 ,,,,,,,悠,悠,02yuu638_012.wav,yuu,,3,kotori,,0,,「よくない！　私は、あきらめられない。
でも、みんなに迷惑をかけたくない……！
温泉も、みんなの事も、どっちも大事だから」
105800 ,,,,,,,恋鳥,恋鳥,04kot638_013.wav,yuu,,3,kotori,,0,,「そんな事はわかってる。
今、恋鳥が知りたいのは、悠の本当の気持ち。
……悠は、恋鳥たちにどうしてほしい？」
105900 ,,,,,,,悠,悠,02yuu638_013.wav,yuu,,4,kotori,,0,,「……温泉の公開は、絶対あきらめたくない。
だから、みんなの力を借して欲しいの。
なんにもお礼できないけど、助けて欲しい」
106000 ,,,,,,,,,,,,,,,,,　ほんの少しの逡巡があって、
　部員達は口々に答えを出していった。
106100 ,,,,,,,愛歌,愛歌,01man638_008.wav,manaka,,1,,,,,「もちろん！
最後まで一緒に頑張ろうよ。
……私たち、友達だもんね」
106200 ,,,,,,,つむぎ,つむぎ,05tum638_005.wav,tumugi,,1,,,,,「お礼なんて……温泉が一つ出来るじゃないですか。
それが一番の目的で、一番のご褒美だと。
最初から、そういう話でしたでしょう」
106300 ,,,,,,,恋鳥,恋鳥,04kot638_014.wav,,,,kotori,,0,,「……優哉、おまえはどうだ」
106400 ,,,,,,,優哉,優哉,,,,,kotori,,0,,「おいおい、俺がここでバックれる
とでも思ってるのかよ」
106500 ,,,,,,,恋鳥,恋鳥,04kot638_015.wav,,,,kotori,,0,,「いや。……だが、決意表明が聞きたい」
106600 ,,,,,,,優哉,優哉,,,,,kotori,,0,,「……俺は悠の気持ちに賛成だ。
望みがある限り、努力は続けたい。
そしてまだ、希望はあると思う」
106700 ,,,,,,,恋鳥,恋鳥,04kot638_016.wav,,,,kotori,,90,,「反対者はいない。満場一致だ」
106800 ,,,,,,,悠,悠,02yuu638_014.wav,yuu,,3,kotori,,90,,「ありがとう……ひっく、ひっく
　ぐすっ……みんなありがとう」
106900 ,,,,,,,,,,yuu,,3,kotori,,90,,　悠はまた泣き出す。だが、今度は喜びの涙だ。
　みんなの決意表明を受けて、悠はなんとか
　立ち直ったようだった。
107000 ,,,,,,,恋鳥,恋鳥,04kot638_017.wav,,,,kotori,,4,,「で、具体案はどうする。
優哉、恋鳥たちを呼んだのはお前だ。
今夜はお前が仕切れ」
107100 ,,,,,,,優哉,優哉,,,,,kotori,,4,,「ああ。犯人はわからないが、祭りの日が迫っている。
そこで、俺達は捜索よりも修復を優先する。
それが、再犯も防ぐことにもなると思う」
107200 ,,,,,,,恋鳥,恋鳥,04kot638_018.wav,,,,kotori,,4,,「うむ」
107300 ,,,,,,,優哉,優哉,,,,,,,,,「今日のところはもう暗い。作業は難しいから解散しよう。
明日からは、各自空いてる時間を使って清掃作業だ」
107400 ,,,,,,,愛歌,愛歌,01man638_009.wav,manaka,,0,,,,,「うん、私がんばるよ！
いままでよりもずっとずーっとがんばって、
絶対お祭りに間に合わせようね！」
107500 ,,,,,,,優哉,優哉,,manaka,,0,,,,,「時間は厳しいが、いままでの経験と慣れが
作業にかかる時間を短縮してくれると思う。
経験がない部分は、俺がフォローするつもりだ」
107600 ,,,,,,,恋鳥,恋鳥,04kot638_019.wav,kotori,,0,,,,,「……頼りない。でも、
結果がわかる前に投げ出すのは恋鳥は嫌いだ。
明日から頼むぞ、優哉」
107700 ,,,,,,,優哉,優哉,,kotori,,0,,,,,「とにかく、後悔のないようベストを尽くそう。
今日は早めに休んで、明日に備えてくれ。
悠は、俺が送っていく」
107800 ,,,,,,,つむぎ,つむぎ,05tum638_006.wav,tumugi,,90,,,,,「もともとそういう予定でしたし、
それがいいと思います」
107900 ,,,,,,,悠,悠,02yuu638_015.wav,yuu,,3,,,,,「優哉、甘えてばかりでごめん。
みんな、頼ってばかりで本当に、本当にごめん……！」
108000 ,,,,,,,優哉,優哉,,yuu,,3,,,,,「さあ、もういいだろ？
今日はいろいろあった。気弱になるのはわかる。
でも、悠は一人じゃないだろ？」
108100 ,,,,,,,悠,悠,02yuu638_016.wav,yuu,,12,,,,,「うんっ……ふふっ、本当にそうだね」
108200 ,,,,,,,優哉,優哉,,yuu,,12,,,,,「早く元気になって、いつもの悠に戻ってくれ。
みんな、そういう悠にいままで励まされてきたんだから」
108300 ,,,,,,,悠,悠,02yuu638_017.wav,yuu,,1,,,,,「……うん！」
108390 ,,<!Lend_day_change>,0,9000,,,,,,,,,,,,,
108399 ,,<!ec_yuu_uni>,,,,,,,,,,,,,,,
108700 ,@639,,,,,,,,,,,,,,,,
109000 ,,<!Lbegin_day_change>,7,11330,,,悠,悠,02yuu639_001.wav,"yuu,uniform",,1,,,,,「おーい、優哉。遅いぞー！
こっちはもう始めてるんだからね！」
109100 ,,,,,,,優哉,優哉,,yuu,,1,,,,,「はぁ、はぁ……お前が足速すぎなんだよ。
俺はすぐに走ってきたんだぞ？
現地集合は、間違いだったたかなあ」
109200 ,,,,,,,悠,悠,02yuu639_002.wav,yuu,,1,,,,,「ん～、それでも抜け出して先に来てたかなぁ。
黒板に伝言ぐらいは残したと思うけど」
109300 ,,,,,,,優哉,優哉,,yuu,,1,,,,,「やれやれ。そんなとこだろうな。
まったく、しょうがねえ。……でも、
調子戻ったみたいだな。悠」
109400 ,,,,,,,悠,悠,02yuu639_003.wav,yuu,,1,,,,,「へへへ……うん。ありがと」
109500 ,,,,,,,愛歌,愛歌,01man639_001.wav,"manaka,uniform",,15,,,,,「優哉ちゃんも悠も早すぎるよ～。
私だって、すっごい急いで来たのに……」
109600 ,,,,,,,優哉,優哉,,manaka,,15,,,,,「そうだ。つむぎは、体調が悪いから来れないって
伝言を預かってたんだった！　オヤジが言うには、
『本当にごめんなさい……』だってさ」
109700 ,,,,,,,愛歌,愛歌,01man639_002.wav,manaka,,0,,,,,「そういえば、学校でも見なかったね……
つむぎさん身体弱そうだし、ここ最近も
つらかったのかな？」
109800 ,,,,,,,悠,悠,02yuu639_004.wav,yuu,,0,,,,,「まあ、無理してもらっちゃ悪いし、
私が二人分、三人分がんばれば問題ないよ！
愛歌も遅れずついてきなよねっ」
109900 ,,,,,,,愛歌,愛歌,01man639_003.wav,manaka,,5,,,,,「ぶうっ。別に遅れてないもん。
あ。でもでもっ、つむぎさんが来てないから
結局着いたのは私が一番最後？　ショックぅ」
110000 ,,,,,,,恋鳥,恋鳥,04kot639_001.wav,"kotori,uniform",,0,,,,,「……早いのだけが、能があるわけじゃない」
110100 ,,,,,,,悠,悠,02yuu639_005.wav,yuu,,12,kotori,,0,,「あ……あははは、恋鳥ぃ。は、早かったねえ」
110200 ,,,,,,,恋鳥,恋鳥,04kot639_002.wav,yuu,,12,kotori,,5,,「あらかさまなフォローはいらない。
別に遅れたわけじゃないし」
110300 ,,,,,,,愛歌,愛歌,01man639_004.wav,manaka,,0,kotori,,5,,「そうだよね！　別に遅くないよねー」
110400 ,,,,,,,恋鳥,恋鳥,04kot639_003.wav,manaka,,0,kotori,,7,,「でも、遅いぐらいで
存在を忘れられるのは心外だ」
110500 ,,,,,,,愛歌,愛歌,01man639_005.wav,manaka,,5,kotori,,7,,「……しゅん。ごめんなさい」
110600 ,,,,,,,悠,悠,02yuu639_006.wav,yuu,,0,,,,,「ままま、そういじめないの！
ところで優哉。今日はどう分担する？」
110700 ,,,,,,,優哉,優哉,,yuu,,0,,,,,「悠は、いままでなにしてたんだ」
110800 ,,,,,,,悠,悠,02yuu639_007.wav,yuu,,0,,,,,「湯船の中の、目立つゴミをさらってたよ。
見てて気分悪いし、そのうち絶対する作業だから」
110900 ,,,,,,,優哉,優哉,,yuu,,0,,,,,「じゃあ、それを続行だ。俺も手伝う。
その後で湯をかきだす作業に移ろう」
111000 ,,,,,,,愛歌,愛歌,01man639_006.wav,manaka,,0,,,,,「優哉ちゃん、私たちはどうすればいいの？」
111100 ,,,,,,,優哉,優哉,,manaka,,0,,,,,「愛歌と恋鳥は、湯船に注ぐ湯の軌道を変えて欲しい。
せきとめてもいいし、よそへ流れるようにしてもいい」
111200 ,,,,,,,愛歌,愛歌,01man639_007.wav,manaka,,3,,,,,「え！　ええと、ええと。
どっちの方がいいの？」
111300 ,,,,,,,優哉,優哉,,manaka,,3,,,,,「やりやすい方でかまわないぞ」
111400 ,,,,,,,恋鳥,恋鳥,04kot639_004.wav,manaka,,3,kotori,,0,,「……復元しやすい方がいい。
掃除をする間、湯を流したくないだけだからな」
111500 ,,,,,,,優哉,優哉,,manaka,,3,kotori,,0,,「そうだな、
恋鳥の言うとおりだ。そっちの指揮は頼めるか？」
111600 ,,,,,,,恋鳥,恋鳥,04kot639_005.wav,manaka,,3,kotori,,52,,「まかせろ」
111700 ,,,,,,,優哉,優哉,,manaka,,3,kotori,,52,,「湯がうまく止まったら知らせてくれ。
浴槽から湯をかきだす作業に切り替えるから」
111800 ,,,,,,,恋鳥,恋鳥,04kot639_006.wav,manaka,,3,kotori,,0,,「わかった。……急いだ方がいいんだな？」
111900 ,,,,,,,優哉,優哉,,manaka,,3,kotori,,0,,「そうだ。湯を張ったままだと効率悪いからな。
ま、目立つゴミを取るだけでも結構かかるから、
そこまで急ぐわけでもないけどな」
112000 ,,,,,,,愛歌,愛歌,01man639_008.wav,manaka,,1,kotori,,0,,「りょうかーい！」
112100 ,,,,,,,優哉,優哉,,,,,,,,,「……おい、悠。お前平気な顔してるけど、
かなり作業してるだろ？　湯から出て、少し休憩しろ」
112200 ,,,,,,,,,,,,,,,,,　よくよく見ると、昨日とくらべて
　湯の中がすこしキレイになってる。
112300 ,,,,,,,悠,悠,02yuu639_008.wav,yuu,,0,,,,,「全然残ってるじゃん。まだまだ楽勝だよ」
112400 ,,,,,,,優哉,優哉,,yuu,,0,,,,,「湯を張った状態で作業すると、
どうしても体温上がって疲れやすいんだぞ？
飛ばしすぎて、あとでバテたら意味ないだろうが」
112500 ,,,,,,,悠,悠,02yuu639_009.wav,yuu,,5,,,,,「でもじっとしてるなんて、落ち着かないよ。
身体を動かしてる方が、何も考えずにすむもん。
お願いだから、そんな殺生な事言わないでよ」
112600 ,,,,,,,優哉,優哉,,yuu,,5,,,,,「……ホントに、無理はしてないんだな？」
112700 ,,,,,,,悠,悠,02yuu639_010.wav,yuu,,1,,,,,「もちろん！　昨日の反動なのかな？
今日は力がみなぎってるよ。そうだ！
今からここで泳いでタイムとってみる？」
112800 ,,,,,,,優哉,優哉,,yuu,,1,,,,,「……ムダな事はしなくていい。
俺が疲れてると判断したら、強引にでも休ませるぞ。
その時は素直に聞けよ」
112900 ,,,,,,,悠,悠,02yuu639_011.wav,yuu,,1,,,,,「……は～い。まあでも、
疲れてるみたいに見えるなんて絶対ないと思うけどね！
てりゃりゃりゃあああーっ！！」
113100 ,,<!se_bath_water_h>,,,,,優哉,優哉,,,,,,,,,「ああ……そうだな。俺は負けないように
ついてくだけで精一杯だよ」
113300 ,,<!timepass_1_long>,,,,,愛歌,愛歌,01man639_009.wav,manaka,,0,,,,,「悠ー、優哉ちゃーん。
お湯の注ぎ口、進路変更できたよー」
113400 ,,,,,,,悠,悠,02yuu639_012.wav,yuu,,0,,,,,「よおっし、
次はお湯をかきだす作業だね！　いくよーっ！」
113500 ,,,,,,,優哉,優哉,,yuu,,0,,,,,「……あっ！　ちょっと待て、悠。ストップ！
愛歌ーっ！　逃げろーっ！！」
113600 ,,,,,,,愛歌,愛歌,01man639_010.wav,manaka,,3,,,,,「え？　優哉ちゃーん。なあに？」
113800 ,,<!se_bath_water_h>,,,,,愛歌,愛歌,01man639_011.wav,manaka,,5,,,,,「ふええ。……ビショビショぉ」
113900 ,,,,,,,悠,悠,02yuu639_013.wav,yuu,,12,,,,,「おっと、そっちまではねちゃったか。
ごめんねーっ。ドンマイドンマイっ！」
114000 ,,,,,,,恋鳥,恋鳥,04kot639_007.wav,kotori,,0,,,,,「せっかく、通り道が
ぬかるまないよう工夫したのに。
今の悠は、完全に予想外だ」
114100 ,,,,,,,愛歌,愛歌,01man639_012.wav,kotori,,0,manaka,,0,,「昨日の元気ない悠よりは、ずっといいけどね」
114200 ,,,,,,,恋鳥,恋鳥,04kot639_008.wav,kotori,,1,manaka,,0,,「……そうだな。
さあ、恋鳥たちの作業も終わってない。
流れの先を、谷の方に向けるぞ」
114300 ,,,,,,,愛歌,愛歌,01man639_013.wav,kotori,,1,manaka,,1,,「うんっ」
114400 ,,,,,,,優哉,優哉,,,,,,,,,「……ふう。結構いいペースで進んでるな。
湯を出した後の掃除がどれぐらいかかるかわからんが、
この調子なら間に合う可能性は大だぞ」
114500 ,,,,,,,悠,悠,02yuu639_014.wav,yuu,,0,,,,,「可能性が大きいくらいじゃダメだよ。
絶対間に合わせるつもりでやらないと。
私、まだあきらめたわけじゃないからね」
114600 ,,,,,,,優哉,優哉,,yuu,,0,,,,,「でも、さすがにぶっつづけで作業しすぎだな。
……一息入れたらどうだ？」
114700 ,,,,,,,悠,悠,02yuu639_015.wav,yuu,,1,,,,,「優哉は疲れたら、休んでいいよ。
私は、お湯を出し切るまで続けたい。
出し終われば、恋鳥たちにも手伝ってもらえるからね」
114800 ,,,,,,,優哉,優哉,,yuu,,1,,,,,「だけどな。それってかなりの重労働だぞ？」
114900 ,,,,,,,悠,悠,02yuu639_016.wav,yuu,,0,,,,,「優哉もすみさきでやってる事じゃない」
115000 ,,,,,,,優哉,優哉,,yuu,,0,,,,,「……まあ、そうなんだけどさ」
115100 ,,,,,,,悠,悠,02yuu639_017.wav,yuu,,90,,,,,「みんな協力してくれて、間に合いそうだって
希望が私を励ましてくれてる。だから、私は
行動でそれに少しでも応えなきゃ」
115200 ,,,,,,,優哉,優哉,,yuu,,90,,,,,「よーし、じゃあペースを上げるぞ。
どっちが多く出せるか、競争だ！」
115300 ,,,,,,,悠,悠,02yuu639_018.wav,yuu,,1,,,,,「じゃあ、負けた方がケーキおごりって事でどう？
私のバイト先のケーキだったら、営業成績にもなるし」
115400 ,,,,,,,優哉,優哉,,yuu,,1,,,,,「よーし、その条件受けた！」
115500 ,,,,,,,悠,悠,02yuu639_019.wav,yuu,,1,,,,,「それじゃあ、よーい、スタートッ！！」
115700 ,,<!se_bath_water_h>,,,,,愛歌,愛歌,01man639_014.wav,yuu,,1,manaka,,3,,「あの……悠、優哉ちゃん」
115800 ,,,,,,,悠,悠,02yuu639_020.wav,yuu,,12,manaka,,3,,「あっれぇ？　またかかっちゃった？　ごめんごめん」
115900 ,,,,,,,愛歌,愛歌,01man639_015.wav,yuu,,12,manaka,,3,,「……ううん、そうじゃないの。
なんだかね？　お湯の様子がおかしいの。恋鳥ちゃんが
今調べてるけど、みんなに来て欲しいって」
116000 ,,,,,,,優哉,優哉,,yuu,,90,manaka,,3,,「なにがあったんだ？」
116100 ,,,,,,,愛歌,愛歌,01man639_016.wav,yuu,,90,manaka,,3,,「私、よくわからないの……」
116200 ,,,,,,,悠,悠,02yuu639_021.wav,yuu,,4,manaka,,3,,「……優哉行こう！　見た方が早いよ！」
116400 ,,,,,,,恋鳥,恋鳥,04kot639_009.wav,kotori,,0,,,,,「ああ、来たか。……見てみろ」
116500 ,,,,,,,優哉,優哉,,kotori,,0,,,,,「湯の勢いが……明らかに落ちてるな。いつからだ？」
116600 ,,,,,,,恋鳥,恋鳥,04kot639_010.wav,kotori,,0,,,,,「水路を分岐させてからしばらくしてだ。
確信できなかったから、複数の意見が欲しかった。
湯量が減っているのは、見間違いではないのだな」
116700 ,,,,,,,愛歌,愛歌,01man639_017.wav,manaka,,3,,,,,「優哉ちゃんが見てもそうなの？
……このままだと、この温泉どうなっちゃうの？」
116800 ,,,,,,,優哉,優哉,,manaka,,3,,,,,「湯を張るのに時間がかかる、それだけならいいが、
このまま湯が止まっちまう可能性も出てきたな」
116900 ,,,,,,,愛歌,愛歌,01man639_018.wav,manaka,,15,,,,,「そんな！」
117000 ,,,,,,,恋鳥,恋鳥,04kot639_011.wav,kotori,,7,,,,,「また、誰かの妨害か？
それとも、恋鳥たちのやり方がまずかったか」
117100 ,,,,,,,優哉,優哉,,kotori,,7,,,,,「いや。そりゃ俺達は専門家じゃないけど、
進路を変えるくらいで、湯量に悪影響は出ないはずだ。
この近くに恋鳥たちがいた以上、妨害も考えにくい」
117200 ,,,,,,,恋鳥,恋鳥,04kot639_012.wav,kotori,,3,,,,,「どういう事だ？」
117300 ,,,,,,,優哉,優哉,,kotori,,3,,,,,「湯量を減らすなら、同じ水脈かその水脈の
上流に新しい湧出口を作る必要がある。
大規模工事になるはずだから、音が聞こえるだろ？」
117400 ,,,,,,,恋鳥,恋鳥,04kot639_013.wav,kotori,,3,,,,,「……じゃあ、なぜここの湧出量は減っている」
117500 ,,,,,,,優哉,優哉,,kotori,,3,,,,,「もともと存在している湯量が、
少なかったのかもしれない。だとすると……」
117600 ,,,,,,,愛歌,愛歌,01man639_019.wav,kotori,,3,manaka,,3,,「あっ」
117700 ,,,,,,,恋鳥,恋鳥,04kot639_014.wav,kotori,,5,manaka,,5,,「……止まったな」
117800 ,,,,,,,,,,kotori,,5,manaka,,5,,　重い沈黙が辺りを覆った。
　誰もが言葉を失っていた。
　自然と、みんなの視線は部長の悠に集まっていた。
117900 ,,,,,,,優哉,優哉,,yuu,,4,,,,,「……悠」
118000 ,,,,,,,悠,悠,02yuu639_022.wav,yuu,,4,,,,,「『悩んでもしかたない事は、しょうがない』でしょ？
……ほら、作業に戻ろう」
118100 ,,,,,,,優哉,優哉,,yuu,,4,,,,,「だけどな、悠」
118200 ,,,,,,,悠,悠,02yuu639_023.wav,yuu,,3,,,,,「ダメなの？　もうあきらめなきゃいけない？
ここから、温泉が復活する可能性はないの？」
118300 ,,,,,,,優哉,優哉,,yuu,,3,,,,,「そうじゃない。そうじゃないけどな？」
118400 ,,,,,,,悠,悠,02yuu639_024.wav,yuu,,4,,,,,「……そうじゃなければ、なんなの！？
ハッキリ言ってよ。優哉！！」
118500 ,,,,,,,優哉,優哉,,yuu,,4,,,,,「こんなに唐突に湯が止まるって事は、
ここが湯の埋蔵量の少ない温泉だった可能性がある。
だとすれば、ここが捨てられた理由も納得がいくよな」
118600 ,,,,,,,悠,悠,02yuu639_025.wav,yuu,,3,,,,,「じゃあ、やっぱり可能性はゼロなの？」
118700 ,,,,,,,優哉,優哉,,yuu,,3,,,,,「ゼロじゃない。単に、水圧の変化でいまの湧出量が
減ってるだけかもしれないし。そうでなくても、
地下の圧力変化で他の水脈とつながる可能性もある」
118800 ,,,,,,,悠,悠,02yuu639_026.wav,yuu,,4,,,,,「……それって、どれぐらいの可能性？」
118900 ,,,,,,,優哉,優哉,,yuu,,4,,,,,「事例があるというだけで、ただ掘った穴から
温泉が湧くよりは高いってぐらいだな。
悪いが、これ以上は俺は知らない」
119000 ,,,,,,,悠,悠,02yuu639_027.wav,yuu,,4,,,,,「つまり、止まった原因がわからないなら、
復活するかどうかもわからない。……って事？」
119100 ,,,,,,,優哉,優哉,,yuu,,4,,,,,「ありていに言えば、そうだ」
119200 ,,,,,,,悠,悠,02yuu639_028.wav,yuu,,90,,,,,「……じゃあ、ここで私たちが頭をつき合わせて
悩んでいてもしかたないって事だよね？ それなら、
復活した時のためにできる事をしておこうよ」
119300 ,,,,,,,優哉,優哉,,yuu,,90,,,,,「ああ。……だが復活する保証はないぞ」
119400 ,,,,,,,悠,悠,02yuu639_029.wav,yuu,,90,,,,,「その時は私が掘り直す。温泉がまた湧くまで、掘り続けるよ！」
119500 ,,,,,,,優哉,優哉,,yuu,,90,,,,,「あのな、悠。温泉を掘るってのは、
大掛かりな工事が必要なんだ。いくらお前でも、
人力じゃいつまでかかるかわからないぞ？」
119600 ,,,,,,,愛歌,愛歌,01man639_020.wav,manaka,,0,,,,,「……でも、優哉ちゃん。私も悠と同じ考えだよ」
119700 ,,,,,,,優哉,優哉,,manaka,,0,,,,,「愛歌！？」
119800 ,,,,,,,愛歌,愛歌,01man639_021.wav,manaka,,3,,,,,「お湯がまた出始めた時、準備ができてなくて
結局中止になったら、すっごく悲しいと思うの」
119900 ,,,,,,,恋鳥,恋鳥,04kot639_015.wav,manaka,,3,kotori,,1,,「……そうだな。
人事を尽くさずして天を恨むのは、
人のする事じゃない」
120000 ,,,,,,,悠,悠,02yuu639_030.wav,yuu,,4,,,,,「愛歌……恋鳥……」
120100 ,,,,,,,愛歌,愛歌,01man639_022.wav,manaka,,0,kotori,,90,,「ここまで頑張って、あきらめちゃうのって
なんだか悲しいよ。お湯が湧かなかったら、
その時になにか作戦を考えればいいんじゃない？」
120200 ,,,,,,,恋鳥,恋鳥,04kot639_016.wav,manaka,,0,kotori,,90,,「準備を整えながら考えるのは、無駄じゃない。
勝負を投げるよりは、ずっとマシ」
120300 ,,,,,,,優哉,優哉,,manaka,,0,kotori,,90,,「……そうだな。まずできる事を済ませてから、
善後策を考えよう。やれる事は、まだあるんだもんな」
120400 ,,,,,,,悠,悠,02yuu639_031.wav,yuu,,0,,,,,「じゃあ、作業続行！　まずは、
お湯を湯船から出すのを続けるの？」
120500 ,,,,,,,優哉,優哉,,yuu,,0,,,,,「ああ、それは変わらない。湯がどうであれ、
汚された湯船を洗わないわけにはいかないからな」
120600 ,,,,,,,愛歌,愛歌,01man639_023.wav,manaka,,3,kotori,,0,,「私たちはどうすればいいの？
悠たちを手伝えばいいのかな？」
120700 ,,,,,,,優哉,優哉,,manaka,,3,kotori,,0,,「いや、そっちは湧き出し口のまわりにいてくれ。
万が一湯量が復活した時に、掃除中の湯船に
湯が入ると二度手間になるからな」
120800 ,,,,,,,恋鳥,恋鳥,04kot639_017.wav,manaka,,0,kotori,,0,,「……確かに、いつ回復するかわからない。厄介」
120900 ,,,,,,,優哉,優哉,,manaka,,0,kotori,,0,,「そうだな。だから、見張りを頼む」
121000 ,,,,,,,恋鳥,恋鳥,04kot639_018.wav,manaka,,0,kotori,,52,,「まかせておけ」
121100 ,,,,,,,悠,悠,02yuu639_032.wav,yuu,,1,,,,,「あきらめるのはまだ早い。
　温泉部の温泉完成目指してがんばろう！」
121200 ,,,,,,,愛歌＠恋鳥＠悠,一同,04kot639_019.wav＠02yuu274_016.wav＠01man274_032.wav,manaka,,1,kotori,,52,,「おおーっ」
121300 ,,,,,,,,,,,,,,,,,　作業は続けたが
　やはり意気が落ちるのは否めなかった。
121400 ,,,,,,,,,,,,,,,,,　悠はやけくそのように湯を掻き出してはいたが
　明らかにそのペースは落ちていた。
　愛歌や恋鳥も、隠してはいたが落胆していた。
121500 ,,,,,,,,,,,,,,,,,　それでも俺たちは、
　日が落ちるまで黙々と作業を続け、
　黙ったまま帰途へとついた。
121590 ,,<!Lend_scene_change>,0,9000,,,,,,,,,,,,,
121700 ,@640,,,,,,,,,,,,,,,,
122000 ,,<!Lbegin_scene_change>,8,1200,,,優哉,優哉,,,,,,,,,「ただいまーっ」
122100 ,,,,,,,英俊,英俊,13eis640_001.wav,,,,,,,,「おお。温泉の復興作業ははかどってるか？
つむぎくんが心配してたぞ」
122200 ,,,,,,,優哉,優哉,,,,,,,,,「まあ、全力でやってるとしか言えないな。
そういえば、つむぎの具合ってどうなんだ？」
122300 ,,,,,,,英俊,英俊,13eis640_002.wav,,,,,,,,「うーん。正直なところ、あまりよくないね
仲居の仕事も休んではもらってるんだが、
なかなか体力が戻ってこないみたいでね」
122400 ,,,,,,,優哉,優哉,,,,,,,,,「え……そんなにひどいのか？」
122500 ,,,,,,,英俊,英俊,13eis640_003.wav,,,,,,,,「ああ。ああいう人だから表には出さないが、かなり
悪そうだ。部活はつむぎくんも納得しての事だろうが、
あまりつき合わせるんじゃないぞ？」
122600 ,,,,,,,優哉,優哉,,,,,,,,,「……わかった」
122700 ,,,,,,,英俊,英俊,13eis640_004.wav,,,,,,,,「とりあえずは、今日の事を報告して安心させて
あげなさい。心配して出歩いたりしたら、途中で
なにがあるかわからないからね」
122800 ,,,,,,,優哉,優哉,,,,,,,,,「わかった。すぐ行くよ」
122900 ,,,,,,,英俊,英俊,13eis640_005.wav,,,,,,,,「あぁ、それじゃあね」
123100 ,,<!move_short><!se_room_knock>,,1602,,,優哉,優哉,,,,,,,,,「優哉だけど……今、起きてるか？」
123200 ,,<!move_veryshort>,,1502,,,つむぎ,つむぎ,05tum640_001.wav,"tumugi,juban",,12,,,,,「はい。どうぞお入りください。
こんな姿ですみませんね」
123300 ,,,,,,,優哉,優哉,,tumugi,,12,,,,,「えっと、いや。無理しないで。
起きなくていいから」
123400 ,,,,,,,つむぎ,つむぎ,05tum640_002.wav,tumugi,,12,,,,,「では、お言葉に甘えさせていただいて……
ところで、今日の作業はどうでしたか？
悠さんは、大丈夫だったんですか？」
123500 ,,,,,,,優哉,優哉,,tumugi,,12,,,,,「ああ、悠の事は大丈夫。
すっかりいつもの悠に戻って、
みんなをあきれさせてた」
123600 ,,,,,,,つむぎ,つむぎ,05tum640_003.wav,tumugi,,0,,,,,「まあ、どんな様子だったんですか？」
123700 ,,,,,,,優哉,優哉,,tumugi,,0,,,,,「一人で早く作業を始めて、愛歌をふくれさせたり……
つむぎさんが来れないってわかると、じゃあ私が
二、三人分働くってはりきったり」
123800 ,,,,,,,つむぎ,つむぎ,05tum640_004.wav,tumugi,,5,,,,,「……大事な時期に、
お役に立てなくて申し訳ありません」
123900 ,,,,,,,優哉,優哉,,tumugi,,5,,,,,「いや。俺も、具合が悪いのに気づかず
昨日呼び出したのは悪かった。ただでさえ、
つむぎにはすみさきの仕事もあるのにな……」
124000 ,,,,,,,つむぎ,つむぎ,05tum640_005.wav,tumugi,,12,,,,,「本当にたいした事はないんですよ？
……ただ、オーナーが心配性でらっしゃるんです」
124100 ,,,,,,,優哉,優哉,,tumugi,,12,,,,,「まあ、オヤジは女の子には変に優しいからな。
断る方が大変だから、好きにさせといたほうがいい」
124200 ,,,,,,,つむぎ,つむぎ,05tum640_006.wav,tumugi,,1,,,,,「ふふふ。ひどいおっしゃりよう」
124300 ,,,,,,,優哉,優哉,,tumugi,,1,,,,,「まあ、作業の方も順調だから。
心配はいらないぞ？」
124400 ,,,,,,,つむぎ,つむぎ,05tum640_007.wav,tumugi,,3,,,,,「そうなんですか？　昨日のお話では……
違ったように思いましたが」
124500 ,,,,,,,優哉,優哉,,tumugi,,3,,,,,「さっきも話したけど、悠がはりきっててな。
かき出したお湯が遠くまで届きすぎて、
愛歌はずぶぬれ、恋鳥まであきれてたよ」
124600 ,,,,,,,つむぎ,つむぎ,05tum640_008.wav,tumugi,,1,,,,,「うふふ……。あら、私ったら。
人を笑うなんてはしたない事を……」
124700 ,,,,,,,優哉,優哉,,tumugi,,1,,,,,「いや、もっと笑ってやってくれ。
悠はつむぎの具合心配してたし。あいつの事だから、
笑われたって聞けば、むしろ安心して喜ぶよ」
124800 ,,,,,,,つむぎ,つむぎ,05tum640_009.wav,tumugi,,90,,,,,「でも…………ないしょにしておいてくださいね」
124900 ,,,,,,,優哉,優哉,,tumugi,,90,,,,,「まあ、そんな感じだからこっちは大丈夫。
つむぎはゆっくり休んでてくれよ」
125000 ,,,,,,,つむぎ,つむぎ,05tum640_010.wav,tumugi,,3,,,,,「はい……ところで、優哉さん」
125100 ,,,,,,,優哉,優哉,,tumugi,,3,,,,,「なんだ？」
125200 ,,,,,,,つむぎ,つむぎ,05tum640_011.wav,tumugi,,3,,,,,「なにか、心配事でもおありですか？
……あまりお顔の色がすぐれないようですが」
125300 ,,,,,,,優哉,優哉,,tumugi,,3,,,,,「……っ！」
125400 ,,,,,,,つむぎ,つむぎ,05tum640_012.wav,tumugi,,3,,,,,「いまの優哉さんは、昨夜の悠さんのような
顔をしてらっしゃいます。それなのに、心配ないと
言われてしまうと……少し、悲しいです」
125500 ,,,,,,,優哉,優哉,,tumugi,,3,,,,,「いや、本当になにもないんだ。
そんなに気を使わなくて大丈夫だって」
125600 ,,,,,,,つむぎ,つむぎ,05tum640_013.wav,tumugi,,3,,,,,「愛歌さんや、悠さんに同じようにおうかがいしても
よろしいですか？　恋鳥さんでしたら、本当の事を
包み隠さずおっしゃってくださると思います」
125700 ,,,,,,,優哉,優哉,,tumugi,,3,,,,,「本当に大した事じゃない。
別に隠すつもりなんてないんだ」
125800 ,,,,,,,つむぎ,つむぎ,05tum640_014.wav,tumugi,,3,,,,,「温泉部の事でしたら、なんでも知りたいんです。
皆さんとごいっしょさせていただいて、
私はとても楽しませていただいてます」
125900 ,,,,,,,優哉,優哉,,tumugi,,3,,,,,「えっと、まあ……湯が止まっちゃったんだ」
126000 ,,,,,,,つむぎ,つむぎ,05tum640_015.wav,tumugi,,3,,,,,「……温泉のお湯がですか？」
126100 ,,,,,,,優哉,優哉,,tumugi,,3,,,,,「そうなんだ。源泉の方の状況がわからないから、
いちがいに悲観的になる必要もない。だから、
教えなかっただけなんだけどな」
126200 ,,,,,,,つむぎ,つむぎ,05tum640_016.wav,tumugi,,3,,,,,「いったい、なんでそんなことに？」
126300 ,,,,,,,優哉,優哉,,tumugi,,3,,,,,「原因はわからない。
でも、妨害とかじゃないだろうな。
俺はあそこの寿命なんじゃないかと思ってる」
126400 ,,,,,,,つむぎ,つむぎ,05tum640_017.wav,tumugi,,5,,,,,「……寿命、ですか」
126500 ,,,,,,,優哉,優哉,,tumugi,,5,,,,,「ああ。古い温泉だったし、水脈じゃなくて
たまってる方の温泉っぽい気配はあったからな。
だとすれば、そんなに珍しい事でもないだろ？」
126600 ,,,,,,,つむぎ,つむぎ,05tum640_018.wav,tumugi,,0,,,,,「……でも、それでは悠さんの温泉が」
126700 ,,,,,,,優哉,優哉,,tumugi,,0,,,,,「復活するかも、と信じてがんばってるよ。
もし寿命だったら、自力で掘ってでも必ず
復活させるって言ってるし」
126800 ,,,,,,,つむぎ,つむぎ,05tum640_019.wav,tumugi,,3,,,,,「温泉を、自力でですか？　それは……
確かに悠さんは、たくましい方と思いますけど」
126900 ,,,,,,,優哉,優哉,,tumugi,,3,,,,,「俺も似たような事は言ったんだけどな。
まあでも、愛歌も恋鳥も一緒に頑張るって言うし、
俺も最後までつきあう覚悟は決まってる」
127000 ,,,,,,,つむぎ,つむぎ,05tum640_020.wav,tumugi,,5,,,,,「……でも、それで温泉が枯れてしまったら、
悠さんがお気の毒です」
127100 ,,,,,,,優哉,優哉,,tumugi,,5,,,,,「悠も、ある程度は覚悟してると思う。
ただ、いろいろこだわりがあるみたいだからな。
最後までがんばり続けるつもりなんだろうな」
127200 ,,,,,,,つむぎ,つむぎ,05tum640_021.wav,tumugi,,5,,,,,「……」
127300 ,,,,,,,優哉,優哉,,tumugi,,5,,,,,「そういう事だ。湯に関してはどうにもならないし、、
他の事は俺達が全力であたるつもりだ。つむぎは
体調が戻るまで、ゆっくり休んでてくれ」
127400 ,,,,,,,つむぎ,つむぎ,05tum640_022.wav,tumugi,,42,,,,,「はい……これも、運命なのかもしれませんね」
127500 ,,,,,,,優哉,優哉,,tumugi,,42,,,,,「まあ、あんまり話してても体にさわるだろうから、
そろそろ帰るな。ゆっくり養生してくれよ？」
127600 ,,,,,,,つむぎ,つむぎ,05tum640_023.wav,tumugi,,4,,,,,「…………はい。さようなら、優哉さん」
127690 ,,<!Lend_day_change>,0,9000,,,,,,,,,,,,,
127800 ,@641,,,,,,,,,,,,,,,,
128100 ,,<!Lbegin_day_change>,7,11330,,,,,,,,,,,,,　次の日も、俺たちは温泉の補修を続けていた。
128200 ,,,,,,,愛歌,愛歌,01man641_001.wav,"manaka,uniform",,0,,,,,「♪～、♪♪、～♪」
128300 ,,,,,,,優哉,優哉,,manaka,,0,,,,,「おい、愛歌」
128400 ,,,,,,,愛歌,愛歌,01man641_002.wav,manaka,,0,,,,,「なに、優哉ちゃん？
あ……ごめんなさい。うるさかった？」
128500 ,,,,,,,優哉,優哉,,manaka,,0,,,,,「いいじゃないか。本当だったら、
今ごろは遊んでたかもしれないんだし。
ここはやっておくから、遊んできてもいいぞ」
128600 ,,,,,,,愛歌,愛歌,01man641_003.wav,manaka,,90,,,,,「ううん。私のお祭りは、
この温泉にお客さんを迎えることだもん。続けるよ！」
128700 ,,,,,,,優哉,優哉,,manaka,,90,,,,,「ははっ！　えらいぞ、愛歌」
128800 ,,,,,,,愛歌,愛歌,01man641_004.wav,manaka,,90,,,,,「当然だよ。だって私も、温泉部部員だもん」
128900 ,,,,,,,恋鳥,恋鳥,04kot641_001.wav,manaka,,90,"kotori,uniform",,0,,「意気ごみはいいけど、手も動かして欲しい」
129000 ,,,,,,,愛歌,愛歌,01man641_005.wav,manaka,,15,kotori,,0,,「あっ、はいっ！　ごめんなさい」
129100 ,,,,,,,悠,悠,02yuu641_003.wav,"yuu,uniform",,0,,,,,「ふぅ、結構手間取るねえ……湯の底の掃除が、
こんなに大変だなんて知らなかったよ」
129200 ,,,,,,,優哉,優哉,,yuu,,0,,,,,「細かいのとか、液体もあったからな。
また湯を入れた時に混ざったら元も子もない。
丹念に残さず拭き取るんだ」
129300 ,,,,,,,恋鳥,恋鳥,04kot641_002.wav,,,,kotori,,0,,「入るだけなら、あまり意識しないのに。
……すみさきも、いつもこんな苦労をしているのか」
129400 ,,,,,,,優哉,優哉,,,,,kotori,,0,,「一度入れるぐらいきれいにしちまえば、
ここまで苦労はしないけどな。温泉自体、
自動温水清浄機みたいなものだから」
129500 ,,,,,,,愛歌,愛歌,01man641_006.wav,manaka,,0,kotori,,0,,「へぇ～、そういうものなんだ」
129600 ,,,,,,,優哉,優哉,,manaka,,0,kotori,,0,,「いや、だからってずっとほっといていいもの
じゃないぞ？　落ち葉や砂も溜まるし、
定期的な掃除はどうしても必要にはなる」
129700 ,,,,,,,恋鳥,恋鳥,04kot641_003.wav,manaka,,0,kotori,,5,,「結局どっちだ」
129800 ,,,,,,,優哉,優哉,,manaka,,0,kotori,,5,,「すみさきも楽じゃないけど、
こっちの方がもっと大変だな。
向こうはわざと汚されたりしないからな」
129900 ,,,,,,,恋鳥,恋鳥,04kot641_004.wav,manaka,,0,kotori,,0,,「こっちは悪意の分だけ大変か。
……それにしても、いったいどこのどいつが」
130000 ,,,,,,,愛歌,愛歌,01man641_007.wav,manaka,,3,kotori,,0,,「そういえば、あれ以来邪魔らしい邪魔ってないね？」
130100 ,,,,,,,優哉,優哉,,manaka,,3,kotori,,0,,「俺たちも作業してるしな。
気づいて近寄らないんだろう」
130200 ,,,,,,,悠,悠,02yuu641_004.wav,yuu,,0,,,,,「でもこのペースなら……
今日はちょっとムリだったけど、
お祭り自体には間に合いそうだよね？」
130300 ,,,,,,,優哉,優哉,,yuu,,0,,,,,「うん、まあ……お湯が出ればな。
今日一杯やれば、明日の朝までには
掃除自体は終わると思うぞ」
130400 ,,,,,,,恋鳥,恋鳥,04kot641_005.wav,yuu,,0,kotori,,0,,「お湯が出たとしても、
この掃除が終わらなければ、意味ない。
後悔を先取りするのは、バカのやること」
130500 ,,,,,,,優哉,優哉,,yuu,,0,kotori,,0,,「そうだけどよ……バカはないだろバカは」
130600 ,,,,,,,悠,悠,02yuu641_005.wav,yuu,,0,kotori,,0,,「恋鳥の言うとおりだよ？
温泉の方も、汚されてヘソ曲げてるんだよ。
きっと掃除が終わるのを待ってんだよ」
130700 ,,,,,,,愛歌,愛歌,01man641_008.wav,manaka,,3,kotori,,0,,「温泉のおへそ……って、どこなんだろう？」
130800 ,,,,,,,恋鳥,恋鳥,04kot641_006.wav,manaka,,3,kotori,,0,,「ふむ……興味深い疑問ではある」
130900 ,,,,,,,優哉,優哉,,manaka,,3,kotori,,0,,「こんなヤツらにバカ呼ばわりされる、
俺っていったい……」
131000 ,,,,,,,悠,悠,02yuu641_006.wav,yuu,,1,,,,,「あっはっは。まあ、怒らない怒らない！
恋鳥に悪気があったわけじゃないんだから」
131100 ,,,,,,,優哉,優哉,,yuu,,1,,,,,「おまえだけにはなぐさめられたくないっ」
131200 ,,,,,,,悠,悠,02yuu641_007.wav,yuu,,53,,,,,「なによ？　それどういう意味！？」
131300 ,,,,,,,優哉,優哉,,yuu,,53,,,,,「バカにバカなこと慰められても
しかたがないってことだ！」
131400 ,,,,,,,悠,悠,02yuu641_008.wav,yuu,,53,,,,,「くっそぉ！
ならその頭、私よりバカになるまで
どつきまくってやるぅ！」
131500 ,,,,,,,優哉,優哉,,yuu,,53,,,,,「うわ、ちょい待て！
本気で叩くやつがあるか！　痛っ！
すまん、俺が悪かった許してくれぇ！！」
131600 ,,,,,,,愛歌,愛歌,01man641_009.wav,kotori,,0,manaka,,1,,「……優哉ちゃんと悠って、ホント仲良しだよね」
131700 ,,,,,,,恋鳥,恋鳥,04kot641_007.wav,kotori,,0,manaka,,1,,「……そうか？　でもまあ、一つ謎は解けた」
131800 ,,,,,,,愛歌,愛歌,01man641_010.wav,kotori,,0,manaka,,3,,「謎？」
132000 ,,,,,,,悠,悠,02yuu641_009.wav,yuu,,7,,,,,「待てーっ！」
132100 ,,,,,,,優哉,優哉,,yuu,,7,,,,,「お助けーっ！」
132200 ,,,,,,,恋鳥,恋鳥,04kot641_008.wav,kotori,,0,manaka,,3,,「……あんな様子を見てれば
犯人も怖くて、とても近づかない」
132300 ,,,,,,,愛歌,愛歌,01man641_011.wav,kotori,,0,manaka,,0,,「そっかぁ。恋鳥ちゃん、あたまいいーっ！」
132400 ,,,,,,,恋鳥,恋鳥,04kot641_009.wav,kotori,,0,manaka,,0,,「おや、もう昼か。あの二人はほっといて、
恋鳥たちは食事食事」
132500 ,,,,,,,愛歌,愛歌,01man641_012.wav,kotori,,0,manaka,,1,,「さんせー！　もう、お腹ぺっこぺこだよ……」
132700 ,,<!timepass_1_long>,,,,,悠,悠,02yuu641_010.wav,yuu,,0,,,,,「よおっし！　腹ごしらえも終わったし、
もうひとふんばりしよっか！！」
132800 ,,,,,,,優哉,優哉,,yuu,,0,,,,,「お前、ホントにタフだな。
いったいその元気がどこから出てくるんだか」
132900 ,,,,,,,悠,悠,02yuu641_011.wav,yuu,,1,,,,,「へへん。かける情熱が違うからね
たとえ温泉のお湯が尽きようとも、
私のやる気は尽きないの！」
133000 ,,,,,,,優哉,優哉,,yuu,,1,,,,,「よく言うぜ。一時期は落ち込んで、
メソメソ涙ぐんでたくせに」
133100 ,,,,,,,悠,悠,02yuu641_012.wav,yuu,,53,,,,,「ちょっ、それは言うのなし！　忘れて！
お願いだからさあ～」
133200 ,,,,,,,優哉,優哉,,yuu,,53,,,,,「へいへい。じゃあ気を取り直して、
作業に戻りましょうかね」
133300 ,,,,,,,悠,悠,02yuu641_013.wav,yuu,,12,,,,,「もうっ、調子狂うなぁ」
133400 ,,,,,,,大家,大家,,,,,,,,,「みなさん精が出ますね。お疲れ様です」
133500 ,,,,,,,恋鳥,恋鳥,04kot641_010.wav,kotori,,2,,,,,「おばあちゃん。なにかあった？」
133600 ,,,,,,,優哉,優哉,,kotori,,2,,,,,「大家さん。わざわざこんなところまで、
どうしたんですか？」
133700 ,,,,,,,大家,大家,,kotori,,2,,,,,「私の用ではないんですけどね？
悠さんに挨拶したいという事で相談されまして、
お連れした方たちがいるんですよ」
133800 ,,,,,,,優哉,優哉,,,,,,,,,「悠に会いにって……あれ？　後ろにいるのは
実行委員の、役員の人たちじゃないですか」
133900 ,,,,,,,鈴木,鈴木,69etc641_001.wav,,,,,,,,「おお。君はたしか話し合いにいた、
すみさきの……」
134000 ,,,,,,,優哉,優哉,,,,,,,,,「はい、優哉です。悠に、なにか用ですか？」
134100 ,,,,,,,悠,悠,02yuu641_014.wav,yuu,,4,,,,,「応対は私がするよ、優哉。
この度は、参加を許可していただいたにも関わらず、
このような失態を演じ誠に……」
134200 ,,,,,,,都,都,68etc641_001.wav,yuu,,4,,,,,「いやいや、謝られては私たちの立場がありません。
いまみなさんは、温泉の清掃をなさって
おられるのでしょう？」
134300 ,,,,,,,悠,悠,02yuu641_015.wav,yuu,,4,,,,,「はい。ちょっとトラブルにあいまして、
まだ人様に見せられる状態ではないんです。
ホントは、もっとちゃんとしてたんですけど」
134400 ,,,,,,,都,都,68etc641_002.wav,yuu,,4,,,,,「ええ、存じています」
134500 ,,,,,,,悠,悠,02yuu641_016.wav,yuu,,4,,,,,「へ？」
134600 ,,,,,,,都,都,68etc641_003.wav,yuu,,4,,,,,「大変手入れの行き届いていた温泉であった事は、
　よく知っています」
134700 ,,,,,,,悠,悠,02yuu641_017.wav,yuu,,4,,,,,「あ、そうなんですか。ありがとうございます。
……でも、どうしてご存知なんですか？」
134800 ,,,,,,,都,都,68etc641_004.wav,yuu,,2,,,,,「恥ずかしながら……。
　この温泉を汚して公開の邪魔をしたのは……
　私たちなのです」
134900 ,,,,,,,悠,悠,02yuu641_035.wav,yuu,,2,,,,,「ええっ！！？」
135000 ,,,,,,,,,,kotori,,2,manaka,,2,,　役員たちの言葉に、俺や悠に留まらず
　いつの間にか手を止めて集まっていた
　愛歌や恋鳥までも驚いていた。
135100 ,,,,,,,悠,悠,02yuu641_018.wav,yuu,,2,,,,,「そんな……！　いったい、なんでそんな事を！？」
135200 ,,,,,,,都,都,68etc641_005.wav,yuu,,2,,,,,「そ、それは…………」
135300 ,,,,,,,優哉,優哉,,yuu,,2,,,,,「理由を教えてください！」
135500 ,,,,,,,悠,悠,02yuu641_019.wav,yuu,,90,,,,,「優哉、待って。
もう少し私に話を聞かせてよ」
135600 ,,,,,,,鈴木,鈴木,69etc641_002.wav,yuu,,90,,,,,「細かいことは言えぬが……」
135700 ,,,,,,,悠,悠,02yuu641_020.wav,yuu,,4,,,,,「はい。でも、
話せる範囲だけでも教えていただけませんか？」
135800 ,,,,,,,悠,悠,02yuu641_021.wav,yuu,,4,,,,,「私たちのしている事が、
誰かの迷惑になっているのか、気になるんです」
136000 ,,,,,,,,,,,,,,,,,　役員の人たちはぼそぼそと話し合うと
　覚悟を決めたように、悠へ話し始めた。
136100 ,,,,,,,鹿島,鹿島,67etc641_001.wav,,,,,,,,「抽象的な話になっても、良いですか？」
136200 ,,,,,,,悠,悠,02yuu641_022.wav,yuu,,4,,,,,「はい。それでも結構です」
136300 ,,,,,,,鹿島,鹿島,67etc641_002.wav,yuu,,4,,,,,「この場所は……我々にとって、
　後ろめたい悔いが残る場所なのです」
136500 ,,,,,,,鈴木,鈴木,69etc641_003.wav,yuu,,4,,,,,「じゃから、再び表には出して欲しくなかった……」
136600 ,,,,,,,恋鳥,恋鳥,04kot641_011.wav,yuu,,4,kotori,,7,,「そんな……！　そのせいで、悠がどれだけ！」
136800 ,,,,,,,悠,悠,02yuu641_023.wav,yuu,,4,kotori,,7,,「恋鳥、言いたいことはあるだろうけど……
今は、私が話してるの。部長として、ね」
136900 ,,,,,,,恋鳥,恋鳥,04kot641_012.wav,yuu,,4,kotori,,4,,「……悠。わかった。
なら部長に一任する。恋鳥はもう知らない」
137000 ,,,,,,,悠,悠,02yuu641_024.wav,yuu,,4,,,,,「今でも、私たちが
ここの温泉を復興させるのには反対なんですか？」
137100 ,,,,,,,鹿島,鹿島,67etc641_003.wav,yuu,,4,,,,,「いや、それは違います。
　すみさきでのお嬢さんの話を聞いて、
　私たちの気持ちは変わりました」
137300 ,,,,,,,鈴木,鈴木,69etc641_004.wav,yuu,,4,,,,,「あとで、みんなで話し合うてな。
　謝った方がええと決まったんじゃ」
137400 ,,,,,,,,,,,,,,,,,
137600 ,,,,,,,都,都,68etc641_006.wav,yuu,,4,,,,,「私たちが原因でここの温泉に悔いを残させては、
また後悔の繰り返しになってしまいます」
137700 ,,,,,,,鈴木,鈴木,69etc641_005.wav,yuu,,4,,,,,「わしたちで出来ることがあるなら手伝いたい。
　そう思って、詫びに来たのじゃ。
　本当に、すまんかった」
137800 ,,,,,,,優哉,優哉,,yuu,,4,,,,,「悠……」
137900 ,,,,,,,悠,悠,02yuu641_026.wav,yuu,,4,,,,,「優哉……ここは、
私にまかせてもらっていいかな？」
138000 ,,,,,,,優哉,優哉,,yuu,,4,,,,,「そりゃ、かまわないが……愛歌はどうだ？」
138100 ,,,,,,,愛歌,愛歌,01man641_013.wav,,,,manaka,,0,,「うん。悠が決めていいよ。
悠は温泉部の部長さんだもんね」
138200 ,,,,,,,悠,悠,02yuu641_027.wav,yuu,,4,,,,,「ありがと。……それで、役員のみなさん」
138300 ,,,,,,,鹿島,鹿島,67etc641_004.wav,yuu,,4,,,,,「はい」
138400 ,,,,,,,悠,悠,02yuu641_028.wav,yuu,,4,,,,,「妨害された事には傷つきましたし、腹も立ちました。
でも今は、役員の皆さんの謝罪と申し出を、
ありがたく受け止めたいと思います」
138500 ,,,,,,,鈴木,鈴木,69etc641_006.wav,yuu,,4,,,,,「おお、ありがたい……
そして、本当に申し訳ない」
138600 ,,,,,,,悠,悠,02yuu641_029.wav,yuu,,4,,,,,「負担にならない程度で、掃除を手伝ってください。
他の祭りの進行に関わるようなら、そちらを優先して
ください。気持ちだけでも、本当はもう十分ですから」
138700 ,,,,,,,都,都,68etc641_007.wav,yuu,,4,,,,,「本当にごめんなさい」
138800 ,,,,,,,悠,悠,02yuu641_030.wav,yuu,,4,,,,,「あ、あのひとつお聞きしたいんですが」
138900 ,,,,,,,鈴木,鈴木,69etc641_007.wav,yuu,,4,,,,,「ん、なにかな？」
139000 ,,,,,,,悠,悠,02yuu641_031.wav,yuu,,4,,,,,「温泉が止まってしまったのも、
みなさんが原因なんですか？」
139100 ,,,,,,,鹿島,鹿島,67etc641_005.wav,yuu,,4,,,,,「温泉が……止まった？」
139200 ,,,,,,,都,都,68etc641_008.wav,yuu,,4,,,,,「私たちがしたのは、温泉を汚したことです。
　本当にそれだけなんです」
139300 ,,,,,,,悠,悠,02yuu641_032.wav,yuu,,4,,,,,「そうですか……じゃあ、気にしないでください」
139500 ,,,,,,,,,,yuu,,4,,,,,　……？　つむぎも似たようなこと言ってたような……
　あのじいさん、なにか知ってるのかもしれないな。
　あとで、時間があったら聞いてみよう。
139600 ,,,,,,,悠,悠,02yuu641_033.wav,yuu,,0,,,,,「手伝ってくれる人も増えたし、
掃除もこのペースで行けばすぐに終わるよ。
あとひとふんばり、がんばっていこうね！」
139700 ,,,,,,,恋鳥,恋鳥,04kot641_013.wav,yuu,,0,kotori,,5,,「これでいいのか？　悠。
恋鳥は、まだ……」
139800 ,,,,,,,悠,悠,02yuu641_034.wav,yuu,,90,kotori,,5,,「私は、温泉部の温泉に誰かの恨みとか、
敵意を残したくない。……これ以上の妨害はない。
それでいいよ。十分じゃない」
139900 ,,,,,,,恋鳥,恋鳥,04kot641_014.wav,yuu,,90,kotori,,0,,「…………」
140000 ,,,,,,,優哉,優哉,,,,,kotori,,0,,「悠のやりたいようにやらせられるなら、
俺たちはそれでいいんじゃないのか？
それ以上、なんかあるか？」
140100 ,,,,,,,恋鳥,恋鳥,04kot641_015.wav,,,,kotori,,7,,「恋鳥は、温泉部の先輩だ。
お前に言われるまでもない。……よけいなお世話だ」
140200 ,,,,,,,愛歌,愛歌,01man641_014.wav,manaka,,90,,,,,「……優哉ちゃん」
140300 ,,,,,,,優哉,優哉,,manaka,,90,,,,,「ん？」
140400 ,,,,,,,愛歌,愛歌,01man641_015.wav,manaka,,90,,,,,「悠って、私たちが知ってる以上に
ここの温泉の事、大事に思ってるんだね」
140500 ,,,,,,,優哉,優哉,,manaka,,90,,,,,「そうだな。俺たちも、
それを応援してやらないとな」
140600 ,,,,,,,愛歌,愛歌,01man641_016.wav,manaka,,1,,,,,「うんっ！」
140700 ,,,,,,,,,,,,,,,,,　そうして俺たちは、前にもまして熱心に
　温泉修復を続けた。日はもう傾き、沈み始めていた。
140790 ,,<!Lend_scene_change>,0,9000,,,,,,,,,,,,,
140900 ,@642,,,,,,,,,,,,,,,,
141200 ,,<!Lbegin_scene_change>,8,11322,,,,,,,,,,,,,　……すっかり日が落ちて、もう周りは真っ暗に
　なっていた。祭り用に入れておいた
　照明器具を使って、作業を続ける
141300 ,,,,,,,優哉,優哉,,,,,,,,,「おい、悠！」
141400 ,,,,,,,悠,悠,02yuu642_001.wav,"yuu,uniform",,0,,,,,「なになに！？　どうしたの？」
141500 ,,,,,,,,,,yuu,,0,,,,,　俺は悠を引っぱって、温泉のはずれまでやってきた。
141600 ,,,,,,,優哉,優哉,,yuu,,0,,,,,「このまま行くと、
キレイになるのは朝ぐらいになっちまう。
しかも、湯は止まったままだ」
141700 ,,,,,,,悠,悠,02yuu642_002.wav,yuu,,4,,,,,「今の状況くらい、私だってわかってるよ」
141800 ,,,,,,,優哉,優哉,,yuu,,4,,,,,「違う、そうじゃないって。
徹夜作業になっちまうのに、
恋鳥とか愛歌がいていいのかよ」
141900 ,,,,,,,悠,悠,02yuu642_003.wav,yuu,,3,,,,,「あ……」
142000 ,,,,,,,,,,yuu,,3,,,,,　やっぱりどこかではあせってるんだろう。
　悠は今初めて気づいたって感じの表情になった。
142100 ,,,,,,,優哉,優哉,,yuu,,3,,,,,「恋鳥は一人暮らしだから抵抗するかもしれないが、
愛歌くらいは帰らせた方がいいんじゃないのか？
それに、実行委員のじいさんとかもさ」
142200 ,,,,,,,悠,悠,02yuu642_004.wav,yuu,,90,,,,,「そうだね。……そうしよう。
愛歌！　愛歌ちょっといい！？」
142300 ,,,,,,,愛歌,愛歌,01man642_014.wav,yuu,,90,"manaka,uniform",,0,,「はーい。どうしたの？」
142400 ,,,,,,,悠,悠,02yuu642_005.wav,yuu,,0,manaka,,0,,「ねえ愛歌。
ここまで手伝ってくれて本当にありがとう。
でも、もうそろそろ帰った方がよくない？」
142500 ,,,,,,,愛歌,愛歌,01man642_015.wav,yuu,,0,manaka,,3,,「え？　なんで！？　私、なにかしたかな？
したんならごめんなさい。反省するから……」
142600 ,,,,,,,,,,,,,manaka,,3,,　なんか勝手に早とちりを始める
　愛歌をおしとどめる。
142700 ,,,,,,,優哉,優哉,,,,,manaka,,3,,「そうじゃねえって！
お前、遅くなると秋香さんが心配するだろ？
このままだと徹夜だから、今の内に帰っとけよ」
142800 ,,,,,,,愛歌,愛歌,01man642_016.wav,,,,manaka,,5,,「……やだよう。優哉ちゃん、
私だって温泉部の部員なんだよ？
ちゃんと最後まで、温泉の面倒がみたいよ！」
142900 ,,,,,,,優哉,優哉,,,,,manaka,,5,,「恋鳥は一人暮らしだから仕方ない。
悠は責任者だ。俺はオヤジにタンカ切った以上
最後までいるのが仕事だ。だけどお前は……」
143000 ,,<!se_keitai_pi>,,,,,,,,,,,manaka,,4,,　やんわりと説教でもしてやろうと思ったその時、
　愛歌はケータイを取り出した。
　短縮番号をプッシュして、待つ事数秒。
143090 ,,<!se_ch_phone_call>,,,,,,,,,,,,,,,
143100 ,,<wait time=""6000""><stop id=""1"">,,,,,愛歌,愛歌,01man642_017.wav,,,,manaka,,90,,「あ、もしもしお母さん？」
143200 ,,,,,,,,,,,,,manaka,,90,,　こいつ、秋香さんと直談判する気か！
143300 ,,,,,,,愛歌,愛歌,01man642_018.wav,,,,manaka,,90,,「遅くまで連絡しなくてゴメンね。
実は部活の作業で今日帰れないかも
しれないの……うん、優哉ちゃんも一緒」
143400 ,,,,,,,,,,,,,manaka,,90,,　頼む！　秋香さん。そこは空気を読まずに
　『帰ってらっしゃい！』とかましてくれ！
　お願いだ…………！
143500 ,,,,,,,,,,,,,manaka,,90,,　だが、俺の念波をだいなしにする決め手が、
　愛歌にはあったのだ。
143600 ,,,,,,,愛歌,愛歌,01man642_019.wav,,,,manaka,,90,,「そうそう、あの山にある秘湯！
お祭りの実行委員さんも手伝ってくれて……
え？　オッケー？」
143700 ,,,,,,,,,,,,,manaka,,90,,　しまった……。外から見れば、
　実行委員のじいさん達は立派な保護者だ。
　保護者がついてるとなればそりゃオーケーだろう。
143800 ,,,,,,,愛歌,愛歌,01man642_020.wav,,,,manaka,,1,,「うん、うん……わかった。ありがとう、お母さん！
終わったらすぐに帰るからね！」
143900 ,,,,,,,,,,,,,manaka,,1,,　愛歌は『どーだ！』といわんばかりに得意げな顔で
　ケータイをしまった。こうなってしまった以上、
　俺達に手はない。
144000 ,,,,,,,優哉,優哉,,,,,manaka,,1,,「…………まったく、
お前は時々ものすごくガンコになるよな」
144100 ,,,,,,,愛歌,愛歌,01man642_021.wav,,,,manaka,,0,,「この温泉にお客さんを迎えるまでが、
部員の仕事だもん！　私だけ仲間はずれなんて、
そんなのダメだよ？」
144200 ,,,,,,,悠,悠,02yuu642_006.wav,yuu,,0,manaka,,0,,「はいはい、こっちの負け！
それじゃ、引き続きよろしくね。愛歌！」
144300 ,,,,,,,愛歌,愛歌,01man642_022.wav,yuu,,0,manaka,,1,,「うん！！」
144400 ,,,,,,,,,,yuu,,0,,,,,　掃除に戻っていく愛歌を見送ってから、
　俺と悠はちょうど小休止してる
　実行委員のじいさん達の方に向かった。
144500 ,,<!move_look>,,,,,悠,悠,02yuu642_007.wav,yuu,,90,,,,,「あの……ちょっとよろしいでしょうか？」
144600 ,,,,,,,鈴木,鈴木,69etc642_001.wav,yuu,,90,,,,,「おお、どうしたんじゃ？」
144700 ,,,,,,,優哉,優哉,,yuu,,90,,,,,「みなさんのご厚意には本当に感謝しています。
ですが、この清掃作業はおそらく夜を徹する事に
なると思うんです」
144900 ,,,,,,,悠,悠,02yuu642_008.wav,yuu,,90,,,,,「みなさんはこの祭りを取り仕切るという
大仕事を抱えてらっしゃいます。そんな方々を
これ以上働かせるわけにはまいりません」
145000 ,,,,,,,都,都,68etc642_001.wav,yuu,,90,,,,,「それはそうですが……。
　私たちは、ここを整える手伝いがしたいんです」
145100 ,,,,,,,優哉,優哉,,yuu,,90,,,,,「え？」
145200 ,,,,,,,鈴木,鈴木,69etc642_002.wav,yuu,,90,,,,,「さっきも言ったように……。
　ここは、我々の悔いが残る場所なんじゃ」
145300 ,,,,,,,,,,yuu,,90,,,,,　実行委員の中でも一番のじいさんが、
　遠い目をしながらそんなつぶやきをもらした。
145400 ,,,,,,,鈴木,鈴木,69etc642_003.wav,yuu,,90,,,,,「その供養……と言えば語弊があるかな。
　わしらは、謝罪を形にしたいんじゃよ」
145500 ,,,,,,,優哉,優哉,,yuu,,90,,,,,「…………？」
145600 ,,,,,,,鈴木,鈴木,69etc642_004.wav,yuu,,90,,,,,「なに、年寄りたちの繰り言じゃよ。
　お前たち若いもんが気にする事ではない。
　……さあ、ぼちぼち作業に戻ろうかの」
145700 ,,,,,,,,,,yuu,,90,,,,,　じいさんの音頭に合わせて、他の二人も
　掃除に戻っていく。どうやら、事情はわからないが
　帰る気だけはないらしい。
145800 ,,,,,,,優哉,優哉,,yuu,,90,,,,,「……おい、どうするよ悠」
145900 ,,,,,,,悠,悠,02yuu642_009.wav,yuu,,0,,,,,「正直、頭数がいないと厳しいし……
みんなのいい人っぷりに、甘えちゃおうか？」
146000 ,,,,,,,優哉,優哉,,yuu,,0,,,,,「まあ、部長がそう言うんなら、
俺は反対しないけどな」
146100 ,,,,,,,恋鳥,恋鳥,04kot642_001.wav,,,,"kotori,uniform",,7,,「おい、お前！！」
146200 ,,,,,,,,,,,,,kotori,,7,,　俺の背後から、恋鳥が大声で俺を呼びつけた。
146300 ,,,,,,,恋鳥,恋鳥,04kot642_002.wav,,,,kotori,,7,,「何をサボっている！　しかも悠まで巻きこんで！
お前のようなヤツがいては作業が終わらんだろうが！」
146400 ,,,,,,,,,,,,,kotori,,7,,　……おいおい。俺は、
　恋鳥が大声出す所なんて初めて見たぞ？
　あいつ、そんなに真剣なのか……
146500 ,,,,,,,悠,悠,02yuu642_010.wav,yuu,,12,kotori,,0,,「大丈夫だよ、恋鳥！
私がサボってたのしかってる所だから！」
146600 ,,,,,,,優哉,優哉,,yuu,,12,,,,,「お、おい悠！」
146700 ,,,,,,,悠,悠,02yuu642_011.wav,yuu,,1,,,,,「という事だよ、新入部員くん？
さ、キリキリ働いて働いて！！」
146800 ,,,,,,,優哉,優哉,,yuu,,1,,,,,「…………ああ、はいはい！」
146900 ,,,,,,,,,,,,,,,,,　俺がちょっとふてくされて背を向けた時、
　悠は俺の背中にもたれかかって小声でつぶやいた。
147100 ,,,,,,,悠,悠,02yuu642_012.wav,,,,,,,,「……ありがと。優哉も、温泉部のみんなも、
大好きだよ。逢に自慢したいくらい。
お姉ちゃんにはこんなにいい仲間がいるんだよって」
147200 ,,,,,,,優哉,優哉,,,,,,,,,「……せいぜい、
逢がくやしがるように自慢してやれよ」
147300 ,,,,,,,,,,,,,,,,,　そして俺達も、再び作業に戻った。
147600 ,,<!timepass_2_short>,,11322,,,優哉,優哉,,,,,,,,,「ぐああ…………」
147700 ,,,,,,,,,,,,,,,,,　腰に手を当てて伸びをすると、
　グキグキと背骨が鳴ったような気がした。
147800 ,,,,,,,優哉,優哉,,,,,,,,,「いってえ……！
でもまあ、がんばった方か」
147900 ,,,,,,,,,,,,,,,,,　俺の目の前には、
　ようやく元の姿に戻った風呂がある。
　あれから数時間。俺達はなんとか掃除を終えたのだ。
148000 ,,,,,,,悠,悠,02yuu642_013.wav,yuu,,0,,,,,「なんとか、間に合ったね」
148100 ,,,,,,,,,,yuu,,0,,,,,　もう夜明けまで数えた方がいい時間ではあるが、
　何とか今日の祭りには間に合った。だが、最後にして
　最大の問題がまだ残っている。
148200 ,,,,,,,恋鳥,恋鳥,04kot642_003.wav,yuu,,0,kotori,,0,,「後は……湯か」
148300 ,,,,,,,,,,yuu,,0,kotori,,0,,　そう、源泉は相変わらず枯れたままだった。
　掃除してる間に湧きなおしたりしないかなと
　淡い望みを持ったりもしたが、甘かったようだ。
148400 ,,,,,,,愛歌,愛歌,01man642_023.wav,manaka,,3,,,,,「どうしたらいいのかな……？
悠、恋鳥ちゃん。なにかいい方法はないの？」
148500 ,,,,,,,悠,悠,02yuu642_014.wav,yuu,,90,kotori,,0,,「こればっかりは、
地質の素人じゃ手が出せないんだよね……」
148600 ,,,,,,,恋鳥,恋鳥,04kot642_004.wav,yuu,,90,kotori,,0,,「夜が明けてからなら、
湧き出し口を無理矢理広げてみる手が使えるぞ。
ドリルとかが必要になるが」
148700 ,,,,,,,優哉,優哉,,yuu,,90,,,,,「……とりあえず、長い休憩をとるか。
みんなほとんどぶっ通しで作業してるから、
いい加減体が限界だろ」
148800 ,,,,,,,,,,yuu,,90,,,,,　実行委員のじいさん達なんか、
　このまま死んじまいそうな顔になってるもんな。
148900 ,,,,,,,優哉,優哉,,yuu,,90,,,,,「夜が明けないと打つ手がないなら、
タイミングとしてもちょうどいいだろ？」
149000 ,,,,,,,悠,悠,02yuu642_015.wav,yuu,,0,,,,,「……そうだね。
じゃあみんな、一度ゆっくり休もう。
お湯の事は、その後で考えるって事で」
149100 ,,,,,,,,,,,,,,,,,　悠の号令と共に、ほぼ全員がその場にへたりこむ。
　若さと緊張感でごまかしていた疲労が、一気に
　体にキたんだろう。
149200 ,,,,,,,,,,,,,,,,,　かく言う俺も、腰から下に力が入らない。
　おまけに、猛烈な眠気が襲いかかってきた。
149300 ,,,,,,,愛歌,愛歌,01man642_024.wav,manaka,,5,,,,,「ふぁ、あ～あ……」
149400 ,,,,,,,,,,,,,,,,,　見れば、ほとんど全員同じ状態らしい。
　実行委員の人なんか、じいさんのぞいて
　もう寝息を立ててやがる。
149700 ,,,,,,,優哉,優哉,,,,,,,,,「ダメだ……もう……げん、かい……」
149800 ,,,,,,,,,,,,,,,,,　疲れた体で、長い間眠気に逆らってなんて
　いられない。俺はあっけなく眠っちまった。
150000 ,,<!timepass_1_long>,14,9000,,,,,,,,,,,,,　……そして俺は、夢を見た。
　いや、夢にしちゃリアルすぎる。
　だけど現実にしては全部があやふやすぎる。
150100 ,,,,,,,,,,,,,,,,,　とにかく俺は、そんな不思議状態の中で
　涼しい風が吹くのを感じていた。
150200 ,,,,,,,優哉,優哉,,,,,,,,,「おお……けっこう気持ちいいな」
150300 ,,,,,,,,,,,,,,,,,　思った事を言葉として発音できないのも
　ヘンだったな。そういえば。
150500 ,,<!se_suzu>,,,,,,,,,,,,,,,　そして、耳には
　さらに涼やかな鈴の音が聞こえてきた。
150600 ,,,,,,,,,,,,,,,,,　鈴の音と風の相乗効果なのか、
　俺は全身で涼やかさを感じていた。
150700 ,,,,,,,優哉,優哉,,,,,,,,,「ああ……極楽極楽…………」
150900 ,,<!se_suzu_2>,,,,,,,,,,,,,,,　鈴の音はやまない。
　俺は気持ちいい空気のまっただなかで、
　なんとなく目を開いてみた。
151100 ,,,,,,,優哉,優哉,,,,,,,,,「あれ？」
151200 ,,,,,,,,,,,,,,,,,　目の前は真っ暗だった。
　目をつぶってるわけではないのは感覚でわかる。
　なのに、真っ暗なのだ。
151300 ,,,,,,,,,,,,,,,,,　口も動かない。言葉を考える事はできても、
　それを発音する事ができない。
151400 ,,,,,,,優哉,優哉,,,,,,,,,「なんだ！？　なんだこりゃ！？」
151500 ,,,,,,,,,,,,,,,,,　うろたえてキョロキョロと周りを見回した俺は、
　そこであいつを見たような気がした。
151610 ,,<s_fade wa time=""1600"" param=""file=af/h005.af&range=-200"">,,,,,,,,"tumugi,kako",,42,,,,,
151700 ,,<s_fade wa time=""1600"" param=""file=af/h005.af&range=-200"">,,,,,優哉,優哉,,,,,,,,,「つむぎ？　つむぎなのか？」
151800 ,,,,,,,,,,,,,,,,,　つむぎは、悲しげな表情をしてるように見えた。
152009 ,,<!se_suzu>,,,,,,,,,,,,,,,
152010 ,,<s_fade wa time=""2000"" param=""file=af/h005.af&range=-200"">,,,,,,,,tumugi,,42,,,,,
152100 ,,<s_fade wa time=""1200"" param=""file=af/h005.af&range=-200"">,,,,,優哉,優哉,,,,,,,,,「お前、こんな所で何してるんだよ。
具合悪いんじゃなかったのか？」
152290 ,,<!se_suzu_2>,,,,,,,,,,,,,,,
152400 ,,<!se_suzu>,,,,,優哉,優哉,,,,,,,,,「おい、つむぎ。どこに行ったんだよ。
何も見えないぞ？　おい、おい…………」
152590 ,,<se file=""suzu.wav"" vol=""-800"">,,,,,,,,,,,,,,,
152690 ,,<wait time=""1600""><se file=""suzu.wav"" vol=""-1500"">,,,,,,,,,,,,,,,
152790 ,,<wait time=""1600""><se file=""suzu2.wav"" vol=""-2000"">,,,,,,,,,,,,,,,
152890 ,,<s_fade time=""4000"">,,9001,,,,,,,,,,,,,
152900 ,,<s_fade time=""2000"" type=""shadeoff"" param=""type=r"">,1,11300,,,,,,,,,,,,,　次に目覚めた時、俺の目の前には
　すでに夜が明けきり、光に照らされた秘湯があった。
153000 ,,,,,,,優哉,優哉,,,,,,,,,「…………ん？」
153100 ,,,,,,,,,,,,,,,,,　なんか、違和感を感じる。
　さんざん見慣れた温泉なのに……なんだ？
153200 ,,,,,,,悠,悠,02yuu642_016.wav,yuu,,2,,,,,「あーーーーーーーっ！！！」
153300 ,,,,,,,優哉,優哉,,yuu,,2,,,,,「どわあっ！！」
153400 ,,,,,,,,,,yuu,,2,,,,,　気づけば、俺のすぐ横に悠がいた。
　逢といい悠といい、翠川の女は人の耳元で
　どなるのが趣味なのか？
153500 ,,,,,,,優哉,優哉,,yuu,,2,,,,,「耳元でどなるなって！　何だよ一体！？」
153600 ,,,,,,,悠,悠,02yuu642_017.wav,yuu,,2,,,,,「優哉優哉優哉見て見て見て！！
お湯！　お湯が出てる！」
153700 ,,,,,,,,,,yuu,,2,,,,,　……そういえば、
　風呂に向かって滝状に源泉が流れている。
　俺の感じた違和感の正体はこれだったのか。
153800 ,,,,,,,悠,悠,02yuu642_018.wav,yuu,,1,,,,,「やったよ優哉！　これでお祭りに間に合った！！
私達の温泉、公開できるよ！！」
153900 ,,,,,,,,,,yuu,,1,,,,,　悠はぴょんぴょん飛びはねながら
　俺に抱きついてくる。そりゃまあ、
　それくらいうれしいよな。これを見れば。
154000 ,,,,,,,鈴木,鈴木,69etc642_005.wav,,,,,,,,「おお…………」
154100 ,,,,,,,,,,,,,,,,,　悠とは反対側を見ると、実行委員のじいさんが
　湯の戻った温泉をおがんでいた。
154400 ,,,,,,,悠,悠,02yuu642_019.wav,yuu,,1,,,,,「やりました！　温泉が復活しましたよ！
これで、ここを公開してもいいんですよね？」
154500 ,,,,,,,鈴木,鈴木,69etc642_006.wav,yuu,,1,,,,,「ああ、もちろんじゃ」
154600 ,,,,,,,悠,悠,02yuu642_020.wav,yuu,,1,,,,,「ありがとう……ありがとうございます！！」
154700 ,,,,,,,,,,yuu,,1,,,,,　悠のはしゃぎっぷりで、他の寝ていた連中も
　そろそろ起き出してきた。悠は大喜びで全員に
　温泉の復活を告知する。
154800 ,,,,,,,悠,悠,02yuu642_021.wav,yuu,,1,,,,,「さあ、温泉部のみんな！　これから忙しくなるよ！
ホントのお客さんがここに来るんだからね！！」
154900 ,,,,,,,恋鳥,恋鳥,04kot642_005.wav,yuu,,1,kotori,,0,,「まかせておけ。
円滑な運営で街のドギモを抜いてやる」
155000 ,,,,,,,愛歌,愛歌,01man642_025.wav,yuu,,1,manaka,,1,,「私もがんばってお手伝いするからね！
がんばろうね、悠！！」
155100 ,,,,,,,優哉,優哉,,yuu,,1,,,,,「よおし、俺はひとっ走りオヤジの所に行って、
本部に伝えてくるからな！」
155200 ,,,,,,,悠,悠,02yuu642_022.wav,yuu,,1,,,,,「まかせたよ、優哉！　それじゃ、一旦解散！！」
155290 ,,<!Lend_move>,0,9000,,,,,,,,,,,,,
155299 ,,<!ec_yuu_uni>,,,,,,,,,,,,,,,
155500 ,@643,,,,,,,,,,,,,,,,
155800 ,,<!Lbegin_move>,7,1200,,,,,,,,,,,,,　全力疾走ですみさきにたどりついた俺は、
　オヤジをたたき起こして事の次第を説明した。
155900 ,,,,,,,英俊,英俊,13eis643_001.wav,,,,,,,,「……なるほどな。状況は了解したよ。
実行委員に太鼓判を押した人間がいるなら、
本部の方でも文句は出ないだろう」
156000 ,,,,,,,優哉,優哉,,,,,,,,,「じゃあ、
あの温泉は公開していいんだな？　オヤジ！」
156100 ,,,,,,,英俊,英俊,13eis643_002.wav,,,,,,,,「山の中にあるから
交通機関の手配をしなきゃいけないし、
本部の承認も待たなきゃいけないがね」
156200 ,,,,,,,英俊,英俊,13eis643_003.wav,,,,,,,,「時間はかかるかもしれないが、
夕方には公開できるように努力しよう。
それでいいか？」
156300 ,,,,,,,優哉,優哉,,,,,,,,,「公開できないよりはずっとマシさ。
オヤジ、いろいろ手伝わせて悪い」
156400 ,,,,,,,英俊,英俊,13eis643_004.wav,,,,,,,,「なあに、こういう時に恩を売っておかないと、
親だって事を忘れちまうからな」
156500 ,,,,,,,優哉,優哉,,,,,,,,,「じゃあ、俺はしたくがあるから一度家に帰るな。
正式な公開時間が決まったら連絡してくれよ」
156600 ,,,,,,,英俊,英俊,13eis643_005.wav,,,,,,,,「ああ、そこはまかせとけ。……あ、優哉！」
156700 ,,,,,,,優哉,優哉,,,,,,,,,「ん？」
156800 ,,,,,,,英俊,英俊,13eis643_006.wav,,,,,,,,「……よくやったじゃないか。
たいしたヤツだよ。お前は」
156900 ,,,,,,,優哉,優哉,,,,,,,,,「こそばゆいからヤメてくれよ。じゃあな！」
157200 ,,<!move_short>,,500,,,優哉,優哉,,,,,,,,,「逢！　悪いな、今帰った！！」
157300 ,,,,,,,逢,逢,03ai643_001.wav,"ai,uniform",,51,,,,,「…………あら、帰ってきたの？」
157400 ,,,,,,,,,,ai,,51,,,,,　俺を出迎えた逢は、でろでろと音のしそうな、
　幽霊にふさわしいくらい空気をまとっていた。
157500 ,,,,,,,逢,逢,03ai643_002.wav,ai,,51,,,,,「……せっかく、アタシをほったらかしにする
アンタをたたろうと準備してたところなのに」
157600 ,,,,,,,優哉,優哉,,ai,,51,,,,,「悪かったって！　作業が大詰めだったんだよ」
157700 ,,,,,,,,,,ai,,51,,,,,　……本音を言えば、傷つきまくってた悠を
　逢に見せたくなかった。だから、俺は作業に
　行く時、逢をここに置いていったんだ。
157800 ,,,,,,,優哉,優哉,,ai,,51,,,,,「でも、おかげで全部終わったからな。
これからはどこに行くにも連れてってやるよ。
もちろん、悠が整備した秘湯にもな」
157900 ,,,,,,,逢,逢,03ai643_003.wav,ai,,0,,,,,「わ、それ、ホント？　うあ～やったー！
ねね、私も入れてくれる？」
158000 ,,,,,,,,,,ai,,0,,,,,　これくらいで機嫌を直してくれるから、
　逢もかわいいもんだよな…………そうだ！
158100 ,,,,,,,優哉,優哉,,ai,,0,,,,,「ああ、入れてやるよ。
なんなら、悠をオマケにつけてやろうか？」
158200 ,,,,,,,逢,逢,03ai643_004.wav,ai,,0,,,,,「なによ、気前いいじゃない！　どうしたの？」
158300 ,,,,,,,優哉,優哉,,ai,,0,,,,,「秘湯の一般公開は今日の夕方の予定なんだ。
今の内なら、関係者である俺達の貸切だ。
だから、悠を呼び出してだな……」
158400 ,,,,,,,逢,逢,03ai643_005.wav,ai,,1,,,,,「アタシがアンタの視線に耐えてタオルなしで入れば、
お姉ちゃんとお風呂に入れるってわけね！」
158500 ,,,,,,,優哉,優哉,,ai,,1,,,,,「……微妙に引っかかる言い方だけど、その通りだな」
158600 ,,,,,,,,,,ai,,1,,,,,　まあ、悠には逢が見えないから、向こうからすれば
　俺と混浴で温泉に入るってだけなんだが。
158700 ,,,,,,,逢,逢,03ai643_006.wav,ai,,1,,,,,「お姉ちゃんとまたお風呂に入れるんなら、
アンタのセクハラくらいガマンしてあげるわ！
今日の予定はそれでけってーい！」
158800 ,,,,,,,優哉,優哉,,ai,,1,,,,,「どうやら、埋め合わせにはなるようだな。
そんじゃ、悠に連絡するぞ」
158900 ,,,,,,,逢,逢,03ai643_007.wav,ai,,0,,,,,「はやくはやく！
少しでもお風呂に入る時間を長く取るのよ！」
159000 ,,,,,,,優哉,優哉,,ai,,0,,,,,「はいはい」
159100 ,,,,,,,,,,ai,,0,,,,,　俺は自分のケータイを手に取って、
　悠に電話をかけた。
159290 ,,<!se_ch_phone_call>,,,,,,,,,,,,,,,
159300 ,,<wait time=""5000""><stop id=""1"">,,,,,悠,悠,02yuu643_001.wav,,,,,,,,「はい、翠川。優哉、どうしたの？」
159400 ,,,,,,,優哉,優哉,,,,,,,,,「ああ、悠か。よかった、寝てなかったな」
159500 ,,,,,,,悠,悠,02yuu643_002.wav,,,,,,,,「もう興奮して全然眠れないよー！　で、用件は？」
159600 ,,,,,,,,,,,,,,,,,　俺は、オヤジから聞いた秘湯一般公開の予定と、
　その前に混浴で秘湯を楽しみたい旨を悠に説明した。
159700 ,,,,,,,優哉,優哉,,,,,,,,,「というわけで、今から現地集合で、どうだ？」
159800 ,,,,,,,悠,悠,02yuu643_003.wav,,,,,,,,「もー、優哉ってば意外にスケベオヤジなんだから。
ナニ？　温泉で野外エッチでも楽しみたいわけ？」
159900 ,,,,,,,優哉,優哉,,,,,,,,,「バカ！　そんなんじゃねえって！」
160000 ,,,,,,,,,,,,,,,,,　くそ、悠のヤツ寝不足でハイにでもなってるのか？
160100 ,,,,,,,悠,悠,02yuu643_004.wav,,,,,,,,「冗談冗談！　二人だけのお疲れ会、
みんなより先にやるのも悪くないよね」
160200 ,,,,,,,優哉,優哉,,,,,,,,,「じゃあ、オーケーだな？
こっちも急いで支度して行くから」
160300 ,,,,,,,悠,悠,02yuu643_005.wav,,,,,,,,「うん。多分こっちが先に着くと思うから、
ゆっくり待ってるよ」
160400 ,,,,,,,優哉,優哉,,,,,,,,,「それじゃ、また後でな！」
160600 ,,<!se_keitai_pi>,,,,,優哉,優哉,,ai,,0,,,,,「さあて、急がないとな！　風呂道具と、
着替えと、防水ポーチに……
お前も忘れないで持ってかないとな」
160700 ,,,,,,,逢,逢,03ai643_008.wav,ai,,5,,,,,「当然でしょ！？
アンタ、これでアタシ忘れたら
ホントにヒドイ目に合わせてやるんだから！！」
160800 ,,,,,,,優哉,優哉,,ai,,5,,,,,「悪い悪い！　軽いジョークだ。許してくれよ」
160900 ,,,,,,,,,,,,,,,,,　俺は達成感やら安堵感やらがまぜこぜになった
　ハイな気分で全部の支度を整えると、
　急いで家を飛び出した。
161200 ,,<!move_normal>,,12210,,,,,,,,,,,,,　橋を渡って祭りににぎわう街の中心部に来た所で、
　俺は愛歌に呼び止められた。
161300 ,,,,,,,愛歌,愛歌,01man643_001.wav,"manaka,private",,0,,,,,「あ、優哉ちゃ～ん！」
161400 ,,,,,,,優哉,優哉,,manaka,,0,,,,,「おう、愛歌か。どうかしたのか？」
161500 ,,,,,,,愛歌,愛歌,01man643_002.wav,manaka,,3,,,,,「どうかしたのか？　じゃないよ。
温泉で仕事するのに必要な道具を買いに来たけど、
よくわかんないから優哉ちゃんにメールしたのに……」
161600 ,,,,,,,優哉,優哉,,manaka,,3,,,,,「メール？」
161700 ,,,,,,,愛歌,愛歌,01man643_003.wav,manaka,,3,,,,,「何回も出したのに、
優哉ちゃん全然返事くれないんだもん！」
161800 ,,,,,,,,,,,,,,,,,　俺は念のためにポケットをまさぐる。
　全部のポケットを何度まさぐっても、
　ケータイの感触は一つしかなかった。
161900 ,,,,,,,,,,,,,,,,,　しまった……！　急いでたから、
　逢のケータイだけ持って家を出ちまったんだ。
162000 ,,,,,,,愛歌,愛歌,01man643_004.wav,manaka,,0,,,,,「でも、ここに来てくれたんならちょうどいいや。
わかんない事、教えてくれる？」
162100 ,,,,,,,優哉,優哉,,manaka,,0,,,,,「いや、愛歌。
実はこれからとても重要な用件があってな？
お前に付き合ってるヒマはないんだ」
162200 ,,,,,,,愛歌,愛歌,01man643_005.wav,manaka,,15,,,,,「え～！　優哉ちゃん、ヒドイよー！」
162300 ,,,,,,,優哉,優哉,,manaka,,15,,,,,「すまんが、俺も急いでる。じゃあな！
……あ、温泉の公開は夕方の予定だから、
ゆっくり買い物してても大丈夫だぞ」
162400 ,,,,,,,,,,,,,,,,,　とりあえずそう言い残して、
　俺は愛歌の返事も聞かずにまた走り出した。
　とにかく、今は秘湯に急ぐのが先決だ！
162600 ,,<!move_veryshort>,,9000,,,,,,,,,,,,,　また愛歌につかまると面倒だし、
　オヤジの連絡は後で確認すれば大丈夫だろう。
162700 ,,,,,,,,,,,,,,,,,　そう判断した俺は、ケータイを取りに戻らず、
　ひたすら山に向かって走った。
162790 ,,<!Lend_move>,0,9000,,,,,,,,,,,,,
163000 ,@644,,,,,,,,,,,,,,,,
163300 ,,<!Lbegin_move>,9,12100,,,逢,逢,03ai644_001.wav,"ai,uniform",,5,,,,,「もー、アンタもっと早く走れないの！？」
163400 ,,,,,,,優哉,優哉,,ai,,5,,,,,「ムチャ言うなよ！　えんえんと掃除をしたあげくに、
岩だらけの所で雑魚寝したんだぞ？」
163500 ,,,,,,,,,,ai,,5,,,,,　正直、関節のいろんな所が悲鳴を上げてて、
　走るのもつらいくらいなんだ。
163600 ,,,,,,,逢,逢,03ai644_002.wav,ai,,14,,,,,「もうきっとお姉ちゃんは温泉についてて、
アタシを待ってるのに……グズ！　ノロマ！！」
163700 ,,,,,,,優哉,優哉,,ai,,14,,,,,「姉と風呂に入るってシチュエーションに
興奮するのはわかるが、耳元で怒鳴るな！
そんな事されるとすっ転ぶぞ？　今の俺は！」
163800 ,,,,,,,逢,逢,03ai644_003.wav,ai,,5,,,,,「……わかったわよ！」
163900 ,,,,,,,,,,,,,,,,,　ただ単に俺についていって、
　悠と風呂に入ってる雰囲気にひたる事しか
　できないのに、このはしゃぎようだ。
164000 ,,,,,,,,,,,,,,,,,　やっぱり、ちゃんと会わせてやりたい。
　逢との最悪の別れは、悠の心にも深く
　影を落としてるんだ。ちゃんと解決した方がいい。
164100 ,,,,,,,,,,,,,,,,,　でも、幽霊の生態については俺は門外漢だ。
　おまけに、逢が何かしようとすると命の代わりの
　チャージ料金を削っちまう。
164200 ,,,,,,,優哉,優哉,,,,,,,,,「どうすりゃいいんだかなあ…………」
164300 ,,,,,,,,,,,,,,,,,　問題が難しすぎてため息をつく俺を見て、
　逢はカン違いもはなはだしいハッパをかけてくる。
164400 ,,,,,,,逢,逢,03ai644_004.wav,ai,,7,,,,,「そんなの、アンタが取るべき行動は一つよ！
走って走って走りまくる！　温泉まで全力よ！」
164500 ,,,,,,,優哉,優哉,,ai,,7,,,,,「あ～、へいへい……」
164600 ,,,,,,,,,,ai,,7,,,,,　とりあえず今は、
　いっしょにお風呂気分でガマンしてもらうか……
164700 ,,,,,,,,,,,,,,,,,　俺は風呂道具を抱えなおすと、
　痛む体にムチ打ってもう一度走り始めた。
165000 ,,<!move_short>,,14300,,,優哉,優哉,,,,,,,,,「さて……、ここまで来れば、
もうちょっとで俺達の秘湯だからな」
165100 ,,,,,,,,,,,,,,,,,　もう何度もお世話になってる吊り橋を渡ろうとした
　その時、俺の耳にうっすらと聞こえるものがあった。
165200 ,,,,,,,ゆりか,？？？,,,,,,,,,「え～ん……えーん……！」（遠くから聞こえる泣き声。きれぎれなくらい遠い）
165300 ,,,,,,,優哉,優哉,,,,,,,,,「？」
165400 ,,,,,,,逢,逢,03ai644_005.wav,ai,,51,,,,,「ちょっとどうしたの？　急に止まらないでよ。
もしかして吊り橋渡るのこわいタイプ？」
165500 ,,,,,,,優哉,優哉,,ai,,51,,,,,「いや……なんか聞こえないか？」
165600 ,,,,,,,逢,逢,03ai644_006.wav,ai,,5,,,,,「音？」
165700 ,,,,,,,優哉,優哉,,ai,,5,,,,,「ああ……」
165800 ,,,,,,,,,,ai,,5,,,,,　俺はもう一度耳をすまして集中する。
　うん、やっぱり聞こえる……！
165900 ,,,,,,,ゆりか,？？？,,ai,,5,,,,,「え～ん……えーん……！」（遠くから聞こえる泣き声。きれぎれなくらい遠い）
166000 ,,,,,,,優哉,優哉,,ai,,5,,,,,「泣き声……人間の、泣き声っぽいような気がする」
166100 ,,,,,,,逢,逢,03ai644_007.wav,ai,,3,,,,,「こんな山の中で？
このへんって有名な観光スポット？」
166200 ,,,,,,,優哉,優哉,,ai,,3,,,,,「いや、全然だ。今回秘湯が見つかって、
ようやく観光資源に格上げになったくらい何もない」
166300 ,,,,,,,逢,逢,03ai644_008.wav,ai,,5,,,,,「じゃあ、近所の子供達の遊び場にでもなってんの？」
166400 ,,,,,,,優哉,優哉,,ai,,5,,,,,「それもない。このへんのガキは、
みんな親から下の方の丘で遊べって
キツく言い聞かされてるらしい」
166500 ,,,,,,,,,,ai,,5,,,,,　まあこのへんに住んでるヤツからの受け売りだが、
　地元民が言ってるんだから間違いないだろう。
166600 ,,,,,,,逢,逢,03ai644_009.wav,ai,,51,,,,,「じゃあ……どうしてこんな山の中で
人間の泣き声なんか聞こえるのよ」
166700 ,,,,,,,優哉,優哉,,ai,,51,,,,,「意外とカンタンな話じゃないか？
祭りに来た観光客かこのへんのヤツじゃないガキが、
迷いこんで泣いてるのが一番ありそうだ」
166800 ,,,,,,,逢,逢,03ai644_010.wav,ai,,2,,,,,「ちょっと、大変じゃない！
こっちも急いでるけど、
せめて道くらい教えてあげないと！」
166900 ,,,,,,,優哉,優哉,,ai,,4,,,,,「そうだな。おーい！！　おーーい！！」
167000 ,,,,,,,,,,ai,,4,,,,,　向こうに聞こえるように全力で叫んでみる。
　これが聞こえれば、何か動きがあるはずだ。
167100 ,,,,,,,ゆりか,？？？,,ai,,4,,,,,「え～ん……えーん……！」
167200 ,,,,,,,,,,ai,,4,,,,,　よし、どうやら音のする方に動き出したみたいだ。
167300 ,,,,,,,逢,逢,03ai644_011.wav,ai,,4,,,,,「さっきより、近づいてる？」
167400 ,,,,,,,優哉,優哉,,,,,,,,,「ああ、効果はあったみたいだな。
おーい！！　おーーい！！　こっちだ、こっち！」
167500 ,,,,,,,ゆりか,？？？,,,,,,,,,「え～ん……えーん……！」
167600 ,,,,,,,,,,,,,,,,,　よし、これならなんとかなるな。
　俺は吊り橋から少し離れ、泣き声の方に近づいた。
167700 ,,<!move_short>,,14400,,,ゆりか,？？？,,,,,,,,,「え～ん……えーん……！」
167800 ,,,,,,,優哉,優哉,,,,,,,,,「そのままでいいぞ！」
167900 ,,,,,,,,,,,,,,,,,　俺が前進を続けると、
　目の前に小さな女の子の姿がよぎった。
　俺はその子の方向へ全力で走る。
168000 ,,,,,,,優哉,優哉,,,,,,,,,「見つけた！」
168100 ,,,,,,,ゆりか,？？？,,,,,,,,,「ふぇ……うわあああああああんっ！！」
168400 ,,<!move_normal>,,14300,,,,,,,,,,,,,　とりあえず吊り橋のあたりまで連れ戻して、
　俺は事情を聞く事にした。
168500 ,,,,,,,優哉,優哉,,,,,,,,,「お嬢ちゃん、名前は？」
168600 ,,,,,,,ゆりか,？？？,,,,,,,,,「…………ゆりか」
168700 ,,,,,,,,,,,,,,,,,　まだしゃくりあげてはいるが、
　とりあえず泣き止んだゆりかちゃんは
　おとなしく質問に答えてくれた。
168800 ,,,,,,,優哉,優哉,,,,,,,,,「ゆりかちゃんはよその街から来た？
今日はお祭りを見に来たのか？」
168900 ,,,,,,,ゆりか,ゆりか,,,,,,,,,「…………ううん。あたし、星河原に住んでるの」
169000 ,,,,,,,,,,,,,,,,,　地元の、山のこわさがイマイチわかってない系か……
169100 ,,,,,,,優哉,優哉,,,,,,,,,「なんでこんな所に来たんだ？
山で道に迷ったらあぶないって、
誰かに教わらなかった？」
169200 ,,,,,,,ゆりか,ゆりか,,,,,,,,,「……………………」
169300 ,,,,,,,,,,,,,,,,,　おいおい、ここでだんまりかよ。
　俺だって急いでるのにさ……
169400 ,,,,,,,逢,逢,03ai644_012.wav,ai,,3,,,,,「優哉。この子、山に来たくて来たんじゃないよ」
169500 ,,,,,,,,,,ai,,3,,,,,　突然ケータイから出てきた逢が、
　そんな事を俺にささやいた。
　仕方なく、俺は小声で反論する。
169600 ,,,,,,,優哉,優哉,,ai,,3,,,,,「お前、それワケわかんないぞ。
来たくて来たんじゃなくて迷子？
もっとわかりやすく説明してくれ」
169700 ,,,,,,,逢,逢,03ai644_013.wav,ai,,51,,,,,「だから、きっと事情があるの！
ここにいたのは、メチャクチャに走った先だった。
きっとそれだけよ」
169800 ,,,,,,,,,,,,,,,,,　……ずいぶん自信たっぷりに言うな。
　お前は超能力捜査官か何かか？
169900 ,,,,,,,ゆりか,ゆりか,,,,,,,,,「……おにいちゃん？」
170000 ,,,,,,,,,,,,,,,,,　おっと！　さすがにゆりかちゃんも
　疑念の視線を向けてきた。
170100 ,,,,,,,優哉,優哉,,,,,,,,,「いや、ゴメンな。
ちょっとぼおっとしてたんだ。
それで？」
170200 ,,,,,,,ゆりか,ゆりか,,,,,,,,,「ごめんなさい。ゆりか、
わけわかんないまま走ってたから……
気がついたら、山の中にいたの」
170300 ,,,,,,,,,,,,,,,,,　どうやら、逢は生きていたら
　敏腕超能力捜査官になれるみたいだ。
170400 ,,,,,,,逢,逢,03ai644_014.wav,ai,,4,,,,,「ねえ、ちょっと事情聞いてあげて？」
170500 ,,,,,,,優哉,優哉,,ai,,4,,,,,「いいのか？　首を突っこむと、
待ち合わせに遅れるぞ？」
170600 ,,,,,,,逢,逢,03ai644_015.wav,ai,,7,,,,,「じゃあアンタは、こんな状態の女の子を
道だけ教えてほうり出せるワケ？　鬼！」
170700 ,,,,,,,優哉,優哉,,ai,,51,,,,,「はいはい。わかったよ……」
170800 ,,,,,,,優哉,優哉,,ai,,51,,,,,「こんな事を聞くのはヘンかもしれないけど、
ゆりかちゃんは何でそんなメチャクチャに
走ってたんだい？」
170900 ,,,,,,,ゆりか,ゆりか,,ai,,51,,,,,「あたし……あたし、おねえちゃんと
ケンカしちゃって……」
171000 ,,,,,,,逢,逢,03ai644_016.wav,ai,,2,,,,,「！！」
171100 ,,,,,,,優哉,優哉,,ai,,2,,,,,「！！」
171200 ,,,,,,,,,,,,,,,,,　もしかして、
　逢は超能力じみた洞察力で感じたのか？
　ゆりかちゃんと自分に共通する何かを……
171300 ,,,,,,,ゆりか,ゆりか,,,,,,,,,「わけわからなくなって、お家飛び出して……
それで、メチャクチャに走っちゃったの」
171400 ,,,,,,,優哉,優哉,,,,,,,,,「それで、知らないうちに山に入って、
道に迷ったってワケか……」
171700 ,,<!move_look>,13,13400,,,,,,,,,,,,,　その後、まるで懺悔するように話し続ける
　ゆりかちゃんから、俺と逢は大体の事情を
　聞き出した。
171800 ,,,,,,,,,,,,,,,,,　ゆりかちゃんには歳の離れた姉がいる。
　それはそれは仲がよくて、近所でも評判に
　なるくらいだったらしい。
171900 ,,,,,,,,,,,,,,,,,　だが、そんな姉妹に別れの時が来た。
　姉が街の外……いや、県外での就職を
　決めたのだそうだ。
172000 ,,,,,,,,,,,,,,,,,　不景気の中就職浪人になり、苦労して
　つかんだ就職に両親と姉は喜んだ。
　だが、ゆりかちゃんにとっては……
172100 ,,,,,,,ゆりか,ゆりか,,,,,,,,,「あたし……すごくイヤだったの。
おねえちゃんがあたしの知らない所に行くのが。
お仕事があるから、きっと全然帰ってこないし……」
172200 ,,,,,,,,,,,,,,,,,　ゆりかちゃんは家族が手を焼くほど猛反対を
　続けていたらしい。だが、子供の都合が押し通せる
　ような状況ではなく、話はトントン拍子で進んだ。
172300 ,,,,,,,,,,,,,,,,,　就職先の都合で、姉は今日星河原を出るらしい。
　ゆりかちゃんは今日の朝も猛反対をして、
　ついに怒った姉にひっぱたかれたんだそうだ。
172400 ,,,,,,,ゆりか,ゆりか,,,,,,,,,「あんなに優しかったおねえちゃんが
あたしをたたくなんて……
あたし、ホントにびっくりしちゃって……」
172500 ,,,,,,,,,,,,,,,,,　それで、ショックのあまり飛び出した
　ゆりかちゃんは見事に道に迷ったんだそうだ。
172800 ,,<!move_look>,,14300,,,優哉,優哉,,,,,,,,,「…………ゆりかちゃん。
ゆりかちゃんは、お姉ちゃんが
仕事につくのがイヤだったのか？」
172900 ,,,,,,,ゆりか,ゆりか,,,,,,,,,「ううん！　そんな事ない！！
お仕事決まらなくて悲しそうなおねえちゃんは
とってもかわいそうだったもん！」
173000 ,,,,,,,,,,,,,,,,,　ゆりかちゃんは首をぶんぶんと左右にふった。
173100 ,,,,,,,ゆりか,ゆりか,,,,,,,,,「ただ……いつもいっしょにいたから、
あんまり会えなくなっちゃうのが、イヤだったの」
173200 ,,,,,,,,,,,,,,,,,　姉だって、きっとそう思ってる。
　でもせっかくの就職口を捨てる事もできない。
　そんななかでの猛反対は相当効いたんだろう。
173300 ,,,,,,,,,,,,,,,,,　聞けば聞くほど、悠と逢に
　状況が似てるような気がしてきた。
173400 ,,,,,,,優哉,優哉,,,,,,,,,「じゃあ、それをお姉ちゃんに伝えて、
ちゃんと謝らないとな」
173500 ,,,,,,,,,,,,,,,,,　悠と逢だって、そうすれば
　わだかまりなんて残らなかったはずだ。
　死ぬまでの何日かを、楽しめたはずだ。
173600 ,,,,,,,ゆりか,ゆりか,,,,,,,,,「でも、もうすぐおねえちゃん、出発しちゃう……
お昼前にタクシーで出るって、言ってたもん……」
173700 ,,,,,,,,,,,,,,,,,　……おいおいおいおいおいおい！！！
　そんな所までそっくりじゃなくていいっての！
173800 ,,,,,,,逢,逢,03ai644_017.wav,ai,,0,,,,,「ちょっとアンタ！　今何時よ！！！」
173900 ,,,,,,,,,,ai,,0,,,,,　俺は逢のケータイで時間を確認した。
174000 ,,,,,,,優哉,優哉,,ai,,0,,,,,「……限りなく昼前に近い午前だな」
174100 ,,,,,,,逢,逢,03ai644_018.wav,ai,,4,,,,,「…………………………」
174200 ,,,,,,,,,,ai,,4,,,,,　逢はしばらく沈思黙考した後、
　俺にこう提案した。
174300 ,,,,,,,逢,逢,03ai644_019.wav,ai,,4,,,,,「この子とお姉ちゃん、会わせてあげたい」
174400 ,,,,,,,優哉,優哉,,ai,,4,,,,,「いや、そりゃ俺だって
会わせてやりたいさ。でも、間に合うのか！？
それに、俺達悠を待たせてるんだぞ」
174500 ,,,,,,,,,,ai,,4,,,,,　俺が自分のケータイを忘れてる以上、
　逢が命を削らないと悠に連絡すら取れない。
　さすがにそれは本末が転倒してるだろ！
174600 ,,,,,,,逢,逢,03ai644_020.wav,ai,,4,,,,,「お姉ちゃんには、しょうがないから待っててもらう。
……ゆりかちゃんとお姉ちゃんは、まだ話せるもん。
話せないのより話せるチャンスを優先したいよ」
174700 ,,,,,,,,,,,,,,,,,　ああ、逢のヤツは猛烈にゆりかちゃんと
　自分を重ね合わせてる。自分ができなかった事を
　ゆりかちゃんに達成して欲しいんだ。
174800 ,,,,,,,優哉,優哉,,,,,,,,,「……ゆりかちゃん。まだ時間がないわけじゃない。
もしよかったら、お姉ちゃんに謝りに行くのを
俺に手伝わせてくれないか？」
174900 ,,,,,,,ゆりか,ゆりか,,,,,,,,,「おにいちゃん……」
175000 ,,,,,,,,,,,,,,,,,　ゆりかちゃんは信じられないって顔で俺を見る。
　そりゃそうだよな。お人よしにしても限度を
　こえまくってる。
175100 ,,,,,,,ゆりか,ゆりか,,,,,,,,,「なんで、そこまでしてくれるの？」
175200 ,,,,,,,優哉,優哉,,,,,,,,,「知り合いに、ゆりかちゃんと似たような
状況になった姉妹がいてさ。そいつらは会えなくて、
その事をすごく後悔してたから、だな」
175300 ,,,,,,,ゆりか,ゆりか,,,,,,,,,「…………」
175400 ,,,,,,,優哉,優哉,,,,,,,,,「さあ、チンタラしてる時間はないぜ。どうする？」
175500 ,,,,,,,,,,,,,,,,,　俺が差し出した手を、ゆりかちゃんは
　ちょっと迷ってからしっかりと握った。
175600 ,,,,,,,,,,,,,,,,,　悪いな、悠。待ち合わせにはちょっと……
　いや、だいぶ遅刻しそうだ
175900 ,,<!move_normal>,12,13400,,,優哉,優哉,,,,,,,,,「しかし、威勢のいい事は言ったが
本当に間に合うのか？」
176000 ,,,,,,,,,,,,,,,,,　俺はゆりかちゃんの手を引いて走りながら、
　そう自問せずにはいられなかった。
176100 ,,,,,,,,,,,,,,,,,　だって、聞いてみたらゆりかちゃんの家は
　愛歌の家の近くだって言うんだぜ？
176200 ,,,,,,,優哉,優哉,,,,,,,,,「よく、こんな所までメチャクチャに
走ってこれたよな…………」
176300 ,,,,,,,,,,,,,,,,,　将来は中長距離走のランナーになると
　いいかもしれないぞ、ゆりかちゃん。
176400 ,,,,,,,逢,逢,03ai644_021.wav,ai,,7,,,,,「ちょっと！
こんなにチンタラ走ってどうするのよ！
アタシ達には時間がないのよ時間が！！」
176500 ,,,,,,,優哉,優哉,,ai,,7,,,,,「お前、ゆりかちゃんの歩幅考えろよ！
転ばずに走るのはこれがせいいっぱいなの！」
176600 ,,,,,,,逢,逢,03ai644_022.wav,ai,,7,,,,,「でも！　こんなペースじゃ、
アンタの幼なじみの家まで出発前に着くなんて、
ムリに決まってるじゃない！」
176700 ,,,,,,,優哉,優哉,,ai,,7,,,,,「こっちのスタート時間が致命的に遅いんだから
しかたないだろうが！　ジェットエンジンとか
なければ、普通ムリなんだよ！」
176800 ,,,,,,,逢,逢,03ai644_023.wav,ai,,7,,,,,「そこを何とかするのがアンタの仕事よ！！」
176900 ,,,,,,,,,,ai,,7,,,,,　さすがにここまで理不尽を言われると、
　体が苦しい分イラッとくる。
177000 ,,,,,,,優哉,優哉,,ai,,7,,,,,「じゃあ、向こうを足止めする手段をくれよ！
こっちが間に合わなくても、向こうが遅れれば
結局は会えるんだからな！！」
177100 ,,,,,,,逢,逢,03ai644_024.wav,ai,,4,,,,,「…………………………」
177200 ,,,,,,,,,,ai,,4,,,,,　俺のやつあたりで怒り狂うかと思ったが、
　逢はなんだか冷静に考え始めたみたいだった。
177300 ,,,,,,,逢,逢,03ai644_025.wav,ai,,4,,,,,「…………………………」
177400 ,,,,,,,優哉,優哉,,ai,,4,,,,,「おい、逢。どうした？」
177500 ,,,,,,,,,,ai,,4,,,,,　酸欠でクラクラしそうな頭だった俺は、
　その時逢が何を考えているのか、まったく
　察する事ができなかったんだ。
177600 ,,,,,,,逢,逢,03ai644_026.wav,ai,,4,,,,,「…………………………」
177700 ,,,,,,,優哉,優哉,,ai,,4,,,,,「逢？　バッテリ切れそうか？」
177800 ,,,,,,,,,,,,,,,,,　逢は突然姿を消した。
　声だけが、俺の耳に届いてくる。
177900 ,,,,,,,逢,逢,03ai644_027.wav,,,,,,,,「…………いいわ。足止めの手段、あげる」
178000 ,,,,,,,優哉,優哉,,,,,,,,,「へ？」
178100 ,,,,,,,逢,逢,03ai644_028.wav,,,,,,,,「ちょっとの間でいいから、
アタシのケータイ開いて持っててくれる？」
178200 ,,,,,,,優哉,優哉,,,,,,,,,「あ、ああ……」
178500 ,,<!move_look>,,,300313,,,,,,,,,,,,　俺は走りながら、逢のケータイを開いた。
　すると、今まで待ち受けから変化した事のない
　画面が、忙しく明滅を始めたんだ。
178600 ,,,,,300313,,優哉,優哉,,,,,,,,,「お、おい。これ…………」
178700 ,,,,,300313,,,,,,,,,,,,　人外の操作速度でケータイの画面が動き始める。
　経路検索サイトやらなんやらへの接続を始めてるが、
　もう俺の目にははっきりとは見えない。
178800 ,,,,,300313,,ゆりか,ゆりか,,,,,,,,,「おにいちゃん、すごい！　走りながら、
そんな早くケータイ動かせるんだ！」
178900 ,,,,,300313,,,,,,,,,,,,　ゆりかちゃんの賞賛の声が聞こえてくるが、
　俺は喜ぶ事なんてできない。これを全部操作
　してるのは逢だ。逢のケータイが外部に接続してる！
179000 ,,,,,300313,,優哉,優哉,,,,,,,,,「逢、やめろ！！　やめろって！！
お前自分が何やってるのかわかってんのか！」
179100 ,,,,,300313,,,,,,,,,,,,　ケータイからネットに接続すれば料金を取られる。
　プリペイド式ケータイなら、チャージ料金からだ。
　それはお前の心臓の代わりじゃなかったのかよ！
179200 ,,,,,300313,,優哉,優哉,,,,,,,,,「逢！　やりすぎだ！！　俺が悪かった。
悪かったから！　頼むからやめてくれよ！」
179300 ,,,,,300313,,,,,,,,,,,,　俺のやつあたりが原因で、逢が悠に会う前に
　消えるなんて、まっぴらゴメンだぞ！！
179400 ,,,,,300313,,逢,逢,03ai644_029.wav,,,,,,,,「あーもう！　うっさいわね、
そんなに怒鳴らないでよ！
集中できないでしょ？」
179500 ,,,,,300313,,優哉,優哉,,,,,,,,,「いいかげんにしろ！　そんな事俺は頼んでないぞ！」
179600 ,,,,,300313,,,,,,,,,,,,　俺がそう言った時、接続は解除された。
　画面は待ち受けに戻り、逢がまた姿をあらわす。
179800 ,,,,,300314,,逢,逢,03ai644_030.wav,,,,,,,,「アンタに頼まれてやってるんじゃないわ。
これが一番ゆりかちゃんの為だと思ったのよ」
179900 ,,,,,300314,,優哉,優哉,,,,,,,,,「お前、料金の再チャージできないんだぞ！？
それなのに通信費バカバカ払いやがって……！
どうなるのかちゃんとわかってるのか？」
180000 ,,,,,300314,,逢,逢,03ai644_031.wav,,,,,,,,「ちゃんとゼロにならないように計算してるわよ！
このアタシが、そんな事もせずに動くと思う？」
180100 ,,,,,300314,,,,,,,,,,,,　ゼロにならなきゃいいってもんでもないだろうが！
180200 ,,,,,300314,,優哉,優哉,,,,,,,,,「いろいろ検索してくれたのはありがたいが、
もう十分だ。後は俺にまかせろよ」
180300 ,,,,,300314,,逢,逢,03ai644_032.wav,,,,,,,,「……はあ？　アンタ何言ってるの？
これで終わりなんかじゃないわ。
アタシの作戦は、これからが本番なのよ！！」
180400 ,,,,,300314,,,,,,,,,,,,　逢がそう叫ぶと同時に、
　逢のケータイのディスプレイに
　ものすごい速度で電話番号が表示される。
180500 ,,,,,300314,,優哉,優哉,,,,,,,,,「お前、今度は電話かける気かよ！！」
180600 ,,,,,300314,,,,,,,,,,,,　しかも、市外局番つきって、設置電話にか！
　料金よけいに取られるじゃねえか！！
　本当にゼロにならないように計算してるのか！？
180700 ,,,,,300314,,逢,逢,03ai644_033.wav,,,,,,,,「ごちゃごちゃ言ってるヒマがあるんなら、
ちょっとは協力しなさいよ！　アンタ、この街で
一番大きいバスターミナル知ってる？」
180800 ,,,,,300314,,優哉,優哉,,,,,,,,,「街のどまんなかにあるヤツか？
観光客向けに、県外につながってる路線バスの……」
180900 ,,,,,300314,,,,,,,,,,,,　一応温泉旅館の息子をしているから、
　位置自体は把握してる。
181000 ,,,,,300314,,逢,逢,03ai644_034.wav,,,,,,,,「そう、そこ！　アタシくわしい場所知らないから、
アンタだけが頼りなのよ」
181100 ,,,,,300314,,優哉,優哉,,,,,,,,,「何だよ、知ってたらどうすればいいんだよ！」
181200 ,,,,,300314,,,,,,,,,,,,　逢はまだ通話をやめようとはしない。
　お前、命削って何してるんだよ！！
　どうしたらやめてくれるんだよ！
181300 ,,,,,300314,,逢,逢,03ai644_035.wav,,,,,,,,「そこに全速力でゆりかちゃんを連れてって。
いい？　全速力でよ？　速ければ速いほど、
アタシは料金を使わなくてよくなるんだからね！」
181400 ,,,,,300314,,,,,,,,,,,,　突然の目的地変更だが、逢の表情は真剣だ。
　って事は、本当にバスターミナルに起死回生の
　何かがあるんだろう。
181500 ,,,,,300314,,優哉,優哉,,,,,,,,,「わかった。バスターミナルに、全速力だな！？
それでいいんだな？」
181600 ,,,,,300314,,,,,,,,,,,,　もうなりふりかまっていられない俺は
　逢の言葉に大声で返事をした。
181700 ,,,,,300314,,ゆりか,ゆりか,,,,,,,,,「お、おにいちゃん！？」
181800 ,,,,,300314,,,,,,,,,,,,　ゆりかちゃんは予想通りビックリしてるが、
　フォローしている時間もおしい。
181900 ,,,,,300314,,逢,逢,03ai644_036.wav,,,,,,,,「そうよ。わかったらとにかく全力を
ふりしぼりなさい！アタシも、全力で行くからね！」
182000 ,,,,,300314,,,,,,,,,,,,　そう言い残して、逢は再び姿を消した。
182300 ,,<!move_look>,,13400,,,優哉,優哉,,,,,,,,,「ゆりかちゃん！
ちょっと聞いてくれないか？」
182400 ,,,,,,,ゆりか,ゆりか,,,,,,,,,「は、はい！　なんですか？」
182500 ,,,,,,,優哉,優哉,,,,,,,,,「もう少し速く走れれば、
お姉さんに会えるかもしれない」
182600 ,,,,,,,ゆりか,ゆりか,,,,,,,,,「ホント！？」
182700 ,,,,,,,,,,,,,,,,,　ゆりかちゃんの声が明るくなる。
182800 ,,,,,,,優哉,優哉,,,,,,,,,「ああ、だから……俺の背中におぶさってくれないか？
このままじゃ、間に合わない」
182900 ,,,,,,,,,,,,,,,,,　間に合わないわけじゃないのかもしれない。
　だが、逢の命が危なくなる！　全速力という
　逢の要求に対しての、これが俺の答えだった。
183000 ,,,,,,,ゆりか,ゆりか,,,,,,,,,「わかりました！」
183100 ,,,,,,,,,,,,,,,,,　ゆりかちゃんの判断は早かった。
　俺が立ち止まってしゃがむと同時に
　俺の背中に体を預けてくる。
183200 ,,,,,,,優哉,優哉,,,,,,,,,「くうっ……！」
183300 ,,,,,,,,,,,,,,,,,　正直、昨日から動き通しの体にはこたえる。
　だが、そんな事を言ってる場合じゃない！
183400 ,,,,,,,,,,,,,,,,,　俺は体の各所から聞こえる悲鳴を気合でねじふせ、
　勢いをつけて山道を駆け下り始めた。
183500 ,,,,,,,優哉,優哉,,,,,,,,,「逢、伝説になるくらい速く走ってやる。
だから、だから！　バカなまねするんじゃねえぞ！」
183590 ,,<!Lend_move>,0,9000,,,,,,,,,,,,,
183800 ,@645,,,,,,,,,,,,,,,,
184100 ,,<!Lbegin_move>,0,12210,,,,,,,,,,,,,　祭りでにぎわう街中で、ゆりかちゃんを背負って
　人ごみをすり抜けて走る。もうなんと言うか、
　どんだけの苦行かって感じだが…………
184200 ,,,,,,,,,,,,,,,,,　これが逢の無茶を止める唯一の手段だとすれば、
　やらざるを得ない。あいつがバスターミナルと
　言った以上は、そこまで行くだけだ。
184300 ,,,,,,,悠,悠,02yuu645_001.wav,,,,,,,,「あれっ！？　優哉、ゆうやー！」
184400 ,,,,,,,,,,,,,,,,,　今の声は……悠！？
184500 ,,,,,,,優哉,優哉,,,,,,,,,「悠か！？　悪いな、今急いでるんだ！」
184600 ,,,,,,,,,,,,,,,,,　今はたとえ悠でも、俺の足を止めさせない！
184700 ,,,,,,,悠,悠,02yuu645_002.wav,,,,,,,,「ちょっと、優哉！？」
184800 ,,,,,,,,,,,,,,,,,　悠がまだこのあたりにいたのも驚きだったが、
　逆に都合がいい。ゆりかちゃんを送った後に
　ゆっくり土下座が出来るってもんだ。
184900 ,,,,,,,,,,,,,,,,,　もう体中が悲鳴を上げてとても走れなくなる頃、
　ようやく俺とゆりかちゃんはバスターミナルに
　到着した。
185000 ,,<!move_normal>,,12200,,,ゆりか,ゆりか,,,,,,,,,「あっ……！　おねえちゃん！！
おねえちゃーん！！」
185100 ,,,,,,,,,,,,,,,,,　ゆりかちゃんを背中からおろすと、彼女は
　大声で叫びながら駆け出した。その先には、
　彼女によく似た女性がいる。
185200 ,,,,,,,さやか,？？？,,,,,,,,,「ゆりか……！　あなた、どこ行ってたの！」
185300 ,,,4,,,,,,,,,,,,,,　女性は飛びこんだゆりかちゃんを
　しっかりと抱き止める。きっとあの人が
　ゆりかちゃんのお姉ちゃんとやらだろう。
185400 ,,,,,,,ゆりか,ゆりか,,,,,,,,,「ごめんね……おねえちゃん、ごめんね！
お仕事行かないでなんてワガママ言って……」
185500 ,,,,,,,さやか,？？？,,,,,,,,,「ううん、私こそごめんね？
私がお家を出ちゃうのがさびしかったんだよね？
それなのに怒っちゃったりして…………」
185600 ,,,,,,,ゆりか,ゆりか,,,,,,,,,「おねえちゃん、お仕事がんばってね！
お休み長く取れたら、帰ってきてくれると、
あたしうれしいな……」
185700 ,,,,,,,さやか,？？？,,,,,,,,,「もちろんよ！　お盆休みとか年末の休みには、
絶対帰ってくるからね！」
185800 ,,,,,,,,,,,,,,,,,　やっぱり、二人とも本心からケンカしていた
　わけじゃなかった。たまたま、お互いに
　余裕がなかったせいで起きたすれ違いだったんだ。
185900 ,,,,,,,優哉,優哉,,,,,,,,,「おい、逢。見ろよ。
ゆりかちゃん、お姉さんに会えたぞ。
ちゃんと仲直りできたぞ！」
186000 ,,,,,,,,,,,,,,,,,　俺はポケットの中にある
　逢のケータイをゆさぶってみた。
186100 ,,,,,,,逢,逢,03ai645_001.wav,"ai,uniform",,1,,,,,「…………そりゃそうよ。そうじゃなきゃ、
アタシがわざわざ料金使った甲斐がないじゃない」
186200 ,,,,,,,,,,ai,,1,,,,,　そう毒づきながら、逢が姿をあらわす。
　だがその表情を見れば、逢が俺なんかより
　よっぽど喜んでるのは丸わかりだ。
186300 ,,,,,,,逢,逢,03ai645_002.wav,ai,,52,,,,,「アタシ達はすれ違ったまんまだったけど、
あの子とお姉ちゃんは軌道修正できた。
……これで、あの子達はずっと仲良し確定よね」
186400 ,,,,,,,優哉,優哉,,,,,,,,,「そうだな。もう大丈夫だ」
186500 ,,,,,,,,,,,,,,,,,　柄にもなくじーんとしていると、
　ゆりかちゃんのお姉さんが俺達に近づいてきた。
186600 ,,,,,,,さやか,？？？,,,,,,,,,「あの……ゆりかの姉の、さやかと申します。
この度はゆりかが大変お世話になったそうで……」
186700 ,,,,,,,優哉,優哉,,,,,,,,,「ああ、お気になさらないでください。
出発前にゆりかちゃんとさやかさんを
仲直りさせられてよかったと思ってた所ですから」
186800 ,,,,,,,さやか,さやか,,,,,,,,,「姉妹ゲンカなんて
お恥ずかしいものに巻きこんでしまって、
申し訳ありませんでした」
186900 ,,,,,,,,,,,,,,,,,　さやかさんが深々と頭を下げる。
　そこで俺は、逢の行動の種明かしを
　さやかさんに頼む事を思いついた。
187000 ,,,,,,,優哉,優哉,,,,,,,,,「もしよかったら、
おうかがいしてもよろしいでしょうか？」
187100 ,,,,,,,さやか,さやか,,,,,,,,,「はい、なんなりと……」
187200 ,,,,,,,優哉,優哉,,,,,,,,,「ゆりかちゃんには、さやかさんが
タクシーで出発すると聞いてたんですが、
なぜバスターミナルにいらっしゃったんですか？」
187300 ,,,,,,,,,,,,,,,,,　タクシーなら、自分の家の前まで呼びつけるから
　俺とゆりかちゃんは間に合わなかっただろう。
187400 ,,,,,,,さやか,さやか,,,,,,,,,「実は……星河原にある全てのタクシー会社に、
全ての車に迎車の予約を入れられてしまって、
出払っていると言われてしまったんです」
187500 ,,,,,,,さやか,さやか,,,,,,,,,「それでしかたなく他の交通機関を調べたら、
ここから出るバスに乗ればかろうじて間に合う
との事でしたので……」
187600 ,,,,,,,優哉,優哉,,,,,,,,,「なるほど……」
187700 ,,,,,,,,,,,,,,,,,　逢の行動の意味がようやく見えてきた。
187800 ,,,,,,,,,,,,,,,,,　あいつはまず時刻表やらなんやらを検索して、
　タクシーを封じれば、さやかさん達はバスターミナル
　に移動せざるを得なくなる事を突き止めた。
187900 ,,,,,,,,,,,,,,,,,　そこで、星河原中のタクシー会社のタクシーを
　封じるために電話をかけまくって、迎車予約を
　全タクシーに入れたのか……
188000 ,,,,,,,逢,逢,03ai645_003.wav,ai,,0,,,,,「けっこう大変だったけど、いい手でしょ？」
188100 ,,,,,,,,,,ai,,0,,,,,　さやかさんの種明かしを受けて、
　逢は満面の笑みを浮かべた。
188200 ,,,,,,,逢,逢,03ai645_004.wav,ai,,1,,,,,「タクシー会社に確認取る時間と時刻表を調べる時間、
それにターミナルに移動する時間分、こっちは移動
できるから、間に合うって寸法なのよ」
188300 ,,,,,,,優哉,優哉,,ai,,1,,,,,「しかも、ゆりかちゃんの家より俺達に近い所で
はち合わせになる……よくこれだけの事を
あんな短時間に考えたもんだな」
188400 ,,,,,,,逢,逢,03ai645_005.wav,ai,,1,,,,,「アンタとは頭の回転が違うのよ。回転の速さがね」
188500 ,,,,,,,優哉,優哉,,ai,,1,,,,,「はいはい、お前はすごいよ。
何しろ他人を自分と悠みたいにしないために、
命を張っちまうんだからな」
188600 ,,,,,,,さやか,さやか,,,,,,,,,「本当にありがとうございました。
おかげさまで、これからの仕事に集中できます」
188700 ,,,,,,,優哉,優哉,,,,,,,,,「そう言っていただけると、
がんばった甲斐がありました。
お仕事、がんばってくださいね」
188800 ,,,,,,,さやか,さやか,,,,,,,,,「はい！」
188900 ,,,,,,,,,,,,,,,,,　さやかさんの笑顔を見て満足感に包まれてる
　俺と逢の背中を、突然の大声がどやしつけた。
189000 ,,,,,,,悠,悠,02yuu645_003.wav,"yuu,private",,5,,,,,「ダメだ～！　さやかさん。
それっぽい人見つけられなかったよ……
って、優哉！　さやかさんと知り合いなの？」
189100 ,,,,,,,優哉,優哉,,yuu,,2,,,,,「悠！　お前なにやってんだ！？」
189200 ,,,,,,,さやか,さやか,,yuu,,2,,,,,「お二人とも、お知り合いだったんですか？」
189300 ,,,,,,,,,,yuu,,2,,,,,　あーもう！　一体なんなんだこの状況！！
189600 ,,<!move_normal>,7,12210,,,,,,,,,,,,,　とにかく、状況を整理してみよう。
189700 ,,,,,,,,,,,,,,,,,　ゆりかちゃんとさやかさんは、さやかさんの
　出発直前に大ゲンカして、ゆりかちゃんは
　山の方まで走っていなくなった。
189800 ,,,,,,,,,,,,,,,,,　山で迷子になっていたゆりかちゃんを見つけた
　俺と逢は、タクシー会社に干渉してゆりかちゃんと
　山を降りていく。（もちろん、逢の事は秘密だがな）
189900 ,,,,,,,,,,,,,,,,,　タクシーがつかまらなくて困ってたさやかさんは、
　バスターミナルでマゴマゴしているところを通り
　がかった悠に助けられた。
190000 ,,,,,,,,,,,,,,,,,　で、さやかさんは出発までの間に心当たりの場所を
　悠に探してくれるように頼んだ、と……
190100 ,,,,,,,優哉,優哉,,,,,,,,,「……大体こんな感じでいいのか？」
190200 ,,,,,,,,,,,,,,,,,　ゆりかちゃんといっしょに
　さやかさんを見送った後。
190300 ,,,,,,,,,,,,,,,,,　ゆりかちゃんと別れた俺は、
　逢のあたりの情報を削除して、
　整理したあらましを悠に確認した。
190400 ,,,,,,,悠,悠,02yuu645_004.wav,yuu,,0,,,,,「うん、間違いないと思うよ。
しっかし、私がさやかさんを助けてる間に、
優哉がゆりかちゃんを助けてたなんてね」
190500 ,,,,,,,優哉,優哉,,yuu,,0,,,,,「まあ、人の問題に首をつっこみまくる
お人よしカップルと思えば、お似合いじゃないか？」
190600 ,,,,,,,悠,悠,02yuu645_005.wav,yuu,,1,,,,,「そうだね。二人の共通点一つ発見！」
190700 ,,,,,,,,,,yuu,,1,,,,,　逢と同じように、悠の機嫌もいい。
　やはり、自分とさやかさんを
　かなり重ねていたんだろう。
190800 ,,,,,,,,,,yuu,,1,,,,,　そのあたり、やっぱり逢と姉妹なんだなあと
　感心しちまうな。
190900 ,,,,,,,逢,逢,03ai645_006.wav,,,,ai,,51,,「そのお人よしぶりが、
すっごく心配でもあるのよねえ……」
191000 ,,,,,,,,,,,,,ai,,51,,　逢はため息なんかつきながら、
　肩をすくめていた。
191100 ,,,,,,,逢,逢,03ai645_007.wav,,,,ai,,51,,「普通、どっちかがストッパー役になるべきじゃない？
なのにアンタとお姉ちゃんと来たら、どっちも
止めるどころか推奨しちゃうんだもん」
191200 ,,,,,,,優哉,優哉,,,,,ai,,51,,「じゃあ、お前はどうなんだ？
ゆりかちゃんが困ってた時に、
最初に助けようって言い出したの、お前じゃないか」
191300 ,,,,,,,逢,逢,03ai645_008.wav,,,,ai,,6,,「だ、だって！！
あれはもうしかたなかったじゃない！」
191400 ,,,,,,,,,,,,,ai,,6,,　痛い所を突かれて、予想通り逢はうろたえる。
　……まあ結局、三人ともお人よしと言う点は
　どうしようもなく共通してるんだろうな。
191700 ,,<!move_normal>,,12100,,,悠,悠,02yuu645_006.wav,yuu,,3,,,,,「あ……」
191800 ,,,,,,,,,,yuu,,3,,,,,　突然、悠は何かを思い出したように足を止めると
　表情を暗くした。
191900 ,,,,,,,悠,悠,02yuu645_007.wav,yuu,,3,,,,,「そういえば、ごめんね優哉。
私、先に行って待ってるとか言ったのに、
あんな事してた…………」
192000 ,,,,,,,優哉,優哉,,yuu,,3,,,,,「何だよ急に。
あんな事って、さやかさんを助けてた事か？」
192100 ,,,,,,,悠,悠,02yuu645_008.wav,yuu,,3,,,,,「だって、もし優哉がちゃんと温泉に行ってたら、
私優哉に待ちぼうけさせてたんだよ？」
192200 ,,,,,,,,,,yuu,,3,,,,,　そりゃまあそうかもしれないけど、
　それは可能性の話であって、
　そうならなかったからもういいんじゃないのか？
192300 ,,,,,,,優哉,優哉,,yuu,,3,,,,,「その時は、電話でもかければいいじゃないか。
まあ、俺は俺であせって家にケータイ置いてきた
けどな」
192400 ,,,,,,,悠,悠,02yuu645_009.wav,yuu,,5,,,,,「でも、悪い事は悪い事じゃない？」
192500 ,,,,,,,,,,yuu,,5,,,,,　なんでそんなに引け目感じてるんだよ。
192600 ,,,,,,,優哉,優哉,,yuu,,5,,,,,「だからな？　そんな事言ったら、
ケータイ忘れた上に人助けに首つっこんで、
通りがかったお前を無視した俺はどうなるんだよ」
192700 ,,,,,,,,,,yuu,,5,,,,,　悠の論法で行けば、俺はしばき倒されても
　文句は言えなくなるはずだ。
192800 ,,,,,,,悠,悠,02yuu645_010.wav,yuu,,3,,,,,「優哉は、ゆりかちゃんを助けてたんだもん……」
192900 ,,,,,,,優哉,優哉,,yuu,,3,,,,,「悠は、さやかさんを助けてたんだろ？
だったら、おあいこだと思わないか？」
193000 ,,,,,,,,,,yuu,,3,,,,,　俺は自分と悠を交互に指さしながら、
　さとすように話してみた。
193100 ,,,,,,,優哉,優哉,,yuu,,3,,,,,「お互い連絡も取らずにいろいろしてたのは
悪かった。でも、すれ違いもしなかったし、
待ちぼうけもなかった。だからオーケーじゃないか」
193200 ,,,,,,,悠,悠,02yuu645_011.wav,yuu,,5,,,,,「でも、お風呂…………」
193300 ,,,,,,,優哉,優哉,,yuu,,5,,,,,「まだ一般公開までは時間があるさ。
今から入りに行けばいいんじゃないのか？」
193400 ,,,,,,,悠,悠,02yuu645_012.wav,yuu,,3,,,,,「うん……」
193500 ,,,,,,,優哉,優哉,,yuu,,3,,,,,「俺なんか山道を全力疾走したからな。
自分でもわかるくらい汗臭い。
はやくサッパリしたいよ」
193600 ,,,,,,,,,,yuu,,90,,,,,　ちょっとおどけて自分の体をかいでみせると、
　ようやく悠もちょっと笑ってくれた。
193700 ,,,,,,,悠,悠,02yuu645_013.wav,yuu,,1,,,,,「そうだね。優哉ってば
ちょっとキツいくらい汗臭いもんね」
193800 ,,,,,,,逢,逢,03ai645_009.wav,,,,ai,,5,,「お姉ちゃんと一緒に歩くと、
ニオイうつっちゃいそうなんだけど。
アンタもうちょっと離れて歩かない？」
193900 ,,,,,,,優哉,優哉,,,,,ai,,5,,「ほっとけっての！
これは人助けの尊い代償なんだから、
断固ガマンしてもらうからな」
194000 ,,,,,,,,,,,,,ai,,5,,　……しかし、周りに不審がられずに逢と話すのも
　お手の物になってきちまったな。
194100 ,,,,,,,悠,悠,02yuu645_014.wav,yuu,,1,,,,,「よーし、じゃあ私が秘湯のお湯で
優哉をピッカピカのキレイキレイにしてあげるよ。
全身くまなく洗ってあげる！」
194200 ,,,,,,,優哉,優哉,,yuu,,1,,,,,「お、なんだなんだ。特別サービスか？
全身って事は、全部洗ってくれるのかよ」
194300 ,,,,,,,悠,悠,02yuu645_015.wav,yuu,,1,,,,,「もちろん！」
194400 ,,,,,,,優哉,優哉,,yuu,,1,,,,,「じゃあ、堂々と前の方を洗ってもらおうかな。
ゆっくりていねいにな」
194500 ,,,,,,,,,,yuu,,6,,,,,　悠は俺が言った事の意味を少し考えて、
　頬を紅く染めた。
194600 ,,,,,,,悠,悠,02yuu645_016.wav,yuu,,6,,,,,「ちょ、ちょっと優哉！」
194700 ,,,,,,,優哉,優哉,,yuu,,6,,,,,「あれ？　お前が言い出した事だろ？」
194800 ,,,,,,,,,,yuu,,6,,,,,　おお、反応が新鮮だな。悠のヤツ、
　自分からセクシージョーク言うのは平気なのに、
　人に言われるのは苦手なのか。
194900 ,,,,,,,悠,悠,02yuu645_017.wav,yuu,,6,,,,,「それはそうだけどさ……」
195000 ,,,,,,,逢,逢,03ai645_010.wav,,,,ai,,7,,「このセクハラ魔人！！
お姉ちゃんに何させようとしてんのよ！」
195100 ,,,,,,,優哉,優哉,,,,,ai,,7,,「お子様な逢は知らないかもしれないがな、
世の恋人達はみんなそれくらいやってるんだぞ？」
195200 ,,,,,,,逢,逢,03ai645_011.wav,,,,ai,,2,,「え、え、え！？　ちょ、ちょっと、それホント！？
ウソなんでしょ？　ねえ！」
195300 ,,,,,,,,,,,,,ai,,2,,　うまい事逢をうろたえさせてる間に、
　俺はもう一度悠にお上品なジョークを
　かましてみる。
195400 ,,,,,,,優哉,優哉,,,,,ai,,2,,「ゆっくりていねいに洗ってもらってたら、
一般公開の時間になっちまうかもしれないな。
まあ、そうなったらそれでかまわないか」
195500 ,,,,,,,悠,悠,02yuu645_018.wav,yuu,,2,,,,,「えー！？　全然かまうよ！
一応混浴の予定だけど、
みんなにジロジロ見られちゃうじゃない！」
195600 ,,,,,,,優哉,優哉,,yuu,,2,,,,,「いいじゃないか、みんなに見せつけてやろうぜ。
俺と悠はこんなに仲がいいんですってな」
195700 ,,,,,,,,,,yuu,,2,,,,,　ここまできて、ようやく逢が
　前のネタによる困惑から回復してきた。
195800 ,,,,,,,逢,逢,03ai645_012.wav,,,,ai,,7,,「アンタね、調子に乗るのもいい加減にしなさいよ！？
そりゃお姉ちゃんをゆずりはしたけど、これ以上
やるんなら、返してもらうんだから！」
195900 ,,,,,,,優哉,優哉,,,,,ai,,7,,「だから、お子様な逢が知らないだけだって。
世の恋人達にとってはこれくらいフツーだフツー」
196000 ,,,,,,,,,,,,,,,,,　……今さらだが、
　逢への有効手段を手に入れたような気がする。
　これはしっかり覚えておかないとな。
196200 ,,,,9000,,,,,,,,,,,,,　こうして、
　俺は翠川姉妹を手玉にとってからかいながら、
　もう一度秘湯への山道を登っていった。
196290 ,,<!Lend_move>,0,9000,,,,,,,,,,,,,
196299 ,,<!ec_yuu_pri>,,,,,,,,,,,,,,,
196500 ,@647,,,,,,,,,,,,,,,,
196800 ,,<!Lbegin_move>,8,14301,,,,,,,,,,,,,　なんだかんだあったが、
　ようやく俺は悠と一緒に吊り橋までやってきた。
　もう日が落ち始めてるけどな……
196900 ,,,,,,,優哉,優哉,,,,,,,,,「あ…………」
197000 ,,,,,,,,,,,,,,,,,　ふと、俺の足が止まる。
197100 ,,,,,,,悠,悠,02yuu647_001.wav,"yuu,private",,0,,,,,「ん？　どしたの？　優哉」
197200 ,,,,,,,優哉,優哉,,yuu,,0,,,,,「ああ、ちょっとな」
197300 ,,,,,,,,,,yuu,,0,,,,,　俺はポケットの中にある逢のケータイを軽く握った。
　そういえば、逢のケータイを拾ったのはこのあたり
　だったな……
197400 ,,,,,,,悠,悠,02yuu647_002.wav,yuu,,5,,,,,「ヘンな優哉。ここ、何かあったっけ？」
197500 ,,,,,,,,,,yuu,,5,,,,,　確かに、ここは何のへんてつもない道端だ。
　だけど俺と逢にとっては……そして悠にとっても、
　意外と重要な道端なんだよな。
197600 ,,,,,,,優哉,優哉,,yuu,,5,,,,,「いやな？　お前とつきあう事になった原因の一つが、
前にここに落ちてたんだよ」
197700 ,,,,,,,悠,悠,02yuu647_003.wav,yuu,,2,,,,,「えーっ！？　なにソレ！　じゃあ私は、
拾い物に助けてもらっちゃったワケ？」
197800 ,,,,,,,優哉,優哉,,yuu,,2,,,,,「そういう事になるかな」
197900 ,,,,,,,,,,,,,,,,,　逢に出会えたおかげで、
　俺は悠の内面にふみこむ事ができた。
　支えてやりたいと心から思えるようになった。
198000 ,,,,,,,,,,,,,,,,,　そういう意味では縁結びの恩人だからな……
　なんとか、悠に一目でも会わせてやりたいもんだ。
198100 ,,,,,,,,,,,,,,,,,　そんな事を考えながら、また歩き始めた時だった。
198300 ,,<se id=""1"" file=""keitai_alert.wav"" vol=""-3000""><m_fade fadeout=""9000"">,0,,,,,,,,,,,,,,　耳障りな警告音が耳に飛びこんでくる。
198400 ,,,,,,,悠,悠,02yuu647_004.wav,yuu,,90,,,,,「あれ？　ケータイの電池切れたかな？」
198500 ,,,,,,,,,,yuu,,90,,,,,　悠はあわてて自分のケータイを取り出すと、
　バッテリ表示を確かめて首をひねった。
198600 ,,,,,,,悠,悠,02yuu647_005.wav,yuu,,5,,,,,「おっかしいなあ。満タンだよ……
でも、優哉はケータイ家に忘れたんだよね？」
198700 ,,,,,,,優哉,優哉,,yuu,,5,,,,,「あ、ああ……」
198800 ,,,,,,,,,,,,,,,,,　俺はてっきり、はりきりすぎた逢が腹を空かせて、
　警告音を鳴らしたんだと思った。
　いや、そう信じたかったんだ。
198900 ,,,,,,,,,,,,,,,,,　そういえば、さっきから逢の姿が全然見えない。
　その時点で何かがおかしいとは思っていたんだ。
　竹林のあたりまでは、俺の斜め上にいたんだから。
199100 ,,<se id=""1"" file=""keitai_alert.wav"" vol=""-2500"">,,,,,悠,悠,02yuu647_006.wav,yuu,,5,,,,,「まただ……誰かがケータイ落としたのかな？
ゆりかちゃんとか？」
199200 ,,,,,,,,,,yuu,,5,,,,,　悠はキョロキョロとまわりをうかがう。
　だが、俺にはわかっていた。警告音は、
　俺のポケットの中から鳴っている。
199300 ,,,,,,,,,,yuu,,5,,,,,　つまり、音の発生源は……逢のケータイだ……！！
199500 ,,<se id=""1"" file=""keitai_alert.wav"" vol=""-2000"">,,,,,悠,悠,02yuu647_007.wav,yuu,,0,,,,,「ねえ……この音、優哉のあたりから鳴ってない？」
199600 ,,,,,,,,,,yuu,,0,,,,,　さすがに悠も音の発生源がわかってきたらしい。
　俺はおそるおそるポケットから逢のケータイを
　取り出して、開いてみた。
199800 ,,<se id=""1"" file=""keitai_alert.wav"">,5,,300313,,悠,悠,02yuu647_008.wav,,,,,,,,「ちょっと、優哉それ……！」
199900 ,,,,,300313,,,,,,,,,,,,　悠があきらかに狼狽した声を上げる。
　そりゃそうだろうな。二年位前に死んだ
　自分の妹愛用のケータイだ。
200000 ,,,,,300313,,,,,,,,,,,,　それが自分の恋人のポケットから出てくれば、
　普通驚くだろう。
200100 ,,,,,300313,,悠,悠,02yuu647_009.wav,,,,,,,,「そのシール！　それ、逢のだよね！？
なんで優哉が持ってるの？」
200200 ,,,,,300313,,,,,,,,,,,,　悠は頭が混乱しているみたいだ。
　俺はそっちを置いておく事にして、
　まず待ち受け画面の電池メーターを確認する。
200400 ,,<se id=""1"" file=""keitai_alert.wav"">,,,300313,,,,,,,,,,,,　メーターは一つ減っているが、
　まだ赤く表示されるまでいっていない。
　という事は、腹が減ったわけじゃないのか……
200600 ,,<stop id=""1""><!se_keitai_pipi>,,,300313,,,,,,,,,,,,　次に俺は、イヤな予感を覚えながら
　チャージ料金の確認画面を呼び出してみた。
200700 ,,,,,300313,,,,,,,,,,,,　ロック機能は働いてないらしく、
　あっさりと料金確認画面に移動する。
　ディスプレイに映った金額は……四十円！
200900 ,,<se id=""1"" file=""keitai_alert.wav"">,,,300313,,優哉,優哉,,,,,,,,,「おい、逢！　返事をしろ。逢！！」
201000 ,,,,,300313,,悠,悠,02yuu647_010.wav,,,,,,,,「ちょっと優哉、なに言い出すの！？
どうしちゃったのよ！」
201100 ,,,,,300313,,,,,,,,,,,,　悠の目には、俺がおかしくなったと映るだろう。
　だが、そんな事にかまっていられない。
　事はまさに一刻を争うんだ！
201200 ,,,,,300313,,優哉,優哉,,,,,,,,,「逢！　聞こえてるか？
聞こえてるなら返事をしろ！　逢！！
返事をしろってばよ！！」
201400 ,,<se id=""1"" file=""keitai_alert.wav"">,,,300313,,,,,,,,,,,,　耳障りな警告音に負けないように
　大声を張り上げていると、ようやく
　逢が姿をあらわした。
201500 ,,,,,300313,,逢,逢,03ai647_001.wav,,,,,,,,「うるさい……わね……。耳元で、どならないでよ……」
201600 ,,,,,300313,,優哉,優哉,,,,,,,,,「逢！！」
201700 ,,,,,300313,,,,,,,,,,,,　ケータイから出てきた逢は、見るからに弱っていた。
　いつもよりさらに透明になっていて、たまに輪郭が
　ゆらめいている。
201800 ,,,,,300313,,優哉,優哉,,,,,,,,,「お前、今にも消えそうじゃないか！　大丈夫なのか？」
201900 ,,,,,300313,,逢,逢,03ai647_002.wav,,,,,,,,「お姉ちゃんが、びっくり、してるじゃない……
もうちょっと、とりつくろい、なさいよ……」
202000 ,,,,,300313,,悠,悠,02yuu647_011.wav,,,,,,,,「ねえ優哉！　どうしちゃったのってば！！
なんで逢の事呼んでるの？
それ逢のケータイだよね！？」
202100 ,,,,,300313,,,,,,,,,,,,　悠はいよいよ混乱して、
　俺の肩をつかんでゆさぶっている。
　気持ちはわかるが、今はかまっていられない。
202200 ,,,,,300313,,優哉,優哉,,,,,,,,,「緊急事態だから後回しだ。
逢！　まだ料金が四十円残ってるだろ！
しっかりしろよ！！」
202300 ,,,,,300313,,逢,逢,03ai647_003.wav,,,,,,,,「ゼロに、ならなきゃ……
だいじょぶって、思ってたんだけどね……
けっこう、つらいのよ。もう…………」
202400 ,,,,,300313,,,,,,,,,,,,　口を開いて言葉を発する度に、逢の輪郭はゆらぐ。
　表情からして、相当ツラい所まで来ちまってる。
202500 ,,,,,300313,,優哉,優哉,,,,,,,,,「だから言ったんだ！
あそこまでする必要はないって！」
202600 ,,,,,300313,,逢,逢,03ai647_004.wav,,,,,,,,「あれ、くらい、しなかったら……
まに、あわなかったじゃない…………」
202700 ,,,,,300313,,優哉,優哉,,,,,,,,,「ああ、お前のお手柄だ。
ゆりかちゃんとさやかさんを助けたのはお前だ。
でも、命を張る事はなかっただろうが！！」
202800 ,,,,,300313,,,,,,,,,,,,　確かに、俺が走るだけじゃゆりかちゃんは
　さやかさんの出発に間に合わなかっただろう。
202900 ,,,,,300313,,,,,,,,,,,,　でも、仲直りのために努力した記憶は残る。
　それさえあれば、関係改善のチャンスは
　いくらでもあったはずだ。
203000 ,,,,,300313,,,,,,,,,,,,　でもお前は、ここで消えちまえば
　永遠にノーチャンスなんだぞ？　逢…………！！
203100 ,,,,,300313,,優哉,優哉,,,,,,,,,「頼む、お願いだ。消えないでくれ！
俺はずっとお前を悠に会わせてやりたかったんだ！
今消えたら、もう永遠に会えなくなるんだぞ！」
203200 ,,,,,300313,,悠,悠,02yuu647_012.wav,,,,,,,,「優哉……？　誰と話してるの？
そこに、逢がいるの……！？」
203400 ,,<se id=""1"" file=""keitai_alert.wav"">,,,,,,,,,,,,,,,　俺は、意を決して全てを話す事にした。
203500 ,,,,,,,優哉,優哉,,,,,,,,,「ああ……悠、落ち着いて聞いてくれ。
このケータイの中に、逢の幽霊がいる。
いや、もうすぐ『いた』になっちまうかもしれない」
203600 ,,,,,,,悠,悠,02yuu647_013.wav,yuu,,3,,,,,「ウソ……！　まさか、そんな……！？」
203700 ,,,,,,,優哉,優哉,,yuu,,3,,,,,「信じられないのはわかる。
でもそこを曲げて信じてくれ！！」
203800 ,,,,,,,優哉,優哉,,yuu,,3,,,,,「逢はお前ともう一度話したくて、
幽霊になってまでこの世にしがみついたんだ！！
それなのに、それなのに…………！」
203900 ,,,,,,,逢,逢,03ai647_005.wav,ai,,3,,,,,「アタシも……アンタや、お姉ちゃんの、
気持ちが、知りたかったのよ……」
204000 ,,,,,,,優哉,優哉,,yuu,,3,,,,,「逢……？」
204100 ,,,,,,,,,,yuu,,3,,,,,　苦しい息の下（のように見える）で、
　逢は俺にほほえんでみせた。
204200 ,,,,,,,逢,逢,03ai647_006.wav,ai,,3,,,,,「誰かを、ささえたり、たすけたりして、
すごく、楽しそう、だった……」
204300 ,,,,,,,優哉,優哉,,yuu,,3,,,,,「だからって、自分の命をけずってまで
ゆりかちゃんを助ける事はなかったって、
何度も言ってるだろうが！！」
204400 ,,,,,,,悠,悠,02yuu647_014.wav,yuu,,3,,,,,「優哉、優哉！　逢がそこにいるって……
自分の命を削ったって、どういう事！？」
204500 ,,,,,,,優哉,優哉,,yuu,,3,,,,,「……原理は分からない。
でも、逢はケータイとシンクロしてた」
204600 ,,,,,,,優哉,優哉,,yuu,,3,,,,,「多分、とりつく前にチャージした料金が
存在をつなぎとめるエネルギー源だったんだろう」
204700 ,,,,,,,,,,yuu,,3,,,,,　俺はそこまで言って、悠に残額確認画面を見せた。
204800 ,,,,,,,悠,悠,02yuu647_015.wav,yuu,,3,,,,,「え……？　じゃあ、この四十円って……」
204900 ,,,,,,,優哉,優哉,,yuu,,3,,,,,「逢はいま、その四十円で
必死に存在をつなぎとめてる。
……でも、いつまでもつか正直わからない」
205000 ,,,,,,,悠,悠,02yuu647_016.wav,yuu,,3,,,,,「そんな……！！　逢、ここにいるの！？
ねえ、このへん！？」
205100 ,,,,,,,,,,yuu,,3,,,,,　悠が、待ち受け画面近くの空中を手で探る。
　逢の輪郭を手でかすめているのに、悠は
　それが分からない。
205200 ,,,,,,,悠,悠,02yuu647_017.wav,yuu,,3,,,,,「分からない……私、お姉ちゃんなのに、
逢がどこにいるのかわからないよ……！
声も、聞こえない…………！！」
205300 ,,,,,,,優哉,優哉,,yuu,,3,,,,,「逢も不思議がってた。波長が合わないのか、
俺以外の人間には姿も見えないし、声も聞こえない
らしいんだ」
205400 ,,,,,,,逢,逢,03ai647_007.wav,ai,,52,,,,,「ほーん、と、ヒドイ話、よねぇ……
こんな、ヤツしか、話し相手、いないなんて……」
205500 ,,,,,,,,,,ai,,52,,,,,　逢は苦笑いをしてみせる。
　でも、それは明らかに強がりだ。
　輪郭のぶれは、明らかに大きくなっている……！
205600 ,,,,,,,優哉,優哉,,ai,,52,,,,,「しっかりしろ、逢！　悠と話がしたいだろ！？
まだ消えちゃダメだ！！」
205700 ,,,,,,,悠,悠,02yuu647_018.wav,yuu,,3,,,,,「逢！！　お願い！　もう一度……もう一度でいいよ！
私とお話しよ？　ね！？　お姉ちゃん、
逢に言いたい事があるんだよぉ……！！」
205800 ,,,,,,,,,,yuu,,3,,,,,　考えろ、考えろ墨崎優哉！！
　何かないのか！　作戦とか策とか謀略とか！！
　悠と逢はこんな終わり方でいいのかよ！！
205900 ,,,,,,,逢,逢,03ai647_008.wav,ai,,3,,,,,「そろそろ……キツいわ……
伝言とか、頼んでも、いい……？」
206000 ,,,,,,,,,,ai,,3,,,,,　一方通行の伝言とかじゃダメだ！
　二人がちゃんと会話をする事……
　それが重要なんだよ！！
206100 ,,,,,,,悠,悠,02yuu647_019.wav,yuu,,3,,,,,「優哉！　お願い！！　せめて、せめて
逢が消える前に伝えて欲しいの！」
206200 ,,,,,,,,,,yuu,,3,,,,,　何か、何かないのか…………！！！
206400 ,,,,9000,,,,,,,,,,,,,　緊張感とあせりと加速する思考のさなか、
　俺は脳みその中から一つの記憶を掘り起こした。
206700 ,,<!scene_past_begin>,0,9000,300331,#sep,逢,逢,03ai647_009.wav,,,,,,,,「はいはいはーい」
206800 ,,,,,300331,#sep,優哉,優哉,,,,,,,,,「お前、突然出てくるな！　びっくりするだろうが！
……物に触れなかったのに、
どうやってバスタオル巻いてるんだ？」
206900 ,,,,,300331,#sep,逢,逢,03ai647_010.wav,,,,,,,,「写メ機能をちょっとだけ応用して、
アタシの体を外の世界にメールとして
実体化させてるだけよ～」
207000 ,,,,,300331,#sep,優哉,優哉,,,,,,,,,「……なんだかよく分からんが、
メールって事は料金がかかるんじゃないのか？
お前さっき、チャージした金が心臓だって言ったよな」
207100 ,,,,,300331,#sep,逢,逢,03ai647_011.wav,,,,,,,,「四十円くらいですむからだいじょーぶだいじょーぶ」
207300 ,,<!scene_past_end>,,9000,,,,,,,,,,,,,　そうだ、四十円だ…………！！
207500 ,,,5,,300313,,優哉,優哉,,,,,,,,,「逢！　このまま消えるよりは、
悠と話がしたいだろ！？」
207600 ,,,,,300313,,逢,逢,03ai647_012.wav,,,,,,,,「そりゃ、そうよ……決まってるじゃない……」
207700 ,,,,,300313,,優哉,優哉,,,,,,,,,「なら、お前の最後の四十円、
俺に預けてくれないか？」
207800 ,,,,,300313,,悠,悠,02yuu647_020.wav,,,,,,,,「優哉？　なにする気なの？
その四十円って、逢の命なんじゃないの？！」
207900 ,,,,,300313,,優哉,優哉,,,,,,,,,「悠、お前だってむなしく叫ぶより、
逢に一目でもいいから会いたいだろ？」
208000 ,,,,,300313,,悠,悠,02yuu647_021.wav,,,,,,,,「そりゃ、会いたいよ！！　でも……」
208100 ,,,,,300313,,優哉,優哉,,,,,,,,,「逢、思い出せ。
お前、すみさきの露天風呂に入った時
なにをした？」
208200 ,,,,,300313,,逢,逢,03ai647_013.wav,,,,,,,,「アンタに、裸見せたくなくて、
バスタオル、巻いたわ……」
208300 ,,,,,300313,,優哉,優哉,,,,,,,,,「アレが四十円でできるんだよな？
なら、気合入れれば俺以外に姿が見えるように
アレを変化させられるんじゃないのか？」
208400 ,,,,,300313,,,,,,,,,,,,　もちろん、ただの思いつきだ。根拠もない。
　でも、ただ消えて無駄死にするくらいだったら、
　思いつきでもすがった方がいいに決まってる！
208500 ,,,,,300313,,逢,逢,03ai647_014.wav,,,,,,,,「へえ……アンタ、ヘンなこと、かんがえるわね……
でも、できるかな……」
208600 ,,,,,300313,,優哉,優哉,,,,,,,,,「やらないで消えるよりはマシだ！
失敗した時用に伝言は聞いておいてやる。
……悠の分もな」
208700 ,,,,,300313,,逢,逢,03ai647_015.wav,,,,,,,,「じゃあ……おねえちゃん、に、ごめんなさいって、
大好きだったって、つたえてね……」
208800 ,,,,,300313,,悠,悠,02yuu647_022.wav,,,,,,,,「優哉、逢に伝えて。お姉ちゃんは
いつまでも逢が大好きだって。あの時は、
ホントにゴメンねって……！」
208900 ,,,,,300313,,優哉,優哉,,,,,,,,,「確かに伝言は預かった。俺も悠も全力で祈ってやる。
逢、やってみろ！」
209000 ,,,,,300313,,逢,逢,03ai647_016.wav,,,,,,,,「い、く、よ……！」
209200 ,,,,9000,,,,,,,,,,,,,　一瞬、ケータイが真っ暗になった。
　そして、次の瞬間…………
209400 ,,,6,,300351,,逢,逢,03ai647_017.wav,,,,,,,,「お姉ちゃん…………！！」
209500 ,,,,,300351,,悠,悠,02yuu647_023.wav,,,,,,,,「逢！　逢……！！　ホントに逢なんだね……！」
209600 ,,,,,300351,,,,,,,,,,,,　二人はしっかりと抱き合っていた。
　逢渾身の実体化は、見えるだけでなく触れるほど
　のものになっていたんだ。
209700 ,,,,,300351,,逢,逢,03ai647_018.wav,,,,,,,,「人間、やればできるもんなのね。
こーんなにうまくいっちゃうなんて」
209800 ,,,,,300351,,,,,,,,,,,,　感激で泣いてるクセに、減らず口を忘れないヤツだ。
209900 ,,,,,300351,,優哉,優哉,,,,,,,,,「もともと幽霊なんて
ファンタジーな存在やってるんだ。
それくらいいい加減じゃないとこっちが困るんだよ」
210000 ,,,,,300351,,逢,逢,03ai647_019.wav,,,,,,,,「なにソレ。幽霊差別じゃない？」
210100 ,,,,,300351,,優哉,優哉,,,,,,,,,「ほらほら、俺としゃべってるヒマあるのか？
悠がお待ちかねだぞ」
210200 ,,,,,300351,,逢,逢,03ai647_020.wav,,,,,,,,「あ、そっか。ゴメンね、お姉ちゃん」
210300 ,,,,,300351,,悠,悠,02yuu647_024.wav,,,,,,,,「逢……！　まさかもう一度会えるなんて、
思ってなかったよ……！」
210400 ,,,,,300351,,逢,逢,03ai647_021.wav,,,,,,,,「ひさしぶりだね。うわー、なんか不思議な感じ。
ずーっとこっちが見てるだけだったから、
見られるってこんなにくすぐったいんだ」
210500 ,,,,,300351,,悠,悠,02yuu647_025.wav,,,,,,,,「見てて、くれたの？　ずっと……？」
210600 ,,,,,300351,,逢,逢,03ai647_022.wav,,,,,,,,「優哉に拾われてからだけどね。
できる限り見てたし、応援してたよ」
210700 ,,,,,300351,,逢,逢,03ai647_023.wav,,,,,,,,「そうそう、聞いてよお姉ちゃん！
優哉ったらたまにアタシのケータイ部屋に
置いたまま学校行ったりしてたんだよ？」
210800 ,,,,,300351,,優哉,優哉,,,,,,,,,「あれはお前、お前がいると都合が悪い時ってのが
どうしてもあってだなあ！」
210900 ,,,,,300351,,逢,逢,03ai647_024.wav,,,,,,,,「ヒドイよねー！　あんな事言って、
アタシからお姉ちゃん見る時間
取り上げるんだもん！」
211000 ,,,,,300351,,,,,,,,,,,,　逢のヒートアップするしゃべりを聞いて、
　悠は涙を流しながらクスクス笑い出した。
211100 ,,,,,300351,,悠,悠,02yuu647_026.wav,,,,,,,,「なつかしいなあ……そのしゃべり方。
変わってないんだね、逢……」
211300 ,,,,,300352,,逢,逢,03ai647_025.wav,,,,,,,,「そうだよ。だってアタシの時間は、
あの時に止まったんだもん」
211400 ,,,,,300352,,,,,,,,,,,,　『あの時』という言葉で、悠の表情が暗くなる。
　多分、最後のケンカを思い出しているんだろう。
211500 ,,,,,300352,,悠,悠,02yuu647_027.wav,,,,,,,,「逢、あの……あのね？　お姉ちゃん、どうしても
逢に言いたい事があったの」
211600 ,,,,,300352,,逢,逢,03ai647_026.wav,,,,,,,,「アタシも、死んでも死にきれないくらい
お姉ちゃんに伝えたい事があったんだよね」
211700 ,,,,,300352,,,,,,,,,,,,　二人の伝言を預かってる俺としては、
　ちょっと笑いが止まらないところではあるが、
　ここはムリしてマジメな顔を作ってみる。
211800 ,,,,,300352,,優哉,優哉,,,,,,,,,「いっせーの、で同時に言ったらどうだ？
逢の力がどこまでもつか分からないんだし、
急いだ方がいいぞ」
211900 ,,,,,300352,,悠,悠,02yuu647_028.wav,,,,,,,,「……そうだね。じゃあ優哉、合図お願い」
212000 ,,,,,300352,,優哉,優哉,,,,,,,,,「まかせとけ、それじゃあ、行くぞ？
いっせーの、せっ！」
212100 ,,,,,300352,,,,,,,,,,,,　次の瞬間、この姉妹はキレイにハモるくらい
　同じ事を同時に言った。
212200 ,,,,,300352,,悠＠逢,二人,02yuu647_039.wav,,,,,,,,「あの時は、ホントにゴメンなさいっ！」
212300 ,,,,,300352,,優哉,優哉,,,,,,,,,「ぶっ！」
212400 ,,,,,300352,,,,,,,,,,,,　俺は耐え切れなくなって吹き出しちまった。
　ホントにこいつらは仲良し似た者姉妹だよ。
212500 ,,,,,300352,,悠,悠,02yuu647_029.wav,,,,,,,,「逢は悪くないよ！
あれは私が悪かったんだもん！
ホントは逢の事大好きなのに、あんな事言って……」
212600 ,,,,,300352,,逢,逢,03ai647_027.wav,,,,,,,,「お姉ちゃんは悪くないよ！
アレはアタシが悪かったんだもん！　ホントは
お姉ちゃん大好きなのに、あんな事言って……」
212700 ,,,,,300352,,,,,,,,,,,,　ここまでシンクロしてると、素直に感動するな。
212800 ,,,,,300352,,優哉,優哉,,,,,,,,,「もう十分わかっただろ？
お前ら、お互いに大切で大好きだったんだよ。
ゆりかちゃんとさやかさんみたいにな」
212900 ,,,,,300352,,,,,,,,,,,,　不幸なすれ違いがあったけど、
　今ここで二人のわだかまりはなくなった。
　これで、もう気に病む事はないんだ。
213000 ,,,,,300352,,悠,悠,02yuu647_030.wav,,,,,,,,「そっか……そうだったよね。
私は逢が大好きだった」
213100 ,,,,,300352,,逢,逢,03ai647_028.wav,,,,,,,,「アタシだって、お姉ちゃん大好きだったよ？
それだけはお姉ちゃんよりスゴイ自信あったもん」
213200 ,,,,,300352,,,,,,,,,,,,　二人はもう一度、強く抱き合った。
　その拍子に、逢の輪郭が大きくゆらめく。
213400 ,,,,,300353,,逢,逢,03ai647_029.wav,,,,,,,,「あ……やっぱり四十円と気合だけじゃ、
このくらいが限界かな」
213500 ,,,,,300353,,悠,悠,02yuu647_031.wav,,,,,,,,「逢……行っちゃうの？」
213600 ,,,,,300353,,逢,逢,03ai647_030.wav,,,,,,,,「うん……もうそろそろ、ね」
213700 ,,,,,300353,,,,,,,,,,,,　別れの時間はドンドンせまってる。
　だけど、逢の顔に悲しみはなかった。
213800 ,,,,,300353,,逢,逢,03ai647_031.wav,,,,,,,,「一番言いたかった事は言えたし、アタシは満足かな」
213900 ,,,,,300353,,悠,悠,02yuu647_032.wav,,,,,,,,「もっと早く、話せればよかったね……」
214000 ,,,,,300353,,逢,逢,03ai647_032.wav,,,,,,,,「でも、ここまで引っぱったから見れたものも
あったよ？　お姉ちゃんの温泉部での活躍ぶりとか。
お姉ちゃん、約束守っててくれたんだね」
214100 ,,,,,300353,,悠,悠,02yuu647_033.wav,,,,,,,,「肝心の逢がいなかったけどね……
私は、あれが逢に対しての償いだと
思ってたから」
214200 ,,,,,300353,,逢,逢,03ai647_033.wav,,,,,,,,「やっぱりお姉ちゃんスゴイなって思ったよ！
いい人ばかり部員にして、温泉見つけちゃうんだもん！
あ、若干一名役立たずがいるけど」
214300 ,,,,,300353,,,,,,,,,,,,　……はいはい。俺の事ね。
214400 ,,,,,300353,,悠,悠,02yuu647_034.wav,,,,,,,,「優哉は温泉部の裏エースなんだよ？
私やみんながヘコんだ時に、ぶっきらぼうだけど
しっかり支えてくれるんだから！」
214500 ,,,,,300353,,逢,逢,03ai647_034.wav,,,,,,,,「さすがのお姉ちゃんも、
恋人はひいきめに評価するんだねえ。ごちそうさま！」
214600 ,,,,,300353,,,,,,,,,,,,　逢にからかわれて、悠が顔を赤くする。
　そんな話をしている間に、逢の輪郭はどんどん
　透き通り始めていた。
214700 ,,,,,300353,,逢,逢,03ai647_035.wav,,,,,,,,「それじゃ、本格的にもうダメみたいだから……
ここでお別れしておくね」
214800 ,,,,,300353,,悠,悠,02yuu647_035.wav,,,,,,,,「逢……」
214900 ,,,,,300353,,逢,逢,03ai647_036.wav,,,,,,,,「お姉ちゃん、ホントにホントに大好きだよ。
アタシは先に行っちゃうし、もう会えないと思うけど、
……もしよかったら、アタシの事忘れないで」
215000 ,,,,,300353,,悠,悠,02yuu647_036.wav,,,,,,,,「忘れないよ。忘れるわけない……！」
215100 ,,,,,300353,,逢,逢,03ai647_037.wav,,,,,,,,「それじゃあ、おみやげ残しておくから。
後で受け取ってくれると、うれしいな」
215200 ,,,,,300353,,悠,悠,02yuu647_037.wav,,,,,,,,「よろこんでもらうよ！　大切にする……」
215300 ,,,,,300353,,逢,逢,03ai647_038.wav,,,,,,,,「温泉部の人達にもよろしくね。
部長さん大変だと思うけど、がんばって」
215400 ,,,,,300353,,悠,悠,02yuu647_038.wav,,,,,,,,「うん、がんばるよ。温泉部の名前を、
歴史に刻んでやるんだから……！」
215500 ,,,,,300353,,逢,逢,03ai647_039.wav,,,,,,,,「その意気その意気！　でも、ムリしないで。
体は大事にしてね。それと……優哉！」
215600 ,,,,,300353,,優哉,優哉,,,,,,,,,「おう」
215700 ,,,,,300353,,逢,逢,03ai647_040.wav,,,,,,,,「すっごく不本意だけど、
アンタにお姉ちゃんまかせるわ。
アタシが見てなくても、大事にしてあげてよね？」
215800 ,,,,,300353,,優哉,優哉,,,,,,,,,「約束するよ。誓ってもいい。
俺は、悠をずっと支えていくつもりだ」
215900 ,,,,,300353,,逢,逢,03ai647_041.wav,,,,,,,,「それと…………」
216000 ,,,,,300353,,優哉,優哉,,,,,,,,,「ん？」
216100 ,,,,,300353,,逢,逢,03ai647_042.wav,,,,,,,,「今まで、ありがと。すごく楽しかったし、
最後にお姉ちゃんとも会わせてくれた。
……波長が合ったのがアンタで、アタシ幸せだったよ」
216200 ,,,,,300353,,優哉,優哉,,,,,,,,,「逢……俺も、楽しかったぞ。
絶対、絶対お前の事忘れないからな」
216300 ,,,,,300353,,逢,逢,03ai647_043.wav,,,,,,,,「じゃあね。お姉ちゃん、優哉。二人とも、
ずっと幸せでいられるように祈ってるから……」
216500 ,,,,,300354,,,,,,,,,,,,　……それが、逢の最後の言葉だった。
　俺と悠は、その言葉を胸に刻みつけて、
　ずっとずっとその場に立ち尽くしていた。
216600 ,,,,,300354,,,,,,,,,,,,　でも、不思議と悲しくはなくて…………
　胸の中に暖かいものがあって、
　それを分け合っているような感じがして。
216700 ,,,,,300354,,,,,,,,,,,,　俺達は、ほほえみながら
　ずっと逢を見送っていたんだ……
216790 ,,<!Lend_day_change>,0,9000,,,,,,,,,,,,,
217000 ,@648,,,,,,,,,,,,,,,,
217300 ,,<!Lbegin_day_change>,8,6200,,,優哉,優哉,,,,,,,,,「うおーっす」
217400 ,,,,,,,悠,悠,02yuu648_001.wav,"yuu,private",,0,,,,,「あ、優哉。いらっしゃい」
217500 ,,,,,,,,,,yuu,,0,,,,,　俺が部屋に入ると、
　悠は目を落としていた本を閉じて出迎えてくれた。
217600 ,,,,,,,,,,yuu,,0,,,,,　今日は休日。たまにはのんびり過ごそうという事で、
　悠の部屋でまったりデートをしゃれこんでるわけだ。
217700 ,,,,,,,優哉,優哉,,yuu,,0,,,,,「なんだ、わざわざ閉じなくていいって。
何読んでたんだ？」
217800 ,,,,,,,悠,悠,02yuu648_002.wav,yuu,,0,,,,,「ん？　アルバム。ちょっと写真見たくてね」
217900 ,,,,,,,優哉,優哉,,yuu,,0,,,,,「へえ……ちょっと興味あるな。俺も見ていいか？」
218000 ,,,,,,,,,,yuu,,0,,,,,　そう言って俺が手を伸ばすと、
　悠はアルバムを自分の胸元に抱きかかえた。
218100 ,,,,,,,悠,悠,02yuu648_003.wav,yuu,,6,,,,,「いいけど、ちょっと恥ずかしいな。
私けっこうブスに写ってるの多いんだもん」
218200 ,,,,,,,優哉,優哉,,yuu,,6,,,,,「そこがまたアルバムの味ってもんだろ？
大丈夫だよ。そういうのはあえてスルーするから」
218300 ,,,,,,,,,,yuu,,6,,,,,　ばちこーん！　とウィンクまで
　してみせてそう言ったが、どうやら
　逆効果だったみたいだ
218400 ,,,,,,,悠,悠,02yuu648_004.wav,yuu,,5,,,,,「そんなに気を使われるのも、
なんだか傷つくんだけど……」
218500 ,,,,,,,優哉,優哉,,yuu,,5,,,,,「ま、ま、ま。見せてくれよ。
……逢も写ってるんだろ？
昔の逢がどんなだったか見てみたいんだよ」
218600 ,,,,,,,,,,yuu,,12,,,,,　そう言って頭を下げると、
　悠はクスクス笑いながら手招きしてくれた。
218700 ,,,,,,,悠,悠,02yuu648_005.wav,yuu,,12,,,,,「はいはい。それじゃ、一緒に見ようか」
218890 ,,,,9000,,,,,,,,,,,,,
219000 ,,,,,300361,,,,,,,,,,,,　俺達は体を寄せ合って、
　翠川家のアルバムを読みながら時間を過ごした。
219100 ,,,,,300361,,悠,悠,02yuu648_006.wav,,,,,,,,「でね、この時の逢ったらおかしいの！」
219200 ,,,,,300361,,,,,,,,,,,,　写真を一枚一枚見ながら、
　悠は逢と一緒に過ごした日々の注釈を
　俺につけてくれる。
219300 ,,,,,300361,,,,,,,,,,,,　普通に考えれば他人の家のアルバムなんて
　つまらないの極致なんだが、不思議と
　翠川家のアルバムは面白かった。
219400 ,,,,,300361,,,,,,,,,,,,　多分それは、支えていくと決めた恋人と、
　短い間でも一緒に暮らしたその妹の過去が、
　そこに詰まっているからなんだろう。
219500 ,,,,,300361,,悠,悠,02yuu648_007.wav,,,,,,,,「どしたの優哉？　ニヤニヤしちゃって」
219600 ,,,,,300361,,優哉,優哉,,,,,,,,,「いや。これで楽しめちゃうんだから、
我ながらすげえよなあって思ってさ」
219700 ,,,,,300361,,悠,悠,02yuu648_008.wav,,,,,,,,「……逢の事、もう共通の思い出になってるからね。
私達の共通点その二！　だもん」
219800 ,,,,,300361,,優哉,優哉,,,,,,,,,「お人よしのおせっかいがその一で、
逢の事覚えてるのがその二。その三はなんだっけ？」
219900 ,,,,,300361,,悠,悠,02yuu648_009.wav,,,,,,,,「温泉部でしょ！
も～、しっかりしてよね、副部長！」
220000 ,,,,,300361,,優哉,優哉,,,,,,,,,「だな。部員も増えたし……
やる事どんどん増えてるからな」
220100 ,,,,,300361,,,,,,,,,,,,　……星の河原祭りで公開された
　俺達の秘湯は、大好評だった。
220200 ,,,,,300361,,,,,,,,,,,,　タクシー会社に電話をかけまくった逢が、
　送迎先にすみさきを指定していた事と、
220300 ,,,,,300361,,,,,,,,,,,,　オヤジがそれを全部秘湯行きに流用したおかげで
　一番の難点だった交通の便の悪さが改善された
　秘湯は街中の話題をすべてさらってしまった。
220400 ,,,,,300361,,悠,悠,02yuu648_010.wav,,,,,,,,「文部科学省が賞なんかくれたおかげで、
廃部寸前だったのが今じゃ大盛況だもんね」
220500 ,,,,,300361,,,,,,,,,,,,　郷土史研究の努力と温泉を維持してみせた姿勢が
　評価され、賞状をもらった温泉部は、今や
　文化系の部活で一番メジャーな存在になった。
220600 ,,,,,300361,,優哉,優哉,,,,,,,,,「逢の置き土産みたいなもんだからな。
しっかりここから発展させてかないと」
220700 ,,,,,300361,,悠,悠,02yuu648_011.wav,,,,,,,,「頼りにしてるよ、副部長さん！」
220800 ,,,,,300361,,優哉,優哉,,,,,,,,,「そういえば、
逢の土産はまだ読み終わらないのかよ？
せめて俺の家に来てから位読ませてくれないか？」
220900 ,,,,,300361,,悠,悠,02yuu648_012.wav,,,,,,,,「ダーメ！　これは大事なお土産だもん。
少しずつ、ゆっくり読みたいの！」
221000 ,,,,,300361,,,,,,,,,,,,　悠は二人の手の中にある逢のケータイを
　見てほほえんだ。
221100 ,,,,,300361,,,,,,,,,,,,　……あの日、別れ際に逢が言い残した『土産』。
　それは料金を再チャージしたケータイの中にあった。
221200 ,,,,,300361,,,,,,,,,,,,　逢がケータイに取り憑いてから消える前日まで、
　日記感覚で書いた未発信メールの山…………
　それが逢の『土産』だったんだ。
221300 ,,,,,300361,,優哉,優哉,,,,,,,,,「不思議なモンだよな。俺なんか、
未だにこのケータイ開くとアイツが
出てきそうな気がするんだよ」
221400 ,,,,,300361,,悠,悠,02yuu648_013.wav,,,,,,,,「ありがと。そんなに覚えててくれて、
あの子も喜んでると思うよ」
221500 ,,,,,300361,,優哉,優哉,,,,,,,,,「そうか？　『うわっ！　キモッ！！』
とかなんとか文句言うだけだろ」
221600 ,,,,,300361,,悠,悠,02yuu648_014.wav,,,,,,,,「えー！？　あの子そんな事言わないよー！
けっこう、優しい子なんだからね？」
221700 ,,,,,300361,,優哉,優哉,,,,,,,,,「いーや！　メチャメチャ口悪かったぞ？
俺なんか最初ゴミ扱いだった」
221800 ,,,,,300361,,悠,悠,02yuu648_015.wav,,,,,,,,「ウソウソウソ！！　絶対そんな事ありませんー！
知らないと思って、テキトー言うのやめてよね！」
221900 ,,,,,300361,,優哉,優哉,,,,,,,,,「テキトーじゃないって！
ホントに言ってたんだよ！」
222000 ,,,,,300361,,悠,悠,02yuu648_016.wav,,,,,,,,「しんじられなーい、
優哉ってばまた私をだまそうとしてるー！」
222100 ,,,,,300361,,,,,,,,,,,,　……まあこんな感じで、
　相変わらず俺達の日常はにぎやかだ。
　なんというか、イマイチ雰囲気に欠けるんだよな。
222200 ,,,,,300361,,,,,,,,,,,,　でも、悠はたまに逢を思い出して泣いたりするし、
　相変わらずテンパった時にもろくなったりする。
222300 ,,,,,300361,,,,,,,,,,,,　俺はその度にいろんな方法で悠を支えてやる。
　それが、悠にほれちまった俺の最大の仕事だ。
222400 ,,,,,300361,,,,,,,,,,,,　逢、別にお前に言われたから
　やってるワケじゃないぜ？　お前の事と、
　俺が悠にほれたのは別の話だからな。
222500 ,,,,,300361,,,,,,,,,,,,　ただ……俺自身がテンパった時やへこんだ時、
　思い出すのは逢の言葉だ。
222600 ,,,,,300361,,逢,逢,03ai647_040.wav,,,,,,,,「すっごく不本意だけど、
アンタにお姉ちゃんまかせるわ。
アタシが見てなくても、大事にしてあげてよね？」
222700 ,,,,,300361,,,,,,,,,,,,　逢は、最愛の姉を俺に託したんだ。
　その期待を裏切る事なんて、俺にはできない。
　お人よしのおせっかいには一番効く言葉だよ。
222800 ,,,,,300361,,優哉,優哉,,,,,,,,,「なあ、悠」
222900 ,,,,,300361,,悠,悠,02yuu648_017.wav,,,,,,,,「ん？　どうしたの？」
223000 ,,,,,300361,,,,,,,,,,,,　決意も新たに、俺はマジメな顔で悠にこう宣言した。
223100 ,,,,,300361,,優哉,優哉,,,,,,,,,「逢の事とか抜きにしても、俺はお前が大好きだ。
でも、俺は逢の思い出コミでお前を大事にしたいよ」
223200 ,,,,,300361,,悠,悠,02yuu648_018.wav,,,,,,,,「……うん。それでいいと思うよ。
私も、逢を大事にしてくれた、逢に
一生懸命になってくれた優哉にほれ直したんだもん」
223300 ,,,,,300361,,,,,,,,,,,,　そう言って、悠がキスを求めてくる。
　もちろん、俺は情熱的なヤツで応じる。
223400 ,,,,,300361,,,,,,,,,,,,　俺達は、同時に逢のケータイをぎゅっと握った。
　それはまるで、逢というかすがいで、俺達の絆が
　より強く、深く結びつけられているようだった。
223480 ,,<hide><s_fade wa time=""5000"" param=""trans=2"">,,,300361,,,,,,,,,,,,
223490 ,,<hide><wait time=""1000"">,,,300361,,,,,,,,,,,,
223670 ,"$fset %g_yuu_end,1",,,,,,,,,,,,,,,,
223680 ,"$fset %ending,3",,,,,,,,,,,,,,,,
223690 ,$staffroll,,,,,,,,,,,,,,,,
223700 ,$exit yuu,,,,,,,,,,,,,,,,


